order.x,Left1,Left2,Right1,Right2,mineprob1,mineprob2,agent_condition,Attn1,Attn2,Age,Q167,total_feedback,LeftEst,RightEst,Trial,Choice,Curiosity,Intervention,Feedback,chosen_mine_prob,EstLow,EstHigh,subj_choice,condition,oid,feedback,trial_num,reveal,latent_prob,N_gold,N_rock,Mean_theta,Var_theta,RPE_MAP,RPE_mean,RPE_full,Surprise,Confidence,Prob_z,Entropy_z,Entropy_theta,Entropy_theta_last,EIG_theta,Entropy_argmax,EIG_argmax,VOI_z_choice,VOI_theta_choice,VPI_choice,VOI_z_prediction,VOI_theta_prediction,VPI_prediction
gb,3,2,3,2,0.3,0.7,bandit,A squirrel,I am a slightly curious person,61,Female,11,5,5,1,2,1,0,1,0.7,0.625,0.625,2,1,1,1,1,0,0.33333,1,0,0.5,0.083333333,NaN,0.5,0.65,1.049822124,-0.647446639,0,0,-0.193147181,0,0,1.039551049,0,0,0.029166667,0.093418128,0,0.03446712,0.072619437
gb,3,2,3,2,0.3,0.7,bandit,A squirrel,I am a slightly curious person,61,Female,11,5,5,2,1,1,0,1,0.3,0.625,0.625,1,1,1,1,2,0,0.33333,1,0,0.5,0.083333333,NaN,0.5,0.65,1.049822124,-0.647446639,0,0,-0.193147181,0,0,1.054566807,0,0,0.069135807,0.116672236,0,0.03446712,0.088042217
gb,3,2,3,2,0.3,0.7,bandit,A squirrel,I am a slightly curious person,61,Female,11,5,5,3,1,4,1,0,0.3,0.625,0.625,1,1,1,0,3,0,0.33333,1,1,0.666666667,0.055555556,-0.999999985,-0.666666667,-0.466666667,0.628608659,-0.690923309,0.5625,0.685314207,-0.093938823,-0.193147181,0.069434567,1.057733953,0.023064893,5.55E-17,0.048341054,0.10256639,0,0.023469388,0.077039922
gb,3,2,3,2,0.3,0.7,bandit,A squirrel,I am a slightly curious person,61,Female,11,5,5,4,2,1,0,1,0.7,0.625,0.625,2,1,1,1,4,0,0.33333,2,0,0.666666667,0.055555556,1.51E-08,0.333333333,0.533333333,0.762140052,-0.690923309,0,0,-0.431945622,-0.193147181,0,0.983539013,0,0,0.021749663,0.064097929,0,0.03036929,0.072950756
gb,3,2,3,2,0.3,0.7,bandit,A squirrel,I am a slightly curious person,61,Female,11,5,5,5,1,1,0,1,0.3,0.625,0.625,1,1,1,1,5,0,0.33333,2,1,0.59375,0.059960937,0.285714286,0.40625,0.584375,0.877971868,-0.678840541,0,0,-0.286460356,-0.093938823,0,1.013758162,0,0,0.041166735,0.07646881,0,0.035631937,0.08511034
gb,3,2,3,2,0.3,0.7,bandit,A squirrel,I am a slightly curious person,61,Female,11,5,5,6,2,1,0,1,0.7,0.625,0.625,2,1,1,1,6,0,0.33333,3,0,0.75,0.0375,1.51E-08,0.25,0.475,0.644357016,-0.691896659,0,0,-0.636294361,-0.431945622,0,0.959367577,0,0,0.022658425,0.053265634,0,0.01735388,0.072099988
gb,3,2,3,2,0.3,0.7,bandit,A squirrel,I am a slightly curious person,61,Female,11,5,5,7,1,4,0,0,0.3,0.625,0.625,1,1,1,0,7,0,0.33333,2,2,0.694736842,0.04365651,-0.952380952,-0.694736842,-0.486315789,0.666146579,-0.692772619,0.584016393,0.678962475,-0.193348887,-0.286460356,0.06368976,0.921189939,0.021676325,0,0.017879423,0.045763191,0,0.025346907,0.061823324
gb,3,2,3,2,0.3,0.7,bandit,A squirrel,I am a slightly curious person,61,Female,11,5,5,8,2,1,0,1,0.7,0.625,0.625,2,1,1,1,8,0,0.33333,4,0,0.8,0.026666667,1.51E-08,0.2,0.44,0.579818495,-0.6859298,0,0,-0.809437912,-0.636294361,0,0.849493343,0,0,0.007666573,0.033371977,0,0.010329691,0.054777069
gb,3,2,3,2,0.3,0.7,bandit,A squirrel,I am a slightly curious person,61,Female,11,5,5,9,2,1,0,1,0.7,0.625,0.625,2,1,1,1,9,0,0.33333,5,0,0.833333333,0.01984127,1.51E-08,0.166666667,0.416666667,0.538996501,-0.679193266,0,0,-0.958426136,-0.809437912,0,0.790084095,0,0,0.004174434,0.025379698,0,0.0063243,0.050794788
gb,3,2,3,2,0.3,0.7,bandit,A squirrel,I am a slightly curious person,61,Female,11,5,5,10,2,4,1,0,0.7,0.625,0.625,2,1,1,0,10,0,0.33333,5,1,0.857142857,0.015306122,-0.999999985,-0.857142857,-0.6,0.916290732,-0.673011667,0.75,0.562335145,-0.801754843,-0.958426136,0.066363115,0.859657152,0.013965948,0,0.006955596,0.033532364,0,0.009881719,0.054309398
gb,3,2,3,2,0.3,0.7,bandit,A squirrel,I am a slightly curious person,61,Female,11,5,5,11,1,1,0,1,0.3,0.625,0.625,1,1,1,1,11,0,0.33333,3,2,0.635245902,0.047282317,0.285714285,0.364754098,0.555327869,0.810418052,-0.687012278,0,0,-0.352252836,-0.193348887,0,0.91495602,0,0,0.018713908,0.040101057,0,0.035836067,0.064818932
gb,3,2,3,2,0.3,0.7,bandit,A squirrel,I am a slightly curious person,61,Female,11,5,5,12,1,4,1,0,0.3,0.625,0.625,1,1,1,0,12,0,0.33333,3,3,0.709677419,0.036680541,-0.857142857,-0.709677419,-0.496774194,0.68671629,-0.693126369,0.596153846,0.674540362,-0.270498672,-0.352252836,0.058683512,0.86684478,0.01683326,0,0.012662711,0.034109987,0,0.026183535,0.05514776
gb,3,2,3,2,0.3,0.7,bandit,A squirrel,I am a slightly curious person,61,Female,11,5,5,13,2,4,1,0,0.7,0.625,0.625,2,1,1,0,13,0,0.33333,5,2,0.830357143,0.018840349,-0.999999985,-0.830357143,-0.58125,0.870481196,-0.679885325,0.71641791,0.596304722,-0.658128866,-0.801754843,0.065723905,0.935447876,0.016527979,-1.11E-16,0.013883107,0.044773583,-1.11E-16,0.014945486,0.060195202
gb,3,2,3,2,0.3,0.7,bandit,A squirrel,I am a slightly curious person,61,Female,11,5,5,14,1,4,0,0,0.3,0.625,0.625,1,1,1,0,14,0,0.33333,3,4,0.658653846,0.039465709,-0.714285714,-0.658653846,-0.461057692,0.61814675,-0.6901111,0.556645852,0.686715876,-0.232660544,-0.270498672,0.048982434,0.887977118,0.016014472,0,0.011923428,0.038552829,0,0.01815257,0.052178736
gb,3,2,3,2,0.3,0.7,bandit,A squirrel,I am a slightly curious person,61,Female,11,5,5,15,2,4,1,0,0.7,0.625,0.625,2,1,1,0,15,0,0.33333,5,3,0.798862829,0.022514698,-0.999999985,-0.798862829,-0.55920398,0.81917305,-0.686120484,0.680586907,0.626426272,-0.536554872,-0.658128866,0.062711644,0.957420441,0.014630658,0,0.013377472,0.050225504,0.004078254,0.021771011,0.059032512
gb,3,2,3,2,0.3,0.7,bandit,A squirrel,I am a slightly curious person,61,Female,11,5,5,16,2,4,1,0,0.7,0.625,0.625,2,1,1,0,16,0,0.33333,5,4,0.763108675,0.025914689,-0.892857143,-0.763108675,-0.534176072,0.763947554,-0.69080935,0.644020159,0.651070009,-0.444164508,-0.536554872,0.057441423,1.017365772,0.015825551,0,0.020058004,0.063993135,0.010062439,0.030437972,0.067696372
gb,3,2,3,2,0.3,0.7,bandit,A squirrel,I am a slightly curious person,61,Female,11,5,5,17,2,1,0,1,0.7,0.625,0.625,2,1,1,1,17,0,0.33333,6,4,0.724166316,0.028588486,0.206349206,0.275833684,0.493083579,0.679409138,-0.693051504,0,0,-0.559285326,-0.444164508,0,0.958703192,0,0,0.011685142,0.048919761,0,0.020370074,0.057628492
gb,3,2,3,2,0.3,0.7,bandit,A squirrel,I am a slightly curious person,61,Female,11,5,5,18,2,4,1,0,0.7,0.625,0.625,2,1,1,0,18,0,0.33333,6,5,0.763644106,0.02385464,-0.857142859,-0.763644106,-0.534550874,0.764752478,-0.690757751,0.644538755,0.650761969,-0.479838749,-0.559285326,0.053610145,1.014776764,0.013698335,0,0.017306182,0.061343627,0.008554263,0.028087181,0.065348942
gb,3,2,3,2,0.3,0.7,bandit,A squirrel,I am a slightly curious person,61,Female,11,5,5,19,1,1,0,1,0.3,0.625,0.625,1,1,1,1,19,0,0.33333,4,4,0.607394192,0.040151491,0.387755102,0.392605808,0.574824066,0.855252233,-0.681907727,0,0,-0.332358209,-0.232660544,0,1.042439229,0,0,0.035638096,0.071259117,0,0.026478727,0.073618897
gb,3,2,3,2,0.3,0.7,bandit,A squirrel,I am a slightly curious person,61,Female,11,5,5,20,2,1,0,1,0.7,0.625,0.625,2,1,1,1,20,0,0.33333,7,5,0.727768547,0.02594908,0.220779221,0.272231453,0.490562017,0.674447156,-0.692969019,0,0,-0.579897619,-0.479838749,0,1.005362198,0,0,0.020157746,0.056220306,0,0.019278673,0.064820258
bg,1,1,1,2,0.3,0.7,bandit,A squirrel,I am a slightly curious person,23,Male,4,2,3,1,1,1,0,0,0.3,0.25,0.375,1,1,2,0,1,0,0.33333,0,1,0.5,0.083333333,NaN,-0.5,-0.35,0.430782916,-0.647446639,0.461538462,0.690185676,-0.049857149,0,0.054145178,1.080623402,0.019776798,0,0.056089744,0.156287138,1.11E-16,0.010744811,0.048912754
bg,1,1,1,2,0.3,0.7,bandit,A squirrel,I am a slightly curious person,23,Male,4,2,3,2,1,1,0,1,0.3,0.25,0.375,1,1,2,1,2,0,0.33333,1,1,0.41025641,0.075279421,1,0.58974359,0.712820513,1.247647868,-0.599606885,0,0,-0.093938823,-0.049857149,0,1.084870521,0,0,0.045117187,0.124338611,0,0.023469388,0.061623317
bg,1,1,1,2,0.3,0.7,bandit,A squirrel,I am a slightly curious person,23,Male,4,2,3,3,1,1,0,0,0.3,0.25,0.375,1,1,2,0,3,0,0.33333,1,2,0.59375,0.059960937,-0.714285714,-0.59375,-0.415625,0.537212379,-0.678840541,0.513368984,0.692789678,-0.068419324,-0.093938823,0.05510258,1.098594897,0.01557461,0.018342246,0.064268048,0.156285781,-1.11E-16,0.014819018,0.052970728
bg,1,1,1,2,0.3,0.7,bandit,A squirrel,I am a slightly curious person,23,Male,4,2,3,4,1,1,1,0,0.3,0.25,0.375,1,1,2,0,4,0,0.33333,1,3,0.521925134,0.059144957,-0.476190471,-0.521925134,-0.365347594,0.454677821,-0.656433082,0.472699697,0.691655826,-0.102038269,-0.068419324,0.041065537,1.088081422,0.010545167,0.007254803,0.054716991,0.157425466,0,0.008758475,0.046918918
bg,1,1,1,2,0.3,0.7,bandit,A squirrel,I am a slightly curious person,23,Male,4,2,3,5,1,1,0,0,0.3,0.25,0.375,1,1,2,0,5,0,0.33333,1,4,0.45669026,0.054325817,-0.357142857,-0.45669026,-0.319683182,0.38519668,-0.626630418,0.440971018,0.68616206,-0.172348106,-0.102038269,0.029483823,1.062785192,0.001599208,0,0.036400986,0.146608478,0,0.004910265,0.043060067
bg,1,1,1,2,0.3,0.7,bandit,A squirrel,I am a slightly curious person,23,Male,4,2,3,6,1,1,0,0,0.3,0.25,0.375,1,1,2,0,6,0,0.33333,1,5,0.400792668,0.047626322,-0.285714286,-0.400792668,-0.280554867,0.329275013,-0.593476605,0.416988018,0.679301179,-0.259727487,-0.172348106,0.020928267,1.032958531,0.000514627,0,0.023717554,0.138846691,0,0.002646807,0.040793399
bg,1,1,1,2,0.3,0.7,bandit,A squirrel,I am a slightly curious person,23,Male,4,2,3,7,1,1,1,0,0.3,0.25,0.375,1,1,2,0,7,0,0.33333,1,6,0.354453588,0.040759615,-0.238095236,-0.354453588,-0.248117511,0.285175232,-0.560257554,0.39899852,0.672603512,-0.351554018,-0.259727487,0.014991389,1.008654313,0.006215052,0,0.015273006,0.133362539,1.11E-16,0.00138765,0.039521934
bg,1,1,1,2,0.3,0.7,bandit,A squirrel,I am a slightly curious person,23,Male,4,2,3,8,1,1,0,1,0.3,0.25,0.375,1,1,2,1,8,0,0.33333,2,6,0.316506527,0.034610861,0.795918364,0.683493473,0.778445431,1.50708636,-0.528868497,0,0,-0.261816885,-0.351554018,0,1.067255433,0,0,0.034575004,0.14692825,0,0.003755078,0.041912206
bg,1,1,1,2,0.3,0.7,bandit,A squirrel,I am a slightly curious person,23,Male,4,2,3,9,1,1,0,0,0.3,0.25,0.375,1,1,2,0,9,0,0.33333,2,7,0.425859283,0.037403886,-0.357142862,-0.425859283,-0.298101498,0.35396647,-0.609247114,0.427412225,0.682571878,-0.327921028,-0.261816885,0.017233904,1.043701659,-0.004100622,0,0.023920979,0.140501388,-1.11E-16,0.002120763,0.040266737
bg,1,1,1,2,0.3,0.7,bandit,A squirrel,I am a slightly curious person,23,Male,4,2,3,10,1,1,0,0,0.3,0.25,0.375,1,1,2,0,10,0,0.33333,2,8,0.388556568,0.033084727,-0.317460318,-0.388556568,-0.271989597,0.317439942,-0.585227712,0.412082024,0.677607376,-0.395872462,-0.327921028,0.013090866,1.031554917,0.014495027,0,0.016406832,0.135691062,0,0.001172696,0.039311544
bg,1,1,1,2,0.3,0.7,bandit,A squirrel,I am a slightly curious person,23,Male,4,2,3,11,1,1,1,0,0.3,0.25,0.375,1,1,2,0,11,0,0.33333,2,9,0.356744785,0.029176601,-0.285714288,-0.356744785,-0.249721349,0.287310607,-0.562028808,0.399851441,0.672951386,-0.462562998,-0.395872462,0.010147025,0.995298765,-0.011215433,0,0.011190722,0.132080442,-1.11E-16,0.000638446,0.038758154
bg,1,1,1,2,0.3,0.7,bandit,A squirrel,I am a slightly curious person,23,Male,4,2,3,12,1,1,0,0,0.3,0.25,0.375,1,1,2,0,12,0,0.33333,2,10,0.329523404,0.025777244,-0.25974026,-0.329523404,-0.230666383,0.262230571,-0.540080286,0.389947863,0.66872476,-0.5266447,-0.462562998,0.008039586,0.985663038,0.006055105,0,0.007605271,0.129339305,-1.11E-16,0.000343634,0.038494633
bg,1,1,1,2,0.3,0.7,bandit,A squirrel,I am a slightly curious person,23,Male,4,2,3,13,1,1,0,1,0.3,0.25,0.375,1,1,2,1,13,0,0.33333,3,10,0.306069248,0.02286977,0.761904762,0.693930752,0.785751526,1.540618846,-0.519531449,0,0,-0.45959942,-0.5266447,0,1.043783838,0,0,0.01658919,0.137067344,0,0.000931308,0.035369236
bg,1,1,1,2,0.3,0.7,bandit,A squirrel,I am a slightly curious person,23,Male,4,2,3,14,1,1,0,0,0.3,0.25,0.375,1,1,2,0,14,0,0.33333,3,11,0.380790148,0.024842372,-0.32967033,-0.380790148,-0.266553104,0.310000082,-0.579800258,0.409027568,0.67650266,-0.51275087,-0.45959942,0.009117214,1.013868793,-0.003696075,0,0.011824686,0.133792437,-1.11E-16,0.000527985,0.036015456
bg,1,1,1,2,0.3,0.7,bandit,A squirrel,I am a slightly curious person,23,Male,4,2,3,15,1,1,1,0,0.3,0.25,0.375,1,1,2,0,15,0,0.33333,3,12,0.357080647,0.022468746,-0.306122449,-0.357080647,-0.249956453,0.287624011,-0.562287298,0.399976776,0.673002249,-0.564122045,-0.51275087,0.007492411,0.996369029,0.000584297,0,0.00839226,0.131195914,-1.11E-16,0.000296299,0.038433673
bg,1,1,1,2,0.3,0.7,bandit,A squirrel,I am a slightly curious person,23,Male,4,2,3,16,1,1,0,1,0.3,0.25,0.375,1,1,2,1,16,0,0.33333,4,12,0.336111035,0.020384649,0.714285719,0.663888965,0.764722276,1.446988657,-0.545575251,0,0,-0.523009936,-0.564122045,0,1.051199101,0,0,0.016380859,0.137963011,0,0.000723306,0.038817507
bg,1,1,1,2,0.3,0.7,bandit,A squirrel,I am a slightly curious person,23,Male,4,2,3,17,1,1,1,0,0.3,0.25,0.375,1,1,2,0,17,0,0.33333,4,13,0.396759591,0.021508774,-0.357142863,-0.396759591,-0.277731714,0.325358622,-0.590798227,0.415358124,0.678749454,-0.567152574,-0.523009936,0.008172779,1.035796265,0.007126858,0,0.012064884,0.135012998,-1.11E-16,0.000423022,0.037930876
bg,1,1,1,2,0.3,0.7,bandit,A squirrel,I am a slightly curious person,23,Male,4,2,3,18,1,1,1,0,0.3,0.25,0.375,1,1,2,0,18,0,0.33333,4,14,0.375913955,0.01977008,-0.336134454,-0.375913955,-0.263139769,0.30535705,-0.576315464,0.407132842,0.675797997,-0.60997818,-0.567152574,0.006902642,1.010271038,-0.004182287,0,0.008844823,0.132593811,0,0.000245134,0.036777324
bg,1,1,1,2,0.3,0.7,bandit,A squirrel,I am a slightly curious person,23,Male,4,2,3,19,1,1,1,0,0.3,0.25,0.375,1,1,2,0,19,0,0.33333,4,15,0.357132842,0.018215102,-0.317460318,-0.357132842,-0.249992989,0.287672725,-0.562327442,0.399996261,0.673010151,-0.65139298,-0.60997818,0.005904856,0.996749937,0.000742411,0,0.006456817,0.130595556,0,0.00014094,0.038065488
bg,1,1,1,2,0.3,0.7,bandit,A squirrel,I am a slightly curious person,23,Male,4,2,3,20,1,1,0,0,0.3,0.25,0.375,1,1,2,0,20,0,0.33333,4,16,0.340132239,0.016825472,-0.300751879,-0.340132239,-0.238092567,0.27193021,-0.548871278,0.39374862,0.67039539,-0.691397965,-0.65139298,0.005108623,0.9832312,-0.001998488,0,0.004695153,0.128931303,0,8.05E-05,0.038187358
bg,2,2,2,2,0.7,0.3,bandit,A squirrel,I am not a very curious person,49,Male,6,4,4,1,1,1,0,1,0.7,0.5,0.5,1,1,3,1,1,0,0.33333,1,0,0.5,0.083333333,NaN,0.5,0.65,1.049822124,-0.647446639,0,0,-0.193147181,0,0,1.03952273,0,0,0.029166667,0.093376317,0,0.03446712,0.072619437
bg,2,2,2,2,0.7,0.3,bandit,A squirrel,I am not a very curious person,49,Male,6,4,4,2,1,1,0,1,0.7,0.5,0.5,1,1,3,1,2,0,0.33333,2,0,0.666666667,0.055555556,1.51E-08,0.333333333,0.533333333,0.762140052,-0.690923309,0,0,-0.431945622,-0.193147181,0,0.953853328,0,0,0.0109375,0.058350608,0,0.03036929,0.068531753
bg,2,2,2,2,0.7,0.3,bandit,A squirrel,I am not a very curious person,49,Male,6,4,4,3,1,3,1,0,0.7,0.5,0.5,1,1,3,0,3,0,0.33333,2,1,0.75,0.0375,-0.999999985,-0.75,-0.525,0.744440475,-0.691896659,0.631578947,0.658109988,-0.286460356,-0.431945622,0.072891961,1.019584386,0.019669186,-1.67E-16,0.018190789,0.078507942,0.010526316,0.035631937,0.073782589
bg,2,2,2,2,0.7,0.3,bandit,A squirrel,I am not a very curious person,49,Male,6,4,4,4,1,3,1,0,0.7,0.5,0.5,1,1,3,0,4,0,0.33333,2,2,0.694736842,0.04365651,-0.952380952,-0.694736842,-0.486315789,0.666146579,-0.692772619,0.584016393,0.678962475,-0.193348887,-0.286460356,0.06368976,1.06621216,0.01403497,5.55E-17,0.028195441,0.102236278,1.11E-16,0.025346907,0.063526039
bg,2,2,2,2,0.7,0.3,bandit,A squirrel,I am not a very curious person,49,Male,6,4,4,5,1,4,1,0,0.7,0.5,0.5,1,1,3,0,5,0,0.33333,2,3,0.635245902,0.047282317,-0.714285715,-0.635245902,-0.444672131,0.588196585,-0.687012278,0.540221402,0.68990816,-0.1552444,-0.193348887,0.052273614,1.093486671,0.013561073,0,0.040743196,0.127514861,0,0.016947838,0.055123452
bg,2,2,2,2,0.7,0.3,bandit,A squirrel,I am not a very curious person,49,Male,6,4,4,6,1,1,0,1,0.7,0.5,0.5,1,1,3,1,6,0,0.33333,3,3,0.575645756,0.047783255,0.428571429,0.424354244,0.59704797,0.908937758,-0.674190472,0,0,-0.270498672,-0.1552444,0,1.054559169,0,0,0.019337816,0.090010127,0,0.026183535,0.064309634
bg,2,2,2,2,0.7,0.3,bandit,A squirrel,I am not a very curious person,49,Male,6,4,4,7,1,3,0,0,0.7,0.5,0.5,1,1,3,0,7,0,0.33333,3,4,0.658653846,0.039465709,-0.714285714,-0.658653846,-0.461057692,0.61814675,-0.6901111,0.556645852,0.686715876,-0.232660544,-0.270498672,0.048982434,1.084332242,0.010257252,-5.55E-17,0.028067523,0.11080774,0,0.01815257,0.056322784
bg,2,2,2,2,0.7,0.3,bandit,A squirrel,I am not a very curious person,49,Male,6,4,4,8,1,4,1,0,0.7,0.5,0.5,1,1,3,0,8,0,0.33333,3,5,0.607394192,0.040151491,-0.612244898,-0.607394192,-0.425175934,0.553691258,-0.681907727,0.521898817,0.692187757,-0.232047957,-0.232660544,0.039248513,1.097712458,0.008369497,5.55E-17,0.038457947,0.131983304,-1.11E-16,0.011994021,0.050169643
bg,2,2,2,2,0.7,0.3,bandit,A squirrel,I am not a very curious person,49,Male,6,4,4,9,1,3,0,0,0.7,0.5,0.5,1,1,3,0,9,0,0.33333,3,6,0.558499155,0.038986468,-0.535714285,-0.558499155,-0.390949409,0.495853942,-0.669170875,0.492569918,0.693036764,-0.258135832,-0.232047957,0.030622857,1.09680434,0.006472129,0.010586855,0.050076977,0.152493494,-1.11E-16,0.007603174,0.045755958
bg,2,2,2,2,0.7,0.3,bandit,A squirrel,I am not a very curious person,49,Male,6,4,4,10,1,1,0,1,0.7,0.5,0.5,1,1,3,1,10,0,0.33333,4,6,0.513690845,0.036582874,0.523809523,0.486309155,0.640416408,1.022808607,-0.653178232,0,0,-0.294935993,-0.258135832,0,1.092841579,0,0,0.028057805,0.118129555,0,0.012847841,0.050983065
bg,2,2,2,2,0.7,0.3,bandit,A squirrel,I am not a very curious person,49,Male,6,4,4,11,1,3,1,0,0.7,0.5,0.5,1,1,3,0,11,0,0.33333,4,7,0.584906587,0.034000202,-0.571428571,-0.584906587,-0.409434611,0.526674914,-0.676652104,0.507987778,0.693019566,-0.313823874,-0.294935993,0.029764054,1.0985648,0.005525178,0,0.036907449,0.135944509,-1.11E-16,0.008449089,0.046588814
bg,2,2,2,2,0.7,0.3,bandit,A squirrel,I am not a very curious person,49,Male,6,4,4,12,1,3,0,0,0.7,0.5,0.5,1,1,3,0,12,0,0.33333,4,8,0.544605983,0.032338032,-0.519480519,-0.544605983,-0.381224188,0.48001225,-0.664660247,0.48482826,0.692686746,-0.346904736,-0.313823874,0.023504349,1.094940403,0.004590114,0.00952222,0.046621351,0.152983471,1.11E-16,0.005387895,0.043560789
bg,2,2,2,2,0.7,0.3,bandit,A squirrel,I am not a very curious person,49,Male,6,4,4,13,1,4,0,0,0.7,0.5,0.5,1,1,3,0,13,0,0.33333,4,9,0.508023069,0.030175846,-0.476190476,-0.508023069,-0.355616148,0.439460688,-0.650854103,0.465561015,0.690773214,-0.387826043,-0.346904736,0.018578725,1.084113377,0.002481938,0.00261466,0.03957238,0.15165895,1.11E-16,0.003350204,0.04152886
bg,2,2,2,2,0.7,0.3,bandit,A squirrel,I am not a very curious person,49,Male,6,4,4,14,1,1,0,1,0.7,0.5,0.5,1,1,3,1,14,0,0.33333,5,9,0.475242775,0.027850179,0.560439563,0.524757225,0.667330058,1.100604445,-0.63605335,0,0,-0.39338172,-0.387826043,0,1.098009213,0,0,0.035686485,0.139178378,0,0.005976272,0.044108348
bg,2,2,2,2,0.7,0.3,bandit,A squirrel,I am not a very curious person,49,Male,6,4,4,15,1,4,0,0,0.7,0.5,0.5,1,1,3,0,15,0,0.33333,5,10,0.533844778,0.027276556,-0.51020408,-0.533844778,-0.373691345,0.46791197,-0.660891088,0.478997053,0.692264673,-0.42761555,-0.39338172,0.018539049,1.09277359,0.003205724,0.008996877,0.044034324,0.153626122,0,0.003842775,0.041989437
bg,2,2,2,2,0.7,0.3,bandit,A squirrel,I am not a very curious person,49,Male,6,4,4,16,1,3,1,0,0.7,0.5,0.5,1,1,3,0,16,0,0.33333,5,11,0.503358868,0.025477676,-0.476190476,-0.503358868,-0.352351207,0.434406716,-0.648889991,0.463214019,0.690438317,-0.465350202,-0.42761555,0.015036012,1.082636655,0.000173741,0.001089112,0.035916364,0.15030546,-1.11E-16,0.002423614,0.040569272
bg,2,2,2,2,0.7,0.3,bandit,A squirrel,I am not a very curious person,49,Male,6,4,4,17,1,3,0,0,0.7,0.5,0.5,1,1,3,0,17,0,0.33333,5,12,0.475821762,0.023676849,-0.446428573,-0.475821762,-0.333075234,0.405078034,-0.636335117,0.44982585,0.688103806,-0.504403242,-0.465350202,0.012334549,1.073364868,-0.001875601,0,0.027604969,0.145634197,1.11E-16,0.001504226,0.039692743
bg,2,2,2,2,0.7,0.3,bandit,A squirrel,I am not a very curious person,49,Male,6,4,4,18,1,4,1,0,0.7,0.5,0.5,1,1,3,0,18,0,0.33333,5,13,0.450970692,0.02196151,-0.420168067,-0.450970692,-0.315679484,0.379328881,-0.623569779,0.438391065,0.685536532,-0.543538063,-0.504403242,0.010251719,1.068495562,0.004127165,0,0.0210819,0.141776143,-1.11E-16,0.000921158,0.039064061
bg,2,2,2,2,0.7,0.3,bandit,A squirrel,I am not a very curious person,49,Male,6,4,4,19,1,1,0,1,0.7,0.5,0.5,1,1,3,1,19,0,0.33333,6,13,0.428505989,0.020370765,0.603174597,0.571494011,0.700045807,1.204125507,-0.610825485,0,0,-0.534136965,-0.543538063,0,1.082306623,0,0,0.032920995,0.149249513,0,0.001769354,0.039932103
bg,2,2,2,2,0.7,0.3,bandit,A squirrel,I am not a very curious person,49,Male,6,4,4,20,1,2,0,0,0.7,0.5,0.5,1,1,3,0,20,0,0.33333,6,14,0.476045034,0.020538416,-0.45112782,-0.476045034,-0.333231523,0.405312405,-0.636443576,0.449931289,0.688125016,-0.568580495,-0.534136965,0.010506325,1.073037261,-0.00278378,0,0.025797216,0.145263343,-1.11E-16,0.001116092,0.039297603
gb,1,2,3,2,0.3,0.7,bandit,A squirrel,I am a slightly curious person,37,Female,7,3,5,1,1,4,0,0,0.3,0.375,0.625,1,1,4,0,1,0,0.33333,0,1,0.5,0.083333333,NaN,-0.5,-0.35,0.430782916,-0.647446639,0.461538462,0.690185676,-0.049857149,0,0.054145178,1.080623402,0.019776798,0,0.056089744,0.156287138,1.11E-16,0.010744811,0.048912754
gb,1,2,3,2,0.3,0.7,bandit,A squirrel,I am a slightly curious person,37,Female,7,3,5,2,1,4,1,0,0.3,0.375,0.625,1,1,4,0,2,0,0.33333,0,2,0.41025641,0.075279421,-3.32E-16,-0.41025641,-0.287179487,0.338525625,-0.599606885,0.420863309,0.680569124,-0.169460509,-0.049857149,0.036406267,1.038532595,0.005550732,0,0.034071493,0.142737034,-1.11E-16,0.005618362,0.043786865
gb,1,2,3,2,0.3,0.7,bandit,A squirrel,I am a slightly curious person,37,Female,7,3,5,3,1,4,1,0,0.3,0.375,0.625,1,1,4,0,3,0,0.33333,0,3,0.336330935,0.06242107,-3.32E-16,-0.336330935,-0.235431655,0.268443859,-0.54575663,0.392378264,0.669800034,-0.317247853,-0.169460509,0.023643113,0.999641662,0.011213575,0,0.020047195,0.133865972,0,0.00278523,0.040958658
gb,1,2,3,2,0.3,0.7,bandit,A squirrel,I am a slightly curious person,37,Female,7,3,5,4,2,4,1,0,0.7,0.375,0.625,2,1,4,0,4,0,0.33333,0,1,0.5,0.083333333,NaN,-0.5,-0.35,0.430782916,-0.647446639,0.461538462,0.690185676,-0.049857149,0,0.054145178,1.00315627,0.012889613,0,0.056089744,0.107062312,0,0.010744811,0.032598367
gb,1,2,3,2,0.3,0.7,bandit,A squirrel,I am a slightly curious person,37,Female,7,3,5,5,2,1,0,1,0.7,0.375,0.625,2,1,4,1,5,0,0.33333,1,1,0.41025641,0.075279421,1,0.58974359,0.712820513,1.247647868,-0.599606885,0,0,-0.093938823,-0.049857149,0,0.929409322,0,0,0.045117187,0.090397374,0,0.023469388,0.045379218
gb,1,2,3,2,0.3,0.7,bandit,A squirrel,I am a slightly curious person,37,Female,7,3,5,6,2,1,0,1,0.7,0.375,0.625,2,1,4,1,6,0,0.33333,2,1,0.59375,0.059960937,0.285714286,0.40625,0.584375,0.877971868,-0.678840541,0,0,-0.286460356,-0.093938823,0,0.819423148,0,0,0.018190789,0.054738725,0,0.035631937,0.057540143
gb,1,2,3,2,0.3,0.7,bandit,A squirrel,I am a slightly curious person,37,Female,7,3,5,7,2,4,1,0,0.7,0.375,0.625,2,1,4,0,7,0,0.33333,2,2,0.694736842,0.04365651,-0.952380952,-0.694736842,-0.486315789,0.666146579,-0.692772619,0.584016393,0.678962475,-0.193348887,-0.286460356,0.06368976,0.888402812,0.014798395,5.55E-17,0.028195441,0.072376894,-1.11E-16,0.025346907,0.047243849
gb,1,2,3,2,0.3,0.7,bandit,A squirrel,I am a slightly curious person,37,Female,7,3,5,8,2,4,0,0,0.7,0.375,0.625,2,1,4,0,8,0,0.33333,2,3,0.635245902,0.047282317,-0.714285715,-0.635245902,-0.444672131,0.588196585,-0.687012278,0.540221402,0.68990816,-0.1552444,-0.193348887,0.052273614,0.940412007,0.010068266,0,0.040743196,0.091618,1.11E-16,0.016947838,0.038751536
gb,1,2,3,2,0.3,0.7,bandit,A squirrel,I am a slightly curious person,37,Female,7,3,5,9,1,1,0,1,0.3,0.375,0.625,1,1,4,1,9,0,0.33333,1,3,0.279181369,0.049557175,1,0.720818631,0.804573042,1.632568584,-0.493997111,0,0,-0.102038269,-0.317247853,0,1.068017348,0,0,0.035679886,0.110008275,0,0.008758475,0.044823376
gb,1,2,3,2,0.3,0.7,bandit,A squirrel,I am a slightly curious person,37,Female,7,3,5,10,1,4,0,0,0.3,0.375,0.625,1,1,4,0,10,0,0.33333,1,4,0.45669026,0.054325817,-0.357142857,-0.45669026,-0.319683182,0.38519668,-0.626630418,0.440971018,0.68616206,-0.172348106,-0.102038269,0.029483823,1.027063369,0.008737657,0,0.022402639,0.100617663,0,0.004910265,0.040960974
gb,1,2,3,2,0.3,0.7,bandit,A squirrel,I am a slightly curious person,37,Female,7,3,5,11,1,1,0,1,0.3,0.375,0.625,1,1,4,1,11,0,0.33333,2,4,0.400792668,0.047626322,0.714285714,0.599207332,0.719445133,1.270985967,-0.593476605,0,0,-0.163472784,-0.172348106,0,1.089034798,0,0,0.044744479,0.117281938,0,0.010714599,0.046794058
gb,1,2,3,2,0.3,0.7,bandit,A squirrel,I am a slightly curious person,37,Female,7,3,5,12,2,1,0,1,0.7,0.375,0.625,2,1,4,1,12,0,0.33333,3,3,0.575645756,0.047783255,0.428571429,0.424354244,0.59704797,0.908937758,-0.674190472,0,0,-0.270498672,-0.1552444,0,1.036278778,0,0,0.022659908,0.080704437,0,0.026183535,0.056019464
gb,1,2,3,2,0.3,0.7,bandit,A squirrel,I am a slightly curious person,37,Female,7,3,5,13,2,4,1,0,0.7,0.375,0.625,2,1,4,0,13,0,0.33333,3,4,0.658653846,0.039465709,-0.714285714,-0.658653846,-0.461057692,0.61814675,-0.6901111,0.556645852,0.686715876,-0.232660544,-0.270498672,0.048982434,1.076631593,0.01337842,-5.55E-17,0.0325655,0.10052459,0,0.01815257,0.04752873
gb,1,2,3,2,0.3,0.7,bandit,A squirrel,I am a slightly curious person,37,Female,7,3,5,14,1,4,0,0,0.3,0.375,0.625,1,1,4,0,14,0,0.33333,2,5,0.519622991,0.045607934,-0.476190477,-0.519622991,-0.363736094,0.452141855,-0.655537563,0.471502465,0.691522081,-0.203628259,-0.163472784,0.030843712,1.046038219,0.00974577,0,0.02405631,0.091484042,-1.11E-16,0.006462498,0.043774755
gb,1,2,3,2,0.3,0.7,bandit,A squirrel,I am a slightly curious person,37,Female,7,3,5,15,1,4,0,0,0.3,0.375,0.625,1,1,4,0,15,0,0.33333,2,6,0.469446401,0.041805495,-0.408163265,-0.469446401,-0.32861248,0.398408783,-0.633191658,0.446835831,0.687483623,-0.261816885,-0.203628259,0.023017317,1.005786041,0.005024868,0,0.015417912,0.0848585,-1.11E-16,0.003755078,0.041001177
gb,1,2,3,2,0.3,0.7,bandit,A squirrel,I am a slightly curious person,37,Female,7,3,5,16,2,1,0,1,0.7,0.375,0.625,2,1,4,1,16,0,0.33333,4,4,0.607394192,0.040151491,0.387755102,0.392605808,0.574824066,0.855252233,-0.681907727,0,0,-0.332358209,-0.232660544,0,0.930994295,0,0,0.014020008,0.060741601,0,0.026478728,0.049074947
gb,1,2,3,2,0.3,0.7,bandit,A squirrel,I am a slightly curious person,37,Female,7,3,5,17,2,1,1,0,0.7,0.375,0.625,2,1,4,0,17,0,0.33333,4,5,0.673498695,0.034124577,-0.714285714,-0.673498695,-0.471449086,0.637616142,-0.691515984,0.567589597,0.683982442,-0.298346983,-0.332358209,0.045803546,0.989610905,0.013868982,-5.55E-17,0.020356942,0.075101218,-1.11E-16,0.018834414,0.041454163
gb,1,2,3,2,0.3,0.7,bandit,A squirrel,I am a slightly curious person,37,Female,7,3,5,18,2,4,1,0,0.7,0.375,0.625,2,1,4,0,18,0,0.33333,4,6,0.628304933,0.034730242,-0.634920635,-0.628304933,-0.439813453,0.579485431,-0.685884742,0.535535888,0.690619451,-0.294935993,-0.298346983,0.037329237,1.024435997,0.005057303,0,0.028057805,0.090090758,0,0.012847841,0.035605989
gb,1,2,3,2,0.3,0.7,bandit,A squirrel,I am a slightly curious person,37,Female,7,3,5,19,1,4,0,0,0.3,0.375,0.625,1,1,4,0,19,0,0.33333,2,7,0.425859283,0.037403886,-0.357142862,-0.425859283,-0.298101498,0.35396647,-0.609247114,0.427412225,0.682571878,-0.327921028,-0.261816885,0.017233904,0.983709907,0.004069927,0,0.01188066,0.084991594,0,0.002120763,0.033946627
gb,1,2,3,2,0.3,0.7,bandit,A squirrel,I am a slightly curious person,37,Female,7,3,5,20,1,1,0,1,0.3,0.375,0.625,1,1,4,1,20,0,0.33333,3,7,0.388556568,0.033084727,0.682539682,0.611443432,0.728010403,1.301991458,-0.585227712,0,0,-0.300546827,-0.327921028,0,1.056592623,0,0,0.023548997,0.094563079,0,0.004658378,0.036526984
gb,3,2,0,1,0.7,0.3,bandit,A squirrel,I am a slightly curious person,31,Female,4,5,1,1,1,1,0,1,0.7,0.125,0.625,1,1,5,1,1,0,0.33333,1,0,0.5,0.083333333,NaN,0.5,0.65,1.049822124,-0.647446639,0,0,-0.193147181,0,0,1.03952273,0,0,0.029166667,0.093376317,0,0.03446712,0.072619437
gb,3,2,0,1,0.7,0.3,bandit,A squirrel,I am a slightly curious person,31,Female,4,5,1,2,1,3,1,0,0.7,0.125,0.625,1,1,5,0,2,0,0.33333,1,1,0.666666667,0.055555556,-0.999999985,-0.666666667,-0.466666667,0.628608659,-0.690923309,0.5625,0.685314207,-0.093938823,-0.193147181,0.069434567,1.084870521,0.020811078,5.55E-17,0.045117187,0.124338611,1.11E-16,0.023469388,0.061623317
gb,3,2,0,1,0.7,0.3,bandit,A squirrel,I am a slightly curious person,31,Female,4,5,1,3,1,1,0,1,0.7,0.125,0.625,1,1,5,1,3,0,0.33333,2,1,0.59375,0.059960937,0.285714286,0.40625,0.584375,0.877971868,-0.678840541,0,0,-0.286460356,-0.093938823,0,1.019584386,0,0,0.018190789,0.078507942,0,0.035631937,0.073782589
gb,3,2,0,1,0.7,0.3,bandit,A squirrel,I am a slightly curious person,31,Female,4,5,1,4,1,3,1,0,0.7,0.125,0.625,1,1,5,0,4,0,0.33333,2,2,0.694736842,0.04365651,-0.952380952,-0.694736842,-0.486315789,0.666146579,-0.692772619,0.584016393,0.678962475,-0.193348887,-0.286460356,0.06368976,1.06621216,0.01403497,5.55E-17,0.028195441,0.102236278,1.11E-16,0.025346907,0.063526039
gb,3,2,0,1,0.7,0.3,bandit,A squirrel,I am a slightly curious person,31,Female,4,5,1,5,1,3,1,0,0.7,0.125,0.625,1,1,5,0,5,0,0.33333,2,3,0.635245902,0.047282317,-0.714285715,-0.635245902,-0.444672131,0.588196585,-0.687012278,0.540221402,0.68990816,-0.1552444,-0.193348887,0.052273614,1.093486671,0.013561073,0,0.040743196,0.127514861,0,0.016947838,0.055123452
gb,3,2,0,1,0.7,0.3,bandit,A squirrel,I am a slightly curious person,31,Female,4,5,1,6,1,4,0,0,0.7,0.125,0.625,1,1,5,0,6,0,0.33333,2,4,0.575645756,0.047783255,-0.571428571,-0.575645756,-0.40295203,0.515757816,-0.674190472,0.502472188,0.693134957,-0.163472784,-0.1552444,0.040802486,1.09819902,0.009852271,0.012870828,0.055189844,0.152824729,1.11E-16,0.010714599,0.04886071
gb,3,2,0,1,0.7,0.3,bandit,A squirrel,I am a slightly curious person,31,Female,4,5,1,7,1,3,1,0,0.7,0.125,0.625,1,1,5,0,7,0,0.33333,2,5,0.519622991,0.045607934,-0.476190477,-0.519622991,-0.363736094,0.452141855,-0.655537563,0.471502465,0.691522081,-0.203628259,-0.163472784,0.030843712,1.087072212,0.006454607,0.006476602,0.049307474,0.155457962,0,0.006462498,0.044655007
gb,3,2,0,1,0.7,0.3,bandit,A squirrel,I am a slightly curious person,31,Female,4,5,1,8,1,1,0,0,0.7,0.125,0.625,1,1,5,0,8,0,0.33333,2,6,0.469446401,0.041805495,-0.408163265,-0.469446401,-0.32861248,0.398408783,-0.633191658,0.446835831,0.687483623,-0.261816885,-0.203628259,0.023017317,1.067255433,0.004374197,0,0.034575004,0.14692825,-1.11E-16,0.003755078,0.041912206
gb,3,2,0,1,0.7,0.3,bandit,A squirrel,I am a slightly curious person,31,Female,4,5,1,9,2,3,0,0,0.3,0.125,0.625,2,1,5,0,9,0,0.33333,0,1,0.5,0.083333333,NaN,-0.5,-0.35,0.430782916,-0.647446639,0.461538462,0.690185676,-0.049857149,0,0.054145178,1.074428796,0.024141865,0,0.056089744,0.123764168,1.11E-16,0.010744811,0.033589824
gb,3,2,0,1,0.7,0.3,bandit,A squirrel,I am a slightly curious person,31,Female,4,5,1,10,2,4,0,0,0.3,0.125,0.625,2,1,5,0,10,0,0.33333,0,2,0.41025641,0.075279421,-3.32E-16,-0.41025641,-0.287179487,0.338525625,-0.599606885,0.420863309,0.680569124,-0.169460509,-0.049857149,0.036406267,1.041806144,0.01401133,0,0.034071493,0.107191472,-1.11E-16,0.005618362,0.028440847
gb,3,2,0,1,0.7,0.3,bandit,A squirrel,I am a slightly curious person,31,Female,4,5,1,11,2,2,0,0,0.3,0.125,0.625,2,1,5,0,11,0,0.33333,0,3,0.336330935,0.06242107,-3.32E-16,-0.336330935,-0.235431655,0.268443859,-0.54575663,0.392378264,0.669800034,-0.317247853,-0.169460509,0.023643113,0.994713653,0.008447291,0,0.020047195,0.096174698,0,0.00278523,0.02303842
gb,3,2,0,1,0.7,0.3,bandit,A squirrel,I am a slightly curious person,31,Female,4,5,1,12,1,1,0,1,0.7,0.125,0.625,1,1,5,1,12,0,0.33333,3,6,0.425859283,0.037403886,0.642857138,0.574140717,0.701898502,1.210321252,-0.609247114,0,0,-0.258135832,-0.261816885,0,0.974376265,0,0,0.050076977,0.109937337,0,0.007603174,0.028209628
gb,3,2,0,1,0.7,0.3,bandit,A squirrel,I am a slightly curious person,31,Female,4,5,1,13,2,1,0,0,0.3,0.125,0.625,2,1,5,0,13,0,0.33333,0,4,0.279181369,0.049557175,-3.32E-16,-0.279181369,-0.195426958,0.217443525,-0.493997111,0.372868571,0.66046475,-0.466927048,-0.317247853,0.015384673,0.919599952,0.001201987,0,0.010575024,0.104442906,-1.11E-16,0.001334355,0.027335629
gb,3,2,0,1,0.7,0.3,bandit,A squirrel,I am a slightly curious person,31,Female,4,5,1,14,1,2,1,0,0.7,0.125,0.625,1,1,5,0,14,0,0.33333,3,7,0.513690845,0.036582874,-0.476190477,-0.513690845,-0.359583592,0.445636676,-0.653178232,0.468445212,0.691154447,-0.300546827,-0.258135832,0.023617732,0.933721385,0.003686873,0.004489388,0.04403343,0.100611986,-1.11E-16,0.004658378,0.025029075
gb,3,2,0,1,0.7,0.3,bandit,A squirrel,I am a slightly curious person,31,Female,4,5,1,15,2,2,0,0,0.3,0.125,0.625,2,1,5,0,15,0,0.33333,0,5,0.236065305,0.038886415,-3.32E-16,-0.236065305,-0.165245714,0.180617865,-0.448266988,0.359387193,0.653064793,-0.60687214,-0.466927048,0.010280655,0.887533344,-0.000133954,0,0.00672169,0.096917381,0,0.000626477,0.024342078
gb,3,2,0,1,0.7,0.3,bandit,A squirrel,I am a slightly curious person,31,Female,4,5,1,16,1,1,0,1,0.7,0.125,0.625,1,1,5,1,16,0,0.33333,4,7,0.473704343,0.033586415,0.571428566,0.526295657,0.66840696,1.103846844,-0.635301069,0,0,-0.313823874,-0.300546827,0,0.85197942,0,0,0.036907449,0.088526133,0,0.008449089,0.028110219
gb,3,2,0,1,0.7,0.3,bandit,A squirrel,I am a slightly curious person,31,Female,4,5,1,17,2,1,1,0,0.3,0.125,0.625,2,1,5,0,17,0,0.33333,0,6,0.20345632,0.030721348,-3.32E-16,-0.20345632,-0.142419424,0.153640138,-0.409331248,0.349821356,0.647335981,-0.733891271,-0.60687214,0.00714069,0.818444569,0.003164663,0,0.00260909,0.086810009,-1.11E-16,0.000290958,0.027782267
gb,3,2,0,1,0.7,0.3,bandit,A squirrel,I am a slightly curious person,31,Female,4,5,1,18,1,2,0,0,0.7,0.125,0.625,1,1,5,0,18,0,0.33333,4,8,0.544605983,0.032338032,-0.519480519,-0.544605983,-0.381224188,0.48001225,-0.664660247,0.48482826,0.692686746,-0.346904736,-0.313823874,0.023504349,0.838237472,0.004734152,0.00952222,0.046621351,0.098756359,1.11E-16,0.005387895,0.023784891
gb,3,2,0,1,0.7,0.3,bandit,A squirrel,I am a slightly curious person,31,Female,4,5,1,19,2,1,1,0,0.3,0.125,0.625,2,1,5,0,19,0,0.33333,0,7,0.178380024,0.024639009,-3.32E-16,-0.178380024,-0.124866017,0.133378281,-0.37650936,0.342804651,0.642878283,-0.848385195,-0.733891271,0.005168064,0.807285651,0.001212086,0,0.002103785,0.097539896,-1.11E-16,0.000134477,0.024253251
gb,3,2,0,1,0.7,0.3,bandit,A squirrel,I am a slightly curious person,31,Female,4,5,1,20,2,1,0,0,0.3,0.125,0.625,2,1,5,0,20,0,0.33333,0,8,0.158671835,0.020105567,-3.32E-16,-0.158671835,-0.111070284,0.117737107,-0.348747191,0.337484499,0.639352845,-0.951870014,-0.848385195,0.003885588,0.783323329,0.000753177,0,0.001227028,0.096779895,0,6.21E-05,0.024554162
bg,1,1,3,3,0.3,0.7,tycoon,A squirrel,I am a slightly curious person,39,Female,10,2,6,1,1,1,0,0,0.3,0.25,0.75,1,2,6,0,1,0,0.33333,0,1,0.5,0.083333333,NaN,-0.5,-0.65,1.049822124,-0.647446639,0,0,-0.193147181,0,0,1.028476148,0,0,0.029166667,0.140011085,0,0.03446712,0.072619481
bg,1,1,3,3,0.3,0.7,tycoon,A squirrel,I am a slightly curious person,39,Female,10,2,6,2,1,1,0,0,0.3,0.25,0.75,1,2,6,0,2,0,0.33333,0,2,0.333333333,0.055555556,-3.32E-16,-0.333333333,-0.533333333,0.762140052,-0.690923309,0,0,-0.431945622,-0.193147181,0,0.957617597,0,0,0.0109375,0.128400306,0,0.03036929,0.068531753
bg,1,1,3,3,0.3,0.7,tycoon,A squirrel,I am a slightly curious person,39,Female,10,2,6,3,1,4,1,1,0.3,0.25,0.75,1,2,6,1,3,0,0.33333,1,2,0.25,0.0375,1,0.75,0.525,0.744440475,-0.691896659,0.631578947,0.658109988,-0.286460356,-0.431945622,0.072891961,1.006172616,0.015739702,0,0.018190789,0.13393452,0.010526316,0.035631937,0.073782589
bg,1,1,3,3,0.3,0.7,tycoon,A squirrel,I am a slightly curious person,39,Female,10,2,6,4,2,4,1,1,0.7,0.25,0.75,2,2,6,1,4,0,0.33333,1,0,0.5,0.083333333,NaN,0.5,0.35,0.430782916,-0.647446639,0.461538462,0.690185676,-0.049857149,0,0.054145178,0.939727202,0.01463022,0,0.056089744,0.097413148,-1.11E-16,0.010744811,0.065472364
bg,1,1,3,3,0.3,0.7,tycoon,A squirrel,I am a slightly curious person,39,Female,10,2,6,5,2,4,1,1,0.7,0.25,0.75,2,2,6,1,5,0,0.33333,2,0,0.58974359,0.075279421,1.51E-08,0.41025641,0.287179487,0.338525625,-0.599606885,0.420863309,0.680569124,-0.169460509,-0.049857149,0.036406267,0.857715995,0.009318524,-1.11E-16,0.034071493,0.069710548,0,0.005618362,0.060346701
bg,1,1,3,3,0.3,0.7,tycoon,A squirrel,I am a slightly curious person,39,Female,10,2,6,6,2,4,0,1,0.7,0.25,0.75,2,2,6,1,6,0,0.33333,3,0,0.663669065,0.06242107,1.51E-08,0.336330935,0.235431655,0.268443859,-0.54575663,0.392378264,0.669800034,-0.317247853,-0.169460509,0.023643113,0.776813047,0.009581239,0,0.020047195,0.05024608,1.11E-16,0.00278523,0.057540143
bg,1,1,3,3,0.3,0.7,tycoon,A squirrel,I am a slightly curious person,39,Female,10,2,6,7,1,1,0,0,0.3,0.25,0.75,1,2,6,0,7,0,0.33333,1,3,0.305263158,0.04365651,-0.047619048,-0.305263158,-0.513684211,0.720897094,-0.692772619,0,0,-0.477126407,-0.286460356,0,0.712611512,0,0,0.000469338,0.047909021,0,0.026293758,0.048160802
bg,1,1,3,3,0.3,0.7,tycoon,A squirrel,I am a slightly curious person,39,Female,10,2,6,8,2,1,0,0,0.7,0.25,0.75,2,2,6,0,8,0,0.33333,3,1,0.720818631,0.049557175,-0.999999985,-0.720818631,-0.804573042,1.632568584,-0.493997111,0,0,-0.102038269,-0.317247853,0,0.89796217,0,0,0.054716991,0.098882732,0,0.008758475,0.054147618
bg,1,1,3,3,0.3,0.7,tycoon,A squirrel,I am a slightly curious person,39,Female,10,2,6,9,1,1,0,0,0.3,0.25,0.75,1,2,6,0,9,0,0.33333,1,4,0.242424242,0.032139578,-9.60E-16,-0.242424242,-0.46969697,0.634306681,-0.691309507,0,0,-0.64897963,-0.477126407,0,0.850052968,0,0,0.001960257,0.095998055,0,0.015937237,0.043754948
bg,1,1,3,3,0.3,0.7,tycoon,A squirrel,I am a slightly curious person,39,Female,10,2,6,10,2,3,0,1,0.7,0.25,0.75,2,2,6,1,10,0,0.33333,4,1,0.54330974,0.054325817,0.357142859,0.45669026,0.319683182,0.38519668,-0.626630418,0.440971018,0.68616206,-0.172348106,-0.102038269,0.029483823,0.802551169,0.007707284,0,0.036400986,0.075653569,-1.11E-16,0.004910265,0.039937927
bg,1,1,3,3,0.3,0.7,tycoon,A squirrel,I am a slightly curious person,39,Female,10,2,6,11,2,3,1,1,0.7,0.25,0.75,2,2,6,1,11,0,0.33333,5,1,0.599207332,0.047626322,0.285714286,0.400792668,0.280554867,0.329275013,-0.593476605,0.416988018,0.679301179,-0.259727487,-0.172348106,0.020928267,0.751959903,0.004701748,0,0.023717554,0.060149802,1.11E-16,0.002646807,0.037689153
bg,1,1,3,3,0.3,0.7,tycoon,A squirrel,I am a slightly curious person,39,Female,10,2,6,12,2,3,1,1,0.7,0.25,0.75,2,2,6,1,12,0,0.33333,6,1,0.645546412,0.040759615,0.238095238,0.354453588,0.248117511,0.285175232,-0.560257554,0.39899852,0.672603512,-0.351554018,-0.259727487,0.014991389,0.703963609,0.003039059,0,0.015273006,0.048510588,0,0.00138765,0.036425621
bg,1,1,3,3,0.3,0.7,tycoon,A squirrel,I am a slightly curious person,39,Female,10,2,6,13,2,4,0,1,0.7,0.25,0.75,2,2,6,1,13,0,0.33333,7,1,0.683493473,0.034610861,0.204081633,0.316506527,0.221554569,0.250456385,-0.528868497,0.385383468,0.666638198,-0.441349354,-0.351554018,0.010976855,0.66048418,0.001993733,0,0.009779435,0.039633216,0,0.000713851,0.035709979
bg,1,1,3,3,0.3,0.7,tycoon,A squirrel,I am a slightly curious person,39,Female,10,2,6,14,1,1,0,0,0.3,0.25,0.75,1,2,6,0,14,0,0.33333,1,5,0.2,0.024285714,-5.55E-16,-0.2,-0.44,0.579818495,-0.6859298,0,0,-0.801754843,-0.64897963,0,0.637891363,0,0,3.28E-05,0.039248876,0,0.009881719,0.029669252
bg,1,1,3,3,0.3,0.7,tycoon,A squirrel,I am a slightly curious person,39,Female,10,2,6,15,2,1,0,0,0.7,0.25,0.75,2,2,6,0,15,0,0.33333,7,2,0.714616532,0.029443897,-0.821428566,-0.714616532,-0.800231572,1.610596445,-0.500081228,0,0,-0.327921028,-0.441349354,0,0.742165522,0,0,0.023920979,0.065548031,0,0.002120763,0.031068122
bg,1,1,3,3,0.3,0.7,tycoon,A squirrel,I am a slightly curious person,39,Female,10,2,6,16,1,4,1,1,0.3,0.25,0.75,1,2,6,1,16,0,0.33333,2,5,0.169642857,0.018840349,1,0.830357143,0.58125,0.870481196,-0.679885325,0.71641791,0.596304722,-0.658128866,-0.801754843,0.065723905,0.768782157,0.003201681,0,0.000507056,0.066169596,1.11E-16,0.014945486,0.03610337
bg,1,1,3,3,0.3,0.7,tycoon,A squirrel,I am a slightly curious person,39,Female,10,2,6,17,2,1,0,0,0.7,0.25,0.75,2,2,6,0,17,0,0.33333,7,3,0.611443432,0.033084727,-0.682539682,-0.611443432,-0.728010403,1.301991458,-0.585227712,0,0,-0.300546827,-0.327921028,0,0.836390377,0,0,0.04403343,0.093255976,0,0.004658378,0.038690081
bg,1,1,3,3,0.3,0.7,tycoon,A squirrel,I am a slightly curious person,39,Female,10,2,6,18,2,3,1,1,0.7,0.25,0.75,2,2,6,1,18,0,0.33333,8,3,0.526295657,0.033586415,0.428571434,0.473704343,0.33159304,0.40285807,-0.635301069,0.448828361,0.687900926,-0.351316646,-0.300546827,0.018240329,0.807471879,0.003124926,1.11E-16,0.032078442,0.08024084,0,0.002777826,0.036791065
bg,1,1,3,3,0.3,0.7,tycoon,A squirrel,I am a slightly curious person,39,Female,10,2,6,19,1,1,0,0,0.3,0.25,0.75,1,2,6,0,19,0,0.33333,2,6,0.201137171,0.022514698,-1.67E-15,-0.201137171,-0.44079602,0.581240971,-0.686120484,0,0,-0.794432821,-0.658128866,0,0.773558801,0,0,0.000445494,0.079333034,0,0.009565223,0.031079096
bg,1,1,3,3,0.3,0.7,tycoon,A squirrel,I am a slightly curious person,39,Female,10,2,6,20,2,1,0,0,0.7,0.25,0.75,2,2,6,0,20,0,0.33333,8,4,0.561469573,0.030474638,-0.61038961,-0.561469573,-0.693028701,1.181001025,-0.616655861,0,0,-0.346904736,-0.351316646,0,0.813940711,0,0,0.046621351,0.097402725,0,0.005387895,0.033917911
bg,3,2,3,4,0.3,0.7,tycoon,A squirrel,I am a slightly curious person,44,Female,14,5,7,1,1,1,0,0,0.3,0.625,0.875,1,2,7,0,1,0,0.33333,0,1,0.5,0.083333333,NaN,-0.5,-0.65,1.049822124,-0.647446639,0,0,-0.193147181,0,0,1.028476148,0,0,0.029166667,0.140011085,0,0.03446712,0.072619481
bg,3,2,3,4,0.3,0.7,tycoon,A squirrel,I am a slightly curious person,44,Female,14,5,7,2,1,4,1,1,0.3,0.625,0.875,1,2,7,1,2,0,0.33333,1,1,0.333333333,0.055555556,1,0.666666667,0.466666667,0.628608659,-0.690923309,0.5625,0.685314207,-0.093938823,-0.193147181,0.069434567,1.07151928,0.013023172,0,0.045117187,0.150200277,0,0.023469388,0.061623307
bg,3,2,3,4,0.3,0.7,tycoon,A squirrel,I am a slightly curious person,44,Female,14,5,7,3,1,4,1,1,0.3,0.625,0.875,1,2,7,1,3,0,0.33333,2,1,0.40625,0.059960938,0.714285714,0.59375,0.415625,0.537212379,-0.678840541,0.513368984,0.692789678,-0.068419324,-0.093938823,0.05510258,1.094351267,0.010301673,0.018342246,0.064268048,0.16182375,-1.11E-16,0.014819018,0.052970728
bg,3,2,3,4,0.3,0.7,tycoon,A squirrel,I am a slightly curious person,44,Female,14,5,7,4,1,1,0,0,0.3,0.625,0.875,1,2,7,0,4,0,0.33333,2,2,0.478074866,0.059144957,-0.523809526,-0.478074866,-0.634652406,1.006906067,-0.656433082,0,0,-0.193348887,-0.068419324,0,1.043886811,0,0,0.028195441,0.141132446,0,0.025346907,0.063526039
bg,3,2,3,4,0.3,0.7,tycoon,A squirrel,I am a slightly curious person,44,Female,14,5,7,5,2,4,1,1,0.7,0.625,0.875,2,2,7,1,5,0,0.33333,1,0,0.5,0.083333333,NaN,0.5,0.35,0.430782916,-0.647446639,0.461538462,0.690185676,-0.049857149,0,0.054145178,0.994837788,0.024018132,0,0.056089744,0.102907039,1.11E-16,0.010744811,0.055203822
bg,3,2,3,4,0.3,0.7,tycoon,A squirrel,I am a slightly curious person,44,Female,14,5,7,6,2,4,0,1,0.7,0.625,0.875,2,2,7,1,6,0,0.33333,2,0,0.58974359,0.075279421,1.51E-08,0.41025641,0.287179487,0.338525625,-0.599606885,0.420863309,0.680569124,-0.169460509,-0.049857149,0.036406267,0.909823958,0.011908217,-1.11E-16,0.034071493,0.073821876,0,0.005618362,0.050071622
bg,3,2,3,4,0.3,0.7,tycoon,A squirrel,I am a slightly curious person,44,Female,14,5,7,7,1,4,1,1,0.3,0.625,0.875,1,2,7,1,7,0,0.33333,3,2,0.364754098,0.047282317,0.714285715,0.635245902,0.444672131,0.588196585,-0.687012278,0.540221402,0.68990816,-0.1552444,-0.193348887,0.052273614,0.953972144,0.006563035,0,0.01056021,0.078305704,-1.11E-16,0.016947838,0.041615649
bg,3,2,3,4,0.3,0.7,tycoon,A squirrel,I am a slightly curious person,44,Female,14,5,7,8,2,4,0,1,0.7,0.625,0.875,2,2,7,1,8,0,0.33333,3,0,0.663669065,0.06242107,1.51E-08,0.336330935,0.235431655,0.268443859,-0.54575663,0.392378264,0.669800034,-0.317247853,-0.169460509,0.023643113,0.866675239,0.008124952,0,0.020047195,0.056574148,-1.11E-16,0.00278523,0.038751536
bg,3,2,3,4,0.3,0.7,tycoon,A squirrel,I am a slightly curious person,44,Female,14,5,7,9,1,4,1,1,0.3,0.625,0.875,1,2,7,1,9,0,0.33333,4,2,0.424354244,0.047783255,0.571428571,0.575645756,0.40295203,0.515757816,-0.674190472,0.502472188,0.693134957,-0.163472784,-0.1552444,0.040802486,0.907653423,0.004892362,0,0.008074194,0.060207387,1.11E-16,0.010714599,0.032594129
bg,3,2,3,4,0.3,0.7,tycoon,A squirrel,I am a slightly curious person,44,Female,14,5,7,10,2,4,1,1,0.7,0.625,0.875,2,2,7,1,10,0,0.33333,4,0,0.720818631,0.049557175,1.51E-08,0.279181369,0.195426958,0.217443525,-0.493997111,0.372868571,0.66046475,-0.466927048,-0.317247853,0.015384673,0.830332113,0.006333183,0,0.011626066,0.04415869,-1.11E-16,0.001334355,0.031077658
bg,3,2,3,4,0.3,0.7,tycoon,A squirrel,I am a slightly curious person,44,Female,14,5,7,11,1,2,0,0,0.3,0.625,0.875,1,2,7,0,11,0,0.33333,4,3,0.480377009,0.045607934,-0.523809525,-0.480377009,-0.636263906,1.011326691,-0.655537563,0,0,-0.232660544,-0.163472784,0,0.743332797,0,0,0.001155655,0.038792227,0,0.01815257,0.038556795
bg,3,2,3,4,0.3,0.7,tycoon,A squirrel,I am a slightly curious person,44,Female,14,5,7,12,1,4,1,1,0.3,0.625,0.875,1,2,7,1,12,0,0.33333,5,3,0.392605808,0.040151491,0.612244898,0.607394192,0.425175934,0.553691258,-0.681907727,0.521898817,0.692187757,-0.232047957,-0.232660544,0.039248513,0.780331627,0.004447509,0,0.001796956,0.040695701,-1.11E-16,0.011994021,0.030309829
bg,3,2,3,4,0.3,0.7,tycoon,A squirrel,I am a slightly curious person,44,Female,14,5,7,13,2,3,0,1,0.7,0.625,0.875,2,2,7,1,13,0,0.33333,5,0,0.763934695,0.038886415,1.51E-08,0.236065305,0.165245714,0.180617865,-0.448266988,0.359387193,0.653064793,-0.60687214,-0.466927048,0.010280655,0.703111623,0.003245149,0,0.00672169,0.030544587,1.11E-16,0.000626477,0.030735762
bg,3,2,3,4,0.3,0.7,tycoon,A squirrel,I am a slightly curious person,44,Female,14,5,7,14,2,4,0,0,0.7,0.625,0.875,2,2,7,0,14,0,0.33333,5,1,0.79654368,0.030721348,-0.999999985,-0.79654368,-0.857580576,1.948978886,-0.409331248,0,0,-0.259727487,-0.60687214,0,0.974815418,0,0,0.023717554,0.072734524,0,0.002646807,0.033758998
bg,3,2,3,4,0.3,0.7,tycoon,A squirrel,I am a slightly curious person,44,Female,14,5,7,15,2,4,0,0,0.7,0.625,0.875,2,2,7,0,15,0,0.33333,5,2,0.645546412,0.040759615,-0.761904762,-0.645546412,-0.751882489,1.393852809,-0.560257554,0,0,-0.203628259,-0.259727487,0,1.067165713,0,0,0.049307474,0.116613372,0,0.006462498,0.037533599
bg,3,2,3,4,0.3,0.7,tycoon,A squirrel,I am a slightly curious person,44,Female,14,5,7,16,2,4,0,1,0.7,0.625,0.875,2,2,7,1,16,0,0.33333,6,2,0.530553599,0.041805495,0.408163265,0.469446401,0.32861248,0.398408783,-0.633191658,0.446835831,0.687483623,-0.261816885,-0.203628259,0.023017317,1.043875633,0.005322498,0,0.034575004,0.096579018,1.11E-16,0.003755078,0.034852535
bg,3,2,3,4,0.3,0.7,tycoon,A squirrel,I am a slightly curious person,44,Female,14,5,7,17,2,4,0,1,0.7,0.625,0.875,2,2,7,1,17,0,0.33333,7,2,0.574140717,0.037403886,0.357142857,0.425859283,0.298101498,0.35396647,-0.609247114,0.427412225,0.682571878,-0.327921028,-0.261816885,0.017233904,1.012203157,0.001328988,-2.22E-16,0.023920979,0.0805428,-1.11E-16,0.002120763,0.033198945
bg,3,2,3,4,0.3,0.7,tycoon,A squirrel,I am a slightly curious person,44,Female,14,5,7,18,2,3,0,0,0.7,0.625,0.875,2,2,7,0,18,0,0.33333,7,3,0.611443432,0.033084727,-0.682539682,-0.611443432,-0.728010403,1.301991458,-0.585227712,0,0,-0.300546827,-0.327921028,0,1.068693811,0,0,0.04403343,0.114645785,0,0.004658378,0.035110612
bg,3,2,3,4,0.3,0.7,tycoon,A squirrel,I am a slightly curious person,44,Female,14,5,7,19,2,4,0,1,0.7,0.625,0.875,2,2,7,1,19,0,0.33333,8,3,0.526295657,0.033586415,0.428571434,0.473704343,0.33159304,0.40285807,-0.635301069,0.448828361,0.687900926,-0.351316646,-0.300546827,0.018240329,1.052605325,0.00367721,1.11E-16,0.032078442,0.098345824,1.11E-16,0.002777826,0.033895534
bg,3,2,3,4,0.3,0.7,tycoon,A squirrel,I am a slightly curious person,44,Female,14,5,7,20,1,4,0,1,0.3,0.625,0.875,1,2,7,1,20,0,0.33333,6,3,0.441500845,0.038986468,0.535714285,0.558499155,0.390949409,0.495853942,-0.669170875,0.492569918,0.693036764,-0.258135832,-0.232047957,0.030622857,1.078982695,0.005624542,0,0.031483565,0.103861076,-1.11E-16,0.007603174,0.029472926
bg,2,2,1,2,0.7,0.3,bandit,A squirrel,I am a slightly curious person,24,Male,8,4,3,1,1,1,0,1,0.7,0.375,0.5,1,1,8,1,1,0,0.33333,1,0,0.5,0.083333333,NaN,0.5,0.65,1.049822124,-0.647446639,0,0,-0.193147181,0,0,1.03952273,0,0,0.029166667,0.093376317,0,0.03446712,0.072619437
bg,2,2,1,2,0.7,0.3,bandit,A squirrel,I am a slightly curious person,24,Male,8,4,3,2,1,2,1,0,0.7,0.375,0.5,1,1,8,0,2,0,0.33333,1,1,0.666666667,0.055555556,-0.999999985,-0.666666667,-0.466666667,0.628608659,-0.690923309,0.5625,0.685314207,-0.093938823,-0.193147181,0.069434567,1.084870521,0.020811078,5.55E-17,0.045117187,0.124338611,1.11E-16,0.023469388,0.061623317
bg,2,2,1,2,0.7,0.3,bandit,A squirrel,I am a slightly curious person,24,Male,8,4,3,3,2,1,0,1,0.3,0.375,0.5,2,1,8,1,3,0,0.33333,1,0,0.5,0.083333333,NaN,0.5,0.65,1.049822124,-0.647446639,0,0,-0.193147181,0,0,1.057733953,0,0,0.048841349,0.10256639,0,0.03446712,0.077039922
bg,2,2,1,2,0.7,0.3,bandit,A squirrel,I am a slightly curious person,24,Male,8,4,3,4,2,3,0,0,0.3,0.375,0.5,2,1,8,0,4,0,0.33333,1,1,0.666666667,0.055555556,-0.999999985,-0.666666667,-0.466666667,0.628608659,-0.690923309,0.5625,0.685314207,-0.093938823,-0.193147181,0.069434567,1.087659811,0.023788846,0.028710938,0.072546574,0.135359204,0,0.023469388,0.066037201
bg,2,2,1,2,0.7,0.3,bandit,A squirrel,I am a slightly curious person,24,Male,8,4,3,5,1,4,1,0,0.7,0.375,0.5,1,1,8,0,5,0,0.33333,1,2,0.59375,0.059960937,-0.714285714,-0.59375,-0.415625,0.537212379,-0.678840541,0.513368984,0.692789678,-0.068419324,-0.093938823,0.05510258,1.082845274,0.017782092,0,0.049421355,0.119985983,0,0.014819018,0.05738955
bg,2,2,1,2,0.7,0.3,bandit,A squirrel,I am a slightly curious person,24,Male,8,4,3,6,2,2,0,0,0.3,0.375,0.5,2,1,8,0,6,0,0.33333,1,2,0.59375,0.059960937,-0.714285714,-0.59375,-0.415625,0.537212379,-0.678840541,0.513368984,0.692789678,-0.068419324,-0.093938823,0.05510258,1.098578546,0.017932263,0.025810861,0.071815674,0.152131881,1.11E-16,0.014819018,0.048745152
bg,2,2,1,2,0.7,0.3,bandit,A squirrel,I am a slightly curious person,24,Male,8,4,3,7,1,1,0,1,0.7,0.375,0.5,1,1,8,1,7,0,0.33333,2,2,0.521925134,0.059144957,0.523809529,0.478074866,0.634652406,1.006906067,-0.656433082,0,0,-0.193348887,-0.068419324,0,1.064375377,0,0,0.032729406,0.098003628,0,0.025346907,0.059289222
bg,2,2,1,2,0.7,0.3,bandit,A squirrel,I am a slightly curious person,24,Male,8,4,3,8,1,2,0,0,0.7,0.375,0.5,1,1,8,0,8,0,0.33333,2,3,0.635245902,0.047282317,-0.714285715,-0.635245902,-0.444672131,0.588196585,-0.687012278,0.540221402,0.68990816,-0.1552444,-0.193348887,0.052273614,1.093136095,0.014422575,0.005248377,0.046827296,0.122977454,-1.11E-16,0.016947838,0.050867035
bg,2,2,1,2,0.7,0.3,bandit,A squirrel,I am a slightly curious person,24,Male,8,4,3,9,1,2,0,1,0.7,0.375,0.5,1,1,8,1,9,0,0.33333,3,3,0.575645756,0.047783255,0.428571429,0.424354244,0.59704797,0.908937758,-0.674190472,0,0,-0.270498672,-0.1552444,0,1.049774904,0,0,0.023073851,0.085683316,0,0.026183535,0.060086543
bg,2,2,1,2,0.7,0.3,bandit,A squirrel,I am a slightly curious person,24,Male,8,4,3,10,2,1,1,0,0.3,0.375,0.5,2,1,8,0,10,0,0.33333,1,3,0.521925134,0.059144957,-0.476190471,-0.521925134,-0.365347594,0.454677821,-0.656433082,0.472699697,0.691655826,-0.102038269,-0.068419324,0.041065537,1.003026202,0.01446324,0,0.020463165,0.075622015,0,0.008758475,0.054032513
bg,2,2,1,2,0.7,0.3,bandit,A squirrel,I am a slightly curious person,24,Male,8,4,3,11,2,3,0,0,0.3,0.375,0.5,2,1,8,0,11,0,0.33333,1,4,0.45669026,0.054325817,-0.357142857,-0.45669026,-0.319683182,0.38519668,-0.626630418,0.440971018,0.68616206,-0.172348106,-0.102038269,0.029483823,0.946624939,0.008845268,0,0.012017339,0.068543869,0,0.004910265,0.050177937
bg,2,2,1,2,0.7,0.3,bandit,A squirrel,I am a slightly curious person,24,Male,8,4,3,12,1,1,0,1,0.7,0.375,0.5,1,1,8,1,12,0,0.33333,4,3,0.658653846,0.039465709,0.285714286,0.341346154,0.538942308,0.774232098,-0.6901111,0,0,-0.402753524,-0.270498672,0,0.859559148,0,0,0.009133433,0.048544437,0,0.033570597,0.057540904
bg,2,2,1,2,0.7,0.3,bandit,A squirrel,I am a slightly curious person,24,Male,8,4,3,13,2,1,1,0,0.3,0.375,0.5,2,1,8,0,13,0,0.33333,1,5,0.400792668,0.047626322,-0.285714286,-0.400792668,-0.280554867,0.329275013,-0.593476605,0.416988018,0.679301179,-0.259727487,-0.172348106,0.020928267,0.801804209,0.004354181,0,0.003796307,0.045037848,1.11E-16,0.002646807,0.055292502
bg,2,2,1,2,0.7,0.3,bandit,A squirrel,I am a slightly curious person,24,Male,8,4,3,14,1,2,0,1,0.7,0.375,0.5,1,1,8,1,14,0,0.33333,5,3,0.718572587,0.032002412,0.183673469,0.281427413,0.496999189,0.687163496,-0.693129171,0,0,-0.536554872,-0.402753524,0,0.720476849,0,0,0.004305164,0.032928654,0,0.021771011,0.043488183
bg,2,2,1,2,0.7,0.3,bandit,A squirrel,I am a slightly curious person,24,Male,8,4,3,15,2,2,1,0,0.3,0.375,0.5,2,1,8,0,15,0,0.33333,1,6,0.354453588,0.040759615,-0.238095236,-0.354453588,-0.248117511,0.285175232,-0.560257554,0.39899852,0.672603512,-0.351554018,-0.259727487,0.014991389,0.675104091,0.003254879,0,0.001151018,0.031319431,-1.11E-16,0.00138765,0.042229355
bg,2,2,1,2,0.7,0.3,bandit,A squirrel,I am a slightly curious person,24,Male,8,4,3,16,1,4,0,0,0.7,0.375,0.5,1,1,8,0,16,0,0.33333,5,4,0.763108675,0.025914689,-0.892857143,-0.763108675,-0.534176072,0.763947554,-0.69080935,0.644020159,0.651070009,-0.444164508,-0.536554872,0.057441423,0.74311992,0.010383984,0,0.006915546,0.040162533,0.010062439,0.030437973,0.050892927
bg,2,2,1,2,0.7,0.3,bandit,A squirrel,I am a slightly curious person,24,Male,8,4,3,17,2,1,1,0,0.3,0.375,0.5,2,1,8,0,17,0,0.33333,1,7,0.316506527,0.034610861,-0.204081636,-0.316506527,-0.221554569,0.250456385,-0.528868497,0.385383468,0.666638198,-0.441349354,-0.351554018,0.010976855,0.705050179,0.002088708,0,0.000945185,0.038886103,0,0.000713851,0.050136059
bg,2,2,1,2,0.7,0.3,bandit,A squirrel,I am a slightly curious person,24,Male,8,4,3,18,1,2,1,0,0.7,0.375,0.5,1,1,8,0,18,0,0.33333,5,5,0.724166316,0.028588486,-0.793650794,-0.724166316,-0.506916421,0.707076589,-0.693051504,0.608416125,0.669451304,-0.384117107,-0.444164508,0.050519563,0.763996117,0.008288113,5.55E-17,0.010548419,0.048606042,0.002805375,0.026459459,0.046209755
bg,2,2,1,2,0.7,0.3,bandit,A squirrel,I am a slightly curious person,24,Male,8,4,3,19,2,1,0,1,0.3,0.375,0.5,2,1,8,1,19,0,0.33333,2,7,0.285383468,0.029443897,0.821428571,0.714616532,0.800231572,1.610596445,-0.500081228,0,0,-0.327921028,-0.441349354,0,0.860424068,0,0,0.004498915,0.052692262,0,0.002120763,0.047619493
bg,2,2,1,2,0.7,0.3,bandit,A squirrel,I am a slightly curious person,24,Male,8,4,3,20,1,2,0,1,0.7,0.375,0.5,1,1,8,1,20,0,0.33333,6,5,0.683581027,0.03020575,0.285714286,0.316418973,0.521493281,0.737085027,-0.692222974,0,0,-0.479838749,-0.384117107,0,0.784530728,0,0,0.005377449,0.039992628,0,0.028087181,0.04926862
bg,2,1,3,2,0.7,0.3,tycoon,A squirrel,I am a slightly curious person,30,Female,14,3,5,1,1,1,0,0,0.7,0.625,0.375,1,2,9,0,1,0,0.33333,0,1,0.5,0.083333333,NaN,-0.5,-0.65,1.049822124,-0.647446639,0,0,-0.193147181,0,0,1.028476148,0,0,0.029166667,0.140011085,0,0.03446712,0.072619481
bg,2,1,3,2,0.7,0.3,tycoon,A squirrel,I am a slightly curious person,30,Female,14,3,5,2,2,1,0,0,0.3,0.625,0.375,2,2,9,0,2,0,0.33333,0,1,0.5,0.083333333,NaN,-0.5,-0.65,1.049822124,-0.647446639,0,0,-0.193147181,0,0,1.014659396,0,0,0.029166667,0.093327793,0,0.03446712,0.088042217
bg,2,1,3,2,0.7,0.3,tycoon,A squirrel,I am a slightly curious person,30,Female,14,3,5,3,2,2,1,1,0.3,0.625,0.375,2,2,9,1,3,0,0.33333,1,1,0.333333333,0.055555556,1,0.666666667,0.466666667,0.628608659,-0.690923309,0.5625,0.685314207,-0.093938823,-0.193147181,0.069434567,1.036904664,0.01623464,0,0.045117187,0.107943702,0,0.023469388,0.077039922
bg,2,1,3,2,0.7,0.3,tycoon,A squirrel,I am a slightly curious person,30,Female,14,3,5,4,2,2,0,1,0.3,0.625,0.375,2,2,9,1,4,0,0.33333,2,1,0.40625,0.059960938,0.714285714,0.59375,0.415625,0.537212379,-0.678840541,0.513368984,0.692789678,-0.068419324,-0.093938823,0.05510258,1.033604784,0.013286994,0.018342246,0.064268048,0.124266623,0,0.014819018,0.068392048
bg,2,1,3,2,0.7,0.3,tycoon,A squirrel,I am a slightly curious person,30,Female,14,3,5,5,2,2,1,1,0.3,0.625,0.375,2,2,9,1,5,0,0.33333,3,1,0.478074866,0.059144957,0.476190474,0.521925134,0.365347594,0.454677821,-0.656433082,0.472699697,0.691655826,-0.102038269,-0.068419324,0.041065537,1.007917781,0.00853659,0.007254803,0.054716991,0.110856578,0,0.008758475,0.062347653
bg,2,1,3,2,0.7,0.3,tycoon,A squirrel,I am a slightly curious person,30,Female,14,3,5,6,2,2,1,1,0.3,0.625,0.375,2,2,9,1,6,0,0.33333,4,1,0.54330974,0.054325817,0.357142859,0.45669026,0.319683182,0.38519668,-0.626630418,0.440971018,0.68616206,-0.172348106,-0.102038269,0.029483823,0.97010711,0.005320663,0,0.036400986,0.087674083,0,0.004910265,0.058469585
bg,2,1,3,2,0.7,0.3,tycoon,A squirrel,I am a slightly curious person,30,Female,14,3,5,7,2,2,1,1,0.3,0.625,0.375,2,2,9,1,7,0,0.33333,5,1,0.599207332,0.047626322,0.285714286,0.400792668,0.280554867,0.329275013,-0.593476605,0.416988018,0.679301179,-0.259727487,-0.172348106,0.020928267,0.92725725,0.007161114,0,0.023717554,0.0698531,0,0.002646807,0.056212008
bg,2,1,3,2,0.7,0.3,tycoon,A squirrel,I am a slightly curious person,30,Female,14,3,5,8,2,2,1,1,0.3,0.625,0.375,2,2,9,1,8,0,0.33333,6,1,0.645546412,0.040759615,0.238095238,0.354453588,0.248117511,0.285175232,-0.560257554,0.39899852,0.672603512,-0.351554018,-0.259727487,0.014991389,0.877011935,0.003170704,0,0.015273006,0.056369983,0,0.00138765,0.054963581
bg,2,1,3,2,0.7,0.3,tycoon,A squirrel,I am a slightly curious person,30,Female,14,3,5,9,2,1,0,0,0.3,0.625,0.375,2,2,9,0,9,0,0.33333,6,2,0.683493473,0.034610861,-0.795918367,-0.683493473,-0.778445431,1.50708636,-0.528868497,0,0,-0.261816885,-0.351554018,0,0.990418744,0,0,0.034575004,0.092204084,0,0.003755078,0.057316379
bg,2,1,3,2,0.7,0.3,tycoon,A squirrel,I am a slightly curious person,30,Female,14,3,5,10,2,1,0,0,0.3,0.625,0.375,2,2,9,0,10,0,0.33333,6,3,0.574140717,0.037403886,-0.642857143,-0.574140717,-0.701898502,1.210321252,-0.609247114,0,0,-0.258135832,-0.261816885,0,1.030912424,0,0,0.050076977,0.117394011,0,0.007603174,0.06118773
bg,2,1,3,2,0.7,0.3,tycoon,A squirrel,I am a slightly curious person,30,Female,14,3,5,11,1,2,1,1,0.7,0.625,0.375,1,2,9,1,11,0,0.33333,1,1,0.333333333,0.055555556,1,0.666666667,0.466666667,0.628608659,-0.690923309,0.5625,0.685314207,-0.093938823,-0.193147181,0.069434567,1.073943228,0.015928659,0,0.045117187,0.127964822,1.11E-16,0.023469388,0.050176795
bg,2,1,3,2,0.7,0.3,tycoon,A squirrel,I am a slightly curious person,30,Female,14,3,5,12,1,2,0,1,0.7,0.625,0.375,1,2,9,1,12,0,0.33333,2,1,0.40625,0.059960938,0.714285714,0.59375,0.415625,0.537212379,-0.678840541,0.513368984,0.692789678,-0.068419324,-0.093938823,0.05510258,1.09106274,0.013686236,0.018342246,0.064268048,0.14017434,-1.11E-16,0.014819018,0.040893388
bg,2,1,3,2,0.7,0.3,tycoon,A squirrel,I am a slightly curious person,30,Female,14,3,5,13,1,2,1,1,0.7,0.625,0.375,1,2,9,1,13,0,0.33333,3,1,0.478074866,0.059144957,0.476190474,0.521925134,0.365347594,0.454677821,-0.656433082,0.472699697,0.691655826,-0.102038269,-0.068419324,0.041065537,1.081419594,0.01114194,0.007254803,0.054716991,0.122921079,0,0.008758475,0.034985566
bg,2,1,3,2,0.7,0.3,tycoon,A squirrel,I am a slightly curious person,30,Female,14,3,5,14,1,2,0,1,0.7,0.625,0.375,1,2,9,1,14,0,0.33333,4,1,0.54330974,0.054325817,0.357142859,0.45669026,0.319683182,0.38519668,-0.626630418,0.440971018,0.68616206,-0.172348106,-0.102038269,0.029483823,1.05070787,0.008013914,0,0.036400986,0.096783253,1.11E-16,0.004910265,0.031581693
bg,2,1,3,2,0.7,0.3,tycoon,A squirrel,I am a slightly curious person,30,Female,14,3,5,15,1,2,0,1,0.7,0.625,0.375,1,2,9,1,15,0,0.33333,5,1,0.599207332,0.047626322,0.285714286,0.400792668,0.280554867,0.329275013,-0.593476605,0.416988018,0.679301179,-0.259727487,-0.172348106,0.020928267,1.007250364,0.006467096,0,0.023717554,0.076645249,0,0.002646807,0.029297116
bg,2,1,3,2,0.7,0.3,tycoon,A squirrel,I am a slightly curious person,30,Female,14,3,5,16,1,2,0,0,0.7,0.625,0.375,1,2,9,0,16,0,0.33333,5,2,0.645546412,0.040759615,-0.761904762,-0.645546412,-0.751882489,1.393852809,-0.560257554,0,0,-0.203628259,-0.259727487,0,1.086719423,0,0,0.049307474,0.122841984,0,0.006462498,0.033147117
bg,2,1,3,2,0.7,0.3,tycoon,A squirrel,I am a slightly curious person,30,Female,14,3,5,17,1,2,0,1,0.7,0.625,0.375,1,2,9,1,17,0,0.33333,6,2,0.530553599,0.041805495,0.408163265,0.469446401,0.32861248,0.398408783,-0.633191658,0.446835831,0.687483623,-0.261816885,-0.203628259,0.023017317,1.070426062,0.005215782,0,0.034575004,0.10186199,-1.11E-16,0.003755078,0.030390403
bg,2,1,3,2,0.7,0.3,tycoon,A squirrel,I am a slightly curious person,30,Female,14,3,5,18,1,2,0,1,0.7,0.625,0.375,1,2,9,1,18,0,0.33333,7,2,0.574140717,0.037403886,0.357142857,0.425859283,0.298101498,0.35396647,-0.609247114,0.427412225,0.682571878,-0.327921028,-0.261816885,0.017233904,1.044397323,0.004169211,-2.22E-16,0.023920979,0.085001643,0,0.002120763,0.028726263
bg,2,1,3,2,0.7,0.3,tycoon,A squirrel,I am a slightly curious person,30,Female,14,3,5,19,1,2,0,1,0.7,0.625,0.375,1,2,9,1,19,0,0.33333,8,2,0.611443432,0.033084727,0.317460318,0.388556568,0.271989597,0.317439942,-0.585227712,0.412082024,0.677607376,-0.395872462,-0.327921028,0.013090866,1.011960046,0.00326608,0,0.016406832,0.071555749,-1.11E-16,0.001172696,0.027790742
bg,2,1,3,2,0.7,0.3,tycoon,A squirrel,I am a slightly curious person,30,Female,14,3,5,20,1,2,0,0,0.7,0.625,0.375,1,2,9,0,20,0,0.33333,8,3,0.643255215,0.029176601,-0.714285715,-0.643255215,-0.750278651,1.387409586,-0.562028808,0,0,-0.351316646,-0.395872462,0,1.078300427,0,0,0.032078442,0.103861076,0,0.002777826,0.029472926
bg,4,4,3,3,0.3,0.7,tycoon,A squirrel,I am a slightly curious person,25,Male,12,8,6,1,1,1,0,0,0.3,1,0.75,1,2,10,0,1,0,0.33333,0,1,0.5,0.083333333,NaN,-0.5,-0.65,1.049822124,-0.647446639,0,0,-0.193147181,0,0,1.028476148,0,0,0.029166667,0.140011085,0,0.03446712,0.072619481
bg,4,4,3,3,0.3,0.7,tycoon,A squirrel,I am a slightly curious person,25,Male,12,8,6,2,2,4,0,1,0.7,1,0.75,2,2,10,1,2,0,0.33333,1,0,0.5,0.083333333,NaN,0.5,0.35,0.430782916,-0.647446639,0.461538462,0.690185676,-0.049857149,0,0.054145178,0.976300052,0.01774405,0,0.056089744,0.102322803,0,0.010744811,0.064322906
bg,4,4,3,3,0.3,0.7,tycoon,A squirrel,I am a slightly curious person,25,Male,12,8,6,3,1,4,1,1,0.3,1,0.75,1,2,10,1,3,0,0.33333,1,1,0.333333333,0.055555556,1,0.666666667,0.466666667,0.628608659,-0.690923309,0.5625,0.685314207,-0.093938823,-0.193147181,0.069434567,1.027513187,0.011799575,0,0.025871763,0.110224348,1.11E-16,0.023469388,0.053316366
bg,4,4,3,3,0.3,0.7,tycoon,A squirrel,I am a slightly curious person,25,Male,12,8,6,4,2,1,0,0,0.7,1,0.75,2,2,10,0,4,0,0.33333,1,1,0.58974359,0.075279421,-0.999999985,-0.58974359,-0.712820513,1.247647868,-0.599606885,0,0,-0.093938823,-0.049857149,0,1.068411368,0,0,0.045117187,0.120615772,0,0.023469388,0.066037201
bg,4,4,3,3,0.3,0.7,tycoon,A squirrel,I am a slightly curious person,25,Male,12,8,6,5,1,4,0,1,0.3,1,0.75,1,2,10,1,5,0,0.33333,2,1,0.40625,0.059960938,0.714285714,0.59375,0.415625,0.537212379,-0.678840541,0.513368984,0.692789678,-0.068419324,-0.093938823,0.05510258,1.074634015,0.012815063,0.018342246,0.064268048,0.134986676,-1.11E-16,0.014819018,0.05738955
bg,4,4,3,3,0.3,0.7,tycoon,A squirrel,I am a slightly curious person,25,Male,12,8,6,6,1,4,1,1,0.3,1,0.75,1,2,10,1,6,0,0.33333,3,1,0.478074866,0.059144957,0.476190474,0.521925134,0.365347594,0.454677821,-0.656433082,0.472699697,0.691655826,-0.102038269,-0.068419324,0.041065537,1.058261365,0.009633982,0.007254803,0.054716991,0.119775605,0,0.008758475,0.051339537
bg,4,4,3,3,0.3,0.7,tycoon,A squirrel,I am a slightly curious person,25,Male,12,8,6,7,2,1,0,0,0.7,1,0.75,2,2,10,0,7,0,0.33333,1,2,0.40625,0.059960938,-0.285714286,-0.40625,-0.584375,0.877971868,-0.678840541,0,0,-0.286460356,-0.093938823,0,0.967245339,0,0,0.012952243,0.105046626,0,0.035631937,0.06348941
bg,4,4,3,3,0.3,0.7,tycoon,A squirrel,I am a slightly curious person,25,Male,12,8,6,8,1,3,1,1,0.3,1,0.75,1,2,10,1,8,0,0.33333,4,1,0.54330974,0.054325817,0.357142859,0.45669026,0.319683182,0.38519668,-0.626630418,0.440971018,0.68616206,-0.172348106,-0.102038269,0.029483823,0.919881649,0.006347966,0,0.036400986,0.082728948,0,0.004910265,0.059640924
bg,4,4,3,3,0.3,0.7,tycoon,A squirrel,I am a slightly curious person,25,Male,12,8,6,9,2,1,0,0,0.7,1,0.75,2,2,10,0,9,0,0.33333,1,3,0.305263158,0.04365651,-0.047619048,-0.305263158,-0.513684211,0.720897094,-0.692772619,0,0,-0.477126407,-0.286460356,0,0.846586314,0,0,0.002675131,0.077848855,0,0.026293758,0.050316921
bg,4,4,3,3,0.3,0.7,tycoon,A squirrel,I am a slightly curious person,25,Male,12,8,6,10,1,2,1,1,0.3,1,0.75,1,2,10,1,10,0,0.33333,5,1,0.599207332,0.047626322,0.285714286,0.400792668,0.280554867,0.329275013,-0.593476605,0.416988018,0.679301179,-0.259727487,-0.172348106,0.020928267,0.794502073,0.003838874,0,0.023717554,0.061800621,1.11E-16,0.002646807,0.048044888
bg,4,4,3,3,0.3,0.7,tycoon,A squirrel,I am a slightly curious person,25,Male,12,8,6,11,2,1,0,0,0.7,1,0.75,2,2,10,0,11,0,0.33333,1,4,0.242424242,0.032139578,-9.60E-16,-0.242424242,-0.46969697,0.634306681,-0.691309507,0,0,-0.64897963,-0.477126407,0,0.751205866,0,0,0.000456912,0.060149802,0,0.015937237,0.037689153
bg,4,4,3,3,0.3,0.7,tycoon,A squirrel,I am a slightly curious person,25,Male,12,8,6,12,1,1,0,0,0.3,1,0.75,1,2,10,0,12,0,0.33333,5,2,0.645546412,0.040759615,-0.761904762,-0.645546412,-0.751882489,1.393852809,-0.560257554,0,0,-0.203628259,-0.259727487,0,0.841352697,0,0,0.049307474,0.095432878,0,0.006462498,0.041516804
bg,4,4,3,3,0.3,0.7,tycoon,A squirrel,I am a slightly curious person,25,Male,12,8,6,13,1,1,0,0,0.3,1,0.75,1,2,10,0,13,0,0.33333,5,3,0.530553599,0.041805495,-0.591836735,-0.530553599,-0.67138752,1.112876093,-0.633191658,0,0,-0.232047957,-0.203628259,0,0.878789954,0,0,0.038457947,0.087509345,0,0.011994021,0.047058224
bg,4,4,3,3,0.3,0.7,tycoon,A squirrel,I am a slightly curious person,25,Male,12,8,6,14,2,4,0,1,0.7,1,0.75,2,2,10,1,14,0,0.33333,2,4,0.2,0.024285714,1,0.8,0.56,0.820980552,-0.6859298,0.681818182,0.62549136,-0.510122266,-0.64897963,0.0670261,0.922765756,0.007846448,0,0.005624112,0.090244537,0.00530303,0.023644259,0.0547531
bg,4,4,3,3,0.3,0.7,tycoon,A squirrel,I am a slightly curious person,25,Male,12,8,6,15,2,4,1,1,0.7,1,0.75,2,2,10,1,15,0,0.33333,3,4,0.238636364,0.028550521,0.952380952,0.761363636,0.532954545,0.761328693,-0.690973601,0.642335766,0.652062427,-0.402753524,-0.510122266,0.061777694,0.966809982,0.008096158,0,0.009133433,0.09388109,0.012111381,0.033570596,0.064678372
bg,4,4,3,3,0.3,0.7,tycoon,A squirrel,I am a slightly curious person,25,Male,12,8,6,16,1,1,0,0,0.3,1,0.75,1,2,10,0,16,0,0.33333,5,4,0.441500845,0.038986468,-0.464285715,-0.441500845,-0.609050591,0.939177117,-0.669170875,0,0,-0.298346983,-0.232047957,0,0.967713936,0,0,0.020356942,0.076352739,0,0.018834413,0.071491139
bg,4,4,3,3,0.3,0.7,tycoon,A squirrel,I am a slightly curious person,25,Male,12,8,6,17,2,4,0,1,0.7,1,0.75,2,2,10,1,17,0,0.33333,4,4,0.281427413,0.032002412,0.816326528,0.718572587,0.503000811,0.699166885,-0.693129171,0.603622715,0.671515413,-0.332358209,-0.402753524,0.05433972,1.001416434,0.009056087,0,0.014020008,0.082090872,0.001207572,0.026478727,0.064356588
bg,4,4,3,3,0.3,0.7,tycoon,A squirrel,I am a slightly curious person,25,Male,12,8,6,18,2,1,0,1,0.7,1,0.75,2,2,10,1,18,0,0.33333,5,4,0.326501305,0.034124577,0.714285719,0.673498695,0.471449086,0.637616142,-0.691515984,0.567589597,0.683982442,-0.298346983,-0.332358209,0.045803546,1.02460232,0.007834993,0,0.020356942,0.088786532,1.11E-16,0.018834414,0.056628106
bg,4,4,3,3,0.3,0.7,tycoon,A squirrel,I am a slightly curious person,25,Male,12,8,6,19,2,1,1,1,0.7,1,0.75,2,2,10,1,19,0,0.33333,6,4,0.371695067,0.034730242,0.634920635,0.628304933,0.439813453,0.579485431,-0.685884742,0.535535888,0.690619451,-0.294935993,-0.298346983,0.037329237,1.036274715,0.006748119,0,0.028057805,0.096199926,-1.11E-16,0.012847841,0.050695813
bg,4,4,3,3,0.3,0.7,tycoon,A squirrel,I am a slightly curious person,25,Male,12,8,6,20,1,4,1,1,0.3,1,0.75,1,2,10,1,20,0,0.33333,6,4,0.371695067,0.034730242,0.634920635,0.628304933,0.439813453,0.579485431,-0.685884742,0.535535888,0.690619451,-0.294935993,-0.298346983,0.037329237,1.054116498,0.006738664,0,0.028057805,0.102788544,0,0.012847841,0.044745022
gb,3,3,2,2,0.7,0.3,bandit,A squirrel,I am a slightly curious person,22,Female,8,6,4,1,1,4,1,0,0.7,0.5,0.75,1,1,11,0,1,0,0.33333,0,1,0.5,0.083333333,NaN,-0.5,-0.35,0.430782916,-0.647446639,0.461538462,0.690185676,-0.049857149,0,0.054145178,1.080623402,0.019776798,0,0.056089744,0.156287138,1.11E-16,0.010744811,0.048912754
gb,3,3,2,2,0.7,0.3,bandit,A squirrel,I am a slightly curious person,22,Female,8,6,4,2,2,1,0,1,0.3,0.5,0.75,2,1,11,1,2,0,0.33333,1,0,0.5,0.083333333,NaN,0.5,0.65,1.049822124,-0.647446639,0,0,-0.193147181,0,0,0.984972769,0,0,0.029166667,0.081023074,0,0.03446712,0.064322906
gb,3,3,2,2,0.7,0.3,bandit,A squirrel,I am a slightly curious person,22,Female,8,6,4,3,2,4,1,0,0.3,0.5,0.75,2,1,11,0,3,0,0.33333,1,1,0.666666667,0.055555556,-0.999999985,-0.666666667,-0.466666667,0.628608659,-0.690923309,0.5625,0.685314207,-0.093938823,-0.193147181,0.069434567,1.046473403,0.019126337,5.55E-17,0.045117187,0.108458956,-1.11E-16,0.023469388,0.053316988
gb,3,3,2,2,0.7,0.3,bandit,A squirrel,I am a slightly curious person,22,Female,8,6,4,4,1,1,0,1,0.7,0.5,0.75,1,1,11,1,4,0,0.33333,1,1,0.41025641,0.075279421,1,0.58974359,0.712820513,1.247647868,-0.599606885,0,0,-0.093938823,-0.049857149,0,1.087659811,0,0,0.072546574,0.135359204,0,0.023469388,0.066037201
gb,3,3,2,2,0.7,0.3,bandit,A squirrel,I am a slightly curious person,22,Female,8,6,4,5,1,1,0,1,0.7,0.5,0.75,1,1,11,1,5,0,0.33333,2,1,0.59375,0.059960937,0.285714286,0.40625,0.584375,0.877971868,-0.678840541,0,0,-0.286460356,-0.093938823,0,1.044151385,0,0,0.034370192,0.086302211,0,0.035631937,0.078205147
gb,3,3,2,2,0.7,0.3,bandit,A squirrel,I am a slightly curious person,22,Female,8,6,4,6,1,1,0,1,0.7,0.5,0.75,1,1,11,1,6,0,0.33333,3,1,0.694736842,0.04365651,0.047619048,0.305263158,0.513684211,0.720897094,-0.692772619,0,0,-0.477126407,-0.286460356,0,0.978319288,0,0,0.016973903,0.059323518,0,0.026293758,0.068887264
gb,3,3,2,2,0.7,0.3,bandit,A squirrel,I am a slightly curious person,22,Female,8,6,4,7,1,4,1,0,0.7,0.5,0.75,1,1,11,0,7,0,0.33333,3,2,0.757575758,0.032139578,-0.999999985,-0.757575758,-0.53030303,0.755667538,-0.691309507,0.638709677,0.654156989,-0.352252836,-0.477126407,0.0668108,1.035349361,0.017872861,-5.55E-17,0.02639889,0.077709516,0.012903226,0.035836067,0.078383301
gb,3,3,2,2,0.7,0.3,bandit,A squirrel,I am a slightly curious person,22,Female,8,6,4,8,2,4,0,0,0.3,0.5,0.75,2,1,11,0,8,0,0.33333,1,2,0.59375,0.059960937,-0.714285714,-0.59375,-0.415625,0.537212379,-0.678840541,0.513368984,0.692789678,-0.068419324,-0.093938823,0.05510258,0.995399128,0.021087599,0,0.023042559,0.066791233,1.11E-16,0.014819018,0.069732472
gb,3,3,2,2,0.7,0.3,bandit,A squirrel,I am a slightly curious person,22,Female,8,6,4,9,1,4,1,0,0.7,0.5,0.75,1,1,11,0,9,0,0.33333,3,3,0.709677419,0.036680541,-0.857142857,-0.709677419,-0.496774194,0.68671629,-0.693126369,0.596153846,0.674540362,-0.270498672,-0.352252836,0.058683512,1.049774904,0.014633214,-1.11E-16,0.023073851,0.085683316,1.11E-16,0.026183535,0.060086543
gb,3,3,2,2,0.7,0.3,bandit,A squirrel,I am a slightly curious person,22,Female,8,6,4,10,1,1,0,1,0.7,0.5,0.75,1,1,11,1,10,0,0.33333,4,3,0.658653846,0.039465709,0.285714286,0.341346154,0.538942308,0.774232098,-0.6901111,0,0,-0.402753524,-0.270498672,0,0.986445186,0,0,0.011328373,0.061763308,0,0.033570597,0.067436077
gb,3,3,2,2,0.7,0.3,bandit,A squirrel,I am a slightly curious person,22,Female,8,6,4,11,1,1,0,0,0.7,0.5,0.75,1,1,11,0,11,0,0.33333,4,4,0.718572587,0.032002412,-0.816326531,-0.718572587,-0.503000811,0.699166885,-0.693129171,0.603622715,0.671515413,-0.332358209,-0.402753524,0.05433972,1.038861356,0.012161053,5.55E-17,0.017170877,0.077842904,0.001207572,0.026478728,0.060365182
gb,3,3,2,2,0.7,0.3,bandit,A squirrel,I am a slightly curious person,22,Female,8,6,4,12,1,1,0,1,0.7,0.5,0.75,1,1,11,1,12,0,0.33333,5,4,0.673498695,0.034124577,0.285714286,0.326501305,0.528550914,0.751944165,-0.691515984,0,0,-0.444164508,-0.332358209,0,0.981044063,0,0,0.008800806,0.058374993,0,0.030437972,0.06434709
gb,3,3,2,2,0.7,0.3,bandit,A squirrel,I am a slightly curious person,22,Female,8,6,4,13,1,1,0,1,0.7,0.5,0.75,1,1,11,1,13,0,0.33333,6,4,0.724166316,0.028588486,0.206349206,0.275833684,0.493083579,0.679409138,-0.693051504,0,0,-0.559285326,-0.444164508,0,0.91889818,0,0,0.004475863,0.044686807,0,0.020370074,0.054271602
gb,3,3,2,2,0.7,0.3,bandit,A squirrel,I am a slightly curious person,22,Female,8,6,4,14,1,1,0,0,0.7,0.5,0.75,1,1,11,0,14,0,0.33333,6,5,0.763644106,0.02385464,-0.857142859,-0.763644106,-0.534550874,0.764752478,-0.690757751,0.644538755,0.650761969,-0.479838749,-0.559285326,0.053610145,0.977532233,0.010465198,0,0.007015458,0.055965351,0.008554263,0.028087181,0.061988966
gb,3,3,2,2,0.7,0.3,bandit,A squirrel,I am a slightly curious person,22,Female,8,6,4,15,2,4,0,0,0.3,0.5,0.75,2,1,11,0,15,0,0.33333,1,3,0.521925134,0.059144957,-0.476190471,-0.521925134,-0.365347594,0.454677821,-0.656433082,0.472699697,0.691655826,-0.102038269,-0.068419324,0.041065537,0.910608631,0.015377786,1.11E-16,0.011668335,0.048539234,1.11E-16,0.008758475,0.055950105
gb,3,3,2,2,0.7,0.3,bandit,A squirrel,I am a slightly curious person,22,Female,8,6,4,16,1,4,0,0,0.7,0.5,0.75,1,1,11,0,16,0,0.33333,6,6,0.727768547,0.02594908,-0.779220779,-0.727768547,-0.509437983,0.712203571,-0.692969019,0.611543473,0.668052663,-0.428970104,-0.479838749,0.047117202,0.966342887,0.008521894,-1.11E-16,0.008149947,0.059660942,0.003847824,0.026247047,0.05409658
gb,3,3,2,2,0.7,0.3,bandit,A squirrel,I am a slightly curious person,22,Female,8,6,4,17,1,4,1,0,0.7,0.5,0.75,1,1,11,0,17,0,0.33333,6,7,0.690740902,0.027180631,-0.714285714,-0.690740902,-0.483518631,0.660716064,-0.692603811,0.580853479,0.680015024,-0.404489515,-0.428970104,0.040153573,1.011030954,0.007298792,-5.55E-17,0.011786879,0.071620296,0,0.019339641,0.047188489
gb,3,3,2,2,0.7,0.3,bandit,A squirrel,I am a slightly curious person,22,Female,8,6,4,18,1,4,1,0,0.7,0.5,0.75,1,1,11,0,18,0,0.33333,6,8,0.65390232,0.027518266,-0.659340658,-0.65390232,-0.457731624,0.611994241,-0.689569681,0.553231597,0.68746922,-0.401590471,-0.404489515,0.033428991,1.044093837,0.006004662,5.55E-17,0.016313952,0.084013012,0,0.013790969,0.04032184
gb,3,3,2,2,0.7,0.3,bandit,A squirrel,I am a slightly curious person,22,Female,8,6,4,19,2,4,1,0,0.3,0.5,0.75,2,1,11,0,19,0,0.33333,1,4,0.45669026,0.054325817,-0.357142857,-0.45669026,-0.319683182,0.38519668,-0.626630418,0.440971018,0.68616206,-0.172348106,-0.102038269,0.029483823,0.989534818,0.011277958,0,0.016481624,0.075840212,1.11E-16,0.004910265,0.03405932
gb,3,3,2,2,0.7,0.3,bandit,A squirrel,I am a slightly curious person,22,Female,8,6,4,20,1,1,0,1,0.7,0.5,0.75,1,1,11,1,20,0,0.33333,7,8,0.618379712,0.027093126,0.387755102,0.381620288,0.567134201,0.837327533,-0.684105897,0,0,-0.448889117,-0.401590471,0,0.939055636,0,0,0.009263177,0.060779386,0,0.01934477,0.043310203
gb,2,3,2,2,0.3,0.7,bandit,A squirrel,I am a slightly curious person,41,Female,9,5,4,1,1,1,0,1,0.3,0.625,0.5,1,1,12,1,1,0,0.33333,1,0,0.5,0.083333333,NaN,0.5,0.65,1.049822124,-0.647446639,0,0,-0.193147181,0,0,1.03952273,0,0,0.029166667,0.093376317,0,0.03446712,0.072619437
gb,2,3,2,2,0.3,0.7,bandit,A squirrel,I am a slightly curious person,41,Female,9,5,4,2,1,1,0,1,0.3,0.625,0.5,1,1,12,1,2,0,0.33333,2,0,0.666666667,0.055555556,1.51E-08,0.333333333,0.533333333,0.762140052,-0.690923309,0,0,-0.431945622,-0.193147181,0,0.953853328,0,0,0.0109375,0.058350608,0,0.03036929,0.068531753
gb,2,3,2,2,0.3,0.7,bandit,A squirrel,I am a slightly curious person,41,Female,9,5,4,3,1,1,1,0,0.3,0.625,0.5,1,1,12,0,3,0,0.33333,2,1,0.75,0.0375,-0.999999985,-0.75,-0.525,0.744440475,-0.691896659,0.631578947,0.658109988,-0.286460356,-0.431945622,0.072891961,1.019584386,0.019669186,-1.67E-16,0.018190789,0.078507942,0.010526316,0.035631937,0.073782589
gb,2,3,2,2,0.3,0.7,bandit,A squirrel,I am a slightly curious person,41,Female,9,5,4,4,1,1,0,1,0.3,0.625,0.5,1,1,12,1,4,0,0.33333,3,1,0.694736842,0.04365651,0.047619048,0.305263158,0.513684211,0.720897094,-0.692772619,0,0,-0.477126407,-0.286460356,0,0.942930166,0,0,0.007623106,0.053916075,0,0.026293758,0.064468338
gb,2,3,2,2,0.3,0.7,bandit,A squirrel,I am a slightly curious person,41,Female,9,5,4,5,1,1,0,0,0.3,0.625,0.5,1,1,12,0,5,0,0.33333,3,2,0.757575758,0.032139578,-0.999999985,-0.757575758,-0.53030303,0.755667538,-0.691309507,0.638709677,0.654156989,-0.352252836,-0.477126407,0.0668108,1.007834352,0.015810256,-5.55E-17,0.012525202,0.070666405,0.012903226,0.035836067,0.073958206
gb,2,3,2,2,0.3,0.7,bandit,A squirrel,I am a slightly curious person,41,Female,9,5,4,6,1,3,1,0,0.3,0.625,0.5,1,1,12,0,6,0,0.33333,3,3,0.709677419,0.036680541,-0.857142857,-0.709677419,-0.496774194,0.68671629,-0.693126369,0.596153846,0.674540362,-0.270498672,-0.352252836,0.058683512,1.054559169,0.011975071,-1.11E-16,0.019337816,0.090010127,0,0.026183535,0.064309634
gb,2,3,2,2,0.3,0.7,bandit,A squirrel,I am a slightly curious person,41,Female,9,5,4,7,1,1,0,1,0.3,0.625,0.5,1,1,12,1,7,0,0.33333,4,3,0.658653846,0.039465709,0.285714286,0.341346154,0.538942308,0.774232098,-0.6901111,0,0,-0.402753524,-0.270498672,0,1.000813339,0,0,0.009133433,0.065692354,0,0.033570597,0.071701277
gb,2,3,2,2,0.3,0.7,bandit,A squirrel,I am a slightly curious person,41,Female,9,5,4,8,1,1,0,0,0.3,0.625,0.5,1,1,12,0,8,0,0.33333,4,4,0.718572587,0.032002412,-0.816326531,-0.718572587,-0.503000811,0.699166885,-0.693129171,0.603622715,0.671515413,-0.332358209,-0.402753524,0.05433972,1.046679373,0.011049777,5.55E-17,0.014020008,0.082227292,0.001207572,0.026478728,0.064603118
gb,2,3,2,2,0.3,0.7,bandit,A squirrel,I am a slightly curious person,41,Female,9,5,4,9,2,1,0,1,0.7,0.625,0.5,2,1,12,1,9,0,0.33333,1,0,0.5,0.083333333,NaN,0.5,0.65,1.049822124,-0.647446639,0,0,-0.193147181,0,0,1.059142121,0,0,0.06650076,0.105452828,0,0.03446712,0.080026726
gb,2,3,2,2,0.3,0.7,bandit,A squirrel,I am a slightly curious person,41,Female,9,5,4,10,2,1,0,0,0.7,0.625,0.5,2,1,12,0,10,0,0.33333,1,1,0.666666667,0.055555556,-0.999999985,-0.666666667,-0.466666667,0.628608659,-0.690923309,0.5625,0.685314207,-0.093938823,-0.193147181,0.069434567,1.066259587,0.026890121,0,0.046325885,0.090471512,-1.11E-16,0.023469388,0.069027359
gb,2,3,2,2,0.3,0.7,bandit,A squirrel,I am a slightly curious person,41,Female,9,5,4,11,1,3,1,0,0.3,0.625,0.5,1,1,12,0,11,0,0.33333,4,5,0.673498695,0.034124577,-0.714285714,-0.673498695,-0.471449086,0.637616142,-0.691515984,0.567589597,0.683982442,-0.298346983,-0.332358209,0.045803546,1.085510393,0.010870682,0.007496718,0.042779324,0.109876161,0,0.018834414,0.061383113
gb,2,3,2,2,0.3,0.7,bandit,A squirrel,I am a slightly curious person,41,Female,9,5,4,12,1,1,0,1,0.3,0.625,0.5,1,1,12,1,12,0,0.33333,5,5,0.628304933,0.034730242,0.365079365,0.371695067,0.560186547,0.821404612,-0.685884742,0,0,-0.384117107,-0.298346983,0,1.060886035,0,0,0.0256259,0.084645044,0,0.026459458,0.069009542
gb,2,3,2,2,0.3,0.7,bandit,A squirrel,I am a slightly curious person,41,Female,9,5,4,13,1,1,1,0,0.3,0.625,0.5,1,1,12,0,13,0,0.33333,5,6,0.683581027,0.03020575,-0.714285714,-0.683581027,-0.478506719,0.651058888,-0.692222974,0.575271074,0.681772518,-0.354860789,-0.384117107,0.042856173,1.082493299,0.009815666,0.001673923,0.035213953,0.1016642,0,0.019192567,0.061737851
gb,2,3,2,2,0.3,0.7,bandit,A squirrel,I am a slightly curious person,41,Female,9,5,4,14,1,3,0,0,0.3,0.625,0.5,1,1,12,0,14,0,0.33333,5,7,0.643035873,0.030676045,-0.649350649,-0.643035873,-0.450125111,0.598064501,-0.688163888,0.545578651,0.68898658,-0.35116401,-0.354860789,0.035351165,1.08954708,0.007496326,0.011658199,0.046290299,0.118981921,0,0.013417801,0.055978599
gb,2,3,2,2,0.3,0.7,bandit,A squirrel,I am a slightly curious person,41,Female,9,5,4,15,1,1,0,1,0.3,0.625,0.5,1,1,12,1,15,0,0.33333,6,7,0.603984751,0.030149451,0.404761906,0.396015249,0.577210675,0.860881273,-0.68117636,0,0,-0.404489515,-0.35116401,0,1.079847374,0,0,0.02965126,0.095568487,0,0.019339641,0.061884472
gb,2,3,2,2,0.3,0.7,bandit,A squirrel,I am a slightly curious person,41,Female,9,5,4,16,1,1,1,0,0.3,0.625,0.5,1,1,12,0,16,0,0.33333,6,8,0.65390232,0.027518266,-0.659340658,-0.65390232,-0.457731624,0.611994241,-0.689569681,0.553231597,0.68746922,-0.401590471,-0.404489515,0.033428991,1.088936019,0.006633977,0.006053916,0.03892355,0.110979886,0,0.013790969,0.056340511
gb,2,3,2,2,0.3,0.7,bandit,A squirrel,I am a slightly curious person,41,Female,9,5,4,17,1,3,1,0,0.3,0.625,0.5,1,1,12,0,17,0,0.33333,6,9,0.618379712,0.027093126,-0.612244898,-0.618379712,-0.432865799,0.567159317,-0.684105897,0.528975328,0.6914671,-0.414481857,-0.401590471,0.027429065,1.087342557,0.00377162,0.009119957,0.043078629,0.120380436,-1.11E-16,0.009552025,0.052110973
gb,2,3,2,2,0.3,0.7,bandit,A squirrel,I am a slightly curious person,41,Female,9,5,4,18,1,1,0,1,0.3,0.625,0.5,1,1,12,1,18,0,0.33333,7,9,0.584939323,0.026123173,0.428571429,0.415060677,0.590542474,0.892922102,-0.676660497,0,0,-0.447224951,-0.414481857,0,1.087661358,0,0,0.033273434,0.104877292,0,0.01402406,0.055573385
gb,2,3,2,2,0.3,0.7,bandit,A squirrel,I am a slightly curious person,41,Female,9,5,4,19,1,1,1,0,0.3,0.625,0.5,1,1,12,0,19,0,0.33333,7,10,0.629598953,0.024607969,-0.625,-0.629598953,-0.440719267,0.581103726,-0.68610221,0.536403245,0.690494442,-0.458943108,-0.447224951,0.026203326,1.089420909,0.004393456,0.009926044,0.04211724,0.118887384,0,0.009903717,0.052471616
gb,2,3,2,2,0.3,0.7,bandit,A squirrel,I am a slightly curious person,41,Female,9,5,4,20,1,1,0,1,0.3,0.625,0.5,1,1,12,1,20,0,0.33333,8,10,0.598799432,0.023812621,0.411764702,0.401200568,0.580840397,0.869503519,-0.680019292,0,0,-0.4889227,-0.458943108,0,1.086265872,0,0,0.028817298,0.099935366,0,0.014155615,0.054828873
gb,4,4,2,2,0.7,0.3,tycoon,A squirrel,I am a slightly curious person,32,Female,18,8,4,1,2,1,1,1,0.3,0.5,1,2,2,13,1,1,0,0.33333,1,0,0.5,0.083333333,NaN,0.5,0.35,0.430782916,-0.647446639,0.461538462,0.690185676,-0.049857149,0,0.054145178,1.080726614,0.013916602,0,0.056089744,0.131091774,-1.11E-16,0.010744811,0.048912754
gb,4,4,2,2,0.7,0.3,tycoon,A squirrel,I am a slightly curious person,32,Female,18,8,4,2,2,1,0,0,0.3,0.5,1,2,2,13,0,2,0,0.33333,1,1,0.58974359,0.075279421,-0.999999985,-0.58974359,-0.712820513,1.247647868,-0.599606885,0,0,-0.093938823,-0.049857149,0,1.07105157,0,0,0.045117187,0.150206225,0,0.023469388,0.061623307
gb,4,4,2,2,0.7,0.3,tycoon,A squirrel,I am a slightly curious person,32,Female,18,8,4,3,1,4,0,1,0.7,0.5,1,1,2,13,1,3,0,0.33333,1,0,0.5,0.083333333,NaN,0.5,0.35,0.430782916,-0.647446639,0.461538462,0.690185676,-0.049857149,0,0.054145178,1.026316758,0.016891282,0,0.056089744,0.110220723,1.11E-16,0.010744811,0.053316366
gb,4,4,2,2,0.7,0.3,tycoon,A squirrel,I am a slightly curious person,32,Female,18,8,4,4,1,1,1,1,0.7,0.5,1,1,2,13,1,4,0,0.33333,2,0,0.58974359,0.075279421,1.51E-08,0.41025641,0.287179487,0.338525625,-0.599606885,0.420863309,0.680569124,-0.169460509,-0.049857149,0.036406267,0.955732002,0.010751978,-1.11E-16,0.034071493,0.079535267,-1.11E-16,0.005618362,0.048209635
gb,4,4,2,2,0.7,0.3,tycoon,A squirrel,I am a slightly curious person,32,Female,18,8,4,5,1,1,0,1,0.7,0.5,1,1,2,13,1,5,0,0.33333,3,0,0.663669065,0.06242107,1.51E-08,0.336330935,0.235431655,0.268443859,-0.54575663,0.392378264,0.669800034,-0.317247853,-0.169460509,0.023643113,0.877096764,0.006644648,0,0.020047195,0.05774416,0,0.00278523,0.045379218
gb,4,4,2,2,0.7,0.3,tycoon,A squirrel,I am a slightly curious person,32,Female,18,8,4,6,1,1,1,1,0.7,0.5,1,1,2,13,1,6,0,0.33333,4,0,0.720818631,0.049557175,1.51E-08,0.279181369,0.195426958,0.217443525,-0.493997111,0.372868571,0.66046475,-0.466927048,-0.317247853,0.015384673,0.801015644,0.004314279,0,0.011626066,0.042751282,-1.11E-16,0.001334355,0.043869478
gb,4,4,2,2,0.7,0.3,tycoon,A squirrel,I am a slightly curious person,32,Female,18,8,4,7,1,1,0,1,0.7,0.5,1,1,2,13,1,7,0,0.33333,5,0,0.763934695,0.038886415,1.51E-08,0.236065305,0.165245714,0.180617865,-0.448266988,0.359387193,0.653064793,-0.60687214,-0.466927048,0.010280655,0.732468909,0.002980203,0,0.00672169,0.032431489,0,0.000626477,0.043159275
gb,4,4,2,2,0.7,0.3,tycoon,A squirrel,I am a slightly curious person,32,Female,18,8,4,8,1,1,0,1,0.7,0.5,1,1,2,13,1,8,0,0.33333,6,0,0.79654368,0.030721348,1.51E-08,0.20345632,0.142419424,0.153640138,-0.409331248,0.349821356,0.647335981,-0.733891271,-0.60687214,0.00714069,0.672219809,0.002300326,0,0.003899167,0.02523688,1.11E-16,0.000290958,0.042867145
gb,4,4,2,2,0.7,0.3,tycoon,A squirrel,I am a slightly curious person,32,Female,18,8,4,9,1,1,0,1,0.7,0.5,1,1,2,13,1,9,0,0.33333,7,0,0.821619976,0.024639009,1.51E-08,0.178380024,0.124866017,0.133378281,-0.37650936,0.342804651,0.642878283,-0.848385195,-0.733891271,0.005168064,0.619489002,0.001377613,0,0.002276322,0.020098407,-1.11E-16,0.000134477,0.042721292
gb,4,4,2,2,0.7,0.3,tycoon,A squirrel,I am a slightly curious person,32,Female,18,8,4,10,1,1,0,1,0.7,0.5,1,1,2,13,1,10,0,0.33333,8,0,0.841328165,0.020105567,1.51E-08,0.158671835,0.111070284,0.117737107,-0.348747191,0.337484499,0.639352845,-0.951870014,-0.848385195,0.003885588,0.573661167,0.000737671,-2.22E-16,0.001338821,0.016357229,-1.11E-16,6.21E-05,0.042644467
gb,4,4,2,2,0.7,0.3,tycoon,A squirrel,I am a slightly curious person,32,Female,18,8,4,11,1,1,1,1,0.7,0.5,1,1,2,13,1,11,0,0.33333,9,0,0.857160572,0.016681943,1.51E-08,0.142839428,0.099987599,0.105346737,-0.325055726,0.333328741,0.636510985,-1.045980038,-0.951870014,0.003018837,0.534046333,0.000471037,1.11E-16,0.000793303,0.013523188,0,2.87E-05,0.042562816
gb,4,4,2,2,0.7,0.3,tycoon,A squirrel,I am a slightly curious person,32,Female,18,8,4,12,1,1,0,1,0.7,0.5,1,1,2,13,1,12,0,0.33333,10,0,0.870135238,0.014050404,1.51E-08,0.129864762,0.090905333,0.095306046,-0.304627445,0.329998636,0.63417767,-1.132152519,-1.045980038,0.002410467,0.499644066,0.000429588,0,0.000473337,0.011356836,0,1.33E-05,0.04255955
gb,4,4,2,2,0.7,0.3,tycoon,A squirrel,I am a slightly curious person,32,Female,18,8,4,13,1,1,0,1,0.7,0.5,1,1,2,13,1,13,0,0.33333,11,0,0.880954005,0.011990507,1.51E-08,0.119045995,0.083332197,0.087010137,-0.286833257,0.327272321,0.632230085,-1.211572609,-1.132152519,0.001968611,0.469157264,0.002876279,-1.11E-16,0.000284202,0.009666016,-1.11E-16,6.18E-06,0.042557389
gb,4,4,2,2,0.7,0.3,tycoon,A squirrel,I am a slightly curious person,32,Female,18,8,4,14,1,1,1,1,0.7,0.5,1,1,2,13,1,14,0,0.33333,12,0,0.890110381,0.010350269,1.51E-08,0.109889619,0.076922734,0.080042336,-0.27118852,0.324999879,0.63058094,-1.285199953,-1.211572609,0.001638027,0.438068952,-0.001231909,0,0.000171597,0.008316608,0,2.88E-06,0.042611505
gb,4,4,2,2,0.7,0.3,tycoon,A squirrel,I am a slightly curious person,32,Female,18,8,4,15,1,1,0,1,0.7,0.5,1,1,2,13,1,15,0,0.33333,13,0,0.897959332,0.009023882,1.51E-08,0.102040668,0.071428468,0.074107861,-0.257318375,0.323076887,0.629167011,-1.353811754,-1.285199953,0.001384351,0.414534109,0.000193181,-1.11E-16,0.00010412,0.00680666,1.11E-16,1.35E-06,0.042606124
gb,4,4,2,2,0.7,0.3,tycoon,A squirrel,I am a slightly curious person,32,Female,18,8,4,16,1,1,1,1,0.7,0.5,1,1,2,13,1,16,0,0.33333,14,0,0.904761949,0.007936467,1.51E-08,0.095238051,0.066666635,0.068992838,-0.244929944,0.321428561,0.627941581,-1.41804218,-1.353811754,0.001185451,0.393501269,0.000535117,0,6.35E-05,0.005423149,-1.11E-16,6.34E-07,0.04258373
gb,4,4,2,2,0.7,0.3,tycoon,A squirrel,I am a slightly curious person,32,Female,18,8,4,17,1,1,0,1,0.7,0.5,1,1,2,13,1,17,0,0.33333,15,0,0.910714299,0.007034051,1.51E-08,0.089285701,0.062499991,0.064538511,-0.233791633,0.319999997,0.626869455,-1.47841386,-1.41804218,0.001026604,0.373553946,-0.000301932,0,3.88E-05,0.005590249,0,2.99E-07,0.042572646
gb,4,4,2,2,0.7,0.3,tycoon,A squirrel,I am a slightly curious person,32,Female,18,8,4,18,1,1,1,1,0.7,0.5,1,1,2,13,1,18,0,0.33333,16,0,0.915966391,0.006277017,1.51E-08,0.084033609,0.058823527,0.060624619,-0.223718068,0.318749999,0.625923649,-1.535361956,-1.47841386,0.000897721,0.35610835,-0.000276902,1.11E-16,2.38E-05,0.004971302,-1.11E-16,1.41E-07,0.042579063
gb,4,4,2,2,0.7,0.3,tycoon,A squirrel,I am a slightly curious person,32,Female,18,8,4,19,1,1,0,0,0.7,0.5,1,1,2,13,0,19,0,0.33333,16,1,0.920634922,0.005635781,-0.999999985,-0.920634922,-0.944444445,2.890371773,-0.214559153,0,0,-1.041737007,-1.535361956,0,0.582364144,0,0,0.00017949,0.013883125,0,1.40E-06,0.042569837
gb,4,4,2,2,0.7,0.3,tycoon,A squirrel,I am a slightly curious person,32,Female,18,8,4,20,1,1,0,1,0.7,0.5,1,1,2,13,1,20,0,0.33333,17,1,0.849624075,0.00961048,0.084033614,0.150375925,0.105263148,0.111225624,-0.336495736,0.335294114,0.637864636,-1.091214946,-1.041737007,0.001629039,0.559610891,-0.000125553,0,0.000115716,0.012489408,-1.11E-16,6.99E-07,0.042579046
bg,1,1,2,2,0.3,0.7,bandit,A squirrel,I am a slightly curious person,27,Female,9,2,4,1,2,1,0,1,0.7,0.25,0.5,2,1,14,1,1,0,0.33333,1,0,0.5,0.083333333,NaN,0.5,0.65,1.049822124,-0.647446639,0,0,-0.193147181,0,0,1.039551049,0,0,0.029166667,0.093418128,0,0.03446712,0.072619437
bg,1,1,2,2,0.3,0.7,bandit,A squirrel,I am a slightly curious person,27,Female,9,2,4,2,2,1,0,1,0.7,0.25,0.5,2,1,14,1,2,0,0.33333,2,0,0.666666667,0.055555556,1.51E-08,0.333333333,0.533333333,0.762140052,-0.690923309,0,0,-0.431945622,-0.193147181,0,0.958767843,0,0,0.0109375,0.058341589,0,0.03036929,0.068537521
bg,1,1,2,2,0.3,0.7,bandit,A squirrel,I am a slightly curious person,27,Female,9,2,4,3,2,1,0,1,0.7,0.25,0.5,2,1,14,1,3,0,0.33333,3,0,0.75,0.0375,1.51E-08,0.25,0.475,0.644357016,-0.691896659,0,0,-0.636294361,-0.431945622,0,0.864444616,0,0,0.004375,0.040008038,0,0.01735388,0.055520383
bg,1,1,2,2,0.3,0.7,bandit,A squirrel,I am a slightly curious person,27,Female,9,2,4,4,2,1,0,1,0.7,0.25,0.5,2,1,14,1,4,0,0.33333,4,0,0.8,0.026666667,1.51E-08,0.2,0.44,0.579818495,-0.6859298,0,0,-0.809437912,-0.636294361,0,0.794877677,0,0,0.001822917,0.029172131,0,0.010329691,0.048479923
bg,1,1,2,2,0.3,0.7,bandit,A squirrel,I am a slightly curious person,27,Female,9,2,4,5,2,1,0,1,0.7,0.25,0.5,2,1,14,1,5,0,0.33333,5,0,0.833333333,0.01984127,1.51E-08,0.166666667,0.416666667,0.538996501,-0.679193266,0,0,-0.958426136,-0.809437912,0,0.734416421,0,0,0.00078125,0.022106699,0,0.0063243,0.044476314
bg,1,1,2,2,0.3,0.7,bandit,A squirrel,I am a slightly curious person,27,Female,9,2,4,6,2,4,0,0,0.7,0.25,0.5,2,1,14,0,6,0,0.33333,5,1,0.857142857,0.015306122,-0.999999985,-0.857142857,-0.6,0.916290732,-0.673011667,0.75,0.562335145,-0.801754843,-0.958426136,0.066363115,0.804288984,0.01182032,0,0.00144043,0.029307087,0,0.009881719,0.048024721
bg,1,1,2,2,0.3,0.7,bandit,A squirrel,I am a slightly curious person,27,Female,9,2,4,7,2,4,0,0,0.7,0.25,0.5,2,1,14,0,7,0,0.33333,5,2,0.830357143,0.018840349,-0.999999985,-0.830357143,-0.58125,0.870481196,-0.679885325,0.71641791,0.596304722,-0.658128866,-0.801754843,0.065723905,0.873989119,0.012344826,-1.11E-16,0.00254878,0.038409607,0,0.014945486,0.053091056
bg,1,1,2,2,0.3,0.7,bandit,A squirrel,I am a slightly curious person,27,Female,9,2,4,8,2,4,1,0,0.7,0.25,0.5,2,1,14,0,8,0,0.33333,5,3,0.798862829,0.022514698,-0.999999985,-0.798862829,-0.55920398,0.81917305,-0.686120484,0.680586907,0.626426272,-0.536554872,-0.658128866,0.062711644,0.939229545,0.012023622,0,0.004305164,0.049357708,0.004078254,0.021771011,0.05990481
bg,1,1,2,2,0.3,0.7,bandit,A squirrel,I am a slightly curious person,27,Female,9,2,4,9,2,4,1,0,0.7,0.25,0.5,2,1,14,0,9,0,0.33333,5,4,0.763108675,0.025914689,-0.892857143,-0.763108675,-0.534176072,0.763947554,-0.69080935,0.644020159,0.651070009,-0.444164508,-0.536554872,0.057441423,0.995562904,0.010851191,0,0.006915546,0.062353572,0.010062439,0.030437972,0.068563706
bg,1,1,2,2,0.3,0.7,bandit,A squirrel,I am a slightly curious person,27,Female,9,2,4,10,1,3,1,0,0.3,0.25,0.5,1,1,14,0,10,0,0.33333,0,1,0.5,0.083333333,NaN,-0.5,-0.35,0.430782916,-0.647446639,0.461538462,0.690185676,-0.049857149,0,0.054145178,0.922922522,0.024236164,0,0.014927305,0.052244589,-1.11E-16,0.010744811,0.060255713
bg,1,1,2,2,0.3,0.7,bandit,A squirrel,I am a slightly curious person,27,Female,9,2,4,11,1,3,0,0,0.3,0.25,0.5,1,1,14,0,11,0,0.33333,0,2,0.41025641,0.075279421,-3.32E-16,-0.41025641,-0.287179487,0.338525625,-0.599606885,0.420863309,0.680569124,-0.169460509,-0.049857149,0.036406267,0.84051946,0.014582849,0,0.007749193,0.045630322,1.11E-16,0.005618362,0.055136811
bg,1,1,2,2,0.3,0.7,bandit,A squirrel,I am a slightly curious person,27,Female,9,2,4,12,2,4,1,0,0.7,0.25,0.5,2,1,14,0,12,0,0.33333,5,5,0.724166316,0.028588486,-0.793650794,-0.724166316,-0.506916421,0.707076589,-0.693051504,0.608416125,0.669451304,-0.384117107,-0.444164508,0.050519563,0.900541697,0.008293062,5.55E-17,0.010548419,0.056852222,0.002805375,0.026459458,0.051127894
bg,1,1,2,2,0.3,0.7,bandit,A squirrel,I am a slightly curious person,27,Female,9,2,4,13,2,4,0,0,0.7,0.25,0.5,2,1,14,0,13,0,0.33333,5,6,0.683581027,0.03020575,-0.714285714,-0.683581027,-0.478506719,0.651058888,-0.692222974,0.575271074,0.681772518,-0.354860789,-0.384117107,0.042856173,0.950240062,0.009385339,0,0.015293146,0.068994445,0,0.019192567,0.043860642
bg,1,1,2,2,0.3,0.7,bandit,A squirrel,I am a slightly curious person,27,Female,9,2,4,14,2,1,0,1,0.7,0.25,0.5,2,1,14,1,14,0,0.33333,6,6,0.643035873,0.030676045,0.350649351,0.356964127,0.549874889,0.79822971,-0.688163888,0,0,-0.428970104,-0.354860789,0,0.890290104,0,0,0.008149947,0.053583423,0,0.026247047,0.050906758
bg,1,1,2,2,0.3,0.7,bandit,A squirrel,I am a slightly curious person,27,Female,9,2,4,15,2,1,0,1,0.7,0.25,0.5,2,1,14,1,15,0,0.33333,7,6,0.690740902,0.027180631,0.285714286,0.309259098,0.516481369,0.72666543,-0.692603811,0,0,-0.511717082,-0.428970104,0,0.82996184,0,0,0.004265075,0.042137005,0,0.026249611,0.05091715
bg,1,1,2,2,0.3,0.7,bandit,A squirrel,I am a slightly curious person,27,Female,9,2,4,16,2,4,1,0,0.7,0.25,0.5,2,1,14,0,16,0,0.33333,7,7,0.730090868,0.023821961,-0.769230769,-0.730090868,-0.511063607,0.715522874,-0.692902354,0.613576744,0.667121248,-0.468909818,-0.511717082,0.044057199,0.882441048,0.006110358,0,0.006423717,0.051120194,0.004525581,0.025913077,0.050611574
bg,1,1,2,2,0.3,0.7,bandit,A squirrel,I am a slightly curious person,27,Female,9,2,4,17,2,1,0,1,0.7,0.25,0.5,2,1,14,1,17,0,0.33333,8,7,0.695985465,0.02475603,0.285714285,0.304014535,0.512810174,0.719101446,-0.692818944,0,0,-0.54098114,-0.468909818,0,0.82702931,0,0,0.003434936,0.041016656,0,0.024767696,0.049466139
bg,1,1,2,2,0.3,0.7,bandit,A squirrel,I am a slightly curious person,27,Female,9,2,4,18,2,4,1,0,0.7,0.25,0.5,2,1,14,0,18,0,0.33333,8,8,0.731555217,0.022053889,-0.761904764,-0.731555217,-0.512088652,0.717621553,-0.692854881,0.614865797,0.66652172,-0.50522077,-0.54098114,0.04128508,0.876319439,0.005329918,0,0.005142388,0.049207849,0.004955266,0.025502615,0.050184556
bg,1,1,2,2,0.3,0.7,bandit,A squirrel,I am a slightly curious person,27,Female,9,2,4,19,2,1,0,1,0.7,0.25,0.5,2,1,14,1,19,0,0.33333,9,8,0.699914792,0.022756449,0.285714284,0.300085208,0.510059646,0.713471621,-0.692944774,0,0,-0.568376107,-0.50522077,0,0.825007111,0,0,0.002800183,0.040151014,0,0.023542643,0.048245811
bg,1,1,2,2,0.3,0.7,bandit,A squirrel,I am a slightly curious person,27,Female,9,2,4,20,2,4,1,0,0.7,0.25,0.5,2,1,14,0,20,0,0.33333,9,9,0.732427963,0.020549243,-0.756302521,-0.732427963,-0.512699574,0.718874455,-0.692824588,0.615636646,0.666159853,-0.538757543,-0.568376107,0.038760297,0.871516165,0.004773827,1.11E-16,0.00416814,0.047685147,0.005212215,0.025045304,0.049698006
gb,3,2,3,3,0.7,0.3,tycoon,A squirrel,I am a slightly curious person,26,Male,13,5,6,1,1,4,1,1,0.7,0.75,0.625,1,2,15,1,1,0,0.33333,1,0,0.5,0.083333333,NaN,0.5,0.35,0.430782916,-0.647446639,0.461538462,0.690185676,-0.049857149,0,0.054145178,1.080889095,0.014094332,0,0.056089744,0.131073366,-1.11E-16,0.010744811,0.048912754
gb,3,2,3,3,0.7,0.3,tycoon,A squirrel,I am a slightly curious person,26,Male,13,5,6,2,1,4,0,1,0.7,0.75,0.625,1,2,15,1,2,0,0.33333,2,0,0.58974359,0.075279421,1.51E-08,0.41025641,0.287179487,0.338525625,-0.599606885,0.420863309,0.680569124,-0.169460509,-0.049857149,0.036406267,1.037609091,0.009559643,-1.11E-16,0.034071493,0.096873724,-1.11E-16,0.005618362,0.043786126
gb,3,2,3,3,0.7,0.3,tycoon,A squirrel,I am a slightly curious person,26,Male,13,5,6,3,2,1,0,0,0.3,0.75,0.625,2,2,15,0,3,0,0.33333,0,1,0.5,0.083333333,NaN,-0.5,-0.65,1.049822124,-0.647446639,0,0,-0.193147181,0,0,0.899463045,0,0,0.008877226,0.073592333,0,0.03446712,0.059189082
gb,3,2,3,3,0.7,0.3,tycoon,A squirrel,I am a slightly curious person,26,Male,13,5,6,4,2,1,1,1,0.3,0.75,0.625,2,2,15,1,4,0,0.33333,1,1,0.333333333,0.055555556,1,0.666666667,0.466666667,0.628608659,-0.690923309,0.5625,0.685314207,-0.093938823,-0.193147181,0.069434567,0.955732002,0.00896999,0,0.014685442,0.079535267,-1.11E-16,0.023469388,0.048209635
gb,3,2,3,3,0.7,0.3,tycoon,A squirrel,I am a slightly curious person,26,Male,13,5,6,5,1,3,1,1,0.7,0.75,0.625,1,2,15,1,5,0,0.33333,3,0,0.663669065,0.06242107,1.51E-08,0.336330935,0.235431655,0.268443859,-0.54575663,0.392378264,0.669800034,-0.317247853,-0.169460509,0.023643113,0.877096764,0.006644648,0,0.020047195,0.05774416,0,0.00278523,0.045379218
gb,3,2,3,3,0.7,0.3,tycoon,A squirrel,I am a slightly curious person,26,Male,13,5,6,6,2,1,0,0,0.3,0.75,0.625,2,2,15,0,6,0,0.33333,1,2,0.40625,0.059960938,-0.285714286,-0.40625,-0.584375,0.877971868,-0.678840541,0,0,-0.286460356,-0.093938823,0,0.771706693,0,0,0.001975718,0.050244093,0,0.035631937,0.057540143
gb,3,2,3,3,0.7,0.3,tycoon,A squirrel,I am a slightly curious person,26,Male,13,5,6,7,1,2,0,1,0.7,0.75,0.625,1,2,15,1,7,0,0.33333,4,0,0.720818631,0.049557175,1.51E-08,0.279181369,0.195426958,0.217443525,-0.493997111,0.372868571,0.66046475,-0.466927048,-0.317247853,0.015384673,0.692922645,0.003787438,0,0.011626066,0.036954327,0,0.001334355,0.056003451
gb,3,2,3,3,0.7,0.3,tycoon,A squirrel,I am a slightly curious person,26,Male,13,5,6,8,2,2,0,0,0.3,0.75,0.625,2,2,15,0,8,0,0.33333,1,3,0.305263158,0.04365651,-0.047619048,-0.305263158,-0.513684211,0.720897094,-0.692772619,0,0,-0.477126407,-0.286460356,0,0.63882861,0,0,0.000207592,0.034916519,0,0.026293758,0.046722509
gb,3,2,3,3,0.7,0.3,tycoon,A squirrel,I am a slightly curious person,26,Male,13,5,6,9,1,2,0,1,0.7,0.75,0.625,1,2,15,1,9,0,0.33333,5,0,0.763934695,0.038886415,1.51E-08,0.236065305,0.165245714,0.180617865,-0.448266988,0.359387193,0.653064793,-0.60687214,-0.466927048,0.010280655,0.575740303,0.002491082,0,0.00672169,0.026418501,1.11E-16,0.000626477,0.046003505
gb,3,2,3,3,0.7,0.3,tycoon,A squirrel,I am a slightly curious person,26,Male,13,5,6,10,2,2,1,1,0.3,0.75,0.625,2,2,15,1,10,0,0.33333,2,3,0.242424242,0.032139578,1,0.757575758,0.53030303,0.755667538,-0.691309507,0.638709677,0.654156989,-0.352252836,-0.477126407,0.0668108,0.602756229,0.002702453,0,0.000193599,0.027085907,0.012903226,0.035836067,0.05550949
gb,3,2,3,3,0.7,0.3,tycoon,A squirrel,I am a slightly curious person,26,Male,13,5,6,11,1,3,0,1,0.7,0.75,0.625,1,2,15,1,11,0,0.33333,6,0,0.79654368,0.030721348,1.51E-08,0.20345632,0.142419424,0.153640138,-0.409331248,0.349821356,0.647335981,-0.733891271,-0.60687214,0.00714069,0.546230432,0.001676195,0,0.003899167,0.021027305,1.11E-16,0.000290958,0.055207449
gb,3,2,3,3,0.7,0.3,tycoon,A squirrel,I am a slightly curious person,26,Male,13,5,6,12,2,2,0,1,0.3,0.75,0.625,2,2,15,1,12,0,0.33333,3,3,0.290322581,0.036680541,0.85714286,0.709677419,0.496774194,0.68671629,-0.693126369,0.596153846,0.674540362,-0.270498672,-0.352252836,0.058683512,0.573690497,0.002054791,0,0.000187655,0.02167169,0,0.026183535,0.045514077
gb,3,2,3,3,0.7,0.3,tycoon,A squirrel,I am a slightly curious person,26,Male,13,5,6,13,1,1,0,0,0.7,0.75,0.625,1,2,15,0,13,0,0.33333,6,1,0.821619976,0.024639009,-0.999999985,-0.821619976,-0.875133983,2.080513981,-0.37650936,0,0,-0.351554018,-0.733891271,0,0.829483371,0,0,0.015273006,0.053059252,0,0.00138765,0.046657266
gb,3,2,3,3,0.7,0.3,tycoon,A squirrel,I am a slightly curious person,26,Male,13,5,6,14,2,3,0,0,0.3,0.75,0.625,2,2,15,0,14,0,0.33333,3,4,0.341346154,0.039465709,-0.285714286,-0.341346154,-0.538942308,0.774232098,-0.6901111,0,0,-0.402753524,-0.270498672,0,0.763892946,0,0,0.0008213,0.050280211,0,0.033570597,0.05402002
gb,3,2,3,3,0.7,0.3,tycoon,A squirrel,I am a slightly curious person,26,Male,13,5,6,15,1,3,1,1,0.7,0.75,0.625,1,2,15,1,15,0,0.33333,7,1,0.683493473,0.034610861,0.204081633,0.316506527,0.221554569,0.250456385,-0.528868497,0.385383468,0.666638198,-0.441349354,-0.351554018,0.010976855,0.71570397,0.003548558,0,0.009779435,0.041061791,0,0.000713851,0.053327821
gb,3,2,3,3,0.7,0.3,tycoon,A squirrel,I am a slightly curious person,26,Male,13,5,6,16,2,2,0,0,0.3,0.75,0.625,2,2,15,0,16,0,0.33333,3,5,0.281427413,0.032002412,-0.183673472,-0.281427413,-0.496999189,0.687163496,-0.693129171,0,0,-0.536554872,-0.402753524,0,0.675301038,0,0,0.000128763,0.040047209,0,0.021771011,0.041509422
gb,3,2,3,3,0.7,0.3,tycoon,A squirrel,I am a slightly curious person,26,Male,13,5,6,17,2,2,0,1,0.3,0.75,0.625,2,2,15,1,17,0,0.33333,4,5,0.236891325,0.025914689,0.892857139,0.763108675,0.534176072,0.763947554,-0.69080935,0.644020159,0.651070009,-0.444164508,-0.536554872,0.057441423,0.700996766,0.002680065,0,0.000235828,0.040623684,0.010062439,0.030437973,0.050136059
gb,3,2,3,3,0.7,0.3,tycoon,A squirrel,I am a slightly curious person,26,Male,13,5,6,18,1,2,0,0,0.7,0.75,0.625,1,2,15,0,18,0,0.33333,7,2,0.714616532,0.029443897,-0.821428566,-0.714616532,-0.800231572,1.610596445,-0.500081228,0,0,-0.327921028,-0.441349354,0,0.831523445,0,0,0.023920979,0.068259655,0,0.002120763,0.051595814
gb,3,2,3,3,0.7,0.3,tycoon,A squirrel,I am a slightly curious person,26,Male,13,5,6,19,2,1,1,1,0.3,0.75,0.625,2,2,15,1,19,0,0.33333,5,5,0.275833684,0.028588486,0.793650794,0.724166316,0.506916421,0.707076589,-0.693051504,0.608416125,0.669451304,-0.384117107,-0.444164508,0.050519563,0.869218379,0.003447018,0,0.002583455,0.069819441,0.002805375,0.026459458,0.047619493
gb,3,2,3,3,0.7,0.3,tycoon,A squirrel,I am a slightly curious person,26,Male,13,5,6,20,2,1,1,1,0.3,0.75,0.625,2,2,15,1,20,0,0.33333,6,5,0.316418973,0.03020575,0.71428571,0.683581027,0.478506719,0.651058888,-0.692222974,0.575271074,0.681772518,-0.354860789,-0.384117107,0.042856173,0.908046858,0.003555748,0,0.003994101,0.071753879,0,0.019192567,0.040271688
bg,0,0,2,2,0.3,0.7,bandit,A squirrel,I am a slightly curious person,27,Female,5,0,4,1,2,1,0,1,0.7,0,0.5,2,1,16,1,1,0,0.33333,1,0,0.5,0.083333333,NaN,0.5,0.65,1.049822124,-0.647446639,0,0,-0.193147181,0,0,1.039551049,0,0,0.029166667,0.093418128,0,0.03446712,0.072619437
bg,0,0,2,2,0.3,0.7,bandit,A squirrel,I am a slightly curious person,27,Female,5,0,4,2,1,4,0,0,0.3,0,0.5,1,1,16,0,2,0,0.33333,0,1,0.5,0.083333333,NaN,-0.5,-0.35,0.430782916,-0.647446639,0.461538462,0.690185676,-0.049857149,0,0.054145178,0.984972769,0.021305274,-5.55E-17,0.022602092,0.081023074,0,0.010744811,0.064322906
bg,0,0,2,2,0.3,0.7,bandit,A squirrel,I am a slightly curious person,27,Female,5,0,4,3,1,4,1,0,0.3,0,0.5,1,1,16,0,3,0,0.33333,0,2,0.41025641,0.075279421,-3.32E-16,-0.41025641,-0.287179487,0.338525625,-0.599606885,0.420863309,0.680569124,-0.169460509,-0.049857149,0.036406267,0.917274304,0.010701112,0,0.012232438,0.072225933,-1.11E-16,0.005618362,0.059183989
bg,0,0,2,2,0.3,0.7,bandit,A squirrel,I am a slightly curious person,27,Female,5,0,4,4,2,4,1,0,0.7,0,0.5,2,1,16,0,4,0,0.33333,1,1,0.666666667,0.055555556,-0.999999985,-0.666666667,-0.466666667,0.628608659,-0.690923309,0.5625,0.685314207,-0.093938823,-0.193147181,0.069434567,0.988166946,0.018865011,5.55E-17,0.045117187,0.097380255,0,0.023469388,0.048209635
bg,0,0,2,2,0.3,0.7,bandit,A squirrel,I am a slightly curious person,27,Female,5,0,4,5,2,1,0,1,0.7,0,0.5,2,1,16,1,5,0,0.33333,2,1,0.59375,0.059960937,0.285714286,0.40625,0.584375,0.877971868,-0.678840541,0,0,-0.286460356,-0.093938823,0,0.885954462,0,0,0.018190789,0.059465015,0,0.035631937,0.060346701
bg,0,0,2,2,0.3,0.7,bandit,A squirrel,I am a slightly curious person,27,Female,5,0,4,6,1,4,0,0,0.3,0,0.5,1,1,16,0,6,0,0.33333,0,3,0.336330935,0.06242107,-3.32E-16,-0.336330935,-0.235431655,0.268443859,-0.54575663,0.392378264,0.669800034,-0.317247853,-0.169460509,0.023643113,0.819423148,0.007473117,5.55E-17,0.004976847,0.054738725,1.11E-16,0.00278523,0.057540143
bg,0,0,2,2,0.3,0.7,bandit,A squirrel,I am a slightly curious person,27,Female,5,0,4,7,1,4,1,0,0.3,0,0.5,1,1,16,0,7,0,0.33333,0,4,0.279181369,0.049557175,-3.32E-16,-0.279181369,-0.195426958,0.217443525,-0.493997111,0.372868571,0.66046475,-0.466927048,-0.317247853,0.015384673,0.764813434,0.003609762,0,0.002427292,0.05208129,-1.11E-16,0.001334355,0.056003451
bg,0,0,2,2,0.3,0.7,bandit,A squirrel,I am a slightly curious person,27,Female,5,0,4,8,2,1,0,1,0.7,0,0.5,2,1,16,1,8,0,0.33333,3,1,0.694736842,0.04365651,0.047619048,0.305263158,0.513684211,0.720897094,-0.692772619,0,0,-0.477126407,-0.286460356,0,0.66560232,0,0,0.007623106,0.034258676,0,0.026293758,0.046722509
bg,0,0,2,2,0.3,0.7,bandit,A squirrel,I am a slightly curious person,27,Female,5,0,4,9,2,4,0,0,0.7,0,0.5,2,1,16,0,9,0,0.33333,3,2,0.757575758,0.032139578,-0.999999985,-0.757575758,-0.53030303,0.755667538,-0.691309507,0.638709677,0.654156989,-0.352252836,-0.477126407,0.0668108,0.741365568,0.01288146,-5.55E-17,0.012525202,0.045808591,0.012903226,0.035836067,0.056193286
bg,0,0,2,2,0.3,0.7,bandit,A squirrel,I am a slightly curious person,27,Female,5,0,4,10,2,4,0,0,0.7,0,0.5,2,1,16,0,10,0,0.33333,3,3,0.709677419,0.036680541,-0.857142857,-0.709677419,-0.496774194,0.68671629,-0.693126369,0.596153846,0.674540362,-0.270498672,-0.352252836,0.058683512,0.807459633,0.010537488,-1.11E-16,0.019337816,0.059241295,1.11E-16,0.026183535,0.046553917
bg,0,0,2,2,0.3,0.7,bandit,A squirrel,I am a slightly curious person,27,Female,5,0,4,11,1,4,0,0,0.3,0,0.5,1,1,16,0,11,0,0.33333,0,5,0.236065305,0.038886415,-3.32E-16,-0.236065305,-0.165245714,0.180617865,-0.448266988,0.359387193,0.653064793,-0.60687214,-0.466927048,0.010280655,0.764183991,0.002473519,0,0.001682473,0.057401234,-1.11E-16,0.000626477,0.045833994
bg,0,0,2,2,0.3,0.7,bandit,A squirrel,I am a slightly curious person,27,Female,5,0,4,12,2,4,0,0,0.7,0,0.5,2,1,16,0,12,0,0.33333,3,4,0.658653846,0.039465709,-0.714285714,-0.658653846,-0.461057692,0.61814675,-0.6901111,0.556645852,0.686715876,-0.232660544,-0.270498672,0.048982434,0.815536169,0.008516775,-5.55E-17,0.028067523,0.071682598,-1.11E-16,0.01815257,0.037859479
bg,0,0,2,2,0.3,0.7,bandit,A squirrel,I am a slightly curious person,27,Female,5,0,4,13,2,4,0,0,0.7,0,0.5,2,1,16,0,13,0,0.33333,3,5,0.607394192,0.040151491,-0.612244898,-0.607394192,-0.425175934,0.553691258,-0.681907727,0.521898817,0.692187757,-0.232047957,-0.232660544,0.039248513,0.854145543,0.006728169,5.55E-17,0.038457947,0.086464627,1.11E-16,0.011994021,0.030735762
bg,0,0,2,2,0.3,0.7,bandit,A squirrel,I am a slightly curious person,27,Female,5,0,4,14,1,4,1,0,0.3,0,0.5,1,1,16,0,14,0,0.33333,0,6,0.20345632,0.030721348,-3.32E-16,-0.20345632,-0.142419424,0.153640138,-0.409331248,0.349821356,0.647335981,-0.733891271,-0.60687214,0.00714069,0.816972675,0.001762463,5.55E-17,0.002291376,0.084797118,-1.11E-16,0.000290958,0.030486861
bg,0,0,2,2,0.3,0.7,bandit,A squirrel,I am a slightly curious person,27,Female,5,0,4,15,2,1,0,1,0.7,0,0.5,2,1,16,1,15,0,0.33333,4,5,0.558499155,0.038986468,0.464285715,0.441500845,0.609050591,0.939177117,-0.669170875,0,0,-0.298346983,-0.232047957,0,0.757276648,0,0,0.020356942,0.062403566,0,0.018834414,0.038146857
bg,0,0,2,2,0.3,0.7,bandit,A squirrel,I am a slightly curious person,27,Female,5,0,4,16,1,4,1,0,0.3,0,0.5,1,1,16,0,16,0,0.33333,0,7,0.178380024,0.024639009,-3.32E-16,-0.178380024,-0.124866017,0.133378281,-0.37650936,0.342804651,0.642878283,-0.848385195,-0.733891271,0.005168064,0.732370434,0.000898954,0,0.000584384,0.061705751,0,0.000134477,0.038029147
bg,0,0,2,2,0.3,0.7,bandit,A squirrel,I am a slightly curious person,27,Female,5,0,4,17,2,4,0,0,0.7,0,0.5,2,1,16,0,17,0,0.33333,4,6,0.628304933,0.034730242,-0.634920635,-0.628304933,-0.439813453,0.579485431,-0.685884742,0.535535888,0.690619451,-0.294935993,-0.298346983,0.037329237,0.765837573,0.005322306,0,0.028057805,0.073700154,0,0.012847841,0.032056822
bg,0,0,2,2,0.3,0.7,bandit,A squirrel,I am a slightly curious person,27,Female,5,0,4,18,2,4,1,0,0.7,0,0.5,2,1,16,0,18,0,0.33333,4,7,0.584906587,0.034000202,-0.571428571,-0.584906587,-0.409434611,0.526674914,-0.676652104,0.507987778,0.693019566,-0.313823874,-0.294935993,0.029764054,0.790703868,0.004065019,0,0.036907449,0.085762524,1.11E-16,0.008449089,0.027663497
bg,0,0,2,2,0.3,0.7,bandit,A squirrel,I am a slightly curious person,27,Female,5,0,4,19,2,1,0,1,0.7,0,0.5,2,1,16,1,19,0,0.33333,5,7,0.544605983,0.032338032,0.480519481,0.455394017,0.618775812,0.964367656,-0.664660247,0,0,-0.35116401,-0.313823874,0,0.747679782,0,0,0.021140538,0.066665717,0,0.013417801,0.03264507
bg,0,0,2,2,0.3,0.7,bandit,A squirrel,I am a slightly curious person,27,Female,5,0,4,20,2,4,1,0,0.7,0,0.5,2,1,16,0,20,0,0.33333,5,8,0.603984751,0.030149451,-0.595238094,-0.603984751,-0.422789325,0.549547958,-0.68117636,0.519740908,0.692367571,-0.366182202,-0.35116401,0.028643145,0.772835056,0.003524939,1.11E-16,0.027991809,0.077124946,-1.11E-16,0.009080232,0.028295046
bg,3,2,2,1,0.7,0.3,bandit,A squirrel,I am a slightly curious person,42,Male,11,5,3,1,2,4,0,1,0.3,0.375,0.625,2,1,17,1,1,0,0.33333,1,0,0.5,0.083333333,NaN,0.5,0.65,1.049822124,-0.647446639,0,0,-0.193147181,0,0,1.039551049,0,0,0.029166667,0.093418128,0,0.03446712,0.072619437
bg,3,2,2,1,0.7,0.3,bandit,A squirrel,I am a slightly curious person,42,Male,11,5,3,2,2,4,0,1,0.3,0.375,0.625,2,1,17,1,2,0,0.33333,2,0,0.666666667,0.055555556,1.51E-08,0.333333333,0.533333333,0.762140052,-0.690923309,0,0,-0.431945622,-0.193147181,0,0.958767843,0,0,0.0109375,0.058341589,0,0.03036929,0.068537521
bg,3,2,2,1,0.7,0.3,bandit,A squirrel,I am a slightly curious person,42,Male,11,5,3,3,1,4,0,1,0.7,0.375,0.625,1,1,17,1,3,0,0.33333,1,0,0.5,0.083333333,NaN,0.5,0.65,1.049822124,-0.647446639,0,0,-0.193147181,0,0,1.012005798,0,0,0.040104167,0.075002123,0,0.03446712,0.083950781
bg,3,2,2,1,0.7,0.3,bandit,A squirrel,I am a slightly curious person,42,Male,11,5,3,4,1,3,0,1,0.7,0.375,0.625,1,1,17,1,4,0,0.33333,2,0,0.666666667,0.055555556,1.51E-08,0.333333333,0.533333333,0.762140052,-0.690923309,0,0,-0.431945622,-0.193147181,0,1.003380084,0,0,0.055371094,0.087618598,0,0.03036929,0.079856344
bg,3,2,2,1,0.7,0.3,bandit,A squirrel,I am a slightly curious person,42,Male,11,5,3,5,2,4,1,0,0.3,0.375,0.625,2,1,17,0,5,0,0.33333,2,1,0.75,0.0375,-0.999999985,-0.75,-0.525,0.744440475,-0.691896659,0.631578947,0.658109988,-0.286460356,-0.431945622,0.072891961,1.012377035,0.024718194,0,0.041166735,0.076468564,0.010526316,0.035631937,0.08511034
bg,3,2,2,1,0.7,0.3,bandit,A squirrel,I am a slightly curious person,42,Male,11,5,3,6,1,3,0,1,0.7,0.375,0.625,1,1,17,1,6,0,0.33333,3,0,0.75,0.0375,1.51E-08,0.25,0.475,0.644357016,-0.691896659,0,0,-0.636294361,-0.431945622,0,0.960844259,0,0,0.022658425,0.053267029,0,0.01735388,0.072099988
bg,3,2,2,1,0.7,0.3,bandit,A squirrel,I am a slightly curious person,42,Male,11,5,3,7,2,4,0,1,0.3,0.375,0.625,2,1,17,1,7,0,0.33333,3,1,0.694736842,0.04365651,0.047619048,0.305263158,0.513684211,0.720897094,-0.692772619,0,0,-0.477126407,-0.286460356,0,0.976289996,0,0,0.035640436,0.062183423,0,0.026293758,0.062758963
bg,3,2,2,1,0.7,0.3,bandit,A squirrel,I am a slightly curious person,42,Male,11,5,3,8,1,4,0,0,0.7,0.375,0.625,1,1,17,0,8,0,0.33333,3,1,0.8,0.026666667,-0.999999985,-0.8,-0.56,0.820980552,-0.6859298,0.681818182,0.62549136,-0.477126407,-0.636294361,0.072019411,1.003167678,0.022259437,0.020247934,0.051327543,0.081779761,0.007070707,0.026293758,0.071696575
bg,3,2,2,1,0.7,0.3,bandit,A squirrel,I am a slightly curious person,42,Male,11,5,3,9,2,4,1,0,0.3,0.375,0.625,2,1,17,0,9,0,0.33333,3,2,0.757575758,0.032139578,-0.999999985,-0.757575758,-0.53030303,0.755667538,-0.691309507,0.638709677,0.654156989,-0.352252836,-0.477126407,0.0668108,1.011825525,0.022591937,0,0.03862465,0.072062854,0.012903226,0.035836067,0.081244268
bg,3,2,2,1,0.7,0.3,bandit,A squirrel,I am a slightly curious person,42,Male,11,5,3,10,1,4,0,1,0.7,0.375,0.625,1,1,17,1,10,0,0.33333,4,1,0.757575758,0.032139578,1.51E-08,0.242424242,0.46969697,0.634306681,-0.691309507,0,0,-0.64897963,-0.477126407,0,0.965898421,0,0,0.023077702,0.052750936,0,0.015937237,0.070883452
bg,3,2,2,1,0.7,0.3,bandit,A squirrel,I am a slightly curious person,42,Male,11,5,3,11,2,4,1,0,0.3,0.375,0.625,2,1,17,0,11,0,0.33333,3,3,0.709677419,0.036680541,-0.857142857,-0.709677419,-0.496774194,0.68671629,-0.693126369,0.596153846,0.674540362,-0.270498672,-0.352252836,0.058683512,0.931378222,0.01783704,0,0.018074741,0.045443402,1.11E-16,0.026183535,0.06121679
bg,3,2,2,1,0.7,0.3,bandit,A squirrel,I am a slightly curious person,42,Male,11,5,3,12,1,4,0,1,0.7,0.375,0.625,1,1,17,1,12,0,0.33333,5,1,0.8,0.024285714,1.51E-08,0.2,0.44,0.579818495,-0.6859298,0,0,-0.801754843,-0.64897963,0,0.869649614,0,0,0.008795401,0.034109987,0,0.009881719,0.05514776
bg,3,2,2,1,0.7,0.3,bandit,A squirrel,I am a slightly curious person,42,Male,11,5,3,13,1,4,0,0,0.7,0.375,0.625,1,1,17,0,13,0,0.33333,5,2,0.830357143,0.018840349,-0.999999985,-0.830357143,-0.58125,0.870481196,-0.679885325,0.71641791,0.596304722,-0.658128866,-0.801754843,0.065723905,0.937194601,0.016364108,-1.11E-16,0.013883107,0.044773583,-1.11E-16,0.014945486,0.060195202
bg,3,2,2,1,0.7,0.3,bandit,A squirrel,I am a slightly curious person,42,Male,11,5,3,14,1,3,1,0,0.7,0.375,0.625,1,1,17,0,14,0,0.33333,5,3,0.798862829,0.022514698,-0.999999985,-0.798862829,-0.55920398,0.81917305,-0.686120484,0.680586907,0.626426272,-0.536554872,-0.658128866,0.062711644,0.996583678,0.0175134,0,0.021041512,0.0578889,0.004078254,0.021771011,0.067041122
bg,3,2,2,1,0.7,0.3,bandit,A squirrel,I am a slightly curious person,42,Male,11,5,3,15,1,4,0,1,0.7,0.375,0.625,1,1,17,1,15,0,0.33333,6,3,0.763108675,0.025914689,0.107142857,0.236891325,0.465823928,0.627029771,-0.69080935,0,0,-0.665819316,-0.536554872,0,0.943478991,0,0,0.01278272,0.044519767,0,0.014213057,0.059478269
bg,3,2,2,1,0.7,0.3,bandit,A squirrel,I am a slightly curious person,42,Male,11,5,3,16,1,4,0,1,0.7,0.375,0.625,1,1,17,1,16,0,0.33333,7,3,0.797068044,0.02110733,0.047619048,0.202931956,0.44205237,0.583490173,-0.686416209,0,0,-0.788200355,-0.665819316,0,0.890380736,0,0,0.00780083,0.034934193,0,0.009334957,0.054582403
bg,3,2,2,1,0.7,0.3,bandit,A squirrel,I am a slightly curious person,42,Male,11,5,3,17,2,3,1,0,0.3,0.375,0.625,2,1,17,0,17,0,0.33333,3,4,0.658653846,0.039465709,-0.714285714,-0.658653846,-0.461057692,0.61814675,-0.6901111,0.556645852,0.686715876,-0.232660544,-0.270498672,0.048982434,0.83143883,0.016232362,0,0.008814348,0.029727128,-1.11E-16,0.01815257,0.046213077
bg,3,2,2,1,0.7,0.3,bandit,A squirrel,I am a slightly curious person,42,Male,11,5,3,18,2,4,1,0,0.3,0.375,0.625,2,1,17,0,18,0,0.33333,3,5,0.607394192,0.040151491,-0.612244898,-0.607394192,-0.425175934,0.553691258,-0.681907727,0.521898817,0.692187757,-0.232047957,-0.232660544,0.039248513,0.766947314,0.01136249,0,0.005323943,0.025658196,1.11E-16,0.011994021,0.040108882
bg,3,2,2,1,0.7,0.3,bandit,A squirrel,I am a slightly curious person,42,Male,11,5,3,19,1,4,0,1,0.7,0.375,0.625,1,1,17,1,19,0,0.33333,8,3,0.823549258,0.017344322,1.51E-08,0.176450742,0.42351552,0.55080686,-0.681401369,0,0,-0.903003857,-0.788200355,0,0.705711047,0,0,0.001186837,0.020319635,0,0.006164488,0.037282767
bg,3,2,2,1,0.7,0.3,bandit,A squirrel,I am a slightly curious person,42,Male,11,5,3,20,2,4,1,0,0.3,0.375,0.625,2,1,17,0,20,0,0.33333,3,6,0.558499155,0.038986468,-0.535714285,-0.558499155,-0.390949409,0.495853942,-0.669170875,0.492569918,0.693036764,-0.258135832,-0.232047957,0.030622857,0.644414814,0.008274099,0,0.002205132,0.017971143,-1.11E-16,0.007603174,0.032870073
bg,1,1,0,2,0.7,0.3,bandit,A squirrel,I am a slightly curious person,31,Female,6,2,2,1,1,1,0,1,0.7,0.25,0.25,1,1,18,1,1,0,0.33333,1,0,0.5,0.083333333,NaN,0.5,0.65,1.049822124,-0.647446639,0,0,-0.193147181,0,0,1.03952273,0,0,0.029166667,0.093376317,0,0.03446712,0.072619437
bg,1,1,0,2,0.7,0.3,bandit,A squirrel,I am a slightly curious person,31,Female,6,2,2,2,2,1,0,1,0.3,0.25,0.25,2,1,18,1,2,0,0.33333,1,0,0.5,0.083333333,NaN,0.5,0.65,1.049822124,-0.647446639,0,0,-0.193147181,0,0,1.054566807,0,0,0.069135807,0.116672236,0,0.03446712,0.088042217
bg,1,1,0,2,0.7,0.3,bandit,A squirrel,I am a slightly curious person,31,Female,6,2,2,3,1,1,0,1,0.7,0.25,0.25,1,1,18,1,3,0,0.33333,2,0,0.666666667,0.055555556,1.51E-08,0.333333333,0.533333333,0.762140052,-0.690923309,0,0,-0.431945622,-0.193147181,0,1.011825534,0,0,0.034567906,0.075018834,0,0.03036929,0.083950781
bg,1,1,0,2,0.7,0.3,bandit,A squirrel,I am a slightly curious person,31,Female,6,2,2,4,2,1,0,0,0.3,0.25,0.25,2,1,18,0,4,0,0.33333,1,1,0.666666667,0.055555556,-0.999999985,-0.666666667,-0.466666667,0.628608659,-0.690923309,0.5625,0.685314207,-0.093938823,-0.193147181,0.069434567,0.983703838,0.024434138,0,0.026745605,0.064096387,0,0.023469388,0.072950756
bg,1,1,0,2,0.7,0.3,bandit,A squirrel,I am a slightly curious person,31,Female,6,2,2,5,1,2,1,0,0.7,0.25,0.25,1,1,18,0,5,0,0.33333,2,1,0.75,0.0375,-0.999999985,-0.75,-0.525,0.744440475,-0.691896659,0.631578947,0.658109988,-0.286460356,-0.431945622,0.072891961,1.044151385,0.021446285,-1.67E-16,0.034370192,0.086302211,0.010526316,0.035631937,0.078205147
bg,1,1,0,2,0.7,0.3,bandit,A squirrel,I am a slightly curious person,31,Female,6,2,2,6,2,2,0,0,0.3,0.25,0.25,2,1,18,0,6,0,0.33333,1,2,0.59375,0.059960937,-0.714285714,-0.59375,-0.415625,0.537212379,-0.678840541,0.513368984,0.692789678,-0.068419324,-0.093938823,0.05510258,1.009383857,0.019394282,0,0.025800125,0.0747372,1.11E-16,0.014819018,0.069558766
bg,1,1,0,2,0.7,0.3,bandit,A squirrel,I am a slightly curious person,31,Female,6,2,2,7,1,3,0,0,0.7,0.25,0.25,1,1,18,0,7,0,0.33333,2,2,0.694736842,0.04365651,-0.952380952,-0.694736842,-0.486315789,0.666146579,-0.692772619,0.584016393,0.678962475,-0.193348887,-0.286460356,0.06368976,1.064375377,0.018112811,5.55E-17,0.032729406,0.098003628,0,0.025346907,0.059289222
bg,1,1,0,2,0.7,0.3,bandit,A squirrel,I am a slightly curious person,31,Female,6,2,2,8,2,2,0,0,0.3,0.25,0.25,2,1,18,0,8,0,0.33333,1,3,0.521925134,0.059144957,-0.476190471,-0.521925134,-0.365347594,0.454677821,-0.656433082,0.472699697,0.691655826,-0.102038269,-0.068419324,0.041065537,1.024330063,0.013544695,5.55E-17,0.024203126,0.087160778,0,0.008758475,0.053223246
bg,1,1,0,2,0.7,0.3,bandit,A squirrel,I am a slightly curious person,31,Female,6,2,2,9,1,3,1,0,0.7,0.25,0.25,1,1,18,0,9,0,0.33333,2,3,0.635245902,0.047282317,-0.714285715,-0.635245902,-0.444672131,0.588196585,-0.687012278,0.540221402,0.68990816,-0.1552444,-0.193348887,0.052273614,1.067608611,0.01418218,0,0.040743196,0.110008275,1.11E-16,0.016947838,0.044823376
bg,1,1,0,2,0.7,0.3,bandit,A squirrel,I am a slightly curious person,31,Female,6,2,2,10,2,1,1,0,0.3,0.25,0.25,2,1,18,0,10,0,0.33333,1,4,0.45669026,0.054325817,-0.357142857,-0.45669026,-0.319683182,0.38519668,-0.626630418,0.440971018,0.68616206,-0.172348106,-0.102038269,0.029483823,1.026382926,0.009123333,0,0.022402639,0.100617663,0,0.004910265,0.040960974
bg,1,1,0,2,0.7,0.3,bandit,A squirrel,I am a slightly curious person,31,Female,6,2,2,11,1,1,0,1,0.7,0.25,0.25,1,1,18,1,11,0,0.33333,3,3,0.575645756,0.047783255,0.428571429,0.424354244,0.59704797,0.908937758,-0.674190472,0,0,-0.270498672,-0.1552444,0,0.946624939,0,0,0.019337816,0.068543869,0,0.026183535,0.050177937
bg,1,1,0,2,0.7,0.3,bandit,A squirrel,I am a slightly curious person,31,Female,6,2,2,12,1,1,1,0,0.7,0.25,0.25,1,1,18,0,12,0,0.33333,3,4,0.658653846,0.039465709,-0.714285714,-0.658653846,-0.461057692,0.61814675,-0.6901111,0.556645852,0.686715876,-0.232660544,-0.270498672,0.048982434,1.001191112,0.011297973,-5.55E-17,0.028067523,0.085650936,0,0.01815257,0.042172302
bg,1,1,0,2,0.7,0.3,bandit,A squirrel,I am a slightly curious person,31,Female,6,2,2,13,2,2,0,0,0.3,0.25,0.25,2,1,18,0,13,0,0.33333,1,5,0.400792668,0.047626322,-0.285714286,-0.400792668,-0.280554867,0.329275013,-0.593476605,0.416988018,0.679301179,-0.259727487,-0.172348106,0.020928267,0.949778317,0.005720417,-5.55E-17,0.010625854,0.079847003,-1.11E-16,0.002646807,0.039900533
bg,1,1,0,2,0.7,0.3,bandit,A squirrel,I am a slightly curious person,31,Female,6,2,2,14,2,3,1,0,0.3,0.25,0.25,2,1,18,0,14,0,0.33333,1,6,0.354453588,0.040759615,-0.238095236,-0.354453588,-0.248117511,0.285175232,-0.560257554,0.39899852,0.672603512,-0.351554018,-0.259727487,0.014991389,0.902957466,0.003679154,0,0.006193869,0.076008782,0,0.00138765,0.038636406
bg,1,1,0,2,0.7,0.3,bandit,A squirrel,I am a slightly curious person,31,Female,6,2,2,15,1,2,1,0,0.7,0.25,0.25,1,1,18,0,15,0,0.33333,3,5,0.607394192,0.040151491,-0.612244898,-0.607394192,-0.425175934,0.553691258,-0.681907727,0.521898817,0.692187757,-0.232047957,-0.232660544,0.039248513,0.945449172,0.007679415,5.55E-17,0.038457947,0.091897456,1.11E-16,0.011994021,0.032268784
bg,1,1,0,2,0.7,0.3,bandit,A squirrel,I am a slightly curious person,31,Female,6,2,2,16,1,1,0,1,0.7,0.25,0.25,1,1,18,1,16,0,0.33333,4,5,0.558499155,0.038986468,0.464285715,0.441500845,0.609050591,0.939177117,-0.669170875,0,0,-0.298346983,-0.232047957,0,0.876124972,0,0,0.020356942,0.067256468,0,0.018834414,0.039298389
bg,1,1,0,2,0.7,0.3,bandit,A squirrel,I am a slightly curious person,31,Female,6,2,2,17,2,3,0,0,0.3,0.25,0.25,2,1,18,0,17,0,0.33333,1,7,0.316506527,0.034610861,-0.204081636,-0.316506527,-0.221554569,0.250456385,-0.528868497,0.385383468,0.666638198,-0.441349354,-0.351554018,0.010976855,0.838418381,0.004554214,0,0.002871508,0.065026354,-1.11E-16,0.000713851,0.038575884
bg,1,1,0,2,0.7,0.3,bandit,A squirrel,I am a slightly curious person,31,Female,6,2,2,18,2,3,1,0,0.3,0.25,0.25,2,1,18,0,18,0,0.33333,1,8,0.285383468,0.029443897,-0.178571429,-0.285383468,-0.199768428,0.222854128,-0.500081228,0.374891482,0.661507779,-0.526463112,-0.441349354,0.008262094,0.803353657,0.001656175,0,0.001606773,0.063583901,0,0.000362631,0.03824418
bg,1,1,0,2,0.7,0.3,bandit,A squirrel,I am a slightly curious person,31,Female,6,2,2,19,2,2,0,1,0.3,0.25,0.25,2,1,18,1,19,0,0.33333,2,8,0.259627514,0.025214316,0.841269839,0.740372486,0.81826074,1.705182259,-0.474020587,0,0,-0.395872462,-0.526463112,0,0.895760226,0,0,0.004809852,0.067820981,0,0.001172696,0.039024981
bg,1,1,0,2,0.7,0.3,bandit,A squirrel,I am a slightly curious person,31,Female,6,2,2,20,1,1,0,0,0.7,0.25,0.25,1,1,18,0,20,0,0.33333,4,6,0.628304933,0.034730242,-0.634920635,-0.628304933,-0.439813453,0.579485431,-0.685884742,0.535535888,0.690619451,-0.294935993,-0.298346983,0.037329237,0.942575515,0.008004695,0,0.028057805,0.081403066,1.11E-16,0.012847841,0.033064488
gb,0,0,2,3,0.3,0.7,bandit,A squirrel,I am a slightly curious person,23,Female,7,0,5,1,2,4,0,1,0.7,0,0.625,2,1,19,1,1,0,0.33333,1,0,0.5,0.083333333,NaN,0.5,0.65,1.049822124,-0.647446639,0,0,-0.193147181,0,0,1.039551049,0,0,0.029166667,0.093418128,0,0.03446712,0.072619437
gb,0,0,2,3,0.3,0.7,bandit,A squirrel,I am a slightly curious person,23,Female,7,0,5,2,2,1,0,1,0.7,0,0.625,2,1,19,1,2,0,0.33333,2,0,0.666666667,0.055555556,1.51E-08,0.333333333,0.533333333,0.762140052,-0.690923309,0,0,-0.431945622,-0.193147181,0,0.958767843,0,0,0.0109375,0.058341589,0,0.03036929,0.068537521
gb,0,0,2,3,0.3,0.7,bandit,A squirrel,I am a slightly curious person,23,Female,7,0,5,3,2,4,1,0,0.7,0,0.625,2,1,19,0,3,0,0.33333,2,1,0.75,0.0375,-0.999999985,-0.75,-0.525,0.744440475,-0.691896659,0.631578947,0.658109988,-0.286460356,-0.431945622,0.072891961,1.018834208,0.021528088,-1.67E-16,0.018190789,0.078510225,0.010526316,0.035631937,0.073782589
gb,0,0,2,3,0.3,0.7,bandit,A squirrel,I am a slightly curious person,23,Female,7,0,5,4,2,4,0,0,0.7,0,0.625,2,1,19,0,4,0,0.33333,2,2,0.694736842,0.04365651,-0.952380952,-0.694736842,-0.486315789,0.666146579,-0.692772619,0.584016393,0.678962475,-0.193348887,-0.286460356,0.06368976,1.06884553,0.017076703,5.55E-17,0.028195441,0.102237203,1.11E-16,0.025346907,0.063526039
gb,0,0,2,3,0.3,0.7,bandit,A squirrel,I am a slightly curious person,23,Female,7,0,5,5,2,4,1,0,0.7,0,0.625,2,1,19,0,5,0,0.33333,2,3,0.635245902,0.047282317,-0.714285715,-0.635245902,-0.444672131,0.588196585,-0.687012278,0.540221402,0.68990816,-0.1552444,-0.193348887,0.052273614,1.09299985,0.011495425,0,0.040743196,0.127514008,0,0.016947838,0.055123452
gb,0,0,2,3,0.3,0.7,bandit,A squirrel,I am a slightly curious person,23,Female,7,0,5,6,2,4,0,0,0.7,0,0.625,2,1,19,0,6,0,0.33333,2,4,0.575645756,0.047783255,-0.571428571,-0.575645756,-0.40295203,0.515757816,-0.674190472,0.502472188,0.693134957,-0.163472784,-0.1552444,0.040802486,1.098279266,0.008826991,0.012870828,0.055189844,0.15282309,1.11E-16,0.010714599,0.04886071
gb,0,0,2,3,0.3,0.7,bandit,A squirrel,I am a slightly curious person,23,Female,7,0,5,7,1,3,1,0,0.3,0,0.625,1,1,19,0,7,0,0.33333,0,1,0.5,0.083333333,NaN,-0.5,-0.35,0.430782916,-0.647446639,0.461538462,0.690185676,-0.049857149,0,0.054145178,1.080137258,0.022639449,0,0.051204608,0.133571498,-1.11E-16,0.010744811,0.040523699
gb,0,0,2,3,0.3,0.7,bandit,A squirrel,I am a slightly curious person,23,Female,7,0,5,8,2,4,1,0,0.7,0,0.625,2,1,19,0,8,0,0.33333,2,5,0.519622991,0.045607934,-0.476190477,-0.519622991,-0.363736094,0.452141855,-0.655537563,0.471502465,0.691522081,-0.203628259,-0.163472784,0.030843712,1.083341482,0.004823613,0.006476602,0.049307474,0.134070122,0,0.006462498,0.036316273
gb,0,0,2,3,0.3,0.7,bandit,A squirrel,I am a slightly curious person,23,Female,7,0,5,9,2,1,0,1,0.7,0,0.625,2,1,19,1,9,0,0.33333,3,5,0.469446401,0.041805495,0.591836735,0.530553599,0.67138752,1.112876093,-0.633191658,0,0,-0.232047957,-0.203628259,0,1.069921245,0,0,0.038457947,0.114170125,0,0.011994021,0.041824458
gb,0,0,2,3,0.3,0.7,bandit,A squirrel,I am a slightly curious person,23,Female,7,0,5,10,1,4,0,0,0.3,0,0.625,1,1,19,0,10,0,0.33333,0,2,0.41025641,0.075279421,-3.32E-16,-0.41025641,-0.287179487,0.338525625,-0.599606885,0.420863309,0.680569124,-0.169460509,-0.049857149,0.036406267,1.013018133,0.013680484,-5.55E-17,0.024697062,0.101852565,-1.11E-16,0.005618362,0.036692967
gb,0,0,2,3,0.3,0.7,bandit,A squirrel,I am a slightly curious person,23,Female,7,0,5,11,2,4,0,1,0.7,0,0.625,2,1,19,1,11,0,0.33333,4,5,0.558499155,0.038986468,0.464285715,0.441500845,0.609050591,0.939177117,-0.669170875,0,0,-0.298346983,-0.232047957,0,0.965997342,0,0,0.020356942,0.075408565,0,0.018834414,0.043497195
gb,0,0,2,3,0.3,0.7,bandit,A squirrel,I am a slightly curious person,23,Female,7,0,5,12,2,1,0,1,0.7,0,0.625,2,1,19,1,12,0,0.33333,5,5,0.628304933,0.034730242,0.365079365,0.371695067,0.560186547,0.821404612,-0.685884742,0,0,-0.384117107,-0.298346983,0,0.900541697,0,0,0.010548419,0.056852222,0,0.026459458,0.051127894
gb,0,0,2,3,0.3,0.7,bandit,A squirrel,I am a slightly curious person,23,Female,7,0,5,13,1,4,0,0,0.3,0,0.625,1,1,19,0,13,0,0.33333,0,3,0.336330935,0.06242107,-3.32E-16,-0.336330935,-0.235431655,0.268443859,-0.54575663,0.392378264,0.669800034,-0.317247853,-0.169460509,0.023643113,0.827581851,0.008829661,-5.55E-17,0.00547817,0.052030381,1.11E-16,0.00278523,0.048306046
gb,0,0,2,3,0.3,0.7,bandit,A squirrel,I am a slightly curious person,23,Female,7,0,5,14,2,1,0,1,0.7,0,0.625,2,1,19,1,14,0,0.33333,6,5,0.683581027,0.03020575,0.285714286,0.316418973,0.521493281,0.737085027,-0.692222974,0,0,-0.479838749,-0.384117107,0,0.760814789,0,0,0.005377449,0.039796061,0,0.028087181,0.049961786
gb,0,0,2,3,0.3,0.7,bandit,A squirrel,I am a slightly curious person,23,Female,7,0,5,15,1,4,0,0,0.3,0,0.625,1,1,19,0,15,0,0.33333,0,4,0.279181369,0.049557175,-3.32E-16,-0.279181369,-0.195426958,0.217443525,-0.493997111,0.372868571,0.66046475,-0.466927048,-0.317247853,0.015384673,0.704980155,0.004373764,0,0.001742473,0.03765913,0,0.001334355,0.048462022
gb,0,0,2,3,0.3,0.7,bandit,A squirrel,I am a slightly curious person,23,Female,7,0,5,16,2,1,0,1,0.7,0,0.625,2,1,19,1,16,0,0.33333,7,5,0.727768547,0.02594908,0.220779221,0.272231453,0.490562017,0.674447156,-0.692969019,0,0,-0.579897619,-0.479838749,0,0.64653192,0,0,0.00270768,0.029316466,0,0.019278673,0.039623543
gb,0,0,2,3,0.3,0.7,bandit,A squirrel,I am a slightly curious person,23,Female,7,0,5,17,1,4,0,0,0.3,0,0.625,1,1,19,0,17,0,0.33333,0,5,0.236065305,0.038886415,-3.32E-16,-0.236065305,-0.165245714,0.180617865,-0.448266988,0.359387193,0.653064793,-0.60687214,-0.466927048,0.010280655,0.611031706,0.002135778,0,0.000526077,0.02843878,-1.11E-16,0.000626477,0.03626044
gb,0,0,2,3,0.3,0.7,bandit,A squirrel,I am a slightly curious person,23,Female,7,0,5,18,2,4,1,0,0.7,0,0.625,2,1,19,0,18,0,0.33333,7,6,0.763424223,0.022171588,-0.833333332,-0.763424223,-0.534396956,0.764421846,-0.690779009,0.644325685,0.650888672,-0.511717082,-0.579897619,0.050169436,0.660291756,0.005728431,0,0.004265075,0.035239015,0.00739949,0.026249611,0.044627002
gb,0,0,2,3,0.3,0.7,bandit,A squirrel,I am a slightly curious person,23,Female,7,0,5,19,1,4,1,0,0.3,0,0.625,1,1,19,0,19,0,0.33333,0,6,0.20345632,0.030721348,-3.32E-16,-0.20345632,-0.142419424,0.153640138,-0.409331248,0.349821356,0.647335981,-0.733891271,-0.60687214,0.00714069,0.633600379,0.000908596,0,0.000358811,0.034643328,0,0.000290958,0.04485879
gb,0,0,2,3,0.3,0.7,bandit,A squirrel,I am a slightly curious person,23,Female,7,0,5,20,1,4,1,0,0.3,0,0.625,1,1,19,0,20,0,0.33333,0,7,0.178380024,0.024639009,-3.32E-16,-0.178380024,-0.124866017,0.133378281,-0.37650936,0.342804651,0.642878283,-0.848385195,-0.733891271,0.005168064,0.616451967,0.000739805,0,0.000162859,0.034325798,0,0.000134477,0.044940803
bg,2,2,2,1,0.7,0.3,tycoon,A squirrel,I am a slightly curious person,50,Female,10,4,3,1,1,4,0,0,0.7,0.375,0.5,1,2,20,0,1,0,0.33333,0,1,0.5,0.083333333,NaN,-0.5,-0.65,1.049822124,-0.647446639,0,0,-0.193147181,0,0,1.028476148,0,0,0.029166667,0.140011085,0,0.03446712,0.072619481
bg,2,2,2,1,0.7,0.3,tycoon,A squirrel,I am a slightly curious person,50,Female,10,4,3,2,1,4,0,0,0.7,0.375,0.5,1,2,20,0,2,0,0.33333,0,2,0.333333333,0.055555556,-3.32E-16,-0.333333333,-0.533333333,0.762140052,-0.690923309,0,0,-0.431945622,-0.193147181,0,0.957617597,0,0,0.0109375,0.128400306,0,0.03036929,0.068531753
bg,2,2,2,1,0.7,0.3,tycoon,A squirrel,I am a slightly curious person,50,Female,10,4,3,3,2,4,1,1,0.3,0.375,0.5,2,2,20,1,3,0,0.33333,1,0,0.5,0.083333333,NaN,0.5,0.35,0.430782916,-0.647446639,0.461538462,0.690185676,-0.049857149,0,0.054145178,0.889220703,0.011014358,0,0.056089744,0.093483782,0,0.010744811,0.060222917
bg,2,2,2,1,0.7,0.3,tycoon,A squirrel,I am a slightly curious person,50,Female,10,4,3,4,2,4,0,0,0.3,0.375,0.5,2,2,20,0,4,0,0.33333,1,1,0.58974359,0.075279421,-0.999999985,-0.58974359,-0.712820513,1.247647868,-0.599606885,0,0,-0.093938823,-0.049857149,0,0.965260987,0,0,0.045117187,0.093459407,0,0.023469388,0.072950247
bg,2,2,2,1,0.7,0.3,tycoon,A squirrel,I am a slightly curious person,50,Female,10,4,3,5,2,4,1,1,0.3,0.375,0.5,2,2,20,1,5,0,0.33333,2,1,0.40625,0.059960938,0.714285714,0.59375,0.415625,0.537212379,-0.678840541,0.513368984,0.692789678,-0.068419324,-0.093938823,0.05510258,0.950055607,0.013211934,0.018342246,0.064268048,0.112046964,1.11E-16,0.014819018,0.064300538
bg,2,2,2,1,0.7,0.3,tycoon,A squirrel,I am a slightly curious person,50,Female,10,4,3,6,2,4,0,0,0.3,0.375,0.5,2,2,20,0,6,0,0.33333,2,2,0.478074866,0.059144957,-0.523809526,-0.478074866,-0.634652406,1.006906067,-0.656433082,0,0,-0.193348887,-0.068419324,0,0.958110733,0,0,0.028195441,0.079588781,0,0.025346907,0.074840518
bg,2,2,2,1,0.7,0.3,tycoon,A squirrel,I am a slightly curious person,50,Female,10,4,3,7,1,4,0,0,0.7,0.375,0.5,1,2,20,0,7,0,0.33333,0,3,0.25,0.0375,-3.32E-16,-0.25,-0.475,0.644357016,-0.691896659,0,0,-0.636294361,-0.431945622,0,0.897947283,0,0,0.004375,0.072417747,0,0.01735388,0.061823324
bg,2,2,2,1,0.7,0.3,tycoon,A squirrel,I am a slightly curious person,50,Female,10,4,3,8,1,4,1,1,0.7,0.375,0.5,1,2,20,1,8,0,0.33333,1,3,0.2,0.026666667,1,0.8,0.56,0.820980552,-0.6859298,0.681818182,0.62549136,-0.477126407,-0.636294361,0.072019411,0.943627922,0.010732808,0,0.007623106,0.076871682,0.007070707,0.026293758,0.070779766
bg,2,2,2,1,0.7,0.3,tycoon,A squirrel,I am a slightly curious person,50,Female,10,4,3,9,1,4,1,1,0.7,0.375,0.5,1,2,20,1,9,0,0.33333,2,3,0.242424242,0.032139578,1,0.757575758,0.53030303,0.755667538,-0.691309507,0.638709677,0.654156989,-0.352252836,-0.477126407,0.0668108,0.98550415,0.010681523,0,0.012525202,0.082784148,0.012903226,0.035836067,0.080279685
bg,2,2,2,1,0.7,0.3,tycoon,A squirrel,I am a slightly curious person,50,Female,10,4,3,10,1,4,0,1,0.7,0.375,0.5,1,2,20,1,10,0,0.33333,3,3,0.290322581,0.036680541,0.85714286,0.709677419,0.496774194,0.68671629,-0.693126369,0.596153846,0.674540362,-0.270498672,-0.352252836,0.058683512,1.018530775,0.009935761,0,0.019337816,0.090096853,-1.11E-16,0.026183535,0.070657736
bg,2,2,2,1,0.7,0.3,tycoon,A squirrel,I am a slightly curious person,50,Female,10,4,3,11,1,4,0,0,0.7,0.375,0.5,1,2,20,0,11,0,0.33333,3,4,0.341346154,0.039465709,-0.285714286,-0.341346154,-0.538942308,0.774232098,-0.6901111,0,0,-0.402753524,-0.270498672,0,0.974122451,0,0,0.009133433,0.080196297,0,0.033570596,0.078018721
bg,2,2,2,1,0.7,0.3,tycoon,A squirrel,I am a slightly curious person,50,Female,10,4,3,12,1,4,1,1,0.7,0.375,0.5,1,2,20,1,12,0,0.33333,4,4,0.281427413,0.032002412,0.816326528,0.718572587,0.503000811,0.699166885,-0.693129171,0.603622715,0.671515413,-0.332358209,-0.402753524,0.05433972,1.006559215,0.008143417,0,0.014020008,0.08608836,0.001207572,0.026478727,0.070929646
bg,2,2,2,1,0.7,0.3,tycoon,A squirrel,I am a slightly curious person,50,Female,10,4,3,13,1,4,1,1,0.7,0.375,0.5,1,2,20,1,13,0,0.33333,5,4,0.326501305,0.034124577,0.714285719,0.673498695,0.471449086,0.637616142,-0.691515984,0.567589597,0.683982442,-0.298346983,-0.332358209,0.045803546,1.029363424,0.006856591,0,0.020356942,0.092884854,1.11E-16,0.018834414,0.063277348
bg,2,2,2,1,0.7,0.3,tycoon,A squirrel,I am a slightly curious person,50,Female,10,4,3,14,1,4,0,1,0.7,0.375,0.5,1,2,20,1,14,0,0.33333,6,4,0.371695067,0.034730242,0.634920635,0.628304933,0.439813453,0.579485431,-0.685884742,0.535535888,0.690619451,-0.294935993,-0.298346983,0.037329237,1.042100712,0.005928156,0,0.028057805,0.100329571,-1.11E-16,0.012847841,0.057049752
bg,2,2,2,1,0.7,0.3,tycoon,A squirrel,I am a slightly curious person,50,Female,10,4,3,15,1,4,0,0,0.7,0.375,0.5,1,2,20,0,15,0,0.33333,6,5,0.415093413,0.034000202,-0.428571435,-0.415093413,-0.590565389,0.892978069,-0.676652104,0,0,-0.354860789,-0.294935993,0,1.020377512,0,0,0.015293146,0.089054702,0,0.019192567,0.06364268
bg,2,2,2,1,0.7,0.3,tycoon,A squirrel,I am a slightly curious person,50,Female,10,4,3,16,1,4,0,0,0.7,0.375,0.5,1,2,20,0,16,0,0.33333,6,6,0.356964127,0.030676045,-0.350649351,-0.356964127,-0.549874889,0.79822971,-0.688163888,0,0,-0.428970104,-0.354860789,0,0.98905503,0,0,0.008149947,0.08148778,0,0.026247047,0.070709197
bg,2,2,2,1,0.7,0.3,tycoon,A squirrel,I am a slightly curious person,50,Female,10,4,3,17,2,4,0,1,0.3,0.375,0.5,2,2,20,1,17,0,0.33333,3,2,0.364754098,0.047282317,0.714285715,0.635245902,0.444672131,0.588196585,-0.687012278,0.540221402,0.68990816,-0.1552444,-0.193348887,0.052273614,0.989906824,0.01310659,0,0.040743196,0.094186527,1.11E-16,0.016947838,0.06231012
bg,2,2,2,1,0.7,0.3,tycoon,A squirrel,I am a slightly curious person,50,Female,10,4,3,18,2,4,0,0,0.3,0.375,0.5,2,2,20,0,18,0,0.33333,3,3,0.424354244,0.047783255,-0.428571429,-0.424354244,-0.59704797,0.908937758,-0.674190472,0,0,-0.270498672,-0.1552444,0,0.977998906,0,0,0.019337816,0.07407978,0,0.026183535,0.071532164
bg,2,2,2,1,0.7,0.3,tycoon,A squirrel,I am a slightly curious person,50,Female,10,4,3,19,2,4,0,0,0.3,0.375,0.5,2,2,20,0,19,0,0.33333,3,4,0.341346154,0.039465709,-0.285714286,-0.341346154,-0.538942308,0.774232098,-0.6901111,0,0,-0.402753524,-0.270498672,0,0.942560747,0,0,0.009133433,0.062687166,0,0.033570596,0.078940171
bg,2,2,2,1,0.7,0.3,tycoon,A squirrel,I am a slightly curious person,50,Female,10,4,3,20,2,4,1,1,0.3,0.375,0.5,2,2,20,1,20,0,0.33333,4,4,0.281427413,0.032002412,0.816326528,0.718572587,0.503000811,0.699166885,-0.693129171,0.603622715,0.671515413,-0.332358209,-0.402753524,0.05433972,0.968825559,0.009987986,0,0.014020008,0.069495283,0.001207572,0.026478727,0.071789176
gb,2,2,1,1,0.7,0.3,bandit,A squirrel,I am a slightly curious person,33,Prefer not to specify,6,4,2,1,2,4,1,0,0.3,0.25,0.5,2,1,21,0,1,0,0.33333,0,1,0.5,0.083333333,NaN,-0.5,-0.35,0.430782916,-0.647446639,0.461538462,0.690185676,-0.049857149,0,0.054145178,1.079620079,0.018796586,0,0.056089744,0.156338291,1.11E-16,0.010744811,0.048912754
gb,2,2,1,1,0.7,0.3,bandit,A squirrel,I am a slightly curious person,33,Prefer not to specify,6,4,2,2,1,4,0,0,0.7,0.25,0.5,1,1,21,0,2,0,0.33333,0,1,0.5,0.083333333,NaN,-0.5,-0.35,0.430782916,-0.647446639,0.461538462,0.690185676,-0.049857149,0,0.054145178,1.077482968,0.018548511,0,0.056089744,0.133947084,-1.11E-16,0.010744811,0.040598993
gb,2,2,1,1,0.7,0.3,bandit,A squirrel,I am a slightly curious person,33,Prefer not to specify,6,4,2,3,2,2,0,1,0.3,0.25,0.5,2,1,21,1,3,0,0.33333,1,1,0.41025641,0.075279421,1,0.58974359,0.712820513,1.247647868,-0.599606885,0,0,-0.093938823,-0.049857149,0,1.046473403,0,0,0.045117187,0.108458956,0,0.023469388,0.053316988
gb,2,2,1,1,0.7,0.3,bandit,A squirrel,I am a slightly curious person,33,Prefer not to specify,6,4,2,4,1,1,0,1,0.7,0.25,0.5,1,1,21,1,4,0,0.33333,1,1,0.41025641,0.075279421,1,0.58974359,0.712820513,1.247647868,-0.599606885,0,0,-0.093938823,-0.049857149,0,1.087659811,0,0,0.072546574,0.135359204,0,0.023469388,0.066037201
gb,2,2,1,1,0.7,0.3,bandit,A squirrel,I am a slightly curious person,33,Prefer not to specify,6,4,2,5,2,4,0,0,0.3,0.25,0.5,2,1,21,0,5,0,0.33333,1,2,0.59375,0.059960937,-0.714285714,-0.59375,-0.415625,0.537212379,-0.678840541,0.513368984,0.692789678,-0.068419324,-0.093938823,0.05510258,1.083120441,0.018134754,0,0.049421355,0.119981981,0,0.014819018,0.05738955
gb,2,2,1,1,0.7,0.3,bandit,A squirrel,I am a slightly curious person,33,Prefer not to specify,6,4,2,6,1,4,1,0,0.7,0.25,0.5,1,1,21,0,6,0,0.33333,1,2,0.59375,0.059960937,-0.714285714,-0.59375,-0.415625,0.537212379,-0.678840541,0.513368984,0.692789678,-0.068419324,-0.093938823,0.05510258,1.098578546,0.017956973,0.025810861,0.071815674,0.152131881,1.11E-16,0.014819018,0.048745152
gb,2,2,1,1,0.7,0.3,bandit,A squirrel,I am a slightly curious person,33,Prefer not to specify,6,4,2,7,2,1,0,1,0.3,0.25,0.5,2,1,21,1,7,0,0.33333,2,2,0.521925134,0.059144957,0.523809529,0.478074866,0.634652406,1.006906067,-0.656433082,0,0,-0.193348887,-0.068419324,0,1.064313294,0,0,0.032729406,0.098004242,0,0.025346907,0.059289222
gb,2,2,1,1,0.7,0.3,bandit,A squirrel,I am a slightly curious person,33,Prefer not to specify,6,4,2,8,1,1,0,1,0.7,0.25,0.5,1,1,21,1,8,0,0.33333,2,2,0.521925134,0.059144957,0.523809529,0.478074866,0.634652406,1.006906067,-0.656433082,0,0,-0.193348887,-0.068419324,0,1.077463879,0,0,0.063708875,0.116741623,0,0.025346907,0.069847445
gb,2,2,1,1,0.7,0.3,bandit,A squirrel,I am a slightly curious person,33,Prefer not to specify,6,4,2,9,2,4,1,0,0.3,0.25,0.5,2,1,21,0,9,0,0.33333,2,3,0.635245902,0.047282317,-0.714285715,-0.635245902,-0.444672131,0.588196585,-0.687012278,0.540221402,0.68990816,-0.1552444,-0.193348887,0.052273614,1.07695036,0.0165335,5.55E-17,0.044875939,0.103629432,-1.11E-16,0.016947838,0.061446767
gb,2,2,1,1,0.7,0.3,bandit,A squirrel,I am a slightly curious person,33,Prefer not to specify,6,4,2,10,1,4,1,0,0.7,0.25,0.5,1,1,21,0,10,0,0.33333,2,3,0.635245902,0.047282317,-0.714285715,-0.635245902,-0.444672131,0.588196585,-0.687012278,0.540221402,0.68990816,-0.1552444,-0.193348887,0.052273614,1.095520105,0.01629979,0.022538092,0.063935155,0.129980294,0,0.016947838,0.053059719
gb,2,2,1,1,0.7,0.3,bandit,A squirrel,I am a slightly curious person,33,Prefer not to specify,6,4,2,11,2,4,1,0,0.3,0.25,0.5,2,1,21,0,11,0,0.33333,2,4,0.575645756,0.047783255,-0.571428571,-0.575645756,-0.40295203,0.515757816,-0.674190472,0.502472188,0.693134957,-0.163472784,-0.1552444,0.040802486,1.089024074,0.01241179,0,0.044744479,0.117281938,1.11E-16,0.010714599,0.046794058
gb,2,2,1,1,0.7,0.3,bandit,A squirrel,I am a slightly curious person,33,Prefer not to specify,6,4,2,12,1,4,1,0,0.7,0.25,0.5,1,1,21,0,12,0,0.33333,2,4,0.575645756,0.047783255,-0.571428571,-0.575645756,-0.40295203,0.515757816,-0.674190472,0.502472188,0.693134957,-0.163472784,-0.1552444,0.040802486,1.097415242,0.011969671,0.019704917,0.062027421,0.141968183,-1.11E-16,0.010714599,0.040528105
gb,2,2,1,1,0.7,0.3,bandit,A squirrel,I am a slightly curious person,33,Prefer not to specify,6,4,2,13,2,4,0,0,0.3,0.25,0.5,2,1,21,0,13,0,0.33333,2,5,0.519622991,0.045607934,-0.476190477,-0.519622991,-0.363736094,0.452141855,-0.655537563,0.471502465,0.691522081,-0.203628259,-0.163472784,0.030843712,1.085639061,0.008580788,0,0.043746448,0.130539922,-1.11E-16,0.006462498,0.036254673
gb,2,2,1,1,0.7,0.3,bandit,A squirrel,I am a slightly curious person,33,Prefer not to specify,6,4,2,14,1,4,1,0,0.7,0.25,0.5,1,1,21,0,14,0,0.33333,2,5,0.519622991,0.045607934,-0.476190477,-0.519622991,-0.363736094,0.452141855,-0.655537563,0.471502465,0.691522081,-0.203628259,-0.163472784,0.030843712,1.085038274,0.008535927,0.006476602,0.049307474,0.13148087,-1.11E-16,0.006462498,0.031838834
gb,2,2,1,1,0.7,0.3,bandit,A squirrel,I am a slightly curious person,33,Prefer not to specify,6,4,2,15,2,4,0,0,0.3,0.25,0.5,2,1,21,0,15,0,0.33333,2,6,0.469446401,0.041805495,-0.408163265,-0.469446401,-0.32861248,0.398408783,-0.633191658,0.446835831,0.687483623,-0.261816885,-0.203628259,0.023017317,1.06948507,0.005737154,0,0.034575004,0.121728895,1.11E-16,0.003755078,0.029352871
gb,2,2,1,1,0.7,0.3,bandit,A squirrel,I am a slightly curious person,33,Prefer not to specify,6,4,2,16,1,1,0,1,0.7,0.25,0.5,1,1,21,1,16,0,0.33333,3,5,0.469446401,0.041805495,0.591836735,0.530553599,0.67138752,1.112876093,-0.633191658,0,0,-0.232047957,-0.203628259,0,1.04249634,0,0,0.038457947,0.102674592,0,0.011994021,0.034852535
gb,2,2,1,1,0.7,0.3,bandit,A squirrel,I am a slightly curious person,33,Prefer not to specify,6,4,2,17,2,4,0,0,0.3,0.25,0.5,2,1,21,0,17,0,0.33333,2,7,0.425859283,0.037403886,-0.357142862,-0.425859283,-0.298101498,0.35396647,-0.609247114,0.427412225,0.682571878,-0.327921028,-0.261816885,0.017233904,1.006132218,0.004598981,0,0.014945627,0.097054029,0,0.002120763,0.033198945
gb,2,2,1,1,0.7,0.3,bandit,A squirrel,I am a slightly curious person,33,Prefer not to specify,6,4,2,18,1,1,0,1,0.7,0.25,0.5,1,1,21,1,18,0,0.33333,4,5,0.558499155,0.038986468,0.464285715,0.441500845,0.609050591,0.939177117,-0.669170875,0,0,-0.298346983,-0.232047957,0,0.937277439,0,0,0.020356942,0.070800667,0,0.018834414,0.039728326
gb,2,2,1,1,0.7,0.3,bandit,A squirrel,I am a slightly curious person,33,Prefer not to specify,6,4,2,19,2,4,0,0,0.3,0.25,0.5,2,1,21,0,19,0,0.33333,2,8,0.388556568,0.033084727,-0.317460318,-0.388556568,-0.271989597,0.317439942,-0.585227712,0.412082024,0.677607376,-0.395872462,-0.327921028,0.013090866,0.895760226,0.002029637,0,0.004809852,0.067820981,0,0.001172696,0.039024981
gb,2,2,1,1,0.7,0.3,bandit,A squirrel,I am a slightly curious person,33,Prefer not to specify,6,4,2,20,1,4,0,0,0.7,0.25,0.5,1,1,21,0,20,0,0.33333,4,6,0.628304933,0.034730242,-0.634920635,-0.628304933,-0.439813453,0.579485431,-0.685884742,0.535535888,0.690619451,-0.294935993,-0.298346983,0.037329237,0.942575515,0.008004695,0,0.028057805,0.081403066,1.11E-16,0.012847841,0.033064488
bg,2,2,1,1,0.7,0.3,bandit,A squirrel,I am a slightly curious person,54,Male,7,4,2,1,2,1,0,1,0.3,0.25,0.5,2,1,22,1,1,0,0.33333,1,0,0.5,0.083333333,NaN,0.5,0.65,1.049822124,-0.647446639,0,0,-0.193147181,0,0,1.039551049,0,0,0.029166667,0.093418128,0,0.03446712,0.072619437
bg,2,2,1,1,0.7,0.3,bandit,A squirrel,I am a slightly curious person,54,Male,7,4,2,2,2,4,0,0,0.3,0.25,0.5,2,1,22,0,2,0,0.33333,1,1,0.666666667,0.055555556,-0.999999985,-0.666666667,-0.466666667,0.628608659,-0.690923309,0.5625,0.685314207,-0.093938823,-0.193147181,0.069434567,1.084342328,0.020509498,5.55E-17,0.045117187,0.124334188,1.11E-16,0.023469388,0.061623317
bg,2,2,1,1,0.7,0.3,bandit,A squirrel,I am a slightly curious person,54,Male,7,4,2,3,1,1,0,1,0.7,0.25,0.5,1,1,22,1,3,0,0.33333,1,0,0.5,0.083333333,NaN,0.5,0.65,1.049822124,-0.647446639,0,0,-0.193147181,0,0,1.05842082,0,0,0.048841349,0.102565196,0,0.03446712,0.077039922
bg,2,2,1,1,0.7,0.3,bandit,A squirrel,I am a slightly curious person,54,Male,7,4,2,4,2,4,1,0,0.3,0.25,0.5,2,1,22,0,4,0,0.33333,1,2,0.59375,0.059960937,-0.714285714,-0.59375,-0.415625,0.537212379,-0.678840541,0.513368984,0.692789678,-0.068419324,-0.093938823,0.05510258,1.03220855,0.018005924,0,0.031480826,0.089577169,1.11E-16,0.014819018,0.068392048
bg,2,2,1,1,0.7,0.3,bandit,A squirrel,I am a slightly curious person,54,Male,7,4,2,5,2,4,0,1,0.3,0.25,0.5,2,1,22,1,5,0,0.33333,2,2,0.521925134,0.059144957,0.523809529,0.478074866,0.634652406,1.006906067,-0.656433082,0,0,-0.193348887,-0.068419324,0,1.060772516,0,0,0.052682207,0.106474095,0,0.025346907,0.078939702
bg,2,2,1,1,0.7,0.3,bandit,A squirrel,I am a slightly curious person,54,Male,7,4,2,6,1,4,1,0,0.7,0.25,0.5,1,1,22,0,6,0,0.33333,1,1,0.666666667,0.055555556,-0.999999985,-0.666666667,-0.466666667,0.628608659,-0.690923309,0.5625,0.685314207,-0.093938823,-0.193147181,0.069434567,1.080600175,0.025716374,0.012371926,0.058168763,0.112083325,0,0.023469388,0.067944278
bg,2,2,1,1,0.7,0.3,bandit,A squirrel,I am a slightly curious person,54,Male,7,4,2,7,2,4,0,0,0.3,0.25,0.5,2,1,22,0,7,0,0.33333,2,3,0.635245902,0.047282317,-0.714285715,-0.635245902,-0.444672131,0.588196585,-0.687012278,0.540221402,0.68990816,-0.1552444,-0.193348887,0.052273614,1.089490507,0.014981608,0.015691882,0.057737287,0.126917952,-1.11E-16,0.016947838,0.059549296
bg,2,2,1,1,0.7,0.3,bandit,A squirrel,I am a slightly curious person,54,Male,7,4,2,8,2,4,1,0,0.3,0.25,0.5,2,1,22,0,8,0,0.33333,2,4,0.575645756,0.047783255,-0.571428571,-0.575645756,-0.40295203,0.515757816,-0.674190472,0.502472188,0.693134957,-0.163472784,-0.1552444,0.040802486,1.076823901,0.010644435,0,0.039902435,0.115161597,-1.11E-16,0.010714599,0.053310128
bg,2,2,1,1,0.7,0.3,bandit,A squirrel,I am a slightly curious person,54,Male,7,4,2,9,1,2,0,1,0.7,0.25,0.5,1,1,22,1,9,0,0.33333,2,1,0.59375,0.059960937,0.285714286,0.40625,0.584375,0.877971868,-0.678840541,0,0,-0.286460356,-0.093938823,0,0.990156677,0,0,0.020997635,0.070590376,0,0.035631937,0.065470467
bg,2,2,1,1,0.7,0.3,bandit,A squirrel,I am a slightly curious person,54,Male,7,4,2,10,2,4,0,0,0.3,0.25,0.5,2,1,22,0,10,0,0.33333,2,5,0.519622991,0.045607934,-0.476190477,-0.519622991,-0.363736094,0.452141855,-0.655537563,0.471502465,0.691522081,-0.203628259,-0.163472784,0.030843712,0.946923492,0.009174582,0,0.01166555,0.064083796,0,0.006462498,0.061252693
bg,2,2,1,1,0.7,0.3,bandit,A squirrel,I am a slightly curious person,54,Male,7,4,2,11,2,4,0,0,0.3,0.25,0.5,2,1,22,0,11,0,0.33333,2,6,0.469446401,0.041805495,-0.408163265,-0.469446401,-0.32861248,0.398408783,-0.633191658,0.446835831,0.687483623,-0.261816885,-0.203628259,0.023017317,0.900208939,0.004940282,0,0.006904373,0.059401075,0,0.003755078,0.058441098
bg,2,2,1,1,0.7,0.3,bandit,A squirrel,I am a slightly curious person,54,Male,7,4,2,12,1,1,0,1,0.7,0.25,0.5,1,1,22,1,12,0,0.33333,3,1,0.694736842,0.04365651,0.047619048,0.305263158,0.513684211,0.720897094,-0.692772619,0,0,-0.477126407,-0.286460356,0,0.783308843,0,0,0.007623106,0.038814582,0,0.026293758,0.049148317
bg,2,2,1,1,0.7,0.3,bandit,A squirrel,I am a slightly curious person,54,Male,7,4,2,13,1,1,0,1,0.7,0.25,0.5,1,1,22,1,13,0,0.33333,4,1,0.757575758,0.032139578,1.51E-08,0.242424242,0.46969697,0.634306681,-0.691309507,0,0,-0.64897963,-0.477126407,0,0.688440392,0,0,0.00328125,0.027055447,0,0.015937237,0.038767083
bg,2,2,1,1,0.7,0.3,bandit,A squirrel,I am a slightly curious person,54,Male,7,4,2,14,2,4,1,0,0.3,0.25,0.5,2,1,22,0,14,0,0.33333,2,7,0.425859283,0.037403886,-0.357142862,-0.425859283,-0.298101498,0.35396647,-0.609247114,0.427412225,0.682571878,-0.327921028,-0.261816885,0.017233904,0.645193458,0.003424574,0,0.00102847,0.025476501,0,0.002120763,0.037153703
bg,2,2,1,1,0.7,0.3,bandit,A squirrel,I am a slightly curious person,54,Male,7,4,2,15,1,4,1,0,0.7,0.25,0.5,1,1,22,0,15,0,0.33333,4,2,0.8,0.024285714,-0.999999985,-0.8,-0.56,0.820980552,-0.6859298,0.681818182,0.62549136,-0.510122266,-0.64897963,0.0670261,0.727951624,0.013341321,-1.11E-16,0.005624112,0.03423243,0.00530303,0.023644259,0.044801765
bg,2,2,1,1,0.7,0.3,bandit,A squirrel,I am a slightly curious person,54,Male,7,4,2,16,1,4,1,0,0.7,0.25,0.5,1,1,22,0,16,0,0.33333,4,3,0.761363636,0.028550521,-0.952380952,-0.761363636,-0.532954545,0.761328693,-0.690973601,0.642335766,0.652062427,-0.402753524,-0.510122266,0.061777694,0.806675918,0.011837133,1.11E-16,0.009133433,0.044883951,0.012111381,0.033570597,0.054725558
bg,2,2,1,1,0.7,0.3,bandit,A squirrel,I am a slightly curious person,54,Male,7,4,2,17,2,4,0,0,0.3,0.25,0.5,2,1,22,0,17,0,0.33333,2,8,0.388556568,0.033084727,-0.317460318,-0.388556568,-0.271989597,0.317439942,-0.585227712,0.412082024,0.677607376,-0.395872462,-0.327921028,0.013090866,0.768827935,0.003809549,0,0.001664699,0.043026462,-1.11E-16,0.001172696,0.05379487
bg,2,2,1,1,0.7,0.3,bandit,A squirrel,I am a slightly curious person,54,Male,7,4,2,18,1,4,0,0,0.7,0.25,0.5,1,1,22,0,18,0,0.33333,4,4,0.718572587,0.032002412,-0.816326531,-0.718572587,-0.503000811,0.699166885,-0.693129171,0.603622715,0.671515413,-0.332358209,-0.402753524,0.05433972,0.84035196,0.012864779,5.55E-17,0.014020008,0.054837341,0.001207572,0.026478728,0.046713916
bg,2,2,1,1,0.7,0.3,bandit,A squirrel,I am a slightly curious person,54,Male,7,4,2,19,1,1,0,1,0.7,0.25,0.5,1,1,22,1,19,0,0.33333,5,4,0.673498695,0.034124577,0.285714286,0.326501305,0.528550914,0.751944165,-0.691515984,0,0,-0.444164508,-0.332358209,0,0.754019536,0,0,0.006915546,0.040286648,0,0.030437972,0.050643888
bg,2,2,1,1,0.7,0.3,bandit,A squirrel,I am a slightly curious person,54,Male,7,4,2,20,2,4,1,0,0.3,0.25,0.5,2,1,22,0,20,0,0.33333,2,9,0.356744785,0.029176601,-0.285714288,-0.356744785,-0.249721349,0.287310607,-0.562028808,0.399851441,0.672951386,-0.462562998,-0.395872462,0.010147025,0.720050101,0.001643277,0,0.000833148,0.039142288,1.11E-16,0.000638446,0.050115275
gb,3,4,0,1,0.7,0.3,bandit,A squirrel,I am a slightly curious person,35,Female,5,7,1,1,1,1,0,1,0.7,0.125,0.875,1,1,23,1,1,0,0.33333,1,0,0.5,0.083333333,NaN,0.5,0.65,1.049822124,-0.647446639,0,0,-0.193147181,0,0,1.03952273,0,0,0.029166667,0.093376317,0,0.03446712,0.072619437
gb,3,4,0,1,0.7,0.3,bandit,A squirrel,I am a slightly curious person,35,Female,5,7,1,2,2,2,1,0,0.3,0.125,0.875,2,1,23,0,2,0,0.33333,0,1,0.5,0.083333333,NaN,-0.5,-0.35,0.430782916,-0.647446639,0.461538462,0.690185676,-0.049857149,0,0.054145178,0.983454681,0.020211579,-5.55E-17,0.022602092,0.08100466,0,0.010744811,0.064322906
gb,3,4,0,1,0.7,0.3,bandit,A squirrel,I am a slightly curious person,35,Female,5,7,1,3,1,4,0,0,0.7,0.125,0.875,1,1,23,0,3,0,0.33333,1,1,0.666666667,0.055555556,-0.999999985,-0.666666667,-0.466666667,0.628608659,-0.690923309,0.5625,0.685314207,-0.093938823,-0.193147181,0.069434567,1.046259061,0.019959753,5.55E-17,0.045117187,0.108456462,-1.11E-16,0.023469388,0.053316988
gb,3,4,0,1,0.7,0.3,bandit,A squirrel,I am a slightly curious person,35,Female,5,7,1,4,1,3,0,0,0.7,0.125,0.875,1,1,23,0,4,0,0.33333,1,2,0.59375,0.059960937,-0.714285714,-0.59375,-0.415625,0.537212379,-0.678840541,0.513368984,0.692789678,-0.068419324,-0.093938823,0.05510258,1.077806203,0.015436993,0.018342246,0.064268048,0.137504302,0,0.014819018,0.044668319
gb,3,4,0,1,0.7,0.3,bandit,A squirrel,I am a slightly curious person,35,Female,5,7,1,5,2,1,0,0,0.3,0.125,0.875,2,1,23,0,5,0,0.33333,0,2,0.41025641,0.075279421,-3.32E-16,-0.41025641,-0.287179487,0.338525625,-0.599606885,0.420863309,0.680569124,-0.169460509,-0.049857149,0.036406267,1.02984807,0.013353781,0,0.030316606,0.124320846,0,0.005618362,0.039540933
gb,3,4,0,1,0.7,0.3,bandit,A squirrel,I am a slightly curious person,35,Female,5,7,1,6,2,3,1,0,0.3,0.125,0.875,2,1,23,0,6,0,0.33333,0,3,0.336330935,0.06242107,-3.32E-16,-0.336330935,-0.235431655,0.268443859,-0.54575663,0.392378264,0.669800034,-0.317247853,-0.169460509,0.023643113,0.974790979,0.00802692,0,0.0175379,0.115717586,1.11E-16,0.00278523,0.036723961
gb,3,4,0,1,0.7,0.3,bandit,A squirrel,I am a slightly curious person,35,Female,5,7,1,7,2,1,0,0,0.3,0.125,0.875,2,1,23,0,7,0,0.33333,0,4,0.279181369,0.049557175,-3.32E-16,-0.279181369,-0.195426958,0.217443525,-0.493997111,0.372868571,0.66046475,-0.466927048,-0.317247853,0.015384673,0.932702477,0.008158961,0,0.009980461,0.110460741,0,0.001334355,0.035204143
gb,3,4,0,1,0.7,0.3,bandit,A squirrel,I am a slightly curious person,35,Female,5,7,1,8,2,1,1,0,0.3,0.125,0.875,2,1,23,0,8,0,0.33333,0,5,0.236065305,0.038886415,-3.32E-16,-0.236065305,-0.165245714,0.180617865,-0.448266988,0.359387193,0.653064793,-0.60687214,-0.466927048,0.010280655,0.889090558,0.002632502,0,0.005653441,0.107170489,1.11E-16,0.000626477,0.034502566
gb,3,4,0,1,0.7,0.3,bandit,A squirrel,I am a slightly curious person,35,Female,5,7,1,9,2,4,0,1,0.3,0.125,0.875,2,1,23,1,9,0,0.33333,1,5,0.20345632,0.030721348,1,0.79654368,0.857580576,1.948978886,-0.409331248,0,0,-0.259727487,-0.60687214,0,1.02701772,0,0,0.020370727,0.119648279,0,0.002646807,0.036563152
gb,3,4,0,1,0.7,0.3,bandit,A squirrel,I am a slightly curious person,35,Female,5,7,1,10,1,3,0,0,0.7,0.125,0.875,1,1,23,0,10,0,0.33333,1,3,0.521925134,0.059144957,-0.476190471,-0.521925134,-0.365347594,0.454677821,-0.656433082,0.472699697,0.691655826,-0.102038269,-0.068419324,0.041065537,1.036164746,0.007167994,0.007254803,0.054716991,0.115211456,0,0.008758475,0.030507374
gb,3,4,0,1,0.7,0.3,bandit,A squirrel,I am a slightly curious person,35,Female,5,7,1,11,1,2,1,0,0.7,0.125,0.875,1,1,23,0,11,0,0.33333,1,4,0.45669026,0.054325817,-0.357142857,-0.45669026,-0.319683182,0.38519668,-0.626630418,0.440971018,0.68616206,-0.172348106,-0.102038269,0.029483823,1.033109099,0.008342306,0,0.036400986,0.100240996,-1.11E-16,0.004910265,0.026629689
gb,3,4,0,1,0.7,0.3,bandit,A squirrel,I am a slightly curious person,35,Female,5,7,1,12,2,2,1,0,0.3,0.125,0.875,2,1,23,0,12,0,0.33333,1,6,0.354453588,0.040759615,-0.238095236,-0.354453588,-0.248117511,0.285175232,-0.560257554,0.39899852,0.672603512,-0.351554018,-0.259727487,0.014991389,1.004971297,0.003781465,0,0.015273006,0.09310905,1.11E-16,0.00138765,0.025371789
gb,3,4,0,1,0.7,0.3,bandit,A squirrel,I am a slightly curious person,35,Female,5,7,1,13,2,2,0,0,0.3,0.125,0.875,2,1,23,0,13,0,0.33333,1,7,0.316506527,0.034610861,-0.204081636,-0.316506527,-0.221554569,0.250456385,-0.528868497,0.385383468,0.666638198,-0.441349354,-0.351554018,0.010976855,0.975555119,0.002596199,0,0.009779435,0.088072197,1.11E-16,0.000713851,0.024652953
gb,3,4,0,1,0.7,0.3,bandit,A squirrel,I am a slightly curious person,35,Female,5,7,1,14,1,1,0,1,0.7,0.125,0.875,1,1,23,1,14,0,0.33333,2,4,0.400792668,0.047626322,0.714285714,0.599207332,0.719445133,1.270985967,-0.593476605,0,0,-0.163472784,-0.172348106,0,0.940185391,0,0,0.055189844,0.105760064,0,0.010714599,0.030488816
gb,3,4,0,1,0.7,0.3,bandit,A squirrel,I am a slightly curious person,35,Female,5,7,1,15,2,2,0,1,0.3,0.125,0.875,2,1,23,1,15,0,0.33333,2,7,0.285383468,0.029443897,0.821428571,0.714616532,0.800231572,1.610596445,-0.500081228,0,0,-0.327921028,-0.441349354,0,1.031718123,0,0,0.0205432,0.115585747,0,0.002120763,0.031873492
gb,3,4,0,1,0.7,0.3,bandit,A squirrel,I am a slightly curious person,35,Female,5,7,1,16,2,2,1,0,0.3,0.125,0.875,2,1,23,0,16,0,0.33333,2,8,0.388556568,0.033084727,-0.317460318,-0.388556568,-0.271989597,0.317439942,-0.585227712,0.412082024,0.677607376,-0.395872462,-0.327921028,0.013090866,1.002938364,0.002477883,0,0.013841102,0.110966251,0,0.001172696,0.030935114
gb,3,4,0,1,0.7,0.3,bandit,A squirrel,I am a slightly curious person,35,Female,5,7,1,17,1,3,1,0,0.7,0.125,0.875,1,1,23,0,17,0,0.33333,2,5,0.519622991,0.045607934,-0.476190477,-0.519622991,-0.363736094,0.452141855,-0.655537563,0.471502465,0.691522081,-0.203628259,-0.163472784,0.030843712,1.019563737,0.006757912,0.006476602,0.049307474,0.109108708,1.11E-16,0.006462498,0.026755356
gb,3,4,0,1,0.7,0.3,bandit,A squirrel,I am a slightly curious person,35,Female,5,7,1,18,1,2,0,1,0.7,0.125,0.875,1,1,23,1,18,0,0.33333,3,5,0.469446401,0.041805495,0.591836735,0.530553599,0.67138752,1.112876093,-0.633191658,0,0,-0.232047957,-0.203628259,0,0.969264297,0,0,0.038457947,0.093029682,0,0.011994021,0.032272727
gb,3,4,0,1,0.7,0.3,bandit,A squirrel,I am a slightly curious person,35,Female,5,7,1,19,2,1,0,0,0.3,0.125,0.875,2,1,23,0,19,0,0.33333,2,9,0.356744785,0.029176601,-0.285714288,-0.356744785,-0.249721349,0.287310607,-0.562028808,0.399851441,0.672951386,-0.462562998,-0.395872462,0.010147025,0.934742379,0.002021107,0,0.006257331,0.090160522,0,0.000638446,0.031724633
gb,3,4,0,1,0.7,0.3,bandit,A squirrel,I am a slightly curious person,35,Female,5,7,1,20,2,2,0,0,0.3,0.125,0.875,2,1,23,0,20,0,0.33333,2,10,0.329523404,0.025777244,-0.25974026,-0.329523404,-0.230666383,0.262230571,-0.540080286,0.389947863,0.66872476,-0.5266447,-0.462562998,0.008039586,0.903773845,0.001268755,0,0.004011796,0.08809951,-1.11E-16,0.000343634,0.031483331
bg,2,4,4,1,0.7,0.3,tycoon,A squirrel,I am a slightly curious person,28,Male,13,6,5,1,2,1,0,1,0.3,0.625,0.75,2,2,24,1,1,0,0.33333,1,0,0.5,0.083333333,NaN,0.5,0.35,0.430782916,-0.647446639,0.461538462,0.690185676,-0.049857149,0,0.054145178,1.080726614,0.013916602,0,0.056089744,0.131091774,-1.11E-16,0.010744811,0.048912754
bg,2,4,4,1,0.7,0.3,tycoon,A squirrel,I am a slightly curious person,28,Male,13,6,5,2,2,1,0,0,0.3,0.625,0.75,2,2,24,0,2,0,0.33333,1,1,0.58974359,0.075279421,-0.999999985,-0.58974359,-0.712820513,1.247647868,-0.599606885,0,0,-0.093938823,-0.049857149,0,1.07105157,0,0,0.045117187,0.150206225,0,0.023469388,0.061623307
bg,2,4,4,1,0.7,0.3,tycoon,A squirrel,I am a slightly curious person,28,Male,13,6,5,3,1,2,0,1,0.7,0.625,0.75,1,2,24,1,3,0,0.33333,1,0,0.5,0.083333333,NaN,0.5,0.35,0.430782916,-0.647446639,0.461538462,0.690185676,-0.049857149,0,0.054145178,1.026316758,0.016891282,0,0.056089744,0.110220723,1.11E-16,0.010744811,0.053316366
bg,2,4,4,1,0.7,0.3,tycoon,A squirrel,I am a slightly curious person,28,Male,13,6,5,4,2,1,0,0,0.3,0.625,0.75,2,2,24,0,4,0,0.33333,1,2,0.40625,0.059960938,-0.285714286,-0.40625,-0.584375,0.877971868,-0.678840541,0,0,-0.286460356,-0.093938823,0,0.937868132,0,0,0.00863843,0.097422272,0,0.035631937,0.065472364
bg,2,4,4,1,0.7,0.3,tycoon,A squirrel,I am a slightly curious person,28,Male,13,6,5,5,1,1,0,1,0.7,0.625,0.75,1,2,24,1,5,0,0.33333,2,0,0.58974359,0.075279421,1.51E-08,0.41025641,0.287179487,0.338525625,-0.599606885,0.420863309,0.680569124,-0.169460509,-0.049857149,0.036406267,0.854408475,0.009194337,-1.11E-16,0.034071493,0.069711214,0,0.005618362,0.060346701
bg,2,4,4,1,0.7,0.3,tycoon,A squirrel,I am a slightly curious person,28,Male,13,6,5,6,1,1,0,1,0.7,0.625,0.75,1,2,24,1,6,0,0.33333,3,0,0.663669065,0.06242107,1.51E-08,0.336330935,0.235431655,0.268443859,-0.54575663,0.392378264,0.669800034,-0.317247853,-0.169460509,0.023643113,0.771706693,0.007139406,0,0.020047195,0.050244093,1.11E-16,0.00278523,0.057540143
bg,2,4,4,1,0.7,0.3,tycoon,A squirrel,I am a slightly curious person,28,Male,13,6,5,7,2,1,0,0,0.3,0.625,0.75,2,2,24,0,7,0,0.33333,1,3,0.305263158,0.04365651,-0.047619048,-0.305263158,-0.513684211,0.720897094,-0.692772619,0,0,-0.477126407,-0.286460356,0,0.71159236,0,0,0.000469338,0.04789059,0,0.026293758,0.048160802
bg,2,4,4,1,0.7,0.3,tycoon,A squirrel,I am a slightly curious person,28,Male,13,6,5,8,1,4,1,1,0.7,0.625,0.75,1,2,24,1,8,0,0.33333,4,0,0.720818631,0.049557175,1.51E-08,0.279181369,0.195426958,0.217443525,-0.493997111,0.372868571,0.66046475,-0.466927048,-0.317247853,0.015384673,0.63882861,0.0048266,0,0.011626066,0.034916519,1.11E-16,0.001334355,0.046722509
bg,2,4,4,1,0.7,0.3,tycoon,A squirrel,I am a slightly curious person,28,Male,13,6,5,9,1,4,1,1,0.7,0.625,0.75,1,2,24,1,9,0,0.33333,5,0,0.763934695,0.038886415,1.51E-08,0.236065305,0.165245714,0.180617865,-0.448266988,0.359387193,0.653064793,-0.60687214,-0.466927048,0.010280655,0.575740303,0.002491082,0,0.00672169,0.026418501,1.11E-16,0.000626477,0.046003505
bg,2,4,4,1,0.7,0.3,tycoon,A squirrel,I am a slightly curious person,28,Male,13,6,5,10,1,4,1,1,0.7,0.625,0.75,1,2,24,1,10,0,0.33333,6,0,0.79654368,0.030721348,1.51E-08,0.20345632,0.142419424,0.153640138,-0.409331248,0.349821356,0.647335981,-0.733891271,-0.60687214,0.00714069,0.523359856,0.001534529,0,0.003899167,0.020548423,0,0.000290958,0.045670174
bg,2,4,4,1,0.7,0.3,tycoon,A squirrel,I am a slightly curious person,28,Male,13,6,5,11,1,4,0,0,0.7,0.625,0.75,1,2,24,0,11,0,0.33333,6,1,0.821619976,0.024639009,-0.999999985,-0.821619976,-0.875133983,2.080513981,-0.37650936,0,0,-0.351554018,-0.733891271,0,0.744860406,0,0,0.015273006,0.049753008,0,0.00138765,0.046780017
bg,2,4,4,1,0.7,0.3,tycoon,A squirrel,I am a slightly curious person,28,Male,13,6,5,12,1,4,1,1,0.7,0.625,0.75,1,2,24,1,12,0,0.33333,7,1,0.683493473,0.034610861,0.204081633,0.316506527,0.221554569,0.250456385,-0.528868497,0.385383468,0.666638198,-0.441349354,-0.351554018,0.010976855,0.699475003,0.003022719,0,0.009779435,0.040701571,1.11E-16,0.000713851,0.046100715
bg,2,4,4,1,0.7,0.3,tycoon,A squirrel,I am a slightly curious person,28,Male,13,6,5,13,1,1,1,1,0.7,0.625,0.75,1,2,24,1,13,0,0.33333,8,1,0.714616532,0.029443897,0.178571434,0.285383468,0.199768428,0.222854128,-0.500081228,0.374891482,0.661507779,-0.526463112,-0.441349354,0.008262094,0.656754713,0.001499803,0,0.006249164,0.033831891,0,0.000362631,0.045748956
bg,2,4,4,1,0.7,0.3,tycoon,A squirrel,I am a slightly curious person,28,Male,13,6,5,14,1,1,0,1,0.7,0.625,0.75,1,2,24,1,14,0,0.33333,9,1,0.740372486,0.025214316,0.158730158,0.259627514,0.18173926,0.20057424,-0.474020587,0.366631301,0.65713843,-0.606187788,-0.526463112,0.006396043,0.618719217,0.001002659,-2.22E-16,0.003993102,0.028529462,0,0.000182712,0.045569358
bg,2,4,4,1,0.7,0.3,tycoon,A squirrel,I am a slightly curious person,28,Male,13,6,5,15,1,4,0,1,0.7,0.625,0.75,1,2,24,1,15,0,0.33333,10,1,0.761942653,0.021774167,0.142857141,0.238057347,0.166640143,0.182289728,-0.450518517,0.359988542,0.653411602,-0.68065316,-0.606187788,0.005081149,0.585085963,0.000671697,2.22E-16,0.002553853,0.024162532,0,9.16E-05,0.045476523
bg,2,4,4,1,0.7,0.3,tycoon,A squirrel,I am a slightly curious person,28,Male,13,6,5,16,1,4,0,0,0.7,0.625,0.75,1,2,24,0,16,0,0.33333,10,2,0.780232371,0.018966302,-0.87012987,-0.780232371,-0.84616266,1.871859469,-0.429307996,0,0,-0.5266447,-0.68065316,0,0.718555036,0,0,0.007605271,0.042606404,0,0.000343634,0.045714081
bg,2,4,4,1,0.7,0.3,tycoon,A squirrel,I am a slightly curious person,28,Male,13,6,5,17,1,4,0,0,0.7,0.625,0.75,1,2,24,0,17,0,0.33333,10,3,0.693930752,0.02286977,-0.761904762,-0.693930752,-0.785751526,1.540618846,-0.519531449,0,0,-0.45959942,-0.5266447,0,0.807687394,0,0,0.01658919,0.062584453,0,0.000931308,0.04633605
bg,2,4,4,1,0.7,0.3,tycoon,A squirrel,I am a slightly curious person,28,Male,13,6,5,18,1,1,1,1,0.7,0.625,0.75,1,2,24,1,18,0,0.33333,11,3,0.619209852,0.024842372,0.32967033,0.380790148,0.266553104,0.310000082,-0.579800258,0.409027568,0.67650266,-0.51275087,-0.45959942,0.009117214,0.78015532,0.001366931,0,0.011824686,0.055025878,0,0.000527985,0.04591497
bg,2,4,4,1,0.7,0.3,tycoon,A squirrel,I am a slightly curious person,28,Male,13,6,5,19,1,1,1,1,0.7,0.625,0.75,1,2,24,1,19,0,0.33333,12,3,0.642919353,0.022468746,0.30612245,0.357080647,0.249956453,0.287624011,-0.562287298,0.399976776,0.673002249,-0.564122045,-0.51275087,0.007492411,0.75334265,0.001559638,0,0.00839226,0.048759978,1.11E-16,0.000296299,0.045669848
bg,2,4,4,1,0.7,0.3,tycoon,A squirrel,I am a slightly curious person,28,Male,13,6,5,20,1,1,0,0,0.7,0.625,0.75,1,2,24,0,20,0,0.33333,12,4,0.663888965,0.020384649,-0.714285716,-0.663888965,-0.764722276,1.446988657,-0.545575251,0,0,-0.523009936,-0.564122045,0,0.819869742,0,0,0.016380859,0.065886957,0,0.000723306,0.046103713
bg,3,1,3,1,0.7,0.3,tycoon,A squirrel,I am a slightly curious person,21,Male,14,4,4,1,2,1,0,0,0.3,0.5,0.5,2,2,25,0,1,0,0.33333,0,1,0.5,0.083333333,NaN,-0.5,-0.65,1.049822124,-0.647446639,0,0,-0.193147181,0,0,1.028433228,0,0,0.029166667,0.140146437,0,0.03446712,0.072619481
bg,3,1,3,1,0.7,0.3,tycoon,A squirrel,I am a slightly curious person,21,Male,14,4,4,2,1,1,0,1,0.7,0.5,0.5,1,2,25,1,2,0,0.33333,1,0,0.5,0.083333333,NaN,0.5,0.35,0.430782916,-0.647446639,0.461538462,0.690185676,-0.049857149,0,0.054145178,0.975252971,0.017128101,0,0.056089744,0.102310032,0,0.010744811,0.064322906
bg,3,1,3,1,0.7,0.3,tycoon,A squirrel,I am a slightly curious person,21,Male,14,4,4,3,2,1,1,1,0.3,0.5,0.5,2,2,25,1,3,0,0.33333,1,1,0.333333333,0.055555556,1,0.666666667,0.466666667,0.628608659,-0.690923309,0.5625,0.685314207,-0.093938823,-0.193147181,0.069434567,1.026316758,0.011611643,0,0.025871763,0.110220723,1.11E-16,0.023469388,0.053316366
bg,3,1,3,1,0.7,0.3,tycoon,A squirrel,I am a slightly curious person,21,Male,14,4,4,4,1,1,0,1,0.7,0.5,0.5,1,2,25,1,4,0,0.33333,2,0,0.58974359,0.075279421,1.51E-08,0.41025641,0.287179487,0.338525625,-0.599606885,0.420863309,0.680569124,-0.169460509,-0.049857149,0.036406267,0.955732002,0.010751978,-1.11E-16,0.034071493,0.079535267,-1.11E-16,0.005618362,0.048209635
bg,3,1,3,1,0.7,0.3,tycoon,A squirrel,I am a slightly curious person,21,Male,14,4,4,5,2,1,1,1,0.3,0.5,0.5,2,2,25,1,5,0,0.33333,2,1,0.40625,0.059960938,0.714285714,0.59375,0.415625,0.537212379,-0.678840541,0.513368984,0.692789678,-0.068419324,-0.093938823,0.05510258,1.002056067,0.008608614,0,0.022250888,0.086424206,0,0.014819018,0.039540933
bg,3,1,3,1,0.7,0.3,tycoon,A squirrel,I am a slightly curious person,21,Male,14,4,4,6,1,1,0,1,0.7,0.5,0.5,1,2,25,1,6,0,0.33333,3,0,0.663669065,0.06242107,1.51E-08,0.336330935,0.235431655,0.268443859,-0.54575663,0.392378264,0.669800034,-0.317247853,-0.169460509,0.023643113,0.929723162,0.007295268,0,0.020047195,0.062934249,1.11E-16,0.00278523,0.036723961
bg,3,1,3,1,0.7,0.3,tycoon,A squirrel,I am a slightly curious person,21,Male,14,4,4,7,2,1,1,1,0.3,0.5,0.5,2,2,25,1,7,0,0.33333,3,1,0.478074866,0.059144957,0.476190474,0.521925134,0.365347594,0.454677821,-0.656433082,0.472699697,0.691655826,-0.102038269,-0.068419324,0.041065537,0.972258489,0.006425087,0,0.018988406,0.069020697,0,0.008758475,0.030594989
bg,3,1,3,1,0.7,0.3,tycoon,A squirrel,I am a slightly curious person,21,Male,14,4,4,8,1,1,1,1,0.7,0.5,0.5,1,2,25,1,8,0,0.33333,4,0,0.720818631,0.049557175,1.51E-08,0.279181369,0.195426958,0.217443525,-0.493997111,0.372868571,0.66046475,-0.466927048,-0.317247853,0.015384673,0.903298935,0.003643261,0,0.015516066,0.051424862,-1.11E-16,0.001334355,0.026501916
bg,3,1,3,1,0.7,0.3,tycoon,A squirrel,I am a slightly curious person,21,Male,14,4,4,9,2,1,0,1,0.3,0.5,0.5,2,2,25,1,9,0,0.33333,4,1,0.54330974,0.054325817,0.357142859,0.45669026,0.319683182,0.38519668,-0.626630418,0.440971018,0.68616206,-0.172348106,-0.102038269,0.029483823,0.939624036,0.003956052,0,0.01631311,0.05615504,-1.11E-16,0.004910265,0.022978464
bg,3,1,3,1,0.7,0.3,tycoon,A squirrel,I am a slightly curious person,21,Male,14,4,4,10,1,1,1,1,0.7,0.5,0.5,1,2,25,1,10,0,0.33333,5,0,0.763934695,0.038886415,1.51E-08,0.236065305,0.165245714,0.180617865,-0.448266988,0.359387193,0.653064793,-0.60687214,-0.466927048,0.010280655,0.879255946,0.002684778,0,0.013925457,0.043059687,-1.11E-16,0.000626477,0.024577948
bg,3,1,3,1,0.7,0.3,tycoon,A squirrel,I am a slightly curious person,21,Male,14,4,4,11,2,1,1,1,0.3,0.5,0.5,2,2,25,1,11,0,0.33333,5,1,0.599207332,0.047626322,0.285714286,0.400792668,0.280554867,0.329275013,-0.593476605,0.416988018,0.679301179,-0.259727487,-0.172348106,0.020928267,0.911576204,0.00322699,0,0.014194692,0.046866137,-1.11E-16,0.002646807,0.022321043
bg,3,1,3,1,0.7,0.3,tycoon,A squirrel,I am a slightly curious person,21,Male,14,4,4,12,1,1,0,1,0.7,0.5,0.5,1,2,25,1,12,0,0.33333,6,0,0.79654368,0.030721348,1.51E-08,0.20345632,0.142419424,0.153640138,-0.409331248,0.349821356,0.647335981,-0.733891271,-0.60687214,0.00714069,0.858142949,0.00164666,0,0.012663359,0.036908378,1.11E-16,0.000290958,0.022019457
bg,3,1,3,1,0.7,0.3,tycoon,A squirrel,I am a slightly curious person,21,Male,14,4,4,13,2,1,0,1,0.3,0.5,0.5,2,2,25,1,13,0,0.33333,6,1,0.645546412,0.040759615,0.238095238,0.354453588,0.248117511,0.285175232,-0.560257554,0.39899852,0.672603512,-0.351554018,-0.259727487,0.014991389,0.885831457,0.00198892,0,0.012522601,0.039981124,-1.11E-16,0.00138765,0.020745969
bg,3,1,3,1,0.7,0.3,tycoon,A squirrel,I am a slightly curious person,21,Male,14,4,4,14,1,1,0,0,0.7,0.5,0.5,1,2,25,0,14,0,0.33333,6,1,0.821619976,0.024639009,-0.999999985,-0.821619976,-0.875133983,2.080513981,-0.37650936,0,0,-0.351554018,-0.733891271,0,1.062344128,0,0,0.052601135,0.09422135,0,0.00138765,0.021798775
bg,3,1,3,1,0.7,0.3,tycoon,A squirrel,I am a slightly curious person,21,Male,14,4,4,15,2,1,0,0,0.3,0.5,0.5,2,2,25,0,15,0,0.33333,6,2,0.683493473,0.034610861,-0.795918367,-0.683493473,-0.778445431,1.50708636,-0.528868497,0,0,-0.261816885,-0.351554018,0,1.034700646,0,0,0.022461354,0.072647863,0,0.003755078,0.024167407
bg,3,1,3,1,0.7,0.3,tycoon,A squirrel,I am a slightly curious person,21,Male,14,4,4,16,1,1,1,1,0.7,0.5,0.5,1,2,25,1,16,0,0.33333,7,1,0.683493473,0.034610861,0.204081633,0.316506527,0.221554569,0.250456385,-0.528868497,0.385383468,0.666638198,-0.441349354,-0.351554018,0.010976855,0.996084449,0.002842022,0,0.0179497,0.059451714,0,0.000713851,0.023438664
bg,3,1,3,1,0.7,0.3,tycoon,A squirrel,I am a slightly curious person,21,Male,14,4,4,17,2,1,0,0,0.3,0.5,0.5,2,2,25,0,17,0,0.33333,6,3,0.574140717,0.037403886,-0.642857143,-0.574140717,-0.701898502,1.210321252,-0.609247114,0,0,-0.258135832,-0.261816885,0,0.906840949,0,0,0.005878341,0.04988392,0,0.007603174,0.027320108
bg,3,1,3,1,0.7,0.3,tycoon,A squirrel,I am a slightly curious person,21,Male,14,4,4,18,1,1,0,1,0.7,0.5,0.5,1,2,25,1,18,0,0.33333,8,1,0.714616532,0.029443897,0.178571434,0.285383468,0.199768428,0.222854128,-0.500081228,0.374891482,0.661507779,-0.526463112,-0.441349354,0.008262094,0.855088755,0.002392799,0,0.006249164,0.041117061,-2.22E-16,0.000362631,0.027003137
bg,3,1,3,1,0.7,0.3,tycoon,A squirrel,I am a slightly curious person,21,Male,14,4,4,19,2,1,0,0,0.3,0.5,0.5,2,2,25,0,19,0,0.33333,6,4,0.486309155,0.036582874,-0.523809525,-0.486309155,-0.640416408,1.022808607,-0.653178232,0,0,-0.294935993,-0.258135832,0,0.768943023,0,0,0.001252421,0.037086982,0,0.012847841,0.032241836
bg,3,1,3,1,0.7,0.3,tycoon,A squirrel,I am a slightly curious person,21,Male,14,4,4,20,1,1,0,0,0.7,0.5,0.5,1,2,25,0,20,0,0.33333,8,2,0.740372486,0.025214316,-0.841269842,-0.740372486,-0.81826074,1.705182259,-0.474020587,0,0,-0.395872462,-0.526463112,0,0.933471249,0,0,0.016406832,0.06433274,0,0.001172696,0.033064488
bg,0,1,2,2,0.3,0.7,bandit,A squirrel,I am a slightly curious person,19,Male,4,1,4,1,1,4,0,0,0.3,0.125,0.5,1,1,26,0,1,0,0.33333,0,1,0.5,0.083333333,NaN,-0.5,-0.35,0.430782916,-0.647446639,0.461538462,0.690185676,-0.049857149,0,0.054145178,1.080623402,0.019776798,0,0.056089744,0.156287138,1.11E-16,0.010744811,0.048912754
bg,0,1,2,2,0.3,0.7,bandit,A squirrel,I am a slightly curious person,19,Male,4,1,4,2,1,4,0,0,0.3,0.125,0.5,1,1,26,0,2,0,0.33333,0,2,0.41025641,0.075279421,-3.32E-16,-0.41025641,-0.287179487,0.338525625,-0.599606885,0.420863309,0.680569124,-0.169460509,-0.049857149,0.036406267,1.038532595,0.005550732,0,0.034071493,0.142737034,-1.11E-16,0.005618362,0.043786865
bg,0,1,2,2,0.3,0.7,bandit,A squirrel,I am a slightly curious person,19,Male,4,1,4,3,1,4,0,0,0.3,0.125,0.5,1,1,26,0,3,0,0.33333,0,3,0.336330935,0.06242107,-3.32E-16,-0.336330935,-0.235431655,0.268443859,-0.54575663,0.392378264,0.669800034,-0.317247853,-0.169460509,0.023643113,0.999641662,0.011213575,0,0.020047195,0.133865972,0,0.00278523,0.040958658
bg,0,1,2,2,0.3,0.7,bandit,A squirrel,I am a slightly curious person,19,Male,4,1,4,4,2,4,1,0,0.7,0.125,0.5,2,1,26,0,4,0,0.33333,0,1,0.5,0.083333333,NaN,-0.5,-0.35,0.430782916,-0.647446639,0.461538462,0.690185676,-0.049857149,0,0.054145178,1.00315627,0.012889613,0,0.056089744,0.107062312,0,0.010744811,0.032598367
bg,0,1,2,2,0.3,0.7,bandit,A squirrel,I am a slightly curious person,19,Male,4,1,4,5,1,4,0,0,0.3,0.125,0.5,1,1,26,0,5,0,0.33333,0,4,0.279181369,0.049557175,-3.32E-16,-0.279181369,-0.195426958,0.217443525,-0.493997111,0.372868571,0.66046475,-0.466927048,-0.317247853,0.015384673,0.975958417,0.010417211,0,0.011626066,0.100346556,-1.11E-16,0.001334355,0.031133547
bg,0,1,2,2,0.3,0.7,bandit,A squirrel,I am a slightly curious person,19,Male,4,1,4,6,1,4,1,0,0.3,0.125,0.5,1,1,26,0,6,0,0.33333,0,5,0.236065305,0.038886415,-3.32E-16,-0.236065305,-0.165245714,0.180617865,-0.448266988,0.359387193,0.653064793,-0.60687214,-0.466927048,0.010280655,0.936681859,0.002424504,0,0.00672169,0.095901518,0,0.000626477,0.03042922
bg,0,1,2,2,0.3,0.7,bandit,A squirrel,I am a slightly curious person,19,Male,4,1,4,7,2,4,0,0,0.7,0.125,0.5,2,1,26,0,7,0,0.33333,0,2,0.41025641,0.075279421,-3.32E-16,-0.41025641,-0.287179487,0.338525625,-0.599606885,0.420863309,0.680569124,-0.169460509,-0.049857149,0.036406267,0.927566965,0.018605456,0,0.034071493,0.074272331,-1.11E-16,0.005618362,0.025301662
bg,0,1,2,2,0.3,0.7,bandit,A squirrel,I am a slightly curious person,19,Male,4,1,4,8,1,4,1,0,0.3,0.125,0.5,1,1,26,0,8,0,0.33333,0,6,0.20345632,0.030721348,-3.32E-16,-0.20345632,-0.142419424,0.153640138,-0.409331248,0.349821356,0.647335981,-0.733891271,-0.60687214,0.00714069,0.894269146,0.001622859,0,0.003899167,0.070842702,-1.11E-16,0.000290958,0.024965017
bg,0,1,2,2,0.3,0.7,bandit,A squirrel,I am a slightly curious person,19,Male,4,1,4,9,1,4,0,0,0.3,0.125,0.5,1,1,26,0,9,0,0.33333,0,7,0.178380024,0.024639009,-3.32E-16,-0.178380024,-0.124866017,0.133378281,-0.37650936,0.342804651,0.642878283,-0.848385195,-0.733891271,0.005168064,0.865722189,0.001018565,0,0.002276322,0.068528634,1.11E-16,0.000134477,0.024841224
bg,0,1,2,2,0.3,0.7,bandit,A squirrel,I am a slightly curious person,19,Male,4,1,4,10,1,4,0,0,0.3,0.125,0.5,1,1,26,0,10,0,0.33333,0,8,0.158671835,0.020105567,-3.32E-16,-0.158671835,-0.111070284,0.117737107,-0.348747191,0.337484499,0.639352845,-0.951870014,-0.848385195,0.003885588,0.841434531,0.000690396,0,0.001338821,0.066923335,1.11E-16,6.21E-05,0.022721871
bg,0,1,2,2,0.3,0.7,bandit,A squirrel,I am a slightly curious person,19,Male,4,1,4,11,2,4,0,0,0.7,0.125,0.5,2,1,26,0,11,0,0.33333,0,3,0.336330935,0.06242107,-3.32E-16,-0.336330935,-0.235431655,0.268443859,-0.54575663,0.392378264,0.669800034,-0.317247853,-0.169460509,0.023643113,0.816341825,0.011096469,0,0.020047195,0.05098669,-1.11E-16,0.00278523,0.021845206
bg,0,1,2,2,0.3,0.7,bandit,A squirrel,I am a slightly curious person,19,Male,4,1,4,12,2,4,1,0,0.7,0.125,0.5,2,1,26,0,12,0,0.33333,0,4,0.279181369,0.049557175,-3.32E-16,-0.279181369,-0.195426958,0.217443525,-0.493997111,0.372868571,0.66046475,-0.466927048,-0.317247853,0.015384673,0.769272436,-0.001484345,0,0.011626066,0.04015375,0,0.001334355,0.020434242
bg,0,1,2,2,0.3,0.7,bandit,A squirrel,I am a slightly curious person,19,Male,4,1,4,13,1,4,1,0,0.3,0.125,0.5,1,1,26,0,13,0,0.33333,0,9,0.142839428,0.016681943,-3.32E-16,-0.142839428,-0.099987599,0.105346737,-0.325055726,0.333328741,0.636510985,-1.045980038,-0.951870014,0.003018837,0.749379593,0.000196372,0,0.000793303,0.038691143,0,2.87E-05,0.02035978
bg,0,1,2,2,0.3,0.7,bandit,A squirrel,I am a slightly curious person,19,Male,4,1,4,14,2,4,0,1,0.7,0.125,0.5,2,1,26,1,14,0,0.33333,1,4,0.236065305,0.038886415,1,0.763934695,0.834754286,1.800321739,-0.448266988,0,0,-0.172348106,-0.466927048,0,0.809143301,0,0,0.036400986,0.075561677,0,0.004910265,0.023982453
bg,0,1,2,2,0.3,0.7,bandit,A squirrel,I am a slightly curious person,19,Male,4,1,4,15,1,4,0,0,0.3,0.125,0.5,1,1,26,0,15,0,0.33333,0,10,0.129864762,0.014050404,-3.32E-16,-0.129864762,-0.090905333,0.095306046,-0.304627445,0.329998636,0.63417767,-1.132152519,-1.045980038,0.002410467,0.791653522,0.000362931,0,0.000473337,0.075012396,-1.11E-16,1.33E-05,0.02397347
bg,0,1,2,2,0.3,0.7,bandit,A squirrel,I am a slightly curious person,19,Male,4,1,4,16,2,4,0,1,0.7,0.125,0.5,2,1,26,1,16,0,0.33333,2,4,0.400792668,0.047626322,0.714285714,0.599207332,0.719445133,1.270985967,-0.593476605,0,0,-0.163472784,-0.172348106,0,0.761540938,0,0,0.055189844,0.097735937,0,0.010714599,0.029763925
bg,0,1,2,2,0.3,0.7,bandit,A squirrel,I am a slightly curious person,19,Male,4,1,4,17,2,4,0,1,0.7,0.125,0.5,2,1,26,1,17,0,0.33333,3,4,0.519622991,0.045607934,0.523809523,0.480377009,0.636263906,1.011326691,-0.655537563,0,0,-0.232660544,-0.163472784,0,0.710301353,0,0,0.028067523,0.068515653,0,0.01815257,0.037258781
bg,0,1,2,2,0.3,0.7,bandit,A squirrel,I am a slightly curious person,19,Male,4,1,4,18,2,4,0,1,0.7,0.125,0.5,2,1,26,1,18,0,0.33333,4,4,0.607394192,0.040151491,0.387755102,0.392605808,0.574824066,0.855252233,-0.681907727,0,0,-0.332358209,-0.232660544,0,0.654597559,0,0,0.014020008,0.049544496,0,0.026478728,0.045500806
bg,0,1,2,2,0.3,0.7,bandit,A squirrel,I am a slightly curious person,19,Male,4,1,4,19,1,4,1,0,0.3,0.125,0.5,1,1,26,0,19,0,0.33333,0,11,0.119045995,0.011990507,-3.32E-16,-0.119045995,-0.083332197,0.087010137,-0.286833257,0.327272321,0.632230085,-1.211572609,-1.132152519,0.001968611,0.648856164,9.68E-05,-5.55E-17,1.92E-05,0.049470004,0,6.18E-06,0.045501095
bg,0,1,2,2,0.3,0.7,bandit,A squirrel,I am a slightly curious person,19,Male,4,1,4,20,1,4,1,0,0.3,0.125,0.5,1,1,26,0,20,0,0.33333,0,12,0.109889619,0.010350269,-3.32E-16,-0.109889619,-0.076922734,0.080042336,-0.27118852,0.324999879,0.63058094,-1.285199953,-1.211572609,0.001638027,0.644652075,7.25E-05,0,9.45E-06,0.049418851,1.11E-16,2.88E-06,0.045555228
gb,3,3,4,4,0.7,0.3,tycoon,A squirrel,I am a slightly curious person,24,Male,15,6,8,1,1,1,0,1,0.7,1,0.75,1,2,27,1,1,0,0.33333,1,0,0.5,0.083333333,NaN,0.5,0.35,0.430782916,-0.647446639,0.461538462,0.690185676,-0.049857149,0,0.054145178,1.080889095,0.014094332,0,0.056089744,0.131073366,-1.11E-16,0.010744811,0.048912754
gb,3,3,4,4,0.7,0.3,tycoon,A squirrel,I am a slightly curious person,24,Male,15,6,8,2,1,1,0,1,0.7,1,0.75,1,2,27,1,2,0,0.33333,2,0,0.58974359,0.075279421,1.51E-08,0.41025641,0.287179487,0.338525625,-0.599606885,0.420863309,0.680569124,-0.169460509,-0.049857149,0.036406267,1.037609091,0.009559643,-1.11E-16,0.034071493,0.096873724,-1.11E-16,0.005618362,0.043786126
gb,3,3,4,4,0.7,0.3,tycoon,A squirrel,I am a slightly curious person,24,Male,15,6,8,3,1,1,0,0,0.7,1,0.75,1,2,27,0,3,0,0.33333,2,1,0.663669065,0.06242107,-0.999999985,-0.663669065,-0.764568345,1.446334621,-0.54575663,0,0,-0.068419324,-0.169460509,0,1.094351267,0,0,0.064268048,0.16182375,0,0.014819018,0.052970728
gb,3,3,4,4,0.7,0.3,tycoon,A squirrel,I am a slightly curious person,24,Male,15,6,8,4,1,4,1,1,0.7,1,0.75,1,2,27,1,4,0,0.33333,3,1,0.478074866,0.059144957,0.476190474,0.521925134,0.365347594,0.454677821,-0.656433082,0.472699697,0.691655826,-0.102038269,-0.068419324,0.041065537,1.097648513,0.007668217,0.007254803,0.054716991,0.143880657,1.11E-16,0.008758475,0.046918918
gb,3,3,4,4,0.7,0.3,tycoon,A squirrel,I am a slightly curious person,24,Male,15,6,8,5,2,1,0,0,0.3,1,0.75,2,2,27,0,5,0,0.33333,0,1,0.5,0.083333333,NaN,-0.5,-0.65,1.049822124,-0.647446639,0,0,-0.193147181,0,0,1.007490575,0,0,0.022225015,0.110856578,0,0.03446712,0.062347653
gb,3,3,4,4,0.7,0.3,tycoon,A squirrel,I am a slightly curious person,24,Male,15,6,8,6,2,3,0,1,0.3,1,0.75,2,2,27,1,6,0,0.33333,1,1,0.333333333,0.055555556,1,0.666666667,0.466666667,0.628608659,-0.690923309,0.5625,0.685314207,-0.093938823,-0.193147181,0.069434567,1.058261365,0.013714552,0,0.035010999,0.119775605,0,0.023469388,0.051339537
gb,3,3,4,4,0.7,0.3,tycoon,A squirrel,I am a slightly curious person,24,Male,15,6,8,7,2,3,1,1,0.3,1,0.75,2,2,27,1,7,0,0.33333,2,1,0.40625,0.059960938,0.714285714,0.59375,0.415625,0.537212379,-0.678840541,0.513368984,0.692789678,-0.068419324,-0.093938823,0.05510258,1.089065132,0.011628379,0.003589142,0.050699846,0.130062622,0,0.014819018,0.042633814
gb,3,3,4,4,0.7,0.3,tycoon,A squirrel,I am a slightly curious person,24,Male,15,6,8,8,2,3,0,1,0.3,1,0.75,2,2,27,1,8,0,0.33333,3,1,0.478074866,0.059144957,0.476190474,0.521925134,0.365347594,0.454677821,-0.656433082,0.472699697,0.691655826,-0.102038269,-0.068419324,0.041065537,1.098287764,0.009167511,0.021585554,0.068081654,0.141005346,0,0.008758475,0.036598006
gb,3,3,4,4,0.7,0.3,tycoon,A squirrel,I am a slightly curious person,24,Male,15,6,8,9,2,3,0,1,0.3,1,0.75,2,2,27,1,9,0,0.33333,4,1,0.54330974,0.054325817,0.357142859,0.45669026,0.319683182,0.38519668,-0.626630418,0.440971018,0.68616206,-0.172348106,-0.102038269,0.029483823,1.088258689,0.00663407,0,0.046745617,0.112874237,-1.11E-16,0.004910265,0.032770308
gb,3,3,4,4,0.7,0.3,tycoon,A squirrel,I am a slightly curious person,24,Male,15,6,8,10,2,1,0,0,0.3,1,0.75,2,2,27,0,10,0,0.33333,4,2,0.599207332,0.047626322,-0.714285714,-0.599207332,-0.719445133,1.270985967,-0.593476605,0,0,-0.163472784,-0.172348106,0,1.084087733,0,0,0.041678836,0.125242562,0,0.010714599,0.03854739
gb,3,3,4,4,0.7,0.3,tycoon,A squirrel,I am a slightly curious person,24,Male,15,6,8,11,2,2,1,1,0.3,1,0.75,2,2,27,1,11,0,0.33333,5,2,0.480377009,0.045607934,0.476190475,0.519622991,0.363736094,0.452141855,-0.655537563,0.471502465,0.691522081,-0.203628259,-0.163472784,0.030843712,1.096740727,0.005481277,0.011841758,0.054279913,0.133205478,-1.11E-16,0.006462498,0.034219499
gb,3,3,4,4,0.7,0.3,tycoon,A squirrel,I am a slightly curious person,24,Male,15,6,8,12,2,2,1,1,0.3,1,0.75,2,2,27,1,12,0,0.33333,6,2,0.530553599,0.041805495,0.408163265,0.469446401,0.32861248,0.398408783,-0.633191658,0.446835831,0.687483623,-0.261816885,-0.203628259,0.023017317,1.097363775,0.004197158,0.003989931,0.045824538,0.119579908,0,0.003755078,0.031607008
gb,3,3,4,4,0.7,0.3,tycoon,A squirrel,I am a slightly curious person,24,Male,15,6,8,13,2,1,1,1,0.3,1,0.75,2,2,27,1,13,0,0.33333,7,2,0.574140717,0.037403886,0.357142857,0.425859283,0.298101498,0.35396647,-0.609247114,0.427412225,0.682571878,-0.327921028,-0.261816885,0.017233904,1.088654335,0.003189113,-2.22E-16,0.032861588,0.101223661,0,0.002120763,0.029495685
gb,3,3,4,4,0.7,0.3,tycoon,A squirrel,I am a slightly curious person,24,Male,15,6,8,14,2,1,0,0,0.3,1,0.75,2,2,27,0,14,0,0.33333,7,3,0.611443432,0.033084727,-0.682539682,-0.611443432,-0.728010403,1.301991458,-0.585227712,0,0,-0.300546827,-0.327921028,0,1.093908039,0,0,0.046255027,0.129101143,0,0.004658378,0.032484176
gb,3,3,4,4,0.7,0.3,tycoon,A squirrel,I am a slightly curious person,24,Male,15,6,8,15,1,1,0,0,0.7,1,0.75,1,2,27,0,15,0,0.33333,3,2,0.54330974,0.054325817,-0.642857141,-0.54330974,-0.680316818,1.140424831,-0.626630418,0,0,-0.1552444,-0.102038269,0,1.06710369,0,0,0.034119786,0.115692631,0,0.016947838,0.040381899
gb,3,3,4,4,0.7,0.3,tycoon,A squirrel,I am a slightly curious person,24,Male,15,6,8,16,1,4,0,1,0.7,1,0.75,1,2,27,1,16,0,0.33333,4,2,0.424354244,0.047783255,0.571428571,0.575645756,0.40295203,0.515757816,-0.674190472,0.502472188,0.693134957,-0.163472784,-0.1552444,0.040802486,1.090377816,0.008700906,0.003712854,0.046726632,0.12376738,0,0.010714599,0.034506969
gb,3,3,4,4,0.7,0.3,tycoon,A squirrel,I am a slightly curious person,24,Male,15,6,8,17,1,4,0,1,0.7,1,0.75,1,2,27,1,17,0,0.33333,5,2,0.480377009,0.045607934,0.476190475,0.519622991,0.363736094,0.452141855,-0.655537563,0.471502465,0.691522081,-0.203628259,-0.163472784,0.030843712,1.096495321,0.006803279,0.015155529,0.057475757,0.129310071,-1.11E-16,0.006462498,0.03023858
gb,3,3,4,4,0.7,0.3,tycoon,A squirrel,I am a slightly curious person,24,Male,15,6,8,18,1,3,1,1,0.7,1,0.75,1,2,27,1,18,0,0.33333,6,2,0.530553599,0.041805495,0.408163265,0.469446401,0.32861248,0.398408783,-0.633191658,0.446835831,0.687483623,-0.261816885,-0.203628259,0.023017317,1.088310194,0.005401666,0,0.041135054,0.107414626,-1.11E-16,0.003755078,0.027460153
gb,3,3,4,4,0.7,0.3,tycoon,A squirrel,I am a slightly curious person,24,Male,15,6,8,19,2,1,1,1,0.3,1,0.75,2,2,27,1,19,0,0.33333,8,3,0.526295657,0.033586415,0.428571434,0.473704343,0.33159304,0.40285807,-0.635301069,0.448828361,0.687900926,-0.351316646,-0.300546827,0.018240329,1.096760869,0.003303128,0.006162153,0.04499843,0.113087327,1.11E-16,0.002777826,0.025434991
gb,3,3,4,4,0.7,0.3,tycoon,A squirrel,I am a slightly curious person,24,Male,15,6,8,20,2,1,0,1,0.3,1,0.75,2,2,27,1,20,0,0.33333,9,3,0.561469573,0.030474638,0.38961039,0.438530427,0.306971299,0.366683865,-0.616655861,0.432882505,0.68411041,-0.405302546,-0.351316646,0.014237998,1.097278364,0.002679104,0.003839581,0.041282438,0.106040002,-1.11E-16,0.001621718,0.024040287
bg,1,3,4,3,0.3,0.7,bandit,A squirrel,I am a slightly curious person,28,Female,8,4,7,1,2,1,0,1,0.7,0.5,0.875,2,1,28,1,1,0,0.33333,1,0,0.5,0.083333333,NaN,0.5,0.65,1.049822124,-0.647446639,0,0,-0.193147181,0,0,1.039551049,0,0,0.029166667,0.093418128,0,0.03446712,0.072619437
bg,1,3,4,3,0.3,0.7,bandit,A squirrel,I am a slightly curious person,28,Female,8,4,7,2,2,1,0,1,0.7,0.5,0.875,2,1,28,1,2,0,0.33333,2,0,0.666666667,0.055555556,1.51E-08,0.333333333,0.533333333,0.762140052,-0.690923309,0,0,-0.431945622,-0.193147181,0,0.958767843,0,0,0.0109375,0.058341589,0,0.03036929,0.068537521
bg,1,3,4,3,0.3,0.7,bandit,A squirrel,I am a slightly curious person,28,Female,8,4,7,3,1,4,0,0,0.3,0.5,0.875,1,1,28,0,3,0,0.33333,0,1,0.5,0.083333333,NaN,-0.5,-0.35,0.430782916,-0.647446639,0.461538462,0.690185676,-0.049857149,0,0.054145178,0.874985861,0.014611205,0,0.012059295,0.049375597,0,0.010744811,0.060223023
bg,1,3,4,3,0.3,0.7,bandit,A squirrel,I am a slightly curious person,28,Female,8,4,7,4,2,1,0,1,0.7,0.5,0.875,2,1,28,1,4,0,0.33333,3,0,0.75,0.0375,1.51E-08,0.25,0.475,0.644357016,-0.691896659,0,0,-0.636294361,-0.431945622,0,0.781424598,0,0,0.004375,0.033557235,0,0.01735388,0.0472109
bg,1,3,4,3,0.3,0.7,bandit,A squirrel,I am a slightly curious person,28,Female,8,4,7,5,2,4,1,0,0.7,0.5,0.875,2,1,28,0,5,0,0.33333,3,1,0.8,0.026666667,-0.999999985,-0.8,-0.56,0.820980552,-0.6859298,0.681818182,0.62549136,-0.477126407,-0.636294361,0.072019411,0.86396136,0.015255875,1.11E-16,0.007623106,0.045245302,0.007070707,0.026293758,0.056132761
bg,1,3,4,3,0.3,0.7,bandit,A squirrel,I am a slightly curious person,28,Female,8,4,7,6,2,1,0,1,0.7,0.5,0.875,2,1,28,1,6,0,0.33333,4,1,0.757575758,0.032139578,1.51E-08,0.242424242,0.46969697,0.634306681,-0.691309507,0,0,-0.64897963,-0.477126407,0,0.781859355,0,0,0.00328125,0.032251201,0,0.015937237,0.045792846
bg,1,3,4,3,0.3,0.7,bandit,A squirrel,I am a slightly curious person,28,Female,8,4,7,7,2,4,0,0,0.7,0.5,0.875,2,1,28,0,7,0,0.33333,4,2,0.8,0.024285714,-0.999999985,-0.8,-0.56,0.820980552,-0.6859298,0.681818182,0.62549136,-0.510122266,-0.64897963,0.0670261,0.858692558,0.012192765,-1.11E-16,0.005624112,0.042680976,0.00530303,0.023644259,0.053476002
bg,1,3,4,3,0.3,0.7,bandit,A squirrel,I am a slightly curious person,28,Female,8,4,7,8,1,1,0,1,0.3,0.5,0.875,1,1,28,1,8,0,0.33333,1,1,0.41025641,0.075279421,1,0.58974359,0.712820513,1.247647868,-0.599606885,0,0,-0.093938823,-0.049857149,0,0.97352148,0,0,0.024304621,0.056228867,0,0.023469388,0.066199889
bg,1,3,4,3,0.3,0.7,bandit,A squirrel,I am a slightly curious person,28,Female,8,4,7,9,2,1,0,0,0.7,0.5,0.875,2,1,28,0,9,0,0.33333,4,3,0.761363636,0.028550521,-0.952380952,-0.761363636,-0.532954545,0.761328693,-0.690973601,0.642335766,0.652062427,-0.402753524,-0.510122266,0.061777694,1.030276609,0.017164896,1.11E-16,0.021317612,0.072307804,0.012111381,0.033570596,0.076111358
bg,1,3,4,3,0.3,0.7,bandit,A squirrel,I am a slightly curious person,28,Female,8,4,7,10,2,4,1,0,0.7,0.5,0.875,2,1,28,0,10,0,0.33333,4,4,0.718572587,0.032002412,-0.816326531,-0.718572587,-0.503000811,0.699166885,-0.693129171,0.603622715,0.671515413,-0.332358209,-0.402753524,0.05433972,1.066573112,0.012616538,5.55E-17,0.030994893,0.090470317,0.001207572,0.026478727,0.069027359
bg,1,3,4,3,0.3,0.7,bandit,A squirrel,I am a slightly curious person,28,Female,8,4,7,11,1,3,0,0,0.3,0.5,0.875,1,1,28,0,11,0,0.33333,1,2,0.59375,0.059960937,-0.714285714,-0.59375,-0.415625,0.537212379,-0.678840541,0.513368984,0.692789678,-0.068419324,-0.093938823,0.05510258,1.038796423,0.019210014,0,0.030037225,0.077843634,1.11E-16,0.014819018,0.060365182
bg,1,3,4,3,0.3,0.7,bandit,A squirrel,I am a slightly curious person,28,Female,8,4,7,12,2,3,1,0,0.7,0.5,0.875,2,1,28,0,12,0,0.33333,4,5,0.673498695,0.034124577,-0.714285714,-0.673498695,-0.471449086,0.637616142,-0.691515984,0.567589597,0.683982442,-0.298346983,-0.332358209,0.045803546,1.074563929,0.010526902,-5.55E-17,0.024636689,0.095181659,-1.11E-16,0.018834414,0.052702801
bg,1,3,4,3,0.3,0.7,bandit,A squirrel,I am a slightly curious person,28,Female,8,4,7,13,1,4,0,1,0.3,0.5,0.875,1,1,28,1,13,0,0.33333,2,2,0.521925134,0.059144957,0.523809529,0.478074866,0.634652406,1.006906067,-0.656433082,0,0,-0.193348887,-0.068419324,0,1.080835782,0,0,0.06142928,0.109737957,0,0.025346907,0.063277348
bg,1,3,4,3,0.3,0.7,bandit,A squirrel,I am a slightly curious person,28,Female,8,4,7,14,1,1,1,0,0.3,0.5,0.875,1,1,28,0,14,0,0.33333,2,3,0.635245902,0.047282317,-0.714285715,-0.635245902,-0.444672131,0.588196585,-0.687012278,0.540221402,0.68990816,-0.1552444,-0.193348887,0.052273614,1.08575972,0.018346337,0.002624762,0.046897696,0.100823411,0,0.016947838,0.054427212
bg,1,3,4,3,0.3,0.7,bandit,A squirrel,I am a slightly curious person,28,Female,8,4,7,15,2,2,0,1,0.7,0.5,0.875,2,1,28,1,15,0,0.33333,5,5,0.628304933,0.034730242,0.365079365,0.371695067,0.560186547,0.821404612,-0.685884742,0,0,-0.384117107,-0.298346983,0,1.050618323,0,0,0.021948886,0.076747844,0,0.026459458,0.062510702
bg,1,3,4,3,0.3,0.7,bandit,A squirrel,I am a slightly curious person,28,Female,8,4,7,16,2,3,1,0,0.7,0.5,0.875,2,1,28,0,16,0,0.33333,5,6,0.683581027,0.03020575,-0.714285714,-0.683581027,-0.478506719,0.651058888,-0.692222974,0.575271074,0.681772518,-0.354860789,-0.384117107,0.042856173,1.080420152,0.010216163,0,0.030472437,0.09276001,0,0.019192567,0.054764716
bg,1,3,4,3,0.3,0.7,bandit,A squirrel,I am a slightly curious person,28,Female,8,4,7,17,1,4,0,0,0.3,0.5,0.875,1,1,28,0,17,0,0.33333,2,4,0.575645756,0.047783255,-0.571428571,-0.575645756,-0.40295203,0.515757816,-0.674190472,0.502472188,0.693134957,-0.163472784,-0.1552444,0.040802486,1.054553189,0.012719456,0,0.028464374,0.082090158,0,0.010714599,0.048506318
bg,1,3,4,3,0.3,0.7,bandit,A squirrel,I am a slightly curious person,28,Female,8,4,7,18,1,4,1,0,0.3,0.5,0.875,1,1,28,0,18,0,0.33333,2,5,0.519622991,0.045607934,-0.476190477,-0.519622991,-0.363736094,0.452141855,-0.655537563,0.471502465,0.691522081,-0.203628259,-0.163472784,0.030843712,1.013731305,0.008062594,0,0.018232554,0.074075244,0,0.006462498,0.043909614
bg,1,3,4,3,0.3,0.7,bandit,A squirrel,I am a slightly curious person,28,Female,8,4,7,19,1,2,1,0,0.3,0.5,0.875,1,1,28,0,19,0,0.33333,2,6,0.469446401,0.041805495,-0.408163265,-0.469446401,-0.32861248,0.398408783,-0.633191658,0.446835831,0.687483623,-0.261816885,-0.203628259,0.023017317,0.970379702,0.009119423,0,0.01131866,0.068336393,0,0.003755078,0.041801163
bg,1,3,4,3,0.3,0.7,bandit,A squirrel,I am a slightly curious person,28,Female,8,4,7,20,2,2,0,1,0.7,0.5,0.875,2,1,28,1,20,0,0.33333,6,6,0.643035873,0.030676045,0.350649351,0.356964127,0.549874889,0.79822971,-0.688163888,0,0,-0.428970104,-0.354860789,0,0.900253775,0,0,0.008149947,0.052527381,0,0.026247047,0.049033323
gb,1,1,3,2,0.3,0.7,tycoon,A squirrel,I am a slightly curious person,25,Female,12,2,5,1,1,1,0,0,0.3,0.25,0.625,1,2,29,0,1,0,0.33333,0,1,0.5,0.083333333,NaN,-0.5,-0.65,1.049822124,-0.647446639,0,0,-0.193147181,0,0,1.028476148,0,0,0.029166667,0.140011085,0,0.03446712,0.072619481
gb,1,1,3,2,0.3,0.7,tycoon,A squirrel,I am a slightly curious person,25,Female,12,2,5,2,1,1,0,0,0.3,0.25,0.625,1,2,29,0,2,0,0.33333,0,2,0.333333333,0.055555556,-3.32E-16,-0.333333333,-0.533333333,0.762140052,-0.690923309,0,0,-0.431945622,-0.193147181,0,0.957617597,0,0,0.0109375,0.128400306,0,0.03036929,0.068531753
gb,1,1,3,2,0.3,0.7,tycoon,A squirrel,I am a slightly curious person,25,Female,12,2,5,3,1,1,0,0,0.3,0.25,0.625,1,2,29,0,3,0,0.33333,0,3,0.25,0.0375,-3.32E-16,-0.25,-0.475,0.644357016,-0.691896659,0,0,-0.636294361,-0.431945622,0,0.903306895,0,0,0.004375,0.123366961,0,0.01735388,0.055520383
gb,1,1,3,2,0.3,0.7,tycoon,A squirrel,I am a slightly curious person,25,Female,12,2,5,4,2,4,1,1,0.7,0.25,0.625,2,2,29,1,4,0,0.33333,1,0,0.5,0.083333333,NaN,0.5,0.35,0.430782916,-0.647446639,0.461538462,0.690185676,-0.049857149,0,0.054145178,0.839119173,0.016839165,0,0.056089744,0.089671711,1.11E-16,0.010744811,0.0472109
gb,1,1,3,2,0.3,0.7,tycoon,A squirrel,I am a slightly curious person,25,Female,12,2,5,5,2,4,1,1,0.7,0.25,0.625,2,2,29,1,5,0,0.33333,2,0,0.58974359,0.075279421,1.51E-08,0.41025641,0.287179487,0.338525625,-0.599606885,0.420863309,0.680569124,-0.169460509,-0.049857149,0.036406267,0.761395642,0.011328197,-1.11E-16,0.034071493,0.064288266,-1.11E-16,0.005618362,0.042082323
gb,1,1,3,2,0.3,0.7,tycoon,A squirrel,I am a slightly curious person,25,Female,12,2,5,6,2,2,0,1,0.7,0.25,0.625,2,2,29,1,6,0,0.33333,3,0,0.663669065,0.06242107,1.51E-08,0.336330935,0.235431655,0.268443859,-0.54575663,0.392378264,0.669800034,-0.317247853,-0.169460509,0.023643113,0.683077982,0.006900885,0,0.020047195,0.046476094,-1.11E-16,0.00278523,0.03925616
gb,1,1,3,2,0.3,0.7,tycoon,A squirrel,I am a slightly curious person,25,Female,12,2,5,7,2,2,0,1,0.7,0.25,0.625,2,2,29,1,7,0,0.33333,4,0,0.720818631,0.049557175,1.51E-08,0.279181369,0.195426958,0.217443525,-0.493997111,0.372868571,0.66046475,-0.466927048,-0.317247853,0.015384673,0.613304422,0.003937196,0,0.011626066,0.034225775,0,0.001334355,0.037754526
gb,1,1,3,2,0.3,0.7,tycoon,A squirrel,I am a slightly curious person,25,Female,12,2,5,8,1,4,1,1,0.3,0.25,0.625,1,2,29,1,8,0,0.33333,1,3,0.2,0.026666667,1,0.8,0.56,0.820980552,-0.6859298,0.681818182,0.62549136,-0.477126407,-0.636294361,0.072019411,0.639452561,0.00278344,0,0.000207592,0.034916519,0.007070707,0.026293758,0.046722509
gb,1,1,3,2,0.3,0.7,tycoon,A squirrel,I am a slightly curious person,25,Female,12,2,5,9,1,1,0,0,0.3,0.25,0.625,1,2,29,0,9,0,0.33333,1,4,0.242424242,0.032139578,-9.60E-16,-0.242424242,-0.46969697,0.634306681,-0.691309507,0,0,-0.64897963,-0.477126407,0,0.606732079,0,0,4.27E-05,0.034063624,0,0.015937237,0.03634522
gb,1,1,3,2,0.3,0.7,tycoon,A squirrel,I am a slightly curious person,25,Female,12,2,5,10,2,1,0,1,0.7,0.25,0.625,2,2,29,1,10,0,0.33333,5,0,0.763934695,0.038886415,1.51E-08,0.236065305,0.165245714,0.180617865,-0.448266988,0.359387193,0.653064793,-0.60687214,-0.466927048,0.010280655,0.548532889,0.002354715,0,0.00672169,0.025833315,-1.11E-16,0.000626477,0.035645255
gb,1,1,3,2,0.3,0.7,tycoon,A squirrel,I am a slightly curious person,25,Female,12,2,5,11,1,4,1,1,0.3,0.25,0.625,1,2,29,1,11,0,0.33333,2,4,0.2,0.024285714,1,0.8,0.56,0.820980552,-0.6859298,0.681818182,0.62549136,-0.510122266,-0.64897963,0.0670261,0.565984667,0.001557597,0,3.64E-05,0.026172546,0.00530303,0.023644259,0.043335197
gb,1,1,3,2,0.3,0.7,tycoon,A squirrel,I am a slightly curious person,25,Female,12,2,5,12,2,1,1,1,0.7,0.25,0.625,2,2,29,1,12,0,0.33333,6,0,0.79654368,0.030721348,1.51E-08,0.20345632,0.142419424,0.153640138,-0.409331248,0.349821356,0.647335981,-0.733891271,-0.60687214,0.00714069,0.512735587,0.000970865,0,0.003899167,0.020362595,-1.11E-16,0.000290958,0.042075752
gb,1,1,3,2,0.3,0.7,tycoon,A squirrel,I am a slightly curious person,25,Female,12,2,5,13,2,1,0,1,0.7,0.25,0.625,2,2,29,1,13,0,0.33333,7,0,0.821619976,0.024639009,1.51E-08,0.178380024,0.124866017,0.133378281,-0.37650936,0.342804651,0.642878283,-0.848385195,-0.733891271,0.005168064,0.470234453,0.000941981,0,0.002276322,0.016239427,0,0.000134477,0.042872082
gb,1,1,3,2,0.3,0.7,tycoon,A squirrel,I am a slightly curious person,25,Female,12,2,5,14,2,1,0,0,0.7,0.25,0.625,2,2,29,0,14,0,0.33333,7,1,0.841328165,0.020105567,-0.999999985,-0.841328165,-0.888929716,2.197592085,-0.348747191,0,0,-0.441349354,-0.848385195,0,0.685679606,0,0,0.009779435,0.040301899,0,0.000713851,0.043390044
gb,1,1,3,2,0.3,0.7,tycoon,A squirrel,I am a slightly curious person,25,Female,12,2,5,15,1,3,1,1,0.3,0.25,0.625,1,2,29,1,15,0,0.33333,3,4,0.238636364,0.028550521,0.952380952,0.761363636,0.532954545,0.761328693,-0.690973601,0.642335766,0.652062427,-0.402753524,-0.510122266,0.061777694,0.714877595,0.001879363,0,0.000465742,0.041061791,0.012111381,0.033570597,0.053327821
gb,1,1,3,2,0.3,0.7,tycoon,A squirrel,I am a slightly curious person,25,Female,12,2,5,16,1,1,0,0,0.3,0.25,0.625,1,2,29,0,16,0,0.33333,3,5,0.281427413,0.032002412,-0.183673472,-0.281427413,-0.496999189,0.687163496,-0.693129171,0,0,-0.536554872,-0.402753524,0,0.67580754,0,0,0.000128763,0.040047209,0,0.021771011,0.041509422
gb,1,1,3,2,0.3,0.7,tycoon,A squirrel,I am a slightly curious person,25,Female,12,2,5,17,1,2,0,1,0.3,0.25,0.625,1,2,29,1,17,0,0.33333,4,5,0.236891325,0.025914689,0.892857139,0.763108675,0.534176072,0.763947554,-0.69080935,0.644020159,0.651070009,-0.444164508,-0.536554872,0.057441423,0.701596806,0.002734676,0,0.000235828,0.040623684,0.010062439,0.030437973,0.050136059
gb,1,1,3,2,0.3,0.7,tycoon,A squirrel,I am a slightly curious person,25,Female,12,2,5,18,1,4,1,1,0.3,0.25,0.625,1,2,29,1,18,0,0.33333,5,5,0.275833684,0.028588486,0.793650794,0.724166316,0.506916421,0.707076589,-0.693051504,0.608416125,0.669451304,-0.384117107,-0.444164508,0.050519563,0.729557661,0.00155453,0,0.000408544,0.041387773,0.002805375,0.026459459,0.046209755
gb,1,1,3,2,0.3,0.7,tycoon,A squirrel,I am a slightly curious person,25,Female,12,2,5,19,2,1,0,0,0.7,0.25,0.625,2,2,29,0,19,0,0.33333,7,2,0.714616532,0.029443897,-0.821428566,-0.714616532,-0.800231572,1.610596445,-0.500081228,0,0,-0.327921028,-0.441349354,0,0.877272905,0,0,0.023920979,0.069819441,0,0.002120763,0.047619493
gb,1,1,3,2,0.3,0.7,tycoon,A squirrel,I am a slightly curious person,25,Female,12,2,5,20,2,1,0,0,0.7,0.25,0.625,2,2,29,0,20,0,0.33333,7,3,0.611443432,0.033084727,-0.682539682,-0.611443432,-0.728010403,1.301991458,-0.585227712,0,0,-0.300546827,-0.327921028,0,0.950645685,0,0,0.04403343,0.099186665,0,0.004658378,0.050213744
gb,3,3,1,1,0.7,0.3,tycoon,A squirrel,I am a slightly curious person,28,Female,11,6,2,1,2,1,0,0,0.3,0.25,0.75,2,2,30,0,1,0,0.33333,0,1,0.5,0.083333333,NaN,-0.5,-0.65,1.049822124,-0.647446639,0,0,-0.193147181,0,0,1.028433228,0,0,0.029166667,0.140146437,0,0.03446712,0.072619481
gb,3,3,1,1,0.7,0.3,tycoon,A squirrel,I am a slightly curious person,28,Female,11,6,2,2,2,2,1,1,0.3,0.25,0.75,2,2,30,1,2,0,0.33333,1,1,0.333333333,0.055555556,1,0.666666667,0.466666667,0.628608659,-0.690923309,0.5625,0.685314207,-0.093938823,-0.193147181,0.069434567,1.07105157,0.012962366,0,0.045117187,0.150206225,0,0.023469388,0.061623307
gb,3,3,1,1,0.7,0.3,tycoon,A squirrel,I am a slightly curious person,28,Female,11,6,2,3,2,1,0,0,0.3,0.25,0.75,2,2,30,0,3,0,0.33333,1,2,0.40625,0.059960938,-0.285714286,-0.40625,-0.584375,0.877971868,-0.678840541,0,0,-0.286460356,-0.093938823,0,0.998563141,0,0,0.018190789,0.133923575,0,0.035631937,0.073782589
gb,3,3,1,1,0.7,0.3,tycoon,A squirrel,I am a slightly curious person,28,Female,11,6,2,4,2,1,0,0,0.3,0.25,0.75,2,2,30,0,4,0,0.33333,1,3,0.305263158,0.04365651,-0.047619048,-0.305263158,-0.513684211,0.720897094,-0.692772619,0,0,-0.477126407,-0.286460356,0,0.946293508,0,0,0.007623106,0.12690463,0,0.026293758,0.064468338
gb,3,3,1,1,0.7,0.3,tycoon,A squirrel,I am a slightly curious person,28,Female,11,6,2,5,2,1,0,0,0.3,0.25,0.75,2,2,30,0,5,0,0.33333,1,4,0.242424242,0.032139578,-9.60E-16,-0.242424242,-0.46969697,0.634306681,-0.691309507,0,0,-0.64897963,-0.477126407,0,0.896947189,0,0,0.00328125,0.123161981,0,0.015937237,0.054100366
gb,3,3,1,1,0.7,0.3,tycoon,A squirrel,I am a slightly curious person,28,Female,11,6,2,6,2,1,0,0,0.3,0.25,0.75,2,2,30,0,6,0,0.33333,1,5,0.2,0.024285714,-5.55E-16,-0.2,-0.44,0.579818495,-0.6859298,0,0,-0.801754843,-0.64897963,0,0.859673931,0,0,0.00144043,0.121099837,0,0.009881719,0.048024721
gb,3,3,1,1,0.7,0.3,tycoon,A squirrel,I am a slightly curious person,28,Female,11,6,2,7,2,1,0,0,0.3,0.25,0.75,2,2,30,0,7,0,0.33333,1,6,0.169642857,0.018840349,-3.28E-16,-0.169642857,-0.41875,0.542574322,-0.679885325,0,0,-0.937939993,-0.801754843,0,0.831362524,0,0,0.000641941,0.119867566,0,0.006233629,0.044357077
gb,3,3,1,1,0.7,0.3,tycoon,A squirrel,I am a slightly curious person,28,Female,11,6,2,8,2,2,1,1,0.3,0.25,0.75,2,2,30,1,8,0,0.33333,2,6,0.146953405,0.014963837,1,0.853046595,0.597132616,0.909147844,-0.674157176,0.744661922,0.568123992,-0.794432821,-0.937939993,0.063661109,0.860387862,0.003986375,0,0.001164299,0.121262029,-1.11E-16,0.009565223,0.04768115
gb,3,3,1,1,0.7,0.3,tycoon,A squirrel,I am a slightly curious person,28,Female,11,6,2,9,2,2,0,1,0.3,0.25,0.75,2,2,30,1,9,0,0.33333,3,6,0.172953737,0.018032654,1,0.827046263,0.578932384,0.864961851,-0.680634259,0.712474645,0.599921029,-0.665819316,-0.794432821,0.062292626,0.892571951,0.004269005,0,0.0020288,0.122818047,0,0.014213057,0.052356579
gb,3,3,1,1,0.7,0.3,tycoon,A squirrel,I am a slightly curious person,28,Female,11,6,2,10,2,2,0,1,0.3,0.25,0.75,2,2,30,1,10,0,0.33333,4,6,0.202931956,0.02110733,0.952380952,0.797068044,0.55794763,0.816326921,-0.686416209,0.678652623,0.627880904,-0.559285326,-0.665819316,0.058864996,0.926895239,0.00471245,0,0.003381809,0.124839596,0.003183625,0.020370074,0.058492464
gb,3,3,1,1,0.7,0.3,tycoon,A squirrel,I am a slightly curious person,28,Female,11,6,2,11,1,2,1,1,0.7,0.25,0.75,1,2,30,1,11,0,0.33333,1,0,0.5,0.083333333,NaN,0.5,0.35,0.430782916,-0.647446639,0.461538462,0.690185676,-0.049857149,0,0.054145178,0.857532588,0.019421962,0,0.056089744,0.090812882,1.11E-16,0.010744811,0.050195972
gb,3,3,1,1,0.7,0.3,tycoon,A squirrel,I am a slightly curious person,28,Female,11,6,2,12,1,1,0,0,0.7,0.25,0.75,1,2,30,0,12,0,0.33333,1,1,0.58974359,0.075279421,-0.999999985,-0.58974359,-0.712820513,1.247647868,-0.599606885,0,0,-0.093938823,-0.049857149,0,0.944199747,0,0,0.045117187,0.088816607,0,0.023469388,0.062931083
gb,3,3,1,1,0.7,0.3,tycoon,A squirrel,I am a slightly curious person,28,Female,11,6,2,13,1,2,1,1,0.7,0.25,0.75,1,2,30,1,13,0,0.33333,2,1,0.40625,0.059960938,0.714285714,0.59375,0.415625,0.537212379,-0.678840541,0.513368984,0.692789678,-0.068419324,-0.093938823,0.05510258,0.919751924,0.015712958,0.018342246,0.064268048,0.107908473,-1.11E-16,0.014819018,0.054271602
gb,3,3,1,1,0.7,0.3,tycoon,A squirrel,I am a slightly curious person,28,Female,11,6,2,14,1,2,1,1,0.7,0.25,0.75,1,2,30,1,14,0,0.33333,3,1,0.478074866,0.059144957,0.476190474,0.521925134,0.365347594,0.454677821,-0.656433082,0.472699697,0.691655826,-0.102038269,-0.068419324,0.041065537,0.868245988,0.003791643,0.007254803,0.054716991,0.096868655,1.11E-16,0.008758475,0.04819666
gb,3,3,1,1,0.7,0.3,tycoon,A squirrel,I am a slightly curious person,28,Female,11,6,2,15,1,1,0,0,0.7,0.25,0.75,1,2,30,0,15,0,0.33333,3,2,0.54330974,0.054325817,-0.642857141,-0.54330974,-0.680316818,1.140424831,-0.626630418,0,0,-0.1552444,-0.102038269,0,0.919792341,0,0,0.040743196,0.087851634,0,0.016947838,0.056432036
gb,3,3,1,1,0.7,0.3,tycoon,A squirrel,I am a slightly curious person,28,Female,11,6,2,16,1,2,1,1,0.7,0.25,0.75,1,2,30,1,16,0,0.33333,4,2,0.424354244,0.047783255,0.571428571,0.575645756,0.40295203,0.515757816,-0.674190472,0.502472188,0.693134957,-0.163472784,-0.1552444,0.040802486,0.897558417,0.009085226,0.012870828,0.055189844,0.102789094,-1.11E-16,0.010714599,0.050193477
gb,3,3,1,1,0.7,0.3,tycoon,A squirrel,I am a slightly curious person,28,Female,11,6,2,17,1,2,1,1,0.7,0.25,0.75,1,2,30,1,17,0,0.33333,5,2,0.480377009,0.045607934,0.476190475,0.519622991,0.363736094,0.452141855,-0.655537563,0.471502465,0.691522081,-0.203628259,-0.163472784,0.030843712,0.865196264,0.006538054,0.006476602,0.049307474,0.096184374,0,0.006462498,0.045943679
gb,3,3,1,1,0.7,0.3,tycoon,A squirrel,I am a slightly curious person,28,Female,11,6,2,18,1,2,0,1,0.7,0.25,0.75,1,2,30,1,18,0,0.33333,6,2,0.530553599,0.041805495,0.408163265,0.469446401,0.32861248,0.398408783,-0.633191658,0.446835831,0.687483623,-0.261816885,-0.203628259,0.023017317,0.827566503,0.003481303,0,0.034575004,0.079749159,0,0.003755078,0.043063347
gb,3,3,1,1,0.7,0.3,tycoon,A squirrel,I am a slightly curious person,28,Female,11,6,2,19,1,1,0,0,0.7,0.25,0.75,1,2,30,0,19,0,0.33333,6,3,0.574140717,0.037403886,-0.642857143,-0.574140717,-0.701898502,1.210321252,-0.609247114,0,0,-0.258135832,-0.261816885,0,0.886509459,0,0,0.050076977,0.100828765,0,0.007603174,0.047058584
gb,3,3,1,1,0.7,0.3,tycoon,A squirrel,I am a slightly curious person,28,Female,11,6,2,20,1,2,0,1,0.7,0.25,0.75,1,2,30,1,20,0,0.33333,7,3,0.486309155,0.036582874,0.476190475,0.513690845,0.359583592,0.445636676,-0.653178232,0.468445212,0.691154447,-0.300546827,-0.258135832,0.023617732,0.859179084,0.004369913,0.004489388,0.04403343,0.094250014,-1.11E-16,0.004658378,0.044116567
gb,2,2,3,3,0.3,0.7,tycoon,A squirrel,I am a slightly curious person,38,Female,13,4,6,1,2,3,0,0,0.7,0.5,0.75,2,2,31,0,1,0,0.33333,0,1,0.5,0.083333333,NaN,-0.5,-0.65,1.049822124,-0.647446639,0,0,-0.193147181,0,0,1.028433228,0,0,0.029166667,0.140146437,0,0.03446712,0.072619481
gb,2,2,3,3,0.3,0.7,tycoon,A squirrel,I am a slightly curious person,38,Female,13,4,6,2,2,1,1,1,0.7,0.5,0.75,2,2,31,1,2,0,0.33333,1,1,0.333333333,0.055555556,1,0.666666667,0.466666667,0.628608659,-0.690923309,0.5625,0.685314207,-0.093938823,-0.193147181,0.069434567,1.07105157,0.012962366,0,0.045117187,0.150206225,0,0.023469388,0.061623307
gb,2,2,3,3,0.3,0.7,tycoon,A squirrel,I am a slightly curious person,38,Female,13,4,6,3,1,3,0,1,0.3,0.5,0.75,1,2,31,1,3,0,0.33333,1,0,0.5,0.083333333,NaN,0.5,0.35,0.430782916,-0.647446639,0.461538462,0.690185676,-0.049857149,0,0.054145178,1.026316758,0.016891282,0,0.056089744,0.110220723,1.11E-16,0.010744811,0.053316366
gb,2,2,3,3,0.3,0.7,tycoon,A squirrel,I am a slightly curious person,38,Female,13,4,6,4,1,2,0,1,0.3,0.5,0.75,1,2,31,1,4,0,0.33333,2,0,0.58974359,0.075279421,1.51E-08,0.41025641,0.287179487,0.338525625,-0.599606885,0.420863309,0.680569124,-0.169460509,-0.049857149,0.036406267,0.955732002,0.010751978,-1.11E-16,0.034071493,0.079535267,-1.11E-16,0.005618362,0.048209635
gb,2,2,3,3,0.3,0.7,tycoon,A squirrel,I am a slightly curious person,38,Female,13,4,6,5,1,1,0,0,0.3,0.5,0.75,1,2,31,0,5,0,0.33333,2,1,0.663669065,0.06242107,-0.999999985,-0.663669065,-0.764568345,1.446334621,-0.54575663,0,0,-0.068419324,-0.169460509,0,1.074634015,0,0,0.064268048,0.134986676,0,0.014819018,0.05738955
gb,2,2,3,3,0.3,0.7,tycoon,A squirrel,I am a slightly curious person,38,Female,13,4,6,6,2,1,1,1,0.7,0.5,0.75,2,2,31,1,6,0,0.33333,2,1,0.40625,0.059960938,0.714285714,0.59375,0.415625,0.537212379,-0.678840541,0.513368984,0.692789678,-0.068419324,-0.093938823,0.05510258,1.093517304,0.012128223,0.018342246,0.064268048,0.147289761,-1.11E-16,0.014819018,0.048745152
gb,2,2,3,3,0.3,0.7,tycoon,A squirrel,I am a slightly curious person,38,Female,13,4,6,7,2,1,0,1,0.7,0.5,0.75,2,2,31,1,7,0,0.33333,3,1,0.478074866,0.059144957,0.476190474,0.521925134,0.365347594,0.454677821,-0.656433082,0.472699697,0.691655826,-0.102038269,-0.068419324,0.041065537,1.08938833,0.0093323,0.007254803,0.054716991,0.130061529,0,0.008758475,0.042633814
gb,2,2,3,3,0.3,0.7,tycoon,A squirrel,I am a slightly curious person,38,Female,13,4,6,8,2,1,0,0,0.7,0.5,0.75,2,2,31,0,8,0,0.33333,3,2,0.54330974,0.054325817,-0.642857141,-0.54330974,-0.680316818,1.140424831,-0.626630418,0,0,-0.1552444,-0.102038269,0,1.076148892,0,0,0.040743196,0.133299726,0,0.016947838,0.050867035
gb,2,2,3,3,0.3,0.7,tycoon,A squirrel,I am a slightly curious person,38,Female,13,4,6,9,2,1,1,1,0.7,0.5,0.75,2,2,31,1,9,0,0.33333,4,2,0.424354244,0.047783255,0.571428571,0.575645756,0.40295203,0.515757816,-0.674190472,0.502472188,0.693134957,-0.163472784,-0.1552444,0.040802486,1.091752789,0.007138115,0.012870828,0.055189844,0.142560373,0,0.010714599,0.044622357
gb,2,2,3,3,0.3,0.7,tycoon,A squirrel,I am a slightly curious person,38,Female,13,4,6,10,2,1,0,0,0.7,0.5,0.75,2,2,31,0,10,0,0.33333,4,3,0.480377009,0.045607934,-0.523809525,-0.480377009,-0.636263906,1.011326691,-0.655537563,0,0,-0.232660544,-0.163472784,0,1.05527212,0,0,0.028067523,0.125940903,0,0.01815257,0.052071247
gb,2,2,3,3,0.3,0.7,tycoon,A squirrel,I am a slightly curious person,38,Female,13,4,6,11,2,1,0,0,0.7,0.5,0.75,2,2,31,0,11,0,0.33333,4,4,0.392605808,0.040151491,-0.387755102,-0.392605808,-0.574824066,0.855252233,-0.681907727,0,0,-0.332358209,-0.232660544,0,1.003315095,0,0,0.014020008,0.116580632,0,0.026478728,0.060365182
gb,2,2,3,3,0.3,0.7,tycoon,A squirrel,I am a slightly curious person,38,Female,13,4,6,12,1,1,0,1,0.3,0.5,0.75,1,2,31,1,12,0,0.33333,3,1,0.478074866,0.059144957,0.476190474,0.521925134,0.365347594,0.454677821,-0.656433082,0.472699697,0.691655826,-0.102038269,-0.068419324,0.041065537,0.965898351,0.011284,0.007254803,0.054716991,0.103717827,0,0.008758475,0.054331116
gb,2,2,3,3,0.3,0.7,tycoon,A squirrel,I am a slightly curious person,38,Female,13,4,6,13,2,1,1,1,0.7,0.5,0.75,2,2,31,1,13,0,0.33333,5,4,0.326501305,0.034124577,0.714285719,0.673498695,0.471449086,0.637616142,-0.691515984,0.567589597,0.683982442,-0.298346983,-0.332358209,0.045803546,1.003929297,0.005116423,0,0.013464656,0.107565906,0,0.018834414,0.0466709
gb,2,2,3,3,0.3,0.7,tycoon,A squirrel,I am a slightly curious person,38,Female,13,4,6,14,2,1,0,1,0.7,0.5,0.75,2,2,31,1,14,0,0.33333,6,4,0.371695067,0.034730242,0.634920635,0.628304933,0.439813453,0.579485431,-0.685884742,0.535535888,0.690619451,-0.294935993,-0.298346983,0.037329237,1.0360226,0.004202322,0,0.018976731,0.111911261,0,0.012847841,0.040049973
gb,2,2,3,3,0.3,0.7,tycoon,A squirrel,I am a slightly curious person,38,Female,13,4,6,15,1,1,1,1,0.3,0.5,0.75,1,2,31,1,15,0,0.33333,4,1,0.54330974,0.054325817,0.357142859,0.45669026,0.319683182,0.38519668,-0.626630418,0.440971018,0.68616206,-0.172348106,-0.102038269,0.029483823,0.991189568,0.008713187,0,0.036400986,0.08774734,0,0.004910265,0.036835042
gb,2,2,3,3,0.3,0.7,tycoon,A squirrel,I am a slightly curious person,38,Female,13,4,6,16,1,1,1,1,0.3,0.5,0.75,1,2,31,1,16,0,0.33333,5,1,0.599207332,0.047626322,0.285714286,0.400792668,0.280554867,0.329275013,-0.593476605,0.416988018,0.679301179,-0.259727487,-0.172348106,0.020928267,0.936032296,0.005855117,0,0.023717554,0.069267014,0,0.002646807,0.034486346
gb,2,2,3,3,0.3,0.7,tycoon,A squirrel,I am a slightly curious person,38,Female,13,4,6,17,2,1,0,1,0.7,0.5,0.75,2,2,31,1,17,0,0.33333,7,4,0.415093413,0.034000202,0.571428565,0.584906587,0.409434611,0.526674914,-0.676652104,0.507987778,0.693019566,-0.313823874,-0.294935993,0.029764054,0.97054722,0.002825049,0,0.008346005,0.072197424,0,0.008449089,0.030149408
gb,2,2,3,3,0.3,0.7,tycoon,A squirrel,I am a slightly curious person,38,Female,13,4,6,18,2,1,1,1,0.7,0.5,0.75,2,2,31,1,18,0,0.33333,8,4,0.455394017,0.032338032,0.519480519,0.544605983,0.381224188,0.48001225,-0.664660247,0.48482826,0.692686746,-0.346904736,-0.313823874,0.023504349,1.001273005,0.003379373,0,0.011289839,0.075349985,0,0.005387895,0.027146713
gb,2,2,3,3,0.3,0.7,tycoon,A squirrel,I am a slightly curious person,38,Female,13,4,6,19,2,1,0,0,0.7,0.5,0.75,2,2,31,0,19,0,0.33333,8,5,0.491976931,0.030175846,-0.523809523,-0.491976931,-0.644383852,1.033903364,-0.650854103,0,0,-0.366182202,-0.346904736,0,0.94077698,0,0,0.005104654,0.069356521,0,0.009080232,0.030789444
gb,2,2,3,3,0.3,0.7,tycoon,A squirrel,I am a slightly curious person,38,Female,13,4,6,20,1,1,0,0,0.3,0.5,0.75,1,2,31,0,20,0,0.33333,5,2,0.645546412,0.040759615,-0.761904762,-0.645546412,-0.751882489,1.393852809,-0.560257554,0,0,-0.203628259,-0.259727487,0,1.048844923,0,0,0.049307474,0.111774045,0,0.006462498,0.034564304
bg,3,3,3,3,0.3,0.7,tycoon,A squirrel,I am a slightly curious person,23,Female,15,6,6,1,1,4,0,1,0.3,0.75,0.75,1,2,32,1,1,0,0.33333,1,0,0.5,0.083333333,NaN,0.5,0.35,0.430782916,-0.647446639,0.461538462,0.690185676,-0.049857149,0,0.054145178,1.080889095,0.014094332,0,0.056089744,0.131073366,-1.11E-16,0.010744811,0.048912754
bg,3,3,3,3,0.3,0.7,tycoon,A squirrel,I am a slightly curious person,23,Female,15,6,6,2,2,4,1,1,0.7,0.75,0.75,2,2,32,1,2,0,0.33333,1,0,0.5,0.083333333,NaN,0.5,0.35,0.430782916,-0.647446639,0.461538462,0.690185676,-0.049857149,0,0.054145178,1.083040303,0.013293712,0.028994083,0.081953072,0.14653679,0,0.010744811,0.040598993
bg,3,3,3,3,0.3,0.7,tycoon,A squirrel,I am a slightly curious person,23,Female,15,6,6,3,1,4,1,1,0.3,0.75,0.75,1,2,32,1,3,0,0.33333,2,0,0.58974359,0.075279421,1.51E-08,0.41025641,0.287179487,0.338525625,-0.599606885,0.420863309,0.680569124,-0.169460509,-0.049857149,0.036406267,1.058070635,0.008936834,-1.11E-16,0.052799149,0.109411496,-1.11E-16,0.005618362,0.035483482
bg,3,3,3,3,0.3,0.7,tycoon,A squirrel,I am a slightly curious person,23,Female,15,6,6,4,2,4,0,0,0.7,0.75,0.75,2,2,32,0,4,0,0.33333,1,1,0.58974359,0.075279421,-0.999999985,-0.58974359,-0.712820513,1.247647868,-0.599606885,0,0,-0.093938823,-0.049857149,0,0.955732002,0,0,0.014685442,0.079535267,0,0.023469388,0.048209635
bg,3,3,3,3,0.3,0.7,tycoon,A squirrel,I am a slightly curious person,23,Female,15,6,6,5,1,4,0,0,0.3,0.75,0.75,1,2,32,0,5,0,0.33333,2,1,0.663669065,0.06242107,-0.999999985,-0.663669065,-0.764568345,1.446334621,-0.54575663,0,0,-0.068419324,-0.169460509,0,1.074634015,0,0,0.064268048,0.134986676,0,0.014819018,0.05738955
bg,3,3,3,3,0.3,0.7,tycoon,A squirrel,I am a slightly curious person,23,Female,15,6,6,6,1,4,0,1,0.3,0.75,0.75,1,2,32,1,6,0,0.33333,3,1,0.478074866,0.059144957,0.476190474,0.521925134,0.365347594,0.454677821,-0.656433082,0.472699697,0.691655826,-0.102038269,-0.068419324,0.041065537,1.058261365,0.009633982,0.007254803,0.054716991,0.119775605,0,0.008758475,0.051339537
bg,3,3,3,3,0.3,0.7,tycoon,A squirrel,I am a slightly curious person,23,Female,15,6,6,7,1,4,1,1,0.3,0.75,0.75,1,2,32,1,7,0,0.33333,4,1,0.54330974,0.054325817,0.357142859,0.45669026,0.319683182,0.38519668,-0.626630418,0.440971018,0.68616206,-0.172348106,-0.102038269,0.029483823,1.025165129,0.006517696,0,0.036400986,0.095000746,-1.11E-16,0.004910265,0.047481318
bg,3,3,3,3,0.3,0.7,tycoon,A squirrel,I am a slightly curious person,23,Female,15,6,6,8,1,4,0,0,0.3,0.75,0.75,1,2,32,0,8,0,0.33333,4,2,0.599207332,0.047626322,-0.714285714,-0.599207332,-0.719445133,1.270985967,-0.593476605,0,0,-0.163472784,-0.172348106,0,1.074306917,0,0,0.055189844,0.130286855,0,0.010714599,0.053310128
bg,3,3,3,3,0.3,0.7,tycoon,A squirrel,I am a slightly curious person,23,Female,15,6,6,9,1,4,0,1,0.3,0.75,0.75,1,2,32,1,9,0,0.33333,5,2,0.480377009,0.045607934,0.476190475,0.519622991,0.363736094,0.452141855,-0.655537563,0.471502465,0.691522081,-0.203628259,-0.163472784,0.030843712,1.065000709,0.005778331,0.006476602,0.049307474,0.119937485,0,0.006462498,0.049089638
bg,3,3,3,3,0.3,0.7,tycoon,A squirrel,I am a slightly curious person,23,Female,15,6,6,10,1,4,0,1,0.3,0.75,0.75,1,2,32,1,10,0,0.33333,6,2,0.530553599,0.041805495,0.408163265,0.469446401,0.32861248,0.398408783,-0.633191658,0.446835831,0.687483623,-0.261816885,-0.203628259,0.023017317,1.045296995,0.004237318,0,0.034575004,0.100133002,-1.11E-16,0.003755078,0.046338927
bg,3,3,3,3,0.3,0.7,tycoon,A squirrel,I am a slightly curious person,23,Female,15,6,6,11,1,4,1,1,0.3,0.75,0.75,1,2,32,1,11,0,0.33333,7,2,0.574140717,0.037403886,0.357142857,0.425859283,0.298101498,0.35396647,-0.609247114,0.427412225,0.682571878,-0.327921028,-0.261816885,0.017233904,1.018936962,0.003151961,-2.22E-16,0.023920979,0.084181168,-1.11E-16,0.002120763,0.044703738
bg,3,3,3,3,0.3,0.7,tycoon,A squirrel,I am a slightly curious person,23,Female,15,6,6,12,1,4,0,0,0.3,0.75,0.75,1,2,32,0,12,0,0.33333,7,3,0.611443432,0.033084727,-0.682539682,-0.611443432,-0.728010403,1.301991458,-0.585227712,0,0,-0.300546827,-0.327921028,0,1.067221059,0,0,0.04403343,0.118240053,0,0.004658378,0.047252432
bg,3,3,3,3,0.3,0.7,tycoon,A squirrel,I am a slightly curious person,23,Female,15,6,6,13,2,4,0,1,0.7,0.75,0.75,2,2,32,1,13,0,0.33333,2,1,0.40625,0.059960938,0.714285714,0.59375,0.415625,0.537212379,-0.678840541,0.513368984,0.692789678,-0.068419324,-0.093938823,0.05510258,1.094182046,0.014001785,0.009384848,0.055817458,0.129181749,-1.11E-16,0.014819018,0.038516288
bg,3,3,3,3,0.3,0.7,tycoon,A squirrel,I am a slightly curious person,23,Female,15,6,6,14,1,4,1,1,0.3,0.75,0.75,1,2,32,1,14,0,0.33333,8,3,0.526295657,0.033586415,0.428571434,0.473704343,0.33159304,0.40285807,-0.635301069,0.448828361,0.687900926,-0.351316646,-0.300546827,0.018240329,1.088907073,0.003232949,1.11E-16,0.032078442,0.11200935,-1.11E-16,0.002777826,0.036651383
bg,3,3,3,3,0.3,0.7,tycoon,A squirrel,I am a slightly curious person,23,Female,15,6,6,15,1,4,1,1,0.3,0.75,0.75,1,2,32,1,15,0,0.33333,9,3,0.561469573,0.030474638,0.38961039,0.438530427,0.306971299,0.366683865,-0.616655861,0.432882505,0.68411041,-0.405302546,-0.351316646,0.014237998,1.077053942,0.001811836,0,0.023149155,0.097579847,0,0.001621718,0.035525738
bg,3,3,3,3,0.3,0.7,tycoon,A squirrel,I am a slightly curious person,23,Female,15,6,6,16,1,4,0,0,0.3,0.75,0.75,1,2,32,0,16,0,0.33333,9,4,0.592250761,0.027520438,-0.642857143,-0.592250761,-0.714575533,1.253777848,-0.598003825,0,0,-0.387826043,-0.405302546,0,1.094562299,0,0,0.03957238,0.1275761,0,0.003350204,0.03706417
bg,3,3,3,3,0.3,0.7,tycoon,A squirrel,I am a slightly curious person,23,Female,15,6,6,17,2,4,0,1,0.7,0.75,0.75,2,2,32,1,17,0,0.33333,3,1,0.478074866,0.059144957,0.476190474,0.521925134,0.365347594,0.454677821,-0.656433082,0.472699697,0.691655826,-0.102038269,-0.068419324,0.041065537,1.091741681,0.01099192,0.015446716,0.06212765,0.126569829,1.11E-16,0.008758475,0.031029441
bg,3,3,3,3,0.3,0.7,tycoon,A squirrel,I am a slightly curious person,23,Female,15,6,6,18,2,4,0,1,0.7,0.75,0.75,2,2,32,1,18,0,0.33333,4,1,0.54330974,0.054325817,0.357142859,0.45669026,0.319683182,0.38519668,-0.626630418,0.440971018,0.68616206,-0.172348106,-0.102038269,0.029483823,1.066297305,0.008380241,0,0.042090138,0.09951999,1.11E-16,0.004910265,0.027379763
bg,3,3,3,3,0.3,0.7,tycoon,A squirrel,I am a slightly curious person,23,Female,15,6,6,19,1,4,0,1,0.3,0.75,0.75,1,2,32,1,19,0,0.33333,10,4,0.524757225,0.027850179,0.439560441,0.475242775,0.332669942,0.404470516,-0.63605335,0.449552656,0.688048641,-0.432320463,-0.387826043,0.01481275,1.07976273,0.002199002,0,0.030285852,0.103690964,-1.11E-16,0.002041086,0.026020769
bg,3,3,3,3,0.3,0.7,tycoon,A squirrel,I am a slightly curious person,23,Female,15,6,6,20,2,4,1,1,0.7,0.75,0.75,2,2,32,1,20,0,0.33333,5,1,0.599207332,0.047626322,0.285714286,0.400792668,0.280554867,0.329275013,-0.593476605,0.416988018,0.679301179,-0.259727487,-0.172348106,0.020928267,1.045093734,0.006300075,0,0.03373675,0.082073695,1.11E-16,0.002646807,0.023769332
gb,3,4,2,2,0.7,0.3,tycoon,A squirrel,I am a slightly curious person,29,Female,14,7,4,1,1,4,0,1,0.7,0.5,0.875,1,2,33,1,1,0,0.33333,1,0,0.5,0.083333333,NaN,0.5,0.35,0.430782916,-0.647446639,0.461538462,0.690185676,-0.049857149,0,0.054145178,1.080889095,0.014094332,0,0.056089744,0.131073366,-1.11E-16,0.010744811,0.048912754
gb,3,4,2,2,0.7,0.3,tycoon,A squirrel,I am a slightly curious person,29,Female,14,7,4,2,2,4,0,1,0.3,0.5,0.875,2,2,33,1,2,0,0.33333,1,0,0.5,0.083333333,NaN,0.5,0.35,0.430782916,-0.647446639,0.461538462,0.690185676,-0.049857149,0,0.054145178,1.083040303,0.013293712,0.028994083,0.081953072,0.14653679,0,0.010744811,0.040598993
gb,3,4,2,2,0.7,0.3,tycoon,A squirrel,I am a slightly curious person,29,Female,14,7,4,3,1,4,1,1,0.7,0.5,0.875,1,2,33,1,3,0,0.33333,2,0,0.58974359,0.075279421,1.51E-08,0.41025641,0.287179487,0.338525625,-0.599606885,0.420863309,0.680569124,-0.169460509,-0.049857149,0.036406267,1.058070635,0.008936834,-1.11E-16,0.052799149,0.109411496,-1.11E-16,0.005618362,0.035483482
gb,3,4,2,2,0.7,0.3,tycoon,A squirrel,I am a slightly curious person,29,Female,14,7,4,4,2,4,1,1,0.3,0.5,0.875,2,2,33,1,4,0,0.33333,2,0,0.58974359,0.075279421,1.51E-08,0.41025641,0.287179487,0.338525625,-0.599606885,0.420863309,0.680569124,-0.169460509,-0.049857149,0.036406267,1.051924252,0.008606057,0.021778764,0.072826973,0.121439553,0,0.005618362,0.030273434
gb,3,4,2,2,0.7,0.3,tycoon,A squirrel,I am a slightly curious person,29,Female,14,7,4,5,1,4,1,1,0.7,0.5,0.875,1,2,33,1,5,0,0.33333,3,0,0.663669065,0.06242107,1.51E-08,0.336330935,0.235431655,0.268443859,-0.54575663,0.392378264,0.669800034,-0.317247853,-0.169460509,0.023643113,1.028028117,0.004734734,0,0.048396046,0.092153603,0,0.00278523,0.027458667
gb,3,4,2,2,0.7,0.3,tycoon,A squirrel,I am a slightly curious person,29,Female,14,7,4,6,1,4,1,1,0.7,0.5,0.875,1,2,33,1,6,0,0.33333,4,0,0.720818631,0.049557175,1.51E-08,0.279181369,0.195426958,0.217443525,-0.493997111,0.372868571,0.66046475,-0.466927048,-0.317247853,0.015384673,0.993909231,0.003130719,0,0.03212017,0.071325136,0,0.001334355,0.026012096
gb,3,4,2,2,0.7,0.3,tycoon,A squirrel,I am a slightly curious person,29,Female,14,7,4,7,1,4,0,1,0.7,0.5,0.875,1,2,33,1,7,0,0.33333,5,0,0.763934695,0.038886415,1.51E-08,0.236065305,0.165245714,0.180617865,-0.448266988,0.359387193,0.653064793,-0.60687214,-0.466927048,0.010280655,0.95780134,0.003410969,0,0.021463797,0.056370899,0,0.000626477,0.025301662
gb,3,4,2,2,0.7,0.3,tycoon,A squirrel,I am a slightly curious person,29,Female,14,7,4,8,2,2,0,0,0.3,0.5,0.875,2,2,33,0,8,0,0.33333,2,1,0.663669065,0.06242107,-0.999999985,-0.663669065,-0.764568345,1.446334621,-0.54575663,0,0,-0.068419324,-0.169460509,0,0.789707973,0,0,0.005445601,0.03562862,0,0.014819018,0.034502566
gb,3,4,2,2,0.7,0.3,tycoon,A squirrel,I am a slightly curious person,29,Female,14,7,4,9,2,2,0,0,0.3,0.5,0.875,2,2,33,0,9,0,0.33333,2,2,0.478074866,0.059144957,-0.523809526,-0.478074866,-0.634652406,1.006906067,-0.656433082,0,0,-0.193348887,-0.068419324,0,0.668294577,0,0,0.001028884,0.029340743,0,0.025346907,0.045040472
gb,3,4,2,2,0.7,0.3,tycoon,A squirrel,I am a slightly curious person,29,Female,14,7,4,10,1,4,0,0,0.7,0.5,0.875,1,2,33,0,10,0,0.33333,5,1,0.79654368,0.030721348,-0.999999985,-0.79654368,-0.857580576,1.948978886,-0.409331248,0,0,-0.259727487,-0.60687214,0,0.923769749,0,0,0.023717554,0.069228634,0,0.002646807,0.047095339
gb,3,4,2,2,0.7,0.3,tycoon,A squirrel,I am a slightly curious person,29,Female,14,7,4,11,1,4,1,1,0.7,0.5,0.875,1,2,33,1,11,0,0.33333,6,1,0.645546412,0.040759615,0.238095238,0.354453588,0.248117511,0.285175232,-0.560257554,0.39899852,0.672603512,-0.351554018,-0.259727487,0.014991389,0.871114895,0.003459535,0,0.015273006,0.055637673,0,0.00138765,0.045837442
gb,3,4,2,2,0.7,0.3,tycoon,A squirrel,I am a slightly curious person,29,Female,14,7,4,12,1,3,0,1,0.7,0.5,0.875,1,2,33,1,12,0,0.33333,7,1,0.683493473,0.034610861,0.204081633,0.316506527,0.221554569,0.250456385,-0.528868497,0.385383468,0.666638198,-0.441349354,-0.351554018,0.010976855,0.819914147,0.002284266,0,0.009779435,0.045387402,0,0.000713851,0.045128202
gb,3,4,2,2,0.7,0.3,tycoon,A squirrel,I am a slightly curious person,29,Female,14,7,4,13,1,3,1,1,0.7,0.5,0.875,1,2,33,1,13,0,0.33333,8,1,0.714616532,0.029443897,0.178571434,0.285383468,0.199768428,0.222854128,-0.500081228,0.374891482,0.661507779,-0.526463112,-0.441349354,0.008262094,0.772075203,0.001817973,0,0.006249164,0.037594834,0,0.000362631,0.044789071
gb,3,4,2,2,0.7,0.3,tycoon,A squirrel,I am a slightly curious person,29,Female,14,7,4,14,2,1,0,0,0.3,0.5,0.875,2,2,33,0,14,0,0.33333,2,3,0.364754098,0.047282317,-0.285714285,-0.364754098,-0.555327869,0.810418052,-0.687012278,0,0,-0.352252836,-0.193348887,0,0.690519632,0,0,0.000618047,0.034652657,0,0.035836067,0.055269147
gb,3,4,2,2,0.7,0.3,tycoon,A squirrel,I am a slightly curious person,29,Female,14,7,4,15,2,1,0,1,0.3,0.5,0.875,2,2,33,1,15,0,0.33333,3,3,0.290322581,0.036680541,0.85714286,0.709677419,0.496774194,0.68671629,-0.693126369,0.596153846,0.674540362,-0.270498672,-0.352252836,0.058683512,0.728728055,0.003550562,0,0.001082318,0.035791876,-1.11E-16,0.026183535,0.045586038
gb,3,4,2,2,0.7,0.3,tycoon,A squirrel,I am a slightly curious person,29,Female,14,7,4,16,1,1,1,1,0.7,0.5,0.875,1,2,33,1,16,0,0.33333,9,1,0.740372486,0.025214316,0.158730158,0.259627514,0.18173926,0.20057424,-0.474020587,0.366631301,0.65713843,-0.606187788,-0.526463112,0.006396043,0.685011464,0.001700286,-2.22E-16,0.003993102,0.030062613,0,0.000182712,0.045406597
gb,3,4,2,2,0.7,0.3,tycoon,A squirrel,I am a slightly curious person,29,Female,14,7,4,17,1,1,0,1,0.7,0.5,0.875,1,2,33,1,17,0,0.33333,10,1,0.761942653,0.021774167,0.142857141,0.238057347,0.166640143,0.182289728,-0.450518517,0.359988542,0.653411602,-0.68065316,-0.606187788,0.005081149,0.644780859,0.000868937,2.22E-16,0.002553853,0.025484567,0,9.16E-05,0.045319875
gb,3,4,2,2,0.7,0.3,tycoon,A squirrel,I am a slightly curious person,29,Female,14,7,4,18,1,1,0,0,0.7,0.5,0.875,1,2,33,0,18,0,0.33333,10,2,0.780232371,0.018966302,-0.87012987,-0.780232371,-0.84616266,1.871859469,-0.429307996,0,0,-0.5266447,-0.68065316,0,0.801432487,0,0,0.007605271,0.045167479,0,0.000343634,0.045652443
gb,3,4,2,2,0.7,0.3,tycoon,A squirrel,I am a slightly curious person,29,Female,14,7,4,19,1,1,0,1,0.7,0.5,0.875,1,2,33,1,19,0,0.33333,11,2,0.693930752,0.02286977,0.238095238,0.306069248,0.214248474,0.241114661,-0.519531449,0.381800086,0.664938483,-0.587680027,-0.5266447,0.006505463,0.765525001,0.000512362,1.11E-16,0.005155653,0.039256101,0,0.000183394,0.045430633
gb,3,4,2,2,0.7,0.3,tycoon,A squirrel,I am a slightly curious person,29,Female,14,7,4,20,1,1,0,0,0.7,0.5,0.875,1,2,33,0,20,0,0.33333,11,3,0.714304672,0.020394452,-0.78021978,-0.714304672,-0.800013271,1.609504268,-0.500384026,0,0,-0.51275087,-0.587680027,0,0.874966416,0,0,0.011824686,0.058611737,0,0.000527985,0.045780216
bg,4,4,1,1,0.7,0.3,tycoon,A squirrel,I am a slightly curious person,35,Female,16,8,2,1,1,4,0,1,0.7,0.25,1,1,2,34,1,1,0,0.33333,1,0,0.5,0.083333333,NaN,0.5,0.35,0.430782916,-0.647446639,0.461538462,0.690185676,-0.049857149,0,0.054145178,1.080889095,0.014094332,0,0.056089744,0.131073366,-1.11E-16,0.010744811,0.048912754
bg,4,4,1,1,0.7,0.3,tycoon,A squirrel,I am a slightly curious person,35,Female,16,8,2,2,2,2,0,0,0.3,0.25,1,2,2,34,0,2,0,0.33333,0,1,0.5,0.083333333,NaN,-0.5,-0.65,1.049822124,-0.647446639,0,0,-0.193147181,0,0,0.975252971,0,0,0.016111757,0.102310032,0,0.03446712,0.064322906
bg,4,4,1,1,0.7,0.3,tycoon,A squirrel,I am a slightly curious person,35,Female,16,8,2,3,2,3,1,1,0.3,0.25,1,2,2,34,1,3,0,0.33333,1,1,0.333333333,0.055555556,1,0.666666667,0.466666667,0.628608659,-0.690923309,0.5625,0.685314207,-0.093938823,-0.193147181,0.069434567,1.026316758,0.011611643,0,0.025871763,0.110220723,1.11E-16,0.023469388,0.053316366
bg,4,4,1,1,0.7,0.3,tycoon,A squirrel,I am a slightly curious person,35,Female,16,8,2,4,2,2,0,0,0.3,0.25,1,2,2,34,0,4,0,0.33333,1,2,0.40625,0.059960938,-0.285714286,-0.40625,-0.584375,0.877971868,-0.678840541,0,0,-0.286460356,-0.093938823,0,0.937868132,0,0,0.00863843,0.097422272,0,0.035631937,0.065472364
bg,4,4,1,1,0.7,0.3,tycoon,A squirrel,I am a slightly curious person,35,Female,16,8,2,5,1,4,0,1,0.7,0.25,1,1,2,34,1,5,0,0.33333,2,0,0.58974359,0.075279421,1.51E-08,0.41025641,0.287179487,0.338525625,-0.599606885,0.420863309,0.680569124,-0.169460509,-0.049857149,0.036406267,0.854408475,0.009194337,-1.11E-16,0.034071493,0.069711214,0,0.005618362,0.060346701
bg,4,4,1,1,0.7,0.3,tycoon,A squirrel,I am a slightly curious person,35,Female,16,8,2,6,1,1,0,1,0.7,0.25,1,1,2,34,1,6,0,0.33333,3,0,0.663669065,0.06242107,1.51E-08,0.336330935,0.235431655,0.268443859,-0.54575663,0.392378264,0.669800034,-0.317247853,-0.169460509,0.023643113,0.771706693,0.007139406,0,0.020047195,0.050244093,1.11E-16,0.00278523,0.057540143
bg,4,4,1,1,0.7,0.3,tycoon,A squirrel,I am a slightly curious person,35,Female,16,8,2,7,1,1,1,1,0.7,0.25,1,1,2,34,1,7,0,0.33333,4,0,0.720818631,0.049557175,1.51E-08,0.279181369,0.195426958,0.217443525,-0.493997111,0.372868571,0.66046475,-0.466927048,-0.317247853,0.015384673,0.692922645,0.003787438,0,0.011626066,0.036954327,0,0.001334355,0.056003451
bg,4,4,1,1,0.7,0.3,tycoon,A squirrel,I am a slightly curious person,35,Female,16,8,2,8,2,1,0,0,0.3,0.25,1,2,2,34,0,8,0,0.33333,1,3,0.305263158,0.04365651,-0.047619048,-0.305263158,-0.513684211,0.720897094,-0.692772619,0,0,-0.477126407,-0.286460356,0,0.63882861,0,0,0.000207592,0.034916519,0,0.026293758,0.046722509
bg,4,4,1,1,0.7,0.3,tycoon,A squirrel,I am a slightly curious person,35,Female,16,8,2,9,1,2,1,1,0.7,0.25,1,1,2,34,1,9,0,0.33333,5,0,0.763934695,0.038886415,1.51E-08,0.236065305,0.165245714,0.180617865,-0.448266988,0.359387193,0.653064793,-0.60687214,-0.466927048,0.010280655,0.575740303,0.002491082,0,0.00672169,0.026418501,1.11E-16,0.000626477,0.046003505
bg,4,4,1,1,0.7,0.3,tycoon,A squirrel,I am a slightly curious person,35,Female,16,8,2,10,1,1,1,1,0.7,0.25,1,1,2,34,1,10,0,0.33333,6,0,0.79654368,0.030721348,1.51E-08,0.20345632,0.142419424,0.153640138,-0.409331248,0.349821356,0.647335981,-0.733891271,-0.60687214,0.00714069,0.523359856,0.001534529,0,0.003899167,0.020548423,0,0.000290958,0.045670174
bg,4,4,1,1,0.7,0.3,tycoon,A squirrel,I am a slightly curious person,35,Female,16,8,2,11,2,3,0,1,0.3,0.25,1,2,2,34,1,11,0,0.33333,2,3,0.242424242,0.032139578,1,0.757575758,0.53030303,0.755667538,-0.691309507,0.638709677,0.654156989,-0.352252836,-0.477126407,0.0668108,0.546230432,0.001897566,0,0.000102886,0.021027305,0.012903226,0.035836067,0.055207449
bg,4,4,1,1,0.7,0.3,tycoon,A squirrel,I am a slightly curious person,35,Female,16,8,2,12,2,1,0,0,0.3,0.25,1,2,2,34,0,12,0,0.33333,2,4,0.290322581,0.036680541,-0.14285714,-0.290322581,-0.503225806,0.699619695,-0.693126369,0,0,-0.510122266,-0.352252836,0,0.514035065,0,0,1.70E-05,0.020362595,0,0.023644259,0.042075752
bg,4,4,1,1,0.7,0.3,tycoon,A squirrel,I am a slightly curious person,35,Female,16,8,2,13,1,1,0,1,0.7,0.25,1,1,2,34,1,13,0,0.33333,7,0,0.821619976,0.024639009,1.51E-08,0.178380024,0.124866017,0.133378281,-0.37650936,0.342804651,0.642878283,-0.848385195,-0.733891271,0.005168064,0.471490083,0.00099896,0,0.002276322,0.016239427,0,0.000134477,0.042872082
bg,4,4,1,1,0.7,0.3,tycoon,A squirrel,I am a slightly curious person,35,Female,16,8,2,14,1,1,0,1,0.7,0.25,1,1,2,34,1,14,0,0.33333,8,0,0.841328165,0.020105567,1.51E-08,0.158671835,0.111070284,0.117737107,-0.348747191,0.337484499,0.639352845,-0.951870014,-0.848385195,0.003885588,0.43603286,0.000668139,-2.22E-16,0.001338821,0.013298018,0,6.21E-05,0.042809076
bg,4,4,1,1,0.7,0.3,tycoon,A squirrel,I am a slightly curious person,35,Female,16,8,2,15,1,1,0,1,0.7,0.25,1,1,2,34,1,15,0,0.33333,9,0,0.857160572,0.016681943,1.51E-08,0.142839428,0.099987599,0.105346737,-0.325055726,0.333328741,0.636510985,-1.045980038,-0.951870014,0.003018837,0.406123854,0.000476078,1.11E-16,0.000793303,0.011052911,0,2.87E-05,0.042727757
bg,4,4,1,1,0.7,0.3,tycoon,A squirrel,I am a slightly curious person,35,Female,16,8,2,16,1,1,1,1,0.7,0.25,1,1,2,34,1,16,0,0.33333,10,0,0.870135238,0.014050404,1.51E-08,0.129864762,0.090905333,0.095306046,-0.304627445,0.329998636,0.63417767,-1.132152519,-1.045980038,0.002410467,0.380574623,0.000323462,0,0.000473337,0.009328773,1.11E-16,1.33E-05,0.042712808
bg,4,4,1,1,0.7,0.3,tycoon,A squirrel,I am a slightly curious person,35,Female,16,8,2,17,2,3,0,1,0.3,0.25,1,2,2,34,1,17,0,0.33333,3,4,0.238636364,0.028550521,0.952380952,0.761363636,0.532954545,0.761328693,-0.690973601,0.642335766,0.652062427,-0.402753524,-0.510122266,0.061777694,0.388623856,0.000517858,0,3.23E-06,0.009416023,0.012111381,0.033570597,0.052633171
bg,4,4,1,1,0.7,0.3,tycoon,A squirrel,I am a slightly curious person,35,Female,16,8,2,18,2,4,1,1,0.3,0.25,1,2,2,34,1,18,0,0.33333,4,4,0.281427413,0.032002412,0.816326528,0.718572587,0.503000811,0.699166885,-0.693129171,0.603622715,0.671515413,-0.332358209,-0.402753524,0.05433972,0.399067633,0.000542594,0,6.12E-06,0.009537155,0.001207572,0.026478728,0.045500806
bg,4,4,1,1,0.7,0.3,tycoon,A squirrel,I am a slightly curious person,35,Female,16,8,2,19,1,1,1,1,0.7,0.25,1,1,2,34,1,19,0,0.33333,11,0,0.880954005,0.011990507,1.51E-08,0.119045995,0.083332197,0.087010137,-0.286833257,0.327272321,0.632230085,-1.211572609,-1.132152519,0.001968611,0.373974163,0.001236406,-1.11E-16,0.000284202,0.008135174,0,6.18E-06,0.045501095
bg,4,4,1,1,0.7,0.3,tycoon,A squirrel,I am a slightly curious person,35,Female,16,8,2,20,1,2,0,1,0.7,0.25,1,1,2,34,1,20,0,0.33333,12,0,0.890110381,0.010350269,1.51E-08,0.109889619,0.076922734,0.080042336,-0.27118852,0.324999879,0.63058094,-1.285199953,-1.211572609,0.001638027,0.350864702,-0.000235086,0,0.000171597,0.007023418,0,2.88E-06,0.045555228
bg,2,2,1,1,0.7,0.3,tycoon,A squirrel,I am a slightly curious person,18,Female,13,4,2,1,2,1,1,1,0.3,0.25,0.5,2,2,35,1,1,0,0.33333,1,0,0.5,0.083333333,NaN,0.5,0.35,0.430782916,-0.647446639,0.461538462,0.690185676,-0.049857149,0,0.054145178,1.080726614,0.013916602,0,0.056089744,0.131091774,-1.11E-16,0.010744811,0.048912754
bg,2,2,1,1,0.7,0.3,tycoon,A squirrel,I am a slightly curious person,18,Female,13,4,2,2,2,1,0,0,0.3,0.25,0.5,2,2,35,0,2,0,0.33333,1,1,0.58974359,0.075279421,-0.999999985,-0.58974359,-0.712820513,1.247647868,-0.599606885,0,0,-0.093938823,-0.049857149,0,1.07105157,0,0,0.045117187,0.150206225,0,0.023469388,0.061623307
bg,2,2,1,1,0.7,0.3,tycoon,A squirrel,I am a slightly curious person,18,Female,13,4,2,3,1,1,1,1,0.7,0.25,0.5,1,2,35,1,3,0,0.33333,1,0,0.5,0.083333333,NaN,0.5,0.35,0.430782916,-0.647446639,0.461538462,0.690185676,-0.049857149,0,0.054145178,1.026316758,0.016891282,0,0.056089744,0.110220723,1.11E-16,0.010744811,0.053316366
bg,2,2,1,1,0.7,0.3,tycoon,A squirrel,I am a slightly curious person,18,Female,13,4,2,4,1,1,0,1,0.7,0.25,0.5,1,2,35,1,4,0,0.33333,2,0,0.58974359,0.075279421,1.51E-08,0.41025641,0.287179487,0.338525625,-0.599606885,0.420863309,0.680569124,-0.169460509,-0.049857149,0.036406267,0.955732002,0.010751978,-1.11E-16,0.034071493,0.079535267,-1.11E-16,0.005618362,0.048209635
bg,2,2,1,1,0.7,0.3,tycoon,A squirrel,I am a slightly curious person,18,Female,13,4,2,5,1,1,1,1,0.7,0.25,0.5,1,2,35,1,5,0,0.33333,3,0,0.663669065,0.06242107,1.51E-08,0.336330935,0.235431655,0.268443859,-0.54575663,0.392378264,0.669800034,-0.317247853,-0.169460509,0.023643113,0.877096764,0.006644648,0,0.020047195,0.05774416,0,0.00278523,0.045379218
bg,2,2,1,1,0.7,0.3,tycoon,A squirrel,I am a slightly curious person,18,Female,13,4,2,6,1,1,0,0,0.7,0.25,0.5,1,2,35,0,6,0,0.33333,3,1,0.720818631,0.049557175,-0.999999985,-0.720818631,-0.804573042,1.632568584,-0.493997111,0,0,-0.102038269,-0.317247853,0,1.058261365,0,0,0.054716991,0.119775605,0,0.008758475,0.051339537
bg,2,2,1,1,0.7,0.3,tycoon,A squirrel,I am a slightly curious person,18,Female,13,4,2,7,1,1,0,1,0.7,0.25,0.5,1,2,35,1,7,0,0.33333,4,1,0.54330974,0.054325817,0.357142859,0.45669026,0.319683182,0.38519668,-0.626630418,0.440971018,0.68616206,-0.172348106,-0.102038269,0.029483823,1.025165129,0.006517696,0,0.036400986,0.095000746,-1.11E-16,0.004910265,0.047481318
bg,2,2,1,1,0.7,0.3,tycoon,A squirrel,I am a slightly curious person,18,Female,13,4,2,8,1,1,1,1,0.7,0.25,0.5,1,2,35,1,8,0,0.33333,5,1,0.599207332,0.047626322,0.285714286,0.400792668,0.280554867,0.329275013,-0.593476605,0.416988018,0.679301179,-0.259727487,-0.172348106,0.020928267,0.983177816,0.004592677,0,0.023717554,0.07585839,0,0.002646807,0.045211973
bg,2,2,1,1,0.7,0.3,tycoon,A squirrel,I am a slightly curious person,18,Female,13,4,2,9,1,1,1,1,0.7,0.25,0.5,1,2,35,1,9,0,0.33333,6,1,0.645546412,0.040759615,0.238095238,0.354453588,0.248117511,0.285175232,-0.560257554,0.39899852,0.672603512,-0.351554018,-0.259727487,0.014991389,0.937483472,0.003262672,0,0.015273006,0.061311611,1.11E-16,0.00138765,0.043947445
bg,2,2,1,1,0.7,0.3,tycoon,A squirrel,I am a slightly curious person,18,Female,13,4,2,10,1,1,0,1,0.7,0.25,0.5,1,2,35,1,10,0,0.33333,7,1,0.683493473,0.034610861,0.204081633,0.316506527,0.221554569,0.250456385,-0.528868497,0.385383468,0.666638198,-0.441349354,-0.351554018,0.010976855,0.891242326,0.002796606,0,0.009779435,0.050262002,1.11E-16,0.000713851,0.043248867
bg,2,2,1,1,0.7,0.3,tycoon,A squirrel,I am a slightly curious person,18,Female,13,4,2,11,1,1,0,1,0.7,0.25,0.5,1,2,35,1,11,0,0.33333,8,1,0.714616532,0.029443897,0.178571434,0.285383468,0.199768428,0.222854128,-0.500081228,0.374891482,0.661507779,-0.526463112,-0.441349354,0.008262094,0.846174146,0.001411594,0,0.006249164,0.041792781,-1.11E-16,0.000362631,0.042910127
bg,2,2,1,1,0.7,0.3,tycoon,A squirrel,I am a slightly curious person,18,Female,13,4,2,12,1,1,0,0,0.7,0.25,0.5,1,2,35,0,12,0,0.33333,8,2,0.740372486,0.025214316,-0.841269842,-0.740372486,-0.81826074,1.705182259,-0.474020587,0,0,-0.395872462,-0.526463112,0,0.988763379,0,0,0.016406832,0.071413963,0,0.001172696,0.043753772
bg,2,2,1,1,0.7,0.3,tycoon,A squirrel,I am a slightly curious person,18,Female,13,4,2,13,2,4,0,0,0.3,0.25,0.5,2,2,35,0,13,0,0.33333,1,2,0.40625,0.059960938,-0.285714286,-0.40625,-0.584375,0.877971868,-0.678840541,0,0,-0.286460356,-0.093938823,0,0.865060988,0,0,0.005073178,0.061330212,0,0.035631937,0.055887016
bg,2,2,1,1,0.7,0.3,tycoon,A squirrel,I am a slightly curious person,18,Female,13,4,2,14,1,1,0,0,0.7,0.25,0.5,1,2,35,0,14,0,0.33333,8,3,0.643255215,0.029176601,-0.714285715,-0.643255215,-0.750278651,1.387409586,-0.562028808,0,0,-0.351316646,-0.395872462,0,0.948169592,0,0,0.032078442,0.088293478,0,0.002777826,0.057517456
bg,2,2,1,1,0.7,0.3,tycoon,A squirrel,I am a slightly curious person,18,Female,13,4,2,15,1,1,0,1,0.7,0.25,0.5,1,2,35,1,15,0,0.33333,9,3,0.561469573,0.030474638,0.38961039,0.438530427,0.306971299,0.366683865,-0.616655861,0.432882505,0.68411041,-0.405302546,-0.351316646,0.014237998,0.920290064,0.002606909,0,0.023149155,0.076394022,-1.11E-16,0.001621718,0.056344698
bg,2,2,1,1,0.7,0.3,tycoon,A squirrel,I am a slightly curious person,18,Female,13,4,2,16,1,1,1,1,0.7,0.25,0.5,1,2,35,1,16,0,0.33333,10,3,0.592250761,0.027520438,0.357142857,0.407749239,0.285424467,0.336066573,-0.598003825,0.419829656,0.680236958,-0.45959942,-0.405302546,0.011292058,0.890634778,0.001599474,0,0.01658919,0.066596416,1.11E-16,0.000931308,0.055660378
bg,2,2,1,1,0.7,0.3,tycoon,A squirrel,I am a slightly curious person,18,Female,13,4,2,17,1,1,1,1,0.7,0.25,0.5,1,2,35,1,17,0,0.33333,11,3,0.619209852,0.024842372,0.32967033,0.380790148,0.266553104,0.310000082,-0.579800258,0.409027568,0.67650266,-0.51275087,-0.45959942,0.009117214,0.86120408,0.001252285,0,0.011824686,0.058498192,0,0.000527985,0.055265193
bg,2,2,1,1,0.7,0.3,tycoon,A squirrel,I am a slightly curious person,18,Female,13,4,2,18,1,1,0,0,0.7,0.25,0.5,1,2,35,0,18,0,0.33333,11,4,0.642919353,0.022468746,-0.69387755,-0.642919353,-0.750043547,1.386468565,-0.562287298,0,0,-0.477840805,-0.51275087,0,0.930035118,0,0,0.022124353,0.078744953,0,0.001223202,0.055941788
bg,2,2,1,1,0.7,0.3,tycoon,A squirrel,I am a slightly curious person,18,Female,13,4,2,19,2,4,0,1,0.3,0.25,0.5,2,2,35,1,19,0,0.33333,2,2,0.305263158,0.04365651,0.952380952,0.694736842,0.486315789,0.666146579,-0.692772619,0.584016393,0.678962475,-0.193348887,-0.286460356,0.06368976,0.990059347,0.011059729,0,0.015216027,0.083197103,-1.11E-16,0.025346907,0.045660073
bg,2,2,1,1,0.7,0.3,tycoon,A squirrel,I am a slightly curious person,18,Female,13,4,2,20,2,1,0,0,0.3,0.25,0.5,2,2,35,0,20,0,0.33333,2,3,0.364754098,0.047282317,-0.285714285,-0.364754098,-0.555327869,0.810418052,-0.687012278,0,0,-0.352252836,-0.193348887,0,0.894916598,0,0,0.005747455,0.076130521,0,0.035836067,0.056111593
bg,4,4,3,3,0.7,0.3,tycoon,A squirrel,I am not a very curious person,36,Male,17,8,6,1,1,4,1,1,0.7,0.75,1,1,2,36,1,1,0,0.33333,1,0,0.5,0.083333333,NaN,0.5,0.35,0.430782916,-0.647446639,0.461538462,0.690185676,-0.049857149,0,0.054145178,1.080889095,0.014094332,0,0.056089744,0.131073366,-1.11E-16,0.010744811,0.048912754
bg,4,4,3,3,0.7,0.3,tycoon,A squirrel,I am not a very curious person,36,Male,17,8,6,2,1,4,1,1,0.7,0.75,1,1,2,36,1,2,0,0.33333,2,0,0.58974359,0.075279421,1.51E-08,0.41025641,0.287179487,0.338525625,-0.599606885,0.420863309,0.680569124,-0.169460509,-0.049857149,0.036406267,1.037609091,0.009559643,-1.11E-16,0.034071493,0.096873724,-1.11E-16,0.005618362,0.043786126
bg,4,4,3,3,0.7,0.3,tycoon,A squirrel,I am not a very curious person,36,Male,17,8,6,3,1,4,0,1,0.7,0.75,1,1,2,36,1,3,0,0.33333,3,0,0.663669065,0.06242107,1.51E-08,0.336330935,0.235431655,0.268443859,-0.54575663,0.392378264,0.669800034,-0.317247853,-0.169460509,0.023643113,0.981996429,0.006749391,0,0.020047195,0.072110837,-2.22E-16,0.00278523,0.040958658
bg,4,4,3,3,0.7,0.3,tycoon,A squirrel,I am not a very curious person,36,Male,17,8,6,4,1,4,0,1,0.7,0.75,1,1,2,36,1,4,0,0.33333,4,0,0.720818631,0.049557175,1.51E-08,0.279181369,0.195426958,0.217443525,-0.493997111,0.372868571,0.66046475,-0.466927048,-0.317247853,0.015384673,0.923910574,0.002573933,0,0.011626066,0.05480549,1.11E-16,0.001334355,0.039436114
bg,4,4,3,3,0.7,0.3,tycoon,A squirrel,I am not a very curious person,36,Male,17,8,6,5,1,4,1,1,0.7,0.75,1,1,2,36,1,5,0,0.33333,5,0,0.763934695,0.038886415,1.51E-08,0.236065305,0.165245714,0.180617865,-0.448266988,0.359387193,0.653064793,-0.60687214,-0.466927048,0.010280655,0.868940806,0.002258541,0,0.00672169,0.042611923,-1.11E-16,0.000626477,0.038730308
bg,4,4,3,3,0.7,0.3,tycoon,A squirrel,I am not a very curious person,36,Male,17,8,6,6,1,4,0,0,0.7,0.75,1,1,2,36,0,6,0,0.33333,5,1,0.79654368,0.030721348,-0.999999985,-0.79654368,-0.857580576,1.948978886,-0.409331248,0,0,-0.259727487,-0.60687214,0,1.064523721,0,0,0.023717554,0.094917949,0,0.002646807,0.040793399
bg,4,4,3,3,0.7,0.3,tycoon,A squirrel,I am not a very curious person,36,Male,17,8,6,7,1,4,0,1,0.7,0.75,1,1,2,36,1,7,0,0.33333,6,1,0.645546412,0.040759615,0.238095238,0.354453588,0.248117511,0.285175232,-0.560257554,0.39899852,0.672603512,-0.351554018,-0.259727487,0.014991389,1.037813634,0.00278856,0,0.015273006,0.078264436,-1.11E-16,0.00138765,0.039521934
bg,4,4,3,3,0.7,0.3,tycoon,A squirrel,I am not a very curious person,36,Male,17,8,6,8,1,4,1,1,0.7,0.75,1,1,2,36,1,8,0,0.33333,7,1,0.683493473,0.034610861,0.204081633,0.316506527,0.221554569,0.250456385,-0.528868497,0.385383468,0.666638198,-0.441349354,-0.351554018,0.010976855,1.008067005,0.001902882,0,0.009779435,0.06538716,1.11E-16,0.000713851,0.038818395
bg,4,4,3,3,0.7,0.3,tycoon,A squirrel,I am not a very curious person,36,Male,17,8,6,9,1,4,0,0,0.7,0.75,1,1,2,36,0,9,0,0.33333,7,2,0.714616532,0.029443897,-0.821428566,-0.714616532,-0.800231572,1.610596445,-0.500081228,0,0,-0.327921028,-0.441349354,0,1.085141131,0,0,0.023920979,0.105631486,0,0.002120763,0.040266737
bg,4,4,3,3,0.7,0.3,tycoon,A squirrel,I am not a very curious person,36,Male,17,8,6,10,1,4,0,0,0.7,0.75,1,1,2,36,0,10,0,0.33333,7,3,0.611443432,0.033084727,-0.682539682,-0.611443432,-0.728010403,1.301991458,-0.585227712,0,0,-0.300546827,-0.327921028,0,1.097637772,0,0,0.04403343,0.144409216,0,0.004658378,0.042825308
bg,4,4,3,3,0.7,0.3,tycoon,A squirrel,I am not a very curious person,36,Male,17,8,6,11,1,4,0,1,0.7,0.75,1,1,2,36,1,11,0,0.33333,8,3,0.526295657,0.033586415,0.428571434,0.473704343,0.33159304,0.40285807,-0.635301069,0.448828361,0.687900926,-0.351316646,-0.300546827,0.018240329,1.098081204,0.002547736,1.11E-16,0.032078442,0.126711794,0,0.002777826,0.040861914
bg,4,4,3,3,0.7,0.3,tycoon,A squirrel,I am not a very curious person,36,Male,17,8,6,12,1,4,1,1,0.7,0.75,1,1,2,36,1,12,0,0.33333,9,3,0.561469573,0.030474638,0.38961039,0.438530427,0.306971299,0.366683865,-0.616655861,0.432882505,0.68411041,-0.405302546,-0.351316646,0.014237998,1.092993526,0.001843518,0,0.023149155,0.111728127,1.11E-16,0.001621718,0.037884395
bg,4,4,3,3,0.7,0.3,tycoon,A squirrel,I am not a very curious person,36,Male,17,8,6,13,1,4,0,1,0.7,0.75,1,1,2,36,1,13,0,0.33333,10,3,0.592250761,0.027520438,0.357142857,0.407749239,0.285424467,0.336066573,-0.598003825,0.419829656,0.680236958,-0.45959942,-0.405302546,0.011292058,1.084012085,0.000422858,0,0.01658919,0.099123787,1.11E-16,0.000931308,0.035369236
bg,4,4,3,3,0.7,0.3,tycoon,A squirrel,I am not a very curious person,36,Male,17,8,6,14,1,4,1,1,0.7,0.75,1,1,2,36,1,14,0,0.33333,11,3,0.619209852,0.024842372,0.32967033,0.380790148,0.266553104,0.310000082,-0.579800258,0.409027568,0.67650266,-0.51275087,-0.45959942,0.009117214,1.074199061,0.001470903,0,0.011824686,0.088478294,-1.11E-16,0.000527985,0.036015456
bg,4,4,3,3,0.7,0.3,tycoon,A squirrel,I am not a very curious person,36,Male,17,8,6,15,1,4,0,1,0.7,0.75,1,1,2,36,1,15,0,0.33333,12,3,0.642919353,0.022468746,0.30612245,0.357080647,0.249956453,0.287624011,-0.562287298,0.399976776,0.673002249,-0.564122045,-0.51275087,0.007492411,1.061386972,0.000595395,0,0.00839226,0.079428776,1.11E-16,0.000296299,0.038433673
bg,4,4,3,3,0.7,0.3,tycoon,A squirrel,I am not a very curious person,36,Male,17,8,6,16,1,4,1,1,0.7,0.75,1,1,2,36,1,16,0,0.33333,13,3,0.663888965,0.020384649,0.285714284,0.336111035,0.235277724,0.268242549,-0.545575251,0.392299282,0.669765481,-0.613500697,-0.564122045,0.006258223,1.047063888,-0.000142915,0,0.005934454,0.071683014,-1.11E-16,0.000164923,0.038285306
bg,4,4,3,3,0.7,0.3,tycoon,A squirrel,I am not a very curious person,36,Male,17,8,6,17,1,4,0,1,0.7,0.75,1,1,2,36,1,17,0,0.33333,14,3,0.682548359,0.018558958,0.267857143,0.317451641,0.222216148,0.251306619,-0.52969859,0.385711274,0.666790978,-0.660874731,-0.613500697,0.005303482,1.033494143,0.000332592,-1.11E-16,0.004182964,0.065006735,-1.11E-16,9.12E-05,0.038237131
bg,4,4,3,3,0.7,0.3,tycoon,A squirrel,I am not a very curious person,36,Male,17,8,6,18,1,4,0,1,0.7,0.75,1,1,2,36,1,18,0,0.33333,15,3,0.699251291,0.016957455,0.252100845,0.300748709,0.210524096,0.236385967,-0.514650232,0.379998932,0.664063604,-0.706318717,-0.660874731,0.004551511,1.019545181,0.000793204,-1.11E-16,0.002939819,0.059213383,0,5.01E-05,0.038221055
bg,4,4,3,3,0.7,0.3,tycoon,A squirrel,I am not a very curious person,36,Male,17,8,6,19,1,4,0,1,0.7,0.75,1,1,2,36,1,19,0,0.33333,16,3,0.714286859,0.015548251,0.238095238,0.285713141,0.199999199,0.22314255,-0.500401313,0.374999624,0.661563046,-0.749939674,-0.706318717,0.003949244,1.004231161,0.000312116,2.22E-16,0.002060574,0.054156694,0,2.74E-05,0.038200895
bg,4,4,3,3,0.7,0.3,tycoon,A squirrel,I am not a very curious person,36,Male,17,8,6,20,1,4,0,1,0.7,0.75,1,1,2,36,1,20,0,0.33333,17,3,0.727891565,0.014303504,0.225563917,0.272108435,0.190475904,0.21130874,-0.486912295,0.370588104,0.659267938,-0.791852576,-0.749939674,0.003459536,0.988950932,0.000399401,-2.22E-16,0.001440674,0.049713836,0,1.49E-05,0.038168996
gb,4,4,4,4,0.7,0.3,tycoon,A squirrel,I am a slightly curious person,21,Non-binary,14,8,8,1,1,4,0,0,0.7,1,1,1,2,37,0,1,0,0.33333,0,1,0.5,0.083333333,NaN,-0.5,-0.65,1.049822124,-0.647446639,0,0,-0.193147181,0,0,1.028476148,0,0,0.029166667,0.140011085,0,0.03446712,0.072619481
gb,4,4,4,4,0.7,0.3,tycoon,A squirrel,I am a slightly curious person,21,Non-binary,14,8,8,2,2,4,1,1,0.3,1,1,2,2,37,1,2,0,0.33333,1,0,0.5,0.083333333,NaN,0.5,0.35,0.430782916,-0.647446639,0.461538462,0.690185676,-0.049857149,0,0.054145178,0.976300052,0.01774405,0,0.056089744,0.102322803,0,0.010744811,0.064322906
gb,4,4,4,4,0.7,0.3,tycoon,A squirrel,I am a slightly curious person,21,Non-binary,14,8,8,3,1,4,1,1,0.7,1,1,1,2,37,1,3,0,0.33333,1,1,0.333333333,0.055555556,1,0.666666667,0.466666667,0.628608659,-0.690923309,0.5625,0.685314207,-0.093938823,-0.193147181,0.069434567,1.027513187,0.011799575,0,0.025871763,0.110224348,1.11E-16,0.023469388,0.053316366
gb,4,4,4,4,0.7,0.3,tycoon,A squirrel,I am a slightly curious person,21,Non-binary,14,8,8,4,2,4,0,1,0.3,1,1,2,2,37,1,4,0,0.33333,2,0,0.58974359,0.075279421,1.51E-08,0.41025641,0.287179487,0.338525625,-0.599606885,0.420863309,0.680569124,-0.169460509,-0.049857149,0.036406267,0.958904318,0.011185214,-1.11E-16,0.034071493,0.079535267,-1.11E-16,0.005618362,0.048198725
gb,4,4,4,4,0.7,0.3,tycoon,A squirrel,I am a slightly curious person,21,Non-binary,14,8,8,5,1,4,0,1,0.7,1,1,1,2,37,1,5,0,0.33333,2,1,0.40625,0.059960938,0.714285714,0.59375,0.415625,0.537212379,-0.678840541,0.513368984,0.692789678,-0.068419324,-0.093938823,0.05510258,1.002706052,0.004957983,0,0.022250888,0.086439616,0,0.014819018,0.039540933
gb,4,4,4,4,0.7,0.3,tycoon,A squirrel,I am a slightly curious person,21,Non-binary,14,8,8,6,2,4,1,1,0.3,1,1,2,2,37,1,6,0,0.33333,3,0,0.663669065,0.06242107,1.51E-08,0.336330935,0.235431655,0.268443859,-0.54575663,0.392378264,0.669800034,-0.317247853,-0.169460509,0.023643113,0.931074848,0.006408297,0,0.020047195,0.062929577,1.11E-16,0.00278523,0.036723961
gb,4,4,4,4,0.7,0.3,tycoon,A squirrel,I am a slightly curious person,21,Non-binary,14,8,8,7,1,4,0,1,0.7,1,1,1,2,37,1,7,0,0.33333,3,1,0.478074866,0.059144957,0.476190474,0.521925134,0.365347594,0.454677821,-0.656433082,0.472699697,0.691655826,-0.102038269,-0.068419324,0.041065537,0.970608628,0.005601722,0,0.018988406,0.069024736,0,0.008758475,0.030594989
gb,4,4,4,4,0.7,0.3,tycoon,A squirrel,I am a slightly curious person,21,Non-binary,14,8,8,8,2,4,0,1,0.3,1,1,2,2,37,1,8,0,0.33333,4,0,0.720818631,0.049557175,1.51E-08,0.279181369,0.195426958,0.217443525,-0.493997111,0.372868571,0.66046475,-0.466927048,-0.317247853,0.015384673,0.903926799,0.004831988,0,0.015516066,0.051424862,-1.11E-16,0.001334355,0.026501916
gb,4,4,4,4,0.7,0.3,tycoon,A squirrel,I am a slightly curious person,21,Non-binary,14,8,8,9,1,4,0,1,0.7,1,1,1,2,37,1,9,0,0.33333,4,1,0.54330974,0.054325817,0.357142859,0.45669026,0.319683182,0.38519668,-0.626630418,0.440971018,0.68616206,-0.172348106,-0.102038269,0.029483823,0.938912384,0.003156366,0,0.01631311,0.05615504,-1.11E-16,0.004910265,0.022978464
gb,4,4,4,4,0.7,0.3,tycoon,A squirrel,I am a slightly curious person,21,Non-binary,14,8,8,10,2,4,0,1,0.3,1,1,2,2,37,1,10,0,0.33333,5,0,0.763934695,0.038886415,1.51E-08,0.236065305,0.165245714,0.180617865,-0.448266988,0.359387193,0.653064793,-0.60687214,-0.466927048,0.010280655,0.879382579,0.002891939,0,0.013925457,0.043059687,-1.11E-16,0.000626477,0.024577948
gb,4,4,4,4,0.7,0.3,tycoon,A squirrel,I am a slightly curious person,21,Non-binary,14,8,8,11,1,4,1,1,0.7,1,1,1,2,37,1,11,0,0.33333,5,1,0.599207332,0.047626322,0.285714286,0.400792668,0.280554867,0.329275013,-0.593476605,0.416988018,0.679301179,-0.259727487,-0.172348106,0.020928267,0.911701851,0.002714585,0,0.014194692,0.046866137,-1.11E-16,0.002646807,0.022321043
gb,4,4,4,4,0.7,0.3,tycoon,A squirrel,I am a slightly curious person,21,Non-binary,14,8,8,12,2,1,0,0,0.3,1,1,2,2,37,0,12,0,0.33333,5,1,0.79654368,0.030721348,-0.999999985,-0.79654368,-0.857580576,1.948978886,-0.409331248,0,0,-0.259727487,-0.60687214,0,1.07749272,0,0,0.057577009,0.106812447,0,0.002646807,0.024363439
gb,4,4,4,4,0.7,0.3,tycoon,A squirrel,I am a slightly curious person,21,Non-binary,14,8,8,13,1,1,0,0,0.7,1,1,1,2,37,0,13,0,0.33333,5,2,0.645546412,0.040759615,-0.761904762,-0.645546412,-0.751882489,1.393852809,-0.560257554,0,0,-0.203628259,-0.259727487,0,1.047393148,0,0,0.024801668,0.084256487,0,0.006462498,0.028247511
gb,4,4,4,4,0.7,0.3,tycoon,A squirrel,I am a slightly curious person,21,Non-binary,14,8,8,14,2,4,1,1,0.3,1,1,2,2,37,1,14,0,0.33333,6,1,0.645546412,0.040759615,0.238095238,0.354453588,0.248117511,0.285175232,-0.560257554,0.39899852,0.672603512,-0.351554018,-0.259727487,0.014991389,1.007151557,0.002445511,0,0.019221389,0.067920118,0,0.00138765,0.026760123
gb,4,4,4,4,0.7,0.3,tycoon,A squirrel,I am a slightly curious person,21,Non-binary,14,8,8,15,1,1,0,0,0.7,1,1,1,2,37,0,15,0,0.33333,5,3,0.530553599,0.041805495,-0.591836735,-0.530553599,-0.67138752,1.112876093,-0.633191658,0,0,-0.232047957,-0.203628259,0,0.923202849,0,0,0.006343471,0.058257024,0,0.011994021,0.032268784
gb,4,4,4,4,0.7,0.3,tycoon,A squirrel,I am a slightly curious person,21,Non-binary,14,8,8,16,2,4,1,1,0.3,1,1,2,2,37,1,16,0,0.33333,7,1,0.683493473,0.034610861,0.204081633,0.316506527,0.221554569,0.250456385,-0.528868497,0.385383468,0.666638198,-0.441349354,-0.351554018,0.010976855,0.867939474,0.002899492,0,0.009779435,0.047348571,-1.11E-16,0.000713851,0.031721912
gb,4,4,4,4,0.7,0.3,tycoon,A squirrel,I am a slightly curious person,21,Non-binary,14,8,8,17,1,4,0,1,0.7,1,1,1,2,37,1,17,0,0.33333,6,3,0.441500845,0.038986468,0.535714285,0.558499155,0.390949409,0.495853942,-0.669170875,0.492569918,0.693036764,-0.258135832,-0.232047957,0.030622857,0.908054661,0.003328571,0,0.005878341,0.04988392,1.11E-16,0.007603174,0.027320108
gb,4,4,4,4,0.7,0.3,tycoon,A squirrel,I am a slightly curious person,21,Non-binary,14,8,8,18,2,1,0,0,0.3,1,1,2,2,37,0,18,0,0.33333,7,2,0.714616532,0.029443897,-0.821428566,-0.714616532,-0.800231572,1.610596445,-0.500081228,0,0,-0.327921028,-0.441349354,0,1.045188168,0,0,0.023920979,0.085001643,0,0.002120763,0.028726263
gb,4,4,4,4,0.7,0.3,tycoon,A squirrel,I am a slightly curious person,21,Non-binary,14,8,8,19,1,4,1,1,0.7,1,1,1,2,37,1,19,0,0.33333,7,3,0.486309155,0.036582874,0.476190475,0.513690845,0.359583592,0.445636676,-0.653178232,0.468445212,0.691154447,-0.300546827,-0.258135832,0.023617732,1.069398377,0.003838189,0,0.026219995,0.089754383,-1.11E-16,0.004658378,0.025856085
gb,4,4,4,4,0.7,0.3,tycoon,A squirrel,I am a slightly curious person,21,Non-binary,14,8,8,20,2,1,0,0,0.3,1,1,2,2,37,0,20,0,0.33333,7,3,0.611443432,0.033084727,-0.682539682,-0.611443432,-0.728010403,1.301991458,-0.585227712,0,0,-0.300546827,-0.327921028,0,1.095996638,0,0,0.052298849,0.127569628,0,0.004658378,0.02839457
gb,2,2,2,2,0.7,0.3,bandit,A squirrel,I am a slightly curious person,33,Female,7,4,4,1,1,4,0,1,0.7,0.5,0.5,1,1,38,1,1,0,0.33333,1,0,0.5,0.083333333,NaN,0.5,0.65,1.049822124,-0.647446639,0,0,-0.193147181,0,0,1.03952273,0,0,0.029166667,0.093376317,0,0.03446712,0.072619437
gb,2,2,2,2,0.7,0.3,bandit,A squirrel,I am a slightly curious person,33,Female,7,4,4,2,1,4,0,1,0.7,0.5,0.5,1,1,38,1,2,0,0.33333,2,0,0.666666667,0.055555556,1.51E-08,0.333333333,0.533333333,0.762140052,-0.690923309,0,0,-0.431945622,-0.193147181,0,0.953853328,0,0,0.0109375,0.058350608,0,0.03036929,0.068531753
gb,2,2,2,2,0.7,0.3,bandit,A squirrel,I am a slightly curious person,33,Female,7,4,4,3,1,4,0,1,0.7,0.5,0.5,1,1,38,1,3,0,0.33333,3,0,0.75,0.0375,1.51E-08,0.25,0.475,0.644357016,-0.691896659,0,0,-0.636294361,-0.431945622,0,0.866609344,0,0,0.004375,0.040006216,0,0.01735388,0.055520383
gb,2,2,2,2,0.7,0.3,bandit,A squirrel,I am a slightly curious person,33,Female,7,4,4,4,1,4,0,1,0.7,0.5,0.5,1,1,38,1,4,0,0.33333,4,0,0.8,0.026666667,1.51E-08,0.2,0.44,0.579818495,-0.6859298,0,0,-0.809437912,-0.636294361,0,0.795650347,0,0,0.001822917,0.029172131,0,0.010329691,0.048479923
gb,2,2,2,2,0.7,0.3,bandit,A squirrel,I am a slightly curious person,33,Female,7,4,4,5,1,4,0,0,0.7,0.5,0.5,1,1,38,0,5,0,0.33333,4,1,0.833333333,0.01984127,-0.999999985,-0.833333333,-0.583333333,0.875468737,-0.679193266,0.72,0.592953317,-0.64897963,-0.809437912,0.069484267,0.870164587,0.014022782,0,0.00328125,0.038978428,0,0.015937237,0.054100366
gb,2,2,2,2,0.7,0.3,bandit,A squirrel,I am a slightly curious person,33,Female,7,4,4,6,1,3,1,0,0.7,0.5,0.5,1,1,38,0,6,0,0.33333,4,2,0.8,0.024285714,-0.999999985,-0.8,-0.56,0.820980552,-0.6859298,0.681818182,0.62549136,-0.510122266,-0.64897963,0.0670261,0.940435725,0.014174093,-1.11E-16,0.005624112,0.05107581,0.00530303,0.023644259,0.061776843
gb,2,2,2,2,0.7,0.3,bandit,A squirrel,I am a slightly curious person,33,Female,7,4,4,7,2,3,1,0,0.3,0.5,0.5,2,1,38,0,7,0,0.33333,0,1,0.5,0.083333333,NaN,-0.5,-0.35,0.430782916,-0.647446639,0.461538462,0.690185676,-0.049857149,0,0.054145178,0.857712224,0.021917264,0,0.010906606,0.042680803,1.11E-16,0.010744811,0.053476002
gb,2,2,2,2,0.7,0.3,bandit,A squirrel,I am a slightly curious person,33,Female,7,4,4,8,2,3,0,0,0.3,0.5,0.5,2,1,38,0,8,0,0.33333,0,2,0.41025641,0.075279421,-3.32E-16,-0.41025641,-0.287179487,0.338525625,-0.599606885,0.420863309,0.680569124,-0.169460509,-0.049857149,0.036406267,0.774140873,0.013068757,0,0.005508853,0.037232218,-1.11E-16,0.005618362,0.04835207
gb,2,2,2,2,0.7,0.3,bandit,A squirrel,I am a slightly curious person,33,Female,7,4,4,9,1,4,0,1,0.7,0.5,0.5,1,1,38,1,9,0,0.33333,5,2,0.761363636,0.028550521,0.047619048,0.238636364,0.467045455,0.629319139,-0.690973601,0,0,-0.658128866,-0.510122266,0,0.699879537,0,0,0.00254878,0.027409744,0,0.014945486,0.039601952
gb,2,2,2,2,0.7,0.3,bandit,A squirrel,I am a slightly curious person,33,Female,7,4,4,10,1,4,1,0,0.7,0.5,0.5,1,1,38,0,10,0,0.33333,5,3,0.798862829,0.022514698,-0.999999985,-0.798862829,-0.55920398,0.81917305,-0.686120484,0.680586907,0.626426272,-0.536554872,-0.658128866,0.062711644,0.770719969,0.0101614,0,0.004305164,0.035722868,0.004078254,0.021771011,0.046481885
gb,2,2,2,2,0.7,0.3,bandit,A squirrel,I am a slightly curious person,33,Female,7,4,4,11,1,4,0,0,0.7,0.5,0.5,1,1,38,0,11,0,0.33333,5,4,0.763108675,0.025914689,-0.892857143,-0.763108675,-0.534176072,0.763947554,-0.69080935,0.644020159,0.651070009,-0.444164508,-0.536554872,0.057441423,0.836855663,0.009194439,0,0.006915546,0.045630322,0.010062439,0.030437973,0.055136811
gb,2,2,2,2,0.7,0.3,bandit,A squirrel,I am a slightly curious person,33,Female,7,4,4,12,1,4,1,0,0.7,0.5,0.5,1,1,38,0,12,0,0.33333,5,5,0.724166316,0.028588486,-0.793650794,-0.724166316,-0.506916421,0.707076589,-0.693051504,0.608416125,0.669451304,-0.384117107,-0.444164508,0.050519563,0.895491728,0.008118509,5.55E-17,0.010548419,0.056852222,0.002805375,0.026459458,0.051127894
gb,2,2,2,2,0.7,0.3,bandit,A squirrel,I am a slightly curious person,33,Female,7,4,4,13,1,4,0,0,0.7,0.5,0.5,1,1,38,0,13,0,0.33333,5,6,0.683581027,0.03020575,-0.714285714,-0.683581027,-0.478506719,0.651058888,-0.692222974,0.575271074,0.681772518,-0.354860789,-0.384117107,0.042856173,0.94350461,0.006646122,0,0.015293146,0.068994445,0,0.019192567,0.043860642
gb,2,2,2,2,0.7,0.3,bandit,A squirrel,I am a slightly curious person,33,Female,7,4,4,14,2,3,1,0,0.3,0.5,0.5,2,1,38,0,14,0,0.33333,0,3,0.336330935,0.06242107,-3.32E-16,-0.336330935,-0.235431655,0.268443859,-0.54575663,0.392378264,0.669800034,-0.317247853,-0.169460509,0.023643113,0.871982782,0.009135744,0,0.007605865,0.063249488,1.11E-16,0.00278523,0.041032842
gb,2,2,2,2,0.7,0.3,bandit,A squirrel,I am a slightly curious person,33,Female,7,4,4,15,1,1,0,0,0.7,0.5,0.5,1,1,38,0,15,0,0.33333,5,7,0.643035873,0.030676045,-0.649350649,-0.643035873,-0.450125111,0.598064501,-0.688163888,0.545578651,0.68898658,-0.35116401,-0.354860789,0.035351165,0.910195049,0.004777831,-5.55E-17,0.021140538,0.074860259,1.11E-16,0.013417801,0.035274147
gb,2,2,2,2,0.7,0.3,bandit,A squirrel,I am a slightly curious person,33,Female,7,4,4,16,1,4,0,1,0.7,0.5,0.5,1,1,38,1,16,0,0.33333,6,7,0.603984751,0.030149451,0.404761906,0.396015249,0.577210675,0.860881273,-0.68117636,0,0,-0.404489515,-0.35116401,0,0.858540973,0,0,0.011786879,0.058843763,0,0.019339641,0.041198054
gb,2,2,2,2,0.7,0.3,bandit,A squirrel,I am a slightly curious person,33,Female,7,4,4,17,1,3,0,0,0.7,0.5,0.5,1,1,38,0,17,0,0.33333,6,8,0.65390232,0.027518266,-0.659340658,-0.65390232,-0.457731624,0.611994241,-0.689569681,0.553231597,0.68746922,-0.401590471,-0.404489515,0.033428991,0.896283153,0.005036141,5.55E-17,0.016313952,0.069047892,-1.11E-16,0.01379097,0.035642264
gb,2,2,2,2,0.7,0.3,bandit,A squirrel,I am a slightly curious person,33,Female,7,4,4,18,1,3,1,0,0.7,0.5,0.5,1,1,38,0,18,0,0.33333,6,9,0.618379712,0.027093126,-0.612244898,-0.618379712,-0.432865799,0.567159317,-0.684105897,0.528975328,0.6914671,-0.414481857,-0.401590471,0.027429065,0.925118553,0.002926751,0,0.021695464,0.079509892,0,0.009552025,0.031421037
gb,2,2,2,2,0.7,0.3,bandit,A squirrel,I am a slightly curious person,33,Female,7,4,4,19,1,3,0,1,0.7,0.5,0.5,1,1,38,1,19,0,0.33333,7,9,0.584939323,0.026123173,0.428571429,0.415060677,0.590542474,0.892922102,-0.676660497,0,0,-0.447224951,-0.414481857,0,0.88370646,0,0,0.012823762,0.064671693,0,0.014024059,0.035895982
gb,2,2,2,2,0.7,0.3,bandit,A squirrel,I am a slightly curious person,33,Female,7,4,4,20,1,3,1,0,0.7,0.5,0.5,1,1,38,0,20,0,0.33333,7,10,0.629598953,0.024607969,-0.625,-0.629598953,-0.440719267,0.581103726,-0.68610221,0.536403245,0.690494442,-0.458943108,-0.447224951,0.026203326,0.912525144,0.002882472,-5.55E-17,0.017103888,0.073953021,-1.11E-16,0.009903717,0.031784954
bg,2,2,3,3,0.3,0.7,tycoon,A squirrel,I am a slightly curious person,25,Female,15,4,6,1,1,4,0,0,0.3,0.5,0.75,1,2,39,0,1,0,0.33333,0,1,0.5,0.083333333,NaN,-0.5,-0.65,1.049822124,-0.647446639,0,0,-0.193147181,0,0,1.028476148,0,0,0.029166667,0.140011085,0,0.03446712,0.072619481
bg,2,2,3,3,0.3,0.7,tycoon,A squirrel,I am a slightly curious person,25,Female,15,4,6,2,2,1,0,1,0.7,0.5,0.75,2,2,39,1,2,0,0.33333,1,0,0.5,0.083333333,NaN,0.5,0.35,0.430782916,-0.647446639,0.461538462,0.690185676,-0.049857149,0,0.054145178,0.976300052,0.01774405,0,0.056089744,0.102322803,0,0.010744811,0.064322906
bg,2,2,3,3,0.3,0.7,tycoon,A squirrel,I am a slightly curious person,25,Female,15,4,6,3,2,4,1,1,0.7,0.5,0.75,2,2,39,1,3,0,0.33333,2,0,0.58974359,0.075279421,1.51E-08,0.41025641,0.287179487,0.338525625,-0.599606885,0.420863309,0.680569124,-0.169460509,-0.049857149,0.036406267,0.90698268,0.014877073,-1.11E-16,0.034071493,0.073622471,-1.11E-16,0.005618362,0.059189082
bg,2,2,3,3,0.3,0.7,tycoon,A squirrel,I am a slightly curious person,25,Female,15,4,6,4,2,4,1,1,0.7,0.5,0.75,2,2,39,1,4,0,0.33333,3,0,0.663669065,0.06242107,1.51E-08,0.336330935,0.235431655,0.268443859,-0.54575663,0.392378264,0.669800034,-0.317247853,-0.169460509,0.023643113,0.823379127,0.009768148,0,0.020047195,0.053302708,-1.11E-16,0.00278523,0.05637127
bg,2,2,3,3,0.3,0.7,tycoon,A squirrel,I am a slightly curious person,25,Female,15,4,6,5,2,4,1,1,0.7,0.5,0.75,2,2,39,1,5,0,0.33333,4,0,0.720818631,0.049557175,1.51E-08,0.279181369,0.195426958,0.217443525,-0.493997111,0.372868571,0.66046475,-0.466927048,-0.317247853,0.015384673,0.74586885,0.004083501,0,0.011626066,0.039376187,1.11E-16,0.001334355,0.054842209
bg,2,2,3,3,0.3,0.7,tycoon,A squirrel,I am a slightly curious person,25,Female,15,4,6,6,2,4,0,0,0.7,0.5,0.75,2,2,39,0,6,0,0.33333,4,1,0.763934695,0.038886415,-0.999999985,-0.763934695,-0.834754286,1.800321739,-0.448266988,0,0,-0.172348106,-0.466927048,0,0.97010711,0,0,0.036400986,0.087674083,0,0.004910265,0.058469585
bg,2,2,3,3,0.3,0.7,tycoon,A squirrel,I am a slightly curious person,25,Female,15,4,6,7,2,4,0,1,0.7,0.5,0.75,2,2,39,1,7,0,0.33333,5,1,0.599207332,0.047626322,0.285714286,0.400792668,0.280554867,0.329275013,-0.593476605,0.416988018,0.679301179,-0.259727487,-0.172348106,0.020928267,0.92725725,0.007161114,0,0.023717554,0.0698531,0,0.002646807,0.056212008
bg,2,2,3,3,0.3,0.7,tycoon,A squirrel,I am a slightly curious person,25,Female,15,4,6,8,2,4,0,1,0.7,0.5,0.75,2,2,39,1,8,0,0.33333,6,1,0.645546412,0.040759615,0.238095238,0.354453588,0.248117511,0.285175232,-0.560257554,0.39899852,0.672603512,-0.351554018,-0.259727487,0.014991389,0.877011935,0.003170704,0,0.015273006,0.056369983,0,0.00138765,0.054963581
bg,2,2,3,3,0.3,0.7,tycoon,A squirrel,I am a slightly curious person,25,Female,15,4,6,9,2,4,1,1,0.7,0.5,0.75,2,2,39,1,9,0,0.33333,7,1,0.683493473,0.034610861,0.204081633,0.316506527,0.221554569,0.250456385,-0.528868497,0.385383468,0.666638198,-0.441349354,-0.351554018,0.010976855,0.828469602,0.002173536,0,0.009779435,0.046174367,0,0.000713851,0.054257271
bg,2,2,3,3,0.3,0.7,tycoon,A squirrel,I am a slightly curious person,25,Female,15,4,6,10,2,4,0,1,0.7,0.5,0.75,2,2,39,1,10,0,0.33333,8,1,0.714616532,0.029443897,0.178571434,0.285383468,0.199768428,0.222854128,-0.500081228,0.374891482,0.661507779,-0.526463112,-0.441349354,0.008262094,0.783122995,0.001457652,0,0.006249164,0.038382995,0,0.000362631,0.053937851
bg,2,2,3,3,0.3,0.7,tycoon,A squirrel,I am a slightly curious person,25,Female,15,4,6,11,2,4,1,1,0.7,0.5,0.75,2,2,39,1,11,0,0.33333,9,1,0.740372486,0.025214316,0.158730158,0.259627514,0.18173926,0.20057424,-0.474020587,0.366631301,0.65713843,-0.606187788,-0.526463112,0.006396043,0.74162059,0.001221866,-2.22E-16,0.003993102,0.032348655,0,0.000182712,0.053761151
bg,2,2,3,3,0.3,0.7,tycoon,A squirrel,I am a slightly curious person,25,Female,15,4,6,12,2,4,1,1,0.7,0.5,0.75,2,2,39,1,12,0,0.33333,10,1,0.761942653,0.021774167,0.142857141,0.238057347,0.166640143,0.182289728,-0.450518517,0.359988542,0.653411602,-0.68065316,-0.606187788,0.005081149,0.703414354,0.000738936,2.22E-16,0.002553853,0.027568692,0,9.16E-05,0.053673361
bg,2,2,3,3,0.3,0.7,tycoon,A squirrel,I am a slightly curious person,25,Female,15,4,6,13,2,4,0,1,0.7,0.5,0.75,2,2,39,1,13,0,0.33333,11,1,0.780232371,0.018966302,0.12987013,0.219767629,0.15383734,0.167043668,-0.429307996,0.354541761,0.650212922,-0.750284585,-0.68065316,0.00412863,0.668891249,0.000709878,0,0.001635475,0.023773343,1.11E-16,4.58E-05,0.053639623
bg,2,2,3,3,0.3,0.7,tycoon,A squirrel,I am a slightly curious person,25,Female,15,4,6,14,2,4,0,0,0.7,0.5,0.75,2,2,39,0,14,0,0.33333,11,2,0.795922513,0.016656364,-0.880952386,-0.795922513,-0.857145759,1.945930461,-0.410111119,0,0,-0.587680027,-0.750284585,0,0.825127197,0,0,0.005155653,0.042257491,0,0.000183394,0.053704193
bg,2,2,3,3,0.3,0.7,tycoon,A squirrel,I am a slightly curious person,25,Female,15,4,6,15,2,4,1,1,0.7,0.5,0.75,2,2,39,1,15,0,0.33333,12,2,0.714304672,0.020394452,0.21978022,0.285695328,0.199986729,0.223126963,-0.500384026,0.374993779,0.66156006,-0.645651663,-0.587680027,0.005364962,0.793747807,0.000730834,-4.44E-16,0.003488533,0.037140395,-1.11E-16,9.73E-05,0.053712152
bg,2,2,3,3,0.3,0.7,tycoon,A squirrel,I am a slightly curious person,25,Female,15,4,6,16,2,4,0,1,0.7,0.5,0.75,2,2,39,1,16,0,0.33333,13,2,0.732149522,0.018283623,0.204081633,0.267850478,0.187495335,0.207633623,-0.482570724,0.369228649,0.658543878,-0.700713523,-0.645651663,0.004498269,0.764158621,0.000537214,1.11E-16,0.002356938,0.032879626,-1.11E-16,5.13E-05,0.053618231
bg,2,2,3,3,0.3,0.7,tycoon,A squirrel,I am a slightly curious person,25,Female,15,4,6,17,2,4,0,1,0.7,0.5,0.75,2,2,39,1,17,0,0.33333,14,2,0.747901476,0.016475424,0.190476194,0.252098524,0.176468967,0.194154046,-0.465996759,0.364284997,0.655843851,-0.753075449,-0.700713523,0.003825715,0.736492772,0.000506372,-2.22E-16,0.001590336,0.02930356,-1.11E-16,2.70E-05,0.053591371
bg,2,2,3,3,0.3,0.7,tycoon,A squirrel,I am a slightly curious person,25,Female,15,4,6,18,2,4,0,0,0.7,0.5,0.75,2,2,39,0,18,0,0.33333,14,3,0.761905559,0.014917633,-0.821428572,-0.761905559,-0.833333891,1.791762816,-0.450560311,0,0,-0.660874731,-0.753075449,0,0.847409595,0,0,0.004182964,0.044466562,0,9.12E-05,0.053662321
bg,2,2,3,3,0.3,0.7,tycoon,A squirrel,I am a slightly curious person,25,Female,15,4,6,19,2,4,0,0,0.7,0.5,0.75,2,2,39,0,19,0,0.33333,14,4,0.699251291,0.016957455,-0.747899155,-0.699251291,-0.789475904,1.55815516,-0.514650232,0,0,-0.60997818,-0.660874731,0,0.926911336,0,0,0.008844823,0.060858392,0,0.000245134,0.053329112
bg,2,2,3,3,0.3,0.7,tycoon,A squirrel,I am a slightly curious person,25,Female,15,4,6,20,2,4,0,1,0.7,0.5,0.75,2,2,39,1,20,0,0.33333,15,4,0.642867158,0.018215102,0.317460318,0.357132842,0.249992989,0.287672725,-0.562327442,0.399996261,0.673010151,-0.65139298,-0.60997818,0.005904856,0.90462507,0.000708224,-1.11E-16,0.006456817,0.055163185,0,0.00014094,0.05369305
bg,2,2,3,2,0.3,0.7,bandit,A squirrel,I am a slightly curious person,46,Female,7,4,5,1,1,4,0,0,0.3,0.5,0.625,1,1,40,0,1,0,0.33333,0,1,0.5,0.083333333,NaN,-0.5,-0.35,0.430782916,-0.647446639,0.461538462,0.690185676,-0.049857149,0,0.054145178,1.080623402,0.019776798,0,0.056089744,0.156287138,1.11E-16,0.010744811,0.048912754
bg,2,2,3,2,0.3,0.7,bandit,A squirrel,I am a slightly curious person,46,Female,7,4,5,2,1,4,0,0,0.3,0.5,0.625,1,1,40,0,2,0,0.33333,0,2,0.41025641,0.075279421,-3.32E-16,-0.41025641,-0.287179487,0.338525625,-0.599606885,0.420863309,0.680569124,-0.169460509,-0.049857149,0.036406267,1.038532595,0.005550732,0,0.034071493,0.142737034,-1.11E-16,0.005618362,0.043786865
bg,2,2,3,2,0.3,0.7,bandit,A squirrel,I am a slightly curious person,46,Female,7,4,5,3,1,4,0,1,0.3,0.5,0.625,1,1,40,1,3,0,0.33333,1,2,0.336330935,0.06242107,1,0.663669065,0.764568345,1.446334621,-0.54575663,0,0,-0.068419324,-0.169460509,0,1.098594897,0,0,0.064268048,0.156285781,0,0.014819018,0.052970728
bg,2,2,3,2,0.3,0.7,bandit,A squirrel,I am a slightly curious person,46,Female,7,4,5,4,1,1,0,1,0.3,0.5,0.625,1,1,40,1,4,0,0.33333,2,2,0.521925134,0.059144957,0.523809529,0.478074866,0.634652406,1.006906067,-0.656433082,0,0,-0.193348887,-0.068419324,0,1.06621216,0,0,0.028195441,0.102236278,0,0.025346907,0.063526039
bg,2,2,3,2,0.3,0.7,bandit,A squirrel,I am a slightly curious person,46,Female,7,4,5,5,2,1,0,1,0.7,0.5,0.625,2,1,40,1,5,0,0.33333,1,0,0.5,0.083333333,NaN,0.5,0.65,1.049822124,-0.647446639,0,0,-0.193147181,0,0,1.060685664,0,0,0.05981394,0.106473856,0,0.03446712,0.078939702
bg,2,2,3,2,0.3,0.7,bandit,A squirrel,I am a slightly curious person,46,Female,7,4,5,6,2,4,0,0,0.7,0.5,0.625,2,1,40,0,6,0,0.33333,1,1,0.666666667,0.055555556,-0.999999985,-0.666666667,-0.466666667,0.628608659,-0.690923309,0.5625,0.685314207,-0.093938823,-0.193147181,0.069434567,1.078971987,0.024193095,0.012371926,0.058168763,0.11208482,0,0.023469388,0.067944278
bg,2,2,3,2,0.3,0.7,bandit,A squirrel,I am a slightly curious person,46,Female,7,4,5,7,2,4,0,1,0.7,0.5,0.625,2,1,40,1,7,0,0.33333,2,1,0.59375,0.059960937,0.285714286,0.40625,0.584375,0.877971868,-0.678840541,0,0,-0.286460356,-0.093938823,0,1.050861111,0,0,0.043987821,0.089807539,0,0.035631937,0.080106164
bg,2,2,3,2,0.3,0.7,bandit,A squirrel,I am a slightly curious person,46,Female,7,4,5,8,2,4,1,0,0.7,0.5,0.625,2,1,40,0,8,0,0.33333,2,2,0.694736842,0.04365651,-0.952380952,-0.694736842,-0.486315789,0.666146579,-0.692772619,0.584016393,0.678962475,-0.193348887,-0.286460356,0.06368976,1.077463879,0.020200374,0.024320579,0.063708875,0.116741623,1.11E-16,0.025346907,0.069847445
bg,2,2,3,2,0.3,0.7,bandit,A squirrel,I am a slightly curious person,46,Female,7,4,5,9,2,4,0,0,0.7,0.5,0.625,2,1,40,0,9,0,0.33333,2,3,0.635245902,0.047282317,-0.714285715,-0.635245902,-0.444672131,0.588196585,-0.687012278,0.540221402,0.68990816,-0.1552444,-0.193348887,0.052273614,1.07695036,0.0165335,5.55E-17,0.044875939,0.103629432,-1.11E-16,0.016947838,0.061446767
bg,2,2,3,2,0.3,0.7,bandit,A squirrel,I am a slightly curious person,46,Female,7,4,5,10,1,4,1,0,0.3,0.5,0.625,1,1,40,0,10,0,0.33333,2,3,0.635245902,0.047282317,-0.714285715,-0.635245902,-0.444672131,0.588196585,-0.687012278,0.540221402,0.68990816,-0.1552444,-0.193348887,0.052273614,1.095520105,0.01629979,0.022538092,0.063935155,0.129980294,0,0.016947838,0.053059719
bg,2,2,3,2,0.3,0.7,bandit,A squirrel,I am a slightly curious person,46,Female,7,4,5,11,2,4,1,0,0.7,0.5,0.625,2,1,40,0,11,0,0.33333,2,4,0.575645756,0.047783255,-0.571428571,-0.575645756,-0.40295203,0.515757816,-0.674190472,0.502472188,0.693134957,-0.163472784,-0.1552444,0.040802486,1.089024074,0.01241179,0,0.044744479,0.117281938,1.11E-16,0.010714599,0.046794058
bg,2,2,3,2,0.3,0.7,bandit,A squirrel,I am a slightly curious person,46,Female,7,4,5,12,1,4,1,0,0.3,0.5,0.625,1,1,40,0,12,0,0.33333,2,4,0.575645756,0.047783255,-0.571428571,-0.575645756,-0.40295203,0.515757816,-0.674190472,0.502472188,0.693134957,-0.163472784,-0.1552444,0.040802486,1.097415242,0.011969671,0.019704917,0.062027421,0.141968183,-1.11E-16,0.010714599,0.040528105
bg,2,2,3,2,0.3,0.7,bandit,A squirrel,I am a slightly curious person,46,Female,7,4,5,13,2,1,0,1,0.7,0.5,0.625,2,1,40,1,13,0,0.33333,3,4,0.519622991,0.045607934,0.523809523,0.480377009,0.636263906,1.011326691,-0.655537563,0,0,-0.232660544,-0.163472784,0,1.076631593,0,0,0.0325655,0.10052459,0,0.01815257,0.04752873
bg,2,2,3,2,0.3,0.7,bandit,A squirrel,I am a slightly curious person,46,Female,7,4,5,14,1,4,0,0,0.3,0.5,0.625,1,1,40,0,14,0,0.33333,2,5,0.519622991,0.045607934,-0.476190477,-0.519622991,-0.363736094,0.452141855,-0.655537563,0.471502465,0.691522081,-0.203628259,-0.163472784,0.030843712,1.046038219,0.00974577,0,0.02405631,0.091484042,-1.11E-16,0.006462498,0.043774755
bg,2,2,3,2,0.3,0.7,bandit,A squirrel,I am a slightly curious person,46,Female,7,4,5,15,2,4,1,0,0.7,0.5,0.625,2,1,40,0,15,0,0.33333,3,5,0.607394192,0.040151491,-0.612244898,-0.607394192,-0.425175934,0.553691258,-0.681907727,0.521898817,0.692187757,-0.232047957,-0.232660544,0.039248513,1.07493631,0.009710916,5.55E-17,0.038457947,0.110448926,1.11E-16,0.011994021,0.037533599
bg,2,2,3,2,0.3,0.7,bandit,A squirrel,I am a slightly curious person,46,Female,7,4,5,16,1,4,0,0,0.3,0.5,0.625,1,1,40,0,16,0,0.33333,2,6,0.469446401,0.041805495,-0.408163265,-0.469446401,-0.32861248,0.398408783,-0.633191658,0.446835831,0.687483623,-0.261816885,-0.203628259,0.023017317,1.043458245,0.006339683,0,0.022742878,0.102674592,0,0.003755078,0.034852535
bg,2,2,3,2,0.3,0.7,bandit,A squirrel,I am a slightly curious person,46,Female,7,4,5,17,1,1,0,1,0.3,0.5,0.625,1,1,40,1,17,0,0.33333,3,6,0.425859283,0.037403886,0.642857138,0.574140717,0.701898502,1.210321252,-0.609247114,0,0,-0.258135832,-0.261816885,0,1.091057581,0,0,0.04110199,0.115880008,0,0.007603174,0.038582614
bg,2,2,3,2,0.3,0.7,bandit,A squirrel,I am a slightly curious person,46,Female,7,4,5,18,2,4,1,0,0.7,0.5,0.625,2,1,40,0,18,0,0.33333,3,6,0.558499155,0.038986468,-0.535714285,-0.558499155,-0.390949409,0.495853942,-0.669170875,0.492569918,0.693036764,-0.258135832,-0.232047957,0.030622857,1.094676632,0.008556734,0.015449858,0.054911936,0.135599876,-1.11E-16,0.007603174,0.03402937
bg,2,2,3,2,0.3,0.7,bandit,A squirrel,I am a slightly curious person,46,Female,7,4,5,19,2,4,1,0,0.7,0.5,0.625,2,1,40,0,19,0,0.33333,3,7,0.513690845,0.036582874,-0.476190477,-0.513690845,-0.359583592,0.445636676,-0.653178232,0.468445212,0.691154447,-0.300546827,-0.258135832,0.023617732,1.083873344,0.006050002,0,0.040105908,0.126438332,-1.11E-16,0.004658378,0.030878353
bg,2,2,3,2,0.3,0.7,bandit,A squirrel,I am a slightly curious person,46,Female,7,4,5,20,2,1,0,1,0.7,0.5,0.625,2,1,40,1,20,0,0.33333,4,7,0.473704343,0.033586415,0.571428566,0.526295657,0.66840696,1.103846844,-0.635301069,0,0,-0.313823874,-0.300546827,0,1.094153588,0,0,0.041074079,0.118987345,0,0.008449089,0.035021592
bg,3,3,2,2,0.7,0.3,bandit,A squirrel,I am a slightly curious person,26,Male,10,6,4,1,1,4,1,0,0.7,0.5,0.75,1,1,41,0,1,0,0.33333,0,1,0.5,0.083333333,NaN,-0.5,-0.35,0.430782916,-0.647446639,0.461538462,0.690185676,-0.049857149,0,0.054145178,1.080623402,0.019776798,0,0.056089744,0.156287138,1.11E-16,0.010744811,0.048912754
bg,3,3,2,2,0.7,0.3,bandit,A squirrel,I am a slightly curious person,26,Male,10,6,4,2,1,1,0,1,0.7,0.5,0.75,1,1,41,1,2,0,0.33333,1,1,0.41025641,0.075279421,1,0.58974359,0.712820513,1.247647868,-0.599606885,0,0,-0.093938823,-0.049857149,0,1.084870521,0,0,0.045117187,0.124338611,0,0.023469388,0.061623317
bg,3,3,2,2,0.7,0.3,bandit,A squirrel,I am a slightly curious person,26,Male,10,6,4,3,1,1,0,1,0.7,0.5,0.75,1,1,41,1,3,0,0.33333,2,1,0.59375,0.059960937,0.285714286,0.40625,0.584375,0.877971868,-0.678840541,0,0,-0.286460356,-0.093938823,0,1.019584386,0,0,0.018190789,0.078507942,0,0.035631937,0.073782589
bg,3,3,2,2,0.7,0.3,bandit,A squirrel,I am a slightly curious person,26,Male,10,6,4,4,2,4,1,0,0.3,0.5,0.75,2,1,41,0,4,0,0.33333,0,1,0.5,0.083333333,NaN,-0.5,-0.35,0.430782916,-0.647446639,0.461538462,0.690185676,-0.049857149,0,0.054145178,0.955194828,0.021375126,0,0.018627059,0.067123625,1.11E-16,0.010744811,0.065472364
bg,3,3,2,2,0.7,0.3,bandit,A squirrel,I am a slightly curious person,26,Male,10,6,4,5,2,4,0,1,0.3,0.5,0.75,2,1,41,1,5,0,0.33333,1,1,0.41025641,0.075279421,1,0.58974359,0.712820513,1.247647868,-0.599606885,0,0,-0.093938823,-0.049857149,0,1.044151385,0,0,0.040340233,0.086302211,0,0.023469388,0.078205147
bg,3,3,2,2,0.7,0.3,bandit,A squirrel,I am a slightly curious person,26,Male,10,6,4,6,2,4,0,0,0.3,0.5,0.75,2,1,41,0,6,0,0.33333,1,2,0.59375,0.059960937,-0.714285714,-0.59375,-0.415625,0.537212379,-0.678840541,0.513368984,0.692789678,-0.068419324,-0.093938823,0.05510258,1.009383857,0.019394282,0,0.025800125,0.0747372,1.11E-16,0.014819018,0.069558766
bg,3,3,2,2,0.7,0.3,bandit,A squirrel,I am a slightly curious person,26,Male,10,6,4,7,1,4,1,0,0.7,0.5,0.75,1,1,41,0,7,0,0.33333,2,2,0.694736842,0.04365651,-0.952380952,-0.694736842,-0.486315789,0.666146579,-0.692772619,0.584016393,0.678962475,-0.193348887,-0.286460356,0.06368976,1.064375377,0.018112811,5.55E-17,0.032729406,0.098003628,0,0.025346907,0.059289222
bg,3,3,2,2,0.7,0.3,bandit,A squirrel,I am a slightly curious person,26,Male,10,6,4,8,1,4,1,0,0.7,0.5,0.75,1,1,41,0,8,0,0.33333,2,3,0.635245902,0.047282317,-0.714285715,-0.635245902,-0.444672131,0.588196585,-0.687012278,0.540221402,0.68990816,-0.1552444,-0.193348887,0.052273614,1.093136095,0.014422575,0.005248377,0.046827296,0.122977454,-1.11E-16,0.016947838,0.050867035
bg,3,3,2,2,0.7,0.3,bandit,A squirrel,I am a slightly curious person,26,Male,10,6,4,9,1,4,0,1,0.7,0.5,0.75,1,1,41,1,9,0,0.33333,3,3,0.575645756,0.047783255,0.428571429,0.424354244,0.59704797,0.908937758,-0.674190472,0,0,-0.270498672,-0.1552444,0,1.049774904,0,0,0.023073851,0.085683316,0,0.026183535,0.060086543
bg,3,3,2,2,0.7,0.3,bandit,A squirrel,I am a slightly curious person,26,Male,10,6,4,10,2,4,0,0,0.3,0.5,0.75,2,1,41,0,10,0,0.33333,1,3,0.521925134,0.059144957,-0.476190471,-0.521925134,-0.365347594,0.454677821,-0.656433082,0.472699697,0.691655826,-0.102038269,-0.068419324,0.041065537,1.003026202,0.01446324,0,0.020463165,0.075622015,0,0.008758475,0.054032513
bg,3,3,2,2,0.7,0.3,bandit,A squirrel,I am a slightly curious person,26,Male,10,6,4,11,1,1,0,1,0.7,0.5,0.75,1,1,41,1,11,0,0.33333,4,3,0.658653846,0.039465709,0.285714286,0.341346154,0.538942308,0.774232098,-0.6901111,0,0,-0.402753524,-0.270498672,0,0.92440155,0,0,0.009133433,0.05393706,0,0.033570597,0.061353174
bg,3,3,2,2,0.7,0.3,bandit,A squirrel,I am a slightly curious person,26,Male,10,6,4,12,1,4,0,1,0.7,0.5,0.75,1,1,41,1,12,0,0.33333,5,3,0.718572587,0.032002412,0.183673469,0.281427413,0.496999189,0.687163496,-0.693129171,0,0,-0.536554872,-0.402753524,0,0.846195937,0,0,0.004305164,0.039729078,0,0.021771011,0.049628565
bg,3,3,2,2,0.7,0.3,bandit,A squirrel,I am a slightly curious person,26,Male,10,6,4,13,2,4,0,1,0.3,0.5,0.75,2,1,41,1,13,0,0.33333,2,3,0.45669026,0.054325817,0.642857143,0.54330974,0.680316818,1.140424831,-0.626630418,0,0,-0.1552444,-0.102038269,0,0.94436196,0,0,0.016523534,0.04859757,0,0.016947838,0.057815368
bg,3,3,2,2,0.7,0.3,bandit,A squirrel,I am a slightly curious person,26,Male,10,6,4,14,2,1,0,1,0.3,0.5,0.75,2,1,41,1,14,0,0.33333,3,3,0.575645756,0.047783255,0.428571429,0.424354244,0.59704797,0.908937758,-0.674190472,0,0,-0.270498672,-0.1552444,0,0.996583678,0,0,0.026109963,0.0578889,0,0.026183535,0.067041122
bg,3,3,2,2,0.7,0.3,bandit,A squirrel,I am a slightly curious person,26,Male,10,6,4,15,1,4,0,0,0.7,0.5,0.75,1,1,41,0,15,0,0.33333,5,4,0.763108675,0.025914689,-0.892857143,-0.763108675,-0.534176072,0.763947554,-0.69080935,0.644020159,0.651070009,-0.444164508,-0.536554872,0.057441423,1.040949982,0.016260668,0.001230982,0.030512148,0.073224303,0.010062439,0.030437972,0.075704506
bg,3,3,2,2,0.7,0.3,bandit,A squirrel,I am a slightly curious person,26,Male,10,6,4,16,1,4,1,0,0.7,0.5,0.75,1,1,41,0,16,0,0.33333,5,5,0.724166316,0.028588486,-0.793650794,-0.724166316,-0.506916421,0.707076589,-0.693051504,0.608416125,0.669451304,-0.384117107,-0.444164508,0.050519563,1.066841748,0.013712359,0.010452164,0.042274533,0.090336822,0.002805375,0.026459458,0.071729549
bg,3,3,2,2,0.7,0.3,bandit,A squirrel,I am a slightly curious person,26,Male,10,6,4,17,2,4,1,0,0.3,0.5,0.75,2,1,41,0,17,0,0.33333,3,4,0.658653846,0.039465709,-0.714285714,-0.658653846,-0.461057692,0.61814675,-0.6901111,0.556645852,0.686715876,-0.232660544,-0.270498672,0.048982434,1.06016613,0.016815694,-5.55E-17,0.034738387,0.079476475,0,0.01815257,0.063717493
bg,3,3,2,2,0.7,0.3,bandit,A squirrel,I am a slightly curious person,26,Male,10,6,4,18,1,4,0,1,0.7,0.5,0.75,1,1,41,1,18,0,0.33333,6,5,0.683581027,0.03020575,0.285714286,0.316418973,0.521493281,0.737085027,-0.692222974,0,0,-0.479838749,-0.384117107,0,1.015570426,0,0,0.017306182,0.061343627,0,0.028087181,0.065348942
bg,3,3,2,2,0.7,0.3,bandit,A squirrel,I am a slightly curious person,26,Male,10,6,4,19,2,4,1,0,0.3,0.5,0.75,2,1,41,0,19,0,0.33333,3,5,0.607394192,0.040151491,-0.612244898,-0.607394192,-0.425175934,0.553691258,-0.681907727,0.521898817,0.692187757,-0.232047957,-0.232660544,0.039248513,0.973646567,0.012723605,0,0.015866223,0.054000804,1.11E-16,0.011994021,0.059199579
bg,3,3,2,2,0.7,0.3,bandit,A squirrel,I am a slightly curious person,26,Male,10,6,4,20,1,4,0,1,0.7,0.5,0.75,1,1,41,1,20,0,0.33333,7,5,0.727768547,0.02594908,0.220779221,0.272231453,0.490562017,0.674447156,-0.692969019,0,0,-0.579897619,-0.479838749,0,0.910199391,0,0,0.005884843,0.041959164,0,0.019278673,0.050243665
bg,0,1,1,2,0.3,0.7,bandit,A squirrel,I am a slightly curious person,45,Female,6,1,3,1,1,4,0,0,0.3,0.125,0.375,1,1,42,0,1,0,0.33333,0,1,0.5,0.083333333,NaN,-0.5,-0.35,0.430782916,-0.647446639,0.461538462,0.690185676,-0.049857149,0,0.054145178,1.080623402,0.019776798,0,0.056089744,0.156287138,1.11E-16,0.010744811,0.048912754
bg,0,1,1,2,0.3,0.7,bandit,A squirrel,I am a slightly curious person,45,Female,6,1,3,2,2,4,1,0,0.7,0.125,0.375,2,1,42,0,2,0,0.33333,0,1,0.5,0.083333333,NaN,-0.5,-0.35,0.430782916,-0.647446639,0.461538462,0.690185676,-0.049857149,0,0.054145178,1.077482968,0.018333911,0,0.056089744,0.133947084,-1.11E-16,0.010744811,0.040598993
bg,0,1,1,2,0.3,0.7,bandit,A squirrel,I am a slightly curious person,45,Female,6,1,3,3,2,4,1,0,0.7,0.125,0.375,2,1,42,0,3,0,0.33333,0,2,0.41025641,0.075279421,-3.32E-16,-0.41025641,-0.287179487,0.338525625,-0.599606885,0.420863309,0.680569124,-0.169460509,-0.049857149,0.036406267,1.045520104,0.011477759,0,0.034071493,0.117871994,-1.11E-16,0.005618362,0.035483488
bg,0,1,1,2,0.3,0.7,bandit,A squirrel,I am a slightly curious person,45,Female,6,1,3,4,2,1,0,1,0.7,0.125,0.375,2,1,42,1,4,0,0.33333,1,2,0.336330935,0.06242107,1,0.663669065,0.764568345,1.446334621,-0.54575663,0,0,-0.068419324,-0.169460509,0,1.078174085,0,0,0.064268048,0.137502749,0,0.014819018,0.044668319
bg,0,1,1,2,0.3,0.7,bandit,A squirrel,I am a slightly curious person,45,Female,6,1,3,5,1,4,0,0,0.3,0.125,0.375,1,1,42,0,5,0,0.33333,0,2,0.41025641,0.075279421,-3.32E-16,-0.41025641,-0.287179487,0.338525625,-0.599606885,0.420863309,0.680569124,-0.169460509,-0.049857149,0.036406267,1.030921676,0.014103979,0,0.030316606,0.124325821,0,0.005618362,0.039540933
bg,0,1,1,2,0.3,0.7,bandit,A squirrel,I am a slightly curious person,45,Female,6,1,3,6,2,4,1,0,0.7,0.125,0.375,2,1,42,0,6,0,0.33333,1,3,0.521925134,0.059144957,-0.476190471,-0.521925134,-0.365347594,0.454677821,-0.656433082,0.472699697,0.691655826,-0.102038269,-0.068419324,0.041065537,1.044606514,0.010381944,0.007254803,0.054716991,0.120688535,0,0.008758475,0.033436637
bg,0,1,1,2,0.3,0.7,bandit,A squirrel,I am a slightly curious person,45,Female,6,1,3,7,1,1,0,1,0.3,0.125,0.375,1,1,42,1,7,0,0.33333,1,2,0.336330935,0.06242107,1,0.663669065,0.764568345,1.446334621,-0.54575663,0,0,-0.068419324,-0.169460509,0,1.086972821,0,0,0.064268048,0.137847128,0,0.014819018,0.042633814
bg,0,1,1,2,0.3,0.7,bandit,A squirrel,I am a slightly curious person,45,Female,6,1,3,8,1,4,0,0,0.3,0.125,0.375,1,1,42,0,8,0,0.33333,1,3,0.521925134,0.059144957,-0.476190471,-0.521925134,-0.365347594,0.454677821,-0.656433082,0.472699697,0.691655826,-0.102038269,-0.068419324,0.041065537,1.086390538,0.011792417,0.007254803,0.054716991,0.136540081,0,0.008758475,0.036598006
bg,0,1,1,2,0.3,0.7,bandit,A squirrel,I am a slightly curious person,45,Female,6,1,3,9,2,4,1,0,0.7,0.125,0.375,2,1,42,0,9,0,0.33333,1,4,0.45669026,0.054325817,-0.357142857,-0.45669026,-0.319683182,0.38519668,-0.626630418,0.440971018,0.68616206,-0.172348106,-0.102038269,0.029483823,1.066134082,0.007847871,0,0.036400986,0.124122231,-1.11E-16,0.004910265,0.032770308
bg,0,1,1,2,0.3,0.7,bandit,A squirrel,I am a slightly curious person,45,Female,6,1,3,10,2,4,1,0,0.7,0.125,0.375,2,1,42,0,10,0,0.33333,1,5,0.400792668,0.047626322,-0.285714286,-0.400792668,-0.280554867,0.329275013,-0.593476605,0.416988018,0.679301179,-0.259727487,-0.172348106,0.020928267,1.036164746,0.005229021,0,0.023717554,0.115211456,0,0.002646807,0.030507374
bg,0,1,1,2,0.3,0.7,bandit,A squirrel,I am a slightly curious person,45,Female,6,1,3,11,1,4,0,0,0.3,0.125,0.375,1,1,42,0,11,0,0.33333,1,4,0.45669026,0.054325817,-0.357142857,-0.45669026,-0.319683182,0.38519668,-0.626630418,0.440971018,0.68616206,-0.172348106,-0.102038269,0.029483823,1.033109099,0.008342306,0,0.036400986,0.100240996,-1.11E-16,0.004910265,0.026629689
bg,0,1,1,2,0.3,0.7,bandit,A squirrel,I am a slightly curious person,45,Female,6,1,3,12,1,4,0,0,0.3,0.125,0.375,1,1,42,0,12,0,0.33333,1,5,0.400792668,0.047626322,-0.285714286,-0.400792668,-0.280554867,0.329275013,-0.593476605,0.416988018,0.679301179,-0.259727487,-0.172348106,0.020928267,1.016462392,0.005560491,0,0.023717554,0.089282657,-1.11E-16,0.002646807,0.024363439
bg,0,1,1,2,0.3,0.7,bandit,A squirrel,I am a slightly curious person,45,Female,6,1,3,13,1,1,0,1,0.3,0.125,0.375,1,1,42,1,13,0,0.33333,2,5,0.354453588,0.040759615,0.761904764,0.645546412,0.751882489,1.393852809,-0.560257554,0,0,-0.203628259,-0.259727487,0,1.031621232,0,0,0.049307474,0.113084056,0,0.006462498,0.028247511
bg,0,1,1,2,0.3,0.7,bandit,A squirrel,I am a slightly curious person,45,Female,6,1,3,14,1,4,1,0,0.3,0.125,0.375,1,1,42,0,14,0,0.33333,2,6,0.469446401,0.041805495,-0.408163265,-0.469446401,-0.32861248,0.398408783,-0.633191658,0.446835831,0.687483623,-0.261816885,-0.203628259,0.023017317,1.032766177,0.00531806,0,0.034575004,0.101144178,1.11E-16,0.003755078,0.025416671
bg,0,1,1,2,0.3,0.7,bandit,A squirrel,I am a slightly curious person,45,Female,6,1,3,15,2,1,0,1,0.7,0.125,0.375,2,1,42,1,15,0,0.33333,2,5,0.354453588,0.040759615,0.761904764,0.645546412,0.751882489,1.393852809,-0.560257554,0,0,-0.203628259,-0.259727487,0,1.070076564,0,0,0.049307474,0.121728895,0,0.006462498,0.029352871
bg,0,1,1,2,0.3,0.7,bandit,A squirrel,I am a slightly curious person,45,Female,6,1,3,16,2,1,0,1,0.7,0.125,0.375,2,1,42,1,16,0,0.33333,3,5,0.469446401,0.041805495,0.591836735,0.530553599,0.67138752,1.112876093,-0.633191658,0,0,-0.232047957,-0.203628259,0,1.043458245,0,0,0.038457947,0.102674592,0,0.011994021,0.034852535
bg,0,1,1,2,0.3,0.7,bandit,A squirrel,I am a slightly curious person,45,Female,6,1,3,17,2,2,0,0,0.7,0.125,0.375,2,1,42,0,17,0,0.33333,3,6,0.558499155,0.038986468,-0.535714285,-0.558499155,-0.390949409,0.495853942,-0.669170875,0.492569918,0.693036764,-0.258135832,-0.232047957,0.030622857,1.063436333,0.008003532,0.010586855,0.050076977,0.120398463,-1.11E-16,0.007603174,0.030390403
bg,0,1,1,2,0.3,0.7,bandit,A squirrel,I am a slightly curious person,45,Female,6,1,3,18,2,3,1,0,0.7,0.125,0.375,2,1,42,0,18,0,0.33333,3,7,0.513690845,0.036582874,-0.476190477,-0.513690845,-0.359583592,0.445636676,-0.653178232,0.468445212,0.691154447,-0.300546827,-0.258135832,0.023617732,1.068137704,0.005360601,0.004489388,0.04403343,0.119003981,1.11E-16,0.004658378,0.027460153
bg,0,1,1,2,0.3,0.7,bandit,A squirrel,I am a slightly curious person,45,Female,6,1,3,19,2,1,0,1,0.7,0.125,0.375,2,1,42,1,19,0,0.33333,4,7,0.473704343,0.033586415,0.571428566,0.526295657,0.66840696,1.103846844,-0.635301069,0,0,-0.313823874,-0.300546827,0,1.050241551,0,0,0.036907449,0.105202082,0,0.008449089,0.031221204
bg,0,1,1,2,0.3,0.7,bandit,A squirrel,I am a slightly curious person,45,Female,6,1,3,20,2,2,0,0,0.7,0.125,0.375,2,1,42,0,20,0,0.33333,4,8,0.544605983,0.032338032,-0.519480519,-0.544605983,-0.381224188,0.48001225,-0.664660247,0.48482826,0.692686746,-0.346904736,-0.313823874,0.023504349,1.063997337,0.005524317,0.00952222,0.046621351,0.119956144,-1.11E-16,0.005387895,0.028259695
gb,1,1,2,3,0.7,0.3,bandit,A squirrel,I am a slightly curious person,37,Male,5,2,5,1,1,3,1,0,0.7,0.625,0.25,1,1,43,0,1,0,0.33333,0,1,0.5,0.083333333,NaN,-0.5,-0.35,0.430782916,-0.647446639,0.461538462,0.690185676,-0.049857149,0,0.054145178,1.080623402,0.019776798,0,0.056089744,0.156287138,1.11E-16,0.010744811,0.048912754
gb,1,1,2,3,0.7,0.3,bandit,A squirrel,I am a slightly curious person,37,Male,5,2,5,2,1,3,1,0,0.7,0.625,0.25,1,1,43,0,2,0,0.33333,0,2,0.41025641,0.075279421,-3.32E-16,-0.41025641,-0.287179487,0.338525625,-0.599606885,0.420863309,0.680569124,-0.169460509,-0.049857149,0.036406267,1.038532595,0.005550732,0,0.034071493,0.142737034,-1.11E-16,0.005618362,0.043786865
gb,1,1,2,3,0.7,0.3,bandit,A squirrel,I am a slightly curious person,37,Male,5,2,5,3,1,1,0,1,0.7,0.625,0.25,1,1,43,1,3,0,0.33333,1,2,0.336330935,0.06242107,1,0.663669065,0.764568345,1.446334621,-0.54575663,0,0,-0.068419324,-0.169460509,0,1.098594897,0,0,0.064268048,0.156285781,0,0.014819018,0.052970728
gb,1,1,2,3,0.7,0.3,bandit,A squirrel,I am a slightly curious person,37,Male,5,2,5,4,1,3,0,0,0.7,0.625,0.25,1,1,43,0,4,0,0.33333,1,3,0.521925134,0.059144957,-0.476190471,-0.521925134,-0.365347594,0.454677821,-0.656433082,0.472699697,0.691655826,-0.102038269,-0.068419324,0.041065537,1.088081422,0.010545167,0.007254803,0.054716991,0.157425466,0,0.008758475,0.046918918
gb,1,1,2,3,0.7,0.3,bandit,A squirrel,I am a slightly curious person,37,Male,5,2,5,5,1,3,1,0,0.7,0.625,0.25,1,1,43,0,5,0,0.33333,1,4,0.45669026,0.054325817,-0.357142857,-0.45669026,-0.319683182,0.38519668,-0.626630418,0.440971018,0.68616206,-0.172348106,-0.102038269,0.029483823,1.062785192,0.001599208,0,0.036400986,0.146608478,0,0.004910265,0.043060067
gb,1,1,2,3,0.7,0.3,bandit,A squirrel,I am a slightly curious person,37,Male,5,2,5,6,2,3,1,0,0.3,0.625,0.25,2,1,43,0,6,0,0.33333,0,1,0.5,0.083333333,NaN,-0.5,-0.35,0.430782916,-0.647446639,0.461538462,0.690185676,-0.049857149,0,0.054145178,1.071229263,0.02358927,0,0.056089744,0.123002215,1.11E-16,0.010744811,0.034753858
gb,1,1,2,3,0.7,0.3,bandit,A squirrel,I am a slightly curious person,37,Male,5,2,5,7,2,1,0,1,0.3,0.625,0.25,2,1,43,1,7,0,0.33333,1,1,0.41025641,0.075279421,1,0.58974359,0.712820513,1.247647868,-0.599606885,0,0,-0.093938823,-0.049857149,0,1.020045136,0,0,0.045117187,0.099620046,0,0.023469388,0.047481318
gb,1,1,2,3,0.7,0.3,bandit,A squirrel,I am a slightly curious person,37,Male,5,2,5,8,2,1,0,1,0.3,0.625,0.25,2,1,43,1,8,0,0.33333,2,1,0.59375,0.059960937,0.285714286,0.40625,0.584375,0.877971868,-0.678840541,0,0,-0.286460356,-0.093938823,0,0.901280645,0,0,0.018190789,0.060063522,0,0.035631937,0.059640924
gb,1,1,2,3,0.7,0.3,bandit,A squirrel,I am a slightly curious person,37,Male,5,2,5,9,2,1,0,1,0.3,0.625,0.25,2,1,43,1,9,0,0.33333,3,1,0.694736842,0.04365651,0.047619048,0.305263158,0.513684211,0.720897094,-0.692772619,0,0,-0.477126407,-0.286460356,0,0.793018154,0,0,0.007623106,0.039560588,0,0.026293758,0.050316921
gb,1,1,2,3,0.7,0.3,bandit,A squirrel,I am a slightly curious person,37,Male,5,2,5,10,2,1,0,1,0.3,0.625,0.25,2,1,43,1,10,0,0.33333,4,1,0.757575758,0.032139578,1.51E-08,0.242424242,0.46969697,0.634306681,-0.691309507,0,0,-0.64897963,-0.477126407,0,0.701041513,0,0,0.00328125,0.027742208,0,0.015937237,0.039937927
gb,1,1,2,3,0.7,0.3,bandit,A squirrel,I am a slightly curious person,37,Male,5,2,5,11,2,3,0,0,0.3,0.625,0.25,2,1,43,0,11,0,0.33333,4,2,0.8,0.024285714,-0.999999985,-0.8,-0.56,0.820980552,-0.6859298,0.681818182,0.62549136,-0.510122266,-0.64897963,0.0670261,0.784048699,0.012901035,-1.11E-16,0.005624112,0.03715265,0.00530303,0.023644259,0.047632562
gb,1,1,2,3,0.7,0.3,bandit,A squirrel,I am a slightly curious person,37,Male,5,2,5,12,2,3,0,0,0.3,0.625,0.25,2,1,43,0,12,0,0.33333,4,3,0.761363636,0.028550521,-0.952380952,-0.761363636,-0.532954545,0.761328693,-0.690973601,0.642335766,0.652062427,-0.402753524,-0.510122266,0.061777694,0.862916748,0.012373001,1.11E-16,0.009133433,0.048544437,0.012111381,0.033570597,0.057540904
gb,1,1,2,3,0.7,0.3,bandit,A squirrel,I am a slightly curious person,37,Male,5,2,5,13,2,3,0,0,0.3,0.625,0.25,2,1,43,0,13,0,0.33333,4,4,0.718572587,0.032002412,-0.816326531,-0.718572587,-0.503000811,0.699166885,-0.693129171,0.603622715,0.671515413,-0.332358209,-0.402753524,0.05433972,0.932110947,0.01320329,5.55E-17,0.014020008,0.061679516,0.001207572,0.026478728,0.050461834
gb,1,1,2,3,0.7,0.3,bandit,A squirrel,I am a slightly curious person,37,Male,5,2,5,14,2,3,0,0,0.3,0.625,0.25,2,1,43,0,14,0,0.33333,4,5,0.673498695,0.034124577,-0.714285714,-0.673498695,-0.471449086,0.637616142,-0.691515984,0.567589597,0.683982442,-0.298346983,-0.332358209,0.045803546,0.987542104,0.013033188,-5.55E-17,0.020356942,0.076040354,1.11E-16,0.018834414,0.042812901
gb,1,1,2,3,0.7,0.3,bandit,A squirrel,I am a slightly curious person,37,Male,5,2,5,15,2,3,0,0,0.3,0.625,0.25,2,1,43,0,15,0,0.33333,4,6,0.628304933,0.034730242,-0.634920635,-0.628304933,-0.439813453,0.579485431,-0.685884742,0.535535888,0.690619451,-0.294935993,-0.298346983,0.037329237,1.020315716,0.004510414,0,0.028057805,0.090970047,-1.11E-16,0.012847841,0.036835042
gb,1,1,2,3,0.7,0.3,bandit,A squirrel,I am a slightly curious person,37,Male,5,2,5,16,1,3,0,0,0.7,0.625,0.25,1,1,43,0,16,0,0.33333,1,5,0.400792668,0.047626322,-0.285714286,-0.400792668,-0.280554867,0.329275013,-0.593476605,0.416988018,0.679301179,-0.259727487,-0.172348106,0.020928267,0.969539421,0.005276922,-5.55E-17,0.01273425,0.084717521,0,0.002646807,0.034486346
gb,1,1,2,3,0.7,0.3,bandit,A squirrel,I am a slightly curious person,37,Male,5,2,5,17,1,3,0,0,0.7,0.625,0.25,1,1,43,0,17,0,0.33333,1,6,0.354453588,0.040759615,-0.238095236,-0.354453588,-0.248117511,0.285175232,-0.560257554,0.39899852,0.672603512,-0.351554018,-0.259727487,0.014991389,0.923687857,0.002824731,0,0.007584328,0.080588299,0,0.00138765,0.033298664
gb,1,1,2,3,0.7,0.3,bandit,A squirrel,I am a slightly curious person,37,Male,5,2,5,18,2,3,1,0,0.3,0.625,0.25,2,1,43,0,18,0,0.33333,4,7,0.584906587,0.034000202,-0.571428571,-0.584906587,-0.409434611,0.526674914,-0.676652104,0.507987778,0.693019566,-0.313823874,-0.294935993,0.029764054,0.953999489,0.003947435,0,0.036907449,0.094048821,0,0.008449089,0.028896709
gb,1,1,2,3,0.7,0.3,bandit,A squirrel,I am a slightly curious person,37,Male,5,2,5,19,2,3,1,0,0.3,0.625,0.25,2,1,43,0,19,0,0.33333,4,8,0.544605983,0.032338032,-0.519480519,-0.544605983,-0.381224188,0.48001225,-0.664660247,0.48482826,0.692686746,-0.346904736,-0.313823874,0.023504349,0.976642097,0.005534383,0.00952222,0.046621351,0.107205159,-1.11E-16,0.005387895,0.025884185
gb,1,1,2,3,0.7,0.3,bandit,A squirrel,I am a slightly curious person,37,Male,5,2,5,20,2,3,1,0,0.3,0.625,0.25,2,1,43,0,20,0,0.33333,4,9,0.508023069,0.030175846,-0.476190476,-0.508023069,-0.355616148,0.439460688,-0.650854103,0.465561015,0.690773214,-0.387826043,-0.346904736,0.018578725,0.987830726,0.002101857,0.00261466,0.03957238,0.102491572,-1.11E-16,0.003350204,0.023562849
bg,1,2,4,4,0.3,0.7,tycoon,A squirrel,I am a slightly curious person,33,Male,14,3,8,1,1,4,1,1,0.3,0.375,1,1,2,44,1,1,0,0.33333,1,0,0.5,0.083333333,NaN,0.5,0.35,0.430782916,-0.647446639,0.461538462,0.690185676,-0.049857149,0,0.054145178,1.080889095,0.014094332,0,0.056089744,0.131073366,-1.11E-16,0.010744811,0.048912754
bg,1,2,4,4,0.3,0.7,tycoon,A squirrel,I am a slightly curious person,33,Male,14,3,8,2,1,1,0,0,0.3,0.375,1,1,2,44,0,2,0,0.33333,1,1,0.58974359,0.075279421,-0.999999985,-0.58974359,-0.712820513,1.247647868,-0.599606885,0,0,-0.093938823,-0.049857149,0,1.07151928,0,0,0.045117187,0.150200277,0,0.023469388,0.061623307
bg,1,2,4,4,0.3,0.7,tycoon,A squirrel,I am a slightly curious person,33,Male,14,3,8,3,1,1,0,0,0.3,0.375,1,1,2,44,0,3,0,0.33333,1,2,0.40625,0.059960938,-0.285714286,-0.40625,-0.584375,0.877971868,-0.678840541,0,0,-0.286460356,-0.093938823,0,1.006172616,0,0,0.018190789,0.13393452,0,0.035631937,0.073782589
bg,1,2,4,4,0.3,0.7,tycoon,A squirrel,I am a slightly curious person,33,Male,14,3,8,4,2,4,0,1,0.7,0.375,1,2,2,44,1,4,0,0.33333,1,0,0.5,0.083333333,NaN,0.5,0.35,0.430782916,-0.647446639,0.461538462,0.690185676,-0.049857149,0,0.054145178,0.939727202,0.01463022,0,0.056089744,0.097413148,-1.11E-16,0.010744811,0.065472364
bg,1,2,4,4,0.3,0.7,tycoon,A squirrel,I am a slightly curious person,33,Male,14,3,8,5,2,4,1,1,0.7,0.375,1,2,2,44,1,5,0,0.33333,2,0,0.58974359,0.075279421,1.51E-08,0.41025641,0.287179487,0.338525625,-0.599606885,0.420863309,0.680569124,-0.169460509,-0.049857149,0.036406267,0.857715995,0.009318524,-1.11E-16,0.034071493,0.069710548,0,0.005618362,0.060346701
bg,1,2,4,4,0.3,0.7,tycoon,A squirrel,I am a slightly curious person,33,Male,14,3,8,6,2,4,0,1,0.7,0.375,1,2,2,44,1,6,0,0.33333,3,0,0.663669065,0.06242107,1.51E-08,0.336330935,0.235431655,0.268443859,-0.54575663,0.392378264,0.669800034,-0.317247853,-0.169460509,0.023643113,0.776813047,0.009581239,0,0.020047195,0.05024608,1.11E-16,0.00278523,0.057540143
bg,1,2,4,4,0.3,0.7,tycoon,A squirrel,I am a slightly curious person,33,Male,14,3,8,7,2,3,0,1,0.7,0.375,1,2,2,44,1,7,0,0.33333,4,0,0.720818631,0.049557175,1.51E-08,0.279181369,0.195426958,0.217443525,-0.493997111,0.372868571,0.66046475,-0.466927048,-0.317247853,0.015384673,0.696895536,0.004280239,0,0.011626066,0.036954327,0,0.001334355,0.056003451
bg,1,2,4,4,0.3,0.7,tycoon,A squirrel,I am a slightly curious person,33,Male,14,3,8,8,2,3,0,1,0.7,0.375,1,2,2,44,1,8,0,0.33333,5,0,0.763934695,0.038886415,1.51E-08,0.236065305,0.165245714,0.180617865,-0.448266988,0.359387193,0.653064793,-0.60687214,-0.466927048,0.010280655,0.628231365,0.002639299,0,0.00672169,0.02791094,1.11E-16,0.000626477,0.055320814
bg,1,2,4,4,0.3,0.7,tycoon,A squirrel,I am a slightly curious person,33,Male,14,3,8,9,2,3,1,1,0.7,0.375,1,2,2,44,1,9,0,0.33333,6,0,0.79654368,0.030721348,1.51E-08,0.20345632,0.142419424,0.153640138,-0.409331248,0.349821356,0.647335981,-0.733891271,-0.60687214,0.00714069,0.570547133,0.00195367,0,0.003899167,0.021656749,-1.11E-16,0.000290958,0.055015476
bg,1,2,4,4,0.3,0.7,tycoon,A squirrel,I am a slightly curious person,33,Male,14,3,8,10,2,2,0,1,0.7,0.375,1,2,2,44,1,10,0,0.33333,7,0,0.821619976,0.024639009,1.51E-08,0.178380024,0.124866017,0.133378281,-0.37650936,0.342804651,0.642878283,-0.848385195,-0.733891271,0.005168064,0.521656835,0.000938235,0,0.002276322,0.017220917,1.11E-16,0.000134477,0.054887952
bg,1,2,4,4,0.3,0.7,tycoon,A squirrel,I am a slightly curious person,33,Male,14,3,8,11,2,1,0,0,0.7,0.375,1,2,2,44,0,11,0,0.33333,7,1,0.841328165,0.020105567,-0.999999985,-0.841328165,-0.888929716,2.197592085,-0.348747191,0,0,-0.441349354,-0.848385195,0,0.770184571,0,0,0.009779435,0.043143031,0,0.000713851,0.055405029
bg,1,2,4,4,0.3,0.7,tycoon,A squirrel,I am a slightly curious person,33,Male,14,3,8,12,2,3,1,1,0.7,0.375,1,2,2,44,1,12,0,0.33333,8,1,0.714616532,0.029443897,0.178571434,0.285383468,0.199768428,0.222854128,-0.500081228,0.374891482,0.661507779,-0.526463112,-0.441349354,0.008262094,0.723274915,0.001606606,0,0.006249164,0.035793228,-1.11E-16,0.000362631,0.055087553
bg,1,2,4,4,0.3,0.7,tycoon,A squirrel,I am a slightly curious person,33,Male,14,3,8,13,2,4,0,1,0.7,0.375,1,2,2,44,1,13,0,0.33333,9,1,0.740372486,0.025214316,0.158730158,0.259627514,0.18173926,0.20057424,-0.474020587,0.366631301,0.65713843,-0.606187788,-0.526463112,0.006396043,0.680946865,0.001113343,-2.22E-16,0.003993102,0.030119988,0,0.000182712,0.054908308
bg,1,2,4,4,0.3,0.7,tycoon,A squirrel,I am a slightly curious person,33,Male,14,3,8,14,2,1,0,0,0.7,0.375,1,2,2,44,0,14,0,0.33333,9,2,0.761942653,0.021774167,-0.857142859,-0.761942653,-0.833359857,1.791918626,-0.450518517,0,0,-0.462562998,-0.606187788,0,0.832783971,0,0,0.011190722,0.052358221,0,0.000638446,0.055329837
bg,1,2,4,4,0.3,0.7,tycoon,A squirrel,I am a slightly curious person,33,Male,14,3,8,15,2,3,1,1,0.7,0.375,1,2,2,44,1,15,0,0.33333,10,2,0.670476596,0.025777244,0.25974026,0.329523404,0.230666383,0.262230571,-0.540080286,0.389947863,0.66872476,-0.5266447,-0.462562998,0.008039586,0.79565825,0.001340944,-1.11E-16,0.007605271,0.045156469,0,0.000343634,0.055103489
bg,1,2,4,4,0.3,0.7,tycoon,A squirrel,I am a slightly curious person,33,Male,14,3,8,16,2,1,1,1,0.7,0.375,1,2,2,44,1,16,0,0.33333,11,2,0.693930752,0.02286977,0.238095238,0.306069248,0.214248474,0.241114661,-0.519531449,0.381800086,0.664938483,-0.587680027,-0.5266447,0.006505463,0.760695921,0.000864812,1.11E-16,0.005155653,0.039310487,0,0.000183394,0.054877785
bg,1,2,4,4,0.3,0.7,tycoon,A squirrel,I am a slightly curious person,33,Male,14,3,8,17,2,1,0,0,0.7,0.375,1,2,2,44,0,17,0,0.33333,11,3,0.714304672,0.020394452,-0.78021978,-0.714304672,-0.800013271,1.609504268,-0.500384026,0,0,-0.51275087,-0.587680027,0,0.86730147,0,0,0.011824686,0.058498192,0,0.000527985,0.055265193
bg,1,2,4,4,0.3,0.7,tycoon,A squirrel,I am a slightly curious person,33,Male,14,3,8,18,2,2,0,1,0.7,0.375,1,2,2,44,1,18,0,0.33333,12,3,0.642919353,0.022468746,0.30612245,0.357080647,0.249956453,0.287624011,-0.562287298,0.399976776,0.673002249,-0.564122045,-0.51275087,0.007492411,0.837112394,0.001089479,0,0.00839226,0.051757436,1.11E-16,0.000296299,0.055031889
bg,1,2,4,4,0.3,0.7,tycoon,A squirrel,I am a slightly curious person,33,Male,14,3,8,19,2,1,0,0,0.7,0.375,1,2,2,44,0,19,0,0.33333,12,4,0.663888965,0.020384649,-0.714285716,-0.663888965,-0.764722276,1.446988657,-0.545575251,0,0,-0.523009936,-0.564122045,0,0.914230326,0,0,0.016380859,0.070166042,0,0.000723306,0.055440993
bg,1,2,4,4,0.3,0.7,tycoon,A squirrel,I am a slightly curious person,33,Male,14,3,8,20,2,4,1,1,0.7,0.375,1,2,2,44,1,20,0,0.33333,13,4,0.603240409,0.021508774,0.357142857,0.396759591,0.277731714,0.325358622,-0.590798227,0.415358124,0.678749454,-0.567152574,-0.523009936,0.008172779,0.888872095,0.001104237,0,0.012064884,0.062876676,0,0.000423022,0.055127495
gb,3,3,2,1,0.7,0.3,tycoon,A squirrel,I am a slightly curious person,22,Male,14,6,3,1,1,1,0,0,0.7,0.375,0.75,1,2,45,0,1,0,0.33333,0,1,0.5,0.083333333,NaN,-0.5,-0.65,1.049822124,-0.647446639,0,0,-0.193147181,0,0,1.028476148,0,0,0.029166667,0.140011085,0,0.03446712,0.072619481
gb,3,3,2,1,0.7,0.3,tycoon,A squirrel,I am a slightly curious person,22,Male,14,6,3,2,2,1,0,1,0.3,0.375,0.75,2,2,45,1,2,0,0.33333,1,0,0.5,0.083333333,NaN,0.5,0.35,0.430782916,-0.647446639,0.461538462,0.690185676,-0.049857149,0,0.054145178,0.976300052,0.01774405,0,0.056089744,0.102322803,0,0.010744811,0.064322906
gb,3,3,2,1,0.7,0.3,tycoon,A squirrel,I am a slightly curious person,22,Male,14,6,3,3,1,2,0,1,0.7,0.375,0.75,1,2,45,1,3,0,0.33333,1,1,0.333333333,0.055555556,1,0.666666667,0.466666667,0.628608659,-0.690923309,0.5625,0.685314207,-0.093938823,-0.193147181,0.069434567,1.027513187,0.011799575,0,0.025871763,0.110224348,1.11E-16,0.023469388,0.053316366
gb,3,3,2,1,0.7,0.3,tycoon,A squirrel,I am a slightly curious person,22,Male,14,6,3,4,1,1,0,0,0.7,0.375,0.75,1,2,45,0,4,0,0.33333,1,2,0.40625,0.059960938,-0.285714286,-0.40625,-0.584375,0.877971868,-0.678840541,0,0,-0.286460356,-0.093938823,0,0.939727202,0,0,0.00863843,0.097413148,0,0.035631937,0.065472364
gb,3,3,2,1,0.7,0.3,tycoon,A squirrel,I am a slightly curious person,22,Male,14,6,3,5,2,1,1,1,0.3,0.375,0.75,2,2,45,1,5,0,0.33333,2,0,0.58974359,0.075279421,1.51E-08,0.41025641,0.287179487,0.338525625,-0.599606885,0.420863309,0.680569124,-0.169460509,-0.049857149,0.036406267,0.857715995,0.009318524,-1.11E-16,0.034071493,0.069710548,0,0.005618362,0.060346701
gb,3,3,2,1,0.7,0.3,tycoon,A squirrel,I am a slightly curious person,22,Male,14,6,3,6,2,2,0,0,0.3,0.375,0.75,2,2,45,0,6,0,0.33333,2,1,0.663669065,0.06242107,-0.999999985,-0.663669065,-0.764568345,1.446334621,-0.54575663,0,0,-0.068419324,-0.169460509,0,1.001396134,0,0,0.064268048,0.117647106,0,0.014819018,0.069558766
gb,3,3,2,1,0.7,0.3,tycoon,A squirrel,I am a slightly curious person,22,Male,14,6,3,7,1,2,0,1,0.7,0.375,0.75,1,2,45,1,7,0,0.33333,2,2,0.305263158,0.04365651,0.952380952,0.694736842,0.486315789,0.666146579,-0.692772619,0.584016393,0.678962475,-0.193348887,-0.286460356,0.06368976,1.045846973,0.010659806,0,0.028195441,0.124883676,0,0.025346907,0.059289222
gb,3,3,2,1,0.7,0.3,tycoon,A squirrel,I am a slightly curious person,22,Male,14,6,3,8,2,1,0,0,0.3,0.375,0.75,2,2,45,0,8,0,0.33333,2,2,0.478074866,0.059144957,-0.523809526,-0.478074866,-0.634652406,1.006906067,-0.656433082,0,0,-0.193348887,-0.068419324,0,1.033081584,0,0,0.028195441,0.096663759,0,0.025346907,0.069847445
gb,3,3,2,1,0.7,0.3,tycoon,A squirrel,I am a slightly curious person,22,Male,14,6,3,9,2,2,1,1,0.3,0.375,0.75,2,2,45,1,9,0,0.33333,3,2,0.364754098,0.047282317,0.714285715,0.635245902,0.444672131,0.588196585,-0.687012278,0.540221402,0.68990816,-0.1552444,-0.193348887,0.052273614,1.047626656,0.011219151,0,0.040743196,0.107767033,0,0.016947838,0.061446767
gb,3,3,2,1,0.7,0.3,tycoon,A squirrel,I am a slightly curious person,22,Male,14,6,3,10,2,1,0,0,0.3,0.375,0.75,2,2,45,0,10,0,0.33333,3,3,0.424354244,0.047783255,-0.428571429,-0.424354244,-0.59704797,0.908937758,-0.674190472,0,0,-0.270498672,-0.1552444,0,1.018245243,0,0,0.019337816,0.090096853,0,0.026183535,0.070657736
gb,3,3,2,1,0.7,0.3,tycoon,A squirrel,I am a slightly curious person,22,Male,14,6,3,11,1,1,0,1,0.7,0.375,0.75,1,2,45,1,11,0,0.33333,3,2,0.364754098,0.047282317,0.714285715,0.635245902,0.444672131,0.588196585,-0.687012278,0.540221402,0.68990816,-0.1552444,-0.193348887,0.052273614,1.0273876,0.011920736,0,0.040743196,0.10182751,1.11E-16,0.016947838,0.062255833
gb,3,3,2,1,0.7,0.3,tycoon,A squirrel,I am a slightly curious person,22,Male,14,6,3,12,1,2,1,1,0.7,0.375,0.75,1,2,45,1,12,0,0.33333,4,2,0.424354244,0.047783255,0.571428571,0.575645756,0.40295203,0.515757816,-0.674190472,0.502472188,0.693134957,-0.163472784,-0.1552444,0.040802486,1.017163857,0.008782945,0.012870828,0.055189844,0.114427856,0,0.010714599,0.056019464
gb,3,3,2,1,0.7,0.3,tycoon,A squirrel,I am a slightly curious person,22,Male,14,6,3,13,1,1,0,1,0.7,0.375,0.75,1,2,45,1,13,0,0.33333,5,2,0.480377009,0.045607934,0.476190475,0.519622991,0.363736094,0.452141855,-0.655537563,0.471502465,0.691522081,-0.203628259,-0.163472784,0.030843712,0.993057463,0.007047416,0.006476602,0.049307474,0.105756229,-1.11E-16,0.006462498,0.051785712
gb,3,3,2,1,0.7,0.3,tycoon,A squirrel,I am a slightly curious person,22,Male,14,6,3,14,1,1,0,0,0.7,0.375,0.75,1,2,45,0,14,0,0.33333,5,3,0.530553599,0.041805495,-0.591836735,-0.530553599,-0.67138752,1.112876093,-0.633191658,0,0,-0.232047957,-0.203628259,0,1.02428261,0,0,0.038457947,0.101951474,0,0.011994021,0.05696564
gb,3,3,2,1,0.7,0.3,tycoon,A squirrel,I am a slightly curious person,22,Male,14,6,3,15,1,2,1,1,0.7,0.375,0.75,1,2,45,1,15,0,0.33333,6,3,0.441500845,0.038986468,0.535714285,0.558499155,0.390949409,0.495853942,-0.669170875,0.492569918,0.693036764,-0.258135832,-0.232047957,0.030622857,1.01325705,0.005539807,0.010586855,0.050076977,0.112070137,-1.11E-16,0.007603174,0.052576387
gb,3,3,2,1,0.7,0.3,tycoon,A squirrel,I am a slightly curious person,22,Male,14,6,3,16,1,1,0,1,0.7,0.375,0.75,1,2,45,1,16,0,0.33333,7,3,0.486309155,0.036582874,0.476190475,0.513690845,0.359583592,0.445636676,-0.653178232,0.468445212,0.691154447,-0.300546827,-0.258135832,0.023617732,0.99361461,0.004510054,0.004489388,0.04403343,0.103771049,-1.11E-16,0.004658378,0.049548735
gb,3,3,2,1,0.7,0.3,tycoon,A squirrel,I am a slightly curious person,22,Male,14,6,3,17,1,2,1,1,0.7,0.375,0.75,1,2,45,1,17,0,0.33333,8,3,0.526295657,0.033586415,0.428571434,0.473704343,0.33159304,0.40285807,-0.635301069,0.448828361,0.687900926,-0.351316646,-0.300546827,0.018240329,0.967726251,0.003554158,1.11E-16,0.032078442,0.088993792,0,0.002777826,0.047644345
gb,3,3,2,1,0.7,0.3,tycoon,A squirrel,I am a slightly curious person,22,Male,14,6,3,18,1,1,1,1,0.7,0.375,0.75,1,2,45,1,18,0,0.33333,9,3,0.561469573,0.030474638,0.38961039,0.438530427,0.306971299,0.366683865,-0.616655861,0.432882505,0.68411041,-0.405302546,-0.351316646,0.014237998,0.93794924,0.002463241,0,0.023149155,0.076834269,1.11E-16,0.001621718,0.046859432
gb,3,3,2,1,0.7,0.3,tycoon,A squirrel,I am a slightly curious person,22,Male,14,6,3,19,1,1,1,1,0.7,0.375,0.75,1,2,45,1,19,0,0.33333,10,3,0.592250761,0.027520438,0.357142857,0.407749239,0.285424467,0.336066573,-0.598003825,0.419829656,0.680236958,-0.45959942,-0.405302546,0.011292058,0.907078882,0.002548248,0,0.01658919,0.066851839,1.11E-16,0.000931308,0.046162109
gb,3,3,2,1,0.7,0.3,tycoon,A squirrel,I am a slightly curious person,22,Male,14,6,3,20,1,2,0,1,0.7,0.375,0.75,1,2,45,1,20,0,0.33333,11,3,0.619209852,0.024842372,0.32967033,0.380790148,0.266553104,0.310000082,-0.579800258,0.409027568,0.67650266,-0.51275087,-0.45959942,0.009117214,0.874966416,0.0015078,0,0.011824686,0.058611737,0,0.000527985,0.045780216
bg,1,1,4,4,0.3,0.7,tycoon,A squirrel,I am a slightly curious person,62,Female,17,2,8,1,1,2,0,0,0.3,0.25,1,1,2,46,0,1,0,0.33333,0,1,0.5,0.083333333,NaN,-0.5,-0.65,1.049822124,-0.647446639,0,0,-0.193147181,0,0,1.028476148,0,0,0.029166667,0.140011085,0,0.03446712,0.072619481
bg,1,1,4,4,0.3,0.7,tycoon,A squirrel,I am a slightly curious person,62,Female,17,2,8,2,1,2,0,0,0.3,0.25,1,1,2,46,0,2,0,0.33333,0,2,0.333333333,0.055555556,-3.32E-16,-0.333333333,-0.533333333,0.762140052,-0.690923309,0,0,-0.431945622,-0.193147181,0,0.957617597,0,0,0.0109375,0.128400306,0,0.03036929,0.068531753
bg,1,1,4,4,0.3,0.7,tycoon,A squirrel,I am a slightly curious person,62,Female,17,2,8,3,2,2,0,1,0.7,0.25,1,2,2,46,1,3,0,0.33333,1,0,0.5,0.083333333,NaN,0.5,0.35,0.430782916,-0.647446639,0.461538462,0.690185676,-0.049857149,0,0.054145178,0.889220703,0.011014358,0,0.056089744,0.093483782,0,0.010744811,0.060222917
bg,1,1,4,4,0.3,0.7,tycoon,A squirrel,I am a slightly curious person,62,Female,17,2,8,4,2,2,1,1,0.7,0.25,1,2,2,46,1,4,0,0.33333,2,0,0.58974359,0.075279421,1.51E-08,0.41025641,0.287179487,0.338525625,-0.599606885,0.420863309,0.680569124,-0.169460509,-0.049857149,0.036406267,0.810759079,0.009225153,-1.11E-16,0.034071493,0.066844482,-1.11E-16,0.005618362,0.055092403
bg,1,1,4,4,0.3,0.7,tycoon,A squirrel,I am a slightly curious person,62,Female,17,2,8,5,2,2,0,1,0.7,0.25,1,2,2,46,1,5,0,0.33333,3,0,0.663669065,0.06242107,1.51E-08,0.336330935,0.235431655,0.268443859,-0.54575663,0.392378264,0.669800034,-0.317247853,-0.169460509,0.023643113,0.729281472,0.005413497,0,0.020047195,0.0482173,-1.11E-16,0.00278523,0.052278425
bg,1,1,4,4,0.3,0.7,tycoon,A squirrel,I am a slightly curious person,62,Female,17,2,8,6,2,2,1,1,0.7,0.25,1,2,2,46,1,6,0,0.33333,4,0,0.720818631,0.049557175,1.51E-08,0.279181369,0.195426958,0.217443525,-0.493997111,0.372868571,0.66046475,-0.466927048,-0.317247853,0.015384673,0.656108164,0.00321256,0,0.011626066,0.03552194,1.11E-16,0.001334355,0.050750111
bg,1,1,4,4,0.3,0.7,tycoon,A squirrel,I am a slightly curious person,62,Female,17,2,8,7,2,2,0,1,0.7,0.25,1,2,2,46,1,7,0,0.33333,5,0,0.763934695,0.038886415,1.51E-08,0.236065305,0.165245714,0.180617865,-0.448266988,0.359387193,0.653064793,-0.60687214,-0.466927048,0.010280655,0.592157743,0.002752996,0,0.00672169,0.026879376,-1.11E-16,0.000626477,0.050055786
bg,1,1,4,4,0.3,0.7,tycoon,A squirrel,I am a slightly curious person,62,Female,17,2,8,8,2,2,0,1,0.7,0.25,1,2,2,46,1,8,0,0.33333,6,0,0.79654368,0.030721348,1.51E-08,0.20345632,0.142419424,0.153640138,-0.409331248,0.349821356,0.647335981,-0.733891271,-0.60687214,0.00714069,0.538630318,0.00184262,0,0.003899167,0.020904215,1.11E-16,0.000290958,0.049723978
bg,1,1,4,4,0.3,0.7,tycoon,A squirrel,I am a slightly curious person,62,Female,17,2,8,9,2,2,1,1,0.7,0.25,1,2,2,46,1,9,0,0.33333,7,0,0.821619976,0.024639009,1.51E-08,0.178380024,0.124866017,0.133378281,-0.37650936,0.342804651,0.642878283,-0.848385195,-0.733891271,0.005168064,0.493955878,0.001090458,0,0.002276322,0.016665203,-1.11E-16,0.000134477,0.049605598
bg,1,1,4,4,0.3,0.7,tycoon,A squirrel,I am a slightly curious person,62,Female,17,2,8,10,2,2,1,1,0.7,0.25,1,2,2,46,1,10,0,0.33333,8,0,0.841328165,0.020105567,1.51E-08,0.158671835,0.111070284,0.117737107,-0.348747191,0.337484499,0.639352845,-0.951870014,-0.848385195,0.003885588,0.456727681,0.001012999,-2.22E-16,0.001338821,0.013637461,-2.22E-16,6.21E-05,0.048967652
bg,1,1,4,4,0.3,0.7,tycoon,A squirrel,I am a slightly curious person,62,Female,17,2,8,11,2,2,1,1,0.7,0.25,1,2,2,46,1,11,0,0.33333,9,0,0.857160572,0.016681943,1.51E-08,0.142839428,0.099987599,0.105346737,-0.325055726,0.333328741,0.636510985,-1.045980038,-0.951870014,0.003018837,0.424426796,0.000183753,1.11E-16,0.000793303,0.011321573,-1.11E-16,2.87E-05,0.048782466
bg,1,1,4,4,0.3,0.7,tycoon,A squirrel,I am a slightly curious person,62,Female,17,2,8,12,2,2,0,1,0.7,0.25,1,2,2,46,1,12,0,0.33333,10,0,0.870135238,0.014050404,1.51E-08,0.129864762,0.090905333,0.095306046,-0.304627445,0.329998636,0.63417767,-1.132152519,-1.045980038,0.002410467,0.398432924,0.000784875,0,0.000473337,0.009546377,0,1.33E-05,0.048671941
bg,1,1,4,4,0.3,0.7,tycoon,A squirrel,I am a slightly curious person,62,Female,17,2,8,13,2,2,0,1,0.7,0.25,1,2,2,46,1,13,0,0.33333,11,0,0.880954005,0.011990507,1.51E-08,0.119045995,0.083332197,0.087010137,-0.286833257,0.327272321,0.632230085,-1.211572609,-1.132152519,0.001968611,0.37471267,0.00090509,-1.11E-16,0.000284202,0.006688852,0,6.18E-06,0.048619203
bg,1,1,4,4,0.3,0.7,tycoon,A squirrel,I am a slightly curious person,62,Female,17,2,8,14,2,2,0,1,0.7,0.25,1,2,2,46,1,14,0,0.33333,12,0,0.890110381,0.010350269,1.51E-08,0.109889619,0.076922734,0.080042336,-0.27118852,0.324999879,0.63058094,-1.285199953,-1.211572609,0.001638027,0.353120913,-0.000136476,0,0.000171597,0.005176422,-1.11E-16,2.88E-06,0.048575492
bg,1,1,4,4,0.3,0.7,tycoon,A squirrel,I am a slightly curious person,62,Female,17,2,8,15,2,2,1,1,0.7,0.25,1,2,2,46,1,15,0,0.33333,13,0,0.897959332,0.009023882,1.51E-08,0.102040668,0.071428468,0.074107861,-0.257318375,0.323076887,0.629167011,-1.353811754,-1.285199953,0.001384351,0.334872869,0.000267257,-1.11E-16,0.00010412,0.002852418,0,1.35E-06,0.049487361
bg,1,1,4,4,0.3,0.7,tycoon,A squirrel,I am a slightly curious person,62,Female,17,2,8,16,2,2,0,1,0.7,0.25,1,2,2,46,1,16,0,0.33333,14,0,0.904761949,0.007936467,1.51E-08,0.095238051,0.066666635,0.068992838,-0.244929944,0.321428561,0.627941581,-1.41804218,-1.353811754,0.001185451,0.318624481,1.54E-05,0,6.35E-05,0.002337067,1.11E-16,6.34E-07,0.04943766
bg,1,1,4,4,0.3,0.7,tycoon,A squirrel,I am a slightly curious person,62,Female,17,2,8,17,2,3,0,0,0.7,0.25,1,2,2,46,0,17,0,0.33333,14,1,0.910714299,0.007034051,-0.999999985,-0.910714299,-0.937500009,2.772588873,-0.233791633,0,0,-0.93490412,-1.41804218,0,0.499161896,0,0,0.000432954,0.014551679,0,5.66E-06,0.049374975
bg,1,1,4,4,0.3,0.7,tycoon,A squirrel,I am a slightly curious person,62,Female,17,2,8,18,2,2,1,1,0.7,0.25,1,2,2,46,1,18,0,0.33333,15,1,0.831932915,0.011769294,0.095238096,0.168067085,0.11764696,0.12516303,-0.362210357,0.339999962,0.641035453,-0.989722503,-0.93490412,0.002121843,0.480035823,0.001502498,-2.22E-16,0.000278637,0.013022427,0,2.82E-06,0.049422888
bg,1,1,4,4,0.3,0.7,tycoon,A squirrel,I am a slightly curious person,62,Female,17,2,8,19,2,2,0,1,0.7,0.25,1,2,2,46,1,19,0,0.33333,16,1,0.841269887,0.010608493,0.089285715,0.158730113,0.111111079,0.117783,-0.34883203,0.337499988,0.639363292,-1.041737007,-0.989722503,0.001851014,0.460266711,-0.000184915,0,0.00017949,0.011693869,0,1.40E-06,0.049453398
bg,1,1,4,4,0.3,0.7,tycoon,A squirrel,I am a slightly curious person,62,Female,17,2,8,20,2,2,0,1,0.7,0.25,1,2,2,46,1,20,0,0.33333,17,1,0.849624075,0.00961048,0.084033614,0.150375925,0.105263148,0.111225624,-0.336495736,0.335294114,0.637864636,-1.091214946,-1.041737007,0.001629039,0.443148789,5.23E-05,0,0.000115716,0.010557658,1.11E-16,6.99E-07,0.049469607
gb,0,0,3,4,0.3,0.7,bandit,A squirrel,I am not a very curious person,35,Male,8,0,7,1,1,3,1,0,0.3,0,0.875,1,1,47,0,1,0,0.33333,0,1,0.5,0.083333333,NaN,-0.5,-0.35,0.430782916,-0.647446639,0.461538462,0.690185676,-0.049857149,0,0.054145178,1.080623402,0.019776798,0,0.056089744,0.156287138,1.11E-16,0.010744811,0.048912754
gb,0,0,3,4,0.3,0.7,bandit,A squirrel,I am not a very curious person,35,Male,8,0,7,2,1,1,0,1,0.3,0,0.875,1,1,47,1,2,0,0.33333,1,1,0.41025641,0.075279421,1,0.58974359,0.712820513,1.247647868,-0.599606885,0,0,-0.093938823,-0.049857149,0,1.084870521,0,0,0.045117187,0.124338611,0,0.023469388,0.061623317
gb,0,0,3,4,0.3,0.7,bandit,A squirrel,I am not a very curious person,35,Male,8,0,7,3,2,3,0,1,0.7,0,0.875,2,1,47,1,3,0,0.33333,1,0,0.5,0.083333333,NaN,0.5,0.65,1.049822124,-0.647446639,0,0,-0.193147181,0,0,1.057733953,0,0,0.048841349,0.10256639,0,0.03446712,0.077039922
gb,0,0,3,4,0.3,0.7,bandit,A squirrel,I am not a very curious person,35,Male,8,0,7,4,1,3,1,0,0.3,0,0.875,1,1,47,0,4,0,0.33333,1,2,0.59375,0.059960937,-0.714285714,-0.59375,-0.415625,0.537212379,-0.678840541,0.513368984,0.692789678,-0.068419324,-0.093938823,0.05510258,1.031909327,0.016661853,0,0.031480826,0.089575239,1.11E-16,0.014819018,0.068392048
gb,0,0,3,4,0.3,0.7,bandit,A squirrel,I am not a very curious person,35,Male,8,0,7,5,2,2,0,1,0.7,0,0.875,2,1,47,1,5,0,0.33333,2,0,0.666666667,0.055555556,1.51E-08,0.333333333,0.533333333,0.762140052,-0.690923309,0,0,-0.431945622,-0.193147181,0,0.931888472,0,0,0.012985865,0.054898401,0,0.03036929,0.064300538
gb,0,0,3,4,0.3,0.7,bandit,A squirrel,I am not a very curious person,35,Male,8,0,7,6,1,3,0,0,0.3,0,0.875,1,1,47,0,6,0,0.33333,1,3,0.521925134,0.059144957,-0.476190471,-0.521925134,-0.365347594,0.454677821,-0.656433082,0.472699697,0.691655826,-0.102038269,-0.068419324,0.041065537,0.86639251,0.011153842,0,0.009484892,0.048642631,-1.11E-16,0.008758475,0.058219618
gb,0,0,3,4,0.3,0.7,bandit,A squirrel,I am not a very curious person,35,Male,8,0,7,7,2,1,0,1,0.7,0,0.875,2,1,47,1,7,0,0.33333,3,0,0.75,0.0375,1.51E-08,0.25,0.475,0.644357016,-0.691896659,0,0,-0.636294361,-0.431945622,0,0.764213542,0,0,0.004375,0.032417156,0,0.01735388,0.045192479
gb,0,0,3,4,0.3,0.7,bandit,A squirrel,I am not a very curious person,35,Male,8,0,7,8,1,3,0,0,0.3,0,0.875,1,1,47,0,8,0,0.33333,1,4,0.45669026,0.054325817,-0.357142857,-0.45669026,-0.319683182,0.38519668,-0.626630418,0.440971018,0.68616206,-0.172348106,-0.102038269,0.029483823,0.694305734,0.006540125,0,0.002903824,0.029214572,-1.11E-16,0.004910265,0.041360471
gb,0,0,3,4,0.3,0.7,bandit,A squirrel,I am not a very curious person,35,Male,8,0,7,9,2,3,0,1,0.7,0,0.875,2,1,47,1,9,0,0.33333,4,0,0.8,0.026666667,1.51E-08,0.2,0.44,0.579818495,-0.6859298,0,0,-0.809437912,-0.636294361,0,0.619730291,0,0,0.001822917,0.02043003,0,0.010329691,0.034312508
gb,0,0,3,4,0.3,0.7,bandit,A squirrel,I am not a very curious person,35,Male,8,0,7,10,1,3,1,0,0.3,0,0.875,1,1,47,0,10,0,0.33333,1,5,0.400792668,0.047626322,-0.285714286,-0.400792668,-0.280554867,0.329275013,-0.593476605,0.416988018,0.679301179,-0.259727487,-0.172348106,0.020928267,0.568979884,0.003983165,0,0.0008906,0.018896557,0,0.002646807,0.032042794
gb,0,0,3,4,0.3,0.7,bandit,A squirrel,I am not a very curious person,35,Male,8,0,7,11,2,3,0,1,0.7,0,0.875,2,1,47,1,11,0,0.33333,5,0,0.833333333,0.01984127,1.51E-08,0.166666667,0.416666667,0.538996501,-0.679193266,0,0,-0.958426136,-0.809437912,0,0.507085879,0,0,0.00078125,0.014088372,0,0.0063243,0.02801578
gb,0,0,3,4,0.3,0.7,bandit,A squirrel,I am not a very curious person,35,Male,8,0,7,12,1,3,1,0,0.3,0,0.875,1,1,47,0,12,0,0.33333,1,6,0.354453588,0.040759615,-0.238095236,-0.354453588,-0.248117511,0.285175232,-0.560257554,0.39899852,0.672603512,-0.351554018,-0.259727487,0.014991389,0.474040945,0.002149605,0,0.000272487,0.013426455,0,0.00138765,0.026749218
gb,0,0,3,4,0.3,0.7,bandit,A squirrel,I am not a very curious person,35,Male,8,0,7,13,2,1,0,1,0.7,0,0.875,2,1,47,1,13,0,0.33333,6,0,0.857142857,0.015306122,1.51E-08,0.142857143,0.4,0.510825624,-0.673011667,0,0,-1.088767292,-0.958426136,0,0.428020665,0,0,0.000341797,0.010384992,0,0.003952688,0.024353375
gb,0,0,3,4,0.3,0.7,bandit,A squirrel,I am not a very curious person,35,Male,8,0,7,14,1,1,0,0,0.3,0,0.875,1,1,47,0,14,0,0.33333,1,7,0.316506527,0.034610861,-0.204081636,-0.316506527,-0.221554569,0.250456385,-0.528868497,0.385383468,0.666638198,-0.441349354,-0.351554018,0.010976855,0.410288495,0.001579451,0,8.31E-05,0.010113111,1.11E-16,0.000713851,0.023672663
gb,0,0,3,4,0.3,0.7,bandit,A squirrel,I am not a very curious person,35,Male,8,0,7,15,2,3,1,0,0.7,0,0.875,2,1,47,0,15,0,0.33333,6,1,0.875,0.012152778,-0.999999985,-0.875,-0.6125,0.94803943,-0.66761666,0.774193548,0.534159367,-0.937939993,-1.088767292,0.06312055,0.459281857,0.005755236,0,0.000641941,0.01334855,0,0.006233629,0.025276232
gb,0,0,3,4,0.3,0.7,bandit,A squirrel,I am not a very curious person,35,Male,8,0,7,16,1,3,1,0,0.3,0,0.875,1,1,47,0,16,0,0.33333,1,8,0.285383468,0.029443897,-0.178571429,-0.285383468,-0.199768428,0.222854128,-0.500081228,0.374891482,0.661507779,-0.526463112,-0.441349354,0.008262094,0.444437645,0.000621157,0,5.63E-05,0.013139379,0,0.000362631,0.025204282
gb,0,0,3,4,0.3,0.7,bandit,A squirrel,I am not a very curious person,35,Male,8,0,7,17,2,1,0,0,0.7,0,0.875,2,1,47,0,17,0,0.33333,6,2,0.853046595,0.014963837,-0.999999985,-0.853046595,-0.597132616,0.909147844,-0.674157176,0.744661922,0.568123992,-0.794432821,-0.937939993,0.063661109,0.496210379,0.006406478,-1.11E-16,0.001164299,0.017213376,-1.11E-16,0.009565223,0.028962675
gb,0,0,3,4,0.3,0.7,bandit,A squirrel,I am not a very curious person,35,Male,8,0,7,18,1,3,0,0,0.3,0,0.875,1,1,47,0,18,0,0.33333,1,9,0.259627514,0.025214316,-0.158730161,-0.259627514,-0.18173926,0.20057424,-0.474020587,0.366631301,0.65713843,-0.606187788,-0.526463112,0.006396043,0.483959082,0.000352852,0,4.08E-05,0.017038208,-1.11E-16,0.000182712,0.028772251
gb,0,0,3,4,0.3,0.7,bandit,A squirrel,I am not a very curious person,35,Male,8,0,7,19,2,3,0,1,0.7,0,0.875,2,1,47,1,19,0,0.33333,7,2,0.827046263,0.018032654,1.51E-08,0.172953737,0.421067616,0.546569588,-0.680634259,0,0,-0.919374701,-0.794432821,0,0.44182227,0,0,0.000535532,0.013319447,0,0.006184772,0.025375321
gb,0,0,3,4,0.3,0.7,bandit,A squirrel,I am not a very curious person,35,Male,8,0,7,20,1,3,1,0,0.3,0,0.875,1,1,47,0,20,0,0.33333,1,10,0.238057347,0.021774167,-0.142857141,-0.238057347,-0.166640143,0.182289728,-0.450518517,0.359988542,0.653411602,-0.68065316,-0.606187788,0.005081149,0.435430329,0.000202887,0,1.11E-05,0.013224001,-1.11E-16,9.16E-05,0.025299442
gb,1,1,2,2,0.3,0.7,tycoon,A squirrel,I am a slightly curious person,37,Male,11,2,4,1,2,2,1,1,0.7,0.25,0.5,2,2,48,1,1,0,0.33333,1,0,0.5,0.083333333,NaN,0.5,0.35,0.430782916,-0.647446639,0.461538462,0.690185676,-0.049857149,0,0.054145178,1.080726614,0.013916602,0,0.056089744,0.131091774,-1.11E-16,0.010744811,0.048912754
gb,1,1,2,2,0.3,0.7,tycoon,A squirrel,I am a slightly curious person,37,Male,11,2,4,2,2,1,0,0,0.7,0.25,0.5,2,2,48,0,2,0,0.33333,1,1,0.58974359,0.075279421,-0.999999985,-0.58974359,-0.712820513,1.247647868,-0.599606885,0,0,-0.093938823,-0.049857149,0,1.07105157,0,0,0.045117187,0.150206225,0,0.023469388,0.061623307
gb,1,1,2,2,0.3,0.7,tycoon,A squirrel,I am a slightly curious person,37,Male,11,2,4,3,2,1,0,0,0.7,0.25,0.5,2,2,48,0,3,0,0.33333,1,2,0.40625,0.059960938,-0.285714286,-0.40625,-0.584375,0.877971868,-0.678840541,0,0,-0.286460356,-0.093938823,0,0.998563141,0,0,0.018190789,0.133923575,0,0.035631937,0.073782589
gb,1,1,2,2,0.3,0.7,tycoon,A squirrel,I am a slightly curious person,37,Male,11,2,4,4,2,2,1,1,0.7,0.25,0.5,2,2,48,1,4,0,0.33333,2,2,0.305263158,0.04365651,0.952380952,0.694736842,0.486315789,0.666146579,-0.692772619,0.584016393,0.678962475,-0.193348887,-0.286460356,0.06368976,1.045399538,0.012180383,0,0.028195441,0.141130017,0,0.025346907,0.063526039
gb,1,1,2,2,0.3,0.7,tycoon,A squirrel,I am a slightly curious person,37,Male,11,2,4,5,2,1,1,1,0.7,0.25,0.5,2,2,48,1,5,0,0.33333,3,2,0.364754098,0.047282317,0.714285715,0.635245902,0.444672131,0.588196585,-0.687012278,0.540221402,0.68990816,-0.1552444,-0.193348887,0.052273614,1.07551176,0.007539556,0,0.040743196,0.1491573,1.11E-16,0.016947838,0.055123452
gb,1,1,2,2,0.3,0.7,tycoon,A squirrel,I am a slightly curious person,37,Male,11,2,4,6,2,2,0,1,0.7,0.25,0.5,2,2,48,1,6,0,0.33333,4,2,0.424354244,0.047783255,0.571428571,0.575645756,0.40295203,0.515757816,-0.674190472,0.502472188,0.693134957,-0.163472784,-0.1552444,0.040802486,1.092824239,0.005862229,0.012870828,0.055189844,0.157936682,0,0.010714599,0.04886071
gb,1,1,2,2,0.3,0.7,tycoon,A squirrel,I am a slightly curious person,37,Male,11,2,4,7,2,1,0,0,0.7,0.25,0.5,2,2,48,0,7,0,0.33333,4,3,0.480377009,0.045607934,-0.523809525,-0.480377009,-0.636263906,1.011326691,-0.655537563,0,0,-0.232660544,-0.163472784,0,1.056415825,0,0,0.028067523,0.142360589,0,0.01815257,0.056322784
gb,1,1,2,2,0.3,0.7,tycoon,A squirrel,I am a slightly curious person,37,Male,11,2,4,8,2,1,0,0,0.7,0.25,0.5,2,2,48,0,8,0,0.33333,4,4,0.392605808,0.040151491,-0.387755102,-0.392605808,-0.574824066,0.855252233,-0.681907727,0,0,-0.332358209,-0.232660544,0,1.014706829,0,0,0.014020008,0.133477677,0,0.026478728,0.064603118
gb,1,1,2,2,0.3,0.7,tycoon,A squirrel,I am a slightly curious person,37,Male,11,2,4,9,2,2,1,1,0.7,0.25,0.5,2,2,48,1,9,0,0.33333,5,4,0.326501305,0.034124577,0.714285719,0.673498695,0.471449086,0.637616142,-0.691515984,0.567589597,0.683982442,-0.298346983,-0.332358209,0.045803546,1.040710301,0.002064185,0,0.020356942,0.138310364,0,0.018834414,0.056962961
gb,1,1,2,2,0.3,0.7,tycoon,A squirrel,I am a slightly curious person,37,Male,11,2,4,10,2,2,0,1,0.7,0.25,0.5,2,2,48,1,10,0,0.33333,6,4,0.371695067,0.034730242,0.634920635,0.628304933,0.439813453,0.579485431,-0.685884742,0.535535888,0.690619451,-0.294935993,-0.298346983,0.037329237,1.064704334,0.003971428,0,0.028057805,0.143619796,0,0.012847841,0.050983065
gb,1,1,2,2,0.3,0.7,tycoon,A squirrel,I am a slightly curious person,37,Male,11,2,4,11,2,1,0,0,0.7,0.25,0.5,2,2,48,0,11,0,0.33333,6,5,0.415093413,0.034000202,-0.428571435,-0.415093413,-0.590565389,0.892978069,-0.676652104,0,0,-0.354860789,-0.294935993,0,1.028152772,0,0,0.015293146,0.135549793,0,0.019192567,0.057320042
gb,1,1,2,2,0.3,0.7,tycoon,A squirrel,I am a slightly curious person,37,Male,11,2,4,12,2,1,0,0,0.7,0.25,0.5,2,2,48,0,12,0,0.33333,6,6,0.356964127,0.030676045,-0.350649351,-0.356964127,-0.549874889,0.79822971,-0.688163888,0,0,-0.428970104,-0.354860789,0,0.993112937,0,0,0.008149947,0.130285116,0,0.026247047,0.064385975
gb,1,1,2,2,0.3,0.7,tycoon,A squirrel,I am a slightly curious person,37,Male,11,2,4,13,2,1,0,0,0.7,0.25,0.5,2,2,48,0,13,0,0.33333,6,7,0.309259098,0.027180631,-0.285714286,-0.309259098,-0.516481369,0.72666543,-0.692603811,0,0,-0.511717082,-0.428970104,0,0.955624074,0,0,0.004265075,0.12668362,0,0.026249611,0.064392683
gb,1,1,2,2,0.3,0.7,tycoon,A squirrel,I am a slightly curious person,37,Male,11,2,4,14,2,1,0,0,0.7,0.25,0.5,2,2,48,0,14,0,0.33333,6,8,0.269909132,0.023821961,-0.230769234,-0.269909132,-0.488936393,0.67126122,-0.692902354,0,0,-0.5993126,-0.511717082,0,0.921882932,0,0,0.002199895,0.124205865,0,0.018401214,0.056541809
gb,1,1,2,2,0.3,0.7,tycoon,A squirrel,I am a slightly curious person,37,Male,11,2,4,15,2,2,0,1,0.7,0.25,0.5,2,2,48,1,15,0,0.33333,7,8,0.237280371,0.02075088,0.816326531,0.762719629,0.53390374,0.7633631,-0.690846488,0.643643869,0.651292786,-0.54098114,-0.5993126,0.04704607,0.951459558,0.003349111,0,0.003434936,0.126188331,0.006488855,0.024767696,0.062892237
gb,1,1,2,2,0.3,0.7,tycoon,A squirrel,I am a slightly curious person,37,Male,11,2,4,16,2,2,0,1,0.7,0.25,0.5,2,2,48,1,16,0,0.33333,8,8,0.268444783,0.022053889,0.761904761,0.731555217,0.512088652,0.717621553,-0.692854881,0.614865797,0.66652172,-0.50522077,-0.54098114,0.04128508,0.979452113,0.002996611,0,0.005142388,0.12848906,0.004955266,0.025502615,0.063635316
gb,1,1,2,2,0.3,0.7,tycoon,A squirrel,I am a slightly curious person,37,Male,11,2,4,17,2,2,1,1,0.7,0.25,0.5,2,2,48,1,17,0,0.33333,9,8,0.300085208,0.022756449,0.714285719,0.699914792,0.489940354,0.673227608,-0.692944774,0.588166507,0.677518929,-0.489226195,-0.50522077,0.035419308,1.005018823,0.003750337,0,0.007392205,0.131075205,0,0.019252849,0.057387316
gb,1,1,2,2,0.3,0.7,tycoon,A squirrel,I am a slightly curious person,37,Male,11,2,4,18,2,2,1,1,0.7,0.25,0.5,2,2,48,1,18,0,0.33333,10,8,0.331315898,0.022885827,0.672268908,0.668684102,0.468078872,0.631260056,-0.691107877,0.563993389,0.684934365,-0.4889227,-0.489226195,0.029899009,1.024775898,0.000891538,0,0.010229311,0.133838107,1.11E-16,0.014155615,0.052320112
gb,1,1,2,2,0.3,0.7,tycoon,A squirrel,I am a slightly curious person,37,Male,11,2,4,19,2,2,1,1,0.7,0.25,0.5,2,2,48,1,19,0,0.33333,11,8,0.361433293,0.022545552,0.634920635,0.638566707,0.446996695,0.5923913,-0.687517909,0.542492237,0.689531641,-0.500000361,-0.4889227,0.025006591,1.043484924,0.001870175,0,0.013670119,0.136862152,0,0.01016371,0.048340375
gb,1,1,2,2,0.3,0.7,tycoon,A squirrel,I am a slightly curious person,37,Male,11,2,4,20,2,1,0,0,0.7,0.25,0.5,2,2,48,0,20,0,0.33333,11,9,0.389971796,0.021871866,-0.398496242,-0.389971796,-0.572980257,0.85092503,-0.682456795,0,0,-0.527358583,-0.500000361,0,1.020218546,0,0,0.008257907,0.132637036,0,0.014212687,0.052380537
gb,1,1,0,1,0.3,0.7,bandit,A squirrel,I am a slightly curious person,19,Male,6,2,1,1,2,3,0,0,0.7,0.25,0.125,2,1,49,0,1,0,0.33333,0,1,0.5,0.083333333,NaN,-0.5,-0.35,0.430782916,-0.647446639,0.461538462,0.690185676,-0.049857149,0,0.054145178,1.079620079,0.018796586,0,0.056089744,0.156338291,1.11E-16,0.010744811,0.048912754
gb,1,1,0,1,0.3,0.7,bandit,A squirrel,I am a slightly curious person,19,Male,6,2,1,2,2,1,1,0,0.7,0.25,0.125,2,1,49,0,2,0,0.33333,0,2,0.41025641,0.075279421,-3.32E-16,-0.41025641,-0.287179487,0.338525625,-0.599606885,0.420863309,0.680569124,-0.169460509,-0.049857149,0.036406267,1.038120545,0.0113693,0,0.034071493,0.142734117,-1.11E-16,0.005618362,0.043786869
gb,1,1,0,1,0.3,0.7,bandit,A squirrel,I am a slightly curious person,19,Male,6,2,1,3,1,3,0,0,0.3,0.25,0.125,1,1,49,0,3,0,0.33333,0,1,0.5,0.083333333,NaN,-0.5,-0.35,0.430782916,-0.647446639,0.461538462,0.690185676,-0.049857149,0,0.054145178,1.045520104,0.017480581,0,0.056089744,0.117871994,1.11E-16,0.010744811,0.035483488
gb,1,1,0,1,0.3,0.7,bandit,A squirrel,I am a slightly curious person,19,Male,6,2,1,4,1,4,0,0,0.3,0.25,0.125,1,1,49,0,4,0,0.33333,0,2,0.41025641,0.075279421,-3.32E-16,-0.41025641,-0.287179487,0.338525625,-0.599606885,0.420863309,0.680569124,-0.169460509,-0.049857149,0.036406267,1.022704662,0.011579223,0,0.034071493,0.09970909,0,0.005618362,0.030273434
gb,1,1,0,1,0.3,0.7,bandit,A squirrel,I am a slightly curious person,19,Male,6,2,1,5,2,1,1,0,0.7,0.25,0.125,2,1,49,0,5,0,0.33333,0,3,0.336330935,0.06242107,-3.32E-16,-0.336330935,-0.235431655,0.268443859,-0.54575663,0.392378264,0.669800034,-0.317247853,-0.169460509,0.023643113,0.985255846,0.006538831,0,0.020047195,0.087326093,0,0.00278523,0.027458667
gb,1,1,0,1,0.3,0.7,bandit,A squirrel,I am a slightly curious person,19,Male,6,2,1,6,1,4,0,1,0.3,0.25,0.125,1,1,49,1,6,0,0.33333,1,2,0.336330935,0.06242107,1,0.663669065,0.764568345,1.446334621,-0.54575663,0,0,-0.068419324,-0.169460509,0,0.974790979,0,0,0.064268048,0.115717586,0,0.014819018,0.036723961
gb,1,1,0,1,0.3,0.7,bandit,A squirrel,I am a slightly curious person,19,Male,6,2,1,7,1,1,0,0,0.3,0.25,0.125,1,1,49,0,7,0,0.33333,1,3,0.521925134,0.059144957,-0.476190471,-0.521925134,-0.365347594,0.454677821,-0.656433082,0.472699697,0.691655826,-0.102038269,-0.068419324,0.041065537,0.996034745,0.010257811,0.007254803,0.054716991,0.110498143,0,0.008758475,0.030594989
gb,1,1,0,1,0.3,0.7,bandit,A squirrel,I am a slightly curious person,19,Male,6,2,1,8,2,1,0,1,0.7,0.25,0.125,2,1,49,1,8,0,0.33333,1,3,0.279181369,0.049557175,1,0.720818631,0.804573042,1.632568584,-0.493997111,0,0,-0.102038269,-0.317247853,0,1.086390538,0,0,0.054716991,0.136540081,0,0.008758475,0.036598006
gb,1,1,0,1,0.3,0.7,bandit,A squirrel,I am a slightly curious person,19,Male,6,2,1,9,2,1,0,1,0.7,0.25,0.125,2,1,49,1,9,0,0.33333,2,3,0.45669026,0.054325817,0.642857143,0.54330974,0.680316818,1.140424831,-0.626630418,0,0,-0.1552444,-0.102038269,0,1.068017348,0,0,0.040743196,0.110008275,0,0.016947838,0.044823376
gb,1,1,0,1,0.3,0.7,bandit,A squirrel,I am a slightly curious person,19,Male,6,2,1,10,2,2,1,0,0.7,0.25,0.125,2,1,49,0,10,0,0.33333,2,4,0.575645756,0.047783255,-0.571428571,-0.575645756,-0.40295203,0.515757816,-0.674190472,0.502472188,0.693134957,-0.163472784,-0.1552444,0.040802486,1.086565646,0.010734261,0.012870828,0.055189844,0.133216631,0,0.010714599,0.03854739
gb,1,1,0,1,0.3,0.7,bandit,A squirrel,I am a slightly curious person,19,Male,6,2,1,11,1,1,1,0,0.3,0.25,0.125,1,1,49,0,11,0,0.33333,1,4,0.45669026,0.054325817,-0.357142857,-0.45669026,-0.319683182,0.38519668,-0.626630418,0.440971018,0.68616206,-0.172348106,-0.102038269,0.029483823,1.056207106,0.009211183,0,0.032297543,0.122274738,1.11E-16,0.004910265,0.034716447
gb,1,1,0,1,0.3,0.7,bandit,A squirrel,I am a slightly curious person,19,Male,6,2,1,12,2,1,0,1,0.7,0.25,0.125,2,1,49,1,12,0,0.33333,3,4,0.519622991,0.045607934,0.523809523,0.480377009,0.636263906,1.011326691,-0.655537563,0,0,-0.232660544,-0.163472784,0,1.002519121,0,0,0.028067523,0.085650936,0,0.01815257,0.042172302
gb,1,1,0,1,0.3,0.7,bandit,A squirrel,I am a slightly curious person,19,Male,6,2,1,13,1,2,1,0,0.3,0.25,0.125,1,1,49,0,13,0,0.33333,1,5,0.400792668,0.047626322,-0.285714286,-0.400792668,-0.280554867,0.329275013,-0.593476605,0.416988018,0.679301179,-0.259727487,-0.172348106,0.020928267,0.952376015,0.004556375,-5.55E-17,0.010625854,0.079847003,-1.11E-16,0.002646807,0.039900533
gb,1,1,0,1,0.3,0.7,bandit,A squirrel,I am a slightly curious person,19,Male,6,2,1,14,2,2,0,0,0.7,0.25,0.125,2,1,49,0,14,0,0.33333,3,5,0.607394192,0.040151491,-0.612244898,-0.607394192,-0.425175934,0.553691258,-0.681907727,0.521898817,0.692187757,-0.232047957,-0.232660544,0.039248513,0.992055923,0.007370543,5.55E-17,0.038457947,0.096500249,1.11E-16,0.011994021,0.033758998
gb,1,1,0,1,0.3,0.7,bandit,A squirrel,I am a slightly curious person,19,Male,6,2,1,15,1,2,0,0,0.3,0.25,0.125,1,1,49,0,15,0,0.33333,1,6,0.354453588,0.040759615,-0.238095236,-0.354453588,-0.248117511,0.285175232,-0.560257554,0.39899852,0.672603512,-0.351554018,-0.259727487,0.014991389,0.948732548,0.003457182,0,0.009527712,0.091897456,0,0.00138765,0.032268784
gb,1,1,0,1,0.3,0.7,bandit,A squirrel,I am a slightly curious person,19,Male,6,2,1,16,2,1,1,0,0.7,0.25,0.125,2,1,49,0,16,0,0.33333,3,6,0.558499155,0.038986468,-0.535714285,-0.558499155,-0.390949409,0.495853942,-0.669170875,0.492569918,0.693036764,-0.258135832,-0.232047957,0.030622857,0.977483093,0.007381202,0.010586855,0.050076977,0.107742984,0,0.007603174,0.027942464
gb,1,1,0,1,0.3,0.7,bandit,A squirrel,I am a slightly curious person,19,Male,6,2,1,17,1,1,1,0,0.3,0.25,0.125,1,1,49,0,17,0,0.33333,1,7,0.316506527,0.034610861,-0.204081636,-0.316506527,-0.221554569,0.250456385,-0.528868497,0.385383468,0.666638198,-0.441349354,-0.351554018,0.010976855,0.945101317,0.006195856,0,0.008678003,0.104149575,1.11E-16,0.000713851,0.027320108
gb,1,1,0,1,0.3,0.7,bandit,A squirrel,I am a slightly curious person,19,Male,6,2,1,18,1,1,0,1,0.3,0.25,0.125,1,1,49,1,18,0,0.33333,2,7,0.285383468,0.029443897,0.821428571,0.714616532,0.800231572,1.610596445,-0.500081228,0,0,-0.327921028,-0.441349354,0,1.033033492,0,0,0.02152296,0.113930269,0,0.002120763,0.028726263
gb,1,1,0,1,0.3,0.7,bandit,A squirrel,I am a slightly curious person,19,Male,6,2,1,19,1,3,0,0,0.3,0.25,0.125,1,1,49,0,19,0,0.33333,2,8,0.388556568,0.033084727,-0.317460318,-0.388556568,-0.271989597,0.317439942,-0.585227712,0.412082024,0.677607376,-0.395872462,-0.327921028,0.013090866,1.00100166,0.003494208,0,0.014580246,0.109246572,0,0.001172696,0.027790742
gb,1,1,0,1,0.3,0.7,bandit,A squirrel,I am a slightly curious person,19,Male,6,2,1,20,1,1,0,1,0.3,0.25,0.125,1,1,49,1,20,0,0.33333,3,8,0.356744785,0.029176601,0.714285712,0.643255215,0.750278651,1.387409586,-0.562028808,0,0,-0.351316646,-0.395872462,0,1.065414199,0,0,0.028889822,0.119399049,0,0.002777826,0.029472926
gb,2,2,1,1,0.7,0.3,bandit,A squirrel,I am a slightly curious person,18,Female,9,4,2,1,1,4,1,0,0.7,0.25,0.5,1,1,50,0,1,0,0.33333,0,1,0.5,0.083333333,NaN,-0.5,-0.35,0.430782916,-0.647446639,0.461538462,0.690185676,-0.049857149,0,0.054145178,1.080623402,0.019776798,0,0.056089744,0.156287138,1.11E-16,0.010744811,0.048912754
gb,2,2,1,1,0.7,0.3,bandit,A squirrel,I am a slightly curious person,18,Female,9,4,2,2,2,1,0,1,0.3,0.25,0.5,2,1,50,1,2,0,0.33333,1,0,0.5,0.083333333,NaN,0.5,0.65,1.049822124,-0.647446639,0,0,-0.193147181,0,0,0.984972769,0,0,0.029166667,0.081023074,0,0.03446712,0.064322906
gb,2,2,1,1,0.7,0.3,bandit,A squirrel,I am a slightly curious person,18,Female,9,4,2,3,1,4,1,0,0.7,0.25,0.5,1,1,50,0,3,0,0.33333,0,2,0.41025641,0.075279421,-3.32E-16,-0.41025641,-0.287179487,0.338525625,-0.599606885,0.420863309,0.680569124,-0.169460509,-0.049857149,0.036406267,0.917274304,0.010701112,0,0.012232438,0.072225933,-1.11E-16,0.005618362,0.059183989
gb,2,2,1,1,0.7,0.3,bandit,A squirrel,I am a slightly curious person,18,Female,9,4,2,4,2,4,0,0,0.3,0.25,0.5,2,1,50,0,4,0,0.33333,1,1,0.666666667,0.055555556,-0.999999985,-0.666666667,-0.466666667,0.628608659,-0.690923309,0.5625,0.685314207,-0.093938823,-0.193147181,0.069434567,0.988166946,0.018865011,5.55E-17,0.045117187,0.097380255,0,0.023469388,0.048209635
gb,2,2,1,1,0.7,0.3,bandit,A squirrel,I am a slightly curious person,18,Female,9,4,2,5,2,4,1,0,0.3,0.25,0.5,2,1,50,0,5,0,0.33333,1,2,0.59375,0.059960937,-0.714285714,-0.59375,-0.415625,0.537212379,-0.678840541,0.513368984,0.692789678,-0.068419324,-0.093938823,0.05510258,1.030921676,0.016006666,0.018342246,0.064268048,0.124325821,1.11E-16,0.014819018,0.039540933
gb,2,2,1,1,0.7,0.3,bandit,A squirrel,I am a slightly curious person,18,Female,9,4,2,6,1,1,0,1,0.7,0.25,0.5,1,1,50,1,6,0,0.33333,1,2,0.336330935,0.06242107,1,0.663669065,0.764568345,1.446334621,-0.54575663,0,0,-0.068419324,-0.169460509,0,1.098578546,0,0,0.071815674,0.152131881,0,0.014819018,0.048745152
gb,2,2,1,1,0.7,0.3,bandit,A squirrel,I am a slightly curious person,18,Female,9,4,2,7,1,1,0,1,0.7,0.25,0.5,1,1,50,1,7,0,0.33333,2,2,0.521925134,0.059144957,0.523809529,0.478074866,0.634652406,1.006906067,-0.656433082,0,0,-0.193348887,-0.068419324,0,1.064375377,0,0,0.032729406,0.098003628,0,0.025346907,0.059289222
gb,2,2,1,1,0.7,0.3,bandit,A squirrel,I am a slightly curious person,18,Female,9,4,2,8,1,4,0,0,0.7,0.25,0.5,1,1,50,0,8,0,0.33333,2,3,0.635245902,0.047282317,-0.714285715,-0.635245902,-0.444672131,0.588196585,-0.687012278,0.540221402,0.68990816,-0.1552444,-0.193348887,0.052273614,1.093136095,0.014422575,0.005248377,0.046827296,0.122977454,-1.11E-16,0.016947838,0.050867035
gb,2,2,1,1,0.7,0.3,bandit,A squirrel,I am a slightly curious person,18,Female,9,4,2,9,1,4,0,1,0.7,0.25,0.5,1,1,50,1,9,0,0.33333,3,3,0.575645756,0.047783255,0.428571429,0.424354244,0.59704797,0.908937758,-0.674190472,0,0,-0.270498672,-0.1552444,0,1.049774904,0,0,0.023073851,0.085683316,0,0.026183535,0.060086543
gb,2,2,1,1,0.7,0.3,bandit,A squirrel,I am a slightly curious person,18,Female,9,4,2,10,1,4,1,0,0.7,0.25,0.5,1,1,50,0,10,0,0.33333,3,4,0.658653846,0.039465709,-0.714285714,-0.658653846,-0.461057692,0.61814675,-0.6901111,0.556645852,0.686715876,-0.232660544,-0.270498672,0.048982434,1.083651429,0.012288432,-5.55E-17,0.033121946,0.106116864,1.11E-16,0.01815257,0.052071247
gb,2,2,1,1,0.7,0.3,bandit,A squirrel,I am a slightly curious person,18,Female,9,4,2,11,1,1,0,1,0.7,0.25,0.5,1,1,50,1,11,0,0.33333,4,4,0.607394192,0.040151491,0.387755102,0.392605808,0.574824066,0.855252233,-0.681907727,0,0,-0.332358209,-0.232660544,0,1.038861356,0,0,0.017170877,0.077842904,0,0.026478728,0.060365182
gb,2,2,1,1,0.7,0.3,bandit,A squirrel,I am a slightly curious person,18,Female,9,4,2,12,1,1,0,1,0.7,0.25,0.5,1,1,50,1,12,0,0.33333,5,4,0.673498695,0.034124577,0.285714286,0.326501305,0.528550914,0.751944165,-0.691515984,0,0,-0.444164508,-0.332358209,0,0.981044063,0,0,0.008800806,0.058374993,0,0.030437972,0.06434709
gb,2,2,1,1,0.7,0.3,bandit,A squirrel,I am a slightly curious person,18,Female,9,4,2,13,1,1,0,1,0.7,0.25,0.5,1,1,50,1,13,0,0.33333,6,4,0.724166316,0.028588486,0.206349206,0.275833684,0.493083579,0.679409138,-0.693051504,0,0,-0.559285326,-0.444164508,0,0.91889818,0,0,0.004475863,0.044686807,0,0.020370074,0.054271602
gb,2,2,1,1,0.7,0.3,bandit,A squirrel,I am a slightly curious person,18,Female,9,4,2,14,1,4,1,0,0.7,0.25,0.5,1,1,50,0,14,0,0.33333,6,5,0.763644106,0.02385464,-0.857142859,-0.763644106,-0.534550874,0.764752478,-0.690757751,0.644538755,0.650761969,-0.479838749,-0.559285326,0.053610145,0.977532233,0.010465198,0,0.007015458,0.055965351,0.008554263,0.028087181,0.061988966
gb,2,2,1,1,0.7,0.3,bandit,A squirrel,I am a slightly curious person,18,Female,9,4,2,15,1,2,0,0,0.7,0.25,0.5,1,1,50,0,15,0,0.33333,6,6,0.727768547,0.02594908,-0.779220779,-0.727768547,-0.509437983,0.712203571,-0.692969019,0.611543473,0.668052663,-0.428970104,-0.479838749,0.047117202,1.025139196,0.009266383,-1.11E-16,0.010486796,0.068514166,0.003847824,0.026247047,0.060129472
gb,2,2,1,1,0.7,0.3,bandit,A squirrel,I am a slightly curious person,18,Female,9,4,2,16,1,1,0,1,0.7,0.25,0.5,1,1,50,1,16,0,0.33333,7,6,0.690740902,0.027180631,0.285714286,0.309259098,0.516481369,0.72666543,-0.692603811,0,0,-0.511717082,-0.428970104,0,0.975522175,0,0,0.005700284,0.054193195,0,0.026249611,0.060117391
gb,2,2,1,1,0.7,0.3,bandit,A squirrel,I am a slightly curious person,18,Female,9,4,2,17,1,2,1,0,0.7,0.25,0.5,1,1,50,0,17,0,0.33333,7,7,0.730090868,0.023821961,-0.769230769,-0.730090868,-0.511063607,0.715522874,-0.692902354,0.613576744,0.667121248,-0.468909818,-0.511717082,0.044057199,1.019813546,0.007284275,0,0.008463869,0.065547799,0.004525581,0.025913077,0.059796839
gb,2,2,1,1,0.7,0.3,bandit,A squirrel,I am a slightly curious person,18,Female,9,4,2,18,1,2,1,0,0.7,0.25,0.5,1,1,50,0,18,0,0.33333,7,8,0.695985465,0.02475603,-0.714285715,-0.695985465,-0.487189826,0.667849533,-0.692818944,0.585011794,0.678622713,-0.448889117,-0.468909818,0.037681458,1.054516255,0.007126501,-1.11E-16,0.012039222,0.077604633,-1.11E-16,0.01934477,0.053228479
gb,2,2,1,1,0.7,0.3,bandit,A squirrel,I am a slightly curious person,18,Female,9,4,2,19,1,1,0,1,0.7,0.25,0.5,1,1,50,1,19,0,0.33333,8,8,0.662192803,0.02497923,0.333333327,0.337807197,0.536465038,0.768873467,-0.69048542,0,0,-0.50522077,-0.448889117,0,1.016901636,0,0,0.006934766,0.06323718,0,0.025502615,0.059392442
gb,2,2,1,1,0.7,0.3,bandit,A squirrel,I am a slightly curious person,18,Female,9,4,2,20,1,1,0,0,0.7,0.25,0.5,1,1,50,0,20,0,0.33333,8,9,0.699914792,0.022756449,-0.714285716,-0.699914792,-0.489940354,0.673227608,-0.692944774,0.588166507,0.677518929,-0.489226195,-0.50522077,0.035419308,1.049854003,0.006052892,-5.55E-17,0.009828984,0.074201606,-1.11E-16,0.019252849,0.053145511
gb,2,2,3,3,0.3,0.7,tycoon,A squirrel,I am a slightly curious person,48,Female,13,4,6,1,1,4,1,1,0.3,0.5,0.75,1,2,51,1,1,0,0.33333,1,0,0.5,0.083333333,NaN,0.5,0.35,0.430782916,-0.647446639,0.461538462,0.690185676,-0.049857149,0,0.054145178,1.080889095,0.014094332,0,0.056089744,0.131073366,-1.11E-16,0.010744811,0.048912754
gb,2,2,3,3,0.3,0.7,tycoon,A squirrel,I am a slightly curious person,48,Female,13,4,6,2,2,4,1,1,0.7,0.5,0.75,2,2,51,1,2,0,0.33333,1,0,0.5,0.083333333,NaN,0.5,0.35,0.430782916,-0.647446639,0.461538462,0.690185676,-0.049857149,0,0.054145178,1.083040303,0.013293712,0.028994083,0.081953072,0.14653679,0,0.010744811,0.040598993
gb,2,2,3,3,0.3,0.7,tycoon,A squirrel,I am a slightly curious person,48,Female,13,4,6,3,1,1,0,0,0.3,0.5,0.75,1,2,51,0,3,0,0.33333,1,1,0.58974359,0.075279421,-0.999999985,-0.58974359,-0.712820513,1.247647868,-0.599606885,0,0,-0.093938823,-0.049857149,0,1.027513187,0,0,0.025871763,0.110224348,0,0.023469388,0.053316366
gb,2,2,3,3,0.3,0.7,tycoon,A squirrel,I am a slightly curious person,48,Female,13,4,6,4,2,4,0,1,0.7,0.5,0.75,2,2,51,1,4,0,0.33333,2,0,0.58974359,0.075279421,1.51E-08,0.41025641,0.287179487,0.338525625,-0.599606885,0.420863309,0.680569124,-0.169460509,-0.049857149,0.036406267,0.958904318,0.011185214,-1.11E-16,0.034071493,0.079535267,-1.11E-16,0.005618362,0.048198725
gb,2,2,3,3,0.3,0.7,tycoon,A squirrel,I am a slightly curious person,48,Female,13,4,6,5,1,4,1,1,0.3,0.5,0.75,1,2,51,1,5,0,0.33333,2,1,0.40625,0.059960938,0.714285714,0.59375,0.415625,0.537212379,-0.678840541,0.513368984,0.692789678,-0.068419324,-0.093938823,0.05510258,1.002706052,0.004957983,0,0.022250888,0.086439616,0,0.014819018,0.039540933
gb,2,2,3,3,0.3,0.7,tycoon,A squirrel,I am a slightly curious person,48,Female,13,4,6,6,2,4,0,1,0.7,0.5,0.75,2,2,51,1,6,0,0.33333,3,0,0.663669065,0.06242107,1.51E-08,0.336330935,0.235431655,0.268443859,-0.54575663,0.392378264,0.669800034,-0.317247853,-0.169460509,0.023643113,0.931074848,0.006408297,0,0.020047195,0.062929577,1.11E-16,0.00278523,0.036723961
gb,2,2,3,3,0.3,0.7,tycoon,A squirrel,I am a slightly curious person,48,Female,13,4,6,7,1,1,0,0,0.3,0.5,0.75,1,2,51,0,7,0,0.33333,2,2,0.478074866,0.059144957,-0.523809526,-0.478074866,-0.634652406,1.006906067,-0.656433082,0,0,-0.193348887,-0.068419324,0,0.820084665,0,0,0.003401842,0.053280141,0,0.025346907,0.047243849
gb,2,2,3,3,0.3,0.7,tycoon,A squirrel,I am a slightly curious person,48,Female,13,4,6,8,2,4,0,1,0.7,0.5,0.75,2,2,51,1,8,0,0.33333,4,0,0.720818631,0.049557175,1.51E-08,0.279181369,0.195426958,0.217443525,-0.493997111,0.372868571,0.66046475,-0.466927048,-0.317247853,0.015384673,0.741779642,0.006140666,0,0.011626066,0.038905098,0,0.001334355,0.045741074
gb,2,2,3,3,0.3,0.7,tycoon,A squirrel,I am a slightly curious person,48,Female,13,4,6,9,1,4,0,1,0.3,0.5,0.75,1,2,51,1,9,0,0.33333,3,2,0.364754098,0.047282317,0.714285715,0.635245902,0.444672131,0.588196585,-0.687012278,0.540221402,0.68990816,-0.1552444,-0.193348887,0.052273614,0.787648079,0.004661506,0,0.002944049,0.041313979,0,0.016947838,0.03400116
gb,2,2,3,3,0.3,0.7,tycoon,A squirrel,I am a slightly curious person,48,Female,13,4,6,10,2,1,0,0,0.7,0.5,0.75,2,2,51,0,10,0,0.33333,4,1,0.763934695,0.038886415,-0.999999985,-0.763934695,-0.834754286,1.800321739,-0.448266988,0,0,-0.172348106,-0.466927048,0,1.022904149,0,0,0.036400986,0.092789601,0,0.004910265,0.040960974
gb,2,2,3,3,0.3,0.7,tycoon,A squirrel,I am a slightly curious person,48,Female,13,4,6,11,1,1,0,0,0.3,0.5,0.75,1,2,51,0,11,0,0.33333,3,3,0.424354244,0.047783255,-0.428571429,-0.424354244,-0.59704797,0.908937758,-0.674190472,0,0,-0.270498672,-0.1552444,0,0.940962352,0,0,0.007565739,0.083537497,0,0.026183535,0.050177937
gb,2,2,3,3,0.3,0.7,tycoon,A squirrel,I am a slightly curious person,48,Female,13,4,6,12,2,4,1,1,0.7,0.5,0.75,2,2,51,1,12,0,0.33333,5,1,0.599207332,0.047626322,0.285714286,0.400792668,0.280554867,0.329275013,-0.593476605,0.416988018,0.679301179,-0.259727487,-0.172348106,0.020928267,0.891432992,0.008645552,0,0.023717554,0.066133012,1.11E-16,0.002646807,0.047915576
gb,2,2,3,3,0.3,0.7,tycoon,A squirrel,I am a slightly curious person,48,Female,13,4,6,13,1,4,0,1,0.3,0.5,0.75,1,2,51,1,13,0,0.33333,4,3,0.341346154,0.039465709,0.714285714,0.658653846,0.461057692,0.61814675,-0.6901111,0.556645852,0.686715876,-0.232660544,-0.270498672,0.048982434,0.937440655,0.007510514,0,0.006896309,0.069182552,1.11E-16,0.01815257,0.039900533
gb,2,2,3,3,0.3,0.7,tycoon,A squirrel,I am a slightly curious person,48,Female,13,4,6,14,2,4,1,1,0.7,0.5,0.75,2,2,51,1,14,0,0.33333,6,1,0.645546412,0.040759615,0.238095238,0.354453588,0.248117511,0.285175232,-0.560257554,0.39899852,0.672603512,-0.351554018,-0.259727487,0.014991389,0.879947015,0.003888369,0,0.015273006,0.055440093,0,0.00138765,0.038636406
gb,2,2,3,3,0.3,0.7,tycoon,A squirrel,I am a slightly curious person,48,Female,13,4,6,15,1,1,0,0,0.3,0.5,0.75,1,2,51,0,15,0,0.33333,4,4,0.392605808,0.040151491,-0.387755102,-0.392605808,-0.574824066,0.855252233,-0.681907727,0,0,-0.332358209,-0.232660544,0,0.804930323,0,0,0.001398534,0.051643233,0,0.026478728,0.046941195
gb,2,2,3,3,0.3,0.7,tycoon,A squirrel,I am a slightly curious person,48,Female,13,4,6,16,2,1,0,0,0.7,0.5,0.75,2,2,51,0,16,0,0.33333,6,2,0.683493473,0.034610861,-0.795918367,-0.683493473,-0.778445431,1.50708636,-0.528868497,0,0,-0.261816885,-0.351554018,0,0.934122978,0,0,0.034575004,0.085218071,0,0.003755078,0.049074947
gb,2,2,3,3,0.3,0.7,tycoon,A squirrel,I am a slightly curious person,48,Female,13,4,6,17,1,4,1,1,0.3,0.5,0.75,1,2,51,1,17,0,0.33333,5,4,0.326501305,0.034124577,0.714285719,0.673498695,0.471449086,0.637616142,-0.691515984,0.567589597,0.683982442,-0.298346983,-0.332358209,0.045803546,0.976655024,0.005418213,0,0.009700899,0.088349905,0,0.018834414,0.041454163
gb,2,2,3,3,0.3,0.7,tycoon,A squirrel,I am a slightly curious person,48,Female,13,4,6,18,2,4,1,1,0.7,0.5,0.75,2,2,51,1,18,0,0.33333,7,2,0.574140717,0.037403886,0.357142857,0.425859283,0.298101498,0.35396647,-0.609247114,0.427412225,0.682571878,-0.327921028,-0.261816885,0.017233904,0.942871031,0.007762134,-2.22E-16,0.023920979,0.073592441,-1.11E-16,0.002120763,0.039728326
gb,2,2,3,3,0.3,0.7,tycoon,A squirrel,I am a slightly curious person,48,Female,13,4,6,19,1,1,0,0,0.3,0.5,0.75,1,2,51,0,19,0,0.33333,5,5,0.371695067,0.034730242,-0.365079365,-0.371695067,-0.560186547,0.821404612,-0.685884742,0,0,-0.384117107,-0.298346983,0,0.877272905,0,0,0.002583455,0.069819441,0,0.026459458,0.047619493
gb,2,2,3,3,0.3,0.7,tycoon,A squirrel,I am a slightly curious person,48,Female,13,4,6,20,2,4,0,1,0.7,0.5,0.75,2,2,51,1,20,0,0.33333,8,2,0.611443432,0.033084727,0.317460318,0.388556568,0.271989597,0.317439942,-0.585227712,0.412082024,0.677607376,-0.395872462,-0.327921028,0.013090866,0.832464421,0.003602362,0,0.016406832,0.058840396,1.11E-16,0.001172696,0.046680651
bg,1,1,3,3,0.3,0.7,bandit,A squirrel,I am a slightly curious person,23,Male,8,2,6,1,1,4,1,0,0.3,0.25,0.75,1,1,52,0,1,0,0.33333,0,1,0.5,0.083333333,NaN,-0.5,-0.35,0.430782916,-0.647446639,0.461538462,0.690185676,-0.049857149,0,0.054145178,1.080623402,0.019776798,0,0.056089744,0.156287138,1.11E-16,0.010744811,0.048912754
bg,1,1,3,3,0.3,0.7,bandit,A squirrel,I am a slightly curious person,23,Male,8,2,6,2,1,4,1,0,0.3,0.25,0.75,1,1,52,0,2,0,0.33333,0,2,0.41025641,0.075279421,-3.32E-16,-0.41025641,-0.287179487,0.338525625,-0.599606885,0.420863309,0.680569124,-0.169460509,-0.049857149,0.036406267,1.038532595,0.005550732,0,0.034071493,0.142737034,-1.11E-16,0.005618362,0.043786865
bg,1,1,3,3,0.3,0.7,bandit,A squirrel,I am a slightly curious person,23,Male,8,2,6,3,1,2,0,1,0.3,0.25,0.75,1,1,52,1,3,0,0.33333,1,2,0.336330935,0.06242107,1,0.663669065,0.764568345,1.446334621,-0.54575663,0,0,-0.068419324,-0.169460509,0,1.098594897,0,0,0.064268048,0.156285781,0,0.014819018,0.052970728
bg,1,1,3,3,0.3,0.7,bandit,A squirrel,I am a slightly curious person,23,Male,8,2,6,4,1,3,0,0,0.3,0.25,0.75,1,1,52,0,4,0,0.33333,1,3,0.521925134,0.059144957,-0.476190471,-0.521925134,-0.365347594,0.454677821,-0.656433082,0.472699697,0.691655826,-0.102038269,-0.068419324,0.041065537,1.088081422,0.010545167,0.007254803,0.054716991,0.157425466,0,0.008758475,0.046918918
bg,1,1,3,3,0.3,0.7,bandit,A squirrel,I am a slightly curious person,23,Male,8,2,6,5,1,2,0,1,0.3,0.25,0.75,1,1,52,1,5,0,0.33333,2,3,0.45669026,0.054325817,0.642857143,0.54330974,0.680316818,1.140424831,-0.626630418,0,0,-0.1552444,-0.102038269,0,1.093486671,0,0,0.040743196,0.127514861,0,0.016947838,0.055123452
bg,1,1,3,3,0.3,0.7,bandit,A squirrel,I am a slightly curious person,23,Male,8,2,6,6,1,4,1,0,0.3,0.25,0.75,1,1,52,0,6,0,0.33333,2,4,0.575645756,0.047783255,-0.571428571,-0.575645756,-0.40295203,0.515757816,-0.674190472,0.502472188,0.693134957,-0.163472784,-0.1552444,0.040802486,1.09819902,0.009852271,0.012870828,0.055189844,0.152824729,1.11E-16,0.010714599,0.04886071
bg,1,1,3,3,0.3,0.7,bandit,A squirrel,I am a slightly curious person,23,Male,8,2,6,7,1,4,1,0,0.3,0.25,0.75,1,1,52,0,7,0,0.33333,2,5,0.519622991,0.045607934,-0.476190477,-0.519622991,-0.363736094,0.452141855,-0.655537563,0.471502465,0.691522081,-0.203628259,-0.163472784,0.030843712,1.087072212,0.006454607,0.006476602,0.049307474,0.155457962,0,0.006462498,0.044655007
bg,1,1,3,3,0.3,0.7,bandit,A squirrel,I am a slightly curious person,23,Male,8,2,6,8,1,1,0,1,0.3,0.25,0.75,1,1,52,1,8,0,0.33333,3,5,0.469446401,0.041805495,0.591836735,0.530553599,0.67138752,1.112876093,-0.633191658,0,0,-0.232047957,-0.203628259,0,1.097712458,0,0,0.038457947,0.131983304,0,0.011994021,0.050169643
bg,1,1,3,3,0.3,0.7,bandit,A squirrel,I am a slightly curious person,23,Male,8,2,6,9,1,4,0,1,0.3,0.25,0.75,1,1,52,1,9,0,0.33333,4,5,0.558499155,0.038986468,0.464285715,0.441500845,0.609050591,0.939177117,-0.669170875,0,0,-0.298346983,-0.232047957,0,1.077570388,0,0,0.020356942,0.099956048,0,0.018834414,0.056962961
bg,1,1,3,3,0.3,0.7,bandit,A squirrel,I am a slightly curious person,23,Male,8,2,6,10,1,4,0,0,0.3,0.25,0.75,1,1,52,0,10,0,0.33333,4,6,0.628304933,0.034730242,-0.634920635,-0.628304933,-0.439813453,0.579485431,-0.685884742,0.535535888,0.690619451,-0.294935993,-0.298346983,0.037329237,1.092841579,0.00579201,0,0.028057805,0.118129555,-1.11E-16,0.012847841,0.050983065
bg,1,1,3,3,0.3,0.7,bandit,A squirrel,I am a slightly curious person,23,Male,8,2,6,11,1,4,1,0,0.3,0.25,0.75,1,1,52,0,11,0,0.33333,4,7,0.584906587,0.034000202,-0.571428571,-0.584906587,-0.409434611,0.526674914,-0.676652104,0.507987778,0.693019566,-0.313823874,-0.294935993,0.029764054,1.0985648,0.005525178,0,0.036907449,0.135944509,-1.11E-16,0.008449089,0.046588814
bg,1,1,3,3,0.3,0.7,bandit,A squirrel,I am a slightly curious person,23,Male,8,2,6,12,2,1,0,1,0.7,0.25,0.75,2,1,52,1,12,0,0.33333,1,0,0.5,0.083333333,NaN,0.5,0.65,1.049822124,-0.647446639,0,0,-0.193147181,0,0,1.020046607,0,0,0.037689816,0.084963629,0,0.03446712,0.062036662
bg,1,1,3,3,0.3,0.7,bandit,A squirrel,I am a slightly curious person,23,Male,8,2,6,13,2,1,1,0,0.7,0.25,0.75,2,1,52,0,13,0,0.33333,1,1,0.666666667,0.055555556,-0.999999985,-0.666666667,-0.466666667,0.628608659,-0.690923309,0.5625,0.685314207,-0.093938823,-0.193147181,0.069434567,1.079952039,0.026987695,0.013660582,0.057198152,0.114858147,0,0.023469388,0.050723883
bg,1,1,3,3,0.3,0.7,bandit,A squirrel,I am a slightly curious person,23,Male,8,2,6,14,2,1,0,1,0.7,0.25,0.75,2,1,52,1,14,0,0.33333,2,1,0.59375,0.059960937,0.285714286,0.40625,0.584375,0.877971868,-0.678840541,0,0,-0.286460356,-0.093938823,0,0.992249948,0,0,0.02499643,0.069513214,0,0.035631937,0.063164399
bg,1,1,3,3,0.3,0.7,bandit,A squirrel,I am a slightly curious person,23,Male,8,2,6,15,2,1,0,1,0.7,0.25,0.75,2,1,52,1,15,0,0.33333,3,1,0.694736842,0.04365651,0.047619048,0.305263158,0.513684211,0.720897094,-0.692772619,0,0,-0.477126407,-0.286460356,0,0.888886955,0,0,0.011369444,0.045583654,0,0.026293758,0.053848805
bg,1,1,3,3,0.3,0.7,bandit,A squirrel,I am a slightly curious person,23,Male,8,2,6,16,2,1,0,1,0.7,0.25,0.75,2,1,52,1,16,0,0.33333,4,1,0.757575758,0.032139578,1.51E-08,0.242424242,0.46969697,0.634306681,-0.691309507,0,0,-0.64897963,-0.477126407,0,0.791782314,0,0,0.005316222,0.031755476,0,0.015937237,0.043280461
bg,1,1,3,3,0.3,0.7,bandit,A squirrel,I am a slightly curious person,23,Male,8,2,6,17,2,4,0,0,0.7,0.25,0.75,2,1,52,0,17,0,0.33333,4,2,0.8,0.024285714,-0.999999985,-0.8,-0.56,0.820980552,-0.6859298,0.681818182,0.62549136,-0.510122266,-0.64897963,0.0670261,0.881673059,0.017941477,-1.11E-16,0.008853827,0.042759687,0.00530303,0.023644259,0.051164759
bg,1,1,3,3,0.3,0.7,bandit,A squirrel,I am a slightly curious person,23,Male,8,2,6,18,2,4,0,0,0.7,0.25,0.75,2,1,52,0,18,0,0.33333,4,3,0.761363636,0.028550521,-0.952380952,-0.761363636,-0.532954545,0.761328693,-0.690973601,0.642335766,0.652062427,-0.402753524,-0.510122266,0.061777694,0.962167038,0.017679526,1.11E-16,0.01399163,0.056109109,0.012111381,0.033570596,0.06111239
bg,1,1,3,3,0.3,0.7,bandit,A squirrel,I am a slightly curious person,23,Male,8,2,6,19,2,4,1,0,0.7,0.25,0.75,2,1,52,0,19,0,0.33333,4,4,0.718572587,0.032002412,-0.816326531,-0.718572587,-0.503000811,0.699166885,-0.693129171,0.603622715,0.671515413,-0.332358209,-0.402753524,0.05433972,1.024198776,0.013875906,5.55E-17,0.020931427,0.071524894,0.001207572,0.026478727,0.053920451
bg,1,1,3,3,0.3,0.7,bandit,A squirrel,I am a slightly curious person,23,Male,8,2,6,20,2,4,0,0,0.7,0.25,0.75,2,1,52,0,20,0,0.33333,4,5,0.673498695,0.034124577,-0.714285714,-0.673498695,-0.471449086,0.637616142,-0.691515984,0.567589597,0.683982442,-0.298346983,-0.332358209,0.045803546,1.068631181,0.013285548,-5.55E-17,0.02966527,0.088388545,-1.11E-16,0.018834414,0.046319679
gb,3,3,1,1,0.7,0.3,tycoon,A squirrel,I am a slightly curious person,21,Male,13,6,2,1,1,2,1,1,0.7,0.25,0.75,1,2,53,1,1,0,0.33333,1,0,0.5,0.083333333,NaN,0.5,0.35,0.430782916,-0.647446639,0.461538462,0.690185676,-0.049857149,0,0.054145178,1.080889095,0.014094332,0,0.056089744,0.131073366,-1.11E-16,0.010744811,0.048912754
gb,3,3,1,1,0.7,0.3,tycoon,A squirrel,I am a slightly curious person,21,Male,13,6,2,2,2,1,0,0,0.3,0.25,0.75,2,2,53,0,2,0,0.33333,0,1,0.5,0.083333333,NaN,-0.5,-0.65,1.049822124,-0.647446639,0,0,-0.193147181,0,0,0.975252971,0,0,0.016111757,0.102310032,0,0.03446712,0.064322906
gb,3,3,1,1,0.7,0.3,tycoon,A squirrel,I am a slightly curious person,21,Male,13,6,2,3,1,2,0,1,0.7,0.25,0.75,1,2,53,1,3,0,0.33333,2,0,0.58974359,0.075279421,1.51E-08,0.41025641,0.287179487,0.338525625,-0.599606885,0.420863309,0.680569124,-0.169460509,-0.049857149,0.036406267,0.899463045,0.011205897,-1.11E-16,0.034071493,0.073592333,-1.11E-16,0.005618362,0.059189082
gb,3,3,1,1,0.7,0.3,tycoon,A squirrel,I am a slightly curious person,21,Male,13,6,2,4,2,1,0,0,0.3,0.25,0.75,2,2,53,0,4,0,0.33333,0,2,0.333333333,0.055555556,-3.32E-16,-0.333333333,-0.533333333,0.762140052,-0.690923309,0,0,-0.431945622,-0.193147181,0,0.808462712,0,0,0.002239265,0.066845352,0,0.03036929,0.055105013
gb,3,3,1,1,0.7,0.3,tycoon,A squirrel,I am a slightly curious person,21,Male,13,6,2,5,1,3,0,1,0.7,0.25,0.75,1,2,53,1,5,0,0.33333,3,0,0.663669065,0.06242107,1.51E-08,0.336330935,0.235431655,0.268443859,-0.54575663,0.392378264,0.669800034,-0.317247853,-0.169460509,0.023643113,0.72737944,0.006483428,0,0.020047195,0.048216967,-1.11E-16,0.00278523,0.052278425
gb,3,3,1,1,0.7,0.3,tycoon,A squirrel,I am a slightly curious person,21,Male,13,6,2,6,2,3,1,1,0.3,0.25,0.75,2,2,53,1,6,0,0.33333,1,2,0.25,0.0375,1,0.75,0.525,0.744440475,-0.691896659,0.631578947,0.658109988,-0.286460356,-0.431945622,0.072891961,0.771706693,0.005050471,0,0.001975718,0.050244093,0.010526316,0.035631937,0.057540143
gb,3,3,1,1,0.7,0.3,tycoon,A squirrel,I am a slightly curious person,21,Male,13,6,2,7,1,1,0,0,0.7,0.25,0.75,1,2,53,0,7,0,0.33333,3,1,0.720818631,0.049557175,-0.999999985,-0.720818631,-0.804573042,1.632568584,-0.493997111,0,0,-0.102038269,-0.317247853,0,0.967245339,0,0,0.054716991,0.105046626,0,0.008758475,0.06348941
gb,3,3,1,1,0.7,0.3,tycoon,A squirrel,I am a slightly curious person,21,Male,13,6,2,8,2,1,0,0,0.3,0.25,0.75,2,2,53,0,8,0,0.33333,1,3,0.305263158,0.04365651,-0.047619048,-0.305263158,-0.513684211,0.720897094,-0.692772619,0,0,-0.477126407,-0.286460356,0,0.895131419,0,0,0.004973837,0.098882732,0,0.026293758,0.054147618
gb,3,3,1,1,0.7,0.3,tycoon,A squirrel,I am a slightly curious person,21,Male,13,6,2,9,1,3,0,1,0.7,0.25,0.75,1,2,53,1,9,0,0.33333,4,1,0.54330974,0.054325817,0.357142859,0.45669026,0.319683182,0.38519668,-0.626630418,0.440971018,0.68616206,-0.172348106,-0.102038269,0.029483823,0.846586314,0.007196223,0,0.036400986,0.077848855,0,0.004910265,0.050316921
gb,3,3,1,1,0.7,0.3,tycoon,A squirrel,I am a slightly curious person,21,Male,13,6,2,10,2,4,1,1,0.3,0.25,0.75,2,2,53,1,10,0,0.33333,2,3,0.242424242,0.032139578,1,0.757575758,0.53030303,0.755667538,-0.691309507,0.638709677,0.654156989,-0.352252836,-0.477126407,0.0668108,0.892269265,0.005986283,0,0.004647691,0.080323252,0.012903226,0.035836067,0.059818511
gb,3,3,1,1,0.7,0.3,tycoon,A squirrel,I am a slightly curious person,21,Male,13,6,2,11,1,3,0,1,0.7,0.25,0.75,1,2,53,1,11,0,0.33333,5,1,0.599207332,0.047626322,0.285714286,0.400792668,0.280554867,0.329275013,-0.593476605,0.416988018,0.679301179,-0.259727487,-0.172348106,0.020928267,0.837726351,0.00446196,0,0.023717554,0.063668273,-1.11E-16,0.002646807,0.057548976
gb,3,3,1,1,0.7,0.3,tycoon,A squirrel,I am a slightly curious person,21,Male,13,6,2,12,2,4,1,1,0.3,0.25,0.75,2,2,53,1,12,0,0.33333,3,3,0.290322581,0.036680541,0.85714286,0.709677419,0.496774194,0.68671629,-0.693126369,0.596153846,0.674540362,-0.270498672,-0.352252836,0.058683512,0.884216279,0.005262817,0,0.004415692,0.066133012,1.11E-16,0.026183535,0.047915576
gb,3,3,1,1,0.7,0.3,tycoon,A squirrel,I am a slightly curious person,21,Male,13,6,2,13,1,3,0,1,0.7,0.25,0.75,1,2,53,1,13,0,0.33333,6,1,0.645546412,0.040759615,0.238095238,0.354453588,0.248117511,0.285175232,-0.560257554,0.39899852,0.672603512,-0.351554018,-0.259727487,0.014991389,0.829483371,0.004049108,0,0.015273006,0.053059252,-1.11E-16,0.00138765,0.046657266
gb,3,3,1,1,0.7,0.3,tycoon,A squirrel,I am a slightly curious person,21,Male,13,6,2,14,2,4,1,1,0.3,0.25,0.75,2,2,53,1,14,0,0.33333,4,3,0.341346154,0.039465709,0.714285714,0.658653846,0.461057692,0.61814675,-0.6901111,0.556645852,0.686715876,-0.232660544,-0.270498672,0.048982434,0.87457567,0.00415049,0,0.004241003,0.055440093,1.11E-16,0.01815257,0.038636406
gb,3,3,1,1,0.7,0.3,tycoon,A squirrel,I am a slightly curious person,21,Male,13,6,2,15,1,3,1,1,0.7,0.25,0.75,1,2,53,1,15,0,0.33333,7,1,0.683493473,0.034610861,0.204081633,0.316506527,0.221554569,0.250456385,-0.528868497,0.385383468,0.666638198,-0.441349354,-0.351554018,0.010976855,0.820363008,0.002616719,0,0.009779435,0.045108072,0,0.000713851,0.037929316
gb,3,3,1,1,0.7,0.3,tycoon,A squirrel,I am a slightly curious person,21,Male,13,6,2,16,2,1,0,0,0.3,0.25,0.75,2,2,53,0,16,0,0.33333,4,4,0.392605808,0.040151491,-0.387755102,-0.392605808,-0.574824066,0.855252233,-0.681907727,0,0,-0.332358209,-0.232660544,0,0.748107446,0,0,0.000806791,0.04208595,0,0.026478728,0.046224909
gb,3,3,1,1,0.7,0.3,tycoon,A squirrel,I am a slightly curious person,21,Male,13,6,2,17,1,3,1,1,0.7,0.25,0.75,1,2,53,1,17,0,0.33333,8,1,0.714616532,0.029443897,0.178571434,0.285383468,0.199768428,0.222854128,-0.500081228,0.374891482,0.661507779,-0.526463112,-0.441349354,0.008262094,0.701146054,0.002705523,0,0.006249164,0.034850875,0,0.000362631,0.045888273
gb,3,3,1,1,0.7,0.3,tycoon,A squirrel,I am a slightly curious person,21,Male,13,6,2,18,2,1,0,0,0.3,0.25,0.75,2,2,53,0,18,0,0.33333,4,5,0.326501305,0.034124577,-0.285714281,-0.326501305,-0.528550914,0.751944165,-0.691515984,0,0,-0.444164508,-0.332358209,0,0.655754768,0,0,0.000129377,0.033723882,0,0.030437973,0.049786543
gb,3,3,1,1,0.7,0.3,tycoon,A squirrel,I am a slightly curious person,21,Male,13,6,2,19,1,2,0,1,0.7,0.25,0.75,1,2,53,1,19,0,0.33333,9,1,0.740372486,0.025214316,0.158730158,0.259627514,0.18173926,0.20057424,-0.474020587,0.366631301,0.65713843,-0.606187788,-0.526463112,0.006396043,0.615893607,0.001135455,-2.22E-16,0.003993102,0.028416498,0,0.000182712,0.049587879
gb,3,3,1,1,0.7,0.3,tycoon,A squirrel,I am a slightly curious person,21,Male,13,6,2,20,2,1,0,0,0.3,0.25,0.75,2,2,53,0,20,0,0.33333,4,6,0.275833684,0.028588486,-0.206349206,-0.275833684,-0.493083579,0.679409138,-0.693051504,0,0,-0.559285326,-0.444164508,0,0.591012661,0,0,1.79E-05,0.028003609,0,0.020370075,0.039584893
bg,3,4,2,3,0.3,0.7,bandit,A squirrel,I am a slightly curious person,18,Male,8,7,5,1,1,1,0,1,0.3,0.875,0.625,1,1,54,1,1,0,0.33333,1,0,0.5,0.083333333,NaN,0.5,0.65,1.049822124,-0.647446639,0,0,-0.193147181,0,0,1.03952273,0,0,0.029166667,0.093376317,0,0.03446712,0.072619437
bg,3,4,2,3,0.3,0.7,bandit,A squirrel,I am a slightly curious person,18,Male,8,7,5,2,1,1,0,1,0.3,0.875,0.625,1,1,54,1,2,0,0.33333,2,0,0.666666667,0.055555556,1.51E-08,0.333333333,0.533333333,0.762140052,-0.690923309,0,0,-0.431945622,-0.193147181,0,0.953853328,0,0,0.0109375,0.058350608,0,0.03036929,0.068531753
bg,3,4,2,3,0.3,0.7,bandit,A squirrel,I am a slightly curious person,18,Male,8,7,5,3,1,4,0,0,0.3,0.875,0.625,1,1,54,0,3,0,0.33333,2,1,0.75,0.0375,-0.999999985,-0.75,-0.525,0.744440475,-0.691896659,0.631578947,0.658109988,-0.286460356,-0.431945622,0.072891961,1.019584386,0.019669186,-1.67E-16,0.018190789,0.078507942,0.010526316,0.035631937,0.073782589
bg,3,4,2,3,0.3,0.7,bandit,A squirrel,I am a slightly curious person,18,Male,8,7,5,4,2,1,1,0,0.7,0.875,0.625,2,1,54,0,4,0,0.33333,0,1,0.5,0.083333333,NaN,-0.5,-0.35,0.430782916,-0.647446639,0.461538462,0.690185676,-0.049857149,0,0.054145178,0.955194828,0.021375126,0,0.018627059,0.067123625,1.11E-16,0.010744811,0.065472364
bg,3,4,2,3,0.3,0.7,bandit,A squirrel,I am a slightly curious person,18,Male,8,7,5,5,1,4,0,0,0.3,0.875,0.625,1,1,54,0,5,0,0.33333,2,2,0.694736842,0.04365651,-0.952380952,-0.694736842,-0.486315789,0.666146579,-0.692772619,0.584016393,0.678962475,-0.193348887,-0.286460356,0.06368976,1.018754905,0.015277929,5.55E-17,0.028195441,0.08810722,0,0.025346907,0.055203822
bg,3,4,2,3,0.3,0.7,bandit,A squirrel,I am a slightly curious person,18,Male,8,7,5,6,1,4,1,0,0.3,0.875,0.625,1,1,54,0,6,0,0.33333,2,3,0.635245902,0.047282317,-0.714285715,-0.635245902,-0.444672131,0.588196585,-0.687012278,0.540221402,0.68990816,-0.1552444,-0.193348887,0.052273614,1.060298498,0.012394049,0,0.040743196,0.110713381,0,0.016947838,0.046806087
bg,3,4,2,3,0.3,0.7,bandit,A squirrel,I am a slightly curious person,18,Male,8,7,5,7,2,1,1,0,0.7,0.875,0.625,2,1,54,0,7,0,0.33333,0,2,0.41025641,0.075279421,-3.32E-16,-0.41025641,-0.287179487,0.338525625,-0.599606885,0.420863309,0.680569124,-0.169460509,-0.049857149,0.036406267,1.001573115,0.014264022,0,0.022324519,0.09906675,1.11E-16,0.005618362,0.041615649
bg,3,4,2,3,0.3,0.7,bandit,A squirrel,I am a slightly curious person,18,Male,8,7,5,8,2,1,0,1,0.7,0.875,0.625,2,1,54,1,8,0,0.33333,1,2,0.336330935,0.06242107,1,0.663669065,0.764568345,1.446334621,-0.54575663,0,0,-0.068419324,-0.169460509,0,1.093136095,0,0,0.054615087,0.122977454,0,0.014819018,0.050867035
bg,3,4,2,3,0.3,0.7,bandit,A squirrel,I am a slightly curious person,18,Male,8,7,5,9,2,1,0,1,0.7,0.875,0.625,2,1,54,1,9,0,0.33333,2,2,0.521925134,0.059144957,0.523809529,0.478074866,0.634652406,1.006906067,-0.656433082,0,0,-0.193348887,-0.068419324,0,1.076742212,0,0,0.045787691,0.103629432,0,0.025346907,0.061446767
bg,3,4,2,3,0.3,0.7,bandit,A squirrel,I am a slightly curious person,18,Male,8,7,5,10,2,1,0,1,0.7,0.875,0.625,2,1,54,1,10,0,0.33333,3,2,0.635245902,0.047282317,0.285714285,0.364754098,0.555327869,0.810418052,-0.687012278,0,0,-0.352252836,-0.193348887,0,1.016865858,0,0,0.023124268,0.070719243,0,0.035836067,0.071891621
bg,3,4,2,3,0.3,0.7,bandit,A squirrel,I am a slightly curious person,18,Male,8,7,5,11,2,4,0,0,0.7,0.875,0.625,2,1,54,0,11,0,0.33333,3,3,0.709677419,0.036680541,-0.857142857,-0.709677419,-0.496774194,0.68671629,-0.693126369,0.596153846,0.674540362,-0.270498672,-0.352252836,0.058683512,1.065639829,0.016675933,-1.11E-16,0.03426403,0.090698316,1.11E-16,0.026183535,0.062255833
bg,3,4,2,3,0.3,0.7,bandit,A squirrel,I am a slightly curious person,18,Male,8,7,5,12,1,4,1,0,0.3,0.875,0.625,1,1,54,0,12,0,0.33333,2,4,0.575645756,0.047783255,-0.571428571,-0.575645756,-0.40295203,0.515757816,-0.674190472,0.502472188,0.693134957,-0.163472784,-0.1552444,0.040802486,1.036278778,0.012121309,0,0.025347605,0.080704437,1.11E-16,0.010714599,0.056019464
bg,3,4,2,3,0.3,0.7,bandit,A squirrel,I am a slightly curious person,18,Male,8,7,5,13,1,1,0,1,0.3,0.875,0.625,1,1,54,1,13,0,0.33333,3,4,0.519622991,0.045607934,0.523809523,0.480377009,0.636263906,1.011326691,-0.655537563,0,0,-0.232660544,-0.163472784,0,1.071847481,0,0,0.041650972,0.093922861,0,0.01815257,0.063456182
bg,3,4,2,3,0.3,0.7,bandit,A squirrel,I am a slightly curious person,18,Male,8,7,5,14,1,4,0,0,0.3,0.875,0.625,1,1,54,0,14,0,0.33333,3,5,0.607394192,0.040151491,-0.612244898,-0.607394192,-0.425175934,0.553691258,-0.681907727,0.521898817,0.692187757,-0.232047957,-0.232660544,0.039248513,1.053223786,0.011201665,0,0.028732264,0.084283874,-1.11E-16,0.011994021,0.05696564
bg,3,4,2,3,0.3,0.7,bandit,A squirrel,I am a slightly curious person,18,Male,8,7,5,15,2,4,1,0,0.7,0.875,0.625,2,1,54,0,15,0,0.33333,3,4,0.658653846,0.039465709,-0.714285714,-0.658653846,-0.461057692,0.61814675,-0.6901111,0.556645852,0.686715876,-0.232660544,-0.270498672,0.048982434,1.087472756,0.014648639,0.00479896,0.042792604,0.105009733,-1.11E-16,0.01815257,0.049121873
bg,3,4,2,3,0.3,0.7,bandit,A squirrel,I am a slightly curious person,18,Male,8,7,5,16,2,1,0,1,0.7,0.875,0.625,2,1,54,1,16,0,0.33333,4,4,0.607394192,0.040151491,0.387755102,0.392605808,0.574824066,0.855252233,-0.681907727,0,0,-0.332358209,-0.232660544,0,1.041602714,0,0,0.023502111,0.076179461,0,0.026478727,0.057262093
bg,3,4,2,3,0.3,0.7,bandit,A squirrel,I am a slightly curious person,18,Male,8,7,5,17,2,4,1,0,0.7,0.875,0.625,2,1,54,0,17,0,0.33333,4,5,0.673498695,0.034124577,-0.714285714,-0.673498695,-0.471449086,0.637616142,-0.691515984,0.567589597,0.683982442,-0.298346983,-0.332358209,0.045803546,1.078687572,0.012485749,-5.55E-17,0.03305927,0.093709305,0,0.018834414,0.049832958
bg,3,4,2,3,0.3,0.7,bandit,A squirrel,I am a slightly curious person,18,Male,8,7,5,18,2,1,0,1,0.7,0.875,0.625,2,1,54,1,18,0,0.33333,5,5,0.628304933,0.034730242,0.365079365,0.371695067,0.560186547,0.821404612,-0.685884742,0,0,-0.384117107,-0.298346983,0,1.032634791,0,0,0.018825479,0.070584063,0,0.026459458,0.057562532
bg,3,4,2,3,0.3,0.7,bandit,A squirrel,I am a slightly curious person,18,Male,8,7,5,19,1,4,1,0,0.3,0.875,0.625,1,1,54,0,19,0,0.33333,3,6,0.558499155,0.038986468,-0.535714285,-0.558499155,-0.390949409,0.495853942,-0.669170875,0.492569918,0.693036764,-0.258135832,-0.232047957,0.030622857,0.995900808,0.010082192,0,0.01530782,0.063709816,1.11E-16,0.007603174,0.053154297
bg,3,4,2,3,0.3,0.7,bandit,A squirrel,I am a slightly curious person,18,Male,8,7,5,20,1,2,0,0,0.3,0.875,0.625,1,1,54,0,20,0,0.33333,3,7,0.513690845,0.036582874,-0.476190477,-0.513690845,-0.359583592,0.445636676,-0.653178232,0.468445212,0.691154447,-0.300546827,-0.258135832,0.023617732,0.951874457,0.006888777,0,0.009656649,0.05860475,-1.11E-16,0.004658378,0.050213744
gb,2,3,2,2,0.7,0.3,bandit,A squirrel,I am a slightly curious person,22,Female,7,5,4,1,2,3,1,0,0.3,0.5,0.625,2,1,55,0,1,0,0.33333,0,1,0.5,0.083333333,NaN,-0.5,-0.35,0.430782916,-0.647446639,0.461538462,0.690185676,-0.049857149,0,0.054145178,1.079620079,0.018796586,0,0.056089744,0.156338291,1.11E-16,0.010744811,0.048912754
gb,2,3,2,2,0.7,0.3,bandit,A squirrel,I am a slightly curious person,22,Female,7,5,4,2,1,1,0,1,0.7,0.5,0.625,1,1,55,1,2,0,0.33333,1,0,0.5,0.083333333,NaN,0.5,0.65,1.049822124,-0.647446639,0,0,-0.193147181,0,0,0.983454681,0,0,0.029166667,0.08100466,0,0.03446712,0.064322906
gb,2,3,2,2,0.7,0.3,bandit,A squirrel,I am a slightly curious person,22,Female,7,5,4,3,1,4,1,0,0.7,0.5,0.625,1,1,55,0,3,0,0.33333,1,1,0.666666667,0.055555556,-0.999999985,-0.666666667,-0.466666667,0.628608659,-0.690923309,0.5625,0.685314207,-0.093938823,-0.193147181,0.069434567,1.046259061,0.019959753,5.55E-17,0.045117187,0.108456462,-1.11E-16,0.023469388,0.053316988
gb,2,3,2,2,0.7,0.3,bandit,A squirrel,I am a slightly curious person,22,Female,7,5,4,4,1,4,1,0,0.7,0.5,0.625,1,1,55,0,4,0,0.33333,1,2,0.59375,0.059960937,-0.714285714,-0.59375,-0.415625,0.537212379,-0.678840541,0.513368984,0.692789678,-0.068419324,-0.093938823,0.05510258,1.077806203,0.015436993,0.018342246,0.064268048,0.137504302,0,0.014819018,0.044668319
gb,2,3,2,2,0.7,0.3,bandit,A squirrel,I am a slightly curious person,22,Female,7,5,4,5,2,1,0,1,0.3,0.5,0.625,2,1,55,1,5,0,0.33333,1,1,0.41025641,0.075279421,1,0.58974359,0.712820513,1.247647868,-0.599606885,0,0,-0.093938823,-0.049857149,0,1.082845274,0,0,0.050839131,0.119985983,0,0.023469388,0.05738955
gb,2,3,2,2,0.7,0.3,bandit,A squirrel,I am a slightly curious person,22,Female,7,5,4,6,2,4,0,0,0.3,0.5,0.625,2,1,55,0,6,0,0.33333,1,2,0.59375,0.059960937,-0.714285714,-0.59375,-0.415625,0.537212379,-0.678840541,0.513368984,0.692789678,-0.068419324,-0.093938823,0.05510258,1.098578546,0.017932263,0.025810861,0.071815674,0.152131881,1.11E-16,0.014819018,0.048745152
gb,2,3,2,2,0.7,0.3,bandit,A squirrel,I am a slightly curious person,22,Female,7,5,4,7,2,4,1,0,0.3,0.5,0.625,2,1,55,0,7,0,0.33333,1,3,0.521925134,0.059144957,-0.476190471,-0.521925134,-0.365347594,0.454677821,-0.656433082,0.472699697,0.691655826,-0.102038269,-0.068419324,0.041065537,1.086972821,0.012433123,0,0.048651884,0.137847128,1.11E-16,0.008758475,0.042633814
gb,2,3,2,2,0.7,0.3,bandit,A squirrel,I am a slightly curious person,22,Female,7,5,4,8,2,1,0,1,0.3,0.5,0.625,2,1,55,1,8,0,0.33333,2,3,0.45669026,0.054325817,0.642857143,0.54330974,0.680316818,1.140424831,-0.626630418,0,0,-0.1552444,-0.102038269,0,1.093302876,0,0,0.046827296,0.122977454,0,0.016947838,0.050867035
gb,2,3,2,2,0.7,0.3,bandit,A squirrel,I am a slightly curious person,22,Female,7,5,4,9,2,4,1,0,0.3,0.5,0.625,2,1,55,0,9,0,0.33333,2,4,0.575645756,0.047783255,-0.571428571,-0.575645756,-0.40295203,0.515757816,-0.674190472,0.502472188,0.693134957,-0.163472784,-0.1552444,0.040802486,1.098176524,0.010187959,0.018895183,0.06124717,0.146528489,0,0.010714599,0.044622357
gb,2,3,2,2,0.7,0.3,bandit,A squirrel,I am a slightly curious person,22,Female,7,5,4,10,1,1,0,1,0.7,0.5,0.625,1,1,55,1,10,0,0.33333,2,2,0.521925134,0.059144957,0.523809529,0.478074866,0.634652406,1.006906067,-0.656433082,0,0,-0.193348887,-0.068419324,0,1.054184576,0,0,0.032232296,0.092937081,0,0.025346907,0.055201456
gb,2,3,2,2,0.7,0.3,bandit,A squirrel,I am a slightly curious person,22,Female,7,5,4,11,1,1,0,1,0.7,0.5,0.625,1,1,55,1,11,0,0.33333,3,2,0.635245902,0.047282317,0.285714285,0.364754098,0.555327869,0.810418052,-0.687012278,0,0,-0.352252836,-0.193348887,0,0.974132171,0,0,0.014833463,0.062534101,0,0.035836067,0.065642429
gb,2,3,2,2,0.7,0.3,bandit,A squirrel,I am a slightly curious person,22,Female,7,5,4,12,1,4,1,0,0.7,0.5,0.625,1,1,55,0,12,0,0.33333,3,3,0.709677419,0.036680541,-0.857142857,-0.709677419,-0.496774194,0.68671629,-0.693126369,0.596153846,0.674540362,-0.270498672,-0.352252836,0.058683512,1.036380738,0.015952988,-1.11E-16,0.022659908,0.080704437,1.11E-16,0.026183535,0.056019464
gb,2,3,2,2,0.7,0.3,bandit,A squirrel,I am a slightly curious person,22,Female,7,5,4,13,1,4,1,0,0.7,0.5,0.625,1,1,55,0,13,0,0.33333,3,4,0.658653846,0.039465709,-0.714285714,-0.658653846,-0.461057692,0.61814675,-0.6901111,0.556645852,0.686715876,-0.232660544,-0.270498672,0.048982434,1.076667155,0.013426319,-5.55E-17,0.0325655,0.10052459,0,0.01815257,0.04752873
gb,2,3,2,2,0.7,0.3,bandit,A squirrel,I am a slightly curious person,22,Female,7,5,4,14,2,4,0,0,0.3,0.5,0.625,2,1,55,0,14,0,0.33333,2,5,0.519622991,0.045607934,-0.476190477,-0.519622991,-0.363736094,0.452141855,-0.655537563,0.471502465,0.691522081,-0.203628259,-0.163472784,0.030843712,1.044734869,0.009297207,0,0.02405631,0.091484042,-1.11E-16,0.006462498,0.043774755
gb,2,3,2,2,0.7,0.3,bandit,A squirrel,I am a slightly curious person,22,Female,7,5,4,15,2,1,0,1,0.3,0.5,0.625,2,1,55,1,15,0,0.33333,3,5,0.469446401,0.041805495,0.591836735,0.530553599,0.67138752,1.112876093,-0.633191658,0,0,-0.232047957,-0.203628259,0,1.087534637,0,0,0.041705403,0.105009733,0,0.011994021,0.049121873
gb,2,3,2,2,0.7,0.3,bandit,A squirrel,I am a slightly curious person,22,Female,7,5,4,16,2,1,0,1,0.3,0.5,0.625,2,1,55,1,16,0,0.33333,4,5,0.558499155,0.038986468,0.464285715,0.441500845,0.609050591,0.939177117,-0.669170875,0,0,-0.298346983,-0.232047957,0,1.087833605,0,0,0.046978205,0.104469562,0,0.018834414,0.055931669
gb,2,3,2,2,0.7,0.3,bandit,A squirrel,I am a slightly curious person,22,Female,7,5,4,17,2,1,0,0,0.3,0.5,0.625,2,1,55,0,17,0,0.33333,4,6,0.628304933,0.034730242,-0.634920635,-0.628304933,-0.439813453,0.579485431,-0.685884742,0.535535888,0.690619451,-0.294935993,-0.298346983,0.037329237,1.091569729,0.010303934,0.007838917,0.045614344,0.108336806,0,0.012847841,0.050031241
gb,2,3,2,2,0.7,0.3,bandit,A squirrel,I am a slightly curious person,22,Female,7,5,4,18,2,4,0,0,0.3,0.5,0.625,2,1,55,0,18,0,0.33333,4,7,0.584906587,0.034000202,-0.571428571,-0.584906587,-0.409434611,0.526674914,-0.676652104,0.507987778,0.693019566,-0.313823874,-0.294935993,0.029764054,1.080138532,0.007669197,0,0.032841262,0.099519855,-1.11E-16,0.008449089,0.045668543
gb,2,3,2,2,0.7,0.3,bandit,A squirrel,I am a slightly curious person,22,Female,7,5,4,19,2,4,0,0,0.3,0.5,0.625,2,1,55,0,19,0,0.33333,4,8,0.544605983,0.032338032,-0.519480519,-0.544605983,-0.381224188,0.48001225,-0.664660247,0.48482826,0.692686746,-0.346904736,-0.313823874,0.023504349,1.058780043,0.005775892,0,0.023112242,0.092531553,0,0.005387895,0.042672398
gb,2,3,2,2,0.7,0.3,bandit,A squirrel,I am a slightly curious person,22,Female,7,5,4,20,2,4,0,0,0.3,0.5,0.625,2,1,55,0,20,0,0.33333,4,9,0.508023069,0.030175846,-0.476190476,-0.508023069,-0.355616148,0.439460688,-0.650854103,0.465561015,0.690773214,-0.387826043,-0.346904736,0.018578725,1.031655501,0.004358013,0,0.015972273,0.087095358,0,0.003350204,0.040612259
gb,3,4,2,3,0.3,0.7,tycoon,A squirrel,I am a slightly curious person,35,Male,12,7,5,1,2,4,1,1,0.7,0.875,0.625,2,2,56,1,1,0,0.33333,1,0,0.5,0.083333333,NaN,0.5,0.35,0.430782916,-0.647446639,0.461538462,0.690185676,-0.049857149,0,0.054145178,1.080726614,0.013916602,0,0.056089744,0.131091774,-1.11E-16,0.010744811,0.048912754
gb,3,4,2,3,0.3,0.7,tycoon,A squirrel,I am a slightly curious person,35,Male,12,7,5,2,1,4,0,0,0.3,0.875,0.625,1,2,56,0,2,0,0.33333,0,1,0.5,0.083333333,NaN,-0.5,-0.65,1.049822124,-0.647446639,0,0,-0.193147181,0,0,0.976300052,0,0,0.016111757,0.102322803,0,0.03446712,0.064322906
gb,3,4,2,3,0.3,0.7,tycoon,A squirrel,I am a slightly curious person,35,Male,12,7,5,3,1,4,0,0,0.3,0.875,0.625,1,2,56,0,3,0,0.33333,0,2,0.333333333,0.055555556,-3.32E-16,-0.333333333,-0.533333333,0.762140052,-0.690923309,0,0,-0.431945622,-0.193147181,0,0.889220703,0,0,0.004957463,0.093483782,0,0.03036929,0.060222917
gb,3,4,2,3,0.3,0.7,tycoon,A squirrel,I am a slightly curious person,35,Male,12,7,5,4,2,4,0,1,0.7,0.875,0.625,2,2,56,1,4,0,0.33333,2,0,0.58974359,0.075279421,1.51E-08,0.41025641,0.287179487,0.338525625,-0.599606885,0.420863309,0.680569124,-0.169460509,-0.049857149,0.036406267,0.810759079,0.009225153,-1.11E-16,0.034071493,0.066844482,-1.11E-16,0.005618362,0.055092403
gb,3,4,2,3,0.3,0.7,tycoon,A squirrel,I am a slightly curious person,35,Male,12,7,5,5,2,3,1,1,0.7,0.875,0.625,2,2,56,1,5,0,0.33333,3,0,0.663669065,0.06242107,1.51E-08,0.336330935,0.235431655,0.268443859,-0.54575663,0.392378264,0.669800034,-0.317247853,-0.169460509,0.023643113,0.729281472,0.005413497,0,0.020047195,0.0482173,-1.11E-16,0.00278523,0.052278425
gb,3,4,2,3,0.3,0.7,tycoon,A squirrel,I am a slightly curious person,35,Male,12,7,5,6,2,2,1,1,0.7,0.875,0.625,2,2,56,1,6,0,0.33333,4,0,0.720818631,0.049557175,1.51E-08,0.279181369,0.195426958,0.217443525,-0.493997111,0.372868571,0.66046475,-0.466927048,-0.317247853,0.015384673,0.656108164,0.00321256,0,0.011626066,0.03552194,1.11E-16,0.001334355,0.050750111
gb,3,4,2,3,0.3,0.7,tycoon,A squirrel,I am a slightly curious person,35,Male,12,7,5,7,2,1,0,0,0.7,0.875,0.625,2,2,56,0,7,0,0.33333,4,1,0.763934695,0.038886415,-0.999999985,-0.763934695,-0.834754286,1.800321739,-0.448266988,0,0,-0.172348106,-0.466927048,0,0.870193724,0,0,0.036400986,0.079297649,0,0.004910265,0.054370187
gb,3,4,2,3,0.3,0.7,tycoon,A squirrel,I am a slightly curious person,35,Male,12,7,5,8,1,4,0,0,0.3,0.875,0.625,1,2,56,0,8,0,0.33333,0,3,0.25,0.0375,-3.32E-16,-0.25,-0.475,0.644357016,-0.691896659,0,0,-0.636294361,-0.431945622,0,0.811009571,0,0,0.001447859,0.076099776,0,0.01735388,0.041360471
gb,3,4,2,3,0.3,0.7,tycoon,A squirrel,I am a slightly curious person,35,Male,12,7,5,9,2,3,0,1,0.7,0.875,0.625,2,2,56,1,9,0,0.33333,5,1,0.599207332,0.047626322,0.285714286,0.400792668,0.280554867,0.329275013,-0.593476605,0.416988018,0.679301179,-0.259727487,-0.172348106,0.020928267,0.760880719,0.004600604,0,0.023717554,0.060508711,1.11E-16,0.002646807,0.039085128
gb,3,4,2,3,0.3,0.7,tycoon,A squirrel,I am a slightly curious person,35,Male,12,7,5,10,2,3,0,0,0.7,0.875,0.625,2,2,56,0,10,0,0.33333,5,2,0.645546412,0.040759615,-0.761904762,-0.645546412,-0.751882489,1.393852809,-0.560257554,0,0,-0.203628259,-0.259727487,0,0.857633375,0,0,0.049307474,0.095993157,0,0.006462498,0.04294237
gb,3,4,2,3,0.3,0.7,tycoon,A squirrel,I am a slightly curious person,35,Male,12,7,5,11,1,4,0,0,0.3,0.875,0.625,1,2,56,0,11,0,0.33333,0,4,0.2,0.026666667,-3.32E-16,-0.2,-0.44,0.579818495,-0.6859298,0,0,-0.809437912,-0.636294361,0,0.81162258,0,0,0.001248717,0.09413054,0,0.010329691,0.035926001
gb,3,4,2,3,0.3,0.7,tycoon,A squirrel,I am a slightly curious person,35,Male,12,7,5,12,2,3,1,1,0.7,0.875,0.625,2,2,56,1,12,0,0.33333,6,2,0.530553599,0.041805495,0.408163265,0.469446401,0.32861248,0.398408783,-0.633191658,0.446835831,0.687483623,-0.261816885,-0.203628259,0.023017317,0.779156153,0.004277332,0,0.034575004,0.078268914,1.11E-16,0.003755078,0.03315032
gb,3,4,2,3,0.3,0.7,tycoon,A squirrel,I am a slightly curious person,35,Male,12,7,5,13,1,4,1,1,0.3,0.875,0.625,1,2,56,1,13,0,0.33333,1,4,0.166666667,0.01984127,1,0.833333333,0.583333333,0.875468737,-0.679193266,0.72,0.592953317,-0.64897963,-0.809437912,0.069484267,0.812804631,0.004724276,0,0.001314523,0.079256566,-1.11E-16,0.015937237,0.038767083
gb,3,4,2,3,0.3,0.7,tycoon,A squirrel,I am a slightly curious person,35,Male,12,7,5,14,2,3,0,1,0.7,0.875,0.625,2,2,56,1,14,0,0.33333,7,2,0.574140717,0.037403886,0.357142857,0.425859283,0.298101498,0.35396647,-0.609247114,0.427412225,0.682571878,-0.327921028,-0.261816885,0.017233904,0.775909611,0.003181462,-2.22E-16,0.023920979,0.066409178,-1.11E-16,0.002120763,0.037153703
gb,3,4,2,3,0.3,0.7,tycoon,A squirrel,I am a slightly curious person,35,Male,12,7,5,15,1,4,1,1,0.3,0.875,0.625,1,2,56,1,15,0,0.33333,2,4,0.2,0.024285714,1,0.8,0.56,0.820980552,-0.6859298,0.681818182,0.62549136,-0.510122266,-0.64897963,0.0670261,0.812680485,0.004660075,0,0.001425811,0.06751718,0.00530303,0.023644259,0.044801765
gb,3,4,2,3,0.3,0.7,tycoon,A squirrel,I am a slightly curious person,35,Male,12,7,5,16,2,4,0,1,0.7,0.875,0.625,2,2,56,1,16,0,0.33333,8,2,0.611443432,0.033084727,0.317460318,0.388556568,0.271989597,0.317439942,-0.585227712,0.412082024,0.677607376,-0.395872462,-0.327921028,0.013090866,0.773423871,0.00236004,0,0.016406832,0.057094907,-1.11E-16,0.001172696,0.043881363
gb,3,4,2,3,0.3,0.7,tycoon,A squirrel,I am a slightly curious person,35,Male,12,7,5,17,1,4,0,0,0.3,0.875,0.625,1,2,56,0,17,0,0.33333,2,5,0.238636364,0.028550521,-0.047619048,-0.238636364,-0.467045455,0.629319139,-0.690973601,0,0,-0.658128866,-0.510122266,0,0.73292098,0,0,0.000290549,0.056039455,0,0.014945486,0.035176037
gb,3,4,2,3,0.3,0.7,tycoon,A squirrel,I am a slightly curious person,35,Male,12,7,5,18,2,3,0,1,0.7,0.875,0.625,2,2,56,1,18,0,0.33333,9,2,0.643255215,0.029176601,0.285714285,0.356744785,0.249721349,0.287310607,-0.562028808,0.399851441,0.672951386,-0.462562998,-0.395872462,0.010147025,0.69956173,0.001363357,0,0.011190722,0.047984883,1.11E-16,0.000638446,0.034642211
gb,3,4,2,3,0.3,0.7,tycoon,A squirrel,I am a slightly curious person,35,Male,12,7,5,19,1,4,1,1,0.3,0.875,0.625,1,2,56,1,19,0,0.33333,3,5,0.201137171,0.022514698,1,0.798862829,0.55920398,0.81917305,-0.686120484,0.680586907,0.626426272,-0.536554872,-0.658128866,0.062711644,0.724820144,0.002987109,0,0.000324787,0.048486568,0.004078254,0.021771011,0.041462196
gb,3,4,2,3,0.3,0.7,tycoon,A squirrel,I am a slightly curious person,35,Male,12,7,5,20,2,4,0,0,0.7,0.875,0.625,2,2,56,0,20,0,0.33333,9,3,0.670476596,0.025777244,-0.74025974,-0.670476596,-0.769333617,1.466782844,-0.540080286,0,0,-0.405302546,-0.462562998,0,0.812329092,0,0,0.023149155,0.070443284,0,0.001621718,0.042458863
bg,2,2,4,4,0.3,0.7,tycoon,A squirrel,I am a slightly curious person,18,Male,17,4,8,1,2,4,0,1,0.7,0.5,1,2,2,57,1,1,0,0.33333,1,0,0.5,0.083333333,NaN,0.5,0.35,0.430782916,-0.647446639,0.461538462,0.690185676,-0.049857149,0,0.054145178,1.080726614,0.013916602,0,0.056089744,0.131091774,-1.11E-16,0.010744811,0.048912754
bg,2,2,4,4,0.3,0.7,tycoon,A squirrel,I am a slightly curious person,18,Male,17,4,8,2,2,4,0,1,0.7,0.5,1,2,2,57,1,2,0,0.33333,2,0,0.58974359,0.075279421,1.51E-08,0.41025641,0.287179487,0.338525625,-0.599606885,0.420863309,0.680569124,-0.169460509,-0.049857149,0.036406267,1.034360651,0.008958085,-1.11E-16,0.034071493,0.09722322,-1.11E-16,0.005618362,0.04378613
bg,2,2,4,4,0.3,0.7,tycoon,A squirrel,I am a slightly curious person,18,Male,17,4,8,3,2,4,1,1,0.7,0.5,1,2,2,57,1,3,0,0.33333,3,0,0.663669065,0.06242107,1.51E-08,0.336330935,0.235431655,0.268443859,-0.54575663,0.392378264,0.669800034,-0.317247853,-0.169460509,0.023643113,0.977242825,-0.002056327,0,0.020047195,0.072110214,-2.22E-16,0.00278523,0.040958658
bg,2,2,4,4,0.3,0.7,tycoon,A squirrel,I am a slightly curious person,18,Male,17,4,8,4,2,4,1,1,0.7,0.5,1,2,2,57,1,4,0,0.33333,4,0,0.720818631,0.049557175,1.51E-08,0.279181369,0.195426958,0.217443525,-0.493997111,0.372868571,0.66046475,-0.466927048,-0.317247853,0.015384673,0.922739856,0.000857943,0,0.011626066,0.05480549,1.11E-16,0.001334355,0.039436114
bg,2,2,4,4,0.3,0.7,tycoon,A squirrel,I am a slightly curious person,18,Male,17,4,8,5,2,4,0,1,0.7,0.5,1,2,2,57,1,5,0,0.33333,5,0,0.763934695,0.038886415,1.51E-08,0.236065305,0.165245714,0.180617865,-0.448266988,0.359387193,0.653064793,-0.60687214,-0.466927048,0.010280655,0.868046664,0.002311121,0,0.00672169,0.042611923,-1.11E-16,0.000626477,0.038730308
bg,2,2,4,4,0.3,0.7,tycoon,A squirrel,I am a slightly curious person,18,Male,17,4,8,6,2,3,0,1,0.7,0.5,1,2,2,57,1,6,0,0.33333,6,0,0.79654368,0.030721348,1.51E-08,0.20345632,0.142419424,0.153640138,-0.409331248,0.349821356,0.647335981,-0.733891271,-0.60687214,0.00714069,0.817837112,0.001502543,0,0.003899167,0.033929837,0,0.000290958,0.038386026
bg,2,2,4,4,0.3,0.7,tycoon,A squirrel,I am a slightly curious person,18,Male,17,4,8,7,2,4,1,1,0.7,0.5,1,2,2,57,1,7,0,0.33333,7,0,0.821619976,0.024639009,1.51E-08,0.178380024,0.124866017,0.133378281,-0.37650936,0.342804651,0.642878283,-0.848385195,-0.733891271,0.005168064,0.772602778,0.001037818,0,0.002276322,0.027598968,0,0.000134477,0.03829491
bg,2,2,4,4,0.3,0.7,tycoon,A squirrel,I am a slightly curious person,18,Male,17,4,8,8,2,4,0,1,0.7,0.5,1,2,2,57,1,8,0,0.33333,8,0,0.841328165,0.020105567,1.51E-08,0.158671835,0.111070284,0.117737107,-0.348747191,0.337484499,0.639352845,-0.951870014,-0.848385195,0.003885588,0.73209272,0.000870588,-2.22E-16,0.001338821,0.022761344,-2.22E-16,6.21E-05,0.038218418
bg,2,2,4,4,0.3,0.7,tycoon,A squirrel,I am a slightly curious person,18,Male,17,4,8,9,2,4,1,1,0.7,0.5,1,2,2,57,1,9,0,0.33333,9,0,0.857160572,0.016681943,1.51E-08,0.142839428,0.099987599,0.105346737,-0.325055726,0.333328741,0.636510985,-1.045980038,-0.951870014,0.003018837,0.695479971,0.000522138,1.11E-16,0.000793303,0.019142804,1.11E-16,2.87E-05,0.038128363
bg,2,2,4,4,0.3,0.7,tycoon,A squirrel,I am a slightly curious person,18,Male,17,4,8,10,2,4,0,1,0.7,0.5,1,2,2,57,1,10,0,0.33333,10,0,0.870135238,0.014050404,1.51E-08,0.129864762,0.090905333,0.095306046,-0.304627445,0.329998636,0.63417767,-1.132152519,-1.045980038,0.002410467,0.662610814,0.000419821,0,0.000473337,0.016318266,0,1.33E-05,0.035364858
bg,2,2,4,4,0.3,0.7,tycoon,A squirrel,I am a slightly curious person,18,Male,17,4,8,11,2,4,1,1,0.7,0.5,1,2,2,57,1,11,0,0.33333,11,0,0.880954005,0.011990507,1.51E-08,0.119045995,0.083332197,0.087010137,-0.286833257,0.327272321,0.632230085,-1.211572609,-1.132152519,0.001968611,0.632890513,0.000312776,-1.11E-16,0.000284202,0.014070473,-1.11E-16,6.18E-06,0.03529658
bg,2,2,4,4,0.3,0.7,tycoon,A squirrel,I am a slightly curious person,18,Male,17,4,8,12,2,4,0,1,0.7,0.5,1,2,2,57,1,12,0,0.33333,12,0,0.890110381,0.010350269,1.51E-08,0.109889619,0.076922734,0.080042336,-0.27118852,0.324999879,0.63058094,-1.285199953,-1.211572609,0.001638027,0.605856674,0.000223341,0,0.000171597,0.012256312,-1.11E-16,2.88E-06,0.035796628
bg,2,2,4,4,0.3,0.7,tycoon,A squirrel,I am a slightly curious person,18,Male,17,4,8,13,2,4,0,0,0.7,0.5,1,2,2,57,0,13,0,0.33333,12,1,0.897959332,0.009023882,-0.999999985,-0.897959332,-0.928571532,2.63905878,-0.257318375,0,0,-0.815570071,-1.285199953,0,0.860964825,0,0,0.001048793,0.031584126,0,2.28E-05,0.037847288
bg,2,2,4,4,0.3,0.7,tycoon,A squirrel,I am a slightly curious person,18,Male,17,4,8,14,2,4,0,0,0.7,0.5,1,2,2,57,0,14,0,0.33333,12,2,0.809525164,0.014738113,-0.890109883,-0.809525164,-0.866667615,2.01491013,-0.392672693,0,0,-0.645651663,-0.815570071,0,0.994207405,0,0,0.003488533,0.054674769,0,9.73E-05,0.038265683
bg,2,2,4,4,0.3,0.7,tycoon,A squirrel,I am a slightly curious person,18,Male,17,4,8,15,1,4,0,0,0.3,0.5,1,1,2,57,0,15,0,0.33333,0,1,0.5,0.083333333,NaN,-0.5,-0.65,1.049822124,-0.647446639,0,0,-0.193147181,0,0,0.793747807,0,0,0.004483883,0.037140395,0,0.03446712,0.053712152
bg,2,2,4,4,0.3,0.7,tycoon,A squirrel,I am a slightly curious person,18,Male,17,4,8,16,2,4,1,1,0.7,0.5,1,2,2,57,1,16,0,0.33333,13,2,0.732149522,0.018283623,0.204081633,0.267850478,0.187495335,0.207633623,-0.482570724,0.369228649,0.658543878,-0.700713523,-0.645651663,0.004498269,0.764158621,0.000537214,1.11E-16,0.002356938,0.032879626,-1.11E-16,5.13E-05,0.053618231
bg,2,2,4,4,0.3,0.7,tycoon,A squirrel,I am a slightly curious person,18,Male,17,4,8,17,2,4,0,1,0.7,0.5,1,2,2,57,1,17,0,0.33333,14,2,0.747901476,0.016475424,0.190476194,0.252098524,0.176468967,0.194154046,-0.465996759,0.364284997,0.655843851,-0.753075449,-0.700713523,0.003825715,0.736492772,0.000506372,-2.22E-16,0.001590336,0.02930356,-1.11E-16,2.70E-05,0.053591371
bg,2,2,4,4,0.3,0.7,tycoon,A squirrel,I am a slightly curious person,18,Male,17,4,8,18,2,4,0,1,0.7,0.5,1,2,2,57,1,18,0,0.33333,15,2,0.761905559,0.014917633,0.178571428,0.238094441,0.166666109,0.182320887,-0.450560311,0.359999759,0.653418056,-0.80295404,-0.753075449,0.003293785,0.710502226,0.000393469,0,0.001071813,0.026232251,0,1.41E-05,0.053569333
bg,2,2,4,4,0.3,0.7,tycoon,A squirrel,I am a slightly curious person,18,Male,17,4,8,19,2,4,0,1,0.7,0.5,1,2,2,57,1,19,0,0.33333,16,2,0.774436362,0.013567541,0.168067225,0.225563638,0.157894547,0.171850031,-0.436162007,0.35624992,0.651229967,-0.850553738,-0.80295404,0.00286591,0.686130948,0.000294169,-2.22E-16,0.000721562,0.023679909,0,7.39E-06,0.053557489
bg,2,2,4,4,0.3,0.7,tycoon,A squirrel,I am a slightly curious person,18,Male,17,4,8,20,2,4,1,1,0.7,0.5,1,2,2,57,1,20,0,0.33333,17,2,0.785714378,0.012390597,0.158730155,0.214285622,0.149999936,0.162518854,-0.422708976,0.35294115,0.649248339,-0.896060898,-0.850553738,0.002516589,0.663323521,0.000200026,-2.22E-16,0.000485266,0.021448515,0,3.85E-06,0.053558164
gb,3,2,1,0,0.7,0.3,bandit,A squirrel,I am not a very curious person,19,Male,8,5,1,1,1,1,0,1,0.7,0.125,0.625,1,1,58,1,1,0,0.33333,1,0,0.5,0.083333333,NaN,0.5,0.65,1.049822124,-0.647446639,0,0,-0.193147181,0,0,1.03952273,0,0,0.029166667,0.093376317,0,0.03446712,0.072619437
gb,3,2,1,0,0.7,0.3,bandit,A squirrel,I am not a very curious person,19,Male,8,5,1,2,2,1,1,0,0.3,0.125,0.625,2,1,58,0,2,0,0.33333,0,1,0.5,0.083333333,NaN,-0.5,-0.35,0.430782916,-0.647446639,0.461538462,0.690185676,-0.049857149,0,0.054145178,0.983454681,0.020211579,-5.55E-17,0.022602092,0.08100466,0,0.010744811,0.064322906
gb,3,2,1,0,0.7,0.3,bandit,A squirrel,I am not a very curious person,19,Male,8,5,1,3,2,1,0,1,0.3,0.125,0.625,2,1,58,1,3,0,0.33333,1,1,0.41025641,0.075279421,1,0.58974359,0.712820513,1.247647868,-0.599606885,0,0,-0.093938823,-0.049857149,0,1.05842082,0,0,0.048341054,0.102565196,0,0.023469388,0.077039922
gb,3,2,1,0,0.7,0.3,bandit,A squirrel,I am not a very curious person,19,Male,8,5,1,4,2,2,1,0,0.3,0.125,0.625,2,1,58,0,4,0,0.33333,1,2,0.59375,0.059960937,-0.714285714,-0.59375,-0.415625,0.537212379,-0.678840541,0.513368984,0.692789678,-0.068419324,-0.093938823,0.05510258,1.03220855,0.018005924,0,0.031480826,0.089577169,1.11E-16,0.014819018,0.068392048
gb,3,2,1,0,0.7,0.3,bandit,A squirrel,I am not a very curious person,19,Male,8,5,1,5,1,2,1,0,0.7,0.125,0.625,1,1,58,0,5,0,0.33333,1,1,0.666666667,0.055555556,-0.999999985,-0.666666667,-0.466666667,0.628608659,-0.690923309,0.5625,0.685314207,-0.093938823,-0.193147181,0.069434567,1.083120441,0.023074413,0.006714572,0.050839131,0.119981981,0,0.023469388,0.05738955
gb,3,2,1,0,0.7,0.3,bandit,A squirrel,I am not a very curious person,19,Male,8,5,1,6,1,1,0,1,0.7,0.125,0.625,1,1,58,1,6,0,0.33333,2,1,0.59375,0.059960937,0.285714286,0.40625,0.584375,0.877971868,-0.678840541,0,0,-0.286460356,-0.093938823,0,1.009383857,0,0,0.021345795,0.0747372,0,0.035631937,0.069558766
gb,3,2,1,0,0.7,0.3,bandit,A squirrel,I am not a very curious person,19,Male,8,5,1,7,1,1,0,1,0.7,0.125,0.625,1,1,58,1,7,0,0.33333,3,1,0.694736842,0.04365651,0.047619048,0.305263158,0.513684211,0.720897094,-0.692772619,0,0,-0.477126407,-0.286460356,0,0.922804152,0,0,0.009321547,0.050468631,0,0.026293758,0.060211317
gb,3,2,1,0,0.7,0.3,bandit,A squirrel,I am not a very curious person,19,Male,8,5,1,8,2,1,0,1,0.3,0.125,0.625,2,1,58,1,8,0,0.33333,2,2,0.521925134,0.059144957,0.523809529,0.478074866,0.634652406,1.006906067,-0.656433082,0,0,-0.193348887,-0.068419324,0,0.990122226,0,0,0.0268486,0.061688945,0,0.025346907,0.070779766
gb,3,2,1,0,0.7,0.3,bandit,A squirrel,I am not a very curious person,19,Male,8,5,1,9,1,2,1,0,0.7,0.125,0.625,1,1,58,0,9,0,0.33333,3,2,0.757575758,0.032139578,-0.999999985,-0.757575758,-0.53030303,0.755667538,-0.691309507,0.638709677,0.654156989,-0.352252836,-0.477126407,0.0668108,1.04330716,0.020326589,0.002591222,0.035126286,0.081011354,0.012903226,0.035836067,0.080279685
gb,3,2,1,0,0.7,0.3,bandit,A squirrel,I am not a very curious person,19,Male,8,5,1,10,1,2,0,0,0.7,0.125,0.625,1,1,58,0,10,0,0.33333,3,3,0.709677419,0.036680541,-0.857142857,-0.709677419,-0.496774194,0.68671629,-0.693126369,0.596153846,0.674540362,-0.270498672,-0.352252836,0.058683512,1.07331952,0.01725796,0.014675284,0.050371871,0.103088737,1.11E-16,0.026183535,0.070657736
gb,3,2,1,0,0.7,0.3,bandit,A squirrel,I am not a very curious person,19,Male,8,5,1,11,1,1,0,1,0.7,0.125,0.625,1,1,58,1,11,0,0.33333,4,3,0.658653846,0.039465709,0.285714286,0.341346154,0.538942308,0.774232098,-0.6901111,0,0,-0.402753524,-0.270498672,0,1.039391759,0,0,0.029392932,0.075417586,0,0.033570596,0.078018721
gb,3,2,1,0,0.7,0.3,bandit,A squirrel,I am not a very curious person,19,Male,8,5,1,12,1,1,0,1,0.7,0.125,0.625,1,1,58,1,12,0,0.33333,5,3,0.718572587,0.032002412,0.183673469,0.281427413,0.496999189,0.687163496,-0.693129171,0,0,-0.536554872,-0.402753524,0,0.990673027,0,0,0.017215187,0.056716699,0,0.021771011,0.06622305
gb,3,2,1,0,0.7,0.3,bandit,A squirrel,I am not a very curious person,19,Male,8,5,1,13,2,1,0,0,0.3,0.125,0.625,2,1,58,0,13,0,0.33333,2,3,0.635245902,0.047282317,-0.714285715,-0.635245902,-0.444672131,0.588196585,-0.687012278,0.540221402,0.68990816,-0.1552444,-0.193348887,0.052273614,0.94436196,0.018004188,0,0.016523534,0.04859757,-1.11E-16,0.016947838,0.057815368
gb,3,2,1,0,0.7,0.3,bandit,A squirrel,I am not a very curious person,19,Male,8,5,1,14,2,3,0,0,0.3,0.125,0.625,2,1,58,0,14,0,0.33333,2,4,0.575645756,0.047783255,-0.571428571,-0.575645756,-0.40295203,0.515757816,-0.674190472,0.502472188,0.693134957,-0.163472784,-0.1552444,0.040802486,0.885676386,0.013659135,0,0.010053583,0.042328864,0,0.010714599,0.051574196
gb,3,2,1,0,0.7,0.3,bandit,A squirrel,I am not a very curious person,19,Male,8,5,1,15,2,3,0,0,0.3,0.125,0.625,2,1,58,0,15,0,0.33333,2,5,0.519622991,0.045607934,-0.476190477,-0.519622991,-0.363736094,0.452141855,-0.655537563,0.471502465,0.691522081,-0.203628259,-0.163472784,0.030843712,0.823797167,0.00870937,0,0.005811171,0.037812276,1.11E-16,0.006462498,0.047379965
gb,3,2,1,0,0.7,0.3,bandit,A squirrel,I am not a very curious person,19,Male,8,5,1,16,2,4,0,0,0.3,0.125,0.625,2,1,58,0,16,0,0.33333,2,6,0.469446401,0.041805495,-0.408163265,-0.469446401,-0.32861248,0.398408783,-0.633191658,0.446835831,0.687483623,-0.261816885,-0.203628259,0.023017317,0.767336688,0.004837546,0,0.003222778,0.034728749,0,0.003755078,0.044538251
gb,3,2,1,0,0.7,0.3,bandit,A squirrel,I am not a very curious person,19,Male,8,5,1,17,1,2,1,0,0.7,0.125,0.625,1,1,58,0,17,0,0.33333,5,4,0.763108675,0.025914689,-0.892857143,-0.763108675,-0.534176072,0.763947554,-0.69080935,0.644020159,0.651070009,-0.444164508,-0.536554872,0.057441423,0.842458475,0.011248773,0,0.006915546,0.044651404,0.010062439,0.030437972,0.053226328
gb,3,2,1,0,0.7,0.3,bandit,A squirrel,I am not a very curious person,19,Male,8,5,1,18,1,3,1,0,0.7,0.125,0.625,1,1,58,0,18,0,0.33333,5,5,0.724166316,0.028588486,-0.793650794,-0.724166316,-0.506916421,0.707076589,-0.693051504,0.608416125,0.669451304,-0.384117107,-0.444164508,0.050519563,0.909199861,0.010143943,5.55E-17,0.010548419,0.055975822,0.002805375,0.026459458,0.049059139
gb,3,2,1,0,0.7,0.3,bandit,A squirrel,I am not a very curious person,19,Male,8,5,1,19,1,1,0,1,0.7,0.125,0.625,1,1,58,1,19,0,0.33333,6,5,0.683581027,0.03020575,0.285714286,0.316418973,0.521493281,0.737085027,-0.692222974,0,0,-0.479838749,-0.384117107,0,0.83352739,0,0,0.005377449,0.042509033,0,0.028087181,0.050856028
gb,3,2,1,0,0.7,0.3,bandit,A squirrel,I am not a very curious person,19,Male,8,5,1,20,2,4,1,0,0.3,0.125,0.625,2,1,58,0,20,0,0.33333,2,7,0.425859283,0.037403886,-0.357142862,-0.425859283,-0.298101498,0.35396647,-0.609247114,0.427412225,0.682571878,-0.327921028,-0.261816885,0.017233904,0.784530728,0.004331061,0,0.002709614,0.039992628,-1.11E-16,0.002120763,0.04926862
bg,3,2,2,2,0.7,0.3,tycoon,A squirrel,I am a slightly curious person,18,Male,14,5,4,1,1,2,0,1,0.7,0.5,0.625,1,2,59,1,1,0,0.33333,1,0,0.5,0.083333333,NaN,0.5,0.35,0.430782916,-0.647446639,0.461538462,0.690185676,-0.049857149,0,0.054145178,1.080889095,0.014094332,0,0.056089744,0.131073366,-1.11E-16,0.010744811,0.048912754
bg,3,2,2,2,0.7,0.3,tycoon,A squirrel,I am a slightly curious person,18,Male,14,5,4,2,2,2,0,0,0.3,0.5,0.625,2,2,59,0,2,0,0.33333,0,1,0.5,0.083333333,NaN,-0.5,-0.65,1.049822124,-0.647446639,0,0,-0.193147181,0,0,0.975252971,0,0,0.016111757,0.102310032,0,0.03446712,0.064322906
bg,3,2,2,2,0.7,0.3,tycoon,A squirrel,I am a slightly curious person,18,Male,14,5,4,3,1,1,0,0,0.7,0.5,0.625,1,2,59,0,3,0,0.33333,1,1,0.58974359,0.075279421,-0.999999985,-0.58974359,-0.712820513,1.247647868,-0.599606885,0,0,-0.093938823,-0.049857149,0,1.037124785,0,0,0.045117187,0.107941734,0,0.023469388,0.077039922
bg,3,2,2,2,0.7,0.3,tycoon,A squirrel,I am a slightly curious person,18,Male,14,5,4,4,1,1,0,0,0.7,0.5,0.625,1,2,59,0,4,0,0.33333,1,2,0.40625,0.059960938,-0.285714286,-0.40625,-0.584375,0.877971868,-0.678840541,0,0,-0.286460356,-0.093938823,0,0.995246053,0,0,0.018190789,0.084974682,0,0.035631937,0.089213482
bg,3,2,2,2,0.7,0.3,tycoon,A squirrel,I am a slightly curious person,18,Male,14,5,4,5,1,2,1,1,0.7,0.5,0.625,1,2,59,1,5,0,0.33333,2,2,0.305263158,0.04365651,0.952380952,0.694736842,0.486315789,0.666146579,-0.692772619,0.584016393,0.678962475,-0.193348887,-0.286460356,0.06368976,1.026676081,0.014508262,0,0.028195441,0.095377537,1.11E-16,0.025346907,0.078939702
bg,3,2,2,2,0.7,0.3,tycoon,A squirrel,I am a slightly curious person,18,Male,14,5,4,6,1,3,1,1,0.7,0.5,0.625,1,2,59,1,6,0,0.33333,3,2,0.364754098,0.047282317,0.714285715,0.635245902,0.444672131,0.588196585,-0.687012278,0.540221402,0.68990816,-0.1552444,-0.193348887,0.052273614,1.03735636,0.009804065,0,0.040743196,0.107058015,-1.11E-16,0.016947838,0.070546212
bg,3,2,2,2,0.7,0.3,tycoon,A squirrel,I am a slightly curious person,18,Male,14,5,4,7,1,2,0,1,0.7,0.5,0.625,1,2,59,1,7,0,0.33333,4,2,0.424354244,0.047783255,0.571428571,0.575645756,0.40295203,0.515757816,-0.674190472,0.502472188,0.693134957,-0.163472784,-0.1552444,0.040802486,1.031906273,0.007312591,0.012870828,0.055189844,0.119633644,2.22E-16,0.010714599,0.064303556
bg,3,2,2,2,0.7,0.3,tycoon,A squirrel,I am a slightly curious person,18,Male,14,5,4,8,1,1,1,1,0.7,0.5,0.625,1,2,59,1,8,0,0.33333,5,2,0.480377009,0.045607934,0.476190475,0.519622991,0.363736094,0.452141855,-0.655537563,0.471502465,0.691522081,-0.203628259,-0.163472784,0.030843712,1.014245712,0.005806161,0.006476602,0.049307474,0.110704961,-1.11E-16,0.006462498,0.060058802
bg,3,2,2,2,0.7,0.3,tycoon,A squirrel,I am a slightly curious person,18,Male,14,5,4,9,2,3,0,1,0.3,0.5,0.625,2,2,59,1,9,0,0.33333,1,1,0.333333333,0.055555556,1,0.666666667,0.466666667,0.628608659,-0.690923309,0.5625,0.685314207,-0.093938823,-0.193147181,0.069434567,1.065000709,0.015190942,0,0.037825383,0.119937485,0,0.023469388,0.049089638
bg,3,2,2,2,0.7,0.3,tycoon,A squirrel,I am a slightly curious person,18,Male,14,5,4,10,2,3,0,1,0.3,0.5,0.625,2,2,59,1,10,0,0.33333,2,1,0.40625,0.059960938,0.714285714,0.59375,0.415625,0.537212379,-0.678840541,0.513368984,0.692789678,-0.068419324,-0.093938823,0.05510258,1.093412193,0.013071565,0.007934416,0.054510923,0.130673266,1.11E-16,0.014819018,0.040362081
bg,3,2,2,2,0.7,0.3,tycoon,A squirrel,I am a slightly curious person,18,Male,14,5,4,11,2,3,0,1,0.3,0.5,0.625,2,2,59,1,11,0,0.33333,3,1,0.478074866,0.059144957,0.476190474,0.521925134,0.365347594,0.454677821,-0.656433082,0.472699697,0.691655826,-0.102038269,-0.068419324,0.041065537,1.096792667,0.010003136,0.017364677,0.063950609,0.133205478,0,0.008758475,0.034219499
bg,3,2,2,2,0.7,0.3,tycoon,A squirrel,I am a slightly curious person,18,Male,14,5,4,12,2,2,1,1,0.3,0.5,0.625,2,2,59,1,12,0,0.33333,4,1,0.54330974,0.054325817,0.357142859,0.45669026,0.319683182,0.38519668,-0.626630418,0.440971018,0.68616206,-0.172348106,-0.102038269,0.029483823,1.079504483,0.007731049,0,0.043507797,0.105658965,-1.11E-16,0.004910265,0.030515055
bg,3,2,2,2,0.7,0.3,tycoon,A squirrel,I am a slightly curious person,18,Male,14,5,4,13,1,1,0,0,0.7,0.5,0.625,1,2,59,0,13,0,0.33333,5,3,0.530553599,0.041805495,-0.591836735,-0.530553599,-0.67138752,1.112876093,-0.633191658,0,0,-0.232047957,-0.203628259,0,1.022949112,0,0,0.016581456,0.091931228,0,0.011994021,0.036020305
bg,3,2,2,2,0.7,0.3,tycoon,A squirrel,I am a slightly curious person,18,Male,14,5,4,14,1,2,0,1,0.7,0.5,0.625,1,2,59,1,14,0,0.33333,6,3,0.441500845,0.038986468,0.535714285,0.558499155,0.390949409,0.495853942,-0.669170875,0.492569918,0.693036764,-0.258135832,-0.232047957,0.030622857,1.052064058,0.004428521,0,0.022567136,0.096783253,1.11E-16,0.007603174,0.031581693
bg,3,2,2,2,0.7,0.3,tycoon,A squirrel,I am a slightly curious person,18,Male,14,5,4,15,1,3,0,1,0.7,0.5,0.625,1,2,59,1,15,0,0.33333,7,3,0.486309155,0.036582874,0.476190475,0.513690845,0.359583592,0.445636676,-0.653178232,0.468445212,0.691154447,-0.300546827,-0.258135832,0.023617732,1.07192014,0.002847939,0,0.029326429,0.101864633,-1.11E-16,0.004658378,0.028650171
bg,3,2,2,2,0.7,0.3,tycoon,A squirrel,I am a slightly curious person,18,Male,14,5,4,16,1,1,0,0,0.7,0.5,0.625,1,2,59,0,16,0,0.33333,7,4,0.526295657,0.033586415,-0.571428566,-0.526295657,-0.66840696,1.103846844,-0.635301069,0,0,-0.313823874,-0.300546827,0,1.023873841,0,0,0.014541265,0.091471571,0,0.008449089,0.032108952
bg,3,2,2,2,0.7,0.3,tycoon,A squirrel,I am a slightly curious person,18,Male,14,5,4,17,2,1,0,0,0.3,0.5,0.625,2,2,59,0,17,0,0.33333,4,2,0.599207332,0.047626322,-0.714285714,-0.599207332,-0.719445133,1.270985967,-0.593476605,0,0,-0.163472784,-0.172348106,0,1.07924045,0,0,0.055189844,0.127175283,0,0.010714599,0.038132783
bg,3,2,2,2,0.7,0.3,tycoon,A squirrel,I am a slightly curious person,18,Male,14,5,4,18,2,2,1,1,0.3,0.5,0.625,2,2,59,1,18,0,0.33333,5,2,0.480377009,0.045607934,0.476190475,0.519622991,0.363736094,0.452141855,-0.655537563,0.471502465,0.691522081,-0.203628259,-0.163472784,0.030843712,1.068382718,0.007058245,0.006476602,0.049307474,0.116182,-1.11E-16,0.006462498,0.033419372
bg,3,2,2,2,0.7,0.3,tycoon,A squirrel,I am a slightly curious person,18,Male,14,5,4,19,2,3,1,1,0.3,0.5,0.625,2,2,59,1,19,0,0.33333,6,2,0.530553599,0.041805495,0.408163265,0.469446401,0.32861248,0.398408783,-0.633191658,0.446835831,0.687483623,-0.261816885,-0.203628259,0.023017317,1.04403985,0.005783677,0,0.034575004,0.096004765,1.11E-16,0.003755078,0.031221204
bg,3,2,2,2,0.7,0.3,tycoon,A squirrel,I am a slightly curious person,18,Male,14,5,4,20,2,2,1,1,0.3,0.5,0.625,2,2,59,1,20,0,0.33333,7,2,0.574140717,0.037403886,0.357142857,0.425859283,0.298101498,0.35396647,-0.609247114,0.427412225,0.682571878,-0.327921028,-0.261816885,0.017233904,1.010444899,0.001238256,-2.22E-16,0.023920979,0.079877986,-1.11E-16,0.002120763,0.029591068
bg,3,2,3,3,0.7,0.3,tycoon,A squirrel,I am a slightly curious person,24,Female,13,5,6,1,1,2,1,1,0.7,0.75,0.625,1,2,60,1,1,0,0.33333,1,0,0.5,0.083333333,NaN,0.5,0.35,0.430782916,-0.647446639,0.461538462,0.690185676,-0.049857149,0,0.054145178,1.080889095,0.014094332,0,0.056089744,0.131073366,-1.11E-16,0.010744811,0.048912754
bg,3,2,3,3,0.7,0.3,tycoon,A squirrel,I am a slightly curious person,24,Female,13,5,6,2,2,1,1,1,0.3,0.75,0.625,2,2,60,1,2,0,0.33333,1,0,0.5,0.083333333,NaN,0.5,0.35,0.430782916,-0.647446639,0.461538462,0.690185676,-0.049857149,0,0.054145178,1.083040303,0.013293712,0.028994083,0.081953072,0.14653679,0,0.010744811,0.040598993
bg,3,2,3,3,0.7,0.3,tycoon,A squirrel,I am a slightly curious person,24,Female,13,5,6,3,1,1,0,0,0.7,0.75,0.625,1,2,60,0,3,0,0.33333,1,1,0.58974359,0.075279421,-0.999999985,-0.58974359,-0.712820513,1.247647868,-0.599606885,0,0,-0.093938823,-0.049857149,0,1.027513187,0,0,0.025871763,0.110224348,0,0.023469388,0.053316366
bg,3,2,3,3,0.7,0.3,tycoon,A squirrel,I am a slightly curious person,24,Female,13,5,6,4,2,1,0,1,0.3,0.75,0.625,2,2,60,1,4,0,0.33333,2,0,0.58974359,0.075279421,1.51E-08,0.41025641,0.287179487,0.338525625,-0.599606885,0.420863309,0.680569124,-0.169460509,-0.049857149,0.036406267,0.958904318,0.011185214,-1.11E-16,0.034071493,0.079535267,-1.11E-16,0.005618362,0.048198725
bg,3,2,3,3,0.7,0.3,tycoon,A squirrel,I am a slightly curious person,24,Female,13,5,6,5,1,1,1,1,0.7,0.75,0.625,1,2,60,1,5,0,0.33333,2,1,0.40625,0.059960938,0.714285714,0.59375,0.415625,0.537212379,-0.678840541,0.513368984,0.692789678,-0.068419324,-0.093938823,0.05510258,1.002706052,0.004957983,0,0.022250888,0.086439616,0,0.014819018,0.039540933
bg,3,2,3,3,0.7,0.3,tycoon,A squirrel,I am a slightly curious person,24,Female,13,5,6,6,2,1,0,0,0.3,0.75,0.625,2,2,60,0,6,0,0.33333,2,1,0.663669065,0.06242107,-0.999999985,-0.663669065,-0.764568345,1.446334621,-0.54575663,0,0,-0.068419324,-0.169460509,0,1.093517304,0,0,0.064268048,0.147289761,0,0.014819018,0.048745152
bg,3,2,3,3,0.7,0.3,tycoon,A squirrel,I am a slightly curious person,24,Female,13,5,6,7,2,1,1,1,0.3,0.75,0.625,2,2,60,1,7,0,0.33333,3,1,0.478074866,0.059144957,0.476190474,0.521925134,0.365347594,0.454677821,-0.656433082,0.472699697,0.691655826,-0.102038269,-0.068419324,0.041065537,1.08938833,0.0093323,0.007254803,0.054716991,0.130061529,0,0.008758475,0.042633814
bg,3,2,3,3,0.7,0.3,tycoon,A squirrel,I am a slightly curious person,24,Female,13,5,6,8,2,1,1,1,0.3,0.75,0.625,2,2,60,1,8,0,0.33333,4,1,0.54330974,0.054325817,0.357142859,0.45669026,0.319683182,0.38519668,-0.626630418,0.440971018,0.68616206,-0.172348106,-0.102038269,0.029483823,1.067405895,0.007001379,0,0.036400986,0.103584375,-1.11E-16,0.004910265,0.038829365
bg,3,2,3,3,0.7,0.3,tycoon,A squirrel,I am a slightly curious person,24,Female,13,5,6,9,2,1,1,1,0.3,0.75,0.625,2,2,60,1,9,0,0.33333,5,1,0.599207332,0.047626322,0.285714286,0.400792668,0.280554867,0.329275013,-0.593476605,0.416988018,0.679301179,-0.259727487,-0.172348106,0.020928267,1.033241564,0.004115776,0,0.023717554,0.083014678,1.11E-16,0.002646807,0.036563152
bg,3,2,3,3,0.7,0.3,tycoon,A squirrel,I am a slightly curious person,24,Female,13,5,6,10,2,1,0,0,0.3,0.75,0.625,2,2,60,0,10,0,0.33333,5,2,0.645546412,0.040759615,-0.761904762,-0.645546412,-0.751882489,1.393852809,-0.560257554,0,0,-0.203628259,-0.259727487,0,1.093417735,0,0,0.049307474,0.130672538,0,0.006462498,0.040362081
bg,3,2,3,3,0.7,0.3,tycoon,A squirrel,I am a slightly curious person,24,Female,13,5,6,11,1,1,0,1,0.7,0.75,0.625,1,2,60,1,11,0,0.33333,3,1,0.478074866,0.059144957,0.476190474,0.521925134,0.365347594,0.454677821,-0.656433082,0.472699697,0.691655826,-0.102038269,-0.068419324,0.041065537,1.096740727,0.010208389,0.017364677,0.063950609,0.133205478,0,0.008758475,0.034219499
bg,3,2,3,3,0.7,0.3,tycoon,A squirrel,I am a slightly curious person,24,Female,13,5,6,12,2,1,1,1,0.3,0.75,0.625,2,2,60,1,12,0,0.33333,6,2,0.530553599,0.041805495,0.408163265,0.469446401,0.32861248,0.398408783,-0.633191658,0.446835831,0.687483623,-0.261816885,-0.203628259,0.023017317,1.097363775,0.004197158,0.003989931,0.045824538,0.119579908,0,0.003755078,0.031607008
bg,3,2,3,3,0.7,0.3,tycoon,A squirrel,I am a slightly curious person,24,Female,13,5,6,13,2,1,0,0,0.3,0.75,0.625,2,2,60,0,13,0,0.33333,6,3,0.574140717,0.037403886,-0.642857143,-0.574140717,-0.701898502,1.210321252,-0.609247114,0,0,-0.258135832,-0.261816885,0,1.081419594,0,0,0.036446199,0.122921079,0,0.007603174,0.034985566
bg,3,2,3,3,0.7,0.3,tycoon,A squirrel,I am a slightly curious person,24,Female,13,5,6,14,2,1,0,1,0.3,0.75,0.625,2,2,60,1,14,0,0.33333,7,3,0.486309155,0.036582874,0.476190475,0.513690845,0.359583592,0.445636676,-0.653178232,0.468445212,0.691154447,-0.300546827,-0.258135832,0.023617732,1.093908039,0.003510762,0.006781298,0.046255027,0.129101143,-1.11E-16,0.004658378,0.032484176
bg,3,2,3,3,0.7,0.3,tycoon,A squirrel,I am a slightly curious person,24,Female,13,5,6,15,2,1,0,0,0.3,0.75,0.625,2,2,60,0,15,0,0.33333,7,4,0.526295657,0.033586415,-0.571428566,-0.526295657,-0.66840696,1.103846844,-0.635301069,0,0,-0.313823874,-0.300546827,0,1.061433241,0,0,0.025492294,0.116616553,0,0.008449089,0.035739993
bg,3,2,3,3,0.7,0.3,tycoon,A squirrel,I am a slightly curious person,24,Female,13,5,6,16,2,1,0,0,0.3,0.75,0.625,2,2,60,0,16,0,0.33333,7,5,0.455394017,0.032338032,-0.480519481,-0.455394017,-0.618775812,0.964367656,-0.664660247,0,0,-0.35116401,-0.313823874,0,1.016311442,0,0,0.013560174,0.108622677,0,0.013417801,0.040153059
bg,3,2,3,3,0.7,0.3,tycoon,A squirrel,I am a slightly curious person,24,Female,13,5,6,17,2,1,0,1,0.3,0.75,0.625,2,2,60,1,17,0,0.33333,8,5,0.396015249,0.030149451,0.595238094,0.603984751,0.422789325,0.549547958,-0.68117636,0.519740908,0.692367571,-0.366182202,-0.35116401,0.028643145,1.042512836,0.002805962,0,0.018365598,0.112437556,1.11E-16,0.009080232,0.036642758
bg,3,2,3,3,0.7,0.3,tycoon,A squirrel,I am a slightly curious person,24,Female,13,5,6,18,2,1,0,0,0.3,0.75,0.625,2,2,60,0,18,0,0.33333,8,6,0.432578356,0.028914711,-0.45054945,-0.432578356,-0.602804849,0.923327555,-0.671857996,0,0,-0.401590471,-0.366182202,0,0.99952105,0,0,0.009933856,0.106320943,0,0.013790969,0.04032184
bg,3,2,3,3,0.7,0.3,tycoon,A squirrel,I am a slightly curious person,24,Female,13,5,6,19,2,1,0,1,0.3,0.75,0.625,2,2,60,1,19,0,0.33333,9,6,0.381620288,0.027093126,0.612244898,0.618379712,0.432865799,0.567159317,-0.684105897,0.528975328,0.6914671,-0.414481857,-0.401590471,0.027429065,1.025548081,0.002548609,0,0.013531282,0.109490176,0,0.009552025,0.037261174
bg,3,2,3,3,0.7,0.3,tycoon,A squirrel,I am a slightly curious person,24,Female,13,5,6,20,2,1,0,1,0.3,0.75,0.625,2,2,60,1,20,0,0.33333,10,6,0.415060677,0.026123173,0.571428578,0.584939323,0.409457526,0.526713718,-0.676660497,0.50800749,0.693018935,-0.437783534,-0.414481857,0.02237518,1.047318826,0.002011298,0,0.017769528,0.112857342,0,0.006451302,0.034260875
gb,1,1,2,2,0.3,0.7,tycoon,A squirrel,I am a slightly curious person,22,Female,14,2,4,1,1,4,1,1,0.3,0.25,0.5,1,2,61,1,1,0,0.33333,1,0,0.5,0.083333333,NaN,0.5,0.35,0.430782916,-0.647446639,0.461538462,0.690185676,-0.049857149,0,0.054145178,1.080889095,0.014094332,0,0.056089744,0.131073366,-1.11E-16,0.010744811,0.048912754
gb,1,1,2,2,0.3,0.7,tycoon,A squirrel,I am a slightly curious person,22,Female,14,2,4,2,1,1,0,0,0.3,0.25,0.5,1,2,61,0,2,0,0.33333,1,1,0.58974359,0.075279421,-0.999999985,-0.58974359,-0.712820513,1.247647868,-0.599606885,0,0,-0.093938823,-0.049857149,0,1.07151928,0,0,0.045117187,0.150200277,0,0.023469388,0.061623307
gb,1,1,2,2,0.3,0.7,tycoon,A squirrel,I am a slightly curious person,22,Female,14,2,4,3,2,4,1,1,0.7,0.25,0.5,2,2,61,1,3,0,0.33333,1,0,0.5,0.083333333,NaN,0.5,0.35,0.430782916,-0.647446639,0.461538462,0.690185676,-0.049857149,0,0.054145178,1.027513187,0.016439571,0,0.056089744,0.110224348,1.11E-16,0.010744811,0.053316366
gb,1,1,2,2,0.3,0.7,tycoon,A squirrel,I am a slightly curious person,22,Female,14,2,4,4,2,1,0,0,0.7,0.25,0.5,2,2,61,0,4,0,0.33333,1,1,0.58974359,0.075279421,-0.999999985,-0.58974359,-0.712820513,1.247647868,-0.599606885,0,0,-0.093938823,-0.049857149,0,1.068411368,0,0,0.045117187,0.120615772,0,0.023469388,0.066037201
gb,1,1,2,2,0.3,0.7,tycoon,A squirrel,I am a slightly curious person,22,Female,14,2,4,5,2,4,1,1,0.7,0.25,0.5,2,2,61,1,5,0,0.33333,2,1,0.40625,0.059960938,0.714285714,0.59375,0.415625,0.537212379,-0.678840541,0.513368984,0.692789678,-0.068419324,-0.093938823,0.05510258,1.074939816,0.012675428,0.018342246,0.064268048,0.134981312,-1.11E-16,0.014819018,0.05738955
gb,1,1,2,2,0.3,0.7,tycoon,A squirrel,I am a slightly curious person,22,Female,14,2,4,6,2,1,0,1,0.7,0.25,0.5,2,2,61,1,6,0,0.33333,3,1,0.478074866,0.059144957,0.476190474,0.521925134,0.365347594,0.454677821,-0.656433082,0.472699697,0.691655826,-0.102038269,-0.068419324,0.041065537,1.058654071,0.009373058,0.007254803,0.054716991,0.119775161,0,0.008758475,0.051339537
gb,1,1,2,2,0.3,0.7,tycoon,A squirrel,I am a slightly curious person,22,Female,14,2,4,7,2,1,0,1,0.7,0.25,0.5,2,2,61,1,7,0,0.33333,4,1,0.54330974,0.054325817,0.357142859,0.45669026,0.319683182,0.38519668,-0.626630418,0.440971018,0.68616206,-0.172348106,-0.102038269,0.029483823,1.02663016,0.006838407,0,0.036400986,0.095000993,-1.11E-16,0.004910265,0.047481318
gb,1,1,2,2,0.3,0.7,tycoon,A squirrel,I am a slightly curious person,22,Female,14,2,4,8,2,1,1,1,0.7,0.25,0.5,2,2,61,1,8,0,0.33333,5,1,0.599207332,0.047626322,0.285714286,0.400792668,0.280554867,0.329275013,-0.593476605,0.416988018,0.679301179,-0.259727487,-0.172348106,0.020928267,0.985010195,0.003035336,0,0.023717554,0.075858526,0,0.002646807,0.045211973
gb,1,1,2,2,0.3,0.7,tycoon,A squirrel,I am a slightly curious person,22,Female,14,2,4,9,2,1,0,0,0.7,0.25,0.5,2,2,61,0,9,0,0.33333,5,2,0.645546412,0.040759615,-0.761904762,-0.645546412,-0.751882489,1.393852809,-0.560257554,0,0,-0.203628259,-0.259727487,0,1.065467967,0,0,0.049307474,0.119937008,0,0.006462498,0.049089638
gb,1,1,2,2,0.3,0.7,tycoon,A squirrel,I am a slightly curious person,22,Female,14,2,4,10,2,1,0,1,0.7,0.25,0.5,2,2,61,1,10,0,0.33333,6,2,0.530553599,0.041805495,0.408163265,0.469446401,0.32861248,0.398408783,-0.633191658,0.446835831,0.687483623,-0.261816885,-0.203628259,0.023017317,1.04689634,0.004434595,0,0.034575004,0.100132977,-1.11E-16,0.003755078,0.046338927
gb,1,1,2,2,0.3,0.7,tycoon,A squirrel,I am a slightly curious person,22,Female,14,2,4,11,2,1,0,1,0.7,0.25,0.5,2,2,61,1,11,0,0.33333,7,2,0.574140717,0.037403886,0.357142857,0.425859283,0.298101498,0.35396647,-0.609247114,0.427412225,0.682571878,-0.327921028,-0.261816885,0.017233904,1.021301013,0.003656814,-2.22E-16,0.023920979,0.084180227,-1.11E-16,0.002120763,0.044703738
gb,1,1,2,2,0.3,0.7,tycoon,A squirrel,I am a slightly curious person,22,Female,14,2,4,12,2,1,0,0,0.7,0.25,0.5,2,2,61,0,12,0,0.33333,7,3,0.611443432,0.033084727,-0.682539682,-0.611443432,-0.728010403,1.301991458,-0.585227712,0,0,-0.300546827,-0.327921028,0,1.067509299,0,0,0.04403343,0.118240053,0,0.004658378,0.047252432
gb,1,1,2,2,0.3,0.7,tycoon,A squirrel,I am a slightly curious person,22,Female,14,2,4,13,2,1,0,0,0.7,0.25,0.5,2,2,61,0,13,0,0.33333,7,4,0.526295657,0.033586415,-0.571428566,-0.526295657,-0.66840696,1.103846844,-0.635301069,0,0,-0.313823874,-0.300546827,0,1.075994605,0,0,0.036907449,0.119630392,0,0.008449089,0.050723883
gb,1,1,2,2,0.3,0.7,tycoon,A squirrel,I am a slightly curious person,22,Female,14,2,4,14,2,1,0,1,0.7,0.25,0.5,2,2,61,1,14,0,0.33333,8,4,0.455394017,0.032338032,0.519480519,0.544605983,0.381224188,0.48001225,-0.664660247,0.48482826,0.692686746,-0.346904736,-0.313823874,0.023504349,1.073609445,0.001552005,0.00952222,0.046621351,0.126817185,1.11E-16,0.005387895,0.047771231
gb,1,1,2,2,0.3,0.7,tycoon,A squirrel,I am a slightly curious person,22,Female,14,2,4,15,2,1,0,0,0.7,0.25,0.5,2,2,61,0,15,0,0.33333,8,5,0.491976931,0.030175846,-0.523809523,-0.491976931,-0.644383852,1.033903364,-0.650854103,0,0,-0.366182202,-0.346904736,0,1.072008323,0,0,0.027991809,0.113858079,0,0.009080232,0.051637553
gb,1,1,2,2,0.3,0.7,tycoon,A squirrel,I am a slightly curious person,22,Female,14,2,4,16,2,1,1,1,0.7,0.25,0.5,2,2,61,1,16,0,0.33333,9,5,0.432578356,0.028914711,0.54945055,0.567421644,0.397195151,0.506161768,-0.671857996,0.497673501,0.693136355,-0.39338172,-0.366182202,0.023030899,1.076453143,0.003967177,0,0.035686485,0.119921776,1.11E-16,0.005976272,0.04854151
gb,1,1,2,2,0.3,0.7,tycoon,A squirrel,I am a slightly curious person,22,Female,14,2,4,17,2,1,0,1,0.7,0.25,0.5,2,2,61,1,17,0,0.33333,10,5,0.466155222,0.027276556,0.51020408,0.533844778,0.373691345,0.46791197,-0.660891088,0.478997053,0.692264673,-0.42761555,-0.39338172,0.018539049,1.073166027,0.000434549,0.008996877,0.044034324,0.126029086,0,0.003842775,0.046402871
gb,1,1,2,2,0.3,0.7,tycoon,A squirrel,I am a slightly curious person,22,Female,14,2,4,18,2,1,1,1,0.7,0.25,0.5,2,2,61,1,18,0,0.33333,11,5,0.496641132,0.025477676,0.476190476,0.503358868,0.352351207,0.434406716,-0.648889991,0.463214019,0.690438317,-0.465350202,-0.42761555,0.015036012,1.06922,0.002119199,0.001089112,0.035916364,0.11516309,0,0.002423614,0.045011254
gb,1,1,2,2,0.3,0.7,tycoon,A squirrel,I am a slightly curious person,22,Female,14,2,4,19,2,1,0,1,0.7,0.25,0.5,2,2,61,1,19,0,0.33333,12,5,0.524178238,0.023676849,0.446428571,0.475821762,0.333075234,0.405078034,-0.636335117,0.44982585,0.688103806,-0.504403242,-0.465350202,0.012334549,1.061185994,0.001447001,-1.11E-16,0.027604969,0.103714901,-1.11E-16,0.001504226,0.044129123
gb,1,1,2,2,0.3,0.7,tycoon,A squirrel,I am a slightly curious person,22,Female,14,2,4,20,2,1,1,1,0.7,0.25,0.5,2,2,61,1,20,0,0.33333,13,5,0.549029308,0.02196151,0.420168065,0.450970692,0.315679484,0.379328881,-0.623569779,0.438391065,0.685536532,-0.543538063,-0.504403242,0.010251719,1.050557125,0.001133746,0,0.0210819,0.093794332,0,0.000921158,0.043497892
gb,1,1,4,3,0.3,0.7,tycoon,A squirrel,I am a slightly curious person,19,Female,14,2,7,1,1,1,0,0,0.3,0.25,0.875,1,2,62,0,1,0,0.33333,0,1,0.5,0.083333333,NaN,-0.5,-0.65,1.049822124,-0.647446639,0,0,-0.193147181,0,0,1.028476148,0,0,0.029166667,0.140011085,0,0.03446712,0.072619481
gb,1,1,4,3,0.3,0.7,tycoon,A squirrel,I am a slightly curious person,19,Female,14,2,7,2,2,1,0,0,0.7,0.25,0.875,2,2,62,0,2,0,0.33333,0,1,0.5,0.083333333,NaN,-0.5,-0.65,1.049822124,-0.647446639,0,0,-0.193147181,0,0,1.014659396,0,0,0.029166667,0.093327793,0,0.03446712,0.088042217
gb,1,1,4,3,0.3,0.7,tycoon,A squirrel,I am a slightly curious person,19,Female,14,2,7,3,1,1,0,0,0.3,0.25,0.875,1,2,62,0,3,0,0.33333,0,2,0.333333333,0.055555556,-3.32E-16,-0.333333333,-0.533333333,0.762140052,-0.690923309,0,0,-0.431945622,-0.193147181,0,0.953735538,0,0,0.0109375,0.076683829,0,0.03036929,0.083948966
gb,1,1,4,3,0.3,0.7,tycoon,A squirrel,I am a slightly curious person,19,Female,14,2,7,4,2,4,1,1,0.7,0.25,0.875,2,2,62,1,4,0,0.33333,1,1,0.333333333,0.055555556,1,0.666666667,0.466666667,0.628608659,-0.690923309,0.5625,0.685314207,-0.093938823,-0.193147181,0.069434567,0.965260987,0.018326851,0,0.045117187,0.093459407,0,0.023469388,0.072950247
gb,1,1,4,3,0.3,0.7,tycoon,A squirrel,I am a slightly curious person,19,Female,14,2,7,5,2,1,1,1,0.7,0.25,0.875,2,2,62,1,5,0,0.33333,2,1,0.40625,0.059960938,0.714285714,0.59375,0.415625,0.537212379,-0.678840541,0.513368984,0.692789678,-0.068419324,-0.093938823,0.05510258,0.950055607,0.013211934,0.018342246,0.064268048,0.112046964,1.11E-16,0.014819018,0.064300538
gb,1,1,4,3,0.3,0.7,tycoon,A squirrel,I am a slightly curious person,19,Female,14,2,7,6,2,1,1,1,0.7,0.25,0.875,2,2,62,1,6,0,0.33333,3,1,0.478074866,0.059144957,0.476190474,0.521925134,0.365347594,0.454677821,-0.656433082,0.472699697,0.691655826,-0.102038269,-0.068419324,0.041065537,0.916257773,0.010250412,0.007254803,0.054716991,0.100656755,-1.11E-16,0.008758475,0.058219618
gb,1,1,4,3,0.3,0.7,tycoon,A squirrel,I am a slightly curious person,19,Female,14,2,7,7,2,2,0,1,0.7,0.25,0.875,2,2,62,1,7,0,0.33333,4,1,0.54330974,0.054325817,0.357142859,0.45669026,0.319683182,0.38519668,-0.626630418,0.440971018,0.68616206,-0.172348106,-0.102038269,0.029483823,0.870193724,0.006590806,0,0.036400986,0.079297649,1.11E-16,0.004910265,0.054370187
gb,1,1,4,3,0.3,0.7,tycoon,A squirrel,I am a slightly curious person,19,Female,14,2,7,8,2,1,0,0,0.7,0.25,0.875,2,2,62,0,8,0,0.33333,4,2,0.599207332,0.047626322,-0.714285714,-0.599207332,-0.719445133,1.270985967,-0.593476605,0,0,-0.163472784,-0.172348106,0,0.944181273,0,0,0.055189844,0.107387339,0,0.010714599,0.060194926
gb,1,1,4,3,0.3,0.7,tycoon,A squirrel,I am a slightly curious person,19,Female,14,2,7,9,1,1,0,0,0.3,0.25,0.875,1,2,62,0,9,0,0.33333,0,3,0.25,0.0375,-3.32E-16,-0.25,-0.475,0.644357016,-0.691896659,0,0,-0.636294361,-0.431945622,0,0.878036789,0,0,0.004375,0.102331186,0,0.01735388,0.04718433
gb,1,1,4,3,0.3,0.7,tycoon,A squirrel,I am a slightly curious person,19,Female,14,2,7,10,2,1,0,1,0.7,0.25,0.875,2,2,62,1,10,0,0.33333,5,2,0.480377009,0.045607934,0.476190475,0.519622991,0.363736094,0.452141855,-0.655537563,0.471502465,0.691522081,-0.203628259,-0.163472784,0.030843712,0.857633375,0.010788275,0.006476602,0.049307474,0.095993157,0,0.006462498,0.04294237
gb,1,1,4,3,0.3,0.7,tycoon,A squirrel,I am a slightly curious person,19,Female,14,2,7,11,2,2,1,1,0.7,0.25,0.875,2,2,62,1,11,0,0.33333,6,2,0.530553599,0.041805495,0.408163265,0.469446401,0.32861248,0.398408783,-0.633191658,0.446835831,0.687483623,-0.261816885,-0.203628259,0.023017317,0.822611198,0.004437469,0,0.034575004,0.07974497,0,0.003755078,0.040190885
gb,1,1,4,3,0.3,0.7,tycoon,A squirrel,I am a slightly curious person,19,Female,14,2,7,12,2,2,0,1,0.7,0.25,0.875,2,2,62,1,12,0,0.33333,7,2,0.574140717,0.037403886,0.357142857,0.425859283,0.298101498,0.35396647,-0.609247114,0.427412225,0.682571878,-0.327921028,-0.261816885,0.017233904,0.786216212,0.003083853,-2.22E-16,0.023920979,0.066822088,-1.11E-16,0.002120763,0.038562029
gb,1,1,4,3,0.3,0.7,tycoon,A squirrel,I am a slightly curious person,19,Female,14,2,7,13,2,2,0,1,0.7,0.25,0.875,2,2,62,1,13,0,0.33333,8,2,0.611443432,0.033084727,0.317460318,0.388556568,0.271989597,0.317439942,-0.585227712,0.412082024,0.677607376,-0.395872462,-0.327921028,0.013090866,0.750745693,0.002154047,0,0.016406832,0.056582792,-1.11E-16,0.001172696,0.037613396
gb,1,1,4,3,0.3,0.7,tycoon,A squirrel,I am a slightly curious person,19,Female,14,2,7,14,2,2,0,1,0.7,0.25,0.875,2,2,62,1,14,0,0.33333,9,2,0.643255215,0.029176601,0.285714285,0.356744785,0.249721349,0.287310607,-0.562028808,0.399851441,0.672951386,-0.462562998,-0.395872462,0.010147025,0.71732579,0.002568834,0,0.011190722,0.04844051,-1.11E-16,0.000638446,0.037049006
gb,1,1,4,3,0.3,0.7,tycoon,A squirrel,I am a slightly curious person,19,Female,14,2,7,15,2,2,1,1,0.7,0.25,0.875,2,2,62,1,15,0,0.33333,10,2,0.670476596,0.025777244,0.25974026,0.329523404,0.230666383,0.262230571,-0.540080286,0.389947863,0.66872476,-0.5266447,-0.462562998,0.008039586,0.684631614,0.000505299,-1.11E-16,0.007605271,0.041906543,-1.11E-16,0.000343634,0.036806296
gb,1,1,4,3,0.3,0.7,tycoon,A squirrel,I am a slightly curious person,19,Female,14,2,7,16,2,2,1,1,0.7,0.25,0.875,2,2,62,1,16,0,0.33333,11,2,0.693930752,0.02286977,0.238095238,0.306069248,0.214248474,0.241114661,-0.519531449,0.381800086,0.664938483,-0.587680027,-0.5266447,0.006505463,0.656105641,0.000836509,1.11E-16,0.005155653,0.036601608,0,0.000183394,0.036602037
gb,1,1,4,3,0.3,0.7,tycoon,A squirrel,I am a slightly curious person,19,Female,14,2,7,17,2,2,0,1,0.7,0.25,0.875,2,2,62,1,17,0,0.33333,12,2,0.714304672,0.020394452,0.21978022,0.285695328,0.199986729,0.223126963,-0.500384026,0.374993779,0.66156006,-0.645651663,-0.587680027,0.005364962,0.630027149,0.000658198,-4.44E-16,0.003488533,0.032242914,-1.11E-16,9.73E-05,0.036574488
gb,1,1,4,3,0.3,0.7,tycoon,A squirrel,I am a slightly curious person,19,Female,14,2,7,18,2,2,1,1,0.7,0.25,0.875,2,2,62,1,18,0,0.33333,13,2,0.732149522,0.018283623,0.204081633,0.267850478,0.187495335,0.207633623,-0.482570724,0.369228649,0.658543878,-0.700713523,-0.645651663,0.004498269,0.606197221,0.000490675,1.11E-16,0.002356938,0.02861671,1.11E-16,5.13E-05,0.03645356
gb,1,1,4,3,0.3,0.7,tycoon,A squirrel,I am a slightly curious person,19,Female,14,2,7,19,2,2,0,1,0.7,0.25,0.875,2,2,62,1,19,0,0.33333,14,2,0.747901476,0.016475424,0.190476194,0.252098524,0.176468967,0.194154046,-0.465996759,0.364284997,0.655843851,-0.753075449,-0.700713523,0.003825715,0.584241535,0.000422607,-2.22E-16,0.001590336,0.025573662,0,2.70E-05,0.036479807
gb,1,1,4,3,0.3,0.7,tycoon,A squirrel,I am a slightly curious person,19,Female,14,2,7,20,2,1,0,0,0.7,0.25,0.875,2,2,62,0,20,0,0.33333,14,3,0.761905559,0.014917633,-0.821428572,-0.761905559,-0.833333891,1.791762816,-0.450560311,0,0,-0.660874731,-0.753075449,0,0.669759887,0,0,0.004182964,0.03847779,0,9.12E-05,0.036514554
bg,2,2,1,1,0.7,0.3,tycoon,A squirrel,I am a slightly curious person,18,Male,11,4,2,1,1,4,0,1,0.7,0.25,0.5,1,2,63,1,1,0,0.33333,1,0,0.5,0.083333333,NaN,0.5,0.35,0.430782916,-0.647446639,0.461538462,0.690185676,-0.049857149,0,0.054145178,1.080889095,0.014094332,0,0.056089744,0.131073366,-1.11E-16,0.010744811,0.048912754
bg,2,2,1,1,0.7,0.3,tycoon,A squirrel,I am a slightly curious person,18,Male,11,4,2,2,1,4,0,1,0.7,0.25,0.5,1,2,63,1,2,0,0.33333,2,0,0.58974359,0.075279421,1.51E-08,0.41025641,0.287179487,0.338525625,-0.599606885,0.420863309,0.680569124,-0.169460509,-0.049857149,0.036406267,1.037609091,0.009559643,-1.11E-16,0.034071493,0.096873724,-1.11E-16,0.005618362,0.043786126
bg,2,2,1,1,0.7,0.3,tycoon,A squirrel,I am a slightly curious person,18,Male,11,4,2,3,2,1,0,0,0.3,0.25,0.5,2,2,63,0,3,0,0.33333,0,1,0.5,0.083333333,NaN,-0.5,-0.65,1.049822124,-0.647446639,0,0,-0.193147181,0,0,0.899463045,0,0,0.008877226,0.073592333,0,0.03446712,0.059189082
bg,2,2,1,1,0.7,0.3,tycoon,A squirrel,I am a slightly curious person,18,Male,11,4,2,4,2,4,1,1,0.3,0.25,0.5,2,2,63,1,4,0,0.33333,1,1,0.333333333,0.055555556,1,0.666666667,0.466666667,0.628608659,-0.690923309,0.5625,0.685314207,-0.093938823,-0.193147181,0.069434567,0.955732002,0.00896999,0,0.014685442,0.079535267,-1.11E-16,0.023469388,0.048209635
bg,2,2,1,1,0.7,0.3,tycoon,A squirrel,I am a slightly curious person,18,Male,11,4,2,5,1,1,0,0,0.7,0.25,0.5,1,2,63,0,5,0,0.33333,2,1,0.663669065,0.06242107,-0.999999985,-0.663669065,-0.764568345,1.446334621,-0.54575663,0,0,-0.068419324,-0.169460509,0,1.074634015,0,0,0.064268048,0.134986676,0,0.014819018,0.05738955
bg,2,2,1,1,0.7,0.3,tycoon,A squirrel,I am a slightly curious person,18,Male,11,4,2,6,1,1,0,0,0.7,0.25,0.5,1,2,63,0,6,0,0.33333,2,2,0.478074866,0.059144957,-0.523809526,-0.478074866,-0.634652406,1.006906067,-0.656433082,0,0,-0.193348887,-0.068419324,0,1.0491913,0,0,0.028195441,0.109326211,0,0.025346907,0.067944278
bg,2,2,1,1,0.7,0.3,tycoon,A squirrel,I am a slightly curious person,18,Male,11,4,2,7,2,1,0,0,0.3,0.25,0.5,2,2,63,0,7,0,0.33333,1,2,0.40625,0.059960938,-0.285714286,-0.40625,-0.584375,0.877971868,-0.678840541,0,0,-0.286460356,-0.093938823,0,1.002798358,0,0,0.018190789,0.087109533,0,0.035631937,0.080106164
bg,2,2,1,1,0.7,0.3,tycoon,A squirrel,I am a slightly curious person,18,Male,11,4,2,8,2,1,0,0,0.3,0.25,0.5,2,2,63,0,8,0,0.33333,1,3,0.305263158,0.04365651,-0.047619048,-0.305263158,-0.513684211,0.720897094,-0.692772619,0,0,-0.477126407,-0.286460356,0,0.942912848,0,0,0.007623106,0.076871682,0,0.026293758,0.070779766
bg,2,2,1,1,0.7,0.3,tycoon,A squirrel,I am a slightly curious person,18,Male,11,4,2,9,2,1,0,0,0.3,0.25,0.5,2,2,63,0,9,0,0.33333,1,4,0.242424242,0.032139578,-9.60E-16,-0.242424242,-0.46969697,0.634306681,-0.691309507,0,0,-0.64897963,-0.477126407,0,0.892580218,0,0,0.00328125,0.07164446,0,0.015937237,0.060421471
bg,2,2,1,1,0.7,0.3,tycoon,A squirrel,I am a slightly curious person,18,Male,11,4,2,10,2,4,1,1,0.3,0.25,0.5,2,2,63,1,10,0,0.33333,2,4,0.2,0.024285714,1,0.8,0.56,0.820980552,-0.6859298,0.681818182,0.62549136,-0.510122266,-0.64897963,0.0670261,0.934382654,0.008750549,0,0.005624112,0.07536839,0.00530303,0.023644259,0.068073728
bg,2,2,1,1,0.7,0.3,tycoon,A squirrel,I am a slightly curious person,18,Male,11,4,2,11,1,4,0,1,0.7,0.25,0.5,1,2,63,1,11,0,0.33333,3,2,0.364754098,0.047282317,0.714285715,0.635245902,0.444672131,0.588196585,-0.687012278,0.540221402,0.68990816,-0.1552444,-0.193348887,0.052273614,0.931987629,0.012141514,0,0.040743196,0.089348093,0,0.016947838,0.059686524
bg,2,2,1,1,0.7,0.3,tycoon,A squirrel,I am a slightly curious person,18,Male,11,4,2,12,2,4,1,1,0.3,0.25,0.5,2,2,63,1,12,0,0.33333,3,4,0.238636364,0.028550521,0.952380952,0.761363636,0.532954545,0.761328693,-0.690973601,0.642335766,0.652062427,-0.402753524,-0.510122266,0.061777694,0.974313493,0.008149694,0,0.009133433,0.093327281,0.012111381,0.033570596,0.069578662
bg,2,2,1,1,0.7,0.3,tycoon,A squirrel,I am a slightly curious person,18,Male,11,4,2,13,1,4,1,1,0.7,0.25,0.5,1,2,63,1,13,0,0.33333,4,2,0.424354244,0.047783255,0.571428571,0.575645756,0.40295203,0.515757816,-0.674190472,0.502472188,0.693134957,-0.163472784,-0.1552444,0.040802486,0.95620027,0.008921187,0.012870828,0.055189844,0.107292063,0,0.010714599,0.063366273
bg,2,2,1,1,0.7,0.3,tycoon,A squirrel,I am a slightly curious person,18,Male,11,4,2,14,2,1,0,0,0.3,0.25,0.5,2,2,63,0,14,0,0.33333,3,5,0.281427413,0.032002412,-0.183673472,-0.281427413,-0.496999189,0.687163496,-0.693129171,0,0,-0.536554872,-0.402753524,0,0.903779169,0,0,0.004305164,0.103328699,0,0.021771011,0.051574196
bg,2,2,1,1,0.7,0.3,tycoon,A squirrel,I am a slightly curious person,18,Male,11,4,2,15,1,1,0,0,0.7,0.25,0.5,1,2,63,0,15,0,0.33333,4,3,0.480377009,0.045607934,-0.523809525,-0.480377009,-0.636263906,1.011326691,-0.655537563,0,0,-0.232660544,-0.163472784,0,0.924010747,0,0,0.028067523,0.077573746,0,0.01815257,0.059032512
bg,2,2,1,1,0.7,0.3,tycoon,A squirrel,I am a slightly curious person,18,Male,11,4,2,16,1,4,1,1,0.7,0.25,0.5,1,2,63,1,16,0,0.33333,5,3,0.392605808,0.040151491,0.612244898,0.607394192,0.425175934,0.553691258,-0.681907727,0.521898817,0.692187757,-0.232047957,-0.232660544,0.039248513,0.914255112,0.008041975,0,0.038457947,0.089368953,0,0.011994021,0.052884865
bg,2,2,1,1,0.7,0.3,tycoon,A squirrel,I am a slightly curious person,18,Male,11,4,2,17,2,4,1,1,0.3,0.25,0.5,2,2,63,1,17,0,0.33333,4,5,0.236891325,0.025914689,0.892857139,0.763108675,0.534176072,0.763947554,-0.69080935,0.644020159,0.651070009,-0.444164508,-0.536554872,0.057441423,0.954774384,0.006594464,0,0.006915546,0.092383976,0.010062439,0.030437972,0.061550177
bg,2,2,1,1,0.7,0.3,tycoon,A squirrel,I am a slightly curious person,18,Male,11,4,2,18,1,4,0,1,0.7,0.25,0.5,1,2,63,1,18,0,0.33333,6,3,0.441500845,0.038986468,0.535714285,0.558499155,0.390949409,0.495853942,-0.669170875,0.492569918,0.693036764,-0.258135832,-0.232047957,0.030622857,0.935071013,0.006096794,0.010586855,0.050076977,0.103815907,-1.11E-16,0.007603174,0.057127428
bg,2,2,1,1,0.7,0.3,tycoon,A squirrel,I am a slightly curious person,18,Male,11,4,2,19,2,1,0,0,0.3,0.25,0.5,2,2,63,0,19,0,0.33333,4,6,0.275833684,0.028588486,-0.206349206,-0.275833684,-0.493083579,0.679409138,-0.693051504,0,0,-0.559285326,-0.444164508,0,0.886509459,0,0,0.003381809,0.100828765,0,0.020370074,0.047058584
bg,2,2,1,1,0.7,0.3,tycoon,A squirrel,I am a slightly curious person,18,Male,11,4,2,20,2,4,1,1,0.3,0.25,0.5,2,2,63,1,20,0,0.33333,5,6,0.236355894,0.02385464,0.857142854,0.763644106,0.534550874,0.764752478,-0.690757751,0.644538755,0.650761969,-0.479838749,-0.559285326,0.053610145,0.92443208,0.005108696,0,0.005377449,0.102892624,0.008554263,0.028087181,0.054700161
gb,3,3,2,2,0.7,0.3,tycoon,A squirrel,I am a slightly curious person,19,Female,15,6,4,1,1,3,0,1,0.7,0.5,0.75,1,2,64,1,1,0,0.33333,1,0,0.5,0.083333333,NaN,0.5,0.35,0.430782916,-0.647446639,0.461538462,0.690185676,-0.049857149,0,0.054145178,1.080889095,0.014094332,0,0.056089744,0.131073366,-1.11E-16,0.010744811,0.048912754
gb,3,3,2,2,0.7,0.3,tycoon,A squirrel,I am a slightly curious person,19,Female,15,6,4,2,1,3,1,1,0.7,0.5,0.75,1,2,64,1,2,0,0.33333,2,0,0.58974359,0.075279421,1.51E-08,0.41025641,0.287179487,0.338525625,-0.599606885,0.420863309,0.680569124,-0.169460509,-0.049857149,0.036406267,1.037609091,0.009559643,-1.11E-16,0.034071493,0.096873724,-1.11E-16,0.005618362,0.043786126
gb,3,3,2,2,0.7,0.3,tycoon,A squirrel,I am a slightly curious person,19,Female,15,6,4,3,1,1,0,0,0.7,0.5,0.75,1,2,64,0,3,0,0.33333,2,1,0.663669065,0.06242107,-0.999999985,-0.663669065,-0.764568345,1.446334621,-0.54575663,0,0,-0.068419324,-0.169460509,0,1.094351267,0,0,0.064268048,0.16182375,0,0.014819018,0.052970728
gb,3,3,2,2,0.7,0.3,tycoon,A squirrel,I am a slightly curious person,19,Female,15,6,4,4,2,2,1,1,0.3,0.5,0.75,2,2,64,1,4,0,0.33333,1,0,0.5,0.083333333,NaN,0.5,0.35,0.430782916,-0.647446639,0.461538462,0.690185676,-0.049857149,0,0.054145178,1.063053902,0.016387108,0,0.056089744,0.119234003,1.11E-16,0.010744811,0.044668319
gb,3,3,2,2,0.7,0.3,tycoon,A squirrel,I am a slightly curious person,19,Female,15,6,4,5,2,2,1,1,0.3,0.5,0.75,2,2,64,1,5,0,0.33333,2,0,0.58974359,0.075279421,1.51E-08,0.41025641,0.287179487,0.338525625,-0.599606885,0.420863309,0.680569124,-0.169460509,-0.049857149,0.036406267,1.002706052,0.011150041,-1.11E-16,0.034071493,0.086439616,-1.11E-16,0.005618362,0.039540933
gb,3,3,2,2,0.7,0.3,tycoon,A squirrel,I am a slightly curious person,19,Female,15,6,4,6,2,2,1,1,0.3,0.5,0.75,2,2,64,1,6,0,0.33333,3,0,0.663669065,0.06242107,1.51E-08,0.336330935,0.235431655,0.268443859,-0.54575663,0.392378264,0.669800034,-0.317247853,-0.169460509,0.023643113,0.931074848,0.006408297,0,0.020047195,0.062929577,1.11E-16,0.00278523,0.036723961
gb,3,3,2,2,0.7,0.3,tycoon,A squirrel,I am a slightly curious person,19,Female,15,6,4,7,2,2,0,1,0.3,0.5,0.75,2,2,64,1,7,0,0.33333,4,0,0.720818631,0.049557175,1.51E-08,0.279181369,0.195426958,0.217443525,-0.493997111,0.372868571,0.66046475,-0.466927048,-0.317247853,0.015384673,0.858255147,0.004858374,0,0.011626066,0.046846916,-1.11E-16,0.001334355,0.035204143
gb,3,3,2,2,0.7,0.3,tycoon,A squirrel,I am a slightly curious person,19,Female,15,6,4,8,2,1,0,0,0.3,0.5,0.75,2,2,64,0,8,0,0.33333,4,1,0.763934695,0.038886415,-0.999999985,-0.763934695,-0.834754286,1.800321739,-0.448266988,0,0,-0.172348106,-0.466927048,0,1.067405895,0,0,0.036400986,0.103584375,0,0.004910265,0.038829365
gb,3,3,2,2,0.7,0.3,tycoon,A squirrel,I am a slightly curious person,19,Female,15,6,4,9,2,1,0,0,0.3,0.5,0.75,2,2,64,0,9,0,0.33333,4,2,0.599207332,0.047626322,-0.714285714,-0.599207332,-0.719445133,1.270985967,-0.593476605,0,0,-0.163472784,-0.172348106,0,1.091752789,0,0,0.055189844,0.142560373,0,0.010714599,0.044622357
gb,3,3,2,2,0.7,0.3,tycoon,A squirrel,I am a slightly curious person,19,Female,15,6,4,10,1,2,1,1,0.7,0.5,0.75,1,2,64,1,10,0,0.33333,3,1,0.478074866,0.059144957,0.476190474,0.521925134,0.365347594,0.454677821,-0.656433082,0.472699697,0.691655826,-0.102038269,-0.068419324,0.041065537,1.084087733,0.010477662,0.007254803,0.054716991,0.125242562,1.11E-16,0.008758475,0.03854739
gb,3,3,2,2,0.7,0.3,tycoon,A squirrel,I am a slightly curious person,19,Female,15,6,4,11,1,2,1,1,0.7,0.5,0.75,1,2,64,1,11,0,0.33333,4,1,0.54330974,0.054325817,0.357142859,0.45669026,0.319683182,0.38519668,-0.626630418,0.440971018,0.68616206,-0.172348106,-0.102038269,0.029483823,1.056366141,0.007316693,0,0.036400986,0.099036999,-1.11E-16,0.004910265,0.034716447
gb,3,3,2,2,0.7,0.3,tycoon,A squirrel,I am a slightly curious person,19,Female,15,6,4,12,1,2,0,1,0.7,0.5,0.75,1,2,64,1,12,0,0.33333,5,1,0.599207332,0.047626322,0.285714286,0.400792668,0.280554867,0.329275013,-0.593476605,0.416988018,0.679301179,-0.259727487,-0.172348106,0.020928267,1.016640433,0.00570087,0,0.023717554,0.078772488,0,0.002646807,0.032453778
gb,3,3,2,2,0.7,0.3,tycoon,A squirrel,I am a slightly curious person,19,Female,15,6,4,13,2,2,0,1,0.3,0.5,0.75,2,2,64,1,13,0,0.33333,5,2,0.480377009,0.045607934,0.476190475,0.519622991,0.363736094,0.452141855,-0.655537563,0.471502465,0.691522081,-0.203628259,-0.163472784,0.030843712,1.047333867,0.004613317,0,0.024801668,0.084256487,-1.11E-16,0.006462498,0.028247511
gb,3,3,2,2,0.7,0.3,tycoon,A squirrel,I am a slightly curious person,19,Female,15,6,4,14,2,1,0,0,0.3,0.5,0.75,2,2,64,0,14,0,0.33333,5,3,0.530553599,0.041805495,-0.591836735,-0.530553599,-0.67138752,1.112876093,-0.633191658,0,0,-0.232047957,-0.203628259,0,0.971669946,0,0,0.010128182,0.072734524,0,0.011994021,0.033758998
gb,3,3,2,2,0.7,0.3,tycoon,A squirrel,I am a slightly curious person,19,Female,15,6,4,15,1,2,1,1,0.7,0.5,0.75,1,2,64,1,15,0,0.33333,6,1,0.645546412,0.040759615,0.238095238,0.354453588,0.248117511,0.285175232,-0.560257554,0.39899852,0.672603512,-0.351554018,-0.259727487,0.014991389,0.917902461,0.004081722,0,0.015273006,0.058257024,1.11E-16,0.00138765,0.032268784
gb,3,3,2,2,0.7,0.3,tycoon,A squirrel,I am a slightly curious person,19,Female,15,6,4,16,1,2,0,1,0.7,0.5,0.75,1,2,64,1,16,0,0.33333,7,1,0.683493473,0.034610861,0.204081633,0.316506527,0.221554569,0.250456385,-0.528868497,0.385383468,0.666638198,-0.441349354,-0.351554018,0.010976855,0.863832579,0.002790384,0,0.009779435,0.047348571,-1.11E-16,0.000713851,0.031721912
gb,3,3,2,2,0.7,0.3,tycoon,A squirrel,I am a slightly curious person,19,Female,15,6,4,17,1,1,0,0,0.7,0.5,0.75,1,2,64,0,17,0,0.33333,7,2,0.714616532,0.029443897,-0.821428566,-0.714616532,-0.800231572,1.610596445,-0.500081228,0,0,-0.327921028,-0.441349354,0,1.010532385,0,0,0.023920979,0.0805428,0,0.002120763,0.033198945
gb,3,3,2,2,0.7,0.3,tycoon,A squirrel,I am a slightly curious person,19,Female,15,6,4,18,1,2,0,1,0.7,0.5,0.75,1,2,64,1,18,0,0.33333,8,2,0.611443432,0.033084727,0.317460318,0.388556568,0.271989597,0.317439942,-0.585227712,0.412082024,0.677607376,-0.395872462,-0.327921028,0.013090866,0.973878623,0.003023579,0,0.016406832,0.067781952,0,0.001172696,0.032272727
gb,3,3,2,2,0.7,0.3,tycoon,A squirrel,I am a slightly curious person,19,Female,15,6,4,19,1,2,0,1,0.7,0.5,0.75,1,2,64,1,19,0,0.33333,9,2,0.643255215,0.029176601,0.285714285,0.356744785,0.249721349,0.287310607,-0.562028808,0.399851441,0.672951386,-0.462562998,-0.395872462,0.010147025,0.934961314,0.002141889,0,0.011190722,0.057612635,0,0.000638446,0.031724633
gb,3,3,2,2,0.7,0.3,tycoon,A squirrel,I am a slightly curious person,19,Female,15,6,4,20,1,2,0,1,0.7,0.5,0.75,1,2,64,1,20,0,0.33333,10,2,0.670476596,0.025777244,0.25974026,0.329523404,0.230666383,0.262230571,-0.540080286,0.389947863,0.66872476,-0.5266447,-0.462562998,0.008039586,0.89589683,0.001811028,-1.11E-16,0.007605271,0.049448525,0,0.000343634,0.031483331