Column1,PID,order.x,Left1,Left2,Right1,Right2,DOB_1,DOB_2,DOB_3,Gender,Race_1,Race_2,Race_3,Race_4,Race_5,Race_6,Race_6_TEXT,Ethnicity,Income,mineprob1,mineprob2,agent_condition,total_feedback,DOT,LeftEst,RightEst,Trial,Choice,Curiosity,Intervention,Feedback,chosen_mine_prob,EstLow,EstHigh,subj_choice,condition,oid,feedback,trial_num,reveal,latent_prob,N_gold,N_rock,Mean_theta,Var_theta,RPE_MAP,RPE_mean,RPE_full,Surprise,Confidence,Prob_z,Entropy_z,Entropy_theta,Entropy_theta_last,EIG_theta,Entropy_argmax,EIG_argmax,VOI_z_choice,VOI_theta_choice,VPI_choice,VOI_z_prediction,VOI_theta_prediction,VPI_prediction
21.1,21,bg,1,0,3,4,May,1,2012,Female,White,,NA,,NA,,,No,"$150,000 or more",0.3,0.7,bandit,7,8/12/20 10:00,1,7,1,1,4,0,0,0.3,0.125,0.875,1,1,1,0,1,0,0.33333,0,1,0.5,0.08333333333333334,NaN,-0.5,-0.35,0.4307829160924542,-0.6474466390346325,0.46153846153846156,0.6901856760188042,-0.04985714948732713,-0.0,0.05414517848247718,1.080623401661814,0.01977679773001184,0.0,0.05608974358974361,0.15628713806233663,1.1102230246251565e-16,0.010744810700342833,0.04891275394756678
21.2,21,bg,1,0,3,4,May,1,2012,Female,White,,NA,,NA,,,No,"$150,000 or more",0.3,0.7,bandit,7,8/12/20 10:00,1,7,2,2,4,1,0,0.7,0.125,0.875,2,1,1,0,2,0,0.33333,0,1,0.5,0.08333333333333334,NaN,-0.5,-0.35,0.4307829160924542,-0.6474466390346325,0.46153846153846156,0.6901856760188042,-0.04985714948732713,-0.0,0.05414517848247718,1.0774829680724232,0.01833391056308087,0.0,0.05608974358974361,0.13394708446621661,-1.1102230246251565e-16,0.010744810700342833,0.04059899259159849
21.3,21,bg,1,0,3,4,May,1,2012,Female,White,,NA,,NA,,,No,"$150,000 or more",0.3,0.7,bandit,7,8/12/20 10:00,1,7,3,1,4,0,0,0.3,0.125,0.875,1,1,1,0,3,0,0.33333,0,2,0.41025641025641024,0.0752794214332676,-3.324562949461316e-16,-0.41025641025641024,-0.28717948717948716,0.33852562543305503,-0.5996068847876723,0.420863309352518,0.6805691240005796,-0.1694605094257496,-0.04985714948732713,0.036406266819614855,1.0458702745532642,0.01072244135445044,0.0,0.03407149280575539,0.11788073157158668,-1.1102230246251565e-16,0.005618362421842993,0.03548348232171383
21.4,21,bg,1,0,3,4,May,1,2012,Female,White,,NA,,NA,,,No,"$150,000 or more",0.3,0.7,bandit,7,8/12/20 10:00,1,7,4,1,4,1,0,0.3,0.125,0.875,1,1,1,0,4,0,0.33333,0,3,0.3363309352517986,0.06242107033797423,-3.324562949461316e-16,-0.3363309352517986,-0.23543165467625898,0.2684438588858378,-0.5457566301170604,0.392378263937897,0.6698000343867989,-0.31724785272016875,-0.1694605094257496,0.02364311272114325,1.0031562700979155,0.0052223622821724325,0.0,0.020047194777699395,0.10706231174648101,1.1102230246251565e-16,0.0027852297390043024,0.03259836740961486
21.5,21,bg,1,0,3,4,May,1,2012,Female,White,,NA,,NA,,,No,"$150,000 or more",0.3,0.7,bandit,7,8/12/20 10:00,1,7,5,2,1,0,1,0.7,0.125,0.875,2,1,1,1,5,0,0.33333,1,1,0.41025641025641024,0.0752794214332676,0.9999999999999997,0.5897435897435898,0.7128205128205128,1.2476478678285976,-0.5996068847876723,0.0,0.0,-0.09393882346618045,-0.04985714948732713,0.0,0.9294093218990148,0.0,0.0,0.04511718749999999,0.09039737447738022,0.0,0.02346938767733342,0.04537921768091957
21.6,21,bg,1,0,3,4,May,1,2012,Female,White,,NA,,NA,,,No,"$150,000 or more",0.3,0.7,bandit,7,8/12/20 10:00,1,7,6,2,1,0,1,0.7,0.125,0.875,2,1,1,1,6,0,0.33333,2,1,0.59375,0.05996093749999999,0.2857142857142857,0.40625,0.5843750000000001,0.8779718675720185,-0.6788405414022067,0.0,0.0,-0.2864603556777799,-0.09393882346618045,0.0,0.8194231478394964,0.0,0.0,0.018190789473684077,0.05473872450502154,0.0,0.03563193689134747,0.05754014288069342
21.7,21,bg,1,0,3,4,May,1,2012,Female,White,,NA,,NA,,,No,"$150,000 or more",0.3,0.7,bandit,7,8/12/20 10:00,1,7,7,1,3,1,0,0.3,0.125,0.875,1,1,1,0,7,0,0.33333,0,4,0.279181369089626,0.04955717505632367,-3.324562949461316e-16,-0.279181369089626,-0.19542695836273818,0.21744352532572367,-0.4939971112220449,0.3728685706266227,0.6604647503197693,-0.4669270480222721,-0.31724785272016875,0.015384672502538485,0.764813434359,0.0036097624196418376,0.0,0.00242729199493974,0.052081289767719474,-1.1102230246251565e-16,0.001334355288116873,0.056003451427666606
21.8,21,bg,1,0,3,4,May,1,2012,Female,White,,NA,,NA,,,No,"$150,000 or more",0.3,0.7,bandit,7,8/12/20 10:00,1,7,8,2,1,0,1,0.7,0.125,0.875,2,1,1,1,8,0,0.33333,3,1,0.6947368421052633,0.04365650969529086,0.047619047801541026,0.3052631578947367,0.5136842105263157,0.7208970935128475,-0.6927726185565874,0.0,0.0,-0.4771264074380406,-0.2864603556777799,0.0,0.665602320437765,0.0,0.0,0.007623106060606233,0.03425867601900545,0.0,0.026293757975137777,0.04672250936184774
21.9,21,bg,1,0,3,4,May,1,2012,Female,White,,NA,,NA,,,No,"$150,000 or more",0.3,0.7,bandit,7,8/12/20 10:00,1,7,9,2,4,1,0,0.7,0.125,0.875,2,1,1,0,9,0,0.33333,3,2,0.7575757575757575,0.03213957759412305,-0.999999984947842,-0.7575757575757575,-0.5303030303030302,0.755667537541279,-0.6913095073117436,0.6387096774193548,0.6541569888902611,-0.3522528357548107,-0.4771264074380406,0.06681079967110752,0.7413655682027991,0.012881459871927348,-5.551115123125783e-17,0.012525201612903214,0.04580859082403449,0.012903225806451535,0.03583606666656369,0.05619328609818186
21.10,21,bg,1,0,3,4,May,1,2012,Female,White,,NA,,NA,,,No,"$150,000 or more",0.3,0.7,bandit,7,8/12/20 10:00,1,7,10,1,1,0,1,0.3,0.125,0.875,1,1,1,1,10,0,0.33333,1,4,0.23606530535868828,0.038886415120984216,0.9999999999999997,0.7639346946413117,0.8347542862489182,1.8003217385529584,-0.44826698798619047,0.0,0.0,-0.17234810551209448,-0.4669270480222721,0.0,0.8789431343439752,0.0,0.0,0.007691427524165462,0.05294864733435162,0.0,0.004910265140283254,0.05981851135232674
21.11,21,bg,1,0,3,4,May,1,2012,Female,White,,NA,,NA,,,No,"$150,000 or more",0.3,0.7,bandit,7,8/12/20 10:00,1,7,11,1,4,0,0,0.3,0.125,0.875,1,1,1,0,11,0,0.33333,1,5,0.4007926678226405,0.04762632238369273,-0.28571428565276774,-0.4007926678226405,-0.28055486747584835,0.32927501334684905,-0.5934766051981659,0.41698801817931413,0.6793011794347656,-0.25972748712260824,-0.17234810551209448,0.02092826724170399,0.8225539962997079,0.004857051354339559,-5.551115123125783e-17,0.0041637773731571515,0.04920713475442401,-1.1102230246251565e-16,0.002646806822437009,0.05754897579142049
21.12,21,bg,1,0,3,4,May,1,2012,Female,White,,NA,,NA,,,No,"$150,000 or more",0.3,0.7,bandit,7,8/12/20 10:00,1,7,12,1,2,0,0,0.3,0.125,0.875,1,1,1,0,12,0,0.33333,1,6,0.35445358766010193,0.040759615127719986,-0.23809523619478093,-0.35445358766010193,-0.24811751136207133,0.2851752323520988,-0.5602575535492536,0.398998519760002,0.6726035116269359,-0.35155401751617876,-0.25972748712260824,0.014991388876458553,0.7764328276258499,0.0038697314944644567,5.551115123125783e-17,0.0021931647737915005,0.046814000211354345,0.0,0.0013876500814309356,0.05630035166934455
21.13,21,bg,1,0,3,4,May,1,2012,Female,White,,NA,,NA,,,No,"$150,000 or more",0.3,0.7,bandit,7,8/12/20 10:00,1,7,13,2,1,0,1,0.7,0.125,0.875,2,1,1,1,13,0,0.33333,4,2,0.7096774193548387,0.03668054110301769,0.14285714257932636,0.29032258064516125,0.5032258064516129,0.6996196950655628,-0.6931263687610414,0.0,0.0,-0.5101222662015851,-0.3522528357548107,0.0,0.6811788284027831,0.0,0.0,0.005624112215909083,0.03275457499667267,0.0,0.023644259386952582,0.04410986461868849
21.14,21,bg,1,0,3,4,May,1,2012,Female,White,,NA,,NA,,,No,"$150,000 or more",0.3,0.7,bandit,7,8/12/20 10:00,1,7,14,2,1,0,1,0.7,0.125,0.875,2,1,1,1,14,0,0.33333,5,2,0.7613636363636364,0.028550521448248718,0.04761904785112536,0.23863636363636365,0.46704545454545454,0.6293191390259728,-0.6909736011549141,0.0,0.0,-0.6581288660787332,-0.5101222662015851,0.0,0.60458993781453,0.0,0.0,0.002548779539800927,0.0238548210399826,0.0,0.014945485947793213,0.035417086920295215
21.15,21,bg,1,0,3,4,May,1,2012,Female,White,,NA,,NA,,,No,"$150,000 or more",0.3,0.7,bandit,7,8/12/20 10:00,1,7,15,2,1,0,1,0.7,0.125,0.875,2,1,1,1,15,0,0.33333,6,2,0.7988628287135751,0.022514698312680683,1.505215796449022e-8,0.20113717128642494,0.44079601990049755,0.5812409705994851,-0.6861204844033757,0.0,0.0,-0.7944328213738394,-0.6581288660787332,0.0,0.5410692461957729,0.0,0.0,0.0011642988211746363,0.018030357056547097,0.0,0.009565222953477948,0.029995928434618957
21.16,21,bg,1,0,3,4,May,1,2012,Female,White,,NA,,NA,,,No,"$150,000 or more",0.3,0.7,bandit,7,8/12/20 10:00,1,7,16,1,2,0,0,0.3,0.125,0.875,1,1,1,0,16,0,0.33333,1,7,0.31650652675555746,0.034610861210659885,-0.20408163583323682,-0.31650652675555746,-0.2215545687288902,0.2504563848711786,-0.5288684970379889,0.3853834680616408,0.666638198458469,-0.4413493542953925,-0.35155401751617876,0.010976855356239927,0.5143487304422028,0.0013663279002841255,0.0,0.0002086188564381919,0.017512499568674622,-1.1102230246251565e-16,0.0007138511185813545,0.029274454569956476
21.17,21,bg,1,0,3,4,May,1,2012,Female,White,,NA,,NA,,,No,"$150,000 or more",0.3,0.7,bandit,7,8/12/20 10:00,1,7,17,1,1,1,0,0.3,0.125,0.875,1,1,1,0,17,0,0.33333,1,8,0.28538346806164083,0.02944389701638426,-0.1785714285171736,-0.28538346806164083,-0.19976842764314856,0.22285412775518473,-0.5000812284566654,0.3748914818699748,0.6615077791930253,-0.5264631123002028,-0.4413493542953925,0.00826209354982646,0.4962103786713405,0.000764672080506068,0.0,9.29987025741763e-5,0.01721337642801113,0.0,0.00036263103171407796,0.028962675400654336
21.18,21,bg,1,0,3,4,May,1,2012,Female,White,,NA,,NA,,,No,"$150,000 or more",0.3,0.7,bandit,7,8/12/20 10:00,1,7,18,2,4,1,0,0.7,0.125,0.875,2,1,1,0,18,0,0.33333,6,3,0.8270462633451958,0.018032653634533047,-0.999999984947842,-0.8270462633451958,-0.5789323843416371,0.8649618509312016,-0.6806342591671357,0.712474645030426,0.5999210287744168,-0.6658193156697767,-0.7944328213738394,0.062292625800241475,0.5529372725609654,0.008080997746922947,-1.1102230246251565e-16,0.0020288004902442314,0.02249330783085035,-1.1102230246251565e-16,0.014213057476356372,0.033607522080264185
21.19,21,bg,1,0,3,4,May,1,2012,Female,White,,NA,,NA,,,No,"$150,000 or more",0.3,0.7,bandit,7,8/12/20 10:00,1,7,19,2,4,1,0,0.7,0.125,0.875,2,1,1,0,19,0,0.33333,6,4,0.7970680435183478,0.021107329625411838,-0.9523809521085933,-0.7970680435183478,-0.5579476304628435,0.8163269208072701,-0.6864162092075873,0.6786526227969548,0.6278809041319408,-0.5592853255250018,-0.6658193156697767,0.058864996219997315,0.6098859333934347,0.007307846995381895,-1.1102230246251565e-16,0.0033818087032639887,0.02886943914968687,0.0031836247552171626,0.020370075314836145,0.039766991067880064
21.20,21,bg,1,0,3,4,May,1,2012,Female,White,,NA,,NA,,,No,"$150,000 or more",0.3,0.7,bandit,7,8/12/20 10:00,1,7,20,1,1,0,0,0.3,0.125,0.875,1,1,1,0,20,0,0.33333,1,9,0.25962751363114267,0.02521431557680923,-0.15873016054697503,-0.25962751363114267,-0.18173925954179987,0.20057423955414952,-0.4740205869080334,0.36663130120603066,0.657138430034442,-0.6061877880802712,-0.5264631123002028,0.006396043248667379,0.5919407447954603,-0.0006745373406837896,0.0,0.00012682978603728579,0.028431190995983124,0.0,0.00018271206976605558,0.039584893453116665
22.1,22,gb,2,4,2,3,June,19,2014,Female,White,,NA,Asian,NA,,,No,"$150,000 or more",0.7,0.3,tycoon,13,8/13/20 5:17,6,5,1,1,4,1,1,0.7,0.625,0.75,1,2,2,1,1,0,0.33333,1,0,0.5,0.08333333333333334,NaN,0.5,0.3500000000000001,0.4307829160924544,-0.6474466390346325,0.46153846153846156,0.6901856760188042,-0.04985714948732713,-0.0,0.05414517848247718,1.080889095295541,0.01409433193494114,0.0,0.056089743589743724,0.13107336639004985,-1.1102230246251565e-16,0.010744810700342722,0.04891275394756722
22.2,22,gb,2,4,2,3,June,19,2014,Female,White,,NA,Asian,NA,,,No,"$150,000 or more",0.7,0.3,tycoon,13,8/13/20 5:17,6,5,2,2,4,0,1,0.3,0.625,0.75,2,2,2,1,2,0,0.33333,1,0,0.5,0.08333333333333334,NaN,0.5,0.3500000000000001,0.4307829160924544,-0.6474466390346325,0.46153846153846156,0.6901856760188042,-0.04985714948732713,-0.0,0.05414517848247718,1.0830403030048914,0.013293712192332219,0.028994082840236635,0.08195307245743222,0.14653679006128928,0.0,0.010744810700342944,0.04059899259159849
22.3,22,gb,2,4,2,3,June,19,2014,Female,White,,NA,Asian,NA,,,No,"$150,000 or more",0.7,0.3,tycoon,13,8/13/20 5:17,6,5,3,1,4,0,1,0.7,0.625,0.75,1,2,2,1,3,0,0.33333,2,0,0.5897435897435898,0.07527942143326759,1.505215796449022e-8,0.41025641025641024,0.28717948717948727,0.33852562543305514,-0.5996068847876724,0.420863309352518,0.6805691240005796,-0.1694605094257496,-0.04985714948732713,0.03640626681961483,1.0580706350682705,0.008936834081395562,-1.1102230246251565e-16,0.05279914869019675,0.10941149615205781,-1.1102230246251565e-16,0.005618362421842882,0.035483482321714055
22.4,22,gb,2,4,2,3,June,19,2014,Female,White,,NA,Asian,NA,,,No,"$150,000 or more",0.7,0.3,tycoon,13,8/13/20 5:17,6,5,4,2,4,0,0,0.3,0.625,0.75,2,2,2,0,4,0,0.33333,1,1,0.5897435897435898,0.07527942143326759,-0.999999984947842,-0.5897435897435898,-0.7128205128205127,1.2476478678285972,-0.5996068847876724,0.0,0.0,-0.09393882346618043,-0.04985714948732713,0.0,0.9557320024071028,0.0,0.0,0.014685442425602546,0.0795352665581539,0.0,0.02346938767733342,0.04820963469496642
22.5,22,gb,2,4,2,3,June,19,2014,Female,White,,NA,Asian,NA,,,No,"$150,000 or more",0.7,0.3,tycoon,13,8/13/20 5:17,6,5,5,2,3,1,1,0.3,0.625,0.75,2,2,2,1,5,0,0.33333,2,1,0.40624999999999994,0.059960937500000006,0.7142857142857144,0.59375,0.41562500000000013,0.5372123789391858,-0.6788405414022067,0.5133689839572192,0.6927896784912411,-0.06841932383907297,-0.09393882346618043,0.055102579949780864,1.0020560670926963,0.008608613728443792,0.0,0.02225088802240316,0.08642420570619347,0.0,0.014819018450254129,0.03954093333299591
22.6,22,gb,2,4,2,3,June,19,2014,Female,White,,NA,Asian,NA,,,No,"$150,000 or more",0.7,0.3,tycoon,13,8/13/20 5:17,6,5,6,1,4,1,1,0.7,0.625,0.75,1,2,2,1,6,0,0.33333,3,0,0.6636690647482014,0.06242107033797422,1.505215796449022e-8,0.3363309352517986,0.23543165467625904,0.268443858885838,-0.5457566301170604,0.392378263937897,0.6698000343867989,-0.31724785272016875,-0.1694605094257496,0.02364311272114325,0.9297231620931339,0.0072952675734185846,0.0,0.02004719477769923,0.06293424944365222,1.1102230246251565e-16,0.0027852297390043024,0.03672396130262645
22.7,22,gb,2,4,2,3,June,19,2014,Female,White,,NA,Asian,NA,,,No,"$150,000 or more",0.7,0.3,tycoon,13,8/13/20 5:17,6,5,7,2,2,0,0,0.3,0.625,0.75,2,2,2,0,7,0,0.33333,2,2,0.47807486631016044,0.059144956961880525,-0.5238095260079766,-0.47807486631016044,-0.6346524064171123,1.0069060673742722,-0.6564330821954864,0.0,0.0,-0.19334888655015936,-0.06841932383907297,0.0,0.8215546454494713,0.0,0.0,0.0034018415398204827,0.053263823570103064,0.0,0.025346906821583914,0.047243848945403455
22.8,22,gb,2,4,2,3,June,19,2014,Female,White,,NA,Asian,NA,,,No,"$150,000 or more",0.7,0.3,tycoon,13,8/13/20 5:17,6,5,8,2,2,0,0,0.3,0.625,0.75,2,2,2,0,8,0,0.33333,2,3,0.3647540983606557,0.047282316581564086,-0.285714285155458,-0.3647540983606557,-0.555327868852459,0.8104180523126876,-0.6870122784419204,0.0,0.0,-0.3522528357548107,-0.19334888655015936,0.0,0.7482079965978516,0.0,0.0,0.0008704442964533321,0.049304993149014265,0.0,0.03583606666656358,0.057703624971163325
22.9,22,gb,2,4,2,3,June,19,2014,Female,White,,NA,Asian,NA,,,No,"$150,000 or more",0.7,0.3,tycoon,13,8/13/20 5:17,6,5,9,1,4,0,1,0.7,0.625,0.75,1,2,2,1,9,0,0.33333,4,0,0.720818630910374,0.049557175056323656,1.505215796449022e-8,0.279181369089626,0.19542695836273816,0.21744352532572367,-0.4939971112220449,0.3728685706266227,0.6604647503197693,-0.4669270480222721,-0.31724785272016875,0.015384672502538485,0.6696709854305198,0.00423336629982618,0.0,0.011626066445629357,0.035896526291805064,0.0,0.001334355288117095,0.05619328609818197
22.10,22,gb,2,4,2,3,June,19,2014,Female,White,,NA,Asian,NA,,,No,"$150,000 or more",0.7,0.3,tycoon,13,8/13/20 5:17,6,5,10,2,2,0,0,0.3,0.625,0.75,2,2,2,0,10,0,0.33333,2,4,0.2903225806451613,0.03668054110301769,-0.1428571404440389,-0.2903225806451613,-0.5032258064516129,0.6996196950655627,-0.6931263687610414,0.0,0.0,-0.5101222662015854,-0.3522528357548107,0.0,0.6278987932214628,0.0,0.0,8.575993217496691e-5,0.03457452385937687,0.0,0.023644259386952693,0.04402534314795936
22.11,22,gb,2,4,2,3,June,19,2014,Female,White,,NA,Asian,NA,,,No,"$150,000 or more",0.7,0.3,tycoon,13,8/13/20 5:17,6,5,11,1,4,1,1,0.7,0.625,0.75,1,2,2,1,11,0,0.33333,5,0,0.7639346946413117,0.038886415120984216,1.505215796449022e-8,0.2360653053586883,0.16524571375108188,0.1806178654019626,-0.4482669879861906,0.35938719326388935,0.6530647926105785,-0.6068721402139434,-0.4669270480222721,0.010280655290413887,0.5655416282708415,0.0025200916997673017,0.0,0.00672168995572775,0.026172545871053998,0.0,0.0006264767647727876,0.0433351966576786
22.12,22,gb,2,4,2,3,June,19,2014,Female,White,,NA,Asian,NA,,,No,"$150,000 or more",0.7,0.3,tycoon,13,8/13/20 5:17,6,5,12,2,2,0,0,0.3,0.625,0.75,2,2,2,0,12,0,0.33333,2,5,0.23863636363636365,0.02855052144824873,-0.047619048373720024,-0.23863636363636365,-0.46704545454545454,0.6293191390259728,-0.6909736011549141,0.0,0.0,-0.6581288660787334,-0.5101222662015854,0.0,0.5441922838965514,0.0,0.0,6.876915305764619e-6,0.02574133662807432,0.0,0.014945485947792991,0.03462681997812522
22.13,22,gb,2,4,2,3,June,19,2014,Female,White,,NA,Asian,NA,,,No,"$150,000 or more",0.7,0.3,tycoon,13,8/13/20 5:17,6,5,13,1,2,0,0,0.7,0.625,0.75,1,2,2,0,13,0,0.33333,5,1,0.79654368034297,0.030721348426171222,-0.999999984947842,-0.79654368034297,-0.857580576240079,1.9489788864978448,-0.40933124792562936,0.0,0.0,-0.2597274871226082,-0.6068721402139434,0.0,0.7451941429833885,0.0,0.0,0.02371755394293995,0.059948601049812256,0.0,0.002646806822436676,0.036667989637838794
22.14,22,gb,2,4,2,3,June,19,2014,Female,White,,NA,Asian,NA,,,No,"$150,000 or more",0.7,0.3,tycoon,13,8/13/20 5:17,6,5,14,2,4,1,1,0.3,0.625,0.75,2,2,2,1,14,0,0.33333,3,5,0.20113717128642505,0.022514698312680683,0.9999999999999983,0.798862828713575,0.5592039800995025,0.8191730504480405,-0.6861204844033757,0.6805869074492101,0.6264262715311203,-0.5365548718863062,-0.6581288660787334,0.06271164353692237,0.7715467738772057,0.0020380177601588834,0.0,0.0005163941275171391,0.060766301771929654,0.004078254326561392,0.021771011462026313,0.04348818265942922
22.15,22,gb,2,4,2,3,June,19,2014,Female,White,,NA,Asian,NA,,,No,"$150,000 or more",0.7,0.3,tycoon,13,8/13/20 5:17,6,5,15,1,4,0,1,0.7,0.625,0.75,1,2,2,1,15,0,0.33333,6,1,0.6455464123398981,0.040759615127719986,0.2380952380415915,0.35445358766010193,0.24811751136207139,0.28517523235209896,-0.5602575535492537,0.3989985197600019,0.6726035116269358,-0.3515540175161786,-0.2597274871226082,0.014991388876458484,0.7223560282678937,0.004437364851760828,0.0,0.015273006466915318,0.048928028921936706,0.0,0.0013876500814309356,0.042229354844182776
22.16,22,gb,2,4,2,3,June,19,2014,Female,White,,NA,Asian,NA,,,No,"$150,000 or more",0.7,0.3,tycoon,13,8/13/20 5:17,6,5,16,2,2,0,0,0.3,0.625,0.75,2,2,2,0,16,0,0.33333,3,6,0.23689132537891006,0.025914688990155074,-0.10714286121747621,-0.23689132537891006,-0.465823927765237,0.6270297710826459,-0.6908093503477821,0.0,0.0,-0.6658193156697767,-0.5365548718863062,0.0,0.6929142404030666,0.0,0.0,7.629772422734771e-5,0.04823242650315129,0.0,0.014213057476356261,0.034618419719850246
22.17,22,gb,2,4,2,3,June,19,2014,Female,White,,NA,Asian,NA,,,No,"$150,000 or more",0.7,0.3,tycoon,13,8/13/20 5:17,6,5,17,1,4,1,1,0.7,0.625,0.75,1,2,2,1,17,0,0.33333,7,1,0.6834934732444427,0.034610861210659885,0.20408163278799452,0.31650652675555735,0.22155456872889023,0.2504563848711786,-0.5288684970379889,0.3853834680616409,0.6666381984584691,-0.44134935429539246,-0.3515540175161786,0.010976855356239747,0.649851865610971,0.0020543909525415627,0.0,0.009779434731691516,0.03937680121892828,1.1102230246251565e-16,0.0007138511185815766,0.03391695270870787
22.18,22,gb,2,4,2,3,June,19,2014,Female,White,,NA,Asian,NA,,,No,"$150,000 or more",0.7,0.3,tycoon,13,8/13/20 5:17,6,5,18,2,3,1,1,0.3,0.625,0.75,2,2,2,1,18,0,0.33333,4,6,0.20293195648165224,0.021107329625411834,0.9523809521052664,0.7970680435183477,0.5579476304628435,0.8163269208072701,-0.6864162092075873,0.6786526227969549,0.6278809041319406,-0.5592853255250022,-0.6658193156697767,0.058864996219997114,0.6682689883365508,0.0015774138222519607,0.0,6.782676998673409e-5,0.03987333017661665,0.0031836247552170516,0.020370075314836478,0.04010941905396026
22.19,22,gb,2,4,2,3,June,19,2014,Female,White,,NA,Asian,NA,,,No,"$150,000 or more",0.7,0.3,tycoon,13,8/13/20 5:17,6,5,19,1,4,0,1,0.7,0.625,0.75,1,2,2,1,19,0,0.33333,8,1,0.7146165319383592,0.029443897016384266,0.17857143423228017,0.28538346806164083,0.19976842764314862,0.22285412775518473,-0.5000812284566655,0.3748914818699748,0.6615077791930253,-0.5264631123002028,-0.44134935429539246,0.008262093549826113,0.6270712280064055,0.0015117610606874,0.0,0.006249163993101381,0.03317355958968404,0.0,0.00036263103171407796,0.03976699106788073
22.20,22,gb,2,4,2,3,June,19,2014,Female,White,,NA,Asian,NA,,,No,"$150,000 or more",0.7,0.3,tycoon,13,8/13/20 5:17,6,5,20,2,4,0,1,0.3,0.625,0.75,2,2,2,1,20,0,0.33333,5,6,0.23635589390621198,0.02385463966098026,0.8571428544920165,0.763644106093788,0.5345508742656516,0.7647524777448561,-0.6907577510031865,0.6445387549642165,0.6507619693256061,-0.4798387494530663,-0.5592853255250022,0.05361014496329652,0.6457191823908423,0.0013730158239095847,0.0,6.283254464112265e-5,0.033500855557233256,0.008554263202375623,0.028087181356815205,0.04748826960183794
23.1,23,gb,2,2,2,2,April,10,2013,Male,White,,NA,,NA,,,No,"$150,000 or more",0.3,0.7,tycoon,14,8/15/20 14:51,4,4,1,1,1,1,1,0.3,0.5,0.5,1,2,3,1,1,0,0.33333,1,0,0.5,0.08333333333333334,NaN,0.5,0.3500000000000001,0.4307829160924544,-0.6474466390346325,0.46153846153846156,0.6901856760188042,-0.04985714948732713,-0.0,0.05414517848247718,1.080889095295541,0.01409433193494114,0.0,0.056089743589743724,0.13107336639004985,-1.1102230246251565e-16,0.010744810700342722,0.04891275394756722
23.2,23,gb,2,2,2,2,April,10,2013,Male,White,,NA,,NA,,,No,"$150,000 or more",0.3,0.7,tycoon,14,8/15/20 14:51,4,4,2,2,4,0,1,0.7,0.5,0.5,2,2,3,1,2,0,0.33333,1,0,0.5,0.08333333333333334,NaN,0.5,0.3500000000000001,0.4307829160924544,-0.6474466390346325,0.46153846153846156,0.6901856760188042,-0.04985714948732713,-0.0,0.05414517848247718,1.0830403030048914,0.013293712192332219,0.028994082840236635,0.08195307245743222,0.14653679006128928,0.0,0.010744810700342944,0.04059899259159849
23.3,23,gb,2,2,2,2,April,10,2013,Male,White,,NA,,NA,,,No,"$150,000 or more",0.3,0.7,tycoon,14,8/15/20 14:51,4,4,3,1,1,1,1,0.3,0.5,0.5,1,2,3,1,3,0,0.33333,2,0,0.5897435897435898,0.07527942143326759,1.505215796449022e-8,0.41025641025641024,0.28717948717948727,0.33852562543305514,-0.5996068847876724,0.420863309352518,0.6805691240005796,-0.1694605094257496,-0.04985714948732713,0.03640626681961483,1.0580706350682705,0.008936834081395562,-1.1102230246251565e-16,0.05279914869019675,0.10941149615205781,-1.1102230246251565e-16,0.005618362421842882,0.035483482321714055
23.4,23,gb,2,2,2,2,April,10,2013,Male,White,,NA,,NA,,,No,"$150,000 or more",0.3,0.7,tycoon,14,8/15/20 14:51,4,4,4,2,1,1,1,0.7,0.5,0.5,2,2,3,1,4,0,0.33333,2,0,0.5897435897435898,0.07527942143326759,1.505215796449022e-8,0.41025641025641024,0.28717948717948727,0.33852562543305514,-0.5996068847876724,0.420863309352518,0.6805691240005796,-0.1694605094257496,-0.04985714948732713,0.03640626681961483,1.0519242523249115,0.00860605749506016,0.021778764039128373,0.07282697295335983,0.12143955345007695,0.0,0.005618362421842882,0.030273433736216937
23.5,23,gb,2,2,2,2,April,10,2013,Male,White,,NA,,NA,,,No,"$150,000 or more",0.3,0.7,tycoon,14,8/15/20 14:51,4,4,5,1,1,0,1,0.3,0.5,0.5,1,2,3,1,5,0,0.33333,3,0,0.6636690647482014,0.06242107033797422,1.505215796449022e-8,0.3363309352517986,0.23543165467625904,0.268443858885838,-0.5457566301170604,0.392378263937897,0.6698000343867989,-0.31724785272016875,-0.1694605094257496,0.02364311272114325,1.028028116721174,0.004734733865393803,0.0,0.04839604638216366,0.09215360279974905,0.0,0.0027852297390041914,0.027458667353229327
23.6,23,gb,2,2,2,2,April,10,2013,Male,White,,NA,,NA,,,No,"$150,000 or more",0.3,0.7,tycoon,14,8/15/20 14:51,4,4,6,2,1,0,0,0.7,0.5,0.5,2,2,3,0,6,0,0.33333,2,1,0.6636690647482014,0.06242107033797422,-0.999999984947842,-0.6636690647482014,-0.764568345323741,1.446334621334728,-0.5457566301170604,0.0,0.0,-0.06841932383907297,-0.1694605094257496,0.0,0.9297231620931339,0.0,0.0,0.013293891796065882,0.06293424944365222,0.0,0.01481901845025424,0.03672396130262645
23.7,23,gb,2,2,2,2,April,10,2013,Male,White,,NA,,NA,,,No,"$150,000 or more",0.3,0.7,tycoon,14,8/15/20 14:51,4,4,7,2,1,1,1,0.7,0.5,0.5,2,2,3,1,7,0,0.33333,3,1,0.47807486631016044,0.059144956961880525,0.4761904739920234,0.5219251336898396,0.3653475935828877,0.45467782143196556,-0.6564330821954864,0.4726996966632962,0.6916558259082752,-0.10203826854156672,-0.06841932383907297,0.041065536639639334,0.9722584888055161,0.00642508693383137,0.0,0.018988406184603956,0.06902069692893187,0.0,0.008758474689475326,0.03059498892497514
23.8,23,gb,2,2,2,2,April,10,2013,Male,White,,NA,,NA,,,No,"$150,000 or more",0.3,0.7,tycoon,14,8/15/20 14:51,4,4,8,1,1,0,1,0.3,0.5,0.5,1,2,3,1,8,0,0.33333,4,0,0.720818630910374,0.049557175056323656,1.505215796449022e-8,0.279181369089626,0.19542695836273816,0.21744352532572367,-0.4939971112220449,0.3728685706266227,0.6604647503197693,-0.4669270480222721,-0.31724785272016875,0.015384672502538485,0.9032989347724857,0.0036432612730926683,0.0,0.015516065923817934,0.05142486154105641,-1.1102230246251565e-16,0.001334355288117095,0.026501916157903205
23.9,23,gb,2,2,2,2,April,10,2013,Male,White,,NA,,NA,,,No,"$150,000 or more",0.3,0.7,tycoon,14,8/15/20 14:51,4,4,9,2,4,0,1,0.7,0.5,0.5,2,2,3,1,9,0,0.33333,4,1,0.5433097404785979,0.054325816767273404,0.3571428585841654,0.4566902595214021,0.31968318166498144,0.38519667999782625,-0.6266304181662299,0.44097101808273464,0.6861620599669114,-0.17234810551209429,-0.10203826854156672,0.029483822867364385,0.9396240356558887,0.003956052376137498,0.0,0.01631311005776337,0.056155039501360915,-1.1102230246251565e-16,0.004910265140283254,0.02297846438834561
23.10,23,gb,2,2,2,2,April,10,2013,Male,White,,NA,,NA,,,No,"$150,000 or more",0.3,0.7,tycoon,14,8/15/20 14:51,4,4,10,1,1,1,1,0.3,0.5,0.5,1,2,3,1,10,0,0.33333,5,0,0.7639346946413117,0.038886415120984216,1.505215796449022e-8,0.2360653053586883,0.16524571375108188,0.1806178654019626,-0.4482669879861906,0.35938719326388935,0.6530647926105785,-0.6068721402139434,-0.4669270480222721,0.010280655290413887,0.8792559462187228,0.0026847778341942963,0.0,0.013925456897528221,0.043059687351333364,-1.1102230246251565e-16,0.0006264767647727876,0.02457794847897976
23.11,23,gb,2,2,2,2,April,10,2013,Male,White,,NA,,NA,,,No,"$150,000 or more",0.3,0.7,tycoon,14,8/15/20 14:51,4,4,11,2,1,0,1,0.7,0.5,0.5,2,2,3,1,11,0,0.33333,5,1,0.5992073321773594,0.04762632238369273,0.2857142856774214,0.40079266782264056,0.28055486747584846,0.3292750133468492,-0.593476605198166,0.4169880181793142,0.6793011794347656,-0.2597274871226082,-0.17234810551209429,0.020928267241703907,0.9115762043658593,0.0032269896979910673,0.0,0.014194692255365737,0.046866136503645794,-1.1102230246251565e-16,0.002646806822436787,0.022321042813853498
23.12,23,gb,2,2,2,2,April,10,2013,Male,White,,NA,,NA,,,No,"$150,000 or more",0.3,0.7,tycoon,14,8/15/20 14:51,4,4,12,1,1,0,1,0.3,0.5,0.5,1,2,3,1,12,0,0.33333,6,0,0.79654368034297,0.030721348426171222,1.505215796449022e-8,0.20345631965703004,0.142419423759921,0.15364013789587988,-0.40933124792562936,0.3498213559305421,0.6473359812057708,-0.733891270595349,-0.6068721402139434,0.007140690214164802,0.8581429494123156,0.001646659597630995,0.0,0.012663359200494995,0.03690837793807911,1.1102230246251565e-16,0.0002909575578295964,0.022019456716295682
23.13,23,gb,2,2,2,2,April,10,2013,Male,White,,NA,,NA,,,No,"$150,000 or more",0.3,0.7,tycoon,14,8/15/20 14:51,4,4,13,2,1,0,0,0.7,0.5,0.5,2,2,3,0,13,0,0.33333,5,2,0.6455464123398981,0.040759615127719986,-0.7619047619584085,-0.6455464123398981,-0.7518824886379286,1.3938528089046633,-0.5602575535492537,0.0,0.0,-0.20362825923782918,-0.2597274871226082,0.0,0.7286287737681822,0.0,0.0,0.0023491830210756737,0.02757845266119241,0.0,0.006462497605224549,0.02585816536355301
23.14,23,gb,2,2,2,2,April,10,2013,Male,White,,NA,,NA,,,No,"$150,000 or more",0.3,0.7,tycoon,14,8/15/20 14:51,4,4,14,2,1,0,1,0.7,0.5,0.5,2,2,3,1,14,0,0.33333,6,2,0.5305535993265176,0.04180549502855063,0.4081632652507492,0.4694464006734824,0.32861248047143765,0.3984087833361684,-0.6331916582986538,0.44683583068487076,0.6874836226981821,-0.2618168853573194,-0.20362825923782918,0.023017317163043654,0.7645815670960296,0.001937670709412087,0.0,0.0032487739504917235,0.029544612433107353,-1.1102230246251565e-16,0.0037550782567964403,0.022346193554965366
23.15,23,gb,2,2,2,2,April,10,2013,Male,White,,NA,,NA,,,No,"$150,000 or more",0.3,0.7,tycoon,14,8/15/20 14:51,4,4,15,1,1,0,0,0.3,0.5,0.5,1,2,3,0,15,0,0.33333,6,1,0.8216199757887049,0.024639008868067025,-0.999999984947842,-0.8216199757887049,-0.8751339830520934,2.0805139809540636,-0.376509360186612,0.0,0.0,-0.3515540175161786,-0.733891270595349,0.0,1.034700645991947,0.0,0.0,0.026215072393149685,0.07264786272168333,0.0,0.0013876500814308246,0.0241674070439295
23.16,23,gb,2,2,2,2,April,10,2013,Male,White,,NA,,NA,,,No,"$150,000 or more",0.3,0.7,tycoon,14,8/15/20 14:51,4,4,16,2,1,1,1,0.7,0.5,0.5,2,2,3,1,16,0,0.33333,7,2,0.5741407165558251,0.03740388601427415,0.35714285717432626,0.4258592834441749,0.2981014984109225,0.35396647004063503,-0.6092471136463906,0.4274122245891805,0.682571878377868,-0.32792102780953847,-0.2618168853573194,0.017233904192596534,1.052814926738594,0.002863272440676967,0.0,0.028189002400477392,0.07742407658184569,-1.1102230246251565e-16,0.0021207633021400607,0.02252323975847914
23.17,23,gb,2,2,2,2,April,10,2013,Male,White,,NA,,NA,,,No,"$150,000 or more",0.3,0.7,tycoon,14,8/15/20 14:51,4,4,17,1,1,1,1,0.3,0.5,0.5,1,2,3,1,17,0,0.33333,7,1,0.6834934732444427,0.034610861210659885,0.20408163278799452,0.31650652675555735,0.22155456872889023,0.2504563848711786,-0.5288684970379889,0.3853834680616409,0.6666381984584691,-0.44134935429539246,-0.3515540175161786,0.010976855356239747,1.0205023983236512,0.00291386887948053,0.0,0.02379778850275116,0.06351193990170712,0.0,0.0007138511185812435,0.021802872145071595
23.18,23,gb,2,2,2,2,April,10,2013,Male,White,,NA,,NA,,,No,"$150,000 or more",0.3,0.7,tycoon,14,8/15/20 14:51,4,4,18,2,1,0,0,0.7,0.5,0.5,2,2,3,0,18,0,0.33333,7,3,0.6114434321916543,0.03308472734605146,-0.6825396824684166,-0.6114434321916543,-0.728010402534158,1.3019914580283587,-0.5852277123049061,0.0,0.0,-0.300546826596243,-0.32792102780953847,0.0,0.9397805704406621,0.0,0.0,0.008039915198078895,0.05264658669413913,0.0,0.004658377691200477,0.02441098454806301
23.19,23,gb,2,2,2,2,April,10,2013,Male,White,,NA,,NA,,,No,"$150,000 or more",0.3,0.7,tycoon,14,8/15/20 14:51,4,4,19,1,1,0,0,0.3,0.5,0.5,1,2,3,0,19,0,0.33333,7,2,0.7146165319383592,0.029443897016384266,-0.8214285657677198,-0.7146165319383592,-0.8002315723568514,1.6105964450581896,-0.5000812284566655,0.0,0.0,-0.32792102780953847,-0.44134935429539246,0.0,1.068837866698756,0.0,0.0,0.029092835971548547,0.0897543826667796,0.0,0.0021207633021400607,0.02585608531343009
23.20,23,gb,2,2,2,2,April,10,2013,Male,White,,NA,,NA,,,No,"$150,000 or more",0.3,0.7,tycoon,14,8/15/20 14:51,4,4,20,1,1,0,0,0.3,0.5,0.5,1,2,3,0,20,0,0.33333,7,3,0.6114434321916543,0.03308472734605146,-0.6825396824684166,-0.6114434321916543,-0.728010402534158,1.3019914580283587,-0.5852277123049061,0.0,0.0,-0.300546826596243,-0.32792102780953847,0.0,1.095996638123689,0.0,0.0,0.052298849400863046,0.1275696278341406,0.0,0.004658377691200588,0.028394569859229057
24.1,24,bg,2,1,4,3,December,1,2012,Female,White,,NA,,NA,,,No,"$150,000 or more",0.3,0.7,tycoon,11,8/18/20 12:47,3,7,1,1,4,0,0,0.3,0.375,0.875,1,2,4,0,1,0,0.33333,0,1,0.5,0.08333333333333334,NaN,-0.5,-0.6499999999999999,1.0498221244986774,-0.6474466390346325,0.0,0.0,-0.19314718051535087,-0.0,0.0,1.0284761483385072,0.0,0.0,0.029166666666666674,0.14001108542006102,0.0,0.03446712009808295,0.07261948098459137
24.2,24,bg,2,1,4,3,December,1,2012,Female,White,,NA,,NA,,,No,"$150,000 or more",0.3,0.7,tycoon,11,8/18/20 12:47,3,7,2,2,4,1,1,0.7,0.375,0.875,2,2,4,1,2,0,0.33333,1,0,0.5,0.08333333333333334,NaN,0.5,0.3500000000000001,0.4307829160924544,-0.6474466390346325,0.46153846153846156,0.6901856760188042,-0.04985714948732713,-0.0,0.05414517848247718,0.9763000523200952,0.0177440495768586,0.0,0.056089743589743724,0.10232280345664868,0.0,0.010744810700342833,0.06432290630777004
24.3,24,bg,2,1,4,3,December,1,2012,Female,White,,NA,,NA,,,No,"$150,000 or more",0.3,0.7,tycoon,11,8/18/20 12:47,3,7,3,2,4,1,1,0.7,0.375,0.875,2,2,4,1,3,0,0.33333,2,0,0.5897435897435898,0.07527942143326759,1.505215796449022e-8,0.41025641025641024,0.28717948717948727,0.33852562543305514,-0.5996068847876724,0.420863309352518,0.6805691240005796,-0.1694605094257496,-0.04985714948732713,0.03640626681961483,0.9069826800167431,0.014877073226458704,-1.1102230246251565e-16,0.03407149280575539,0.07362247073741601,-1.1102230246251565e-16,0.005618362421842993,0.0591890818473757
24.4,24,bg,2,1,4,3,December,1,2012,Female,White,,NA,,NA,,,No,"$150,000 or more",0.3,0.7,tycoon,11,8/18/20 12:47,3,7,4,1,4,0,1,0.3,0.375,0.875,1,2,4,1,4,0,0.33333,1,1,0.3333333333333333,0.05555555555555555,0.9999999999999997,0.6666666666666667,0.4666666666666667,0.6286086594223742,-0.6909233093138181,0.5624999999999999,0.6853142072764582,-0.09393882346618043,-0.19314718051535087,0.06943456668699552,0.9589043178238688,0.010523326366759678,0.0,0.014685442425602546,0.07953526666310473,-1.1102230246251565e-16,0.02346938767733342,0.04819872499055011
24.5,24,bg,2,1,4,3,December,1,2012,Female,White,,NA,,NA,,,No,"$150,000 or more",0.3,0.7,tycoon,11,8/18/20 12:47,3,7,5,2,4,0,0,0.7,0.375,0.875,2,2,4,0,5,0,0.33333,2,1,0.6636690647482014,0.06242107033797422,-0.999999984947842,-0.6636690647482014,-0.764568345323741,1.446334621334728,-0.5457566301170604,0.0,0.0,-0.06841932383907297,-0.1694605094257496,0.0,1.074939816371205,0.0,0.0,0.06426804812834219,0.13498131211908182,0.0,0.01481901845025424,0.05738954954025177
24.6,24,bg,2,1,4,3,December,1,2012,Female,White,,NA,,NA,,,No,"$150,000 or more",0.3,0.7,tycoon,11,8/18/20 12:47,3,7,6,1,4,1,1,0.3,0.375,0.875,1,2,4,1,6,0,0.33333,2,1,0.40624999999999994,0.059960937500000006,0.7142857142857144,0.59375,0.41562500000000013,0.5372123789391858,-0.6788405414022067,0.5133689839572192,0.6927896784912411,-0.06841932383907297,-0.09393882346618043,0.055102579949780864,1.0935173043403315,0.012230271563352435,0.018342245989304784,0.06426804812834219,0.14728976123111337,-1.1102230246251565e-16,0.014819018450254129,0.04874515249334843
24.7,24,bg,2,1,4,3,December,1,2012,Female,White,,NA,,NA,,,No,"$150,000 or more",0.3,0.7,tycoon,11,8/18/20 12:47,3,7,7,2,3,1,1,0.7,0.375,0.875,2,2,4,1,7,0,0.33333,3,1,0.47807486631016044,0.059144956961880525,0.4761904739920234,0.5219251336898396,0.3653475935828877,0.45467782143196556,-0.6564330821954864,0.4726996966632962,0.6916558259082752,-0.10203826854156672,-0.06841932383907297,0.041065536639639334,1.0893883302328145,0.009332299982642622,0.007254802831142548,0.054716991068419096,0.13006152906555446,0.0,0.008758474689475104,0.042633813543627275
24.8,24,bg,2,1,4,3,December,1,2012,Female,White,,NA,,NA,,,No,"$150,000 or more",0.3,0.7,tycoon,11,8/18/20 12:47,3,7,8,2,4,0,1,0.7,0.375,0.875,2,2,4,1,8,0,0.33333,4,1,0.5433097404785979,0.054325816767273404,0.3571428585841654,0.4566902595214021,0.31968318166498144,0.38519667999782625,-0.6266304181662299,0.44097101808273464,0.6861620599669114,-0.17234810551209429,-0.10203826854156672,0.029483822867364385,1.0674058954943009,0.007001379248030792,0.0,0.036400986190240014,0.10358437505083407,-1.1102230246251565e-16,0.004910265140283254,0.03882936497276679
24.9,24,bg,2,1,4,3,December,1,2012,Female,White,,NA,,NA,,,No,"$150,000 or more",0.3,0.7,tycoon,11,8/18/20 12:47,3,7,9,1,4,0,0,0.3,0.375,0.875,1,2,4,0,9,0,0.33333,2,2,0.47807486631016044,0.059144956961880525,-0.5238095260079766,-0.47807486631016044,-0.6346524064171123,1.0069060673742722,-0.6564330821954864,0.0,0.0,-0.19334888655015936,-0.06841932383907297,0.0,0.9797921564418623,0.0,0.0,0.01285874729966996,0.08725063746101736,0.0,0.025346906821584136,0.04936013649544635
24.10,24,bg,2,1,4,3,December,1,2012,Female,White,,NA,,NA,,,No,"$150,000 or more",0.3,0.7,tycoon,11,8/18/20 12:47,3,7,10,1,4,0,0,0.3,0.375,0.875,1,2,4,0,10,0,0.33333,2,3,0.3647540983606557,0.047282316581564086,-0.285714285155458,-0.3647540983606557,-0.555327868852459,0.8104180523126876,-0.6870122784419204,0.0,0.0,-0.3522528357548107,-0.19334888655015936,0.0,0.8939931502364178,0.0,0.0,0.004647690978620056,0.08032325222773096,0.0,0.035836066666563804,0.05981851135232652
24.11,24,bg,2,1,4,3,December,1,2012,Female,White,,NA,,NA,,,No,"$150,000 or more",0.3,0.7,tycoon,11,8/18/20 12:47,3,7,11,1,4,0,0,0.3,0.375,0.875,1,2,4,0,11,0,0.33333,2,4,0.2903225806451613,0.03668054110301769,-0.1428571404440389,-0.2903225806451613,-0.5032258064516129,0.6996196950655627,-0.6931263687610414,0.0,0.0,-0.5101222662015854,-0.3522528357548107,0.0,0.8400188817025971,0.0,0.0,0.0016917432834721025,0.07706903130587806,0.0,0.023644259386952693,0.04763256206171107
24.12,24,bg,2,1,4,3,December,1,2012,Female,White,,NA,,NA,,,No,"$150,000 or more",0.3,0.7,tycoon,11,8/18/20 12:47,3,7,12,2,1,0,0,0.7,0.375,0.875,2,2,4,0,12,0,0.33333,4,2,0.5992073321773594,0.04762632238369273,-0.7142857143225786,-0.5992073321773594,-0.7194451325241515,1.270985967173236,-0.593476605198166,0.0,0.0,-0.1634727844071895,-0.17234810551209429,0.0,0.9144553134194886,0.0,0.0,0.05518984423284912,0.10410795494022151,0.0,0.010714598831219058,0.053461543246818066
24.13,24,bg,2,1,4,3,December,1,2012,Female,White,,NA,,NA,,,No,"$150,000 or more",0.3,0.7,tycoon,11,8/18/20 12:47,3,7,13,1,4,1,1,0.3,0.375,0.875,1,2,4,1,13,0,0.33333,3,4,0.23863636363636365,0.02855052144824873,0.95238095162628,0.7613636363636364,0.5329545454545455,0.7613286929760176,-0.6909736011549141,0.6423357664233575,0.6520624274229945,-0.4027535235413832,-0.5101222662015854,0.06177769366238686,0.9575394346680495,0.006660848311158096,0.0,0.009133433444849959,0.10729206275267555,0.012111381454447123,0.03357059696107867,0.06336627259070005
24.14,24,bg,2,1,4,3,December,1,2012,Female,White,,NA,,NA,,,No,"$150,000 or more",0.3,0.7,tycoon,11,8/18/20 12:47,3,7,14,2,2,0,0,0.7,0.375,0.875,2,2,4,0,14,0,0.33333,4,3,0.48037700865265753,0.04560793367823767,-0.5238095250317243,-0.48037700865265753,-0.6362639060568602,1.0113266909367902,-0.6555375630656881,0.0,0.0,-0.23266054424133242,-0.1634727844071895,0.0,0.9733791078347827,0.0,0.0,0.028067523261720684,0.08290828123591676,0.0,0.018152569876850988,0.07081311597729956
24.15,24,bg,2,1,4,3,December,1,2012,Female,White,,NA,,NA,,,No,"$150,000 or more",0.3,0.7,tycoon,11,8/18/20 12:47,3,7,15,1,1,0,1,0.3,0.375,0.875,1,2,4,1,15,0,0.33333,4,4,0.2814274128142741,0.032002411571559274,0.8163265278008387,0.7185725871857259,0.5030008110300082,0.6991668847379628,-0.6931291707181513,0.6036227154046998,0.6715154127039579,-0.3323582090113898,-0.4027535235413832,0.05433972007245321,1.0087476181446517,0.008569691351067332,0.0,0.0140200080572781,0.08829326689177819,0.0012075718015666093,0.026478727497178278,0.06372564145788406
24.16,24,bg,2,1,4,3,December,1,2012,Female,White,,NA,,NA,,,No,"$150,000 or more",0.3,0.7,tycoon,11,8/18/20 12:47,3,7,16,2,1,0,0,0.7,0.375,0.875,2,2,4,0,16,0,0.33333,4,4,0.3926058083060759,0.04015149105953348,-0.38775510210223463,-0.3926058083060759,-0.5748240658142532,0.8552522329266845,-0.6819077269415073,0.0,0.0,-0.3323582090113898,-0.23266054424133242,0.0,0.9841633103684005,0.0,0.0,0.0140200080572781,0.07457318008919245,0.0,0.026478727497178167,0.07200512036769646
24.17,24,bg,2,1,4,3,December,1,2012,Female,White,,NA,,NA,,,No,"$150,000 or more",0.3,0.7,tycoon,11,8/18/20 12:47,3,7,17,1,2,0,0,0.3,0.375,0.875,1,2,4,0,17,0,0.33333,4,5,0.3265013054830287,0.03412457714895185,-0.2857142814480128,-0.3265013054830287,-0.52855091383812,0.7519441654287193,-0.6915159840708771,0.0,0.0,-0.44416450766495547,-0.3323582090113898,0.0,0.9477597821455923,0.0,0.0,0.006915546384903326,0.06614923629096037,0.0,0.030437972309995787,0.07596769258256708
24.18,24,bg,2,1,4,3,December,1,2012,Female,White,,NA,,NA,,,No,"$150,000 or more",0.3,0.7,tycoon,11,8/18/20 12:47,3,7,18,2,4,1,1,0.7,0.375,0.875,2,2,4,1,18,0,0.33333,5,4,0.3265013054830287,0.03412457714895185,0.7142857185519872,0.6734986945169713,0.47144908616187997,0.6376161418159372,-0.6915159840708771,0.5675895966606564,0.6839824415260298,-0.29834698269348603,-0.3323582090113898,0.04580354591985161,0.959351758818282,0.0087336525621029,0.0,0.020356941501950887,0.0745879901695291,0.0,0.018834413039687248,0.06832138561787415
24.19,24,bg,2,1,4,3,December,1,2012,Female,White,,NA,,NA,,,No,"$150,000 or more",0.3,0.7,tycoon,11,8/18/20 12:47,3,7,19,1,4,0,1,0.3,0.375,0.875,1,2,4,1,19,0,0.33333,5,5,0.27583368366465866,0.028588485586435397,0.7936507935440227,0.7241663163353413,0.506916421434739,0.7070765887497893,-0.693051503737629,0.6084161246515618,0.6694513036982991,-0.38411710724963677,-0.44416450766495547,0.05051956262330989,0.9915924904784948,0.007584790376981121,0.0,0.010548418655924485,0.07935544930531613,0.002805374883853795,0.026459458231194555,0.06433642225072334
24.20,24,bg,2,1,4,3,December,1,2012,Female,White,,NA,,NA,,,No,"$150,000 or more",0.3,0.7,tycoon,11,8/18/20 12:47,3,7,20,2,4,1,1,0.7,0.375,0.875,2,2,4,1,20,0,0.33333,6,4,0.3716950671034698,0.03473024233151331,0.6349206351663356,0.6283049328965302,0.43981345302757124,0.5794854311313323,-0.6858847415822464,0.5355358882168324,0.690619451333321,-0.29493599322022407,-0.29834698269348603,0.037329236961390136,0.9952961836636064,0.007641024959299858,0.0,0.02805780530406421,0.08781771410632289,0.0,0.012847841136859106,0.05807949114958144
29.1,29,gb,1,1,4,3,May,25,2015,Female,White,,NA,,NA,,,No,"$150,000 or more",0.3,0.7,tycoon,12,8/18/20 14:49,2,7,1,1,4,1,1,0.3,0.25,0.875,1,2,5,1,1,0,0.33333,1,0,0.5,0.08333333333333334,NaN,0.5,0.3500000000000001,0.4307829160924544,-0.6474466390346325,0.46153846153846156,0.6901856760188042,-0.04985714948732713,-0.0,0.05414517848247718,1.080889095295541,0.01409433193494114,0.0,0.056089743589743724,0.13107336639004985,-1.1102230246251565e-16,0.010744810700342722,0.04891275394756722
29.2,29,gb,1,1,4,3,May,25,2015,Female,White,,NA,,NA,,,No,"$150,000 or more",0.3,0.7,tycoon,12,8/18/20 14:49,2,7,2,2,4,0,1,0.7,0.25,0.875,2,2,5,1,2,0,0.33333,1,0,0.5,0.08333333333333334,NaN,0.5,0.3500000000000001,0.4307829160924544,-0.6474466390346325,0.46153846153846156,0.6901856760188042,-0.04985714948732713,-0.0,0.05414517848247718,1.0830403030048914,0.013293712192332219,0.028994082840236635,0.08195307245743222,0.14653679006128928,0.0,0.010744810700342944,0.04059899259159849
29.3,29,gb,1,1,4,3,May,25,2015,Female,White,,NA,,NA,,,No,"$150,000 or more",0.3,0.7,tycoon,12,8/18/20 14:49,2,7,3,1,4,0,0,0.3,0.25,0.875,1,2,5,0,3,0,0.33333,1,1,0.5897435897435898,0.07527942143326759,-0.999999984947842,-0.5897435897435898,-0.7128205128205127,1.2476478678285972,-0.5996068847876724,0.0,0.0,-0.09393882346618043,-0.04985714948732713,0.0,1.027513187106257,0.0,0.0,0.025871763273449644,0.11022434808664228,0.0,0.02346938767733353,0.05331636572044118
29.4,29,gb,1,1,4,3,May,25,2015,Female,White,,NA,,NA,,,No,"$150,000 or more",0.3,0.7,tycoon,12,8/18/20 14:49,2,7,4,2,4,0,1,0.7,0.25,0.875,2,2,5,1,4,0,0.33333,2,0,0.5897435897435898,0.07527942143326759,1.505215796449022e-8,0.41025641025641024,0.28717948717948727,0.33852562543305514,-0.5996068847876724,0.420863309352518,0.6805691240005796,-0.1694605094257496,-0.04985714948732713,0.03640626681961483,0.9589043178238688,0.01118521368965153,-1.1102230246251565e-16,0.03407149280575539,0.07953526666310473,-1.1102230246251565e-16,0.005618362421842882,0.04819872499055011
29.5,29,gb,1,1,4,3,May,25,2015,Female,White,,NA,,NA,,,No,"$150,000 or more",0.3,0.7,tycoon,12,8/18/20 14:49,2,7,5,1,4,1,1,0.3,0.25,0.875,1,2,5,1,5,0,0.33333,2,1,0.40624999999999994,0.059960937500000006,0.7142857142857144,0.59375,0.41562500000000013,0.5372123789391858,-0.6788405414022067,0.5133689839572192,0.6927896784912411,-0.06841932383907297,-0.09393882346618043,0.055102579949780864,1.0027060516162971,0.004957983223121576,0.0,0.02225088802240316,0.0864396159158386,0.0,0.014819018450254129,0.039540933332995576
29.6,29,gb,1,1,4,3,May,25,2015,Female,White,,NA,,NA,,,No,"$150,000 or more",0.3,0.7,tycoon,12,8/18/20 14:49,2,7,6,2,4,0,1,0.7,0.25,0.875,2,2,5,1,6,0,0.33333,3,0,0.6636690647482014,0.06242107033797422,1.505215796449022e-8,0.3363309352517986,0.23543165467625904,0.268443858885838,-0.5457566301170604,0.392378263937897,0.6698000343867989,-0.31724785272016875,-0.1694605094257496,0.02364311272114325,0.9310748479392204,0.006408297229689164,0.0,0.02004719477769923,0.06292957699759283,1.1102230246251565e-16,0.0027852297390043024,0.03672396130262667
29.7,29,gb,1,1,4,3,May,25,2015,Female,White,,NA,,NA,,,No,"$150,000 or more",0.3,0.7,tycoon,12,8/18/20 14:49,2,7,7,1,4,0,0,0.3,0.25,0.875,1,2,5,0,7,0,0.33333,2,2,0.47807486631016044,0.059144956961880525,-0.5238095260079766,-0.47807486631016044,-0.6346524064171123,1.0069060673742722,-0.6564330821954864,0.0,0.0,-0.19334888655015936,-0.06841932383907297,0.0,0.8200846649714153,0.0,0.0,0.0034018415398204827,0.0532801405498009,0.0,0.025346906821583914,0.047243848945403566
29.8,29,gb,1,1,4,3,May,25,2015,Female,White,,NA,,NA,,,No,"$150,000 or more",0.3,0.7,tycoon,12,8/18/20 14:49,2,7,8,2,4,1,1,0.7,0.25,0.875,2,2,5,1,8,0,0.33333,4,0,0.720818630910374,0.049557175056323656,1.505215796449022e-8,0.279181369089626,0.19542695836273816,0.21744352532572367,-0.4939971112220449,0.3728685706266227,0.6604647503197693,-0.4669270480222721,-0.31724785272016875,0.015384672502538485,0.7417796416407599,0.0061406655539050226,0.0,0.011626066445629357,0.03890509778217188,0.0,0.001334355288116873,0.04574107398080185
29.9,29,gb,1,1,4,3,May,25,2015,Female,White,,NA,,NA,,,No,"$150,000 or more",0.3,0.7,tycoon,12,8/18/20 14:49,2,7,9,1,4,0,0,0.3,0.25,0.875,1,2,5,0,9,0,0.33333,2,3,0.3647540983606557,0.047282316581564086,-0.285714285155458,-0.3647540983606557,-0.555327868852459,0.8104180523126876,-0.6870122784419204,0.0,0.0,-0.3522528357548107,-0.19334888655015936,0.0,0.6697973034776485,0.0,0.0,0.0003936514026267046,0.03589652629180473,0.0,0.03583606666656369,0.05619328609818197
29.10,29,gb,1,1,4,3,May,25,2015,Female,White,,NA,,NA,,,No,"$150,000 or more",0.3,0.7,tycoon,12,8/18/20 14:49,2,7,10,2,4,0,0,0.7,0.25,0.875,2,2,5,0,10,0,0.33333,4,1,0.7639346946413117,0.038886415120984216,-0.999999984947842,-0.7639346946413117,-0.8347542862489181,1.800321738552958,-0.4482669879861906,0.0,0.0,-0.17234810551209429,-0.4669270480222721,0.0,0.8939931502364178,0.0,0.0,0.036400986190240014,0.08032325222773096,0.0,0.004910265140283254,0.05981851135232652
29.11,29,gb,1,1,4,3,May,25,2015,Female,White,,NA,,NA,,,No,"$150,000 or more",0.3,0.7,tycoon,12,8/18/20 14:49,2,7,11,2,4,1,1,0.7,0.25,0.875,2,2,5,1,11,0,0.33333,5,1,0.5992073321773594,0.04762632238369273,0.2857142856774214,0.40079266782264056,0.28055486747584846,0.3292750133468492,-0.593476605198166,0.4169880181793142,0.6793011794347656,-0.2597274871226082,-0.17234810551209429,0.020928267241703907,0.8435622563370719,0.007602596428546549,0.0,0.02371755394293995,0.06366827284913334,-1.1102230246251565e-16,0.002646806822436676,0.057548975791420376
29.12,29,gb,1,1,4,3,May,25,2015,Female,White,,NA,,NA,,,No,"$150,000 or more",0.3,0.7,tycoon,12,8/18/20 14:49,2,7,12,2,4,1,1,0.7,0.25,0.875,2,2,5,1,12,0,0.33333,6,1,0.6455464123398981,0.040759615127719986,0.2380952380415915,0.35445358766010193,0.24811751136207139,0.28517523235209896,-0.5602575535492537,0.3989985197600019,0.6726035116269358,-0.3515540175161786,-0.2597274871226082,0.014991388876458484,0.788236946033994,0.0036027921137840035,0.0,0.015273006466915318,0.05116258027804277,0.0,0.0013876500814307136,0.05630035166934433
29.13,29,gb,1,1,4,3,May,25,2015,Female,White,,NA,,NA,,,No,"$150,000 or more",0.3,0.7,tycoon,12,8/18/20 14:49,2,7,13,2,4,0,0,0.7,0.25,0.875,2,2,5,0,13,0,0.33333,6,2,0.6834934732444427,0.034610861210659885,-0.7959183672120055,-0.6834934732444427,-0.7784454312711098,1.507086359888733,-0.5288684970379889,0.0,0.0,-0.2618168853573194,-0.3515540175161786,0.0,0.9111702300622224,0.0,0.0,0.03457500435926286,0.08415219128296758,0.0,0.0037550782567964403,0.05862744550264676
29.14,29,gb,1,1,4,3,May,25,2015,Female,White,,NA,,NA,,,No,"$150,000 or more",0.3,0.7,tycoon,12,8/18/20 14:49,2,7,14,2,4,1,1,0.7,0.25,0.875,2,2,5,1,14,0,0.33333,7,2,0.5741407165558251,0.03740388601427415,0.35714285717432626,0.4258592834441749,0.2981014984109225,0.35396647004063503,-0.6092471136463906,0.4274122245891805,0.682571878377868,-0.32792102780953847,-0.2618168853573194,0.017233904192596534,0.8772926181887237,0.006660582775466661,-2.220446049250313e-16,0.02392097920554459,0.07030874463530878,1.1102230246251565e-16,0.0021207633021401717,0.05699471228828579
29.15,29,gb,1,1,4,3,May,25,2015,Female,White,,NA,,NA,,,No,"$150,000 or more",0.3,0.7,tycoon,12,8/18/20 14:49,2,7,15,2,4,0,1,0.7,0.25,0.875,2,2,5,1,15,0,0.33333,8,2,0.6114434321916543,0.03308472734605146,0.31746031753158344,0.3885565678083457,0.27198959746584195,0.31743994169226863,-0.5852277123049061,0.41208202376740644,0.6776073759493211,-0.3958724616618888,-0.32792102780953847,0.01309086640026002,0.8358072108575363,0.0025652503631783397,0.0,0.016406831736663463,0.059351246185083584,1.1102230246251565e-16,0.0011726960853378765,0.05606773736050241
29.16,29,gb,1,1,4,3,May,25,2015,Female,White,,NA,,NA,,,No,"$150,000 or more",0.3,0.7,tycoon,12,8/18/20 14:49,2,7,16,2,4,0,0,0.7,0.25,0.875,2,2,5,0,16,0,0.33333,8,3,0.643255215459613,0.029176601373650357,-0.714285714538898,-0.643255215459613,-0.750278650821729,1.3874095860390085,-0.5620288082937425,0.0,0.0,-0.3513166463606723,-0.3958724616618888,0.0,0.919304769717864,0.0,0.0,0.03207844182150743,0.08550631665285913,0.0,0.00277782633356749,0.057699168824304925
29.17,29,gb,1,1,4,3,May,25,2015,Female,White,,NA,,NA,,,No,"$150,000 or more",0.3,0.7,tycoon,12,8/18/20 14:49,2,7,17,1,4,0,0,0.3,0.25,0.875,1,2,5,0,17,0,0.33333,2,4,0.2903225806451613,0.03668054110301769,-0.1428571404440389,-0.2903225806451613,-0.5032258064516129,0.6996196950655627,-0.6931263687610414,0.0,0.0,-0.5101222662015854,-0.3522528357548107,0.0,0.8566166296694561,0.0,0.0,0.002769621110144449,0.08198004217789423,0.0,0.023644259386952693,0.04551583170342921
29.18,29,gb,1,1,4,3,May,25,2015,Female,White,,NA,,NA,,,No,"$150,000 or more",0.3,0.7,tycoon,12,8/18/20 14:49,2,7,18,1,4,0,0,0.3,0.25,0.875,1,2,5,0,18,0,0.33333,2,5,0.23863636363636365,0.02855052144824873,-0.047619048373720024,-0.23863636363636365,-0.46704545454545454,0.6293191390259728,-0.6909736011549141,0.0,0.0,-0.6581288660787334,-0.5101222662015854,0.0,0.8074718792290039,0.0,0.0,0.0011069901486034928,0.08024083971059615,0.0,0.01494548594779288,0.03679106463188442
29.19,29,gb,1,1,4,3,May,25,2015,Female,White,,NA,,NA,,,No,"$150,000 or more",0.3,0.7,tycoon,12,8/18/20 14:49,2,7,19,2,4,1,1,0.7,0.25,0.875,2,2,5,1,19,0,0.33333,9,3,0.5614695730675592,0.030474638098065013,0.3896103895042329,0.4385304269324408,0.3069712988527087,0.3666838648528871,-0.6166558611335434,0.4328825047265108,0.6841104101669302,-0.4053025456841641,-0.3513166463606723,0.014237998040538168,0.7783240194139409,0.002283164610049959,0.0,0.023149154710858655,0.06953898788170132,-1.1102230246251565e-16,0.00162171823760493,0.035625069093088824
29.20,29,gb,1,1,4,3,May,25,2015,Female,White,,NA,,NA,,,No,"$150,000 or more",0.3,0.7,tycoon,12,8/18/20 14:49,2,7,20,2,4,0,1,0.7,0.25,0.875,2,2,5,1,20,0,0.33333,10,3,0.5922507609654493,0.027520437848778206,0.35714285720716576,0.40774923903455074,0.28542446732418547,0.3360665731676187,-0.5980038248516931,0.4198296559030138,0.6802369580889632,-0.4595994196778481,-0.4053025456841641,0.011292058175541058,0.7500781865879376,0.0016636741707336533,0.0,0.016589189816751615,0.060739165239186654,1.1102230246251565e-16,0.0009313079896615672,0.03493461214136262
41.1,41,bg,2,1,4,0,December,30,2012,Male,White,,NA,,NA,,,No,"$150,000 or more",0.7,0.3,bandit,6,8/29/20 11:14,3,4,1,1,3,0,0,0.7,0.5,0.375,1,1,6,0,1,0,0.33333,0,1,0.5,0.08333333333333334,NaN,-0.5,-0.35,0.4307829160924542,-0.6474466390346325,0.46153846153846156,0.6901856760188042,-0.04985714948732713,-0.0,0.05414517848247718,1.080623401661814,0.01977679773001184,0.0,0.05608974358974361,0.15628713806233663,1.1102230246251565e-16,0.010744810700342833,0.04891275394756678
41.2,41,bg,2,1,4,0,December,30,2012,Male,White,,NA,,NA,,,No,"$150,000 or more",0.7,0.3,bandit,6,8/29/20 11:14,3,4,2,2,4,1,0,0.3,0.5,0.375,2,1,6,0,2,0,0.33333,0,1,0.5,0.08333333333333334,NaN,-0.5,-0.35,0.4307829160924542,-0.6474466390346325,0.46153846153846156,0.6901856760188042,-0.04985714948732713,-0.0,0.05414517848247718,1.0774829680724232,0.01833391056308087,0.0,0.05608974358974361,0.13394708446621661,-1.1102230246251565e-16,0.010744810700342833,0.04059899259159849
41.3,41,bg,2,1,4,0,December,30,2012,Male,White,,NA,,NA,,,No,"$150,000 or more",0.7,0.3,bandit,6,8/29/20 11:14,3,4,3,1,1,0,1,0.7,0.5,0.375,1,1,6,1,3,0,0.33333,1,1,0.41025641025641024,0.0752794214332676,0.9999999999999997,0.5897435897435898,0.7128205128205128,1.2476478678285976,-0.5996068847876723,0.0,0.0,-0.09393882346618045,-0.04985714948732713,0.0,1.046259060686753,0.0,0.0,0.04511718749999999,0.10845646196059827,0.0,0.02346938767733342,0.05331698761862669
41.4,41,bg,2,1,4,0,December,30,2012,Male,White,,NA,,NA,,,No,"$150,000 or more",0.7,0.3,bandit,6,8/29/20 11:14,3,4,4,2,1,0,1,0.3,0.5,0.375,2,1,6,1,4,0,0.33333,1,1,0.41025641025641024,0.0752794214332676,0.9999999999999997,0.5897435897435898,0.7128205128205128,1.2476478678285976,-0.5996068847876723,0.0,0.0,-0.09393882346618045,-0.04985714948732713,0.0,1.0876598105604969,0.0,0.0,0.07254657447338103,0.13535920449663658,0.0,0.02346938767733331,0.06603720134860513
41.5,41,bg,2,1,4,0,December,30,2012,Male,White,,NA,,NA,,,No,"$150,000 or more",0.7,0.3,bandit,6,8/29/20 11:14,3,4,5,1,1,0,1,0.7,0.5,0.375,1,1,6,1,5,0,0.33333,2,1,0.59375,0.05996093749999999,0.2857142857142857,0.40625,0.5843750000000001,0.8779718675720185,-0.6788405414022067,0.0,0.0,-0.2864603556777799,-0.09393882346618045,0.0,1.0441513849113098,0.0,0.0,0.03437019169330596,0.08630221082846118,0.0,0.03563193689134736,0.07820514682066937
41.6,41,bg,2,1,4,0,December,30,2012,Male,White,,NA,,NA,,,No,"$150,000 or more",0.7,0.3,bandit,6,8/29/20 11:14,3,4,6,2,4,0,0,0.3,0.5,0.375,2,1,6,0,6,0,0.33333,1,2,0.59375,0.05996093749999999,-0.7142857142857143,-0.59375,-0.41562499999999997,0.5372123789391855,-0.6788405414022067,0.5133689839572192,0.6927896784912411,-0.06841932383907298,-0.09393882346618045,0.05510257994978083,1.0093838566570592,0.019394281523633206,0.0,0.0258001254775308,0.07473719998665113,1.1102230246251565e-16,0.014819018450254351,0.0695587663856756
41.7,41,bg,2,1,4,0,December,30,2012,Male,White,,NA,,NA,,,No,"$150,000 or more",0.7,0.3,bandit,6,8/29/20 11:14,3,4,7,1,3,0,0,0.7,0.5,0.375,1,1,6,0,7,0,0.33333,2,2,0.6947368421052633,0.04365650969529086,-0.952380952198459,-0.6947368421052633,-0.4863157894736843,0.6661465787414395,-0.6927726185565874,0.5840163934426229,0.6789624752751795,-0.19334888655015944,-0.2864603556777799,0.06368976016050117,1.0643753767411803,0.018112810965041914,5.551115123125783e-17,0.03272940647331063,0.09800362845687688,0.0,0.025346906821584247,0.059289222123004026
41.8,41,bg,2,1,4,0,December,30,2012,Male,White,,NA,,NA,,,No,"$150,000 or more",0.7,0.3,bandit,6,8/29/20 11:14,3,4,8,2,1,0,1,0.3,0.5,0.375,2,1,6,1,8,0,0.33333,2,2,0.5219251336898396,0.059144956961880525,0.5238095289430316,0.4780748663101604,0.6346524064171123,1.0069060673742722,-0.6564330821954864,0.0,0.0,-0.19334888655015944,-0.06841932383907298,0.0,1.0774638787217587,0.0,0.0,0.06370887500708894,0.11674162269558591,0.0,0.02534690682158436,0.06984744467419446
41.9,41,bg,2,1,4,0,December,30,2012,Male,White,,NA,,NA,,,No,"$150,000 or more",0.7,0.3,bandit,6,8/29/20 11:14,3,4,9,1,1,0,1,0.7,0.5,0.375,1,1,6,1,9,0,0.33333,3,2,0.6352459016393442,0.04728231658156409,0.2857142851562555,0.36475409836065575,0.555327868852459,0.8104180523126877,-0.6870122784419204,0.0,0.0,-0.3522528357548107,-0.19334888655015944,0.0,1.043307160007875,0.0,0.0,0.03512628562871761,0.08101135449995728,0.0,0.03583606666656358,0.080279685066869
41.10,41,bg,2,1,4,0,December,30,2012,Male,White,,NA,,NA,,,No,"$150,000 or more",0.7,0.3,bandit,6,8/29/20 11:14,3,4,10,2,3,0,0,0.3,0.5,0.375,2,1,6,0,10,0,0.33333,2,3,0.6352459016393442,0.04728231658156409,-0.7142857148437445,-0.6352459016393442,-0.44467213114754095,0.5881965849734463,-0.6870122784419204,0.5402214022140222,0.6899081595689575,-0.15524439974415,-0.19334888655015944,0.05227361377017173,1.0175018452940217,0.017260364650443893,-5.551115123125783e-17,0.026380669973002868,0.07071924264955659,1.1102230246251565e-16,0.01694783786822429,0.07189162097913182
41.11,41,bg,2,1,4,0,December,30,2012,Male,White,,NA,,NA,,,No,"$150,000 or more",0.7,0.3,bandit,6,8/29/20 11:14,3,4,11,1,1,0,0,0.7,0.5,0.375,1,1,6,0,11,0,0.33333,3,3,0.7096774193548387,0.03668054110301769,-0.8571428574206736,-0.7096774193548387,-0.4967741935483871,0.686716290229655,-0.6931263687610414,0.5961538461538461,0.6745403622115924,-0.27049867155290075,-0.3522528357548107,0.05868351180470292,1.066069325706414,0.01670538123097698,-1.1102230246251565e-16,0.03426402981838622,0.09069831605154965,1.1102230246251565e-16,0.026183534536607156,0.062255832740639616
41.12,41,bg,2,1,4,0,December,30,2012,Male,White,,NA,,NA,,,No,"$150,000 or more",0.7,0.3,bandit,6,8/29/20 11:14,3,4,12,2,4,1,0,0.3,0.5,0.375,2,1,6,0,12,0,0.33333,2,4,0.5756457564575646,0.047783254585313385,-0.5714285714562882,-0.5756457564575646,-0.4029520295202952,0.5157578162553096,-0.6741904715742899,0.5024721878862793,0.6931349570842507,-0.16347278440718951,-0.15524439974415,0.04080248582851541,1.0363807375917493,0.012956077079375738,0.0,0.025347604647938116,0.08070443708602393,1.1102230246251565e-16,0.010714598831219058,0.0560194644111649
41.13,41,bg,2,1,4,0,December,30,2012,Male,White,,NA,,NA,,,No,"$150,000 or more",0.7,0.3,bandit,6,8/29/20 11:14,3,4,13,1,3,1,0,0.7,0.5,0.375,1,1,6,0,13,0,0.33333,3,4,0.6586538461538463,0.039465709237343854,-0.7142857142459534,-0.6586538461538463,-0.46105769230769234,0.6181467496232038,-0.6901111000621384,0.5566458519179305,0.6867158763883532,-0.23266054424133245,-0.27049867155290075,0.04898243375673989,1.0766671554225073,0.013426318999142595,-5.551115123125783e-17,0.03256549974403966,0.10052458987912455,0.0,0.0181525698768511,0.04752873032263061
41.14,41,bg,2,1,4,0,December,30,2012,Male,White,,NA,,NA,,,No,"$150,000 or more",0.7,0.3,bandit,6,8/29/20 11:14,3,4,14,2,4,1,0,0.3,0.5,0.375,2,1,6,0,14,0,0.33333,2,5,0.5196229913473425,0.04560793367823767,-0.47619047745101006,-0.5196229913473425,-0.3637360939431397,0.45214185507827664,-0.6555375630656881,0.47150246484858793,0.6915220810334448,-0.20362825923782923,-0.16347278440718951,0.030843711778198547,1.0447348690062137,0.00929720724496974,0.0,0.024056310090145805,0.09148404176325892,-1.1102230246251565e-16,0.00646249760522466,0.04377475452241786
41.15,41,bg,2,1,4,0,December,30,2012,Male,White,,NA,,NA,,,No,"$150,000 or more",0.7,0.3,bandit,6,8/29/20 11:14,3,4,15,2,1,0,0,0.3,0.5,0.375,2,1,6,0,15,0,0.33333,2,6,0.4694464006734824,0.04180549502855063,-0.4081632652444335,-0.4694464006734824,-0.32861248047143765,0.3984087833361684,-0.6331916582986538,0.44683583068487076,0.6874836226981821,-0.2618168853573195,-0.20362825923782923,0.023017317163043654,1.0049021190940448,0.006441702759760748,0.0,0.01541791246331703,0.08485850035104509,-1.1102230246251565e-16,0.0037550782567964403,0.04100117718334706
41.16,41,bg,2,1,4,0,December,30,2012,Male,White,,NA,,NA,,,No,"$150,000 or more",0.7,0.3,bandit,6,8/29/20 11:14,3,4,16,1,4,1,0,0.7,0.5,0.375,1,1,6,0,16,0,0.33333,3,5,0.6073941916939242,0.04015149105953348,-0.612244897937408,-0.6073941916939242,-0.4251759341857469,0.5536912575008726,-0.6819077269415073,0.5218988171190122,0.6921877573072556,-0.23204795711695583,-0.23266054424133245,0.039248513343032164,1.0424963400609852,0.00943509499243822,5.551115123125783e-17,0.03845794661947788,0.10267459213316754,0.0,0.011994020808655748,0.03485253493864349
41.17,41,bg,2,1,4,0,December,30,2012,Male,White,,NA,,NA,,,No,"$150,000 or more",0.7,0.3,bandit,6,8/29/20 11:14,3,4,17,2,1,0,1,0.3,0.5,0.375,2,1,6,1,17,0,0.33333,3,6,0.4258592834441749,0.03740388601427415,0.6428571375350609,0.5741407165558251,0.7018985015890775,1.21032125177293,-0.6092471136463906,0.0,0.0,-0.2581358322404613,-0.2618168853573195,0.0,1.0908225726763379,0.0,0.0,0.04110198985767566,0.11588000809157745,0.0,0.007603174371417998,0.03858261392502471
41.18,41,bg,2,1,4,0,December,30,2012,Male,White,,NA,,NA,,,No,"$150,000 or more",0.7,0.3,bandit,6,8/29/20 11:14,3,4,18,1,3,1,0,0.7,0.5,0.375,1,1,6,0,18,0,0.33333,3,6,0.5584991550850087,0.038986467927786546,-0.5357142853995882,-0.5584991550850087,-0.39094940855950605,0.4958539417497118,-0.6691708750090459,0.4925699181909603,0.693036764264588,-0.2581358322404613,-0.23204795711695583,0.030622856690614812,1.0946766322856403,0.008325852884360163,0.015449857824518798,0.05491193628862123,0.1355998763894926,-1.1102230246251565e-16,0.007603174371417998,0.0340293699660994
41.19,41,bg,2,1,4,0,December,30,2012,Male,White,,NA,,NA,,,No,"$150,000 or more",0.7,0.3,bandit,6,8/29/20 11:14,3,4,19,2,3,1,0,0.3,0.5,0.375,2,1,6,0,19,0,0.33333,3,7,0.5136908453436054,0.036582874441575465,-0.4761904768745908,-0.5136908453436054,-0.3595835917405238,0.44563667629606324,-0.6531782320549671,0.46844521178859255,0.6911544472276554,-0.30054682659624304,-0.2581358322404613,0.02361773156665936,1.0838733436014187,0.00605000150507462,0.0,0.0401059077512772,0.12643833215481315,-1.1102230246251565e-16,0.004658377691200366,0.030878353382089996
41.20,41,bg,2,1,4,0,December,30,2012,Male,White,,NA,,NA,,,No,"$150,000 or more",0.7,0.3,bandit,6,8/29/20 11:14,3,4,20,2,3,0,0,0.3,0.5,0.375,2,1,6,0,20,0,0.33333,3,8,0.47370434315716037,0.033586414868103556,-0.4285714335598313,-0.47370434315716037,-0.33159304021001224,0.4028580697029193,-0.6353010686748846,0.44882836063565146,0.6879009263775451,-0.3513166463606724,-0.30054682659624304,0.018240328873544483,1.0644388769379796,0.004677227273879092,0.0,0.02888982171864357,0.11939904895763004,0.0,0.002777826333567379,0.029472925988602405
43.1,43,gb,2,3,3,4,November,1,2010,Female,,,NA,,NA,Other,,No,,0.3,0.7,tycoon,13,8/30/20 8:56,5,7,1,2,4,1,1,0.7,0.625,0.875,2,2,7,1,1,0,0.33333,1,0,0.5,0.08333333333333334,NaN,0.5,0.3500000000000001,0.4307829160924544,-0.6474466390346325,0.46153846153846156,0.6901856760188042,-0.04985714948732713,-0.0,0.05414517848247718,1.0807266142562775,0.013916602406758516,0.0,0.056089743589743724,0.13109177402877814,-1.1102230246251565e-16,0.010744810700342722,0.048912753947567
43.2,43,gb,2,3,3,4,November,1,2010,Female,,,NA,,NA,Other,,No,,0.3,0.7,tycoon,13,8/30/20 8:56,5,7,2,2,4,0,1,0.7,0.625,0.875,2,2,7,1,2,0,0.33333,2,0,0.5897435897435898,0.07527942143326759,1.505215796449022e-8,0.41025641025641024,0.28717948717948727,0.33852562543305514,-0.5996068847876724,0.420863309352518,0.6805691240005796,-0.1694605094257496,-0.04985714948732713,0.03640626681961483,1.0343606509477277,0.008958085128337956,-1.1102230246251565e-16,0.03407149280575539,0.0972232203443899,-1.1102230246251565e-16,0.005618362421843104,0.043786129524583606
43.3,43,gb,2,3,3,4,November,1,2010,Female,,,NA,,NA,Other,,No,,0.3,0.7,tycoon,13,8/30/20 8:56,5,7,3,2,4,1,1,0.7,0.625,0.875,2,2,7,1,3,0,0.33333,3,0,0.6636690647482014,0.06242107033797422,1.505215796449022e-8,0.3363309352517986,0.23543165467625904,0.268443858885838,-0.5457566301170604,0.392378263937897,0.6698000343867989,-0.31724785272016875,-0.1694605094257496,0.02364311272114325,0.9772428253165248,-0.00205632732250427,0.0,0.02004719477769923,0.07211021429233977,-2.220446049250313e-16,0.0027852297390043024,0.04095865849956537
43.4,43,gb,2,3,3,4,November,1,2010,Female,,,NA,,NA,Other,,No,,0.3,0.7,tycoon,13,8/30/20 8:56,5,7,4,2,4,1,1,0.7,0.625,0.875,2,2,7,1,4,0,0.33333,4,0,0.720818630910374,0.049557175056323656,1.505215796449022e-8,0.279181369089626,0.19542695836273816,0.21744352532572367,-0.4939971112220449,0.3728685706266227,0.6604647503197693,-0.4669270480222721,-0.31724785272016875,0.015384672502538485,0.9227398562479441,0.0008579434173159317,0.0,0.011626066445629357,0.05480549022376591,1.1102230246251565e-16,0.001334355288117095,0.03943611420963722
43.5,43,gb,2,3,3,4,November,1,2010,Female,,,NA,,NA,Other,,No,,0.3,0.7,tycoon,13,8/30/20 8:56,5,7,5,2,4,0,0,0.7,0.625,0.875,2,2,7,0,5,0,0.33333,4,1,0.7639346946413117,0.038886415120984216,-0.999999984947842,-0.7639346946413117,-0.8347542862489181,1.800321738552958,-0.4482669879861906,0.0,0.0,-0.17234810551209429,-0.4669270480222721,0.0,1.0865941463277835,0.0,0.0,0.036400986190240014,0.11645497428343776,0.0,0.004910265140283254,0.04306006723942768
43.6,43,gb,2,3,3,4,November,1,2010,Female,,,NA,,NA,Other,,No,,0.3,0.7,tycoon,13,8/30/20 8:56,5,7,6,1,1,0,0,0.3,0.625,0.875,1,2,7,0,6,0,0.33333,0,1,0.5,0.08333333333333334,NaN,-0.5,-0.6499999999999999,1.0498221244986774,-0.6474466390346325,0.0,0.0,-0.19314718051535087,-0.0,0.0,0.9701071101535197,0.0,0.0,0.015022286996786094,0.08767408339268079,0.0,0.03446712009808295,0.058469584704277766
43.7,43,gb,2,3,3,4,November,1,2010,Female,,,NA,,NA,Other,,No,,0.3,0.7,tycoon,13,8/30/20 8:56,5,7,7,2,1,1,1,0.7,0.625,0.875,2,2,7,1,7,0,0.33333,5,1,0.5992073321773594,0.04762632238369273,0.2857142856774214,0.40079266782264056,0.28055486747584846,0.3292750133468492,-0.593476605198166,0.4169880181793142,0.6793011794347656,-0.2597274871226082,-0.17234810551209429,0.020928267241703907,0.9272572495742943,0.007161113952850684,0.0,0.02371755394293995,0.06985309956651264,0.0,0.002646806822436787,0.05621200769509627
43.8,43,gb,2,3,3,4,November,1,2010,Female,,,NA,,NA,Other,,No,,0.3,0.7,tycoon,13,8/30/20 8:56,5,7,8,2,1,0,1,0.7,0.625,0.875,2,2,7,1,8,0,0.33333,6,1,0.6455464123398981,0.040759615127719986,0.2380952380415915,0.35445358766010193,0.24811751136207139,0.28517523235209896,-0.5602575535492537,0.3989985197600019,0.6726035116269358,-0.3515540175161786,-0.2597274871226082,0.014991388876458484,0.8770119347626422,0.003170703932589114,0.0,0.015273006466915318,0.05636998324499354,0.0,0.0013876500814308246,0.05496358087984232
43.9,43,gb,2,3,3,4,November,1,2010,Female,,,NA,,NA,Other,,No,,0.3,0.7,tycoon,13,8/30/20 8:56,5,7,9,2,1,0,0,0.7,0.625,0.875,2,2,7,0,9,0,0.33333,6,2,0.6834934732444427,0.034610861210659885,-0.7959183672120055,-0.6834934732444427,-0.7784454312711098,1.507086359888733,-0.5288684970379889,0.0,0.0,-0.2618168853573194,-0.3515540175161786,0.0,0.9904187442309176,0.0,0.0,0.03457500435926286,0.09220408409740388,0.0,0.0037550782567964403,0.05731637862408212
43.10,43,gb,2,3,3,4,November,1,2010,Female,,,NA,,NA,Other,,No,,0.3,0.7,tycoon,13,8/30/20 8:56,5,7,10,2,1,1,1,0.7,0.625,0.875,2,2,7,1,10,0,0.33333,7,2,0.5741407165558251,0.03740388601427415,0.35714285717432626,0.4258592834441749,0.2981014984109225,0.35396647004063503,-0.6092471136463906,0.4274122245891805,0.682571878377868,-0.32792102780953847,-0.2618168853573194,0.017233904192596534,0.9640401735892741,0.006072830880190949,-2.220446049250313e-16,0.02392097920554459,0.07737657087706917,-1.1102230246251565e-16,0.0021207633021401717,0.055696170030211656
43.11,43,gb,2,3,3,4,November,1,2010,Female,,,NA,,NA,Other,,No,,0.3,0.7,tycoon,13,8/30/20 8:56,5,7,11,2,1,0,0,0.7,0.625,0.875,2,2,7,0,11,0,0.33333,7,3,0.6114434321916543,0.03308472734605146,-0.6825396824684166,-0.6114434321916543,-0.728010402534158,1.3019914580283587,-0.5852277123049061,0.0,0.0,-0.300546826596243,-0.32792102780953847,0.0,1.0173691523277375,0.0,0.0,0.04403343047018615,0.10889651533362099,0.0,0.004658377691200366,0.05826885972189566
43.12,43,gb,2,3,3,4,November,1,2010,Female,,,NA,,NA,Other,,No,,0.3,0.7,tycoon,13,8/30/20 8:56,5,7,12,2,1,0,1,0.7,0.625,0.875,2,2,7,1,12,0,0.33333,8,3,0.5262956568428396,0.033586414868103556,0.42857143356005234,0.47370434315716037,0.33159304021001224,0.4028580697029193,-0.6353010686748846,0.44882836063565146,0.6879009263775451,-0.3513166463606723,-0.300546826596243,0.018240328873544546,0.9982900777704007,0.0013094967231723764,1.1102230246251565e-16,0.03207844182150743,0.09396382043373808,1.1102230246251565e-16,0.002777826333567379,0.05636710493725694
43.13,43,gb,2,3,3,4,November,1,2010,Female,,,NA,,NA,Other,,No,,0.3,0.7,tycoon,13,8/30/20 8:56,5,7,13,2,1,0,1,0.7,0.625,0.875,2,2,7,1,13,0,0.33333,9,3,0.5614695730675592,0.030474638098065013,0.3896103895042329,0.4385304269324408,0.3069712988527087,0.3666838648528871,-0.6166558611335434,0.4328825047265108,0.6841104101669302,-0.4053025456841641,-0.3513166463606723,0.014237998040538168,0.9760911943828139,-1.939117006244384e-5,0.0,0.023149154710858655,0.08153540227122746,0.0,0.001621718237604819,0.05519687199393142
43.14,43,gb,2,3,3,4,November,1,2010,Female,,,NA,,NA,Other,,No,,0.3,0.7,tycoon,13,8/30/20 8:56,5,7,14,2,1,0,0,0.7,0.625,0.875,2,2,7,0,14,0,0.33333,9,4,0.5922507609654493,0.027520437848778206,-0.6428571427928342,-0.5922507609654493,-0.7145755326758145,1.2537778476764216,-0.5980038248516931,0.0,0.0,-0.38782604294754275,-0.4053025456841641,0.0,1.017727778887173,0.0,0.0,0.03957238027553012,0.1071378487723359,0.0,0.003350204162712922,0.05697784347150869
43.15,43,gb,2,3,3,4,November,1,2010,Female,,,NA,,NA,Other,,No,,0.3,0.7,tycoon,13,8/30/20 8:56,5,7,15,1,1,1,1,0.3,0.625,0.875,1,2,7,1,15,0,0.33333,1,1,0.3333333333333333,0.05555555555555555,0.9999999999999997,0.6666666666666667,0.4666666666666667,0.6286086594223742,-0.6909233093138181,0.5624999999999999,0.6853142072764582,-0.09393882346618043,-0.19314718051535087,0.06943456668699552,1.0687250901421783,0.016696656440242208,0.0,0.03914860253708474,0.11653030932051278,0.0,0.02346938767733342,0.04580533802304221
43.16,43,gb,2,3,3,4,November,1,2010,Female,,,NA,,NA,Other,,No,,0.3,0.7,tycoon,13,8/30/20 8:56,5,7,16,1,1,0,0,0.3,0.625,0.875,1,2,7,0,16,0,0.33333,1,2,0.40624999999999994,0.059960937500000006,-0.2857142857142856,-0.40624999999999994,-0.5843749999999999,0.8779718675720182,-0.6788405414022067,0.0,0.0,-0.2864603556777799,-0.09393882346618043,0.0,0.973434827543539,0.0,0.0,0.015042244959827755,0.10082889340180723,0.0,0.03563193689134736,0.058135425334480906
43.17,43,gb,2,3,3,4,November,1,2010,Female,,,NA,,NA,Other,,No,,0.3,0.7,tycoon,13,8/30/20 8:56,5,7,17,1,1,0,1,0.3,0.625,0.875,1,2,7,1,17,0,0.33333,2,2,0.3052631578947369,0.043656509695290856,0.9523809521686687,0.6947368421052631,0.48631578947368426,0.6661465787414395,-0.6927726185565874,0.5840163934426229,0.6789624752751795,-0.19334888655015936,-0.2864603556777799,0.06368976016050126,1.0275527859781726,0.01219352878878932,0.0,0.02360005787509023,0.10666437895428138,0.0,0.025346906821584247,0.047725741436402624
43.18,43,gb,2,3,3,4,November,1,2010,Female,,,NA,,NA,Other,,No,,0.3,0.7,tycoon,13,8/30/20 8:56,5,7,18,1,1,0,1,0.3,0.625,0.875,1,2,7,1,18,0,0.33333,3,2,0.3647540983606557,0.047282316581564086,0.7142857148445421,0.6352459016393444,0.444672131147541,0.5881965849734463,-0.6870122784419204,0.5402214022140222,0.6899081595689575,-0.15524439974414975,-0.19334888655015936,0.052273613770171964,1.068167385770439,0.011098836721832317,0.0,0.03448733233163159,0.11382419461773485,0.0,0.01694783786822418,0.03879431981539905
43.19,43,gb,2,3,3,4,November,1,2010,Female,,,NA,,NA,Other,,No,,0.3,0.7,tycoon,13,8/30/20 8:56,5,7,19,1,1,1,1,0.3,0.625,0.875,1,2,7,1,19,0,0.33333,4,2,0.42435424354243534,0.04778325458531338,0.5714285714582152,0.5756457564575647,0.4029520295202953,0.5157578162553097,-0.6741904715742899,0.5024721878862793,0.6931349570842507,-0.1634727844071895,-0.15524439974414975,0.04080248582851545,1.0905419782995536,0.009153412748713174,0.004248642522076018,0.04719964931536946,0.12197379177728884,1.1102230246251565e-16,0.010714598831219169,0.033066425002168165
43.20,43,gb,2,3,3,4,November,1,2010,Female,,,NA,,NA,Other,,No,,0.3,0.7,tycoon,13,8/30/20 8:56,5,7,20,1,1,0,0,0.3,0.625,0.875,1,2,7,0,20,0,0.33333,4,3,0.48037700865265753,0.04560793367823767,-0.5238095250317243,-0.48037700865265753,-0.6362639060568602,1.0113266909367902,-0.6555375630656881,0.0,0.0,-0.23266054424133242,-0.1634727844071895,0.0,1.0375381477989756,0.0,0.0,0.02300291359026052,0.10685362880590032,0.0,0.018152569876850877,0.040612259407533324
54.1,54,bg,1,2,4,3,May,6,2013,Male,White,,NA,,NA,,,No,"$150,000 or more",0.3,0.7,tycoon,15,9/22/20 18:13,3,7,1,1,4,0,0,0.3,0.375,0.875,1,2,8,0,1,0,0.33333,0,1,0.5,0.08333333333333334,NaN,-0.5,-0.6499999999999999,1.0498221244986774,-0.6474466390346325,0.0,0.0,-0.19314718051535087,-0.0,0.0,1.0284761483385072,0.0,0.0,0.029166666666666674,0.14001108542006102,0.0,0.03446712009808295,0.07261948098459137
54.2,54,bg,1,2,4,3,May,6,2013,Male,White,,NA,,NA,,,No,"$150,000 or more",0.3,0.7,tycoon,15,9/22/20 18:13,3,7,2,2,4,1,1,0.7,0.375,0.875,2,2,8,1,2,0,0.33333,1,0,0.5,0.08333333333333334,NaN,0.5,0.3500000000000001,0.4307829160924544,-0.6474466390346325,0.46153846153846156,0.6901856760188042,-0.04985714948732713,-0.0,0.05414517848247718,0.9763000523200952,0.0177440495768586,0.0,0.056089743589743724,0.10232280345664868,0.0,0.010744810700342833,0.06432290630777004
54.3,54,bg,1,2,4,3,May,6,2013,Male,White,,NA,,NA,,,No,"$150,000 or more",0.3,0.7,tycoon,15,9/22/20 18:13,3,7,3,2,4,1,1,0.7,0.375,0.875,2,2,8,1,3,0,0.33333,2,0,0.5897435897435898,0.07527942143326759,1.505215796449022e-8,0.41025641025641024,0.28717948717948727,0.33852562543305514,-0.5996068847876724,0.420863309352518,0.6805691240005796,-0.1694605094257496,-0.04985714948732713,0.03640626681961483,0.9069826800167431,0.014877073226458704,-1.1102230246251565e-16,0.03407149280575539,0.07362247073741601,-1.1102230246251565e-16,0.005618362421842993,0.0591890818473757
54.4,54,bg,1,2,4,3,May,6,2013,Male,White,,NA,,NA,,,No,"$150,000 or more",0.3,0.7,tycoon,15,9/22/20 18:13,3,7,4,2,4,0,1,0.7,0.375,0.875,2,2,8,1,4,0,0.33333,3,0,0.6636690647482014,0.06242107033797422,1.505215796449022e-8,0.3363309352517986,0.23543165467625904,0.268443858885838,-0.5457566301170604,0.392378263937897,0.6698000343867989,-0.31724785272016875,-0.1694605094257496,0.02364311272114325,0.8233791273034321,0.009768147895326429,0.0,0.02004719477769923,0.05330270813588578,-1.1102230246251565e-16,0.0027852297390041914,0.05637127044625212
54.5,54,bg,1,2,4,3,May,6,2013,Male,White,,NA,,NA,,,No,"$150,000 or more",0.3,0.7,tycoon,15,9/22/20 18:13,3,7,5,2,4,1,1,0.7,0.375,0.875,2,2,8,1,5,0,0.33333,4,0,0.720818630910374,0.049557175056323656,1.505215796449022e-8,0.279181369089626,0.19542695836273816,0.21744352532572367,-0.4939971112220449,0.3728685706266227,0.6604647503197693,-0.4669270480222721,-0.31724785272016875,0.015384672502538485,0.7458688502448364,0.004083500948934393,0.0,0.011626066445629357,0.03937618661902431,1.1102230246251565e-16,0.001334355288117095,0.05484220851863009
54.6,54,bg,1,2,4,3,May,6,2013,Male,White,,NA,,NA,,,No,"$150,000 or more",0.3,0.7,tycoon,15,9/22/20 18:13,3,7,6,2,4,0,1,0.7,0.375,0.875,2,2,8,1,6,0,0.33333,5,0,0.7639346946413117,0.038886415120984216,1.505215796449022e-8,0.2360653053586883,0.16524571375108188,0.1806178654019626,-0.4482669879861906,0.35938719326388935,0.6530647926105785,-0.6068721402139434,-0.4669270480222721,0.010280655290413887,0.6777235283528613,0.0024954856805643466,0.0,0.00672168995572775,0.029833310953199743,-1.1102230246251565e-16,0.0006264767647727876,0.05418316497250575
54.7,54,bg,1,2,4,3,May,6,2013,Male,White,,NA,,NA,,,No,"$150,000 or more",0.3,0.7,tycoon,15,9/22/20 18:13,3,7,7,2,4,0,0,0.7,0.375,0.875,2,2,8,0,7,0,0.33333,5,1,0.79654368034297,0.030721348426171222,-0.999999984947842,-0.79654368034297,-0.857580576240079,1.9489788864978448,-0.40933124792562936,0.0,0.0,-0.2597274871226082,-0.6068721402139434,0.0,0.9272572495742943,0.0,0.0,0.02371755394293995,0.06985309956651264,0.0,0.002646806822436787,0.05621200769509627
54.8,54,bg,1,2,4,3,May,6,2013,Male,White,,NA,,NA,,,No,"$150,000 or more",0.3,0.7,tycoon,15,9/22/20 18:13,3,7,8,2,4,0,1,0.7,0.375,0.875,2,2,8,1,8,0,0.33333,6,1,0.6455464123398981,0.040759615127719986,0.2380952380415915,0.35445358766010193,0.24811751136207139,0.28517523235209896,-0.5602575535492537,0.3989985197600019,0.6726035116269358,-0.3515540175161786,-0.2597274871226082,0.014991388876458484,0.8770119347626422,0.003170703932589114,0.0,0.015273006466915318,0.05636998324499354,0.0,0.0013876500814308246,0.05496358087984232
54.9,54,bg,1,2,4,3,May,6,2013,Male,White,,NA,,NA,,,No,"$150,000 or more",0.3,0.7,tycoon,15,9/22/20 18:13,3,7,9,1,4,0,1,0.3,0.375,0.875,1,2,8,1,9,0,0.33333,1,1,0.3333333333333333,0.05555555555555555,0.9999999999999997,0.6666666666666667,0.4666666666666667,0.6286086594223742,-0.6909233093138181,0.5624999999999999,0.6853142072764582,-0.09393882346618043,-0.19314718051535087,0.06943456668699552,0.9422385336557726,0.01217859675756594,0.0,0.012334927165543852,0.061311767311901355,1.1102230246251565e-16,0.02346938767733353,0.04394744484172919
54.10,54,bg,1,2,4,3,May,6,2013,Male,White,,NA,,NA,,,No,"$150,000 or more",0.3,0.7,tycoon,15,9/22/20 18:13,3,7,10,2,4,0,1,0.7,0.375,0.875,2,2,8,1,10,0,0.33333,7,1,0.6834934732444427,0.034610861210659885,0.20408163278799452,0.31650652675555735,0.22155456872889023,0.2504563848711786,-0.5288684970379889,0.3853834680616409,0.6666381984584691,-0.44134935429539246,-0.3515540175161786,0.010976855356239747,0.8950928903302864,0.002345485405548575,0.0,0.009779434731691516,0.05026213769168675,1.1102230246251565e-16,0.0007138511185814655,0.043248867423683834
54.11,54,bg,1,2,4,3,May,6,2013,Male,White,,NA,,NA,,,No,"$150,000 or more",0.3,0.7,tycoon,15,9/22/20 18:13,3,7,11,2,4,0,1,0.7,0.375,0.875,2,2,8,1,11,0,0.33333,8,1,0.7146165319383592,0.029443897016384266,0.17857143423228017,0.28538346806164083,0.19976842764314862,0.22285412775518473,-0.5000812284566655,0.3748914818699748,0.6615077791930253,-0.5264631123002028,-0.44134935429539246,0.008262093549826113,0.8497674088162708,0.0015088819492918848,0.0,0.006249163993101381,0.04179290507614786,-1.1102230246251565e-16,0.00036263103171407796,0.0429101266116142
54.12,54,bg,1,2,4,3,May,6,2013,Male,White,,NA,,NA,,,No,"$150,000 or more",0.3,0.7,tycoon,15,9/22/20 18:13,3,7,12,2,4,1,1,0.7,0.375,0.875,2,2,8,1,12,0,0.33333,9,1,0.7403724863688573,0.025214315576809237,0.15873015818408331,0.25962751363114267,0.18173925954179992,0.20057423955414952,-0.4740205869080335,0.3666313012060306,0.6571384300344418,-0.6061877880802709,-0.5264631123002028,0.006396043248667584,0.8074002735126949,0.0012515840272250278,-2.220446049250313e-16,0.00399310192986102,0.035213732918888185,-1.1102230246251565e-16,0.00018271206976572252,0.04274121830029276
54.13,54,bg,1,2,4,3,May,6,2013,Male,White,,NA,,NA,,,No,"$150,000 or more",0.3,0.7,tycoon,15,9/22/20 18:13,3,7,13,2,4,1,1,0.7,0.375,0.875,2,2,8,1,13,0,0.33333,10,1,0.7619426534697291,0.021774166844844334,0.1428571412763594,0.23805734653027089,0.16664014257118964,0.18228972838591134,-0.45051851744864396,0.35998854195545105,0.6534116019607857,-0.6806531598405766,-0.6061877880802709,0.005081149346737427,0.7679296703817962,0.0009190902751996521,2.220446049250313e-16,0.0025538527749415785,0.03002986337992042,2.220446049250313e-16,9.158089446981155e-5,0.042653398460357095
54.14,54,bg,1,2,4,3,May,6,2013,Male,White,,NA,,NA,,,No,"$150,000 or more",0.3,0.7,tycoon,15,9/22/20 18:13,3,7,14,1,4,0,1,0.3,0.375,0.875,1,2,8,1,14,0,0.33333,2,1,0.40624999999999994,0.059960937500000006,0.7142857142857144,0.59375,0.41562500000000013,0.5372123789391858,-0.6788405414022067,0.5133689839572192,0.6927896784912411,-0.06841932383907297,-0.09393882346618043,0.055102579949780864,0.8312288688893887,0.007051188253208274,0.0,0.006780479716122723,0.03312045260546492,-2.220446049250313e-16,0.014819018450254018,0.033995999408228283
54.15,54,bg,1,2,4,3,May,6,2013,Male,White,,NA,,NA,,,No,"$150,000 or more",0.3,0.7,tycoon,15,9/22/20 18:13,3,7,15,2,4,1,1,0.7,0.375,0.875,2,2,8,1,15,0,0.33333,11,1,0.7802323714775262,0.01896630222115204,0.1298701297922843,0.21976762852247378,0.1538373399657318,0.1670436683132814,-0.4293079961863978,0.3545417614951839,0.6502129216526031,-0.7502845851331076,-0.6806531598405766,0.004128629893630848,0.79454861185034,0.0006045650927392066,0.0,0.0016354753312294301,0.028551096757434835,0.0,4.57581113587624e-5,0.03391456053557129
54.16,54,bg,1,2,4,3,May,6,2013,Male,White,,NA,,NA,,,No,"$150,000 or more",0.3,0.7,tycoon,15,9/22/20 18:13,3,7,16,2,4,0,1,0.7,0.375,0.875,2,2,8,1,16,0,0.33333,12,1,0.7959225126074466,0.01665636377046444,0.11904761448818013,0.20407748739255338,0.1428542411747875,0.15414729453690718,-0.4101111191371913,0.34999881515038256,0.6474459055631778,-0.8155700714646449,-0.7502845851331076,0.0034196863171843013,0.7604967341508075,0.0007620940961126088,0.0,0.001048792973752044,0.02480089804845853,-1.1102230246251565e-16,2.2819429168152716e-5,0.03388221334853858
54.17,54,bg,1,2,4,3,May,6,2013,Male,White,,NA,,NA,,,No,"$150,000 or more",0.3,0.7,tycoon,15,9/22/20 18:13,3,7,17,1,4,0,0,0.3,0.375,0.875,1,2,8,0,17,0,0.33333,2,2,0.47807486631016044,0.059144956961880525,-0.5238095260079766,-0.47807486631016044,-0.6346524064171123,1.0069060673742722,-0.6564330821954864,0.0,0.0,-0.19334888655015936,-0.06841932383907297,0.0,0.6182151558852262,0.0,0.0,0.0007997239358570329,0.02009237423597776,0.0,0.025346906821583914,0.04448799418128635
54.18,54,bg,1,2,4,3,May,6,2013,Male,White,,NA,,NA,,,No,"$150,000 or more",0.3,0.7,tycoon,15,9/22/20 18:13,3,7,18,2,4,0,0,0.7,0.375,0.875,2,2,8,0,18,0,0.33333,12,2,0.809525163637658,0.014738112685204837,-0.8901098833321242,-0.809525163637658,-0.8666676145463605,2.0149101296652385,-0.3926726929803901,0.0,0.0,-0.6456516629185887,-0.8155700714646449,0.0,0.7819556299440187,0.0,0.0,0.0034885329789495767,0.03619919579058384,0.0,9.725395047854857e-5,0.04451959382642223
54.19,54,bg,1,2,4,3,May,6,2013,Male,White,,NA,,NA,,,No,"$150,000 or more",0.3,0.7,tycoon,15,9/22/20 18:13,3,7,19,2,4,1,1,0.7,0.375,0.875,2,2,8,1,19,0,0.33333,13,2,0.7321495219693364,0.018283622768836584,0.20408163282590475,0.26785047803066364,0.1874953346214645,0.20763362279037836,-0.48257072408808876,0.3692286491182595,0.6585438781697318,-0.7007135231443518,-0.6456516629185887,0.004498269094914013,0.7496317490523385,0.0006558285929147978,1.1102230246251565e-16,0.0023569382060406596,0.0319770678754252,1.1102230246251565e-16,5.132051383704983e-5,0.04440692539333191
54.20,54,bg,1,2,4,3,May,6,2013,Male,White,,NA,,NA,,,No,"$150,000 or more",0.3,0.7,tycoon,15,9/22/20 18:13,3,7,20,1,4,0,0,0.3,0.375,0.875,1,2,8,0,20,0,0.33333,2,3,0.3647540983606557,0.047282316581564086,-0.285714285155458,-0.3647540983606557,-0.555327868852459,0.8104180523126876,-0.6870122784419204,0.0,0.0,-0.3522528357548107,-0.19334888655015936,0.0,0.6616505765574338,0.0,0.0,0.0005377088953943954,0.02955757199660347,0.0,0.03583606666656358,0.054950944557811354
66.1,66,bg,2,2,4,4,May,17,2015,Male,White,,NA,,NA,,,No,"$100,000 to $150,000",0.3,0.7,tycoon,15,12/3/20 6:02,4,8,1,2,4,0,0,0.7,0.5,1.0,2,2,9,0,1,0,0.33333,0,1,0.5,0.08333333333333334,NaN,-0.5,-0.6499999999999999,1.0498221244986774,-0.6474466390346325,0.0,0.0,-0.19314718051535087,-0.0,0.0,1.0284332275007655,0.0,0.0,0.029166666666666674,0.14014643656113746,0.0,0.03446712009808295,0.07261948098459126
66.2,66,bg,2,2,4,4,May,17,2015,Male,White,,NA,,NA,,,No,"$100,000 to $150,000",0.3,0.7,tycoon,15,12/3/20 6:02,4,8,2,1,4,0,0,0.3,0.5,1.0,1,2,9,0,2,0,0.33333,0,1,0.5,0.08333333333333334,NaN,-0.5,-0.6499999999999999,1.0498221244986774,-0.6474466390346325,0.0,0.0,-0.19314718051535087,-0.0,0.0,1.014659396157727,0.0,0.0,0.029166666666666674,0.09332779253487633,0.0,0.03446712009808295,0.08804221684316482
66.3,66,bg,2,2,4,4,May,17,2015,Male,White,,NA,,NA,,,No,"$100,000 to $150,000",0.3,0.7,tycoon,15,12/3/20 6:02,4,8,3,1,4,0,0,0.3,0.5,1.0,1,2,9,0,3,0,0.33333,0,2,0.3333333333333333,0.05555555555555555,-3.324562949461316e-16,-0.3333333333333333,-0.5333333333333333,0.7621400520468967,-0.6909233093138181,0.0,0.0,-0.43194562200258524,-0.19314718051535087,0.0,0.9537355382321504,0.0,0.0,0.010937499999999933,0.07668382894644843,0.0,0.030369290483701628,0.08394896645904382
66.4,66,bg,2,2,4,4,May,17,2015,Male,White,,NA,,NA,,,No,"$100,000 to $150,000",0.3,0.7,tycoon,15,12/3/20 6:02,4,8,4,2,4,0,1,0.7,0.5,1.0,2,2,9,1,4,0,0.33333,1,1,0.3333333333333333,0.05555555555555555,0.9999999999999997,0.6666666666666667,0.4666666666666667,0.6286086594223742,-0.6909233093138181,0.5624999999999999,0.6853142072764582,-0.09393882346618043,-0.19314718051535087,0.06943456668699552,0.9652609866815326,0.018326851026162383,0.0,0.04511718749999993,0.0934594072800744,0.0,0.02346938767733353,0.07295024661826166
66.5,66,bg,2,2,4,4,May,17,2015,Male,White,,NA,,NA,,,No,"$100,000 to $150,000",0.3,0.7,tycoon,15,12/3/20 6:02,4,8,5,2,4,1,1,0.7,0.5,1.0,2,2,9,1,5,0,0.33333,2,1,0.40624999999999994,0.059960937500000006,0.7142857142857144,0.59375,0.41562500000000013,0.5372123789391858,-0.6788405414022067,0.5133689839572192,0.6927896784912411,-0.06841932383907297,-0.09393882346618043,0.055102579949780864,0.950055607067804,0.013211934474849585,0.018342245989304784,0.06426804812834219,0.11204696365307565,1.1102230246251565e-16,0.01481901845025424,0.06430053770039756
66.6,66,bg,2,2,4,4,May,17,2015,Male,White,,NA,,NA,,,No,"$100,000 to $150,000",0.3,0.7,tycoon,15,12/3/20 6:02,4,8,6,2,4,0,1,0.7,0.5,1.0,2,2,9,1,6,0,0.33333,3,1,0.47807486631016044,0.059144956961880525,0.4761904739920234,0.5219251336898396,0.3653475935828877,0.45467782143196556,-0.6564330821954864,0.4726996966632962,0.6916558259082752,-0.10203826854156672,-0.06841932383907297,0.041065536639639334,0.916257772849991,0.010250411625973288,0.007254802831142548,0.054716991068419096,0.10065675511147132,-1.1102230246251565e-16,0.008758474689475104,0.0582196180765262
66.7,66,bg,2,2,4,4,May,17,2015,Male,White,,NA,,NA,,,No,"$100,000 to $150,000",0.3,0.7,tycoon,15,12/3/20 6:02,4,8,7,2,4,0,0,0.7,0.5,1.0,2,2,9,0,7,0,0.33333,3,2,0.5433097404785979,0.054325816767273404,-0.6428571414158346,-0.5433097404785979,-0.6803168183350186,1.140424830915753,-0.6266304181662299,0.0,0.0,-0.15524439974414975,-0.10203826854156672,0.0,0.9587363599137737,0.0,0.0,0.040743196494464895,0.0931175723894263,0.0,0.01694783786822407,0.06644843463683003
66.8,66,bg,2,2,4,4,May,17,2015,Male,White,,NA,,NA,,,No,"$100,000 to $150,000",0.3,0.7,tycoon,15,12/3/20 6:02,4,8,8,2,4,1,1,0.7,0.5,1.0,2,2,9,1,8,0,0.33333,4,2,0.42435424354243534,0.04778325458531338,0.5714285714582152,0.5756457564575647,0.4029520295202953,0.5157578162553097,-0.6741904715742899,0.5024721878862793,0.6931349570842507,-0.1634727844071895,-0.15524439974414975,0.04080248582851545,0.9441812729431869,0.008280705330823146,0.01287082818294194,0.05518984423284912,0.10738733885685459,2.220446049250313e-16,0.010714598831219058,0.06019492598886167
66.9,66,bg,2,2,4,4,May,17,2015,Male,White,,NA,,NA,,,No,"$100,000 to $150,000",0.3,0.7,tycoon,15,12/3/20 6:02,4,8,9,1,4,1,1,0.3,0.5,1.0,1,2,9,1,9,0,0.33333,1,2,0.24999999999999997,0.03749999999999999,0.9999999999999997,0.75,0.525,0.7444404749474959,-0.6918966592050799,0.6315789473684211,0.6581099875431142,-0.2864603556777799,-0.43194562200258524,0.07289196076611204,0.998595030564869,0.012711127598502237,0.0,0.018190789473684355,0.11276853649333307,0.010526315789473828,0.03563193689134736,0.06547046733767936
66.10,66,bg,2,2,4,4,May,17,2015,Male,White,,NA,,NA,,,No,"$100,000 to $150,000",0.3,0.7,tycoon,15,12/3/20 6:02,4,8,10,2,4,1,1,0.7,0.5,1.0,2,2,9,1,10,0,0.33333,5,2,0.48037700865265753,0.04560793367823767,0.4761904749682757,0.5196229913473425,0.36373609394313977,0.45214185507827664,-0.6555375630656881,0.4715024648485879,0.6915220810334448,-0.20362825923782918,-0.1634727844071895,0.030843711778198588,0.9737422867557199,0.005845366683407294,0.006476602151581856,0.04930747436749705,0.10459733853382702,-1.1102230246251565e-16,0.00646249760522466,0.0612526925647946
66.11,66,bg,2,2,4,4,May,17,2015,Male,White,,NA,,NA,,,No,"$100,000 to $150,000",0.3,0.7,tycoon,15,12/3/20 6:02,4,8,11,2,2,1,1,0.7,0.5,1.0,2,2,9,1,11,0,0.33333,6,2,0.5305535993265176,0.04180549502855063,0.4081632652507492,0.4694464006734824,0.32861248047143765,0.3984087833361684,-0.6331916582986538,0.44683583068487076,0.6874836226981821,-0.2618168853573194,-0.20362825923782918,0.023017317163043654,0.9414131530821663,0.0009392972996973281,0.0,0.03457500435926286,0.08680147520150594,0.0,0.0037550782567965513,0.058441098456678775
66.12,66,bg,2,2,4,4,May,17,2015,Male,White,,NA,,NA,,,No,"$100,000 to $150,000",0.3,0.7,tycoon,15,12/3/20 6:02,4,8,12,2,1,0,1,0.7,0.5,1.0,2,2,9,1,12,0,0.33333,7,2,0.5741407165558251,0.03740388601427415,0.35714285717432626,0.4258592834441749,0.2981014984109225,0.35396647004063503,-0.6092471136463906,0.4274122245891805,0.682571878377868,-0.32792102780953847,-0.2618168853573194,0.017233904192596534,0.9113894485603923,0.007046477602458245,-2.220446049250313e-16,0.02392097920554459,0.07259855526143422,0.0,0.0021207633021400607,0.05681984722108924
66.13,66,bg,2,2,4,4,May,17,2015,Male,White,,NA,,NA,,,No,"$100,000 to $150,000",0.3,0.7,tycoon,15,12/3/20 6:02,4,8,13,2,3,0,1,0.7,0.5,1.0,2,2,9,1,13,0,0.33333,8,2,0.6114434321916543,0.03308472734605146,0.31746031753158344,0.3885565678083457,0.27198959746584195,0.31743994169226863,-0.5852277123049061,0.41208202376740644,0.6776073759493211,-0.3958724616618888,-0.32792102780953847,0.01309086640026002,0.8717347906857016,0.002472480217144968,0.0,0.016406831736663463,0.061330211894279896,0.0,0.0011726960853378765,0.055887015692431485
66.14,66,bg,2,2,4,4,May,17,2015,Male,White,,NA,,NA,,,No,"$100,000 to $150,000",0.3,0.7,tycoon,15,12/3/20 6:02,4,8,14,2,4,0,1,0.7,0.5,1.0,2,2,9,1,14,0,0.33333,9,2,0.643255215459613,0.029176601373650357,0.285714285461102,0.35674478454038705,0.24972134917827105,0.28731060702463446,-0.5620288082937425,0.3998514414230373,0.6729513857094505,-0.46256299777774856,-0.3958724616618888,0.010147024843377067,0.832783971216837,0.0017633034243066392,0.0,0.01119072221535855,0.052358220765163166,0.0,0.0006384457634259766,0.05532983745804099
66.15,66,bg,2,2,4,4,May,17,2015,Male,White,,NA,,NA,,,No,"$100,000 to $150,000",0.3,0.7,tycoon,15,12/3/20 6:02,4,8,15,2,3,0,1,0.7,0.5,1.0,2,2,9,1,15,0,0.33333,10,2,0.6704765963947984,0.025777243540539473,0.25974025970418724,0.3295234036052016,0.23066638252364124,0.2622305706856366,-0.5400802861010708,0.3899478629103567,0.6687247595814424,-0.5266446998921088,-0.46256299777774856,0.008039585727500995,0.7956582496773601,0.0013409436100463301,-1.1102230246251565e-16,0.007605270726265045,0.04515646898873393,0.0,0.00034363376208357277,0.05510348901331674
66.16,66,bg,2,2,4,4,May,17,2015,Male,White,,NA,,NA,,,No,"$100,000 to $150,000",0.3,0.7,tycoon,15,12/3/20 6:02,4,8,16,2,2,1,1,0.7,0.5,1.0,2,2,9,1,16,0,0.33333,11,2,0.6939307521322889,0.022869769850113825,0.23809523803352828,0.30606924786771106,0.21424847350739773,0.2411146605858861,-0.5195314487021592,0.38180008550428746,0.664938482697466,-0.5876800271815602,-0.5266446998921088,0.006505463158874937,0.7606959206591473,0.0008648117450383852,1.1102230246251565e-16,0.00515565289371378,0.039310487469539135,0.0,0.00018339442186821042,0.054877785284089264
66.17,66,bg,2,2,4,4,May,17,2015,Male,White,,NA,,NA,,,No,"$100,000 to $150,000",0.3,0.7,tycoon,15,12/3/20 6:02,4,8,17,2,1,0,0,0.7,0.5,1.0,2,2,9,0,17,0,0.33333,11,3,0.7143046723288415,0.020394452178279815,-0.7802197800590389,-0.7143046723288415,-0.800013270630189,1.6095042677865132,-0.5003840259880367,0.0,0.0,-0.5127508702071348,-0.5876800271815602,0.0,0.8673014695560576,0.0,0.0,0.011824685682769731,0.058498192236548174,0.0,0.0005279848877831617,0.05526519305864841
66.18,66,bg,2,2,4,4,May,17,2015,Male,White,,NA,,NA,,,No,"$100,000 to $150,000",0.3,0.7,tycoon,15,12/3/20 6:02,4,8,18,1,4,1,1,0.3,0.5,1.0,1,2,9,1,18,0,0.33333,2,2,0.3052631578947369,0.043656509695290856,0.9523809521686687,0.6947368421052631,0.48631578947368426,0.6661465787414395,-0.6927726185565874,0.5840163934426229,0.6789624752751795,-0.19334888655015936,-0.2864603556777799,0.06368976016050126,0.92827319509481,0.00914813518573454,0.0,0.008454298780654845,0.06167425336111976,-1.1102230246251565e-16,0.025346906821584247,0.04498637395501015
66.19,66,bg,2,2,4,4,May,17,2015,Male,White,,NA,,NA,,,No,"$100,000 to $150,000",0.3,0.7,tycoon,15,12/3/20 6:02,4,8,19,2,3,0,1,0.7,0.5,1.0,2,2,9,1,19,0,0.33333,12,3,0.6429193530639977,0.022468746068071664,0.3061224497265307,0.3570806469360023,0.24995645285520163,0.2876240112776324,-0.5622872981332572,0.39997677620454747,0.6730022494468806,-0.5641220447148434,-0.5127508702071348,0.00749241068439474,0.8977103535846295,0.001202394724031608,0.0,0.008392260499225035,0.05450758297975722,0.0,0.0002962985802766882,0.04476314812056892
66.20,66,bg,2,2,4,4,May,17,2015,Male,White,,NA,,NA,,,No,"$100,000 to $150,000",0.3,0.7,tycoon,15,12/3/20 6:02,4,8,20,2,2,0,1,0.7,0.5,1.0,2,2,9,1,20,0,0.33333,13,3,0.6638889651718849,0.020384649139404167,0.28571428376935537,0.3361110348281151,0.23527772437968064,0.26824254947480763,-0.5455752512158857,0.3922992824508076,0.6697654806298171,-0.6135006967109544,-0.5641220447148434,0.0062582226204704605,0.8677152531621197,0.0009890710831237381,0.0,0.0059344542495238795,0.04848524578724478,1.1102230246251565e-16,0.00016492273844248562,0.04460520400598589
D1.1,D1,bg,2,4,0,1,October,6,2011,Female,,,NA,,NA,Other,white and Korean,No,"$150,000 or more",0.7,0.3,bandit,6,9/9/20 10:38,6,1,1,2,4,0,0,0.3,0.125,0.75,2,1,10,0,1,0,0.33333,0,1,0.5,0.08333333333333334,NaN,-0.5,-0.35,0.4307829160924542,-0.6474466390346325,0.46153846153846156,0.6901856760188042,-0.04985714948732713,-0.0,0.05414517848247718,1.0796200787151622,0.018796586003682503,0.0,0.05608974358974361,0.1563382907162265,1.1102230246251565e-16,0.010744810700342833,0.04891275394756689
D1.2,D1,bg,2,4,0,1,October,6,2011,Female,,,NA,,NA,Other,white and Korean,No,"$150,000 or more",0.7,0.3,bandit,6,9/9/20 10:38,6,1,2,1,2,0,1,0.7,0.125,0.75,1,1,10,1,2,0,0.33333,1,0,0.5,0.08333333333333334,NaN,0.5,0.65,1.0498221244986778,-0.6474466390346325,0.0,0.0,-0.19314718051535087,-0.0,0.0,0.9834546805647766,0.0,0.0,0.02916666666666673,0.08100465964317666,0.0,0.03446712009808306,0.06432290630777049
D1.3,D1,bg,2,4,0,1,October,6,2011,Female,,,NA,,NA,Other,white and Korean,No,"$150,000 or more",0.7,0.3,bandit,6,9/9/20 10:38,6,1,3,1,3,0,1,0.7,0.125,0.75,1,1,10,1,3,0,0.33333,2,0,0.6666666666666666,0.05555555555555555,1.505215796449022e-8,0.33333333333333337,0.5333333333333334,0.7621400520468968,-0.6909233093138181,0.0,0.0,-0.4319456220025853,-0.19314718051535087,0.0,0.873213941153186,0.0,0.0,0.010937500000000044,0.04935747729683282,0.0,0.030369290483701628,0.06022302290725445
D1.4,D1,bg,2,4,0,1,October,6,2011,Female,,,NA,,NA,Other,white and Korean,No,"$150,000 or more",0.7,0.3,bandit,6,9/9/20 10:38,6,1,4,2,4,0,0,0.3,0.125,0.75,2,1,10,0,4,0,0.33333,0,2,0.41025641025641024,0.0752794214332676,-3.324562949461316e-16,-0.41025641025641024,-0.28717948717948716,0.33852562543305503,-0.5996068847876723,0.420863309352518,0.6805691240005796,-0.1694605094257496,-0.04985714948732713,0.036406266819614855,0.7944512729668531,0.012475051736189124,0.0,0.006142507868705072,0.043427368375420605,-1.1102230246251565e-16,0.005618362421842882,0.05509240340306887
D1.5,D1,bg,2,4,0,1,October,6,2011,Female,,,NA,,NA,Other,white and Korean,No,"$150,000 or more",0.7,0.3,bandit,6,9/9/20 10:38,6,1,5,1,4,0,0,0.7,0.125,0.75,1,1,10,0,5,0,0.33333,2,1,0.7499999999999999,0.0375,-0.999999984947842,-0.7499999999999999,-0.5249999999999999,0.7444404749474957,-0.69189665920508,0.6315789473684211,0.6581099875431142,-0.2864603556777799,-0.4319456220025853,0.07289196076611207,0.879995631162669,0.01590069749864509,-1.6653345369377348e-16,0.018190789473684077,0.059465572765049546,0.010526315789473717,0.03563193689134736,0.06034670141774623
D1.6,D1,bg,2,4,0,1,October,6,2011,Female,,,NA,,NA,Other,white and Korean,No,"$150,000 or more",0.7,0.3,bandit,6,9/9/20 10:38,6,1,6,1,4,1,0,0.7,0.125,0.75,1,1,10,0,6,0,0.33333,2,2,0.6947368421052633,0.04365650969529086,-0.952380952198459,-0.6947368421052633,-0.4863157894736843,0.6661465787414395,-0.6927726185565874,0.5840163934426229,0.6789624752751795,-0.19334888655015944,-0.2864603556777799,0.06368976016050117,0.9504976901739406,0.013801390465147945,5.551115123125783e-17,0.02819544057377049,0.07844894940408792,-1.1102230246251565e-16,0.025346906821584025,0.05007162230461548
D1.7,D1,bg,2,4,0,1,October,6,2011,Female,,,NA,,NA,Other,white and Korean,No,"$150,000 or more",0.7,0.3,bandit,6,9/9/20 10:38,6,1,7,1,1,1,0,0.7,0.125,0.75,1,1,10,0,7,0,0.33333,2,3,0.6352459016393442,0.04728231658156409,-0.7142857148437445,-0.6352459016393442,-0.44467213114754095,0.5881965849734463,-0.6870122784419204,0.5402214022140222,0.6899081595689575,-0.15524439974415,-0.19334888655015944,0.05227361377017173,1.0015731145881053,0.012094873985367682,0.0,0.04074319649446495,0.0990667504761732,1.1102230246251565e-16,0.01694783786822429,0.041615648602915334
D1.8,D1,bg,2,4,0,1,October,6,2011,Female,,,NA,,NA,Other,white and Korean,No,"$150,000 or more",0.7,0.3,bandit,6,9/9/20 10:38,6,1,8,2,1,1,0,0.3,0.125,0.75,2,1,10,0,8,0,0.33333,0,3,0.3363309352517986,0.06242107033797423,-3.324562949461316e-16,-0.3363309352517986,-0.23543165467625898,0.2684438588858378,-0.5457566301170604,0.392378263937897,0.6698000343867989,-0.31724785272016875,-0.1694605094257496,0.02364311272114325,0.9385777792811614,0.007686642325146487,0.0,0.012381363889181818,0.09161800038836848,1.1102230246251565e-16,0.0027852297390043024,0.03875153612985838
D1.9,D1,bg,2,4,0,1,October,6,2011,Female,,,NA,,NA,Other,white and Korean,No,"$150,000 or more",0.7,0.3,bandit,6,9/9/20 10:38,6,1,9,1,2,0,0,0.7,0.125,0.75,1,1,10,0,9,0,0.33333,2,4,0.5756457564575646,0.047783254585313385,-0.5714285714562882,-0.5756457564575646,-0.4029520295202952,0.5157578162553096,-0.6741904715742899,0.5024721878862793,0.6931349570842507,-0.16347278440718951,-0.15524439974415,0.04080248582851541,0.973835569574625,0.009392791920070254,0.012870828182941885,0.05518984423284906,0.11128473448250037,0.0,0.010714598831218947,0.03259412929739669
D1.10,D1,bg,2,4,0,1,October,6,2011,Female,,,NA,,NA,Other,white and Korean,No,"$150,000 or more",0.7,0.3,bandit,6,9/9/20 10:38,6,1,10,2,2,0,0,0.3,0.125,0.75,2,1,10,0,10,0,0.33333,0,4,0.279181369089626,0.04955717505632367,-3.324562949461316e-16,-0.279181369089626,-0.19542695836273818,0.21744352532572367,-0.4939971112220449,0.3728685706266227,0.6604647503197693,-0.4669270480222721,-0.31724785272016875,0.015384672502538485,0.9214949713845771,0.0015013909636850675,0.0,0.010143923398724275,0.10586161787832105,0.0,0.001334355288116984,0.031077657750484544
D1.11,D1,bg,2,4,0,1,October,6,2011,Female,,,NA,,NA,Other,white and Korean,No,"$150,000 or more",0.7,0.3,bandit,6,9/9/20 10:38,6,1,11,1,1,0,1,0.7,0.125,0.75,1,1,10,1,11,0,0.33333,3,4,0.5196229913473425,0.04560793367823767,0.5238095225489899,0.48037700865265753,0.6362639060568602,1.0113266909367904,-0.6555375630656881,0.0,0.0,-0.23266054424133245,-0.16347278440718951,0.0,0.854935945734286,0.0,0.0,0.02806752326172063,0.07399025508885376,0.0,0.018152569876850988,0.03855679503485754
D1.12,D1,bg,2,4,0,1,October,6,2011,Female,,,NA,,NA,Other,white and Korean,No,"$150,000 or more",0.7,0.3,bandit,6,9/9/20 10:38,6,1,12,1,2,0,1,0.7,0.125,0.75,1,1,10,1,12,0,0.33333,4,4,0.6073941916939242,0.04015149105953348,0.387755102062592,0.39260580830607583,0.5748240658142532,0.8552522329266844,-0.6819077269415073,0.0,0.0,-0.33235820901138946,-0.23266054424133245,0.0,0.7846789418785864,0.0,0.0,0.014020008057277933,0.053300509854390776,0.0,0.0264787283685729,0.046805544698091395
D1.13,D1,bg,2,4,0,1,October,6,2011,Female,,,NA,,NA,Other,white and Korean,No,"$150,000 or more",0.7,0.3,bandit,6,9/9/20 10:38,6,1,13,1,1,1,0,0.7,0.125,0.75,1,1,10,0,13,0,0.33333,4,5,0.6734986945169712,0.03412457714895184,-0.7142857142956079,-0.6734986945169712,-0.4714490861618798,0.637616141815937,-0.6915159840708771,0.5675895966606566,0.6839824415260297,-0.2983469826934861,-0.33235820901138946,0.04580354591985148,0.8320697240826037,0.0062610544876745555,-5.551115123125783e-17,0.020356941501950887,0.06564825179060674,0.0,0.018834413864569965,0.03916996005636464
D1.14,D1,bg,2,4,0,1,October,6,2011,Female,,,NA,,NA,Other,white and Korean,No,"$150,000 or more",0.7,0.3,bandit,6,9/9/20 10:38,6,1,14,2,4,1,0,0.3,0.125,0.75,2,1,10,0,14,0,0.33333,0,5,0.23606530535868828,0.038886415120984216,-3.324562949461316e-16,-0.23606530535868828,-0.1652457137510818,0.18061786540196245,-0.44826698798619047,0.35938719326388935,0.6530647926105785,-0.6068721402139434,-0.4669270480222721,0.010280655290413804,0.790206055823976,0.004125073940145829,0.0,0.0022537619987382795,0.06359115380863789,0.0,0.0006264767647731206,0.038473033371002385
D1.15,D1,bg,2,4,0,1,October,6,2011,Female,,,NA,,NA,Other,white and Korean,No,"$150,000 or more",0.7,0.3,bandit,6,9/9/20 10:38,6,1,15,1,1,0,0,0.7,0.125,0.75,1,1,10,0,15,0,0.33333,4,6,0.6283049328965302,0.03473024233151331,-0.6349206351770149,-0.6283049328965302,-0.43981345302757113,0.5794854311313321,-0.6858847415822464,0.5355358882168324,0.690619451333321,-0.2949359932202241,-0.2983469826934861,0.037329236961389956,0.8264576593579105,0.0060077761656262,0.0,0.028057805304064043,0.07600888228741731,0.0,0.012847841136858884,0.032510395190265995
D1.16,D1,bg,2,4,0,1,October,6,2011,Female,,,NA,,NA,Other,white and Korean,No,"$150,000 or more",0.7,0.3,bandit,6,9/9/20 10:38,6,1,16,2,4,1,0,0.3,0.125,0.75,2,1,10,0,16,0,0.33333,0,6,0.20345631965702995,0.030721348426171226,-3.324562949461316e-16,-0.20345631965702995,-0.14241942375992095,0.15364013789587988,-0.40933124792562936,0.3498213559305421,0.6473359812057708,-0.733891270595349,-0.6068721402139434,0.007140690214164802,0.7921183860191325,0.0024331279464242517,-5.551115123125783e-17,0.0017781398472803134,0.0745586724417801,-1.1102230246251565e-16,0.0002909575578294854,0.03217338176445206
D1.17,D1,bg,2,4,0,1,October,6,2011,Female,,,NA,,NA,Other,white and Korean,No,"$150,000 or more",0.7,0.3,bandit,6,9/9/20 10:38,6,1,17,1,1,0,1,0.7,0.125,0.75,1,1,10,1,17,0,0.33333,5,6,0.584906586821547,0.034000202300490806,0.42857142862947883,0.41509341317845305,0.5905653892249172,0.8929780690862531,-0.6766521038017551,0.0,0.0,-0.35486078857672304,-0.2949359932202241,0.0,0.7385756942820543,0.0,0.0,0.01529314631711981,0.05694286807326748,0.0,0.019192567427813834,0.03851237981461397
D1.18,D1,bg,2,4,0,1,October,6,2011,Female,,,NA,,NA,Other,white and Korean,No,"$150,000 or more",0.7,0.3,bandit,6,9/9/20 10:38,6,1,18,2,4,0,0,0.3,0.125,0.75,2,1,10,0,18,0,0.33333,0,7,0.17838002421129504,0.024639008868067025,-3.324562949461316e-16,-0.17838002421129504,-0.12486601694790651,0.13337828085862052,-0.376509360186612,0.3428046514131793,0.6428782832701956,-0.8483851947647142,-0.733891270595349,0.005168063639247128,0.714843324420557,0.0008655175523839542,0.0,0.0004921144710868797,0.05633575399206853,-1.1102230246251565e-16,0.00013447730217486242,0.03840150789544905
D1.19,D1,bg,2,4,0,1,October,6,2011,Female,,,NA,,NA,Other,white and Korean,No,"$150,000 or more",0.7,0.3,bandit,6,9/9/20 10:38,6,1,19,1,3,0,1,0.7,0.125,0.75,1,1,10,1,19,0,0.33333,6,6,0.6430358728760126,0.030676045103135853,0.3506493507130455,0.3569641271239874,0.5498748889867913,0.7982297103856163,-0.6881638882064027,0.0,0.0,-0.4289701042578927,-0.35486078857672304,0.0,0.6650540041215827,0.0,0.0,0.008149946542352238,0.04366421834803669,0.0,0.02624704697994773,0.04543944587592785
D1.20,D1,bg,2,4,0,1,October,6,2011,Female,,,NA,,NA,Other,white and Korean,No,"$150,000 or more",0.7,0.3,bandit,6,9/9/20 10:38,6,1,20,2,3,1,0,0.3,0.125,0.75,2,1,10,0,20,0,0.33333,0,8,0.15867183490353248,0.020105567336820347,-3.324562949461316e-16,-0.15867183490353248,-0.11107028443247273,0.117737106697666,-0.3487471907122933,0.33748449933240043,0.6393528446283399,-0.9518700138075946,-0.8483851947647142,0.0038855878989021916,0.6511817460920053,0.00041383862602917265,0.0,0.00013021712726024592,0.043420649602134875,0.0,6.208726336365267e-5,0.04533902224139952
D10.1,D10,gb,2,2,1,1,July,16,2014,Male,White,,NA,,NA,,,No,"$20,000 to $39,999",0.7,0.3,bandit,6,8/19/20 8:39,4,2,1,2,4,0,0,0.3,0.25,0.5,2,1,11,0,1,0,0.33333,0,1,0.5,0.08333333333333334,NaN,-0.5,-0.35,0.4307829160924542,-0.6474466390346325,0.46153846153846156,0.6901856760188042,-0.04985714948732713,-0.0,0.05414517848247718,1.0796200787151622,0.018796586003682503,0.0,0.05608974358974361,0.1563382907162265,1.1102230246251565e-16,0.010744810700342833,0.04891275394756689
D10.2,D10,gb,2,2,1,1,July,16,2014,Male,White,,NA,,NA,,,No,"$20,000 to $39,999",0.7,0.3,bandit,6,8/19/20 8:39,4,2,2,1,1,0,1,0.7,0.25,0.5,1,1,11,1,2,0,0.33333,1,0,0.5,0.08333333333333334,NaN,0.5,0.65,1.0498221244986778,-0.6474466390346325,0.0,0.0,-0.19314718051535087,-0.0,0.0,0.9834546805647766,0.0,0.0,0.02916666666666673,0.08100465964317666,0.0,0.03446712009808306,0.06432290630777049
D10.3,D10,gb,2,2,1,1,July,16,2014,Male,White,,NA,,NA,,,No,"$20,000 to $39,999",0.7,0.3,bandit,6,8/19/20 8:39,4,2,3,1,1,1,0,0.7,0.25,0.5,1,1,11,0,3,0,0.33333,1,1,0.6666666666666666,0.05555555555555555,-0.999999984947842,-0.6666666666666666,-0.4666666666666666,0.628608659422374,-0.6909233093138181,0.5624999999999999,0.6853142072764582,-0.09393882346618045,-0.19314718051535087,0.0694345666869955,1.046259060686753,0.019959752714695078,5.551115123125783e-17,0.04511718749999999,0.10845646196059827,-1.1102230246251565e-16,0.02346938767733342,0.05331698761862669
D10.4,D10,gb,2,2,1,1,July,16,2014,Male,White,,NA,,NA,,,No,"$20,000 to $39,999",0.7,0.3,bandit,6,8/19/20 8:39,4,2,4,1,1,0,0,0.7,0.25,0.5,1,1,11,0,4,0,0.33333,1,2,0.59375,0.05996093749999999,-0.7142857142857143,-0.59375,-0.41562499999999997,0.5372123789391855,-0.6788405414022067,0.5133689839572192,0.6927896784912411,-0.06841932383907298,-0.09393882346618045,0.05510257994978083,1.077806203173894,0.015436992930834226,0.018342245989304784,0.06426804812834219,0.1375043022959328,0.0,0.014819018450254018,0.04466831903767787
D10.5,D10,gb,2,2,1,1,July,16,2014,Male,White,,NA,,NA,,,No,"$20,000 to $39,999",0.7,0.3,bandit,6,8/19/20 8:39,4,2,5,2,4,0,0,0.3,0.25,0.5,2,1,11,0,5,0,0.33333,0,2,0.41025641025641024,0.0752794214332676,-3.324562949461316e-16,-0.41025641025641024,-0.28717948717948716,0.33852562543305503,-0.5996068847876723,0.420863309352518,0.6805691240005796,-0.1694605094257496,-0.04985714948732713,0.036406266819614855,1.0298480703275206,0.013353781119427754,0.0,0.030316606087144538,0.12432084628629086,0.0,0.005618362421843104,0.03954093333299569
D10.6,D10,gb,2,2,1,1,July,16,2014,Male,White,,NA,,NA,,,No,"$20,000 to $39,999",0.7,0.3,bandit,6,8/19/20 8:39,4,2,6,1,4,1,0,0.7,0.25,0.5,1,1,11,0,6,0,0.33333,1,3,0.5219251336898396,0.059144956961880525,-0.47619047105696843,-0.5219251336898396,-0.3653475935828877,0.45467782143196556,-0.6564330821954864,0.4726996966632962,0.6916558259082752,-0.10203826854156678,-0.06841932383907298,0.04106553663963941,1.0452116613164502,0.010994925538703848,0.007254802831142604,0.05471699106841926,0.12068909989017923,0.0,0.008758474689475104,0.033436636538592746
D10.7,D10,gb,2,2,1,1,July,16,2014,Male,White,,NA,,NA,,,No,"$20,000 to $39,999",0.7,0.3,bandit,6,8/19/20 8:39,4,2,7,2,4,0,0,0.3,0.25,0.5,2,1,11,0,7,0,0.33333,0,3,0.3363309352517986,0.06242107033797423,-3.324562949461316e-16,-0.3363309352517986,-0.23543165467625898,0.2684438588858378,-0.5457566301170604,0.392378263937897,0.6698000343867989,-0.31724785272016875,-0.1694605094257496,0.02364311272114325,0.9960347452676119,0.007923382862759398,0.0,0.020047194777699395,0.11049814323940904,0.0,0.0027852297390043024,0.03059498892497514
D10.8,D10,gb,2,2,1,1,July,16,2014,Male,White,,NA,,NA,,,No,"$20,000 to $39,999",0.7,0.3,bandit,6,8/19/20 8:39,4,2,8,1,1,0,1,0.7,0.25,0.5,1,1,11,1,8,0,0.33333,2,3,0.4566902595214021,0.05432581676727339,0.6428571428387222,0.5433097404785979,0.6803168183350186,1.140424830915753,-0.6266304181662299,0.0,0.0,-0.15524439974415,-0.10203826854156678,0.0,0.9385777792811614,0.0,0.0,0.04074319649446495,0.09161800038836848,0.0,0.016947837868224402,0.03875153612985838
D10.9,D10,gb,2,2,1,1,July,16,2014,Male,White,,NA,,NA,,,No,"$20,000 to $39,999",0.7,0.3,bandit,6,8/19/20 8:39,4,2,9,2,1,1,0,0.3,0.25,0.5,2,1,11,0,9,0,0.33333,0,4,0.279181369089626,0.04955717505632367,-3.324562949461316e-16,-0.279181369089626,-0.19542695836273818,0.21744352532572367,-0.4939971112220449,0.3728685706266227,0.6604647503197693,-0.4669270480222721,-0.31724785272016875,0.015384672502538485,0.8843138615182253,0.004571159891520349,0.0,0.006722281185313594,0.08707462755312512,1.1102230246251565e-16,0.001334355288116984,0.034001160029626054
D10.10,D10,gb,2,2,1,1,July,16,2014,Male,White,,NA,,NA,,,No,"$20,000 to $39,999",0.7,0.3,bandit,6,8/19/20 8:39,4,2,10,1,1,0,1,0.7,0.25,0.5,1,1,11,1,10,0,0.33333,3,3,0.5756457564575646,0.047783254585313385,0.4285714285437118,0.42435424354243545,0.5970479704797048,0.9089377575688963,-0.6741904715742899,0.0,0.0,-0.27049867155290075,-0.15524439974415,0.0,0.8060912562800617,0.0,0.0,0.01933781550480762,0.05924129460801375,0.0,0.026183534536607378,0.046553917025914826
D10.11,D10,gb,2,2,1,1,July,16,2014,Male,White,,NA,,NA,,,No,"$20,000 to $39,999",0.7,0.3,bandit,6,8/19/20 8:39,4,2,11,1,4,0,0,0.7,0.25,0.5,1,1,11,0,11,0,0.33333,3,4,0.6586538461538463,0.039465709237343854,-0.7142857142459534,-0.6586538461538463,-0.46105769230769234,0.6181467496232038,-0.6901111000621384,0.5566458519179305,0.6867158763883532,-0.23266054424133245,-0.27049867155290075,0.04898243375673989,0.854935945734286,0.007262857962183622,-5.551115123125783e-17,0.02806752326172063,0.07399025508885376,0.0,0.018152569876850988,0.03855679503485754
D10.12,D10,gb,2,2,1,1,July,16,2014,Male,White,,NA,,NA,,,No,"$20,000 to $39,999",0.7,0.3,bandit,6,8/19/20 8:39,4,2,12,2,1,0,1,0.3,0.25,0.5,2,1,11,1,12,0,0.33333,1,4,0.23606530535868828,0.038886415120984216,0.9999999999999997,0.7639346946413117,0.8347542862489182,1.8003217385529584,-0.44826698798619047,0.0,0.0,-0.17234810551209448,-0.4669270480222721,0.0,1.0011911115539855,0.0,0.0,0.017880716608974168,0.08565093639083127,0.0,0.004910265140283476,0.042172301679684
D10.13,D10,gb,2,2,1,1,July,16,2014,Male,White,,NA,,NA,,,No,"$20,000 to $39,999",0.7,0.3,bandit,6,8/19/20 8:39,4,2,13,1,4,1,0,0.7,0.25,0.5,1,1,11,0,13,0,0.33333,3,5,0.6073941916939242,0.04015149105953348,-0.612244897937408,-0.6073941916939242,-0.4251759341857469,0.5536912575008726,-0.6819077269415073,0.5218988171190122,0.6921877573072556,-0.23204795711695583,-0.23266054424133245,0.039248513343032164,1.0370880115274554,0.00882756489468206,5.551115123125783e-17,0.03845794661947788,0.10335037422939058,-1.1102230246251565e-16,0.011994020808655748,0.03602030533363143
D10.14,D10,gb,2,2,1,1,July,16,2014,Male,White,,NA,,NA,,,No,"$20,000 to $39,999",0.7,0.3,bandit,6,8/19/20 8:39,4,2,14,2,4,1,0,0.3,0.25,0.5,2,1,11,0,14,0,0.33333,1,5,0.4007926678226405,0.04762632238369273,-0.28571428565276774,-0.4007926678226405,-0.28055486747584835,0.32927501334684905,-0.5934766051981659,0.41698801817931413,0.6793011794347656,-0.25972748712260824,-0.17234810551209448,0.02092826724170399,0.9910129344982754,0.006654807417630471,-5.551115123125783e-17,0.015604742215924394,0.09650024946163438,-1.1102230246251565e-16,0.002646806822436898,0.03375899786435099
D10.15,D10,gb,2,2,1,1,July,16,2014,Male,White,,NA,,NA,,,No,"$20,000 to $39,999",0.7,0.3,bandit,6,8/19/20 8:39,4,2,15,1,1,0,1,0.7,0.25,0.5,1,1,11,1,15,0,0.33333,4,5,0.5584991550850087,0.038986467927786546,0.4642857146004118,0.4415008449149913,0.609050591440494,0.9391771172417491,-0.6691708750090459,0.0,0.0,-0.2983469826934861,-0.23204795711695583,0.0,0.9256920362125194,0.0,0.0,0.020356941501950887,0.07072147111403992,0.0,0.018834413864570076,0.0404647004553752
D10.16,D10,gb,2,2,1,1,July,16,2014,Male,White,,NA,,NA,,,No,"$20,000 to $39,999",0.7,0.3,bandit,6,8/19/20 8:39,4,2,16,2,4,0,0,0.3,0.25,0.5,2,1,11,0,16,0,0.33333,1,6,0.35445358766010193,0.040759615127719986,-0.23809523619478093,-0.35445358766010193,-0.24811751136207133,0.2851752323520988,-0.5602575535492536,0.398998519760002,0.6726035116269359,-0.35155401751617876,-0.25972748712260824,0.014991388876458553,0.8761249718770479,0.0022974259355423854,0.0,0.005092858277595647,0.06725646802261764,1.1102230246251565e-16,0.0013876500814310466,0.039298388845336096
D10.17,D10,gb,2,2,1,1,July,16,2014,Male,White,,NA,,NA,,,No,"$20,000 to $39,999",0.7,0.3,bandit,6,8/19/20 8:39,4,2,17,1,4,1,0,0.7,0.25,0.5,1,1,11,0,17,0,0.33333,4,6,0.6283049328965302,0.03473024233151331,-0.6349206351770149,-0.6283049328965302,-0.43981345302757113,0.5794854311313321,-0.6858847415822464,0.5355358882168324,0.690619451333321,-0.2949359932202241,-0.2983469826934861,0.037329236961389956,0.9200142101727298,0.006919006506977077,0.0,0.028057805304064043,0.08058829930880285,-1.1102230246251565e-16,0.012847841136858884,0.03329866394757708
D10.18,D10,gb,2,2,1,1,July,16,2014,Male,White,,NA,,NA,,,No,"$20,000 to $39,999",0.7,0.3,bandit,6,8/19/20 8:39,4,2,18,1,1,0,1,0.7,0.25,0.5,1,1,11,1,18,0,0.33333,5,6,0.584906586821547,0.034000202300490806,0.42857142862947883,0.41509341317845305,0.5905653892249172,0.8929780690862531,-0.6766521038017551,0.0,0.0,-0.35486078857672304,-0.2949359932202241,0.0,0.8556917952334007,0.0,0.0,0.01529314631711981,0.06122253243539072,0.0,0.01919256742781361,0.03965436639643505
D10.19,D10,gb,2,2,1,1,July,16,2014,Male,White,,NA,,NA,,,No,"$20,000 to $39,999",0.7,0.3,bandit,6,8/19/20 8:39,4,2,19,1,4,1,0,0.7,0.25,0.5,1,1,11,0,19,0,0.33333,5,7,0.6430358728760126,0.030676045103135853,-0.6493506492869545,-0.6430358728760126,-0.4501251110132088,0.5980645012013549,-0.6881638882064027,0.5455786507232311,0.6889865803494566,-0.35116401048360785,-0.35486078857672304,0.03535116534512442,0.8980495933643091,0.005352250861809793,-5.551115123125783e-17,0.021140537525565994,0.07269204502919469,0.0,0.013417801377578864,0.03370190073639234
D10.20,D10,gb,2,2,1,1,July,16,2014,Male,White,,NA,,NA,,,No,"$20,000 to $39,999",0.7,0.3,bandit,6,8/19/20 8:39,4,2,20,1,4,0,0,0.7,0.25,0.5,1,1,11,0,20,0,0.33333,5,8,0.6039847505165936,0.030149450541386513,-0.5952380938028637,-0.6039847505165936,-0.4227893253616155,0.549547958423935,-0.6811763603689918,0.5197409077507902,0.692367571064237,-0.36618220180554006,-0.35116401048360785,0.028643145394438074,0.931405635809901,0.004069954594013492,1.1102230246251565e-16,0.02799180912842647,0.08433128131904905,0.0,0.009080232444264258,0.0294251588446115
D13.1,D13,bg,4,3,4,3,December,24,2013,Female,White,,NA,Asian,NA,,,No,"$60,000 to $79,999",0.7,0.3,bandit,4,8/11/20 11:49,7,7,1,1,3,0,1,0.7,0.875,0.875,1,1,12,1,1,0,0.33333,1,0,0.5,0.08333333333333334,NaN,0.5,0.65,1.0498221244986778,-0.6474466390346325,0.0,0.0,-0.19314718051535087,-0.0,0.0,1.0395227301348458,0.0,0.0,0.02916666666666673,0.09337631661957463,0.0,0.03446712009808295,0.0726194368128843
D13.2,D13,bg,4,3,4,3,December,24,2013,Female,White,,NA,Asian,NA,,,No,"$60,000 to $79,999",0.7,0.3,bandit,4,8/11/20 11:49,7,7,2,2,4,0,0,0.3,0.875,0.875,2,1,12,0,2,0,0.33333,0,1,0.5,0.08333333333333334,NaN,-0.5,-0.35,0.4307829160924542,-0.6474466390346325,0.46153846153846156,0.6901856760188042,-0.04985714948732713,-0.0,0.05414517848247718,0.9834546805647766,0.02021157903690307,-5.551115123125783e-17,0.02260209223861731,0.08100465964317666,0.0,0.010744810700342833,0.06432290630777049
D13.3,D13,bg,4,3,4,3,December,24,2013,Female,White,,NA,Asian,NA,,,No,"$60,000 to $79,999",0.7,0.3,bandit,4,8/11/20 11:49,7,7,3,1,3,0,0,0.7,0.875,0.875,1,1,12,0,3,0,0.33333,1,1,0.6666666666666666,0.05555555555555555,-0.999999984947842,-0.6666666666666666,-0.4666666666666666,0.628608659422374,-0.6909233093138181,0.5624999999999999,0.6853142072764582,-0.09393882346618045,-0.19314718051535087,0.0694345666869955,1.046259060686753,0.019959752714695078,5.551115123125783e-17,0.04511718749999999,0.10845646196059827,-1.1102230246251565e-16,0.02346938767733342,0.05331698761862669
D13.4,D13,bg,4,3,4,3,December,24,2013,Female,White,,NA,Asian,NA,,,No,"$60,000 to $79,999",0.7,0.3,bandit,4,8/11/20 11:49,7,7,4,1,2,1,0,0.7,0.875,0.875,1,1,12,0,4,0,0.33333,1,2,0.59375,0.05996093749999999,-0.7142857142857143,-0.59375,-0.41562499999999997,0.5372123789391855,-0.6788405414022067,0.5133689839572192,0.6927896784912411,-0.06841932383907298,-0.09393882346618045,0.05510257994978083,1.077806203173894,0.015436992930834226,0.018342245989304784,0.06426804812834219,0.1375043022959328,0.0,0.014819018450254018,0.04466831903767787
D13.5,D13,bg,4,3,4,3,December,24,2013,Female,White,,NA,Asian,NA,,,No,"$60,000 to $79,999",0.7,0.3,bandit,4,8/11/20 11:49,7,7,5,2,1,0,0,0.3,0.875,0.875,2,1,12,0,5,0,0.33333,0,2,0.41025641025641024,0.0752794214332676,-3.324562949461316e-16,-0.41025641025641024,-0.28717948717948716,0.33852562543305503,-0.5996068847876723,0.420863309352518,0.6805691240005796,-0.1694605094257496,-0.04985714948732713,0.036406266819614855,1.0298480703275206,0.013353781119427754,0.0,0.030316606087144538,0.12432084628629086,0.0,0.005618362421843104,0.03954093333299569
D13.6,D13,bg,4,3,4,3,December,24,2013,Female,White,,NA,Asian,NA,,,No,"$60,000 to $79,999",0.7,0.3,bandit,4,8/11/20 11:49,7,7,6,1,4,0,0,0.7,0.875,0.875,1,1,12,0,6,0,0.33333,1,3,0.5219251336898396,0.059144956961880525,-0.47619047105696843,-0.5219251336898396,-0.3653475935828877,0.45467782143196556,-0.6564330821954864,0.4726996966632962,0.6916558259082752,-0.10203826854156678,-0.06841932383907298,0.04106553663963941,1.0452116613164502,0.010994925538703848,0.007254802831142604,0.05471699106841926,0.12068909989017923,0.0,0.008758474689475104,0.033436636538592746
D13.7,D13,bg,4,3,4,3,December,24,2013,Female,White,,NA,Asian,NA,,,No,"$60,000 to $79,999",0.7,0.3,bandit,4,8/11/20 11:49,7,7,7,1,3,0,0,0.7,0.875,0.875,1,1,12,0,7,0,0.33333,1,4,0.4566902595214021,0.05432581676727339,-0.3571428571612778,-0.4566902595214021,-0.31968318166498144,0.38519667999782625,-0.6266304181662299,0.44097101808273476,0.6861620599669113,-0.17234810551209448,-0.10203826854156678,0.029483822867364253,1.0400834417569282,0.007650072425443577,0.0,0.036400986190240237,0.10596325050507482,-1.1102230246251565e-16,0.004910265140283365,0.02962399021235207
D13.8,D13,bg,4,3,4,3,December,24,2013,Female,White,,NA,Asian,NA,,,No,"$60,000 to $79,999",0.7,0.3,bandit,4,8/11/20 11:49,7,7,8,1,3,0,1,0.7,0.875,0.875,1,1,12,1,8,0,0.33333,2,4,0.4007926678226405,0.04762632238369273,0.7142857143472323,0.5992073321773594,0.7194451325241517,1.2709859671732364,-0.5934766051981659,0.0,0.0,-0.16347278440718951,-0.17234810551209448,0.0,1.0311484874793484,0.0,0.0,0.05518984423284906,0.12005317852463754,0.0,0.010714598831218947,0.03539739179494639
D13.9,D13,bg,4,3,4,3,December,24,2013,Female,White,,NA,Asian,NA,,,No,"$60,000 to $79,999",0.7,0.3,bandit,4,8/11/20 11:49,7,7,9,1,3,0,1,0.7,0.875,0.875,1,1,12,1,9,0,0.33333,3,4,0.5196229913473425,0.04560793367823767,0.5238095225489899,0.48037700865265753,0.6362639060568602,1.0113266909367904,-0.6555375630656881,0.0,0.0,-0.23266054424133245,-0.16347278440718951,0.0,0.9770343183147443,0.0,0.0,0.02806752326172063,0.08465411136342954,0.0,0.0181525698768511,0.042852251321402135
D13.10,D13,bg,4,3,4,3,December,24,2013,Female,White,,NA,Asian,NA,,,No,"$60,000 to $79,999",0.7,0.3,bandit,4,8/11/20 11:49,7,7,10,1,3,0,0,0.7,0.875,0.875,1,1,12,0,10,0,0.33333,3,5,0.6073941916939242,0.04015149105953348,-0.612244897937408,-0.6073941916939242,-0.4251759341857469,0.5536912575008726,-0.6819077269415073,0.5218988171190122,0.6921877573072556,-0.23204795711695583,-0.23266054424133245,0.039248513343032164,1.012577612235528,0.00774930226855397,5.551115123125783e-17,0.03845794661947788,0.10185256454486574,0.0,0.011994020808655637,0.036692966938971505
D13.11,D13,bg,4,3,4,3,December,24,2013,Female,White,,NA,Asian,NA,,,No,"$60,000 to $79,999",0.7,0.3,bandit,4,8/11/20 11:49,7,7,11,2,4,1,0,0.3,0.875,0.875,2,1,12,0,11,0,0.33333,0,3,0.3363309352517986,0.06242107033797423,-3.324562949461316e-16,-0.3363309352517986,-0.23543165467625898,0.2684438588858378,-0.5457566301170604,0.392378263937897,0.6698000343867989,-0.31724785272016875,-0.1694605094257496,0.02364311272114325,0.9486557614281184,0.008458624800496084,0.0,0.013884031402643493,0.09403227234599693,1.1102230246251565e-16,0.0027852297390044134,0.031039459460010743
D13.12,D13,bg,4,3,4,3,December,24,2013,Female,White,,NA,Asian,NA,,,No,"$60,000 to $79,999",0.7,0.3,bandit,4,8/11/20 11:49,7,7,12,1,4,1,0,0.7,0.875,0.875,1,1,12,0,12,0,0.33333,3,6,0.5584991550850087,0.038986467927786546,-0.5357142853995882,-0.5584991550850087,-0.39094940855950605,0.4958539417497118,-0.6691708750090459,0.4925699181909603,0.693036764264588,-0.2581358322404613,-0.23204795711695583,0.030622856690614812,0.9743762649281122,0.0060177334918936065,0.010586855083600355,0.050076976868332235,0.10993733696619046,0.0,0.00760317437141822,0.02820962763185264
D13.13,D13,bg,4,3,4,3,December,24,2013,Female,White,,NA,Asian,NA,,,No,"$60,000 to $79,999",0.7,0.3,bandit,4,8/11/20 11:49,7,7,13,1,3,1,0,0.7,0.875,0.875,1,1,12,0,13,0,0.33333,3,7,0.5136908453436054,0.036582874441575465,-0.4761904768745908,-0.5136908453436054,-0.3595835917405238,0.44563667629606324,-0.6531782320549671,0.46844521178859255,0.6911544472276554,-0.30054682659624304,-0.2581358322404613,0.02361773156665936,0.9876291630243355,0.0041059950386351796,0.004489387662585109,0.04403343047018615,0.10677152397772688,0.0,0.004658377691200477,0.02648832076026153
D13.14,D13,bg,4,3,4,3,December,24,2013,Female,White,,NA,Asian,NA,,,No,"$60,000 to $79,999",0.7,0.3,bandit,4,8/11/20 11:49,7,7,14,2,2,0,0,0.3,0.875,0.875,2,1,12,0,14,0,0.33333,0,4,0.279181369089626,0.04955717505632367,-3.324562949461316e-16,-0.279181369089626,-0.19542695836273818,0.21744352532572367,-0.4939971112220449,0.3728685706266227,0.6604647503197693,-0.4669270480222721,-0.31724785272016875,0.015384672502538485,0.933721384934644,0.005325526759362154,0.0,0.011626066445629524,0.10061198588708564,-1.1102230246251565e-16,0.001334355288117095,0.02502907471199678
D13.15,D13,bg,4,3,4,3,December,24,2013,Female,White,,NA,Asian,NA,,,No,"$60,000 to $79,999",0.7,0.3,bandit,4,8/11/20 11:49,7,7,15,1,3,1,0,0.7,0.875,0.875,1,1,12,0,15,0,0.33333,3,8,0.47370434315716037,0.033586414868103556,-0.4285714335598313,-0.47370434315716037,-0.33159304021001224,0.4028580697029193,-0.6353010686748846,0.44882836063565146,0.6879009263775451,-0.3513166463606724,-0.30054682659624304,0.018240328873544483,0.9402792180369471,0.002768430196409155,0.0,0.03207844182150754,0.08968815420367449,-1.1102230246251565e-16,0.002777826333567268,0.023175458006792438
D13.16,D13,bg,4,3,4,3,December,24,2013,Female,White,,NA,Asian,NA,,,No,"$60,000 to $79,999",0.7,0.3,bandit,4,8/11/20 11:49,7,7,16,2,4,0,0,0.3,0.875,0.875,2,1,12,0,16,0,0.33333,0,5,0.23606530535868828,0.038886415120984216,-3.324562949461316e-16,-0.23606530535868828,-0.1652457137510818,0.18061786540196245,-0.44826698798619047,0.35938719326388935,0.6530647926105785,-0.6068721402139434,-0.4669270480222721,0.010280655290413804,0.895145985961183,0.003216772693113601,0.0,0.00672168995572775,0.08558439783053123,0.0,0.0006264767647728986,0.022466347891861083
D13.17,D13,bg,4,3,4,3,December,24,2013,Female,White,,NA,Asian,NA,,,No,"$60,000 to $79,999",0.7,0.3,bandit,4,8/11/20 11:49,7,7,17,1,3,1,0,0.7,0.875,0.875,1,1,12,0,17,0,0.33333,3,9,0.4385304269324408,0.030474638098065013,-0.3896103895079932,-0.4385304269324408,-0.3069712988527086,0.36668386485288695,-0.6166558611335433,0.4328825047265108,0.6841104101669302,-0.4053025456841642,-0.3513166463606724,0.014237998040538102,0.8974920779101044,0.0022546183406114695,0.0,0.023149154710858877,0.07638461155641102,-1.1102230246251565e-16,0.001621718237604708,0.021243445392635674
D13.18,D13,bg,4,3,4,3,December,24,2013,Female,White,,NA,Asian,NA,,,No,"$60,000 to $79,999",0.7,0.3,bandit,4,8/11/20 11:49,7,7,18,2,3,0,0,0.3,0.875,0.875,2,1,12,0,18,0,0.33333,0,6,0.20345631965702995,0.030721348426171226,-3.324562949461316e-16,-0.20345631965702995,-0.14241942375992095,0.15364013789587988,-0.40933124792562936,0.3498213559305421,0.6473359812057708,-0.733891270595349,-0.6068721402139434,0.007140690214164802,0.8597598950748642,0.0017427081349550289,0.0,0.0038991666588811813,0.0735804634929863,1.1102230246251565e-16,0.00029095755782970745,0.020912381257205293
D13.19,D13,bg,4,3,4,3,December,24,2013,Female,White,,NA,Asian,NA,,,No,"$60,000 to $79,999",0.7,0.3,bandit,4,8/11/20 11:49,7,7,19,1,3,0,1,0.7,0.875,0.875,1,1,12,1,19,0,0.33333,4,9,0.40774923903455074,0.02752043784877821,0.6428571375071912,0.5922507609654493,0.7145755326758145,1.2537778476764216,-0.5980038248516931,0.0,0.0,-0.3878260429475431,-0.4053025456841642,0.0,0.8512397027640249,0.0,0.0,0.03957238027553023,0.0928635745335078,0.0,0.003350204162713144,0.022586163029184925
D13.20,D13,bg,4,3,4,3,December,24,2013,Female,White,,NA,Asian,NA,,,No,"$60,000 to $79,999",0.7,0.3,bandit,4,8/11/20 11:49,7,7,20,1,3,1,0,0.7,0.875,0.875,1,1,12,0,20,0,0.33333,4,10,0.47524277480163096,0.02785017859053475,-0.4395604365381555,-0.47524277480163096,-0.33266994236114167,0.40447051642020765,-0.6360533501868351,0.449552656239489,0.6880486406300059,-0.43232046292312687,-0.3878260429475431,0.014812750217155623,0.8517399643425374,-0.0011582594677392866,0.0,0.02969918822518902,0.08322316752999309,-1.1102230246251565e-16,0.0020410858909305496,0.02137419411766095
D14.1,D14,gb,3,3,4,3,December,24,2013,Male,White,,NA,Asian,NA,,,No,"$60,000 to $79,999",0.3,0.7,tycoon,14,8/11/20 11:29,6,7,1,1,3,0,1,0.3,0.75,0.875,1,2,13,1,1,0,0.33333,1,0,0.5,0.08333333333333334,NaN,0.5,0.3500000000000001,0.4307829160924544,-0.6474466390346325,0.46153846153846156,0.6901856760188042,-0.04985714948732713,-0.0,0.05414517848247718,1.080889095295541,0.01409433193494114,0.0,0.056089743589743724,0.13107336639004985,-1.1102230246251565e-16,0.010744810700342722,0.04891275394756722
D14.2,D14,gb,3,3,4,3,December,24,2013,Male,White,,NA,Asian,NA,,,No,"$60,000 to $79,999",0.3,0.7,tycoon,14,8/11/20 11:29,6,7,2,2,3,1,1,0.7,0.75,0.875,2,2,13,1,2,0,0.33333,1,0,0.5,0.08333333333333334,NaN,0.5,0.3500000000000001,0.4307829160924544,-0.6474466390346325,0.46153846153846156,0.6901856760188042,-0.04985714948732713,-0.0,0.05414517848247718,1.0830403030048914,0.013293712192332219,0.028994082840236635,0.08195307245743222,0.14653679006128928,0.0,0.010744810700342944,0.04059899259159849
D14.3,D14,gb,3,3,4,3,December,24,2013,Male,White,,NA,Asian,NA,,,No,"$60,000 to $79,999",0.3,0.7,tycoon,14,8/11/20 11:29,6,7,3,1,3,0,1,0.3,0.75,0.875,1,2,13,1,3,0,0.33333,2,0,0.5897435897435898,0.07527942143326759,1.505215796449022e-8,0.41025641025641024,0.28717948717948727,0.33852562543305514,-0.5996068847876724,0.420863309352518,0.6805691240005796,-0.1694605094257496,-0.04985714948732713,0.03640626681961483,1.0580706350682705,0.008936834081395562,-1.1102230246251565e-16,0.05279914869019675,0.10941149615205781,-1.1102230246251565e-16,0.005618362421842882,0.035483482321714055
D14.4,D14,gb,3,3,4,3,December,24,2013,Male,White,,NA,Asian,NA,,,No,"$60,000 to $79,999",0.3,0.7,tycoon,14,8/11/20 11:29,6,7,4,1,3,1,1,0.3,0.75,0.875,1,2,13,1,4,0,0.33333,3,0,0.6636690647482014,0.06242107033797422,1.505215796449022e-8,0.3363309352517986,0.23543165467625904,0.268443858885838,-0.5457566301170604,0.392378263937897,0.6698000343867989,-0.31724785272016875,-0.1694605094257496,0.02364311272114325,1.0183657729665658,0.005873411078627155,0.0,0.033246493585231573,0.08230607969328485,0.0,0.0027852297390043024,0.032598367409614526
D14.5,D14,gb,3,3,4,3,December,24,2013,Male,White,,NA,Asian,NA,,,No,"$60,000 to $79,999",0.3,0.7,tycoon,14,8/11/20 11:29,6,7,5,2,3,0,1,0.7,0.75,0.875,2,2,13,1,5,0,0.33333,2,0,0.5897435897435898,0.07527942143326759,1.505215796449022e-8,0.41025641025641024,0.28717948717948727,0.33852562543305514,-0.5996068847876724,0.420863309352518,0.6805691240005796,-0.1694605094257496,-0.04985714948732713,0.03640626681961483,1.028028116721174,0.008563816524521206,0.0,0.05158120071316741,0.09215360279974905,-1.1102230246251565e-16,0.005618362421843104,0.027458667353229327
D14.6,D14,gb,3,3,4,3,December,24,2013,Male,White,,NA,Asian,NA,,,No,"$60,000 to $79,999",0.3,0.7,tycoon,14,8/11/20 11:29,6,7,6,2,1,0,0,0.7,0.75,0.875,2,2,13,0,6,0,0.33333,2,1,0.6636690647482014,0.06242107033797422,-0.999999984947842,-0.6636690647482014,-0.764568345323741,1.446334621334728,-0.5457566301170604,0.0,0.0,-0.06841932383907297,-0.1694605094257496,0.0,0.9297231620931339,0.0,0.0,0.013293891796065882,0.06293424944365222,0.0,0.01481901845025424,0.03672396130262645
D14.7,D14,gb,3,3,4,3,December,24,2013,Male,White,,NA,Asian,NA,,,No,"$60,000 to $79,999",0.3,0.7,tycoon,14,8/11/20 11:29,6,7,7,2,4,0,1,0.7,0.75,0.875,2,2,13,1,7,0,0.33333,3,1,0.47807486631016044,0.059144956961880525,0.4761904739920234,0.5219251336898396,0.3653475935828877,0.45467782143196556,-0.6564330821954864,0.4726996966632962,0.6916558259082752,-0.10203826854156672,-0.06841932383907297,0.041065536639639334,0.9722584888055161,0.00642508693383137,0.0,0.018988406184603956,0.06902069692893187,0.0,0.008758474689475326,0.03059498892497514
D14.8,D14,gb,3,3,4,3,December,24,2013,Male,White,,NA,Asian,NA,,,No,"$60,000 to $79,999",0.3,0.7,tycoon,14,8/11/20 11:29,6,7,8,1,4,0,0,0.3,0.75,0.875,1,2,13,0,8,0,0.33333,3,1,0.720818630910374,0.049557175056323656,-0.999999984947842,-0.720818630910374,-0.8045730416372618,1.632568583880856,-0.4939971112220449,0.0,0.0,-0.10203826854156672,-0.31724785272016875,0.0,1.0982877644340434,0.0,0.0,0.06808165373643815,0.14100534585264723,0.0,0.008758474689475104,0.036598005543962975
D14.9,D14,gb,3,3,4,3,December,24,2013,Male,White,,NA,Asian,NA,,,No,"$60,000 to $79,999",0.3,0.7,tycoon,14,8/11/20 11:29,6,7,9,1,3,1,1,0.3,0.75,0.875,1,2,13,1,9,0,0.33333,4,1,0.5433097404785979,0.054325816767273404,0.3571428585841654,0.4566902595214021,0.31968318166498144,0.38519667999782625,-0.6266304181662299,0.44097101808273464,0.6861620599669114,-0.17234810551209429,-0.10203826854156672,0.029483822867364385,1.0883830656867848,0.006602519157371756,0.0,0.04674561663560772,0.11287423738286284,-1.1102230246251565e-16,0.004910265140283143,0.032770308271591664
D14.10,D14,gb,3,3,4,3,December,24,2013,Male,White,,NA,Asian,NA,,,No,"$60,000 to $79,999",0.3,0.7,tycoon,14,8/11/20 11:29,6,7,10,2,1,0,1,0.7,0.75,0.875,2,2,13,1,10,0,0.33333,4,1,0.5433097404785979,0.054325816767273404,0.3571428585841654,0.4566902595214021,0.31968318166498144,0.38519667999782625,-0.6266304181662299,0.44097101808273464,0.6861620599669114,-0.17234810551209429,-0.10203826854156672,0.029483822867364385,1.0907471953334702,0.006405237217895543,0.01725445254384317,0.06293832163356627,0.12230829047083247,0.0,0.004910265140283143,0.028875985979462504
D14.11,D14,gb,3,3,4,3,December,24,2013,Male,White,,NA,Asian,NA,,,No,"$60,000 to $79,999",0.3,0.7,tycoon,14,8/11/20 11:29,6,7,11,1,1,0,0,0.3,0.75,0.875,1,2,13,0,11,0,0.33333,4,2,0.5992073321773594,0.04762632238369273,-0.7142857143225786,-0.5992073321773594,-0.7194451325241515,1.270985967173236,-0.593476605198166,0.0,0.0,-0.1634727844071895,-0.17234810551209429,0.0,1.056831799485219,0.0,0.0,0.027443393147206674,0.09903699887278317,0.0,0.010714598831219058,0.03471644653717465
D14.12,D14,gb,3,3,4,3,December,24,2013,Male,White,,NA,Asian,NA,,,No,"$60,000 to $79,999",0.3,0.7,tycoon,14,8/11/20 11:29,6,7,12,2,3,0,1,0.7,0.75,0.875,2,2,13,1,12,0,0.33333,5,1,0.5992073321773594,0.04762632238369273,0.2857142856774214,0.40079266782264056,0.28055486747584846,0.3292750133468492,-0.593476605198166,0.4169880181793142,0.6793011794347656,-0.2597274871226082,-0.17234810551209429,0.020928267241703907,1.0165373008201715,0.0029420867377996096,0.0,0.02371755394293995,0.07877248839749018,0.0,0.002646806822437009,0.03245377806815719
D14.13,D14,gb,3,3,4,3,December,24,2013,Male,White,,NA,Asian,NA,,,No,"$60,000 to $79,999",0.3,0.7,tycoon,14,8/11/20 11:29,6,7,13,1,3,1,1,0.3,0.75,0.875,1,2,13,1,13,0,0.33333,5,2,0.48037700865265753,0.04560793367823767,0.4761904749682757,0.5196229913473425,0.36373609394313977,0.45214185507827664,-0.6555375630656881,0.4715024648485879,0.6915220810334448,-0.20362825923782918,-0.1634727844071895,0.030843711778198588,1.0473931480559728,0.004787367101419138,0.0,0.024801668006907862,0.08425648690021559,-1.1102230246251565e-16,0.006462497605224438,0.028247511457427987
D14.14,D14,gb,3,3,4,3,December,24,2013,Male,White,,NA,Asian,NA,,,No,"$60,000 to $79,999",0.3,0.7,tycoon,14,8/11/20 11:29,6,7,14,1,1,0,0,0.3,0.75,0.875,1,2,13,0,14,0,0.33333,5,3,0.5305535993265176,0.04180549502855063,-0.5918367347492508,-0.5305535993265176,-0.6713875195285623,1.1128760933593866,-0.6331916582986538,0.0,0.0,-0.23204795711695592,-0.20362825923782918,0.0,0.9748154183455573,0.0,0.0,0.010128182277957531,0.07273452357507915,0.0,0.01199402080865597,0.03375899786435088
D14.15,D14,gb,3,3,4,3,December,24,2013,Male,White,,NA,Asian,NA,,,No,"$60,000 to $79,999",0.3,0.7,tycoon,14,8/11/20 11:29,6,7,15,2,1,0,1,0.7,0.75,0.875,2,2,13,1,15,0,0.33333,6,1,0.6455464123398981,0.040759615127719986,0.2380952380415915,0.35445358766010193,0.24811751136207139,0.28517523235209896,-0.5602575535492537,0.3989985197600019,0.6726035116269358,-0.3515540175161786,-0.2597274871226082,0.014991388876458484,0.9232028488204054,0.005566982967976308,0.0,0.015273006466915318,0.05825702396074384,1.1102230246251565e-16,0.0013876500814308246,0.03226878380741738
D14.16,D14,gb,3,3,4,3,December,24,2013,Male,White,,NA,Asian,NA,,,No,"$60,000 to $79,999",0.3,0.7,tycoon,14,8/11/20 11:29,6,7,16,2,1,1,1,0.7,0.75,0.875,2,2,13,1,16,0,0.33333,7,1,0.6834934732444427,0.034610861210659885,0.20408163278799452,0.31650652675555735,0.22155456872889023,0.2504563848711786,-0.5288684970379889,0.3853834680616409,0.6666381984584691,-0.44134935429539246,-0.3515540175161786,0.010976855356239747,0.8679394742060322,0.0028994923297281927,0.0,0.009779434731691516,0.047348571337495926,-1.1102230246251565e-16,0.0007138511185811325,0.03172191243403555
D14.17,D14,gb,3,3,4,3,December,24,2013,Male,White,,NA,Asian,NA,,,No,"$60,000 to $79,999",0.3,0.7,tycoon,14,8/11/20 11:29,6,7,17,1,1,0,0,0.3,0.75,0.875,1,2,13,0,17,0,0.33333,5,4,0.4415008449149912,0.03898646792778655,-0.46428571459219226,-0.4415008449149912,-0.6090505914404938,0.9391771172417487,-0.669170875009046,0.0,0.0,-0.29834698269348603,-0.23204795711695592,0.0,0.7877133695652028,0.0,0.0,0.0013160714850637412,0.04339746188544846,0.0,0.018834413864569965,0.038575883923849696
D14.18,D14,gb,3,3,4,3,December,24,2013,Male,White,,NA,Asian,NA,,,No,"$60,000 to $79,999",0.3,0.7,tycoon,14,8/11/20 11:29,6,7,18,2,1,0,0,0.7,0.75,0.875,2,2,13,0,18,0,0.33333,7,2,0.7146165319383592,0.029443897016384266,-0.8214285657677198,-0.7146165319383592,-0.8002315723568514,1.6105964450581896,-0.5000812284566655,0.0,0.0,-0.32792102780953847,-0.44134935429539246,0.0,0.9428710313879665,0.0,0.0,0.02392097920554459,0.07359244121397746,0.0,0.0021207633021400607,0.03972832559937145
D14.19,D14,gb,3,3,4,3,December,24,2013,Male,White,,NA,Asian,NA,,,No,"$60,000 to $79,999",0.3,0.7,tycoon,14,8/11/20 11:29,6,7,19,2,1,1,1,0.7,0.75,0.875,2,2,13,1,19,0,0.33333,8,2,0.6114434321916543,0.03308472734605146,0.31746031753158344,0.3885565678083457,0.27198959746584195,0.31743994169226863,-0.5852277123049061,0.41208202376740644,0.6776073759493211,-0.3958724616618888,-0.32792102780953847,0.01309086640026002,0.8984562633254025,0.003034187115244835,0.0,0.016406831736663463,0.0619175735939963,-1.1102230246251565e-16,0.0011726960853377655,0.03902498095802609
D14.20,D14,gb,3,3,4,3,December,24,2013,Male,White,,NA,Asian,NA,,,No,"$60,000 to $79,999",0.3,0.7,tycoon,14,8/11/20 11:29,6,7,20,2,1,1,1,0.7,0.75,0.875,2,2,13,1,20,0,0.33333,9,2,0.643255215459613,0.029176601373650357,0.285714285461102,0.35674478454038705,0.24972134917827105,0.28731060702463446,-0.5620288082937425,0.3998514414230373,0.6729513857094505,-0.46256299777774856,-0.3958724616618888,0.010147024843377067,0.854367860786907,0.0022696327773726876,0.0,0.01119072221535855,0.05265186376259445,-1.1102230246251565e-16,0.0006384457634257545,0.03850732908462173
D15.1,D15,bg,2,3,1,3,August,1,2012,Female,White,,NA,,NA,,,No,"$100,000 to $150,000",0.3,0.7,bandit,9,8/17/20 8:05,5,4,1,1,1,1,0,0.3,0.625,0.5,1,1,14,0,1,0,0.33333,0,1,0.5,0.08333333333333334,NaN,-0.5,-0.35,0.4307829160924542,-0.6474466390346325,0.46153846153846156,0.6901856760188042,-0.04985714948732713,-0.0,0.05414517848247718,1.080623401661814,0.01977679773001184,0.0,0.05608974358974361,0.15628713806233663,1.1102230246251565e-16,0.010744810700342833,0.04891275394756678
D15.2,D15,bg,2,3,1,3,August,1,2012,Female,White,,NA,,NA,,,No,"$100,000 to $150,000",0.3,0.7,bandit,9,8/17/20 8:05,5,4,2,2,1,0,1,0.7,0.625,0.5,2,1,14,1,2,0,0.33333,1,0,0.5,0.08333333333333334,NaN,0.5,0.65,1.0498221244986778,-0.6474466390346325,0.0,0.0,-0.19314718051535087,-0.0,0.0,0.9849727692365147,0.0,0.0,0.02916666666666673,0.08102307360616184,0.0,0.03446712009808306,0.06432290630777027
D15.3,D15,bg,2,3,1,3,August,1,2012,Female,White,,NA,,NA,,,No,"$100,000 to $150,000",0.3,0.7,bandit,9,8/17/20 8:05,5,4,3,1,4,1,0,0.3,0.625,0.5,1,1,14,0,3,0,0.33333,0,2,0.41025641025641024,0.0752794214332676,-3.324562949461316e-16,-0.41025641025641024,-0.28717948717948716,0.33852562543305503,-0.5996068847876723,0.420863309352518,0.6805691240005796,-0.1694605094257496,-0.04985714948732713,0.036406266819614855,0.9172743037692116,0.010701111750756054,0.0,0.012232438495546116,0.07222593345100731,-1.1102230246251565e-16,0.005618362421842882,0.059183988666101084
D15.4,D15,bg,2,3,1,3,August,1,2012,Female,White,,NA,,NA,,,No,"$100,000 to $150,000",0.3,0.7,bandit,9,8/17/20 8:05,5,4,4,2,1,0,1,0.7,0.625,0.5,2,1,14,1,4,0,0.33333,2,0,0.6666666666666666,0.05555555555555555,1.505215796449022e-8,0.33333333333333337,0.5333333333333334,0.7621400520468968,-0.6909233093138181,0.0,0.0,-0.4319456220025853,-0.19314718051535087,0.0,0.7992504147992407,0.0,0.0,0.010937500000000044,0.04342891908169988,0.0,0.030369290483701517,0.05510501319131966
D15.5,D15,bg,2,3,1,3,August,1,2012,Female,White,,NA,,NA,,,No,"$100,000 to $150,000",0.3,0.7,bandit,9,8/17/20 8:05,5,4,5,2,1,1,0,0.7,0.625,0.5,2,1,14,0,5,0,0.33333,2,1,0.7499999999999999,0.0375,-0.999999984947842,-0.7499999999999999,-0.5249999999999999,0.7444404749474957,-0.69189665920508,0.6315789473684211,0.6581099875431142,-0.2864603556777799,-0.4319456220025853,0.07289196076611207,0.8859544615475515,0.018149794590627377,-1.6653345369377348e-16,0.018190789473684077,0.05946501549764466,0.010526315789473717,0.03563193689134736,0.06034670141774634
D15.6,D15,bg,2,3,1,3,August,1,2012,Female,White,,NA,,NA,,,No,"$100,000 to $150,000",0.3,0.7,bandit,9,8/17/20 8:05,5,4,6,1,1,0,0,0.3,0.625,0.5,1,1,14,0,6,0,0.33333,0,3,0.3363309352517986,0.06242107033797423,-3.324562949461316e-16,-0.3363309352517986,-0.23543165467625898,0.2684438588858378,-0.5457566301170604,0.392378263937897,0.6698000343867989,-0.31724785272016875,-0.1694605094257496,0.02364311272114325,0.8194231478394964,0.0074731169530419805,5.551115123125783e-17,0.004976847128304207,0.05473872450502154,1.1102230246251565e-16,0.0027852297390044134,0.05754014288069342
D15.7,D15,bg,2,3,1,3,August,1,2012,Female,White,,NA,,NA,,,No,"$100,000 to $150,000",0.3,0.7,bandit,9,8/17/20 8:05,5,4,7,2,1,0,1,0.7,0.625,0.5,2,1,14,1,7,0,0.33333,3,1,0.6947368421052633,0.04365650969529086,0.047619047801541026,0.3052631578947367,0.5136842105263157,0.7208970935128475,-0.6927726185565874,0.0,0.0,-0.4771264074380406,-0.2864603556777799,0.0,0.715917295338033,0.0,0.0,0.007623106060606233,0.03619985855239882,0.0,0.026293757975137666,0.04816080180479232
D15.8,D15,bg,2,3,1,3,August,1,2012,Female,White,,NA,,NA,,,No,"$100,000 to $150,000",0.3,0.7,bandit,9,8/17/20 8:05,5,4,8,2,1,0,0,0.7,0.625,0.5,2,1,14,0,8,0,0.33333,3,2,0.7575757575757575,0.03213957759412305,-0.999999984947842,-0.7575757575757575,-0.5303030303030302,0.755667537541279,-0.6913095073117436,0.6387096774193548,0.6541569888902611,-0.3522528357548107,-0.4771264074380406,0.06681079967110752,0.7945392041100668,0.012619998439692304,-5.551115123125783e-17,0.012525201612903214,0.04834140246056412,0.012903225806451535,0.03583606666656369,0.0577036249711631
D15.9,D15,bg,2,3,1,3,August,1,2012,Female,White,,NA,,NA,,,No,"$100,000 to $150,000",0.3,0.7,bandit,9,8/17/20 8:05,5,4,9,2,1,0,1,0.7,0.625,0.5,2,1,14,1,9,0,0.33333,4,2,0.7096774193548387,0.03668054110301769,0.14285714257932636,0.29032258064516125,0.5032258064516129,0.6996196950655628,-0.6931263687610414,0.0,0.0,-0.5101222662015851,-0.3522528357548107,0.0,0.7071918650480276,0.0,0.0,0.005624112215909083,0.03401287075642767,0.0,0.023644259386952582,0.04552371507858766
D15.10,D15,bg,2,3,1,3,August,1,2012,Female,White,,NA,,NA,,,No,"$100,000 to $150,000",0.3,0.7,bandit,9,8/17/20 8:05,5,4,10,1,1,0,0,0.3,0.625,0.5,1,1,14,0,10,0,0.33333,0,4,0.279181369089626,0.04955717505632367,-3.324562949461316e-16,-0.279181369089626,-0.19542695836273818,0.21744352532572367,-0.4939971112220449,0.3728685706266227,0.6604647503197693,-0.4669270480222721,-0.31724785272016875,0.015384672502538485,0.6562743648904732,0.0037938268082937654,0.0,0.0012053424797886514,0.032204998900179915,-1.1102230246251565e-16,0.001334355288116873,0.04402534314795914
D15.11,D15,bg,2,3,1,3,August,1,2012,Female,White,,NA,,NA,,,No,"$100,000 to $150,000",0.3,0.7,bandit,9,8/17/20 8:05,5,4,11,2,1,1,0,0.7,0.625,0.5,2,1,14,0,11,0,0.33333,4,3,0.7613636363636364,0.028550521448248718,-0.9523809521488746,-0.7613636363636364,-0.5329545454545455,0.7613286929760176,-0.6909736011549141,0.6423357664233577,0.6520624274229945,-0.40275352354138316,-0.5101222662015851,0.06177769366238693,0.7238104386092833,0.00973012556556807,1.1102230246251565e-16,0.009133433444849959,0.04200428789143262,0.012111381454447234,0.03357059696107867,0.05395044372456592
D15.12,D15,bg,2,3,1,3,August,1,2012,Female,White,,NA,,NA,,,No,"$100,000 to $150,000",0.3,0.7,bandit,9,8/17/20 8:05,5,4,12,2,1,0,0,0.7,0.625,0.5,2,1,14,0,12,0,0.33333,4,4,0.7185725871857258,0.03200241157155928,-0.8163265305459722,-0.7185725871857258,-0.503000811030008,0.6991668847379626,-0.6931291707181513,0.6036227154046996,0.671515412703958,-0.33235820901138946,-0.40275352354138316,0.05433972007245341,0.7860650413108918,0.009527587764691425,5.551115123125783e-17,0.014020008057277933,0.053300509854390776,0.0012075718015664982,0.0264787283685729,0.046805544698091395
D15.13,D15,bg,2,3,1,3,August,1,2012,Female,White,,NA,,NA,,,No,"$100,000 to $150,000",0.3,0.7,bandit,9,8/17/20 8:05,5,4,13,1,1,0,1,0.3,0.625,0.5,1,1,14,1,13,0,0.33333,1,4,0.23606530535868828,0.038886415120984216,0.9999999999999997,0.7639346946413117,0.8347542862489182,1.8003217385529584,-0.44826698798619047,0.0,0.0,-0.17234810551209448,-0.4669270480222721,0.0,0.9321109471085594,0.0,0.0,0.010615816393289235,0.06167951608761818,0.0,0.004910265140283476,0.050461833892888275
D15.14,D15,bg,2,3,1,3,August,1,2012,Female,White,,NA,,NA,,,No,"$100,000 to $150,000",0.3,0.7,bandit,9,8/17/20 8:05,5,4,14,2,1,0,1,0.7,0.625,0.5,2,1,14,1,14,0,0.33333,5,4,0.6734986945169712,0.03412457714895184,0.28571428570439206,0.3265013054830288,0.5285509138381201,0.7519441654287197,-0.6915159840708771,0.0,0.0,-0.44416450766495524,-0.33235820901138946,0.0,0.851921602853721,0.0,0.0,0.006915546384903215,0.04558804635319824,0.0,0.030437972309995787,0.05441964130044463
D15.15,D15,bg,2,3,1,3,August,1,2012,Female,White,,NA,,NA,,,No,"$100,000 to $150,000",0.3,0.7,bandit,9,8/17/20 8:05,5,4,15,1,1,1,0,0.3,0.625,0.5,1,1,14,0,15,0,0.33333,1,5,0.4007926678226405,0.04762632238369273,-0.28571428565276774,-0.4007926678226405,-0.28055486747584835,0.32927501334684905,-0.5934766051981659,0.41698801817931413,0.6793011794347656,-0.25972748712260824,-0.17234810551209448,0.02092826724170399,0.7918347799625233,0.0060495749657673015,0.0,0.0035780757563572685,0.04224495429636155,1.1102230246251565e-16,0.002646806822436787,0.05216623280720756
D15.16,D15,bg,2,3,1,3,August,1,2012,Female,White,,NA,,NA,,,No,"$100,000 to $150,000",0.3,0.7,bandit,9,8/17/20 8:05,5,4,16,2,1,0,1,0.7,0.625,0.5,2,1,14,1,16,0,0.33333,6,4,0.7241663163353413,0.028588485586435397,0.20634920644895727,0.27583368366465866,0.4930835785652611,0.6794091382212296,-0.6930515037376291,0.0,0.0,-0.5592853255250018,-0.44416450766495524,0.0,0.7166975116482592,0.0,0.0,0.0033818087032639887,0.031916232306402614,0.0,0.020370075314836367,0.0420815588251604
D15.17,D15,bg,2,3,1,3,August,1,2012,Female,White,,NA,,NA,,,No,"$100,000 to $150,000",0.3,0.7,bandit,9,8/17/20 8:05,5,4,17,2,1,1,0,0.7,0.625,0.5,2,1,14,0,17,0,0.33333,6,5,0.763644106093788,0.02385463966098025,-0.8571428590270573,-0.763644106093788,-0.5345508742656515,0.7647524777448559,-0.6907577510031866,0.6445387549642165,0.6507619693256061,-0.47983874945306637,-0.5592853255250018,0.05361014496329636,0.7829042847198915,0.008300648110737274,0.0,0.005377449260598688,0.04025911654821257,0.008554263202375623,0.028087181356815316,0.049810061655559346
D15.18,D15,bg,2,3,1,3,August,1,2012,Female,White,,NA,,NA,,,No,"$100,000 to $150,000",0.3,0.7,bandit,9,8/17/20 8:05,5,4,18,1,1,0,1,0.3,0.625,0.5,1,1,14,1,18,0,0.33333,2,5,0.35445358766010193,0.040759615127719986,0.7619047638052191,0.6455464123398981,0.7518824886379287,1.3938528089046636,-0.5602575535492536,0.0,0.0,-0.20362825923782923,-0.25972748712260824,0.0,0.8935371315559977,0.0,0.0,0.008479887003999709,0.046284543502351005,0.0,0.006462497605224771,0.05369585215929984
D15.19,D15,bg,2,3,1,3,August,1,2012,Female,White,,NA,,NA,,,No,"$100,000 to $150,000",0.3,0.7,bandit,9,8/17/20 8:05,5,4,19,2,1,0,1,0.7,0.625,0.5,2,1,14,1,19,0,0.33333,7,5,0.7277685466836354,0.025949080038618337,0.2207792207553989,0.27223145331636456,0.4905620173214552,0.674447155654383,-0.6929690189450926,0.0,0.0,-0.5798976193630336,-0.47983874945306637,0.0,0.8224197618588834,0.0,0.0,0.002707680013311342,0.035849796905737974,0.0,0.01927867266361838,0.04484906642150588
D15.20,D15,bg,2,3,1,3,August,1,2012,Female,White,,NA,,NA,,,No,"$100,000 to $150,000",0.3,0.7,bandit,9,8/17/20 8:05,5,4,20,2,1,1,0,0.7,0.625,0.5,2,1,14,0,20,0,0.33333,7,6,0.7634242234188633,0.0221715884567941,-0.8333333321075794,-0.7634242234188633,-0.5343969563932043,0.7644218456300984,-0.6907790093389575,0.6443256849784504,0.6508886721955375,-0.5117170824913161,-0.5798976193630336,0.05016943628488581,0.8883680386687909,0.009121511728232834,0.0,0.004265075150785336,0.044614147124004466,0.007399490109674556,0.026249610520631794,0.051749265733703975
D16.1,D16,gb,2,0,2,3,May,1,2012,Male,,,NA,,NA,Other,mix of black and white,No,"$100,000 to $150,000",0.3,0.7,bandit,7,8/11/20 13:00,2,5,1,1,4,0,0,0.3,0.25,0.625,1,1,15,0,1,0,0.33333,0,1,0.5,0.08333333333333334,NaN,-0.5,-0.35,0.4307829160924542,-0.6474466390346325,0.46153846153846156,0.6901856760188042,-0.04985714948732713,-0.0,0.05414517848247718,1.080623401661814,0.01977679773001184,0.0,0.05608974358974361,0.15628713806233663,1.1102230246251565e-16,0.010744810700342833,0.04891275394756678
D16.2,D16,gb,2,0,2,3,May,1,2012,Male,,,NA,,NA,Other,mix of black and white,No,"$100,000 to $150,000",0.3,0.7,bandit,7,8/11/20 13:00,2,5,2,2,4,1,0,0.7,0.25,0.625,2,1,15,0,2,0,0.33333,0,1,0.5,0.08333333333333334,NaN,-0.5,-0.35,0.4307829160924542,-0.6474466390346325,0.46153846153846156,0.6901856760188042,-0.04985714948732713,-0.0,0.05414517848247718,1.0774829680724232,0.01833391056308087,0.0,0.05608974358974361,0.13394708446621661,-1.1102230246251565e-16,0.010744810700342833,0.04059899259159849
D16.3,D16,gb,2,0,2,3,May,1,2012,Male,,,NA,,NA,Other,mix of black and white,No,"$100,000 to $150,000",0.3,0.7,bandit,7,8/11/20 13:00,2,5,3,1,4,1,0,0.3,0.25,0.625,1,1,15,0,3,0,0.33333,0,2,0.41025641025641024,0.0752794214332676,-3.324562949461316e-16,-0.41025641025641024,-0.28717948717948716,0.33852562543305503,-0.5996068847876723,0.420863309352518,0.6805691240005796,-0.1694605094257496,-0.04985714948732713,0.036406266819614855,1.0458702745532642,0.01072244135445044,0.0,0.03407149280575539,0.11788073157158668,-1.1102230246251565e-16,0.005618362421842993,0.03548348232171383
D16.4,D16,gb,2,0,2,3,May,1,2012,Male,,,NA,,NA,Other,mix of black and white,No,"$100,000 to $150,000",0.3,0.7,bandit,7,8/11/20 13:00,2,5,4,1,4,1,0,0.3,0.25,0.625,1,1,15,0,4,0,0.33333,0,3,0.3363309352517986,0.06242107033797423,-3.324562949461316e-16,-0.3363309352517986,-0.23543165467625898,0.2684438588858378,-0.5457566301170604,0.392378263937897,0.6698000343867989,-0.31724785272016875,-0.1694605094257496,0.02364311272114325,1.0031562700979155,0.0052223622821724325,0.0,0.020047194777699395,0.10706231174648101,1.1102230246251565e-16,0.0027852297390043024,0.03259836740961486
D16.5,D16,gb,2,0,2,3,May,1,2012,Male,,,NA,,NA,Other,mix of black and white,No,"$100,000 to $150,000",0.3,0.7,bandit,7,8/11/20 13:00,2,5,5,2,4,0,0,0.7,0.25,0.625,2,1,15,0,5,0,0.33333,0,2,0.41025641025641024,0.0752794214332676,-3.324562949461316e-16,-0.41025641025641024,-0.28717948717948716,0.33852562543305503,-0.5996068847876723,0.420863309352518,0.6805691240005796,-0.1694605094257496,-0.04985714948732713,0.036406266819614855,0.9855149311319237,0.010891796413127541,0.0,0.03407149280575539,0.08732584600923748,-1.1102230246251565e-16,0.005618362421843104,0.027458667353229327
D16.6,D16,gb,2,0,2,3,May,1,2012,Male,,,NA,,NA,Other,mix of black and white,No,"$100,000 to $150,000",0.3,0.7,bandit,7,8/11/20 13:00,2,5,6,2,4,0,0,0.7,0.25,0.625,2,1,15,0,6,0,0.33333,0,3,0.3363309352517986,0.06242107033797423,-3.324562949461316e-16,-0.3363309352517986,-0.23543165467625898,0.2684438588858378,-0.5457566301170604,0.392378263937897,0.6698000343867989,-0.31724785272016875,-0.1694605094257496,0.02364311272114325,0.9526505981568663,0.007137449898360848,0.0,0.020047194777699395,0.07386382719833395,-1.1102230246251565e-16,0.0027852297390043024,0.024627902101718724
D16.7,D16,gb,2,0,2,3,May,1,2012,Male,,,NA,,NA,Other,mix of black and white,No,"$100,000 to $150,000",0.3,0.7,bandit,7,8/11/20 13:00,2,5,7,1,4,0,0,0.3,0.25,0.625,1,1,15,0,7,0,0.33333,0,4,0.279181369089626,0.04955717505632367,-3.324562949461316e-16,-0.279181369089626,-0.19542695836273818,0.21744352532572367,-0.4939971112220449,0.3728685706266227,0.6604647503197693,-0.4669270480222721,-0.31724785272016875,0.015384672502538485,0.9224982136050468,0.005138169439506957,0.0,0.011626066445629524,0.06511570526078136,0.0,0.001334355288116984,0.023180052984131616
D16.8,D16,gb,2,0,2,3,May,1,2012,Male,,,NA,,NA,Other,mix of black and white,No,"$100,000 to $150,000",0.3,0.7,bandit,7,8/11/20 13:00,2,5,8,1,4,0,0,0.3,0.25,0.625,1,1,15,0,8,0,0.33333,0,5,0.23606530535868828,0.038886415120984216,-3.324562949461316e-16,-0.23606530535868828,-0.1652457137510818,0.18061786540196245,-0.44826698798619047,0.35938719326388935,0.6530647926105785,-0.6068721402139434,-0.4669270480222721,0.010280655290413804,0.8892921408927674,0.0031004682034929676,0.0,0.00672168995572775,0.05931005160308611,0.0,0.0006264767647728986,0.022468471135505874
D16.9,D16,gb,2,0,2,3,May,1,2012,Male,,,NA,,NA,Other,mix of black and white,No,"$100,000 to $150,000",0.3,0.7,bandit,7,8/11/20 13:00,2,5,9,2,4,0,1,0.7,0.25,0.625,2,1,15,1,9,0,0.33333,1,3,0.279181369089626,0.04955717505632367,0.9999999999999997,0.720818630910374,0.8045730416372618,1.6325685838808557,-0.4939971112220449,0.0,0.0,-0.10203826854156678,-0.31724785272016875,0.0,0.9061545353857183,0.0,0.0,0.05471699106841926,0.10008669991787617,0.0,0.008758474689474993,0.02844523100242835
D16.10,D16,gb,2,0,2,3,May,1,2012,Male,,,NA,,NA,Other,mix of black and white,No,"$100,000 to $150,000",0.3,0.7,bandit,7,8/11/20 13:00,2,5,10,1,4,1,0,0.3,0.25,0.625,1,1,15,0,10,0,0.33333,0,6,0.20345631965702995,0.030721348426171226,-3.324562949461316e-16,-0.20345631965702995,-0.14241942375992095,0.15364013789587988,-0.40933124792562936,0.3498213559305421,0.6473359812057708,-0.733891270595349,-0.6068721402139434,0.007140690214164802,0.8796802359986977,0.005212313994624962,0.0,0.0038991666588811813,0.09758216545444737,-1.1102230246251565e-16,0.0002909575578293744,0.028116822012664078
D16.11,D16,gb,2,0,2,3,May,1,2012,Male,,,NA,,NA,Other,mix of black and white,No,"$100,000 to $150,000",0.3,0.7,bandit,7,8/11/20 13:00,2,5,11,1,4,0,0,0.3,0.25,0.625,1,1,15,0,11,0,0.33333,0,7,0.17838002421129504,0.024639008868067025,-3.324562949461316e-16,-0.17838002421129504,-0.12486601694790651,0.13337828085862052,-0.376509360186612,0.3428046514131793,0.6428782832701956,-0.8483851947647142,-0.733891270595349,0.005168063639247128,0.8498748024395761,0.0010329849120169765,0.0,0.0022763224981737773,0.09595685814731164,1.1102230246251565e-16,0.00013447730217497345,0.027982212582994492
D16.12,D16,gb,2,0,2,3,May,1,2012,Male,,,NA,,NA,Other,mix of black and white,No,"$100,000 to $150,000",0.3,0.7,bandit,7,8/11/20 13:00,2,5,12,2,4,0,1,0.7,0.25,0.625,2,1,15,1,12,0,0.33333,2,3,0.4566902595214021,0.05432581676727339,0.6428571428387222,0.5433097404785979,0.6803168183350186,1.140424830915753,-0.6266304181662299,0.0,0.0,-0.15524439974415,-0.10203826854156678,0.0,0.7854602069932894,0.0,0.0,0.04074319649446495,0.0817761106608314,0.0,0.016947837868224402,0.03450991599675779
D16.13,D16,gb,2,0,2,3,May,1,2012,Male,,,NA,,NA,Other,mix of black and white,No,"$100,000 to $150,000",0.3,0.7,bandit,7,8/11/20 13:00,2,5,13,2,4,0,1,0.7,0.25,0.625,2,1,15,1,13,0,0.33333,3,3,0.5756457564575646,0.047783254585313385,0.4285714285437118,0.42435424354243545,0.5970479704797048,0.9089377575688963,-0.6741904715742899,0.0,0.0,-0.27049867155290075,-0.15524439974415,0.0,0.7096717305017439,0.0,0.0,0.01933781550480762,0.05571015043405081,0.0,0.026183534536607156,0.045404059870771674
D16.14,D16,gb,2,0,2,3,May,1,2012,Male,,,NA,,NA,Other,mix of black and white,No,"$100,000 to $150,000",0.3,0.7,bandit,7,8/11/20 13:00,2,5,14,2,4,1,0,0.7,0.25,0.625,2,1,15,0,14,0,0.33333,3,4,0.6586538461538463,0.039465709237343854,-0.7142857142459534,-0.6586538461538463,-0.46105769230769234,0.6181467496232038,-0.6901111000621384,0.5566458519179305,0.6867158763883532,-0.23266054424133245,-0.27049867155290075,0.04898243375673989,0.7547385796812573,0.00790221159534743,-5.551115123125783e-17,0.02806752326172063,0.06950024899886814,-1.1102230246251565e-16,0.018152569876850877,0.03740735623136171
D16.15,D16,gb,2,0,2,3,May,1,2012,Male,,,NA,,NA,Other,mix of black and white,No,"$100,000 to $150,000",0.3,0.7,bandit,7,8/11/20 13:00,2,5,15,1,1,1,0,0.3,0.25,0.625,1,1,15,0,15,0,0.33333,0,8,0.15867183490353248,0.020105567336820347,-3.324562949461316e-16,-0.15867183490353248,-0.11107028443247273,0.117737106697666,-0.3487471907122933,0.33748449933240043,0.6393528446283399,-0.9518700138075946,-0.8483851947647142,0.0038855878989021916,0.7354802137430008,0.0005526635309711647,0.0,0.0003878756998452748,0.06900492927520752,-1.1102230246251565e-16,6.208726336343062e-5,0.03733374322224503
D16.16,D16,gb,2,0,2,3,May,1,2012,Male,,,NA,,NA,Other,mix of black and white,No,"$100,000 to $150,000",0.3,0.7,bandit,7,8/11/20 13:00,2,5,16,2,4,1,0,0.7,0.25,0.625,2,1,15,0,16,0,0.33333,3,5,0.6073941916939242,0.04015149105953348,-0.612244897937408,-0.6073941916939242,-0.4251759341857469,0.5536912575008726,-0.6819077269415073,0.5218988171190122,0.6921877573072556,-0.23204795711695583,-0.23266054424133245,0.039248513343032164,0.7667854765335334,0.006074154633592288,5.551115123125783e-17,0.03845794661947788,0.08315066082495703,1.1102230246251565e-16,0.011994020808655859,0.03089756414016609
D16.17,D16,gb,2,0,2,3,May,1,2012,Male,,,NA,,NA,Other,mix of black and white,No,"$100,000 to $150,000",0.3,0.7,bandit,7,8/11/20 13:00,2,5,17,2,4,0,1,0.7,0.25,0.625,2,1,15,1,17,0,0.33333,4,5,0.5584991550850087,0.038986467927786546,0.4642857146004118,0.4415008449149913,0.609050591440494,0.9391771172417491,-0.6691708750090459,0.0,0.0,-0.2983469826934861,-0.23204795711695583,0.0,0.7143086535505916,0.0,0.0,0.020356941501950887,0.06129218211209153,0.0,0.018834413864569965,0.037979793708058374
D16.18,D16,gb,2,0,2,3,May,1,2012,Male,,,NA,,NA,Other,mix of black and white,No,"$100,000 to $150,000",0.3,0.7,bandit,7,8/11/20 13:00,2,5,18,2,4,0,1,0.7,0.25,0.625,2,1,15,1,18,0,0.33333,5,5,0.6283049328965302,0.03473024233151331,0.3650793648229851,0.3716950671034698,0.5601865469724289,0.8214046123625717,-0.6858847415822464,0.0,0.0,-0.38411710724963666,-0.2983469826934861,0.0,0.6613148653539521,0.0,0.0,0.010548418655924374,0.04610974695911735,0.0,0.02645945916832404,0.045581606402308905
D16.19,D16,gb,2,0,2,3,May,1,2012,Male,,,NA,,NA,Other,mix of black and white,No,"$100,000 to $150,000",0.3,0.7,bandit,7,8/11/20 13:00,2,5,19,2,4,0,1,0.7,0.25,0.625,2,1,15,1,19,0,0.33333,6,5,0.6835810265783105,0.030205750355547747,0.2857142856657261,0.31641897342168945,0.5214932813951827,0.7370850272162964,-0.6922229735150216,0.0,0.0,-0.47983874945306637,-0.38411710724963666,0.0,0.6094506665300439,0.0,0.0,0.005377449260598688,0.03536567396764123,0.0,0.028087182335375216,0.04724380594372901
D16.20,D16,gb,2,0,2,3,May,1,2012,Male,,,NA,,NA,Other,mix of black and white,No,"$100,000 to $150,000",0.3,0.7,bandit,7,8/11/20 13:00,2,5,20,2,4,0,1,0.7,0.25,0.625,2,1,15,1,20,0,0.33333,7,5,0.7277685466836354,0.025949080038618337,0.2207792207553989,0.27223145331636456,0.4905620173214552,0.674447155654383,-0.6929690189450926,0.0,0.0,-0.5798976193630336,-0.47983874945306637,0.0,0.5633277523493506,0.0,0.0,0.002707680013311342,0.027600260997166504,0.0,0.01927867362339797,0.03638270989655412
D17.1,D17,bg,4,3,2,3,November,16,2012,Female,White,,NA,,NA,,,No,"$150,000 or more",0.3,0.7,tycoon,14,8/20/20 7:31,7,5,1,1,4,1,1,0.3,0.875,0.625,1,2,16,1,1,0,0.33333,1,0,0.5,0.08333333333333334,NaN,0.5,0.3500000000000001,0.4307829160924544,-0.6474466390346325,0.46153846153846156,0.6901856760188042,-0.04985714948732713,-0.0,0.05414517848247718,1.080889095295541,0.01409433193494114,0.0,0.056089743589743724,0.13107336639004985,-1.1102230246251565e-16,0.010744810700342722,0.04891275394756722
D17.2,D17,bg,4,3,2,3,November,16,2012,Female,White,,NA,,NA,,,No,"$150,000 or more",0.3,0.7,tycoon,14,8/20/20 7:31,7,5,2,2,4,0,1,0.7,0.875,0.625,2,2,16,1,2,0,0.33333,1,0,0.5,0.08333333333333334,NaN,0.5,0.3500000000000001,0.4307829160924544,-0.6474466390346325,0.46153846153846156,0.6901856760188042,-0.04985714948732713,-0.0,0.05414517848247718,1.0830403030048914,0.013293712192332219,0.028994082840236635,0.08195307245743222,0.14653679006128928,0.0,0.010744810700342944,0.04059899259159849
D17.3,D17,bg,4,3,2,3,November,16,2012,Female,White,,NA,,NA,,,No,"$150,000 or more",0.3,0.7,tycoon,14,8/20/20 7:31,7,5,3,1,4,1,1,0.3,0.875,0.625,1,2,16,1,3,0,0.33333,2,0,0.5897435897435898,0.07527942143326759,1.505215796449022e-8,0.41025641025641024,0.28717948717948727,0.33852562543305514,-0.5996068847876724,0.420863309352518,0.6805691240005796,-0.1694605094257496,-0.04985714948732713,0.03640626681961483,1.0580706350682705,0.008936834081395562,-1.1102230246251565e-16,0.05279914869019675,0.10941149615205781,-1.1102230246251565e-16,0.005618362421842882,0.035483482321714055
D17.4,D17,bg,4,3,2,3,November,16,2012,Female,White,,NA,,NA,,,No,"$150,000 or more",0.3,0.7,tycoon,14,8/20/20 7:31,7,5,4,2,1,0,1,0.7,0.875,0.625,2,2,16,1,4,0,0.33333,2,0,0.5897435897435898,0.07527942143326759,1.505215796449022e-8,0.41025641025641024,0.28717948717948727,0.33852562543305514,-0.5996068847876724,0.420863309352518,0.6805691240005796,-0.1694605094257496,-0.04985714948732713,0.03640626681961483,1.0519242523249115,0.00860605749506016,0.021778764039128373,0.07282697295335983,0.12143955345007695,0.0,0.005618362421842882,0.030273433736216937
D17.5,D17,bg,4,3,2,3,November,16,2012,Female,White,,NA,,NA,,,No,"$150,000 or more",0.3,0.7,tycoon,14,8/20/20 7:31,7,5,5,1,4,0,0,0.3,0.875,0.625,1,2,16,0,5,0,0.33333,2,1,0.6636690647482014,0.06242107033797422,-0.999999984947842,-0.6636690647482014,-0.764568345323741,1.446334621334728,-0.5457566301170604,0.0,0.0,-0.06841932383907297,-0.1694605094257496,0.0,1.0027060516162971,0.0,0.0,0.02225088802240316,0.0864396159158386,0.0,0.014819018450254129,0.039540933332995576
D17.6,D17,bg,4,3,2,3,November,16,2012,Female,White,,NA,,NA,,,No,"$150,000 or more",0.3,0.7,tycoon,14,8/20/20 7:31,7,5,6,2,1,0,1,0.7,0.875,0.625,2,2,16,1,6,0,0.33333,3,0,0.6636690647482014,0.06242107033797422,1.505215796449022e-8,0.3363309352517986,0.23543165467625904,0.268443858885838,-0.5457566301170604,0.392378263937897,0.6698000343867989,-0.31724785272016875,-0.1694605094257496,0.02364311272114325,0.9310748479392204,0.006408297229689164,0.0,0.02004719477769923,0.06292957699759283,1.1102230246251565e-16,0.0027852297390043024,0.03672396130262667
D17.7,D17,bg,4,3,2,3,November,16,2012,Female,White,,NA,,NA,,,No,"$150,000 or more",0.3,0.7,tycoon,14,8/20/20 7:31,7,5,7,2,1,0,1,0.7,0.875,0.625,2,2,16,1,7,0,0.33333,4,0,0.720818630910374,0.049557175056323656,1.505215796449022e-8,0.279181369089626,0.19542695836273816,0.21744352532572367,-0.4939971112220449,0.3728685706266227,0.6604647503197693,-0.4669270480222721,-0.31724785272016875,0.015384672502538485,0.8582551468028594,0.004858373739796695,0.0,0.011626066445629357,0.046846915847010506,-1.1102230246251565e-16,0.001334355288116984,0.035204143006737576
D17.8,D17,bg,4,3,2,3,November,16,2012,Female,White,,NA,,NA,,,No,"$150,000 or more",0.3,0.7,tycoon,14,8/20/20 7:31,7,5,8,2,1,0,0,0.7,0.875,0.625,2,2,16,0,8,0,0.33333,4,1,0.7639346946413117,0.038886415120984216,-0.999999984947842,-0.7639346946413117,-0.8347542862489181,1.800321738552958,-0.4482669879861906,0.0,0.0,-0.17234810551209429,-0.4669270480222721,0.0,1.0674058954943009,0.0,0.0,0.036400986190240014,0.10358437505083407,0.0,0.004910265140283254,0.03882936497276679
D17.9,D17,bg,4,3,2,3,November,16,2012,Female,White,,NA,,NA,,,No,"$150,000 or more",0.3,0.7,tycoon,14,8/20/20 7:31,7,5,9,1,1,0,0,0.3,0.875,0.625,1,2,16,0,9,0,0.33333,2,2,0.47807486631016044,0.059144956961880525,-0.5238095260079766,-0.47807486631016044,-0.6346524064171123,1.0069060673742722,-0.6564330821954864,0.0,0.0,-0.19334888655015936,-0.06841932383907297,0.0,0.9797921564418623,0.0,0.0,0.01285874729966996,0.08725063746101736,0.0,0.025346906821584136,0.04936013649544635
D17.10,D17,bg,4,3,2,3,November,16,2012,Female,White,,NA,,NA,,,No,"$150,000 or more",0.3,0.7,tycoon,14,8/20/20 7:31,7,5,10,2,1,0,1,0.7,0.875,0.625,2,2,16,1,10,0,0.33333,5,1,0.5992073321773594,0.04762632238369273,0.2857142856774214,0.40079266782264056,0.28055486747584846,0.3292750133468492,-0.593476605198166,0.4169880181793142,0.6793011794347656,-0.2597274871226082,-0.17234810551209429,0.020928267241703907,0.9309005027433093,0.006813675577512446,0.0,0.02371755394293995,0.06922863371106502,1.1102230246251565e-16,0.002646806822437009,0.047095339347827836
D17.11,D17,bg,4,3,2,3,November,16,2012,Female,White,,NA,,NA,,,No,"$150,000 or more",0.3,0.7,tycoon,14,8/20/20 7:31,7,5,11,2,1,0,1,0.7,0.875,0.625,2,2,16,1,11,0,0.33333,6,1,0.6455464123398981,0.040759615127719986,0.2380952380415915,0.35445358766010193,0.24811751136207139,0.28517523235209896,-0.5602575535492537,0.3989985197600019,0.6726035116269358,-0.3515540175161786,-0.2597274871226082,0.014991388876458484,0.8764112312910166,0.0035616477859563567,0.0,0.015273006466915318,0.0556376733286168,0.0,0.0013876500814309356,0.04583744206392448
D17.12,D17,bg,4,3,2,3,November,16,2012,Female,White,,NA,,NA,,,No,"$150,000 or more",0.3,0.7,tycoon,14,8/20/20 7:31,7,5,12,1,1,0,1,0.3,0.875,0.625,1,2,16,1,12,0,0.33333,3,2,0.3647540983606557,0.047282316581564086,0.7142857148445421,0.6352459016393444,0.444672131147541,0.5881965849734463,-0.6870122784419204,0.5402214022140222,0.6899081595689575,-0.15524439974414975,-0.19334888655015936,0.052273613770171964,0.9289878404929354,0.006897301554422253,0.0,0.008515175539502762,0.05921736645203424,0.0,0.01694783786822429,0.03739327328985087
D17.13,D17,bg,4,3,2,3,November,16,2012,Female,White,,NA,,NA,,,No,"$150,000 or more",0.3,0.7,tycoon,14,8/20/20 7:31,7,5,13,2,1,0,0,0.7,0.875,0.625,2,2,16,0,13,0,0.33333,6,2,0.6834934732444427,0.034610861210659885,-0.7959183672120055,-0.6834934732444427,-0.7784454312711098,1.507086359888733,-0.5288684970379889,0.0,0.0,-0.2618168853573194,-0.3515540175161786,0.0,1.0432224263628038,0.0,0.0,0.03457500435926286,0.09762116865683157,0.0,0.0037550782567964403,0.039807496223491556
D17.14,D17,bg,4,3,2,3,November,16,2012,Female,White,,NA,,NA,,,No,"$150,000 or more",0.3,0.7,tycoon,14,8/20/20 7:31,7,5,14,1,4,1,1,0.3,0.875,0.625,1,2,16,1,14,0,0.33333,4,2,0.42435424354243534,0.04778325458531338,0.5714285714582152,0.5756457564575647,0.4029520295202953,0.5157578162553097,-0.6741904715742899,0.5024721878862793,0.6931349570842507,-0.1634727844071895,-0.15524439974414975,0.04080248582851545,1.0756148421409288,0.007488483585158079,0.0,0.03338541552649499,0.10440687465844234,1.1102230246251565e-16,0.010714598831218947,0.03352122490836407
D17.15,D17,bg,4,3,2,3,November,16,2012,Female,White,,NA,,NA,,,No,"$150,000 or more",0.3,0.7,tycoon,14,8/20/20 7:31,7,5,15,2,4,1,1,0.7,0.875,0.625,2,2,16,1,15,0,0.33333,7,2,0.5741407165558251,0.03740388601427415,0.35714285717432626,0.4258592834441749,0.2981014984109225,0.35396647004063503,-0.6092471136463906,0.4274122245891805,0.682571878377868,-0.32792102780953847,-0.2618168853573194,0.017233904192596534,1.0526768160917874,0.0037823803868892725,-2.220446049250313e-16,0.02392097920554459,0.08747063476331762,-1.1102230246251565e-16,0.0021207633021401717,0.03187349179265275
D17.16,D17,bg,4,3,2,3,November,16,2012,Female,White,,NA,,NA,,,No,"$150,000 or more",0.3,0.7,tycoon,14,8/20/20 7:31,7,5,16,1,4,1,1,0.3,0.875,0.625,1,2,16,1,16,0,0.33333,5,2,0.48037700865265753,0.04560793367823767,0.4761904749682757,0.5196229913473425,0.36373609394313977,0.45214185507827664,-0.6555375630656881,0.4715024648485879,0.6915220810334448,-0.20362825923782918,-0.1634727844071895,0.030843711778198588,1.0784722537239957,0.005844433807142835,0.0,0.033172996688691,0.09373145136572769,-1.1102230246251565e-16,0.00646249760522466,0.02769097274877319
D17.17,D17,bg,4,3,2,3,November,16,2012,Female,White,,NA,,NA,,,No,"$150,000 or more",0.3,0.7,tycoon,14,8/20/20 7:31,7,5,17,2,4,1,1,0.7,0.875,0.625,2,2,16,1,17,0,0.33333,8,2,0.6114434321916543,0.03308472734605146,0.31746031753158344,0.3885565678083457,0.27198959746584195,0.31743994169226863,-0.5852277123049061,0.41208202376740644,0.6776073759493211,-0.3958724616618888,-0.32792102780953847,0.01309086640026002,1.0558780802066636,0.0022263959806931855,0.0,0.021140272289439377,0.07933178999831647,1.1102230246251565e-16,0.0011726960853379875,0.02675535607666568
D17.18,D17,bg,4,3,2,3,November,16,2012,Female,White,,NA,,NA,,,No,"$150,000 or more",0.3,0.7,tycoon,14,8/20/20 7:31,7,5,18,2,1,0,0,0.7,0.875,0.625,2,2,16,0,18,0,0.33333,8,3,0.643255215459613,0.029176601373650357,-0.714285714538898,-0.643255215459613,-0.750278650821729,1.3874095860390085,-0.5620288082937425,0.0,0.0,-0.3513166463606723,-0.3958724616618888,0.0,1.0970258792905259,0.0,0.0,0.04010430571315671,0.11419792971503984,0.0,0.002777826333567379,0.02829879385756051
D17.19,D17,bg,4,3,2,3,November,16,2012,Female,White,,NA,,NA,,,No,"$150,000 or more",0.3,0.7,tycoon,14,8/20/20 7:31,7,5,19,1,1,0,0,0.3,0.875,0.625,1,2,16,0,19,0,0.33333,5,3,0.5305535993265176,0.04180549502855063,-0.5918367347492508,-0.5305535993265176,-0.6713875195285623,1.1128760933593866,-0.6331916582986538,0.0,0.0,-0.23204795711695592,-0.20362825923782918,0.0,1.052605324520021,0.0,0.0,0.023530707225803527,0.09834582375738055,0.0,0.011994020808655859,0.033895533939205746
D17.20,D17,bg,4,3,2,3,November,16,2012,Female,White,,NA,,NA,,,No,"$150,000 or more",0.3,0.7,tycoon,14,8/20/20 7:31,7,5,20,2,4,1,1,0.7,0.875,0.625,2,2,16,1,20,0,0.33333,9,3,0.5614695730675592,0.030474638098065013,0.3896103895042329,0.4385304269324408,0.3069712988527087,0.3666838648528871,-0.6166558611335434,0.4328825047265108,0.6841104101669302,-0.4053025456841641,-0.3513166463606723,0.014237998040538168,1.0309032849918622,0.003391030815511842,0.0,0.023149154710858655,0.08483986324981518,-1.1102230246251565e-16,0.001621718237604819,0.03271720509250087
D18.1,D18,gb,4,3,2,1,July,1,2014,Male,White,,NA,,NA,,,No,"$60,000 to $79,999",0.7,0.3,tycoon,15,8/23/20 13:13,7,3,1,1,2,0,1,0.7,0.375,0.875,1,2,17,1,1,0,0.33333,1,0,0.5,0.08333333333333334,NaN,0.5,0.3500000000000001,0.4307829160924544,-0.6474466390346325,0.46153846153846156,0.6901856760188042,-0.04985714948732713,-0.0,0.05414517848247718,1.080889095295541,0.01409433193494114,0.0,0.056089743589743724,0.13107336639004985,-1.1102230246251565e-16,0.010744810700342722,0.04891275394756722
D18.2,D18,gb,4,3,2,1,July,1,2014,Male,White,,NA,,NA,,,No,"$60,000 to $79,999",0.7,0.3,tycoon,15,8/23/20 13:13,7,3,2,1,4,1,1,0.7,0.375,0.875,1,2,17,1,2,0,0.33333,2,0,0.5897435897435898,0.07527942143326759,1.505215796449022e-8,0.41025641025641024,0.28717948717948727,0.33852562543305514,-0.5996068847876724,0.420863309352518,0.6805691240005796,-0.1694605094257496,-0.04985714948732713,0.03640626681961483,1.0376090912334721,0.009559642694166648,-1.1102230246251565e-16,0.03407149280575539,0.09687372448489084,-1.1102230246251565e-16,0.005618362421843104,0.04378612586327624
D18.3,D18,gb,4,3,2,1,July,1,2014,Male,White,,NA,,NA,,,No,"$60,000 to $79,999",0.7,0.3,tycoon,15,8/23/20 13:13,7,3,3,2,2,1,1,0.3,0.375,0.875,2,2,17,1,3,0,0.33333,1,0,0.5,0.08333333333333334,NaN,0.5,0.3500000000000001,0.4307829160924544,-0.6474466390346325,0.46153846153846156,0.6901856760188042,-0.04985714948732713,-0.0,0.05414517848247718,1.0580706350682705,0.01222718476973883,0.0011298653384984592,0.05612991803256817,0.10941149615205781,-1.1102230246251565e-16,0.01074481070034261,0.035483482321714055
D18.4,D18,gb,4,3,2,1,July,1,2014,Male,White,,NA,,NA,,,No,"$60,000 to $79,999",0.7,0.3,tycoon,15,8/23/20 13:13,7,3,4,1,2,0,1,0.7,0.375,0.875,1,2,17,1,4,0,0.33333,3,0,0.6636690647482014,0.06242107033797422,1.505215796449022e-8,0.3363309352517986,0.23543165467625904,0.268443858885838,-0.5457566301170604,0.392378263937897,0.6698000343867989,-0.31724785272016875,-0.1694605094257496,0.02364311272114325,1.0183657729665658,0.005873411078627155,0.0,0.033246493585231573,0.08230607969328485,0.0,0.0027852297390043024,0.032598367409614526
D18.5,D18,gb,4,3,2,1,July,1,2014,Male,White,,NA,,NA,,,No,"$60,000 to $79,999",0.7,0.3,tycoon,15,8/23/20 13:13,7,3,5,2,3,0,1,0.3,0.375,0.875,2,2,17,1,5,0,0.33333,2,0,0.5897435897435898,0.07527942143326759,1.505215796449022e-8,0.41025641025641024,0.28717948717948727,0.33852562543305514,-0.5996068847876724,0.420863309352518,0.6805691240005796,-0.1694605094257496,-0.04985714948732713,0.03640626681961483,1.028028116721174,0.008563816524521206,0.0,0.05158120071316741,0.09215360279974905,-1.1102230246251565e-16,0.005618362421843104,0.027458667353229327
D18.6,D18,gb,4,3,2,1,July,1,2014,Male,White,,NA,,NA,,,No,"$60,000 to $79,999",0.7,0.3,tycoon,15,8/23/20 13:13,7,3,6,2,1,0,0,0.3,0.375,0.875,2,2,17,0,6,0,0.33333,2,1,0.6636690647482014,0.06242107033797422,-0.999999984947842,-0.6636690647482014,-0.764568345323741,1.446334621334728,-0.5457566301170604,0.0,0.0,-0.06841932383907297,-0.1694605094257496,0.0,0.9297231620931339,0.0,0.0,0.013293891796065882,0.06293424944365222,0.0,0.01481901845025424,0.03672396130262645
D18.7,D18,gb,4,3,2,1,July,1,2014,Male,White,,NA,,NA,,,No,"$60,000 to $79,999",0.7,0.3,tycoon,15,8/23/20 13:13,7,3,7,1,2,1,1,0.7,0.375,0.875,1,2,17,1,7,0,0.33333,4,0,0.720818630910374,0.049557175056323656,1.505215796449022e-8,0.279181369089626,0.19542695836273816,0.21744352532572367,-0.4939971112220449,0.3728685706266227,0.6604647503197693,-0.4669270480222721,-0.31724785272016875,0.015384672502538485,0.856217853678847,0.003435719627110201,0.0,0.011626066445629357,0.046846915847010395,-1.1102230246251565e-16,0.001334355288116984,0.035204143006737576
D18.8,D18,gb,4,3,2,1,July,1,2014,Male,White,,NA,,NA,,,No,"$60,000 to $79,999",0.7,0.3,tycoon,15,8/23/20 13:13,7,3,8,2,4,0,0,0.3,0.375,0.875,2,2,17,0,8,0,0.33333,2,2,0.47807486631016044,0.059144956961880525,-0.5238095260079766,-0.47807486631016044,-0.6346524064171123,1.0069060673742722,-0.6564330821954864,0.0,0.0,-0.19334888655015936,-0.06841932383907297,0.0,0.7385499808117308,0.0,0.0,0.0018099595329035267,0.03890509778217177,0.0,0.025346906821584025,0.04574107398080196
D18.9,D18,gb,4,3,2,1,July,1,2014,Male,White,,NA,,NA,,,No,"$60,000 to $79,999",0.7,0.3,tycoon,15,8/23/20 13:13,7,3,9,1,1,0,1,0.7,0.375,0.875,1,2,17,1,9,0,0.33333,5,0,0.7639346946413117,0.038886415120984216,1.505215796449022e-8,0.2360653053586883,0.16524571375108188,0.1806178654019626,-0.4482669879861906,0.35938719326388935,0.6530647926105785,-0.6068721402139434,-0.4669270480222721,0.010280655290413887,0.6682945767176911,0.0024469197109888707,0.0,0.00672168995572775,0.029340743006682546,-1.1102230246251565e-16,0.0006264767647728986,0.045040471866081844
D18.10,D18,gb,4,3,2,1,July,1,2014,Male,White,,NA,,NA,,,No,"$60,000 to $79,999",0.7,0.3,tycoon,15,8/23/20 13:13,7,3,10,2,3,1,1,0.3,0.375,0.875,2,2,17,1,10,0,0.33333,3,2,0.3647540983606557,0.047282316581564086,0.7142857148445421,0.6352459016393444,0.444672131147541,0.5881965849734463,-0.6870122784419204,0.5402214022140222,0.6899081595689575,-0.15524439974414975,-0.19334888655015936,0.052273613770171964,0.7110341714029056,0.0023895658734853775,0.0,0.0016977341969608428,0.031141788670748682,1.1102230246251565e-16,0.01694783786822418,0.033369423582783164
D18.11,D18,gb,4,3,2,1,July,1,2014,Male,White,,NA,,NA,,,No,"$60,000 to $79,999",0.7,0.3,tycoon,15,8/23/20 13:13,7,3,11,2,1,0,0,0.3,0.375,0.875,2,2,17,0,11,0,0.33333,3,3,0.42435424354243534,0.04778325458531338,-0.42857142854178476,-0.42435424354243534,-0.5970479704797047,0.908937757568896,-0.6741904715742899,0.0,0.0,-0.2704986715529007,-0.15524439974414975,0.0,0.63426517950589,0.0,0.0,0.0003487384351957834,0.02798412423422203,0.0,0.026183534536607267,0.04583399381918529
D18.12,D18,gb,4,3,2,1,July,1,2014,Male,White,,NA,,NA,,,No,"$60,000 to $79,999",0.7,0.3,tycoon,15,8/23/20 13:13,7,3,12,1,4,0,0,0.7,0.375,0.875,1,2,17,0,12,0,0.33333,5,1,0.79654368034297,0.030721348426171222,-0.999999984947842,-0.79654368034297,-0.857580576240079,1.9489788864978448,-0.40933124792562936,0.0,0.0,-0.2597274871226082,-0.6068721402139434,0.0,0.8842162787321062,0.0,0.0,0.02371755394293995,0.06613301237766067,0.0,0.002646806822436676,0.04791557619065767
D18.13,D18,gb,4,3,2,1,July,1,2014,Male,White,,NA,,NA,,,No,"$60,000 to $79,999",0.7,0.3,tycoon,15,8/23/20 13:13,7,3,13,2,2,0,0,0.3,0.375,0.875,2,2,17,0,13,0,0.33333,3,4,0.34134615384615385,0.039465709237343854,-0.28571428571240354,-0.34134615384615385,-0.5389423076923077,0.7742320978119254,-0.6901111000621384,0.0,0.0,-0.4027535235413832,-0.2704986715529007,0.0,0.8172095274651507,0.0,0.0,0.0015157061590438392,0.06257520036192432,0.0,0.03357059696107889,0.055292501704683694
D18.14,D18,gb,4,3,2,1,July,1,2014,Male,White,,NA,,NA,,,No,"$60,000 to $79,999",0.7,0.3,tycoon,15,8/23/20 13:13,7,3,14,1,2,1,1,0.7,0.375,0.875,1,2,17,1,14,0,0.33333,6,1,0.6455464123398981,0.040759615127719986,0.2380952380415915,0.35445358766010193,0.24811751136207139,0.28517523235209896,-0.5602575535492537,0.3989985197600019,0.6726035116269358,-0.3515540175161786,-0.2597274871226082,0.014991388876458484,0.7638929455577497,0.0026324674627613565,0.0,0.015273006466915318,0.05028021067168853,0.0,0.0013876500814308246,0.05402002015773277
D18.15,D18,gb,4,3,2,1,July,1,2014,Male,White,,NA,,NA,,,No,"$60,000 to $79,999",0.7,0.3,tycoon,15,8/23/20 13:13,7,3,15,1,1,1,1,0.7,0.375,0.875,1,2,17,1,15,0,0.33333,7,1,0.6834934732444427,0.034610861210659885,0.20408163278799452,0.31650652675555735,0.22155456872889023,0.2504563848711786,-0.5288684970379889,0.3853834680616409,0.6666381984584691,-0.44134935429539246,-0.3515540175161786,0.010976855356239747,0.7157039704029202,0.0035485579010963164,0.0,0.009779434731691516,0.041061791311917006,0.0,0.0007138511185814655,0.05332782111453005
D18.16,D18,gb,4,3,2,1,July,1,2014,Male,White,,NA,,NA,,,No,"$60,000 to $79,999",0.7,0.3,tycoon,15,8/23/20 13:13,7,3,16,2,3,1,1,0.3,0.375,0.875,2,2,17,1,16,0,0.33333,4,4,0.2814274128142741,0.032002411571559274,0.8163265278008387,0.7185725871857259,0.5030008110300082,0.6991668847379628,-0.6931291707181513,0.6036227154046998,0.6715154127039579,-0.3323582090113898,-0.4027535235413832,0.05433972007245321,0.7481074455035933,0.001803972467449122,0.0,0.000806791163454168,0.042085949983587057,0.0012075718015666093,0.026478728368573123,0.04622490898634202
D18.17,D18,gb,4,3,2,1,July,1,2014,Male,White,,NA,,NA,,,No,"$60,000 to $79,999",0.7,0.3,tycoon,15,8/23/20 13:13,7,3,17,1,4,0,1,0.7,0.375,0.875,1,2,17,1,17,0,0.33333,8,1,0.7146165319383592,0.029443897016384266,0.17857143423228017,0.28538346806164083,0.19976842764314862,0.22285412775518473,-0.5000812284566655,0.3748914818699748,0.6615077791930253,-0.5264631123002028,-0.44134935429539246,0.008262093549826113,0.7011460537298797,0.002705523136013799,0.0,0.006249163993101381,0.03485087467420123,0.0,0.00036263103171407796,0.04588827303035792
D18.18,D18,gb,4,3,2,1,July,1,2014,Male,White,,NA,,NA,,,No,"$60,000 to $79,999",0.7,0.3,tycoon,15,8/23/20 13:13,7,3,18,2,2,0,1,0.3,0.375,0.875,2,2,17,1,18,0,0.33333,5,4,0.3265013054830287,0.03412457714895185,0.7142857185519872,0.6734986945169713,0.47144908616187997,0.6376161418159372,-0.6915159840708771,0.5675895966606564,0.6839824415260298,-0.29834698269348603,-0.3323582090113898,0.04580354591985161,0.7337426057348695,0.0018812607297633566,0.0,0.0008016396610492915,0.03585734919448602,1.1102230246251565e-16,0.018834413864569854,0.03824418008457109
D18.19,D18,gb,4,3,2,1,July,1,2014,Male,White,,NA,,NA,,,No,"$60,000 to $79,999",0.7,0.3,tycoon,15,8/23/20 13:13,7,3,19,1,1,0,1,0.7,0.375,0.875,1,2,17,1,19,0,0.33333,9,1,0.7403724863688573,0.025214315576809237,0.15873015818408331,0.25962751363114267,0.18173925954179992,0.20057423955414952,-0.4740205869080335,0.3666313012060306,0.6571384300344418,-0.6061877880802709,-0.5264631123002028,0.006396043248667584,0.688824255129431,0.0022137783450320025,-2.220446049250313e-16,0.00399310192986102,0.0300685897754982,1.1102230246251565e-16,0.00018271206976572252,0.03805765493392688
D18.20,D18,gb,4,3,2,1,July,1,2014,Male,White,,NA,,NA,,,No,"$60,000 to $79,999",0.7,0.3,tycoon,15,8/23/20 13:13,7,3,20,2,2,0,1,0.3,0.375,0.875,2,2,17,1,20,0,0.33333,6,4,0.3716950671034698,0.03473024233151331,0.6349206351663356,0.6283049328965302,0.43981345302757124,0.5794854311313323,-0.6858847415822464,0.5355358882168324,0.690619451333321,-0.29493599322022407,-0.29834698269348603,0.037329236961390136,0.7210746568556526,0.0019205875465730937,0.0,0.0007989017502683105,0.031035275674463625,-2.220446049250313e-16,0.012847841136858884,0.03205974819186741
D19.1,D19,bg,3,4,4,3,September,23,2013,Female,White,,NA,,NA,,,No,"$100,000 to $150,000",0.3,0.7,tycoon,13,8/19/20 8:08,7,7,1,1,4,0,0,0.3,0.875,0.875,1,2,18,0,1,0,0.33333,0,1,0.5,0.08333333333333334,NaN,-0.5,-0.6499999999999999,1.0498221244986774,-0.6474466390346325,0.0,0.0,-0.19314718051535087,-0.0,0.0,1.0284761483385072,0.0,0.0,0.029166666666666674,0.14001108542006102,0.0,0.03446712009808295,0.07261948098459137
D19.2,D19,bg,3,4,4,3,September,23,2013,Female,White,,NA,,NA,,,No,"$100,000 to $150,000",0.3,0.7,tycoon,13,8/19/20 8:08,7,7,2,2,4,1,1,0.7,0.875,0.875,2,2,18,1,2,0,0.33333,1,0,0.5,0.08333333333333334,NaN,0.5,0.3500000000000001,0.4307829160924544,-0.6474466390346325,0.46153846153846156,0.6901856760188042,-0.04985714948732713,-0.0,0.05414517848247718,0.9763000523200952,0.0177440495768586,0.0,0.056089743589743724,0.10232280345664868,0.0,0.010744810700342833,0.06432290630777004
D19.3,D19,bg,3,4,4,3,September,23,2013,Female,White,,NA,,NA,,,No,"$100,000 to $150,000",0.3,0.7,tycoon,13,8/19/20 8:08,7,7,3,1,4,1,1,0.3,0.875,0.875,1,2,18,1,3,0,0.33333,1,1,0.3333333333333333,0.05555555555555555,0.9999999999999997,0.6666666666666667,0.4666666666666667,0.6286086594223742,-0.6909233093138181,0.5624999999999999,0.6853142072764582,-0.09393882346618043,-0.19314718051535087,0.06943456668699552,1.027513187106257,0.01179957487192751,0.0,0.025871763273449644,0.11022434808664228,1.1102230246251565e-16,0.02346938767733353,0.05331636572044118
D19.4,D19,bg,3,4,4,3,September,23,2013,Female,White,,NA,,NA,,,No,"$100,000 to $150,000",0.3,0.7,tycoon,13,8/19/20 8:08,7,7,4,2,4,0,0,0.7,0.875,0.875,2,2,18,0,4,0,0.33333,1,1,0.5897435897435898,0.07527942143326759,-0.999999984947842,-0.5897435897435898,-0.7128205128205127,1.2476478678285972,-0.5996068847876724,0.0,0.0,-0.09393882346618043,-0.04985714948732713,0.0,1.0684113676142075,0.0,0.0,0.04511718749999993,0.12061577225056708,0.0,0.02346938767733353,0.06603720134860569
D19.5,D19,bg,3,4,4,3,September,23,2013,Female,White,,NA,,NA,,,No,"$100,000 to $150,000",0.3,0.7,tycoon,13,8/19/20 8:08,7,7,5,1,4,0,1,0.3,0.875,0.875,1,2,18,1,5,0,0.33333,2,1,0.40624999999999994,0.059960937500000006,0.7142857142857144,0.59375,0.41562500000000013,0.5372123789391858,-0.6788405414022067,0.5133689839572192,0.6927896784912411,-0.06841932383907297,-0.09393882346618043,0.055102579949780864,1.0746340145858504,0.012815062666963861,0.018342245989304784,0.06426804812834219,0.13498667617604043,-1.1102230246251565e-16,0.01481901845025424,0.05738954954025155
D19.6,D19,bg,3,4,4,3,September,23,2013,Female,White,,NA,,NA,,,No,"$100,000 to $150,000",0.3,0.7,tycoon,13,8/19/20 8:08,7,7,6,2,4,1,1,0.7,0.875,0.875,2,2,18,1,6,0,0.33333,2,1,0.40624999999999994,0.059960937500000006,0.7142857142857144,0.59375,0.41562500000000013,0.5372123789391858,-0.6788405414022067,0.5133689839572192,0.6927896784912411,-0.06841932383907297,-0.09393882346618043,0.055102579949780864,1.0935173043403315,0.012128223210055467,0.018342245989304784,0.06426804812834219,0.14728976123111337,-1.1102230246251565e-16,0.014819018450254129,0.04874515249334843
D19.7,D19,bg,3,4,4,3,September,23,2013,Female,White,,NA,,NA,,,No,"$100,000 to $150,000",0.3,0.7,tycoon,13,8/19/20 8:08,7,7,7,1,4,0,1,0.3,0.875,0.875,1,2,18,1,7,0,0.33333,3,1,0.47807486631016044,0.059144956961880525,0.4761904739920234,0.5219251336898396,0.3653475935828877,0.45467782143196556,-0.6564330821954864,0.4726996966632962,0.6916558259082752,-0.10203826854156672,-0.06841932383907297,0.041065536639639334,1.0890651315318571,0.009374465537899335,0.007254802831142548,0.054716991068419096,0.13006262203402674,0.0,0.008758474689475104,0.042633813543627386
D19.8,D19,bg,3,4,4,3,September,23,2013,Female,White,,NA,,NA,,,No,"$100,000 to $150,000",0.3,0.7,tycoon,13,8/19/20 8:08,7,7,8,2,4,1,1,0.7,0.875,0.875,2,2,18,1,8,0,0.33333,3,1,0.47807486631016044,0.059144956961880525,0.4761904739920234,0.5219251336898396,0.3653475935828877,0.45467782143196556,-0.6564330821954864,0.4726996966632962,0.6916558259082752,-0.10203826854156672,-0.06841932383907297,0.041065536639639334,1.0982877644340434,0.009167510584660254,0.021585553661902068,0.06808165373643815,0.14100534585264723,0.0,0.008758474689475104,0.036598005543962975
D19.9,D19,bg,3,4,4,3,September,23,2013,Female,White,,NA,,NA,,,No,"$100,000 to $150,000",0.3,0.7,tycoon,13,8/19/20 8:08,7,7,9,1,4,0,0,0.3,0.875,0.875,1,2,18,0,9,0,0.33333,3,2,0.5433097404785979,0.054325816767273404,-0.6428571414158346,-0.5433097404785979,-0.6803168183350186,1.140424830915753,-0.6266304181662299,0.0,0.0,-0.15524439974414975,-0.10203826854156672,0.0,1.0583672239545787,0.0,0.0,0.030217962326065217,0.11761181318722125,0.0,0.01694783786822429,0.04482337583217155
D19.10,D19,bg,3,4,4,3,September,23,2013,Female,White,,NA,,NA,,,No,"$100,000 to $150,000",0.3,0.7,tycoon,13,8/19/20 8:08,7,7,10,2,4,1,1,0.7,0.875,0.875,2,2,18,1,10,0,0.33333,4,1,0.5433097404785979,0.054325816767273404,0.3571428585841654,0.4566902595214021,0.31968318166498144,0.38519667999782625,-0.6266304181662299,0.44097101808273464,0.6861620599669114,-0.17234810551209429,-0.10203826854156672,0.029483822867364385,1.0229041485083339,0.00817662499987093,0.0,0.036400986190240014,0.0927896009355863,0.0,0.004910265140283254,0.04096097410752175
D19.11,D19,bg,3,4,4,3,September,23,2013,Female,White,,NA,,NA,,,No,"$100,000 to $150,000",0.3,0.7,tycoon,13,8/19/20 8:08,7,7,11,1,4,0,0,0.3,0.875,0.875,1,2,18,0,11,0,0.33333,3,3,0.42435424354243534,0.04778325458531338,-0.42857142854178476,-0.42435424354243534,-0.5970479704797047,0.908937757568896,-0.6741904715742899,0.0,0.0,-0.2704986715529007,-0.15524439974414975,0.0,0.9409623518321603,0.0,0.0,0.0075657392734468365,0.08353749731095206,0.0,0.026183534536607267,0.050177937055702726
D19.12,D19,bg,3,4,4,3,September,23,2013,Female,White,,NA,,NA,,,No,"$100,000 to $150,000",0.3,0.7,tycoon,13,8/19/20 8:08,7,7,12,2,4,0,1,0.7,0.875,0.875,2,2,18,1,12,0,0.33333,5,1,0.5992073321773594,0.04762632238369273,0.2857142856774214,0.40079266782264056,0.28055486747584846,0.3292750133468492,-0.593476605198166,0.4169880181793142,0.6793011794347656,-0.2597274871226082,-0.17234810551209429,0.020928267241703907,0.8914329916520767,0.008645552195315709,0.0,0.02371755394293995,0.06613301237766078,1.1102230246251565e-16,0.002646806822436676,0.04791557619065734
D19.13,D19,bg,3,4,4,3,September,23,2013,Female,White,,NA,,NA,,,No,"$100,000 to $150,000",0.3,0.7,tycoon,13,8/19/20 8:08,7,7,13,1,4,0,0,0.3,0.875,0.875,1,2,18,0,13,0,0.33333,3,4,0.34134615384615385,0.039465709237343854,-0.28571428571240354,-0.34134615384615385,-0.5389423076923077,0.7742320978119254,-0.6901111000621384,0.0,0.0,-0.4027535235413832,-0.2704986715529007,0.0,0.8237334802938582,0.0,0.0,0.0015157061590438392,0.0625752003619241,0.0,0.03357059696107889,0.05529250170468358
D19.14,D19,bg,3,4,4,3,September,23,2013,Female,White,,NA,,NA,,,No,"$100,000 to $150,000",0.3,0.7,tycoon,13,8/19/20 8:08,7,7,14,2,4,0,1,0.7,0.875,0.875,2,2,18,1,14,0,0.33333,6,1,0.6455464123398981,0.040759615127719986,0.2380952380415915,0.35445358766010193,0.24811751136207139,0.28517523235209896,-0.5602575535492537,0.3989985197600019,0.6726035116269358,-0.3515540175161786,-0.2597274871226082,0.014991388876458484,0.7678318477505058,0.004471330693215481,0.0,0.015273006466915318,0.0502802106716882,0.0,0.0013876500814308246,0.05402002015773277
D19.15,D19,bg,3,4,4,3,September,23,2013,Female,White,,NA,,NA,,,No,"$100,000 to $150,000",0.3,0.7,tycoon,13,8/19/20 8:08,7,7,15,1,4,1,1,0.3,0.875,0.875,1,2,18,1,15,0,0.33333,4,4,0.2814274128142741,0.032002411571559274,0.8163265278008387,0.7185725871857259,0.5030008110300082,0.6991668847379628,-0.6931291707181513,0.6036227154046998,0.6715154127039579,-0.3323582090113898,-0.4027535235413832,0.05433972007245321,0.8049303234923098,0.0028580796954809085,0.0,0.0013985344270742717,0.051643232833521124,0.0012075718015664982,0.02647872836857279,0.04694119526895202
D19.16,D19,bg,3,4,4,3,September,23,2013,Female,White,,NA,,NA,,,No,"$100,000 to $150,000",0.3,0.7,tycoon,13,8/19/20 8:08,7,7,16,2,4,1,1,0.7,0.875,0.875,2,2,18,1,16,0,0.33333,7,1,0.6834934732444427,0.034610861210659885,0.20408163278799452,0.31650652675555735,0.22155456872889023,0.2504563848711786,-0.5288684970379889,0.3853834680616409,0.6666381984584691,-0.44134935429539246,-0.3515540175161786,0.010976855356239747,0.7500573331718536,0.0026163986481893,0.0,0.009779434731691516,0.04208594998358739,0.0,0.0007138511185812435,0.046224908986341684
D19.17,D19,bg,3,4,4,3,September,23,2013,Female,White,,NA,,NA,,,No,"$100,000 to $150,000",0.3,0.7,tycoon,13,8/19/20 8:08,7,7,17,1,4,0,0,0.3,0.875,0.875,1,2,18,0,17,0,0.33333,4,5,0.3265013054830287,0.03412457714895185,-0.2857142814480128,-0.3265013054830287,-0.52855091383812,0.7519441654287193,-0.6915159840708771,0.0,0.0,-0.44416450766495547,-0.3323582090113898,0.0,0.7015968062090068,0.0,0.0,0.00023582803125321572,0.040623684154797224,0.0,0.030437973233536253,0.05013605905041796
D19.18,D19,bg,3,4,4,3,September,23,2013,Female,White,,NA,,NA,,,No,"$100,000 to $150,000",0.3,0.7,tycoon,13,8/19/20 8:08,7,7,18,2,4,0,0,0.7,0.875,0.875,2,2,18,0,18,0,0.33333,7,2,0.7146165319383592,0.029443897016384266,-0.8214285657677198,-0.7146165319383592,-0.8002315723568514,1.6105964450581896,-0.5000812284566655,0.0,0.0,-0.32792102780953847,-0.44134935429539246,0.0,0.8377993616026325,0.0,0.0,0.02392097920554459,0.06825965451483895,0.0,0.0021207633021400607,0.05159581411528169
D19.19,D19,bg,3,4,4,3,September,23,2013,Female,White,,NA,,NA,,,No,"$100,000 to $150,000",0.3,0.7,tycoon,13,8/19/20 8:08,7,7,19,1,4,0,1,0.3,0.875,0.875,1,2,18,1,19,0,0.33333,5,5,0.27583368366465866,0.028588485586435397,0.7936507935440227,0.7241663163353413,0.506916421434739,0.7070765887497893,-0.693051503737629,0.6084161246515618,0.6694513036982991,-0.38411710724963677,-0.44416450766495547,0.05051956262330989,0.8772729051761229,0.0068761467683221555,0.0,0.002583455071795804,0.0698194405340149,0.002805374883853795,0.026459458231194666,0.047619493365494314
D19.20,D19,bg,3,4,4,3,September,23,2013,Female,White,,NA,,NA,,,No,"$100,000 to $150,000",0.3,0.7,tycoon,13,8/19/20 8:08,7,7,20,2,4,0,1,0.7,0.875,0.875,2,2,18,1,20,0,0.33333,8,2,0.6114434321916543,0.03308472734605146,0.31746031753158344,0.3885565678083457,0.27198959746584195,0.31743994169226863,-0.5852277123049061,0.41208202376740644,0.6776073759493211,-0.3958724616618888,-0.32792102780953847,0.01309086640026002,0.8324644211092131,0.0036023624631869033,0.0,0.016406831736663463,0.05884039553113474,1.1102230246251565e-16,0.0011726960853379875,0.046680651488946734
D2.1,D2,bg,0,0,4,4,January,28,2013,Female,White,,NA,,NA,,,No,"$150,000 or more",0.3,0.7,bandit,6,8/25/20 13:58,0,8,1,2,4,0,1,0.7,0.0,1.0,2,1,19,1,1,0,0.33333,1,0,0.5,0.08333333333333334,NaN,0.5,0.65,1.0498221244986778,-0.6474466390346325,0.0,0.0,-0.19314718051535087,-0.0,0.0,1.039551048757124,0.0,0.0,0.02916666666666673,0.09341812841609692,0.0,0.03446712009808295,0.07261943681288419
D2.2,D2,bg,0,0,4,4,January,28,2013,Female,White,,NA,,NA,,,No,"$150,000 or more",0.3,0.7,bandit,6,8/25/20 13:58,0,8,2,1,4,0,0,0.3,0.0,1.0,1,1,19,0,2,0,0.33333,0,1,0.5,0.08333333333333334,NaN,-0.5,-0.35,0.4307829160924542,-0.6474466390346325,0.46153846153846156,0.6901856760188042,-0.04985714948732713,-0.0,0.05414517848247718,0.9849727692365147,0.021305273992378027,-5.551115123125783e-17,0.02260209223861731,0.08102307360616184,0.0,0.010744810700342833,0.06432290630777027
D2.3,D2,bg,0,0,4,4,January,28,2013,Female,White,,NA,,NA,,,No,"$150,000 or more",0.3,0.7,bandit,6,8/25/20 13:58,0,8,3,1,1,0,0,0.3,0.0,1.0,1,1,19,0,3,0,0.33333,0,2,0.41025641025641024,0.0752794214332676,-3.324562949461316e-16,-0.41025641025641024,-0.28717948717948716,0.33852562543305503,-0.5996068847876723,0.420863309352518,0.6805691240005796,-0.1694605094257496,-0.04985714948732713,0.036406266819614855,0.9172743037692116,0.010701111750756054,0.0,0.012232438495546116,0.07222593345100731,-1.1102230246251565e-16,0.005618362421842882,0.059183988666101084
D2.4,D2,bg,0,0,4,4,January,28,2013,Female,White,,NA,,NA,,,No,"$150,000 or more",0.3,0.7,bandit,6,8/25/20 13:58,0,8,4,2,4,1,0,0.7,0.0,1.0,2,1,19,0,4,0,0.33333,1,1,0.6666666666666666,0.05555555555555555,-0.999999984947842,-0.6666666666666666,-0.4666666666666666,0.628608659422374,-0.6909233093138181,0.5624999999999999,0.6853142072764582,-0.09393882346618045,-0.19314718051535087,0.0694345666869955,0.988166945554469,0.018865010593453913,5.551115123125783e-17,0.04511718749999999,0.0973802547608767,0.0,0.02346938767733342,0.04820963469496686
D2.5,D2,bg,0,0,4,4,January,28,2013,Female,White,,NA,,NA,,,No,"$150,000 or more",0.3,0.7,bandit,6,8/25/20 13:58,0,8,5,2,3,1,0,0.7,0.0,1.0,2,1,19,0,5,0,0.33333,1,2,0.59375,0.05996093749999999,-0.7142857142857143,-0.59375,-0.41562499999999997,0.5372123789391855,-0.6788405414022067,0.5133689839572192,0.6927896784912411,-0.06841932383907298,-0.09393882346618045,0.05510257994978083,1.0309216757312742,0.01600666601402434,0.018342245989304784,0.06426804812834219,0.12432582107310763,1.1102230246251565e-16,0.01481901845025424,0.039540933332995576
D2.6,D2,bg,0,0,4,4,January,28,2013,Female,White,,NA,,NA,,,No,"$150,000 or more",0.3,0.7,bandit,6,8/25/20 13:58,0,8,6,1,4,1,0,0.3,0.0,1.0,1,1,19,0,6,0,0.33333,0,3,0.3363309352517986,0.06242107033797423,-3.324562949461316e-16,-0.3363309352517986,-0.23543165467625898,0.2684438588858378,-0.5457566301170604,0.392378263937897,0.6698000343867989,-0.31724785272016875,-0.1694605094257496,0.02364311272114325,0.9771474727277741,0.007009556280260121,0.0,0.01753789990895649,0.1157175857371815,1.1102230246251565e-16,0.0027852297390043024,0.036723961302626784
D2.7,D2,bg,0,0,4,4,January,28,2013,Female,White,,NA,,NA,,,No,"$150,000 or more",0.3,0.7,bandit,6,8/25/20 13:58,0,8,7,1,2,0,0,0.3,0.0,1.0,1,1,19,0,7,0,0.33333,0,4,0.279181369089626,0.04955717505632367,-3.324562949461316e-16,-0.279181369089626,-0.19542695836273818,0.21744352532572367,-0.4939971112220449,0.3728685706266227,0.6604647503197693,-0.4669270480222721,-0.31724785272016875,0.015384672502538485,0.9341346914000688,0.008195836343511509,0.0,0.00998046142321607,0.11046074067489053,0.0,0.001334355288116873,0.035204143006737576
D2.8,D2,bg,0,0,4,4,January,28,2013,Female,White,,NA,,NA,,,No,"$150,000 or more",0.3,0.7,bandit,6,8/25/20 13:58,0,8,8,2,4,0,1,0.7,0.0,1.0,2,1,19,1,8,0,0.33333,2,2,0.5219251336898396,0.059144956961880525,0.5238095289430316,0.4780748663101604,0.6346524064171123,1.0069060673742722,-0.6564330821954864,0.0,0.0,-0.19334888655015944,-0.06841932383907298,0.0,0.83805482134011,0.0,0.0,0.02819544057377049,0.06872838596157577,0.0,0.025346906821584025,0.04574107398080196
D2.9,D2,bg,0,0,4,4,January,28,2013,Female,White,,NA,,NA,,,No,"$150,000 or more",0.3,0.7,bandit,6,8/25/20 13:58,0,8,9,2,4,1,0,0.7,0.0,1.0,2,1,19,0,9,0,0.33333,2,3,0.6352459016393442,0.04728231658156409,-0.7142857148437445,-0.6352459016393442,-0.44467213114754095,0.5881965849734463,-0.6870122784419204,0.5402214022140222,0.6899081595689575,-0.15524439974415,-0.19334888655015944,0.05227361377017173,0.8874327918098519,0.007600090958832961,0.0,0.04074319649446495,0.08707462755312517,0.0,0.01694783786822429,0.034001160029626165
D2.10,D2,bg,0,0,4,4,January,28,2013,Female,White,,NA,,NA,,,No,"$150,000 or more",0.3,0.7,bandit,6,8/25/20 13:58,0,8,10,2,4,0,1,0.7,0.0,1.0,2,1,19,1,10,0,0.33333,3,3,0.5756457564575646,0.047783254585313385,0.4285714285437118,0.42435424354243545,0.5970479704797048,0.9089377575688963,-0.6741904715742899,0.0,0.0,-0.27049867155290075,-0.15524439974415,0.0,0.8074596332932764,0.0,0.0,0.01933781550480762,0.059241294608013195,0.0,0.026183534536607378,0.046553917025914604
D2.11,D2,bg,0,0,4,4,January,28,2013,Female,White,,NA,,NA,,,No,"$150,000 or more",0.3,0.7,bandit,6,8/25/20 13:58,0,8,11,2,4,0,0,0.7,0.0,1.0,2,1,19,0,11,0,0.33333,3,4,0.6586538461538463,0.039465709237343854,-0.7142857142459534,-0.6586538461538463,-0.46105769230769234,0.6181467496232038,-0.6901111000621384,0.5566458519179305,0.6867158763883532,-0.23266054424133245,-0.27049867155290075,0.04898243375673989,0.8614814110318214,0.01157559444268974,-5.551115123125783e-17,0.02806752326172063,0.07399025508885393,0.0,0.018152569876850988,0.03855679503485776
D2.12,D2,bg,0,0,4,4,January,28,2013,Female,White,,NA,,NA,,,No,"$150,000 or more",0.3,0.7,bandit,6,8/25/20 13:58,0,8,12,2,4,0,0,0.7,0.0,1.0,2,1,19,0,12,0,0.33333,3,5,0.6073941916939242,0.04015149105953348,-0.612244897937408,-0.6073941916939242,-0.4251759341857469,0.5536912575008726,-0.6819077269415073,0.5218988171190122,0.6921877573072556,-0.23204795711695583,-0.23266054424133245,0.039248513343032164,0.896570201035154,0.003851568563966179,5.551115123125783e-17,0.03845794661947788,0.08925365638763766,0.0,0.011994020808655748,0.030309829107688424
D2.13,D2,bg,0,0,4,4,January,28,2013,Female,White,,NA,,NA,,,No,"$150,000 or more",0.3,0.7,bandit,6,8/25/20 13:58,0,8,13,1,4,0,0,0.3,0.0,1.0,1,1,19,0,13,0,0.33333,0,5,0.23606530535868828,0.038886415120984216,-3.324562949461316e-16,-0.23606530535868828,-0.1652457137510818,0.18061786540196245,-0.44826698798619047,0.35938719326388935,0.6530647926105785,-0.6068721402139434,-0.4669270480222721,0.010280655290413804,0.854145542938993,0.004865433742353709,0.0,0.0041874582130058124,0.08646462714026143,1.1102230246251565e-16,0.0006264767647728986,0.030735762161604785
D2.14,D2,bg,0,0,4,4,January,28,2013,Female,White,,NA,,NA,,,No,"$150,000 or more",0.3,0.7,bandit,6,8/25/20 13:58,0,8,14,1,4,0,0,0.3,0.0,1.0,1,1,19,0,14,0,0.33333,0,6,0.20345631965702995,0.030721348426171226,-3.324562949461316e-16,-0.20345631965702995,-0.14241942375992095,0.15364013789587988,-0.40933124792562936,0.3498213559305421,0.6473359812057708,-0.733891270595349,-0.6068721402139434,0.007140690214164802,0.8169726750083088,0.0017624634439696862,5.551115123125783e-17,0.002291376312774318,0.08479711830767023,-1.1102230246251565e-16,0.0002909575578294854,0.0304868611238861
D2.15,D2,bg,0,0,4,4,January,28,2013,Female,White,,NA,,NA,,,No,"$150,000 or more",0.3,0.7,bandit,6,8/25/20 13:58,0,8,15,1,4,1,0,0.3,0.0,1.0,1,1,19,0,15,0,0.33333,0,7,0.17838002421129504,0.024639008868067025,-3.324562949461316e-16,-0.17838002421129504,-0.12486601694790651,0.13337828085862052,-0.376509360186612,0.3428046514131793,0.6428782832701956,-0.8483851947647142,-0.733891270595349,0.005168063639247128,0.7884797259617473,0.001040698101088866,0.0,0.001258880276633012,0.08378341878340473,1.1102230246251565e-16,0.00013447730217497345,0.03049388341781689
D2.16,D2,bg,0,0,4,4,January,28,2013,Female,White,,NA,,NA,,,No,"$150,000 or more",0.3,0.7,bandit,6,8/25/20 13:58,0,8,16,2,4,0,1,0.7,0.0,1.0,2,1,19,1,16,0,0.33333,4,5,0.5584991550850087,0.038986467927786546,0.4642857146004118,0.4415008449149913,0.609050591440494,0.9391771172417491,-0.6691708750090459,0.0,0.0,-0.2983469826934861,-0.23204795711695583,0.0,0.7323704344311748,0.0,0.0,0.020356941501950887,0.06170575071641893,0.0,0.018834413864569965,0.03802914734065288
D2.17,D2,bg,0,0,4,4,January,28,2013,Female,White,,NA,,NA,,,No,"$150,000 or more",0.3,0.7,bandit,6,8/25/20 13:58,0,8,17,2,4,1,0,0.7,0.0,1.0,2,1,19,0,17,0,0.33333,4,6,0.6283049328965302,0.03473024233151331,-0.6349206351770149,-0.6283049328965302,-0.43981345302757113,0.5794854311313321,-0.6858847415822464,0.5355358882168324,0.690619451333321,-0.2949359932202241,-0.2983469826934861,0.037329236961389956,0.7658375729556844,0.005322306212292349,0.0,0.028057805304064043,0.07370015364368054,0.0,0.012847841136859106,0.03205682151555833
D2.18,D2,bg,0,0,4,4,January,28,2013,Female,White,,NA,,NA,,,No,"$150,000 or more",0.3,0.7,bandit,6,8/25/20 13:58,0,8,18,2,4,1,0,0.7,0.0,1.0,2,1,19,0,18,0,0.33333,4,7,0.584906586821547,0.034000202300490806,-0.5714285713705212,-0.584906586821547,-0.40943461077508286,0.5266749141241696,-0.6766521038017551,0.5079877782775801,0.6930195659277312,-0.3138238740887068,-0.2949359932202241,0.029764054093271125,0.7907038679542742,0.00406501904324541,0.0,0.03690744884794911,0.08576252431315473,1.1102230246251565e-16,0.00844908938674227,0.027663496941842558
D2.19,D2,bg,0,0,4,4,January,28,2013,Female,White,,NA,,NA,,,No,"$150,000 or more",0.3,0.7,bandit,6,8/25/20 13:58,0,8,19,2,4,0,1,0.7,0.0,1.0,2,1,19,1,19,0,0.33333,5,7,0.5446059832904462,0.032338031911770496,0.48051948136902956,0.4553940167095538,0.6187758116966877,0.9643676561634386,-0.6646602466243094,0.0,0.0,-0.35116401048360785,-0.3138238740887068,0.0,0.7476797823860898,0.0,0.0,0.021140537525565994,0.06666571712561425,0.0,0.013417801377578864,0.03264507045827025
D2.20,D2,bg,0,0,4,4,January,28,2013,Female,White,,NA,,NA,,,No,"$150,000 or more",0.3,0.7,bandit,6,8/25/20 13:58,0,8,20,2,4,0,1,0.7,0.0,1.0,2,1,19,1,20,0,0.33333,6,7,0.6039847505165936,0.030149450541386513,0.40476190619713626,0.3960152494834064,0.5772106746383845,0.8608812727938612,-0.6811763603689918,0.0,0.0,-0.40448951473474676,-0.35116401048360785,0.0,0.7024923179111137,0.0,0.0,0.011786878701196712,0.05241583523901655,0.0,0.0193396422096469,0.03854798515049307
D20.1,D20,bg,1,0,4,4,March,17,2011,Female,White,,NA,,NA,,,No,"$100,000 to $150,000",0.3,0.7,tycoon,19,8/20/20 11:38,1,8,1,1,4,0,1,0.3,0.125,1.0,1,2,20,1,1,0,0.33333,1,0,0.5,0.08333333333333334,NaN,0.5,0.3500000000000001,0.4307829160924544,-0.6474466390346325,0.46153846153846156,0.6901856760188042,-0.04985714948732713,-0.0,0.05414517848247718,1.080889095295541,0.01409433193494114,0.0,0.056089743589743724,0.13107336639004985,-1.1102230246251565e-16,0.010744810700342722,0.04891275394756722
D20.2,D20,bg,1,0,4,4,March,17,2011,Female,White,,NA,,NA,,,No,"$100,000 to $150,000",0.3,0.7,tycoon,19,8/20/20 11:38,1,8,2,2,4,0,1,0.7,0.125,1.0,2,2,20,1,2,0,0.33333,1,0,0.5,0.08333333333333334,NaN,0.5,0.3500000000000001,0.4307829160924544,-0.6474466390346325,0.46153846153846156,0.6901856760188042,-0.04985714948732713,-0.0,0.05414517848247718,1.0830403030048914,0.013293712192332219,0.028994082840236635,0.08195307245743222,0.14653679006128928,0.0,0.010744810700342944,0.04059899259159849
D20.3,D20,bg,1,0,4,4,March,17,2011,Female,White,,NA,,NA,,,No,"$100,000 to $150,000",0.3,0.7,tycoon,19,8/20/20 11:38,1,8,3,1,1,0,0,0.3,0.125,1.0,1,2,20,0,3,0,0.33333,1,1,0.5897435897435898,0.07527942143326759,-0.999999984947842,-0.5897435897435898,-0.7128205128205127,1.2476478678285972,-0.5996068847876724,0.0,0.0,-0.09393882346618043,-0.04985714948732713,0.0,1.027513187106257,0.0,0.0,0.025871763273449644,0.11022434808664228,0.0,0.02346938767733353,0.05331636572044118
D20.4,D20,bg,1,0,4,4,March,17,2011,Female,White,,NA,,NA,,,No,"$100,000 to $150,000",0.3,0.7,tycoon,19,8/20/20 11:38,1,8,4,2,1,1,1,0.7,0.125,1.0,2,2,20,1,4,0,0.33333,2,0,0.5897435897435898,0.07527942143326759,1.505215796449022e-8,0.41025641025641024,0.28717948717948727,0.33852562543305514,-0.5996068847876724,0.420863309352518,0.6805691240005796,-0.1694605094257496,-0.04985714948732713,0.03640626681961483,0.9589043178238688,0.01118521368965153,-1.1102230246251565e-16,0.03407149280575539,0.07953526666310473,-1.1102230246251565e-16,0.005618362421842882,0.04819872499055011
D20.5,D20,bg,1,0,4,4,March,17,2011,Female,White,,NA,,NA,,,No,"$100,000 to $150,000",0.3,0.7,tycoon,19,8/20/20 11:38,1,8,5,2,1,1,1,0.7,0.125,1.0,2,2,20,1,5,0,0.33333,3,0,0.6636690647482014,0.06242107033797422,1.505215796449022e-8,0.3363309352517986,0.23543165467625904,0.268443858885838,-0.5457566301170604,0.392378263937897,0.6698000343867989,-0.31724785272016875,-0.1694605094257496,0.02364311272114325,0.8823493557808337,0.008273882409961741,0.0,0.02004719477769923,0.05775109076782381,0.0,0.0027852297390043024,0.04537921768091935
D20.6,D20,bg,1,0,4,4,March,17,2011,Female,White,,NA,,NA,,,No,"$100,000 to $150,000",0.3,0.7,tycoon,19,8/20/20 11:38,1,8,6,2,1,0,1,0.7,0.125,1.0,2,2,20,1,6,0,0.33333,4,0,0.720818630910374,0.049557175056323656,1.505215796449022e-8,0.279181369089626,0.19542695836273816,0.21744352532572367,-0.4939971112220449,0.3728685706266227,0.6604647503197693,-0.4669270480222721,-0.31724785272016875,0.015384672502538485,0.8041380734237531,0.003735300005925035,0.0,0.011626066445629357,0.0427512820471897,-1.1102230246251565e-16,0.001334355288116873,0.04386947789756013
D20.7,D20,bg,1,0,4,4,March,17,2011,Female,White,,NA,,NA,,,No,"$100,000 to $150,000",0.3,0.7,tycoon,19,8/20/20 11:38,1,8,7,2,1,0,1,0.7,0.125,1.0,2,2,20,1,7,0,0.33333,5,0,0.7639346946413117,0.038886415120984216,1.505215796449022e-8,0.2360653053586883,0.16524571375108188,0.1806178654019626,-0.4482669879861906,0.35938719326388935,0.6530647926105785,-0.6068721402139434,-0.4669270480222721,0.010280655290413887,0.7347548734443803,0.002987201339429091,0.0,0.00672168995572775,0.03243148916191563,0.0,0.0006264767647728986,0.04315927520437712
D20.8,D20,bg,1,0,4,4,March,17,2011,Female,White,,NA,,NA,,,No,"$100,000 to $150,000",0.3,0.7,tycoon,19,8/20/20 11:38,1,8,8,2,1,1,1,0.7,0.125,1.0,2,2,20,1,8,0,0.33333,6,0,0.79654368034297,0.030721348426171222,1.505215796449022e-8,0.20345631965703004,0.142419423759921,0.15364013789587988,-0.40933124792562936,0.3498213559305421,0.6473359812057708,-0.733891270595349,-0.6068721402139434,0.007140690214164802,0.6738101906341407,0.0015803591462641986,0.0,0.003899166658881348,0.025236880044241294,1.1102230246251565e-16,0.0002909575578295964,0.042867144549842084
D20.9,D20,bg,1,0,4,4,March,17,2011,Female,White,,NA,,NA,,,No,"$100,000 to $150,000",0.3,0.7,tycoon,19,8/20/20 11:38,1,8,9,2,1,0,1,0.7,0.125,1.0,2,2,20,1,9,0,0.33333,7,0,0.8216199757887049,0.024639008868067025,1.505215796449022e-8,0.17838002421129506,0.12486601694790656,0.13337828085862052,-0.376509360186612,0.3428046514131793,0.6428782832701956,-0.8483851947647142,-0.733891270595349,0.005168063639247128,0.621289886689135,0.0012272903681840308,0.0,0.0022763224981737773,0.0200984069046084,-1.1102230246251565e-16,0.00013447730217497345,0.04272129189078888
D20.10,D20,bg,1,0,4,4,March,17,2011,Female,White,,NA,,NA,,,No,"$100,000 to $150,000",0.3,0.7,tycoon,19,8/20/20 11:38,1,8,10,2,1,1,1,0.7,0.125,1.0,2,2,20,1,10,0,0.33333,8,0,0.8413281650964677,0.020105567336820347,1.505215796449022e-8,0.15867183490353232,0.11107028443247269,0.117737106697666,-0.3487471907122933,0.33748449933240043,0.6393528446283399,-0.9518700138075946,-0.8483851947647142,0.0038855878989021916,0.5758839106888696,0.0009754738163222365,-2.220446049250313e-16,0.0013388211464797628,0.01635722855630506,-1.1102230246251565e-16,6.208726336354164e-5,0.0426444670263475
D20.11,D20,bg,1,0,4,4,March,17,2011,Female,White,,NA,,NA,,,No,"$100,000 to $150,000",0.3,0.7,tycoon,19,8/20/20 11:38,1,8,11,2,1,0,1,0.7,0.125,1.0,2,2,20,1,11,0,0.33333,9,0,0.8571605721915424,0.016681943353757375,1.505215796449022e-8,0.1428394278084576,0.09998759946592028,0.1053467373815475,-0.325055725778869,0.33332874060621376,0.6365109848114991,-1.0459800384016793,-0.9518700138075946,0.0030188368776117094,0.536005470719839,0.000686374936764933,1.1102230246251565e-16,0.000793302669737761,0.01352318833977384,0.0,2.8698256169135128e-5,0.04256281573569132
D20.12,D20,bg,1,0,4,4,March,17,2011,Female,White,,NA,,NA,,,No,"$100,000 to $150,000",0.3,0.7,tycoon,19,8/20/20 11:38,1,8,12,2,1,0,1,0.7,0.125,1.0,2,2,20,1,12,0,0.33333,10,0,0.8701352382524774,0.014050404245660245,1.505215796449022e-8,0.1298647617475226,0.09090533322326588,0.09530604635846003,-0.304627444872445,0.3299986359656837,0.6341776697192767,-1.132152519295117,-1.0459800384016793,0.0024104672082337006,0.5006251840567264,0.00037424656608031626,0.0,0.0004733372925120882,0.011356836336368525,0.0,1.329765313151654e-5,0.04255954989452404
D20.13,D20,bg,1,0,4,4,March,17,2011,Female,White,,NA,,NA,,,No,"$100,000 to $150,000",0.3,0.7,tycoon,19,8/20/20 11:38,1,8,13,2,1,1,1,0.7,0.125,1.0,2,2,20,1,13,0,0.33333,11,0,0.8809540048027575,0.01199050707709389,1.505215796449022e-8,0.11904599519724246,0.08333219663806979,0.08701013695920201,-0.28683325737150434,0.3272723214448389,0.6322300853604221,-1.211572608873105,-1.132152519295117,0.00196861056698144,0.46946867496459677,-0.00015506915923724218,-1.1102230246251565e-16,0.00028420233581927246,0.009666016152098722,-1.1102230246251565e-16,6.182914707442144e-6,0.04255738947040422
D20.14,D20,bg,1,0,4,4,March,17,2011,Female,White,,NA,,NA,,,No,"$100,000 to $150,000",0.3,0.7,tycoon,19,8/20/20 11:38,1,8,14,2,1,1,1,0.7,0.125,1.0,2,2,20,1,14,0,0.33333,12,0,0.8901103806710738,0.010350268966915117,1.505215796449022e-8,0.10988961932892616,0.07692273353024826,0.08004233566470789,-0.27118851974189034,0.3249998790971532,0.630580940019601,-1.2851999533044007,-1.211572608873105,0.0016380269651221635,0.44234725392300633,0.00016657796311358997,0.0,0.0001715967974444954,0.00831660778888188,0.0,2.8839414154546716e-6,0.04261150535456082
D20.15,D20,bg,1,0,4,4,March,17,2011,Female,White,,NA,,NA,,,No,"$100,000 to $150,000",0.3,0.7,tycoon,19,8/20/20 11:38,1,8,15,2,1,0,1,0.7,0.125,1.0,2,2,20,1,15,0,0.33333,13,0,0.8979593317177714,0.009023881609877705,1.505215796449022e-8,0.10204066828222857,0.07142846779756007,0.07410786055110048,-0.25731837473545466,0.3230768870206935,0.6291670111553258,-1.3538117535482221,-1.2851999533044007,0.0013843506194922556,0.41832229834581025,-4.7006844291763716e-5,-1.1102230246251565e-16,0.00010412027392558976,0.006806659502102574,1.1102230246251565e-16,1.3498790671917504e-6,0.042606124325072825
D20.16,D20,bg,1,0,4,4,March,17,2011,Female,White,,NA,,NA,,,No,"$100,000 to $150,000",0.3,0.7,tycoon,19,8/20/20 11:38,1,8,16,2,1,0,1,0.7,0.125,1.0,2,2,20,1,16,0,0.33333,14,0,0.9047619494029508,0.00793646661696622,1.505215796449022e-8,0.09523805059704915,0.06666663541793438,0.06899283800616743,-0.24492994432743154,0.32142856066689107,0.627941580698623,-1.4180421800387684,-1.3538117535482221,0.0011854509908115311,0.39719161210413334,0.0004541670146999133,0.0,6.345378274041913e-5,0.0054231487015072855,-1.1102230246251565e-16,6.341429561462775e-7,0.042583730263071495
D20.17,D20,bg,1,0,4,4,March,17,2011,Female,White,,NA,,NA,,,No,"$100,000 to $150,000",0.3,0.7,tycoon,19,8/20/20 11:38,1,8,17,2,1,0,1,0.7,0.125,1.0,2,2,20,1,17,0,0.33333,15,0,0.9107142991663862,0.007034051105953102,1.505215796449022e-8,0.08928570083361376,0.06249999058352973,0.06453851109333626,-0.23379163320618432,0.31999999678584484,0.6268694551496867,-1.4784138603463455,-1.4180421800387684,0.0010266044448053215,0.37773825262679905,0.00018094680542157793,0.0,3.8820438689968206e-5,0.005590249013846638,0.0,2.988314687923932e-7,0.042572646023066985
D20.18,D20,bg,1,0,4,4,March,17,2011,Female,White,,NA,,NA,,,No,"$100,000 to $150,000",0.3,0.7,tycoon,19,8/20/20 11:38,1,8,18,2,1,1,1,0.7,0.125,1.0,2,2,20,1,18,0,0.33333,16,0,0.9159663906060787,0.006277016823619926,1.505215796449022e-8,0.08403360939392135,0.05882352657574508,0.06062461880316399,-0.2237180682027176,0.3187499990395198,0.6259236493048378,-1.5353619556976494,-1.4784138603463455,0.0008977209700464402,0.36010306708298806,0.00012916635916115915,1.1102230246251565e-16,2.383193392818672e-5,0.0049713022510977645,-1.1102230246251565e-16,1.4125090341821078e-7,0.04257906265900646
D20.19,D20,bg,1,0,4,4,March,17,2011,Female,White,,NA,,NA,,,No,"$100,000 to $150,000",0.3,0.7,tycoon,19,8/20/20 11:38,1,8,19,2,1,0,1,0.7,0.125,1.0,2,2,20,1,19,0,0.33333,17,0,0.9206349218545777,0.005635781432863127,1.505215796449022e-8,0.07936507814542226,0.05555555470179563,0.05715841293596751,-0.21455915275752102,0.3176470585363825,0.6250831386965361,-1.5892523778299519,-1.5353619556976494,0.0007917014497940723,0.3441430980296405,6.532100856404544e-5,0.0,1.4675603907776669e-5,0.004447854328725631,0.0,6.695579191084988e-8,0.04252350875900235
D20.20,D20,bg,1,0,4,4,March,17,2011,Female,White,,NA,,NA,,,No,"$100,000 to $150,000",0.3,0.7,tycoon,19,8/20/20 11:38,1,8,20,2,1,0,1,0.7,0.125,1.0,2,2,20,1,20,0,0.33333,18,0,0.9248120304422179,0.005087907393354175,1.505215796449022e-8,0.07518796955778206,0.052631578690447434,0.05406722099908139,-0.2061920498906346,0.3166666665807884,0.6243313065053991,-1.6403956168100988,-1.5892523778299519,0.0007034336965772471,0.329156773955383,-0.0001646373852909333,-1.1102230246251565e-16,9.0622304965704e-6,0.003999071193452108,-1.1102230246251565e-16,3.219126043507714e-8,0.04253555103224649
D22.1,D22,gb,3,3,2,3,March,13,2014,Female,White,,NA,,NA,,,No,"$150,000 or more",0.7,0.3,bandit,3,8/18/20 11:30,6,5,1,2,3,0,0,0.3,0.625,0.75,2,1,21,0,1,0,0.33333,0,1,0.5,0.08333333333333334,NaN,-0.5,-0.35,0.4307829160924542,-0.6474466390346325,0.46153846153846156,0.6901856760188042,-0.04985714948732713,-0.0,0.05414517848247718,1.0796200787151622,0.018796586003682503,0.0,0.05608974358974361,0.1563382907162265,1.1102230246251565e-16,0.010744810700342833,0.04891275394756689
D22.2,D22,gb,3,3,2,3,March,13,2014,Female,White,,NA,,NA,,,No,"$150,000 or more",0.7,0.3,bandit,3,8/18/20 11:30,6,5,2,1,3,0,1,0.7,0.625,0.75,1,1,21,1,2,0,0.33333,1,0,0.5,0.08333333333333334,NaN,0.5,0.65,1.0498221244986778,-0.6474466390346325,0.0,0.0,-0.19314718051535087,-0.0,0.0,0.9834546805647766,0.0,0.0,0.02916666666666673,0.08100465964317666,0.0,0.03446712009808306,0.06432290630777049
D22.3,D22,gb,3,3,2,3,March,13,2014,Female,White,,NA,,NA,,,No,"$150,000 or more",0.7,0.3,bandit,3,8/18/20 11:30,6,5,3,2,2,1,0,0.3,0.625,0.75,2,1,21,0,3,0,0.33333,0,2,0.41025641025641024,0.0752794214332676,-3.324562949461316e-16,-0.41025641025641024,-0.28717948717948716,0.33852562543305503,-0.5996068847876723,0.420863309352518,0.6805691240005796,-0.1694605094257496,-0.04985714948732713,0.036406266819614855,0.9140176050595723,0.010804430697855416,0.0,0.012232438495546116,0.07222898673909944,-1.1102230246251565e-16,0.005618362421842882,0.059183988666101195
D22.4,D22,gb,3,3,2,3,March,13,2014,Female,White,,NA,,NA,,,No,"$150,000 or more",0.7,0.3,bandit,3,8/18/20 11:30,6,5,4,1,2,0,1,0.7,0.625,0.75,1,1,21,1,4,0,0.33333,2,0,0.6666666666666666,0.05555555555555555,1.505215796449022e-8,0.33333333333333337,0.5333333333333334,0.7621400520468968,-0.6909233093138181,0.0,0.0,-0.4319456220025853,-0.19314718051535087,0.0,0.7944512729668531,0.0,0.0,0.010937500000000044,0.043427368375420605,0.0,0.030369290483701517,0.05509240340306887
D22.5,D22,gb,3,3,2,3,March,13,2014,Female,White,,NA,,NA,,,No,"$150,000 or more",0.7,0.3,bandit,3,8/18/20 11:30,6,5,5,2,4,1,0,0.3,0.625,0.75,2,1,21,0,5,0,0.33333,0,3,0.3363309352517986,0.06242107033797423,-3.324562949461316e-16,-0.3363309352517986,-0.23543165467625898,0.2684438588858378,-0.5457566301170604,0.392378263937897,0.6698000343867989,-0.31724785272016875,-0.1694605094257496,0.02364311272114325,0.7285964654706062,0.006601219171155193,0.0,0.0029565791504939654,0.039887231201458095,-1.1102230246251565e-16,0.0027852297390043024,0.05227842505500868
D22.6,D22,gb,3,3,2,3,March,13,2014,Female,White,,NA,,NA,,,No,"$150,000 or more",0.7,0.3,bandit,3,8/18/20 11:30,6,5,6,1,4,0,0,0.7,0.625,0.75,1,1,21,0,6,0,0.33333,2,1,0.7499999999999999,0.0375,-0.999999984947842,-0.7499999999999999,-0.5249999999999999,0.7444404749474957,-0.69189665920508,0.6315789473684211,0.6581099875431142,-0.2864603556777799,-0.4319456220025853,0.07289196076611207,0.8136778231651344,0.015686674793515487,-1.6653345369377348e-16,0.018190789473684077,0.05473902971561212,0.010526315789473828,0.03563193689134747,0.057540142880693534
D22.7,D22,gb,3,3,2,3,March,13,2014,Female,White,,NA,,NA,,,No,"$150,000 or more",0.7,0.3,bandit,3,8/18/20 11:30,6,5,7,2,1,0,0,0.3,0.625,0.75,2,1,21,0,7,0,0.33333,0,4,0.279181369089626,0.04955717505632367,-3.324562949461316e-16,-0.279181369089626,-0.19542695836273818,0.21744352532572367,-0.4939971112220449,0.3728685706266227,0.6604647503197693,-0.4669270480222721,-0.31724785272016875,0.015384672502538485,0.7635672953604079,0.004851168777298298,0.0,0.00242729199493974,0.052081289767719474,-1.1102230246251565e-16,0.001334355288116873,0.05600345142766694
D22.8,D22,gb,3,3,2,3,March,13,2014,Female,White,,NA,,NA,,,No,"$150,000 or more",0.7,0.3,bandit,3,8/18/20 11:30,6,5,8,1,1,0,0,0.7,0.625,0.75,1,1,21,0,8,0,0.33333,2,2,0.6947368421052633,0.04365650969529086,-0.952380952198459,-0.6947368421052633,-0.4863157894736843,0.6661465787414395,-0.6927726185565874,0.5840163934426229,0.6789624752751795,-0.19334888655015944,-0.2864603556777799,0.06368976016050117,0.8326425390587107,0.013245666847428339,5.551115123125783e-17,0.02819544057377049,0.06872838596157554,1.1102230246251565e-16,0.025346906821584025,0.04574107398080196
D22.9,D22,gb,3,3,2,3,March,13,2014,Female,White,,NA,,NA,,,No,"$150,000 or more",0.7,0.3,bandit,3,8/18/20 11:30,6,5,9,2,2,0,0,0.3,0.625,0.75,2,1,21,0,9,0,0.33333,0,5,0.23606530535868828,0.038886415120984216,-3.324562949461316e-16,-0.23606530535868828,-0.1652457137510818,0.18061786540196245,-0.44826698798619047,0.35938719326388935,0.6530647926105785,-0.6068721402139434,-0.4669270480222721,0.010280655290413804,0.7937684977704688,0.003856818233948678,0.0,0.0021109196405185715,0.06660705944031992,-1.1102230246251565e-16,0.0006264767647730096,0.04504047186608173
D22.10,D22,gb,3,3,2,3,March,13,2014,Female,White,,NA,,NA,,,No,"$150,000 or more",0.7,0.3,bandit,3,8/18/20 11:30,6,5,10,1,2,0,0,0.7,0.625,0.75,1,1,21,0,10,0,0.33333,2,3,0.6352459016393442,0.04728231658156409,-0.7142857148437445,-0.6352459016393442,-0.44467213114754095,0.5881965849734463,-0.6870122784419204,0.5402214022140222,0.6899081595689575,-0.15524439974415,-0.19334888655015944,0.05227361377017173,0.8424809496161827,0.0065199321258812,0.0,0.04074319649446495,0.08439562799895584,1.1102230246251565e-16,0.016947837868224402,0.033369423582783386
D22.11,D22,gb,3,3,2,3,March,13,2014,Female,White,,NA,,NA,,,No,"$150,000 or more",0.7,0.3,bandit,3,8/18/20 11:30,6,5,11,1,2,0,0,0.7,0.625,0.75,1,1,21,0,11,0,0.33333,2,4,0.5756457564575646,0.047783254585313385,-0.5714285714562882,-0.5756457564575646,-0.4029520295202952,0.5157578162553096,-0.6741904715742899,0.5024721878862793,0.6931349570842507,-0.16347278440718951,-0.15524439974415,0.04080248582851541,0.8822904895630035,0.014259736570306103,0.012870828182941885,0.05518984423284906,0.10261270968679298,0.0,0.010714598831219058,0.030416027606717133
D22.12,D22,gb,3,3,2,3,March,13,2014,Female,White,,NA,,NA,,,No,"$150,000 or more",0.7,0.3,bandit,3,8/18/20 11:30,6,5,12,1,2,1,0,0.7,0.625,0.75,1,1,21,0,12,0,0.33333,2,5,0.5196229913473425,0.04560793367823767,-0.47619047745101006,-0.5196229913473425,-0.3637360939431397,0.45214185507827664,-0.6555375630656881,0.47150246484858793,0.6915220810334448,-0.20362825923782923,-0.16347278440718951,0.030843711778198547,0.8948192345556256,0.0029845701345722064,0.006476602151582189,0.04930747436749716,0.09891218001088875,-1.1102230246251565e-16,0.00646249760522466,0.02621423503550202
D22.13,D22,gb,3,3,2,3,March,13,2014,Female,White,,NA,,NA,,,No,"$150,000 or more",0.7,0.3,bandit,3,8/18/20 11:30,6,5,13,2,1,0,0,0.3,0.625,0.75,2,1,21,0,13,0,0.33333,0,6,0.20345631965702995,0.030721348426171226,-3.324562949461316e-16,-0.20345631965702995,-0.14241942375992095,0.15364013789587988,-0.40933124792562936,0.3498213559305421,0.6473359812057708,-0.733891270595349,-0.6068721402139434,0.007140690214164802,0.8650270199298171,0.004781319556227626,0.0,0.0038991666588811813,0.09655822637259326,0.0,0.0002909575578295964,0.025858165363552676
D22.14,D22,gb,3,3,2,3,March,13,2014,Female,White,,NA,,NA,,,No,"$150,000 or more",0.7,0.3,bandit,3,8/18/20 11:30,6,5,14,2,4,1,0,0.3,0.625,0.75,2,1,21,0,14,0,0.33333,0,7,0.17838002421129504,0.024639008868067025,-3.324562949461316e-16,-0.17838002421129504,-0.12486601694790651,0.13337828085862052,-0.376509360186612,0.3428046514131793,0.6428782832701956,-0.8483851947647142,-0.733891270595349,0.005168063639247128,0.8342141373816363,0.0011491882760162886,0.0,0.0022763224981737773,0.09506588336912469,1.1102230246251565e-16,0.00013447730217497345,0.02572052482392473
D22.15,D22,gb,3,3,2,3,March,13,2014,Female,White,,NA,,NA,,,No,"$150,000 or more",0.7,0.3,bandit,3,8/18/20 11:30,6,5,15,1,4,1,0,0.7,0.625,0.75,1,1,21,0,15,0,0.33333,2,6,0.4694464006734824,0.04180549502855063,-0.4081632652444335,-0.4694464006734824,-0.32861248047143765,0.3984087833361684,-0.6331916582986538,0.44683583068487076,0.6874836226981821,-0.2618168853573195,-0.20362825923782923,0.023017317163043654,0.8382995647856354,0.004620164458978393,0.0,0.03457500435926297,0.08052854879995691,1.1102230246251565e-16,0.0037550782567964403,0.02153502202543489
D22.16,D22,gb,3,3,2,3,March,13,2014,Female,White,,NA,,NA,,,No,"$150,000 or more",0.7,0.3,bandit,3,8/18/20 11:30,6,5,16,2,1,0,0,0.3,0.625,0.75,2,1,21,0,16,0,0.33333,0,8,0.15867183490353248,0.020105567336820347,-3.324562949461316e-16,-0.15867183490353248,-0.11107028443247273,0.117737106697666,-0.3487471907122933,0.33748449933240043,0.6393528446283399,-0.9518700138075946,-0.8483851947647142,0.0038855878989021916,0.8163538886565297,0.0021108430759660957,0.0,0.0013388211464796518,0.07939030771724354,0.0,6.208726336365267e-5,0.021114392279635075
D22.17,D22,gb,3,3,2,3,March,13,2014,Female,White,,NA,,NA,,,No,"$150,000 or more",0.7,0.3,bandit,3,8/18/20 11:30,6,5,17,2,2,0,0,0.3,0.625,0.75,2,1,21,0,17,0,0.33333,0,9,0.14283942780845757,0.01668194335375738,-3.324562949461316e-16,-0.14283942780845757,-0.0999875994659203,0.1053467373815475,-0.325055725778869,0.33332874060621376,0.6365109848114991,-1.0459800384016793,-0.9518700138075946,0.0030188368776117094,0.7953286396519839,0.0005306793178763147,0.0,0.0007933026697375389,0.07862502440513336,1.1102230246251565e-16,2.869825616924615e-5,0.022038670563703233
D22.18,D22,gb,3,3,2,3,March,13,2014,Female,White,,NA,,NA,,,No,"$150,000 or more",0.7,0.3,bandit,3,8/18/20 11:30,6,5,18,1,3,0,1,0.7,0.625,0.75,1,1,21,1,18,0,0.33333,3,6,0.4258592834441749,0.03740388601427415,0.6428571375350609,0.5741407165558251,0.7018985015890775,1.21032125177293,-0.6092471136463906,0.0,0.0,-0.2581358322404613,-0.2618168853573195,0.0,0.7688319465586289,0.0,0.0,0.050076976868332235,0.096711052818727,0.0,0.007603174371418109,0.026386542047858064
D22.19,D22,gb,3,3,2,3,March,13,2014,Female,White,,NA,,NA,,,No,"$150,000 or more",0.7,0.3,bandit,3,8/18/20 11:30,6,5,19,1,4,1,0,0.7,0.625,0.75,1,1,21,0,19,0,0.33333,3,7,0.5136908453436054,0.036582874441575465,-0.4761904768745908,-0.5136908453436054,-0.3595835917405238,0.44563667629606324,-0.6531782320549671,0.46844521178859255,0.6911544472276554,-0.30054682659624304,-0.2581358322404613,0.02361773156665936,0.7803700940581813,0.003368402122232439,0.004489387662585109,0.04403343047018615,0.09170445089717516,0.0,0.004658377691200699,0.023746555790836732
D22.20,D22,gb,3,3,2,3,March,13,2014,Female,White,,NA,,NA,,,No,"$150,000 or more",0.7,0.3,bandit,3,8/18/20 11:30,6,5,20,2,3,1,0,0.3,0.625,0.75,2,1,21,0,20,0,0.33333,0,10,0.12986476174752257,0.014050404245660245,-3.324562949461316e-16,-0.12986476174752257,-0.09090533322326579,0.0953060463584599,-0.30462744487244475,0.3299986359656837,0.6341776697192767,-1.132152519295117,-1.0459800384016793,0.0024104672082337006,0.7646515366821411,0.0003431643978837329,0.0,0.0004733372925118662,0.09131490232649353,1.1102230246251565e-16,1.3297653131627563e-5,0.023740770571250236
D23.1,D23,bg,4,4,4,4,September,6,2013,Female,White,,NA,,NA,,,No,"$150,000 or more",0.7,0.3,tycoon,16,8/12/20 11:37,8,8,1,1,3,1,1,0.7,1.0,1.0,1,2,22,1,1,0,0.33333,1,0,0.5,0.08333333333333334,NaN,0.5,0.3500000000000001,0.4307829160924544,-0.6474466390346325,0.46153846153846156,0.6901856760188042,-0.04985714948732713,-0.0,0.05414517848247718,1.080889095295541,0.01409433193494114,0.0,0.056089743589743724,0.13107336639004985,-1.1102230246251565e-16,0.010744810700342722,0.04891275394756722
D23.2,D23,bg,4,4,4,4,September,6,2013,Female,White,,NA,,NA,,,No,"$150,000 or more",0.7,0.3,tycoon,16,8/12/20 11:37,8,8,2,1,4,1,1,0.7,1.0,1.0,1,2,22,1,2,0,0.33333,2,0,0.5897435897435898,0.07527942143326759,1.505215796449022e-8,0.41025641025641024,0.28717948717948727,0.33852562543305514,-0.5996068847876724,0.420863309352518,0.6805691240005796,-0.1694605094257496,-0.04985714948732713,0.03640626681961483,1.0376090912334721,0.009559642694166648,-1.1102230246251565e-16,0.03407149280575539,0.09687372448489084,-1.1102230246251565e-16,0.005618362421843104,0.04378612586327624
D23.3,D23,bg,4,4,4,4,September,6,2013,Female,White,,NA,,NA,,,No,"$150,000 or more",0.7,0.3,tycoon,16,8/12/20 11:37,8,8,3,2,4,0,0,0.3,1.0,1.0,2,2,22,0,3,0,0.33333,0,1,0.5,0.08333333333333334,NaN,-0.5,-0.6499999999999999,1.0498221244986774,-0.6474466390346325,0.0,0.0,-0.19314718051535087,-0.0,0.0,0.8994630449527017,0.0,0.0,0.008877226385814896,0.07359233345851723,0.0,0.03446712009808306,0.05918908184737548
D23.4,D23,bg,4,4,4,4,September,6,2013,Female,White,,NA,,NA,,,No,"$150,000 or more",0.7,0.3,tycoon,16,8/12/20 11:37,8,8,4,1,4,0,1,0.7,1.0,1.0,1,2,22,1,4,0,0.33333,3,0,0.6636690647482014,0.06242107033797422,1.505215796449022e-8,0.3363309352517986,0.23543165467625904,0.268443858885838,-0.5457566301170604,0.392378263937897,0.6698000343867989,-0.31724785272016875,-0.1694605094257496,0.02364311272114325,0.8184619828196473,0.007302738642977369,0.0,0.02004719477769923,0.05329336934391671,-1.1102230246251565e-16,0.0027852297390041914,0.056371270446252675
D23.5,D23,bg,4,4,4,4,September,6,2013,Female,White,,NA,,NA,,,No,"$150,000 or more",0.7,0.3,tycoon,16,8/12/20 11:37,8,8,5,1,4,0,1,0.7,1.0,1.0,1,2,22,1,5,0,0.33333,4,0,0.720818630910374,0.049557175056323656,1.505215796449022e-8,0.279181369089626,0.19542695836273816,0.21744352532572367,-0.4939971112220449,0.3728685706266227,0.6604647503197693,-0.4669270480222721,-0.31724785272016875,0.015384672502538485,0.7421616498682883,0.004068593692478584,0.0,0.011626066445629357,0.0393761866190242,1.1102230246251565e-16,0.001334355288117095,0.0548422085186302
D23.6,D23,bg,4,4,4,4,September,6,2013,Female,White,,NA,,NA,,,No,"$150,000 or more",0.7,0.3,tycoon,16,8/12/20 11:37,8,8,6,2,4,1,1,0.3,1.0,1.0,2,2,22,1,6,0,0.33333,1,1,0.3333333333333333,0.05555555555555555,0.9999999999999997,0.6666666666666667,0.4666666666666667,0.6286086594223742,-0.6909233093138181,0.5624999999999999,0.6853142072764582,-0.09393882346618043,-0.19314718051535087,0.06943456668699552,0.801015643876184,0.007074280663638577,0.0,0.0052798633823635255,0.04275128204718992,-1.1102230246251565e-16,0.02346938767733331,0.043869477897559794
D23.7,D23,bg,4,4,4,4,September,6,2013,Female,White,,NA,,NA,,,No,"$150,000 or more",0.7,0.3,tycoon,16,8/12/20 11:37,8,8,7,1,1,0,0,0.7,1.0,1.0,1,2,22,0,7,0,0.33333,4,1,0.7639346946413117,0.038886415120984216,-0.999999984947842,-0.7639346946413117,-0.8347542862489181,1.800321738552958,-0.4482669879861906,0.0,0.0,-0.17234810551209429,-0.4669270480222721,0.0,1.0251651289128882,0.0,0.0,0.036400986190240014,0.09500074624965893,0.0,0.004910265140283143,0.047481318390883986
D23.8,D23,bg,4,4,4,4,September,6,2013,Female,White,,NA,,NA,,,No,"$150,000 or more",0.7,0.3,tycoon,16,8/12/20 11:37,8,8,8,2,3,0,1,0.3,1.0,1.0,2,2,22,1,8,0,0.33333,2,1,0.40624999999999994,0.059960937500000006,0.7142857142857144,0.59375,0.41562500000000013,0.5372123789391858,-0.6788405414022067,0.5133689839572192,0.6927896784912411,-0.06841932383907297,-0.09393882346618043,0.055102579949780864,1.065489224363223,0.009911937664531578,0.0,0.03581530731438831,0.10358422258904865,-1.1102230246251565e-16,0.014819018450254018,0.03882936497276701
D23.9,D23,bg,4,4,4,4,September,6,2013,Female,White,,NA,,NA,,,No,"$150,000 or more",0.7,0.3,tycoon,16,8/12/20 11:37,8,8,9,1,4,0,0,0.7,1.0,1.0,1,2,22,0,9,0,0.33333,4,2,0.5992073321773594,0.04762632238369273,-0.7142857143225786,-0.5992073321773594,-0.7194451325241515,1.270985967173236,-0.593476605198166,0.0,0.0,-0.1634727844071895,-0.17234810551209429,0.0,1.092658976768118,0.0,0.0,0.05518984423284912,0.1425603726439849,0.0,0.010714598831218947,0.04462235685006988
D23.10,D23,bg,4,4,4,4,September,6,2013,Female,White,,NA,,NA,,,No,"$150,000 or more",0.7,0.3,tycoon,16,8/12/20 11:37,8,8,10,1,4,0,1,0.7,1.0,1.0,1,2,22,1,10,0,0.33333,5,2,0.48037700865265753,0.04560793367823767,0.4761904749682757,0.5196229913473425,0.36373609394313977,0.45214185507827664,-0.6555375630656881,0.4715024648485879,0.6915220810334448,-0.20362825923782918,-0.1634727844071895,0.030843711778198588,1.0934121933260623,0.006041540580136617,0.006476602151581856,0.04930747436749705,0.13067326630889486,-1.1102230246251565e-16,0.006462497605224771,0.040362081237577674
D23.11,D23,bg,4,4,4,4,September,6,2013,Female,White,,NA,,NA,,,No,"$150,000 or more",0.7,0.3,tycoon,16,8/12/20 11:37,8,8,11,1,4,1,1,0.7,1.0,1.0,1,2,22,1,11,0,0.33333,6,2,0.5305535993265176,0.04180549502855063,0.4081632652507492,0.4694464006734824,0.32861248047143765,0.3984087833361684,-0.6331916582986538,0.44683583068487076,0.6874836226981821,-0.2618168853573194,-0.20362825923782918,0.023017317163043654,1.0819322816473373,0.0030935488220089624,0.0,0.03457500435926286,0.10947718807599838,0.0,0.0037550782567964403,0.037660729558445016
D23.12,D23,bg,4,4,4,4,September,6,2013,Female,White,,NA,,NA,,,No,"$150,000 or more",0.7,0.3,tycoon,16,8/12/20 11:37,8,8,12,1,4,0,1,0.7,1.0,1.0,1,2,22,1,12,0,0.33333,7,2,0.5741407165558251,0.03740388601427415,0.35714285717432626,0.4258592834441749,0.2981014984109225,0.35396647004063503,-0.6092471136463906,0.4274122245891805,0.682571878377868,-0.32792102780953847,-0.2618168853573194,0.017233904192596534,1.0646165887664716,0.0039042164520437517,-2.220446049250313e-16,0.02392097920554459,0.09231359999682498,0.0,0.0021207633021401717,0.03600382227055565
D23.13,D23,bg,4,4,4,4,September,6,2013,Female,White,,NA,,NA,,,No,"$150,000 or more",0.7,0.3,tycoon,16,8/12/20 11:37,8,8,13,1,4,1,1,0.7,1.0,1.0,1,2,22,1,13,0,0.33333,8,2,0.6114434321916543,0.03308472734605146,0.31746031753158344,0.3885565678083457,0.27198959746584195,0.31743994169226863,-0.5852277123049061,0.41208202376740644,0.6776073759493211,-0.3958724616618888,-0.32792102780953847,0.01309086640026002,1.0408090373586827,0.0023794672215093904,0.0,0.016406831736663463,0.07850637211288847,1.1102230246251565e-16,0.0011726960853377655,0.03484365363011066
D23.14,D23,bg,4,4,4,4,September,6,2013,Female,White,,NA,,NA,,,No,"$150,000 or more",0.7,0.3,tycoon,16,8/12/20 11:37,8,8,14,1,4,1,1,0.7,1.0,1.0,1,2,22,1,14,0,0.33333,9,2,0.643255215459613,0.029176601373650357,0.285714285461102,0.35674478454038705,0.24972134917827105,0.28731060702463446,-0.5620288082937425,0.3998514414230373,0.6729513857094505,-0.46256299777774856,-0.3958724616618888,0.010147024843377067,1.013537392342489,0.0014861504572007966,0.0,0.01119072221535855,0.0673541450711076,0.0,0.0006384457634258656,0.03428434731717045
D23.15,D23,bg,4,4,4,4,September,6,2013,Female,White,,NA,,NA,,,No,"$150,000 or more",0.7,0.3,tycoon,16,8/12/20 11:37,8,8,15,1,4,0,1,0.7,1.0,1.0,1,2,22,1,15,0,0.33333,10,2,0.6704765963947984,0.025777243540539473,0.25974025970418724,0.3295234036052016,0.23066638252364124,0.2622305706856366,-0.5400802861010708,0.3899478629103567,0.6687247595814424,-0.5266446998921088,-0.46256299777774856,0.008039585727500995,0.985215640078493,0.00157733350789524,-1.1102230246251565e-16,0.007605270726265045,0.05829103274659175,-2.220446049250313e-16,0.0003436337620833507,0.0336675072166418
D23.16,D23,bg,4,4,4,4,September,6,2013,Female,White,,NA,,NA,,,No,"$150,000 or more",0.7,0.3,tycoon,16,8/12/20 11:37,8,8,16,1,4,0,0,0.7,1.0,1.0,1,2,22,0,16,0,0.33333,10,3,0.6939307521322889,0.022869769850113825,-0.7619047619664717,-0.6939307521322889,-0.7857515264926023,1.5406188463492434,-0.5195314487021592,0.0,0.0,-0.4595994196778481,-0.5266446998921088,0.0,1.0624651541284473,0.0,0.0,0.016589189816751615,0.08554509931652743,0.0,0.0009313079896616783,0.03482739517995681
D23.17,D23,bg,4,4,4,4,September,6,2013,Female,White,,NA,,NA,,,No,"$150,000 or more",0.7,0.3,tycoon,16,8/12/20 11:37,8,8,17,1,4,0,1,0.7,1.0,1.0,1,2,22,1,17,0,0.33333,11,3,0.6192098515209391,0.024842371877137875,0.32967032974956145,0.3807901484790609,0.2665531039353426,0.3100000820231563,-0.5798002582785912,0.4090275677893841,0.6765026600286179,-0.5127508702071348,-0.4595994196778481,0.009117214294092471,1.044348202688635,0.0014677511638918617,0.0,0.011824685682769731,0.07547209831280255,1.1102230246251565e-16,0.0005279848877829396,0.03442542683454064
D23.18,D23,bg,4,4,4,4,September,6,2013,Female,White,,NA,,NA,,,No,"$150,000 or more",0.7,0.3,tycoon,16,8/12/20 11:37,8,8,18,1,4,0,1,0.7,1.0,1.0,1,2,22,1,18,0,0.33333,12,3,0.6429193530639977,0.022468746068071664,0.3061224497265307,0.3570806469360023,0.24995645285520163,0.2876240112776324,-0.5622872981332572,0.39997677620454747,0.6730022494468806,-0.5641220447148434,-0.5127508702071348,0.00749241068439474,1.0240832911873647,0.0009232087216530793,0.0,0.008392260499225035,0.06699087437346474,0.0,0.0002962985802765772,0.034088633192752016
D23.19,D23,bg,4,4,4,4,September,6,2013,Female,White,,NA,,NA,,,No,"$150,000 or more",0.7,0.3,tycoon,16,8/12/20 11:37,8,8,19,1,4,1,1,0.7,1.0,1.0,1,2,22,1,19,0,0.33333,13,3,0.6638889651718849,0.020384649139404167,0.28571428376935537,0.3361110348281151,0.23527772437968064,0.26824254947480763,-0.5455752512158857,0.3922992824508076,0.6697654806298171,-0.6135006967109544,-0.5641220447148434,0.0062582226204704605,1.0027378086980203,0.0010477739674046305,0.0,0.0059344542495238795,0.05979554434533674,1.1102230246251565e-16,0.00016492273844248562,0.03397338774953451
D23.20,D23,bg,4,4,4,4,September,6,2013,Female,White,,NA,,NA,,,No,"$150,000 or more",0.7,0.3,tycoon,16,8/12/20 11:37,8,8,20,1,4,0,1,0.7,1.0,1.0,1,2,22,1,20,0,0.33333,14,3,0.6825483593761509,0.018558957743402795,0.2678571428027805,0.3174516406238491,0.22221614843669446,0.25130661915857594,-0.5296985899373461,0.3857112736360049,0.6667909780776754,-0.6608747314242582,-0.6135006967109544,0.005303482411314606,0.9804110367772627,0.000606090792733549,-1.1102230246251565e-16,0.004182964347296703,0.05365579465909853,0.0,9.118225139170821e-5,0.03390701545885644
D24.1,D24,gb,2,1,3,2,September,6,2013,Female,White,,NA,,NA,,,No,"$150,000 or more",0.3,0.7,bandit,7,8/12/20 11:19,3,5,1,1,1,1,0,0.3,0.375,0.625,1,1,23,0,1,0,0.33333,0,1,0.5,0.08333333333333334,NaN,-0.5,-0.35,0.4307829160924542,-0.6474466390346325,0.46153846153846156,0.6901856760188042,-0.04985714948732713,-0.0,0.05414517848247718,1.080623401661814,0.01977679773001184,0.0,0.05608974358974361,0.15628713806233663,1.1102230246251565e-16,0.010744810700342833,0.04891275394756678
D24.2,D24,gb,2,1,3,2,September,6,2013,Female,White,,NA,,NA,,,No,"$150,000 or more",0.3,0.7,bandit,7,8/12/20 11:19,3,5,2,2,1,1,0,0.7,0.375,0.625,2,1,23,0,2,0,0.33333,0,1,0.5,0.08333333333333334,NaN,-0.5,-0.35,0.4307829160924542,-0.6474466390346325,0.46153846153846156,0.6901856760188042,-0.04985714948732713,-0.0,0.05414517848247718,1.0774829680724232,0.01833391056308087,0.0,0.05608974358974361,0.13394708446621661,-1.1102230246251565e-16,0.010744810700342833,0.04059899259159849
D24.3,D24,gb,2,1,3,2,September,6,2013,Female,White,,NA,,NA,,,No,"$150,000 or more",0.3,0.7,bandit,7,8/12/20 11:19,3,5,3,2,4,1,0,0.7,0.375,0.625,2,1,23,0,3,0,0.33333,0,2,0.41025641025641024,0.0752794214332676,-3.324562949461316e-16,-0.41025641025641024,-0.28717948717948716,0.33852562543305503,-0.5996068847876723,0.420863309352518,0.6805691240005796,-0.1694605094257496,-0.04985714948732713,0.036406266819614855,1.0455201040633426,0.011477758818744244,0.0,0.03407149280575539,0.11787199351686334,-1.1102230246251565e-16,0.005618362421842993,0.035483488395948504
D24.4,D24,gb,2,1,3,2,September,6,2013,Female,White,,NA,,NA,,,No,"$150,000 or more",0.3,0.7,bandit,7,8/12/20 11:19,3,5,4,2,4,0,0,0.7,0.375,0.625,2,1,23,0,4,0,0.33333,0,3,0.3363309352517986,0.06242107033797423,-3.324562949461316e-16,-0.3363309352517986,-0.23543165467625898,0.2684438588858378,-0.5457566301170604,0.392378263937897,0.6698000343867989,-0.31724785272016875,-0.1694605094257496,0.02364311272114325,1.002694490716361,0.006496279322973142,0.0,0.020047194777699395,0.10705173688561159,1.1102230246251565e-16,0.0027852297390043024,0.03259836740961519
D24.5,D24,gb,2,1,3,2,September,6,2013,Female,White,,NA,,NA,,,No,"$150,000 or more",0.3,0.7,bandit,7,8/12/20 11:19,3,5,5,1,4,0,1,0.3,0.375,0.625,1,1,23,1,5,0,0.33333,1,1,0.41025641025641024,0.0752794214332676,0.9999999999999997,0.5897435897435898,0.7128205128205128,1.2476478678285976,-0.5996068847876723,0.0,0.0,-0.09393882346618045,-0.04985714948732713,0.0,0.9271789397209037,0.0,0.0,0.04511718749999999,0.09039353608658879,0.0,0.02346938767733342,0.04537921768091946
D24.6,D24,gb,2,1,3,2,September,6,2013,Female,White,,NA,,NA,,,No,"$150,000 or more",0.3,0.7,bandit,7,8/12/20 11:19,3,5,6,1,3,0,0,0.3,0.375,0.625,1,1,23,0,6,0,0.33333,1,2,0.59375,0.05996093749999999,-0.7142857142857143,-0.59375,-0.41562499999999997,0.5372123789391855,-0.6788405414022067,0.5133689839572192,0.6927896784912411,-0.06841932383907298,-0.09393882346618045,0.05510257994978083,0.9747909790629148,0.015209687354616142,0.018342245989304784,0.06426804812834219,0.1157175857371816,1.1102230246251565e-16,0.01481901845025424,0.036723961302626895
D24.7,D24,gb,2,1,3,2,September,6,2013,Female,White,,NA,,NA,,,No,"$150,000 or more",0.3,0.7,bandit,7,8/12/20 11:19,3,5,7,2,1,0,1,0.7,0.375,0.625,2,1,23,1,7,0,0.33333,1,3,0.279181369089626,0.04955717505632367,0.9999999999999997,0.720818630910374,0.8045730416372618,1.6325685838808557,-0.4939971112220449,0.0,0.0,-0.10203826854156678,-0.31724785272016875,0.0,1.086972820793991,0.0,0.0,0.04865188397952902,0.13784712833328416,0.0,0.008758474689475104,0.04263381354362694
D24.8,D24,gb,2,1,3,2,September,6,2013,Female,White,,NA,,NA,,,No,"$150,000 or more",0.3,0.7,bandit,7,8/12/20 11:19,3,5,8,1,1,0,0,0.3,0.375,0.625,1,1,23,0,8,0,0.33333,1,3,0.5219251336898396,0.059144956961880525,-0.47619047105696843,-0.5219251336898396,-0.3653475935828877,0.45467782143196556,-0.6564330821954864,0.4726996966632962,0.6916558259082752,-0.10203826854156678,-0.06841932383907298,0.04106553663963941,1.0863905376720442,0.011792416924297777,0.007254802831142604,0.05471699106841926,0.13654008058240813,0.0,0.008758474689474993,0.036598005543963086
D24.9,D24,gb,2,1,3,2,September,6,2013,Female,White,,NA,,NA,,,No,"$150,000 or more",0.3,0.7,bandit,7,8/12/20 11:19,3,5,9,2,4,0,1,0.7,0.375,0.625,2,1,23,1,9,0,0.33333,2,3,0.4566902595214021,0.05432581676727339,0.6428571428387222,0.5433097404785979,0.6803168183350186,1.140424830915753,-0.6266304181662299,0.0,0.0,-0.15524439974415,-0.10203826854156678,0.0,1.0680173483190805,0.0,0.0,0.04074319649446495,0.11000827465590668,0.0,0.016947837868224402,0.04482337583217233
D24.10,D24,gb,2,1,3,2,September,6,2013,Female,White,,NA,,NA,,,No,"$150,000 or more",0.3,0.7,bandit,7,8/12/20 11:19,3,5,10,2,3,1,0,0.7,0.375,0.625,2,1,23,0,10,0,0.33333,2,4,0.5756457564575646,0.047783254585313385,-0.5714285714562882,-0.5756457564575646,-0.4029520295202952,0.5157578162553096,-0.6741904715742899,0.5024721878862793,0.6931349570842507,-0.16347278440718951,-0.15524439974415,0.04080248582851541,1.0865656455892707,0.010734260762875536,0.012870828182941885,0.05518984423284906,0.1332166313326389,0.0,0.010714598831218836,0.038547389690878675
D24.11,D24,gb,2,1,3,2,September,6,2013,Female,White,,NA,,NA,,,No,"$150,000 or more",0.3,0.7,bandit,7,8/12/20 11:19,3,5,11,1,4,1,0,0.3,0.375,0.625,1,1,23,0,11,0,0.33333,1,4,0.4566902595214021,0.05432581676727339,-0.3571428571612778,-0.4566902595214021,-0.31968318166498144,0.38519667999782625,-0.6266304181662299,0.44097101808273476,0.6861620599669113,-0.17234810551209448,-0.10203826854156678,0.029483822867364253,1.0562071064719454,0.009211183173436277,0.0,0.032297543198664125,0.12227473815169065,1.1102230246251565e-16,0.004910265140283476,0.03471644653717487
D24.12,D24,gb,2,1,3,2,September,6,2013,Female,White,,NA,,NA,,,No,"$150,000 or more",0.3,0.7,bandit,7,8/12/20 11:19,3,5,12,1,4,0,0,0.3,0.375,0.625,1,1,23,0,12,0,0.33333,1,5,0.4007926678226405,0.04762632238369273,-0.28571428565276774,-0.4007926678226405,-0.28055486747584835,0.32927501334684905,-0.5934766051981659,0.41698801817931413,0.6793011794347656,-0.25972748712260824,-0.17234810551209448,0.02092826724170399,1.0173755552475956,0.005966738050234843,0.0,0.02070407819395964,0.11460147026345635,-1.1102230246251565e-16,0.002646806822436787,0.03245377806815697
D24.13,D24,gb,2,1,3,2,September,6,2013,Female,White,,NA,,NA,,,No,"$150,000 or more",0.3,0.7,bandit,7,8/12/20 11:19,3,5,13,2,4,1,0,0.7,0.375,0.625,2,1,23,0,13,0,0.33333,2,5,0.5196229913473425,0.04560793367823767,-0.47619047745101006,-0.5196229913473425,-0.3637360939431397,0.45214185507827664,-0.6555375630656881,0.47150246484858793,0.6915220810334448,-0.20362825923782923,-0.16347278440718951,0.030843711778198547,1.0324271131611074,0.007466207892121712,0.006476602151582189,0.04930747436749716,0.11308405630872853,-1.1102230246251565e-16,0.006462497605224438,0.028247511457427987
D24.14,D24,gb,2,1,3,2,September,6,2013,Female,White,,NA,,NA,,,No,"$150,000 or more",0.3,0.7,bandit,7,8/12/20 11:19,3,5,14,2,4,0,1,0.7,0.375,0.625,2,1,23,1,14,0,0.33333,3,5,0.4694464006734824,0.04180549502855063,0.5918367347555664,0.5305535993265176,0.6713875195285623,1.1128760933593866,-0.6331916582986538,0.0,0.0,-0.23204795711695583,-0.20362825923782923,0.0,0.9920559233513477,0.0,0.0,0.03845794661947788,0.09650024946163466,0.0,0.011994020808655748,0.03375899786435077
D24.15,D24,gb,2,1,3,2,September,6,2013,Female,White,,NA,,NA,,,No,"$150,000 or more",0.3,0.7,bandit,7,8/12/20 11:19,3,5,15,1,4,0,0,0.3,0.375,0.625,1,1,23,0,15,0,0.33333,1,6,0.35445358766010193,0.040759615127719986,-0.23809523619478093,-0.35445358766010193,-0.24811751136207133,0.2851752323520988,-0.5602575535492536,0.398998519760002,0.6726035116269359,-0.35155401751617876,-0.25972748712260824,0.014991388876458553,0.9487325478150395,0.0034571823549451874,0.0,0.009527711631861668,0.0918974563170381,0.0,0.0013876500814309356,0.03226878380741771
D24.16,D24,gb,2,1,3,2,September,6,2013,Female,White,,NA,,NA,,,No,"$150,000 or more",0.3,0.7,bandit,7,8/12/20 11:19,3,5,16,2,4,0,1,0.7,0.375,0.625,2,1,23,1,16,0,0.33333,4,5,0.5584991550850087,0.038986467927786546,0.4642857146004118,0.4415008449149913,0.609050591440494,0.9391771172417491,-0.6691708750090459,0.0,0.0,-0.2983469826934861,-0.23204795711695583,0.0,0.8829551035727192,0.0,0.0,0.020356941501950887,0.06725646802261798,0.0,0.018834413864570188,0.039298388845335874
D24.17,D24,gb,2,1,3,2,September,6,2013,Female,White,,NA,,NA,,,No,"$150,000 or more",0.3,0.7,bandit,7,8/12/20 11:19,3,5,17,2,4,0,1,0.7,0.375,0.625,2,1,23,1,17,0,0.33333,5,5,0.6283049328965302,0.03473024233151331,0.3650793648229851,0.3716950671034698,0.5601865469724289,0.8214046123625717,-0.6858847415822464,0.0,0.0,-0.38411710724963666,-0.2983469826934861,0.0,0.8055628283911176,0.0,0.0,0.010548418655924374,0.05023820979741439,0.0,0.026459458231194333,0.04692393848240328
D24.18,D24,gb,2,1,3,2,September,6,2013,Female,White,,NA,,NA,,,No,"$150,000 or more",0.3,0.7,bandit,7,8/12/20 11:19,3,5,18,1,4,0,0,0.3,0.375,0.625,1,1,23,0,18,0,0.33333,1,7,0.31650652675555746,0.034610861210659885,-0.20408163583323682,-0.31650652675555746,-0.2215545687288902,0.2504563848711786,-0.5288684970379889,0.3853834680616408,0.666638198458469,-0.4413493542953925,-0.35155401751617876,0.010976855356239927,0.7652499926534289,0.002861713790922593,0.0,0.0015523020940369503,0.04860604221135251,0.0,0.0007138511185814655,0.046209754868118846
D24.19,D24,gb,2,1,3,2,September,6,2013,Female,White,,NA,,NA,,,No,"$150,000 or more",0.3,0.7,bandit,7,8/12/20 11:19,3,5,19,2,4,1,0,0.7,0.375,0.625,2,1,23,0,19,0,0.33333,5,6,0.6835810265783105,0.030205750355547747,-0.7142857143342739,-0.6835810265783105,-0.47850671860481736,0.6510588878550133,-0.6922229735150216,0.5752710738619524,0.6817725179342675,-0.35486078857672304,-0.38411710724963666,0.042856173299471965,0.8175897572315162,0.0067094878174174255,0.0,0.01529314631711981,0.05920071172084157,0.0,0.019192567427813723,0.03894302808621164
D24.20,D24,gb,2,1,3,2,September,6,2013,Female,White,,NA,,NA,,,No,"$150,000 or more",0.3,0.7,bandit,7,8/12/20 11:19,3,5,20,2,4,0,1,0.7,0.375,0.625,2,1,23,1,20,0,0.33333,6,6,0.6430358728760126,0.030676045103135853,0.3506493507130455,0.3569641271239874,0.5498748889867913,0.7982297103856163,-0.6881638882064027,0.0,0.0,-0.4289701042578927,-0.35486078857672304,0.0,0.7495383408423747,0.0,0.0,0.008149946542352238,0.0456566303239202,0.0,0.02624704697994773,0.045994544949341964
D25.1,D25,gb,0,0,0,0,April,26,2014,Male,White,,NA,,NA,,,No,"$150,000 or more",0.3,0.7,bandit,6,8/14/20 7:13,0,0,1,2,1,0,0,0.7,0.0,0.0,2,1,24,0,1,0,0.33333,0,1,0.5,0.08333333333333334,NaN,-0.5,-0.35,0.4307829160924542,-0.6474466390346325,0.46153846153846156,0.6901856760188042,-0.04985714948732713,-0.0,0.05414517848247718,1.0796200787151622,0.018796586003682503,0.0,0.05608974358974361,0.1563382907162265,1.1102230246251565e-16,0.010744810700342833,0.04891275394756689
D25.2,D25,gb,0,0,0,0,April,26,2014,Male,White,,NA,,NA,,,No,"$150,000 or more",0.3,0.7,bandit,6,8/14/20 7:13,0,0,2,2,4,0,1,0.7,0.0,0.0,2,1,24,1,2,0,0.33333,1,1,0.41025641025641024,0.0752794214332676,0.9999999999999997,0.5897435897435898,0.7128205128205128,1.2476478678285976,-0.5996068847876723,0.0,0.0,-0.09393882346618045,-0.04985714948732713,0.0,1.0843423277533633,0.0,0.0,0.04511718749999999,0.12433418811819402,0.0,0.02346938767733342,0.06162331679358746
D25.3,D25,gb,0,0,0,0,April,26,2014,Male,White,,NA,,NA,,,No,"$150,000 or more",0.3,0.7,bandit,6,8/14/20 7:13,0,0,3,2,4,0,0,0.7,0.0,0.0,2,1,24,0,3,0,0.33333,1,2,0.59375,0.05996093749999999,-0.7142857142857143,-0.59375,-0.41562499999999997,0.5372123789391855,-0.6788405414022067,0.5133689839572192,0.6927896784912411,-0.06841932383907298,-0.09393882346618045,0.05510257994978083,1.0986016796801064,0.01592634539758153,0.018342245989304784,0.06426804812834219,0.15635028470933132,-1.1102230246251565e-16,0.01481901845025424,0.05297072771820566
D25.4,D25,gb,0,0,0,0,April,26,2014,Male,White,,NA,,NA,,,No,"$150,000 or more",0.3,0.7,bandit,6,8/14/20 7:13,0,0,4,2,1,1,0,0.7,0.0,0.0,2,1,24,0,4,0,0.33333,1,3,0.5219251336898396,0.059144956961880525,-0.47619047105696843,-0.5219251336898396,-0.3653475935828877,0.45467782143196556,-0.6564330821954864,0.4726996966632962,0.6916558259082752,-0.10203826854156678,-0.06841932383907298,0.04106553663963941,1.0890795724781333,0.010465146758299682,0.007254802831142604,0.05471699106841926,0.15742137506826304,0.0,0.008758474689474993,0.046918917689852346
D25.5,D25,gb,0,0,0,0,April,26,2014,Male,White,,NA,,NA,,,No,"$150,000 or more",0.3,0.7,bandit,6,8/14/20 7:13,0,0,5,2,1,0,0,0.7,0.0,0.0,2,1,24,0,5,0,0.33333,1,4,0.4566902595214021,0.05432581676727339,-0.3571428571612778,-0.4566902595214021,-0.31968318166498144,0.38519667999782625,-0.6266304181662299,0.44097101808273476,0.6861620599669113,-0.17234810551209448,-0.10203826854156678,0.029483822867364253,1.0647718495388654,0.003753658279831429,0.0,0.036400986190240237,0.14660362628230206,0.0,0.004910265140283365,0.04306006723942768
D25.6,D25,gb,0,0,0,0,April,26,2014,Male,White,,NA,,NA,,,No,"$150,000 or more",0.3,0.7,bandit,6,8/14/20 7:13,0,0,6,2,1,1,0,0.7,0.0,0.0,2,1,24,0,6,0,0.33333,1,5,0.4007926678226405,0.04762632238369273,-0.28571428565276774,-0.4007926678226405,-0.28055486747584835,0.32927501334684905,-0.5934766051981659,0.41698801817931413,0.6793011794347656,-0.25972748712260824,-0.17234810551209448,0.02092826724170399,1.0341623733419008,0.004315937587795693,0.0,0.023717553942940006,0.13884585098118568,0.0,0.002646806822436787,0.04079339942540483
D25.7,D25,gb,0,0,0,0,April,26,2014,Male,White,,NA,,NA,,,No,"$150,000 or more",0.3,0.7,bandit,6,8/14/20 7:13,0,0,7,1,1,0,0,0.3,0.0,0.0,1,1,24,0,7,0,0.33333,0,1,0.5,0.08333333333333334,NaN,-0.5,-0.35,0.4307829160924542,-0.6474466390346325,0.46153846153846156,0.6901856760188042,-0.04985714948732713,-0.0,0.05414517848247718,1.0509274388973957,0.02343282884718323,0.0,0.05608974358974361,0.11353574070304817,0.0,0.010744810700342944,0.032495050994838626
D25.8,D25,gb,0,0,0,0,April,26,2014,Male,White,,NA,,NA,,,No,"$150,000 or more",0.3,0.7,bandit,6,8/14/20 7:13,0,0,8,1,1,1,0,0.3,0.0,0.0,1,1,24,0,8,0,0.33333,0,2,0.41025641025641024,0.0752794214332676,-3.324562949461316e-16,-0.41025641025641024,-0.28717948717948716,0.33852562543305503,-0.5996068847876723,0.420863309352518,0.6805691240005796,-0.1694605094257496,-0.04985714948732713,0.036406266819614855,1.0266131907590708,0.011607113858554508,0.0,0.03407149280575539,0.0951227416648785,-1.1102230246251565e-16,0.005618362421842993,0.027339509363324854
D25.9,D25,gb,0,0,0,0,April,26,2014,Male,White,,NA,,NA,,,No,"$150,000 or more",0.3,0.7,bandit,6,8/14/20 7:13,0,0,9,1,1,0,0,0.3,0.0,0.0,1,1,24,0,9,0,0.33333,0,3,0.3363309352517986,0.06242107033797423,-3.324562949461316e-16,-0.3363309352517986,-0.23543165467625898,0.2684438588858378,-0.5457566301170604,0.392378263937897,0.6698000343867989,-0.31724785272016875,-0.1694605094257496,0.02364311272114325,0.9886513156688722,0.010819135285566661,0.0,0.020047194777699395,0.08258163913965122,-1.1102230246251565e-16,0.0027852297390043024,0.02227408735897296
D25.10,D25,gb,0,0,0,0,April,26,2014,Male,White,,NA,,NA,,,No,"$150,000 or more",0.3,0.7,bandit,6,8/14/20 7:13,0,0,10,1,1,0,0,0.3,0.0,0.0,1,1,24,0,10,0,0.33333,0,4,0.279181369089626,0.04955717505632367,-3.324562949461316e-16,-0.279181369089626,-0.19542695836273818,0.21744352532572367,-0.4939971112220449,0.3728685706266227,0.6604647503197693,-0.4669270480222721,-0.31724785272016875,0.015384672502538485,0.9414601307735442,0.00265917020287032,0.0,0.011626066445629524,0.07451169344268288,0.0,0.001334355288116984,0.02096895718747338
D25.11,D25,gb,0,0,0,0,April,26,2014,Male,White,,NA,,NA,,,No,"$150,000 or more",0.3,0.7,bandit,6,8/14/20 7:13,0,0,11,2,4,0,1,0.7,0.0,0.0,2,1,24,1,11,0,0.33333,2,5,0.35445358766010193,0.040759615127719986,0.7619047638052191,0.6455464123398981,0.7518824886379287,1.3938528089046636,-0.5602575535492536,0.0,0.0,-0.20362825923782923,-0.25972748712260824,0.0,0.9403870118487538,0.0,0.0,0.04930747436749716,0.10270104511241218,0.0,0.006462497605224771,0.026922963506831543
D25.12,D25,gb,0,0,0,0,April,26,2014,Male,White,,NA,,NA,,,No,"$150,000 or more",0.3,0.7,bandit,6,8/14/20 7:13,0,0,12,2,1,1,0,0.7,0.0,0.0,2,1,24,0,12,0,0.33333,2,6,0.4694464006734824,0.04180549502855063,-0.4081632652444335,-0.4694464006734824,-0.32861248047143765,0.3984087833361684,-0.6331916582986538,0.44683583068487076,0.6874836226981821,-0.2618168853573195,-0.20362825923782923,0.023017317163043654,0.9461269216188724,0.00448882085345903,0.0,0.03457500435926297,0.08922235825047548,0.0,0.0037550782567964403,0.022719662882153213
D25.13,D25,gb,0,0,0,0,April,26,2014,Male,White,,NA,,NA,,,No,"$150,000 or more",0.3,0.7,bandit,6,8/14/20 7:13,0,0,13,2,1,0,1,0.7,0.0,0.0,2,1,24,1,13,0,0.33333,3,6,0.4258592834441749,0.03740388601427415,0.6428571375350609,0.5741407165558251,0.7018985015890775,1.21032125177293,-0.6092471136463906,0.0,0.0,-0.2581358322404613,-0.2618168853573195,0.0,0.9288329908147566,0.0,0.0,0.050076976868332235,0.10444290648082466,0.0,0.007603174371417998,0.027335629178466325
D25.14,D25,gb,0,0,0,0,April,26,2014,Male,White,,NA,,NA,,,No,"$150,000 or more",0.3,0.7,bandit,6,8/14/20 7:13,0,0,14,2,1,0,1,0.7,0.0,0.0,2,1,24,1,14,0,0.33333,4,6,0.5136908453436054,0.036582874441575465,0.5238095231254092,0.48630915465639457,0.6404164082594762,1.0228086066233688,-0.6531782320549671,0.0,0.0,-0.2949359932202241,-0.2581358322404613,0.0,0.8778928322810404,0.0,0.0,0.028057805304064043,0.07847909433611838,0.0,0.012847841136858773,0.03319794240460505
D25.15,D25,gb,0,0,0,0,April,26,2014,Male,White,,NA,,NA,,,No,"$150,000 or more",0.3,0.7,bandit,6,8/14/20 7:13,0,0,15,2,1,1,0,0.7,0.0,0.0,2,1,24,0,15,0,0.33333,4,7,0.584906586821547,0.034000202300490806,-0.5714285713705212,-0.584906586821547,-0.40943461077508286,0.5266749141241696,-0.6766521038017551,0.5079877782775801,0.6930195659277312,-0.3138238740887068,-0.2949359932202241,0.029764054093271125,0.9028808272664917,0.001009770894801254,0.0,0.03690744884794911,0.09140886263914244,0.0,0.008449089386742048,0.028826464206968216
D25.16,D25,gb,0,0,0,0,April,26,2014,Male,White,,NA,,NA,,,No,"$150,000 or more",0.3,0.7,bandit,6,8/14/20 7:13,0,0,16,2,1,0,1,0.7,0.0,0.0,2,1,24,1,16,0,0.33333,5,7,0.5446059832904462,0.032338031911770496,0.48051948136902956,0.4553940167095538,0.6187758116966877,0.9643676561634386,-0.6646602466243094,0.0,0.0,-0.35116401048360785,-0.3138238740887068,0.0,0.8582576766332451,0.0,0.0,0.021140537525565994,0.0709485501425377,0.0,0.013417801377578975,0.033763402507033025
D25.17,D25,gb,0,0,0,0,April,26,2014,Male,White,,NA,,NA,,,No,"$150,000 or more",0.3,0.7,bandit,6,8/14/20 7:13,0,0,17,2,1,1,0,0.7,0.0,0.0,2,1,24,0,17,0,0.33333,5,8,0.6039847505165936,0.030149450541386513,-0.5952380938028637,-0.6039847505165936,-0.4227893253616155,0.549547958423935,-0.6811763603689918,0.5197409077507902,0.692367571064237,-0.36618220180554006,-0.35116401048360785,0.028643145394438074,0.889014857227127,0.0040182821626286724,1.1102230246251565e-16,0.02799180912842647,0.08215875749893825,-1.1102230246251565e-16,0.009080232444264147,0.029437978151247823
D25.18,D25,gb,0,0,0,0,April,26,2014,Male,White,,NA,,NA,,,No,"$150,000 or more",0.3,0.7,bandit,6,8/14/20 7:13,0,0,18,2,1,0,0,0.7,0.0,0.0,2,1,24,0,18,0,0.33333,5,9,0.5674216440006019,0.028914710956309028,-0.5494505496512291,-0.5674216440006019,-0.39719515080042134,0.5061617678036616,-0.6718579956944423,0.4976735014629504,0.6931363553299976,-0.39338171983947023,-0.36618220180554006,0.02303089937704541,0.9118605943663072,0.0029716905474035382,-1.1102230246251565e-16,0.03568648543237435,0.09321167227857324,0.0,0.005976272407905103,0.02633585207566702
D25.19,D25,gb,0,0,0,0,April,26,2014,Male,White,,NA,,NA,,,No,"$150,000 or more",0.3,0.7,bandit,6,8/14/20 7:13,0,0,19,2,1,0,1,0.7,0.0,0.0,2,1,24,1,19,0,0.33333,6,9,0.5338447779612995,0.027276556311992873,0.48979591968004665,0.4661552220387005,0.6263086554270905,0.9843251041908005,-0.6608910882256023,0.0,0.0,-0.4144818569913739,-0.39338171983947023,0.0,0.8726981051817045,0.0,0.0,0.021695464172607315,0.07528454277544433,0.0,0.009552025338133041,0.029903439492615536
D25.20,D25,gb,0,0,0,0,April,26,2014,Male,White,,NA,,NA,,,No,"$150,000 or more",0.3,0.7,bandit,6,8/14/20 7:13,0,0,20,2,1,1,0,0.7,0.0,0.0,2,1,24,0,20,0,0.33333,6,10,0.584939323488483,0.02612317334642409,-0.5714285711606556,-0.584939323488483,-0.40945752644193806,0.5267137178060011,-0.676660496796947,0.5080074904561528,0.6930189352707561,-0.4377835338309317,-0.4144818569913739,0.02237517991321788,0.8966597937312544,0.002811006486834522,1.1102230246251565e-16,0.02784673251019415,0.08508105164174878,-1.1102230246251565e-16,0.006451302444807627,0.026768381613627046
D26.1,D26,bg,4,3,3,3,October,26,2010,Male,White,,NA,,NA,,,No,"$150,000 or more",0.7,0.3,bandit,3,8/14/20 6:59,7,6,1,2,1,1,0,0.3,0.75,0.875,2,1,25,0,1,0,0.33333,0,1,0.5,0.08333333333333334,NaN,-0.5,-0.35,0.4307829160924542,-0.6474466390346325,0.46153846153846156,0.6901856760188042,-0.04985714948732713,-0.0,0.05414517848247718,1.0796200787151622,0.018796586003682503,0.0,0.05608974358974361,0.1563382907162265,1.1102230246251565e-16,0.010744810700342833,0.04891275394756689
D26.2,D26,bg,4,3,3,3,October,26,2010,Male,White,,NA,,NA,,,No,"$150,000 or more",0.7,0.3,bandit,3,8/14/20 6:59,7,6,2,1,1,0,0,0.7,0.75,0.875,1,1,25,0,2,0,0.33333,0,1,0.5,0.08333333333333334,NaN,-0.5,-0.35,0.4307829160924542,-0.6474466390346325,0.46153846153846156,0.6901856760188042,-0.04985714948732713,-0.0,0.05414517848247718,1.0774829680724232,0.018548510990538336,0.0,0.05608974358974361,0.13394708446621661,-1.1102230246251565e-16,0.010744810700342833,0.04059899259159849
D26.3,D26,bg,4,3,3,3,October,26,2010,Male,White,,NA,,NA,,,No,"$150,000 or more",0.7,0.3,bandit,3,8/14/20 6:59,7,6,3,2,1,0,0,0.3,0.75,0.875,2,1,25,0,3,0,0.33333,0,2,0.41025641025641024,0.0752794214332676,-3.324562949461316e-16,-0.41025641025641024,-0.28717948717948716,0.33852562543305503,-0.5996068847876723,0.420863309352518,0.6805691240005796,-0.1694605094257496,-0.04985714948732713,0.036406266819614855,1.0455201040633426,0.011477758818744244,0.0,0.03407149280575539,0.11787199351686334,-1.1102230246251565e-16,0.005618362421842993,0.035483488395948504
D26.4,D26,bg,4,3,3,3,October,26,2010,Male,White,,NA,,NA,,,No,"$150,000 or more",0.7,0.3,bandit,3,8/14/20 6:59,7,6,4,2,1,1,0,0.3,0.75,0.875,2,1,25,0,4,0,0.33333,0,3,0.3363309352517986,0.06242107033797423,-3.324562949461316e-16,-0.3363309352517986,-0.23543165467625898,0.2684438588858378,-0.5457566301170604,0.392378263937897,0.6698000343867989,-0.31724785272016875,-0.1694605094257496,0.02364311272114325,1.002694490716361,0.006496279322973142,0.0,0.020047194777699395,0.10705173688561159,1.1102230246251565e-16,0.0027852297390043024,0.03259836740961519
D26.5,D26,bg,4,3,3,3,October,26,2010,Male,White,,NA,,NA,,,No,"$150,000 or more",0.7,0.3,bandit,3,8/14/20 6:59,7,6,5,2,1,0,0,0.3,0.75,0.875,2,1,25,0,5,0,0.33333,0,4,0.279181369089626,0.04955717505632367,-3.324562949461316e-16,-0.279181369089626,-0.19542695836273818,0.21744352532572367,-0.4939971112220449,0.3728685706266227,0.6604647503197693,-0.4669270480222721,-0.31724785272016875,0.015384672502538485,0.9691033117660213,0.004422817206221508,0.0,0.011626066445629524,0.10034071741528872,-1.1102230246251565e-16,0.001334355288117095,0.03113354722695294
D26.6,D26,bg,4,3,3,3,October,26,2010,Male,White,,NA,,NA,,,No,"$150,000 or more",0.7,0.3,bandit,3,8/14/20 6:59,7,6,6,2,1,0,1,0.3,0.75,0.875,2,1,25,1,6,0,0.33333,1,4,0.23606530535868828,0.038886415120984216,0.9999999999999997,0.7639346946413117,0.8347542862489182,1.8003217385529584,-0.44826698798619047,0.0,0.0,-0.17234810551209448,-0.4669270480222721,0.0,1.07235499137868,0.0,0.0,0.036400986190240237,0.12300018571551002,0.0,0.004910265140283476,0.03475385775975315
D26.7,D26,bg,4,3,3,3,October,26,2010,Male,White,,NA,,NA,,,No,"$150,000 or more",0.7,0.3,bandit,3,8/14/20 6:59,7,6,7,2,1,0,0,0.3,0.75,0.875,2,1,25,0,7,0,0.33333,1,5,0.4007926678226405,0.04762632238369273,-0.28571428565276774,-0.4007926678226405,-0.28055486747584835,0.32927501334684905,-0.5934766051981659,0.41698801817931413,0.6793011794347656,-0.25972748712260824,-0.17234810551209448,0.02092826724170399,1.0509274388973957,0.0046684659651548,0.0,0.023717553942940006,0.11353574070304817,0.0,0.002646806822436898,0.032495050994838626
D26.8,D26,bg,4,3,3,3,October,26,2010,Male,White,,NA,,NA,,,No,"$150,000 or more",0.7,0.3,bandit,3,8/14/20 6:59,7,6,8,2,1,0,0,0.3,0.75,0.875,2,1,25,0,8,0,0.33333,1,6,0.35445358766010193,0.040759615127719986,-0.23809523619478093,-0.35445358766010193,-0.24811751136207133,0.2851752323520988,-0.5602575535492536,0.398998519760002,0.6726035116269359,-0.35155401751617876,-0.25972748712260824,0.014991388876458553,1.0250555787303357,0.002936421026745295,0.0,0.015273006466915373,0.10675489945960331,1.1102230246251565e-16,0.0013876500814310466,0.031162526318888606
D26.9,D26,bg,4,3,3,3,October,26,2010,Male,White,,NA,,NA,,,No,"$150,000 or more",0.7,0.3,bandit,3,8/14/20 6:59,7,6,9,1,1,0,1,0.7,0.75,0.875,1,1,25,1,9,0,0.33333,1,1,0.41025641025641024,0.0752794214332676,0.9999999999999997,0.5897435897435898,0.7128205128205128,1.2476478678285976,-0.5996068847876723,0.0,0.0,-0.09393882346618045,-0.04985714948732713,0.0,0.9336404488246344,0.0,0.0,0.04511718749999999,0.08945794102220211,0.0,0.02346938767733331,0.04394744484172908
D26.10,D26,bg,4,3,3,3,October,26,2010,Male,White,,NA,,NA,,,No,"$150,000 or more",0.7,0.3,bandit,3,8/14/20 6:59,7,6,10,2,1,1,0,0.3,0.75,0.875,2,1,25,0,10,0,0.33333,1,7,0.31650652675555746,0.034610861210659885,-0.20408163583323682,-0.31650652675555746,-0.2215545687288902,0.2504563848711786,-0.5288684970379889,0.3853834680616408,0.666638198458469,-0.4413493542953925,-0.35155401751617876,0.010976855356239927,0.8968972334991276,0.002130291419151442,0.0,0.0040956591043280755,0.08665896624279595,-1.1102230246251565e-16,0.0007138511185812435,0.04324886742368328
D26.11,D26,bg,4,3,3,3,October,26,2010,Male,White,,NA,,NA,,,No,"$150,000 or more",0.7,0.3,bandit,3,8/14/20 6:59,7,6,11,2,1,1,0,0.3,0.75,0.875,2,1,25,0,11,0,0.33333,1,8,0.28538346806164083,0.02944389701638426,-0.1785714285171736,-0.28538346806164083,-0.19976842764314856,0.22285412775518473,-0.5000812284566654,0.3748914818699748,0.6615077791930253,-0.5264631123002028,-0.4413493542953925,0.00826209354982646,0.8656822452756855,0.0014207223457546325,-5.551115123125783e-17,0.0023787474320874358,0.08474728739543497,0.0,0.000362631031714189,0.042910126611614086
D26.12,D26,bg,4,3,3,3,October,26,2010,Male,White,,NA,,NA,,,No,"$150,000 or more",0.7,0.3,bandit,3,8/14/20 6:59,7,6,12,2,1,0,0,0.3,0.75,0.875,2,1,25,0,12,0,0.33333,1,9,0.25962751363114267,0.02521431557680923,-0.15873016054697503,-0.25962751363114267,-0.18173925954179987,0.20057423955414952,-0.4740205869080334,0.36663130120603066,0.657138430034442,-0.6061877880802712,-0.5264631123002028,0.006396043248667379,0.8393022937690637,0.0008983686338133179,-5.551115123125783e-17,0.001377635173097136,0.0834224517604305,-1.1102230246251565e-16,0.00018271206976605558,0.04274121830029287
D26.13,D26,bg,4,3,3,3,October,26,2010,Male,White,,NA,,NA,,,No,"$150,000 or more",0.7,0.3,bandit,3,8/14/20 6:59,7,6,13,2,1,1,0,0.3,0.75,0.875,2,1,25,0,13,0,0.33333,1,10,0.23805734653027094,0.021774166844844338,-0.14285714127561353,-0.23805734653027094,-0.16664014257118964,0.18228972838591134,-0.45051851744864396,0.3599885419554511,0.6534116019607857,-0.6806531598405772,-0.6061877880802712,0.005081149346737226,0.8172518181818564,0.0006202735196449982,0.0,0.0007969950408616699,0.08246695011063487,-1.1102230246251565e-16,9.158089446981155e-5,0.04265339846035687
D26.14,D26,bg,4,3,3,3,October,26,2010,Male,White,,NA,,NA,,,No,"$150,000 or more",0.7,0.3,bandit,3,8/14/20 6:59,7,6,14,2,1,1,0,0.3,0.75,0.875,2,1,25,0,14,0,0.33333,1,11,0.21976762852247372,0.01896630222115204,-0.12987013001086056,-0.21976762852247372,-0.1538373399657316,0.16704366831328113,-0.4293079961863974,0.3545417614951839,0.6502129216526031,-0.7502845851331085,-0.6806531598405772,0.004128629893630144,0.7988178055961933,0.00042060746843486374,0.0,0.00046104123602574987,0.08168523935559063,-1.1102230246251565e-16,4.5758111359095466e-5,0.04260598954342021
D26.15,D26,bg,4,3,3,3,October,26,2010,Male,White,,NA,,NA,,,No,"$150,000 or more",0.7,0.3,bandit,3,8/14/20 6:59,7,6,15,2,1,0,0,0.3,0.75,0.875,2,1,25,0,15,0,0.33333,1,12,0.20407748739255338,0.016656363770464443,-0.1190476191406365,-0.20407748739255338,-0.14285424117478734,0.1541472945369069,-0.4101111191371909,0.3499988151503826,0.6474459055631778,-0.8155700714646454,-0.7502845851331085,0.0034196863171841486,0.7833517499563726,0.0002967031648495322,0.0,0.00026681183060223157,0.08120508982691482,1.1102230246251565e-16,2.2819429168596805e-5,0.04258220707668858
D26.16,D26,bg,4,3,3,3,October,26,2010,Male,White,,NA,,NA,,,No,"$150,000 or more",0.7,0.3,bandit,3,8/14/20 6:59,7,6,16,2,1,1,0,0.3,0.75,0.875,2,1,25,0,16,0,0.33333,1,13,0.19047483636234197,0.014738112685204838,-0.10989011150288236,-0.19047483636234197,-0.13333238545363937,0.1430997499339322,-0.3926726929803899,0.3461534675632582,0.6450329108963564,-0.8769726365213398,-0.8155700714646454,0.0028788116085192994,0.7703349535625759,0.00022966522527156918,-5.551115123125783e-17,0.00015450750145395986,0.08083683690680948,0.0,1.1368148959745028e-5,0.04248797788377767
D26.17,D26,bg,4,3,3,3,October,26,2010,Male,White,,NA,,NA,,,No,"$150,000 or more",0.7,0.3,bandit,3,8/14/20 6:59,7,6,17,2,1,0,0,0.3,0.75,0.875,2,1,25,0,17,0,0.33333,1,14,0.17857098913592476,0.01312988467348224,-0.10204081785666295,-0.17857098913592476,-0.12499969239514733,0.13353104107618133,-0.3767695626845995,0.3428570223263041,0.6429123612499037,-0.9349041200524872,-0.8769726365213398,0.0024570442965521876,0.7592936204626458,0.0001906550960110165,-5.551115123125783e-17,8.953749715567838e-5,0.08068931385557532,0.0,5.662924152050053e-6,0.04249927882598081
D26.18,D26,bg,4,3,3,3,October,26,2010,Male,White,,NA,,NA,,,No,"$150,000 or more",0.7,0.3,bandit,3,8/14/20 6:59,7,6,18,2,1,0,0,0.3,0.75,0.875,2,1,25,0,18,0,0.33333,1,15,0.16806708508976959,0.011769293626695383,-0.09523809414758282,-0.16806708508976959,-0.1176469595628387,0.12516303045856284,-0.3622103571347359,0.33999996175155156,0.6410354525111777,-0.9897225033999103,-0.9349041200524872,0.0021218432153250616,0.7498473158909833,0.00413171199934026,-5.551115123125783e-17,5.192404185505595e-5,0.08047811272666644,1.1102230246251565e-16,2.819414447685631e-6,0.042537779981362545
D26.19,D26,bg,4,3,3,3,October,26,2010,Male,White,,NA,,NA,,,No,"$150,000 or more",0.7,0.3,bandit,3,8/14/20 6:59,7,6,19,2,1,0,0,0.3,0.75,0.875,2,1,25,0,19,0,0.33333,1,16,0.1587301131962914,0.010608492958838877,-0.089285713954171,-0.1587301131962914,-0.11111107923740397,0.11778299979846352,-0.348832029563516,0.33749998789795227,0.6393632915068523,-1.041737007219622,-0.9897225033999103,0.0018510144720279322,0.7358505074997255,-0.002084964176353954,-5.551115123125783e-17,3.0131524385246244e-5,0.08031419146127866,0.0,1.4037579457726324e-6,0.04256983655637825
D26.20,D26,bg,4,3,3,3,October,26,2010,Male,White,,NA,,NA,,,No,"$150,000 or more",0.7,0.3,bandit,3,8/14/20 6:59,7,6,20,2,1,0,1,0.3,0.75,0.875,2,1,25,1,20,0,0.33333,2,16,0.15037592529076962,0.009610479824340962,0.9159663864918636,0.8496240747092304,0.8947368522964613,2.2512918954228818,-0.33649573577367725,0.0,0.0,-0.8505537381771017,-1.041737007219622,0.0,0.7927103515602072,0.0,0.0,0.00013753401595084647,0.08130431985992193,0.0,7.390412593455409e-6,0.04259079820764622
D29.1,D29,gb,3,2,4,4,March,26,2013,Female,White,,NA,,NA,,,No,"$40,000 to $59,999",0.3,0.7,bandit,9,8/13/20 11:37,5,8,1,1,4,1,0,0.3,0.625,1.0,1,1,26,0,1,0,0.33333,0,1,0.5,0.08333333333333334,NaN,-0.5,-0.35,0.4307829160924542,-0.6474466390346325,0.46153846153846156,0.6901856760188042,-0.04985714948732713,-0.0,0.05414517848247718,1.080623401661814,0.01977679773001184,0.0,0.05608974358974361,0.15628713806233663,1.1102230246251565e-16,0.010744810700342833,0.04891275394756678
D29.2,D29,gb,3,2,4,4,March,26,2013,Female,White,,NA,,NA,,,No,"$40,000 to $59,999",0.3,0.7,bandit,9,8/13/20 11:37,5,8,2,2,4,1,0,0.7,0.625,1.0,2,1,26,0,2,0,0.33333,0,1,0.5,0.08333333333333334,NaN,-0.5,-0.35,0.4307829160924542,-0.6474466390346325,0.46153846153846156,0.6901856760188042,-0.04985714948732713,-0.0,0.05414517848247718,1.0774829680724232,0.01833391056308087,0.0,0.05608974358974361,0.13394708446621661,-1.1102230246251565e-16,0.010744810700342833,0.04059899259159849
D29.3,D29,gb,3,2,4,4,March,26,2013,Female,White,,NA,,NA,,,No,"$40,000 to $59,999",0.3,0.7,bandit,9,8/13/20 11:37,5,8,3,1,4,0,0,0.3,0.625,1.0,1,1,26,0,3,0,0.33333,0,2,0.41025641025641024,0.0752794214332676,-3.324562949461316e-16,-0.41025641025641024,-0.28717948717948716,0.33852562543305503,-0.5996068847876723,0.420863309352518,0.6805691240005796,-0.1694605094257496,-0.04985714948732713,0.036406266819614855,1.0458702745532642,0.01072244135445044,0.0,0.03407149280575539,0.11788073157158668,-1.1102230246251565e-16,0.005618362421842993,0.03548348232171383
D29.4,D29,gb,3,2,4,4,March,26,2013,Female,White,,NA,,NA,,,No,"$40,000 to $59,999",0.3,0.7,bandit,9,8/13/20 11:37,5,8,4,2,1,0,1,0.7,0.625,1.0,2,1,26,1,4,0,0.33333,1,1,0.41025641025641024,0.0752794214332676,0.9999999999999997,0.5897435897435898,0.7128205128205128,1.2476478678285976,-0.5996068847876723,0.0,0.0,-0.09393882346618045,-0.04985714948732713,0.0,0.988166945554469,0.0,0.0,0.04511718749999999,0.0973802547608767,0.0,0.02346938767733342,0.04820963469496686
D29.5,D29,gb,3,2,4,4,March,26,2013,Female,White,,NA,,NA,,,No,"$40,000 to $59,999",0.3,0.7,bandit,9,8/13/20 11:37,5,8,5,1,4,0,0,0.3,0.625,1.0,1,1,26,0,5,0,0.33333,0,3,0.3363309352517986,0.06242107033797423,-3.324562949461316e-16,-0.3363309352517986,-0.23543165467625898,0.2684438588858378,-0.5457566301170604,0.392378263937897,0.6698000343867989,-0.31724785272016875,-0.1694605094257496,0.02364311272114325,0.9294093218990148,0.008274238969092185,0.0,0.010928843879918382,0.09039737447738022,1.1102230246251565e-16,0.0027852297390043024,0.04537921768091957
D29.6,D29,gb,3,2,4,4,March,26,2013,Female,White,,NA,,NA,,,No,"$40,000 to $59,999",0.3,0.7,bandit,9,8/13/20 11:37,5,8,6,2,4,1,0,0.7,0.625,1.0,2,1,26,0,6,0,0.33333,1,2,0.59375,0.05996093749999999,-0.7142857142857143,-0.59375,-0.41562499999999997,0.5372123789391855,-0.6788405414022067,0.5133689839572192,0.6927896784912411,-0.06841932383907298,-0.09393882346618045,0.05510257994978083,0.9771474727277741,0.015435644352526201,0.018342245989304784,0.06426804812834219,0.1157175857371815,1.1102230246251565e-16,0.01481901845025424,0.036723961302626784
D29.7,D29,gb,3,2,4,4,March,26,2013,Female,White,,NA,,NA,,,No,"$40,000 to $59,999",0.3,0.7,bandit,9,8/13/20 11:37,5,8,7,1,1,0,1,0.3,0.625,1.0,1,1,26,1,7,0,0.33333,1,3,0.279181369089626,0.04955717505632367,0.9999999999999997,0.720818630910374,0.8045730416372618,1.6325685838808557,-0.4939971112220449,0.0,0.0,-0.10203826854156678,-0.31724785272016875,0.0,1.0860596093012498,0.0,0.0,0.04865188397952902,0.13784712833328427,0.0,0.008758474689475104,0.04263381354362694
D29.8,D29,gb,3,2,4,4,March,26,2013,Female,White,,NA,,NA,,,No,"$40,000 to $59,999",0.3,0.7,bandit,9,8/13/20 11:37,5,8,8,2,2,0,1,0.7,0.625,1.0,2,1,26,1,8,0,0.33333,2,2,0.5219251336898396,0.059144956961880525,0.5238095289430316,0.4780748663101604,0.6346524064171123,1.0069060673742722,-0.6564330821954864,0.0,0.0,-0.19334888655015944,-0.06841932383907298,0.0,1.0255876002595472,0.0,0.0,0.02819544057377049,0.08716077821978346,0.0,0.025346906821584025,0.0532232456935825
D29.9,D29,gb,3,2,4,4,March,26,2013,Female,White,,NA,,NA,,,No,"$40,000 to $59,999",0.3,0.7,bandit,9,8/13/20 11:37,5,8,9,1,3,0,1,0.3,0.625,1.0,1,1,26,1,9,0,0.33333,2,3,0.4566902595214021,0.05432581676727339,0.6428571428387222,0.5433097404785979,0.6803168183350186,1.140424830915753,-0.6266304181662299,0.0,0.0,-0.15524439974415,-0.10203826854156678,0.0,1.076742211527859,0.0,0.0,0.04487593904444309,0.10362943227366345,0.0,0.01694783786822407,0.061446767463560925
D29.10,D29,gb,3,2,4,4,March,26,2013,Female,White,,NA,,NA,,,No,"$40,000 to $59,999",0.3,0.7,bandit,9,8/13/20 11:37,5,8,10,2,2,0,1,0.7,0.625,1.0,2,1,26,1,10,0,0.33333,3,2,0.6352459016393442,0.04728231658156409,0.2857142851562555,0.36475409836065575,0.555327868852459,0.8104180523126877,-0.6870122784419204,0.0,0.0,-0.3522528357548107,-0.19334888655015944,0.0,1.0168658576277556,0.0,0.0,0.023124267635547813,0.07071924264955626,0.0,0.03583606666656369,0.07189162097913182
D29.11,D29,gb,3,2,4,4,March,26,2013,Female,White,,NA,,NA,,,No,"$40,000 to $59,999",0.3,0.7,bandit,9,8/13/20 11:37,5,8,11,1,2,1,0,0.3,0.625,1.0,1,1,26,0,11,0,0.33333,2,4,0.5756457564575646,0.047783254585313385,-0.5714285714562882,-0.5756457564575646,-0.4029520295202952,0.5157578162553096,-0.6741904715742899,0.5024721878862793,0.6931349570842507,-0.16347278440718951,-0.15524439974415,0.04080248582851541,0.9755884264381408,0.01248397397389056,0.0,0.01673761072969998,0.06253410121131614,1.1102230246251565e-16,0.010714598831218947,0.06564242945170384
D29.12,D29,gb,3,2,4,4,March,26,2013,Female,White,,NA,,NA,,,No,"$40,000 to $59,999",0.3,0.7,bandit,9,8/13/20 11:37,5,8,12,2,2,0,1,0.7,0.625,1.0,2,1,26,1,12,0,0.33333,4,2,0.7096774193548387,0.03668054110301769,0.14285714257932636,0.29032258064516125,0.5032258064516129,0.6996196950655628,-0.6931263687610414,0.0,0.0,-0.5101222662015851,-0.3522528357548107,0.0,0.8890426079511836,0.0,0.0,0.006905375944235459,0.044129399595369434,0.0,0.02364425938695247,0.05346154324681773
D29.13,D29,gb,3,2,4,4,March,26,2013,Female,White,,NA,,NA,,,No,"$40,000 to $59,999",0.3,0.7,bandit,9,8/13/20 11:37,5,8,13,1,4,0,0,0.3,0.625,1.0,1,1,26,0,13,0,0.33333,2,5,0.5196229913473425,0.04560793367823767,-0.47619047745101006,-0.5196229913473425,-0.3637360939431397,0.45214185507827664,-0.6555375630656881,0.47150246484858793,0.6915220810334448,-0.20362825923782923,-0.16347278440718951,0.030843711778198547,0.8302190391675226,0.008947258451516227,0.0,0.005926707147577925,0.039524636601562246,0.0,0.00646249760522466,0.04924775193162312
D29.14,D29,gb,3,2,4,4,March,26,2013,Female,White,,NA,,NA,,,No,"$40,000 to $59,999",0.3,0.7,bandit,9,8/13/20 11:37,5,8,14,2,1,0,1,0.7,0.625,1.0,2,1,26,1,14,0,0.33333,5,2,0.7613636363636364,0.028550521448248718,0.04761904785112536,0.23863636363636365,0.46704545454545454,0.6293191390259728,-0.6909736011549141,0.0,0.0,-0.6581288660787332,-0.5101222662015851,0.0,0.7449668183932806,0.0,0.0,0.002548779539800927,0.02878602152278864,0.0,0.014945485947792991,0.04020410399052432
D29.15,D29,gb,3,2,4,4,March,26,2013,Female,White,,NA,,NA,,,No,"$40,000 to $59,999",0.3,0.7,bandit,9,8/13/20 11:37,5,8,15,1,4,1,0,0.3,0.625,1.0,1,1,26,0,15,0,0.33333,2,6,0.4694464006734824,0.04180549502855063,-0.4081632652444335,-0.4694464006734824,-0.32861248047143765,0.3984087833361684,-0.6331916582986538,0.44683583068487076,0.6874836226981821,-0.2618168853573195,-0.20362825923782923,0.023017317163043654,0.689343694176054,0.005482256077125158,0.0,0.002021919881645462,0.026396332076295104,1.1102230246251565e-16,0.0037550782567965513,0.037728472073903285
D29.16,D29,gb,3,2,4,4,March,26,2013,Female,White,,NA,,NA,,,No,"$40,000 to $59,999",0.3,0.7,bandit,9,8/13/20 11:37,5,8,16,2,2,0,1,0.7,0.625,1.0,2,1,26,1,16,0,0.33333,6,2,0.7988628287135751,0.022514698312680683,1.505215796449022e-8,0.20113717128642494,0.44079601990049755,0.5812409705994851,-0.6861204844033757,0.0,0.0,-0.7944328213738394,-0.6581288660787332,0.0,0.616361327817228,0.0,0.0,0.0011642988211746363,0.019863467024309744,0.0,0.009565222953477726,0.03226606683434119
D29.17,D29,gb,3,2,4,4,March,26,2013,Female,White,,NA,,NA,,,No,"$40,000 to $59,999",0.3,0.7,bandit,9,8/13/20 11:37,5,8,17,1,4,0,0,0.3,0.625,1.0,1,1,26,0,17,0,0.33333,2,7,0.4258592834441749,0.03740388601427415,-0.35714286246493915,-0.4258592834441749,-0.2981014984109224,0.35396647004063503,-0.6092471136463906,0.4274122245891805,0.682571878377868,-0.3279210278095386,-0.2618168853573195,0.01723390419259645,0.5737194495131551,0.0030713088929273935,0.0,0.0006717748964459869,0.018701666561483754,-1.1102230246251565e-16,0.0021207633021399497,0.030672842810573253
D29.18,D29,gb,3,2,4,4,March,26,2013,Female,White,,NA,,NA,,,No,"$40,000 to $59,999",0.3,0.7,bandit,9,8/13/20 11:37,5,8,18,2,2,0,1,0.7,0.625,1.0,2,1,26,1,18,0,0.33333,7,2,0.8270462633451958,0.018032653634533047,1.505215796449022e-8,0.17295373665480418,0.4210676156583629,0.5465695882947219,-0.6806342591671357,0.0,0.0,-0.9193747013023426,-0.7944328213738394,0.0,0.5177325207372234,0.0,0.0,0.0005355316864050774,0.014540743733926331,0.0,0.006184771879301665,0.02730037048202516
D29.19,D29,gb,3,2,4,4,March,26,2013,Female,White,,NA,,NA,,,No,"$40,000 to $59,999",0.3,0.7,bandit,9,8/13/20 11:37,5,8,19,1,4,1,0,0.3,0.625,1.0,1,1,26,0,19,0,0.33333,2,8,0.38855656780834585,0.03308472734605146,-0.3174603175335317,-0.38855656780834585,-0.27198959746584206,0.31743994169226875,-0.5852277123049061,0.41208202376740644,0.6776073759493211,-0.3958724616618888,-0.3279210278095386,0.013090866400259957,0.48907873203369456,0.0015505165213158811,0.0,0.00021906028907558994,0.014004702209514774,-1.1102230246251565e-16,0.0011726960853377655,0.02635051979712666
D29.20,D29,gb,3,2,4,4,March,26,2013,Female,White,,NA,,NA,,,No,"$40,000 to $59,999",0.3,0.7,bandit,9,8/13/20 11:37,5,8,20,2,4,1,0,0.7,0.625,1.0,2,1,26,0,20,0,0.33333,7,3,0.8488499452354872,0.014667352072833803,-0.999999984947842,-0.8488499452354872,-0.594194961664841,0.9018824358588264,-0.6752953136594058,0.7392712550607288,0.5738177821402106,-0.7882003550779932,-0.9193747013023426,0.06105716274624955,0.5475099652706434,0.007387637953513493,-1.1102230246251565e-16,0.0009568352126561042,0.01812670177012443,0.0,0.009334957496749396,0.029496492707367206
D3.1,D3,bg,2,1,0,0,January,4,2013,Female,White,,NA,Asian,NA,,,No,"$150,000 or more",0.7,0.3,bandit,6,8/19/20 10:26,3,0,1,2,4,0,0,0.3,0.0,0.375,2,1,27,0,1,0,0.33333,0,1,0.5,0.08333333333333334,NaN,-0.5,-0.35,0.4307829160924542,-0.6474466390346325,0.46153846153846156,0.6901856760188042,-0.04985714948732713,-0.0,0.05414517848247718,1.0796200787151622,0.018796586003682503,0.0,0.05608974358974361,0.1563382907162265,1.1102230246251565e-16,0.010744810700342833,0.04891275394756689
D3.2,D3,bg,2,1,0,0,January,4,2013,Female,White,,NA,Asian,NA,,,No,"$150,000 or more",0.7,0.3,bandit,6,8/19/20 10:26,3,0,2,1,4,0,1,0.7,0.0,0.375,1,1,27,1,2,0,0.33333,1,0,0.5,0.08333333333333334,NaN,0.5,0.65,1.0498221244986778,-0.6474466390346325,0.0,0.0,-0.19314718051535087,-0.0,0.0,0.9834546805647766,0.0,0.0,0.02916666666666673,0.08100465964317666,0.0,0.03446712009808306,0.06432290630777049
D3.3,D3,bg,2,1,0,0,January,4,2013,Female,White,,NA,Asian,NA,,,No,"$150,000 or more",0.7,0.3,bandit,6,8/19/20 10:26,3,0,3,2,3,1,0,0.3,0.0,0.375,2,1,27,0,3,0,0.33333,0,2,0.41025641025641024,0.0752794214332676,-3.324562949461316e-16,-0.41025641025641024,-0.28717948717948716,0.33852562543305503,-0.5996068847876723,0.420863309352518,0.6805691240005796,-0.1694605094257496,-0.04985714948732713,0.036406266819614855,0.9140176050595723,0.010804430697855416,0.0,0.012232438495546116,0.07222898673909944,-1.1102230246251565e-16,0.005618362421842882,0.059183988666101195
D3.4,D3,bg,2,1,0,0,January,4,2013,Female,White,,NA,Asian,NA,,,No,"$150,000 or more",0.7,0.3,bandit,6,8/19/20 10:26,3,0,4,1,4,1,0,0.7,0.0,0.375,1,1,27,0,4,0,0.33333,1,1,0.6666666666666666,0.05555555555555555,-0.999999984947842,-0.6666666666666666,-0.4666666666666666,0.628608659422374,-0.6909233093138181,0.5624999999999999,0.6853142072764582,-0.09393882346618045,-0.19314718051535087,0.0694345666869955,0.9874489962635147,0.01939671075418503,5.551115123125783e-17,0.04511718749999999,0.09738461943728144,0.0,0.02346938767733342,0.04819872499054978
D3.5,D3,bg,2,1,0,0,January,4,2013,Female,White,,NA,Asian,NA,,,No,"$150,000 or more",0.7,0.3,bandit,6,8/19/20 10:26,3,0,5,1,4,0,1,0.7,0.0,0.375,1,1,27,1,5,0,0.33333,2,1,0.59375,0.05996093749999999,0.2857142857142857,0.40625,0.5843750000000001,0.8779718675720185,-0.6788405414022067,0.0,0.0,-0.2864603556777799,-0.09393882346618045,0.0,0.879995631162669,0.0,0.0,0.018190789473684077,0.059465572765049546,0.0,0.03563193689134736,0.06034670141774623
D3.6,D3,bg,2,1,0,0,January,4,2013,Female,White,,NA,Asian,NA,,,No,"$150,000 or more",0.7,0.3,bandit,6,8/19/20 10:26,3,0,6,2,4,1,0,0.3,0.0,0.375,2,1,27,0,6,0,0.33333,0,3,0.3363309352517986,0.06242107033797423,-3.324562949461316e-16,-0.3363309352517986,-0.23543165467625898,0.2684438588858378,-0.5457566301170604,0.392378263937897,0.6698000343867989,-0.31724785272016875,-0.1694605094257496,0.02364311272114325,0.8136778231651344,0.006916655239163183,5.551115123125783e-17,0.004976847128304207,0.05473902971561212,1.1102230246251565e-16,0.0027852297390044134,0.057540142880693534
D3.7,D3,bg,2,1,0,0,January,4,2013,Female,White,,NA,Asian,NA,,,No,"$150,000 or more",0.7,0.3,bandit,6,8/19/20 10:26,3,0,7,1,4,0,1,0.7,0.0,0.375,1,1,27,1,7,0,0.33333,3,1,0.6947368421052633,0.04365650969529086,0.047619047801541026,0.3052631578947367,0.5136842105263157,0.7208970935128475,-0.6927726185565874,0.0,0.0,-0.4771264074380406,-0.2864603556777799,0.0,0.7133416045926758,0.0,0.0,0.007623106060606233,0.03619985855239882,0.0,0.026293757975137666,0.048160801804791986
D3.8,D3,bg,2,1,0,0,January,4,2013,Female,White,,NA,Asian,NA,,,No,"$150,000 or more",0.7,0.3,bandit,6,8/19/20 10:26,3,0,8,1,4,0,0,0.7,0.0,0.375,1,1,27,0,8,0,0.33333,3,2,0.7575757575757575,0.03213957759412305,-0.999999984947842,-0.7575757575757575,-0.5303030303030302,0.755667537541279,-0.6913095073117436,0.6387096774193548,0.6541569888902611,-0.3522528357548107,-0.4771264074380406,0.06681079967110752,0.7900087464970363,0.012460413870620912,-5.551115123125783e-17,0.012525201612903214,0.04834140246056401,0.012903225806451535,0.03583606666656369,0.05770362497116299
D3.9,D3,bg,2,1,0,0,January,4,2013,Female,White,,NA,Asian,NA,,,No,"$150,000 or more",0.7,0.3,bandit,6,8/19/20 10:26,3,0,9,2,4,0,0,0.3,0.0,0.375,2,1,27,0,9,0,0.33333,0,4,0.279181369089626,0.04955717505632367,-3.324562949461316e-16,-0.279181369089626,-0.19542695836273818,0.21744352532572367,-0.4939971112220449,0.3728685706266227,0.6604647503197693,-0.4669270480222721,-0.31724785272016875,0.015384672502538485,0.7396220905159784,0.004924350220162688,5.551115123125783e-17,0.0020963708917858814,0.045808590824033824,0.0,0.001334355288117095,0.05619328609818197
D3.10,D3,bg,2,1,0,0,January,4,2013,Female,White,,NA,Asian,NA,,,No,"$150,000 or more",0.7,0.3,bandit,6,8/19/20 10:26,3,0,10,1,4,0,0,0.7,0.0,0.375,1,1,27,0,10,0,0.33333,3,3,0.7096774193548387,0.03668054110301769,-0.8571428574206736,-0.7096774193548387,-0.4967741935483871,0.686716290229655,-0.6931263687610414,0.5961538461538461,0.6745403622115924,-0.27049867155290075,-0.3522528357548107,0.05868351180470292,0.8060912562800617,0.01308258870991219,-1.1102230246251565e-16,0.01933781550480762,0.05924129460801375,1.1102230246251565e-16,0.026183534536607378,0.046553917025914826
D3.11,D3,bg,2,1,0,0,January,4,2013,Female,White,,NA,Asian,NA,,,No,"$150,000 or more",0.7,0.3,bandit,6,8/19/20 10:26,3,0,11,1,4,1,0,0.7,0.0,0.375,1,1,27,0,11,0,0.33333,3,4,0.6586538461538463,0.039465709237343854,-0.7142857142459534,-0.6586538461538463,-0.46105769230769234,0.6181467496232038,-0.6901111000621384,0.5566458519179305,0.6867158763883532,-0.23266054424133245,-0.27049867155290075,0.04898243375673989,0.854935945734286,0.007262857962183622,-5.551115123125783e-17,0.02806752326172063,0.07399025508885376,0.0,0.018152569876850988,0.03855679503485754
D3.12,D3,bg,2,1,0,0,January,4,2013,Female,White,,NA,Asian,NA,,,No,"$150,000 or more",0.7,0.3,bandit,6,8/19/20 10:26,3,0,12,2,2,0,0,0.3,0.0,0.375,2,1,27,0,12,0,0.33333,0,5,0.23606530535868828,0.038886415120984216,-3.324562949461316e-16,-0.23606530535868828,-0.1652457137510818,0.18061786540196245,-0.44826698798619047,0.35938719326388935,0.6530647926105785,-0.6068721402139434,-0.4669270480222721,0.010280655290413804,0.8142444127996786,0.0045083392342841755,5.551115123125783e-17,0.002732825884600998,0.07168259821210554,-1.1102230246251565e-16,0.0006264767647730096,0.03785947885710517
D3.13,D3,bg,2,1,0,0,January,4,2013,Female,White,,NA,Asian,NA,,,No,"$150,000 or more",0.7,0.3,bandit,6,8/19/20 10:26,3,0,13,1,4,0,1,0.7,0.0,0.375,1,1,27,1,13,0,0.33333,4,4,0.6073941916939242,0.04015149105953348,0.387755102062592,0.39260580830607583,0.5748240658142532,0.8552522329266844,-0.6819077269415073,0.0,0.0,-0.33235820901138946,-0.23266054424133245,0.0,0.7418733996915137,0.0,0.0,0.014020008057277933,0.05163909076360235,0.0,0.02647872836857268,0.04612699268325504
D3.14,D3,bg,2,1,0,0,January,4,2013,Female,White,,NA,Asian,NA,,,No,"$150,000 or more",0.7,0.3,bandit,6,8/19/20 10:26,3,0,14,2,4,0,0,0.3,0.0,0.375,2,1,27,0,14,0,0.33333,0,6,0.20345631965702995,0.030721348426171226,-3.324562949461316e-16,-0.20345631965702995,-0.14241942375992095,0.15364013789587988,-0.40933124792562936,0.3498213559305421,0.6473359812057708,-0.733891270595349,-0.6068721402139434,0.007140690214164802,0.7111692352918473,0.0013543259269566121,0.0,0.0007033871998047836,0.050699814583315905,-1.1102230246251565e-16,0.0002909575578293744,0.04579946461663065
D3.15,D3,bg,2,1,0,0,January,4,2013,Female,White,,NA,Asian,NA,,,No,"$150,000 or more",0.7,0.3,bandit,6,8/19/20 10:26,3,0,15,1,4,0,1,0.7,0.0,0.375,1,1,27,1,15,0,0.33333,5,4,0.6734986945169712,0.03412457714895184,0.28571428570439206,0.3265013054830288,0.5285509138381201,0.7519441654287197,-0.6915159840708771,0.0,0.0,-0.44416450766495524,-0.33235820901138946,0.0,0.6477144908278405,0.0,0.0,0.006915546384903215,0.037586438718759,0.0,0.03043797323353603,0.045376738421674334
D3.16,D3,bg,2,1,0,0,January,4,2013,Female,White,,NA,Asian,NA,,,No,"$150,000 or more",0.7,0.3,bandit,6,8/19/20 10:26,3,0,16,1,4,1,0,0.7,0.0,0.375,1,1,27,0,16,0,0.33333,5,5,0.7241663163353413,0.028588485586435397,-0.7936507935510427,-0.7241663163353413,-0.5069164214347389,0.7070765887497892,-0.6930515037376291,0.6084161246515617,0.6694513036982992,-0.38411710724963666,-0.44416450766495524,0.05051956262330984,0.6963629023936657,0.00641414391032058,5.551115123125783e-17,0.010548418655924374,0.04686755963666206,0.002805374883853906,0.02645945916832404,0.04578824621092359
D3.17,D3,bg,2,1,0,0,January,4,2013,Female,White,,NA,Asian,NA,,,No,"$150,000 or more",0.7,0.3,bandit,6,8/19/20 10:26,3,0,17,1,4,0,1,0.7,0.0,0.375,1,1,27,1,17,0,0.33333,6,5,0.6835810265783105,0.030205750355547747,0.2857142856657261,0.31641897342168945,0.5214932813951827,0.7370850272162964,-0.6922229735150216,0.0,0.0,-0.47983874945306637,-0.38411710724963666,0.0,0.6405717327123541,0.0,0.0,0.005377449260598688,0.03588719653145145,0.0,0.028087181356815316,0.04415865527986873
D3.18,D3,bg,2,1,0,0,January,4,2013,Female,White,,NA,Asian,NA,,,No,"$150,000 or more",0.7,0.3,bandit,6,8/19/20 10:26,3,0,18,2,4,0,0,0.3,0.0,0.375,2,1,27,0,18,0,0.33333,0,7,0.17838002421129504,0.024639008868067025,-3.324562949461316e-16,-0.17838002421129504,-0.12486601694790651,0.13337828085862052,-0.376509360186612,0.3428046514131793,0.6428782832701956,-0.8483851947647142,-0.733891270595349,0.005168063639247128,0.6229666185745157,0.0006315004487218445,0.0,0.00016813275034477382,0.03555123513444447,0.0,0.00013447730217508447,0.04548495155372767
D3.19,D3,bg,2,1,0,0,January,4,2013,Female,White,,NA,Asian,NA,,,No,"$150,000 or more",0.7,0.3,bandit,6,8/19/20 10:26,3,0,19,1,4,1,0,0.7,0.0,0.375,1,1,27,0,19,0,0.33333,6,6,0.7277685466836354,0.025949080038618337,-0.7792207792446011,-0.7277685466836354,-0.5094379826785448,0.7122035710243333,-0.6929690189450926,0.6115434734186038,0.668052662984048,-0.4289701042578927,-0.47983874945306637,0.047117201857882623,0.6650540041215827,0.005202372424691237,-1.1102230246251565e-16,0.008149946542352238,0.04366421834803669,0.003847824472868022,0.02624704697994773,0.04543944587592785
D3.20,D3,bg,2,1,0,0,January,4,2013,Female,White,,NA,Asian,NA,,,No,"$150,000 or more",0.7,0.3,bandit,6,8/19/20 10:26,3,0,20,1,4,1,0,0.7,0.0,0.375,1,1,27,0,20,0,0.33333,6,7,0.6907409020930229,0.027180630676270023,-0.7142857144678201,-0.6907409020930229,-0.483518631465116,0.6607160636096,-0.6926038111184641,0.580853479479846,0.6800150243152469,-0.40448951473474676,-0.4289701042578927,0.040153572584022634,0.7018703985154859,0.004658416383154007,-5.551115123125783e-17,0.011786878701196712,0.05241583523901622,1.1102230246251565e-16,0.0193396422096469,0.0385479851504934
D30.1,D30,gb,3,3,2,4,February,27,2012,Female,White,,NA,,NA,,,No,"$150,000 or more",0.3,0.7,tycoon,12,8/14/20 4:55,6,6,1,2,4,0,1,0.7,0.75,0.75,2,2,28,1,1,0,0.33333,1,0,0.5,0.08333333333333334,NaN,0.5,0.3500000000000001,0.4307829160924544,-0.6474466390346325,0.46153846153846156,0.6901856760188042,-0.04985714948732713,-0.0,0.05414517848247718,1.0807266142562775,0.013916602406758516,0.0,0.056089743589743724,0.13109177402877814,-1.1102230246251565e-16,0.010744810700342722,0.048912753947567
D30.2,D30,gb,3,3,2,4,February,27,2012,Female,White,,NA,,NA,,,No,"$150,000 or more",0.3,0.7,tycoon,12,8/14/20 4:55,6,6,2,1,3,0,0,0.3,0.75,0.75,1,2,28,0,2,0,0.33333,0,1,0.5,0.08333333333333334,NaN,-0.5,-0.6499999999999999,1.0498221244986774,-0.6474466390346325,0.0,0.0,-0.19314718051535087,-0.0,0.0,0.9763000523200952,0.0,0.0,0.01611175665518505,0.10232280345664868,0.0,0.03446712009808306,0.06432290630777004
D30.3,D30,gb,3,3,2,4,February,27,2012,Female,White,,NA,,NA,,,No,"$150,000 or more",0.3,0.7,tycoon,12,8/14/20 4:55,6,6,3,2,4,0,0,0.7,0.75,0.75,2,2,28,0,3,0,0.33333,1,1,0.5897435897435898,0.07527942143326759,-0.999999984947842,-0.5897435897435898,-0.7128205128205127,1.2476478678285972,-0.5996068847876724,0.0,0.0,-0.09393882346618043,-0.04985714948732713,0.0,1.036904663972575,0.0,0.0,0.04511718749999993,0.10794370189110736,0.0,0.02346938767733353,0.077039921569791
D30.4,D30,gb,3,3,2,4,February,27,2012,Female,White,,NA,,NA,,,No,"$150,000 or more",0.3,0.7,tycoon,12,8/14/20 4:55,6,6,4,1,4,1,1,0.3,0.75,0.75,1,2,28,1,4,0,0.33333,1,1,0.3333333333333333,0.05555555555555555,0.9999999999999997,0.6666666666666667,0.4666666666666667,0.6286086594223742,-0.6909233093138181,0.5624999999999999,0.6853142072764582,-0.09393882346618043,-0.19314718051535087,0.06943456668699552,1.0684113676142075,0.01577926853086109,0.0,0.04511718749999993,0.12061577225056708,1.1102230246251565e-16,0.02346938767733353,0.06603720134860569
D30.5,D30,gb,3,3,2,4,February,27,2012,Female,White,,NA,,NA,,,No,"$150,000 or more",0.3,0.7,tycoon,12,8/14/20 4:55,6,6,5,2,3,0,1,0.7,0.75,0.75,2,2,28,1,5,0,0.33333,2,1,0.40624999999999994,0.059960937500000006,0.7142857142857144,0.59375,0.41562500000000013,0.5372123789391858,-0.6788405414022067,0.5133689839572192,0.6927896784912411,-0.06841932383907297,-0.09393882346618043,0.055102579949780864,1.074939816371205,0.012675427959854435,0.018342245989304784,0.06426804812834219,0.13498131211908182,-1.1102230246251565e-16,0.01481901845025424,0.05738954954025177
D30.6,D30,gb,3,3,2,4,February,27,2012,Female,White,,NA,,NA,,,No,"$150,000 or more",0.3,0.7,tycoon,12,8/14/20 4:55,6,6,6,2,3,0,0,0.7,0.75,0.75,2,2,28,0,6,0,0.33333,2,2,0.47807486631016044,0.059144956961880525,-0.5238095260079766,-0.47807486631016044,-0.6346524064171123,1.0069060673742722,-0.6564330821954864,0.0,0.0,-0.19334888655015936,-0.06841932383907297,0.0,1.0543303392702559,0.0,0.0,0.028195440573770547,0.1093257419160284,0.0,0.025346906821584136,0.06794427817846604
D30.7,D30,gb,3,3,2,4,February,27,2012,Female,White,,NA,,NA,,,No,"$150,000 or more",0.3,0.7,tycoon,12,8/14/20 4:55,6,6,7,1,2,0,1,0.3,0.75,0.75,1,2,28,1,7,0,0.33333,2,1,0.40624999999999994,0.059960937500000006,0.7142857142857144,0.59375,0.41562500000000013,0.5372123789391858,-0.6788405414022067,0.5133689839572192,0.6927896784912411,-0.06841932383907297,-0.09393882346618043,0.055102579949780864,1.0450765374756132,0.01056331305037106,0.018342245989304784,0.06426804812834219,0.12488367561079972,-1.1102230246251565e-16,0.014819018450254018,0.059289222123004026
D30.8,D30,gb,3,3,2,4,February,27,2012,Female,White,,NA,,NA,,,No,"$150,000 or more",0.3,0.7,tycoon,12,8/14/20 4:55,6,6,8,1,3,1,1,0.3,0.75,0.75,1,2,28,1,8,0,0.33333,3,1,0.47807486631016044,0.059144956961880525,0.4761904739920234,0.5219251336898396,0.3653475935828877,0.45467782143196556,-0.6564330821954864,0.4726996966632962,0.6916558259082752,-0.10203826854156672,-0.06841932383907297,0.041065536639639334,1.0174702526583324,0.00997385049003996,0.007254802831142548,0.054716991068419096,0.11073327553551804,0.0,0.008758474689474882,0.0532232456935825
D30.9,D30,gb,3,3,2,4,February,27,2012,Female,White,,NA,,NA,,,No,"$150,000 or more",0.3,0.7,tycoon,12,8/14/20 4:55,6,6,9,2,3,0,0,0.7,0.75,0.75,2,2,28,0,9,0,0.33333,2,3,0.3647540983606557,0.047282316581564086,-0.285714285155458,-0.3647540983606557,-0.555327868852459,0.8104180523126876,-0.6870122784419204,0.0,0.0,-0.3522528357548107,-0.19334888655015936,0.0,0.9421517860851725,0.0,0.0,0.00837627160480059,0.10214478290545337,0.0,0.035836066666563804,0.0636938697940671
D30.10,D30,gb,3,3,2,4,February,27,2012,Female,White,,NA,,NA,,,No,"$150,000 or more",0.3,0.7,tycoon,12,8/14/20 4:55,6,6,10,1,3,0,0,0.3,0.75,0.75,1,2,28,0,10,0,0.33333,3,2,0.5433097404785979,0.054325816767273404,-0.6428571414158346,-0.5433097404785979,-0.6803168183350186,1.140424830915753,-0.6266304181662299,0.0,0.0,-0.15524439974414975,-0.10203826854156672,0.0,0.9883313132028377,0.0,0.0,0.040743196494464895,0.09562607451016336,0.0,0.01694783786822407,0.0718916209791316
D30.11,D30,gb,3,3,2,4,February,27,2012,Female,White,,NA,,NA,,,No,"$150,000 or more",0.3,0.7,tycoon,12,8/14/20 4:55,6,6,11,1,2,1,1,0.3,0.75,0.75,1,2,28,1,11,0,0.33333,4,2,0.42435424354243534,0.04778325458531338,0.5714285714582152,0.5756457564575647,0.4029520295202953,0.5157578162553097,-0.6741904715742899,0.5024721878862793,0.6931349570842507,-0.1634727844071895,-0.15524439974414975,0.04080248582851545,0.9729464461047574,0.008487843783773874,0.01287082818294194,0.05518984423284912,0.10928757734963712,1.1102230246251565e-16,0.010714598831219058,0.06564242945170373
D30.12,D30,gb,3,3,2,4,February,27,2012,Female,White,,NA,,NA,,,No,"$150,000 or more",0.3,0.7,tycoon,12,8/14/20 4:55,6,6,12,2,1,0,0,0.7,0.75,0.75,2,2,28,0,12,0,0.33333,2,4,0.2903225806451613,0.03668054110301769,-0.1428571404440389,-0.2903225806451613,-0.5032258064516129,0.6996196950655627,-0.6931263687610414,0.0,0.0,-0.5101222662015854,-0.3522528357548107,0.0,0.9124411247969734,0.0,0.0,0.005624112215909305,0.1041079549402214,0.0,0.023644259386952582,0.05346154324681829
D30.13,D30,gb,3,3,2,4,February,27,2012,Female,White,,NA,,NA,,,No,"$150,000 or more",0.3,0.7,tycoon,12,8/14/20 4:55,6,6,13,1,3,0,0,0.3,0.75,0.75,1,2,28,0,13,0,0.33333,4,3,0.48037700865265753,0.04560793367823767,-0.5238095250317243,-0.48037700865265753,-0.6362639060568602,1.0113266909367902,-0.6555375630656881,0.0,0.0,-0.23266054424133242,-0.1634727844071895,0.0,0.9309797703589624,0.0,0.0,0.028067523261720684,0.0785390204467522,0.0,0.0181525698768511,0.06090409339151426
D30.14,D30,gb,3,3,2,4,February,27,2012,Female,White,,NA,,NA,,,No,"$150,000 or more",0.3,0.7,tycoon,12,8/14/20 4:55,6,6,14,2,1,1,1,0.7,0.75,0.75,2,2,28,1,14,0,0.33333,3,4,0.23863636363636365,0.02855052144824873,0.95238095162628,0.7613636363636364,0.5329545454545455,0.7613286929760176,-0.6909736011549141,0.6423357664233575,0.6520624274229945,-0.4027535235413832,-0.5101222662015854,0.06177769366238686,0.9725299816385551,0.008901275681574283,0.0,0.009133433444849959,0.08290828123591654,0.012111381454447123,0.033570596095500504,0.07081311597729967
D30.15,D30,gb,3,3,2,4,February,27,2012,Female,White,,NA,,NA,,,No,"$150,000 or more",0.3,0.7,tycoon,12,8/14/20 4:55,6,6,15,1,2,1,1,0.3,0.75,0.75,1,2,28,1,15,0,0.33333,5,3,0.3926058083060759,0.04015149105953348,0.6122448978977654,0.6073941916939241,0.42517593418574684,0.5536912575008726,-0.6819077269415073,0.5218988171190123,0.6921877573072556,-0.23204795711695592,-0.23266054424133242,0.03924851334303198,0.9668099818784839,0.008256546691751687,0.0,0.03845794661947788,0.09388109033635306,0.0,0.01199402080865597,0.06467837214391492
D30.16,D30,gb,3,3,2,4,February,27,2012,Female,White,,NA,,NA,,,No,"$150,000 or more",0.3,0.7,tycoon,12,8/14/20 4:55,6,6,16,2,2,0,0,0.7,0.75,0.75,2,2,28,0,16,0,0.33333,3,5,0.2814274128142741,0.032002411571559274,-0.1836734721991613,-0.2814274128142741,-0.49699918896999185,0.6871634964979957,-0.6931291707181513,0.0,0.0,-0.5365548718863062,-0.4027535235413832,0.0,0.9142551118496968,0.0,0.0,0.004305163656885047,0.089368952729042,0.0,0.021771010602194663,0.05288486508683732
D30.17,D30,gb,3,3,2,4,February,27,2012,Female,White,,NA,,NA,,,No,"$150,000 or more",0.3,0.7,tycoon,12,8/14/20 4:55,6,6,17,1,1,0,1,0.3,0.75,0.75,1,2,28,1,17,0,0.33333,6,3,0.4415008449149912,0.03898646792778655,0.5357142854078077,0.5584991550850088,0.3909494085595062,0.49585394174971215,-0.669170875009046,0.49256991819096024,0.693036764264588,-0.2581358322404612,-0.23204795711695592,0.03062285669061493,0.893667870902564,0.005634839536724168,0.010586855083600355,0.050076976868332235,0.10137014025243563,0.0,0.007603174371418109,0.04845813713186231
D30.18,D30,gb,3,3,2,4,February,27,2012,Female,White,,NA,,NA,,,No,"$150,000 or more",0.3,0.7,tycoon,12,8/14/20 4:55,6,6,18,2,2,1,1,0.7,0.75,0.75,2,2,28,1,18,0,0.33333,4,5,0.23689132537891006,0.025914688990155074,0.8928571387825238,0.76310867462109,0.534176072234763,0.7639475536686865,-0.6908093503477821,0.6440201589455321,0.6510700087235959,-0.44416450766495547,-0.5365548718863062,0.05744142316849225,0.9350710130682607,0.006195791952569252,0.0,0.006915546384903326,0.10381590666472063,0.01006243869201795,0.030437972309995676,0.05712742763406087
D30.19,D30,gb,3,3,2,4,February,27,2012,Female,White,,NA,,NA,,,No,"$150,000 or more",0.3,0.7,tycoon,12,8/14/20 4:55,6,6,19,1,2,1,1,0.3,0.75,0.75,1,2,28,1,19,0,0.33333,7,3,0.4863091546563947,0.03658287444157547,0.4761904747327377,0.5136908453436053,0.3595835917405237,0.4456366762960631,-0.6531782320549671,0.46844521178859255,0.6911544472276554,-0.300546826596243,-0.2581358322404612,0.023617731566659306,0.9083564282484706,0.004877822619861694,0.004489387662584887,0.04403343047018615,0.09668889383133072,-1.1102230246251565e-16,0.004658377691200477,0.054198718233746446
D30.20,D30,gb,3,3,2,4,February,27,2012,Female,White,,NA,,NA,,,No,"$150,000 or more",0.3,0.7,tycoon,12,8/14/20 4:55,6,6,20,2,1,0,1,0.7,0.75,0.75,2,2,28,1,20,0,0.33333,5,5,0.27583368366465866,0.028588485586435397,0.7936507935440227,0.7241663163353413,0.506916421434739,0.7070765887497893,-0.693051503737629,0.6084161246515618,0.6694513036982991,-0.38411710724963677,-0.44416450766495547,0.05051956262330989,0.9494451466176665,0.005159472128188125,0.0,0.007877189826106523,0.09918666513548591,0.002805374883853906,0.026459458231194555,0.05021374387228461
D31.1,D31,bg,4,4,3,3,October,4,2013,Female,White,,NA,,NA,,,No,"$150,000 or more",0.7,0.3,tycoon,17,8/14/20 4:39,8,6,1,2,4,1,1,0.3,0.75,1.0,2,2,29,1,1,0,0.33333,1,0,0.5,0.08333333333333334,NaN,0.5,0.3500000000000001,0.4307829160924544,-0.6474466390346325,0.46153846153846156,0.6901856760188042,-0.04985714948732713,-0.0,0.05414517848247718,1.0807266142562775,0.013916602406758516,0.0,0.056089743589743724,0.13109177402877814,-1.1102230246251565e-16,0.010744810700342722,0.048912753947567
D31.2,D31,bg,4,4,3,3,October,4,2013,Female,White,,NA,,NA,,,No,"$150,000 or more",0.7,0.3,tycoon,17,8/14/20 4:39,8,6,2,1,4,0,1,0.7,0.75,1.0,1,2,29,1,2,0,0.33333,1,0,0.5,0.08333333333333334,NaN,0.5,0.3500000000000001,0.4307829160924544,-0.6474466390346325,0.46153846153846156,0.6901856760188042,-0.04985714948732713,-0.0,0.05414517848247718,1.0830403030048914,0.013322217750445065,0.028994082840236635,0.08195307245743222,0.14653679006128928,0.0,0.010744810700342944,0.04059899259159849
D31.3,D31,bg,4,4,3,3,October,4,2013,Female,White,,NA,,NA,,,No,"$150,000 or more",0.7,0.3,tycoon,17,8/14/20 4:39,8,6,3,2,4,0,0,0.3,0.75,1.0,2,2,29,0,3,0,0.33333,1,1,0.5897435897435898,0.07527942143326759,-0.999999984947842,-0.5897435897435898,-0.7128205128205127,1.2476478678285972,-0.5996068847876724,0.0,0.0,-0.09393882346618043,-0.04985714948732713,0.0,1.0263167575478351,0.0,0.0,0.025871763273449644,0.11022072303054153,0.0,0.02346938767733353,0.05331636572044118
D31.4,D31,bg,4,4,3,3,October,4,2013,Female,White,,NA,,NA,,,No,"$150,000 or more",0.7,0.3,tycoon,17,8/14/20 4:39,8,6,4,1,4,1,1,0.7,0.75,1.0,1,2,29,1,4,0,0.33333,2,0,0.5897435897435898,0.07527942143326759,1.505215796449022e-8,0.41025641025641024,0.28717948717948727,0.33852562543305514,-0.5996068847876724,0.420863309352518,0.6805691240005796,-0.1694605094257496,-0.04985714948732713,0.03640626681961483,0.9557320024071028,0.010751977506891719,-1.1102230246251565e-16,0.03407149280575539,0.0795352665581539,-1.1102230246251565e-16,0.005618362421842882,0.04820963469496642
D31.5,D31,bg,4,4,3,3,October,4,2013,Female,White,,NA,,NA,,,No,"$150,000 or more",0.7,0.3,tycoon,17,8/14/20 4:39,8,6,5,2,4,1,1,0.3,0.75,1.0,2,2,29,1,5,0,0.33333,2,1,0.40624999999999994,0.059960937500000006,0.7142857142857144,0.59375,0.41562500000000013,0.5372123789391858,-0.6788405414022067,0.5133689839572192,0.6927896784912411,-0.06841932383907297,-0.09393882346618043,0.055102579949780864,1.0020560670926963,0.008608613728443792,0.0,0.02225088802240316,0.08642420570619347,0.0,0.014819018450254129,0.03954093333299591
D31.6,D31,bg,4,4,3,3,October,4,2013,Female,White,,NA,,NA,,,No,"$150,000 or more",0.7,0.3,tycoon,17,8/14/20 4:39,8,6,6,1,4,1,1,0.7,0.75,1.0,1,2,29,1,6,0,0.33333,3,0,0.6636690647482014,0.06242107033797422,1.505215796449022e-8,0.3363309352517986,0.23543165467625904,0.268443858885838,-0.5457566301170604,0.392378263937897,0.6698000343867989,-0.31724785272016875,-0.1694605094257496,0.02364311272114325,0.9297231620931339,0.0072952675734185846,0.0,0.02004719477769923,0.06293424944365222,1.1102230246251565e-16,0.0027852297390043024,0.03672396130262645
D31.7,D31,bg,4,4,3,3,October,4,2013,Female,White,,NA,,NA,,,No,"$150,000 or more",0.7,0.3,tycoon,17,8/14/20 4:39,8,6,7,2,4,0,0,0.3,0.75,1.0,2,2,29,0,7,0,0.33333,2,2,0.47807486631016044,0.059144956961880525,-0.5238095260079766,-0.47807486631016044,-0.6346524064171123,1.0069060673742722,-0.6564330821954864,0.0,0.0,-0.19334888655015936,-0.06841932383907297,0.0,0.8215546454494713,0.0,0.0,0.0034018415398204827,0.053263823570103064,0.0,0.025346906821583914,0.047243848945403455
D31.8,D31,bg,4,4,3,3,October,4,2013,Female,White,,NA,,NA,,,No,"$150,000 or more",0.7,0.3,tycoon,17,8/14/20 4:39,8,6,8,1,4,1,1,0.7,0.75,1.0,1,2,29,1,8,0,0.33333,4,0,0.720818630910374,0.049557175056323656,1.505215796449022e-8,0.279181369089626,0.19542695836273816,0.21744352532572367,-0.4939971112220449,0.3728685706266227,0.6604647503197693,-0.4669270480222721,-0.31724785272016875,0.015384672502538485,0.7385499808117308,0.003025988169827243,0.0,0.011626066445629357,0.03890509778217177,0.0,0.001334355288116873,0.04574107398080196
D31.9,D31,bg,4,4,3,3,October,4,2013,Female,White,,NA,,NA,,,No,"$150,000 or more",0.7,0.3,tycoon,17,8/14/20 4:39,8,6,9,2,4,0,0,0.3,0.75,1.0,2,2,29,0,9,0,0.33333,2,3,0.3647540983606557,0.047282316581564086,-0.285714285155458,-0.3647540983606557,-0.555327868852459,0.8104180523126876,-0.6870122784419204,0.0,0.0,-0.3522528357548107,-0.19334888655015936,0.0,0.6696709854305198,0.0,0.0,0.0003936514026267046,0.035896526291805064,0.0,0.03583606666656369,0.05619328609818197
D31.10,D31,bg,4,4,3,3,October,4,2013,Female,White,,NA,,NA,,,No,"$150,000 or more",0.7,0.3,tycoon,17,8/14/20 4:39,8,6,10,1,4,0,1,0.7,0.75,1.0,1,2,29,1,10,0,0.33333,5,0,0.7639346946413117,0.038886415120984216,1.505215796449022e-8,0.2360653053586883,0.16524571375108188,0.1806178654019626,-0.4482669879861906,0.35938719326388935,0.6530647926105785,-0.6068721402139434,-0.4669270480222721,0.010280655290413887,0.6027562285404431,0.0029646178340145823,0.0,0.00672168995572775,0.027085906813185234,-1.1102230246251565e-16,0.0006264767647727876,0.055509489792769484
D31.11,D31,bg,4,4,3,3,October,4,2013,Female,White,,NA,,NA,,,No,"$150,000 or more",0.7,0.3,tycoon,17,8/14/20 4:39,8,6,11,2,4,0,1,0.3,0.75,1.0,2,2,29,1,11,0,0.33333,3,3,0.2903225806451613,0.03668054110301769,0.8571428595559611,0.7096774193548387,0.49677419354838714,0.686716290229655,-0.6931263687610414,0.5961538461538461,0.6745403622115924,-0.2704986715529007,-0.3522528357548107,0.05868351180470309,0.63426517950589,0.003439968967563267,0.0,0.0003487384351957834,0.02798412423422203,1.1102230246251565e-16,0.026183534536607267,0.04583399381918529
D31.12,D31,bg,4,4,3,3,October,4,2013,Female,White,,NA,,NA,,,No,"$150,000 or more",0.7,0.3,tycoon,17,8/14/20 4:39,8,6,12,1,4,0,1,0.7,0.75,1.0,1,2,29,1,12,0,0.33333,6,0,0.79654368034297,0.030721348426171222,1.505215796449022e-8,0.20345631965703004,0.142419423759921,0.15364013789587988,-0.40933124792562936,0.3498213559305421,0.6473359812057708,-0.733891270595349,-0.6068721402139434,0.007140690214164802,0.5736904969982046,0.0018266518835743373,0.0,0.003899166658881348,0.021671690072206706,0.0,0.0002909575578294854,0.04551407702094179
D31.13,D31,bg,4,4,3,3,October,4,2013,Female,White,,NA,,NA,,,No,"$150,000 or more",0.7,0.3,tycoon,17,8/14/20 4:39,8,6,13,2,4,0,1,0.3,0.75,1.0,2,2,29,1,13,0,0.33333,4,3,0.34134615384615385,0.039465709237343854,0.7142857142875965,0.6586538461538461,0.46105769230769234,0.6181467496232038,-0.6901111000621384,0.5566458519179305,0.6867158763883532,-0.23266054424133242,-0.2704986715529007,0.04898243375673989,0.6043713312823182,0.002653861782807687,0.0,0.0003197760345416967,0.0225286602918372,0.0,0.018152569876850988,0.03751818946657837
D31.14,D31,bg,4,4,3,3,October,4,2013,Female,White,,NA,,NA,,,No,"$150,000 or more",0.7,0.3,tycoon,17,8/14/20 4:39,8,6,14,1,4,0,1,0.7,0.75,1.0,1,2,29,1,14,0,0.33333,7,0,0.8216199757887049,0.024639008868067025,1.505215796449022e-8,0.17838002421129506,0.12486601694790656,0.13337828085862052,-0.376509360186612,0.3428046514131793,0.6428782832701956,-0.8483851947647142,-0.733891270595349,0.005168063639247128,0.5502124031087947,0.001315773148487187,0.0,0.0022763224981737773,0.017830409342775577,-1.1102230246251565e-16,0.00013447730217497345,0.03740735623136149
D31.15,D31,bg,4,4,3,3,October,4,2013,Female,White,,NA,,NA,,,No,"$150,000 or more",0.7,0.3,tycoon,17,8/14/20 4:39,8,6,15,2,4,0,1,0.3,0.75,1.0,2,2,29,1,15,0,0.33333,5,3,0.3926058083060759,0.04015149105953348,0.6122448978977654,0.6073941916939241,0.42517593418574684,0.5536912575008726,-0.6819077269415073,0.5218988171190123,0.6921877573072556,-0.23204795711695592,-0.23266054424133242,0.03924851334303198,0.5796180809854922,0.001997135234642733,0.0,0.00029886522864264187,0.01860765990634261,0.0,0.011994020808655859,0.030493883417817003
D31.16,D31,bg,4,4,3,3,October,4,2013,Female,White,,NA,,NA,,,No,"$150,000 or more",0.7,0.3,tycoon,17,8/14/20 4:39,8,6,16,1,4,0,1,0.7,0.75,1.0,1,2,29,1,16,0,0.33333,8,0,0.8413281650964677,0.020105567336820347,1.505215796449022e-8,0.15867183490353232,0.11107028443247269,0.117737106697666,-0.3487471907122933,0.33748449933240043,0.6393528446283399,-0.9518700138075946,-0.8483851947647142,0.0038855878989021916,0.5308742390992649,0.0009825430854815131,-2.220446049250313e-16,0.0013388211464797628,0.015060614402624961,0.0,6.208726336365267e-5,0.03089756414016609
D31.17,D31,bg,4,4,3,3,October,4,2013,Female,White,,NA,,NA,,,No,"$150,000 or more",0.7,0.3,tycoon,17,8/14/20 4:39,8,6,17,2,4,1,1,0.3,0.75,1.0,2,2,29,1,17,0,0.33333,6,3,0.4415008449149912,0.03898646792778655,0.5357142854078077,0.5584991550850088,0.3909494085595062,0.49585394174971215,-0.669170875009046,0.49256991819096024,0.693036764264588,-0.2581358322404612,-0.23204795711695592,0.03062285669061493,0.5578200402579007,0.0008405415335693833,0.0,0.00028199895919012175,0.015756853555518036,0.0,0.007603174371418109,0.026275704970856517
D31.18,D31,bg,4,4,3,3,October,4,2013,Female,White,,NA,,NA,,,No,"$150,000 or more",0.7,0.3,tycoon,17,8/14/20 4:39,8,6,18,1,4,0,1,0.7,0.75,1.0,1,2,29,1,18,0,0.33333,9,0,0.8571605721915424,0.016681943353757375,1.505215796449022e-8,0.1428394278084576,0.09998759946592028,0.1053467373815475,-0.325055725778869,0.33332874060621376,0.6365109848114991,-1.0459800384016793,-0.9518700138075946,0.0030188368776117094,0.5137557975923731,0.0007798824354375844,1.1102230246251565e-16,0.000793302669737761,0.012933369872728528,1.1102230246251565e-16,2.8698256169135128e-5,0.026386542047858397
D31.19,D31,bg,4,4,3,3,October,4,2013,Female,White,,NA,,NA,,,No,"$150,000 or more",0.7,0.3,tycoon,17,8/14/20 4:39,8,6,19,2,4,1,1,0.3,0.75,1.0,2,2,29,1,19,0,0.33333,7,3,0.4863091546563947,0.03658287444157547,0.4761904747327377,0.5136908453436053,0.3595835917405237,0.4456366762960631,-0.6531782320549671,0.46844521178859255,0.6911544472276554,-0.300546826596243,-0.2581358322404612,0.023617731566659306,0.5397399948734243,0.0009434798278278311,0.0,0.00026732853058830663,0.013556258609713323,0.0,0.004658377691200477,0.023746555790837176
D31.20,D31,bg,4,4,3,3,October,4,2013,Female,White,,NA,,NA,,,No,"$150,000 or more",0.7,0.3,tycoon,17,8/14/20 4:39,8,6,20,1,4,0,1,0.7,0.75,1.0,1,2,29,1,20,0,0.33333,10,0,0.8701352382524774,0.014050404245660245,1.505215796449022e-8,0.1298647617475226,0.09090533322326588,0.09530604635846003,-0.304627444872445,0.3299986359656837,0.6341776697192767,-1.132152519295117,-1.0459800384016793,0.0024104672082337006,0.49957952776594283,0.0005871746118150112,0.0,0.0006620153565729536,0.011289205886033216,2.220446049250313e-16,1.3297653131627563e-5,0.023740770571249903
D32.1,D32,gb,3,2,4,3,February,2,2014,Female,White,,NA,,NA,,,No,"$100,000 to $150,000",0.3,0.7,tycoon,15,8/16/20 15:36,5,7,1,2,1,1,1,0.7,0.625,0.875,2,2,30,1,1,0,0.33333,1,0,0.5,0.08333333333333334,NaN,0.5,0.3500000000000001,0.4307829160924544,-0.6474466390346325,0.46153846153846156,0.6901856760188042,-0.04985714948732713,-0.0,0.05414517848247718,1.0807266142562775,0.013916602406758516,0.0,0.056089743589743724,0.13109177402877814,-1.1102230246251565e-16,0.010744810700342722,0.048912753947567
D32.2,D32,gb,3,2,4,3,February,2,2014,Female,White,,NA,,NA,,,No,"$100,000 to $150,000",0.3,0.7,tycoon,15,8/16/20 15:36,5,7,2,1,2,1,1,0.3,0.625,0.875,1,2,30,1,2,0,0.33333,1,0,0.5,0.08333333333333334,NaN,0.5,0.3500000000000001,0.4307829160924544,-0.6474466390346325,0.46153846153846156,0.6901856760188042,-0.04985714948732713,-0.0,0.05414517848247718,1.0830403030048914,0.013322217750445065,0.028994082840236635,0.08195307245743222,0.14653679006128928,0.0,0.010744810700342944,0.04059899259159849
D32.3,D32,gb,3,2,4,3,February,2,2014,Female,White,,NA,,NA,,,No,"$100,000 to $150,000",0.3,0.7,tycoon,15,8/16/20 15:36,5,7,3,2,3,0,1,0.7,0.625,0.875,2,2,30,1,3,0,0.33333,2,0,0.5897435897435898,0.07527942143326759,1.505215796449022e-8,0.41025641025641024,0.28717948717948727,0.33852562543305514,-0.5996068847876724,0.420863309352518,0.6805691240005796,-0.1694605094257496,-0.04985714948732713,0.03640626681961483,1.057507132322856,0.008956007659074672,-1.1102230246251565e-16,0.05279914869019675,0.10941126596245065,-1.1102230246251565e-16,0.005618362421842882,0.035483488395948504
D32.4,D32,gb,3,2,4,3,February,2,2014,Female,White,,NA,,NA,,,No,"$100,000 to $150,000",0.3,0.7,tycoon,15,8/16/20 15:36,5,7,4,1,4,0,1,0.3,0.625,0.875,1,2,30,1,4,0,0.33333,2,0,0.5897435897435898,0.07527942143326759,1.505215796449022e-8,0.41025641025641024,0.28717948717948727,0.33852562543305514,-0.5996068847876724,0.420863309352518,0.6805691240005796,-0.1694605094257496,-0.04985714948732713,0.03640626681961483,1.0519242523249115,0.008783384468236344,0.021778764039128373,0.07282697295335983,0.12143955345007695,0.0,0.005618362421842882,0.030273433736216937
D32.5,D32,gb,3,2,4,3,February,2,2014,Female,White,,NA,,NA,,,No,"$100,000 to $150,000",0.3,0.7,tycoon,15,8/16/20 15:36,5,7,5,2,1,0,0,0.7,0.625,0.875,2,2,30,0,5,0,0.33333,2,1,0.6636690647482014,0.06242107033797422,-0.999999984947842,-0.6636690647482014,-0.764568345323741,1.446334621334728,-0.5457566301170604,0.0,0.0,-0.06841932383907297,-0.1694605094257496,0.0,1.0020560670926963,0.0,0.0,0.02225088802240316,0.08642420570619347,0.0,0.014819018450254129,0.03954093333299591
D32.6,D32,gb,3,2,4,3,February,2,2014,Female,White,,NA,,NA,,,No,"$100,000 to $150,000",0.3,0.7,tycoon,15,8/16/20 15:36,5,7,6,1,1,0,0,0.3,0.625,0.875,1,2,30,0,6,0,0.33333,2,1,0.6636690647482014,0.06242107033797422,-0.999999984947842,-0.6636690647482014,-0.764568345323741,1.446334621334728,-0.5457566301170604,0.0,0.0,-0.06841932383907297,-0.1694605094257496,0.0,1.0935173043403315,0.0,0.0,0.06426804812834219,0.14728976123111337,0.0,0.014819018450254129,0.04874515249334843
D32.7,D32,gb,3,2,4,3,February,2,2014,Female,White,,NA,,NA,,,No,"$100,000 to $150,000",0.3,0.7,tycoon,15,8/16/20 15:36,5,7,7,1,3,0,0,0.3,0.625,0.875,1,2,30,0,7,0,0.33333,2,2,0.47807486631016044,0.059144956961880525,-0.5238095260079766,-0.47807486631016044,-0.6346524064171123,1.0069060673742722,-0.6564330821954864,0.0,0.0,-0.19334888655015936,-0.06841932383907297,0.0,1.0458469731919673,0.0,0.0,0.028195440573770547,0.12488367561079927,0.0,0.025346906821584136,0.059289222123003804
D32.8,D32,gb,3,2,4,3,February,2,2014,Female,White,,NA,,NA,,,No,"$100,000 to $150,000",0.3,0.7,tycoon,15,8/16/20 15:36,5,7,8,1,3,1,1,0.3,0.625,0.875,1,2,30,1,8,0,0.33333,3,2,0.3647540983606557,0.047282316581564086,0.7142857148445421,0.6352459016393444,0.444672131147541,0.5881965849734463,-0.6870122784419204,0.5402214022140222,0.6899081595689575,-0.15524439974414975,-0.19334888655015936,0.052273613770171964,1.0767452104881297,0.00910970790803689,0.0,0.040743196494464895,0.1332997259938079,1.1102230246251565e-16,0.01694783786822429,0.05086703501735812
D32.9,D32,gb,3,2,4,3,February,2,2014,Female,White,,NA,,NA,,,No,"$100,000 to $150,000",0.3,0.7,tycoon,15,8/16/20 15:36,5,7,9,2,4,0,1,0.7,0.625,0.875,2,2,30,1,9,0,0.33333,3,1,0.47807486631016044,0.059144956961880525,0.4761904739920234,0.5219251336898396,0.3653475935828877,0.45467782143196556,-0.6564330821954864,0.4726996966632962,0.6916558259082752,-0.10203826854156672,-0.06841932383907297,0.041065536639639334,1.0583672239545787,0.009962423664479525,0.007254802831142548,0.054716991068419096,0.11761181318722125,0.0,0.008758474689475104,0.04482337583217155
D32.10,D32,gb,3,2,4,3,February,2,2014,Female,White,,NA,,NA,,,No,"$100,000 to $150,000",0.3,0.7,tycoon,15,8/16/20 15:36,5,7,10,1,3,1,1,0.3,0.625,0.875,1,2,30,1,10,0,0.33333,4,2,0.42435424354243534,0.04778325458531338,0.5714285714582152,0.5756457564575647,0.4029520295202953,0.5157578162553097,-0.6741904715742899,0.5024721878862793,0.6931349570842507,-0.1634727844071895,-0.15524439974414975,0.04080248582851545,1.084322659604063,0.006802703891640283,0.0,0.04167883554908247,0.1252425618700298,1.1102230246251565e-16,0.010714598831218947,0.038547389690878675
D32.11,D32,gb,3,2,4,3,February,2,2014,Female,White,,NA,,NA,,,No,"$100,000 to $150,000",0.3,0.7,tycoon,15,8/16/20 15:36,5,7,11,2,1,1,1,0.7,0.625,0.875,2,2,30,1,11,0,0.33333,4,1,0.5433097404785979,0.054325816767273404,0.3571428585841654,0.4566902595214021,0.31968318166498144,0.38519667999782625,-0.6266304181662299,0.44097101808273464,0.6861620599669114,-0.17234810551209429,-0.10203826854156672,0.029483822867364385,1.056831799485219,0.00771932666582642,0.0,0.036400986190240014,0.09903699887278317,-1.1102230246251565e-16,0.004910265140283365,0.03471644653717465
D32.12,D32,gb,3,2,4,3,February,2,2014,Female,White,,NA,,NA,,,No,"$100,000 to $150,000",0.3,0.7,tycoon,15,8/16/20 15:36,5,7,12,1,2,0,1,0.3,0.625,0.875,1,2,30,1,12,0,0.33333,5,2,0.48037700865265753,0.04560793367823767,0.4761904749682757,0.5196229913473425,0.36373609394313977,0.45214185507827664,-0.6555375630656881,0.4715024648485879,0.6915220810334448,-0.20362825923782918,-0.1634727844071895,0.030843711778198588,1.079504483293731,0.005298497700936489,0.0,0.036532353764483494,0.10565896515920903,-1.1102230246251565e-16,0.006462497605224549,0.03051505481673944
D32.13,D32,gb,3,2,4,3,February,2,2014,Female,White,,NA,,NA,,,No,"$100,000 to $150,000",0.3,0.7,tycoon,15,8/16/20 15:36,5,7,13,2,2,0,1,0.7,0.625,0.875,2,2,30,1,13,0,0.33333,5,1,0.5992073321773594,0.04762632238369273,0.2857142856774214,0.40079266782264056,0.28055486747584846,0.3292750133468492,-0.593476605198166,0.4169880181793142,0.6793011794347656,-0.2597274871226082,-0.17234810551209429,0.020928267241703907,1.0473931480559728,0.005198725284280004,0.0,0.02906069613627993,0.08425648690021559,-1.1102230246251565e-16,0.002646806822436787,0.028247511457427987
D32.14,D32,gb,3,2,4,3,February,2,2014,Female,White,,NA,,NA,,,No,"$100,000 to $150,000",0.3,0.7,tycoon,15,8/16/20 15:36,5,7,14,1,3,1,1,0.3,0.625,0.875,1,2,30,1,14,0,0.33333,6,2,0.5305535993265176,0.04180549502855063,0.4081632652507492,0.4694464006734824,0.32861248047143765,0.3984087833361684,-0.6331916582986538,0.44683583068487076,0.6874836226981821,-0.2618168853573194,-0.20362825923782918,0.023017317163043654,1.0673604890296349,0.003931234649003246,0.0,0.03198363962896411,0.0898919067572459,1.1102230246251565e-16,0.0037550782567965513,0.025416670955790255
D32.15,D32,gb,3,2,4,3,February,2,2014,Female,White,,NA,,NA,,,No,"$100,000 to $150,000",0.3,0.7,tycoon,15,8/16/20 15:36,5,7,15,2,2,0,0,0.7,0.625,0.875,2,2,30,0,15,0,0.33333,5,2,0.6455464123398981,0.040759615127719986,-0.7619047619584085,-0.6455464123398981,-0.7518824886379286,1.3938528089046633,-0.5602575535492537,0.0,0.0,-0.20362825923782918,-0.2597274871226082,0.0,1.0932908211707575,0.0,0.0,0.04400475645013746,0.11164466611210999,0.0,0.006462497605224549,0.02935287105714568
D32.16,D32,gb,3,2,4,3,February,2,2014,Female,White,,NA,,NA,,,No,"$100,000 to $150,000",0.3,0.7,tycoon,15,8/16/20 15:36,5,7,16,2,1,0,1,0.7,0.625,0.875,2,2,30,1,16,0,0.33333,6,2,0.5305535993265176,0.04180549502855063,0.4081632652507492,0.4694464006734824,0.32861248047143765,0.3984087833361684,-0.6331916582986538,0.44683583068487076,0.6874836226981821,-0.2618168853573194,-0.20362825923782918,0.023017317163043654,1.097712461336062,0.004763643271960882,0.013633400014021468,0.05525596132099608,0.11901592193846744,0.0,0.0037550782567964403,0.026497245283169324
D32.17,D32,gb,3,2,4,3,February,2,2014,Female,White,,NA,,NA,,,No,"$100,000 to $150,000",0.3,0.7,tycoon,15,8/16/20 15:36,5,7,17,1,4,0,1,0.3,0.625,0.875,1,2,30,1,17,0,0.33333,7,2,0.5741407165558251,0.03740388601427415,0.35714285717432626,0.4258592834441749,0.2981014984109225,0.35396647004063503,-0.6092471136463906,0.4274122245891805,0.682571878377868,-0.32792102780953847,-0.2618168853573194,0.017233904192596534,1.0911989733843734,0.0037189270055535406,-2.220446049250313e-16,0.040600302403881905,0.10018989078899887,0.0,0.0021207633021401717,0.024842993338536012
D32.18,D32,gb,3,2,4,3,February,2,2014,Female,White,,NA,,NA,,,No,"$100,000 to $150,000",0.3,0.7,tycoon,15,8/16/20 15:36,5,7,18,2,2,1,1,0.7,0.625,0.875,2,2,30,1,18,0,0.33333,7,2,0.5741407165558251,0.03740388601427415,0.35714285717432626,0.4258592834441749,0.2981014984109225,0.35396647004063503,-0.6092471136463906,0.4274122245891805,0.682571878377868,-0.32792102780953847,-0.2618168853573194,0.017233904192596534,1.0927520710377818,0.0036809713305654412,0.01116054567118907,0.05164411885519171,0.1066425082065191,0.0,0.0021207633021401717,0.02324456511451567
D32.19,D32,gb,3,2,4,3,February,2,2014,Female,White,,NA,,NA,,,No,"$100,000 to $150,000",0.3,0.7,tycoon,15,8/16/20 15:36,5,7,19,2,4,0,1,0.7,0.625,0.875,2,2,30,1,19,0,0.33333,8,2,0.6114434321916543,0.03308472734605146,0.31746031753158344,0.3885565678083457,0.27198959746584195,0.31743994169226863,-0.5852277123049061,0.41208202376740644,0.6776073759493211,-0.3958724616618888,-0.32792102780953847,0.01309086640026002,1.0852882575377798,0.002909379651594879,2.220446049250313e-16,0.03887449492759909,0.09068444921986785,0.0,0.0011726960853378765,0.022371854859779328
D32.20,D32,gb,3,2,4,3,February,2,2014,Female,White,,NA,,NA,,,No,"$100,000 to $150,000",0.3,0.7,tycoon,15,8/16/20 15:36,5,7,20,1,1,0,0,0.3,0.625,0.875,1,2,30,0,20,0,0.33333,7,3,0.6114434321916543,0.03308472734605146,-0.6825396824684166,-0.6114434321916543,-0.728010402534158,1.3019914580283587,-0.5852277123049061,0.0,0.0,-0.300546826596243,-0.32792102780953847,0.0,1.0420680033653948,0.0,0.0,0.019128276599220118,0.07560861011330577,0.0,0.004658377691200477,0.02490862411217376
D33.1,D33,gb,3,3,2,3,October,6,2013,Male,White,,NA,,NA,,,No,"$150,000 or more",0.3,0.7,tycoon,13,8/20/20 9:37,6,5,1,1,4,1,1,0.3,0.75,0.625,1,2,31,1,1,0,0.33333,1,0,0.5,0.08333333333333334,NaN,0.5,0.3500000000000001,0.4307829160924544,-0.6474466390346325,0.46153846153846156,0.6901856760188042,-0.04985714948732713,-0.0,0.05414517848247718,1.080889095295541,0.01409433193494114,0.0,0.056089743589743724,0.13107336639004985,-1.1102230246251565e-16,0.010744810700342722,0.04891275394756722
D33.2,D33,gb,3,3,2,3,October,6,2013,Male,White,,NA,,NA,,,No,"$150,000 or more",0.3,0.7,tycoon,13,8/20/20 9:37,6,5,2,1,4,0,1,0.3,0.75,0.625,1,2,31,1,2,0,0.33333,2,0,0.5897435897435898,0.07527942143326759,1.505215796449022e-8,0.41025641025641024,0.28717948717948727,0.33852562543305514,-0.5996068847876724,0.420863309352518,0.6805691240005796,-0.1694605094257496,-0.04985714948732713,0.03640626681961483,1.0376090912334721,0.009559642694166648,-1.1102230246251565e-16,0.03407149280575539,0.09687372448489084,-1.1102230246251565e-16,0.005618362421843104,0.04378612586327624
D33.3,D33,gb,3,3,2,3,October,6,2013,Male,White,,NA,,NA,,,No,"$150,000 or more",0.3,0.7,tycoon,13,8/20/20 9:37,6,5,3,1,4,0,1,0.3,0.75,0.625,1,2,31,1,3,0,0.33333,3,0,0.6636690647482014,0.06242107033797422,1.505215796449022e-8,0.3363309352517986,0.23543165467625904,0.268443858885838,-0.5457566301170604,0.392378263937897,0.6698000343867989,-0.31724785272016875,-0.1694605094257496,0.02364311272114325,0.9819964291950071,0.006749390762324725,0.0,0.02004719477769923,0.07211083730870749,-2.220446049250313e-16,0.0027852297390043024,0.04095865849956504
D33.4,D33,gb,3,3,2,3,October,6,2013,Male,White,,NA,,NA,,,No,"$150,000 or more",0.3,0.7,tycoon,13,8/20/20 9:37,6,5,4,1,4,0,0,0.3,0.75,0.625,1,2,31,0,4,0,0.33333,3,1,0.720818630910374,0.049557175056323656,-0.999999984947842,-0.720818630910374,-0.8045730416372618,1.632568583880856,-0.4939971112220449,0.0,0.0,-0.10203826854156672,-0.31724785272016875,0.0,1.097648513167392,0.0,0.0,0.054716991068419096,0.14388065726291033,0.0,0.008758474689474993,0.04691891768985257
D33.5,D33,gb,3,3,2,3,October,6,2013,Male,White,,NA,,NA,,,No,"$150,000 or more",0.3,0.7,tycoon,13,8/20/20 9:37,6,5,5,1,4,1,1,0.3,0.75,0.625,1,2,31,1,5,0,0.33333,4,1,0.5433097404785979,0.054325816767273404,0.3571428585841654,0.4566902595214021,0.31968318166498144,0.38519667999782625,-0.6266304181662299,0.44097101808273464,0.6861620599669114,-0.17234810551209429,-0.10203826854156672,0.029483822867364385,1.0858676469604842,0.005352704685234633,0.0,0.036400986190240014,0.11645515234414128,0.0,0.004910265140283254,0.04306006723942757
D33.6,D33,gb,3,3,2,3,October,6,2013,Male,White,,NA,,NA,,,No,"$150,000 or more",0.3,0.7,tycoon,13,8/20/20 9:37,6,5,6,1,4,0,0,0.3,0.75,0.625,1,2,31,0,6,0,0.33333,4,2,0.5992073321773594,0.04762632238369273,-0.7142857143225786,-0.5992073321773594,-0.7194451325241515,1.270985967173236,-0.593476605198166,0.0,0.0,-0.1634727844071895,-0.17234810551209429,0.0,1.0922012316331122,0.0,0.0,0.05518984423284912,0.15794027422274892,0.0,0.010714598831218947,0.048860709522371426
D33.7,D33,gb,3,3,2,3,October,6,2013,Male,White,,NA,,NA,,,No,"$150,000 or more",0.3,0.7,tycoon,13,8/20/20 9:37,6,5,7,1,4,1,1,0.3,0.75,0.625,1,2,31,1,7,0,0.33333,5,2,0.48037700865265753,0.04560793367823767,0.4761904749682757,0.5196229913473425,0.36373609394313977,0.45214185507827664,-0.6555375630656881,0.4715024648485879,0.6915220810334448,-0.20362825923782918,-0.1634727844071895,0.030843711778198588,1.0984832636068402,0.004723993833022355,0.006476602151581856,0.04930747436749705,0.14537429399830148,0.0,0.006462497605224549,0.04465500733583838
D33.8,D33,gb,3,3,2,3,October,6,2013,Male,White,,NA,,NA,,,No,"$150,000 or more",0.3,0.7,tycoon,13,8/20/20 9:37,6,5,8,1,4,1,1,0.3,0.75,0.625,1,2,31,1,8,0,0.33333,6,2,0.5305535993265176,0.04180549502855063,0.4081632652507492,0.4694464006734824,0.32861248047143765,0.3984087833361684,-0.6331916582986538,0.44683583068487076,0.6874836226981821,-0.2618168853573194,-0.20362825923782918,0.023017317163043654,1.0952697068581851,0.0038737045249654933,0.0,0.03457500435926286,0.12350337527174748,-1.1102230246251565e-16,0.0037550782567964403,0.041912205664466295
D33.9,D33,gb,3,3,2,3,October,6,2013,Male,White,,NA,,NA,,,No,"$150,000 or more",0.3,0.7,tycoon,13,8/20/20 9:37,6,5,9,1,4,0,0,0.3,0.75,0.625,1,2,31,0,9,0,0.33333,6,3,0.5741407165558251,0.03740388601427415,-0.6428571428256737,-0.5741407165558251,-0.7018985015890775,1.2103212517729298,-0.6092471136463906,0.0,0.0,-0.2581358322404612,-0.2618168853573194,0.0,1.091009117786978,0.0,0.0,0.050076976868332235,0.155875680568775,0.0,0.007603174371417998,0.04575595805608568
D33.10,D33,gb,3,3,2,3,October,6,2013,Male,White,,NA,,NA,,,No,"$150,000 or more",0.3,0.7,tycoon,13,8/20/20 9:37,6,5,10,1,4,0,1,0.3,0.75,0.625,1,2,31,1,10,0,0.33333,7,3,0.4863091546563947,0.03658287444157547,0.4761904747327377,0.5136908453436053,0.3595835917405237,0.4456366762960631,-0.6531782320549671,0.46844521178859255,0.6911544472276554,-0.300546826596243,-0.2581358322404612,0.023617731566659306,1.0976377718590344,0.0027986792550185324,0.004489387662584887,0.04403343047018615,0.1444092162723527,-1.1102230246251565e-16,0.004658377691200477,0.04282530821179731
D33.11,D33,gb,3,3,2,3,October,6,2013,Male,White,,NA,,NA,,,No,"$150,000 or more",0.3,0.7,tycoon,13,8/20/20 9:37,6,5,11,1,4,0,1,0.3,0.75,0.625,1,2,31,1,11,0,0.33333,8,3,0.5262956568428396,0.033586414868103556,0.42857143356005234,0.47370434315716037,0.33159304021001224,0.4028580697029193,-0.6353010686748846,0.44882836063565146,0.6879009263775451,-0.3513166463606723,-0.300546826596243,0.018240328873544546,1.0980812039256167,0.0025477356865484246,1.1102230246251565e-16,0.03207844182150743,0.1267117944368935,0.0,0.002777826333567379,0.040861914094111995
D33.12,D33,gb,3,3,2,3,October,6,2013,Male,White,,NA,,NA,,,No,"$150,000 or more",0.3,0.7,tycoon,13,8/20/20 9:37,6,5,12,1,4,0,0,0.3,0.75,0.625,1,2,31,0,12,0,0.33333,8,4,0.5614695730675592,0.030474638098065013,-0.6103896104957671,-0.5614695730675592,-0.6930287011472913,1.1810010248444411,-0.6166558611335434,0.0,0.0,-0.3469047363981448,-0.3513166463606723,0.0,1.0904365555434814,0.0,0.0,0.04662135145581647,0.1549259070656117,0.0,0.0053878947507951525,0.04356078938279073
D33.13,D33,gb,3,3,2,3,October,6,2013,Male,White,,NA,,NA,,,No,"$150,000 or more",0.3,0.7,tycoon,13,8/20/20 9:37,6,5,13,1,4,1,1,0.3,0.75,0.625,1,2,31,1,13,0,0.33333,9,4,0.4919769307639502,0.030175846260134847,0.47619047733705944,0.5080230692360498,0.3556161484652349,0.43946068768486723,-0.6508541028942021,0.4655610150463472,0.6907732140228322,-0.38782604294754275,-0.3469047363981448,0.01857872506123154,1.0968265625142095,0.002031859089342225,0.00261465978012565,0.03957238027553012,0.14314066916766144,1.1102230246251565e-16,0.003350204162713033,0.04152886027787983
D33.14,D33,gb,3,3,2,3,October,6,2013,Male,White,,NA,,NA,,,No,"$150,000 or more",0.3,0.7,tycoon,13,8/20/20 9:37,6,5,14,1,4,0,1,0.3,0.75,0.625,1,2,31,1,14,0,0.33333,10,4,0.524757225198369,0.027850178590534756,0.4395604409582168,0.475242774801631,0.33266994236114167,0.40447051642020765,-0.6360533501868351,0.44955265623948903,0.6880486406300059,-0.43232046292312665,-0.38782604294754275,0.014812750217155703,1.0985851625615684,0.0019456451969070976,0.0,0.02969918822518891,0.1284201527693718,0.0,0.0020410858909309937,0.040177940507163834
D33.15,D33,gb,3,3,2,3,October,6,2013,Male,White,,NA,,NA,,,No,"$150,000 or more",0.3,0.7,tycoon,13,8/20/20 9:37,6,5,15,1,4,1,1,0.3,0.75,0.625,1,2,31,1,15,0,0.33333,11,4,0.5539708426433134,0.02557072242928151,0.408163266165832,0.4460291573566866,0.3122204101496806,0.3742868559658228,-0.6208657479262292,0.4361862498206564,0.6849805354460689,-0.4778408046349424,-0.43232046292312665,0.011966961704412846,1.0959617478603536,0.0010165902216527911,-1.1102230246251565e-16,0.02212435320712136,0.11563153572687901,1.1102230246251565e-16,0.0012232016338079577,0.039325639268195656
D33.16,D33,gb,3,3,2,3,October,6,2013,Male,White,,NA,,NA,,,No,"$150,000 or more",0.3,0.7,tycoon,13,8/20/20 9:37,6,5,16,1,4,0,0,0.3,0.75,0.625,1,2,31,0,16,0,0.33333,11,5,0.5799959035271244,0.02344364837969178,-0.6190476169394906,-0.5799959035271244,-0.7059971324689871,1.224165758184174,-0.6056969817534072,0.0,0.0,-0.4653502018003056,-0.4778408046349424,0.0,1.0965748695719129,0.0,0.0,0.035916363939919815,0.142130024491249,0.0,0.0024236137444293426,0.04056927175733305
D33.17,D33,gb,3,3,2,3,October,6,2013,Male,White,,NA,,NA,,,No,"$150,000 or more",0.3,0.7,tycoon,13,8/20/20 9:37,6,5,17,1,4,0,0,0.3,0.75,0.625,1,2,31,0,17,0,0.33333,11,6,0.5241782375172744,0.023676849194556107,-0.5535714285887094,-0.5241782375172744,-0.6669247662620921,1.0993868873785217,-0.6363351173839336,0.0,0.0,-0.46726969887489106,-0.4653502018003056,0.0,1.0835823012451142,0.0,0.0,0.03465130334031696,0.1495647041437721,0.0,0.004264526888721587,0.042401009381474064
D33.18,D33,gb,3,3,2,3,October,6,2013,Male,White,,NA,,NA,,,No,"$150,000 or more",0.3,0.7,tycoon,13,8/20/20 9:37,6,5,18,1,4,0,0,0.3,0.75,0.625,1,2,31,0,18,0,0.33333,11,7,0.47441832516897015,0.023398879789019347,-0.4957983208312209,-0.47441832516897015,-0.6320928276182791,0.9999246215960419,-0.6578324403341917,0.0,0.0,-0.479548552848035,-0.46726969887489106,0.0,1.0634460655898845,0.0,0.0,0.022064880295414535,0.14236552182616402,0.0,0.006835362740015616,0.044968925569711216
D33.19,D33,gb,3,3,2,3,October,6,2013,Male,White,,NA,,NA,,,No,"$150,000 or more",0.3,0.7,tycoon,13,8/20/20 9:37,6,5,19,1,4,0,1,0.3,0.75,0.625,1,2,31,1,19,0,0.33333,12,7,0.42989835632389595,0.022762197820008115,0.5555555559365692,0.570101643676104,0.3990711505732729,0.5092787384323804,-0.6726332530917295,0.49922715523841704,0.6931459859814186,-0.505535848001815,-0.479548552848035,0.017895169186724715,1.075516971362974,0.001423462320299329,0.0,0.02763976178661187,0.14601778605412785,-1.1102230246251565e-16,0.004625038012071592,0.042743087928852286
D33.20,D33,gb,3,3,2,3,October,6,2013,Male,White,,NA,,NA,,,No,"$150,000 or more",0.3,0.7,tycoon,13,8/20/20 9:37,6,5,20,1,4,1,1,0.3,0.75,0.625,1,2,31,1,20,0,0.33333,13,7,0.4564132066080951,0.021591774893292656,0.5263157893825066,0.543586793391905,0.38051075537433343,0.4788599394427197,-0.6643136124158091,0.4842699088041124,0.6926522273569351,-0.5344565796656254,-0.505535848001815,0.014900000645375742,1.084620325081051,0.0011933126797405436,0.0013432218838793641,0.033742862974594834,0.14970565835405847,0.0,0.003076476532115291,0.041185883548423785
D34.1,D34,bg,3,2,4,1,March,29,2013,Female,White,,NA,,NA,,,No,"$150,000 or more",0.7,0.3,tycoon,16,8/17/20 7:04,5,5,1,1,4,1,1,0.7,0.625,0.625,1,2,32,1,1,0,0.33333,1,0,0.5,0.08333333333333334,NaN,0.5,0.3500000000000001,0.4307829160924544,-0.6474466390346325,0.46153846153846156,0.6901856760188042,-0.04985714948732713,-0.0,0.05414517848247718,1.080889095295541,0.01409433193494114,0.0,0.056089743589743724,0.13107336639004985,-1.1102230246251565e-16,0.010744810700342722,0.04891275394756722
D34.2,D34,bg,3,2,4,1,March,29,2013,Female,White,,NA,,NA,,,No,"$150,000 or more",0.7,0.3,tycoon,16,8/17/20 7:04,5,5,2,1,2,0,1,0.7,0.625,0.625,1,2,32,1,2,0,0.33333,2,0,0.5897435897435898,0.07527942143326759,1.505215796449022e-8,0.41025641025641024,0.28717948717948727,0.33852562543305514,-0.5996068847876724,0.420863309352518,0.6805691240005796,-0.1694605094257496,-0.04985714948732713,0.03640626681961483,1.0376090912334721,0.009559642694166648,-1.1102230246251565e-16,0.03407149280575539,0.09687372448489084,-1.1102230246251565e-16,0.005618362421843104,0.04378612586327624
D34.3,D34,bg,3,2,4,1,March,29,2013,Female,White,,NA,,NA,,,No,"$150,000 or more",0.7,0.3,tycoon,16,8/17/20 7:04,5,5,3,2,3,0,1,0.3,0.625,0.625,2,2,32,1,3,0,0.33333,1,0,0.5,0.08333333333333334,NaN,0.5,0.3500000000000001,0.4307829160924544,-0.6474466390346325,0.46153846153846156,0.6901856760188042,-0.04985714948732713,-0.0,0.05414517848247718,1.0580706350682705,0.01222718476973883,0.0011298653384984592,0.05612991803256817,0.10941149615205781,-1.1102230246251565e-16,0.01074481070034261,0.035483482321714055
D34.4,D34,bg,3,2,4,1,March,29,2013,Female,White,,NA,,NA,,,No,"$150,000 or more",0.7,0.3,tycoon,16,8/17/20 7:04,5,5,4,1,4,0,0,0.7,0.625,0.625,1,2,32,0,4,0,0.33333,2,1,0.6636690647482014,0.06242107033797422,-0.999999984947842,-0.6636690647482014,-0.764568345323741,1.446334621334728,-0.5457566301170604,0.0,0.0,-0.06841932383907297,-0.1694605094257496,0.0,1.0630539018716882,0.0,0.0,0.038128625824769835,0.11923400331173817,0.0,0.01481901845025424,0.04466831903767854
D34.5,D34,bg,3,2,4,1,March,29,2013,Female,White,,NA,,NA,,,No,"$150,000 or more",0.7,0.3,tycoon,16,8/17/20 7:04,5,5,5,2,4,0,1,0.3,0.625,0.625,2,2,32,1,5,0,0.33333,2,0,0.5897435897435898,0.07527942143326759,1.505215796449022e-8,0.41025641025641024,0.28717948717948727,0.33852562543305514,-0.5996068847876724,0.420863309352518,0.6805691240005796,-0.1694605094257496,-0.04985714948732713,0.03640626681961483,1.0027060516162971,0.011150041179778802,-1.1102230246251565e-16,0.03407149280575539,0.0864396159158386,-1.1102230246251565e-16,0.005618362421842882,0.039540933332995576
D34.6,D34,bg,3,2,4,1,March,29,2013,Female,White,,NA,,NA,,,No,"$150,000 or more",0.7,0.3,tycoon,16,8/17/20 7:04,5,5,6,1,2,0,0,0.7,0.625,0.625,1,2,32,0,6,0,0.33333,2,2,0.47807486631016044,0.059144956961880525,-0.5238095260079766,-0.47807486631016044,-0.6346524064171123,1.0069060673742722,-0.6564330821954864,0.0,0.0,-0.19334888655015936,-0.06841932383907297,0.0,0.909823957851505,0.0,0.0,0.006788029939375773,0.07382187635313187,0.0,0.025346906821584136,0.05007162230461537
D34.7,D34,bg,3,2,4,1,March,29,2013,Female,White,,NA,,NA,,,No,"$150,000 or more",0.7,0.3,tycoon,16,8/17/20 7:04,5,5,7,2,1,0,1,0.3,0.625,0.625,2,2,32,1,7,0,0.33333,3,0,0.6636690647482014,0.06242107033797422,1.505215796449022e-8,0.3363309352517986,0.23543165467625904,0.268443858885838,-0.5457566301170604,0.392378263937897,0.6698000343867989,-0.31724785272016875,-0.1694605094257496,0.02364311272114325,0.8200846649714153,0.007984787199006416,0.0,0.02004719477769923,0.0532801405498009,-1.1102230246251565e-16,0.0027852297390041914,0.047243848945403566
D34.8,D34,bg,3,2,4,1,March,29,2013,Female,White,,NA,,NA,,,No,"$150,000 or more",0.7,0.3,tycoon,16,8/17/20 7:04,5,5,8,1,2,0,1,0.7,0.625,0.625,1,2,32,1,8,0,0.33333,3,2,0.3647540983606557,0.047282316581564086,0.7142857148445421,0.6352459016393444,0.444672131147541,0.5881965849734463,-0.6870122784419204,0.5402214022140222,0.6899081595689575,-0.15524439974414975,-0.19334888655015936,0.052273613770171964,0.8666752387814605,0.005686351269321044,0.0,0.005428829269504165,0.056574147865721125,1.1102230246251565e-16,0.01694783786822418,0.038751536129858266
D34.9,D34,bg,3,2,4,1,March,29,2013,Female,White,,NA,,NA,,,No,"$150,000 or more",0.7,0.3,tycoon,16,8/17/20 7:04,5,5,9,1,3,1,1,0.7,0.625,0.625,1,2,32,1,9,0,0.33333,4,2,0.42435424354243534,0.04778325458531338,0.5714285714582152,0.5756457564575647,0.4029520295202953,0.5157578162553097,-0.6741904715742899,0.5024721878862793,0.6931349570842507,-0.1634727844071895,-0.15524439974414975,0.04080248582851545,0.9076534227667648,0.004892361944025536,0.0,0.008074193976877364,0.060207386542219576,1.1102230246251565e-16,0.010714598831219169,0.032594129297397245
D34.10,D34,bg,3,2,4,1,March,29,2013,Female,White,,NA,,NA,,,No,"$150,000 or more",0.7,0.3,tycoon,16,8/17/20 7:04,5,5,10,2,2,0,1,0.3,0.625,0.625,2,2,32,1,10,0,0.33333,4,0,0.720818630910374,0.049557175056323656,1.505215796449022e-8,0.279181369089626,0.19542695836273816,0.21744352532572367,-0.4939971112220449,0.3728685706266227,0.6604647503197693,-0.4669270480222721,-0.31724785272016875,0.015384672502538485,0.8303321127367482,0.00633318347691969,0.0,0.011626066445629357,0.044158690015733026,-1.1102230246251565e-16,0.001334355288116984,0.031077657750484655
D34.11,D34,bg,3,2,4,1,March,29,2013,Female,White,,NA,,NA,,,No,"$150,000 or more",0.7,0.3,tycoon,16,8/17/20 7:04,5,5,11,1,3,0,1,0.7,0.625,0.625,1,2,32,1,11,0,0.33333,5,2,0.48037700865265753,0.04560793367823767,0.4761904749682757,0.5196229913473425,0.36373609394313977,0.45214185507827664,-0.6555375630656881,0.4715024648485879,0.6915220810334448,-0.20362825923782918,-0.1634727844071895,0.030843711778198588,0.867687147988448,0.0032025980397821785,0.0,0.0063492974256840196,0.047221320997112515,0.0,0.006462497605224771,0.026922963506831654
D34.12,D34,bg,3,2,4,1,March,29,2013,Female,White,,NA,,NA,,,No,"$150,000 or more",0.7,0.3,tycoon,16,8/17/20 7:04,5,5,12,2,4,0,0,0.3,0.625,0.625,2,2,32,0,12,0,0.33333,4,1,0.7639346946413117,0.038886415120984216,-0.999999984947842,-0.7639346946413117,-0.8347542862489181,1.800321738552958,-0.4482669879861906,0.0,0.0,-0.17234810551209429,-0.4669270480222721,0.0,1.079504483293731,0.0,0.0,0.0435077969634341,0.10565896515920903,0.0,0.004910265140283254,0.03051505481673944
D34.13,D34,bg,3,2,4,1,March,29,2013,Female,White,,NA,,NA,,,No,"$150,000 or more",0.7,0.3,tycoon,16,8/17/20 7:04,5,5,13,2,2,1,1,0.3,0.625,0.625,2,2,32,1,13,0,0.33333,5,1,0.5992073321773594,0.04762632238369273,0.2857142856774214,0.40079266782264056,0.28055486747584846,0.3292750133468492,-0.593476605198166,0.4169880181793142,0.6793011794347656,-0.2597274871226082,-0.17234810551209429,0.020928267241703907,1.0473931480559728,0.005198725284280004,0.0,0.02906069613627993,0.08425648690021559,-1.1102230246251565e-16,0.002646806822436787,0.028247511457427987
D34.14,D34,bg,3,2,4,1,March,29,2013,Female,White,,NA,,NA,,,No,"$150,000 or more",0.7,0.3,tycoon,16,8/17/20 7:04,5,5,14,1,3,0,0,0.7,0.625,0.625,1,2,32,0,14,0,0.33333,5,3,0.5305535993265176,0.04180549502855063,-0.5918367347492508,-0.5305535993265176,-0.6713875195285623,1.1128760933593866,-0.6331916582986538,0.0,0.0,-0.23204795711695592,-0.20362825923782918,0.0,0.9748154183455573,0.0,0.0,0.010128182277957531,0.07273452357507915,0.0,0.01199402080865597,0.03375899786435088
D34.15,D34,bg,3,2,4,1,March,29,2013,Female,White,,NA,,NA,,,No,"$150,000 or more",0.7,0.3,tycoon,16,8/17/20 7:04,5,5,15,2,2,1,1,0.3,0.625,0.625,2,2,32,1,15,0,0.33333,6,1,0.6455464123398981,0.040759615127719986,0.2380952380415915,0.35445358766010193,0.24811751136207139,0.28517523235209896,-0.5602575535492537,0.3989985197600019,0.6726035116269358,-0.3515540175161786,-0.2597274871226082,0.014991388876458484,0.9232028488204054,0.005566982967976308,0.0,0.015273006466915318,0.05825702396074384,1.1102230246251565e-16,0.0013876500814308246,0.03226878380741738
D34.16,D34,bg,3,2,4,1,March,29,2013,Female,White,,NA,,NA,,,No,"$150,000 or more",0.7,0.3,tycoon,16,8/17/20 7:04,5,5,16,1,2,0,1,0.7,0.625,0.625,1,2,32,1,16,0,0.33333,6,3,0.4415008449149912,0.03898646792778655,0.5357142854078077,0.5584991550850088,0.3909494085595062,0.49585394174971215,-0.669170875009046,0.49256991819096024,0.693036764264588,-0.2581358322404612,-0.23204795711695592,0.03062285669061493,0.9606648980217185,0.004313075104173447,0.0,0.008975248982260986,0.061399341609255864,0.0,0.007603174371418109,0.02794246403730294
D34.17,D34,bg,3,2,4,1,March,29,2013,Female,White,,NA,,NA,,,No,"$150,000 or more",0.7,0.3,tycoon,16,8/17/20 7:04,5,5,17,2,1,0,1,0.3,0.625,0.625,2,2,32,1,17,0,0.33333,7,1,0.6834934732444427,0.034610861210659885,0.20408163278799452,0.31650652675555735,0.22155456872889023,0.2504563848711786,-0.5288684970379889,0.3853834680616409,0.6666381984584691,-0.44134935429539246,-0.3515540175161786,0.010976855356239747,0.9080546614963098,0.0031899839721033496,0.0,0.009779434731691516,0.04988392046381174,0.0,0.0007138511185814655,0.02732010786366057
D34.18,D34,bg,3,2,4,1,March,29,2013,Female,White,,NA,,NA,,,No,"$150,000 or more",0.7,0.3,tycoon,16,8/17/20 7:04,5,5,18,1,3,1,1,0.7,0.625,0.625,1,2,32,1,18,0,0.33333,7,3,0.4863091546563947,0.03658287444157547,0.4761904747327377,0.5136908453436053,0.3595835917405237,0.4456366762960631,-0.6531782320549671,0.46844521178859255,0.6911544472276554,-0.300546826596243,-0.2581358322404612,0.023617731566659306,0.9429892076088413,0.003645600233163293,0.0,0.008039915198078895,0.05264658669414091,-2.220446049250313e-16,0.004658377691200477,0.024410984548062786
D34.19,D34,bg,3,2,4,1,March,29,2013,Female,White,,NA,,NA,,,No,"$150,000 or more",0.7,0.3,tycoon,16,8/17/20 7:04,5,5,19,2,2,1,1,0.3,0.625,0.625,2,2,32,1,19,0,0.33333,8,1,0.7146165319383592,0.029443897016384266,0.17857143423228017,0.28538346806164083,0.19976842764314862,0.22285412775518473,-0.5000812284566655,0.3748914818699748,0.6615077791930253,-0.5264631123002028,-0.44134935429539246,0.008262093549826113,0.8930579916224061,0.00236606239240722,0.0,0.008009133505684884,0.043383025679818776,1.1102230246251565e-16,0.000362631031714189,0.024087820914804325
D34.20,D34,bg,3,2,4,1,March,29,2013,Female,White,,NA,,NA,,,No,"$150,000 or more",0.7,0.3,tycoon,16,8/17/20 7:04,5,5,20,1,3,1,1,0.7,0.625,0.625,1,2,32,1,20,0,0.33333,8,3,0.5262956568428396,0.033586414868103556,0.42857143356005234,0.47370434315716037,0.33159304021001224,0.4028580697029193,-0.6353010686748846,0.44882836063565146,0.6879009263775451,-0.3513166463606723,-0.300546826596243,0.018240328873544546,0.9252870783376851,0.002244698178129445,0.0,0.00727431406302903,0.045805312191220415,1.1102230246251565e-16,0.002777826333567268,0.022226691164427326
D35.1,D35,gb,1,2,2,3,March,29,2013,Female,White,,NA,,NA,,,No,"$150,000 or more",0.3,0.7,bandit,4,8/17/20 6:25,3,5,1,2,1,0,1,0.7,0.375,0.625,2,1,33,1,1,0,0.33333,1,0,0.5,0.08333333333333334,NaN,0.5,0.65,1.0498221244986778,-0.6474466390346325,0.0,0.0,-0.19314718051535087,-0.0,0.0,1.039551048757124,0.0,0.0,0.02916666666666673,0.09341812841609692,0.0,0.03446712009808295,0.07261943681288419
D35.2,D35,gb,1,2,2,3,March,29,2013,Female,White,,NA,,NA,,,No,"$150,000 or more",0.3,0.7,bandit,4,8/17/20 6:25,3,5,2,1,2,1,0,0.3,0.375,0.625,1,1,33,0,2,0,0.33333,0,1,0.5,0.08333333333333334,NaN,-0.5,-0.35,0.4307829160924542,-0.6474466390346325,0.46153846153846156,0.6901856760188042,-0.04985714948732713,-0.0,0.05414517848247718,0.9849727692365147,0.021305273992378027,-5.551115123125783e-17,0.02260209223861731,0.08102307360616184,0.0,0.010744810700342833,0.06432290630777027
D35.3,D35,gb,1,2,2,3,March,29,2013,Female,White,,NA,,NA,,,No,"$150,000 or more",0.3,0.7,bandit,4,8/17/20 6:25,3,5,3,2,3,0,0,0.7,0.375,0.625,2,1,33,0,3,0,0.33333,1,1,0.6666666666666666,0.05555555555555555,-0.999999984947842,-0.6666666666666666,-0.4666666666666666,0.628608659422374,-0.6909233093138181,0.5624999999999999,0.6853142072764582,-0.09393882346618045,-0.19314718051535087,0.0694345666869955,1.046473403348005,0.019126337089236944,5.551115123125783e-17,0.04511718749999999,0.10845895571424108,-1.1102230246251565e-16,0.02346938767733342,0.0533169876186268
D35.4,D35,gb,1,2,2,3,March,29,2013,Female,White,,NA,,NA,,,No,"$150,000 or more",0.3,0.7,bandit,4,8/17/20 6:25,3,5,4,2,1,0,1,0.7,0.375,0.625,2,1,33,1,4,0,0.33333,2,1,0.59375,0.05996093749999999,0.2857142857142857,0.40625,0.5843750000000001,0.8779718675720185,-0.6788405414022067,0.0,0.0,-0.2864603556777799,-0.09393882346618045,0.0,0.957561044474692,0.0,0.0,0.018190789473684077,0.06712348151457342,0.0,0.03563193689134736,0.06547236373212861
D35.5,D35,gb,1,2,2,3,March,29,2013,Female,White,,NA,,NA,,,No,"$150,000 or more",0.3,0.7,bandit,4,8/17/20 6:25,3,5,5,1,3,0,0,0.3,0.375,0.625,1,1,33,0,5,0,0.33333,0,2,0.41025641025641024,0.0752794214332676,-3.324562949461316e-16,-0.41025641025641024,-0.28717948717948716,0.33852562543305503,-0.5996068847876723,0.420863309352518,0.6805691240005796,-0.1694605094257496,-0.04985714948732713,0.036406266819614855,0.8859544615475515,0.014375139278830829,-5.551115123125783e-17,0.00987930600584691,0.05946501549764466,0.0,0.005618362421842882,0.06034670141774634
D35.6,D35,gb,1,2,2,3,March,29,2013,Female,White,,NA,,NA,,,No,"$150,000 or more",0.3,0.7,bandit,4,8/17/20 6:25,3,5,6,1,4,1,0,0.3,0.375,0.625,1,1,33,0,6,0,0.33333,0,3,0.3363309352517986,0.06242107033797423,-3.324562949461316e-16,-0.3363309352517986,-0.23543165467625898,0.2684438588858378,-0.5457566301170604,0.392378263937897,0.6698000343867989,-0.31724785272016875,-0.1694605094257496,0.02364311272114325,0.8194231478394964,0.0074731169530419805,5.551115123125783e-17,0.004976847128304207,0.05473872450502154,1.1102230246251565e-16,0.0027852297390044134,0.05754014288069342
D35.7,D35,gb,1,2,2,3,March,29,2013,Female,White,,NA,,NA,,,No,"$150,000 or more",0.3,0.7,bandit,4,8/17/20 6:25,3,5,7,2,2,0,0,0.7,0.375,0.625,2,1,33,0,7,0,0.33333,2,2,0.6947368421052633,0.04365650969529086,-0.952380952198459,-0.6947368421052633,-0.4863157894736843,0.6661465787414395,-0.6927726185565874,0.5840163934426229,0.6789624752751795,-0.19334888655015944,-0.2864603556777799,0.06368976016050117,0.8884028124248786,0.01479839505306435,5.551115123125783e-17,0.02819544057377049,0.07237689372716788,-1.1102230246251565e-16,0.025346906821583914,0.047243848945403344
D35.8,D35,gb,1,2,2,3,March,29,2013,Female,White,,NA,,NA,,,No,"$150,000 or more",0.3,0.7,bandit,4,8/17/20 6:25,3,5,8,2,2,0,0,0.7,0.375,0.625,2,1,33,0,8,0,0.33333,2,3,0.6352459016393442,0.04728231658156409,-0.7142857148437445,-0.6352459016393442,-0.44467213114754095,0.5881965849734463,-0.6870122784419204,0.5402214022140222,0.6899081595689575,-0.15524439974415,-0.19334888655015944,0.05227361377017173,0.9404120072398182,0.010068266043469665,0.0,0.04074319649446495,0.09161800038836848,1.1102230246251565e-16,0.016947837868224402,0.038751536129858266
D35.9,D35,gb,1,2,2,3,March,29,2013,Female,White,,NA,,NA,,,No,"$150,000 or more",0.3,0.7,bandit,4,8/17/20 6:25,3,5,9,1,3,1,0,0.3,0.375,0.625,1,1,33,0,9,0,0.33333,0,4,0.279181369089626,0.04955717505632367,-3.324562949461316e-16,-0.279181369089626,-0.19542695836273818,0.21744352532572367,-0.4939971112220449,0.3728685706266227,0.6604647503197693,-0.4669270480222721,-0.31724785272016875,0.015384672502538485,0.8874327918098519,0.002239099707549763,0.0,0.006722281185313594,0.08707462755312517,1.1102230246251565e-16,0.001334355288116984,0.034001160029626165
D35.10,D35,gb,1,2,2,3,March,29,2013,Female,White,,NA,,NA,,,No,"$150,000 or more",0.3,0.7,bandit,4,8/17/20 6:25,3,5,10,2,3,1,0,0.7,0.375,0.625,2,1,33,0,10,0,0.33333,2,4,0.5756457564575646,0.047783254585313385,-0.5714285714562882,-0.5756457564575646,-0.4029520295202952,0.5157578162553096,-0.6741904715742899,0.5024721878862793,0.6931349570842507,-0.16347278440718951,-0.15524439974415,0.04080248582851541,0.9299825637816299,0.016460997290488333,0.012870828182941885,0.05518984423284906,0.10586161787832082,1.1102230246251565e-16,0.010714598831219058,0.031077657750484433
D35.11,D35,gb,1,2,2,3,March,29,2013,Female,White,,NA,,NA,,,No,"$150,000 or more",0.3,0.7,bandit,4,8/17/20 6:25,3,5,11,1,3,0,0,0.3,0.375,0.625,1,1,33,0,11,0,0.33333,0,5,0.23606530535868828,0.038886415120984216,-3.324562949461316e-16,-0.23606530535868828,-0.1652457137510818,0.18061786540196245,-0.44826698798619047,0.35938719326388935,0.6530647926105785,-0.6068721402139434,-0.4669270480222721,0.010280655290413804,0.8836002954991734,0.002961667569256865,0.0,0.0057584523968783885,0.10261270968679326,-1.1102230246251565e-16,0.0006264767647728986,0.030416027606717022
D35.12,D35,gb,1,2,2,3,March,29,2013,Female,White,,NA,,NA,,,No,"$150,000 or more",0.3,0.7,bandit,4,8/17/20 6:25,3,5,12,2,4,1,0,0.7,0.375,0.625,2,1,33,0,12,0,0.33333,2,5,0.5196229913473425,0.04560793367823767,-0.47619047745101006,-0.5196229913473425,-0.3637360939431397,0.45214185507827664,-0.6555375630656881,0.47150246484858793,0.6915220810334448,-0.20362825923782923,-0.16347278440718951,0.030843711778198547,0.8978374418488547,0.004829324206535035,0.006476602151582189,0.04930747436749716,0.0989121800108887,-1.1102230246251565e-16,0.00646249760522466,0.026214235035501576
D35.13,D35,gb,1,2,2,3,March,29,2013,Female,White,,NA,,NA,,,No,"$150,000 or more",0.3,0.7,bandit,4,8/17/20 6:25,3,5,13,1,2,0,0,0.3,0.375,0.625,1,1,33,0,13,0,0.33333,0,6,0.20345631965702995,0.030721348426171226,-3.324562949461316e-16,-0.20345631965702995,-0.14241942375992095,0.15364013789587988,-0.40933124792562936,0.3498213559305421,0.6473359812057708,-0.733891270595349,-0.6068721402139434,0.007140690214164802,0.8662232051609989,0.004235100369300748,0.0,0.0038991666588811813,0.09655822637259304,0.0,0.0002909575578295964,0.0258581653635529
D35.14,D35,gb,1,2,2,3,March,29,2013,Female,White,,NA,,NA,,,No,"$150,000 or more",0.3,0.7,bandit,4,8/17/20 6:25,3,5,14,2,2,0,0,0.7,0.375,0.625,2,1,33,0,14,0,0.33333,2,6,0.4694464006734824,0.04180549502855063,-0.4081632652444335,-0.4694464006734824,-0.32861248047143765,0.3984087833361684,-0.6331916582986538,0.44683583068487076,0.6874836226981821,-0.2618168853573195,-0.20362825923782923,0.023017317163043654,0.8667030115251666,0.0011129449066346053,0.0,0.03457500435926297,0.0822539763635029,-1.1102230246251565e-16,0.0037550782567964403,0.0223461935549657
D35.15,D35,gb,1,2,2,3,March,29,2013,Female,White,,NA,,NA,,,No,"$150,000 or more",0.3,0.7,bandit,4,8/17/20 6:25,3,5,15,2,2,1,0,0.7,0.375,0.625,2,1,33,0,15,0,0.33333,2,7,0.4258592834441749,0.03740388601427415,-0.35714286246493915,-0.4258592834441749,-0.2981014984109224,0.35396647004063503,-0.6092471136463906,0.4274122245891805,0.682571878377868,-0.3279210278095386,-0.2618168853573195,0.01723390419259645,0.8664386097853793,0.00346520350037971,0.0,0.0239209792055447,0.07097290080407037,1.1102230246251565e-16,0.0021207633021401717,0.02144345796368463
D35.16,D35,gb,1,2,2,3,March,29,2013,Female,White,,NA,,NA,,,No,"$150,000 or more",0.3,0.7,bandit,4,8/17/20 6:25,3,5,16,1,1,0,1,0.3,0.375,0.625,1,1,33,1,16,0,0.33333,1,6,0.17838002421129504,0.024639008868067025,0.9999999999999997,0.8216199757887049,0.8751339830520934,2.080513980954064,-0.376509360186612,0.0,0.0,-0.35155401751617876,-0.733891270595349,0.0,0.9971960873925279,0.0,0.0,0.015273006466915373,0.0845806615788382,0.0,0.0013876500814309356,0.02252323975847914
D35.17,D35,gb,1,2,2,3,March,29,2013,Female,White,,NA,,NA,,,No,"$150,000 or more",0.3,0.7,bandit,4,8/17/20 6:25,3,5,17,2,3,0,0,0.7,0.375,0.625,2,1,33,0,17,0,0.33333,2,8,0.38855656780834585,0.03308472734605146,-0.3174603175335317,-0.38855656780834585,-0.27198959746584206,0.31743994169226875,-0.5852277123049061,0.41208202376740644,0.6776073759493211,-0.3958724616618888,-0.3279210278095386,0.013090866400259957,0.9866829974997069,0.002634113632886903,0.0,0.016406831736663574,0.07709928014097733,1.1102230246251565e-16,0.0011726960853378765,0.021580904238598708
D35.18,D35,gb,1,2,2,3,March,29,2013,Female,White,,NA,,NA,,,No,"$150,000 or more",0.3,0.7,bandit,4,8/17/20 6:25,3,5,18,1,2,0,0,0.3,0.375,0.625,1,1,33,0,18,0,0.33333,1,7,0.31650652675555746,0.034610861210659885,-0.20408163583323682,-0.31650652675555746,-0.2215545687288902,0.2504563848711786,-0.5288684970379889,0.3853834680616408,0.666638198458469,-0.4413493542953925,-0.35155401751617876,0.010976855356239927,0.9599505225582953,0.002610813497924691,0.0,0.009779434731691627,0.07145988287870103,0.0,0.0007138511185814655,0.02086016727037221
D35.19,D35,gb,1,2,2,3,March,29,2013,Female,White,,NA,,NA,,,No,"$150,000 or more",0.3,0.7,bandit,4,8/17/20 6:25,3,5,19,1,1,0,1,0.3,0.375,0.625,1,1,33,1,19,0,0.33333,2,7,0.28538346806164083,0.02944389701638426,0.8214285714828264,0.7146165319383592,0.8002315723568514,1.6105964450581898,-0.5000812284566654,0.0,0.0,-0.3279210278095386,-0.4413493542953925,0.0,1.0168518821552193,0.0,0.0,0.0239209792055447,0.08760633561998904,0.0,0.0021207633021401717,0.022371854859779217
D35.20,D35,gb,1,2,2,3,March,29,2013,Female,White,,NA,,NA,,,No,"$150,000 or more",0.3,0.7,bandit,4,8/17/20 6:25,3,5,20,1,3,1,0,0.3,0.375,0.625,1,1,33,0,20,0,0.33333,2,8,0.38855656780834585,0.03308472734605146,-0.3174603175335317,-0.38855656780834585,-0.27198959746584206,0.31743994169226875,-0.5852277123049061,0.41208202376740644,0.6776073759493211,-0.3958724616618888,-0.3279210278095386,0.013090866400259957,1.0034560116567186,0.002872577428033596,0.0,0.016406831736663574,0.08055800524325685,0.0,0.0011726960853377655,0.02133878818208501
D36.1,D36,gb,3,1,4,0,March,29,2013,Male,White,,NA,,NA,,,No,"$150,000 or more",0.7,0.3,tycoon,15,8/17/20 7:19,4,4,1,1,2,0,0,0.7,0.5,0.5,1,2,34,0,1,0,0.33333,0,1,0.5,0.08333333333333334,NaN,-0.5,-0.6499999999999999,1.0498221244986774,-0.6474466390346325,0.0,0.0,-0.19314718051535087,-0.0,0.0,1.0284761483385072,0.0,0.0,0.029166666666666674,0.14001108542006102,0.0,0.03446712009808295,0.07261948098459137
D36.2,D36,gb,3,1,4,0,March,29,2013,Male,White,,NA,,NA,,,No,"$150,000 or more",0.7,0.3,tycoon,15,8/17/20 7:19,4,4,2,1,3,1,1,0.7,0.5,0.5,1,2,34,1,2,0,0.33333,1,1,0.3333333333333333,0.05555555555555555,0.9999999999999997,0.6666666666666667,0.4666666666666667,0.6286086594223742,-0.6909233093138181,0.5624999999999999,0.6853142072764582,-0.09393882346618043,-0.19314718051535087,0.06943456668699552,1.0715192796667767,0.013023171557011715,0.0,0.04511718749999993,0.15020027717583917,0.0,0.02346938767733342,0.06162330731233334
D36.3,D36,gb,3,1,4,0,March,29,2013,Male,White,,NA,,NA,,,No,"$150,000 or more",0.7,0.3,tycoon,15,8/17/20 7:19,4,4,3,2,2,0,1,0.3,0.5,0.5,2,2,34,1,3,0,0.33333,1,0,0.5,0.08333333333333334,NaN,0.5,0.3500000000000001,0.4307829160924544,-0.6474466390346325,0.46153846153846156,0.6901856760188042,-0.04985714948732713,-0.0,0.05414517848247718,1.027513187106257,0.016439570730297337,0.0,0.056089743589743724,0.11022434808664228,1.1102230246251565e-16,0.010744810700342944,0.05331636572044118
D36.4,D36,gb,3,1,4,0,March,29,2013,Male,White,,NA,,NA,,,No,"$150,000 or more",0.7,0.3,tycoon,15,8/17/20 7:19,4,4,4,2,3,1,1,0.3,0.5,0.5,2,2,34,1,4,0,0.33333,2,0,0.5897435897435898,0.07527942143326759,1.505215796449022e-8,0.41025641025641024,0.28717948717948727,0.33852562543305514,-0.5996068847876724,0.420863309352518,0.6805691240005796,-0.1694605094257496,-0.04985714948732713,0.03640626681961483,0.9589043178238688,0.01118521368965153,-1.1102230246251565e-16,0.03407149280575539,0.07953526666310473,-1.1102230246251565e-16,0.005618362421842882,0.04819872499055011
D36.5,D36,gb,3,1,4,0,March,29,2013,Male,White,,NA,,NA,,,No,"$150,000 or more",0.7,0.3,tycoon,15,8/17/20 7:19,4,4,5,2,4,0,0,0.3,0.5,0.5,2,2,34,0,5,0,0.33333,2,1,0.6636690647482014,0.06242107033797422,-0.999999984947842,-0.6636690647482014,-0.764568345323741,1.446334621334728,-0.5457566301170604,0.0,0.0,-0.06841932383907297,-0.1694605094257496,0.0,1.074939816371205,0.0,0.0,0.06426804812834219,0.13498131211908182,0.0,0.01481901845025424,0.05738954954025177
D36.6,D36,gb,3,1,4,0,March,29,2013,Male,White,,NA,,NA,,,No,"$150,000 or more",0.7,0.3,tycoon,15,8/17/20 7:19,4,4,6,1,1,0,0,0.7,0.5,0.5,1,2,34,0,6,0,0.33333,1,2,0.40624999999999994,0.059960937500000006,-0.2857142857142856,-0.40624999999999994,-0.5843749999999999,0.8779718675720182,-0.6788405414022067,0.0,0.0,-0.2864603556777799,-0.09393882346618043,0.0,1.0013961337766364,0.0,0.0,0.018190789473684355,0.11764710602977035,0.0,0.03563193689134736,0.06955876638567549
D36.7,D36,gb,3,1,4,0,March,29,2013,Male,White,,NA,,NA,,,No,"$150,000 or more",0.7,0.3,tycoon,15,8/17/20 7:19,4,4,7,2,3,0,1,0.3,0.5,0.5,2,2,34,1,7,0,0.33333,3,1,0.47807486631016044,0.059144956961880525,0.4761904739920234,0.5219251336898396,0.3653475935828877,0.45467782143196556,-0.6564330821954864,0.4726996966632962,0.6916558259082752,-0.10203826854156672,-0.06841932383907297,0.041065536639639334,0.9685077168963743,0.009175208346701158,0.007254802831142548,0.054716991068419096,0.10504662584571012,0.0,0.008758474689474993,0.063489410151496
D36.8,D36,gb,3,1,4,0,March,29,2013,Male,White,,NA,,NA,,,No,"$150,000 or more",0.7,0.3,tycoon,15,8/17/20 7:19,4,4,8,2,1,1,1,0.3,0.5,0.5,2,2,34,1,8,0,0.33333,4,1,0.5433097404785979,0.054325816767273404,0.3571428585841654,0.4566902595214021,0.31968318166498144,0.38519667999782625,-0.6266304181662299,0.44097101808273464,0.6861620599669114,-0.17234810551209429,-0.10203826854156672,0.029483822867364385,0.9227042852046397,0.004556974296334948,0.0,0.036400986190240014,0.08272894753074611,0.0,0.004910265140283365,0.05964092418028133
D36.9,D36,gb,3,1,4,0,March,29,2013,Male,White,,NA,,NA,,,No,"$150,000 or more",0.7,0.3,tycoon,15,8/17/20 7:19,4,4,9,2,1,0,1,0.3,0.5,0.5,2,2,34,1,9,0,0.33333,5,1,0.5992073321773594,0.04762632238369273,0.2857142856774214,0.40079266782264056,0.28055486747584846,0.3292750133468492,-0.593476605198166,0.4169880181793142,0.6793011794347656,-0.2597274871226082,-0.17234810551209429,0.020928267241703907,0.8757066010947869,0.008063361468642949,0.0,0.02371755394293995,0.06566245214121724,0.0,0.002646806822436787,0.05736688575751936
D36.10,D36,gb,3,1,4,0,March,29,2013,Male,White,,NA,,NA,,,No,"$150,000 or more",0.7,0.3,tycoon,15,8/17/20 7:19,4,4,10,1,4,1,1,0.7,0.5,0.5,1,2,34,1,10,0,0.33333,2,2,0.3052631578947369,0.043656509695290856,0.9523809521686687,0.6947368421052631,0.48631578947368426,0.6661465787414395,-0.6927726185565874,0.5840163934426229,0.6789624752751795,-0.19334888655015936,-0.2864603556777799,0.06368976016050126,0.9309005027433093,0.009365422534849177,0.0,0.008229073217587923,0.06922863371106502,1.1102230246251565e-16,0.025346906821584136,0.047095339347827836
D36.11,D36,gb,3,1,4,0,March,29,2013,Male,White,,NA,,NA,,,No,"$150,000 or more",0.7,0.3,tycoon,15,8/17/20 7:19,4,4,11,2,2,0,1,0.3,0.5,0.5,2,2,34,1,11,0,0.33333,6,1,0.6455464123398981,0.040759615127719986,0.2380952380415915,0.35445358766010193,0.24811751136207139,0.28517523235209896,-0.5602575535492537,0.3989985197600019,0.6726035116269358,-0.3515540175161786,-0.2597274871226082,0.014991388876458484,0.8764112312910166,0.0035616477859563567,0.0,0.015273006466915318,0.0556376733286168,0.0,0.0013876500814309356,0.04583744206392448
D36.12,D36,gb,3,1,4,0,March,29,2013,Male,White,,NA,,NA,,,No,"$150,000 or more",0.7,0.3,tycoon,15,8/17/20 7:19,4,4,12,1,4,0,1,0.7,0.5,0.5,1,2,34,1,12,0,0.33333,3,2,0.3647540983606557,0.047282316581564086,0.7142857148445421,0.6352459016393444,0.444672131147541,0.5881965849734463,-0.6870122784419204,0.5402214022140222,0.6899081595689575,-0.15524439974414975,-0.19334888655015936,0.052273613770171964,0.9289878404929354,0.006897301554422253,0.0,0.008515175539502762,0.05921736645203424,0.0,0.01694783786822429,0.03739327328985087
D36.13,D36,gb,3,1,4,0,March,29,2013,Male,White,,NA,,NA,,,No,"$150,000 or more",0.7,0.3,tycoon,15,8/17/20 7:19,4,4,13,1,2,0,1,0.7,0.5,0.5,1,2,34,1,13,0,0.33333,4,2,0.42435424354243534,0.04778325458531338,0.5714285714582152,0.5756457564575647,0.4029520295202953,0.5157578162553097,-0.6741904715742899,0.5024721878862793,0.6931349570842507,-0.1634727844071895,-0.15524439974414975,0.04080248582851545,0.9741281412936416,0.006934593462808336,0.0,0.01246395877143891,0.06338139429710588,1.1102230246251565e-16,0.010714598831219058,0.031180871820438827
D36.14,D36,gb,3,1,4,0,March,29,2013,Male,White,,NA,,NA,,,No,"$150,000 or more",0.7,0.3,tycoon,15,8/17/20 7:19,4,4,14,2,1,0,1,0.3,0.5,0.5,2,2,34,1,14,0,0.33333,7,1,0.6834934732444427,0.034610861210659885,0.20408163278799452,0.31650652675555735,0.22155456872889023,0.2504563848711786,-0.5288684970379889,0.3853834680616409,0.6666381984584691,-0.44134935429539246,-0.3515540175161786,0.010976855356239747,0.9252807737740483,0.002816112681711891,0.0,0.009779434731691516,0.05170808680075756,-1.1102230246251565e-16,0.0007138511185813545,0.030488815920984846
D36.15,D36,gb,3,1,4,0,March,29,2013,Male,White,,NA,,NA,,,No,"$150,000 or more",0.7,0.3,tycoon,15,8/17/20 7:19,4,4,15,2,1,1,1,0.3,0.5,0.5,2,2,34,1,15,0,0.33333,8,1,0.7146165319383592,0.029443897016384266,0.17857143423228017,0.28538346806164083,0.19976842764314862,0.22285412775518473,-0.5000812284566655,0.3748914818699748,0.6615077791930253,-0.5264631123002028,-0.44134935429539246,0.008262093549826113,0.8769435854264074,0.0019815360555008876,0.0,0.006249163993101381,0.04277674314001556,0.0,0.00036263103171407796,0.030164781306266097
D36.16,D36,gb,3,1,4,0,March,29,2013,Male,White,,NA,,NA,,,No,"$150,000 or more",0.7,0.3,tycoon,15,8/17/20 7:19,4,4,16,1,4,0,0,0.7,0.5,0.5,1,2,34,0,16,0,0.33333,4,3,0.48037700865265753,0.04560793367823767,-0.5238095250317243,-0.48037700865265753,-0.6362639060568602,1.0113266909367902,-0.6555375630656881,0.0,0.0,-0.23266054424133242,-0.1634727844071895,0.0,0.7721700191764665,0.0,0.0,0.0017721982113850787,0.0372653075156506,0.0,0.0181525698768511,0.037605132773438577
D36.17,D36,gb,3,1,4,0,March,29,2013,Male,White,,NA,,NA,,,No,"$150,000 or more",0.7,0.3,tycoon,15,8/17/20 7:19,4,4,17,2,4,1,1,0.3,0.5,0.5,2,2,34,1,17,0,0.33333,9,1,0.7403724863688573,0.025214315576809237,0.15873015818408331,0.25962751363114267,0.18173925954179992,0.20057423955414952,-0.4740205869080335,0.3666313012060306,0.6571384300344418,-0.6061877880802709,-0.5264631123002028,0.006396043248667584,0.7246282310645955,0.0013126353879233665,-2.220446049250313e-16,0.00399310192986102,0.031235225969997393,-1.1102230246251565e-16,0.00018271206976572252,0.035144357015508
D36.18,D36,gb,3,1,4,0,March,29,2013,Male,White,,NA,,NA,,,No,"$150,000 or more",0.7,0.3,tycoon,15,8/17/20 7:19,4,4,18,1,3,1,1,0.7,0.5,0.5,1,2,34,1,18,0,0.33333,5,3,0.3926058083060759,0.04015149105953348,0.6122448978977654,0.6073941916939241,0.42517593418574684,0.5536912575008726,-0.6819077269415073,0.5218988171190123,0.6921877573072556,-0.23204795711695592,-0.23266054424133242,0.03924851334303198,0.7660936344092901,0.002924765975656829,0.0,0.001864688762525879,0.03268321954341802,-1.1102230246251565e-16,0.01199402080865597,0.03110129715850385
D36.19,D36,gb,3,1,4,0,March,29,2013,Male,White,,NA,,NA,,,No,"$150,000 or more",0.7,0.3,tycoon,15,8/17/20 7:19,4,4,19,2,4,0,0,0.3,0.5,0.5,2,2,34,0,19,0,0.33333,9,2,0.7619426534697291,0.021774166844844334,-0.8571428587236406,-0.7619426534697291,-0.8333598574288104,1.7919186264657585,-0.45051851744864396,0.0,0.0,-0.46256299777774856,-0.6061877880802709,0.0,0.9401008558288344,0.0,0.0,0.01119072221535855,0.05761263522409965,0.0,0.0006384457634259766,0.03172463318411889
D36.20,D36,gb,3,1,4,0,March,29,2013,Male,White,,NA,,NA,,,No,"$150,000 or more",0.7,0.3,tycoon,15,8/17/20 7:19,4,4,20,1,3,0,1,0.7,0.5,0.5,1,2,34,1,20,0,0.33333,6,3,0.4415008449149912,0.03898646792778655,0.5357142854078077,0.5584991550850088,0.3909494085595062,0.49585394174971215,-0.669170875009046,0.49256991819096024,0.693036764264588,-0.2581358322404612,-0.23204795711695592,0.03062285669061493,0.9806250395514217,0.00546117647553479,0.0,0.010552319975308033,0.06079609059328617,0.0,0.007603174371417998,0.027256693150410016
D37.1,D37,bg,3,4,4,4,January,7,2014,Male,White,,NA,,NA,,,No,"$150,000 or more",0.7,0.3,tycoon,14,9/7/20 14:35,7,8,1,2,2,0,0,0.3,1.0,0.875,2,2,35,0,1,0,0.33333,0,1,0.5,0.08333333333333334,NaN,-0.5,-0.6499999999999999,1.0498221244986774,-0.6474466390346325,0.0,0.0,-0.19314718051535087,-0.0,0.0,1.0284332275007655,0.0,0.0,0.029166666666666674,0.14014643656113746,0.0,0.03446712009808295,0.07261948098459126
D37.2,D37,bg,3,4,4,4,January,7,2014,Male,White,,NA,,NA,,,No,"$150,000 or more",0.7,0.3,tycoon,14,9/7/20 14:35,7,8,2,1,2,1,1,0.7,1.0,0.875,1,2,35,1,2,0,0.33333,1,0,0.5,0.08333333333333334,NaN,0.5,0.3500000000000001,0.4307829160924544,-0.6474466390346325,0.46153846153846156,0.6901856760188042,-0.04985714948732713,-0.0,0.05414517848247718,0.9752529709375128,0.017128101394599415,0.0,0.056089743589743724,0.10231003171641895,0.0,0.010744810700342833,0.06432290630777049
D37.3,D37,bg,3,4,4,4,January,7,2014,Male,White,,NA,,NA,,,No,"$150,000 or more",0.7,0.3,tycoon,14,9/7/20 14:35,7,8,3,2,2,0,1,0.3,1.0,0.875,2,2,35,1,3,0,0.33333,1,1,0.3333333333333333,0.05555555555555555,0.9999999999999997,0.6666666666666667,0.4666666666666667,0.6286086594223742,-0.6909233093138181,0.5624999999999999,0.6853142072764582,-0.09393882346618043,-0.19314718051535087,0.06943456668699552,1.0263167575478351,0.01161164295708006,0.0,0.025871763273449644,0.11022072303054153,1.1102230246251565e-16,0.02346938767733353,0.05331636572044118
D37.4,D37,bg,3,4,4,4,January,7,2014,Male,White,,NA,,NA,,,No,"$150,000 or more",0.7,0.3,tycoon,14,9/7/20 14:35,7,8,4,1,2,0,1,0.7,1.0,0.875,1,2,35,1,4,0,0.33333,2,0,0.5897435897435898,0.07527942143326759,1.505215796449022e-8,0.41025641025641024,0.28717948717948727,0.33852562543305514,-0.5996068847876724,0.420863309352518,0.6805691240005796,-0.1694605094257496,-0.04985714948732713,0.03640626681961483,0.9557320024071028,0.010751977506891719,-1.1102230246251565e-16,0.03407149280575539,0.0795352665581539,-1.1102230246251565e-16,0.005618362421842882,0.04820963469496642
D37.5,D37,bg,3,4,4,4,January,7,2014,Male,White,,NA,,NA,,,No,"$150,000 or more",0.7,0.3,tycoon,14,9/7/20 14:35,7,8,5,2,2,1,1,0.3,1.0,0.875,2,2,35,1,5,0,0.33333,2,1,0.40624999999999994,0.059960937500000006,0.7142857142857144,0.59375,0.41562500000000013,0.5372123789391858,-0.6788405414022067,0.5133689839572192,0.6927896784912411,-0.06841932383907297,-0.09393882346618043,0.055102579949780864,1.0020560670926963,0.008608613728443792,0.0,0.02225088802240316,0.08642420570619347,0.0,0.014819018450254129,0.03954093333299591
D37.6,D37,bg,3,4,4,4,January,7,2014,Male,White,,NA,,NA,,,No,"$150,000 or more",0.7,0.3,tycoon,14,9/7/20 14:35,7,8,6,1,2,0,1,0.7,1.0,0.875,1,2,35,1,6,0,0.33333,3,0,0.6636690647482014,0.06242107033797422,1.505215796449022e-8,0.3363309352517986,0.23543165467625904,0.268443858885838,-0.5457566301170604,0.392378263937897,0.6698000343867989,-0.31724785272016875,-0.1694605094257496,0.02364311272114325,0.9297231620931339,0.0072952675734185846,0.0,0.02004719477769923,0.06293424944365222,1.1102230246251565e-16,0.0027852297390043024,0.03672396130262645
D37.7,D37,bg,3,4,4,4,January,7,2014,Male,White,,NA,,NA,,,No,"$150,000 or more",0.7,0.3,tycoon,14,9/7/20 14:35,7,8,7,2,2,0,0,0.3,1.0,0.875,2,2,35,0,7,0,0.33333,2,2,0.47807486631016044,0.059144956961880525,-0.5238095260079766,-0.47807486631016044,-0.6346524064171123,1.0069060673742722,-0.6564330821954864,0.0,0.0,-0.19334888655015936,-0.06841932383907297,0.0,0.8215546454494713,0.0,0.0,0.0034018415398204827,0.053263823570103064,0.0,0.025346906821583914,0.047243848945403455
D37.8,D37,bg,3,4,4,4,January,7,2014,Male,White,,NA,,NA,,,No,"$150,000 or more",0.7,0.3,tycoon,14,9/7/20 14:35,7,8,8,1,2,1,1,0.7,1.0,0.875,1,2,35,1,8,0,0.33333,4,0,0.720818630910374,0.049557175056323656,1.505215796449022e-8,0.279181369089626,0.19542695836273816,0.21744352532572367,-0.4939971112220449,0.3728685706266227,0.6604647503197693,-0.4669270480222721,-0.31724785272016875,0.015384672502538485,0.7385499808117308,0.003025988169827243,0.0,0.011626066445629357,0.03890509778217177,0.0,0.001334355288116873,0.04574107398080196
D37.9,D37,bg,3,4,4,4,January,7,2014,Male,White,,NA,,NA,,,No,"$150,000 or more",0.7,0.3,tycoon,14,9/7/20 14:35,7,8,9,2,2,0,0,0.3,1.0,0.875,2,2,35,0,9,0,0.33333,2,3,0.3647540983606557,0.047282316581564086,-0.285714285155458,-0.3647540983606557,-0.555327868852459,0.8104180523126876,-0.6870122784419204,0.0,0.0,-0.3522528357548107,-0.19334888655015936,0.0,0.6696709854305198,0.0,0.0,0.0003936514026267046,0.035896526291805064,0.0,0.03583606666656369,0.05619328609818197
D37.10,D37,bg,3,4,4,4,January,7,2014,Male,White,,NA,,NA,,,No,"$150,000 or more",0.7,0.3,tycoon,14,9/7/20 14:35,7,8,10,1,2,0,1,0.7,1.0,0.875,1,2,35,1,10,0,0.33333,5,0,0.7639346946413117,0.038886415120984216,1.505215796449022e-8,0.2360653053586883,0.16524571375108188,0.1806178654019626,-0.4482669879861906,0.35938719326388935,0.6530647926105785,-0.6068721402139434,-0.4669270480222721,0.010280655290413887,0.6027562285404431,0.0029646178340145823,0.0,0.00672168995572775,0.027085906813185234,-1.1102230246251565e-16,0.0006264767647727876,0.055509489792769484
D37.11,D37,bg,3,4,4,4,January,7,2014,Male,White,,NA,,NA,,,No,"$150,000 or more",0.7,0.3,tycoon,14,9/7/20 14:35,7,8,11,1,2,0,0,0.7,1.0,0.875,1,2,35,0,11,0,0.33333,5,1,0.79654368034297,0.030721348426171222,-0.999999984947842,-0.79654368034297,-0.857580576240079,1.9489788864978448,-0.40933124792562936,0.0,0.0,-0.2597274871226082,-0.6068721402139434,0.0,0.8377263512580614,0.0,0.0,0.02371755394293995,0.06366827284913257,0.0,0.002646806822436676,0.057548975791420376
D37.12,D37,bg,3,4,4,4,January,7,2014,Male,White,,NA,,NA,,,No,"$150,000 or more",0.7,0.3,tycoon,14,9/7/20 14:35,7,8,12,2,2,1,1,0.3,1.0,0.875,2,2,35,1,12,0,0.33333,3,3,0.2903225806451613,0.03668054110301769,0.8571428595559611,0.7096774193548387,0.49677419354838714,0.686716290229655,-0.6931263687610414,0.5961538461538461,0.6745403622115924,-0.2704986715529007,-0.3522528357548107,0.05868351180470309,0.8842162787321062,0.005262817337769343,0.0,0.00441569177824086,0.06613301237766067,1.1102230246251565e-16,0.026183534536607267,0.04791557619065767
D37.13,D37,bg,3,4,4,4,January,7,2014,Male,White,,NA,,NA,,,No,"$150,000 or more",0.7,0.3,tycoon,14,9/7/20 14:35,7,8,13,1,2,0,1,0.7,1.0,0.875,1,2,35,1,13,0,0.33333,6,1,0.6455464123398981,0.040759615127719986,0.2380952380415915,0.35445358766010193,0.24811751136207139,0.28517523235209896,-0.5602575535492537,0.3989985197600019,0.6726035116269358,-0.3515540175161786,-0.2597274871226082,0.014991388876458484,0.8294833706518154,0.004049107583480316,0.0,0.015273006466915318,0.05305925237177711,-1.1102230246251565e-16,0.0013876500814307136,0.04665726564139283
D37.14,D37,bg,3,4,4,4,January,7,2014,Male,White,,NA,,NA,,,No,"$150,000 or more",0.7,0.3,tycoon,14,9/7/20 14:35,7,8,14,2,2,0,0,0.3,1.0,0.875,2,2,35,0,14,0,0.33333,3,4,0.34134615384615385,0.039465709237343854,-0.28571428571240354,-0.34134615384615385,-0.5389423076923077,0.7742320978119254,-0.6901111000621384,0.0,0.0,-0.4027535235413832,-0.2704986715529007,0.0,0.7638929455577497,0.0,0.0,0.0008213004917453359,0.05028021067168853,0.0,0.03357059696107867,0.05402002015773277
D37.15,D37,bg,3,4,4,4,January,7,2014,Male,White,,NA,,NA,,,No,"$150,000 or more",0.7,0.3,tycoon,14,9/7/20 14:35,7,8,15,1,2,1,1,0.7,1.0,0.875,1,2,35,1,15,0,0.33333,7,1,0.6834934732444427,0.034610861210659885,0.20408163278799452,0.31650652675555735,0.22155456872889023,0.2504563848711786,-0.5288684970379889,0.3853834680616409,0.6666381984584691,-0.44134935429539246,-0.3515540175161786,0.010976855356239747,0.7157039704029202,0.0035485579010963164,0.0,0.009779434731691516,0.041061791311917006,0.0,0.0007138511185814655,0.05332782111453005
D37.16,D37,bg,3,4,4,4,January,7,2014,Male,White,,NA,,NA,,,No,"$150,000 or more",0.7,0.3,tycoon,14,9/7/20 14:35,7,8,16,2,2,0,0,0.3,1.0,0.875,2,2,35,0,16,0,0.33333,3,5,0.2814274128142741,0.032002411571559274,-0.1836734721991613,-0.2814274128142741,-0.49699918896999185,0.6871634964979957,-0.6931291707181513,0.0,0.0,-0.5365548718863062,-0.4027535235413832,0.0,0.6753010381740228,0.0,0.0,0.00012876287668450725,0.04004720859772959,0.0,0.02177101146202609,0.04150942172797989
D37.17,D37,bg,3,4,4,4,January,7,2014,Male,White,,NA,,NA,,,No,"$150,000 or more",0.7,0.3,tycoon,14,9/7/20 14:35,7,8,17,1,2,0,1,0.7,1.0,0.875,1,2,35,1,17,0,0.33333,8,1,0.7146165319383592,0.029443897016384266,0.17857143423228017,0.28538346806164083,0.19976842764314862,0.22285412775518473,-0.5000812284566655,0.3748914818699748,0.6615077791930253,-0.5264631123002028,-0.44134935429539246,0.008262093549826113,0.6336642595871624,0.0015121436576648328,0.0,0.006249163993101381,0.03330447166590533,0.0,0.000362631031714189,0.04117677072330295
D37.18,D37,bg,3,4,4,4,January,7,2014,Male,White,,NA,,NA,,,No,"$150,000 or more",0.7,0.3,tycoon,14,9/7/20 14:35,7,8,18,1,2,1,1,0.7,1.0,0.875,1,2,35,1,18,0,0.33333,9,1,0.7403724863688573,0.025214315576809237,0.15873015818408331,0.25962751363114267,0.18173925954179992,0.20057423955414952,-0.4740205869080335,0.3666313012060306,0.6571384300344418,-0.6061877880802709,-0.5264631123002028,0.006396043248667584,0.5970717436809205,0.0010402614761655382,-2.220446049250313e-16,0.00399310192986102,0.028105846710492544,0.0,0.0001827120697656115,0.04101438850068462
D37.19,D37,bg,3,4,4,4,January,7,2014,Male,White,,NA,,NA,,,No,"$150,000 or more",0.7,0.3,tycoon,14,9/7/20 14:35,7,8,19,1,2,1,1,0.7,1.0,0.875,1,2,35,1,19,0,0.33333,10,1,0.7619426534697291,0.021774166844844334,0.1428571412763594,0.23805734653027089,0.16664014257118964,0.18228972838591134,-0.45051851744864396,0.35998854195545105,0.6534116019607857,-0.6806531598405766,-0.6061877880802709,0.005081149346737427,0.5649201769155471,0.0006608428615949569,2.220446049250313e-16,0.0025538527749415785,0.02394845170512694,0.0,9.158089446981155e-5,0.04074619072155883
D37.20,D37,bg,3,4,4,4,January,7,2014,Male,White,,NA,,NA,,,No,"$150,000 or more",0.7,0.3,tycoon,14,9/7/20 14:35,7,8,20,1,2,0,1,0.7,1.0,0.875,1,2,35,1,20,0,0.33333,11,1,0.7802323714775262,0.01896630222115204,0.1298701297922843,0.21976762852247378,0.1538373399657318,0.1670436683132814,-0.4293079961863978,0.3545417614951839,0.6502129216526031,-0.7502845851331076,-0.6806531598405766,0.004128629893630848,0.5367245478145057,0.000598908446854951,0.0,0.0016354753312294301,0.020703832562272595,1.1102230246251565e-16,4.5758111358984443e-5,0.04081239552360294
D4.1,D4,bg,4,3,1,2,May,15,2013,Male,White,,NA,,NA,,,No,"$150,000 or more",0.7,0.3,tycoon,12,8/14/20 13:28,7,3,1,2,4,0,0,0.3,0.375,0.875,2,2,36,0,1,0,0.33333,0,1,0.5,0.08333333333333334,NaN,-0.5,-0.6499999999999999,1.0498221244986774,-0.6474466390346325,0.0,0.0,-0.19314718051535087,-0.0,0.0,1.0284332275007655,0.0,0.0,0.029166666666666674,0.14014643656113746,0.0,0.03446712009808295,0.07261948098459126
D4.2,D4,bg,4,3,1,2,May,15,2013,Male,White,,NA,,NA,,,No,"$150,000 or more",0.7,0.3,tycoon,12,8/14/20 13:28,7,3,2,1,4,0,1,0.7,0.375,0.875,1,2,36,1,2,0,0.33333,1,0,0.5,0.08333333333333334,NaN,0.5,0.3500000000000001,0.4307829160924544,-0.6474466390346325,0.46153846153846156,0.6901856760188042,-0.04985714948732713,-0.0,0.05414517848247718,0.9752529709375128,0.017128101394599415,0.0,0.056089743589743724,0.10231003171641895,0.0,0.010744810700342833,0.06432290630777049
D4.3,D4,bg,4,3,1,2,May,15,2013,Male,White,,NA,,NA,,,No,"$150,000 or more",0.7,0.3,tycoon,12,8/14/20 13:28,7,3,3,2,4,0,1,0.3,0.375,0.875,2,2,36,1,3,0,0.33333,1,1,0.3333333333333333,0.05555555555555555,0.9999999999999997,0.6666666666666667,0.4666666666666667,0.6286086594223742,-0.6909233093138181,0.5624999999999999,0.6853142072764582,-0.09393882346618043,-0.19314718051535087,0.06943456668699552,1.0263167575478351,0.01161164295708006,0.0,0.025871763273449644,0.11022072303054153,1.1102230246251565e-16,0.02346938767733353,0.05331636572044118
D4.4,D4,bg,4,3,1,2,May,15,2013,Male,White,,NA,,NA,,,No,"$150,000 or more",0.7,0.3,tycoon,12,8/14/20 13:28,7,3,4,1,4,1,1,0.7,0.375,0.875,1,2,36,1,4,0,0.33333,2,0,0.5897435897435898,0.07527942143326759,1.505215796449022e-8,0.41025641025641024,0.28717948717948727,0.33852562543305514,-0.5996068847876724,0.420863309352518,0.6805691240005796,-0.1694605094257496,-0.04985714948732713,0.03640626681961483,0.9557320024071028,0.010751977506891719,-1.1102230246251565e-16,0.03407149280575539,0.0795352665581539,-1.1102230246251565e-16,0.005618362421842882,0.04820963469496642
D4.5,D4,bg,4,3,1,2,May,15,2013,Male,White,,NA,,NA,,,No,"$150,000 or more",0.7,0.3,tycoon,12,8/14/20 13:28,7,3,5,2,4,0,0,0.3,0.375,0.875,2,2,36,0,5,0,0.33333,1,2,0.40624999999999994,0.059960937500000006,-0.2857142857142856,-0.40624999999999994,-0.5843749999999999,0.8779718675720182,-0.6788405414022067,0.0,0.0,-0.2864603556777799,-0.09393882346618043,0.0,0.8544084751504173,0.0,0.0,0.0040483123839060164,0.06971121447335038,0.0,0.03563193689134736,0.06034670141774612
D4.6,D4,bg,4,3,1,2,May,15,2013,Male,White,,NA,,NA,,,No,"$150,000 or more",0.7,0.3,tycoon,12,8/14/20 13:28,7,3,6,1,4,1,1,0.7,0.375,0.875,1,2,36,1,6,0,0.33333,3,0,0.6636690647482014,0.06242107033797422,1.505215796449022e-8,0.3363309352517986,0.23543165467625904,0.268443858885838,-0.5457566301170604,0.392378263937897,0.6698000343867989,-0.31724785272016875,-0.1694605094257496,0.02364311272114325,0.7717066925832742,0.007139406384025659,0.0,0.02004719477769923,0.050244092948659946,1.1102230246251565e-16,0.0027852297390043024,0.057540142880693645
D4.7,D4,bg,4,3,1,2,May,15,2013,Male,White,,NA,,NA,,,No,"$150,000 or more",0.7,0.3,tycoon,12,8/14/20 13:28,7,3,7,2,4,1,1,0.3,0.375,0.875,2,2,36,1,7,0,0.33333,2,2,0.3052631578947369,0.043656509695290856,0.9523809521686687,0.6947368421052631,0.48631578947368426,0.6661465787414395,-0.6927726185565874,0.5840163934426229,0.6789624752751795,-0.19334888655015936,-0.2864603556777799,0.06368976016050126,0.8215546454494713,0.007232619270351348,0.0,0.0034018415398204827,0.053263823570103064,-1.1102230246251565e-16,0.025346906821583914,0.047243848945403455
D4.8,D4,bg,4,3,1,2,May,15,2013,Male,White,,NA,,NA,,,No,"$150,000 or more",0.7,0.3,tycoon,12,8/14/20 13:28,7,3,8,1,4,1,1,0.7,0.375,0.875,1,2,36,1,8,0,0.33333,4,0,0.720818630910374,0.049557175056323656,1.505215796449022e-8,0.279181369089626,0.19542695836273816,0.21744352532572367,-0.4939971112220449,0.3728685706266227,0.6604647503197693,-0.4669270480222721,-0.31724785272016875,0.015384672502538485,0.7385499808117308,0.003025988169827243,0.0,0.011626066445629357,0.03890509778217177,0.0,0.001334355288116873,0.04574107398080196
D4.9,D4,bg,4,3,1,2,May,15,2013,Male,White,,NA,,NA,,,No,"$150,000 or more",0.7,0.3,tycoon,12,8/14/20 13:28,7,3,9,2,4,0,0,0.3,0.375,0.875,2,2,36,0,9,0,0.33333,2,3,0.3647540983606557,0.047282316581564086,-0.285714285155458,-0.3647540983606557,-0.555327868852459,0.8104180523126876,-0.6870122784419204,0.0,0.0,-0.3522528357548107,-0.19334888655015936,0.0,0.6696709854305198,0.0,0.0,0.0003936514026267046,0.035896526291805064,0.0,0.03583606666656369,0.05619328609818197
D4.10,D4,bg,4,3,1,2,May,15,2013,Male,White,,NA,,NA,,,No,"$150,000 or more",0.7,0.3,tycoon,12,8/14/20 13:28,7,3,10,1,4,0,1,0.7,0.375,0.875,1,2,36,1,10,0,0.33333,5,0,0.7639346946413117,0.038886415120984216,1.505215796449022e-8,0.2360653053586883,0.16524571375108188,0.1806178654019626,-0.4482669879861906,0.35938719326388935,0.6530647926105785,-0.6068721402139434,-0.4669270480222721,0.010280655290413887,0.6027562285404431,0.0029646178340145823,0.0,0.00672168995572775,0.027085906813185234,-1.1102230246251565e-16,0.0006264767647727876,0.055509489792769484
D4.11,D4,bg,4,3,1,2,May,15,2013,Male,White,,NA,,NA,,,No,"$150,000 or more",0.7,0.3,tycoon,12,8/14/20 13:28,7,3,11,2,4,0,0,0.3,0.375,0.875,2,2,36,0,11,0,0.33333,2,4,0.2903225806451613,0.03668054110301769,-0.1428571404440389,-0.2903225806451613,-0.5032258064516129,0.6996196950655627,-0.6931263687610414,0.0,0.0,-0.5101222662015854,-0.3522528357548107,0.0,0.5655416282708415,0.0,0.0,3.644385348167134e-5,0.026172545871053998,0.0,0.023644259386952693,0.0433351966576786
D4.12,D4,bg,4,3,1,2,May,15,2013,Male,White,,NA,,NA,,,No,"$150,000 or more",0.7,0.3,tycoon,12,8/14/20 13:28,7,3,12,1,4,1,1,0.7,0.375,0.875,1,2,36,1,12,0,0.33333,6,0,0.79654368034297,0.030721348426171222,1.505215796449022e-8,0.20345631965703004,0.142419423759921,0.15364013789587988,-0.40933124792562936,0.3498213559305421,0.6473359812057708,-0.733891270595349,-0.6068721402139434,0.007140690214164802,0.5140350650345349,0.0015487896358656883,0.0,0.003899166658881348,0.020362594935347866,-1.1102230246251565e-16,0.0002909575578294854,0.042075751862008626
D4.13,D4,bg,4,3,1,2,May,15,2013,Male,White,,NA,,NA,,,No,"$150,000 or more",0.7,0.3,tycoon,12,8/14/20 13:28,7,3,13,2,4,0,0,0.3,0.375,0.875,2,2,36,0,13,0,0.33333,2,5,0.23863636363636365,0.02855052144824873,-0.047619048373720024,-0.23863636363636365,-0.46704545454545454,0.6293191390259728,-0.6909736011549141,0.0,0.0,-0.6581288660787334,-0.5101222662015854,0.0,0.49656489639648516,0.0,0.0,2.8201333353017333e-6,0.020072602825067065,0.0,0.014945485947792991,0.03429681771127857
D4.14,D4,bg,4,3,1,2,May,15,2013,Male,White,,NA,,NA,,,No,"$150,000 or more",0.7,0.3,tycoon,12,8/14/20 13:28,7,3,14,1,4,0,0,0.7,0.375,0.875,1,2,36,0,14,0,0.33333,6,1,0.8216199757887049,0.024639008868067025,-0.999999984947842,-0.8216199757887049,-0.8751339830520934,2.0805139809540636,-0.376509360186612,0.0,0.0,-0.3515540175161786,-0.733891270595349,0.0,0.6972679201605069,0.0,0.0,0.015273006466915318,0.04834878404358145,0.0,0.0013876500814307136,0.03541708692029488
D4.15,D4,bg,4,3,1,2,May,15,2013,Male,White,,NA,,NA,,,No,"$150,000 or more",0.7,0.3,tycoon,12,8/14/20 13:28,7,3,15,2,4,0,0,0.3,0.375,0.875,2,2,36,0,15,0,0.33333,2,6,0.20113717128642505,0.022514698312680683,-1.6737468508442354e-15,-0.20113717128642505,-0.44079601990049755,0.5812409705994851,-0.6861204844033757,0.0,0.0,-0.7944328213738394,-0.6581288660787334,0.0,0.6749288996711592,0.0,0.0,3.871814787126393e-5,0.04773741240195528,0.0,0.009565222953477948,0.029995928434618513
D4.16,D4,bg,4,3,1,2,May,15,2013,Male,White,,NA,,NA,,,No,"$150,000 or more",0.7,0.3,tycoon,12,8/14/20 13:28,7,3,16,1,4,0,1,0.7,0.375,0.875,1,2,36,1,16,0,0.33333,7,1,0.6834934732444427,0.034610861210659885,0.20408163278799452,0.31650652675555735,0.22155456872889023,0.2504563848711786,-0.5288684970379889,0.3853834680616409,0.6666381984584691,-0.44134935429539246,-0.3515540175161786,0.010976855356239747,0.6352684080823403,0.0019380821924939173,0.0,0.009779434731691516,0.039145925678395366,0.0,0.0007138511185814655,0.029274454569956365
D4.17,D4,bg,4,3,1,2,May,15,2013,Male,White,,NA,,NA,,,No,"$150,000 or more",0.7,0.3,tycoon,12,8/14/20 13:28,7,3,17,2,4,1,1,0.3,0.375,0.875,2,2,36,1,17,0,0.33333,3,6,0.1729537366548043,0.018032653634533047,0.9999999999999989,0.8270462633451957,0.578932384341637,0.8649618509312014,-0.6806342591671356,0.7124746450304259,0.5999210287744169,-0.6658193156697767,-0.7944328213738394,0.06229262580024176,0.649851865610971,0.0013018671225353273,0.0,3.539374020122832e-5,0.03937680121892828,0.0,0.014213057476356483,0.03391695270870787
D4.18,D4,bg,4,3,1,2,May,15,2013,Male,White,,NA,,NA,,,No,"$150,000 or more",0.7,0.3,tycoon,12,8/14/20 13:28,7,3,18,1,4,0,1,0.7,0.375,0.875,1,2,36,1,18,0,0.33333,8,1,0.7146165319383592,0.029443897016384266,0.17857143423228017,0.28538346806164083,0.19976842764314862,0.22285412775518473,-0.5000812284566655,0.3748914818699748,0.6615077791930253,-0.5264631123002028,-0.44134935429539246,0.008262093549826113,0.6119030546813373,0.0014116207085727028,0.0,0.006249163993101381,0.03268898704725787,-1.1102230246251565e-16,0.00036263103171407796,0.033607522080264296
D4.19,D4,bg,4,3,1,2,May,15,2013,Male,White,,NA,,NA,,,No,"$150,000 or more",0.7,0.3,tycoon,12,8/14/20 13:28,7,3,19,2,4,0,0,0.3,0.375,0.875,2,2,36,0,19,0,0.33333,3,7,0.20293195648165224,0.021107329625411834,-0.04761904789473361,-0.20293195648165224,-0.44205236953715654,0.5834901732223474,-0.6864162092075873,0.0,0.0,-0.7882003550779934,-0.6658193156697767,0.0,0.5986150085962013,0.0,0.0,4.3571972269118575e-6,0.03226629134777992,0.0,0.009334957496749174,0.028718115656892196
D4.20,D4,bg,4,3,1,2,May,15,2013,Male,White,,NA,,NA,,,No,"$150,000 or more",0.7,0.3,tycoon,12,8/14/20 13:28,7,3,20,1,4,1,1,0.7,0.375,0.875,1,2,36,1,20,0,0.33333,9,1,0.7403724863688573,0.025214315576809237,0.15873015818408331,0.25962751363114267,0.18173925954179992,0.20057423955414952,-0.4740205869080335,0.3666313012060306,0.6571384300344418,-0.6061877880802709,-0.5264631123002028,0.006396043248667584,0.5677009113104854,0.0009092036936628745,-2.220446049250313e-16,0.00399310192986102,0.026676733317369528,1.1102230246251565e-16,0.00018271206976583354,0.028512088379748057
D40.1,D40,bg,2,2,4,4,December,27,2013,Female,White,,NA,,NA,,,No,"$150,000 or more",0.7,0.3,bandit,9,8/27/20 14:08,4,8,1,2,4,0,0,0.3,1.0,0.5,2,1,37,0,1,0,0.33333,0,1,0.5,0.08333333333333334,NaN,-0.5,-0.35,0.4307829160924542,-0.6474466390346325,0.46153846153846156,0.6901856760188042,-0.04985714948732713,-0.0,0.05414517848247718,1.0796200787151622,0.018796586003682503,0.0,0.05608974358974361,0.1563382907162265,1.1102230246251565e-16,0.010744810700342833,0.04891275394756689
D40.2,D40,bg,2,2,4,4,December,27,2013,Female,White,,NA,,NA,,,No,"$150,000 or more",0.7,0.3,bandit,9,8/27/20 14:08,4,8,2,2,4,0,0,0.3,1.0,0.5,2,1,37,0,2,0,0.33333,0,2,0.41025641025641024,0.0752794214332676,-3.324562949461316e-16,-0.41025641025641024,-0.28717948717948716,0.33852562543305503,-0.5996068847876723,0.420863309352518,0.6805691240005796,-0.1694605094257496,-0.04985714948732713,0.036406266819614855,1.0381205447735584,0.011369300033732266,0.0,0.03407149280575539,0.14273411696380817,-1.1102230246251565e-16,0.005618362421842882,0.043786868876091956
D40.3,D40,bg,2,2,4,4,December,27,2013,Female,White,,NA,,NA,,,No,"$150,000 or more",0.7,0.3,bandit,9,8/27/20 14:08,4,8,3,1,4,0,1,0.7,1.0,0.5,1,1,37,1,3,0,0.33333,1,0,0.5,0.08333333333333334,NaN,0.5,0.65,1.0498221244986778,-0.6474466390346325,0.0,0.0,-0.19314718051535087,-0.0,0.0,0.9140176050595723,0.0,0.0,0.02916666666666673,0.07222898673909944,0.0,0.03446712009808306,0.059183988666101195
D40.4,D40,bg,2,2,4,4,December,27,2013,Female,White,,NA,,NA,,,No,"$150,000 or more",0.7,0.3,bandit,9,8/27/20 14:08,4,8,4,1,4,1,0,0.7,1.0,0.5,1,1,37,0,4,0,0.33333,1,1,0.6666666666666666,0.05555555555555555,-0.999999984947842,-0.6666666666666666,-0.4666666666666666,0.628608659422374,-0.6909233093138181,0.5624999999999999,0.6853142072764582,-0.09393882346618045,-0.19314718051535087,0.0694345666869955,0.9874489962635147,0.01939671075418503,5.551115123125783e-17,0.04511718749999999,0.09738461943728144,0.0,0.02346938767733342,0.04819872499054978
D40.5,D40,bg,2,2,4,4,December,27,2013,Female,White,,NA,,NA,,,No,"$150,000 or more",0.7,0.3,bandit,9,8/27/20 14:08,4,8,5,1,4,0,1,0.7,1.0,0.5,1,1,37,1,5,0,0.33333,2,1,0.59375,0.05996093749999999,0.2857142857142857,0.40625,0.5843750000000001,0.8779718675720185,-0.6788405414022067,0.0,0.0,-0.2864603556777799,-0.09393882346618045,0.0,0.879995631162669,0.0,0.0,0.018190789473684077,0.059465572765049546,0.0,0.03563193689134736,0.06034670141774623
D40.6,D40,bg,2,2,4,4,December,27,2013,Female,White,,NA,,NA,,,No,"$150,000 or more",0.7,0.3,bandit,9,8/27/20 14:08,4,8,6,1,1,1,0,0.7,1.0,0.5,1,1,37,0,6,0,0.33333,2,2,0.6947368421052633,0.04365650969529086,-0.952380952198459,-0.6947368421052633,-0.4863157894736843,0.6661465787414395,-0.6927726185565874,0.5840163934426229,0.6789624752751795,-0.19334888655015944,-0.2864603556777799,0.06368976016050117,0.9504976901739406,0.013801390465147945,5.551115123125783e-17,0.02819544057377049,0.07844894940408792,-1.1102230246251565e-16,0.025346906821584025,0.05007162230461548
D40.7,D40,bg,2,2,4,4,December,27,2013,Female,White,,NA,,NA,,,No,"$150,000 or more",0.7,0.3,bandit,9,8/27/20 14:08,4,8,7,2,4,0,0,0.3,1.0,0.5,2,1,37,0,7,0,0.33333,0,3,0.3363309352517986,0.06242107033797423,-3.324562949461316e-16,-0.3363309352517986,-0.23543165467625898,0.2684438588858378,-0.5457566301170604,0.392378263937897,0.6698000343867989,-0.31724785272016875,-0.1694605094257496,0.02364311272114325,0.884809205841764,0.007490999169563195,5.551115123125783e-17,0.008074035890543507,0.07237689372716777,-1.1102230246251565e-16,0.0027852297390041914,0.047243848945403344
D40.8,D40,bg,2,2,4,4,December,27,2013,Female,White,,NA,,NA,,,No,"$150,000 or more",0.7,0.3,bandit,9,8/27/20 14:08,4,8,8,1,2,0,1,0.7,1.0,0.5,1,1,37,1,8,0,0.33333,3,2,0.6352459016393442,0.04728231658156409,0.2857142851562555,0.36475409836065575,0.555327868852459,0.8104180523126877,-0.6870122784419204,0.0,0.0,-0.3522528357548107,-0.19334888655015944,0.0,0.7900087464970363,0.0,0.0,0.012525201612903214,0.04834140246056401,0.0,0.03583606666656369,0.05770362497116299
D40.9,D40,bg,2,2,4,4,December,27,2013,Female,White,,NA,,NA,,,No,"$150,000 or more",0.7,0.3,bandit,9,8/27/20 14:08,4,8,9,2,4,0,1,0.3,1.0,0.5,2,1,37,1,9,0,0.33333,1,3,0.279181369089626,0.04955717505632367,0.9999999999999997,0.720818630910374,0.8045730416372618,1.6325685838808557,-0.4939971112220449,0.0,0.0,-0.10203826854156678,-0.31724785272016875,0.0,0.9368222719918267,0.0,0.0,0.013666064013117929,0.05862223302794095,0.0,0.008758474689475104,0.06369386979406744
D40.10,D40,bg,2,2,4,4,December,27,2013,Female,White,,NA,,NA,,,No,"$150,000 or more",0.7,0.3,bandit,9,8/27/20 14:08,4,8,10,1,3,0,1,0.7,1.0,0.5,1,1,37,1,10,0,0.33333,4,2,0.7096774193548387,0.03668054110301769,0.14285714257932636,0.29032258064516125,0.5032258064516129,0.6996196950655628,-0.6931263687610414,0.0,0.0,-0.5101222662015851,-0.3522528357548107,0.0,0.8491362641755484,0.0,0.0,0.005624112215909083,0.041412432270695354,0.0,0.02364425938695247,0.051500636902426455
D40.11,D40,bg,2,2,4,4,December,27,2013,Female,White,,NA,,NA,,,No,"$150,000 or more",0.7,0.3,bandit,9,8/27/20 14:08,4,8,11,1,4,1,0,0.7,1.0,0.5,1,1,37,0,11,0,0.33333,4,3,0.7613636363636364,0.028550521448248718,-0.9523809521488746,-0.7613636363636364,-0.5329545454545455,0.7613286929760176,-0.6909736011549141,0.6423357664233577,0.6520624274229945,-0.40275352354138316,-0.5101222662015851,0.06177769366238693,0.9244015500189777,0.013370132618166553,1.1102230246251565e-16,0.009133433444849959,0.053937060074287335,0.012111381454447234,0.03357059696107867,0.061353173626735646
D40.12,D40,bg,2,2,4,4,December,27,2013,Female,White,,NA,,NA,,,No,"$150,000 or more",0.7,0.3,bandit,9,8/27/20 14:08,4,8,12,1,1,1,0,0.7,1.0,0.5,1,1,37,0,12,0,0.33333,4,4,0.7185725871857258,0.03200241157155928,-0.8163265305459722,-0.7185725871857258,-0.503000811030008,0.6991668847379626,-0.6931291707181513,0.6036227154046996,0.671515412703958,-0.33235820901138946,-0.40275352354138316,0.05433972007245341,0.9872849272898372,0.011899708870140357,5.551115123125783e-17,0.014020008057277933,0.06831747306162478,0.0012075718015664982,0.02647872836857279,0.05433111604802454
D40.13,D40,bg,2,2,4,4,December,27,2013,Female,White,,NA,,NA,,,No,"$150,000 or more",0.7,0.3,bandit,9,8/27/20 14:08,4,8,13,1,3,0,0,0.7,1.0,0.5,1,1,37,0,13,0,0.33333,4,5,0.6734986945169712,0.03412457714895184,-0.7142857142956079,-0.6734986945169712,-0.4714490861618798,0.637616141815937,-0.6915159840708771,0.5675895966606566,0.6839824415260297,-0.2983469826934861,-0.33235820901138946,0.04580354591985148,1.0343071004662452,0.009854824346322122,-5.551115123125783e-17,0.020356941501950887,0.08396061128973187,-1.1102230246251565e-16,0.018834413864569965,0.04667090042233135
D40.14,D40,bg,2,2,4,4,December,27,2013,Female,White,,NA,,NA,,,No,"$150,000 or more",0.7,0.3,bandit,9,8/27/20 14:08,4,8,14,1,4,0,1,0.7,1.0,0.5,1,1,37,1,14,0,0.33333,5,5,0.6283049328965302,0.03473024233151331,0.3650793648229851,0.3716950671034698,0.5601865469724289,0.8214046123625717,-0.6858847415822464,0.0,0.0,-0.38411710724963666,-0.2983469826934861,0.0,0.97541825103746,0.0,0.0,0.010548418655924374,0.06329759200938306,0.0,0.026459458231194444,0.054295428892236375
D40.15,D40,bg,2,2,4,4,December,27,2013,Female,White,,NA,,NA,,,No,"$150,000 or more",0.7,0.3,bandit,9,8/27/20 14:08,4,8,15,1,4,1,0,0.7,1.0,0.5,1,1,37,0,15,0,0.33333,5,6,0.6835810265783105,0.030205750355547747,-0.7142857143342739,-0.6835810265783105,-0.47850671860481736,0.6510588878550133,-0.6922229735150216,0.5752710738619524,0.6817725179342675,-0.35486078857672304,-0.38411710724963666,0.042856173299471965,1.021618645681375,0.008505765290471645,0.0,0.01529314631711981,0.07684379628819676,0.0,0.019192566528699273,0.04617922598720414
D40.16,D40,bg,2,2,4,4,December,27,2013,Female,White,,NA,,NA,,,No,"$150,000 or more",0.7,0.3,bandit,9,8/27/20 14:08,4,8,16,1,4,0,1,0.7,1.0,0.5,1,1,37,1,16,0,0.33333,6,6,0.6430358728760126,0.030676045103135853,0.3506493507130455,0.3569641271239874,0.5498748889867913,0.7982297103856163,-0.6881638882064027,0.0,0.0,-0.4289701042578927,-0.35486078857672304,0.0,0.9663428869367771,0.0,0.0,0.008149946542352238,0.05966094152933832,0.0,0.02624704697994773,0.054096579667843425
D40.17,D40,bg,2,2,4,4,December,27,2013,Female,White,,NA,,NA,,,No,"$150,000 or more",0.7,0.3,bandit,9,8/27/20 14:08,4,8,17,1,3,1,0,0.7,1.0,0.5,1,1,37,0,17,0,0.33333,6,7,0.6907409020930229,0.027180630676270023,-0.7142857144678201,-0.6907409020930229,-0.483518631465116,0.6607160636096,-0.6926038111184641,0.580853479479846,0.6800150243152469,-0.40448951473474676,-0.4289701042578927,0.040153572584022634,1.0110309541310196,0.007298792288809697,-5.551115123125783e-17,0.011786878701196712,0.0716202961628894,0.0,0.019339641242779093,0.047188488549761654
D40.18,D40,bg,2,2,4,4,December,27,2013,Female,White,,NA,,NA,,,No,"$150,000 or more",0.7,0.3,bandit,9,8/27/20 14:08,4,8,18,2,4,1,0,0.3,1.0,0.5,2,1,37,0,18,0,0.33333,1,4,0.4566902595214021,0.05432581676727339,-0.3571428571612778,-0.4566902595214021,-0.31968318166498144,0.38519667999782625,-0.6266304181662299,0.44097101808273476,0.6861620599669113,-0.17234810551209448,-0.10203826854156678,0.029483822867364253,0.9503894387897724,0.01086240716019804,5.551115123125783e-17,0.012492519568707061,0.06449451396758904,1.1102230246251565e-16,0.004910265140283476,0.043318638941451715
D40.19,D40,bg,2,2,4,4,December,27,2013,Female,White,,NA,,NA,,,No,"$150,000 or more",0.7,0.3,bandit,9,8/27/20 14:08,4,8,19,1,1,0,1,0.7,1.0,0.5,1,1,37,1,19,0,0.33333,7,7,0.6539023196532305,0.027518266493621206,0.34065934247506435,0.34609768034676947,0.5422683762427387,0.7814722409471304,-0.6895696810927638,0.0,0.0,-0.4689098176965686,-0.40448951473474676,0.0,0.8919037993153001,0.0,0.0,0.006423716957439263,0.05102480282327737,0.0,0.025913076870670904,0.04986518519573724
D40.20,D40,bg,2,2,4,4,December,27,2013,Female,White,,NA,,NA,,,No,"$150,000 or more",0.7,0.3,bandit,9,8/27/20 14:08,4,8,20,1,4,0,1,0.7,1.0,0.5,1,1,37,1,20,0,0.33333,8,7,0.6959854652034931,0.024756030301995007,0.2857142851606146,0.30401453479650686,0.5128101743575548,0.719101446132824,-0.6928189435110446,0.0,0.0,-0.5409811403682199,-0.4689098176965686,0.0,0.8332888506711333,0.0,0.0,0.0034349357447567286,0.04075700563356688,0.0,0.024767696463467437,0.04859140518791982
D41.1,D41,bg,1,1,0,1,July,8,2011,Male,White,,NA,Asian,NA,,,No,"$150,000 or more",0.7,0.3,bandit,3,9/1/20 6:00,2,1,1,1,1,0,1,0.7,0.125,0.25,1,1,38,1,1,0,0.33333,1,0,0.5,0.08333333333333334,NaN,0.5,0.65,1.0498221244986778,-0.6474466390346325,0.0,0.0,-0.19314718051535087,-0.0,0.0,1.0395227301348458,0.0,0.0,0.02916666666666673,0.09337631661957463,0.0,0.03446712009808295,0.0726194368128843
D41.2,D41,bg,1,1,0,1,July,8,2011,Male,White,,NA,Asian,NA,,,No,"$150,000 or more",0.7,0.3,bandit,3,9/1/20 6:00,2,1,2,2,3,1,0,0.3,0.125,0.25,2,1,38,0,2,0,0.33333,0,1,0.5,0.08333333333333334,NaN,-0.5,-0.35,0.4307829160924542,-0.6474466390346325,0.46153846153846156,0.6901856760188042,-0.04985714948732713,-0.0,0.05414517848247718,0.9834546805647766,0.02021157903690307,-5.551115123125783e-17,0.02260209223861731,0.08100465964317666,0.0,0.010744810700342833,0.06432290630777049
D41.3,D41,bg,1,1,0,1,July,8,2011,Male,White,,NA,Asian,NA,,,No,"$150,000 or more",0.7,0.3,bandit,3,9/1/20 6:00,2,1,3,1,3,0,0,0.7,0.125,0.25,1,1,38,0,3,0,0.33333,1,1,0.6666666666666666,0.05555555555555555,-0.999999984947842,-0.6666666666666666,-0.4666666666666666,0.628608659422374,-0.6909233093138181,0.5624999999999999,0.6853142072764582,-0.09393882346618045,-0.19314718051535087,0.0694345666869955,1.046259060686753,0.019959752714695078,5.551115123125783e-17,0.04511718749999999,0.10845646196059827,-1.1102230246251565e-16,0.02346938767733342,0.05331698761862669
D41.4,D41,bg,1,1,0,1,July,8,2011,Male,White,,NA,Asian,NA,,,No,"$150,000 or more",0.7,0.3,bandit,3,9/1/20 6:00,2,1,4,1,2,1,0,0.7,0.125,0.25,1,1,38,0,4,0,0.33333,1,2,0.59375,0.05996093749999999,-0.7142857142857143,-0.59375,-0.41562499999999997,0.5372123789391855,-0.6788405414022067,0.5133689839572192,0.6927896784912411,-0.06841932383907298,-0.09393882346618045,0.05510257994978083,1.077806203173894,0.015436992930834226,0.018342245989304784,0.06426804812834219,0.1375043022959328,0.0,0.014819018450254018,0.04466831903767787
D41.5,D41,bg,1,1,0,1,July,8,2011,Male,White,,NA,Asian,NA,,,No,"$150,000 or more",0.7,0.3,bandit,3,9/1/20 6:00,2,1,5,2,1,0,0,0.3,0.125,0.25,2,1,38,0,5,0,0.33333,0,2,0.41025641025641024,0.0752794214332676,-3.324562949461316e-16,-0.41025641025641024,-0.28717948717948716,0.33852562543305503,-0.5996068847876723,0.420863309352518,0.6805691240005796,-0.1694605094257496,-0.04985714948732713,0.036406266819614855,1.0298480703275206,0.013353781119427754,0.0,0.030316606087144538,0.12432084628629086,0.0,0.005618362421843104,0.03954093333299569
D41.6,D41,bg,1,1,0,1,July,8,2011,Male,White,,NA,Asian,NA,,,No,"$150,000 or more",0.7,0.3,bandit,3,9/1/20 6:00,2,1,6,1,1,1,0,0.7,0.125,0.25,1,1,38,0,6,0,0.33333,1,3,0.5219251336898396,0.059144956961880525,-0.47619047105696843,-0.5219251336898396,-0.3653475935828877,0.45467782143196556,-0.6564330821954864,0.4726996966632962,0.6916558259082752,-0.10203826854156678,-0.06841932383907298,0.04106553663963941,1.0452116613164502,0.010994925538703848,0.007254802831142604,0.05471699106841926,0.12068909989017923,0.0,0.008758474689475104,0.033436636538592746
D41.7,D41,bg,1,1,0,1,July,8,2011,Male,White,,NA,Asian,NA,,,No,"$150,000 or more",0.7,0.3,bandit,3,9/1/20 6:00,2,1,7,2,3,0,1,0.3,0.125,0.25,2,1,38,1,7,0,0.33333,1,2,0.3363309352517986,0.06242107033797423,0.9999999999999997,0.6636690647482014,0.7645683453237411,1.4463346213347281,-0.5457566301170604,0.0,0.0,-0.06841932383907298,-0.1694605094257496,0.0,1.0860596093012498,0.0,0.0,0.06426804812834219,0.13784712833328427,0.0,0.01481901845025424,0.04263381354362694
D41.8,D41,bg,1,1,0,1,July,8,2011,Male,White,,NA,Asian,NA,,,No,"$150,000 or more",0.7,0.3,bandit,3,9/1/20 6:00,2,1,8,1,2,1,0,0.7,0.125,0.25,1,1,38,0,8,0,0.33333,1,4,0.4566902595214021,0.05432581676727339,-0.3571428571612778,-0.4566902595214021,-0.31968318166498144,0.38519667999782625,-0.6266304181662299,0.44097101808273476,0.6861620599669113,-0.17234810551209448,-0.10203826854156678,0.029483822867364253,1.0645796339568627,0.016114599328302948,0.0,0.03183881190668497,0.1271614437399735,-1.1102230246251565e-16,0.004910265140283254,0.038829364972767455
D41.9,D41,bg,1,1,0,1,July,8,2011,Male,White,,NA,Asian,NA,,,No,"$150,000 or more",0.7,0.3,bandit,3,9/1/20 6:00,2,1,9,2,2,0,0,0.3,0.125,0.25,2,1,38,0,9,0,0.33333,1,3,0.5219251336898396,0.059144956961880525,-0.47619047105696843,-0.5219251336898396,-0.3653475935828877,0.45467782143196556,-0.6564330821954864,0.4726996966632962,0.6916558259082752,-0.10203826854156678,-0.06841932383907298,0.04106553663963941,1.0669389332551231,0.007978714658920305,0.007254802831142604,0.05471699106841926,0.12412223146048657,0.0,0.008758474689474882,0.03277030827159211
D41.10,D41,bg,1,1,0,1,July,8,2011,Male,White,,NA,Asian,NA,,,No,"$150,000 or more",0.7,0.3,bandit,3,9/1/20 6:00,2,1,10,1,1,1,0,0.7,0.125,0.25,1,1,38,0,10,0,0.33333,1,5,0.4007926678226405,0.04762632238369273,-0.28571428565276774,-0.4007926678226405,-0.28055486747584835,0.32927501334684905,-0.5934766051981659,0.41698801817931413,0.6793011794347656,-0.25972748712260824,-0.17234810551209448,0.02092826724170399,1.0368624621481437,0.005360900754087572,0.0,0.023717553942940006,0.11521145553726009,0.0,0.002646806822436898,0.030507374053599268
D41.11,D41,bg,1,1,0,1,July,8,2011,Male,White,,NA,Asian,NA,,,No,"$150,000 or more",0.7,0.3,bandit,3,9/1/20 6:00,2,1,11,1,1,1,0,0.7,0.125,0.25,1,1,38,0,11,0,0.33333,1,6,0.35445358766010193,0.040759615127719986,-0.23809523619478093,-0.35445358766010193,-0.24811751136207133,0.2851752323520988,-0.5602575535492536,0.398998519760002,0.6726035116269359,-0.35155401751617876,-0.25972748712260824,0.014991388876458553,1.0041238040193674,0.0033511476074947755,0.0,0.015273006466915373,0.10896095594102462,0.0,0.0013876500814309356,0.029206708676713378
D41.12,D41,bg,1,1,0,1,July,8,2011,Male,White,,NA,Asian,NA,,,No,"$150,000 or more",0.7,0.3,bandit,3,9/1/20 6:00,2,1,12,1,1,0,0,0.7,0.125,0.25,1,1,38,0,12,0,0.33333,1,7,0.31650652675555746,0.034610861210659885,-0.20408163583323682,-0.31650652675555746,-0.2215545687288902,0.2504563848711786,-0.5288684970379889,0.3853834680616408,0.666638198458469,-0.4413493542953925,-0.35155401751617876,0.010976855356239927,0.9722696899955368,0.002639943394221911,0.0,0.009779434731691627,0.1045902715524219,0.0,0.0007138511185812435,0.028539401251036156
D41.13,D41,bg,1,1,0,1,July,8,2011,Male,White,,NA,Asian,NA,,,No,"$150,000 or more",0.7,0.3,bandit,3,9/1/20 6:00,2,1,13,1,3,0,1,0.7,0.125,0.25,1,1,38,1,13,0,0.33333,2,7,0.28538346806164083,0.02944389701638426,0.8214285714828264,0.7146165319383592,0.8002315723568514,1.6105964450581898,-0.5000812284566654,0.0,0.0,-0.3279210278095386,-0.4413493542953925,0.0,1.0514935311603626,0.0,0.0,0.0239209792055447,0.1169278464122922,0.0,0.0021207633021401717,0.02949568450161777
D41.14,D41,bg,1,1,0,1,July,8,2011,Male,White,,NA,Asian,NA,,,No,"$150,000 or more",0.7,0.3,bandit,3,9/1/20 6:00,2,1,14,2,2,0,0,0.3,0.125,0.25,2,1,38,0,14,0,0.33333,1,4,0.4566902595214021,0.05432581676727339,-0.3571428571612778,-0.4566902595214021,-0.31968318166498144,0.38519667999782625,-0.6266304181662299,0.44097101808273476,0.6861620599669113,-0.17234810551209448,-0.10203826854156678,0.029483822867364253,1.045332273296353,0.009228047229503433,0.0,0.036400986190240237,0.10246779460918093,-1.1102230246251565e-16,0.004910265140283254,0.02355984894936647
D41.15,D41,bg,1,1,0,1,July,8,2011,Male,White,,NA,Asian,NA,,,No,"$150,000 or more",0.7,0.3,bandit,3,9/1/20 6:00,2,1,15,2,1,0,0,0.3,0.125,0.25,2,1,38,0,15,0,0.33333,1,5,0.4007926678226405,0.04762632238369273,-0.28571428565276774,-0.4007926678226405,-0.28055486747584835,0.32927501334684905,-0.5934766051981659,0.41698801817931413,0.6793011794347656,-0.25972748712260824,-0.17234810551209448,0.02092826724170399,1.0243438301939962,0.00595221823139136,0.0,0.023717553942940006,0.09199304827408106,-1.1102230246251565e-16,0.002646806822436787,0.02380722826460402
D41.16,D41,bg,1,1,0,1,July,8,2011,Male,White,,NA,Asian,NA,,,No,"$150,000 or more",0.7,0.3,bandit,3,9/1/20 6:00,2,1,16,2,1,0,0,0.3,0.125,0.25,2,1,38,0,16,0,0.33333,1,6,0.35445358766010193,0.040759615127719986,-0.23809523619478093,-0.35445358766010193,-0.24811751136207133,0.2851752323520988,-0.5602575535492536,0.398998519760002,0.6726035116269359,-0.35155401751617876,-0.25972748712260824,0.014991388876458553,0.9967875101257118,0.004073022171182883,0.0,0.015273006466915373,0.08458066157883826,-1.1102230246251565e-16,0.0013876500814309356,0.022523239758479363
D41.17,D41,bg,1,1,0,1,July,8,2011,Male,White,,NA,Asian,NA,,,No,"$150,000 or more",0.7,0.3,bandit,3,9/1/20 6:00,2,1,17,2,1,0,0,0.3,0.125,0.25,2,1,38,0,17,0,0.33333,1,7,0.31650652675555746,0.034610861210659885,-0.20408163583323682,-0.31650652675555746,-0.2215545687288902,0.2504563848711786,-0.5288684970379889,0.3853834680616408,0.666638198458469,-0.4413493542953925,-0.35155401751617876,0.010976855356239927,0.9670806963755075,0.0027087800098318793,0.0,0.009779434731691627,0.07935813484777415,1.1102230246251565e-16,0.0007138511185813545,0.02180287214507204
D41.18,D41,bg,1,1,0,1,July,8,2011,Male,White,,NA,Asian,NA,,,No,"$150,000 or more",0.7,0.3,bandit,3,9/1/20 6:00,2,1,18,1,1,0,0,0.7,0.125,0.25,1,1,38,0,18,0,0.33333,2,8,0.38855656780834585,0.03308472734605146,-0.3174603175335317,-0.38855656780834585,-0.27198959746584206,0.31743994169226875,-0.5852277123049061,0.41208202376740644,0.6776073759493211,-0.3958724616618888,-0.3279210278095386,0.013090866400259957,0.9595704257542106,0.002616082533973829,0.0,0.016406831736663574,0.07145988287870098,0.0,0.0011726960853378765,0.020860167270372543
D41.19,D41,bg,1,1,0,1,July,8,2011,Male,White,,NA,Asian,NA,,,No,"$150,000 or more",0.7,0.3,bandit,3,9/1/20 6:00,2,1,19,2,1,0,0,0.3,0.125,0.25,2,1,38,0,19,0,0.33333,1,8,0.28538346806164083,0.02944389701638426,-0.1785714285171736,-0.28538346806164083,-0.19976842764314856,0.22285412775518473,-0.5000812284566654,0.3748914818699748,0.6615077791930253,-0.5264631123002028,-0.4413493542953925,0.00826209354982646,0.9324594007784659,0.0018667433285135537,0.0,0.0062491639931015475,0.06743664644720776,0.0,0.000362631031714189,0.020554630443049282
D41.20,D41,bg,1,1,0,1,July,8,2011,Male,White,,NA,Asian,NA,,,No,"$150,000 or more",0.7,0.3,bandit,3,9/1/20 6:00,2,1,20,1,1,1,0,0.7,0.125,0.25,1,1,38,0,20,0,0.33333,2,9,0.35674478454038705,0.029176601373650357,-0.2857142878161183,-0.35674478454038705,-0.2497213491782709,0.2873106070246343,-0.5620288082937422,0.3998514414230373,0.6729513857094505,-0.46256299777774856,-0.3958724616618888,0.010147024843377133,0.9231271179588378,0.0016884502719660688,0.0,0.011190722215358662,0.061050156679615,0.0,0.0006384457634258656,0.020003939599669285
D42.1,D42,gb,2,3,2,2,October,6,2013,Male,White,,NA,Asian,NA,,,No,"$150,000 or more",0.3,0.7,bandit,11,9/2/20 8:46,5,4,1,2,1,0,1,0.7,0.625,0.5,2,1,39,1,1,0,0.33333,1,0,0.5,0.08333333333333334,NaN,0.5,0.65,1.0498221244986778,-0.6474466390346325,0.0,0.0,-0.19314718051535087,-0.0,0.0,1.039551048757124,0.0,0.0,0.02916666666666673,0.09341812841609692,0.0,0.03446712009808295,0.07261943681288419
D42.2,D42,gb,2,3,2,2,October,6,2013,Male,White,,NA,Asian,NA,,,No,"$150,000 or more",0.3,0.7,bandit,11,9/2/20 8:46,5,4,2,2,3,1,0,0.7,0.625,0.5,2,1,39,0,2,0,0.33333,1,1,0.6666666666666666,0.05555555555555555,-0.999999984947842,-0.6666666666666666,-0.4666666666666666,0.628608659422374,-0.6909233093138181,0.5624999999999999,0.6853142072764582,-0.09393882346618045,-0.19314718051535087,0.0694345666869955,1.0843423277533633,0.020509498103498336,5.551115123125783e-17,0.04511718749999999,0.12433418811819402,1.1102230246251565e-16,0.02346938767733342,0.06162331679358746
D42.3,D42,gb,2,3,2,2,October,6,2013,Male,White,,NA,Asian,NA,,,No,"$150,000 or more",0.3,0.7,bandit,11,9/2/20 8:46,5,4,3,1,4,0,0,0.3,0.625,0.5,1,1,39,0,3,0,0.33333,0,1,0.5,0.08333333333333334,NaN,-0.5,-0.35,0.4307829160924542,-0.6474466390346325,0.46153846153846156,0.6901856760188042,-0.04985714948732713,-0.0,0.05414517848247718,1.046473403348005,0.02084106529298624,0.0,0.035084025065104274,0.10845895571424108,-1.1102230246251565e-16,0.010744810700342833,0.0533169876186268
D42.4,D42,gb,2,3,2,2,October,6,2013,Male,White,,NA,Asian,NA,,,No,"$150,000 or more",0.3,0.7,bandit,11,9/2/20 8:46,5,4,4,1,4,1,0,0.3,0.625,0.5,1,1,39,0,4,0,0.33333,0,2,0.41025641025641024,0.0752794214332676,-3.324562949461316e-16,-0.41025641025641024,-0.28717948717948716,0.33852562543305503,-0.5996068847876723,0.420863309352518,0.6805691240005796,-0.1694605094257496,-0.04985714948732713,0.036406266819614855,0.988166945554469,0.01265953315339563,-5.551115123125783e-17,0.019991199404215676,0.0973802547608767,0.0,0.005618362421842882,0.04820963469496686
D42.5,D42,gb,2,3,2,2,October,6,2013,Male,White,,NA,Asian,NA,,,No,"$150,000 or more",0.3,0.7,bandit,11,9/2/20 8:46,5,4,5,1,1,1,0,0.3,0.625,0.5,1,1,39,0,5,0,0.33333,0,3,0.3363309352517986,0.06242107033797423,-3.324562949461316e-16,-0.3363309352517986,-0.23543165467625898,0.2684438588858378,-0.5457566301170604,0.392378263937897,0.6698000343867989,-0.31724785272016875,-0.1694605094257496,0.02364311272114325,0.9294093218990148,0.008274238969092185,0.0,0.010928843879918382,0.09039737447738022,1.1102230246251565e-16,0.0027852297390043024,0.04537921768091957
D42.6,D42,gb,2,3,2,2,October,6,2013,Male,White,,NA,Asian,NA,,,No,"$150,000 or more",0.3,0.7,bandit,11,9/2/20 8:46,5,4,6,2,4,1,0,0.7,0.625,0.5,2,1,39,0,6,0,0.33333,1,2,0.59375,0.05996093749999999,-0.7142857142857143,-0.59375,-0.41562499999999997,0.5372123789391855,-0.6788405414022067,0.5133689839572192,0.6927896784912411,-0.06841932383907298,-0.09393882346618045,0.05510257994978083,0.9771474727277741,0.015435644352526201,0.018342245989304784,0.06426804812834219,0.1157175857371815,1.1102230246251565e-16,0.01481901845025424,0.036723961302626784
D42.7,D42,gb,2,3,2,2,October,6,2013,Male,White,,NA,Asian,NA,,,No,"$150,000 or more",0.3,0.7,bandit,11,9/2/20 8:46,5,4,7,1,1,0,0,0.3,0.625,0.5,1,1,39,0,7,0,0.33333,0,4,0.279181369089626,0.04955717505632367,-3.324562949461316e-16,-0.279181369089626,-0.19542695836273818,0.21744352532572367,-0.4939971112220449,0.3728685706266227,0.6604647503197693,-0.4669270480222721,-0.31724785272016875,0.015384672502538485,0.9341346914000688,0.008195836343511509,0.0,0.00998046142321607,0.11046074067489053,0.0,0.001334355288116873,0.035204143006737576
D42.8,D42,gb,2,3,2,2,October,6,2013,Male,White,,NA,Asian,NA,,,No,"$150,000 or more",0.3,0.7,bandit,11,9/2/20 8:46,5,4,8,1,1,0,1,0.3,0.625,0.5,1,1,39,1,8,0,0.33333,1,4,0.23606530535868828,0.038886415120984216,0.9999999999999997,0.7639346946413117,0.8347542862489182,1.8003217385529584,-0.44826698798619047,0.0,0.0,-0.17234810551209448,-0.4669270480222721,0.0,1.0645796339568627,0.0,0.0,0.03183881190668497,0.1271614437399735,0.0,0.004910265140283254,0.038829364972767455
D42.9,D42,gb,2,3,2,2,October,6,2013,Male,White,,NA,Asian,NA,,,No,"$150,000 or more",0.3,0.7,bandit,11,9/2/20 8:46,5,4,9,2,1,0,1,0.7,0.625,0.5,2,1,39,1,9,0,0.33333,2,2,0.5219251336898396,0.059144956961880525,0.5238095289430316,0.4780748663101604,0.6346524064171123,1.0069060673742722,-0.6564330821954864,0.0,0.0,-0.19334888655015944,-0.06841932383907298,0.0,0.9745015216415907,0.0,0.0,0.02819544057377049,0.07942508521325747,0.0,0.025346906821584136,0.04936013649544657
D42.10,D42,gb,2,3,2,2,October,6,2013,Male,White,,NA,Asian,NA,,,No,"$150,000 or more",0.3,0.7,bandit,11,9/2/20 8:46,5,4,10,1,1,0,1,0.3,0.625,0.5,1,1,39,1,10,0,0.33333,2,4,0.4007926678226405,0.04762632238369273,0.7142857143472323,0.5992073321773594,0.7194451325241517,1.2709859671732364,-0.5934766051981659,0.0,0.0,-0.16347278440718951,-0.17234810551209448,0.0,1.0542835745088572,0.0,0.0,0.03010796002482624,0.09293708135333717,0.0,0.010714598831219058,0.055201456386336
D42.11,D42,gb,2,3,2,2,October,6,2013,Male,White,,NA,Asian,NA,,,No,"$150,000 or more",0.3,0.7,bandit,11,9/2/20 8:46,5,4,11,1,1,0,1,0.3,0.625,0.5,1,1,39,1,11,0,0.33333,3,4,0.5196229913473425,0.04560793367823767,0.5238095225489899,0.48037700865265753,0.6362639060568602,1.0113266909367904,-0.6555375630656881,0.0,0.0,-0.23266054424133245,-0.16347278440718951,0.0,1.0805549708779942,0.0,0.0,0.04882286549312853,0.10726338771645977,0.0,0.0181525698768511,0.0626422460913656
D42.12,D42,gb,2,3,2,2,October,6,2013,Male,White,,NA,Asian,NA,,,No,"$150,000 or more",0.3,0.7,bandit,11,9/2/20 8:46,5,4,12,2,1,0,1,0.7,0.625,0.5,2,1,39,1,12,0,0.33333,3,2,0.6352459016393442,0.04728231658156409,0.2857142851562555,0.36475409836065575,0.555327868852459,0.8104180523126877,-0.6870122784419204,0.0,0.0,-0.3522528357548107,-0.19334888655015944,0.0,1.0279440122238983,0.0,0.0,0.0290757084764956,0.0731852929747207,0.0,0.03583606666656358,0.073085133340132
D42.13,D42,gb,2,3,2,2,October,6,2013,Male,White,,NA,Asian,NA,,,No,"$150,000 or more",0.3,0.7,bandit,11,9/2/20 8:46,5,4,13,1,1,0,1,0.3,0.625,0.5,1,1,39,1,13,0,0.33333,4,4,0.6073941916939242,0.04015149105953348,0.387755102062592,0.39260580830607583,0.5748240658142532,0.8552522329266844,-0.6819077269415073,0.0,0.0,-0.33235820901138946,-0.23266054424133245,0.0,1.0464511669619099,0.0,0.0,0.04116838099452408,0.08388283037455951,0.0,0.026478727497178167,0.0813742648465342
D42.14,D42,gb,2,3,2,2,October,6,2013,Male,White,,NA,Asian,NA,,,No,"$150,000 or more",0.3,0.7,bandit,11,9/2/20 8:46,5,4,14,1,4,1,0,0.3,0.625,0.5,1,1,39,0,14,0,0.33333,4,5,0.6734986945169712,0.03412457714895184,-0.7142857142956079,-0.6734986945169712,-0.4714490861618798,0.637616141815937,-0.6915159840708771,0.5675895966606566,0.6839824415260297,-0.2983469826934861,-0.33235820901138946,0.04580354591985148,1.0340519232223744,0.012662754411188581,5.551115123125783e-17,0.029381193495336133,0.07483016056040953,0.0,0.018834413039687248,0.07372310800882542
D42.15,D42,gb,2,3,2,2,October,6,2013,Male,White,,NA,Asian,NA,,,No,"$150,000 or more",0.3,0.7,bandit,11,9/2/20 8:46,5,4,15,2,2,1,0,0.7,0.625,0.5,2,1,39,0,15,0,0.33333,3,3,0.7096774193548387,0.03668054110301769,-0.8571428574206736,-0.7096774193548387,-0.4967741935483871,0.686716290229655,-0.6931263687610414,0.5961538461538461,0.6745403622115924,-0.27049867155290075,-0.3522528357548107,0.05868351180470292,1.0743006208618007,0.019462001823884467,0.012713125261134328,0.048285270857507556,0.09610321777058006,1.1102230246251565e-16,0.026183534536607267,0.0640877397197318
D42.16,D42,gb,2,3,2,2,October,6,2013,Male,White,,NA,Asian,NA,,,No,"$150,000 or more",0.3,0.7,bandit,11,9/2/20 8:46,5,4,16,1,1,0,1,0.3,0.625,0.5,1,1,39,1,16,0,0.33333,5,5,0.6283049328965302,0.03473024233151331,0.3650793648229851,0.3716950671034698,0.5601865469724289,0.8214046123625717,-0.6858847415822464,0.0,0.0,-0.38411710724963666,-0.2983469826934861,0.0,1.0668417477216459,0.0,0.0,0.0422745329413578,0.09033682193115739,0.0,0.026459458231194444,0.07172954871105952
D42.17,D42,gb,2,3,2,2,October,6,2013,Male,White,,NA,Asian,NA,,,No,"$150,000 or more",0.3,0.7,bandit,11,9/2/20 8:46,5,4,17,1,1,1,0,0.3,0.625,0.5,1,1,39,0,17,0,0.33333,5,6,0.6835810265783105,0.030205750355547747,-0.7142857143342739,-0.6835810265783105,-0.47850671860481736,0.6510588878550133,-0.6922229735150216,0.5752710738619524,0.6817725179342675,-0.35486078857672304,-0.38411710724963666,0.042856173299471965,1.0748480836530063,0.011081313226018796,0.010037920095792574,0.04508865993122668,0.0976361149084598,1.1102230246251565e-16,0.019192566528699273,0.06445919930290178
D42.18,D42,gb,2,3,2,2,October,6,2013,Male,White,,NA,Asian,NA,,,No,"$150,000 or more",0.3,0.7,bandit,11,9/2/20 8:46,5,4,18,2,1,0,1,0.7,0.625,0.5,2,1,39,1,18,0,0.33333,4,3,0.6586538461538463,0.039465709237343854,0.28571428575404656,0.34134615384615374,0.5389423076923077,0.7742320978119254,-0.6901111000621384,0.0,0.0,-0.40275352354138316,-0.27049867155290075,0.0,1.0324148406470681,0.0,0.0,0.031121343355803965,0.07023443905282589,0.0,0.033570596095500504,0.07189298175701009
D42.19,D42,gb,2,3,2,2,October,6,2013,Male,White,,NA,Asian,NA,,,No,"$150,000 or more",0.3,0.7,bandit,11,9/2/20 8:46,5,4,19,1,1,0,1,0.3,0.625,0.5,1,1,39,1,19,0,0.33333,6,6,0.6430358728760126,0.030676045103135853,0.3506493507130455,0.3569641271239874,0.5498748889867913,0.7982297103856163,-0.6881638882064027,0.0,0.0,-0.4289701042578927,-0.35486078857672304,0.0,1.0449562925886549,0.0,0.0,0.03798406411675226,0.07873885073459896,0.0,0.02624704697994762,0.07894017081442262
D42.20,D42,gb,2,3,2,2,October,6,2013,Male,White,,NA,Asian,NA,,,No,"$150,000 or more",0.3,0.7,bandit,11,9/2/20 8:46,5,4,20,2,1,0,1,0.7,0.625,0.5,2,1,39,1,20,0,0.33333,5,3,0.7185725871857258,0.03200241157155928,0.18367346945402785,0.2814274128142742,0.49699918896999196,0.6871634964979959,-0.6931291707181513,0.0,0.0,-0.5365548718863059,-0.40275352354138316,0.0,1.0034297164216173,0.0,0.0,0.02727962969123432,0.05877879015422516,0.0,0.021771010602194663,0.06707413489376668
D43.1,D43,gb,4,3,4,4,August,9,2011,Male,,,NA,Asian,NA,,,No,"$150,000 or more",0.3,0.7,bandit,10,9/7/20 18:15,7,8,1,2,3,1,0,0.7,0.875,1.0,2,1,40,0,1,0,0.33333,0,1,0.5,0.08333333333333334,NaN,-0.5,-0.35,0.4307829160924542,-0.6474466390346325,0.46153846153846156,0.6901856760188042,-0.04985714948732713,-0.0,0.05414517848247718,1.0796200787151622,0.018796586003682503,0.0,0.05608974358974361,0.1563382907162265,1.1102230246251565e-16,0.010744810700342833,0.04891275394756689
D43.2,D43,gb,4,3,4,4,August,9,2011,Male,,,NA,Asian,NA,,,No,"$150,000 or more",0.3,0.7,bandit,10,9/7/20 18:15,7,8,2,1,1,0,1,0.3,0.875,1.0,1,1,40,1,2,0,0.33333,1,0,0.5,0.08333333333333334,NaN,0.5,0.65,1.0498221244986778,-0.6474466390346325,0.0,0.0,-0.19314718051535087,-0.0,0.0,0.9834546805647766,0.0,0.0,0.02916666666666673,0.08100465964317666,0.0,0.03446712009808306,0.06432290630777049
D43.3,D43,gb,4,3,4,4,August,9,2011,Male,,,NA,Asian,NA,,,No,"$150,000 or more",0.3,0.7,bandit,10,9/7/20 18:15,7,8,3,1,4,0,0,0.3,0.875,1.0,1,1,40,0,3,0,0.33333,1,1,0.6666666666666666,0.05555555555555555,-0.999999984947842,-0.6666666666666666,-0.4666666666666666,0.628608659422374,-0.6909233093138181,0.5624999999999999,0.6853142072764582,-0.09393882346618045,-0.19314718051535087,0.0694345666869955,1.046259060686753,0.019959752714695078,5.551115123125783e-17,0.04511718749999999,0.10845646196059827,-1.1102230246251565e-16,0.02346938767733342,0.05331698761862669
D43.4,D43,gb,4,3,4,4,August,9,2011,Male,,,NA,Asian,NA,,,No,"$150,000 or more",0.3,0.7,bandit,10,9/7/20 18:15,7,8,4,2,1,0,1,0.7,0.875,1.0,2,1,40,1,4,0,0.33333,1,1,0.41025641025641024,0.0752794214332676,0.9999999999999997,0.5897435897435898,0.7128205128205128,1.2476478678285976,-0.5996068847876723,0.0,0.0,-0.09393882346618045,-0.04985714948732713,0.0,1.0876598105604969,0.0,0.0,0.07254657447338103,0.13535920449663658,0.0,0.02346938767733331,0.06603720134860513
D43.5,D43,gb,4,3,4,4,August,9,2011,Male,,,NA,Asian,NA,,,No,"$150,000 or more",0.3,0.7,bandit,10,9/7/20 18:15,7,8,5,1,2,1,0,0.3,0.875,1.0,1,1,40,0,5,0,0.33333,1,2,0.59375,0.05996093749999999,-0.7142857142857143,-0.59375,-0.41562499999999997,0.5372123789391855,-0.6788405414022067,0.5133689839572192,0.6927896784912411,-0.06841932383907298,-0.09393882346618045,0.05510257994978083,1.0828452744291188,0.0177820924607488,0.0,0.04942135473942372,0.11998598270794253,0.0,0.014819018450254018,0.05738954954025166
D43.6,D43,gb,4,3,4,4,August,9,2011,Male,,,NA,Asian,NA,,,No,"$150,000 or more",0.3,0.7,bandit,10,9/7/20 18:15,7,8,6,2,4,0,0,0.7,0.875,1.0,2,1,40,0,6,0,0.33333,1,2,0.59375,0.05996093749999999,-0.7142857142857143,-0.59375,-0.41562499999999997,0.5372123789391855,-0.6788405414022067,0.5133689839572192,0.6927896784912411,-0.06841932383907298,-0.09393882346618045,0.05510257994978083,1.0985785463210884,0.01793226319223895,0.02581086104835706,0.07181567405007594,0.15213188068493977,1.1102230246251565e-16,0.014819018450254129,0.0487451524933481
D43.7,D43,gb,4,3,4,4,August,9,2011,Male,,,NA,Asian,NA,,,No,"$150,000 or more",0.3,0.7,bandit,10,9/7/20 18:15,7,8,7,2,1,0,1,0.7,0.875,1.0,2,1,40,1,7,0,0.33333,2,2,0.5219251336898396,0.059144956961880525,0.5238095289430316,0.4780748663101604,0.6346524064171123,1.0069060673742722,-0.6564330821954864,0.0,0.0,-0.19334888655015944,-0.06841932383907298,0.0,1.0643132938270816,0.0,0.0,0.03272940647331063,0.09800424210562858,0.0,0.025346906821584247,0.059289222123003915
D43.8,D43,gb,4,3,4,4,August,9,2011,Male,,,NA,Asian,NA,,,No,"$150,000 or more",0.3,0.7,bandit,10,9/7/20 18:15,7,8,8,1,1,1,0,0.3,0.875,1.0,1,1,40,0,8,0,0.33333,1,3,0.5219251336898396,0.059144956961880525,-0.47619047105696843,-0.5219251336898396,-0.3653475935828877,0.45467782143196556,-0.6564330821954864,0.4726996966632962,0.6916558259082752,-0.10203826854156678,-0.06841932383907298,0.04106553663963941,1.0255876002595472,0.014084118986033456,5.551115123125783e-17,0.02420312582844597,0.08716077821978346,0.0,0.008758474689474993,0.0532232456935825
D43.9,D43,gb,4,3,4,4,August,9,2011,Male,,,NA,Asian,NA,,,No,"$150,000 or more",0.3,0.7,bandit,10,9/7/20 18:15,7,8,9,1,1,0,1,0.3,0.875,1.0,1,1,40,1,9,0,0.33333,2,3,0.4566902595214021,0.05432581676727339,0.6428571428387222,0.5433097404785979,0.6803168183350186,1.140424830915753,-0.6266304181662299,0.0,0.0,-0.15524439974415,-0.10203826854156678,0.0,1.076742211527859,0.0,0.0,0.04487593904444309,0.10362943227366345,0.0,0.01694783786822407,0.061446767463560925
D43.10,D43,gb,4,3,4,4,August,9,2011,Male,,,NA,Asian,NA,,,No,"$150,000 or more",0.3,0.7,bandit,10,9/7/20 18:15,7,8,10,2,2,0,1,0.7,0.875,1.0,2,1,40,1,10,0,0.33333,3,2,0.6352459016393442,0.04728231658156409,0.2857142851562555,0.36475409836065575,0.555327868852459,0.8104180523126877,-0.6870122784419204,0.0,0.0,-0.3522528357548107,-0.19334888655015944,0.0,1.0168658576277556,0.0,0.0,0.023124267635547813,0.07071924264955626,0.0,0.03583606666656369,0.07189162097913182
D43.11,D43,gb,4,3,4,4,August,9,2011,Male,,,NA,Asian,NA,,,No,"$150,000 or more",0.3,0.7,bandit,10,9/7/20 18:15,7,8,11,1,1,1,0,0.3,0.875,1.0,1,1,40,0,11,0,0.33333,2,4,0.5756457564575646,0.047783254585313385,-0.5714285714562882,-0.5756457564575646,-0.4029520295202952,0.5157578162553096,-0.6741904715742899,0.5024721878862793,0.6931349570842507,-0.16347278440718951,-0.15524439974415,0.04080248582851541,0.9755884264381408,0.01248397397389056,0.0,0.01673761072969998,0.06253410121131614,1.1102230246251565e-16,0.010714598831218947,0.06564242945170384
D43.12,D43,gb,4,3,4,4,August,9,2011,Male,,,NA,Asian,NA,,,No,"$150,000 or more",0.3,0.7,bandit,10,9/7/20 18:15,7,8,12,1,1,0,0,0.3,0.875,1.0,1,1,40,0,12,0,0.33333,2,5,0.5196229913473425,0.04560793367823767,-0.47619047745101006,-0.5196229913473425,-0.3637360939431397,0.45214185507827664,-0.6555375630656881,0.47150246484858793,0.6915220810334448,-0.20362825923782923,-0.16347278440718951,0.030843711778198547,0.9263200002039951,0.009113485910736019,0.0,0.010135419992086392,0.05644410088328061,-1.1102230246251565e-16,0.00646249760522466,0.06141237615516937
D43.13,D43,gb,4,3,4,4,August,9,2011,Male,,,NA,Asian,NA,,,No,"$150,000 or more",0.3,0.7,bandit,10,9/7/20 18:15,7,8,13,2,1,0,1,0.7,0.875,1.0,2,1,40,1,13,0,0.33333,4,2,0.7096774193548387,0.03668054110301769,0.14285714257932636,0.29032258064516125,0.5032258064516129,0.6996196950655628,-0.6931263687610414,0.0,0.0,-0.5101222662015851,-0.3522528357548107,0.0,0.8302190391675226,0.0,0.0,0.005624112215909083,0.039524636601562246,0.0,0.02364425938695247,0.04924775193162312
D43.14,D43,gb,4,3,4,4,August,9,2011,Male,,,NA,Asian,NA,,,No,"$150,000 or more",0.3,0.7,bandit,10,9/7/20 18:15,7,8,14,1,1,0,1,0.3,0.875,1.0,1,1,40,1,14,0,0.33333,3,5,0.4694464006734824,0.04180549502855063,0.5918367347555664,0.5305535993265176,0.6713875195285623,1.1128760933593866,-0.6331916582986538,0.0,0.0,-0.23204795711695583,-0.20362825923782923,0.0,0.9118245578562956,0.0,0.0,0.011308921189321142,0.04600605313694428,0.0,0.011994020808655748,0.05475310048515192
D43.15,D43,gb,4,3,4,4,August,9,2011,Male,,,NA,Asian,NA,,,No,"$150,000 or more",0.3,0.7,bandit,10,9/7/20 18:15,7,8,15,2,1,1,0,0.7,0.875,1.0,2,1,40,0,15,0,0.33333,4,3,0.7613636363636364,0.028550521448248718,-0.9523809521488746,-0.7613636363636364,-0.5329545454545455,0.7613286929760176,-0.6909736011549141,0.6423357664233577,0.6520624274229945,-0.40275352354138316,-0.5101222662015851,0.06177769366238693,0.9853814448817231,0.016606457321184154,1.1102230246251565e-16,0.015836934454997342,0.06005118667859122,0.012111381454447234,0.033570596095500393,0.06467837214391514
D43.16,D43,gb,4,3,4,4,August,9,2011,Male,,,NA,Asian,NA,,,No,"$150,000 or more",0.3,0.7,bandit,10,9/7/20 18:15,7,8,16,1,1,1,0,0.3,0.875,1.0,1,1,40,0,16,0,0.33333,3,6,0.5584991550850087,0.038986467927786546,-0.5357142853995882,-0.5584991550850087,-0.39094940855950605,0.4958539417497118,-0.6691708750090459,0.4925699181909603,0.693036764264588,-0.2581358322404613,-0.23204795711695583,0.030622856690614812,0.9417348255863707,0.008947540627111672,0.0,0.01092302279315105,0.05418370260961103,-1.1102230246251565e-16,0.007603174371417998,0.06025363056602118
D43.17,D43,gb,4,3,4,4,August,9,2011,Male,,,NA,Asian,NA,,,No,"$150,000 or more",0.3,0.7,bandit,10,9/7/20 18:15,7,8,17,2,1,1,0,0.7,0.875,1.0,2,1,40,0,17,0,0.33333,4,4,0.7185725871857258,0.03200241157155928,-0.8163265305459722,-0.7185725871857258,-0.503000811030008,0.6991668847379626,-0.6931291707181513,0.6036227154046996,0.671515412703958,-0.33235820901138946,-0.40275352354138316,0.05433972007245341,1.0063047745827005,0.013282381543249122,5.551115123125783e-17,0.01593358699539066,0.06900779548526265,0.0012075718015663872,0.02647872836857268,0.05291365519078228
D43.18,D43,gb,4,3,4,4,August,9,2011,Male,,,NA,Asian,NA,,,No,"$150,000 or more",0.3,0.7,bandit,10,9/7/20 18:15,7,8,18,1,1,0,1,0.3,0.875,1.0,1,1,40,1,18,0,0.33333,4,6,0.5136908453436054,0.036582874441575465,0.5238095231254092,0.48630915465639457,0.6404164082594762,1.0228086066233688,-0.6531782320549671,0.0,0.0,-0.2949359932202241,-0.2581358322404613,0.0,1.052598712163544,0.0,0.0,0.027622631347577475,0.07856971607106294,0.0,0.012847841136859106,0.058240323455955756
D43.19,D43,gb,4,3,4,4,August,9,2011,Male,,,NA,Asian,NA,,,No,"$150,000 or more",0.3,0.7,bandit,10,9/7/20 18:15,7,8,19,2,1,0,1,0.7,0.875,1.0,2,1,40,1,19,0,0.33333,5,4,0.6734986945169712,0.03412457714895184,0.28571428570439206,0.3265013054830288,0.5285509138381201,0.7519441654287197,-0.6915159840708771,0.0,0.0,-0.44416450766495524,-0.33235820901138946,0.0,0.9925775632252706,0.0,0.0,0.01641378262575277,0.058241315196833954,0.0,0.030437972309995787,0.06233752172040785
D43.20,D43,gb,4,3,4,4,August,9,2011,Male,,,NA,Asian,NA,,,No,"$150,000 or more",0.3,0.7,bandit,10,9/7/20 18:15,7,8,20,1,1,0,1,0.3,0.875,1.0,1,1,40,1,20,0,0.33333,5,6,0.584906586821547,0.034000202300490806,0.42857142862947883,0.41509341317845305,0.5905653892249172,0.8929780690862531,-0.6766521038017551,0.0,0.0,-0.35486078857672304,-0.2949359932202241,0.0,1.029308026796256,0.0,0.0,0.026347963180068268,0.06634957633715066,0.0,0.019192566528699273,0.06863771194684809
D46.1,D46,gb,4,4,4,3,November,21,2014,Male,White,,NA,,NA,,,Yes,"$80,000 to $99,999",0.7,0.3,bandit,6,9/10/20 13:50,8,7,1,2,1,1,0,0.3,0.875,1.0,2,1,41,0,1,0,0.33333,0,1,0.5,0.08333333333333334,NaN,-0.5,-0.35,0.4307829160924542,-0.6474466390346325,0.46153846153846156,0.6901856760188042,-0.04985714948732713,-0.0,0.05414517848247718,1.0796200787151622,0.018796586003682503,0.0,0.05608974358974361,0.1563382907162265,1.1102230246251565e-16,0.010744810700342833,0.04891275394756689
D46.2,D46,gb,4,4,4,3,November,21,2014,Male,White,,NA,,NA,,,Yes,"$80,000 to $99,999",0.7,0.3,bandit,6,9/10/20 13:50,8,7,2,1,4,1,0,0.7,0.875,1.0,1,1,41,0,2,0,0.33333,0,1,0.5,0.08333333333333334,NaN,-0.5,-0.35,0.4307829160924542,-0.6474466390346325,0.46153846153846156,0.6901856760188042,-0.04985714948732713,-0.0,0.05414517848247718,1.0774829680724232,0.018548510990538336,0.0,0.05608974358974361,0.13394708446621661,-1.1102230246251565e-16,0.010744810700342833,0.04059899259159849
D46.3,D46,gb,4,4,4,3,November,21,2014,Male,White,,NA,,NA,,,Yes,"$80,000 to $99,999",0.7,0.3,bandit,6,9/10/20 13:50,8,7,3,2,1,0,1,0.3,0.875,1.0,2,1,41,1,3,0,0.33333,1,1,0.41025641025641024,0.0752794214332676,0.9999999999999997,0.5897435897435898,0.7128205128205128,1.2476478678285976,-0.5996068847876723,0.0,0.0,-0.09393882346618045,-0.04985714948732713,0.0,1.046473403348005,0.0,0.0,0.04511718749999999,0.10845895571424108,0.0,0.02346938767733342,0.0533169876186268
D46.4,D46,gb,4,4,4,3,November,21,2014,Male,White,,NA,,NA,,,Yes,"$80,000 to $99,999",0.7,0.3,bandit,6,9/10/20 13:50,8,7,4,1,4,0,0,0.7,0.875,1.0,1,1,41,0,4,0,0.33333,0,2,0.41025641025641024,0.0752794214332676,-3.324562949461316e-16,-0.41025641025641024,-0.28717948717948716,0.33852562543305503,-0.5996068847876723,0.420863309352518,0.6805691240005796,-0.1694605094257496,-0.04985714948732713,0.036406266819614855,0.988166945554469,0.01265953315339563,-5.551115123125783e-17,0.019991199404215676,0.0973802547608767,0.0,0.005618362421842882,0.04820963469496686
D46.5,D46,gb,4,4,4,3,November,21,2014,Male,White,,NA,,NA,,,Yes,"$80,000 to $99,999",0.7,0.3,bandit,6,9/10/20 13:50,8,7,5,2,4,0,0,0.3,0.875,1.0,2,1,41,0,5,0,0.33333,1,2,0.59375,0.05996093749999999,-0.7142857142857143,-0.59375,-0.41562499999999997,0.5372123789391855,-0.6788405414022067,0.5133689839572192,0.6927896784912411,-0.06841932383907298,-0.09393882346618045,0.05510257994978083,1.0309216757312742,0.01600666601402434,0.018342245989304784,0.06426804812834219,0.12432582107310763,1.1102230246251565e-16,0.01481901845025424,0.039540933332995576
D46.6,D46,gb,4,4,4,3,November,21,2014,Male,White,,NA,,NA,,,Yes,"$80,000 to $99,999",0.7,0.3,bandit,6,9/10/20 13:50,8,7,6,2,1,0,1,0.3,0.875,1.0,2,1,41,1,6,0,0.33333,2,2,0.5219251336898396,0.059144956961880525,0.5238095289430316,0.4780748663101604,0.6346524064171123,1.0069060673742722,-0.6564330821954864,0.0,0.0,-0.19334888655015944,-0.06841932383907298,0.0,0.9532601561720309,0.0,0.0,0.02819544057377049,0.07844894940408759,0.0,0.025346906821584025,0.05007162230461537
D46.7,D46,gb,4,4,4,3,November,21,2014,Male,White,,NA,,NA,,,Yes,"$80,000 to $99,999",0.7,0.3,bandit,6,9/10/20 13:50,8,7,7,1,1,0,1,0.7,0.875,1.0,1,1,41,1,7,0,0.33333,1,2,0.3363309352517986,0.06242107033797423,0.9999999999999997,0.6636690647482014,0.7645683453237411,1.4463346213347281,-0.5457566301170604,0.0,0.0,-0.06841932383907298,-0.1694605094257496,0.0,1.0643132938270816,0.0,0.0,0.038636456223552273,0.09800424210562858,0.0,0.014819018450254129,0.059289222123003915
D46.8,D46,gb,4,4,4,3,November,21,2014,Male,White,,NA,,NA,,,Yes,"$80,000 to $99,999",0.7,0.3,bandit,6,9/10/20 13:50,8,7,8,1,4,1,0,0.7,0.875,1.0,1,1,41,0,8,0,0.33333,1,3,0.5219251336898396,0.059144956961880525,-0.47619047105696843,-0.5219251336898396,-0.3653475935828877,0.45467782143196556,-0.6564330821954864,0.4726996966632962,0.6916558259082752,-0.10203826854156678,-0.06841932383907298,0.04106553663963941,1.0255876002595472,0.014084118986033456,5.551115123125783e-17,0.02420312582844597,0.08716077821978346,0.0,0.008758474689474993,0.0532232456935825
D46.9,D46,gb,4,4,4,3,November,21,2014,Male,White,,NA,,NA,,,Yes,"$80,000 to $99,999",0.7,0.3,bandit,6,9/10/20 13:50,8,7,9,2,4,0,0,0.3,0.875,1.0,2,1,41,0,9,0,0.33333,2,3,0.6352459016393442,0.04728231658156409,-0.7142857148437445,-0.6352459016393442,-0.44467213114754095,0.5881965849734463,-0.6870122784419204,0.5402214022140222,0.6899081595689575,-0.15524439974415,-0.19334888655015944,0.05227361377017173,1.0680173483190805,0.013873783665934614,0.0,0.04074319649446495,0.11000827465590668,1.1102230246251565e-16,0.016947837868224402,0.04482337583217233
D46.10,D46,gb,4,4,4,3,November,21,2014,Male,White,,NA,,NA,,,Yes,"$80,000 to $99,999",0.7,0.3,bandit,6,9/10/20 13:50,8,7,10,1,4,1,0,0.7,0.875,1.0,1,1,41,0,10,0,0.33333,1,4,0.4566902595214021,0.05432581676727339,-0.3571428571612778,-0.4566902595214021,-0.31968318166498144,0.38519667999782625,-0.6266304181662299,0.44097101808273476,0.6861620599669113,-0.17234810551209448,-0.10203826854156678,0.029483822867364253,1.0270633686663544,0.00873765703405116,0.0,0.02240263861120212,0.10061766294818786,0.0,0.004910265140283365,0.040960974107522086
D46.11,D46,gb,4,4,4,3,November,21,2014,Male,White,,NA,,NA,,,Yes,"$80,000 to $99,999",0.7,0.3,bandit,6,9/10/20 13:50,8,7,11,2,1,0,1,0.3,0.875,1.0,2,1,41,1,11,0,0.33333,3,3,0.5756457564575646,0.047783254585313385,0.4285714285437118,0.42435424354243545,0.5970479704797048,0.9089377575688963,-0.6741904715742899,0.0,0.0,-0.27049867155290075,-0.15524439974415,0.0,0.9526770483519404,0.0,0.0,0.01933781550480762,0.06854386877457586,0.0,0.026183534536607378,0.05017793705570306
D46.12,D46,gb,4,4,4,3,November,21,2014,Male,White,,NA,,NA,,,Yes,"$80,000 to $99,999",0.7,0.3,bandit,6,9/10/20 13:50,8,7,12,1,4,1,0,0.7,0.875,1.0,1,1,41,0,12,0,0.33333,1,5,0.4007926678226405,0.04762632238369273,-0.28571428565276774,-0.4007926678226405,-0.28055486747584835,0.32927501334684905,-0.5934766051981659,0.41698801817931413,0.6793011794347656,-0.25972748712260824,-0.17234810551209448,0.02092826724170399,0.8987606868351102,0.006441420219047367,0.0,0.006819067484745922,0.063801824865514,0.0,0.002646806822436676,0.04791557619065734
D46.13,D46,gb,4,4,4,3,November,21,2014,Male,White,,NA,,NA,,,Yes,"$80,000 to $99,999",0.7,0.3,bandit,6,9/10/20 13:50,8,7,13,1,4,1,0,0.7,0.875,1.0,1,1,41,0,13,0,0.33333,1,6,0.35445358766010193,0.040759615127719986,-0.23809523619478093,-0.35445358766010193,-0.24811751136207133,0.2851752323520988,-0.5602575535492536,0.398998519760002,0.6726035116269359,-0.35155401751617876,-0.25972748712260824,0.014991388876458553,0.8501432258786126,0.0037443504463274824,0.0,0.0037803701681355384,0.0607101552497229,1.1102230246251565e-16,0.0013876500814308246,0.04665726564139294
D46.14,D46,gb,4,4,4,3,November,21,2014,Male,White,,NA,,NA,,,Yes,"$80,000 to $99,999",0.7,0.3,bandit,6,9/10/20 13:50,8,7,14,2,1,0,1,0.3,0.875,1.0,2,1,41,1,14,0,0.33333,4,3,0.6586538461538463,0.039465709237343854,0.28571428575404656,0.34134615384615374,0.5389423076923077,0.7742320978119254,-0.6901111000621384,0.0,0.0,-0.40275352354138316,-0.27049867155290075,0.0,0.7558697238680709,0.0,0.0,0.009133433444849959,0.04282927867053632,0.0,0.03357059696107867,0.05402002015773255
D46.15,D46,gb,4,4,4,3,November,21,2014,Male,White,,NA,,NA,,,Yes,"$80,000 to $99,999",0.7,0.3,bandit,6,9/10/20 13:50,8,7,15,1,4,0,1,0.7,0.875,1.0,1,1,41,1,15,0,0.33333,2,6,0.31650652675555746,0.034610861210659885,0.7959183641667632,0.6834934732444425,0.7784454312711098,1.507086359888733,-0.5288684970379889,0.0,0.0,-0.2618168853573195,-0.35155401751617876,0.0,0.8579162649185612,0.0,0.0,0.0053791988225322385,0.047655131932565875,0.0,0.0037550782567965513,0.056378141045678176
D46.16,D46,gb,4,4,4,3,November,21,2014,Male,White,,NA,,NA,,,Yes,"$80,000 to $99,999",0.7,0.3,bandit,6,9/10/20 13:50,8,7,16,2,1,0,0,0.3,0.875,1.0,2,1,41,0,16,0,0.33333,4,4,0.7185725871857258,0.03200241157155928,-0.8163265305459722,-0.7185725871857258,-0.503000811030008,0.6991668847379626,-0.6931291707181513,0.6036227154046996,0.671515412703958,-0.33235820901138946,-0.40275352354138316,0.05433972007245341,0.9309942951232295,0.014294697834123848,5.551115123125783e-17,0.014020008057277933,0.06074160145299695,0.0012075718015664982,0.02647872836857279,0.049074946678448916
D46.17,D46,gb,4,4,4,3,November,21,2014,Male,White,,NA,,NA,,,Yes,"$80,000 to $99,999",0.7,0.3,bandit,6,9/10/20 13:50,8,7,17,1,1,1,0,0.7,0.875,1.0,1,1,41,0,17,0,0.33333,2,7,0.4258592834441749,0.03740388601427415,-0.35714286246493915,-0.4258592834441749,-0.2981014984109224,0.35396647004063503,-0.6092471136463906,0.4274122245891805,0.682571878377868,-0.3279210278095386,-0.2618168853573195,0.01723390419259645,0.8834461867208598,0.003901997874425467,-5.551115123125783e-17,0.005015127562386867,0.05723007110014605,0.0,0.0021207633021402827,0.04740865810630612
D46.18,D46,gb,4,4,4,3,November,21,2014,Male,White,,NA,,NA,,,Yes,"$80,000 to $99,999",0.7,0.3,bandit,6,9/10/20 13:50,8,7,18,2,2,0,0,0.3,0.875,1.0,2,1,41,0,18,0,0.33333,4,5,0.6734986945169712,0.03412457714895184,-0.7142857142956079,-0.6734986945169712,-0.4714490861618798,0.637616141815937,-0.6915159840708771,0.5675895966606566,0.6839824415260297,-0.2983469826934861,-0.33235820901138946,0.04580354591985148,0.9396537712007689,0.008469426651582124,-5.551115123125783e-17,0.020356941501950887,0.07080066749114555,0.0,0.018834413864569854,0.03972832559937134
D46.19,D46,gb,4,4,4,3,November,21,2014,Male,White,,NA,,NA,,,Yes,"$80,000 to $99,999",0.7,0.3,bandit,6,9/10/20 13:50,8,7,19,1,3,0,0,0.7,0.875,1.0,1,1,41,0,19,0,0.33333,2,8,0.38855656780834585,0.03308472734605146,-0.3174603175335317,-0.38855656780834585,-0.27198959746584206,0.31743994169226875,-0.5852277123049061,0.41208202376740644,0.6776073759493211,-0.3958724616618888,-0.3279210278095386,0.013090866400259957,0.903188061989447,0.005538926630855423,0.0,0.004809852263865155,0.06782098066343423,0.0,0.0011726960853378765,0.03902498095802587
D46.20,D46,gb,4,4,4,3,November,21,2014,Male,White,,NA,,NA,,,Yes,"$80,000 to $99,999",0.7,0.3,bandit,6,9/10/20 13:50,8,7,20,2,3,0,0,0.3,0.875,1.0,2,1,41,0,20,0,0.33333,4,6,0.6283049328965302,0.03473024233151331,-0.6349206351770149,-0.6283049328965302,-0.43981345302757113,0.5794854311313321,-0.6858847415822464,0.5355358882168324,0.690619451333321,-0.2949359932202241,-0.2983469826934861,0.037329236961389956,0.9451346165716211,0.005627667918039814,0.0,0.028057805304064043,0.08140306558148136,1.1102230246251565e-16,0.012847841136859106,0.03306448793362926
D47.1,D47,bg,0,4,4,4,June,8,2015,Male,White,,NA,,NA,,,No,"$150,000 or more",0.3,0.7,bandit,9,9/13/20 12:53,4,8,1,1,4,0,0,0.3,0.5,1.0,1,1,42,0,1,0,0.33333,0,1,0.5,0.08333333333333334,NaN,-0.5,-0.35,0.4307829160924542,-0.6474466390346325,0.46153846153846156,0.6901856760188042,-0.04985714948732713,-0.0,0.05414517848247718,1.080623401661814,0.01977679773001184,0.0,0.05608974358974361,0.15628713806233663,1.1102230246251565e-16,0.010744810700342833,0.04891275394756678
D47.2,D47,bg,0,4,4,4,June,8,2015,Male,White,,NA,,NA,,,No,"$150,000 or more",0.3,0.7,bandit,9,9/13/20 12:53,4,8,2,2,4,0,1,0.7,0.5,1.0,2,1,42,1,2,0,0.33333,1,0,0.5,0.08333333333333334,NaN,0.5,0.65,1.0498221244986778,-0.6474466390346325,0.0,0.0,-0.19314718051535087,-0.0,0.0,0.9849727692365147,0.0,0.0,0.02916666666666673,0.08102307360616184,0.0,0.03446712009808306,0.06432290630777027
D47.3,D47,bg,0,4,4,4,June,8,2015,Male,White,,NA,,NA,,,No,"$150,000 or more",0.3,0.7,bandit,9,9/13/20 12:53,4,8,3,2,4,0,1,0.7,0.5,1.0,2,1,42,1,3,0,0.33333,2,0,0.6666666666666666,0.05555555555555555,1.505215796449022e-8,0.33333333333333337,0.5333333333333334,0.7621400520468968,-0.6909233093138181,0.0,0.0,-0.4319456220025853,-0.19314718051535087,0.0,0.8749858611173584,0.0,0.0,0.010937500000000044,0.049375596841960134,0.0,0.030369290483701628,0.06022302290725423
D47.4,D47,bg,0,4,4,4,June,8,2015,Male,White,,NA,,NA,,,No,"$150,000 or more",0.3,0.7,bandit,9,9/13/20 12:53,4,8,4,2,4,0,1,0.7,0.5,1.0,2,1,42,1,4,0,0.33333,3,0,0.7499999999999999,0.0375,1.505215796449022e-8,0.2500000000000001,0.4750000000000001,0.6443570163905135,-0.69189665920508,0.0,0.0,-0.6362943611237484,-0.4319456220025853,0.0,0.7814245979929799,0.0,0.0,0.004375000000000129,0.03355723456442161,0.0,0.01735388024186335,0.04721089990267191
D47.5,D47,bg,0,4,4,4,June,8,2015,Male,White,,NA,,NA,,,No,"$150,000 or more",0.3,0.7,bandit,9,9/13/20 12:53,4,8,5,2,4,1,0,0.7,0.5,1.0,2,1,42,0,5,0,0.33333,3,1,0.7999999999999998,0.026666666666666665,-0.999999984947842,-0.7999999999999998,-0.5599999999999998,0.8209805520698298,-0.6859298002523729,0.6818181818181819,0.6254913597255729,-0.4771264074380406,-0.6362943611237484,0.07201941066260562,0.8639613596122122,0.015255874662768676,1.1102230246251565e-16,0.007623106060606233,0.045245301850759256,0.007070707070707116,0.026293757975137666,0.056132760918353286
D47.6,D47,bg,0,4,4,4,June,8,2015,Male,White,,NA,,NA,,,No,"$150,000 or more",0.3,0.7,bandit,9,9/13/20 12:53,4,8,6,2,4,0,0,0.7,0.5,1.0,2,1,42,0,6,0,0.33333,3,2,0.7575757575757575,0.03213957759412305,-0.999999984947842,-0.7575757575757575,-0.5303030303030302,0.755667537541279,-0.6913095073117436,0.6387096774193548,0.6541569888902611,-0.3522528357548107,-0.4771264074380406,0.06681079967110752,0.9408674141028646,0.016042043754890156,-5.551115123125783e-17,0.012525201612903214,0.05987876616227977,0.012903225806451646,0.03583606666656369,0.06565144770630726
D47.7,D47,bg,0,4,4,4,June,8,2015,Male,White,,NA,,NA,,,No,"$150,000 or more",0.3,0.7,bandit,9,9/13/20 12:53,4,8,7,1,4,0,0,0.3,0.5,1.0,1,1,42,0,7,0,0.33333,0,2,0.41025641025641024,0.0752794214332676,-3.324562949461316e-16,-0.41025641025641024,-0.28717948717948716,0.33852562543305503,-0.5996068847876723,0.420863309352518,0.6805691240005796,-0.1694605094257496,-0.04985714948732713,0.036406266819614855,0.8637799240226858,0.013872883536611091,-5.551115123125783e-17,0.008756478484265917,0.052702574187312,-1.1102230246251565e-16,0.005618362421842993,0.06052937628645805
D47.8,D47,bg,0,4,4,4,June,8,2015,Male,White,,NA,,NA,,,No,"$150,000 or more",0.3,0.7,bandit,9,9/13/20 12:53,4,8,8,2,4,1,0,0.7,0.5,1.0,2,1,42,0,8,0,0.33333,3,3,0.7096774193548387,0.03668054110301769,-0.8571428574206736,-0.7096774193548387,-0.4967741935483871,0.686716290229655,-0.6931263687610414,0.5961538461538461,0.6745403622115924,-0.27049867155290075,-0.3522528357548107,0.05868351180470292,0.9327461249619795,0.014421158949482926,-1.1102230246251565e-16,0.01933781550480762,0.06797130808839458,-1.1102230246251565e-16,0.026183534536607267,0.05087366555449879
D47.9,D47,bg,0,4,4,4,June,8,2015,Male,White,,NA,,NA,,,No,"$150,000 or more",0.3,0.7,bandit,9,9/13/20 12:53,4,8,9,2,4,0,1,0.7,0.5,1.0,2,1,42,1,9,0,0.33333,4,3,0.6586538461538463,0.039465709237343854,0.28571428575404656,0.34134615384615374,0.5389423076923077,0.7742320978119254,-0.6901111000621384,0.0,0.0,-0.40275352354138316,-0.27049867155290075,0.0,0.8500509008996493,0.0,0.0,0.009133433444849959,0.048470304757710525,0.0,0.03357059696107867,0.05824927714092165
D47.10,D47,bg,0,4,4,4,June,8,2015,Male,White,,NA,,NA,,,No,"$150,000 or more",0.3,0.7,bandit,9,9/13/20 12:53,4,8,10,2,4,1,0,0.7,0.5,1.0,2,1,42,0,10,0,0.33333,4,4,0.7185725871857258,0.03200241157155928,-0.8163265305459722,-0.7185725871857258,-0.503000811030008,0.6991668847379626,-0.6931291707181513,0.6036227154046996,0.671515412703958,-0.33235820901138946,-0.40275352354138316,0.05433972007245341,0.9142248966798847,0.009847399579688498,5.551115123125783e-17,0.014020008057277933,0.06136964112083659,0.0012075718015664982,0.0264787283685729,0.05117163384770407
D47.11,D47,bg,0,4,4,4,June,8,2015,Male,White,,NA,,NA,,,No,"$150,000 or more",0.3,0.7,bandit,9,9/13/20 12:53,4,8,11,1,4,1,0,0.3,0.5,1.0,1,1,42,0,11,0,0.33333,0,3,0.3363309352517986,0.06242107033797423,-3.324562949461316e-16,-0.3363309352517986,-0.23543165467625898,0.2684438588858378,-0.5457566301170604,0.392378263937897,0.6698000343867989,-0.31724785272016875,-0.1694605094257496,0.02364311272114325,0.8428439259310345,0.008574149090687433,0.0,0.0059612172563679455,0.05627236835420896,1.1102230246251565e-16,0.0027852297390043024,0.04834200129126798
D47.12,D47,bg,0,4,4,4,June,8,2015,Male,White,,NA,,NA,,,No,"$150,000 or more",0.3,0.7,bandit,9,9/13/20 12:53,4,8,12,2,4,0,1,0.7,0.5,1.0,2,1,42,1,12,0,0.33333,5,4,0.6734986945169712,0.03412457714895184,0.28571428570439206,0.3265013054830288,0.5285509138381201,0.7519441654287197,-0.6915159840708771,0.0,0.0,-0.44416450766495524,-0.33235820901138946,0.0,0.7682370646054348,0.0,0.0,0.006915546384903215,0.04168810111119081,0.0,0.030437973233536142,0.05230246388504911
D47.13,D47,bg,0,4,4,4,June,8,2015,Male,White,,NA,,NA,,,No,"$150,000 or more",0.3,0.7,bandit,9,9/13/20 12:53,4,8,13,1,4,1,0,0.3,0.5,1.0,1,1,42,0,13,0,0.33333,0,4,0.279181369089626,0.04955717505632367,-3.324562949461316e-16,-0.279181369089626,-0.19542695836273818,0.21744352532572367,-0.4939971112220449,0.3728685706266227,0.6604647503197693,-0.4669270480222721,-0.31724785272016875,0.015384672502538485,0.7127178691695146,0.004277921636960169,0.0,0.0018090840912934336,0.039462083104391144,1.1102230246251565e-16,0.001334355288116984,0.05079417663334862
D47.14,D47,bg,0,4,4,4,June,8,2015,Male,White,,NA,,NA,,,No,"$150,000 or more",0.3,0.7,bandit,9,9/13/20 12:53,4,8,14,2,4,0,1,0.7,0.5,1.0,2,1,42,1,14,0,0.33333,6,4,0.7241663163353413,0.028588485586435397,0.20634920644895727,0.27583368366465866,0.4930835785652611,0.6794091382212296,-0.6930515037376291,0.0,0.0,-0.5592853255250018,-0.44416450766495524,0.0,0.6479855817780358,0.0,0.0,0.0033818087032639887,0.02994083311225093,0.0,0.020370075314836367,0.04073583880727627
D47.15,D47,bg,0,4,4,4,June,8,2015,Male,White,,NA,,NA,,,No,"$150,000 or more",0.3,0.7,bandit,9,9/13/20 12:53,4,8,15,2,4,1,0,0.7,0.5,1.0,2,1,42,0,15,0,0.33333,6,5,0.763644106093788,0.02385463966098025,-0.8571428590270573,-0.763644106093788,-0.5345508742656515,0.7647524777448559,-0.6907577510031866,0.6445387549642165,0.6507619693256061,-0.47983874945306637,-0.5592853255250018,0.05361014496329636,0.7049801553297645,0.006913174658632615,0.0,0.005377449260598688,0.03765913022119216,0.008554263202375623,0.028087181356815205,0.04846202204706862
D47.16,D47,bg,0,4,4,4,June,8,2015,Male,White,,NA,,NA,,,No,"$150,000 or more",0.3,0.7,bandit,9,9/13/20 12:53,4,8,16,2,4,0,0,0.7,0.5,1.0,2,1,42,0,16,0,0.33333,6,6,0.7277685466836354,0.025949080038618337,-0.7792207792446011,-0.7277685466836354,-0.5094379826785448,0.7122035710243333,-0.6929690189450926,0.6115434734186038,0.668052662984048,-0.4289701042578927,-0.47983874945306637,0.047117201857882623,0.7572597269275556,0.006152807010441519,-1.1102230246251565e-16,0.008149946542352238,0.04633220902320301,0.003847824472867911,0.02624704697994773,0.046612381098838696
D47.17,D47,bg,0,4,4,4,June,8,2015,Male,White,,NA,,NA,,,No,"$150,000 or more",0.3,0.7,bandit,9,9/13/20 12:53,4,8,17,2,4,1,0,0.7,0.5,1.0,2,1,42,0,17,0,0.33333,6,7,0.6907409020930229,0.027180630676270023,-0.7142857144678201,-0.6907409020930229,-0.483518631465116,0.6607160636096,-0.6926038111184641,0.580853479479846,0.6800150243152469,-0.40448951473474676,-0.4289701042578927,0.040153572584022634,0.803062827125631,0.005341885152414294,-5.551115123125783e-17,0.011786878701196712,0.0556887759817814,-1.1102230246251565e-16,0.019339641242779204,0.03966470686442569
D47.18,D47,bg,0,4,4,4,June,8,2015,Male,White,,NA,,NA,,,No,"$150,000 or more",0.3,0.7,bandit,9,9/13/20 12:53,4,8,18,2,4,0,1,0.7,0.5,1.0,2,1,42,1,18,0,0.33333,7,7,0.6539023196532305,0.027518266493621206,0.34065934247506435,0.34609768034676947,0.5422683762427387,0.7814722409471304,-0.6895696810927638,0.0,0.0,-0.4689098176965686,-0.40448951473474676,0.0,0.7481582130852769,0.0,0.0,0.006423716957439263,0.04413133083793619,0.0,0.025913076870671015,0.04623550261173082
D47.19,D47,bg,0,4,4,4,June,8,2015,Male,White,,NA,,NA,,,No,"$150,000 or more",0.3,0.7,bandit,9,9/13/20 12:53,4,8,19,2,4,0,1,0.7,0.5,1.0,2,1,42,1,19,0,0.33333,8,7,0.6959854652034931,0.024756030301995007,0.2857142851606146,0.30401453479650686,0.5128101743575548,0.719101446132824,-0.6928189435110446,0.0,0.0,-0.5409811403682199,-0.4689098176965686,0.0,0.6956145725401366,0.0,0.0,0.0034349357447567286,0.035341530787272646,0.0,0.024767696463467548,0.045094278026884926
D47.20,D47,bg,0,4,4,4,June,8,2015,Male,White,,NA,,NA,,,No,"$150,000 or more",0.3,0.7,bandit,9,9/13/20 12:53,4,8,20,2,4,0,1,0.7,0.5,1.0,2,1,42,1,20,0,0.33333,9,7,0.73155521707289,0.022053889285840844,0.23809523587542558,0.26844478292711005,0.48791134804897707,0.6692575205892316,-0.6928548810671847,0.0,0.0,-0.6180776069110338,-0.5409811403682199,0.0,0.6463571143450253,0.0,0.0,0.0018080976388664682,0.028579134397518913,0.0,0.01767767826032829,0.03677552191832534
D48.1,D48,bg,2,2,0,0,November,13,2010,Female,White,,NA,,NA,,,No,"$100,000 to $150,000",0.7,0.3,bandit,4,9/2/20 6:31,4,0,1,2,3,0,0,0.3,0.0,0.5,2,1,43,0,1,0,0.33333,0,1,0.5,0.08333333333333334,NaN,-0.5,-0.35,0.4307829160924542,-0.6474466390346325,0.46153846153846156,0.6901856760188042,-0.04985714948732713,-0.0,0.05414517848247718,1.0796200787151622,0.018796586003682503,0.0,0.05608974358974361,0.1563382907162265,1.1102230246251565e-16,0.010744810700342833,0.04891275394756689
D48.2,D48,bg,2,2,0,0,November,13,2010,Female,White,,NA,,NA,,,No,"$100,000 to $150,000",0.7,0.3,bandit,4,9/2/20 6:31,4,0,2,1,4,0,0,0.7,0.0,0.5,1,1,43,0,2,0,0.33333,0,1,0.5,0.08333333333333334,NaN,-0.5,-0.35,0.4307829160924542,-0.6474466390346325,0.46153846153846156,0.6901856760188042,-0.04985714948732713,-0.0,0.05414517848247718,1.0774829680724232,0.018548510990538336,0.0,0.05608974358974361,0.13394708446621661,-1.1102230246251565e-16,0.010744810700342833,0.04059899259159849
D48.3,D48,bg,2,2,0,0,November,13,2010,Female,White,,NA,,NA,,,No,"$100,000 to $150,000",0.7,0.3,bandit,4,9/2/20 6:31,4,0,3,2,3,0,0,0.3,0.0,0.5,2,1,43,0,3,0,0.33333,0,2,0.41025641025641024,0.0752794214332676,-3.324562949461316e-16,-0.41025641025641024,-0.28717948717948716,0.33852562543305503,-0.5996068847876723,0.420863309352518,0.6805691240005796,-0.1694605094257496,-0.04985714948732713,0.036406266819614855,1.0455201040633426,0.011477758818744244,0.0,0.03407149280575539,0.11787199351686334,-1.1102230246251565e-16,0.005618362421842993,0.035483488395948504
D48.4,D48,bg,2,2,0,0,November,13,2010,Female,White,,NA,,NA,,,No,"$100,000 to $150,000",0.7,0.3,bandit,4,9/2/20 6:31,4,0,4,1,3,1,0,0.7,0.0,0.5,1,1,43,0,4,0,0.33333,0,2,0.41025641025641024,0.0752794214332676,-3.324562949461316e-16,-0.41025641025641024,-0.28717948717948716,0.33852562543305503,-0.5996068847876723,0.420863309352518,0.6805691240005796,-0.1694605094257496,-0.04985714948732713,0.036406266819614855,1.0227046623905056,0.011579222935364175,0.0,0.03407149280575539,0.09970908997597838,0.0,0.005618362421842993,0.030273433736216826
D48.5,D48,bg,2,2,0,0,November,13,2010,Female,White,,NA,,NA,,,No,"$100,000 to $150,000",0.7,0.3,bandit,4,9/2/20 6:31,4,0,5,1,3,1,0,0.7,0.0,0.5,1,1,43,0,5,0,0.33333,0,3,0.3363309352517986,0.06242107033797423,-3.324562949461316e-16,-0.3363309352517986,-0.23543165467625898,0.2684438588858378,-0.5457566301170604,0.392378263937897,0.6698000343867989,-0.31724785272016875,-0.1694605094257496,0.02364311272114325,0.9855149311319237,0.006741482993852688,0.0,0.020047194777699395,0.08732584600923748,0.0,0.0027852297390044134,0.027458667353229327
D48.6,D48,bg,2,2,0,0,November,13,2010,Female,White,,NA,,NA,,,No,"$100,000 to $150,000",0.7,0.3,bandit,4,9/2/20 6:31,4,0,6,2,3,0,0,0.3,0.0,0.5,2,1,43,0,6,0,0.33333,0,3,0.3363309352517986,0.06242107033797423,-3.324562949461316e-16,-0.3363309352517986,-0.23543165467625898,0.2684438588858378,-0.5457566301170604,0.392378263937897,0.6698000343867989,-0.31724785272016875,-0.1694605094257496,0.02364311272114325,0.9526505981568663,0.007137449898360848,0.0,0.020047194777699395,0.07386382719833395,-1.1102230246251565e-16,0.0027852297390043024,0.024627902101718724
D48.7,D48,bg,2,2,0,0,November,13,2010,Female,White,,NA,,NA,,,No,"$100,000 to $150,000",0.7,0.3,bandit,4,9/2/20 6:31,4,0,7,1,1,0,1,0.7,0.0,0.5,1,1,43,1,7,0,0.33333,1,3,0.279181369089626,0.04955717505632367,0.9999999999999997,0.720818630910374,0.8045730416372618,1.6325685838808557,-0.4939971112220449,0.0,0.0,-0.10203826854156678,-0.31724785272016875,0.0,0.9960347452676119,0.0,0.0,0.05471699106841926,0.11049814323940904,0.0,0.008758474689475215,0.03059498892497514
D48.8,D48,bg,2,2,0,0,November,13,2010,Female,White,,NA,,NA,,,No,"$100,000 to $150,000",0.7,0.3,bandit,4,9/2/20 6:31,4,0,8,2,4,0,0,0.3,0.0,0.5,2,1,43,0,8,0,0.33333,0,4,0.279181369089626,0.04955717505632367,-3.324562949461316e-16,-0.279181369089626,-0.19542695836273818,0.21744352532572367,-0.4939971112220449,0.3728685706266227,0.6604647503197693,-0.4669270480222721,-0.31724785272016875,0.015384672502538485,0.946972619898833,0.004303689727208515,0.0,0.011626066445629524,0.10405859332833756,-2.220446049250313e-16,0.001334355288116984,0.026501916157903094
D48.9,D48,bg,2,2,0,0,November,13,2010,Female,White,,NA,,NA,,,No,"$100,000 to $150,000",0.7,0.3,bandit,4,9/2/20 6:31,4,0,9,1,3,1,0,0.7,0.0,0.5,1,1,43,0,9,0,0.33333,1,4,0.4566902595214021,0.05432581676727339,-0.3571428571612778,-0.4566902595214021,-0.31968318166498144,0.38519667999782625,-0.6266304181662299,0.44097101808273476,0.6861620599669113,-0.17234810551209448,-0.10203826854156678,0.029483822867364253,0.9499293676535923,0.006838406849333234,0.0,0.036400986190240237,0.08716600483044623,-1.1102230246251565e-16,0.004910265140283032,0.02297846438834561
D48.10,D48,bg,2,2,0,0,November,13,2010,Female,White,,NA,,NA,,,No,"$100,000 to $150,000",0.7,0.3,bandit,4,9/2/20 6:31,4,0,10,2,3,0,0,0.3,0.0,0.5,2,1,43,0,10,0,0.33333,0,5,0.23606530535868828,0.038886415120984216,-3.324562949461316e-16,-0.23606530535868828,-0.1652457137510818,0.18061786540196245,-0.44826698798619047,0.35938719326388935,0.6530647926105785,-0.6068721402139434,-0.4669270480222721,0.010280655290413804,0.9088760605001496,0.0024810864676749755,0.0,0.00672168995572775,0.08258550670991144,0.0,0.0006264767647727876,0.024577948478980205
D48.11,D48,bg,2,2,0,0,November,13,2010,Female,White,,NA,,NA,,,No,"$100,000 to $150,000",0.7,0.3,bandit,4,9/2/20 6:31,4,0,11,1,1,0,1,0.7,0.0,0.5,1,1,43,1,11,0,0.33333,2,4,0.4007926678226405,0.04762632238369273,0.7142857143472323,0.5992073321773594,0.7194451325241517,1.2709859671732364,-0.5934766051981659,0.0,0.0,-0.16347278440718951,-0.17234810551209448,0.0,0.8822904895630035,0.0,0.0,0.05518984423284906,0.10261270968679298,0.0,0.010714598831219058,0.030416027606717133
D48.12,D48,bg,2,2,0,0,November,13,2010,Female,White,,NA,,NA,,,No,"$100,000 to $150,000",0.7,0.3,bandit,4,9/2/20 6:31,4,0,12,2,3,0,0,0.3,0.0,0.5,2,1,43,0,12,0,0.33333,0,6,0.20345631965702995,0.030721348426171226,-3.324562949461316e-16,-0.20345631965702995,-0.14241942375992095,0.15364013789587988,-0.40933124792562936,0.3498213559305421,0.6473359812057708,-0.733891270595349,-0.6068721402139434,0.007140690214164802,0.84516083016129,0.0017396372322961984,0.0,0.0032764145887415608,0.10062101755376102,1.1102230246251565e-16,0.00029095755782970745,0.03007976526453726
D48.13,D48,bg,2,2,0,0,November,13,2010,Female,White,,NA,,NA,,,No,"$100,000 to $150,000",0.7,0.3,bandit,4,9/2/20 6:31,4,0,13,1,1,0,1,0.7,0.0,0.5,1,1,43,1,13,0,0.33333,3,4,0.5196229913473425,0.04560793367823767,0.5238095225489899,0.48037700865265753,0.6362639060568602,1.0113266909367904,-0.6555375630656881,0.0,0.0,-0.23266054424133245,-0.16347278440718951,0.0,0.7796783969909893,0.0,0.0,0.02806752326172063,0.07032165201089652,0.0,0.018152569876850988,0.03751818946657837
D48.14,D48,bg,2,2,0,0,November,13,2010,Female,White,,NA,,NA,,,No,"$100,000 to $150,000",0.7,0.3,bandit,4,9/2/20 6:31,4,0,14,2,2,0,0,0.3,0.0,0.5,2,1,43,0,14,0,0.33333,0,7,0.17838002421129504,0.024639008868067025,-3.324562949461316e-16,-0.17838002421129504,-0.12486601694790651,0.13337828085862052,-0.376509360186612,0.3428046514131793,0.6428782832701956,-0.8483851947647142,-0.733891270595349,0.005168063639247128,0.753941684292351,0.0009030143422799064,5.551115123125783e-17,0.0007411603763737284,0.06950024899886803,-1.1102230246251565e-16,0.00013447730217497345,0.03740735623136182
D48.15,D48,bg,2,2,0,0,November,13,2010,Female,White,,NA,,NA,,,No,"$100,000 to $150,000",0.7,0.3,bandit,4,9/2/20 6:31,4,0,15,1,1,0,1,0.7,0.0,0.5,1,1,43,1,15,0,0.33333,4,4,0.6073941916939242,0.04015149105953348,0.387755102062592,0.39260580830607583,0.5748240658142532,0.8552522329266844,-0.6819077269415073,0.0,0.0,-0.33235820901138946,-0.23266054424133245,0.0,0.6894501194490166,0.0,0.0,0.014020008057277933,0.05015676167852484,0.0,0.02647872836857279,0.04568419590944761
D48.16,D48,bg,2,2,0,0,November,13,2010,Female,White,,NA,,NA,,,No,"$100,000 to $150,000",0.7,0.3,bandit,4,9/2/20 6:31,4,0,16,2,2,1,0,0.3,0.0,0.5,2,1,43,0,16,0,0.33333,0,8,0.15867183490353248,0.020105567336820347,-3.324562949461316e-16,-0.15867183490353248,-0.11107028443247273,0.117737106697666,-0.3487471907122933,0.33748449933240043,0.6393528446283399,-0.9518700138075946,-0.8483851947647142,0.0038855878989021916,0.674089027902244,0.000440031442037192,0.0,0.00016509032670647406,0.049844831109459864,1.1102230246251565e-16,6.208726336343062e-5,0.04562194032778355
D48.17,D48,bg,2,2,0,0,November,13,2010,Female,White,,NA,,NA,,,No,"$100,000 to $150,000",0.7,0.3,bandit,4,9/2/20 6:31,4,0,17,1,1,1,0,0.7,0.0,0.5,1,1,43,0,17,0,0.33333,4,5,0.6734986945169712,0.03412457714895184,-0.7142857142956079,-0.6734986945169712,-0.4714490861618798,0.637616141815937,-0.6915159840708771,0.5675895966606566,0.6839824415260297,-0.2983469826934861,-0.33235820901138946,0.04580354591985148,0.7137519260736518,0.00632898662439163,-5.551115123125783e-17,0.020356941501950887,0.061292182112091864,0.0,0.018834413864569965,0.03797979370805826
D48.18,D48,bg,2,2,0,0,November,13,2010,Female,White,,NA,,NA,,,No,"$100,000 to $150,000",0.7,0.3,bandit,4,9/2/20 6:31,4,0,18,2,3,0,0,0.3,0.0,0.5,2,1,43,0,18,0,0.33333,0,9,0.14283942780845757,0.01668194335375738,-3.324562949461316e-16,-0.14283942780845757,-0.0999875994659203,0.1053467373815475,-0.325055725778869,0.33332874060621376,0.6365109848114991,-1.0459800384016793,-0.9518700138075946,0.0030188368776117094,0.7007199306303957,0.0003224588653180094,0.0,0.00015328054834101712,0.06104277436602101,0.0,2.8698256169135128e-5,0.03788863721129465
D48.19,D48,bg,2,2,0,0,November,13,2010,Female,White,,NA,,NA,,,No,"$100,000 to $150,000",0.7,0.3,bandit,4,9/2/20 6:31,4,0,19,1,2,1,0,0.7,0.0,0.5,1,1,43,0,19,0,0.33333,4,6,0.6283049328965302,0.03473024233151331,-0.6349206351770149,-0.6283049328965302,-0.43981345302757113,0.5794854311313321,-0.6858847415822464,0.5355358882168324,0.690619451333321,-0.2949359932202241,-0.2983469826934861,0.037329236961389956,0.7295783840633001,0.004903057183445192,0.0,0.028057805304064043,0.07285422773980332,1.1102230246251565e-16,0.012847841136858995,0.031912662256873836
D48.20,D48,bg,2,2,0,0,November,13,2010,Female,White,,NA,,NA,,,No,"$100,000 to $150,000",0.7,0.3,bandit,4,9/2/20 6:31,4,0,20,2,2,1,0,0.3,0.0,0.5,2,1,43,0,20,0,0.33333,0,10,0.12986476174752257,0.014050404245660245,-3.324562949461316e-16,-0.12986476174752257,-0.09090533322326579,0.0953060463584599,-0.30462744487244475,0.3299986359656837,0.6341776697192767,-1.132152519295117,-1.0459800384016793,0.0024104672082337006,0.7182995670718935,0.00023105329433270594,-5.551115123125783e-17,0.00014942413859364567,0.07265043788607994,-1.1102230246251565e-16,1.329765313151654e-5,0.031902773400448114
D49.1,D49,bg,4,4,4,3,February,5,2013,Male,White,,NA,,NA,,,No,"$150,000 or more",0.3,0.7,bandit,8,9/13/20 13:57,8,7,1,1,1,0,1,0.3,1.0,0.875,1,1,44,1,1,0,0.33333,1,0,0.5,0.08333333333333334,NaN,0.5,0.65,1.0498221244986778,-0.6474466390346325,0.0,0.0,-0.19314718051535087,-0.0,0.0,1.0395227301348458,0.0,0.0,0.02916666666666673,0.09337631661957463,0.0,0.03446712009808295,0.0726194368128843
D49.2,D49,bg,4,4,4,3,February,5,2013,Male,White,,NA,,NA,,,No,"$150,000 or more",0.3,0.7,bandit,8,9/13/20 13:57,8,7,2,2,4,1,0,0.7,1.0,0.875,2,1,44,0,2,0,0.33333,0,1,0.5,0.08333333333333334,NaN,-0.5,-0.35,0.4307829160924542,-0.6474466390346325,0.46153846153846156,0.6901856760188042,-0.04985714948732713,-0.0,0.05414517848247718,0.9834546805647766,0.02021157903690307,-5.551115123125783e-17,0.02260209223861731,0.08100465964317666,0.0,0.010744810700342833,0.06432290630777049
D49.3,D49,bg,4,4,4,3,February,5,2013,Male,White,,NA,,NA,,,No,"$150,000 or more",0.3,0.7,bandit,8,9/13/20 13:57,8,7,3,1,4,0,0,0.3,1.0,0.875,1,1,44,0,3,0,0.33333,1,1,0.6666666666666666,0.05555555555555555,-0.999999984947842,-0.6666666666666666,-0.4666666666666666,0.628608659422374,-0.6909233093138181,0.5624999999999999,0.6853142072764582,-0.09393882346618045,-0.19314718051535087,0.0694345666869955,1.046259060686753,0.019959752714695078,5.551115123125783e-17,0.04511718749999999,0.10845646196059827,-1.1102230246251565e-16,0.02346938767733342,0.05331698761862669
D49.4,D49,bg,4,4,4,3,February,5,2013,Male,White,,NA,,NA,,,No,"$150,000 or more",0.3,0.7,bandit,8,9/13/20 13:57,8,7,4,2,4,0,1,0.7,1.0,0.875,2,1,44,1,4,0,0.33333,1,1,0.41025641025641024,0.0752794214332676,0.9999999999999997,0.5897435897435898,0.7128205128205128,1.2476478678285976,-0.5996068847876723,0.0,0.0,-0.09393882346618045,-0.04985714948732713,0.0,1.0876598105604969,0.0,0.0,0.07254657447338103,0.13535920449663658,0.0,0.02346938767733331,0.06603720134860513
D49.5,D49,bg,4,4,4,3,February,5,2013,Male,White,,NA,,NA,,,No,"$150,000 or more",0.3,0.7,bandit,8,9/13/20 13:57,8,7,5,1,1,0,1,0.3,1.0,0.875,1,1,44,1,5,0,0.33333,2,1,0.59375,0.05996093749999999,0.2857142857142857,0.40625,0.5843750000000001,0.8779718675720185,-0.6788405414022067,0.0,0.0,-0.2864603556777799,-0.09393882346618045,0.0,1.0441513849113098,0.0,0.0,0.03437019169330596,0.08630221082846118,0.0,0.03563193689134736,0.07820514682066937
D49.6,D49,bg,4,4,4,3,February,5,2013,Male,White,,NA,,NA,,,No,"$150,000 or more",0.3,0.7,bandit,8,9/13/20 13:57,8,7,6,2,4,1,0,0.7,1.0,0.875,2,1,44,0,6,0,0.33333,1,2,0.59375,0.05996093749999999,-0.7142857142857143,-0.59375,-0.41562499999999997,0.5372123789391855,-0.6788405414022067,0.5133689839572192,0.6927896784912411,-0.06841932383907298,-0.09393882346618045,0.05510257994978083,1.0093838566570592,0.019394281523633206,0.0,0.0258001254775308,0.07473719998665113,1.1102230246251565e-16,0.014819018450254351,0.0695587663856756
D49.7,D49,bg,4,4,4,3,February,5,2013,Male,White,,NA,,NA,,,No,"$150,000 or more",0.3,0.7,bandit,8,9/13/20 13:57,8,7,7,1,4,0,1,0.3,1.0,0.875,1,1,44,1,7,0,0.33333,3,1,0.6947368421052633,0.04365650969529086,0.047619047801541026,0.3052631578947367,0.5136842105263157,0.7208970935128475,-0.6927726185565874,0.0,0.0,-0.4771264074380406,-0.2864603556777799,0.0,0.9228041521457035,0.0,0.0,0.009321547099341188,0.050468631135685005,0.0,0.026293757975137666,0.06021131688121795
D49.8,D49,bg,4,4,4,3,February,5,2013,Male,White,,NA,,NA,,,No,"$150,000 or more",0.3,0.7,bandit,8,9/13/20 13:57,8,7,8,2,4,1,0,0.7,1.0,0.875,2,1,44,0,8,0,0.33333,1,3,0.5219251336898396,0.059144956961880525,-0.47619047105696843,-0.5219251336898396,-0.3653475935828877,0.45467782143196556,-0.6564330821954864,0.4726996966632962,0.6916558259082752,-0.10203826854156678,-0.06841932383907298,0.04106553663963941,0.8555045437787928,0.012949438101966915,0.0,0.008806049728196541,0.043976834785144914,2.220446049250313e-16,0.008758474689475104,0.05414761846564764
D49.9,D49,bg,4,4,4,3,February,5,2013,Male,White,,NA,,NA,,,No,"$150,000 or more",0.3,0.7,bandit,8,9/13/20 13:57,8,7,9,1,4,0,0,0.3,1.0,0.875,1,1,44,0,9,0,0.33333,3,2,0.7575757575757575,0.03213957759412305,-0.999999984947842,-0.7575757575757575,-0.5303030303030302,0.755667537541279,-0.6913095073117436,0.6387096774193548,0.6541569888902611,-0.3522528357548107,-0.4771264074380406,0.06681079967110752,0.9368222719918267,0.016007766525113043,-5.551115123125783e-17,0.012525201612903214,0.05862223302794095,0.012903225806451646,0.035836066666563804,0.06369386979406744
D49.10,D49,bg,4,4,4,3,February,5,2013,Male,White,,NA,,NA,,,No,"$150,000 or more",0.3,0.7,bandit,8,9/13/20 13:57,8,7,10,2,4,0,1,0.7,1.0,0.875,2,1,44,1,10,0,0.33333,2,3,0.4566902595214021,0.05432581676727339,0.6428571428387222,0.5433097404785979,0.6803168183350186,1.140424830915753,-0.6266304181662299,0.0,0.0,-0.15524439974415,-0.10203826854156678,0.0,1.0175018452940217,0.0,0.0,0.026380669973002868,0.07071924264955659,0.0,0.01694783786822429,0.07189162097913182
D49.11,D49,bg,4,4,4,3,February,5,2013,Male,White,,NA,,NA,,,No,"$150,000 or more",0.3,0.7,bandit,8,9/13/20 13:57,8,7,11,1,4,1,0,0.3,1.0,0.875,1,1,44,0,11,0,0.33333,3,3,0.7096774193548387,0.03668054110301769,-0.8571428574206736,-0.7096774193548387,-0.4967741935483871,0.686716290229655,-0.6931263687610414,0.5961538461538461,0.6745403622115924,-0.27049867155290075,-0.3522528357548107,0.05868351180470292,1.066069325706414,0.01670538123097698,-1.1102230246251565e-16,0.03426402981838622,0.09069831605154965,1.1102230246251565e-16,0.026183534536607156,0.062255832740639616
D49.12,D49,bg,4,4,4,3,February,5,2013,Male,White,,NA,,NA,,,No,"$150,000 or more",0.3,0.7,bandit,8,9/13/20 13:57,8,7,12,2,4,0,0,0.7,1.0,0.875,2,1,44,0,12,0,0.33333,2,4,0.5756457564575646,0.047783254585313385,-0.5714285714562882,-0.5756457564575646,-0.4029520295202952,0.5157578162553096,-0.6741904715742899,0.5024721878862793,0.6931349570842507,-0.16347278440718951,-0.15524439974415,0.04080248582851541,1.0363807375917493,0.012956077079375738,0.0,0.025347604647938116,0.08070443708602393,1.1102230246251565e-16,0.010714598831219058,0.0560194644111649
D49.13,D49,bg,4,4,4,3,February,5,2013,Male,White,,NA,,NA,,,No,"$150,000 or more",0.3,0.7,bandit,8,9/13/20 13:57,8,7,13,1,4,0,1,0.3,1.0,0.875,1,1,44,1,13,0,0.33333,4,3,0.6586538461538463,0.039465709237343854,0.28571428575404656,0.34134615384615374,0.5389423076923077,0.7742320978119254,-0.6901111000621384,0.0,0.0,-0.40275352354138316,-0.27049867155290075,0.0,0.9629743419116714,0.0,0.0,0.01108100506257581,0.05753898526445311,0.0,0.03357059696107867,0.0633662725906996
D49.14,D49,bg,4,4,4,3,February,5,2013,Male,White,,NA,,NA,,,No,"$150,000 or more",0.3,0.7,bandit,8,9/13/20 13:57,8,7,14,2,4,0,1,0.7,1.0,0.875,2,1,44,1,14,0,0.33333,3,4,0.5196229913473425,0.04560793367823767,0.5238095225489899,0.48037700865265753,0.6362639060568602,1.0113266909367904,-0.6555375630656881,0.0,0.0,-0.23266054424133245,-0.16347278440718951,0.0,1.0221173729546704,0.0,0.0,0.02626672443077016,0.06770127342006838,0.0,0.018152569876850988,0.07081311597729967
D49.15,D49,bg,4,4,4,3,February,5,2013,Male,White,,NA,,NA,,,No,"$150,000 or more",0.3,0.7,bandit,8,9/13/20 13:57,8,7,15,1,4,0,0,0.3,1.0,0.875,1,1,44,0,15,0,0.33333,4,4,0.7185725871857258,0.03200241157155928,-0.8163265305459722,-0.7185725871857258,-0.503000811030008,0.6991668847379626,-0.6931291707181513,0.6036227154046996,0.671515412703958,-0.33235820901138946,-0.40275352354138316,0.05433972007245341,1.0654198872681766,0.015305687923986344,0.0007037115106363068,0.03428670111702331,0.08538584754363071,0.0012075718015664982,0.026478727497177945,0.0637256414578844
D49.16,D49,bg,4,4,4,3,February,5,2013,Male,White,,NA,,NA,,,No,"$150,000 or more",0.3,0.7,bandit,8,9/13/20 13:57,8,7,16,2,4,0,1,0.7,1.0,0.875,2,1,44,1,16,0,0.33333,4,4,0.6073941916939242,0.04015149105953348,0.387755102062592,0.39260580830607583,0.5748240658142532,0.8552522329266844,-0.6819077269415073,0.0,0.0,-0.33235820901138946,-0.23266054424133245,0.0,1.0670914158055758,0.0,0.0,0.053538938821668325,0.09781703188195673,0.0,0.026478727497178056,0.07200512036769624
D49.17,D49,bg,4,4,4,3,February,5,2013,Male,White,,NA,,NA,,,No,"$150,000 or more",0.3,0.7,bandit,8,9/13/20 13:57,8,7,17,1,4,1,0,0.3,1.0,0.875,1,1,44,0,17,0,0.33333,4,5,0.6734986945169712,0.03412457714895184,-0.7142857142956079,-0.6734986945169712,-0.4714490861618798,0.637616141815937,-0.6915159840708771,0.5675895966606566,0.6839824415260297,-0.2983469826934861,-0.33235820901138946,0.04580354591985148,1.0684723133255014,0.013481700072880631,-5.551115123125783e-17,0.03920039825157612,0.08736161788243141,0.0,0.018834413864569965,0.06435658839446667
D49.18,D49,bg,4,4,4,3,February,5,2013,Male,White,,NA,,NA,,,No,"$150,000 or more",0.3,0.7,bandit,8,9/13/20 13:57,8,7,18,2,4,1,0,0.7,1.0,0.875,2,1,44,0,18,0,0.33333,4,5,0.6734986945169712,0.03412457714895184,-0.7142857142956079,-0.6734986945169712,-0.4714490861618798,0.637616141815937,-0.6915159840708771,0.5675895966606566,0.6839824415260297,-0.2983469826934861,-0.33235820901138946,0.04580354591985148,1.0870640339953737,0.014077482253276097,0.017956056250806762,0.053893851961263284,0.10695428747996838,-1.1102230246251565e-16,0.018834413864569854,0.05662810622818126
D49.19,D49,bg,4,4,4,3,February,5,2013,Male,White,,NA,,NA,,,No,"$150,000 or more",0.3,0.7,bandit,8,9/13/20 13:57,8,7,19,1,4,0,0,0.3,1.0,0.875,1,1,44,0,19,0,0.33333,4,6,0.6283049328965302,0.03473024233151331,-0.6349206351770149,-0.6283049328965302,-0.43981345302757113,0.5794854311313321,-0.6858847415822464,0.5355358882168324,0.690619451333321,-0.2949359932202241,-0.2983469826934861,0.037329236961389956,1.0851738052027826,0.010716246446233813,0.0,0.03929816236002909,0.09670244430830877,1.1102230246251565e-16,0.012847841136858995,0.050695812940699136
D49.20,D49,bg,4,4,4,3,February,5,2013,Male,White,,NA,,NA,,,No,"$150,000 or more",0.3,0.7,bandit,8,9/13/20 13:57,8,7,20,2,4,1,0,0.7,1.0,0.875,2,1,44,0,20,0,0.33333,4,6,0.6283049328965302,0.03473024233151331,-0.6349206351770149,-0.6283049328965302,-0.43981345302757113,0.5794854311313321,-0.6858847415822464,0.5355358882168324,0.690619451333321,-0.2949359932202241,-0.2983469826934861,0.037329236961389956,1.0970421245183353,0.010740769021066576,0.01626896026868535,0.05307211143126378,0.11542884087961075,0.0,0.012847841136858884,0.04474502172484651
D5.1,D5,bg,4,4,4,3,April,5,2014,Male,White,,NA,Asian,NA,,,No,"$150,000 or more",0.3,0.7,bandit,8,8/7/20 14:23,8,7,1,1,4,0,0,0.3,1.0,0.875,1,1,45,0,1,0,0.33333,0,1,0.5,0.08333333333333334,NaN,-0.5,-0.35,0.4307829160924542,-0.6474466390346325,0.46153846153846156,0.6901856760188042,-0.04985714948732713,-0.0,0.05414517848247718,1.080623401661814,0.01977679773001184,0.0,0.05608974358974361,0.15628713806233663,1.1102230246251565e-16,0.010744810700342833,0.04891275394756678
D5.2,D5,bg,4,4,4,3,April,5,2014,Male,White,,NA,Asian,NA,,,No,"$150,000 or more",0.3,0.7,bandit,8,8/7/20 14:23,8,7,2,2,4,1,0,0.7,1.0,0.875,2,1,45,0,2,0,0.33333,0,1,0.5,0.08333333333333334,NaN,-0.5,-0.35,0.4307829160924542,-0.6474466390346325,0.46153846153846156,0.6901856760188042,-0.04985714948732713,-0.0,0.05414517848247718,1.0774829680724232,0.01833391056308087,0.0,0.05608974358974361,0.13394708446621661,-1.1102230246251565e-16,0.010744810700342833,0.04059899259159849
D5.3,D5,bg,4,4,4,3,April,5,2014,Male,White,,NA,Asian,NA,,,No,"$150,000 or more",0.3,0.7,bandit,8,8/7/20 14:23,8,7,3,1,1,0,1,0.3,1.0,0.875,1,1,45,1,3,0,0.33333,1,1,0.41025641025641024,0.0752794214332676,0.9999999999999997,0.5897435897435898,0.7128205128205128,1.2476478678285976,-0.5996068847876723,0.0,0.0,-0.09393882346618045,-0.04985714948732713,0.0,1.046259060686753,0.0,0.0,0.04511718749999999,0.10845646196059827,0.0,0.02346938767733342,0.05331698761862669
D5.4,D5,bg,4,4,4,3,April,5,2014,Male,White,,NA,Asian,NA,,,No,"$150,000 or more",0.3,0.7,bandit,8,8/7/20 14:23,8,7,4,2,1,0,1,0.7,1.0,0.875,2,1,45,1,4,0,0.33333,1,1,0.41025641025641024,0.0752794214332676,0.9999999999999997,0.5897435897435898,0.7128205128205128,1.2476478678285976,-0.5996068847876723,0.0,0.0,-0.09393882346618045,-0.04985714948732713,0.0,1.0876598105604969,0.0,0.0,0.07254657447338103,0.13535920449663658,0.0,0.02346938767733331,0.06603720134860513
D5.5,D5,bg,4,4,4,3,April,5,2014,Male,White,,NA,Asian,NA,,,No,"$150,000 or more",0.3,0.7,bandit,8,8/7/20 14:23,8,7,5,1,4,1,0,0.3,1.0,0.875,1,1,45,0,5,0,0.33333,1,2,0.59375,0.05996093749999999,-0.7142857142857143,-0.59375,-0.41562499999999997,0.5372123789391855,-0.6788405414022067,0.5133689839572192,0.6927896784912411,-0.06841932383907298,-0.09393882346618045,0.05510257994978083,1.0828452744291188,0.0177820924607488,0.0,0.04942135473942372,0.11998598270794253,0.0,0.014819018450254018,0.05738954954025166
D5.6,D5,bg,4,4,4,3,April,5,2014,Male,White,,NA,Asian,NA,,,No,"$150,000 or more",0.3,0.7,bandit,8,8/7/20 14:23,8,7,6,1,2,0,0,0.3,1.0,0.875,1,1,45,0,6,0,0.33333,1,3,0.5219251336898396,0.059144956961880525,-0.47619047105696843,-0.5219251336898396,-0.3653475935828877,0.45467782143196556,-0.6564330821954864,0.4726996966632962,0.6916558259082752,-0.10203826854156678,-0.06841932383907298,0.04106553663963941,1.054657118891569,0.008857889444919165,5.551115123125783e-17,0.03188346706561174,0.1082893516231494,0.0,0.008758474689475104,0.05133953710583705
D5.7,D5,bg,4,4,4,3,April,5,2014,Male,White,,NA,Asian,NA,,,No,"$150,000 or more",0.3,0.7,bandit,8,8/7/20 14:23,8,7,7,2,1,1,0,0.7,1.0,0.875,2,1,45,0,7,0,0.33333,1,2,0.59375,0.05996093749999999,-0.7142857142857143,-0.59375,-0.41562499999999997,0.5372123789391855,-0.6788405414022067,0.5133689839572192,0.6927896784912411,-0.06841932383907298,-0.09393882346618045,0.05510257994978083,1.0860596093012498,0.017147701303963148,0.018342245989304784,0.06426804812834219,0.13784712833328427,1.1102230246251565e-16,0.01481901845025424,0.04263381354362694
D5.8,D5,bg,4,4,4,3,April,5,2014,Male,White,,NA,Asian,NA,,,No,"$150,000 or more",0.3,0.7,bandit,8,8/7/20 14:23,8,7,8,1,1,0,0,0.3,1.0,0.875,1,1,45,0,8,0,0.33333,1,4,0.4566902595214021,0.05432581676727339,-0.3571428571612778,-0.4566902595214021,-0.31968318166498144,0.38519667999782625,-0.6266304181662299,0.44097101808273476,0.6861620599669113,-0.17234810551209448,-0.10203826854156678,0.029483822867364253,1.0645796339568627,0.016114599328302948,0.0,0.03183881190668497,0.1271614437399735,-1.1102230246251565e-16,0.004910265140283254,0.038829364972767455
D5.9,D5,bg,4,4,4,3,April,5,2014,Male,White,,NA,Asian,NA,,,No,"$150,000 or more",0.3,0.7,bandit,8,8/7/20 14:23,8,7,9,1,1,1,0,0.3,1.0,0.875,1,1,45,0,9,0,0.33333,1,5,0.4007926678226405,0.04762632238369273,-0.28571428565276774,-0.4007926678226405,-0.28055486747584835,0.32927501334684905,-0.5934766051981659,0.41698801817931413,0.6793011794347656,-0.25972748712260824,-0.17234810551209448,0.02092826724170399,1.0202967342171199,-0.002344753047994308,0.0,0.02037072693448444,0.11964828078539635,1.1102230246251565e-16,0.002646806822436898,0.0365631523548311
D5.10,D5,bg,4,4,4,3,April,5,2014,Male,White,,NA,Asian,NA,,,No,"$150,000 or more",0.3,0.7,bandit,8,8/7/20 14:23,8,7,10,2,4,0,1,0.7,1.0,0.875,2,1,45,1,10,0,0.33333,2,2,0.5219251336898396,0.059144956961880525,0.5238095289430316,0.4780748663101604,0.6346524064171123,1.0069060673742722,-0.6564330821954864,0.0,0.0,-0.19334888655015944,-0.06841932383907298,0.0,0.9254339409844963,0.0,0.0,0.02819544057377049,0.07415628867969176,0.0,0.025346906821583914,0.047095339347827725
D5.11,D5,bg,4,4,4,3,April,5,2014,Male,White,,NA,Asian,NA,,,No,"$150,000 or more",0.3,0.7,bandit,8,8/7/20 14:23,8,7,11,1,1,0,1,0.3,1.0,0.875,1,1,45,1,11,0,0.33333,2,5,0.35445358766010193,0.040759615127719986,0.7619047638052191,0.6455464123398981,0.7518824886379287,1.3938528089046636,-0.5602575535492536,0.0,0.0,-0.20362825923782923,-0.25972748712260824,0.0,1.01931728249751,0.0,0.0,0.01940911863408573,0.08475133434815357,0.0,0.00646249760522466,0.05098355564022905
D5.12,D5,bg,4,4,4,3,April,5,2014,Male,White,,NA,Asian,NA,,,No,"$150,000 or more",0.3,0.7,bandit,8,8/7/20 14:23,8,7,12,2,1,0,1,0.7,1.0,0.875,2,1,45,1,12,0,0.33333,3,2,0.6352459016393442,0.04728231658156409,0.2857142851562555,0.36475409836065575,0.555327868852459,0.8104180523126877,-0.6870122784419204,0.0,0.0,-0.3522528357548107,-0.19334888655015944,0.0,0.9263200002039951,0.0,0.0,0.012525201612903214,0.05644410088328061,0.0,0.03583606666656369,0.06141237615516937
D5.13,D5,bg,4,4,4,3,April,5,2014,Male,White,,NA,Asian,NA,,,No,"$150,000 or more",0.3,0.7,bandit,8,8/7/20 14:23,8,7,13,1,4,0,0,0.3,1.0,0.875,1,1,45,0,13,0,0.33333,2,6,0.4694464006734824,0.04180549502855063,-0.4081632652444335,-0.4694464006734824,-0.32861248047143765,0.3984087833361684,-0.6331916582986538,0.44683583068487076,0.6874836226981821,-0.2618168853573195,-0.20362825923782923,0.023017317163043654,0.8759621926541179,0.006005581814109151,0.0,0.005914979161683098,0.05212573489515465,1.1102230246251565e-16,0.0037550782567965513,0.058627445502647424
D5.14,D5,bg,4,4,4,3,April,5,2014,Male,White,,NA,Asian,NA,,,No,"$150,000 or more",0.3,0.7,bandit,8,8/7/20 14:23,8,7,14,2,1,1,0,0.7,1.0,0.875,2,1,45,0,14,0,0.33333,3,3,0.7096774193548387,0.03668054110301769,-0.8571428574206736,-0.7096774193548387,-0.4967741935483871,0.686716290229655,-0.6931263687610414,0.5961538461538461,0.6745403622115924,-0.27049867155290075,-0.3522528357548107,0.05868351180470292,0.9535784388516862,0.01790944970174224,-1.1102230246251565e-16,0.01933781550480762,0.06770548939592003,0.0,0.026183534536607045,0.049004540933123786
D5.15,D5,bg,4,4,4,3,April,5,2014,Male,White,,NA,Asian,NA,,,No,"$150,000 or more",0.3,0.7,bandit,8,8/7/20 14:23,8,7,15,1,3,0,0,0.3,1.0,0.875,1,1,45,0,15,0,0.33333,2,7,0.4258592834441749,0.03740388601427415,-0.35714286246493915,-0.4258592834441749,-0.2981014984109224,0.35396647004063503,-0.6092471136463906,0.4274122245891805,0.682571878377868,-0.3279210278095386,-0.2618168853573195,0.01723390419259645,0.907506909931052,0.002415088905350027,0.0,0.005859774351409941,0.06388296364112989,1.1102230246251565e-16,0.0021207633021402827,0.047139056363456944
D5.16,D5,bg,4,4,4,3,April,5,2014,Male,White,,NA,Asian,NA,,,No,"$150,000 or more",0.3,0.7,bandit,8,8/7/20 14:23,8,7,16,2,1,1,0,0.7,1.0,0.875,2,1,45,0,16,0,0.33333,3,4,0.6586538461538463,0.039465709237343854,-0.7142857142459534,-0.6586538461538463,-0.46105769230769234,0.6181467496232038,-0.6901111000621384,0.5566458519179305,0.6867158763883532,-0.23266054424133245,-0.27049867155290075,0.04898243375673989,0.9663054599562828,0.011362900380375573,-5.551115123125783e-17,0.02806752326172063,0.08013840416799717,0.0,0.018152569876850988,0.03937076034555842
D5.17,D5,bg,4,4,4,3,April,5,2014,Male,White,,NA,Asian,NA,,,No,"$150,000 or more",0.3,0.7,bandit,8,8/7/20 14:23,8,7,17,1,4,0,1,0.3,1.0,0.875,1,1,45,1,17,0,0.33333,3,7,0.38855656780834585,0.03308472734605146,0.6825396824664682,0.6114434321916542,0.7280104025341579,1.3019914580283583,-0.5852277123049061,0.0,0.0,-0.30054682659624304,-0.3279210278095386,0.0,1.0384396266097202,0.0,0.0,0.0195541592643797,0.0890356552539156,0.0,0.004658377691200366,0.04143812205462183
D5.18,D5,bg,4,4,4,3,April,5,2014,Male,White,,NA,Asian,NA,,,No,"$150,000 or more",0.3,0.7,bandit,8,8/7/20 14:23,8,7,18,2,4,0,1,0.7,1.0,0.875,2,1,45,1,18,0,0.33333,4,4,0.6073941916939242,0.04015149105953348,0.387755102062592,0.39260580830607583,0.5748240658142532,0.8552522329266844,-0.6819077269415073,0.0,0.0,-0.33235820901138946,-0.23266054424133245,0.0,0.9680236454505284,0.0,0.0,0.014020008057277933,0.06363747859439867,0.0,0.02647872836857279,0.049868589543139885
D5.19,D5,bg,4,4,4,3,April,5,2014,Male,White,,NA,Asian,NA,,,No,"$150,000 or more",0.3,0.7,bandit,8,8/7/20 14:23,8,7,19,1,4,1,0,0.3,1.0,0.875,1,1,45,0,19,0,0.33333,3,8,0.47370434315716037,0.033586414868103556,-0.4285714335598313,-0.47370434315716037,-0.33159304021001224,0.4028580697029193,-0.6353010686748846,0.44882836063565146,0.6879009263775451,-0.3513166463606724,-0.30054682659624304,0.018240328873544483,0.9258547927064871,0.004534336300912489,-5.551115123125783e-17,0.006639787918977014,0.05972519577119412,-1.1102230246251565e-16,0.002777826333567268,0.04833433320138758
D5.20,D5,bg,4,4,4,3,April,5,2014,Male,White,,NA,Asian,NA,,,No,"$150,000 or more",0.3,0.7,bandit,8,8/7/20 14:23,8,7,20,2,1,0,1,0.7,1.0,0.875,2,1,45,1,20,0,0.33333,5,4,0.6734986945169712,0.03412457714895184,0.28571428570439206,0.3265013054830288,0.5285509138381201,0.7519441654287197,-0.6915159840708771,0.0,0.0,-0.44416450766495524,-0.33235820901138946,0.0,0.8358103314245776,0.0,0.0,0.006915546384903215,0.043724704738419495,0.0,0.030437972309995676,0.05229173333487791
D50.1,D50,bg,3,3,2,2,February,5,2013,Male,White,,NA,,NA,,,No,"$100,000 to $150,000",0.7,0.3,tycoon,14,9/2/20 9:52,6,4,1,1,4,0,1,0.7,0.5,0.75,1,2,46,1,1,0,0.33333,1,0,0.5,0.08333333333333334,NaN,0.5,0.3500000000000001,0.4307829160924544,-0.6474466390346325,0.46153846153846156,0.6901856760188042,-0.04985714948732713,-0.0,0.05414517848247718,1.080889095295541,0.01409433193494114,0.0,0.056089743589743724,0.13107336639004985,-1.1102230246251565e-16,0.010744810700342722,0.04891275394756722
D50.2,D50,bg,3,3,2,2,February,5,2013,Male,White,,NA,,NA,,,No,"$100,000 to $150,000",0.7,0.3,tycoon,14,9/2/20 9:52,6,4,2,2,4,0,1,0.3,0.5,0.75,2,2,46,1,2,0,0.33333,1,0,0.5,0.08333333333333334,NaN,0.5,0.3500000000000001,0.4307829160924544,-0.6474466390346325,0.46153846153846156,0.6901856760188042,-0.04985714948732713,-0.0,0.05414517848247718,1.0830403030048914,0.013293712192332219,0.028994082840236635,0.08195307245743222,0.14653679006128928,0.0,0.010744810700342944,0.04059899259159849
D50.3,D50,bg,3,3,2,2,February,5,2013,Male,White,,NA,,NA,,,No,"$100,000 to $150,000",0.7,0.3,tycoon,14,9/2/20 9:52,6,4,3,1,4,0,1,0.7,0.5,0.75,1,2,46,1,3,0,0.33333,2,0,0.5897435897435898,0.07527942143326759,1.505215796449022e-8,0.41025641025641024,0.28717948717948727,0.33852562543305514,-0.5996068847876724,0.420863309352518,0.6805691240005796,-0.1694605094257496,-0.04985714948732713,0.03640626681961483,1.0580706350682705,0.008936834081395562,-1.1102230246251565e-16,0.05279914869019675,0.10941149615205781,-1.1102230246251565e-16,0.005618362421842882,0.035483482321714055
D50.4,D50,bg,3,3,2,2,February,5,2013,Male,White,,NA,,NA,,,No,"$100,000 to $150,000",0.7,0.3,tycoon,14,9/2/20 9:52,6,4,4,2,4,1,1,0.3,0.5,0.75,2,2,46,1,4,0,0.33333,2,0,0.5897435897435898,0.07527942143326759,1.505215796449022e-8,0.41025641025641024,0.28717948717948727,0.33852562543305514,-0.5996068847876724,0.420863309352518,0.6805691240005796,-0.1694605094257496,-0.04985714948732713,0.03640626681961483,1.0519242523249115,0.00860605749506016,0.021778764039128373,0.07282697295335983,0.12143955345007695,0.0,0.005618362421842882,0.030273433736216937
D50.5,D50,bg,3,3,2,2,February,5,2013,Male,White,,NA,,NA,,,No,"$100,000 to $150,000",0.7,0.3,tycoon,14,9/2/20 9:52,6,4,5,1,1,0,0,0.7,0.5,0.75,1,2,46,0,5,0,0.33333,2,1,0.6636690647482014,0.06242107033797422,-0.999999984947842,-0.6636690647482014,-0.764568345323741,1.446334621334728,-0.5457566301170604,0.0,0.0,-0.06841932383907297,-0.1694605094257496,0.0,1.0027060516162971,0.0,0.0,0.02225088802240316,0.0864396159158386,0.0,0.014819018450254129,0.039540933332995576
D50.6,D50,bg,3,3,2,2,February,5,2013,Male,White,,NA,,NA,,,No,"$100,000 to $150,000",0.7,0.3,tycoon,14,9/2/20 9:52,6,4,6,2,1,0,0,0.3,0.5,0.75,2,2,46,0,6,0,0.33333,2,1,0.6636690647482014,0.06242107033797422,-0.999999984947842,-0.6636690647482014,-0.764568345323741,1.446334621334728,-0.5457566301170604,0.0,0.0,-0.06841932383907297,-0.1694605094257496,0.0,1.0935173043403315,0.0,0.0,0.06426804812834219,0.14728976123111337,0.0,0.014819018450254129,0.04874515249334843
D50.7,D50,bg,3,3,2,2,February,5,2013,Male,White,,NA,,NA,,,No,"$100,000 to $150,000",0.7,0.3,tycoon,14,9/2/20 9:52,6,4,7,1,4,1,1,0.7,0.5,0.75,1,2,46,1,7,0,0.33333,3,1,0.47807486631016044,0.059144956961880525,0.4761904739920234,0.5219251336898396,0.3653475935828877,0.45467782143196556,-0.6564330821954864,0.4726996966632962,0.6916558259082752,-0.10203826854156672,-0.06841932383907297,0.041065536639639334,1.0890651315318571,0.009374465537899335,0.007254802831142548,0.054716991068419096,0.13006262203402674,0.0,0.008758474689475104,0.042633813543627386
D50.8,D50,bg,3,3,2,2,February,5,2013,Male,White,,NA,,NA,,,No,"$100,000 to $150,000",0.7,0.3,tycoon,14,9/2/20 9:52,6,4,8,2,1,0,0,0.3,0.5,0.75,2,2,46,0,8,0,0.33333,2,2,0.47807486631016044,0.059144956961880525,-0.5238095260079766,-0.47807486631016044,-0.6346524064171123,1.0069060673742722,-0.6564330821954864,0.0,0.0,-0.19334888655015936,-0.06841932383907297,0.0,1.0174702526583324,0.0,0.0,0.02050557116517482,0.11073327553551804,0.0,0.025346906821584136,0.0532232456935825
D50.9,D50,bg,3,3,2,2,February,5,2013,Male,White,,NA,,NA,,,No,"$100,000 to $150,000",0.7,0.3,tycoon,14,9/2/20 9:52,6,4,9,1,4,1,1,0.7,0.5,0.75,1,2,46,1,9,0,0.33333,4,1,0.5433097404785979,0.054325816767273404,0.3571428585841654,0.4566902595214021,0.31968318166498144,0.38519667999782625,-0.6266304181662299,0.44097101808273464,0.6861620599669114,-0.17234810551209429,-0.10203826854156672,0.029483822867364385,0.974778264265536,0.007578974740537703,0.0,0.036400986190240014,0.08725063746101647,-1.1102230246251565e-16,0.004910265140283254,0.04936013649544624
D50.10,D50,bg,3,3,2,2,February,5,2013,Male,White,,NA,,NA,,,No,"$100,000 to $150,000",0.7,0.3,tycoon,14,9/2/20 9:52,6,4,10,2,4,0,1,0.3,0.5,0.75,2,2,46,1,10,0,0.33333,3,2,0.3647540983606557,0.047282316581564086,0.7142857148445421,0.6352459016393444,0.444672131147541,0.5881965849734463,-0.6870122784419204,0.5402214022140222,0.6899081595689575,-0.15524439974414975,-0.19334888655015936,0.052273613770171964,1.0211221241369173,0.0076340769628446825,0.0,0.019433652176673144,0.09278960093558541,1.1102230246251565e-16,0.01694783786822418,0.040960974107522086
D50.11,D50,bg,3,3,2,2,February,5,2013,Male,White,,NA,,NA,,,No,"$100,000 to $150,000",0.7,0.3,tycoon,14,9/2/20 9:52,6,4,11,1,4,1,1,0.7,0.5,0.75,1,2,46,1,11,0,0.33333,5,1,0.5992073321773594,0.04762632238369273,0.2857142856774214,0.40079266782264056,0.28055486747584846,0.3292750133468492,-0.593476605198166,0.4169880181793142,0.6793011794347656,-0.2597274871226082,-0.17234810551209429,0.020928267241703907,0.9744495107601028,0.005170679161276115,0.0,0.02371755394293995,0.07367769141618385,-1.1102230246251565e-16,0.002646806822436787,0.038670751306773554
D50.12,D50,bg,3,3,2,2,February,5,2013,Male,White,,NA,,NA,,,No,"$100,000 to $150,000",0.7,0.3,tycoon,14,9/2/20 9:52,6,4,12,2,1,0,0,0.3,0.5,0.75,2,2,46,0,12,0,0.33333,3,3,0.42435424354243534,0.04778325458531338,-0.42857142854178476,-0.42435424354243534,-0.5970479704797047,0.908937757568896,-0.6741904715742899,0.0,0.0,-0.2704986715529007,-0.15524439974414975,0.0,0.8842162787321062,0.0,0.0,0.00441569177824086,0.06613301237766067,0.0,0.026183534536607267,0.04791557619065767
D50.13,D50,bg,3,3,2,2,February,5,2013,Male,White,,NA,,NA,,,No,"$100,000 to $150,000",0.7,0.3,tycoon,14,9/2/20 9:52,6,4,13,1,4,0,1,0.7,0.5,0.75,1,2,46,1,13,0,0.33333,6,1,0.6455464123398981,0.040759615127719986,0.2380952380415915,0.35445358766010193,0.24811751136207139,0.28517523235209896,-0.5602575535492537,0.3989985197600019,0.6726035116269358,-0.3515540175161786,-0.2597274871226082,0.014991388876458484,0.8294833706518154,0.004049107583480316,0.0,0.015273006466915318,0.05305925237177711,-1.1102230246251565e-16,0.0013876500814307136,0.04665726564139283
D50.14,D50,bg,3,3,2,2,February,5,2013,Male,White,,NA,,NA,,,No,"$100,000 to $150,000",0.7,0.3,tycoon,14,9/2/20 9:52,6,4,14,2,4,1,1,0.3,0.5,0.75,2,2,46,1,14,0,0.33333,4,3,0.34134615384615385,0.039465709237343854,0.7142857142875965,0.6586538461538461,0.46105769230769234,0.6181467496232038,-0.6901111000621384,0.5566458519179305,0.6867158763883532,-0.23266054424133242,-0.2704986715529007,0.04898243375673989,0.8745756704043948,0.004150489617968933,0.0,0.004241002769266533,0.05544009336565958,1.1102230246251565e-16,0.0181525698768511,0.03863640596246409
D50.15,D50,bg,3,3,2,2,February,5,2013,Male,White,,NA,,NA,,,No,"$100,000 to $150,000",0.7,0.3,tycoon,14,9/2/20 9:52,6,4,15,1,4,1,1,0.7,0.5,0.75,1,2,46,1,15,0,0.33333,7,1,0.6834934732444427,0.034610861210659885,0.20408163278799452,0.31650652675555735,0.22155456872889023,0.2504563848711786,-0.5288684970379889,0.3853834680616409,0.6666381984584691,-0.44134935429539246,-0.3515540175161786,0.010976855356239747,0.8203630083655492,0.002616719278620283,0.0,0.009779434731691516,0.04510807162090047,0.0,0.0007138511185812435,0.037929316030493876
D50.16,D50,bg,3,3,2,2,February,5,2013,Male,White,,NA,,NA,,,No,"$100,000 to $150,000",0.7,0.3,tycoon,14,9/2/20 9:52,6,4,16,2,4,0,0,0.3,0.5,0.75,2,2,46,0,16,0,0.33333,4,4,0.3926058083060759,0.04015149105953348,-0.38775510210223463,-0.3926058083060759,-0.5748240658142532,0.8552522329266845,-0.6819077269415073,0.0,0.0,-0.3323582090113898,-0.23266054424133242,0.0,0.7481074455035933,0.0,0.0,0.000806791163454168,0.042085949983587057,0.0,0.026478728368573123,0.04622490898634202
D50.17,D50,bg,3,3,2,2,February,5,2013,Male,White,,NA,,NA,,,No,"$100,000 to $150,000",0.7,0.3,tycoon,14,9/2/20 9:52,6,4,17,1,4,0,1,0.7,0.5,0.75,1,2,46,1,17,0,0.33333,8,1,0.7146165319383592,0.029443897016384266,0.17857143423228017,0.28538346806164083,0.19976842764314862,0.22285412775518473,-0.5000812284566655,0.3748914818699748,0.6615077791930253,-0.5264631123002028,-0.44134935429539246,0.008262093549826113,0.7011460537298797,0.002705523136013799,0.0,0.006249163993101381,0.03485087467420123,0.0,0.00036263103171407796,0.04588827303035792
D50.18,D50,bg,3,3,2,2,February,5,2013,Male,White,,NA,,NA,,,No,"$100,000 to $150,000",0.7,0.3,tycoon,14,9/2/20 9:52,6,4,18,2,4,1,1,0.3,0.5,0.75,2,2,46,1,18,0,0.33333,5,4,0.3265013054830287,0.03412457714895185,0.7142857185519872,0.6734986945169713,0.47144908616187997,0.6376161418159372,-0.6915159840708771,0.5675895966606564,0.6839824415260298,-0.29834698269348603,-0.3323582090113898,0.04580354591985161,0.7337426057348695,0.0018812607297633566,0.0,0.0008016396610492915,0.03585734919448602,1.1102230246251565e-16,0.018834413864569854,0.03824418008457109
D50.19,D50,bg,3,3,2,2,February,5,2013,Male,White,,NA,,NA,,,No,"$100,000 to $150,000",0.7,0.3,tycoon,14,9/2/20 9:52,6,4,19,1,4,0,1,0.7,0.5,0.75,1,2,46,1,19,0,0.33333,9,1,0.7403724863688573,0.025214315576809237,0.15873015818408331,0.25962751363114267,0.18173925954179992,0.20057423955414952,-0.4740205869080335,0.3666313012060306,0.6571384300344418,-0.6061877880802709,-0.5264631123002028,0.006396043248667584,0.688824255129431,0.0022137783450320025,-2.220446049250313e-16,0.00399310192986102,0.0300685897754982,1.1102230246251565e-16,0.00018271206976572252,0.03805765493392688
D50.20,D50,bg,3,3,2,2,February,5,2013,Male,White,,NA,,NA,,,No,"$100,000 to $150,000",0.7,0.3,tycoon,14,9/2/20 9:52,6,4,20,2,1,0,0,0.3,0.5,0.75,2,2,46,0,20,0,0.33333,5,5,0.3716950671034698,0.03473024233151331,-0.36507936483366443,-0.3716950671034698,-0.5601865469724288,0.8214046123625715,-0.6858847415822464,0.0,0.0,-0.38411710724963677,-0.29834698269348603,0.0,0.6383748653906556,0.0,0.0,0.0001320734131304846,0.02883222625736548,0.0,0.02645945916832415,0.04569898997770183
D51.1,D51,gb,3,3,4,4,May,18,2011,Female,White,,NA,,NA,,,No,"$100,000 to $150,000",0.3,0.7,tycoon,14,9/1/20 9:42,6,8,1,2,1,0,1,0.7,0.75,1.0,2,2,47,1,1,0,0.33333,1,0,0.5,0.08333333333333334,NaN,0.5,0.3500000000000001,0.4307829160924544,-0.6474466390346325,0.46153846153846156,0.6901856760188042,-0.04985714948732713,-0.0,0.05414517848247718,1.0807266142562775,0.013916602406758516,0.0,0.056089743589743724,0.13109177402877814,-1.1102230246251565e-16,0.010744810700342722,0.048912753947567
D51.2,D51,gb,3,3,4,4,May,18,2011,Female,White,,NA,,NA,,,No,"$100,000 to $150,000",0.3,0.7,tycoon,14,9/1/20 9:42,6,8,2,1,1,1,1,0.3,0.75,1.0,1,2,47,1,2,0,0.33333,1,0,0.5,0.08333333333333334,NaN,0.5,0.3500000000000001,0.4307829160924544,-0.6474466390346325,0.46153846153846156,0.6901856760188042,-0.04985714948732713,-0.0,0.05414517848247718,1.0830403030048914,0.013322217750445065,0.028994082840236635,0.08195307245743222,0.14653679006128928,0.0,0.010744810700342944,0.04059899259159849
D51.3,D51,gb,3,3,4,4,May,18,2011,Female,White,,NA,,NA,,,No,"$100,000 to $150,000",0.3,0.7,tycoon,14,9/1/20 9:42,6,8,3,2,1,0,0,0.7,0.75,1.0,2,2,47,0,3,0,0.33333,1,1,0.5897435897435898,0.07527942143326759,-0.999999984947842,-0.5897435897435898,-0.7128205128205127,1.2476478678285972,-0.5996068847876724,0.0,0.0,-0.09393882346618043,-0.04985714948732713,0.0,1.0263167575478351,0.0,0.0,0.025871763273449644,0.11022072303054153,0.0,0.02346938767733353,0.05331636572044118
D51.4,D51,gb,3,3,4,4,May,18,2011,Female,White,,NA,,NA,,,No,"$100,000 to $150,000",0.3,0.7,tycoon,14,9/1/20 9:42,6,8,4,1,1,0,0,0.3,0.75,1.0,1,2,47,0,4,0,0.33333,1,1,0.5897435897435898,0.07527942143326759,-0.999999984947842,-0.5897435897435898,-0.7128205128205127,1.2476478678285972,-0.5996068847876724,0.0,0.0,-0.09393882346618043,-0.04985714948732713,0.0,1.0684113676142075,0.0,0.0,0.04511718749999993,0.12061577225056708,0.0,0.02346938767733353,0.06603720134860569
D51.5,D51,gb,3,3,4,4,May,18,2011,Female,White,,NA,,NA,,,No,"$100,000 to $150,000",0.3,0.7,tycoon,14,9/1/20 9:42,6,8,5,2,1,1,1,0.7,0.75,1.0,2,2,47,1,5,0,0.33333,2,1,0.40624999999999994,0.059960937500000006,0.7142857142857144,0.59375,0.41562500000000013,0.5372123789391858,-0.6788405414022067,0.5133689839572192,0.6927896784912411,-0.06841932383907297,-0.09393882346618043,0.055102579949780864,1.074939816371205,0.012675427959854435,0.018342245989304784,0.06426804812834219,0.13498131211908182,-1.1102230246251565e-16,0.01481901845025424,0.05738954954025177
D51.6,D51,gb,3,3,4,4,May,18,2011,Female,White,,NA,,NA,,,No,"$100,000 to $150,000",0.3,0.7,tycoon,14,9/1/20 9:42,6,8,6,1,1,1,1,0.3,0.75,1.0,1,2,47,1,6,0,0.33333,2,1,0.40624999999999994,0.059960937500000006,0.7142857142857144,0.59375,0.41562500000000013,0.5372123789391858,-0.6788405414022067,0.5133689839572192,0.6927896784912411,-0.06841932383907297,-0.09393882346618043,0.055102579949780864,1.0935173043403315,0.012230271563352435,0.018342245989304784,0.06426804812834219,0.14728976123111337,-1.1102230246251565e-16,0.014819018450254129,0.04874515249334843
D51.7,D51,gb,3,3,4,4,May,18,2011,Female,White,,NA,,NA,,,No,"$100,000 to $150,000",0.3,0.7,tycoon,14,9/1/20 9:42,6,8,7,2,1,0,1,0.7,0.75,1.0,2,2,47,1,7,0,0.33333,3,1,0.47807486631016044,0.059144956961880525,0.4761904739920234,0.5219251336898396,0.3653475935828877,0.45467782143196556,-0.6564330821954864,0.4726996966632962,0.6916558259082752,-0.10203826854156672,-0.06841932383907297,0.041065536639639334,1.0893883302328145,0.009332299982642622,0.007254802831142548,0.054716991068419096,0.13006152906555446,0.0,0.008758474689475104,0.042633813543627275
D51.8,D51,gb,3,3,4,4,May,18,2011,Female,White,,NA,,NA,,,No,"$100,000 to $150,000",0.3,0.7,tycoon,14,9/1/20 9:42,6,8,8,1,1,1,1,0.3,0.75,1.0,1,2,47,1,8,0,0.33333,3,1,0.47807486631016044,0.059144956961880525,0.4761904739920234,0.5219251336898396,0.3653475935828877,0.45467782143196556,-0.6564330821954864,0.4726996966632962,0.6916558259082752,-0.10203826854156672,-0.06841932383907297,0.041065536639639334,1.0982877644340434,0.008949331191580923,0.021585553661902068,0.06808165373643815,0.14100534585264723,0.0,0.008758474689475104,0.036598005543962975
D51.9,D51,gb,3,3,4,4,May,18,2011,Female,White,,NA,,NA,,,No,"$100,000 to $150,000",0.3,0.7,tycoon,14,9/1/20 9:42,6,8,9,2,1,0,0,0.7,0.75,1.0,2,2,47,0,9,0,0.33333,3,2,0.5433097404785979,0.054325816767273404,-0.6428571414158346,-0.5433097404785979,-0.6803168183350186,1.140424830915753,-0.6266304181662299,0.0,0.0,-0.15524439974414975,-0.10203826854156672,0.0,1.0573473424448903,0.0,0.0,0.030217962326065217,0.11761181318722203,0.0,0.01694783786822429,0.044823375832171775
D51.10,D51,gb,3,3,4,4,May,18,2011,Female,White,,NA,,NA,,,No,"$100,000 to $150,000",0.3,0.7,tycoon,14,9/1/20 9:42,6,8,10,1,1,1,1,0.3,0.75,1.0,1,2,47,1,10,0,0.33333,4,1,0.5433097404785979,0.054325816767273404,0.3571428585841654,0.4566902595214021,0.31968318166498144,0.38519667999782625,-0.6266304181662299,0.44097101808273464,0.6861620599669114,-0.17234810551209429,-0.10203826854156672,0.029483822867364385,1.0211221241369173,0.007572342336099602,0.0,0.036400986190240014,0.09278960093558541,0.0,0.004910265140283254,0.040960974107522086
D51.11,D51,gb,3,3,4,4,May,18,2011,Female,White,,NA,,NA,,,No,"$100,000 to $150,000",0.3,0.7,tycoon,14,9/1/20 9:42,6,8,11,1,1,0,0,0.3,0.75,1.0,1,2,47,0,11,0,0.33333,4,2,0.5992073321773594,0.04762632238369273,-0.7142857143225786,-0.5992073321773594,-0.7194451325241515,1.270985967173236,-0.593476605198166,0.0,0.0,-0.1634727844071895,-0.17234810551209429,0.0,1.0746935103985558,0.0,0.0,0.05518984423284912,0.12805421629711877,0.0,0.010714598831218947,0.04679405769945555
D51.12,D51,gb,3,3,4,4,May,18,2011,Female,White,,NA,,NA,,,No,"$100,000 to $150,000",0.3,0.7,tycoon,14,9/1/20 9:42,6,8,12,2,1,0,1,0.7,0.75,1.0,2,2,47,1,12,0,0.33333,4,2,0.42435424354243534,0.04778325458531338,0.5714285714582152,0.5756457564575647,0.4029520295202953,0.5157578162553097,-0.6741904715742899,0.5024721878862793,0.6931349570842507,-0.1634727844071895,-0.15524439974414975,0.04080248582851545,1.0902239540272762,0.008450885145000697,0.01287082818294194,0.05518984423284912,0.13726337702702152,0.0,0.010714598831219169,0.04052810513508698
D51.13,D51,gb,3,3,4,4,May,18,2011,Female,White,,NA,,NA,,,No,"$100,000 to $150,000",0.3,0.7,tycoon,14,9/1/20 9:42,6,8,13,2,1,0,1,0.7,0.75,1.0,2,2,47,1,13,0,0.33333,5,2,0.48037700865265753,0.04560793367823767,0.4761904749682757,0.5196229913473425,0.36373609394313977,0.45214185507827664,-0.6555375630656881,0.4715024648485879,0.6915220810334448,-0.20362825923782918,-0.1634727844071895,0.030843711778198588,1.0893072375951725,0.006289009490985764,0.006476602151581856,0.04930747436749705,0.12542563787834649,-1.1102230246251565e-16,0.006462497605224549,0.03625467302507812
D51.14,D51,gb,3,3,4,4,May,18,2011,Female,White,,NA,,NA,,,No,"$100,000 to $150,000",0.3,0.7,tycoon,14,9/1/20 9:42,6,8,14,2,1,0,1,0.7,0.75,1.0,2,2,47,1,14,0,0.33333,6,2,0.5305535993265176,0.04180549502855063,0.4081632652507492,0.4694464006734824,0.32861248047143765,0.3984087833361684,-0.6331916582986538,0.44683583068487076,0.6874836226981821,-0.2618168853573194,-0.20362825923782918,0.023017317163043654,1.0756148421409288,0.004916605088056247,0.0,0.03457500435926286,0.10440687465844234,1.1102230246251565e-16,0.0037550782567965513,0.03352122490836407
D51.15,D51,gb,3,3,4,4,May,18,2011,Female,White,,NA,,NA,,,No,"$100,000 to $150,000",0.3,0.7,tycoon,14,9/1/20 9:42,6,8,15,2,1,1,1,0.7,0.75,1.0,2,2,47,1,15,0,0.33333,7,2,0.5741407165558251,0.03740388601427415,0.35714285717432626,0.4258592834441749,0.2981014984109225,0.35396647004063503,-0.6092471136463906,0.4274122245891805,0.682571878377868,-0.32792102780953847,-0.2618168853573194,0.017233904192596534,1.0526768160917874,0.0037823803868892725,-2.220446049250313e-16,0.02392097920554459,0.08747063476331762,-1.1102230246251565e-16,0.0021207633021401717,0.03187349179265275
D51.16,D51,gb,3,3,4,4,May,18,2011,Female,White,,NA,,NA,,,No,"$100,000 to $150,000",0.3,0.7,tycoon,14,9/1/20 9:42,6,8,16,2,1,1,1,0.7,0.75,1.0,2,2,47,1,16,0,0.33333,8,2,0.6114434321916543,0.03308472734605146,0.31746031753158344,0.3885565678083457,0.27198959746584195,0.31743994169226863,-0.5852277123049061,0.41208202376740644,0.6776073759493211,-0.3958724616618888,-0.32792102780953847,0.01309086640026002,1.0231613030953057,0.00012948619333652545,0.0,0.016406831736663463,0.073912084556784,0.0,0.0011726960853376545,0.030935113527660874
D51.17,D51,gb,3,3,4,4,May,18,2011,Female,White,,NA,,NA,,,No,"$100,000 to $150,000",0.3,0.7,tycoon,14,9/1/20 9:42,6,8,17,2,1,0,0,0.7,0.75,1.0,2,2,47,0,17,0,0.33333,8,3,0.643255215459613,0.029176601373650357,-0.714285714538898,-0.643255215459613,-0.750278650821729,1.3874095860390085,-0.5620288082937425,0.0,0.0,-0.3513166463606723,-0.3958724616618888,0.0,1.0826561511077446,0.0,0.0,0.03207844182150743,0.10660687174246297,0.0,0.002777826333567379,0.03260522296447499
D51.18,D51,gb,3,3,4,4,May,18,2011,Female,White,,NA,,NA,,,No,"$100,000 to $150,000",0.3,0.7,tycoon,14,9/1/20 9:42,6,8,18,2,1,0,1,0.7,0.75,1.0,2,2,47,1,18,0,0.33333,9,3,0.5614695730675592,0.030474638098065013,0.3896103895042329,0.4385304269324408,0.3069712988527087,0.3666838648528871,-0.6166558611335434,0.4328825047265108,0.6841104101669302,-0.4053025456841641,-0.3513166463606723,0.014237998040538168,1.0688494798826311,0.003587601601206858,0.0,0.023149154710858655,0.09233821765238615,-1.1102230246251565e-16,0.0016217182376045969,0.0313482557335788
D51.19,D51,gb,3,3,4,4,May,18,2011,Female,White,,NA,,NA,,,No,"$100,000 to $150,000",0.3,0.7,tycoon,14,9/1/20 9:42,6,8,19,2,1,0,1,0.7,0.75,1.0,2,2,47,1,19,0,0.33333,10,3,0.5922507609654493,0.027520437848778206,0.35714285720716576,0.40774923903455074,0.28542446732418547,0.3360665731676187,-0.5980038248516931,0.4198296559030138,0.6802369580889632,-0.4595994196778481,-0.4053025456841641,0.011292058175541058,1.0484470402100006,0.0017153875517612605,0.0,0.016589189816751615,0.08050444780457222,-1.1102230246251565e-16,0.0009313079896613452,0.030674497321241723
D51.20,D51,gb,3,3,4,4,May,18,2011,Female,White,,NA,,NA,,,No,"$100,000 to $150,000",0.3,0.7,tycoon,14,9/1/20 9:42,6,8,20,2,1,0,0,0.7,0.75,1.0,2,2,47,0,20,0,0.33333,10,4,0.6192098515209391,0.024842371877137875,-0.6703296702504385,-0.6192098515209391,-0.7334468960646574,1.3221817909290103,-0.5798002582785912,0.0,0.0,-0.43232046292312665,-0.4595994196778481,0.0,1.0858722223363837,0.0,0.0,0.02969918822518891,0.1076257955208767,0.0,0.0020410858909308827,0.03179600723364351
D54.1,D54,gb,3,2,4,3,July,29,2011,Female,,,NA,,NA,Other,,Yes,,0.7,0.3,bandit,6,11/8/20 8:05,5,7,1,2,3,0,0,0.3,0.875,0.625,2,1,48,0,1,0,0.33333,0,1,0.5,0.08333333333333334,NaN,-0.5,-0.35,0.4307829160924542,-0.6474466390346325,0.46153846153846156,0.6901856760188042,-0.04985714948732713,-0.0,0.05414517848247718,1.0796200787151622,0.018796586003682503,0.0,0.05608974358974361,0.1563382907162265,1.1102230246251565e-16,0.010744810700342833,0.04891275394756689
D54.2,D54,gb,3,2,4,3,July,29,2011,Female,,,NA,,NA,Other,,Yes,,0.7,0.3,bandit,6,11/8/20 8:05,5,7,2,1,4,1,0,0.7,0.875,0.625,1,1,48,0,2,0,0.33333,0,1,0.5,0.08333333333333334,NaN,-0.5,-0.35,0.4307829160924542,-0.6474466390346325,0.46153846153846156,0.6901856760188042,-0.04985714948732713,-0.0,0.05414517848247718,1.0774829680724232,0.018548510990538336,0.0,0.05608974358974361,0.13394708446621661,-1.1102230246251565e-16,0.010744810700342833,0.04059899259159849
D54.3,D54,gb,3,2,4,3,July,29,2011,Female,,,NA,,NA,Other,,Yes,,0.7,0.3,bandit,6,11/8/20 8:05,5,7,3,2,4,0,0,0.3,0.875,0.625,2,1,48,0,3,0,0.33333,0,2,0.41025641025641024,0.0752794214332676,-3.324562949461316e-16,-0.41025641025641024,-0.28717948717948716,0.33852562543305503,-0.5996068847876723,0.420863309352518,0.6805691240005796,-0.1694605094257496,-0.04985714948732713,0.036406266819614855,1.0455201040633426,0.011477758818744244,0.0,0.03407149280575539,0.11787199351686334,-1.1102230246251565e-16,0.005618362421842993,0.035483488395948504
D54.4,D54,gb,3,2,4,3,July,29,2011,Female,,,NA,,NA,Other,,Yes,,0.7,0.3,bandit,6,11/8/20 8:05,5,7,4,1,2,1,0,0.7,0.875,0.625,1,1,48,0,4,0,0.33333,0,2,0.41025641025641024,0.0752794214332676,-3.324562949461316e-16,-0.41025641025641024,-0.28717948717948716,0.33852562543305503,-0.5996068847876723,0.420863309352518,0.6805691240005796,-0.1694605094257496,-0.04985714948732713,0.036406266819614855,1.0227046623905056,0.011579222935364175,0.0,0.03407149280575539,0.09970908997597838,0.0,0.005618362421842993,0.030273433736216826
D54.5,D54,gb,3,2,4,3,July,29,2011,Female,,,NA,,NA,Other,,Yes,,0.7,0.3,bandit,6,11/8/20 8:05,5,7,5,1,1,0,1,0.7,0.875,0.625,1,1,48,1,5,0,0.33333,1,2,0.3363309352517986,0.06242107033797423,0.9999999999999997,0.6636690647482014,0.7645683453237411,1.4463346213347281,-0.5457566301170604,0.0,0.0,-0.06841932383907298,-0.1694605094257496,0.0,1.0298480703275206,0.0,0.0,0.06426804812834219,0.12432084628629086,0.0,0.01481901845025424,0.03954093333299569
D54.6,D54,gb,3,2,4,3,July,29,2011,Female,,,NA,,NA,Other,,Yes,,0.7,0.3,bandit,6,11/8/20 8:05,5,7,6,1,3,1,0,0.7,0.875,0.625,1,1,48,0,6,0,0.33333,1,3,0.5219251336898396,0.059144956961880525,-0.47619047105696843,-0.5219251336898396,-0.3653475935828877,0.45467782143196556,-0.6564330821954864,0.4726996966632962,0.6916558259082752,-0.10203826854156678,-0.06841932383907298,0.04106553663963941,1.0452116613164502,0.010994925538703848,0.007254802831142604,0.05471699106841926,0.12068909989017923,0.0,0.008758474689475104,0.033436636538592746
D54.7,D54,gb,3,2,4,3,July,29,2011,Female,,,NA,,NA,Other,,Yes,,0.7,0.3,bandit,6,11/8/20 8:05,5,7,7,1,4,0,1,0.7,0.875,0.625,1,1,48,1,7,0,0.33333,2,3,0.4566902595214021,0.05432581676727339,0.6428571428387222,0.5433097404785979,0.6803168183350186,1.140424830915753,-0.6266304181662299,0.0,0.0,-0.15524439974415,-0.10203826854156678,0.0,1.0015731145881053,0.0,0.0,0.04074319649446495,0.0990667504761732,0.0,0.01694783786822429,0.041615648602915334
D54.8,D54,gb,3,2,4,3,July,29,2011,Female,,,NA,,NA,Other,,Yes,,0.7,0.3,bandit,6,11/8/20 8:05,5,7,8,2,4,0,0,0.3,0.875,0.625,2,1,48,0,8,0,0.33333,0,3,0.3363309352517986,0.06242107033797423,-3.324562949461316e-16,-0.3363309352517986,-0.23543165467625898,0.2684438588858378,-0.5457566301170604,0.392378263937897,0.6698000343867989,-0.31724785272016875,-0.1694605094257496,0.02364311272114325,0.9385777792811614,0.007686642325146487,0.0,0.012381363889181818,0.09161800038836848,1.1102230246251565e-16,0.0027852297390043024,0.03875153612985838
D54.9,D54,gb,3,2,4,3,July,29,2011,Female,,,NA,,NA,Other,,Yes,,0.7,0.3,bandit,6,11/8/20 8:05,5,7,9,2,2,0,0,0.3,0.875,0.625,2,1,48,0,9,0,0.33333,0,4,0.279181369089626,0.04955717505632367,-3.324562949461316e-16,-0.279181369089626,-0.19542695836273818,0.21744352532572367,-0.4939971112220449,0.3728685706266227,0.6604647503197693,-0.4669270480222721,-0.31724785272016875,0.015384672502538485,0.8843138615182253,0.004571159891520349,0.0,0.006722281185313594,0.08707462755312512,1.1102230246251565e-16,0.001334355288116984,0.034001160029626054
D54.10,D54,gb,3,2,4,3,July,29,2011,Female,,,NA,,NA,Other,,Yes,,0.7,0.3,bandit,6,11/8/20 8:05,5,7,10,2,1,0,0,0.3,0.875,0.625,2,1,48,0,10,0,0.33333,0,5,0.23606530535868828,0.038886415120984216,-3.324562949461316e-16,-0.23606530535868828,-0.1652457137510818,0.18061786540196245,-0.44826698798619047,0.35938719326388935,0.6530647926105785,-0.6068721402139434,-0.4669270480222721,0.010280655290413804,0.8424809496161827,0.001313985488964775,0.0,0.0036182314742115307,0.08439562799895584,0.0,0.0006264767647730096,0.033369423582783386
D54.11,D54,gb,3,2,4,3,July,29,2011,Female,,,NA,,NA,Other,,Yes,,0.7,0.3,bandit,6,11/8/20 8:05,5,7,11,1,3,1,0,0.7,0.875,0.625,1,1,48,0,11,0,0.33333,2,4,0.5756457564575646,0.047783254585313385,-0.5714285714562882,-0.5756457564575646,-0.4029520295202952,0.5157578162553096,-0.6741904715742899,0.5024721878862793,0.6931349570842507,-0.16347278440718951,-0.15524439974415,0.04080248582851541,0.8822904895630035,0.014259736570306103,0.012870828182941885,0.05518984423284906,0.10261270968679298,0.0,0.010714598831219058,0.030416027606717133
D54.12,D54,gb,3,2,4,3,July,29,2011,Female,,,NA,,NA,Other,,Yes,,0.7,0.3,bandit,6,11/8/20 8:05,5,7,12,1,4,0,1,0.7,0.875,0.625,1,1,48,1,12,0,0.33333,3,4,0.5196229913473425,0.04560793367823767,0.5238095225489899,0.48037700865265753,0.6362639060568602,1.0113266909367904,-0.6555375630656881,0.0,0.0,-0.23266054424133245,-0.16347278440718951,0.0,0.8142444127996786,0.0,0.0,0.02806752326172063,0.07168259821210554,0.0,0.018152569876850877,0.03785947885710517
D54.13,D54,gb,3,2,4,3,July,29,2011,Female,,,NA,,NA,Other,,Yes,,0.7,0.3,bandit,6,11/8/20 8:05,5,7,13,1,2,1,0,0.7,0.875,0.625,1,1,48,0,13,0,0.33333,3,5,0.6073941916939242,0.04015149105953348,-0.612244897937408,-0.6073941916939242,-0.4251759341857469,0.5536912575008726,-0.6819077269415073,0.5218988171190122,0.6921877573072556,-0.23204795711695583,-0.23266054424133245,0.039248513343032164,0.8480075013103413,0.0022360313884733918,5.551115123125783e-17,0.03845794661947788,0.08646462714026132,1.1102230246251565e-16,0.011994020808655859,0.030735762161604896
D54.14,D54,gb,3,2,4,3,July,29,2011,Female,,,NA,,NA,Other,,Yes,,0.7,0.3,bandit,6,11/8/20 8:05,5,7,14,1,2,0,1,0.7,0.875,0.625,1,1,48,1,14,0,0.33333,4,5,0.5584991550850087,0.038986467927786546,0.4642857146004118,0.4415008449149913,0.609050591440494,0.9391771172417491,-0.6691708750090459,0.0,0.0,-0.2983469826934861,-0.23204795711695583,0.0,0.790206055823976,0.0,0.0,0.020356941501950887,0.06359115380863789,0.0,0.018834413864569965,0.038473033371002385
D54.15,D54,gb,3,2,4,3,July,29,2011,Female,,,NA,,NA,Other,,Yes,,0.7,0.3,bandit,6,11/8/20 8:05,5,7,15,2,4,1,0,0.3,0.875,0.625,2,1,48,0,15,0,0.33333,0,6,0.20345631965702995,0.030721348426171226,-3.324562949461316e-16,-0.20345631965702995,-0.14241942375992095,0.15364013789587988,-0.40933124792562936,0.3498213559305421,0.6473359812057708,-0.733891270595349,-0.6068721402139434,0.007140690214164802,0.7563188573081712,0.0015419231943214484,0.0,0.0011473391697245372,0.06240356647779588,0.0,0.00029095755782970745,0.038146857042064
D54.16,D54,gb,3,2,4,3,July,29,2011,Female,,,NA,,NA,Other,,Yes,,0.7,0.3,bandit,6,11/8/20 8:05,5,7,16,2,3,0,0,0.3,0.875,0.625,2,1,48,0,16,0,0.33333,0,7,0.17838002421129504,0.024639008868067025,-3.324562949461316e-16,-0.17838002421129504,-0.12486601694790651,0.13337828085862052,-0.376509360186612,0.3428046514131793,0.6428782832701956,-0.8483851947647142,-0.733891270595349,0.005168063639247128,0.7316410937628576,0.0008738939249225419,0.0,0.0005843843684252281,0.06170575071641882,0.0,0.00013447730217497345,0.03802914734065288
D54.17,D54,gb,3,2,4,3,July,29,2011,Female,,,NA,,NA,Other,,Yes,,0.7,0.3,bandit,6,11/8/20 8:05,5,7,17,1,1,0,1,0.7,0.875,0.625,1,1,48,1,17,0,0.33333,5,5,0.6283049328965302,0.03473024233151331,0.3650793648229851,0.3716950671034698,0.5601865469724289,0.8214046123625717,-0.6858847415822464,0.0,0.0,-0.38411710724963666,-0.2983469826934861,0.0,0.6754256195817664,0.0,0.0,0.010548418655924374,0.04638848137250312,0.0,0.02645945916832404,0.04567046757036697
D54.18,D54,gb,3,2,4,3,July,29,2011,Female,,,NA,,NA,Other,,Yes,,0.7,0.3,bandit,6,11/8/20 8:05,5,7,18,2,4,1,0,0.3,0.875,0.625,2,1,48,0,18,0,0.33333,0,8,0.15867183490353248,0.020105567336820347,-3.324562949461316e-16,-0.15867183490353248,-0.11107028443247273,0.117737106697666,-0.3487471907122933,0.33748449933240043,0.6393528446283399,-0.9518700138075946,-0.8483851947647142,0.0038855878989021916,0.6608824771616408,0.000424570566437632,5.551115123125783e-17,0.000143815036739936,0.04610974695911768,0.0,6.20872633633196e-5,0.045581606402309016
D54.19,D54,gb,3,2,4,3,July,29,2011,Female,,,NA,,NA,Other,,Yes,,0.7,0.3,bandit,6,11/8/20 8:05,5,7,19,1,3,0,1,0.7,0.875,0.625,1,1,48,1,19,0,0.33333,6,5,0.6835810265783105,0.030205750355547747,0.2857142856657261,0.31641897342168945,0.5214932813951827,0.7370850272162964,-0.6922229735150216,0.0,0.0,-0.47983874945306637,-0.38411710724963666,0.0,0.6112455062910321,0.0,0.0,0.005377449260598688,0.03536567396764101,0.0,0.028087182335375216,0.04724380594372957
D54.20,D54,gb,3,2,4,3,July,29,2011,Female,,,NA,,NA,Other,,Yes,,0.7,0.3,bandit,6,11/8/20 8:05,5,7,20,2,3,0,0,0.3,0.875,0.625,2,1,48,0,20,0,0.33333,0,9,0.14283942780845757,0.01668194335375738,-3.324562949461316e-16,-0.14283942780845757,-0.0999875994659203,0.1053467373815475,-0.325055725778869,0.33332874060621376,0.6365109848114991,-1.0459800384016793,-0.9518700138075946,0.0030188368776117094,0.6033907530256538,0.000197013370051069,0.0,3.470906170111032e-5,0.03525823433981923,0.0,2.8698256169024106e-5,0.047155597006670935
D56.1,D56,gb,3,4,2,2,February,25,2011,Female,,Black or African American,NA,,NA,,,No,"$100,000 to $150,000",0.7,0.3,tycoon,15,10/11/20 10:28,7,4,1,1,4,0,1,0.7,0.5,0.875,1,2,49,1,1,0,0.33333,1,0,0.5,0.08333333333333334,NaN,0.5,0.3500000000000001,0.4307829160924544,-0.6474466390346325,0.46153846153846156,0.6901856760188042,-0.04985714948732713,-0.0,0.05414517848247718,1.080889095295541,0.01409433193494114,0.0,0.056089743589743724,0.13107336639004985,-1.1102230246251565e-16,0.010744810700342722,0.04891275394756722
D56.2,D56,gb,3,4,2,2,February,25,2011,Female,,Black or African American,NA,,NA,,,No,"$100,000 to $150,000",0.7,0.3,tycoon,15,10/11/20 10:28,7,4,2,1,4,0,1,0.7,0.5,0.875,1,2,49,1,2,0,0.33333,2,0,0.5897435897435898,0.07527942143326759,1.505215796449022e-8,0.41025641025641024,0.28717948717948727,0.33852562543305514,-0.5996068847876724,0.420863309352518,0.6805691240005796,-0.1694605094257496,-0.04985714948732713,0.03640626681961483,1.0376090912334721,0.009559642694166648,-1.1102230246251565e-16,0.03407149280575539,0.09687372448489084,-1.1102230246251565e-16,0.005618362421843104,0.04378612586327624
D56.3,D56,gb,3,4,2,2,February,25,2011,Female,,Black or African American,NA,,NA,,,No,"$100,000 to $150,000",0.7,0.3,tycoon,15,10/11/20 10:28,7,4,3,2,4,1,1,0.3,0.5,0.875,2,2,49,1,3,0,0.33333,1,0,0.5,0.08333333333333334,NaN,0.5,0.3500000000000001,0.4307829160924544,-0.6474466390346325,0.46153846153846156,0.6901856760188042,-0.04985714948732713,-0.0,0.05414517848247718,1.0580706350682705,0.01222718476973883,0.0011298653384984592,0.05612991803256817,0.10941149615205781,-1.1102230246251565e-16,0.01074481070034261,0.035483482321714055
D56.4,D56,gb,3,4,2,2,February,25,2011,Female,,Black or African American,NA,,NA,,,No,"$100,000 to $150,000",0.7,0.3,tycoon,15,10/11/20 10:28,7,4,4,2,1,0,0,0.3,0.5,0.875,2,2,49,0,4,0,0.33333,1,1,0.5897435897435898,0.07527942143326759,-0.999999984947842,-0.5897435897435898,-0.7128205128205127,1.2476478678285972,-0.5996068847876724,0.0,0.0,-0.09393882346618043,-0.04985714948732713,0.0,0.9557320024071028,0.0,0.0,0.014685442425602546,0.0795352665581539,0.0,0.02346938767733342,0.04820963469496642
D56.5,D56,gb,3,4,2,2,February,25,2011,Female,,Black or African American,NA,,NA,,,No,"$100,000 to $150,000",0.7,0.3,tycoon,15,10/11/20 10:28,7,4,5,1,4,0,1,0.7,0.5,0.875,1,2,49,1,5,0,0.33333,3,0,0.6636690647482014,0.06242107033797422,1.505215796449022e-8,0.3363309352517986,0.23543165467625904,0.268443858885838,-0.5457566301170604,0.392378263937897,0.6698000343867989,-0.31724785272016875,-0.1694605094257496,0.02364311272114325,0.8770967640113039,0.006644648168409262,0.0,0.02004719477769923,0.05774416016937978,0.0,0.0027852297390043024,0.04537921768091957
D56.6,D56,gb,3,4,2,2,February,25,2011,Female,,Black or African American,NA,,NA,,,No,"$100,000 to $150,000",0.7,0.3,tycoon,15,10/11/20 10:28,7,4,6,2,1,0,1,0.3,0.5,0.875,2,2,49,1,6,0,0.33333,2,1,0.40624999999999994,0.059960937500000006,0.7142857142857144,0.59375,0.41562500000000013,0.5372123789391858,-0.6788405414022067,0.5133689839572192,0.6927896784912411,-0.06841932383907297,-0.09393882346618043,0.055102579949780864,0.9297231620931339,0.006929975325388749,0.0,0.013293891796065882,0.06293424944365222,0.0,0.01481901845025424,0.03672396130262645
D56.7,D56,gb,3,4,2,2,February,25,2011,Female,,Black or African American,NA,,NA,,,No,"$100,000 to $150,000",0.7,0.3,tycoon,15,10/11/20 10:28,7,4,7,1,4,0,1,0.7,0.5,0.875,1,2,49,1,7,0,0.33333,4,0,0.720818630910374,0.049557175056323656,1.505215796449022e-8,0.279181369089626,0.19542695836273816,0.21744352532572367,-0.4939971112220449,0.3728685706266227,0.6604647503197693,-0.4669270480222721,-0.31724785272016875,0.015384672502538485,0.856217853678847,0.003435719627110201,0.0,0.011626066445629357,0.046846915847010395,-1.1102230246251565e-16,0.001334355288116984,0.035204143006737576
D56.8,D56,gb,3,4,2,2,February,25,2011,Female,,Black or African American,NA,,NA,,,No,"$100,000 to $150,000",0.7,0.3,tycoon,15,10/11/20 10:28,7,4,8,2,1,1,1,0.3,0.5,0.875,2,2,49,1,8,0,0.33333,3,1,0.47807486631016044,0.059144956961880525,0.4761904739920234,0.5219251336898396,0.3653475935828877,0.45467782143196556,-0.6564330821954864,0.4726996966632962,0.6916558259082752,-0.10203826854156672,-0.06841932383907297,0.041065536639639334,0.9032989347724857,0.005130010961670428,0.0,0.012039251159246644,0.05142486154105641,1.1102230246251565e-16,0.008758474689474993,0.026501916157903205
D56.9,D56,gb,3,4,2,2,February,25,2011,Female,,Black or African American,NA,,NA,,,No,"$100,000 to $150,000",0.7,0.3,tycoon,15,10/11/20 10:28,7,4,9,1,4,0,1,0.7,0.5,0.875,1,2,49,1,9,0,0.33333,5,0,0.7639346946413117,0.038886415120984216,1.505215796449022e-8,0.2360653053586883,0.16524571375108188,0.1806178654019626,-0.4482669879861906,0.35938719326388935,0.6530647926105785,-0.6068721402139434,-0.4669270480222721,0.010280655290413887,0.8389422886243263,0.0031523965367170614,0.0,0.009333958112341945,0.03925385414092186,1.1102230246251565e-16,0.0006264767647730096,0.02844523100242824
D56.10,D56,gb,3,4,2,2,February,25,2011,Female,,Black or African American,NA,,NA,,,No,"$100,000 to $150,000",0.7,0.3,tycoon,15,10/11/20 10:28,7,4,10,2,1,1,1,0.3,0.5,0.875,2,2,49,1,10,0,0.33333,4,1,0.5433097404785979,0.054325816767273404,0.3571428585841654,0.4566902595214021,0.31968318166498144,0.38519667999782625,-0.6266304181662299,0.44097101808273464,0.6861620599669114,-0.17234810551209429,-0.10203826854156672,0.029483822867364385,0.8792559462187228,0.0029462741153771788,0.0,0.01094403987906023,0.043059687351333364,-1.1102230246251565e-16,0.004910265140283254,0.02457794847897976
D56.11,D56,gb,3,4,2,2,February,25,2011,Female,,Black or African American,NA,,NA,,,No,"$100,000 to $150,000",0.7,0.3,tycoon,15,10/11/20 10:28,7,4,11,1,4,1,1,0.7,0.5,0.875,1,2,49,1,11,0,0.33333,6,0,0.79654368034297,0.030721348426171222,1.505215796449022e-8,0.20345631965703004,0.142419423759921,0.15364013789587988,-0.40933124792562936,0.3498213559305421,0.6473359812057708,-0.733891270595349,-0.6068721402139434,0.007140690214164802,0.8227333810831656,0.0021077853901796395,0.0,0.008874050839452252,0.033772154728404,0.0,0.0002909575578295964,0.024272171028944634
D56.12,D56,gb,3,4,2,2,February,25,2011,Female,,Black or African American,NA,,NA,,,No,"$100,000 to $150,000",0.7,0.3,tycoon,15,10/11/20 10:28,7,4,12,2,1,0,0,0.3,0.5,0.875,2,2,49,0,12,0,0.33333,4,2,0.5992073321773594,0.04762632238369273,-0.7142857143225786,-0.5992073321773594,-0.7194451325241515,1.270985967173236,-0.593476605198166,0.0,0.0,-0.1634727844071895,-0.17234810551209429,0.0,0.689364685762164,0.0,0.0,0.0016110144507728297,0.025748186754358415,0.0,0.010714598831219058,0.03007976526453693
D56.13,D56,gb,3,4,2,2,February,25,2011,Female,,Black or African American,NA,,NA,,,No,"$100,000 to $150,000",0.7,0.3,tycoon,15,10/11/20 10:28,7,4,13,1,2,0,0,0.7,0.5,0.875,1,2,49,0,13,0,0.33333,6,1,0.8216199757887049,0.024639008868067025,-0.999999984947842,-0.8216199757887049,-0.8751339830520934,2.0805139809540636,-0.376509360186612,0.0,0.0,-0.3515540175161786,-0.733891270595349,0.0,0.9699638807213797,0.0,0.0,0.015273006466915318,0.0633813942971041,0.0,0.0013876500814309356,0.031180871820438827
D56.14,D56,gb,3,4,2,2,February,25,2011,Female,,Black or African American,NA,,NA,,,No,"$100,000 to $150,000",0.7,0.3,tycoon,15,10/11/20 10:28,7,4,14,2,2,1,1,0.3,0.5,0.875,2,2,49,1,14,0,0.33333,5,2,0.48037700865265753,0.04560793367823767,0.4761904749682757,0.5196229913473425,0.36373609394313977,0.45214185507827664,-0.6555375630656881,0.4715024648485879,0.6915220810334448,-0.20362825923782918,-0.1634727844071895,0.030843711778198588,1.0072478812481083,0.004462286975553287,0.0,0.01716481618048593,0.06792011833694844,-1.1102230246251565e-16,0.00646249760522466,0.026760123332735586
D56.15,D56,gb,3,4,2,2,February,25,2011,Female,,Black or African American,NA,,NA,,,No,"$100,000 to $150,000",0.7,0.3,tycoon,15,10/11/20 10:28,7,4,15,1,4,0,1,0.7,0.5,0.875,1,2,49,1,15,0,0.33333,7,1,0.6834934732444427,0.034610861210659885,0.20408163278799452,0.31650652675555735,0.22155456872889023,0.2504563848711786,-0.5288684970379889,0.3853834680616409,0.6666381984584691,-0.44134935429539246,-0.3515540175161786,0.010976855356239747,0.9630697582481123,0.0018123381361796476,0.0,0.012660018932215023,0.0554761665667427,-1.1102230246251565e-16,0.0007138511185813545,0.026277131362351325
D56.16,D56,gb,3,4,2,2,February,25,2011,Female,,Black or African American,NA,,NA,,,No,"$100,000 to $150,000",0.7,0.3,tycoon,15,10/11/20 10:28,7,4,16,2,1,0,0,0.3,0.5,0.875,2,2,49,0,16,0,0.33333,5,3,0.5305535993265176,0.04180549502855063,-0.5918367347492508,-0.5305535993265176,-0.6713875195285623,1.1128760933593866,-0.6331916582986538,0.0,0.0,-0.23204795711695592,-0.20362825923782918,0.0,0.8638325792697599,0.0,0.0,0.004094724710204223,0.04734857133749537,0.0,0.01199402080865608,0.03172191243403555
D56.17,D56,gb,3,4,2,2,February,25,2011,Female,,Black or African American,NA,,NA,,,No,"$100,000 to $150,000",0.7,0.3,tycoon,15,10/11/20 10:28,7,4,17,1,1,0,0,0.7,0.5,0.875,1,2,49,0,17,0,0.33333,7,2,0.7146165319383592,0.029443897016384266,-0.8214285657677198,-0.7146165319383592,-0.8002315723568514,1.6105964450581896,-0.5000812284566655,0.0,0.0,-0.32792102780953847,-0.44134935429539246,0.0,1.0105323854101629,0.0,0.0,0.02392097920554459,0.08054279984689494,0.0,0.0021207633021401717,0.03319894483559427
D56.18,D56,gb,3,4,2,2,February,25,2011,Female,,Black or African American,NA,,NA,,,No,"$100,000 to $150,000",0.7,0.3,tycoon,15,10/11/20 10:28,7,4,18,2,1,1,1,0.3,0.5,0.875,2,2,49,1,18,0,0.33333,6,3,0.4415008449149912,0.03898646792778655,0.5357142854078077,0.5584991550850088,0.3909494085595062,0.49585394174971215,-0.669170875009046,0.49256991819096024,0.693036764264588,-0.2581358322404612,-0.23204795711695592,0.03062285669061493,1.0443973233580413,0.00470927816627098,0.0,0.02007023001934871,0.08500164275128075,-1.1102230246251565e-16,0.007603174371418109,0.02872626296233005
D56.19,D56,gb,3,4,2,2,February,25,2011,Female,,Black or African American,NA,,NA,,,No,"$100,000 to $150,000",0.7,0.3,tycoon,15,10/11/20 10:28,7,4,19,1,1,1,1,0.7,0.5,0.875,1,2,49,1,19,0,0.33333,8,2,0.6114434321916543,0.03308472734605146,0.31746031753158344,0.3885565678083457,0.27198959746584195,0.31743994169226863,-0.5852277123049061,0.41208202376740644,0.6776073759493211,-0.3958724616618888,-0.32792102780953847,0.01309086640026002,1.0119600456979194,0.003266080104602942,0.0,0.016406831736663463,0.07155574938752873,-1.1102230246251565e-16,0.0011726960853378765,0.027790741633374694
D56.20,D56,gb,3,4,2,2,February,25,2011,Female,,Black or African American,NA,,NA,,,No,"$100,000 to $150,000",0.7,0.3,tycoon,15,10/11/20 10:28,7,4,20,1,1,0,1,0.7,0.5,0.875,1,2,49,1,20,0,0.33333,9,2,0.643255215459613,0.029176601373650357,0.285714285461102,0.35674478454038705,0.24972134917827105,0.28731060702463446,-0.5620288082937425,0.3998514414230373,0.6729513857094505,-0.46256299777774856,-0.3958724616618888,0.010147024843377067,0.9758647146534488,0.0021161824588039613,0.0,0.01119072221535855,0.06079609059328528,-1.1102230246251565e-16,0.0006384457634258656,0.027256693150409683
D57a.1,D57a,bg,4,3,4,4,November,13,2014,Female,White,,NA,Asian,NA,,,Yes,"$60,000 to $79,999",0.7,0.3,bandit,9,10/11/20 8:46,7,8,1,1,4,0,0,0.7,1.0,0.875,1,1,50,0,1,0,0.33333,0,1,0.5,0.08333333333333334,NaN,-0.5,-0.35,0.4307829160924542,-0.6474466390346325,0.46153846153846156,0.6901856760188042,-0.04985714948732713,-0.0,0.05414517848247718,1.080623401661814,0.01977679773001184,0.0,0.05608974358974361,0.15628713806233663,1.1102230246251565e-16,0.010744810700342833,0.04891275394756678
D57a.2,D57a,bg,4,3,4,4,November,13,2014,Female,White,,NA,Asian,NA,,,Yes,"$60,000 to $79,999",0.7,0.3,bandit,9,10/11/20 8:46,7,8,2,2,4,1,0,0.3,1.0,0.875,2,1,50,0,2,0,0.33333,0,1,0.5,0.08333333333333334,NaN,-0.5,-0.35,0.4307829160924542,-0.6474466390346325,0.46153846153846156,0.6901856760188042,-0.04985714948732713,-0.0,0.05414517848247718,1.0774829680724232,0.01833391056308087,0.0,0.05608974358974361,0.13394708446621661,-1.1102230246251565e-16,0.010744810700342833,0.04059899259159849
D57a.3,D57a,bg,4,3,4,4,November,13,2014,Female,White,,NA,Asian,NA,,,Yes,"$60,000 to $79,999",0.7,0.3,bandit,9,10/11/20 8:46,7,8,3,1,4,1,0,0.7,1.0,0.875,1,1,50,0,3,0,0.33333,0,2,0.41025641025641024,0.0752794214332676,-3.324562949461316e-16,-0.41025641025641024,-0.28717948717948716,0.33852562543305503,-0.5996068847876723,0.420863309352518,0.6805691240005796,-0.1694605094257496,-0.04985714948732713,0.036406266819614855,1.0458702745532642,0.01072244135445044,0.0,0.03407149280575539,0.11788073157158668,-1.1102230246251565e-16,0.005618362421842993,0.03548348232171383
D57a.4,D57a,bg,4,3,4,4,November,13,2014,Female,White,,NA,Asian,NA,,,Yes,"$60,000 to $79,999",0.7,0.3,bandit,9,10/11/20 8:46,7,8,4,2,4,0,1,0.3,1.0,0.875,2,1,50,1,4,0,0.33333,1,1,0.41025641025641024,0.0752794214332676,0.9999999999999997,0.5897435897435898,0.7128205128205128,1.2476478678285976,-0.5996068847876723,0.0,0.0,-0.09393882346618045,-0.04985714948732713,0.0,0.988166945554469,0.0,0.0,0.04511718749999999,0.0973802547608767,0.0,0.02346938767733342,0.04820963469496686
D57a.5,D57a,bg,4,3,4,4,November,13,2014,Female,White,,NA,Asian,NA,,,Yes,"$60,000 to $79,999",0.7,0.3,bandit,9,10/11/20 8:46,7,8,5,1,4,0,1,0.7,1.0,0.875,1,1,50,1,5,0,0.33333,1,2,0.3363309352517986,0.06242107033797423,0.9999999999999997,0.6636690647482014,0.7645683453237411,1.4463346213347281,-0.5457566301170604,0.0,0.0,-0.06841932383907298,-0.1694605094257496,0.0,1.0828452744291188,0.0,0.0,0.04942135473942372,0.11998598270794253,0.0,0.014819018450254018,0.05738954954025166
D57a.6,D57a,bg,4,3,4,4,November,13,2014,Female,White,,NA,Asian,NA,,,Yes,"$60,000 to $79,999",0.7,0.3,bandit,9,10/11/20 8:46,7,8,6,2,4,1,0,0.3,1.0,0.875,2,1,50,0,6,0,0.33333,1,2,0.59375,0.05996093749999999,-0.7142857142857143,-0.59375,-0.41562499999999997,0.5372123789391855,-0.6788405414022067,0.5133689839572192,0.6927896784912411,-0.06841932383907298,-0.09393882346618045,0.05510257994978083,1.0985785463210884,0.01793226319223895,0.02581086104835706,0.07181567405007594,0.15213188068493977,1.1102230246251565e-16,0.014819018450254129,0.0487451524933481
D57a.7,D57a,bg,4,3,4,4,November,13,2014,Female,White,,NA,Asian,NA,,,Yes,"$60,000 to $79,999",0.7,0.3,bandit,9,10/11/20 8:46,7,8,7,1,4,0,1,0.7,1.0,0.875,1,1,50,1,7,0,0.33333,2,2,0.5219251336898396,0.059144956961880525,0.5238095289430316,0.4780748663101604,0.6346524064171123,1.0069060673742722,-0.6564330821954864,0.0,0.0,-0.19334888655015944,-0.06841932383907298,0.0,1.0643753767411803,0.0,0.0,0.03272940647331063,0.09800362845687688,0.0,0.025346906821584247,0.059289222123004026
D57a.8,D57a,bg,4,3,4,4,November,13,2014,Female,White,,NA,Asian,NA,,,Yes,"$60,000 to $79,999",0.7,0.3,bandit,9,10/11/20 8:46,7,8,8,2,4,0,1,0.3,1.0,0.875,2,1,50,1,8,0,0.33333,2,2,0.5219251336898396,0.059144956961880525,0.5238095289430316,0.4780748663101604,0.6346524064171123,1.0069060673742722,-0.6564330821954864,0.0,0.0,-0.19334888655015944,-0.06841932383907298,0.0,1.0774638787217587,0.0,0.0,0.06370887500708894,0.11674162269558591,0.0,0.02534690682158436,0.06984744467419446
D57a.9,D57a,bg,4,3,4,4,November,13,2014,Female,White,,NA,Asian,NA,,,Yes,"$60,000 to $79,999",0.7,0.3,bandit,9,10/11/20 8:46,7,8,9,2,4,0,0,0.3,1.0,0.875,2,1,50,0,9,0,0.33333,2,3,0.6352459016393442,0.04728231658156409,-0.7142857148437445,-0.6352459016393442,-0.44467213114754095,0.5881965849734463,-0.6870122784419204,0.5402214022140222,0.6899081595689575,-0.15524439974415,-0.19334888655015944,0.05227361377017173,1.0769503603137314,0.01653349951206362,5.551115123125783e-17,0.04487593904444309,0.10362943227366356,-1.1102230246251565e-16,0.01694783786822407,0.0614467674635607
D57a.10,D57a,bg,4,3,4,4,November,13,2014,Female,White,,NA,Asian,NA,,,Yes,"$60,000 to $79,999",0.7,0.3,bandit,9,10/11/20 8:46,7,8,10,1,4,0,1,0.7,1.0,0.875,1,1,50,1,10,0,0.33333,3,2,0.6352459016393442,0.04728231658156409,0.2857142851562555,0.36475409836065575,0.555327868852459,0.8104180523126877,-0.6870122784419204,0.0,0.0,-0.3522528357548107,-0.19334888655015944,0.0,1.0175018452940217,0.0,0.0,0.023124267635547813,0.07071924264955659,0.0,0.03583606666656369,0.07189162097913182
D57a.11,D57a,bg,4,3,4,4,November,13,2014,Female,White,,NA,Asian,NA,,,Yes,"$60,000 to $79,999",0.7,0.3,bandit,9,10/11/20 8:46,7,8,11,2,4,0,0,0.3,1.0,0.875,2,1,50,0,11,0,0.33333,2,4,0.5756457564575646,0.047783254585313385,-0.5714285714562882,-0.5756457564575646,-0.4029520295202952,0.5157578162553096,-0.6741904715742899,0.5024721878862793,0.6931349570842507,-0.16347278440718951,-0.15524439974415,0.04080248582851541,0.9741321710930986,0.01275619123428684,0.0,0.01673761072969998,0.06253410121131592,1.1102230246251565e-16,0.010714598831218947,0.06564242945170395
D57a.12,D57a,bg,4,3,4,4,November,13,2014,Female,White,,NA,Asian,NA,,,Yes,"$60,000 to $79,999",0.7,0.3,bandit,9,10/11/20 8:46,7,8,12,2,4,1,0,0.3,1.0,0.875,2,1,50,0,12,0,0.33333,2,5,0.5196229913473425,0.04560793367823767,-0.47619047745101006,-0.5196229913473425,-0.3637360939431397,0.45214185507827664,-0.6555375630656881,0.47150246484858793,0.6915220810334448,-0.20362825923782923,-0.16347278440718951,0.030843711778198547,0.9226760111613552,0.008655415701155578,0.0,0.010135419992086392,0.05644410088328117,-1.1102230246251565e-16,0.00646249760522466,0.061412376155169146
D57a.13,D57a,bg,4,3,4,4,November,13,2014,Female,White,,NA,Asian,NA,,,Yes,"$60,000 to $79,999",0.7,0.3,bandit,9,10/11/20 8:46,7,8,13,1,4,0,1,0.7,1.0,0.875,1,1,50,1,13,0,0.33333,4,2,0.7096774193548387,0.03668054110301769,0.14285714257932636,0.29032258064516125,0.5032258064516129,0.6996196950655628,-0.6931263687610414,0.0,0.0,-0.5101222662015851,-0.3522528357548107,0.0,0.8280722004661095,0.0,0.0,0.005624112215909083,0.03952463660156169,0.0,0.02364425938695247,0.04924775193162301
D57a.14,D57a,bg,4,3,4,4,November,13,2014,Female,White,,NA,Asian,NA,,,Yes,"$60,000 to $79,999",0.7,0.3,bandit,9,10/11/20 8:46,7,8,14,2,4,0,0,0.3,1.0,0.875,2,1,50,0,14,0,0.33333,2,6,0.4694464006734824,0.04180549502855063,-0.4081632652444335,-0.4694464006734824,-0.32861248047143765,0.3984087833361684,-0.6331916582986538,0.44683583068487076,0.6874836226981821,-0.2618168853573195,-0.20362825923782923,0.023017317163043654,0.7732661864093737,0.004714728776739618,0.0,0.0032923675817674303,0.0363509362591411,1.1102230246251565e-16,0.0037550782567966623,0.04644126085584488
D57a.15,D57a,bg,4,3,4,4,November,13,2014,Female,White,,NA,Asian,NA,,,Yes,"$60,000 to $79,999",0.7,0.3,bandit,9,10/11/20 8:46,7,8,15,1,4,1,0,0.7,1.0,0.875,1,1,50,0,15,0,0.33333,4,3,0.7613636363636364,0.028550521448248718,-0.9523809521488746,-0.7613636363636364,-0.5329545454545455,0.7613286929760176,-0.6909736011549141,0.6423357664233577,0.6520624274229945,-0.40275352354138316,-0.5101222662015851,0.06177769366238693,0.8543635679330873,0.013115625246514662,1.1102230246251565e-16,0.009133433444849959,0.047655131932565764,0.012111381454447234,0.03357059696107878,0.056378141045678176
D57a.16,D57a,bg,4,3,4,4,November,13,2014,Female,White,,NA,Asian,NA,,,Yes,"$60,000 to $79,999",0.7,0.3,bandit,9,10/11/20 8:46,7,8,16,2,4,1,0,0.3,1.0,0.875,2,1,50,0,16,0,0.33333,2,7,0.4258592834441749,0.03740388601427415,-0.35714286246493915,-0.4258592834441749,-0.2981014984109224,0.35396647004063503,-0.6092471136463906,0.4274122245891805,0.682571878377868,-0.3279210278095386,-0.2618168853573195,0.01723390419259645,0.806675918276927,0.0023466961063834946,0.0,0.0030246960372856124,0.04488395102371534,0.0,0.0021207633021401717,0.054725558029285915
D57a.17,D57a,bg,4,3,4,4,November,13,2014,Female,White,,NA,Asian,NA,,,Yes,"$60,000 to $79,999",0.7,0.3,bandit,9,10/11/20 8:46,7,8,17,1,4,0,1,0.7,1.0,0.875,1,1,50,1,17,0,0.33333,5,3,0.7185725871857258,0.03200241157155928,0.18367346945402785,0.2814274128142742,0.49699918896999196,0.6871634964979959,-0.6931291707181513,0.0,0.0,-0.5365548718863059,-0.40275352354138316,0.0,0.7210936083848483,0.0,0.0,0.004305163656884825,0.03268674961218487,0.0,0.02177101146202587,0.042932433665676784
D57a.18,D57a,bg,4,3,4,4,November,13,2014,Female,White,,NA,Asian,NA,,,Yes,"$60,000 to $79,999",0.7,0.3,bandit,9,10/11/20 8:46,7,8,18,2,4,0,1,0.3,1.0,0.875,2,1,50,1,18,0,0.33333,3,7,0.38855656780834585,0.03308472734605146,0.6825396824664682,0.6114434321916542,0.7280104025341579,1.3019914580283583,-0.5852277123049061,0.0,0.0,-0.30054682659624304,-0.3279210278095386,0.0,0.8018644344858988,0.0,0.0,0.003935779174282117,0.03623543019797948,0.0,0.004658377691200366,0.04551750718395542
D57a.19,D57a,bg,4,3,4,4,November,13,2014,Female,White,,NA,Asian,NA,,,Yes,"$60,000 to $79,999",0.7,0.3,bandit,9,10/11/20 8:46,7,8,19,2,4,1,0,0.3,1.0,0.875,2,1,50,0,19,0,0.33333,3,8,0.47370434315716037,0.033586414868103556,-0.4285714335598313,-0.47370434315716037,-0.33159304021001224,0.4028580697029193,-0.6353010686748846,0.44882836063565146,0.6879009263775451,-0.3513166463606724,-0.30054682659624304,0.018240328873544483,0.7553975609673315,0.003020714019880688,0.0,0.002229951021253007,0.03393661923894731,-1.1102230246251565e-16,0.002777826333567379,0.04364418157171368
D57a.20,D57a,bg,4,3,4,4,November,13,2014,Female,White,,NA,Asian,NA,,,Yes,"$60,000 to $79,999",0.7,0.3,bandit,9,10/11/20 8:46,7,8,20,1,4,0,1,0.7,1.0,0.875,1,1,50,1,20,0,0.33333,6,3,0.76310867462109,0.025914688990155067,0.10714285730925321,0.23689132537891,0.46582392776523707,0.627029771082646,-0.6908093503477821,0.0,0.0,-0.6658193156697767,-0.5365548718863059,0.0,0.676399256863751,0.0,0.0,0.0020288004902442314,0.02539830251088737,0.0,0.01421305747635615,0.03605779464873993
D57b.1,D57b,gb,2,3,0,0,August,13,2011,Male,White,,NA,,NA,,,No,"$150,000 or more",0.7,0.3,bandit,7,10/21/20 7:12,5,0,1,2,2,1,0,0.3,0.0,0.625,2,1,51,0,1,0,0.33333,0,1,0.5,0.08333333333333334,NaN,-0.5,-0.35,0.4307829160924542,-0.6474466390346325,0.46153846153846156,0.6901856760188042,-0.04985714948732713,-0.0,0.05414517848247718,1.0796200787151622,0.018796586003682503,0.0,0.05608974358974361,0.1563382907162265,1.1102230246251565e-16,0.010744810700342833,0.04891275394756689
D57b.2,D57b,gb,2,3,0,0,August,13,2011,Male,White,,NA,,NA,,,No,"$150,000 or more",0.7,0.3,bandit,7,10/21/20 7:12,5,0,2,1,1,1,0,0.7,0.0,0.625,1,1,51,0,2,0,0.33333,0,1,0.5,0.08333333333333334,NaN,-0.5,-0.35,0.4307829160924542,-0.6474466390346325,0.46153846153846156,0.6901856760188042,-0.04985714948732713,-0.0,0.05414517848247718,1.0774829680724232,0.018548510990538336,0.0,0.05608974358974361,0.13394708446621661,-1.1102230246251565e-16,0.010744810700342833,0.04059899259159849
D57b.3,D57b,gb,2,3,0,0,August,13,2011,Male,White,,NA,,NA,,,No,"$150,000 or more",0.7,0.3,bandit,7,10/21/20 7:12,5,0,3,2,2,0,0,0.3,0.0,0.625,2,1,51,0,3,0,0.33333,0,2,0.41025641025641024,0.0752794214332676,-3.324562949461316e-16,-0.41025641025641024,-0.28717948717948716,0.33852562543305503,-0.5996068847876723,0.420863309352518,0.6805691240005796,-0.1694605094257496,-0.04985714948732713,0.036406266819614855,1.0455201040633426,0.011477758818744244,0.0,0.03407149280575539,0.11787199351686334,-1.1102230246251565e-16,0.005618362421842993,0.035483488395948504
D57b.4,D57b,gb,2,3,0,0,August,13,2011,Male,White,,NA,,NA,,,No,"$150,000 or more",0.7,0.3,bandit,7,10/21/20 7:12,5,0,4,2,2,0,0,0.3,0.0,0.625,2,1,51,0,4,0,0.33333,0,3,0.3363309352517986,0.06242107033797423,-3.324562949461316e-16,-0.3363309352517986,-0.23543165467625898,0.2684438588858378,-0.5457566301170604,0.392378263937897,0.6698000343867989,-0.31724785272016875,-0.1694605094257496,0.02364311272114325,1.002694490716361,0.006496279322973142,0.0,0.020047194777699395,0.10705173688561159,1.1102230246251565e-16,0.0027852297390043024,0.03259836740961519
D57b.5,D57b,gb,2,3,0,0,August,13,2011,Male,White,,NA,,NA,,,No,"$150,000 or more",0.7,0.3,bandit,7,10/21/20 7:12,5,0,5,1,1,0,1,0.7,0.0,0.625,1,1,51,1,5,0,0.33333,1,1,0.41025641025641024,0.0752794214332676,0.9999999999999997,0.5897435897435898,0.7128205128205128,1.2476478678285976,-0.5996068847876723,0.0,0.0,-0.09393882346618045,-0.04985714948732713,0.0,0.9271789397209037,0.0,0.0,0.04511718749999999,0.09039353608658879,0.0,0.02346938767733342,0.04537921768091946
D57b.6,D57b,gb,2,3,0,0,August,13,2011,Male,White,,NA,,NA,,,No,"$150,000 or more",0.7,0.3,bandit,7,10/21/20 7:12,5,0,6,2,1,0,0,0.3,0.0,0.625,2,1,51,0,6,0,0.33333,0,4,0.279181369089626,0.04955717505632367,-3.324562949461316e-16,-0.279181369089626,-0.19542695836273818,0.21744352532572367,-0.4939971112220449,0.3728685706266227,0.6604647503197693,-0.4669270480222721,-0.31724785272016875,0.015384672502538485,0.8820419845675193,0.007003523830268699,0.0,0.005839065748048544,0.08640755898362534,0.0,0.001334355288117095,0.04386947789756024
D57b.7,D57b,gb,2,3,0,0,August,13,2011,Male,White,,NA,,NA,,,No,"$150,000 or more",0.7,0.3,bandit,7,10/21/20 7:12,5,0,7,1,2,1,0,0.7,0.0,0.625,1,1,51,0,7,0,0.33333,1,2,0.59375,0.05996093749999999,-0.7142857142857143,-0.59375,-0.41562499999999997,0.5372123789391855,-0.6788405414022067,0.5133689839572192,0.6927896784912411,-0.06841932383907298,-0.09393882346618045,0.05510257994978083,0.9327024773600427,0.01376200435477748,0.018342245989304784,0.06426804812834219,0.11046074067489042,0.0,0.01481901845025424,0.035204143006737465
D57b.8,D57b,gb,2,3,0,0,August,13,2011,Male,White,,NA,,NA,,,No,"$150,000 or more",0.7,0.3,bandit,7,10/21/20 7:12,5,0,8,1,1,0,1,0.7,0.0,0.625,1,1,51,1,8,0,0.33333,2,2,0.5219251336898396,0.059144956961880525,0.5238095289430316,0.4780748663101604,0.6346524064171123,1.0069060673742722,-0.6564330821954864,0.0,0.0,-0.19334888655015944,-0.06841932383907298,0.0,0.8326425390587107,0.0,0.0,0.02819544057377049,0.06872838596157554,0.0,0.025346906821584025,0.04574107398080196
D57b.9,D57b,gb,2,3,0,0,August,13,2011,Male,White,,NA,,NA,,,No,"$150,000 or more",0.7,0.3,bandit,7,10/21/20 7:12,5,0,9,1,2,0,0,0.7,0.0,0.625,1,1,51,0,9,0,0.33333,2,3,0.6352459016393442,0.04728231658156409,-0.7142857148437445,-0.6352459016393442,-0.44467213114754095,0.5881965849734463,-0.6870122784419204,0.5402214022140222,0.6899081595689575,-0.15524439974415,-0.19334888655015944,0.05227361377017173,0.8843138615182253,0.009951490179553657,0.0,0.04074319649446495,0.08707462755312512,0.0,0.01694783786822429,0.034001160029626054
D57b.10,D57b,gb,2,3,0,0,August,13,2011,Male,White,,NA,,NA,,,No,"$150,000 or more",0.7,0.3,bandit,7,10/21/20 7:12,5,0,10,1,2,1,0,0.7,0.0,0.625,1,1,51,0,10,0,0.33333,2,4,0.5756457564575646,0.047783254585313385,-0.5714285714562882,-0.5756457564575646,-0.4029520295202952,0.5157578162553096,-0.6741904715742899,0.5024721878862793,0.6931349570842507,-0.16347278440718951,-0.15524439974415,0.04080248582851541,0.9214949713845771,0.010312313585374322,0.012870828182941885,0.05518984423284906,0.10586161787832105,1.1102230246251565e-16,0.010714598831219058,0.031077657750484544
D57b.11,D57b,gb,2,3,0,0,August,13,2011,Male,White,,NA,,NA,,,No,"$150,000 or more",0.7,0.3,bandit,7,10/21/20 7:12,5,0,11,2,2,0,0,0.3,0.0,0.625,2,1,51,0,11,0,0.33333,0,5,0.23606530535868828,0.038886415120984216,-3.324562949461316e-16,-0.23606530535868828,-0.1652457137510818,0.18061786540196245,-0.44826698798619047,0.35938719326388935,0.6530647926105785,-0.6068721402139434,-0.4669270480222721,0.010280655290413804,0.8822904895630035,0.005421352074405195,0.0,0.0057584523968783885,0.10261270968679298,-1.1102230246251565e-16,0.0006264767647728986,0.030416027606717133
D57b.12,D57b,gb,2,3,0,0,August,13,2011,Male,White,,NA,,NA,,,No,"$150,000 or more",0.7,0.3,bandit,7,10/21/20 7:12,5,0,12,1,1,0,1,0.7,0.0,0.625,1,1,51,1,12,0,0.33333,3,4,0.5196229913473425,0.04560793367823767,0.5238095225489899,0.48037700865265753,0.6362639060568602,1.0113266909367904,-0.6555375630656881,0.0,0.0,-0.23266054424133245,-0.16347278440718951,0.0,0.8142444127996786,0.0,0.0,0.02806752326172063,0.07168259821210554,0.0,0.018152569876850877,0.03785947885710517
D57b.13,D57b,gb,2,3,0,0,August,13,2011,Male,White,,NA,,NA,,,No,"$150,000 or more",0.7,0.3,bandit,7,10/21/20 7:12,5,0,13,1,1,0,1,0.7,0.0,0.625,1,1,51,1,13,0,0.33333,4,4,0.6073941916939242,0.04015149105953348,0.387755102062592,0.39260580830607583,0.5748240658142532,0.8552522329266844,-0.6819077269415073,0.0,0.0,-0.33235820901138946,-0.23266054424133245,0.0,0.7418733996915137,0.0,0.0,0.014020008057277933,0.05163909076360235,0.0,0.02647872836857268,0.04612699268325504
D57b.14,D57b,gb,2,3,0,0,August,13,2011,Male,White,,NA,,NA,,,No,"$150,000 or more",0.7,0.3,bandit,7,10/21/20 7:12,5,0,14,1,1,1,0,0.7,0.0,0.625,1,1,51,0,14,0,0.33333,4,5,0.6734986945169712,0.03412457714895184,-0.7142857142956079,-0.6734986945169712,-0.4714490861618798,0.637616141815937,-0.6915159840708771,0.5675895966606566,0.6839824415260297,-0.2983469826934861,-0.33235820901138946,0.04580354591985148,0.790206055823976,0.008873771569592459,-5.551115123125783e-17,0.020356941501950887,0.06359115380863789,0.0,0.018834413864569965,0.038473033371002385
D57b.15,D57b,gb,2,3,0,0,August,13,2011,Male,White,,NA,,NA,,,No,"$150,000 or more",0.7,0.3,bandit,7,10/21/20 7:12,5,0,15,1,1,0,1,0.7,0.0,0.625,1,1,51,1,15,0,0.33333,5,5,0.6283049328965302,0.03473024233151331,0.3650793648229851,0.3716950671034698,0.5601865469724289,0.8214046123625717,-0.6858847415822464,0.0,0.0,-0.38411710724963666,-0.2983469826934861,0.0,0.7264795406805412,0.0,0.0,0.010548418655924374,0.04771596378599202,0.0,0.02645945916832415,0.04612581595800258
D57b.16,D57b,gb,2,3,0,0,August,13,2011,Male,White,,NA,,NA,,,No,"$150,000 or more",0.7,0.3,bandit,7,10/21/20 7:12,5,0,16,1,1,0,1,0.7,0.0,0.625,1,1,51,1,16,0,0.33333,6,5,0.6835810265783105,0.030205750355547747,0.2857142856657261,0.31641897342168945,0.5214932813951827,0.7370850272162964,-0.6922229735150216,0.0,0.0,-0.47983874945306637,-0.38411710724963666,0.0,0.6669212416613268,0.0,0.0,0.005377449260598688,0.036504138745014236,0.0,0.028087181356815316,0.04775374445917746
D57b.17,D57b,gb,2,3,0,0,August,13,2011,Male,White,,NA,,NA,,,No,"$150,000 or more",0.7,0.3,bandit,7,10/21/20 7:12,5,0,17,1,2,1,0,0.7,0.0,0.625,1,1,51,0,17,0,0.33333,6,6,0.7277685466836354,0.025949080038618337,-0.7792207792446011,-0.7277685466836354,-0.5094379826785448,0.7122035710243333,-0.6929690189450926,0.6115434734186038,0.668052662984048,-0.4289701042578927,-0.47983874945306637,0.047117201857882623,0.7149692226895308,0.005638018612154072,-1.1102230246251565e-16,0.008149946542352238,0.044899784530355924,0.003847824472868022,0.02624704697994773,0.04590131841588019
D57b.18,D57b,gb,2,3,0,0,August,13,2011,Male,White,,NA,,NA,,,No,"$150,000 or more",0.7,0.3,bandit,7,10/21/20 7:12,5,0,18,1,2,0,1,0.7,0.0,0.625,1,1,51,1,18,0,0.33333,7,6,0.6907409020930229,0.027180630676270023,0.2857142855321799,0.30925909790697714,0.516481368534884,0.7266654302601481,-0.6926038111184641,0.0,0.0,-0.5117170824913161,-0.4289701042578927,0.0,0.661544054613991,0.0,0.0,0.004265075150785336,0.03523901458023082,0.0,0.026249610520631683,0.04462700176594403
D57b.19,D57b,gb,2,3,0,0,August,13,2011,Male,White,,NA,,NA,,,No,"$150,000 or more",0.7,0.3,bandit,7,10/21/20 7:12,5,0,19,1,2,1,0,0.7,0.0,0.625,1,1,51,0,19,0,0.33333,7,7,0.7300908676067336,0.023821960602542123,-0.769230769138993,-0.7300908676067336,-0.5110636073247135,0.7155228742965817,-0.692902353765169,0.6135767443255891,0.6671212479207063,-0.4689098176965686,-0.5117170824913161,0.0440571990471746,0.7061383275778714,0.004827045682967546,0.0,0.006423716957439263,0.04276866827190706,0.004525581441862991,0.025913076870671237,0.04554924124433557
D57b.20,D57b,gb,2,3,0,0,August,13,2011,Male,White,,NA,,NA,,,No,"$150,000 or more",0.7,0.3,bandit,7,10/21/20 7:12,5,0,20,2,1,0,0,0.3,0.0,0.625,2,1,51,0,20,0,0.33333,0,6,0.20345631965702995,0.030721348426171226,-3.324562949461316e-16,-0.20345631965702995,-0.14241942375992095,0.15364013789587988,-0.40933124792562936,0.3498213559305421,0.6473359812057708,-0.733891270595349,-0.6068721402139434,0.007140690214164802,0.6769819074671675,0.0013495716671594327,0.0,0.0005431862691515077,0.04203331176200975,-1.1102230246251565e-16,0.0002909575578295964,0.045233342489207296
D61.1,D61,bg,2,3,0,0,January,27,2012,Female,White,,NA,,NA,,,No,"$100,000 to $150,000",0.7,0.3,bandit,6,11/19/20 15:12,5,0,1,2,3,0,0,0.3,0.0,0.625,2,1,52,0,1,0,0.33333,0,1,0.5,0.08333333333333334,NaN,-0.5,-0.35,0.4307829160924542,-0.6474466390346325,0.46153846153846156,0.6901856760188042,-0.04985714948732713,-0.0,0.05414517848247718,1.0796200787151622,0.018796586003682503,0.0,0.05608974358974361,0.1563382907162265,1.1102230246251565e-16,0.010744810700342833,0.04891275394756689
D61.2,D61,bg,2,3,0,0,January,27,2012,Female,White,,NA,,NA,,,No,"$100,000 to $150,000",0.7,0.3,bandit,6,11/19/20 15:12,5,0,2,1,3,1,0,0.7,0.0,0.625,1,1,52,0,2,0,0.33333,0,1,0.5,0.08333333333333334,NaN,-0.5,-0.35,0.4307829160924542,-0.6474466390346325,0.46153846153846156,0.6901856760188042,-0.04985714948732713,-0.0,0.05414517848247718,1.0774829680724232,0.018548510990538336,0.0,0.05608974358974361,0.13394708446621661,-1.1102230246251565e-16,0.010744810700342833,0.04059899259159849
D61.3,D61,bg,2,3,0,0,January,27,2012,Female,White,,NA,,NA,,,No,"$100,000 to $150,000",0.7,0.3,bandit,6,11/19/20 15:12,5,0,3,2,4,1,0,0.3,0.0,0.625,2,1,52,0,3,0,0.33333,0,2,0.41025641025641024,0.0752794214332676,-3.324562949461316e-16,-0.41025641025641024,-0.28717948717948716,0.33852562543305503,-0.5996068847876723,0.420863309352518,0.6805691240005796,-0.1694605094257496,-0.04985714948732713,0.036406266819614855,1.0455201040633426,0.011477758818744244,0.0,0.03407149280575539,0.11787199351686334,-1.1102230246251565e-16,0.005618362421842993,0.035483488395948504
D61.4,D61,bg,2,3,0,0,January,27,2012,Female,White,,NA,,NA,,,No,"$100,000 to $150,000",0.7,0.3,bandit,6,11/19/20 15:12,5,0,4,1,4,1,0,0.7,0.0,0.625,1,1,52,0,4,0,0.33333,0,2,0.41025641025641024,0.0752794214332676,-3.324562949461316e-16,-0.41025641025641024,-0.28717948717948716,0.33852562543305503,-0.5996068847876723,0.420863309352518,0.6805691240005796,-0.1694605094257496,-0.04985714948732713,0.036406266819614855,1.0227046623905056,0.011579222935364175,0.0,0.03407149280575539,0.09970908997597838,0.0,0.005618362421842993,0.030273433736216826
D61.5,D61,bg,2,3,0,0,January,27,2012,Female,White,,NA,,NA,,,No,"$100,000 to $150,000",0.7,0.3,bandit,6,11/19/20 15:12,5,0,5,2,4,0,0,0.3,0.0,0.625,2,1,52,0,5,0,0.33333,0,3,0.3363309352517986,0.06242107033797423,-3.324562949461316e-16,-0.3363309352517986,-0.23543165467625898,0.2684438588858378,-0.5457566301170604,0.392378263937897,0.6698000343867989,-0.31724785272016875,-0.1694605094257496,0.02364311272114325,0.9852558459204319,0.006538831464076078,0.0,0.020047194777699395,0.08732609305777156,0.0,0.0027852297390044134,0.027458667353229438
D61.6,D61,bg,2,3,0,0,January,27,2012,Female,White,,NA,,NA,,,No,"$100,000 to $150,000",0.7,0.3,bandit,6,11/19/20 15:12,5,0,6,1,4,1,0,0.7,0.0,0.625,1,1,52,0,6,0,0.33333,0,3,0.3363309352517986,0.06242107033797423,-3.324562949461316e-16,-0.3363309352517986,-0.23543165467625898,0.2684438588858378,-0.5457566301170604,0.392378263937897,0.6698000343867989,-0.31724785272016875,-0.1694605094257496,0.02364311272114325,0.9526505981568663,0.006737066431328542,0.0,0.020047194777699395,0.07386382719833395,-1.1102230246251565e-16,0.0027852297390043024,0.024627902101718724
D61.7,D61,bg,2,3,0,0,January,27,2012,Female,White,,NA,,NA,,,No,"$100,000 to $150,000",0.7,0.3,bandit,6,11/19/20 15:12,5,0,7,2,4,0,0,0.3,0.0,0.625,2,1,52,0,7,0,0.33333,0,4,0.279181369089626,0.04955717505632367,-3.324562949461316e-16,-0.279181369089626,-0.19542695836273818,0.21744352532572367,-0.4939971112220449,0.3728685706266227,0.6604647503197693,-0.4669270480222721,-0.31724785272016875,0.015384672502538485,0.9244879179585096,0.007084700351691731,0.0,0.011626066445629524,0.0651157052607812,0.0,0.001334355288116984,0.023180052984131616
D61.8,D61,bg,2,3,0,0,January,27,2012,Female,White,,NA,,NA,,,No,"$100,000 to $150,000",0.7,0.3,bandit,6,11/19/20 15:12,5,0,8,1,4,1,0,0.7,0.0,0.625,1,1,52,0,8,0,0.33333,0,4,0.279181369089626,0.04955717505632367,-3.324562949461316e-16,-0.279181369089626,-0.19542695836273818,0.21744352532572367,-0.4939971112220449,0.3728685706266227,0.6604647503197693,-0.4669270480222721,-0.31724785272016875,0.015384672502538485,0.8816444131610586,0.0009643144774824641,0.0,0.011626066445629524,0.05551037572262313,-1.1102230246251565e-16,0.001334355288116873,0.0216576979200227
D61.9,D61,bg,2,3,0,0,January,27,2012,Female,White,,NA,,NA,,,No,"$100,000 to $150,000",0.7,0.3,bandit,6,11/19/20 15:12,5,0,9,2,4,0,0,0.3,0.0,0.625,2,1,52,0,9,0,0.33333,0,5,0.23606530535868828,0.038886415120984216,-3.324562949461316e-16,-0.23606530535868828,-0.1652457137510818,0.18061786540196245,-0.44826698798619047,0.35938719326388935,0.6530647926105785,-0.6068721402139434,-0.4669270480222721,0.010280655290413804,0.8476144342814513,0.00222330939053883,0.0,0.00672168995572775,0.04924453249431482,0.0,0.0006264767647728986,0.020967043937300867
D61.10,D61,bg,2,3,0,0,January,27,2012,Female,White,,NA,,NA,,,No,"$100,000 to $150,000",0.7,0.3,bandit,6,11/19/20 15:12,5,0,10,1,4,0,1,0.7,0.0,0.625,1,1,52,1,10,0,0.33333,1,4,0.23606530535868828,0.038886415120984216,0.9999999999999997,0.7639346946413117,0.8347542862489182,1.8003217385529584,-0.44826698798619047,0.0,0.0,-0.17234810551209448,-0.4669270480222721,0.0,0.9088760605001496,0.0,0.0,0.036400986190240237,0.08258550670991144,0.0,0.004910265140283365,0.024577948478980205
D61.11,D61,bg,2,3,0,0,January,27,2012,Female,White,,NA,,NA,,,No,"$100,000 to $150,000",0.7,0.3,bandit,6,11/19/20 15:12,5,0,11,2,3,1,0,0.3,0.0,0.625,2,1,52,0,11,0,0.33333,0,6,0.20345631965702995,0.030721348426171226,-3.324562949461316e-16,-0.20345631965702995,-0.14241942375992095,0.15364013789587988,-0.40933124792562936,0.3498213559305421,0.6473359812057708,-0.733891270595349,-0.6068721402139434,0.007140690214164802,0.8739488874458561,0.0008274200963405143,0.0,0.0038991666588811813,0.07965979706915366,0.0,0.0002909575578294854,0.02427217102894441
D61.12,D61,bg,2,3,0,0,January,27,2012,Female,White,,NA,,NA,,,No,"$100,000 to $150,000",0.7,0.3,bandit,6,11/19/20 15:12,5,0,12,1,3,0,1,0.7,0.0,0.625,1,1,52,1,12,0,0.33333,2,4,0.4007926678226405,0.04762632238369273,0.7142857143472323,0.5992073321773594,0.7194451325241517,1.2709859671732364,-0.5934766051981659,0.0,0.0,-0.16347278440718951,-0.17234810551209448,0.0,0.84516083016129,0.0,0.0,0.05518984423284906,0.10062101755376102,0.0,0.010714598831219058,0.03007976526453726
D61.13,D61,bg,2,3,0,0,January,27,2012,Female,White,,NA,,NA,,,No,"$100,000 to $150,000",0.7,0.3,bandit,6,11/19/20 15:12,5,0,13,2,2,0,1,0.3,0.0,0.625,2,1,52,1,13,0,0.33333,1,6,0.17838002421129504,0.024639008868067025,0.9999999999999997,0.8216199757887049,0.8751339830520934,2.080513980954064,-0.376509360186612,0.0,0.0,-0.35155401751617876,-0.733891270595349,0.0,0.9757837513774881,0.0,0.0,0.01310020980759824,0.10934205960715132,0.0,0.0013876500814307136,0.031180871820438827
D61.14,D61,bg,2,3,0,0,January,27,2012,Female,White,,NA,,NA,,,No,"$100,000 to $150,000",0.7,0.3,bandit,6,11/19/20 15:12,5,0,14,1,2,0,1,0.7,0.0,0.625,1,1,52,1,14,0,0.33333,3,4,0.5196229913473425,0.04560793367823767,0.5238095225489899,0.48037700865265753,0.6362639060568602,1.0113266909367904,-0.6555375630656881,0.0,0.0,-0.23266054424133245,-0.16347278440718951,0.0,0.9029574657101394,0.0,0.0,0.02806752326172063,0.07600878162034869,0.0,0.018152569876850988,0.03863640596246387
D61.15,D61,bg,2,3,0,0,January,27,2012,Female,White,,NA,,NA,,,No,"$100,000 to $150,000",0.7,0.3,bandit,6,11/19/20 15:12,5,0,15,2,3,1,0,0.3,0.0,0.625,2,1,52,0,15,0,0.33333,1,7,0.31650652675555746,0.034610861210659885,-0.20408163583323682,-0.31650652675555746,-0.2215545687288902,0.2504563848711786,-0.5288684970379889,0.3853834680616408,0.666638198458469,-0.4413493542953925,-0.35155401751617876,0.010976855356239927,0.8631842272338197,0.0008446947295874807,5.551115123125783e-17,0.0035686065166756764,0.0734883371725687,0.0,0.0007138511185814655,0.03792931603049354
D61.16,D61,bg,2,3,0,0,January,27,2012,Female,White,,NA,,NA,,,No,"$100,000 to $150,000",0.7,0.3,bandit,6,11/19/20 15:12,5,0,16,1,2,0,1,0.7,0.0,0.625,1,1,52,1,16,0,0.33333,4,4,0.6073941916939242,0.04015149105953348,0.387755102062592,0.39260580830607583,0.5748240658142532,0.8552522329266844,-0.6819077269415073,0.0,0.0,-0.33235820901138946,-0.23266054424133245,0.0,0.7827703217352378,0.0,0.0,0.014020008057277933,0.052699921139981176,0.0,0.02647872836857279,0.046224908986341906
D61.17,D61,bg,2,3,0,0,January,27,2012,Female,White,,NA,,NA,,,No,"$100,000 to $150,000",0.7,0.3,bandit,6,11/19/20 15:12,5,0,17,2,3,0,0,0.3,0.0,0.625,2,1,52,0,17,0,0.33333,1,8,0.28538346806164083,0.02944389701638426,-0.1785714285171736,-0.28538346806164083,-0.19976842764314856,0.22285412775518473,-0.5000812284566654,0.3748914818699748,0.6615077791930253,-0.5264631123002028,-0.4413493542953925,0.00826209354982646,0.7503475961034142,0.0014376334608438013,-5.551115123125783e-17,0.0009286040889437963,0.05156688522583747,0.0,0.000362631031714189,0.045888273030357696
D61.18,D61,bg,2,3,0,0,January,27,2012,Female,White,,NA,,NA,,,No,"$100,000 to $150,000",0.7,0.3,bandit,6,11/19/20 15:12,5,0,18,1,3,0,0,0.7,0.0,0.625,1,1,52,0,18,0,0.33333,4,5,0.6734986945169712,0.03412457714895184,-0.7142857142956079,-0.6734986945169712,-0.4714490861618798,0.637616141815937,-0.6915159840708771,0.5675895966606566,0.6839824415260297,-0.2983469826934861,-0.33235820901138946,0.04580354591985148,0.8033536571670197,0.00889487861966487,-5.551115123125783e-17,0.020356941501950887,0.06358390070087594,0.0,0.018834413864569965,0.03824418008457153
D61.19,D61,bg,2,3,0,0,January,27,2012,Female,White,,NA,,NA,,,No,"$100,000 to $150,000",0.7,0.3,bandit,6,11/19/20 15:12,5,0,19,2,4,0,0,0.3,0.0,0.625,2,1,52,0,19,0,0.33333,1,9,0.25962751363114267,0.02521431557680923,-0.15873016054697503,-0.25962751363114267,-0.18173925954179987,0.20057423955414952,-0.4740205869080334,0.36663130120603066,0.657138430034442,-0.6061877880802712,-0.5264631123002028,0.006396043248667379,0.7751762225795922,0.0010545254564857665,0.0,0.0008953553690341787,0.06264016905310488,-1.1102230246251565e-16,0.00018271206976605558,0.03805765493392688
D61.20,D61,bg,2,3,0,0,January,27,2012,Female,White,,NA,,NA,,,No,"$100,000 to $150,000",0.7,0.3,bandit,6,11/19/20 15:12,5,0,20,1,2,0,1,0.7,0.0,0.625,1,1,52,1,20,0,0.33333,5,5,0.6283049328965302,0.03473024233151331,0.3650793648229851,0.3716950671034698,0.5601865469724289,0.8214046123625717,-0.6858847415822464,0.0,0.0,-0.38411710724963666,-0.2983469826934861,0.0,0.7071667479505864,0.0,0.0,0.010548418655924374,0.04693951219465814,0.0,0.02645945916832404,0.04569898997770172
D62.1,D62,gb,2,3,1,3,September,20,2012,Female,White,,NA,,NA,,,No,"$150,000 or more",0.3,0.7,bandit,5,11/10/20 14:02,5,4,1,1,4,1,0,0.3,0.625,0.5,1,1,53,0,1,0,0.33333,0,1,0.5,0.08333333333333334,NaN,-0.5,-0.35,0.4307829160924542,-0.6474466390346325,0.46153846153846156,0.6901856760188042,-0.04985714948732713,-0.0,0.05414517848247718,1.080623401661814,0.01977679773001184,0.0,0.05608974358974361,0.15628713806233663,1.1102230246251565e-16,0.010744810700342833,0.04891275394756678
D62.2,D62,gb,2,3,1,3,September,20,2012,Female,White,,NA,,NA,,,No,"$150,000 or more",0.3,0.7,bandit,5,11/10/20 14:02,5,4,2,2,4,0,0,0.7,0.625,0.5,2,1,53,0,2,0,0.33333,0,1,0.5,0.08333333333333334,NaN,-0.5,-0.35,0.4307829160924542,-0.6474466390346325,0.46153846153846156,0.6901856760188042,-0.04985714948732713,-0.0,0.05414517848247718,1.0774829680724232,0.01833391056308087,0.0,0.05608974358974361,0.13394708446621661,-1.1102230246251565e-16,0.010744810700342833,0.04059899259159849
D62.3,D62,gb,2,3,1,3,September,20,2012,Female,White,,NA,,NA,,,No,"$150,000 or more",0.3,0.7,bandit,5,11/10/20 14:02,5,4,3,1,4,1,0,0.3,0.625,0.5,1,1,53,0,3,0,0.33333,0,2,0.41025641025641024,0.0752794214332676,-3.324562949461316e-16,-0.41025641025641024,-0.28717948717948716,0.33852562543305503,-0.5996068847876723,0.420863309352518,0.6805691240005796,-0.1694605094257496,-0.04985714948732713,0.036406266819614855,1.0458702745532642,0.01072244135445044,0.0,0.03407149280575539,0.11788073157158668,-1.1102230246251565e-16,0.005618362421842993,0.03548348232171383
D62.4,D62,gb,2,3,1,3,September,20,2012,Female,White,,NA,,NA,,,No,"$150,000 or more",0.3,0.7,bandit,5,11/10/20 14:02,5,4,4,2,4,0,0,0.7,0.625,0.5,2,1,53,0,4,0,0.33333,0,2,0.41025641025641024,0.0752794214332676,-3.324562949461316e-16,-0.41025641025641024,-0.28717948717948716,0.33852562543305503,-0.5996068847876723,0.420863309352518,0.6805691240005796,-0.1694605094257496,-0.04985714948732713,0.036406266819614855,1.0227046623905056,0.011588969737196697,0.0,0.03407149280575539,0.09970908997597838,0.0,0.005618362421842993,0.030273433736216826
D62.5,D62,gb,2,3,1,3,September,20,2012,Female,White,,NA,,NA,,,No,"$150,000 or more",0.3,0.7,bandit,5,11/10/20 14:02,5,4,5,1,4,0,0,0.3,0.625,0.5,1,1,53,0,5,0,0.33333,0,3,0.3363309352517986,0.06242107033797423,-3.324562949461316e-16,-0.3363309352517986,-0.23543165467625898,0.2684438588858378,-0.5457566301170604,0.392378263937897,0.6698000343867989,-0.31724785272016875,-0.1694605094257496,0.02364311272114325,0.9855149311319237,0.006741482993852688,0.0,0.020047194777699395,0.08732584600923748,0.0,0.0027852297390044134,0.027458667353229327
D62.6,D62,gb,2,3,1,3,September,20,2012,Female,White,,NA,,NA,,,No,"$150,000 or more",0.3,0.7,bandit,5,11/10/20 14:02,5,4,6,2,1,0,1,0.7,0.625,0.5,2,1,53,1,6,0,0.33333,1,2,0.3363309352517986,0.06242107033797423,0.9999999999999997,0.6636690647482014,0.7645683453237411,1.4463346213347281,-0.5457566301170604,0.0,0.0,-0.06841932383907298,-0.1694605094257496,0.0,0.9771474727277741,0.0,0.0,0.06426804812834219,0.1157175857371815,0.0,0.01481901845025424,0.036723961302626784
D62.7,D62,gb,2,3,1,3,September,20,2012,Female,White,,NA,,NA,,,No,"$150,000 or more",0.3,0.7,bandit,5,11/10/20 14:02,5,4,7,1,1,0,1,0.3,0.625,0.5,1,1,53,1,7,0,0.33333,1,3,0.279181369089626,0.04955717505632367,0.9999999999999997,0.720818630910374,0.8045730416372618,1.6325685838808557,-0.4939971112220449,0.0,0.0,-0.10203826854156678,-0.31724785272016875,0.0,1.0860596093012498,0.0,0.0,0.04865188397952902,0.13784712833328427,0.0,0.008758474689475104,0.04263381354362694
D62.8,D62,gb,2,3,1,3,September,20,2012,Female,White,,NA,,NA,,,No,"$150,000 or more",0.3,0.7,bandit,5,11/10/20 14:02,5,4,8,2,4,1,0,0.7,0.625,0.5,2,1,53,0,8,0,0.33333,1,3,0.5219251336898396,0.059144956961880525,-0.47619047105696843,-0.5219251336898396,-0.3653475935828877,0.45467782143196556,-0.6564330821954864,0.4726996966632962,0.6916558259082752,-0.10203826854156678,-0.06841932383907298,0.04106553663963941,1.0863905376720442,0.012499802674472926,0.007254802831142604,0.05471699106841926,0.13654008058240813,0.0,0.008758474689474993,0.036598005543963086
D62.9,D62,gb,2,3,1,3,September,20,2012,Female,White,,NA,,NA,,,No,"$150,000 or more",0.3,0.7,bandit,5,11/10/20 14:02,5,4,9,1,4,0,1,0.3,0.625,0.5,1,1,53,1,9,0,0.33333,2,3,0.4566902595214021,0.05432581676727339,0.6428571428387222,0.5433097404785979,0.6803168183350186,1.140424830915753,-0.6266304181662299,0.0,0.0,-0.15524439974415,-0.10203826854156678,0.0,1.0676086113780954,0.0,0.0,0.04074319649446495,0.11000827465590701,0.0,0.016947837868224402,0.04482337583217211
D62.10,D62,gb,2,3,1,3,September,20,2012,Female,White,,NA,,NA,,,No,"$150,000 or more",0.3,0.7,bandit,5,11/10/20 14:02,5,4,10,2,4,0,0,0.7,0.625,0.5,2,1,53,0,10,0,0.33333,1,4,0.4566902595214021,0.05432581676727339,-0.3571428571612778,-0.4566902595214021,-0.31968318166498144,0.38519667999782625,-0.6266304181662299,0.44097101808273476,0.6861620599669113,-0.17234810551209448,-0.10203826854156678,0.029483822867364253,1.0263829264607027,0.009123332892126301,0.0,0.02240263861120212,0.10061766294818764,0.0,0.004910265140283365,0.0409609741075222
D62.11,D62,gb,2,3,1,3,September,20,2012,Female,White,,NA,,NA,,,No,"$150,000 or more",0.3,0.7,bandit,5,11/10/20 14:02,5,4,11,1,4,0,0,0.3,0.625,0.5,1,1,53,0,11,0,0.33333,2,4,0.5756457564575646,0.047783254585313385,-0.5714285714562882,-0.5756457564575646,-0.4029520295202952,0.5157578162553096,-0.6741904715742899,0.5024721878862793,0.6931349570842507,-0.16347278440718951,-0.15524439974415,0.04080248582851541,1.0555149743116599,0.01064559405038601,0.012870828182941885,0.05518984423284906,0.12227473815168982,1.1102230246251565e-16,0.010714598831219169,0.034716446537175205
D62.12,D62,gb,2,3,1,3,September,20,2012,Female,White,,NA,,NA,,,No,"$150,000 or more",0.3,0.7,bandit,5,11/10/20 14:02,5,4,12,2,3,0,0,0.7,0.625,0.5,2,1,53,0,12,0,0.33333,1,5,0.4007926678226405,0.04762632238369273,-0.28571428565276774,-0.4007926678226405,-0.28055486747584835,0.32927501334684905,-0.5934766051981659,0.41698801817931413,0.6793011794347656,-0.25972748712260824,-0.17234810551209448,0.02092826724170399,1.0156765260199703,0.00607422854276729,0.0,0.02070407819395964,0.11460147026345618,-1.1102230246251565e-16,0.002646806822436787,0.03245377806815675
D62.13,D62,gb,2,3,1,3,September,20,2012,Female,White,,NA,,NA,,,No,"$150,000 or more",0.3,0.7,bandit,5,11/10/20 14:02,5,4,13,1,4,1,0,0.3,0.625,0.5,1,1,53,0,13,0,0.33333,2,5,0.5196229913473425,0.04560793367823767,-0.47619047745101006,-0.5196229913473425,-0.3637360939431397,0.45214185507827664,-0.6555375630656881,0.47150246484858793,0.6915220810334448,-0.20362825923782923,-0.16347278440718951,0.030843711778198547,1.031621231800983,0.00767495524789874,0.006476602151582189,0.04930747436749716,0.11308405630872875,-1.1102230246251565e-16,0.006462497605224438,0.0282475114574281
D62.14,D62,gb,2,3,1,3,September,20,2012,Female,White,,NA,,NA,,,No,"$150,000 or more",0.3,0.7,bandit,5,11/10/20 14:02,5,4,14,2,4,0,1,0.7,0.625,0.5,2,1,53,1,14,0,0.33333,2,5,0.35445358766010193,0.040759615127719986,0.7619047638052191,0.6455464123398981,0.7518824886379287,1.3938528089046636,-0.5602575535492536,0.0,0.0,-0.20362825923782923,-0.25972748712260824,0.0,1.0850382736670123,0.0,0.0,0.04930747436749716,0.13148086992065727,0.0,0.00646249760522466,0.0318388341550887
D62.15,D62,gb,2,3,1,3,September,20,2012,Female,White,,NA,,NA,,,No,"$150,000 or more",0.3,0.7,bandit,5,11/10/20 14:02,5,4,15,1,4,1,0,0.3,0.625,0.5,1,1,53,0,15,0,0.33333,2,6,0.4694464006734824,0.04180549502855063,-0.4081632652444335,-0.4694464006734824,-0.32861248047143765,0.3984087833361684,-0.6331916582986538,0.44683583068487076,0.6874836226981821,-0.2618168853573195,-0.20362825923782923,0.023017317163043654,1.0700765642936416,0.006023261447754891,0.0,0.03457500435926297,0.12172889468244674,1.1102230246251565e-16,0.0037550782567966623,0.029352871057145125
D62.16,D62,gb,2,3,1,3,September,20,2012,Female,White,,NA,,NA,,,No,"$150,000 or more",0.3,0.7,bandit,5,11/10/20 14:02,5,4,16,2,4,0,1,0.7,0.625,0.5,2,1,53,1,16,0,0.33333,3,5,0.4694464006734824,0.04180549502855063,0.5918367347555664,0.5305535993265176,0.6713875195285623,1.1128760933593866,-0.6331916582986538,0.0,0.0,-0.23204795711695583,-0.20362825923782923,0.0,1.043458244651532,0.0,0.0,0.03845794661947788,0.10267459213316743,0.0,0.011994020808655748,0.034852534938643265
D62.17,D62,gb,2,3,1,3,September,20,2012,Female,White,,NA,,NA,,,No,"$150,000 or more",0.3,0.7,bandit,5,11/10/20 14:02,5,4,17,1,4,0,0,0.3,0.625,0.5,1,1,53,0,17,0,0.33333,2,7,0.4258592834441749,0.03740388601427415,-0.35714286246493915,-0.4258592834441749,-0.2981014984109224,0.35396647004063503,-0.6092471136463906,0.4274122245891805,0.682571878377868,-0.3279210278095386,-0.2618168853573195,0.01723390419259645,1.00702572212886,0.003921645734586532,0.0,0.014945627191414512,0.09705402902854582,0.0,0.0021207633021399497,0.0331989448355936
D62.18,D62,gb,2,3,1,3,September,20,2012,Female,White,,NA,,NA,,,No,"$150,000 or more",0.3,0.7,bandit,5,11/10/20 14:02,5,4,18,2,4,0,0,0.7,0.625,0.5,2,1,53,0,18,0,0.33333,3,6,0.5584991550850087,0.038986467927786546,-0.5357142853995882,-0.5584991550850087,-0.39094940855950605,0.4958539417497118,-0.6691708750090459,0.4925699181909603,0.693036764264588,-0.2581358322404613,-0.23204795711695583,0.030622856690614812,1.0330334919276702,0.00758647049362704,0.010586855083600355,0.050076976868332235,0.11393026911792326,-1.1102230246251565e-16,0.007603174371418109,0.02872626296233005
D62.19,D62,gb,2,3,1,3,September,20,2012,Female,White,,NA,,NA,,,No,"$150,000 or more",0.3,0.7,bandit,5,11/10/20 14:02,5,4,19,1,4,1,0,0.3,0.625,0.5,1,1,53,0,19,0,0.33333,2,8,0.38855656780834585,0.03308472734605146,-0.3174603175335317,-0.38855656780834585,-0.27198959746584206,0.31743994169226875,-0.5852277123049061,0.41208202376740644,0.6776073759493211,-0.3958724616618888,-0.3279210278095386,0.013090866400259957,1.0010016599644098,0.003494207924006454,0.0,0.014580246010452602,0.10924657170175978,0.0,0.0011726960853378765,0.02779074163337447
D62.20,D62,gb,2,3,1,3,September,20,2012,Female,White,,NA,,NA,,,No,"$150,000 or more",0.3,0.7,bandit,5,11/10/20 14:02,5,4,20,2,4,1,0,0.7,0.625,0.5,2,1,53,0,20,0,0.33333,3,7,0.5136908453436054,0.036582874441575465,-0.4761904768745908,-0.5136908453436054,-0.3595835917405238,0.44563667629606324,-0.6531782320549671,0.46844521178859255,0.6911544472276554,-0.30054682659624304,-0.2581358322404613,0.02361773156665936,1.0157604927354629,0.004892026863043908,0.004489387662585109,0.04403343047018615,0.10646667359285722,1.1102230246251565e-16,0.004658377691200477,0.024908624112173983
D63.1,D63,bg,3,2,4,2,January,14,2012,Female,White,,NA,,NA,,,No,,0.3,0.7,tycoon,13,11/3/20 15:06,5,6,1,1,3,0,1,0.3,0.625,0.75,1,2,54,1,1,0,0.33333,1,0,0.5,0.08333333333333334,NaN,0.5,0.3500000000000001,0.4307829160924544,-0.6474466390346325,0.46153846153846156,0.6901856760188042,-0.04985714948732713,-0.0,0.05414517848247718,1.080889095295541,0.01409433193494114,0.0,0.056089743589743724,0.13107336639004985,-1.1102230246251565e-16,0.010744810700342722,0.04891275394756722
D63.2,D63,bg,3,2,4,2,January,14,2012,Female,White,,NA,,NA,,,No,,0.3,0.7,tycoon,13,11/3/20 15:06,5,6,2,2,4,1,1,0.7,0.625,0.75,2,2,54,1,2,0,0.33333,1,0,0.5,0.08333333333333334,NaN,0.5,0.3500000000000001,0.4307829160924544,-0.6474466390346325,0.46153846153846156,0.6901856760188042,-0.04985714948732713,-0.0,0.05414517848247718,1.0830403030048914,0.013293712192332219,0.028994082840236635,0.08195307245743222,0.14653679006128928,0.0,0.010744810700342944,0.04059899259159849
D63.3,D63,bg,3,2,4,2,January,14,2012,Female,White,,NA,,NA,,,No,,0.3,0.7,tycoon,13,11/3/20 15:06,5,6,3,1,4,1,1,0.3,0.625,0.75,1,2,54,1,3,0,0.33333,2,0,0.5897435897435898,0.07527942143326759,1.505215796449022e-8,0.41025641025641024,0.28717948717948727,0.33852562543305514,-0.5996068847876724,0.420863309352518,0.6805691240005796,-0.1694605094257496,-0.04985714948732713,0.03640626681961483,1.0580706350682705,0.008936834081395562,-1.1102230246251565e-16,0.05279914869019675,0.10941149615205781,-1.1102230246251565e-16,0.005618362421842882,0.035483482321714055
D63.4,D63,bg,3,2,4,2,January,14,2012,Female,White,,NA,,NA,,,No,,0.3,0.7,tycoon,13,11/3/20 15:06,5,6,4,2,4,0,1,0.7,0.625,0.75,2,2,54,1,4,0,0.33333,2,0,0.5897435897435898,0.07527942143326759,1.505215796449022e-8,0.41025641025641024,0.28717948717948727,0.33852562543305514,-0.5996068847876724,0.420863309352518,0.6805691240005796,-0.1694605094257496,-0.04985714948732713,0.03640626681961483,1.0519242523249115,0.00860605749506016,0.021778764039128373,0.07282697295335983,0.12143955345007695,0.0,0.005618362421842882,0.030273433736216937
D63.5,D63,bg,3,2,4,2,January,14,2012,Female,White,,NA,,NA,,,No,,0.3,0.7,tycoon,13,11/3/20 15:06,5,6,5,1,3,0,0,0.3,0.625,0.75,1,2,54,0,5,0,0.33333,2,1,0.6636690647482014,0.06242107033797422,-0.999999984947842,-0.6636690647482014,-0.764568345323741,1.446334621334728,-0.5457566301170604,0.0,0.0,-0.06841932383907297,-0.1694605094257496,0.0,1.0027060516162971,0.0,0.0,0.02225088802240316,0.0864396159158386,0.0,0.014819018450254129,0.039540933332995576
D63.6,D63,bg,3,2,4,2,January,14,2012,Female,White,,NA,,NA,,,No,,0.3,0.7,tycoon,13,11/3/20 15:06,5,6,6,2,3,0,0,0.7,0.625,0.75,2,2,54,0,6,0,0.33333,2,1,0.6636690647482014,0.06242107033797422,-0.999999984947842,-0.6636690647482014,-0.764568345323741,1.446334621334728,-0.5457566301170604,0.0,0.0,-0.06841932383907297,-0.1694605094257496,0.0,1.0935173043403315,0.0,0.0,0.06426804812834219,0.14728976123111337,0.0,0.014819018450254129,0.04874515249334843
D63.7,D63,bg,3,2,4,2,January,14,2012,Female,White,,NA,,NA,,,No,,0.3,0.7,tycoon,13,11/3/20 15:06,5,6,7,1,3,0,0,0.3,0.625,0.75,1,2,54,0,7,0,0.33333,2,2,0.47807486631016044,0.059144956961880525,-0.5238095260079766,-0.47807486631016044,-0.6346524064171123,1.0069060673742722,-0.6564330821954864,0.0,0.0,-0.19334888655015936,-0.06841932383907297,0.0,1.0458469731919673,0.0,0.0,0.028195440573770547,0.12488367561079927,0.0,0.025346906821584136,0.059289222123003804
D63.8,D63,bg,3,2,4,2,January,14,2012,Female,White,,NA,,NA,,,No,,0.3,0.7,tycoon,13,11/3/20 15:06,5,6,8,2,4,1,1,0.7,0.625,0.75,2,2,54,1,8,0,0.33333,3,1,0.47807486631016044,0.059144956961880525,0.4761904739920234,0.5219251336898396,0.3653475935828877,0.45467782143196556,-0.6564330821954864,0.4726996966632962,0.6916558259082752,-0.10203826854156672,-0.06841932383907297,0.041065536639639334,1.0184266080259707,0.00953749853666297,0.007254802831142548,0.054716991068419096,0.11073327553551782,0.0,0.008758474689474882,0.053223245693582166
D63.9,D63,bg,3,2,4,2,January,14,2012,Female,White,,NA,,NA,,,No,,0.3,0.7,tycoon,13,11/3/20 15:06,5,6,9,1,4,1,1,0.3,0.625,0.75,1,2,54,1,9,0,0.33333,3,2,0.3647540983606557,0.047282316581564086,0.7142857148445421,0.6352459016393444,0.444672131147541,0.5881965849734463,-0.6870122784419204,0.5402214022140222,0.6899081595689575,-0.15524439974414975,-0.19334888655015936,0.052273613770171964,1.0583672239545787,0.008721022237353493,0.0,0.030217962326065217,0.11761181318722125,1.1102230246251565e-16,0.01694783786822429,0.04482337583217155
D63.10,D63,bg,3,2,4,2,January,14,2012,Female,White,,NA,,NA,,,No,,0.3,0.7,tycoon,13,11/3/20 15:06,5,6,10,2,4,1,1,0.7,0.625,0.75,2,2,54,1,10,0,0.33333,4,1,0.5433097404785979,0.054325816767273404,0.3571428585841654,0.4566902595214021,0.31968318166498144,0.38519667999782625,-0.6266304181662299,0.44097101808273464,0.6861620599669114,-0.17234810551209429,-0.10203826854156672,0.029483822867364385,1.0229041485083339,0.00817662499987093,0.0,0.036400986190240014,0.0927896009355863,0.0,0.004910265140283254,0.04096097410752175
D63.11,D63,bg,3,2,4,2,January,14,2012,Female,White,,NA,,NA,,,No,,0.3,0.7,tycoon,13,11/3/20 15:06,5,6,11,1,4,0,0,0.3,0.625,0.75,1,2,54,0,11,0,0.33333,3,3,0.42435424354243534,0.04778325458531338,-0.42857142854178476,-0.42435424354243534,-0.5970479704797047,0.908937757568896,-0.6741904715742899,0.0,0.0,-0.2704986715529007,-0.15524439974414975,0.0,0.9409623518321603,0.0,0.0,0.0075657392734468365,0.08353749731095206,0.0,0.026183534536607267,0.050177937055702726
D63.12,D63,bg,3,2,4,2,January,14,2012,Female,White,,NA,,NA,,,No,,0.3,0.7,tycoon,13,11/3/20 15:06,5,6,12,2,4,0,1,0.7,0.625,0.75,2,2,54,1,12,0,0.33333,5,1,0.5992073321773594,0.04762632238369273,0.2857142856774214,0.40079266782264056,0.28055486747584846,0.3292750133468492,-0.593476605198166,0.4169880181793142,0.6793011794347656,-0.2597274871226082,-0.17234810551209429,0.020928267241703907,0.8914329916520767,0.008645552195315709,0.0,0.02371755394293995,0.06613301237766078,1.1102230246251565e-16,0.002646806822436676,0.04791557619065734
D63.13,D63,bg,3,2,4,2,January,14,2012,Female,White,,NA,,NA,,,No,,0.3,0.7,tycoon,13,11/3/20 15:06,5,6,13,1,4,1,1,0.3,0.625,0.75,1,2,54,1,13,0,0.33333,4,3,0.34134615384615385,0.039465709237343854,0.7142857142875965,0.6586538461538461,0.46105769230769234,0.6181467496232038,-0.6901111000621384,0.5566458519179305,0.6867158763883532,-0.23266054424133242,-0.2704986715529007,0.04898243375673989,0.937440655393976,0.007510514425017378,0.0,0.006896309410463486,0.06918255153400488,1.1102230246251565e-16,0.0181525698768511,0.03990053304097829
D63.14,D63,bg,3,2,4,2,January,14,2012,Female,White,,NA,,NA,,,No,,0.3,0.7,tycoon,13,11/3/20 15:06,5,6,14,2,4,0,1,0.7,0.625,0.75,2,2,54,1,14,0,0.33333,6,1,0.6455464123398981,0.040759615127719986,0.2380952380415915,0.35445358766010193,0.24811751136207139,0.28517523235209896,-0.5602575535492537,0.3989985197600019,0.6726035116269358,-0.3515540175161786,-0.2597274871226082,0.014991388876458484,0.8799470154175795,0.003888368866062697,0.0,0.015273006466915318,0.055440093365659915,0.0,0.0013876500814307136,0.03863640596246376
D63.15,D63,bg,3,2,4,2,January,14,2012,Female,White,,NA,,NA,,,No,,0.3,0.7,tycoon,13,11/3/20 15:06,5,6,15,1,3,0,0,0.3,0.625,0.75,1,2,54,0,15,0,0.33333,4,4,0.3926058083060759,0.04015149105953348,-0.38775510210223463,-0.3926058083060759,-0.5748240658142532,0.8552522329266845,-0.6819077269415073,0.0,0.0,-0.3323582090113898,-0.23266054424133242,0.0,0.8049303234923098,0.0,0.0,0.0013985344270742717,0.051643232833521124,0.0,0.02647872836857279,0.04694119526895202
D63.16,D63,bg,3,2,4,2,January,14,2012,Female,White,,NA,,NA,,,No,,0.3,0.7,tycoon,13,11/3/20 15:06,5,6,16,2,4,0,1,0.7,0.625,0.75,2,2,54,1,16,0,0.33333,7,1,0.6834934732444427,0.034610861210659885,0.20408163278799452,0.31650652675555735,0.22155456872889023,0.2504563848711786,-0.5288684970379889,0.3853834680616409,0.6666381984584691,-0.44134935429539246,-0.3515540175161786,0.010976855356239747,0.7500573331718536,0.0026163986481893,0.0,0.009779434731691516,0.04208594998358739,0.0,0.0007138511185812435,0.046224908986341684
D63.17,D63,bg,3,2,4,2,January,14,2012,Female,White,,NA,,NA,,,No,,0.3,0.7,tycoon,13,11/3/20 15:06,5,6,17,1,4,0,1,0.3,0.625,0.75,1,2,54,1,17,0,0.33333,5,4,0.3265013054830287,0.03412457714895185,0.7142857185519872,0.6734986945169713,0.47144908616187997,0.6376161418159372,-0.6915159840708771,0.5675895966606564,0.6839824415260298,-0.29834698269348603,-0.3323582090113898,0.04580354591985161,0.7877133695652028,0.0030080840086268434,0.0,0.0013160714850637412,0.04339746188544846,-1.1102230246251565e-16,0.018834413864569965,0.038575883923849696
D63.18,D63,bg,3,2,4,2,January,14,2012,Female,White,,NA,,NA,,,No,,0.3,0.7,tycoon,13,11/3/20 15:06,5,6,18,2,3,0,0,0.7,0.625,0.75,2,2,54,0,18,0,0.33333,7,2,0.7146165319383592,0.029443897016384266,-0.8214285657677198,-0.7146165319383592,-0.8002315723568514,1.6105964450581896,-0.5000812284566655,0.0,0.0,-0.32792102780953847,-0.44134935429539246,0.0,0.9428710313879665,0.0,0.0,0.02392097920554459,0.07359244121397746,0.0,0.0021207633021400607,0.03972832559937145
D63.19,D63,bg,3,2,4,2,January,14,2012,Female,White,,NA,,NA,,,No,,0.3,0.7,tycoon,13,11/3/20 15:06,5,6,19,1,3,0,0,0.3,0.625,0.75,1,2,54,0,19,0,0.33333,5,5,0.3716950671034698,0.03473024233151331,-0.36507936483366443,-0.3716950671034698,-0.5601865469724288,0.8214046123625715,-0.6858847415822464,0.0,0.0,-0.38411710724963677,-0.29834698269348603,0.0,0.8772729051761229,0.0,0.0,0.002583455071795804,0.0698194405340149,0.0,0.026459458231194666,0.047619493365494314
D63.20,D63,bg,3,2,4,2,January,14,2012,Female,White,,NA,,NA,,,No,,0.3,0.7,tycoon,13,11/3/20 15:06,5,6,20,2,4,1,1,0.7,0.625,0.75,2,2,54,1,20,0,0.33333,8,2,0.6114434321916543,0.03308472734605146,0.31746031753158344,0.3885565678083457,0.27198959746584195,0.31743994169226863,-0.5852277123049061,0.41208202376740644,0.6776073759493211,-0.3958724616618888,-0.32792102780953847,0.01309086640026002,0.8324644211092131,0.0036023624631869033,0.0,0.016406831736663463,0.05884039553113474,1.1102230246251565e-16,0.0011726960853379875,0.046680651488946734
D64.1,D64,bg,3,4,4,3,August,9,2012,Female,White,,NA,,NA,,,No,"$100,000 to $150,000",0.3,0.7,tycoon,16,11/3/20 10:14,7,7,1,1,3,0,1,0.3,0.875,0.875,1,2,55,1,1,0,0.33333,1,0,0.5,0.08333333333333334,NaN,0.5,0.3500000000000001,0.4307829160924544,-0.6474466390346325,0.46153846153846156,0.6901856760188042,-0.04985714948732713,-0.0,0.05414517848247718,1.080889095295541,0.01409433193494114,0.0,0.056089743589743724,0.13107336639004985,-1.1102230246251565e-16,0.010744810700342722,0.04891275394756722
D64.2,D64,bg,3,4,4,3,August,9,2012,Female,White,,NA,,NA,,,No,"$100,000 to $150,000",0.3,0.7,tycoon,16,11/3/20 10:14,7,7,2,1,4,1,1,0.3,0.875,0.875,1,2,55,1,2,0,0.33333,2,0,0.5897435897435898,0.07527942143326759,1.505215796449022e-8,0.41025641025641024,0.28717948717948727,0.33852562543305514,-0.5996068847876724,0.420863309352518,0.6805691240005796,-0.1694605094257496,-0.04985714948732713,0.03640626681961483,1.0376090912334721,0.009559642694166648,-1.1102230246251565e-16,0.03407149280575539,0.09687372448489084,-1.1102230246251565e-16,0.005618362421843104,0.04378612586327624
D64.3,D64,bg,3,4,4,3,August,9,2012,Female,White,,NA,,NA,,,No,"$100,000 to $150,000",0.3,0.7,tycoon,16,11/3/20 10:14,7,7,3,2,4,1,1,0.7,0.875,0.875,2,2,55,1,3,0,0.33333,1,0,0.5,0.08333333333333334,NaN,0.5,0.3500000000000001,0.4307829160924544,-0.6474466390346325,0.46153846153846156,0.6901856760188042,-0.04985714948732713,-0.0,0.05414517848247718,1.0580706350682705,0.01222718476973883,0.0011298653384984592,0.05612991803256817,0.10941149615205781,-1.1102230246251565e-16,0.01074481070034261,0.035483482321714055
D64.4,D64,bg,3,4,4,3,August,9,2012,Female,White,,NA,,NA,,,No,"$100,000 to $150,000",0.3,0.7,tycoon,16,11/3/20 10:14,7,7,4,1,4,1,1,0.3,0.875,0.875,1,2,55,1,4,0,0.33333,3,0,0.6636690647482014,0.06242107033797422,1.505215796449022e-8,0.3363309352517986,0.23543165467625904,0.268443858885838,-0.5457566301170604,0.392378263937897,0.6698000343867989,-0.31724785272016875,-0.1694605094257496,0.02364311272114325,1.0183657729665658,0.005873411078627155,0.0,0.033246493585231573,0.08230607969328485,0.0,0.0027852297390043024,0.032598367409614526
D64.5,D64,bg,3,4,4,3,August,9,2012,Female,White,,NA,,NA,,,No,"$100,000 to $150,000",0.3,0.7,tycoon,16,11/3/20 10:14,7,7,5,2,4,0,1,0.7,0.875,0.875,2,2,55,1,5,0,0.33333,2,0,0.5897435897435898,0.07527942143326759,1.505215796449022e-8,0.41025641025641024,0.28717948717948727,0.33852562543305514,-0.5996068847876724,0.420863309352518,0.6805691240005796,-0.1694605094257496,-0.04985714948732713,0.03640626681961483,1.028028116721174,0.008563816524521206,0.0,0.05158120071316741,0.09215360279974905,-1.1102230246251565e-16,0.005618362421843104,0.027458667353229327
D64.6,D64,bg,3,4,4,3,August,9,2012,Female,White,,NA,,NA,,,No,"$100,000 to $150,000",0.3,0.7,tycoon,16,11/3/20 10:14,7,7,6,1,3,0,0,0.3,0.875,0.875,1,2,55,0,6,0,0.33333,3,1,0.720818630910374,0.049557175056323656,-0.999999984947842,-0.720818630910374,-0.8045730416372618,1.632568583880856,-0.4939971112220449,0.0,0.0,-0.10203826854156672,-0.31724785272016875,0.0,1.0337950245174934,0.0,0.0,0.031152324557580657,0.094257787752835,0.0,0.008758474689475104,0.03343663653859308
D64.7,D64,bg,3,4,4,3,August,9,2012,Female,White,,NA,,NA,,,No,"$100,000 to $150,000",0.3,0.7,tycoon,16,11/3/20 10:14,7,7,7,2,4,1,1,0.7,0.875,0.875,2,2,55,1,7,0,0.33333,3,0,0.6636690647482014,0.06242107033797422,1.505215796449022e-8,0.3363309352517986,0.23543165467625904,0.268443858885838,-0.5457566301170604,0.392378263937897,0.6698000343867989,-0.31724785272016875,-0.1694605094257496,0.02364311272114325,0.9706086282198326,0.007283368675897961,0.0,0.025788798864587625,0.06902473571830292,0.0,0.0027852297390041914,0.03059498892497481
D64.8,D64,bg,3,4,4,3,August,9,2012,Female,White,,NA,,NA,,,No,"$100,000 to $150,000",0.3,0.7,tycoon,16,11/3/20 10:14,7,7,8,2,4,0,1,0.7,0.875,0.875,2,2,55,1,8,0,0.33333,4,0,0.720818630910374,0.049557175056323656,1.505215796449022e-8,0.279181369089626,0.19542695836273816,0.21744352532572367,-0.4939971112220449,0.3728685706266227,0.6604647503197693,-0.4669270480222721,-0.31724785272016875,0.015384672502538485,0.9039267988483279,0.004831987568287177,0.0,0.015516065923817934,0.051424861541056854,-1.1102230246251565e-16,0.001334355288117095,0.026501916157903094
D64.9,D64,bg,3,4,4,3,August,9,2012,Female,White,,NA,,NA,,,No,"$100,000 to $150,000",0.3,0.7,tycoon,16,11/3/20 10:14,7,7,9,2,4,1,1,0.7,0.875,0.875,2,2,55,1,9,0,0.33333,5,0,0.7639346946413117,0.038886415120984216,1.505215796449022e-8,0.2360653053586883,0.16524571375108188,0.1806178654019626,-0.4482669879861906,0.35938719326388935,0.6530647926105785,-0.6068721402139434,-0.4669270480222721,0.010280655290413887,0.839397472892289,0.002936410327299188,0.0,0.009333958112341945,0.0392538541409444,1.1102230246251565e-16,0.0006264767647730096,0.02844523100242835
D64.10,D64,bg,3,4,4,3,August,9,2012,Female,White,,NA,,NA,,,No,"$100,000 to $150,000",0.3,0.7,tycoon,16,11/3/20 10:14,7,7,10,1,3,0,0,0.3,0.875,0.875,1,2,55,0,10,0,0.33333,3,2,0.5433097404785979,0.054325816767273404,-0.6428571414158346,-0.5433097404785979,-0.6803168183350186,1.140424830915753,-0.6266304181662299,0.0,0.0,-0.15524439974414975,-0.10203826854156672,0.0,0.7132901933363893,0.0,0.0,0.0016977341969608428,0.031141788670748793,0.0,0.01694783786822418,0.03336942358278305
D64.11,D64,bg,3,4,4,3,August,9,2012,Female,White,,NA,,NA,,,No,"$100,000 to $150,000",0.3,0.7,tycoon,16,11/3/20 10:14,7,7,11,2,4,1,1,0.7,0.875,0.875,2,2,55,1,11,0,0.33333,6,0,0.79654368034297,0.030721348426171222,1.505215796449022e-8,0.20345631965703004,0.142419423759921,0.15364013789587988,-0.40933124792562936,0.3498213559305421,0.6473359812057708,-0.733891270595349,-0.6068721402139434,0.007140690214164802,0.648778758059897,0.0019335960164363897,0.0,0.003899166658881348,0.02409354167623612,1.1102230246251565e-16,0.0002909575578294854,0.03465772924278787
D64.12,D64,bg,3,4,4,3,August,9,2012,Female,White,,NA,,NA,,,No,"$100,000 to $150,000",0.3,0.7,tycoon,16,11/3/20 10:14,7,7,12,1,4,0,1,0.3,0.875,0.875,1,2,55,1,12,0,0.33333,4,2,0.42435424354243534,0.04778325458531338,0.5714285714582152,0.5756457564575647,0.4029520295202953,0.5157578162553097,-0.6741904715742899,0.5024721878862793,0.6931349570842507,-0.1634727844071895,-0.15524439974414975,0.04080248582851545,0.690221749665654,0.003115774081301703,0.0,0.0016110144507728297,0.025748186754358526,1.1102230246251565e-16,0.010714598831219058,0.030079765264537373
D64.13,D64,bg,3,4,4,3,August,9,2012,Female,White,,NA,,NA,,,No,"$100,000 to $150,000",0.3,0.7,tycoon,16,11/3/20 10:14,7,7,13,2,4,0,1,0.7,0.875,0.875,2,2,55,1,13,0,0.33333,7,0,0.8216199757887049,0.024639008868067025,1.505215796449022e-8,0.17838002421129506,0.12486601694790656,0.13337828085862052,-0.376509360186612,0.3428046514131793,0.6428782832701956,-0.8483851947647142,-0.733891270595349,0.005168063639247128,0.6326897425802318,0.001411402731839484,0.0,0.0022763224981737773,0.02038138188302574,-1.1102230246251565e-16,0.0001344773021747514,0.029960880164481396
D64.14,D64,bg,3,4,4,3,August,9,2012,Female,White,,NA,,NA,,,No,"$100,000 to $150,000",0.3,0.7,tycoon,16,11/3/20 10:14,7,7,14,1,4,0,1,0.3,0.875,0.875,1,2,55,1,14,0,0.33333,5,2,0.48037700865265753,0.04560793367823767,0.4761904749682757,0.5196229913473425,0.36373609394313977,0.45214185507827664,-0.6555375630656881,0.4715024648485879,0.6915220810334448,-0.20362825923782918,-0.1634727844071895,0.030843711778198588,0.671062502549042,0.0021162678430125537,0.0,0.0015351967690047097,0.021829820829212587,-1.1102230246251565e-16,0.006462497605224549,0.025720524823924507
D64.15,D64,bg,3,4,4,3,August,9,2012,Female,White,,NA,,NA,,,No,"$100,000 to $150,000",0.3,0.7,tycoon,16,11/3/20 10:14,7,7,15,1,4,0,0,0.3,0.875,0.875,1,2,55,0,15,0,0.33333,5,3,0.5305535993265176,0.04180549502855063,-0.5918367347492508,-0.5305535993265176,-0.6713875195285623,1.1128760933593866,-0.6331916582986538,0.0,0.0,-0.23204795711695592,-0.20362825923782918,0.0,0.5792697873176726,0.0,0.0,0.00029886522864264187,0.01860765990634261,0.0,0.011994020808655859,0.030493883417816448
D64.16,D64,bg,3,4,4,3,August,9,2012,Female,White,,NA,,NA,,,No,"$100,000 to $150,000",0.3,0.7,tycoon,16,11/3/20 10:14,7,7,16,2,4,1,1,0.7,0.875,0.875,2,2,55,1,16,0,0.33333,8,0,0.8413281650964677,0.020105567336820347,1.505215796449022e-8,0.15867183490353232,0.11107028443247269,0.117737106697666,-0.3487471907122933,0.33748449933240043,0.6393528446283399,-0.9518700138075946,-0.8483851947647142,0.0038855878989021916,0.5305656014330139,0.0010077624555755449,-2.220446049250313e-16,0.0013388211464797628,0.015060614402624517,0.0,6.208726336365267e-5,0.03089756414016598
D64.17,D64,bg,3,4,4,3,August,9,2012,Female,White,,NA,,NA,,,No,"$100,000 to $150,000",0.3,0.7,tycoon,16,11/3/20 10:14,7,7,17,2,4,0,1,0.7,0.875,0.875,2,2,55,1,17,0,0.33333,9,0,0.8571605721915424,0.016681943353757375,1.505215796449022e-8,0.1428394278084576,0.09998759946592028,0.1053467373815475,-0.325055725778869,0.33332874060621376,0.6365109848114991,-1.0459800384016793,-0.9518700138075946,0.0030188368776117094,0.48895057852969226,0.0007270209587185716,1.1102230246251565e-16,0.000793302669737761,0.012398931570846594,0.0,2.8698256169135128e-5,0.03095066065791119
D64.18,D64,bg,3,4,4,3,August,9,2012,Female,White,,NA,,NA,,,No,"$100,000 to $150,000",0.3,0.7,tycoon,16,11/3/20 10:14,7,7,18,2,4,0,1,0.7,0.875,0.875,2,2,55,1,18,0,0.33333,10,0,0.8701352382524774,0.014050404245660245,1.505215796449022e-8,0.1298647617475226,0.09090533322326588,0.09530604635846003,-0.304627444872445,0.3299986359656837,0.6341776697192767,-1.132152519295117,-1.0459800384016793,0.0024104672082337006,0.4531052321550948,0.0005268964984171953,0.0,0.0004733372925120882,0.01037030029361885,1.1102230246251565e-16,1.3297653131627563e-5,0.030802136618384046
D64.19,D64,bg,3,4,4,3,August,9,2012,Female,White,,NA,,NA,,,No,"$100,000 to $150,000",0.3,0.7,tycoon,16,11/3/20 10:14,7,7,19,1,4,0,0,0.3,0.875,0.875,1,2,55,0,19,0,0.33333,5,4,0.4415008449149912,0.03898646792778655,-0.46428571459219226,-0.4415008449149912,-0.6090505914404938,0.9391771172417487,-0.669170875009046,0.0,0.0,-0.29834698269348603,-0.23204795711695592,0.0,0.4111292856249859,0.0,0.0,1.0897232729734085e-5,0.00970452465847993,0.0,0.018834413864570076,0.03787580711938843
D64.20,D64,bg,3,4,4,3,August,9,2012,Female,White,,NA,,NA,,,No,"$100,000 to $150,000",0.3,0.7,tycoon,16,11/3/20 10:14,7,7,20,2,4,0,1,0.7,0.875,0.875,2,2,55,1,20,0,0.33333,11,0,0.8809540048027575,0.01199050707709389,1.505215796449022e-8,0.11904599519724246,0.08333219663806979,0.08701013695920201,-0.28683325737150434,0.3272723214448389,0.6322300853604221,-1.211572608873105,-1.132152519295117,0.00196861056698144,0.38418275570295424,0.00032862671048783376,-1.1102230246251565e-16,0.00028420233581927246,0.008259636936621684,-1.1102230246251565e-16,6.1829147072201e-6,0.03787124277953391
D65.1,D65,gb,2,2,2,2,May,17,2012,Male,White,,NA,,NA,,,No,"$40,000 to $59,999",0.7,0.3,bandit,9,11/3/20 16:24,4,4,1,1,1,0,1,0.7,0.5,0.5,1,1,56,1,1,0,0.33333,1,0,0.5,0.08333333333333334,NaN,0.5,0.65,1.0498221244986778,-0.6474466390346325,0.0,0.0,-0.19314718051535087,-0.0,0.0,1.0395227301348458,0.0,0.0,0.02916666666666673,0.09337631661957463,0.0,0.03446712009808295,0.0726194368128843
D65.2,D65,gb,2,2,2,2,May,17,2012,Male,White,,NA,,NA,,,No,"$40,000 to $59,999",0.7,0.3,bandit,9,11/3/20 16:24,4,4,2,2,1,0,0,0.3,0.5,0.5,2,1,56,0,2,0,0.33333,0,1,0.5,0.08333333333333334,NaN,-0.5,-0.35,0.4307829160924542,-0.6474466390346325,0.46153846153846156,0.6901856760188042,-0.04985714948732713,-0.0,0.05414517848247718,0.9834546805647766,0.02021157903690307,-5.551115123125783e-17,0.02260209223861731,0.08100465964317666,0.0,0.010744810700342833,0.06432290630777049
D65.3,D65,gb,2,2,2,2,May,17,2012,Male,White,,NA,,NA,,,No,"$40,000 to $59,999",0.7,0.3,bandit,9,11/3/20 16:24,4,4,3,1,1,0,1,0.7,0.5,0.5,1,1,56,1,3,0,0.33333,2,0,0.6666666666666666,0.05555555555555555,1.505215796449022e-8,0.33333333333333337,0.5333333333333334,0.7621400520468968,-0.6909233093138181,0.0,0.0,-0.4319456220025853,-0.19314718051535087,0.0,0.873213941153186,0.0,0.0,0.010937500000000044,0.04935747729683282,0.0,0.030369290483701628,0.06022302290725445
D65.4,D65,gb,2,2,2,2,May,17,2012,Male,White,,NA,,NA,,,No,"$40,000 to $59,999",0.7,0.3,bandit,9,11/3/20 16:24,4,4,4,2,1,0,0,0.3,0.5,0.5,2,1,56,0,4,0,0.33333,0,2,0.41025641025641024,0.0752794214332676,-3.324562949461316e-16,-0.41025641025641024,-0.28717948717948716,0.33852562543305503,-0.5996068847876723,0.420863309352518,0.6805691240005796,-0.1694605094257496,-0.04985714948732713,0.036406266819614855,0.7944512729668531,0.012475051736189124,0.0,0.006142507868705072,0.043427368375420605,-1.1102230246251565e-16,0.005618362421842882,0.05509240340306887
D65.5,D65,gb,2,2,2,2,May,17,2012,Male,White,,NA,,NA,,,No,"$40,000 to $59,999",0.7,0.3,bandit,9,11/3/20 16:24,4,4,5,1,1,0,1,0.7,0.5,0.5,1,1,56,1,5,0,0.33333,3,0,0.7499999999999999,0.0375,1.505215796449022e-8,0.2500000000000001,0.4750000000000001,0.6443570163905135,-0.69189665920508,0.0,0.0,-0.6362943611237484,-0.4319456220025853,0.0,0.6978018761901223,0.0,0.0,0.004375000000000129,0.029001953992635165,0.0,0.01735388024186335,0.04208232328923833
D65.6,D65,gb,2,2,2,2,May,17,2012,Male,White,,NA,,NA,,,No,"$40,000 to $59,999",0.7,0.3,bandit,9,11/3/20 16:24,4,4,6,1,1,1,0,0.7,0.5,0.5,1,1,56,0,6,0,0.33333,3,1,0.7999999999999998,0.026666666666666665,-0.999999984947842,-0.7999999999999998,-0.5599999999999998,0.8209805520698298,-0.6859298002523729,0.6818181818181819,0.6254913597255729,-0.4771264074380406,-0.6362943611237484,0.07201941066260562,0.7809235713766847,0.013560999235191273,1.1102230246251565e-16,0.007623106060606233,0.039601258767938075,0.007070707070707116,0.026293757975137666,0.050985204730533584
D65.7,D65,gb,2,2,2,2,May,17,2012,Male,White,,NA,,NA,,,No,"$40,000 to $59,999",0.7,0.3,bandit,9,11/3/20 16:24,4,4,7,1,1,0,1,0.7,0.5,0.5,1,1,56,1,7,0,0.33333,4,1,0.7575757575757575,0.03213957759412305,1.505215796449022e-8,0.24242424242424254,0.46969696969696983,0.6343066805370121,-0.6913095073117436,0.0,0.0,-0.6489796303354988,-0.4771264074380406,0.0,0.6971034628754291,0.0,0.0,0.0032812500000001243,0.02796627908975391,0.0,0.015937236943684208,0.04061289688420877
D65.8,D65,gb,2,2,2,2,May,17,2012,Male,White,,NA,,NA,,,No,"$40,000 to $59,999",0.7,0.3,bandit,9,11/3/20 16:24,4,4,8,1,4,0,0,0.7,0.5,0.5,1,1,56,0,8,0,0.33333,4,2,0.8,0.024285714285714285,-0.999999984947842,-0.8,-0.5599999999999999,0.8209805520698301,-0.6859298002523729,0.6818181818181818,0.6254913597255729,-0.5101222662015851,-0.6489796303354988,0.06702610000944402,0.7741408728254622,0.011981083143384641,-1.1102230246251565e-16,0.005624112215909083,0.037232217653860755,0.005303030303030254,0.02364425938695247,0.04835206982843465
D65.9,D65,gb,2,2,2,2,May,17,2012,Male,White,,NA,,NA,,,No,"$40,000 to $59,999",0.7,0.3,bandit,9,11/3/20 16:24,4,4,9,1,4,0,1,0.7,0.5,0.5,1,1,56,1,9,0,0.33333,5,2,0.7613636363636364,0.028550521448248718,0.04761904785112536,0.23863636363636365,0.46704545454545454,0.6293191390259728,-0.6909736011549141,0.0,0.0,-0.6581288660787332,-0.5101222662015851,0.0,0.6998795374682625,0.0,0.0,0.002548779539800927,0.02740974421645126,0.0,0.01494548594779288,0.03960195186286053
D65.10,D65,gb,2,2,2,2,May,17,2012,Male,White,,NA,,NA,,,No,"$40,000 to $59,999",0.7,0.3,bandit,9,11/3/20 16:24,4,4,10,1,1,0,1,0.7,0.5,0.5,1,1,56,1,10,0,0.33333,6,2,0.7988628287135751,0.022514698312680683,1.505215796449022e-8,0.20113717128642494,0.44079601990049755,0.5812409705994851,-0.6861204844033757,0.0,0.0,-0.7944328213738394,-0.6581288660787332,0.0,0.6354225474651403,0.0,0.0,0.0011642988211746363,0.020813630280608897,0.0,0.009565222953477726,0.03425167221313019
D65.11,D65,gb,2,2,2,2,May,17,2012,Male,White,,NA,,NA,,,No,"$40,000 to $59,999",0.7,0.3,bandit,9,11/3/20 16:24,4,4,11,1,1,1,0,0.7,0.5,0.5,1,1,56,0,11,0,0.33333,6,3,0.8270462633451958,0.018032653634533047,-0.999999984947842,-0.8270462633451958,-0.5789323843416371,0.8649618509312016,-0.6806342591671357,0.712474645030426,0.5999210287744168,-0.6658193156697767,-0.7944328213738394,0.062292625800241475,0.7029361078314509,0.009324021724704923,-1.1102230246251565e-16,0.0020288004902442314,0.027083836242117854,0.0,0.01421305747635615,0.03887061884655718
D65.12,D65,gb,2,2,2,2,May,17,2012,Male,White,,NA,,NA,,,No,"$40,000 to $59,999",0.7,0.3,bandit,9,11/3/20 16:24,4,4,12,1,1,1,0,0.7,0.5,0.5,1,1,56,0,12,0,0.33333,6,4,0.7970680435183478,0.021107329625411838,-0.9523809521085933,-0.7970680435183478,-0.5579476304628435,0.8163269208072701,-0.6864162092075873,0.6786526227969548,0.6278809041319408,-0.5592853255250018,-0.6658193156697767,0.058864996219997315,0.7690216073225598,0.008779968426367968,-1.1102230246251565e-16,0.0033818087032639887,0.03471200920647788,0.0031836247552172736,0.020370075314836256,0.045072073663917966
D65.13,D65,gb,2,2,2,2,May,17,2012,Male,White,,NA,,NA,,,No,"$40,000 to $59,999",0.7,0.3,bandit,9,11/3/20 16:24,4,4,13,1,1,1,0,0.7,0.5,0.5,1,1,56,0,13,0,0.33333,6,5,0.763644106093788,0.02385463966098025,-0.8571428590270573,-0.763644106093788,-0.5345508742656515,0.7647524777448559,-0.6907577510031866,0.6445387549642165,0.6507619693256061,-0.47983874945306637,-0.5592853255250018,0.05361014496329636,0.8309099772694912,0.008074458816351271,0.0,0.005377449260598688,0.04361739255823083,0.008554263202375623,0.028087181356815316,0.052795642692598066
D65.14,D65,gb,2,2,2,2,May,17,2012,Male,White,,NA,,NA,,,No,"$40,000 to $59,999",0.7,0.3,bandit,9,11/3/20 16:24,4,4,14,1,1,0,1,0.7,0.5,0.5,1,1,56,1,14,0,0.33333,7,5,0.7277685466836354,0.025949080038618337,0.2207792207553989,0.27223145331636456,0.4905620173214552,0.674447155654383,-0.6929690189450926,0.0,0.0,-0.5798976193630336,-0.47983874945306637,0.0,0.7689848868704456,0.0,0.0,0.002707680013311342,0.034021162625495704,0.0,0.01927867266361838,0.0439744329831494
D65.15,D65,gb,2,2,2,2,May,17,2012,Male,White,,NA,,NA,,,No,"$40,000 to $59,999",0.7,0.3,bandit,9,11/3/20 16:24,4,4,15,1,1,1,0,0.7,0.5,0.5,1,1,56,0,15,0,0.33333,7,6,0.7634242234188633,0.0221715884567941,-0.8333333321075794,-0.7634242234188633,-0.5343969563932043,0.7644218456300984,-0.6907790093389575,0.6443256849784504,0.6508886721955375,-0.5117170824913161,-0.5798976193630336,0.05016943628488581,0.8268972542517361,0.007110514034179616,0.0,0.004265075150785336,0.04213700488462335,0.007399490109674556,0.026249610520631683,0.05091715046929124
D65.16,D65,gb,2,2,2,2,May,17,2012,Male,White,,NA,,NA,,,No,"$40,000 to $59,999",0.7,0.3,bandit,9,11/3/20 16:24,4,4,16,1,1,1,0,0.7,0.5,0.5,1,1,56,0,16,0,0.33333,7,7,0.7300908676067336,0.023821960602542123,-0.769230769138993,-0.7300908676067336,-0.5110636073247135,0.7155228742965817,-0.692902353765169,0.6135767443255891,0.6671212479207063,-0.4689098176965686,-0.5117170824913161,0.0440571990471746,0.8782171677914904,0.005952265667782064,0.0,0.006423716957439263,0.05112019369994192,0.004525581441862991,0.025913076870671126,0.050611573562097445
D65.17,D65,gb,2,2,2,2,May,17,2012,Male,White,,NA,,NA,,,No,"$40,000 to $59,999",0.7,0.3,bandit,9,11/3/20 16:24,4,4,17,1,1,0,1,0.7,0.5,0.5,1,1,56,1,17,0,0.33333,8,7,0.6959854652034931,0.024756030301995007,0.2857142851606146,0.30401453479650686,0.5128101743575548,0.719101446132824,-0.6928189435110446,0.0,0.0,-0.5409811403682199,-0.4689098176965686,0.0,0.8242027936763762,0.0,0.0,0.0034349357447567286,0.04101665624925532,0.0,0.024767696463467548,0.04946613938029043
D65.18,D65,gb,2,2,2,2,May,17,2012,Male,White,,NA,,NA,,,No,"$40,000 to $59,999",0.7,0.3,bandit,9,11/3/20 16:24,4,4,18,1,4,1,0,0.7,0.5,0.5,1,1,56,0,18,0,0.33333,8,8,0.73155521707289,0.022053889285840844,-0.7619047641245744,-0.73155521707289,-0.5120886519510229,0.7176215534659263,-0.6928548810671847,0.6148657972388167,0.6665217202954503,-0.5052207701294085,-0.5409811403682199,0.041285080091335705,0.8724039099356246,0.005320731713221893,0.0,0.005142388002055409,0.04920784904958797,0.004955265746272031,0.02550261500896489,0.05018455630233487
D65.19,D65,gb,2,2,2,2,May,17,2012,Male,White,,NA,,NA,,,No,"$40,000 to $59,999",0.7,0.3,bandit,9,11/3/20 16:24,4,4,19,1,1,0,1,0.7,0.5,0.5,1,1,56,1,19,0,0.33333,9,8,0.6999147918976614,0.022756449262338118,0.2857142842637742,0.30008520810233863,0.5100596456716371,0.7134716211471425,-0.6929447739613552,0.0,0.0,-0.5683761065121127,-0.5052207701294085,0.0,0.8224129907780426,0.0,0.0,0.00280018289032824,0.040151014185690115,0.0,0.023542643172786315,0.04824581114561821
D65.20,D65,gb,2,2,2,2,May,17,2012,Male,White,,NA,,NA,,,No,"$40,000 to $59,999",0.7,0.3,bandit,9,11/3/20 16:24,4,4,20,1,1,0,0,0.7,0.5,0.5,1,1,56,0,20,0,0.33333,9,9,0.7324279628232809,0.020549243317804805,-0.7563025209957825,-0.7324279628232809,-0.5126995739762966,0.7188744548796144,-0.6928245875113357,0.6156366462634846,0.6661598527908483,-0.5387575426374979,-0.5683761065121127,0.03876029673374318,0.8679853964925193,0.004798244588535505,1.1102230246251565e-16,0.004168139893574507,0.04768514671731672,0.005212215421161348,0.025045304208879737,0.04969800561729831
D66.1,D66,gb,2,3,2,3,September,16,2012,Female,White,,NA,,NA,,,No,"$150,000 or more",0.7,0.3,bandit,4,11/18/20 11:21,5,5,1,2,3,0,0,0.3,0.625,0.625,2,1,57,0,1,0,0.33333,0,1,0.5,0.08333333333333334,NaN,-0.5,-0.35,0.4307829160924542,-0.6474466390346325,0.46153846153846156,0.6901856760188042,-0.04985714948732713,-0.0,0.05414517848247718,1.0796200787151622,0.018796586003682503,0.0,0.05608974358974361,0.1563382907162265,1.1102230246251565e-16,0.010744810700342833,0.04891275394756689
D66.2,D66,gb,2,3,2,3,September,16,2012,Female,White,,NA,,NA,,,No,"$150,000 or more",0.7,0.3,bandit,4,11/18/20 11:21,5,5,2,1,4,1,0,0.7,0.625,0.625,1,1,57,0,2,0,0.33333,0,1,0.5,0.08333333333333334,NaN,-0.5,-0.35,0.4307829160924542,-0.6474466390346325,0.46153846153846156,0.6901856760188042,-0.04985714948732713,-0.0,0.05414517848247718,1.0774829680724232,0.018548510990538336,0.0,0.05608974358974361,0.13394708446621661,-1.1102230246251565e-16,0.010744810700342833,0.04059899259159849
D66.3,D66,gb,2,3,2,3,September,16,2012,Female,White,,NA,,NA,,,No,"$150,000 or more",0.7,0.3,bandit,4,11/18/20 11:21,5,5,3,2,4,0,0,0.3,0.625,0.625,2,1,57,0,3,0,0.33333,0,2,0.41025641025641024,0.0752794214332676,-3.324562949461316e-16,-0.41025641025641024,-0.28717948717948716,0.33852562543305503,-0.5996068847876723,0.420863309352518,0.6805691240005796,-0.1694605094257496,-0.04985714948732713,0.036406266819614855,1.0455201040633426,0.011477758818744244,0.0,0.03407149280575539,0.11787199351686334,-1.1102230246251565e-16,0.005618362421842993,0.035483488395948504
D66.4,D66,gb,2,3,2,3,September,16,2012,Female,White,,NA,,NA,,,No,"$150,000 or more",0.7,0.3,bandit,4,11/18/20 11:21,5,5,4,1,1,0,1,0.7,0.625,0.625,1,1,57,1,4,0,0.33333,1,1,0.41025641025641024,0.0752794214332676,0.9999999999999997,0.5897435897435898,0.7128205128205128,1.2476478678285976,-0.5996068847876723,0.0,0.0,-0.09393882346618045,-0.04985714948732713,0.0,0.9874489962635147,0.0,0.0,0.04511718749999999,0.09738461943728144,0.0,0.02346938767733342,0.04819872499054978
D66.5,D66,gb,2,3,2,3,September,16,2012,Female,White,,NA,,NA,,,No,"$150,000 or more",0.7,0.3,bandit,4,11/18/20 11:21,5,5,5,1,4,0,0,0.7,0.625,0.625,1,1,57,0,5,0,0.33333,1,2,0.59375,0.05996093749999999,-0.7142857142857143,-0.59375,-0.41562499999999997,0.5372123789391855,-0.6788405414022067,0.5133689839572192,0.6927896784912411,-0.06841932383907298,-0.09393882346618045,0.05510257994978083,1.0298480703275206,0.01603804967802991,0.018342245989304784,0.06426804812834219,0.12432084628629086,1.1102230246251565e-16,0.01481901845025424,0.03954093333299569
D66.6,D66,gb,2,3,2,3,September,16,2012,Female,White,,NA,,NA,,,No,"$150,000 or more",0.7,0.3,bandit,4,11/18/20 11:21,5,5,6,2,4,1,0,0.3,0.625,0.625,2,1,57,0,6,0,0.33333,0,3,0.3363309352517986,0.06242107033797423,-3.324562949461316e-16,-0.3363309352517986,-0.23543165467625898,0.2684438588858378,-0.5457566301170604,0.392378263937897,0.6698000343867989,-0.31724785272016875,-0.1694605094257496,0.02364311272114325,0.9747909790629148,0.0080269203668073,0.0,0.01753789990895649,0.1157175857371816,1.1102230246251565e-16,0.0027852297390043024,0.036723961302626895
D66.7,D66,gb,2,3,2,3,September,16,2012,Female,White,,NA,,NA,,,No,"$150,000 or more",0.7,0.3,bandit,4,11/18/20 11:21,5,5,7,2,1,0,1,0.3,0.625,0.625,2,1,57,1,7,0,0.33333,1,3,0.279181369089626,0.04955717505632367,0.9999999999999997,0.720818630910374,0.8045730416372618,1.6325685838808557,-0.4939971112220449,0.0,0.0,-0.10203826854156678,-0.31724785272016875,0.0,1.086972820793991,0.0,0.0,0.04865188397952902,0.13784712833328416,0.0,0.008758474689475104,0.04263381354362694
D66.8,D66,gb,2,3,2,3,September,16,2012,Female,White,,NA,,NA,,,No,"$150,000 or more",0.7,0.3,bandit,4,11/18/20 11:21,5,5,8,2,4,1,0,0.3,0.625,0.625,2,1,57,0,8,0,0.33333,1,4,0.4566902595214021,0.05432581676727339,-0.3571428571612778,-0.4566902595214021,-0.31968318166498144,0.38519667999782625,-0.6266304181662299,0.44097101808273476,0.6861620599669113,-0.17234810551209448,-0.10203826854156678,0.029483822867364253,1.0578780943091945,0.005075137677192698,0.0,0.03183881190668497,0.1271611794121924,-1.1102230246251565e-16,0.004910265140283254,0.03882936497276701
D66.9,D66,gb,2,3,2,3,September,16,2012,Female,White,,NA,,NA,,,No,"$150,000 or more",0.7,0.3,bandit,4,11/18/20 11:21,5,5,9,2,4,0,0,0.3,0.625,0.625,2,1,57,0,9,0,0.33333,1,5,0.4007926678226405,0.04762632238369273,-0.28571428565276774,-0.4007926678226405,-0.28055486747584835,0.32927501334684905,-0.5934766051981659,0.41698801817931413,0.6793011794347656,-0.25972748712260824,-0.17234810551209448,0.02092826724170399,1.0270177198821648,0.007987488691211686,0.0,0.02037072693448444,0.11964827922968402,1.1102230246251565e-16,0.002646806822436898,0.036563152354830875
D66.10,D66,gb,2,3,2,3,September,16,2012,Female,White,,NA,,NA,,,No,"$150,000 or more",0.7,0.3,bandit,4,11/18/20 11:21,5,5,10,1,4,0,0,0.7,0.625,0.625,1,1,57,0,10,0,0.33333,1,3,0.5219251336898396,0.059144956961880525,-0.47619047105696843,-0.5219251336898396,-0.3653475935828877,0.45467782143196556,-0.6564330821954864,0.4726996966632962,0.6916558259082752,-0.10203826854156678,-0.06841932383907298,0.04106553663963941,1.036164746192902,0.00716799425937209,0.007254802831142604,0.05471699106841926,0.11521145553726081,0.0,0.008758474689475104,0.03050737405359938
D66.11,D66,gb,2,3,2,3,September,16,2012,Female,White,,NA,,NA,,,No,"$150,000 or more",0.7,0.3,bandit,4,11/18/20 11:21,5,5,11,2,4,0,0,0.3,0.625,0.625,2,1,57,0,11,0,0.33333,1,6,0.35445358766010193,0.040759615127719986,-0.23809523619478093,-0.35445358766010193,-0.24811751136207133,0.2851752323520988,-0.5602575535492536,0.398998519760002,0.6726035116269359,-0.35155401751617876,-0.25972748712260824,0.014991388876458553,1.0030034739307145,0.00348689913761846,0.0,0.015273006466915373,0.108960955941025,0.0,0.0013876500814309356,0.0292067086767136
D66.12,D66,gb,2,3,2,3,September,16,2012,Female,White,,NA,,NA,,,No,"$150,000 or more",0.7,0.3,bandit,4,11/18/20 11:21,5,5,12,1,4,1,0,0.7,0.625,0.625,1,1,57,0,12,0,0.33333,1,4,0.4566902595214021,0.05432581676727339,-0.3571428571612778,-0.4566902595214021,-0.31968318166498144,0.38519667999782625,-0.6266304181662299,0.44097101808273476,0.6861620599669113,-0.17234810551209448,-0.10203826854156678,0.029483822867364253,1.0049712974453076,0.008363968065046579,0.0,0.036400986190240237,0.09310904964823846,-1.1102230246251565e-16,0.004910265140283365,0.025371788529443107
D66.13,D66,gb,2,3,2,3,September,16,2012,Female,White,,NA,,NA,,,No,"$150,000 or more",0.7,0.3,bandit,4,11/18/20 11:21,5,5,13,1,4,1,0,0.7,0.625,0.625,1,1,57,0,13,0,0.33333,1,5,0.4007926678226405,0.04762632238369273,-0.28571428565276774,-0.4007926678226405,-0.28055486747584835,0.32927501334684905,-0.5934766051981659,0.41698801817931413,0.6793011794347656,-0.25972748712260824,-0.17234810551209448,0.02092826724170399,0.9926392766968872,0.005363236510383951,0.0,0.023717553942940006,0.08142684584108661,0.0,0.002646806822436898,0.023107708841304864
D66.14,D66,gb,2,3,2,3,September,16,2012,Female,White,,NA,,NA,,,No,"$150,000 or more",0.7,0.3,bandit,4,11/18/20 11:21,5,5,14,2,4,1,0,0.3,0.625,0.625,2,1,57,0,14,0,0.33333,1,7,0.31650652675555746,0.034610861210659885,-0.20408163583323682,-0.31650652675555746,-0.2215545687288902,0.2504563848711786,-0.5288684970379889,0.3853834680616408,0.666638198458469,-0.4413493542953925,-0.35155401751617876,0.010976855356239927,0.9659914147886824,0.00209624869138314,0.0,0.009779434731691627,0.07581691031618276,0.0,0.0007138511185814655,0.02237765625173571
D66.15,D66,gb,2,3,2,3,September,16,2012,Female,White,,NA,,NA,,,No,"$150,000 or more",0.7,0.3,bandit,4,11/18/20 11:21,5,5,15,1,4,0,0,0.7,0.625,0.625,1,1,57,0,15,0,0.33333,1,6,0.35445358766010193,0.040759615127719986,-0.23809523619478093,-0.35445358766010193,-0.24811751136207133,0.2851752323520988,-0.5602575535492536,0.398998519760002,0.6726035116269359,-0.35155401751617876,-0.25972748712260824,0.014991388876458553,0.9497231999801836,0.003743872699428108,0.0,0.015273006466915373,0.06690408568785167,0.0,0.0013876500814307136,0.0209545061242149
D66.16,D66,gb,2,3,2,3,September,16,2012,Female,White,,NA,,NA,,,No,"$150,000 or more",0.7,0.3,bandit,4,11/18/20 11:21,5,5,16,2,1,0,1,0.3,0.625,0.625,2,1,57,1,16,0,0.33333,2,7,0.28538346806164083,0.02944389701638426,0.8214285714828264,0.7146165319383592,0.8002315723568514,1.6105964450581898,-0.5000812284566654,0.0,0.0,-0.3279210278095386,-0.4413493542953925,0.0,0.9971960873925279,0.0,0.0,0.0239209792055447,0.0845806615788382,0.0,0.0021207633021400607,0.02252323975847914
D66.17,D66,gb,2,3,2,3,September,16,2012,Female,White,,NA,,NA,,,No,"$150,000 or more",0.7,0.3,bandit,4,11/18/20 11:21,5,5,17,2,1,0,1,0.3,0.625,0.625,2,1,57,1,17,0,0.33333,3,7,0.38855656780834585,0.03308472734605146,0.6825396824664682,0.6114434321916542,0.7280104025341579,1.3019914580283583,-0.5852277123049061,0.0,0.0,-0.30054682659624304,-0.3279210278095386,0.0,0.992148070753168,0.0,0.0,0.04403343047018615,0.10457971553314144,0.0,0.004658377691200477,0.025109996760325437
D66.18,D66,gb,2,3,2,3,September,16,2012,Female,White,,NA,,NA,,,No,"$150,000 or more",0.7,0.3,bandit,4,11/18/20 11:21,5,5,18,2,4,0,0,0.3,0.625,0.625,2,1,57,0,18,0,0.33333,3,8,0.47370434315716037,0.033586414868103556,-0.4285714335598313,-0.47370434315716037,-0.33159304021001224,0.4028580697029193,-0.6353010686748846,0.44882836063565146,0.6879009263775451,-0.3513166463606724,-0.30054682659624304,0.018240328873544483,0.9978205727381226,0.0033361432237752897,0.0,0.03207844182150754,0.09431907729689742,0.0,0.002777826333567379,0.023250611052181736
D66.19,D66,gb,2,3,2,3,September,16,2012,Female,White,,NA,,NA,,,No,"$150,000 or more",0.7,0.3,bandit,4,11/18/20 11:21,5,5,19,1,4,1,0,0.7,0.625,0.625,1,1,57,0,19,0,0.33333,1,7,0.31650652675555746,0.034610861210659885,-0.20408163583323682,-0.31650652675555746,-0.2215545687288902,0.2504563848711786,-0.5288684970379889,0.3853834680616408,0.666638198458469,-0.4413493542953925,-0.35155401751617876,0.010976855356239927,0.9633980625356813,0.0033780456381287127,0.0,0.009779434731691627,0.08979393145105075,1.1102230246251565e-16,0.0007138511185814655,0.022188136878190545
D66.20,D66,gb,2,3,2,3,September,16,2012,Female,White,,NA,,NA,,,No,"$150,000 or more",0.7,0.3,bandit,4,11/18/20 11:21,5,5,20,1,4,0,0,0.7,0.625,0.625,1,1,57,0,20,0,0.33333,1,8,0.28538346806164083,0.02944389701638426,-0.1785714285171736,-0.28538346806164083,-0.19976842764314856,0.22285412775518473,-0.5000812284566654,0.3748914818699748,0.6615077791930253,-0.5264631123002028,-0.4413493542953925,0.00826209354982646,0.9316665654965302,-0.00011905014435842354,0.0,0.0062491639931015475,0.0866255619961388,-1.1102230246251565e-16,0.00036263103171407796,0.022226691164427326
D67.1,D67,bg,2,3,1,4,October,19,2012,Female,White,,NA,,NA,,,No,"$100,000 to $150,000",0.3,0.7,tycoon,16,11/25/20 14:01,5,5,1,1,3,1,1,0.3,0.625,0.625,1,2,58,1,1,0,0.33333,1,0,0.5,0.08333333333333334,NaN,0.5,0.3500000000000001,0.4307829160924544,-0.6474466390346325,0.46153846153846156,0.6901856760188042,-0.04985714948732713,-0.0,0.05414517848247718,1.080889095295541,0.01409433193494114,0.0,0.056089743589743724,0.13107336639004985,-1.1102230246251565e-16,0.010744810700342722,0.04891275394756722
D67.2,D67,bg,2,3,1,4,October,19,2012,Female,White,,NA,,NA,,,No,"$100,000 to $150,000",0.3,0.7,tycoon,16,11/25/20 14:01,5,5,2,2,2,0,1,0.7,0.625,0.625,2,2,58,1,2,0,0.33333,1,0,0.5,0.08333333333333334,NaN,0.5,0.3500000000000001,0.4307829160924544,-0.6474466390346325,0.46153846153846156,0.6901856760188042,-0.04985714948732713,-0.0,0.05414517848247718,1.0830403030048914,0.013293712192332219,0.028994082840236635,0.08195307245743222,0.14653679006128928,0.0,0.010744810700342944,0.04059899259159849
D67.3,D67,bg,2,3,1,4,October,19,2012,Female,White,,NA,,NA,,,No,"$100,000 to $150,000",0.3,0.7,tycoon,16,11/25/20 14:01,5,5,3,1,3,0,1,0.3,0.625,0.625,1,2,58,1,3,0,0.33333,2,0,0.5897435897435898,0.07527942143326759,1.505215796449022e-8,0.41025641025641024,0.28717948717948727,0.33852562543305514,-0.5996068847876724,0.420863309352518,0.6805691240005796,-0.1694605094257496,-0.04985714948732713,0.03640626681961483,1.0580706350682705,0.008936834081395562,-1.1102230246251565e-16,0.05279914869019675,0.10941149615205781,-1.1102230246251565e-16,0.005618362421842882,0.035483482321714055
D67.4,D67,bg,2,3,1,4,October,19,2012,Female,White,,NA,,NA,,,No,"$100,000 to $150,000",0.3,0.7,tycoon,16,11/25/20 14:01,5,5,4,1,2,1,1,0.3,0.625,0.625,1,2,58,1,4,0,0.33333,3,0,0.6636690647482014,0.06242107033797422,1.505215796449022e-8,0.3363309352517986,0.23543165467625904,0.268443858885838,-0.5457566301170604,0.392378263937897,0.6698000343867989,-0.31724785272016875,-0.1694605094257496,0.02364311272114325,1.0183657729665658,0.005873411078627155,0.0,0.033246493585231573,0.08230607969328485,0.0,0.0027852297390043024,0.032598367409614526
D67.5,D67,bg,2,3,1,4,October,19,2012,Female,White,,NA,,NA,,,No,"$100,000 to $150,000",0.3,0.7,tycoon,16,11/25/20 14:01,5,5,5,2,1,0,0,0.7,0.625,0.625,2,2,58,0,5,0,0.33333,1,1,0.5897435897435898,0.07527942143326759,-0.999999984947842,-0.5897435897435898,-0.7128205128205127,1.2476478678285972,-0.5996068847876724,0.0,0.0,-0.09393882346618043,-0.04985714948732713,0.0,0.8770967640113039,0.0,0.0,0.00858977747322065,0.05774416016937978,0.0,0.02346938767733353,0.04537921768091957
D67.6,D67,bg,2,3,1,4,October,19,2012,Female,White,,NA,,NA,,,No,"$100,000 to $150,000",0.3,0.7,tycoon,16,11/25/20 14:01,5,5,6,1,3,1,1,0.3,0.625,0.625,1,2,58,1,6,0,0.33333,4,0,0.720818630910374,0.049557175056323656,1.505215796449022e-8,0.279181369089626,0.19542695836273816,0.21744352532572367,-0.4939971112220449,0.3728685706266227,0.6604647503197693,-0.4669270480222721,-0.31724785272016875,0.015384672502538485,0.801015643876184,0.004314278576348585,0.0,0.011626066445629357,0.04275128204718992,-1.1102230246251565e-16,0.001334355288116873,0.043869477897559794
D67.7,D67,bg,2,3,1,4,October,19,2012,Female,White,,NA,,NA,,,No,"$100,000 to $150,000",0.3,0.7,tycoon,16,11/25/20 14:01,5,5,7,2,2,0,1,0.7,0.625,0.625,2,2,58,1,7,0,0.33333,2,1,0.40624999999999994,0.059960937500000006,0.7142857142857144,0.59375,0.41562500000000013,0.5372123789391858,-0.6788405414022067,0.5133689839572192,0.6927896784912411,-0.06841932383907297,-0.09393882346618043,0.055102579949780864,0.856217853678847,0.006098619979480802,0.0,0.008302004079504766,0.046846915847010395,0.0,0.014819018450254018,0.035204143006737576
D67.8,D67,bg,2,3,1,4,October,19,2012,Female,White,,NA,,NA,,,No,"$100,000 to $150,000",0.3,0.7,tycoon,16,11/25/20 14:01,5,5,8,1,1,0,0,0.3,0.625,0.625,1,2,58,0,8,0,0.33333,4,1,0.7639346946413117,0.038886415120984216,-0.999999984947842,-0.7639346946413117,-0.8347542862489181,1.800321738552958,-0.4482669879861906,0.0,0.0,-0.17234810551209429,-0.4669270480222721,0.0,1.065489224363223,0.0,0.0,0.036400986190240014,0.10358422258904865,0.0,0.004910265140283254,0.03882936497276701
D67.9,D67,bg,2,3,1,4,October,19,2012,Female,White,,NA,,NA,,,No,"$100,000 to $150,000",0.3,0.7,tycoon,16,11/25/20 14:01,5,5,9,1,2,1,1,0.3,0.625,0.625,1,2,58,1,9,0,0.33333,5,1,0.5992073321773594,0.04762632238369273,0.2857142856774214,0.40079266782264056,0.28055486747584846,0.3292750133468492,-0.593476605198166,0.4169880181793142,0.6793011794347656,-0.2597274871226082,-0.17234810551209429,0.020928267241703907,1.0320311373352742,0.004584503540963514,0.0,0.02371755394293995,0.08301422313702411,1.1102230246251565e-16,0.002646806822436898,0.036563152354830986
D67.10,D67,bg,2,3,1,4,October,19,2012,Female,White,,NA,,NA,,,No,"$100,000 to $150,000",0.3,0.7,tycoon,16,11/25/20 14:01,5,5,10,2,3,0,1,0.7,0.625,0.625,2,2,58,1,10,0,0.33333,3,1,0.47807486631016044,0.059144956961880525,0.4761904739920234,0.5219251336898396,0.3653475935828877,0.45467782143196556,-0.6564330821954864,0.4726996966632962,0.6916558259082752,-0.10203826854156672,-0.06841932383907297,0.041065536639639334,1.0650919872452864,0.008687647030261259,1.1102230246251565e-16,0.035731336845663986,0.0908570813557169,0.0,0.008758474689474993,0.03050737405359938
D67.11,D67,bg,2,3,1,4,October,19,2012,Female,White,,NA,,NA,,,No,"$100,000 to $150,000",0.3,0.7,tycoon,16,11/25/20 14:01,5,5,11,1,2,1,1,0.3,0.625,0.625,1,2,58,1,11,0,0.33333,6,1,0.6455464123398981,0.040759615127719986,0.2380952380415915,0.35445358766010193,0.24811751136207139,0.28517523235209896,-0.5602575535492537,0.3989985197600019,0.6726035116269358,-0.3515540175161786,-0.2597274871226082,0.014991388876458484,1.0336296527055828,0.0033903515405953044,0.0,0.021092751140755928,0.07393415207645126,-1.1102230246251565e-16,0.0013876500814307136,0.029206708676713378
D67.12,D67,bg,2,3,1,4,October,19,2012,Female,White,,NA,,NA,,,No,"$100,000 to $150,000",0.3,0.7,tycoon,16,11/25/20 14:01,5,5,12,2,3,0,1,0.7,0.625,0.625,2,2,58,1,12,0,0.33333,4,1,0.5433097404785979,0.054325816767273404,0.3571428585841654,0.4566902595214021,0.31968318166498144,0.38519667999782625,-0.6266304181662299,0.44097101808273464,0.6861620599669114,-0.17234810551209429,-0.10203826854156672,0.029483822867364385,1.0570599176239077,0.005922125253295274,0.0,0.03501482623147811,0.08087647832279832,-1.1102230246251565e-16,0.004910265140283032,0.025371788529442774
D67.13,D67,bg,2,3,1,4,October,19,2012,Female,White,,NA,,NA,,,No,"$100,000 to $150,000",0.3,0.7,tycoon,16,11/25/20 14:01,5,5,13,1,1,0,0,0.3,0.625,0.625,1,2,58,0,13,0,0.33333,6,2,0.6834934732444427,0.034610861210659885,-0.7959183672120055,-0.6834934732444427,-0.7784454312711098,1.507086359888733,-0.5288684970379889,0.0,0.0,-0.2618168853573194,-0.3515540175161786,0.0,1.0902123185666186,0.0,0.0,0.04629737586495852,0.11237768953855265,0.0,0.0037550782567963292,0.02627931998977895
D67.14,D67,bg,2,3,1,4,October,19,2012,Female,White,,NA,,NA,,,No,"$100,000 to $150,000",0.3,0.7,tycoon,16,11/25/20 14:01,5,5,14,1,2,1,1,0.3,0.625,0.625,1,2,58,1,14,0,0.33333,7,2,0.5741407165558251,0.03740388601427415,0.35714285717432626,0.4258592834441749,0.2981014984109225,0.35396647004063503,-0.6092471136463906,0.4274122245891805,0.682571878377868,-0.32792102780953847,-0.2618168853573194,0.017233904192596534,1.0915172615944502,0.0030292801331590624,0.007499644562005248,0.047810514557902306,0.11043740533698765,-1.1102230246251565e-16,0.0021207633021400607,0.02355984894936669
D67.15,D67,bg,2,3,1,4,October,19,2012,Female,White,,NA,,NA,,,No,"$100,000 to $150,000",0.3,0.7,tycoon,16,11/25/20 14:01,5,5,15,2,3,0,1,0.7,0.625,0.625,2,2,58,1,15,0,0.33333,5,1,0.5992073321773594,0.04762632238369273,0.2857142856774214,0.40079266782264056,0.28055486747584846,0.3292750133468492,-0.593476605198166,0.4169880181793142,0.6793011794347656,-0.2597274871226082,-0.17234810551209429,0.020928267241703907,1.0771161302235124,0.004906910773732287,0.003571614966643377,0.047593678271173334,0.09552174824441761,0.0,0.002646806822436787,0.023807228264603797
D67.16,D67,bg,2,3,1,4,October,19,2012,Female,White,,NA,,NA,,,No,"$100,000 to $150,000",0.3,0.7,tycoon,16,11/25/20 14:01,5,5,16,1,1,0,0,0.3,0.625,0.625,1,2,58,0,16,0,0.33333,7,3,0.6114434321916543,0.03308472734605146,-0.6825396824684166,-0.6114434321916543,-0.728010402534158,1.3019914580283587,-0.5852277123049061,0.0,0.0,-0.300546826596243,-0.32792102780953847,0.0,1.0352909250485414,0.0,0.0,0.01867126311837397,0.08079098451305,0.0,0.004658377691200477,0.02638255122878419
D67.17,D67,bg,2,3,1,4,October,19,2012,Female,White,,NA,,NA,,,No,"$100,000 to $150,000",0.3,0.7,tycoon,16,11/25/20 14:01,5,5,17,2,2,0,1,0.7,0.625,0.625,2,2,58,1,17,0,0.33333,6,1,0.6455464123398981,0.040759615127719986,0.2380952380415915,0.35445358766010193,0.24811751136207139,0.28517523235209896,-0.5602575535492537,0.3989985197600019,0.6726035116269358,-0.3515540175161786,-0.2597274871226082,0.014991388876458484,0.9904251212813122,0.00347643402122233,0.0,0.018627033791197123,0.06478009094806692,-1.1102230246251565e-16,0.0013876500814307136,0.025109996760325326
D67.18,D67,bg,2,3,1,4,October,19,2012,Female,White,,NA,,NA,,,No,"$100,000 to $150,000",0.3,0.7,tycoon,16,11/25/20 14:01,5,5,18,1,3,1,1,0.3,0.625,0.625,1,2,58,1,18,0,0.33333,8,3,0.5262956568428396,0.033586414868103556,0.42857143356005234,0.47370434315716037,0.33159304021001224,0.4028580697029193,-0.6353010686748846,0.44882836063565146,0.6879009263775451,-0.3513166463606723,-0.300546826596243,0.018240328873544546,1.015567001783742,0.0022135304549899537,0.0,0.015676959354106623,0.06831069797996947,1.1102230246251565e-16,0.00277782633356749,0.023250611052181847
D67.19,D67,bg,2,3,1,4,October,19,2012,Female,White,,NA,,NA,,,No,"$100,000 to $150,000",0.3,0.7,tycoon,16,11/25/20 14:01,5,5,19,2,2,0,1,0.7,0.625,0.625,2,2,58,1,19,0,0.33333,7,1,0.6834934732444427,0.034610861210659885,0.20408163278799452,0.31650652675555735,0.22155456872889023,0.2504563848711786,-0.5288684970379889,0.3853834680616409,0.6666381984584691,-0.44134935429539246,-0.3515540175161786,0.010976855356239747,0.9707484854211708,0.0023913453044213107,0.0,0.016253639640287254,0.055565344486526835,0.0,0.0007138511185813545,0.022188136878190767
D67.20,D67,bg,2,3,1,4,October,19,2012,Female,White,,NA,,NA,,,No,"$100,000 to $150,000",0.3,0.7,tycoon,16,11/25/20 14:01,5,5,20,1,3,0,1,0.3,0.625,0.625,1,2,58,1,20,0,0.33333,9,3,0.5614695730675592,0.030474638098065013,0.3896103895042329,0.4385304269324408,0.3069712988527087,0.3666838648528871,-0.6166558611335434,0.4328825047265108,0.6841104101669302,-0.4053025456841641,-0.3513166463606723,0.014237998040538168,0.9951373900613829,0.0019893037101736954,0.0,0.013388399508173943,0.05857128358938157,-1.1102230246251565e-16,0.001621718237604708,0.02127897641958465
D68.1,D68,bg,1,1,2,4,May,24,2012,Male,White,,NA,,NA,,,No,"$150,000 or more",0.3,0.7,bandit,7,11/30/20 13:02,2,6,1,1,4,0,0,0.3,0.25,0.75,1,1,59,0,1,0,0.33333,0,1,0.5,0.08333333333333334,NaN,-0.5,-0.35,0.4307829160924542,-0.6474466390346325,0.46153846153846156,0.6901856760188042,-0.04985714948732713,-0.0,0.05414517848247718,1.080623401661814,0.01977679773001184,0.0,0.05608974358974361,0.15628713806233663,1.1102230246251565e-16,0.010744810700342833,0.04891275394756678
D68.2,D68,bg,1,1,2,4,May,24,2012,Male,White,,NA,,NA,,,No,"$150,000 or more",0.3,0.7,bandit,7,11/30/20 13:02,2,6,2,2,4,0,0,0.7,0.25,0.75,2,1,59,0,2,0,0.33333,0,1,0.5,0.08333333333333334,NaN,-0.5,-0.35,0.4307829160924542,-0.6474466390346325,0.46153846153846156,0.6901856760188042,-0.04985714948732713,-0.0,0.05414517848247718,1.0774829680724232,0.01833391056308087,0.0,0.05608974358974361,0.13394708446621661,-1.1102230246251565e-16,0.010744810700342833,0.04059899259159849
D68.3,D68,bg,1,1,2,4,May,24,2012,Male,White,,NA,,NA,,,No,"$150,000 or more",0.3,0.7,bandit,7,11/30/20 13:02,2,6,3,2,4,1,0,0.7,0.25,0.75,2,1,59,0,3,0,0.33333,0,2,0.41025641025641024,0.0752794214332676,-3.324562949461316e-16,-0.41025641025641024,-0.28717948717948716,0.33852562543305503,-0.5996068847876723,0.420863309352518,0.6805691240005796,-0.1694605094257496,-0.04985714948732713,0.036406266819614855,1.0455201040633426,0.011477758818744244,0.0,0.03407149280575539,0.11787199351686334,-1.1102230246251565e-16,0.005618362421842993,0.035483488395948504
D68.4,D68,bg,1,1,2,4,May,24,2012,Male,White,,NA,,NA,,,No,"$150,000 or more",0.3,0.7,bandit,7,11/30/20 13:02,2,6,4,1,3,1,0,0.3,0.25,0.75,1,1,59,0,4,0,0.33333,0,2,0.41025641025641024,0.0752794214332676,-3.324562949461316e-16,-0.41025641025641024,-0.28717948717948716,0.33852562543305503,-0.5996068847876723,0.420863309352518,0.6805691240005796,-0.1694605094257496,-0.04985714948732713,0.036406266819614855,1.0227046623905056,0.011579222935364175,0.0,0.03407149280575539,0.09970908997597838,0.0,0.005618362421842993,0.030273433736216826
D68.5,D68,bg,1,1,2,4,May,24,2012,Male,White,,NA,,NA,,,No,"$150,000 or more",0.3,0.7,bandit,7,11/30/20 13:02,2,6,5,1,3,1,0,0.3,0.25,0.75,1,1,59,0,5,0,0.33333,0,3,0.3363309352517986,0.06242107033797423,-3.324562949461316e-16,-0.3363309352517986,-0.23543165467625898,0.2684438588858378,-0.5457566301170604,0.392378263937897,0.6698000343867989,-0.31724785272016875,-0.1694605094257496,0.02364311272114325,0.9855149311319237,0.006741482993852688,0.0,0.020047194777699395,0.08732584600923748,0.0,0.0027852297390044134,0.027458667353229327
D68.6,D68,bg,1,1,2,4,May,24,2012,Male,White,,NA,,NA,,,No,"$150,000 or more",0.3,0.7,bandit,7,11/30/20 13:02,2,6,6,2,1,0,1,0.7,0.25,0.75,2,1,59,1,6,0,0.33333,1,2,0.3363309352517986,0.06242107033797423,0.9999999999999997,0.6636690647482014,0.7645683453237411,1.4463346213347281,-0.5457566301170604,0.0,0.0,-0.06841932383907298,-0.1694605094257496,0.0,0.9771474727277741,0.0,0.0,0.06426804812834219,0.1157175857371815,0.0,0.01481901845025424,0.036723961302626784
D68.7,D68,bg,1,1,2,4,May,24,2012,Male,White,,NA,,NA,,,No,"$150,000 or more",0.3,0.7,bandit,7,11/30/20 13:02,2,6,7,1,4,1,0,0.3,0.25,0.75,1,1,59,0,7,0,0.33333,0,4,0.279181369089626,0.04955717505632367,-3.324562949461316e-16,-0.279181369089626,-0.19542695836273818,0.21744352532572367,-0.4939971112220449,0.3728685706266227,0.6604647503197693,-0.4669270480222721,-0.31724785272016875,0.015384672502538485,0.9341346914000688,0.008195836343511509,0.0,0.00998046142321607,0.11046074067489053,0.0,0.001334355288116873,0.035204143006737576
D68.8,D68,bg,1,1,2,4,May,24,2012,Male,White,,NA,,NA,,,No,"$150,000 or more",0.3,0.7,bandit,7,11/30/20 13:02,2,6,8,2,4,1,0,0.7,0.25,0.75,2,1,59,0,8,0,0.33333,1,3,0.5219251336898396,0.059144956961880525,-0.47619047105696843,-0.5219251336898396,-0.3653475935828877,0.45467782143196556,-0.6564330821954864,0.4726996966632962,0.6916558259082752,-0.10203826854156678,-0.06841932383907298,0.04106553663963941,0.9483407136881283,0.006570585575828458,0.007254802831142604,0.05471699106841926,0.1040585933283375,0.0,0.008758474689474993,0.026501916157903205
D68.9,D68,bg,1,1,2,4,May,24,2012,Male,White,,NA,,NA,,,No,"$150,000 or more",0.3,0.7,bandit,7,11/30/20 13:02,2,6,9,1,1,0,1,0.3,0.25,0.75,1,1,59,1,9,0,0.33333,1,4,0.23606530535868828,0.038886415120984216,0.9999999999999997,0.7639346946413117,0.8347542862489182,1.8003217385529584,-0.44826698798619047,0.0,0.0,-0.17234810551209448,-0.4669270480222721,0.0,1.0669389332551231,0.0,0.0,0.036400986190240237,0.12412223146048657,0.0,0.004910265140283365,0.03277030827159211
D68.10,D68,bg,1,1,2,4,May,24,2012,Male,White,,NA,,NA,,,No,"$150,000 or more",0.3,0.7,bandit,7,11/30/20 13:02,2,6,10,1,4,0,0,0.3,0.25,0.75,1,1,59,0,10,0,0.33333,1,5,0.4007926678226405,0.04762632238369273,-0.28571428565276774,-0.4007926678226405,-0.28055486747584835,0.32927501334684905,-0.5934766051981659,0.41698801817931413,0.6793011794347656,-0.25972748712260824,-0.17234810551209448,0.02092826724170399,1.0368624621481437,0.005360900754087572,0.0,0.023717553942940006,0.11521145553726009,0.0,0.002646806822436898,0.030507374053599268
D68.11,D68,bg,1,1,2,4,May,24,2012,Male,White,,NA,,NA,,,No,"$150,000 or more",0.3,0.7,bandit,7,11/30/20 13:02,2,6,11,2,4,1,0,0.7,0.25,0.75,2,1,59,0,11,0,0.33333,1,4,0.4566902595214021,0.05432581676727339,-0.3571428571612778,-0.4566902595214021,-0.31968318166498144,0.38519667999782625,-0.6266304181662299,0.44097101808273476,0.6861620599669113,-0.17234810551209448,-0.10203826854156678,0.029483822867364253,1.0335390660564265,0.008380428837987397,0.0,0.036400986190240237,0.10024099560666733,-1.1102230246251565e-16,0.004910265140283476,0.026629688968131893
D68.12,D68,bg,1,1,2,4,May,24,2012,Male,White,,NA,,NA,,,No,"$150,000 or more",0.3,0.7,bandit,7,11/30/20 13:02,2,6,12,1,4,0,0,0.3,0.25,0.75,1,1,59,0,12,0,0.33333,1,6,0.35445358766010193,0.040759615127719986,-0.23809523619478093,-0.35445358766010193,-0.24811751136207133,0.2851752323520988,-0.5602575535492536,0.398998519760002,0.6726035116269359,-0.35155401751617876,-0.25972748712260824,0.014991388876458553,1.0059017436681428,0.004110168231019173,0.0,0.015273006466915373,0.09310904964823863,1.1102230246251565e-16,0.0013876500814311576,0.025371788529442885
D68.13,D68,bg,1,1,2,4,May,24,2012,Male,White,,NA,,NA,,,No,"$150,000 or more",0.3,0.7,bandit,7,11/30/20 13:02,2,6,13,2,1,0,1,0.7,0.25,0.75,2,1,59,1,13,0,0.33333,2,4,0.4007926678226405,0.04762632238369273,0.7142857143472323,0.5992073321773594,0.7194451325241517,1.2709859671732364,-0.5934766051981659,0.0,0.0,-0.16347278440718951,-0.17234810551209448,0.0,0.9765934162221717,0.0,0.0,0.05518984423284906,0.10934205960715171,0.0,0.010714598831218947,0.031180871820438938
D68.14,D68,bg,1,1,2,4,May,24,2012,Male,White,,NA,,NA,,,No,"$150,000 or more",0.3,0.7,bandit,7,11/30/20 13:02,2,6,14,2,4,0,1,0.7,0.25,0.75,2,1,59,1,14,0,0.33333,3,4,0.5196229913473425,0.04560793367823767,0.5238095225489899,0.48037700865265753,0.6362639060568602,1.0113266909367904,-0.6555375630656881,0.0,0.0,-0.23266054424133245,-0.16347278440718951,0.0,0.9098278472069055,0.0,0.0,0.02806752326172063,0.07600878162034858,0.0,0.018152569876850988,0.03863640596246398
D68.15,D68,bg,1,1,2,4,May,24,2012,Male,White,,NA,,NA,,,No,"$150,000 or more",0.3,0.7,bandit,7,11/30/20 13:02,2,6,15,1,4,1,0,0.3,0.25,0.75,1,1,59,0,15,0,0.33333,1,7,0.31650652675555746,0.034610861210659885,-0.20408163583323682,-0.31650652675555746,-0.2215545687288902,0.2504563848711786,-0.5288684970379889,0.3853834680616408,0.666638198458469,-0.4413493542953925,-0.35155401751617876,0.010976855356239927,0.8687968508221586,0.00293731228019678,5.551115123125783e-17,0.0035686065166756764,0.0734883371725687,0.0,0.0007138511185814655,0.037929316030493654
D68.16,D68,bg,1,1,2,4,May,24,2012,Male,White,,NA,,NA,,,No,"$150,000 or more",0.3,0.7,bandit,7,11/30/20 13:02,2,6,16,2,1,0,1,0.7,0.25,0.75,2,1,59,1,16,0,0.33333,4,4,0.6073941916939242,0.04015149105953348,0.387755102062592,0.39260580830607583,0.5748240658142532,0.8552522329266844,-0.6819077269415073,0.0,0.0,-0.33235820901138946,-0.23266054424133245,0.0,0.7840645407939808,0.0,0.0,0.014020008057277933,0.0526999211399814,0.0,0.02647872836857279,0.04622490898634157
D68.17,D68,bg,1,1,2,4,May,24,2012,Male,White,,NA,,NA,,,No,"$150,000 or more",0.3,0.7,bandit,7,11/30/20 13:02,2,6,17,1,4,0,0,0.3,0.25,0.75,1,1,59,0,17,0,0.33333,1,8,0.28538346806164083,0.02944389701638426,-0.1785714285171736,-0.28538346806164083,-0.19976842764314856,0.22285412775518473,-0.5000812284566654,0.3748914818699748,0.6615077791930253,-0.5264631123002028,-0.4413493542953925,0.00826209354982646,0.7514722043588171,0.0014750307396083073,-5.551115123125783e-17,0.0009286040889437963,0.0515668852258368,0.0,0.000362631031714189,0.045888273030357696
D68.18,D68,bg,1,1,2,4,May,24,2012,Male,White,,NA,,NA,,,No,"$150,000 or more",0.3,0.7,bandit,7,11/30/20 13:02,2,6,18,1,4,0,0,0.3,0.25,0.75,1,1,59,0,18,0,0.33333,1,9,0.25962751363114267,0.02521431557680923,-0.15873016054697503,-0.25962751363114267,-0.18173925954179987,0.20057423955414952,-0.4740205869080334,0.36663130120603066,0.657138430034442,-0.6061877880802712,-0.5264631123002028,0.006396043248667379,0.72601772267464,0.0009067025952695928,-5.551115123125783e-17,0.0004911516335818766,0.050839301041092855,0.0,0.00018271206976605558,0.045703739011807354
D68.19,D68,bg,1,1,2,4,May,24,2012,Male,White,,NA,,NA,,,No,"$150,000 or more",0.3,0.7,bandit,7,11/30/20 13:02,2,6,19,2,1,0,1,0.7,0.25,0.75,2,1,59,1,19,0,0.33333,5,4,0.6734986945169712,0.03412457714895184,0.28571428570439206,0.3265013054830288,0.5285509138381201,0.7519441654287197,-0.6915159840708771,0.0,0.0,-0.44416450766495524,-0.33235820901138946,0.0,0.655399662286506,0.0,0.0,0.006915546384903215,0.037610265703864276,0.0,0.030437973233536142,0.04958787929333597
D68.20,D68,bg,1,1,2,4,May,24,2012,Male,White,,NA,,NA,,,No,"$150,000 or more",0.3,0.7,bandit,7,11/30/20 13:02,2,6,20,2,1,0,1,0.7,0.25,0.75,2,1,59,1,20,0,0.33333,6,4,0.7241663163353413,0.028588485586435397,0.20634920644895727,0.27583368366465866,0.4930835785652611,0.6794091382212296,-0.6930515037376291,0.0,0.0,-0.5592853255250018,-0.44416450766495524,0.0,0.5919407447954603,0.0,0.0,0.0033818087032639887,0.028431190995983124,0.0,0.020370075314836145,0.039584893453116665
D69.1,D69,gb,3,3,2,2,December,3,2011,Male,White,,NA,,NA,,,No,"$150,000 or more",0.7,0.3,tycoon,14,11/26/20 11:20,6,4,1,1,4,1,1,0.7,0.5,0.75,1,2,60,1,1,0,0.33333,1,0,0.5,0.08333333333333334,NaN,0.5,0.3500000000000001,0.4307829160924544,-0.6474466390346325,0.46153846153846156,0.6901856760188042,-0.04985714948732713,-0.0,0.05414517848247718,1.080889095295541,0.01409433193494114,0.0,0.056089743589743724,0.13107336639004985,-1.1102230246251565e-16,0.010744810700342722,0.04891275394756722
D69.2,D69,gb,3,3,2,2,December,3,2011,Male,White,,NA,,NA,,,No,"$150,000 or more",0.7,0.3,tycoon,14,11/26/20 11:20,6,4,2,2,4,1,1,0.3,0.5,0.75,2,2,60,1,2,0,0.33333,1,0,0.5,0.08333333333333334,NaN,0.5,0.3500000000000001,0.4307829160924544,-0.6474466390346325,0.46153846153846156,0.6901856760188042,-0.04985714948732713,-0.0,0.05414517848247718,1.0830403030048914,0.013293712192332219,0.028994082840236635,0.08195307245743222,0.14653679006128928,0.0,0.010744810700342944,0.04059899259159849
D69.3,D69,gb,3,3,2,2,December,3,2011,Male,White,,NA,,NA,,,No,"$150,000 or more",0.7,0.3,tycoon,14,11/26/20 11:20,6,4,3,1,4,0,1,0.7,0.5,0.75,1,2,60,1,3,0,0.33333,2,0,0.5897435897435898,0.07527942143326759,1.505215796449022e-8,0.41025641025641024,0.28717948717948727,0.33852562543305514,-0.5996068847876724,0.420863309352518,0.6805691240005796,-0.1694605094257496,-0.04985714948732713,0.03640626681961483,1.0580706350682705,0.008936834081395562,-1.1102230246251565e-16,0.05279914869019675,0.10941149615205781,-1.1102230246251565e-16,0.005618362421842882,0.035483482321714055
D69.4,D69,gb,3,3,2,2,December,3,2011,Male,White,,NA,,NA,,,No,"$150,000 or more",0.7,0.3,tycoon,14,11/26/20 11:20,6,4,4,2,4,0,0,0.3,0.5,0.75,2,2,60,0,4,0,0.33333,1,1,0.5897435897435898,0.07527942143326759,-0.999999984947842,-0.5897435897435898,-0.7128205128205127,1.2476478678285972,-0.5996068847876724,0.0,0.0,-0.09393882346618043,-0.04985714948732713,0.0,0.9557320024071028,0.0,0.0,0.014685442425602546,0.0795352665581539,0.0,0.02346938767733342,0.04820963469496642
D69.5,D69,gb,3,3,2,2,December,3,2011,Male,White,,NA,,NA,,,No,"$150,000 or more",0.7,0.3,tycoon,14,11/26/20 11:20,6,4,5,1,3,0,1,0.7,0.5,0.75,1,2,60,1,5,0,0.33333,3,0,0.6636690647482014,0.06242107033797422,1.505215796449022e-8,0.3363309352517986,0.23543165467625904,0.268443858885838,-0.5457566301170604,0.392378263937897,0.6698000343867989,-0.31724785272016875,-0.1694605094257496,0.02364311272114325,0.8770967640113039,0.006644648168409262,0.0,0.02004719477769923,0.05774416016937978,0.0,0.0027852297390043024,0.04537921768091957
D69.6,D69,gb,3,3,2,2,December,3,2011,Male,White,,NA,,NA,,,No,"$150,000 or more",0.7,0.3,tycoon,14,11/26/20 11:20,6,4,6,2,3,0,1,0.3,0.5,0.75,2,2,60,1,6,0,0.33333,2,1,0.40624999999999994,0.059960937500000006,0.7142857142857144,0.59375,0.41562500000000013,0.5372123789391858,-0.6788405414022067,0.5133689839572192,0.6927896784912411,-0.06841932383907297,-0.09393882346618043,0.055102579949780864,0.9297231620931339,0.006929975325388749,0.0,0.013293891796065882,0.06293424944365222,0.0,0.01481901845025424,0.03672396130262645
D69.7,D69,gb,3,3,2,2,December,3,2011,Male,White,,NA,,NA,,,No,"$150,000 or more",0.7,0.3,tycoon,14,11/26/20 11:20,6,4,7,1,3,0,1,0.7,0.5,0.75,1,2,60,1,7,0,0.33333,4,0,0.720818630910374,0.049557175056323656,1.505215796449022e-8,0.279181369089626,0.19542695836273816,0.21744352532572367,-0.4939971112220449,0.3728685706266227,0.6604647503197693,-0.4669270480222721,-0.31724785272016875,0.015384672502538485,0.856217853678847,0.003435719627110201,0.0,0.011626066445629357,0.046846915847010395,-1.1102230246251565e-16,0.001334355288116984,0.035204143006737576
D69.8,D69,gb,3,3,2,2,December,3,2011,Male,White,,NA,,NA,,,No,"$150,000 or more",0.7,0.3,tycoon,14,11/26/20 11:20,6,4,8,2,2,1,1,0.3,0.5,0.75,2,2,60,1,8,0,0.33333,3,1,0.47807486631016044,0.059144956961880525,0.4761904739920234,0.5219251336898396,0.3653475935828877,0.45467782143196556,-0.6564330821954864,0.4726996966632962,0.6916558259082752,-0.10203826854156672,-0.06841932383907297,0.041065536639639334,0.9032989347724857,0.005130010961670428,0.0,0.012039251159246644,0.05142486154105641,1.1102230246251565e-16,0.008758474689474993,0.026501916157903205
D69.9,D69,gb,3,3,2,2,December,3,2011,Male,White,,NA,,NA,,,No,"$150,000 or more",0.7,0.3,tycoon,14,11/26/20 11:20,6,4,9,1,3,0,1,0.7,0.5,0.75,1,2,60,1,9,0,0.33333,5,0,0.7639346946413117,0.038886415120984216,1.505215796449022e-8,0.2360653053586883,0.16524571375108188,0.1806178654019626,-0.4482669879861906,0.35938719326388935,0.6530647926105785,-0.6068721402139434,-0.4669270480222721,0.010280655290413887,0.8389422886243263,0.0031523965367170614,0.0,0.009333958112341945,0.03925385414092186,1.1102230246251565e-16,0.0006264767647730096,0.02844523100242824
D69.10,D69,gb,3,3,2,2,December,3,2011,Male,White,,NA,,NA,,,No,"$150,000 or more",0.7,0.3,tycoon,14,11/26/20 11:20,6,4,10,2,4,0,0,0.3,0.5,0.75,2,2,60,0,10,0,0.33333,3,2,0.5433097404785979,0.054325816767273404,-0.6428571414158346,-0.5433097404785979,-0.6803168183350186,1.140424830915753,-0.6266304181662299,0.0,0.0,-0.15524439974414975,-0.10203826854156672,0.0,0.7110341714029056,0.0,0.0,0.0016977341969608428,0.031141788670748682,0.0,0.01694783786822418,0.033369423582783164
D69.11,D69,gb,3,3,2,2,December,3,2011,Male,White,,NA,,NA,,,No,"$150,000 or more",0.7,0.3,tycoon,14,11/26/20 11:20,6,4,11,1,3,1,1,0.7,0.5,0.75,1,2,60,1,11,0,0.33333,6,0,0.79654368034297,0.030721348426171222,1.505215796449022e-8,0.20345631965703004,0.142419423759921,0.15364013789587988,-0.40933124792562936,0.3498213559305421,0.6473359812057708,-0.733891270595349,-0.6068721402139434,0.007140690214164802,0.6475663811659735,0.001587357234871245,0.0,0.003899166658881348,0.02409354167623612,1.1102230246251565e-16,0.0002909575578294854,0.03465772924278865
D69.12,D69,gb,3,3,2,2,December,3,2011,Male,White,,NA,,NA,,,No,"$150,000 or more",0.7,0.3,tycoon,14,11/26/20 11:20,6,4,12,2,4,0,0,0.3,0.5,0.75,2,2,60,0,12,0,0.33333,3,3,0.42435424354243534,0.04778325458531338,-0.42857142854178476,-0.42435424354243534,-0.5970479704797047,0.908937757568896,-0.6741904715742899,0.0,0.0,-0.2704986715529007,-0.15524439974414975,0.0,0.5736904969982046,0.0,0.0,0.00018765504653484033,0.021671690072206706,0.0,0.026183534536607267,0.04551407702094179
D69.13,D69,gb,3,3,2,2,December,3,2011,Male,White,,NA,,NA,,,No,"$150,000 or more",0.7,0.3,tycoon,14,11/26/20 11:20,6,4,13,1,3,0,1,0.7,0.5,0.75,1,2,60,1,13,0,0.33333,7,0,0.8216199757887049,0.024639008868067025,1.505215796449022e-8,0.17838002421129506,0.12486601694790656,0.13337828085862052,-0.376509360186612,0.3428046514131793,0.6428782832701956,-0.8483851947647142,-0.733891270595349,0.005168063639247128,0.5229371236247058,0.0011843455185647223,0.0,0.0022763224981737773,0.017204281422535495,-1.1102230246251565e-16,0.0001344773021747514,0.04540405987077156
D69.14,D69,gb,3,3,2,2,December,3,2011,Male,White,,NA,,NA,,,No,"$150,000 or more",0.7,0.3,tycoon,14,11/26/20 11:20,6,4,14,2,3,1,1,0.3,0.5,0.75,2,2,60,1,14,0,0.33333,4,3,0.34134615384615385,0.039465709237343854,0.7142857142875965,0.6586538461538461,0.46105769230769234,0.6181467496232038,-0.6901111000621384,0.5566458519179305,0.6867158763883532,-0.23266054424133242,-0.2704986715529007,0.04898243375673989,0.5502124031087947,0.0016653227402390058,0.0,0.00018519041733344732,0.017830409342775577,-1.1102230246251565e-16,0.018152569876850988,0.03740735623136149
D69.15,D69,gb,3,3,2,2,December,3,2011,Male,White,,NA,,NA,,,No,"$150,000 or more",0.7,0.3,tycoon,14,11/26/20 11:20,6,4,15,1,4,0,0,0.7,0.5,0.75,1,2,60,0,15,0,0.33333,7,1,0.8413281650964677,0.020105567336820347,-0.999999984947842,-0.8413281650964677,-0.8889297155675273,2.1975920849666224,-0.3487471907122933,0.0,0.0,-0.44134935429539246,-0.8483851947647142,0.0,0.8203630083655492,0.0,0.0,0.009779434731691516,0.04510807162090047,0.0,0.0007138511185812435,0.037929316030493876
D69.16,D69,gb,3,3,2,2,December,3,2011,Male,White,,NA,,NA,,,No,"$150,000 or more",0.7,0.3,tycoon,14,11/26/20 11:20,6,4,16,2,3,1,1,0.3,0.5,0.75,2,2,60,1,16,0,0.33333,5,3,0.3926058083060759,0.04015149105953348,0.6122448978977654,0.6073941916939241,0.42517593418574684,0.5536912575008726,-0.6819077269415073,0.5218988171190123,0.6921877573072556,-0.23204795711695592,-0.23266054424133242,0.03924851334303198,0.8638325792697599,0.002119473347973244,0.0,0.004094724710204223,0.04734857133749537,0.0,0.01199402080865608,0.03172191243403555
D69.17,D69,gb,3,3,2,2,December,3,2011,Male,White,,NA,,NA,,,No,"$150,000 or more",0.7,0.3,tycoon,14,11/26/20 11:20,6,4,17,1,4,0,0,0.7,0.5,0.75,1,2,60,0,17,0,0.33333,7,2,0.7146165319383592,0.029443897016384266,-0.8214285657677198,-0.7146165319383592,-0.8002315723568514,1.6105964450581896,-0.5000812284566655,0.0,0.0,-0.32792102780953847,-0.44134935429539246,0.0,1.0105323854101629,0.0,0.0,0.02392097920554459,0.08054279984689494,0.0,0.0021207633021401717,0.03319894483559427
D69.18,D69,gb,3,3,2,2,December,3,2011,Male,White,,NA,,NA,,,No,"$150,000 or more",0.7,0.3,tycoon,14,11/26/20 11:20,6,4,18,2,3,0,1,0.3,0.5,0.75,2,2,60,1,18,0,0.33333,6,3,0.4415008449149912,0.03898646792778655,0.5357142854078077,0.5584991550850088,0.3909494085595062,0.49585394174971215,-0.669170875009046,0.49256991819096024,0.693036764264588,-0.2581358322404612,-0.23204795711695592,0.03062285669061493,1.0443973233580413,0.00470927816627098,0.0,0.02007023001934871,0.08500164275128075,-1.1102230246251565e-16,0.007603174371418109,0.02872626296233005
D69.19,D69,gb,3,3,2,2,December,3,2011,Male,White,,NA,,NA,,,No,"$150,000 or more",0.7,0.3,tycoon,14,11/26/20 11:20,6,4,19,1,4,0,0,0.7,0.5,0.75,1,2,60,0,19,0,0.33333,7,3,0.6114434321916543,0.03308472734605146,-0.6825396824684166,-0.6114434321916543,-0.728010402534158,1.3019914580283587,-0.5852277123049061,0.0,0.0,-0.300546826596243,-0.32792102780953847,0.0,1.0882543676937764,0.0,0.0,0.04403343047018615,0.12097174607199301,0.0,0.004658377691200477,0.030878353382089774
D69.20,D69,gb,3,3,2,2,December,3,2011,Male,White,,NA,,NA,,,No,"$150,000 or more",0.7,0.3,tycoon,14,11/26/20 11:20,6,4,20,2,3,1,1,0.3,0.5,0.75,2,2,60,1,20,0,0.33333,7,3,0.4863091546563947,0.03658287444157547,0.4761904747327377,0.5136908453436053,0.3595835917405237,0.4456366762960631,-0.6531782320549671,0.46844521178859255,0.6911544472276554,-0.300546826596243,-0.2581358322404612,0.023617731566659306,1.095996638123689,0.004530592218463969,0.013112039839789924,0.052298849400863046,0.1275696278341406,0.0,0.004658377691200588,0.028394569859229057
D7.1,D7,gb,2,2,4,4,June,3,2011,Male,White,,NA,,NA,,,No,"$60,000 to $79,999",0.3,0.7,tycoon,16,8/15/20 12:18,4,8,1,2,2,0,1,0.7,0.5,1.0,2,2,61,1,1,0,0.33333,1,0,0.5,0.08333333333333334,NaN,0.5,0.3500000000000001,0.4307829160924544,-0.6474466390346325,0.46153846153846156,0.6901856760188042,-0.04985714948732713,-0.0,0.05414517848247718,1.0807266142562775,0.013916602406758516,0.0,0.056089743589743724,0.13109177402877814,-1.1102230246251565e-16,0.010744810700342722,0.048912753947567
D7.2,D7,gb,2,2,4,4,June,3,2011,Male,White,,NA,,NA,,,No,"$60,000 to $79,999",0.3,0.7,tycoon,16,8/15/20 12:18,4,8,2,1,3,0,1,0.3,0.5,1.0,1,2,61,1,2,0,0.33333,1,0,0.5,0.08333333333333334,NaN,0.5,0.3500000000000001,0.4307829160924544,-0.6474466390346325,0.46153846153846156,0.6901856760188042,-0.04985714948732713,-0.0,0.05414517848247718,1.0830403030048914,0.013322217750445065,0.028994082840236635,0.08195307245743222,0.14653679006128928,0.0,0.010744810700342944,0.04059899259159849
D7.3,D7,gb,2,2,4,4,June,3,2011,Male,White,,NA,,NA,,,No,"$60,000 to $79,999",0.3,0.7,tycoon,16,8/15/20 12:18,4,8,3,2,4,0,1,0.7,0.5,1.0,2,2,61,1,3,0,0.33333,2,0,0.5897435897435898,0.07527942143326759,1.505215796449022e-8,0.41025641025641024,0.28717948717948727,0.33852562543305514,-0.5996068847876724,0.420863309352518,0.6805691240005796,-0.1694605094257496,-0.04985714948732713,0.03640626681961483,1.057507132322856,0.008956007659074672,-1.1102230246251565e-16,0.05279914869019675,0.10941126596245065,-1.1102230246251565e-16,0.005618362421842882,0.035483488395948504
D7.4,D7,gb,2,2,4,4,June,3,2011,Male,White,,NA,,NA,,,No,"$60,000 to $79,999",0.3,0.7,tycoon,16,8/15/20 12:18,4,8,4,2,1,1,1,0.7,0.5,1.0,2,2,61,1,4,0,0.33333,3,0,0.6636690647482014,0.06242107033797422,1.505215796449022e-8,0.3363309352517986,0.23543165467625904,0.268443858885838,-0.5457566301170604,0.392378263937897,0.6698000343867989,-0.31724785272016875,-0.1694605094257496,0.02364311272114325,1.0174662930953433,0.0057243251387126826,0.0,0.033246493585231573,0.08231656704129264,0.0,0.0027852297390043024,0.03259836740961486
D7.5,D7,gb,2,2,4,4,June,3,2011,Male,White,,NA,,NA,,,No,"$60,000 to $79,999",0.3,0.7,tycoon,16,8/15/20 12:18,4,8,5,2,1,1,1,0.7,0.5,1.0,2,2,61,1,5,0,0.33333,4,0,0.720818630910374,0.049557175056323656,1.505215796449022e-8,0.279181369089626,0.19542695836273816,0.21744352532572367,-0.4939971112220449,0.3728685706266227,0.6604647503197693,-0.4669270480222721,-0.31724785272016875,0.015384672502538485,0.9701414190756482,0.00525406458397093,0.0,0.020789878114198856,0.06311745194629725,1.1102230246251565e-16,0.001334355288117206,0.03113354722695294
D7.6,D7,gb,2,2,4,4,June,3,2011,Male,White,,NA,,NA,,,No,"$60,000 to $79,999",0.3,0.7,tycoon,16,8/15/20 12:18,4,8,6,1,2,0,1,0.3,0.5,1.0,1,2,61,1,6,0,0.33333,2,0,0.5897435897435898,0.07527942143326759,1.505215796449022e-8,0.41025641025641024,0.28717948717948727,0.33852562543305514,-0.5996068847876724,0.420863309352518,0.6805691240005796,-0.1694605094257496,-0.04985714948732713,0.03640626681961483,0.9934265914010338,0.004533255354022492,0.0,0.037649955866220886,0.07132513559645848,-1.1102230246251565e-16,0.005618362421842993,0.02601209632916568
D7.7,D7,gb,2,2,4,4,June,3,2011,Male,White,,NA,,NA,,,No,"$60,000 to $79,999",0.3,0.7,tycoon,16,8/15/20 12:18,4,8,7,1,2,1,1,0.3,0.5,1.0,1,2,61,1,7,0,0.33333,3,0,0.6636690647482014,0.06242107033797422,1.505215796449022e-8,0.3363309352517986,0.23543165467625904,0.268443858885838,-0.5457566301170604,0.392378263937897,0.6698000343867989,-0.31724785272016875,-0.1694605094257496,0.02364311272114325,1.0013478342512983,0.00689436988914971,0.0,0.04668699865352044,0.07885145626285528,1.1102230246251565e-16,0.0027852297390043024,0.02318005298413195
D7.8,D7,gb,2,2,4,4,June,3,2011,Male,White,,NA,,NA,,,No,"$60,000 to $79,999",0.3,0.7,tycoon,16,8/15/20 12:18,4,8,8,1,2,1,1,0.3,0.5,1.0,1,2,61,1,8,0,0.33333,4,0,0.720818630910374,0.049557175056323656,1.505215796449022e-8,0.279181369089626,0.19542695836273816,0.21744352532572367,-0.4939971112220449,0.3728685706266227,0.6604647503197693,-0.4669270480222721,-0.31724785272016875,0.015384672502538485,0.9887562826805001,0.001545391249435868,0.01125363753808073,0.05510276414493198,0.08541873224703311,-1.1102230246251565e-16,0.001334355288116984,0.0216576979200227
D7.9,D7,gb,2,2,4,4,June,3,2011,Male,White,,NA,,NA,,,No,"$60,000 to $79,999",0.3,0.7,tycoon,16,8/15/20 12:18,4,8,9,1,2,1,1,0.3,0.5,1.0,1,2,61,1,9,0,0.33333,5,0,0.7639346946413117,0.038886415120984216,1.505215796449022e-8,0.2360653053586883,0.16524571375108188,0.1806178654019626,-0.4482669879861906,0.35938719326388935,0.6530647926105785,-0.6068721402139434,-0.4669270480222721,0.010280655290413887,0.9722926217264375,0.00209128333768549,0.0,0.03995516976681801,0.06838865176912678,2.220446049250313e-16,0.0006264767647730096,0.020967043937300978
D7.10,D7,gb,2,2,4,4,June,3,2011,Male,White,,NA,,NA,,,No,"$60,000 to $79,999",0.3,0.7,tycoon,16,8/15/20 12:18,4,8,10,1,1,0,0,0.3,0.5,1.0,1,2,61,0,10,0,0.33333,5,1,0.79654368034297,0.030721348426171222,-0.999999984947842,-0.79654368034297,-0.857580576240079,1.9489788864978448,-0.40933124792562936,0.0,0.0,-0.2597274871226082,-0.6068721402139434,0.0,0.9656760811735711,0.0,0.0,0.020935280213256635,0.060831068497181895,0.0,0.002646806822436898,0.02096895718747349
D7.11,D7,gb,2,2,4,4,June,3,2011,Male,White,,NA,,NA,,,No,"$60,000 to $79,999",0.3,0.7,tycoon,16,8/15/20 12:18,4,8,11,2,1,0,1,0.7,0.5,1.0,2,2,61,1,11,0,0.33333,5,0,0.7639346946413117,0.038886415120984216,1.505215796449022e-8,0.2360653053586883,0.16524571375108188,0.1806178654019626,-0.4482669879861906,0.35938719326388935,0.6530647926105785,-0.6068721402139434,-0.4669270480222721,0.010280655290413887,0.9117018514493057,0.003855672568439661,0.0,0.019059935313463505,0.04686613650364613,-1.1102230246251565e-16,0.0006264767647727876,0.02232104281385361
D7.12,D7,gb,2,2,4,4,June,3,2011,Male,White,,NA,,NA,,,No,"$60,000 to $79,999",0.3,0.7,tycoon,16,8/15/20 12:18,4,8,12,1,1,0,0,0.3,0.5,1.0,1,2,61,0,12,0,0.33333,5,2,0.6455464123398981,0.040759615127719986,-0.7619047619584085,-0.6455464123398981,-0.7518824886379286,1.3938528089046633,-0.5602575535492537,0.0,0.0,-0.20362825923782918,-0.2597274871226082,0.0,0.7943453823009725,0.0,0.0,0.0037636144428963014,0.03565542211868444,0.0,0.00646249760522466,0.026214235035501687
D7.13,D7,gb,2,2,4,4,June,3,2011,Male,White,,NA,,NA,,,No,"$60,000 to $79,999",0.3,0.7,tycoon,16,8/15/20 12:18,4,8,13,1,1,0,1,0.3,0.5,1.0,1,2,61,1,13,0,0.33333,6,2,0.5305535993265176,0.04180549502855063,0.4081632652507492,0.4694464006734824,0.32861248047143765,0.3984087833361684,-0.6331916582986538,0.44683583068487076,0.6874836226981821,-0.2618168853573194,-0.20362825923782918,0.023017317163043654,0.8286609520022957,0.0015905785782560633,0.0,0.005151883343473385,0.03814325697155774,1.1102230246251565e-16,0.0037550782567964403,0.022406272143409733
D7.14,D7,gb,2,2,4,4,June,3,2011,Male,White,,NA,,NA,,,No,"$60,000 to $79,999",0.3,0.7,tycoon,16,8/15/20 12:18,4,8,14,2,1,0,1,0.7,0.5,1.0,2,2,61,1,14,0,0.33333,6,0,0.79654368034297,0.030721348426171222,1.505215796449022e-8,0.20345631965703004,0.142419423759921,0.15364013789587988,-0.40933124792562936,0.3498213559305421,0.6473359812057708,-0.733891270595349,-0.6068721402139434,0.007140690214164802,0.7648987824543498,0.002298176761585391,0.0,0.007269336478615718,0.029544612433107353,-1.1102230246251565e-16,0.0002909575578293744,0.022346193554965588
D7.15,D7,gb,2,2,4,4,June,3,2011,Male,White,,NA,,NA,,,No,"$60,000 to $79,999",0.3,0.7,tycoon,16,8/15/20 12:18,4,8,15,1,1,0,1,0.3,0.5,1.0,1,2,61,1,15,0,0.33333,7,2,0.5741407165558251,0.03740388601427415,0.35714285717432626,0.4258592834441749,0.2981014984109225,0.35396647004063503,-0.6092471136463906,0.4274122245891805,0.682571878377868,-0.32792102780953847,-0.2618168853573194,0.017233904192596534,0.7968086069378753,0.0013485057099570374,0.0,0.004300765181197375,0.0315796080469154,-1.1102230246251565e-16,0.0021207633021399497,0.02144345796368441
D7.16,D7,gb,2,2,4,4,June,3,2011,Male,White,,NA,,NA,,,No,"$60,000 to $79,999",0.3,0.7,tycoon,16,8/15/20 12:18,4,8,16,1,1,0,0,0.3,0.5,1.0,1,2,61,0,16,0,0.33333,7,3,0.6114434321916543,0.03308472734605146,-0.6825396824684166,-0.6114434321916543,-0.728010402534158,1.3019914580283587,-0.5852277123049061,0.0,0.0,-0.300546826596243,-0.32792102780953847,0.0,0.7003242799576677,0.0,0.0,0.001108829080047724,0.026021226246698337,0.0,0.004658377691200588,0.02400803008474317
D7.17,D7,gb,2,2,4,4,June,3,2011,Male,White,,NA,,NA,,,No,"$60,000 to $79,999",0.3,0.7,tycoon,16,8/15/20 12:18,4,8,17,1,1,0,0,0.3,0.5,1.0,1,2,61,0,17,0,0.33333,7,4,0.5262956568428396,0.033586414868103556,-0.5714285664399477,-0.5262956568428396,-0.6684069597899878,1.1038468444514755,-0.6353010686748846,0.0,0.0,-0.3138238740887067,-0.300546826596243,0.0,0.6288016252372814,0.0,0.0,0.000265359575198687,0.023218096424136525,0.0,0.00844908938674227,0.02778226728356703
D7.18,D7,gb,2,2,4,4,June,3,2011,Male,White,,NA,,NA,,,No,"$60,000 to $79,999",0.3,0.7,tycoon,16,8/15/20 12:18,4,8,18,1,1,1,1,0.3,0.5,1.0,1,2,61,1,18,0,0.33333,8,4,0.4553940167095537,0.0323380319117705,0.5194805186397091,0.5446059832904463,0.3812241883033125,0.4800122500958855,-0.6646602466243094,0.4848282598141609,0.6926867464885612,-0.3469047363981448,-0.3138238740887067,0.023504348825526655,0.6554656079171935,0.001124187316735914,0.0,0.00039195474241615624,0.02413226543437408,2.220446049250313e-16,0.0053878947507952635,0.023784891391184226
D7.19,D7,gb,2,2,4,4,June,3,2011,Male,White,,NA,,NA,,,No,"$60,000 to $79,999",0.3,0.7,tycoon,16,8/15/20 12:18,4,8,19,2,1,0,1,0.7,0.5,1.0,2,2,61,1,19,0,0.33333,7,0,0.8216199757887049,0.024639008868067025,1.505215796449022e-8,0.17838002421129506,0.12486601694790656,0.13337828085862052,-0.376509360186612,0.3428046514131793,0.6428782832701956,-0.8483851947647142,-0.733891270595349,0.005168063639247128,0.5952010490928469,0.001587861417869374,0.0,0.0022763224981737773,0.018988614927894942,0.0,0.00013447730217486242,0.024253251216258542
D7.20,D7,gb,2,2,4,4,June,3,2011,Male,White,,NA,,NA,,,No,"$60,000 to $79,999",0.3,0.7,tycoon,16,8/15/20 12:18,4,8,20,1,3,1,1,0.3,0.5,1.0,1,2,61,1,20,0,0.33333,9,4,0.4919769307639502,0.030175846260134847,0.47619047733705944,0.5080230692360498,0.3556161484652349,0.43946068768486723,-0.6508541028942021,0.4655610150463472,0.6907732140228322,-0.38782604294754275,-0.3469047363981448,0.01857872506123154,0.6195788583486208,0.0008803131259502717,0.0,0.00030233952423386334,0.019743744594631907,1.1102230246251565e-16,0.003350204162713255,0.02236053326414844
D8.1,D8,bg,4,0,1,2,June,17,2013,Male,White,,NA,,NA,,,No,"$60,000 to $79,999",0.7,0.3,bandit,8,8/15/20 12:42,4,3,1,2,1,0,0,0.3,0.375,0.5,2,1,62,0,1,0,0.33333,0,1,0.5,0.08333333333333334,NaN,-0.5,-0.35,0.4307829160924542,-0.6474466390346325,0.46153846153846156,0.6901856760188042,-0.04985714948732713,-0.0,0.05414517848247718,1.0796200787151622,0.018796586003682503,0.0,0.05608974358974361,0.1563382907162265,1.1102230246251565e-16,0.010744810700342833,0.04891275394756689
D8.2,D8,bg,4,0,1,2,June,17,2013,Male,White,,NA,,NA,,,No,"$60,000 to $79,999",0.7,0.3,bandit,8,8/15/20 12:42,4,3,2,2,2,1,0,0.3,0.375,0.5,2,1,62,0,2,0,0.33333,0,2,0.41025641025641024,0.0752794214332676,-3.324562949461316e-16,-0.41025641025641024,-0.28717948717948716,0.33852562543305503,-0.5996068847876723,0.420863309352518,0.6805691240005796,-0.1694605094257496,-0.04985714948732713,0.036406266819614855,1.0381205447735584,0.011369300033732266,0.0,0.03407149280575539,0.14273411696380817,-1.1102230246251565e-16,0.005618362421842882,0.043786868876091956
D8.3,D8,bg,4,0,1,2,June,17,2013,Male,White,,NA,,NA,,,No,"$60,000 to $79,999",0.7,0.3,bandit,8,8/15/20 12:42,4,3,3,2,4,0,0,0.3,0.375,0.5,2,1,62,0,3,0,0.33333,0,3,0.3363309352517986,0.06242107033797423,-3.324562949461316e-16,-0.3363309352517986,-0.23543165467625898,0.2684438588858378,-0.5457566301170604,0.392378263937897,0.6698000343867989,-0.31724785272016875,-0.1694605094257496,0.02364311272114325,0.9876242797779426,0.005629899984157305,0.0,0.020047194777699395,0.13384813719958477,0.0,0.0027852297390043024,0.04095865849956537
D8.4,D8,bg,4,0,1,2,June,17,2013,Male,White,,NA,,NA,,,No,"$60,000 to $79,999",0.7,0.3,bandit,8,8/15/20 12:42,4,3,4,1,3,0,0,0.7,0.375,0.5,1,1,62,0,4,0,0.33333,0,1,0.5,0.08333333333333334,NaN,-0.5,-0.35,0.4307829160924542,-0.6474466390346325,0.46153846153846156,0.6901856760188042,-0.04985714948732713,-0.0,0.05414517848247718,1.002694490716361,0.018191241775110778,0.0,0.05608974358974361,0.10705173688561159,0.0,0.010744810700342833,0.03259836740961519
D8.5,D8,bg,4,0,1,2,June,17,2013,Male,White,,NA,,NA,,,No,"$60,000 to $79,999",0.7,0.3,bandit,8,8/15/20 12:42,4,3,5,1,4,0,1,0.7,0.375,0.5,1,1,62,1,5,0,0.33333,1,1,0.41025641025641024,0.0752794214332676,0.9999999999999997,0.5897435897435898,0.7128205128205128,1.2476478678285976,-0.5996068847876723,0.0,0.0,-0.09393882346618045,-0.04985714948732713,0.0,0.9271789397209037,0.0,0.0,0.04511718749999999,0.09039353608658879,0.0,0.02346938767733342,0.04537921768091946
D8.6,D8,bg,4,0,1,2,June,17,2013,Male,White,,NA,,NA,,,No,"$60,000 to $79,999",0.7,0.3,bandit,8,8/15/20 12:42,4,3,6,1,1,0,0,0.7,0.375,0.5,1,1,62,0,6,0,0.33333,1,2,0.59375,0.05996093749999999,-0.7142857142857143,-0.59375,-0.41562499999999997,0.5372123789391855,-0.6788405414022067,0.5133689839572192,0.6927896784912411,-0.06841932383907298,-0.09393882346618045,0.05510257994978083,0.9747909790629148,0.015209687354616142,0.018342245989304784,0.06426804812834219,0.1157175857371816,1.1102230246251565e-16,0.01481901845025424,0.036723961302626895
D8.7,D8,bg,4,0,1,2,June,17,2013,Male,White,,NA,,NA,,,No,"$60,000 to $79,999",0.7,0.3,bandit,8,8/15/20 12:42,4,3,7,1,2,1,0,0.7,0.375,0.5,1,1,62,0,7,0,0.33333,1,3,0.5219251336898396,0.059144956961880525,-0.47619047105696843,-0.5219251336898396,-0.3653475935828877,0.45467782143196556,-0.6564330821954864,0.4726996966632962,0.6916558259082752,-0.10203826854156678,-0.06841932383907298,0.04106553663963941,0.9960347452676119,0.010257811133324246,0.007254802831142604,0.05471699106841926,0.11049814323940904,0.0,0.008758474689475215,0.03059498892497514
D8.8,D8,bg,4,0,1,2,June,17,2013,Male,White,,NA,,NA,,,No,"$60,000 to $79,999",0.7,0.3,bandit,8,8/15/20 12:42,4,3,8,1,4,0,1,0.7,0.375,0.5,1,1,62,1,8,0,0.33333,2,3,0.4566902595214021,0.05432581676727339,0.6428571428387222,0.5433097404785979,0.6803168183350186,1.140424830915753,-0.6266304181662299,0.0,0.0,-0.15524439974415,-0.10203826854156678,0.0,0.9385777792811614,0.0,0.0,0.04074319649446495,0.09161800038836848,0.0,0.016947837868224402,0.03875153612985838
D8.9,D8,bg,4,0,1,2,June,17,2013,Male,White,,NA,,NA,,,No,"$60,000 to $79,999",0.7,0.3,bandit,8,8/15/20 12:42,4,3,9,1,1,1,0,0.7,0.375,0.5,1,1,62,0,9,0,0.33333,2,4,0.5756457564575646,0.047783254585313385,-0.5714285714562882,-0.5756457564575646,-0.4029520295202952,0.5157578162553096,-0.6741904715742899,0.5024721878862793,0.6931349570842507,-0.16347278440718951,-0.15524439974415,0.04080248582851541,0.973835569574625,0.009392791920070254,0.012870828182941885,0.05518984423284906,0.11128473448250037,0.0,0.010714598831218947,0.03259412929739669
D8.10,D8,bg,4,0,1,2,June,17,2013,Male,White,,NA,,NA,,,No,"$60,000 to $79,999",0.7,0.3,bandit,8,8/15/20 12:42,4,3,10,1,1,0,1,0.7,0.375,0.5,1,1,62,1,10,0,0.33333,3,4,0.5196229913473425,0.04560793367823767,0.5238095225489899,0.48037700865265753,0.6362639060568602,1.0113266909367904,-0.6555375630656881,0.0,0.0,-0.23266054424133245,-0.16347278440718951,0.0,0.9102896031667821,0.0,0.0,0.02806752326172063,0.07798978749996727,0.0,0.018152569876850766,0.03999476992261419
D8.11,D8,bg,4,0,1,2,June,17,2013,Male,White,,NA,,NA,,,No,"$60,000 to $79,999",0.7,0.3,bandit,8,8/15/20 12:42,4,3,11,1,1,0,1,0.7,0.375,0.5,1,1,62,1,11,0,0.33333,4,4,0.6073941916939242,0.04015149105953348,0.387755102062592,0.39260580830607583,0.5748240658142532,0.8552522329266844,-0.6819077269415073,0.0,0.0,-0.33235820901138946,-0.23266054424133245,0.0,0.8377449301771458,0.0,0.0,0.014020008057277933,0.05627236835420962,0.0,0.0264787283685729,0.04834200129126798
D8.12,D8,bg,4,0,1,2,June,17,2013,Male,White,,NA,,NA,,,No,"$60,000 to $79,999",0.7,0.3,bandit,8,8/15/20 12:42,4,3,12,1,1,1,0,0.7,0.375,0.5,1,1,62,0,12,0,0.33333,4,5,0.6734986945169712,0.03412457714895184,-0.7142857142956079,-0.6734986945169712,-0.4714490861618798,0.637616141815937,-0.6915159840708771,0.5675895966606566,0.6839824415260297,-0.2983469826934861,-0.33235820901138946,0.04580354591985148,0.8883251066296646,0.007164356336237909,-5.551115123125783e-17,0.020356941501950887,0.06927672420975972,0.0,0.018834413864569965,0.04067152396478069
D8.13,D8,bg,4,0,1,2,June,17,2013,Male,White,,NA,,NA,,,No,"$60,000 to $79,999",0.7,0.3,bandit,8,8/15/20 12:42,4,3,13,1,1,0,1,0.7,0.375,0.5,1,1,62,1,13,0,0.33333,5,5,0.6283049328965302,0.03473024233151331,0.3650793648229851,0.3716950671034698,0.5601865469724289,0.8214046123625717,-0.6858847415822464,0.0,0.0,-0.38411710724963666,-0.2983469826934861,0.0,0.8232230835084935,0.0,0.0,0.010548418655924374,0.05203038094482931,0.0,0.02645945916832404,0.04830604590387322
D8.14,D8,bg,4,0,1,2,June,17,2013,Male,White,,NA,,NA,,,No,"$60,000 to $79,999",0.7,0.3,bandit,8,8/15/20 12:42,4,3,14,2,1,0,1,0.3,0.375,0.5,2,1,62,1,14,0,0.33333,1,3,0.279181369089626,0.04955717505632367,0.9999999999999997,0.720818630910374,0.8045730416372618,1.6325685838808557,-0.4939971112220449,0.0,0.0,-0.10203826854156678,-0.31724785272016875,0.0,0.97541825103746,0.0,0.0,0.016919539031699793,0.06329759200938306,0.0,0.008758474689474993,0.054295428892236375
D8.15,D8,bg,4,0,1,2,June,17,2013,Male,White,,NA,,NA,,,No,"$60,000 to $79,999",0.7,0.3,bandit,8,8/15/20 12:42,4,3,15,2,1,1,0,0.3,0.375,0.5,2,1,62,0,15,0,0.33333,1,4,0.4566902595214021,0.05432581676727339,-0.3571428571612778,-0.4566902595214021,-0.31968318166498144,0.38519667999782625,-0.6266304181662299,0.44097101808273476,0.6861620599669113,-0.17234810551209448,-0.10203826854156678,0.029483822867364253,0.9120476533850277,0.009516259083631518,5.551115123125783e-17,0.009733069407158845,0.0569837845080407,1.1102230246251565e-16,0.004910265140283365,0.05044060903897474
D8.16,D8,bg,4,0,1,2,June,17,2013,Male,White,,NA,,NA,,,No,"$60,000 to $79,999",0.7,0.3,bandit,8,8/15/20 12:42,4,3,16,2,2,0,1,0.3,0.375,0.5,2,1,62,1,16,0,0.33333,2,4,0.4007926678226405,0.04762632238369273,0.7142857143472323,0.5992073321773594,0.7194451325241517,1.2709859671732364,-0.5934766051981659,0.0,0.0,-0.16347278440718951,-0.17234810551209448,0.0,1.0126746331396337,0.0,0.0,0.020849826472672695,0.06757467251474997,0.0,0.010714598831219058,0.05628026833987354
D8.17,D8,bg,4,0,1,2,June,17,2013,Male,White,,NA,,NA,,,No,"$60,000 to $79,999",0.7,0.3,bandit,8,8/15/20 12:42,4,3,17,1,2,1,0,0.7,0.375,0.5,1,1,62,0,17,0,0.33333,5,6,0.6835810265783105,0.030205750355547747,-0.7142857143342739,-0.6835810265783105,-0.47850671860481736,0.6510588878550133,-0.6922229735150216,0.5752710738619524,0.6817725179342675,-0.35486078857672304,-0.38411710724963666,0.042856173299471965,1.05469083507372,0.00970038898794523,0.0,0.01855300263506232,0.08209015770258793,0.0,0.019192566528699273,0.048506318296205775
D8.18,D8,bg,4,0,1,2,June,17,2013,Male,White,,NA,,NA,,,No,"$60,000 to $79,999",0.7,0.3,bandit,8,8/15/20 12:42,4,3,18,2,1,0,1,0.3,0.375,0.5,2,1,62,1,18,0,0.33333,3,4,0.5196229913473425,0.04560793367823767,0.5238095225489899,0.48037700865265753,0.6362639060568602,1.0113266909367904,-0.6555375630656881,0.0,0.0,-0.23266054424133245,-0.16347278440718951,0.0,1.0846827636785255,0.0,0.0,0.04636234463687239,0.096119987982269,0.0,0.018152569876850988,0.056274893146920024
D8.19,D8,bg,4,0,1,2,June,17,2013,Male,White,,NA,,NA,,,No,"$60,000 to $79,999",0.7,0.3,bandit,8,8/15/20 12:42,4,3,19,2,1,0,0,0.3,0.375,0.5,2,1,62,0,19,0,0.33333,3,5,0.6073941916939242,0.04015149105953348,-0.612244897937408,-0.6073941916939242,-0.4251759341857469,0.5536912575008726,-0.6819077269415073,0.5218988171190122,0.6921877573072556,-0.23204795711695583,-0.23266054424133245,0.039248513343032164,1.0706140133613569,0.012888210221071672,0.0,0.0323583179705309,0.08579898091235078,-1.1102230246251565e-16,0.011994020808655748,0.05018663338098861
D8.20,D8,bg,4,0,1,2,June,17,2013,Male,White,,NA,,NA,,,No,"$60,000 to $79,999",0.7,0.3,bandit,8,8/15/20 12:42,4,3,20,1,1,1,0,0.7,0.375,0.5,1,1,62,0,20,0,0.33333,5,7,0.6430358728760126,0.030676045103135853,-0.6493506492869545,-0.6430358728760126,-0.4501251110132088,0.5980645012013549,-0.6881638882064027,0.5455786507232311,0.6889865803494566,-0.35116401048360785,-0.35486078857672304,0.03535116534512442,1.0918587516847993,0.00873621508229272,0.00044508309818103164,0.03534793705791084,0.10154019988559226,1.1102230246251565e-16,0.013417801377578753,0.04430546719569173
D9.1,D9,gb,2,4,3,2,February,2,2013,Female,White,,NA,,NA,,,No,"$100,000 to $150,000",0.3,0.7,tycoon,13,8/12/20 10:54,6,5,1,1,3,0,0,0.3,0.75,0.625,1,2,63,0,1,0,0.33333,0,1,0.5,0.08333333333333334,NaN,-0.5,-0.6499999999999999,1.0498221244986774,-0.6474466390346325,0.0,0.0,-0.19314718051535087,-0.0,0.0,1.0284761483385072,0.0,0.0,0.029166666666666674,0.14001108542006102,0.0,0.03446712009808295,0.07261948098459137
D9.2,D9,gb,2,4,3,2,February,2,2013,Female,White,,NA,,NA,,,No,"$100,000 to $150,000",0.3,0.7,tycoon,13,8/12/20 10:54,6,5,2,2,2,1,1,0.7,0.75,0.625,2,2,63,1,2,0,0.33333,1,0,0.5,0.08333333333333334,NaN,0.5,0.3500000000000001,0.4307829160924544,-0.6474466390346325,0.46153846153846156,0.6901856760188042,-0.04985714948732713,-0.0,0.05414517848247718,0.9763000523200952,0.0177440495768586,0.0,0.056089743589743724,0.10232280345664868,0.0,0.010744810700342833,0.06432290630777004
D9.3,D9,gb,2,4,3,2,February,2,2013,Female,White,,NA,,NA,,,No,"$100,000 to $150,000",0.3,0.7,tycoon,13,8/12/20 10:54,6,5,3,2,1,0,1,0.7,0.75,0.625,2,2,63,1,3,0,0.33333,2,0,0.5897435897435898,0.07527942143326759,1.505215796449022e-8,0.41025641025641024,0.28717948717948727,0.33852562543305514,-0.5996068847876724,0.420863309352518,0.6805691240005796,-0.1694605094257496,-0.04985714948732713,0.03640626681961483,0.9069826800167431,0.014877073226458704,-1.1102230246251565e-16,0.03407149280575539,0.07362247073741601,-1.1102230246251565e-16,0.005618362421842993,0.0591890818473757
D9.4,D9,gb,2,4,3,2,February,2,2013,Female,White,,NA,,NA,,,No,"$100,000 to $150,000",0.3,0.7,tycoon,13,8/12/20 10:54,6,5,4,1,1,0,0,0.3,0.75,0.625,1,2,63,0,4,0,0.33333,0,2,0.3333333333333333,0.05555555555555555,-3.324562949461316e-16,-0.3333333333333333,-0.5333333333333333,0.7621400520468967,-0.6909233093138181,0.0,0.0,-0.43194562200258524,-0.19314718051535087,0.0,0.8107590786793759,0.0,0.0,0.0022392647252127418,0.06684448242677066,0.0,0.030369290483701628,0.05509240340306898
D9.5,D9,gb,2,4,3,2,February,2,2013,Female,White,,NA,,NA,,,No,"$100,000 to $150,000",0.3,0.7,tycoon,13,8/12/20 10:54,6,5,5,1,2,1,1,0.3,0.75,0.625,1,2,63,1,5,0,0.33333,1,2,0.24999999999999997,0.03749999999999999,0.9999999999999997,0.75,0.525,0.7444404749474959,-0.6918966592050799,0.6315789473684211,0.6581099875431142,-0.2864603556777799,-0.43194562200258524,0.07289196076611204,0.8577159948105133,0.006257969749481118,0.0,0.0040483123839060164,0.06971054779477404,0.010526315789473717,0.03563193689134736,0.06034670141774645
D9.6,D9,gb,2,4,3,2,February,2,2013,Female,White,,NA,,NA,,,No,"$100,000 to $150,000",0.3,0.7,tycoon,13,8/12/20 10:54,6,5,6,2,2,0,1,0.7,0.75,0.625,2,2,63,1,6,0,0.33333,3,0,0.6636690647482014,0.06242107033797422,1.505215796449022e-8,0.3363309352517986,0.23543165467625904,0.268443858885838,-0.5457566301170604,0.392378263937897,0.6698000343867989,-0.31724785272016875,-0.1694605094257496,0.02364311272114325,0.7768130465010215,0.009581238944934345,0.0,0.02004719477769923,0.050246079670031585,1.1102230246251565e-16,0.0027852297390043024,0.057540142880693645
D9.7,D9,gb,2,4,3,2,February,2,2013,Female,White,,NA,,NA,,,No,"$100,000 to $150,000",0.3,0.7,tycoon,13,8/12/20 10:54,6,5,7,1,1,0,1,0.3,0.75,0.625,1,2,63,1,7,0,0.33333,2,2,0.3052631578947369,0.043656509695290856,0.9523809521686687,0.6947368421052631,0.48631578947368426,0.6661465787414395,-0.6927726185565874,0.5840163934426229,0.6789624752751795,-0.19334888655015936,-0.2864603556777799,0.06368976016050126,0.8200846649714153,0.0029912048125049218,0.0,0.0034018415398204827,0.0532801405498009,-1.1102230246251565e-16,0.025346906821583914,0.047243848945403566
D9.8,D9,gb,2,4,3,2,February,2,2013,Female,White,,NA,,NA,,,No,"$100,000 to $150,000",0.3,0.7,tycoon,13,8/12/20 10:54,6,5,8,1,1,0,0,0.3,0.75,0.625,1,2,63,0,8,0,0.33333,2,3,0.3647540983606557,0.047282316581564086,-0.285714285155458,-0.3647540983606557,-0.555327868852459,0.8104180523126876,-0.6870122784419204,0.0,0.0,-0.3522528357548107,-0.19334888655015936,0.0,0.7494421917697855,0.0,0.0,0.0008704442964533321,0.04932965360192454,0.0,0.03583606666656358,0.0577036249711631
D9.9,D9,gb,2,4,3,2,February,2,2013,Female,White,,NA,,NA,,,No,"$100,000 to $150,000",0.3,0.7,tycoon,13,8/12/20 10:54,6,5,9,1,2,1,1,0.3,0.75,0.625,1,2,63,1,9,0,0.33333,3,3,0.2903225806451613,0.03668054110301769,0.8571428595559611,0.7096774193548387,0.49677419354838714,0.686716290229655,-0.6931263687610414,0.5961538461538461,0.6745403622115924,-0.2704986715529007,-0.3522528357548107,0.05868351180470309,0.7844195814102628,0.001146403346450553,0.0,0.0015092281237396588,0.051205604863116316,1.1102230246251565e-16,0.026183534536607267,0.04804959341233572
D9.10,D9,gb,2,4,3,2,February,2,2013,Female,White,,NA,,NA,,,No,"$100,000 to $150,000",0.3,0.7,tycoon,13,8/12/20 10:54,6,5,10,2,1,0,0,0.7,0.75,0.625,2,2,63,0,10,0,0.33333,3,1,0.720818630910374,0.049557175056323656,-0.999999984947842,-0.720818630910374,-0.8045730416372618,1.632568583880856,-0.4939971112220449,0.0,0.0,-0.10203826854156672,-0.31724785272016875,0.0,0.9897346309719457,0.0,0.0,0.054716991068419096,0.10631542977986475,0.0,0.008758474689475104,0.054032513166831
D9.11,D9,gb,2,4,3,2,February,2,2013,Female,White,,NA,,NA,,,No,"$100,000 to $150,000",0.3,0.7,tycoon,13,8/12/20 10:54,6,5,11,1,3,0,0,0.3,0.75,0.625,1,2,63,0,11,0,0.33333,3,4,0.34134615384615385,0.039465709237343854,-0.28571428571240354,-0.34134615384615385,-0.5389423076923077,0.7742320978119254,-0.6901111000621384,0.0,0.0,-0.4027535235413832,-0.2704986715529007,0.0,0.9265986264784769,0.0,0.0,0.005755557920074983,0.10050369840398676,0.0,0.03357059696107856,0.06135317362673587
D9.12,D9,gb,2,4,3,2,February,2,2013,Female,White,,NA,,NA,,,No,"$100,000 to $150,000",0.3,0.7,tycoon,13,8/12/20 10:54,6,5,12,2,3,1,1,0.7,0.75,0.625,2,2,63,1,12,0,0.33333,4,1,0.5433097404785979,0.054325816767273404,0.3571428585841654,0.4566902595214021,0.31968318166498144,0.38519667999782625,-0.6266304181662299,0.44097101808273464,0.6861620599669114,-0.17234810551209429,-0.10203826854156672,0.029483822867364385,0.881303478926548,0.011613560285242963,0.0,0.036400986190240014,0.07897457484433201,-1.1102230246251565e-16,0.004910265140283254,0.05754090448165783
D9.13,D9,gb,2,4,3,2,February,2,2013,Female,White,,NA,,NA,,,No,"$100,000 to $150,000",0.3,0.7,tycoon,13,8/12/20 10:54,6,5,13,2,1,0,0,0.7,0.75,0.625,2,2,63,0,13,0,0.33333,4,2,0.5992073321773594,0.04762632238369273,-0.7142857143225786,-0.5992073321773594,-0.7194451325241515,1.270985967173236,-0.593476605198166,0.0,0.0,-0.1634727844071895,-0.17234810551209429,0.0,0.9575394346680495,0.0,0.0,0.05518984423284912,0.10729206275267555,0.0,0.010714598831219058,0.06336627259070005
D9.14,D9,gb,2,4,3,2,February,2,2013,Female,White,,NA,,NA,,,No,"$100,000 to $150,000",0.3,0.7,tycoon,13,8/12/20 10:54,6,5,14,2,4,0,1,0.7,0.75,0.625,2,2,63,1,14,0,0.33333,5,2,0.48037700865265753,0.04560793367823767,0.4761904749682757,0.5196229913473425,0.36373609394313977,0.45214185507827664,-0.6555375630656881,0.4715024648485879,0.6915220810334448,-0.20362825923782918,-0.1634727844071895,0.030843711778198588,0.9278525442218704,0.006222242303561387,0.006476602151581856,0.04930747436749705,0.09982214182223403,-1.1102230246251565e-16,0.00646249760522466,0.059115647560689544
D9.15,D9,gb,2,4,3,2,February,2,2013,Female,White,,NA,,NA,,,No,"$100,000 to $150,000",0.3,0.7,tycoon,13,8/12/20 10:54,6,5,15,1,4,1,1,0.3,0.75,0.625,1,2,63,1,15,0,0.33333,4,4,0.2814274128142741,0.032002411571559274,0.8163265278008387,0.7185725871857259,0.5030008110300082,0.6991668847379628,-0.6931291707181513,0.6036227154046998,0.6715154127039579,-0.3323582090113898,-0.4027535235413832,0.05433972007245321,0.9709909563800614,0.005881150621997788,0.0,0.010356666154689664,0.10302728537092265,0.0012075718015666093,0.026478728368573123,0.05205342529203383
D9.16,D9,gb,2,4,3,2,February,2,2013,Female,White,,NA,,NA,,,No,"$100,000 to $150,000",0.3,0.7,tycoon,13,8/12/20 10:54,6,5,16,1,3,0,1,0.3,0.75,0.625,1,2,63,1,16,0,0.33333,5,4,0.3265013054830287,0.03412457714895185,0.7142857185519872,0.6734986945169713,0.47144908616187997,0.6376161418159372,-0.6915159840708771,0.5675895966606564,0.6839824415260298,-0.29834698269348603,-0.3323582090113898,0.04580354591985161,1.0107195460623881,0.005889294691557634,0.0,0.015289980666903902,0.10690564080448017,0.0,0.018834413864569965,0.0438426596061261
D9.17,D9,gb,2,4,3,2,February,2,2013,Female,White,,NA,,NA,,,No,"$100,000 to $150,000",0.3,0.7,tycoon,13,8/12/20 10:54,6,5,17,2,3,0,1,0.7,0.75,0.625,2,2,63,1,17,0,0.33333,6,2,0.5305535993265176,0.04180549502855063,0.4081632652507492,0.4694464006734824,0.32861248047143765,0.3984087833361684,-0.6331916582986538,0.44683583068487076,0.6874836226981821,-0.2618168853573194,-0.20362825923782918,0.023017317163043654,0.9766550243927271,0.001964234140455434,0.0,0.03457500435926286,0.0883499048240195,-1.1102230246251565e-16,0.0037550782567964403,0.041454163176875225
D9.18,D9,gb,2,4,3,2,February,2,2013,Female,White,,NA,,NA,,,No,"$100,000 to $150,000",0.3,0.7,tycoon,13,8/12/20 10:54,6,5,18,1,1,0,0,0.3,0.75,0.625,1,2,63,0,18,0,0.33333,5,5,0.3716950671034698,0.03473024233151331,-0.36507936483366443,-0.3716950671034698,-0.5601865469724288,0.8214046123625715,-0.6858847415822464,0.0,0.0,-0.38411710724963677,-0.29834698269348603,0.0,0.914083226388415,0.0,0.0,0.004361729007999693,0.0837219519286947,0.0,0.026459458231194666,0.04905913919639848
D9.19,D9,gb,2,4,3,2,February,2,2013,Female,White,,NA,,NA,,,No,"$100,000 to $150,000",0.3,0.7,tycoon,13,8/12/20 10:54,6,5,19,2,2,1,1,0.7,0.75,0.625,2,2,63,1,19,0,0.33333,7,2,0.5741407165558251,0.03740388601427415,0.35714285717432626,0.4258592834441749,0.2981014984109225,0.35396647004063503,-0.6092471136463906,0.4274122245891805,0.682571878377868,-0.32792102780953847,-0.2618168853573194,0.017233904192596534,0.8772729051761229,0.007347852902656937,-2.220446049250313e-16,0.02392097920554459,0.0698194405340149,0.0,0.0021207633021401717,0.047619493365494314
D9.20,D9,gb,2,4,3,2,February,2,2013,Female,White,,NA,,NA,,,No,"$100,000 to $150,000",0.3,0.7,tycoon,13,8/12/20 10:54,6,5,20,1,4,1,1,0.3,0.75,0.625,1,2,63,1,20,0,0.33333,6,5,0.3164189734216895,0.030205750355547754,0.7142857100763529,0.6835810265783104,0.4785067186048173,0.6510588878550133,-0.6922229735150216,0.5752710738619524,0.6817725179342675,-0.35486078857672276,-0.38411710724963677,0.04285617329947226,0.910465543164549,-0.0023656827111147027,0.0,0.0039941006944193,0.07175387948370326,0.0,0.019192567427813723,0.04027168818704274
ST42.1,ST42,gb,3,2,1,2,October,13,2010,Female,White,,NA,,NA,,,No,"$100,000 to $150,000",0.3,0.7,tycoon,14,8/29/20 19:32,5,3,1,1,2,1,1,0.3,0.625,0.375,1,2,64,1,1,0,0.33333,1,0,0.5,0.08333333333333334,NaN,0.5,0.3500000000000001,0.4307829160924544,-0.6474466390346325,0.46153846153846156,0.6901856760188042,-0.04985714948732713,-0.0,0.05414517848247718,1.080889095295541,0.01409433193494114,0.0,0.056089743589743724,0.13107336639004985,-1.1102230246251565e-16,0.010744810700342722,0.04891275394756722
ST42.2,ST42,gb,3,2,1,2,October,13,2010,Female,White,,NA,,NA,,,No,"$100,000 to $150,000",0.3,0.7,tycoon,14,8/29/20 19:32,5,3,2,2,1,0,1,0.7,0.625,0.375,2,2,64,1,2,0,0.33333,1,0,0.5,0.08333333333333334,NaN,0.5,0.3500000000000001,0.4307829160924544,-0.6474466390346325,0.46153846153846156,0.6901856760188042,-0.04985714948732713,-0.0,0.05414517848247718,1.0830403030048914,0.013293712192332219,0.028994082840236635,0.08195307245743222,0.14653679006128928,0.0,0.010744810700342944,0.04059899259159849
ST42.3,ST42,gb,3,2,1,2,October,13,2010,Female,White,,NA,,NA,,,No,"$100,000 to $150,000",0.3,0.7,tycoon,14,8/29/20 19:32,5,3,3,1,3,0,0,0.3,0.625,0.375,1,2,64,0,3,0,0.33333,1,1,0.5897435897435898,0.07527942143326759,-0.999999984947842,-0.5897435897435898,-0.7128205128205127,1.2476478678285972,-0.5996068847876724,0.0,0.0,-0.09393882346618043,-0.04985714948732713,0.0,1.027513187106257,0.0,0.0,0.025871763273449644,0.11022434808664228,0.0,0.02346938767733353,0.05331636572044118
ST42.4,ST42,gb,3,2,1,2,October,13,2010,Female,White,,NA,,NA,,,No,"$100,000 to $150,000",0.3,0.7,tycoon,14,8/29/20 19:32,5,3,4,2,4,0,1,0.7,0.625,0.375,2,2,64,1,4,0,0.33333,2,0,0.5897435897435898,0.07527942143326759,1.505215796449022e-8,0.41025641025641024,0.28717948717948727,0.33852562543305514,-0.5996068847876724,0.420863309352518,0.6805691240005796,-0.1694605094257496,-0.04985714948732713,0.03640626681961483,0.9589043178238688,0.01118521368965153,-1.1102230246251565e-16,0.03407149280575539,0.07953526666310473,-1.1102230246251565e-16,0.005618362421842882,0.04819872499055011
ST42.5,ST42,gb,3,2,1,2,October,13,2010,Female,White,,NA,,NA,,,No,"$100,000 to $150,000",0.3,0.7,tycoon,14,8/29/20 19:32,5,3,5,1,3,0,0,0.3,0.625,0.375,1,2,64,0,5,0,0.33333,1,2,0.40624999999999994,0.059960937500000006,-0.2857142857142856,-0.40624999999999994,-0.5843749999999999,0.8779718675720182,-0.6788405414022067,0.0,0.0,-0.2864603556777799,-0.09393882346618043,0.0,0.8577159948105133,0.0,0.0,0.0040483123839060164,0.06971054779477404,0.0,0.03563193689134736,0.06034670141774645
ST42.6,ST42,gb,3,2,1,2,October,13,2010,Female,White,,NA,,NA,,,No,"$100,000 to $150,000",0.3,0.7,tycoon,14,8/29/20 19:32,5,3,6,2,4,0,0,0.7,0.625,0.375,2,2,64,0,6,0,0.33333,2,1,0.6636690647482014,0.06242107033797422,-0.999999984947842,-0.6636690647482014,-0.764568345323741,1.446334621334728,-0.5457566301170604,0.0,0.0,-0.06841932383907297,-0.1694605094257496,0.0,1.0013961337766364,0.0,0.0,0.06426804812834219,0.11764710602977035,0.0,0.014819018450254351,0.06955876638567549
ST42.7,ST42,gb,3,2,1,2,October,13,2010,Female,White,,NA,,NA,,,No,"$100,000 to $150,000",0.3,0.7,tycoon,14,8/29/20 19:32,5,3,7,1,4,1,1,0.3,0.625,0.375,1,2,64,1,7,0,0.33333,2,2,0.3052631578947369,0.043656509695290856,0.9523809521686687,0.6947368421052631,0.48631578947368426,0.6661465787414395,-0.6927726185565874,0.5840163934426229,0.6789624752751795,-0.19334888655015936,-0.2864603556777799,0.06368976016050126,1.0458469731919673,0.010659806372113056,0.0,0.028195440573770547,0.12488367561079927,0.0,0.025346906821584136,0.059289222123003804
ST42.8,ST42,gb,3,2,1,2,October,13,2010,Female,White,,NA,,NA,,,No,"$100,000 to $150,000",0.3,0.7,tycoon,14,8/29/20 19:32,5,3,8,2,3,1,1,0.7,0.625,0.375,2,2,64,1,8,0,0.33333,3,1,0.47807486631016044,0.059144956961880525,0.4761904739920234,0.5219251336898396,0.3653475935828877,0.45467782143196556,-0.6564330821954864,0.4726996966632962,0.6916558259082752,-0.10203826854156672,-0.06841932383907297,0.041065536639639334,1.0184266080259707,0.00953749853666297,0.007254802831142548,0.054716991068419096,0.11073327553551782,0.0,0.008758474689474882,0.053223245693582166
ST42.9,ST42,gb,3,2,1,2,October,13,2010,Female,White,,NA,,NA,,,No,"$100,000 to $150,000",0.3,0.7,tycoon,14,8/29/20 19:32,5,3,9,1,3,0,0,0.3,0.625,0.375,1,2,64,0,9,0,0.33333,2,3,0.3647540983606557,0.047282316581564086,-0.285714285155458,-0.3647540983606557,-0.555327868852459,0.8104180523126876,-0.6870122784419204,0.0,0.0,-0.3522528357548107,-0.19334888655015936,0.0,0.9439033757629505,0.0,0.0,0.00837627160480059,0.10214478290545281,0.0,0.035836066666563804,0.06369386979406677
ST42.10,ST42,gb,3,2,1,2,October,13,2010,Female,White,,NA,,NA,,,No,"$100,000 to $150,000",0.3,0.7,tycoon,14,8/29/20 19:32,5,3,10,2,3,0,1,0.7,0.625,0.375,2,2,64,1,10,0,0.33333,4,1,0.5433097404785979,0.054325816767273404,0.3571428585841654,0.4566902595214021,0.31968318166498144,0.38519667999782625,-0.6266304181662299,0.44097101808273464,0.6861620599669114,-0.17234810551209429,-0.10203826854156672,0.029483822867364385,0.8939931502364178,0.004390794334336312,0.0,0.036400986190240014,0.08032325222773096,0.0,0.004910265140283254,0.05981851135232652
ST42.11,ST42,gb,3,2,1,2,October,13,2010,Female,White,,NA,,NA,,,No,"$100,000 to $150,000",0.3,0.7,tycoon,14,8/29/20 19:32,5,3,11,1,3,0,0,0.3,0.625,0.375,1,2,64,0,11,0,0.33333,2,4,0.2903225806451613,0.03668054110301769,-0.1428571404440389,-0.2903225806451613,-0.5032258064516129,0.6996196950655627,-0.6931263687610414,0.0,0.0,-0.5101222662015854,-0.3522528357548107,0.0,0.8400188817025971,0.0,0.0,0.0016917432834721025,0.07706903130587806,0.0,0.023644259386952693,0.04763256206171107
ST42.12,ST42,gb,3,2,1,2,October,13,2010,Female,White,,NA,,NA,,,No,"$100,000 to $150,000",0.3,0.7,tycoon,14,8/29/20 19:32,5,3,12,2,1,1,1,0.7,0.625,0.375,2,2,64,1,12,0,0.33333,5,1,0.5992073321773594,0.04762632238369273,0.2857142856774214,0.40079266782264056,0.28055486747584846,0.3292750133468492,-0.593476605198166,0.4169880181793142,0.6793011794347656,-0.2597274871226082,-0.17234810551209429,0.020928267241703907,0.7853829620260825,0.004989226201885466,0.0,0.02371755394293995,0.061174934835717565,0.0,0.002646806822436676,0.045370647917586604
ST42.13,ST42,gb,3,2,1,2,October,13,2010,Female,White,,NA,,NA,,,No,"$100,000 to $150,000",0.3,0.7,tycoon,14,8/29/20 19:32,5,3,13,1,1,0,0,0.3,0.625,0.375,1,2,64,0,13,0,0.33333,2,5,0.23863636363636365,0.02855052144824873,-0.047619048373720024,-0.23863636363636365,-0.46704545454545454,0.6293191390259728,-0.6909736011549141,0.0,0.0,-0.6581288660787334,-0.5101222662015854,0.0,0.7459270374195284,0.0,0.0,0.00027857675653553127,0.05994860104981237,0.0,0.014945485947793102,0.036667989637838794
ST42.14,ST42,gb,3,2,1,2,October,13,2010,Female,White,,NA,,NA,,,No,"$100,000 to $150,000",0.3,0.7,tycoon,14,8/29/20 19:32,5,3,14,2,3,0,1,0.7,0.625,0.375,2,2,64,1,14,0,0.33333,6,1,0.6455464123398981,0.040759615127719986,0.2380952380415915,0.35445358766010193,0.24811751136207139,0.28517523235209896,-0.5602575535492537,0.3989985197600019,0.6726035116269358,-0.3515540175161786,-0.2597274871226082,0.014991388876458484,0.6978663964547716,0.003090055114509882,0.0,0.015273006466915318,0.048348784043581006,0.0,0.0013876500814307136,0.03541708692029488
ST42.15,ST42,gb,3,2,1,2,October,13,2010,Female,White,,NA,,NA,,,No,"$100,000 to $150,000",0.3,0.7,tycoon,14,8/29/20 19:32,5,3,15,1,3,1,1,0.3,0.625,0.375,1,2,64,1,15,0,0.33333,3,5,0.20113717128642505,0.022514698312680683,0.9999999999999983,0.798862828713575,0.5592039800995025,0.8191730504480405,-0.6861204844033757,0.6805869074492101,0.6264262715311203,-0.5365548718863062,-0.6581288660787334,0.06271164353692237,0.723056149061115,0.0025148819297834413,0.0,0.00025096066919871873,0.04892802892193593,0.004078254326561392,0.02177101146202609,0.042229354844183
ST42.16,ST42,gb,3,2,1,2,October,13,2010,Female,White,,NA,,NA,,,No,"$100,000 to $150,000",0.3,0.7,tycoon,14,8/29/20 19:32,5,3,16,2,3,0,1,0.7,0.625,0.375,2,2,64,1,16,0,0.33333,7,1,0.6834934732444427,0.034610861210659885,0.20408163278799452,0.31650652675555735,0.22155456872889023,0.2504563848711786,-0.5288684970379889,0.3853834680616409,0.6666381984584691,-0.44134935429539246,-0.3515540175161786,0.010976855356239747,0.6758075399556686,0.0021597589139168427,0.0,0.009779434731691516,0.04004720859772948,0.0,0.0007138511185814655,0.04150942172797978
ST42.17,ST42,gb,3,2,1,2,October,13,2010,Female,White,,NA,,NA,,,No,"$100,000 to $150,000",0.3,0.7,tycoon,14,8/29/20 19:32,5,3,17,1,1,0,1,0.3,0.625,0.375,1,2,64,1,17,0,0.33333,4,5,0.23689132537891006,0.025914688990155074,0.8928571387825238,0.76310867462109,0.534176072234763,0.7639475536686865,-0.6908093503477821,0.6440201589455321,0.6510700087235959,-0.44416450766495547,-0.5365548718863062,0.05744142316849225,0.7015968062090068,0.0027346761852413692,0.0,0.00023582803125321572,0.040623684154797224,0.01006243869201806,0.030437973233536253,0.05013605905041796
ST42.18,ST42,gb,3,2,1,2,October,13,2010,Female,White,,NA,,NA,,,No,"$100,000 to $150,000",0.3,0.7,tycoon,14,8/29/20 19:32,5,3,18,2,1,1,1,0.7,0.625,0.375,2,2,64,1,18,0,0.33333,8,1,0.7146165319383592,0.029443897016384266,0.17857143423228017,0.28538346806164083,0.19976842764314862,0.22285412775518473,-0.5000812284566655,0.3748914818699748,0.6615077791930253,-0.5264631123002028,-0.44134935429539246,0.008262093549826113,0.6544543602192575,0.0010489696185010944,0.0,0.006249163993101381,0.033723881610490336,0.0,0.00036263103171396693,0.049786542899076025
ST42.19,ST42,gb,3,2,1,2,October,13,2010,Female,White,,NA,,NA,,,No,"$100,000 to $150,000",0.3,0.7,tycoon,14,8/29/20 19:32,5,3,19,2,3,1,1,0.7,0.625,0.375,2,2,64,1,19,0,0.33333,9,1,0.7403724863688573,0.025214315576809237,0.15873015818408331,0.25962751363114267,0.18173925954179992,0.20057423955414952,-0.4740205869080335,0.3666313012060306,0.6571384300344418,-0.6061877880802709,-0.5264631123002028,0.006396043248667584,0.6145004930887161,0.0009771039299431017,-2.220446049250313e-16,0.00399310192986102,0.028416497527068985,0.0,0.00018271206976572252,0.04958787929333597
ST42.20,ST42,gb,3,2,1,2,October,13,2010,Female,White,,NA,,NA,,,No,"$100,000 to $150,000",0.3,0.7,tycoon,14,8/29/20 19:32,5,3,20,1,3,0,1,0.3,0.625,0.375,1,2,64,1,20,0,0.33333,5,5,0.27583368366465866,0.028588485586435397,0.7936507935440227,0.7241663163353413,0.506916421434739,0.7070765887497893,-0.693051503737629,0.6084161246515618,0.6694513036982991,-0.38411710724963677,-0.44416450766495547,0.05051956262330989,0.6373015067741425,0.0017825398389159641,0.0,0.0001320734131304846,0.0288322262573657,0.002805374883853795,0.02645945916832415,0.04569898997770194
ST44.1,ST44,bg,3,3,3,2,June,29,2011,Male,White,,NA,,NA,,,No,"$150,000 or more",0.7,0.3,tycoon,15,8/30/20 10:25,6,5,1,2,1,0,1,0.3,0.625,0.75,2,2,65,1,1,0,0.33333,1,0,0.5,0.08333333333333334,NaN,0.5,0.3500000000000001,0.4307829160924544,-0.6474466390346325,0.46153846153846156,0.6901856760188042,-0.04985714948732713,-0.0,0.05414517848247718,1.0807266142562775,0.013916602406758516,0.0,0.056089743589743724,0.13109177402877814,-1.1102230246251565e-16,0.010744810700342722,0.048912753947567
ST44.2,ST44,bg,3,3,3,2,June,29,2011,Male,White,,NA,,NA,,,No,"$150,000 or more",0.7,0.3,tycoon,15,8/30/20 10:25,6,5,2,1,4,1,1,0.7,0.625,0.75,1,2,65,1,2,0,0.33333,1,0,0.5,0.08333333333333334,NaN,0.5,0.3500000000000001,0.4307829160924544,-0.6474466390346325,0.46153846153846156,0.6901856760188042,-0.04985714948732713,-0.0,0.05414517848247718,1.0830403030048914,0.013322217750445065,0.028994082840236635,0.08195307245743222,0.14653679006128928,0.0,0.010744810700342944,0.04059899259159849
ST44.3,ST44,bg,3,3,3,2,June,29,2011,Male,White,,NA,,NA,,,No,"$150,000 or more",0.7,0.3,tycoon,15,8/30/20 10:25,6,5,3,2,1,0,0,0.3,0.625,0.75,2,2,65,0,3,0,0.33333,1,1,0.5897435897435898,0.07527942143326759,-0.999999984947842,-0.5897435897435898,-0.7128205128205127,1.2476478678285972,-0.5996068847876724,0.0,0.0,-0.09393882346618043,-0.04985714948732713,0.0,1.0263167575478351,0.0,0.0,0.025871763273449644,0.11022072303054153,0.0,0.02346938767733353,0.05331636572044118
ST44.4,ST44,bg,3,3,3,2,June,29,2011,Male,White,,NA,,NA,,,No,"$150,000 or more",0.7,0.3,tycoon,15,8/30/20 10:25,6,5,4,2,4,0,0,0.3,0.625,0.75,2,2,65,0,4,0,0.33333,1,2,0.40624999999999994,0.059960937500000006,-0.2857142857142856,-0.40624999999999994,-0.5843749999999999,0.8779718675720182,-0.6788405414022067,0.0,0.0,-0.2864603556777799,-0.09393882346618043,0.0,0.9378681316137545,0.0,0.0,0.008638430212571158,0.09742227213025323,0.0,0.03563193689134725,0.06547236373212895
ST44.5,ST44,bg,3,3,3,2,June,29,2011,Male,White,,NA,,NA,,,No,"$150,000 or more",0.7,0.3,tycoon,15,8/30/20 10:25,6,5,5,1,4,0,1,0.7,0.625,0.75,1,2,65,1,5,0,0.33333,2,0,0.5897435897435898,0.07527942143326759,1.505215796449022e-8,0.41025641025641024,0.28717948717948727,0.33852562543305514,-0.5996068847876724,0.420863309352518,0.6805691240005796,-0.1694605094257496,-0.04985714948732713,0.03640626681961483,0.8544084751504173,0.009194336674390069,-1.1102230246251565e-16,0.03407149280575539,0.06971121447335038,0.0,0.00561836242184266,0.06034670141774612
ST44.6,ST44,bg,3,3,3,2,June,29,2011,Male,White,,NA,,NA,,,No,"$150,000 or more",0.7,0.3,tycoon,15,8/30/20 10:25,6,5,6,2,4,1,1,0.3,0.625,0.75,2,2,65,1,6,0,0.33333,2,2,0.3052631578947369,0.043656509695290856,0.9523809521686687,0.6947368421052631,0.48631578947368426,0.6661465787414395,-0.6927726185565874,0.5840163934426229,0.6789624752751795,-0.19334888655015936,-0.2864603556777799,0.06368976016050126,0.9098383022014592,0.011697982170408072,0.0,0.006788029939375773,0.07381068647483802,0.0,0.025346906821584136,0.05007162230461537
ST44.7,ST44,bg,3,3,3,2,June,29,2011,Male,White,,NA,,NA,,,No,"$150,000 or more",0.7,0.3,tycoon,15,8/30/20 10:25,6,5,7,1,4,0,1,0.7,0.625,0.75,1,2,65,1,7,0,0.33333,3,0,0.6636690647482014,0.06242107033797422,1.505215796449022e-8,0.3363309352517986,0.23543165467625904,0.268443858885838,-0.5457566301170604,0.392378263937897,0.6698000343867989,-0.31724785272016875,-0.1694605094257496,0.02364311272114325,0.8215546454494713,0.007504096816239647,0.0,0.02004719477769923,0.053263823570103064,-1.1102230246251565e-16,0.0027852297390041914,0.047243848945403455
ST44.8,ST44,bg,3,3,3,2,June,29,2011,Male,White,,NA,,NA,,,No,"$150,000 or more",0.7,0.3,tycoon,15,8/30/20 10:25,6,5,8,2,1,0,1,0.3,0.625,0.75,2,2,65,1,8,0,0.33333,3,2,0.3647540983606557,0.047282316581564086,0.7142857148445421,0.6352459016393444,0.444672131147541,0.5881965849734463,-0.6870122784419204,0.5402214022140222,0.6899081595689575,-0.15524439974414975,-0.19334888655015936,0.052273613770171964,0.8680822516667179,0.004337275670832641,0.0,0.005428829269504165,0.05656690342773529,1.1102230246251565e-16,0.01694783786822418,0.038751536129858155
ST44.9,ST44,bg,3,3,3,2,June,29,2011,Male,White,,NA,,NA,,,No,"$150,000 or more",0.7,0.3,tycoon,15,8/30/20 10:25,6,5,9,1,4,0,0,0.7,0.625,0.75,1,2,65,0,9,0,0.33333,3,1,0.720818630910374,0.049557175056323656,-0.999999984947842,-0.720818630910374,-0.8045730416372618,1.632568583880856,-0.4939971112220449,0.0,0.0,-0.10203826854156672,-0.31724785272016875,0.0,1.0573473424448903,0.0,0.0,0.054716991068419096,0.11761181318722203,0.0,0.008758474689475104,0.044823375832171775
ST44.10,ST44,bg,3,3,3,2,June,29,2011,Male,White,,NA,,NA,,,No,"$150,000 or more",0.7,0.3,tycoon,15,8/30/20 10:25,6,5,10,1,4,1,1,0.7,0.625,0.75,1,2,65,1,10,0,0.33333,4,1,0.5433097404785979,0.054325816767273404,0.3571428585841654,0.4566902595214021,0.31968318166498144,0.38519667999782625,-0.6266304181662299,0.44097101808273464,0.6861620599669114,-0.17234810551209429,-0.10203826854156672,0.029483822867364385,1.0211221241369173,0.007572342336099602,0.0,0.036400986190240014,0.09278960093558541,0.0,0.004910265140283254,0.040960974107522086
ST44.11,ST44,bg,3,3,3,2,June,29,2011,Male,White,,NA,,NA,,,No,"$150,000 or more",0.7,0.3,tycoon,15,8/30/20 10:25,6,5,11,2,4,0,1,0.3,0.625,0.75,2,2,65,1,11,0,0.33333,4,2,0.42435424354243534,0.04778325458531338,0.5714285714582152,0.5756457564575647,0.4029520295202953,0.5157578162553097,-0.6741904715742899,0.5024721878862793,0.6931349570842507,-0.1634727844071895,-0.15524439974414975,0.04080248582851545,1.0563661413540195,0.006365369806889731,0.0,0.027443393147206674,0.09903699887278261,1.1102230246251565e-16,0.010714598831219058,0.03471644653717476
ST44.12,ST44,bg,3,3,3,2,June,29,2011,Male,White,,NA,,NA,,,No,"$150,000 or more",0.7,0.3,tycoon,15,8/30/20 10:25,6,5,12,1,3,1,1,0.7,0.625,0.75,1,2,65,1,12,0,0.33333,5,1,0.5992073321773594,0.04762632238369273,0.2857142856774214,0.40079266782264056,0.28055486747584846,0.3292750133468492,-0.593476605198166,0.4169880181793142,0.6793011794347656,-0.2597274871226082,-0.17234810551209429,0.020928267241703907,1.016640433118525,0.005700869858179081,0.0,0.02371755394293995,0.07877248839749051,0.0,0.002646806822437009,0.03245377806815719
ST44.13,ST44,bg,3,3,3,2,June,29,2011,Male,White,,NA,,NA,,,No,"$150,000 or more",0.7,0.3,tycoon,15,8/30/20 10:25,6,5,13,2,1,0,0,0.3,0.625,0.75,2,2,65,0,13,0,0.33333,4,3,0.48037700865265753,0.04560793367823767,-0.5238095250317243,-0.48037700865265753,-0.6362639060568602,1.0113266909367902,-0.6555375630656881,0.0,0.0,-0.23266054424133242,-0.1634727844071895,0.0,0.9300310176170671,0.0,0.0,0.006896309410463486,0.06918255153400499,0.0,0.0181525698768511,0.0399005330409784
ST44.14,ST44,bg,3,3,3,2,June,29,2011,Male,White,,NA,,NA,,,No,"$150,000 or more",0.7,0.3,tycoon,15,8/30/20 10:25,6,5,14,1,4,0,1,0.7,0.625,0.75,1,2,65,1,14,0,0.33333,6,1,0.6455464123398981,0.040759615127719986,0.2380952380415915,0.35445358766010193,0.24811751136207139,0.28517523235209896,-0.5602575535492537,0.3989985197600019,0.6726035116269358,-0.3515540175161786,-0.2597274871226082,0.014991388876458484,0.8745756704043948,0.0037379931860800353,0.0,0.015273006466915318,0.05544009336565958,0.0,0.0013876500814307136,0.03863640596246409
ST44.15,ST44,bg,3,3,3,2,June,29,2011,Male,White,,NA,,NA,,,No,"$150,000 or more",0.7,0.3,tycoon,15,8/30/20 10:25,6,5,15,1,4,1,1,0.7,0.625,0.75,1,2,65,1,15,0,0.33333,7,1,0.6834934732444427,0.034610861210659885,0.20408163278799452,0.31650652675555735,0.22155456872889023,0.2504563848711786,-0.5288684970379889,0.3853834680616409,0.6666381984584691,-0.44134935429539246,-0.3515540175161786,0.010976855356239747,0.8203630083655492,0.002616719278620283,0.0,0.009779434731691516,0.04510807162090047,0.0,0.0007138511185812435,0.037929316030493876
ST44.16,ST44,bg,3,3,3,2,June,29,2011,Male,White,,NA,,NA,,,No,"$150,000 or more",0.7,0.3,tycoon,15,8/30/20 10:25,6,5,16,1,4,1,1,0.7,0.625,0.75,1,2,65,1,16,0,0.33333,8,1,0.7146165319383592,0.029443897016384266,0.17857143423228017,0.28538346806164083,0.19976842764314862,0.22285412775518473,-0.5000812284566655,0.3748914818699748,0.6615077791930253,-0.5264631123002028,-0.44134935429539246,0.008262093549826113,0.7696594680429275,0.0019208928829043126,0.0,0.006249163993101381,0.037265307515650714,0.0,0.00036263103171407796,0.037605132773438465
ST44.17,ST44,bg,3,3,3,2,June,29,2011,Male,White,,NA,,NA,,,No,"$150,000 or more",0.7,0.3,tycoon,15,8/30/20 10:25,6,5,17,1,4,1,1,0.7,0.625,0.75,1,2,65,1,17,0,0.33333,9,1,0.7403724863688573,0.025214315576809237,0.15873015818408331,0.25962751363114267,0.18173925954179992,0.20057423955414952,-0.4740205869080335,0.3666313012060306,0.6571384300344418,-0.6061877880802709,-0.5264631123002028,0.006396043248667584,0.7232852291230341,0.0007305899913248037,-2.220446049250313e-16,0.00399310192986102,0.031235225969997282,-1.1102230246251565e-16,0.00018271206976572252,0.035144357015508
ST44.18,ST44,bg,3,3,3,2,June,29,2011,Male,White,,NA,,NA,,,No,"$150,000 or more",0.7,0.3,tycoon,15,8/30/20 10:25,6,5,18,2,4,0,0,0.3,0.625,0.75,2,2,65,0,18,0,0.33333,4,4,0.3926058083060759,0.04015149105953348,-0.38775510210223463,-0.3926058083060759,-0.5748240658142532,0.8552522329266845,-0.6819077269415073,0.0,0.0,-0.3323582090113898,-0.23266054424133242,0.0,0.6570573874724516,0.0,0.0,0.00030222502289867226,0.029284116994323428,0.0,0.026478728368573012,0.045703739011807465
ST44.19,ST44,bg,3,3,3,2,June,29,2011,Male,White,,NA,,NA,,,No,"$150,000 or more",0.7,0.3,tycoon,15,8/30/20 10:25,6,5,19,1,4,0,1,0.7,0.625,0.75,1,2,65,1,19,0,0.33333,10,1,0.7619426534697291,0.021774166844844334,0.1428571412763594,0.23805734653027089,0.16664014257118964,0.18228972838591134,-0.45051851744864396,0.35998854195545105,0.6534116019607857,-0.6806531598405766,-0.6061877880802709,0.005081149346737427,0.6179373595368381,0.0008320697999439908,2.220446049250313e-16,0.0025538527749415785,0.024859200259748082,1.1102230246251565e-16,9.158089446992257e-5,0.04561056306612277
ST44.20,ST44,bg,3,3,3,2,June,29,2011,Male,White,,NA,,NA,,,No,"$150,000 or more",0.7,0.3,tycoon,15,8/30/20 10:25,6,5,20,1,4,0,1,0.7,0.625,0.75,1,2,65,1,20,0,0.33333,11,1,0.7802323714775262,0.01896630222115204,0.1298701297922843,0.21976762852247378,0.1538373399657318,0.1670436683132814,-0.4293079961863978,0.3545417614951839,0.6502129216526031,-0.7502845851331076,-0.6806531598405766,0.004128629893630848,0.583420406490333,0.0007419508247302753,0.0,0.0016354753312294301,0.021402381142214155,0.0,4.575811135887342e-5,0.045503303568165565
ST45.1,ST45,gb,3,1,4,3,June,1,2011,Female,White,,NA,,NA,,,No,"$150,000 or more",0.7,0.3,tycoon,12,8/30/20 13:30,4,7,1,1,2,1,1,0.7,0.875,0.5,1,2,66,1,1,0,0.33333,1,0,0.5,0.08333333333333334,NaN,0.5,0.3500000000000001,0.4307829160924544,-0.6474466390346325,0.46153846153846156,0.6901856760188042,-0.04985714948732713,-0.0,0.05414517848247718,1.080889095295541,0.01409433193494114,0.0,0.056089743589743724,0.13107336639004985,-1.1102230246251565e-16,0.010744810700342722,0.04891275394756722
ST45.2,ST45,gb,3,1,4,3,June,1,2011,Female,White,,NA,,NA,,,No,"$150,000 or more",0.7,0.3,tycoon,12,8/30/20 13:30,4,7,2,2,3,1,1,0.3,0.875,0.5,2,2,66,1,2,0,0.33333,1,0,0.5,0.08333333333333334,NaN,0.5,0.3500000000000001,0.4307829160924544,-0.6474466390346325,0.46153846153846156,0.6901856760188042,-0.04985714948732713,-0.0,0.05414517848247718,1.0830403030048914,0.013293712192332219,0.028994082840236635,0.08195307245743222,0.14653679006128928,0.0,0.010744810700342944,0.04059899259159849
ST45.3,ST45,gb,3,1,4,3,June,1,2011,Female,White,,NA,,NA,,,No,"$150,000 or more",0.7,0.3,tycoon,12,8/30/20 13:30,4,7,3,2,4,1,1,0.3,0.875,0.5,2,2,66,1,3,0,0.33333,2,0,0.5897435897435898,0.07527942143326759,1.505215796449022e-8,0.41025641025641024,0.28717948717948727,0.33852562543305514,-0.5996068847876724,0.420863309352518,0.6805691240005796,-0.1694605094257496,-0.04985714948732713,0.03640626681961483,1.057507132322856,0.008956007659074672,-1.1102230246251565e-16,0.05279914869019675,0.10941126596245065,-1.1102230246251565e-16,0.005618362421842882,0.035483488395948504
ST45.4,ST45,gb,3,1,4,3,June,1,2011,Female,White,,NA,,NA,,,No,"$150,000 or more",0.7,0.3,tycoon,12,8/30/20 13:30,4,7,4,1,1,0,0,0.7,0.875,0.5,1,2,66,0,4,0,0.33333,1,1,0.5897435897435898,0.07527942143326759,-0.999999984947842,-0.5897435897435898,-0.7128205128205127,1.2476478678285972,-0.5996068847876724,0.0,0.0,-0.09393882346618043,-0.04985714948732713,0.0,0.9589043178238688,0.0,0.0,0.014685442425602546,0.07953526666310473,0.0,0.02346938767733342,0.04819872499055011
ST45.5,ST45,gb,3,1,4,3,June,1,2011,Female,White,,NA,,NA,,,No,"$150,000 or more",0.7,0.3,tycoon,12,8/30/20 13:30,4,7,5,1,2,1,1,0.7,0.875,0.5,1,2,66,1,5,0,0.33333,2,1,0.40624999999999994,0.059960937500000006,0.7142857142857144,0.59375,0.41562500000000013,0.5372123789391858,-0.6788405414022067,0.5133689839572192,0.6927896784912411,-0.06841932383907297,-0.09393882346618043,0.055102579949780864,1.0027060516162971,0.004957983223121576,0.0,0.02225088802240316,0.0864396159158386,0.0,0.014819018450254129,0.039540933332995576
ST45.6,ST45,gb,3,1,4,3,June,1,2011,Female,White,,NA,,NA,,,No,"$150,000 or more",0.7,0.3,tycoon,12,8/30/20 13:30,4,7,6,2,1,0,1,0.3,0.875,0.5,2,2,66,1,6,0,0.33333,3,0,0.6636690647482014,0.06242107033797422,1.505215796449022e-8,0.3363309352517986,0.23543165467625904,0.268443858885838,-0.5457566301170604,0.392378263937897,0.6698000343867989,-0.31724785272016875,-0.1694605094257496,0.02364311272114325,0.9310748479392204,0.006408297229689164,0.0,0.02004719477769923,0.06292957699759283,1.1102230246251565e-16,0.0027852297390043024,0.03672396130262667
ST45.7,ST45,gb,3,1,4,3,June,1,2011,Female,White,,NA,,NA,,,No,"$150,000 or more",0.7,0.3,tycoon,12,8/30/20 13:30,4,7,7,2,1,0,0,0.3,0.875,0.5,2,2,66,0,7,0,0.33333,3,1,0.720818630910374,0.049557175056323656,-0.999999984947842,-0.720818630910374,-0.8045730416372618,1.632568583880856,-0.4939971112220449,0.0,0.0,-0.10203826854156672,-0.31724785272016875,0.0,1.0893883302328145,0.0,0.0,0.054716991068419096,0.13006152906555446,0.0,0.008758474689475104,0.042633813543627275
ST45.8,ST45,gb,3,1,4,3,June,1,2011,Female,White,,NA,,NA,,,No,"$150,000 or more",0.7,0.3,tycoon,12,8/30/20 13:30,4,7,8,2,1,1,1,0.3,0.875,0.5,2,2,66,1,8,0,0.33333,4,1,0.5433097404785979,0.054325816767273404,0.3571428585841654,0.4566902595214021,0.31968318166498144,0.38519667999782625,-0.6266304181662299,0.44097101808273464,0.6861620599669114,-0.17234810551209429,-0.10203826854156672,0.029483822867364385,1.0674058954943009,0.007001379248030792,0.0,0.036400986190240014,0.10358437505083407,-1.1102230246251565e-16,0.004910265140283254,0.03882936497276679
ST45.9,ST45,gb,3,1,4,3,June,1,2011,Female,White,,NA,,NA,,,No,"$150,000 or more",0.7,0.3,tycoon,12,8/30/20 13:30,4,7,9,1,2,0,0,0.7,0.875,0.5,1,2,66,0,9,0,0.33333,2,2,0.47807486631016044,0.059144956961880525,-0.5238095260079766,-0.47807486631016044,-0.6346524064171123,1.0069060673742722,-0.6564330821954864,0.0,0.0,-0.19334888655015936,-0.06841932383907297,0.0,0.9797921564418623,0.0,0.0,0.01285874729966996,0.08725063746101736,0.0,0.025346906821584136,0.04936013649544635
ST45.10,ST45,gb,3,1,4,3,June,1,2011,Female,White,,NA,,NA,,,No,"$150,000 or more",0.7,0.3,tycoon,12,8/30/20 13:30,4,7,10,2,1,0,0,0.3,0.875,0.5,2,2,66,0,10,0,0.33333,4,2,0.5992073321773594,0.04762632238369273,-0.7142857143225786,-0.5992073321773594,-0.7194451325241515,1.270985967173236,-0.593476605198166,0.0,0.0,-0.1634727844071895,-0.17234810551209429,0.0,1.0434028878537815,0.0,0.0,0.05518984423284912,0.11970855575315387,0.0,0.010714598831218947,0.055201456386336
ST45.11,ST45,gb,3,1,4,3,June,1,2011,Female,White,,NA,,NA,,,No,"$150,000 or more",0.7,0.3,tycoon,12,8/30/20 13:30,4,7,11,1,2,0,0,0.7,0.875,0.5,1,2,66,0,11,0,0.33333,2,3,0.3647540983606557,0.047282316581564086,-0.285714285155458,-0.3647540983606557,-0.555327868852459,0.8104180523126876,-0.6870122784419204,0.0,0.0,-0.3522528357548107,-0.19334888655015936,0.0,0.9752328119945086,0.0,0.0,0.01252520161290327,0.10928757734963768,0.0,0.03583606666656369,0.06564242945170373
ST45.12,ST45,gb,3,1,4,3,June,1,2011,Female,White,,NA,,NA,,,No,"$150,000 or more",0.7,0.3,tycoon,12,8/30/20 13:30,4,7,12,2,2,0,0,0.3,0.875,0.5,2,2,66,0,12,0,0.33333,4,3,0.48037700865265753,0.04560793367823767,-0.5238095250317243,-0.48037700865265753,-0.6362639060568602,1.0113266909367902,-0.6555375630656881,0.0,0.0,-0.23266054424133242,-0.1634727844071895,0.0,0.9861980857353103,0.0,0.0,0.028067523261720684,0.08539403440610738,0.0,0.0181525698768511,0.07308513334013245
ST45.13,ST45,gb,3,1,4,3,June,1,2011,Female,White,,NA,,NA,,,No,"$150,000 or more",0.7,0.3,tycoon,12,8/30/20 13:30,4,7,13,1,4,0,1,0.7,0.875,0.5,1,2,66,1,13,0,0.33333,3,3,0.2903225806451613,0.03668054110301769,0.8571428595559611,0.7096774193548387,0.49677419354838714,0.686716290229655,-0.6931263687610414,0.5961538461538461,0.6745403622115924,-0.2704986715529007,-0.3522528357548107,0.05868351180470309,1.0226603369689446,0.010645650554550912,0.0,0.019337815504807843,0.09217139940904184,-1.1102230246251565e-16,0.026183534536607156,0.06345618212111559
ST45.14,ST45,gb,3,1,4,3,June,1,2011,Female,White,,NA,,NA,,,No,"$150,000 or more",0.7,0.3,tycoon,12,8/30/20 13:30,4,7,14,2,1,1,1,0.3,0.875,0.5,2,2,66,1,14,0,0.33333,5,3,0.3926058083060759,0.04015149105953348,0.6122448978977654,0.6073941916939241,0.42517593418574684,0.5536912575008726,-0.6819077269415073,0.5218988171190123,0.6921877573072556,-0.23204795711695592,-0.23266054424133242,0.03924851334303198,1.0255385640554953,0.008260863243421568,0.0,0.03845794661947788,0.10195147356900824,1.1102230246251565e-16,0.01199402080865608,0.0569656403735086
ST45.15,ST45,gb,3,1,4,3,June,1,2011,Female,White,,NA,,NA,,,No,"$150,000 or more",0.7,0.3,tycoon,12,8/30/20 13:30,4,7,15,1,4,0,0,0.7,0.875,0.5,1,2,66,0,15,0,0.33333,3,4,0.34134615384615385,0.039465709237343854,-0.28571428571240354,-0.34134615384615385,-0.5389423076923077,0.7742320978119254,-0.6901111000621384,0.0,0.0,-0.4027535235413832,-0.2704986715529007,0.0,0.967975576798793,0.0,0.0,0.009133433444849959,0.0938810903363525,0.0,0.033570596095500393,0.06467837214391492
ST45.16,ST45,gb,3,1,4,3,June,1,2011,Female,White,,NA,,NA,,,No,"$150,000 or more",0.7,0.3,tycoon,12,8/30/20 13:30,4,7,16,1,3,0,1,0.7,0.875,0.5,1,2,66,1,16,0,0.33333,4,4,0.2814274128142741,0.032002411571559274,0.8163265278008387,0.7185725871857259,0.5030008110300082,0.6991668847379628,-0.6931291707181513,0.6036227154046998,0.6715154127039579,-0.3323582090113898,-0.4027535235413832,0.05433972007245321,1.0081949588808268,0.008436359638303914,0.0,0.0140200080572781,0.09843679196025779,0.0012075718015666093,0.026478727497178167,0.05726209296695217
ST45.17,ST45,gb,3,1,4,3,June,1,2011,Female,White,,NA,,NA,,,No,"$150,000 or more",0.7,0.3,tycoon,12,8/30/20 13:30,4,7,17,2,3,0,1,0.3,0.875,0.5,2,2,66,1,17,0,0.33333,6,3,0.4415008449149912,0.03898646792778655,0.5357142854078077,0.5584991550850088,0.3909494085595062,0.49585394174971215,-0.669170875009046,0.49256991819096024,0.693036764264588,-0.2581358322404612,-0.23204795711695592,0.03062285669061493,0.994101262358913,0.0065314172117810765,0.010586855083600355,0.050076976868332235,0.10893682126254323,-1.1102230246251565e-16,0.007603174371417887,0.052913655190782394
ST45.18,ST45,gb,3,1,4,3,June,1,2011,Female,White,,NA,,NA,,,No,"$150,000 or more",0.7,0.3,tycoon,12,8/30/20 13:30,4,7,18,1,4,0,0,0.7,0.875,0.5,1,2,66,0,18,0,0.33333,4,5,0.3265013054830287,0.03412457714895185,-0.2857142814480128,-0.3265013054830287,-0.52855091383812,0.7519441654287193,-0.6915159840708771,0.0,0.0,-0.44416450766495547,-0.3323582090113898,0.0,0.9371091637184945,0.0,0.0,0.006915546384903326,0.10381590666472107,0.0,0.030437972309995676,0.05712742763406098
ST45.19,ST45,gb,3,1,4,3,June,1,2011,Female,White,,NA,,NA,,,No,"$150,000 or more",0.7,0.3,tycoon,12,8/30/20 13:30,4,7,19,1,1,0,1,0.7,0.875,0.5,1,2,66,1,19,0,0.33333,5,5,0.27583368366465866,0.028588485586435397,0.7936507935440227,0.7241663163353413,0.506916421434739,0.7070765887497893,-0.693051503737629,0.6084161246515618,0.6694513036982991,-0.38411710724963677,-0.44416450766495547,0.05051956262330989,0.9767446411406189,0.005721304127420224,0.0,0.010548418655924485,0.10687902786950854,0.002805374883853795,0.026459458231194555,0.053154296996761
ST45.20,ST45,gb,3,1,4,3,June,1,2011,Female,White,,NA,,NA,,,No,"$150,000 or more",0.7,0.3,tycoon,12,8/30/20 13:30,4,7,20,2,1,1,1,0.3,0.875,0.5,2,2,66,1,20,0,0.33333,7,3,0.4863091546563947,0.03658287444157547,0.4761904747327377,0.5136908453436053,0.3595835917405237,0.4456366762960631,-0.6531782320549671,0.46844521178859255,0.6911544472276554,-0.300546826596243,-0.2581358322404612,0.023617731566659306,0.9506456853504638,0.004337386579250757,0.004489387662584887,0.04403343047018615,0.09918666513548591,0.0,0.004658377691200366,0.05021374387228461
ST60.1,ST60,gb,3,3,4,3,March,1,2020,Male,White,,NA,,NA,,,No,"$150,000 or more",0.3,0.7,tycoon,14,10/24/20 13:11,6,7,1,1,1,1,1,0.3,0.75,0.875,1,2,67,1,1,0,0.33333,1,0,0.5,0.08333333333333334,NaN,0.5,0.3500000000000001,0.4307829160924544,-0.6474466390346325,0.46153846153846156,0.6901856760188042,-0.04985714948732713,-0.0,0.05414517848247718,1.080889095295541,0.01409433193494114,0.0,0.056089743589743724,0.13107336639004985,-1.1102230246251565e-16,0.010744810700342722,0.04891275394756722
ST60.2,ST60,gb,3,3,4,3,March,1,2020,Male,White,,NA,,NA,,,No,"$150,000 or more",0.3,0.7,tycoon,14,10/24/20 13:11,6,7,2,1,1,0,0,0.3,0.75,0.875,1,2,67,0,2,0,0.33333,1,1,0.5897435897435898,0.07527942143326759,-0.999999984947842,-0.5897435897435898,-0.7128205128205127,1.2476478678285972,-0.5996068847876724,0.0,0.0,-0.09393882346618043,-0.04985714948732713,0.0,1.0715192796667767,0.0,0.0,0.04511718749999993,0.15020027717583917,0.0,0.02346938767733342,0.06162330731233334
ST60.3,ST60,gb,3,3,4,3,March,1,2020,Male,White,,NA,,NA,,,No,"$150,000 or more",0.3,0.7,tycoon,14,10/24/20 13:11,6,7,3,1,1,0,1,0.3,0.75,0.875,1,2,67,1,3,0,0.33333,2,1,0.40624999999999994,0.059960937500000006,0.7142857142857144,0.59375,0.41562500000000013,0.5372123789391858,-0.6788405414022067,0.5133689839572192,0.6927896784912411,-0.06841932383907297,-0.09393882346618043,0.055102579949780864,1.0943512671689821,0.010301673357652419,0.018342245989304784,0.06426804812834219,0.1618237500162505,-1.1102230246251565e-16,0.014819018450254129,0.05297072771820588
ST60.4,ST60,gb,3,3,4,3,March,1,2020,Male,White,,NA,,NA,,,No,"$150,000 or more",0.3,0.7,tycoon,14,10/24/20 13:11,6,7,4,2,1,0,1,0.7,0.75,0.875,2,2,67,1,4,0,0.33333,1,0,0.5,0.08333333333333334,NaN,0.5,0.3500000000000001,0.4307829160924544,-0.6474466390346325,0.46153846153846156,0.6901856760188042,-0.04985714948732713,-0.0,0.05414517848247718,1.0630539018716882,0.016387107902282816,0.0,0.056089743589743724,0.11923400331173817,1.1102230246251565e-16,0.010744810700342833,0.04466831903767854
ST60.5,ST60,gb,3,3,4,3,March,1,2020,Male,White,,NA,,NA,,,No,"$150,000 or more",0.3,0.7,tycoon,14,10/24/20 13:11,6,7,5,2,1,0,1,0.7,0.75,0.875,2,2,67,1,5,0,0.33333,2,0,0.5897435897435898,0.07527942143326759,1.505215796449022e-8,0.41025641025641024,0.28717948717948727,0.33852562543305514,-0.5996068847876724,0.420863309352518,0.6805691240005796,-0.1694605094257496,-0.04985714948732713,0.03640626681961483,1.0027060516162971,0.011150041179778802,-1.1102230246251565e-16,0.03407149280575539,0.0864396159158386,-1.1102230246251565e-16,0.005618362421842882,0.039540933332995576
ST60.6,ST60,gb,3,3,4,3,March,1,2020,Male,White,,NA,,NA,,,No,"$150,000 or more",0.3,0.7,tycoon,14,10/24/20 13:11,6,7,6,2,1,1,1,0.7,0.75,0.875,2,2,67,1,6,0,0.33333,3,0,0.6636690647482014,0.06242107033797422,1.505215796449022e-8,0.3363309352517986,0.23543165467625904,0.268443858885838,-0.5457566301170604,0.392378263937897,0.6698000343867989,-0.31724785272016875,-0.1694605094257496,0.02364311272114325,0.9310748479392204,0.006408297229689164,0.0,0.02004719477769923,0.06292957699759283,1.1102230246251565e-16,0.0027852297390043024,0.03672396130262667
ST60.7,ST60,gb,3,3,4,3,March,1,2020,Male,White,,NA,,NA,,,No,"$150,000 or more",0.3,0.7,tycoon,14,10/24/20 13:11,6,7,7,2,1,1,1,0.7,0.75,0.875,2,2,67,1,7,0,0.33333,4,0,0.720818630910374,0.049557175056323656,1.505215796449022e-8,0.279181369089626,0.19542695836273816,0.21744352532572367,-0.4939971112220449,0.3728685706266227,0.6604647503197693,-0.4669270480222721,-0.31724785272016875,0.015384672502538485,0.8582551468028594,0.004858373739796695,0.0,0.011626066445629357,0.046846915847010506,-1.1102230246251565e-16,0.001334355288116984,0.035204143006737576
ST60.8,ST60,gb,3,3,4,3,March,1,2020,Male,White,,NA,,NA,,,No,"$150,000 or more",0.3,0.7,tycoon,14,10/24/20 13:11,6,7,8,2,1,0,0,0.7,0.75,0.875,2,2,67,0,8,0,0.33333,4,1,0.7639346946413117,0.038886415120984216,-0.999999984947842,-0.7639346946413117,-0.8347542862489181,1.800321738552958,-0.4482669879861906,0.0,0.0,-0.17234810551209429,-0.4669270480222721,0.0,1.0674058954943009,0.0,0.0,0.036400986190240014,0.10358437505083407,0.0,0.004910265140283254,0.03882936497276679
ST60.9,ST60,gb,3,3,4,3,March,1,2020,Male,White,,NA,,NA,,,No,"$150,000 or more",0.3,0.7,tycoon,14,10/24/20 13:11,6,7,9,2,1,0,0,0.7,0.75,0.875,2,2,67,0,9,0,0.33333,4,2,0.5992073321773594,0.04762632238369273,-0.7142857143225786,-0.5992073321773594,-0.7194451325241515,1.270985967173236,-0.593476605198166,0.0,0.0,-0.1634727844071895,-0.17234810551209429,0.0,1.091752788591451,0.0,0.0,0.05518984423284912,0.1425603726439828,0.0,0.010714598831218947,0.04462235685006999
ST60.10,ST60,gb,3,3,4,3,March,1,2020,Male,White,,NA,,NA,,,No,"$150,000 or more",0.3,0.7,tycoon,14,10/24/20 13:11,6,7,10,2,1,0,1,0.7,0.75,0.875,2,2,67,1,10,0,0.33333,5,2,0.48037700865265753,0.04560793367823767,0.4761904749682757,0.5196229913473425,0.36373609394313977,0.45214185507827664,-0.6555375630656881,0.4715024648485879,0.6915220810334448,-0.20362825923782918,-0.1634727844071895,0.030843711778198588,1.0934177348331198,0.005844689211999654,0.006476602151581856,0.04930747436749705,0.1306725380655166,-1.1102230246251565e-16,0.006462497605224771,0.04036208123757734
ST60.11,ST60,gb,3,3,4,3,March,1,2020,Male,White,,NA,,NA,,,No,"$150,000 or more",0.3,0.7,tycoon,14,10/24/20 13:11,6,7,11,2,1,0,1,0.7,0.75,0.875,2,2,67,1,11,0,0.33333,6,2,0.5305535993265176,0.04180549502855063,0.4081632652507492,0.4694464006734824,0.32861248047143765,0.3984087833361684,-0.6331916582986538,0.44683583068487076,0.6874836226981821,-0.2618168853573194,-0.20362825923782918,0.023017317163043654,1.0831834713809827,0.004045237841873384,0.0,0.03457500435926286,0.10947600920953504,0.0,0.0037550782567964403,0.03766072955844524
ST60.12,ST60,gb,3,3,4,3,March,1,2020,Male,White,,NA,,NA,,,No,"$150,000 or more",0.3,0.7,tycoon,14,10/24/20 13:11,6,7,12,2,1,0,1,0.7,0.75,0.875,2,2,67,1,12,0,0.33333,7,2,0.5741407165558251,0.03740388601427415,0.35714285717432626,0.4258592834441749,0.2981014984109225,0.35396647004063503,-0.6092471136463906,0.4274122245891805,0.682571878377868,-0.32792102780953847,-0.2618168853573194,0.017233904192596534,1.0652088834665212,0.0034762857794323754,-2.220446049250313e-16,0.02392097920554459,0.09231284095964254,0.0,0.0021207633021401717,0.03600382227055554
ST60.13,ST60,gb,3,3,4,3,March,1,2020,Male,White,,NA,,NA,,,No,"$150,000 or more",0.3,0.7,tycoon,14,10/24/20 13:11,6,7,13,1,1,1,1,0.3,0.75,0.875,1,2,67,1,13,0,0.33333,3,1,0.47807486631016044,0.059144956961880525,0.4761904739920234,0.5219251336898396,0.3653475935828877,0.45467782143196556,-0.6564330821954864,0.4726996966632962,0.6916558259082752,-0.10203826854156672,-0.06841932383907297,0.041065536639639334,1.0886543352783866,0.009210372575864545,0.0,0.04529711876518272,0.10122366073258338,0.0,0.008758474689475104,0.02949568450161788
ST60.14,ST60,gb,3,3,4,3,March,1,2020,Male,White,,NA,,NA,,,No,"$150,000 or more",0.3,0.7,tycoon,14,10/24/20 13:11,6,7,14,1,1,1,1,0.3,0.75,0.875,1,2,67,1,14,0,0.33333,4,1,0.5433097404785979,0.054325816767273404,0.3571428585841654,0.4566902595214021,0.31968318166498144,0.38519667999782625,-0.6266304181662299,0.44097101808273464,0.6861620599669114,-0.17234810551209429,-0.10203826854156672,0.029483822867364385,1.09155944309917,0.0071914574306604084,0.012466218370302706,0.05837313012730627,0.11043740533698732,-1.1102230246251565e-16,0.004910265140283143,0.023559848949366802
ST60.15,ST60,gb,3,3,4,3,March,1,2020,Male,White,,NA,,NA,,,No,"$150,000 or more",0.3,0.7,tycoon,14,10/24/20 13:11,6,7,15,1,1,0,1,0.3,0.75,0.875,1,2,67,1,15,0,0.33333,5,1,0.5992073321773594,0.04762632238369273,0.2857142856774214,0.40079266782264056,0.28055486747584846,0.3292750133468492,-0.593476605198166,0.4169880181793142,0.6793011794347656,-0.2597274871226082,-0.17234810551209429,0.020928267241703907,1.0779326286423165,0.005360064895116423,0.003571614966643377,0.047593678271173334,0.09552174824441684,0.0,0.002646806822436787,0.023807228264603464
ST60.16,ST60,gb,3,3,4,3,March,1,2020,Male,White,,NA,,NA,,,No,"$150,000 or more",0.3,0.7,tycoon,14,10/24/20 13:11,6,7,16,1,1,1,1,0.3,0.75,0.875,1,2,67,1,16,0,0.33333,6,1,0.6455464123398981,0.040759615127719986,0.2380952380415915,0.35445358766010193,0.24811751136207139,0.28517523235209896,-0.5602575535492537,0.3989985197600019,0.6726035116269358,-0.3515540175161786,-0.2597274871226082,0.014991388876458484,1.052814926738594,0.003976297550528196,0.0,0.03366716003283443,0.07742407658184569,-1.1102230246251565e-16,0.0013876500814308246,0.02252323975847914
ST60.17,ST60,gb,3,3,4,3,March,1,2020,Male,White,,NA,,NA,,,No,"$150,000 or more",0.3,0.7,tycoon,14,10/24/20 13:11,6,7,17,1,1,0,0,0.3,0.75,0.875,1,2,67,0,17,0,0.33333,6,2,0.6834934732444427,0.034610861210659885,-0.7959183672120055,-0.6834934732444427,-0.7784454312711098,1.507086359888733,-0.5288684970379889,0.0,0.0,-0.2618168853573194,-0.3515540175161786,0.0,1.0911162837089008,0.0,0.0,0.04223189528256677,0.10018989078899965,0.0,0.0037550782567964403,0.0248429933385359
ST60.18,ST60,gb,3,3,4,3,March,1,2020,Male,White,,NA,,NA,,,No,"$150,000 or more",0.3,0.7,tycoon,14,10/24/20 13:11,6,7,18,1,1,0,0,0.3,0.75,0.875,1,2,67,0,18,0,0.33333,6,3,0.5741407165558251,0.03740388601427415,-0.6428571428256737,-0.5741407165558251,-0.7018985015890775,1.2103212517729298,-0.6092471136463906,0.0,0.0,-0.2581358322404612,-0.2618168853573194,0.0,1.0451881679091874,0.0,0.0,0.02007023001934871,0.0850016427512803,0.0,0.007603174371418109,0.02872626296232983
ST60.19,ST60,gb,3,3,4,3,March,1,2020,Male,White,,NA,,NA,,,No,"$150,000 or more",0.3,0.7,tycoon,14,10/24/20 13:11,6,7,19,1,1,1,1,0.3,0.75,0.875,1,2,67,1,19,0,0.33333,7,3,0.4863091546563947,0.03658287444157547,0.4761904747327377,0.5136908453436053,0.3595835917405237,0.4456366762960631,-0.6531782320549671,0.46844521178859255,0.6911544472276554,-0.300546826596243,-0.2581358322404612,0.023617731566659306,1.0693983769905646,0.003838188639726292,0.0,0.026219994520079504,0.08975438266677926,-1.1102230246251565e-16,0.004658377691200477,0.02585608531343042
ST60.20,ST60,gb,3,3,4,3,March,1,2020,Male,White,,NA,,NA,,,No,"$150,000 or more",0.3,0.7,tycoon,14,10/24/20 13:11,6,7,20,1,1,0,0,0.3,0.75,0.875,1,2,67,0,20,0,0.33333,7,4,0.5262956568428396,0.033586414868103556,-0.5714285664399477,-0.5262956568428396,-0.6684069597899878,1.1038468444514755,-0.6353010686748846,0.0,0.0,-0.3138238740887067,-0.300546826596243,0.0,1.0104448988322308,0.0,0.0,0.012669570864246582,0.07987798572562244,0.0,0.008449089386742159,0.029591067903149137
