oid,AgeMonth,AgeYr,order.x,Left1,Left2,Right1,Right2,mineprob1,mineprob2,agent_cond,total_feedback,EstLow,EstHigh,trial_num,subj_choice,chosen_mine_prob,feedback,Intervention,Curiosity,condition,latent_prob,Mean_theta,RPE_MAP,RPE_mean,RPE_full,Surprise,Entropy_z,Entropy_theta,EIG_theta,VOI_z_choice,VOI_z_prediction,VOI_theta_choice,VOI_theta_prediction,Difference_50,Difference_competitor
1,99,8,bg,1,0,3,4,0.3,0.7,bandit,7,0.125,0.875,1,1,0.3,0,0,4,1,0.3333333333333333,0.5,NaN,-0.5,-0.33333333333333337,0.40546510810816444,0.6931471805599453,-0.04279164419167801,0.05378194606599736,0.0,0.0,0.08333333333333337,0.05555555555555547,0.08333333333333337,0.08333333333333337
1,99,8,bg,1,0,3,4,0.3,0.7,bandit,7,0.125,0.875,2,2,0.7,0,1,4,1,0.3333333333333333,0.5,NaN,-0.5,-0.33333333333333337,0.40546510810816444,0.6931471805599453,-0.04279164419167801,0.05378194606599736,0.0,-1.1102230246251565e-16,0.08333333333333337,0.05555555555555547,0.08333333333333337,0.08333333333333337
1,99,8,bg,1,0,3,4,0.3,0.7,bandit,7,0.125,0.875,3,1,0.3,0,0,4,1,0.3333333333333333,0.41666666666666663,-5.545009081338703e-16,-0.41666666666666663,-0.2777777777777778,0.325422400434628,0.6901856760188041,-0.14872947946598028,0.03793678112380475,0.0,-1.1102230246251565e-16,0.05288461538461542,0.03525641025641024,0.15384615384615385,0.15384615384615385
1,99,8,bg,1,0,3,4,0.3,0.7,bandit,7,0.125,0.875,4,1,0.3,0,1,4,1,0.3333333333333333,0.34615384615384615,-5.545009081338703e-16,-0.34615384615384615,-0.2307692307692308,0.2623642644674911,0.6842317651303003,-0.2844497338353375,0.0257813362644152,0.0,-1.1102230246251565e-16,0.03249999999999997,0.021666666666666723,0.21000000000000002,0.21000000000000002
1,99,8,bg,1,0,3,4,0.3,0.7,bandit,7,0.125,0.875,5,2,0.7,1,0,1,1,0.3333333333333333,0.41666666666666663,0.9999999999999994,0.5833333333333334,0.7222222222222222,1.2809338454620642,0.0,-0.09878147980916833,0.0,0.0,0.0,0.0625,0.04166666666666652,0.09999999999999987,0.09999999999999987
1,99,8,bg,1,0,3,4,0.3,0.7,bandit,7,0.125,0.875,6,2,0.7,1,0,1,1,0.3333333333333333,0.5999999999999999,0.2499999999999999,0.40000000000000013,0.6000000000000001,0.9162907318741551,0.0,-0.29705541768766514,0.0,0.0,0.0,0.02499999999999991,0.01666666666666672,0.19999999999999996,0.19999999999999996
1,99,8,bg,1,0,3,4,0.3,0.7,bandit,7,0.125,0.875,7,1,0.3,0,1,3,1,0.3333333333333333,0.29,-5.545009081338703e-16,-0.29,-0.19333333333333338,0.21484474849951468,0.6780102022798757,-0.42625540231422954,0.017393591340592762,0.0,1.1102230246251565e-16,0.004193254820720305,0.013085399449035973,0.2534435261707989,0.45344352617079886
1,99,8,bg,1,0,3,4,0.3,0.7,bandit,7,0.125,0.875,8,2,0.7,1,0,1,1,0.3333333333333333,0.7,1.505215796449022e-8,0.30000000000000004,0.5333333333333333,0.7621400520468967,0.0,-0.4905612865201842,0.0,0.0,0.0,0.010416666666666852,0.00694444444444442,0.26190476190476186,0.26190476190476186
1,99,8,bg,1,0,3,4,0.3,0.7,bandit,7,0.125,0.875,9,2,0.7,0,1,4,1,0.3333333333333333,0.7619047619047619,-0.999999984947842,-0.7619047619047619,-0.5079365079365079,0.7091475219063864,0.6287993940937805,-0.37092869552988844,0.06404507376017227,0.0,1.1102230246251565e-16,0.016561059907834075,0.011040706605222717,0.21889400921658986,0.21889400921658986
1,99,8,bg,1,0,3,4,0.3,0.7,bandit,7,0.125,0.875,10,1,0.3,1,0,1,1,0.3333333333333333,0.2465564738292011,0.9999999999999994,0.7534435261707989,0.8356290174471992,1.8056293170922053,0.0,-0.145217675089551,0.0,0.0,0.0,0.012425262524514813,0.03970470869912224,0.08339984038308051,0.3022938495996704
1,99,8,bg,1,0,3,4,0.3,0.7,bandit,7,0.125,0.875,11,1,0.3,0,0,4,1,0.3333333333333333,0.4166001596169195,-0.30000000098701385,-0.4166001596169195,-0.277733439744613,0.3253610111961422,0.6901813069103601,-0.22325417073184692,0.023753989707684525,0.0,1.1102230246251565e-16,0.007098263316068332,0.026818600368324286,0.1298342541436464,0.34872826336023627
1,99,8,bg,1,0,3,4,0.3,0.7,bandit,7,0.125,0.875,12,1,0.3,0,0,2,1,0.3333333333333333,0.3701657458563536,-0.2500000013594461,-0.3701657458563536,-0.24677716390423582,0.28339416389113375,0.6865299089505599,-0.3092008770384171,0.017446775436758266,0.0,0.0,0.003938013353671721,0.01785633432943956,0.1685683238250475,0.38746233304163735
1,99,8,bg,1,0,3,4,0.3,0.7,bandit,7,0.125,0.875,13,2,0.7,1,0,1,1,0.3333333333333333,0.7188940092165899,0.09999999556329087,0.28110599078341014,0.5207373271889401,0.7355064543990868,0.0,-0.53368064707241,0.0,0.0,0.0,0.007361778846153855,0.004907852564102533,0.26923076923076916,0.26923076923076916
1,99,8,bg,1,0,3,4,0.3,0.7,bandit,7,0.125,0.875,14,2,0.7,1,0,1,1,0.3333333333333333,0.7692307692307692,1.505215796449022e-8,0.23076923076923084,0.4871794871794871,0.6678293725756553,0.0,-0.6845306937246839,0.0,0.0,0.0,0.0033094618055555802,0.00220630787037035,0.3055555555555556,0.3055555555555556
1,99,8,bg,1,0,3,4,0.3,0.7,bandit,7,0.125,0.875,15,2,0.7,1,0,1,1,0.3333333333333333,0.8055555555555556,1.505215796449022e-8,0.19444444444444442,0.462962962962963,0.6216882165778005,0.0,-0.8223654972271377,1.1102230246251565e-16,1.1102230246251565e-16,0.0,0.0015018857758621884,0.0010012571839080886,0.3327586206896551,0.3327586206896551
1,99,8,bg,1,0,3,4,0.3,0.7,bandit,7,0.125,0.875,16,1,0.3,0,0,2,1,0.3333333333333333,0.3314316761749525,-0.21428571120777382,-0.3314316761749525,-0.22095445078330167,0.24968576342578275,0.6827064730455019,-0.3957106648283263,0.012973104587097994,0.0,1.1102230246251565e-16,0.0004419642801345436,0.011791429346352245,0.2007323026851099,0.533490923374765
1,99,8,bg,1,0,3,4,0.3,0.7,bandit,7,0.125,0.875,17,1,0.3,0,1,1,1,0.3333333333333333,0.2992676973148901,-0.18750000906663172,-0.2992676973148901,-0.19951179820992682,0.22253348520479543,0.6791076299320256,-0.4791391417344011,0.009841753851782098,0.0,-1.1102230246251565e-16,0.00021152303432414588,0.007754409309603361,0.22754994548041918,0.5603085661700743
1,99,8,bg,1,0,3,4,0.3,0.7,bandit,7,0.125,0.875,18,2,0.7,0,1,4,1,0.3333333333333333,0.8327586206896551,-0.999999984947842,-0.8327586206896551,-0.5551724137931036,0.8100685186188479,0.5630437302928857,-0.7011921412561951,0.0584628483149211,0.0,1.1102230246251565e-16,0.002518829281183965,0.0016792195207891991,0.3065539112050739,0.3065539112050739
1,99,8,bg,1,0,3,4,0.3,0.7,bandit,7,0.125,0.875,19,2,0.7,0,1,4,1,0.3333333333333333,0.8065539112050739,-0.999999984947842,-0.8065539112050739,-0.5377026074700493,0.7715468882159535,0.5919716353973448,-0.5955631174764747,0.0566269208862088,-1.1102230246251565e-16,-2.220446049250313e-16,0.004079927273882067,0.002719951515921304,0.2771849593495934,0.2771849593495934
1,99,8,bg,1,0,3,4,0.3,0.7,bandit,7,0.125,0.875,20,1,0.3,0,0,1,1,0.3333333333333333,0.2724500545195808,-0.16666666645717676,-0.2724500545195808,-0.18163336967972057,0.20044483946697295,0.6758665393660739,-0.5580527251703007,0.007640859362410546,0.0,1.1102230246251565e-16,0.0002570066867427778,0.0050915366259420836,0.25010350564199846,0.5272884649915919
2,73,6,gb,2,4,2,3,0.7,0.3,tycoon,13,0.625,0.75,1,1,0.7,1,1,4,2,0.3333333333333333,0.5,NaN,0.5,0.33333333333333326,0.4054651081081643,0.6931471805599453,-0.042791644191678,0.05378194606599747,0.0,-1.1102230246251565e-16,0.08333333333333348,0.05555555555555547,0.08333333333333326,0.08333333333333326
2,73,6,gb,2,4,2,3,0.7,0.3,tycoon,13,0.625,0.75,2,2,0.3,1,0,4,2,0.3333333333333333,0.5,NaN,0.5,0.33333333333333326,0.4054651081081643,0.6931471805599453,-0.042791644191678,0.05378194606599747,0.04166666666666674,1.1102230246251565e-16,0.11815201177425982,0.05555555555555547,0.08333333333333326,0.0
2,73,6,gb,2,4,2,3,0.7,0.3,tycoon,13,0.625,0.75,3,1,0.7,1,0,4,2,0.3333333333333333,0.5833333333333333,1.505215796449022e-8,0.41666666666666674,0.2777777777777778,0.325422400434628,0.6901856760188042,-0.14872947946598028,0.0379367811238048,1.1102230246251565e-16,0.0,0.07870741894476108,0.03525641025641035,0.15384615384615385,0.0705128205128206
2,73,6,gb,2,4,2,3,0.7,0.3,tycoon,13,0.625,0.75,4,2,0.3,0,0,4,2,0.3333333333333333,0.5833333333333333,-0.999999984947842,-0.5833333333333333,-0.7222222222222222,1.2809338454620642,0.0,-0.09878147980916858,0.0,0.0,0.0,0.022014723426480476,0.04166666666666663,0.10000000000000003,0.2538461538461539
2,73,6,gb,2,4,2,3,0.7,0.3,tycoon,13,0.625,0.75,5,2,0.3,1,1,3,2,0.3333333333333333,0.39999999999999997,0.7499999999999998,0.6000000000000001,0.3999999999999999,0.5108256237659905,0.6869615765973234,-0.06641254138672092,0.05538446170840036,0.0,0.014814814814814947,0.032568046699056996,0.05833333333333335,0.033333333333333326,0.18717948717948718
2,73,6,gb,2,4,2,3,0.7,0.3,tycoon,13,0.625,0.75,6,1,0.7,1,1,4,2,0.3333333333333333,0.6538461538461539,1.505215796449022e-8,0.34615384615384615,0.23076923076923073,0.262364264467491,0.6842317651303003,-0.2844497338353375,0.025781336264415255,0.0,1.1102230246251565e-16,0.032500000000000084,0.021666666666666723,0.20999999999999996,0.20999999999999996
2,73,6,gb,2,4,2,3,0.7,0.3,tycoon,13,0.625,0.75,7,2,0.3,0,0,2,2,0.3333333333333333,0.4666666666666667,-0.49999999847640864,-0.4666666666666667,-0.6444444444444445,1.0340737675305387,0.0,-0.2040059070058956,0.0,0.0,0.0,0.0051915631285992525,0.02517361111111116,0.14583333333333331,0.3558333333333333
2,73,6,gb,2,4,2,3,0.7,0.3,tycoon,13,0.625,0.75,8,2,0.3,0,0,2,2,0.3333333333333333,0.3541666666666667,-0.24999999951793975,-0.3541666666666667,-0.5694444444444444,0.842678914530909,0.0,-0.37092869552988855,0.0,0.0,0.0,0.0013577447588695168,0.011040706605222828,0.21889400921658986,0.4288940092165898
2,73,6,gb,2,4,2,3,0.7,0.3,tycoon,13,0.625,0.75,9,1,0.7,1,0,4,2,0.3333333333333333,0.71,1.505215796449022e-8,0.29000000000000004,0.19333333333333325,0.21484474849951454,0.6780102022798757,-0.42625540231422954,0.017393591340592707,1.1102230246251565e-16,1.1102230246251565e-16,0.01962809917355368,0.013085399449035862,0.2534435261707988,0.2534435261707988
2,73,6,gb,2,4,2,3,0.7,0.3,tycoon,13,0.625,0.75,10,2,0.3,0,0,2,2,0.3333333333333333,0.28110599078341014,-0.10000000009751756,-0.28110599078341014,-0.5207373271889401,0.7355064543990868,0.0,-0.5336806470724107,0.0,0.0,0.0,0.00014146651795055032,0.004907852564102755,0.26923076923076916,0.522674295401568
2,73,6,gb,2,4,2,3,0.7,0.3,tycoon,13,0.625,0.75,11,1,0.7,1,1,4,2,0.3333333333333333,0.7534435261707988,1.505215796449022e-8,0.2465564738292012,0.1643709825528007,0.1795705234220647,0.6725635843867589,-0.5618791256690523,0.011912734212403908,-2.220446049250313e-16,0.0,0.011773940345368827,0.00784929356357933,0.2868916797488228,0.2868916797488228
2,73,6,gb,2,4,2,3,0.7,0.3,tycoon,13,0.625,0.75,12,2,0.3,0,0,2,2,0.3333333333333333,0.2307692307692308,-3.6855395877790843e-9,-0.2307692307692308,-0.4871794871794872,0.6678293725756556,0.0,-0.684530693724684,4.440892098500626e-16,0.0,0.0,1.1958678256096533e-5,0.002206307870370239,0.3055555555555556,0.5924472353043784
2,73,6,gb,2,4,2,3,0.7,0.3,tycoon,13,0.625,0.75,13,1,0.7,0,0,2,2,0.3333333333333333,0.7868916797488228,-0.999999984947842,-0.7868916797488228,-0.8579277864992152,1.9514198048662839,0.0,-0.22325417073184653,0.0,0.0,0.0,0.04022790055248604,0.026818600368324064,0.12983425414364647,0.12983425414364647
2,73,6,gb,2,4,2,3,0.7,0.3,tycoon,13,0.625,0.75,14,2,0.3,1,1,4,2,0.3333333333333333,0.19444444444444442,0.9999999999999994,0.8055555555555556,0.5370370370370371,0.7701082216960737,0.5929533174474745,-0.5675720130244426,0.05970528975128375,0.0,0.0,0.0008397236116753914,0.0036041666666668526,0.274,0.4038342541436465
2,73,6,gb,2,4,2,3,0.7,0.3,tycoon,13,0.625,0.75,15,1,0.7,1,0,4,2,0.3333333333333333,0.6298342541436465,0.2499999999460495,0.37016574585635353,0.24677716390423576,0.28339416389113375,0.6865299089505598,-0.30920087703841675,0.017446775436758433,0.0,-1.1102230246251565e-16,0.026784501494159008,0.017856334329439227,0.1685683238250476,0.1685683238250476
2,73,6,gb,2,4,2,3,0.7,0.3,tycoon,13,0.625,0.75,16,2,0.3,0,0,2,2,0.3333333333333333,0.226,-0.06250000270047433,-0.226,-0.484,0.6616485135005743,0.0,-0.7011921412561953,4.440892098500626e-16,0.0,0.0,0.00013029423407584506,0.0016792195207893101,0.306553911205074,0.47512223503012163
2,73,6,gb,2,4,2,3,0.7,0.3,tycoon,13,0.625,0.75,17,1,0.7,1,1,4,2,0.3333333333333333,0.6685683238250476,0.21428571422552145,0.3314316761749524,0.22095445078330167,0.24968576342578275,0.6827064730455019,-0.39571066482832595,0.012973104587098216,2.220446049250313e-16,1.1102230246251565e-16,0.017687144019527867,0.0117914293463518,0.20073230268510978,0.20073230268510978
2,73,6,gb,2,4,2,3,0.7,0.3,tycoon,13,0.625,0.75,18,2,0.3,1,1,3,2,0.3333333333333333,0.19344608879492597,0.9999999941065011,0.806553911205074,0.5377026074700494,0.7715468882159537,0.5919716353973447,-0.5955631174764753,0.05662692088620891,0.0,0.0,0.00011194709168782513,0.002719951515921415,0.2771849593495935,0.47791726203470325
2,73,6,gb,2,4,2,3,0.7,0.3,tycoon,13,0.625,0.75,19,1,0.7,1,0,4,2,0.3333333333333333,0.7007323026851098,0.18749999560995112,0.2992676973148902,0.19951179820992682,0.22253348520479543,0.6791076299320256,-0.4791391417344009,0.00984175385178182,-1.1102230246251565e-16,0.0,0.011631613964404819,0.007754409309603361,0.2275499454804193,0.2275499454804193
2,73,6,gb,2,4,2,3,0.7,0.3,tycoon,13,0.625,0.75,20,2,0.3,1,0,4,2,0.3333333333333333,0.22281504065040653,0.8999999999033008,0.7771849593495934,0.5181233062330624,0.7300670197198771,0.617701457614487,-0.5103029326983983,0.05323861876438929,0.0,0.0,0.00010069338104878867,0.004242992654679867,0.2452345545491415,0.4727845000295608
3,88,7,gb,2,2,2,2,0.3,0.7,tycoon,14,0.5,0.5,1,1,0.3,1,1,1,2,0.3333333333333333,0.5,NaN,0.5,0.33333333333333326,0.4054651081081643,0.6931471805599453,-0.042791644191678,0.05378194606599747,0.0,-1.1102230246251565e-16,0.08333333333333348,0.05555555555555547,0.08333333333333326,0.08333333333333326
3,88,7,gb,2,2,2,2,0.3,0.7,tycoon,14,0.5,0.5,2,2,0.7,1,0,4,2,0.3333333333333333,0.5,NaN,0.5,0.33333333333333326,0.4054651081081643,0.6931471805599453,-0.042791644191678,0.05378194606599747,0.04166666666666674,1.1102230246251565e-16,0.11815201177425982,0.05555555555555547,0.08333333333333326,0.0
3,88,7,gb,2,2,2,2,0.3,0.7,tycoon,14,0.5,0.5,3,1,0.3,1,1,1,2,0.3333333333333333,0.5833333333333333,1.505215796449022e-8,0.41666666666666674,0.2777777777777778,0.325422400434628,0.6901856760188042,-0.14872947946598028,0.0379367811238048,1.1102230246251565e-16,0.0,0.07870741894476108,0.03525641025641035,0.15384615384615385,0.0705128205128206
3,88,7,gb,2,2,2,2,0.3,0.7,tycoon,14,0.5,0.5,4,2,0.7,1,1,1,2,0.3333333333333333,0.5833333333333333,1.505215796449022e-8,0.41666666666666674,0.2777777777777778,0.325422400434628,0.6901856760188042,-0.14872947946598028,0.0379367811238048,0.032544378698224796,1.1102230246251565e-16,0.10639222329248454,0.03525641025641024,0.15384615384615385,0.0
3,88,7,gb,2,2,2,2,0.3,0.7,tycoon,14,0.5,0.5,5,1,0.3,1,0,1,2,0.3333333333333333,0.6538461538461539,1.505215796449022e-8,0.34615384615384615,0.23076923076923073,0.262364264467491,0.6842317651303003,-0.2844497338353375,0.025781336264415255,0.0,0.0,0.07238563011666665,0.021666666666666612,0.20999999999999996,0.05615384615384611
3,88,7,gb,2,2,2,2,0.3,0.7,tycoon,14,0.5,0.5,6,2,0.7,0,0,1,2,0.3333333333333333,0.6538461538461539,-0.999999984947842,-0.6538461538461539,-0.7692307692307693,1.4663370687934272,0.0,-0.06641254138672092,0.0,0.0,0.0,0.0199472802997136,0.05833333333333335,0.033333333333333326,0.2433333333333333
3,88,7,gb,2,2,2,2,0.3,0.7,tycoon,14,0.5,0.5,7,2,0.7,1,1,1,2,0.3333333333333333,0.4666666666666667,0.5000000015235914,0.5333333333333333,0.3555555555555555,0.43936665978384565,0.6925525323607233,-0.08739425626637266,0.043140311410130014,0.0,0.011494252873563204,0.028088365635500878,0.05747126436781602,0.028735632183908066,0.1812643678160919
3,88,7,gb,2,2,2,2,0.3,0.7,tycoon,14,0.5,0.5,8,1,0.3,1,0,1,2,0.3333333333333333,0.71,1.505215796449022e-8,0.29000000000000004,0.19333333333333325,0.21484474849951454,0.6780102022798757,-0.42625540231422954,0.017393591340592707,1.1102230246251565e-16,0.0,0.023592811051332485,0.013085399449035862,0.2534435261707988,0.22470789398689073
3,88,7,gb,2,2,2,2,0.3,0.7,tycoon,14,0.5,0.5,9,2,0.7,1,0,4,2,0.3333333333333333,0.5287356321839081,0.3749999994326757,0.47126436781609193,0.31417624521072796,0.3771346014819384,0.6927570046594116,-0.14521767508955086,0.03231445903788896,0.0,0.0,0.024295848297131717,0.039704708699122127,0.08339984038308068,0.1700436857877181
3,88,7,gb,2,2,2,2,0.3,0.7,tycoon,14,0.5,0.5,10,1,0.3,1,1,1,2,0.3333333333333333,0.7534435261707988,1.505215796449022e-8,0.2465564738292012,0.1643709825528007,0.1795705234220647,0.6725635843867589,-0.5618791256690523,0.011912734212403908,-2.220446049250313e-16,-1.1102230246251565e-16,0.021103009946231266,0.007849293563579218,0.2868916797488228,0.2034918393657421
3,88,7,gb,2,2,2,2,0.3,0.7,tycoon,14,0.5,0.5,11,2,0.7,1,0,1,2,0.3333333333333333,0.5833998403830807,0.3000000009825461,0.4166001596169193,0.27773343974461273,0.3253610111961419,0.6901813069103601,-0.22325417073184653,0.02375398970768486,0.0,-1.1102230246251565e-16,0.021220514869229712,0.026818600368324064,0.12983425414364647,0.15705742560517633
3,88,7,gb,2,2,2,2,0.3,0.7,tycoon,14,0.5,0.5,12,1,0.3,1,0,1,2,0.3333333333333333,0.7868916797488228,1.505215796449022e-8,0.2131083202511772,0.1420722135007848,0.15323534795556995,0.668087395200138,-0.6867749400135641,0.008393123717155504,1.1102230246251565e-16,1.1102230246251565e-16,0.019118432857431644,0.004707990240927162,0.3129002744739249,0.1830660203302784
3,88,7,gb,2,2,2,2,0.3,0.7,tycoon,14,0.5,0.5,13,2,0.7,0,0,1,2,0.3333333333333333,0.6298342541436465,-0.7500000000539505,-0.6298342541436465,-0.7532228360957642,1.3992695199830238,0.0,-0.17975900900527386,0.0,0.0,0.0,0.003540207651337113,0.05417357656163635,0.011608623548922115,0.30129165092500276
3,88,7,gb,2,2,2,2,0.3,0.7,tycoon,14,0.5,0.5,14,2,0.7,1,0,1,2,0.3333333333333333,0.5116086235489221,0.4285714261887835,0.4883913764510779,0.32559425096738526,0.3939233476679928,0.6930813365993375,-0.22800730239285233,0.026290814189475376,0.0,0.0,0.0048743687190675455,0.03924009562841524,0.05516393442622958,0.2577363400476953
3,88,7,gb,2,2,2,2,0.3,0.7,tycoon,14,0.5,0.5,15,1,0.3,0,0,1,2,0.3333333333333333,0.8129002744739249,-0.999999984947842,-0.8129002744739249,-0.8752668496492834,2.0815786208018467,0.0,-0.30920087703841675,0.0,0.0,0.0,0.03922263651436131,0.01785633432943934,0.1685683238250476,0.11340438939881803
3,88,7,gb,2,2,2,2,0.3,0.7,tycoon,14,0.5,0.5,16,2,0.7,1,1,1,2,0.3333333333333333,0.5551639344262296,0.3749999995025072,0.4448360655737704,0.2965573770491803,0.3517689651698778,0.6917799599357861,-0.2874591223088539,0.02017090234217428,1.1102230246251565e-16,0.0,0.04201093590516647,0.027988902071283683,0.0931336200504227,0.07543470377462491
3,88,7,gb,2,2,2,2,0.3,0.7,tycoon,14,0.5,0.5,17,1,0.3,1,1,1,2,0.3333333333333333,0.6685683238250476,0.21428571422552145,0.3314316761749524,0.22095445078330167,0.24968576342578275,0.6827064730455019,-0.39571066482832595,0.012973104587098216,2.220446049250313e-16,1.1102230246251565e-16,0.035668724968751175,0.011791429346351912,0.20073230268510978,0.10759868263468708
3,88,7,gb,2,2,2,2,0.3,0.7,tycoon,14,0.5,0.5,18,2,0.7,0,0,1,2,0.3333333333333333,0.5931336200504227,-0.666666666579618,-0.5931336200504227,-0.7287557467002818,1.3047355603437163,0.0,-0.2683627562159892,0.0,0.0,0.0,0.012052746735636943,0.050118461818844606,0.005011846181884438,0.19572045650322534
3,88,7,gb,2,2,2,2,0.3,0.7,tycoon,14,0.5,0.5,19,1,0.3,0,0,1,2,0.3333333333333333,0.7007323026851098,-0.8125000043900489,-0.7007323026851098,-0.8004882017900732,1.6118819055039784,0.0,-0.2874591223088539,0.0,0.0,0.0,0.04349074479647186,0.027988902071283683,0.0931336200504227,0.08812177386853826
3,88,7,gb,2,2,2,2,0.3,0.7,tycoon,14,0.5,0.5,20,1,0.3,0,0,1,2,0.3333333333333333,0.5931336200504227,-0.666666666579618,-0.5931336200504227,-0.7287557467002818,1.3047355603437163,0.0,-0.2683627562159892,0.0,0.0,0.0,0.07754675589525939,0.050118461818844495,0.005011846181884438,0.0
4,92,7,bg,2,1,4,3,0.3,0.7,tycoon,11,0.375,0.875,1,1,0.3,0,0,4,2,0.3333333333333333,0.5,NaN,-0.5,-0.6666666666666667,1.09861228866811,0.0,-0.19314718051535068,0.0,0.0,0.0,0.04166666666666652,0.02777777777777768,0.16666666666666674,0.16666666666666674
4,92,7,bg,2,1,4,3,0.3,0.7,tycoon,11,0.375,0.875,2,2,0.7,1,1,4,2,0.3333333333333333,0.5,NaN,0.5,0.33333333333333326,0.4054651081081643,0.6931471805599453,-0.042791644191678,0.05378194606599747,0.0,0.0,0.08333333333333348,0.05555555555555547,0.08333333333333326,0.08333333333333326
4,92,7,bg,2,1,4,3,0.3,0.7,tycoon,11,0.375,0.875,3,2,0.7,1,1,4,2,0.3333333333333333,0.5833333333333333,1.505215796449022e-8,0.41666666666666674,0.2777777777777778,0.325422400434628,0.6901856760188042,-0.14872947946598028,0.0379367811238048,1.1102230246251565e-16,0.0,0.05288461538461542,0.03525641025641024,0.15384615384615385,0.15384615384615385
4,92,7,bg,2,1,4,3,0.3,0.7,tycoon,11,0.375,0.875,4,1,0.3,1,0,4,2,0.3333333333333333,0.33333333333333326,0.9999999999999997,0.6666666666666667,0.44444444444444453,0.5877866649021192,0.6730116670092565,-0.09878147980916858,0.06714394951790816,0.0,0.0,0.022014723426480476,0.04166666666666663,0.10000000000000003,0.2538461538461539
4,92,7,bg,2,1,4,3,0.3,0.7,tycoon,11,0.375,0.875,5,2,0.7,0,0,4,2,0.3333333333333333,0.6538461538461539,-0.999999984947842,-0.6538461538461539,-0.7692307692307693,1.4663370687934272,0.0,-0.06641254138672092,0.0,0.0,0.0,0.08750000000000002,0.05833333333333346,0.033333333333333326,0.033333333333333326
4,92,7,bg,2,1,4,3,0.3,0.7,tycoon,11,0.375,0.875,6,1,0.3,1,1,4,2,0.3333333333333333,0.39999999999999997,0.7499999999999998,0.6000000000000001,0.3999999999999999,0.5108256237659905,0.6869615765973234,-0.06641254138672092,0.05538446170840036,0.022222222222222254,0.014814814814814836,0.08750000000000002,0.05833333333333335,0.033333333333333326,0.033333333333333326
4,92,7,bg,2,1,4,3,0.3,0.7,tycoon,11,0.375,0.875,7,2,0.7,1,1,3,2,0.3333333333333333,0.4666666666666667,0.5000000015235914,0.5333333333333333,0.3555555555555555,0.43936665978384565,0.6925525323607233,-0.08739425626637266,0.043140311410130014,0.01724137931034475,0.011494252873563204,0.08620689655172409,0.05747126436781613,0.028735632183908066,0.028735632183908066
4,92,7,bg,2,1,4,3,0.3,0.7,tycoon,11,0.375,0.875,8,2,0.7,1,0,4,2,0.3333333333333333,0.5287356321839081,0.3749999994326757,0.47126436781609193,0.31417624521072796,0.3771346014819384,0.6927570046594116,-0.14521767508955086,0.03231445903788896,0.0,0.0,0.05955706304868302,0.039704708699122127,0.08339984038308068,0.08339984038308068
4,92,7,bg,2,1,4,3,0.3,0.7,tycoon,11,0.375,0.875,9,1,0.3,0,0,4,2,0.3333333333333333,0.4666666666666667,-0.49999999847640864,-0.4666666666666667,-0.6444444444444445,1.0340737675305387,0.0,-0.2040059070058956,0.0,0.0,0.0,0.01969879053055823,0.02517361111111116,0.14583333333333331,0.229233173716414
4,92,7,bg,2,1,4,3,0.3,0.7,tycoon,11,0.375,0.875,10,1,0.3,0,0,4,2,0.3333333333333333,0.3541666666666667,-0.24999999951793975,-0.3541666666666667,-0.5694444444444444,0.842678914530909,0.0,-0.37092869552988855,0.0,0.0,0.0,0.007283624760279217,0.011040706605222717,0.21889400921658986,0.30229384959967054
4,92,7,bg,2,1,4,3,0.3,0.7,tycoon,11,0.375,0.875,11,1,0.3,0,0,4,2,0.3333333333333333,0.28110599078341014,-0.10000000009751756,-0.28110599078341014,-0.5207373271889401,0.7355064543990868,0.0,-0.5336806470724107,0.0,0.0,0.0,0.0027216153770216467,0.004907852564102755,0.26923076923076916,0.35263060961384984
4,92,7,bg,2,1,4,3,0.3,0.7,tycoon,11,0.375,0.875,12,2,0.7,0,0,1,2,0.3333333333333333,0.5833998403830807,-0.6999999990174539,-0.5833998403830807,-0.7222665602553873,1.2810934751215948,0.0,-0.15234512269821177,0.0,0.0,0.0,0.07246767241379315,0.04831178160919536,0.037356321839080386,0.037356321839080386
4,92,7,bg,2,1,4,3,0.3,0.7,tycoon,11,0.375,0.875,13,1,0.3,1,1,4,2,0.3333333333333333,0.2307692307692308,0.9999999963144605,0.7692307692307692,0.5128205128205128,0.7191226669632059,0.6236548495681085,-0.4271890325390063,0.059861143712770626,0.0,0.0,0.01162737573099415,0.007751583820662877,0.23099415204678364,0.23099415204678364
4,92,7,bg,2,1,4,3,0.3,0.7,tycoon,11,0.375,0.875,14,2,0.7,0,0,2,2,0.3333333333333333,0.4626436781609196,-0.499999998322114,-0.4626436781609196,-0.6417624521072798,1.0265589710280523,0.0,-0.23700120278132994,0.0,0.0,0.0,0.03591986036838979,0.02394657357892649,0.12507427213309563,0.12507427213309563
4,92,7,bg,2,1,4,3,0.3,0.7,tycoon,11,0.375,0.875,15,1,0.3,1,0,1,2,0.3333333333333333,0.26900584795321636,0.857142855151454,0.7309941520467836,0.48732943469785583,0.6681218129930051,0.6473288715296028,-0.3499999698277506,0.05449934993397276,0.0,-1.1102230246251565e-16,0.01754099334600767,0.011693995564005188,0.1901140684410646,0.1901140684410646
4,92,7,bg,2,1,4,3,0.3,0.7,tycoon,11,0.375,0.875,16,2,0.7,0,0,1,2,0.3333333333333333,0.37492572786690437,-0.35714285711591753,-0.37492572786690437,-0.5832838185779363,0.8753499090013155,0.0,-0.3499999698277506,-3.3306690738754696e-16,0.0,0.0,0.01754099334600767,0.011693995564005188,0.1901140684410646,0.1901140684410646
4,92,7,bg,2,1,4,3,0.3,0.7,tycoon,11,0.375,0.875,17,1,0.3,0,0,2,2,0.3333333333333333,0.3098859315589354,-0.24999999996615352,-0.3098859315589354,-0.5399239543726236,0.7763634865810236,0.0,-0.47241718232341934,-1.1102230246251565e-16,0.0,0.0,0.008484574567994008,0.005656383045329227,0.23929376408715253,0.23929376408715253
4,92,7,bg,2,1,4,3,0.3,0.7,tycoon,11,0.375,0.875,18,2,0.7,1,1,4,2,0.3333333333333333,0.3098859315589354,0.7500000000338465,0.6901140684410646,0.46007604562737636,0.6163269745765037,0.6653365453438909,-0.30392034868124257,0.04777956620255086,0.0,0.0,0.025258082586427588,0.016838721724285133,0.1482074263764404,0.1482074263764404
4,92,7,bg,2,1,4,3,0.3,0.7,tycoon,11,0.375,0.875,19,1,0.3,1,0,4,2,0.3333333333333333,0.2607062359128475,0.8333333356291609,0.7392937640871525,0.49286250939143494,0.6789731275225817,0.6428206018242861,-0.403142000609794,0.0513455323712978,0.0,0.0,0.012765239197530809,0.00851015946502054,0.2024691358024691,0.2024691358024691
4,92,7,bg,2,1,4,3,0.3,0.7,tycoon,11,0.375,0.875,20,2,0.7,1,1,4,2,0.3333333333333333,0.3517925736235596,0.6666666618273922,0.6482074263764404,0.43213828425096024,0.5658773480900516,0.6779327786914043,-0.2865909243832322,0.04052767214023745,0.0,0.0,0.03476503781473128,0.02317669187648752,0.10691469372416385,0.10691469372416385
5,62,5,gb,1,1,4,3,0.3,0.7,tycoon,12,0.25,0.875,1,1,0.3,1,1,4,2,0.3333333333333333,0.5,NaN,0.5,0.33333333333333326,0.4054651081081643,0.6931471805599453,-0.042791644191678,0.05378194606599747,0.0,-1.1102230246251565e-16,0.08333333333333348,0.05555555555555547,0.08333333333333326,0.08333333333333326
5,62,5,gb,1,1,4,3,0.3,0.7,tycoon,12,0.25,0.875,2,2,0.7,1,0,4,2,0.3333333333333333,0.5,NaN,0.5,0.33333333333333326,0.4054651081081643,0.6931471805599453,-0.042791644191678,0.05378194606599747,0.04166666666666674,1.1102230246251565e-16,0.11815201177425982,0.05555555555555547,0.08333333333333326,0.0
5,62,5,gb,1,1,4,3,0.3,0.7,tycoon,12,0.25,0.875,3,1,0.3,0,0,4,2,0.3333333333333333,0.5833333333333333,-0.999999984947842,-0.5833333333333333,-0.7222222222222222,1.2809338454620642,0.0,-0.09878147980916858,0.0,0.0,0.0,0.03737461979762402,0.04166666666666663,0.10000000000000003,0.1833333333333333
5,62,5,gb,1,1,4,3,0.3,0.7,tycoon,12,0.25,0.875,4,2,0.7,1,0,4,2,0.3333333333333333,0.5833333333333333,1.505215796449022e-8,0.41666666666666674,0.2777777777777778,0.325422400434628,0.6901856760188042,-0.14872947946598028,0.0379367811238048,1.1102230246251565e-16,1.1102230246251565e-16,0.05288461538461542,0.03525641025641024,0.15384615384615385,0.15384615384615385
5,62,5,gb,1,1,4,3,0.3,0.7,tycoon,12,0.25,0.875,5,1,0.3,1,1,4,2,0.3333333333333333,0.39999999999999997,0.7499999999999998,0.6000000000000001,0.3999999999999999,0.5108256237659905,0.6869615765973234,-0.06641254138672092,0.05538446170840036,0.0,0.014814814814814947,0.032568046699056996,0.05833333333333346,0.033333333333333326,0.18717948717948718
5,62,5,gb,1,1,4,3,0.3,0.7,tycoon,12,0.25,0.875,6,2,0.7,1,0,4,2,0.3333333333333333,0.6538461538461539,1.505215796449022e-8,0.34615384615384615,0.23076923076923073,0.262364264467491,0.6842317651303003,-0.2844497338353375,0.025781336264415255,0.0,1.1102230246251565e-16,0.032500000000000084,0.021666666666666723,0.20999999999999996,0.20999999999999996
5,62,5,gb,1,1,4,3,0.3,0.7,tycoon,12,0.25,0.875,7,1,0.3,0,0,4,2,0.3333333333333333,0.4666666666666667,-0.49999999847640864,-0.4666666666666667,-0.6444444444444445,1.0340737675305387,0.0,-0.2040059070058956,0.0,0.0,0.0,0.0051915631285992525,0.02517361111111116,0.14583333333333331,0.3558333333333333
5,62,5,gb,1,1,4,3,0.3,0.7,tycoon,12,0.25,0.875,8,2,0.7,1,1,4,2,0.3333333333333333,0.71,1.505215796449022e-8,0.29000000000000004,0.19333333333333325,0.21484474849951454,0.6780102022798757,-0.42625540231422954,0.017393591340592707,1.1102230246251565e-16,0.0,0.01962809917355368,0.013085399449035862,0.2534435261707988,0.2534435261707988
5,62,5,gb,1,1,4,3,0.3,0.7,tycoon,12,0.25,0.875,9,1,0.3,0,0,4,2,0.3333333333333333,0.3541666666666667,-0.24999999951793975,-0.3541666666666667,-0.5694444444444444,0.842678914530909,0.0,-0.37092869552988855,0.0,0.0,0.0,0.0006298630976049324,0.011040706605222717,0.21889400921658986,0.47233753538738865
5,62,5,gb,1,1,4,3,0.3,0.7,tycoon,12,0.25,0.875,10,2,0.7,0,0,4,2,0.3333333333333333,0.7534435261707988,-0.999999984947842,-0.7534435261707988,-0.8356290174471993,1.8056293170922058,0.0,-0.14521767508955086,0.0,0.0,0.0,0.05955706304868302,0.039704708699122127,0.08339984038308068,0.08339984038308068
5,62,5,gb,1,1,4,3,0.3,0.7,tycoon,12,0.25,0.875,11,2,0.7,1,1,4,2,0.3333333333333333,0.5833998403830807,0.3000000009825461,0.4166001596169193,0.27773343974461273,0.3253610111961419,0.6901813069103601,-0.22325417073184653,0.02375398970768486,-1.1102230246251565e-16,1.1102230246251565e-16,0.04022790055248604,0.026818600368324064,0.12983425414364647,0.12983425414364647
5,62,5,gb,1,1,4,3,0.3,0.7,tycoon,12,0.25,0.875,12,2,0.7,1,1,4,2,0.3333333333333333,0.6298342541436465,0.2499999999460495,0.37016574585635353,0.24677716390423576,0.28339416389113375,0.6865299089505598,-0.30920087703841675,0.017446775436758433,0.0,-1.1102230246251565e-16,0.026784501494159008,0.01785633432943945,0.1685683238250476,0.1685683238250476
5,62,5,gb,1,1,4,3,0.3,0.7,tycoon,12,0.25,0.875,13,2,0.7,0,0,4,2,0.3333333333333333,0.6685683238250476,-0.7857142857744785,-0.6685683238250476,-0.7790455492166983,1.5097987037598832,0.0,-0.22800730239285233,0.0,0.0,0.0,0.0588601434426228,0.03924009562841535,0.05516393442622958,0.05516393442622958
5,62,5,gb,1,1,4,3,0.3,0.7,tycoon,12,0.25,0.875,14,2,0.7,1,1,4,2,0.3333333333333333,0.5551639344262296,0.3749999995025072,0.4448360655737704,0.2965573770491803,0.3517689651698778,0.6917799599357861,-0.2874591223088539,0.02017090234217428,0.0,0.0,0.04198335310692558,0.027988902071283683,0.0931336200504227,0.0931336200504227
5,62,5,gb,1,1,4,3,0.3,0.7,tycoon,12,0.25,0.875,15,2,0.7,1,0,4,2,0.3333333333333333,0.5931336200504227,0.33333333342038196,0.4068663799495773,0.27124425329971824,0.31641665565345756,0.6895133632202006,-0.3514285693112917,0.01556078354436291,1.1102230246251565e-16,1.1102230246251565e-16,0.029628357753357704,0.019752238502238506,0.1259327092660426,0.1259327092660426
5,62,5,gb,1,1,4,3,0.3,0.7,tycoon,12,0.25,0.875,16,2,0.7,0,0,4,2,0.3333333333333333,0.6259327092660426,-0.7000000005234497,-0.6259327092660426,-0.7506218061773617,1.3887846841111968,0.0,-0.3121279906710225,0.0,0.0,0.0,0.05632244885860349,0.037548299239068994,0.0407631628503875,0.0407631628503875
5,62,5,gb,1,1,4,3,0.3,0.7,tycoon,12,0.25,0.875,17,1,0.3,0,0,4,2,0.3333333333333333,0.28110599078341014,-0.10000000009751756,-0.28110599078341014,-0.5207373271889401,0.7355064543990868,0.0,-0.5336806470724107,0.0,0.0,0.0,0.0046432015528267145,0.004907852564102755,0.26923076923076916,0.30999393208115666
5,62,5,gb,1,1,4,3,0.3,0.7,tycoon,12,0.25,0.875,18,1,0.3,0,0,4,2,0.3333333333333333,0.2307692307692308,-3.6855395877790843e-9,-0.2307692307692308,-0.4871794871794872,0.6678293725756556,0.0,-0.684530693724684,4.440892098500626e-16,0.0,0.0,0.0019237874668076582,0.00220630787037035,0.3055555555555556,0.3463187184059431
5,62,5,gb,1,1,4,3,0.3,0.7,tycoon,12,0.25,0.875,19,2,0.7,1,1,4,2,0.3333333333333333,0.5407631628503875,0.4090909125279222,0.4592368371496125,0.3061578914330749,0.36551085362905283,0.6923799727450064,-0.36174423121254345,0.017025047837387286,1.1102230246251565e-16,0.0,0.04173531162447386,0.027823541082982572,0.07245532887112682,0.07245532887112682
5,62,5,gb,1,1,4,3,0.3,0.7,tycoon,12,0.25,0.875,20,2,0.7,1,0,4,2,0.3333333333333333,0.5724553288711268,0.3749999996492326,0.4275446711288732,0.2850297807525821,0.33551438855778587,0.6908632488977826,-0.4135225841584971,0.01361224648672138,2.220446049250313e-16,0.0,0.030673027783264084,0.020448685188842575,0.10044678175425426,0.10044678175425426
6,91,7,bg,2,1,4,0,0.7,0.3,bandit,6,0.5,0.375,1,1,0.7,0,0,3,1,0.3333333333333333,0.5,NaN,-0.5,-0.33333333333333337,0.40546510810816444,0.6931471805599453,-0.04279164419167801,0.05378194606599736,0.0,0.0,0.08333333333333337,0.05555555555555547,0.08333333333333337,0.08333333333333337
6,91,7,bg,2,1,4,0,0.7,0.3,bandit,6,0.5,0.375,2,2,0.3,0,1,4,1,0.3333333333333333,0.5,NaN,-0.5,-0.33333333333333337,0.40546510810816444,0.6931471805599453,-0.04279164419167801,0.05378194606599736,0.0,-1.1102230246251565e-16,0.08333333333333337,0.05555555555555547,0.08333333333333337,0.08333333333333337
6,91,7,bg,2,1,4,0,0.7,0.3,bandit,6,0.5,0.375,3,1,0.7,1,0,1,1,0.3333333333333333,0.41666666666666663,0.9999999999999994,0.5833333333333334,0.7222222222222222,1.2809338454620642,0.0,-0.09878147980916833,0.0,0.0,0.0,0.0625,0.04166666666666663,0.09999999999999987,0.09999999999999987
6,91,7,bg,2,1,4,0,0.7,0.3,bandit,6,0.5,0.375,4,2,0.3,1,0,1,1,0.3333333333333333,0.41666666666666663,0.9999999999999994,0.5833333333333334,0.7222222222222222,1.2809338454620642,0.0,-0.09878147980916833,0.0,0.0,0.0,0.10367999835128927,0.04166666666666663,0.09999999999999987,0.0
6,91,7,bg,2,1,4,0,0.7,0.3,bandit,6,0.5,0.375,5,1,0.7,1,0,1,1,0.3333333333333333,0.5999999999999999,0.2499999999999999,0.40000000000000013,0.6000000000000001,0.9162907318741551,0.0,-0.29705541768766514,0.0,0.0,0.0,0.049247998351209965,0.01666666666666672,0.19999999999999996,0.10000000000000009
6,91,7,bg,2,1,4,0,0.7,0.3,bandit,6,0.5,0.375,6,2,0.3,0,0,4,1,0.3333333333333333,0.5999999999999999,-0.7500000000000001,-0.5999999999999999,-0.39999999999999997,0.5108256237659905,0.6869615765973234,-0.06641254138672094,0.05538446170840032,0.0,0.014814814814814725,0.038675999620050305,0.05833333333333324,0.033333333333333326,0.16666666666666663
6,91,7,bg,2,1,4,0,0.7,0.3,bandit,6,0.5,0.375,7,1,0.7,0,0,3,1,0.3333333333333333,0.7,-0.999999984947842,-0.7,-0.4666666666666667,0.6286086594223742,0.6615632381579821,-0.20400590700589533,0.06231225300813903,0.0,0.0,0.047324062968474134,0.02517361111111094,0.14583333333333326,0.11249999999999993
6,91,7,bg,2,1,4,0,0.7,0.3,bandit,6,0.5,0.375,8,2,0.3,1,0,1,1,0.3333333333333333,0.5333333333333333,0.5000000009897914,0.4666666666666667,0.6444444444444444,1.0340737675305383,0.0,-0.20400590700589533,0.0,0.0,0.0,0.0909255551882544,0.02517361111111105,0.14583333333333326,0.0
6,91,7,bg,2,1,4,0,0.7,0.3,bandit,6,0.5,0.375,9,1,0.7,1,0,1,1,0.3333333333333333,0.6458333333333333,0.2500000021590544,0.35416666666666674,0.5694444444444444,0.8426789145309089,0.0,-0.37092869552988844,0.0,0.0,0.0,0.05031963239889503,0.011040706605222717,0.21889400921658986,0.0730606758832566
6,91,7,bg,2,1,4,0,0.7,0.3,bandit,6,0.5,0.375,10,2,0.3,0,0,3,1,0.3333333333333333,0.6458333333333333,-0.7499999978409456,-0.6458333333333333,-0.43055555555555564,0.5630940523117476,0.6785008770139085,-0.1571350842422471,0.053167047747771534,0.0,-1.1102230246251565e-16,0.03945540289232452,0.03585946573751453,0.09059233449477355,0.1283016747218163
6,91,7,bg,2,1,4,0,0.7,0.3,bandit,6,0.5,0.375,11,1,0.7,0,0,1,1,0.3333333333333333,0.7188940092165899,-0.9000000044367091,-0.7188940092165899,-0.47926267281105994,0.652509534828119,0.6533502750036451,-0.28542769031337323,0.058112087396657075,0.0001541734759952229,1.1102230246251565e-16,0.04953763970933622,0.01668510324483763,0.17256637168141586,0.08197403718664231
6,91,7,bg,2,1,4,0,0.7,0.3,bandit,6,0.5,0.375,12,2,0.3,0,1,4,1,0.3333333333333333,0.5905923344947736,-0.5999999972964525,-0.5905923344947736,-0.3937282229965158,0.5004269165450922,0.6881771822372582,-0.15234512269821188,0.04329848222372032,0.0,0.008301404853129024,0.03816963066105994,0.04831178160919547,0.03735632183908055,0.1352100498423353
6,91,7,bg,2,1,4,0,0.7,0.3,bandit,6,0.5,0.375,13,1,0.7,0,1,3,1,0.3333333333333333,0.6725663716814159,-0.7500000000027015,-0.6725663716814159,-0.44837758112094395,0.5948914905258637,0.67123888203318,-0.2370012027813298,0.05044154348753849,-1.1102230246251565e-16,-1.1102230246251565e-16,0.04758299680658007,0.023946573578926378,0.12507427213309563,0.08771795029401508
6,91,7,bg,2,1,4,0,0.7,0.3,bandit,6,0.5,0.375,14,2,0.3,0,1,4,1,0.3333333333333333,0.5373563218390806,-0.49999999874887274,-0.5373563218390806,-0.35823754789272033,0.4435370560575723,0.6923940398076736,-0.17975900900527403,0.03407290818339537,0.0,0.012935323383084563,0.036383716234279384,0.05417357656163635,0.011608623548922004,0.13668289568201764
6,91,7,bg,2,1,4,0,0.7,0.3,bandit,6,0.5,0.375,15,2,0.3,0,0,1,1,0.3333333333333333,0.488391376451078,-0.42857142831688716,-0.488391376451078,-0.32559425096738537,0.393923347667993,0.6930813365993375,-0.22800730239285252,0.026290814189475292,0.0,-1.1102230246251565e-16,0.0240532582825842,0.03924009562841524,0.055163934426229466,0.1802382065593251
6,91,7,bg,2,1,4,0,0.7,0.3,bandit,6,0.5,0.375,16,1,0.7,0,1,4,1,0.3333333333333333,0.6250742721330956,-0.6428571429065449,-0.6250742721330956,-0.41671618142206385,0.5390813867732288,0.6828941449085093,-0.2228608825806698,0.04211572422065937,-2.220446049250313e-16,0.0,0.04905029711375197,0.0327001980758348,0.07860780984719873,0.07860780984719873
6,91,7,bg,2,1,4,0,0.7,0.3,bandit,6,0.5,0.375,17,2,0.3,1,0,1,1,0.3333333333333333,0.44483606557377053,0.6250000004954153,0.5551639344262295,0.7034426229508196,1.2155145647661072,0.0,-0.23609603900380247,0.0,0.0,0.0,0.06131207357988011,0.04266074928388364,0.034901251319161775,0.043706558528036954
6,91,7,bg,2,1,4,0,0.7,0.3,bandit,6,0.5,0.375,18,1,0.7,0,1,3,1,0.3333333333333333,0.5786078098471987,-0.5624999999949906,-0.5786078098471987,-0.38573853989813256,0.48733461069039213,0.6895034991417228,-0.23609603900380247,0.03414268066623968,0.023717673643830595,0.005170555750986905,0.08081105240017783,0.042660749283883526,0.034901251319161775,0.0
6,91,7,bg,2,1,4,0,0.7,0.3,bandit,6,0.5,0.375,19,2,0.3,0,1,3,1,0.3333333333333333,0.5349012513191618,-0.4999999984995474,-0.5349012513191618,-0.35660083421277455,0.44098996074748675,0.692493142237828,-0.26836275621598926,0.027180458416647624,0.0,0.012054466401103858,0.06000517997097121,0.050118461818844384,0.0050118461818845494,0.039913097501046324
6,91,7,bg,2,1,4,0,0.7,0.3,bandit,6,0.5,0.375,20,2,0.3,0,0,3,1,0.3333333333333333,0.49498815381811545,-0.4500000039841043,-0.49498815381811545,-0.3299921025454104,0.4004657794209383,0.6931347461577707,-0.31212799067102276,0.021486506368508185,0.0,1.1102230246251565e-16,0.04382302153227202,0.037548299239069105,0.04076316285038739,0.07566441416954917
7,117,9,gb,2,3,3,4,0.3,0.7,tycoon,13,0.625,0.875,1,2,0.7,1,1,4,2,0.3333333333333333,0.5,NaN,0.5,0.33333333333333326,0.4054651081081643,0.6931471805599453,-0.042791644191678,0.05378194606599747,0.0,-1.1102230246251565e-16,0.08333333333333348,0.05555555555555547,0.08333333333333326,0.08333333333333326
7,117,9,gb,2,3,3,4,0.3,0.7,tycoon,13,0.625,0.875,2,2,0.7,1,0,4,2,0.3333333333333333,0.5833333333333333,1.505215796449022e-8,0.41666666666666674,0.2777777777777778,0.325422400434628,0.6901856760188042,-0.14872947946598028,0.0379367811238048,1.1102230246251565e-16,1.1102230246251565e-16,0.05288461538461542,0.03525641025641024,0.15384615384615385,0.15384615384615385
7,117,9,gb,2,3,3,4,0.3,0.7,tycoon,13,0.625,0.875,3,2,0.7,1,1,4,2,0.3333333333333333,0.6538461538461539,1.505215796449022e-8,0.34615384615384615,0.23076923076923073,0.262364264467491,0.6842317651303003,-0.2844497338353375,0.025781336264415255,0.0,1.1102230246251565e-16,0.032500000000000084,0.021666666666666723,0.20999999999999996,0.20999999999999996
7,117,9,gb,2,3,3,4,0.3,0.7,tycoon,13,0.625,0.875,4,2,0.7,1,1,4,2,0.3333333333333333,0.71,1.505215796449022e-8,0.29000000000000004,0.19333333333333325,0.21484474849951454,0.6780102022798757,-0.42625540231422954,0.017393591340592707,1.1102230246251565e-16,1.1102230246251565e-16,0.01962809917355368,0.013085399449035862,0.2534435261707988,0.2534435261707988
7,117,9,gb,2,3,3,4,0.3,0.7,tycoon,13,0.625,0.875,5,2,0.7,0,0,4,2,0.3333333333333333,0.7534435261707988,-0.999999984947842,-0.7534435261707988,-0.8356290174471993,1.8056293170922058,0.0,-0.14521767508955086,0.0,0.0,0.0,0.05955706304868302,0.039704708699122016,0.08339984038308068,0.08339984038308068
7,117,9,gb,2,3,3,4,0.3,0.7,tycoon,13,0.625,0.875,6,1,0.3,0,0,1,2,0.3333333333333333,0.5,NaN,-0.5,-0.6666666666666667,1.09861228866811,0.0,-0.19314718051535068,0.0,0.0,0.0,0.024101114881420638,0.027777777777777568,0.16666666666666674,0.2500665070497474
7,117,9,gb,2,3,3,4,0.3,0.7,tycoon,13,0.625,0.875,7,2,0.7,1,1,1,2,0.3333333333333333,0.5833998403830807,0.3000000009825461,0.4166001596169193,0.27773343974461273,0.3253610111961419,0.6901813069103601,-0.22325417073184653,0.02375398970768486,-1.1102230246251565e-16,0.0,0.04022790055248604,0.026818600368323953,0.12983425414364647,0.12983425414364647
7,117,9,gb,2,3,3,4,0.3,0.7,tycoon,13,0.625,0.875,8,2,0.7,1,0,1,2,0.3333333333333333,0.6298342541436465,0.2499999999460495,0.37016574585635353,0.24677716390423576,0.28339416389113375,0.6865299089505598,-0.30920087703841675,0.017446775436758433,0.0,1.1102230246251565e-16,0.026784501494159008,0.01785633432943945,0.1685683238250476,0.1685683238250476
7,117,9,gb,2,3,3,4,0.3,0.7,tycoon,13,0.625,0.875,9,2,0.7,0,0,1,2,0.3333333333333333,0.6685683238250476,-0.7857142857744785,-0.6685683238250476,-0.7790455492166983,1.5097987037598832,0.0,-0.22800730239285233,0.0,0.0,0.0,0.0588601434426228,0.03924009562841524,0.05516393442622958,0.05516393442622958
7,117,9,gb,2,3,3,4,0.3,0.7,tycoon,13,0.625,0.875,10,2,0.7,1,1,1,2,0.3333333333333333,0.5551639344262296,0.3749999995025072,0.4448360655737704,0.2965573770491803,0.3517689651698778,0.6917799599357861,-0.2874591223088539,0.02017090234217428,0.0,0.0,0.04198335310692558,0.027988902071283683,0.0931336200504227,0.0931336200504227
7,117,9,gb,2,3,3,4,0.3,0.7,tycoon,13,0.625,0.875,11,2,0.7,0,0,1,2,0.3333333333333333,0.5931336200504227,-0.666666666579618,-0.5931336200504227,-0.7287557467002818,1.3047355603437163,0.0,-0.2683627562159892,0.0,0.0,0.0,0.0751776927282668,0.050118461818844495,0.005011846181884438,0.005011846181884438
7,117,9,gb,2,3,3,4,0.3,0.7,tycoon,13,0.625,0.875,12,2,0.7,1,0,1,2,0.3333333333333333,0.5050118461818844,0.4499999999979809,0.49498815381811556,0.3299921025454102,0.400465779420938,0.6931347461577707,-0.3121279906710225,0.02148650636850824,0.0,0.0,0.05632244885860349,0.037548299239068994,0.0407631628503875,0.0407631628503875
7,117,9,gb,2,3,3,4,0.3,0.7,tycoon,13,0.625,0.875,13,2,0.7,1,0,1,2,0.3333333333333333,0.5407631628503875,0.4090909125279222,0.4592368371496125,0.3061578914330749,0.36551085362905283,0.6923799727450064,-0.36174423121254345,0.017025047837387286,1.1102230246251565e-16,0.0,0.04173531162447386,0.027823541082982572,0.07245532887112682,0.07245532887112682
7,117,9,gb,2,3,3,4,0.3,0.7,tycoon,13,0.625,0.875,14,2,0.7,0,0,1,2,0.3333333333333333,0.5724553288711268,-0.6250000003507674,-0.5724553288711268,-0.7149702192474179,1.2551616103038814,0.0,-0.3494292911224387,0.0,0.0,0.0,0.0694840032960734,0.0463226688640489,0.0022414194611636296,0.0022414194611636296
7,117,9,gb,2,3,3,4,0.3,0.7,tycoon,13,0.625,0.875,15,1,0.3,1,1,1,2,0.3333333333333333,0.33333333333333326,0.9999999999999997,0.6666666666666667,0.44444444444444453,0.5877866649021192,0.6730116670092565,-0.09878147980916858,0.06714394951790816,0.0,-1.1102230246251565e-16,0.061718515715585065,0.04166666666666663,0.10000000000000003,0.10224141946116366
7,117,9,gb,2,3,3,4,0.3,0.7,tycoon,13,0.625,0.875,16,1,0.3,0,0,1,2,0.3333333333333333,0.39999999999999997,-0.25000000000000017,-0.39999999999999997,-0.6000000000000001,0.9162907318741553,0.0,-0.29705541768766525,0.0,0.0,0.0,0.024582240539193556,0.01666666666666672,0.2,0.20224141946116364
7,117,9,gb,2,3,3,4,0.3,0.7,tycoon,13,0.625,0.875,17,1,0.3,1,0,1,2,0.3333333333333333,0.3,0.9999999937195446,0.7,0.4666666666666667,0.6286086594223742,0.6615632381579821,-0.2040059070058956,0.06231225300813881,0.0,0.0,0.037168175321615315,0.02517361111111116,0.14583333333333331,0.14807475279449694
7,117,9,gb,2,3,3,4,0.3,0.7,tycoon,13,0.625,0.875,18,1,0.3,1,0,1,2,0.3333333333333333,0.3541666666666667,0.7500000004820603,0.6458333333333333,0.4305555555555556,0.5630940523117476,0.6785008770139087,-0.15713508424224704,0.05316704774777181,0.0,1.1102230246251565e-16,0.05299675848597041,0.03585946573751453,0.09059233449477344,0.09283375395593707
7,117,9,gb,2,3,3,4,0.3,0.7,tycoon,13,0.625,0.875,19,1,0.3,1,1,1,2,0.3333333333333333,0.40940766550522656,0.6000000032547178,0.5905923344947734,0.39372822299651555,0.5004269165450919,0.6881771822372582,-0.15234512269821177,0.04329848222372057,0.011443039131468491,0.008301404853129024,0.07146372053734817,0.04831178160919547,0.037356321839080386,0.039597741300244016
7,117,9,gb,2,3,3,4,0.3,0.7,tycoon,13,0.625,0.875,20,1,0.3,0,0,1,2,0.3333333333333333,0.4626436781609196,-0.499999998322114,-0.4626436781609196,-0.6417624521072798,1.0265589710280523,0.0,-0.23700120278132994,0.0,0.0,0.0,0.035287973304660714,0.02394657357892649,0.12507427213309563,0.12731569159425926
8,88,7,bg,1,2,4,3,0.3,0.7,tycoon,15,0.375,0.875,1,1,0.3,0,0,4,2,0.3333333333333333,0.5,NaN,-0.5,-0.6666666666666667,1.09861228866811,0.0,-0.19314718051535068,0.0,0.0,0.0,0.04166666666666652,0.02777777777777768,0.16666666666666674,0.16666666666666674
8,88,7,bg,1,2,4,3,0.3,0.7,tycoon,15,0.375,0.875,2,2,0.7,1,1,4,2,0.3333333333333333,0.5,NaN,0.5,0.33333333333333326,0.4054651081081643,0.6931471805599453,-0.042791644191678,0.05378194606599747,0.0,0.0,0.08333333333333348,0.05555555555555547,0.08333333333333326,0.08333333333333326
8,88,7,bg,1,2,4,3,0.3,0.7,tycoon,15,0.375,0.875,3,2,0.7,1,1,4,2,0.3333333333333333,0.5833333333333333,1.505215796449022e-8,0.41666666666666674,0.2777777777777778,0.325422400434628,0.6901856760188042,-0.14872947946598028,0.0379367811238048,1.1102230246251565e-16,0.0,0.05288461538461542,0.03525641025641024,0.15384615384615385,0.15384615384615385
8,88,7,bg,1,2,4,3,0.3,0.7,tycoon,15,0.375,0.875,4,2,0.7,1,0,4,2,0.3333333333333333,0.6538461538461539,1.505215796449022e-8,0.34615384615384615,0.23076923076923073,0.262364264467491,0.6842317651303003,-0.2844497338353375,0.025781336264415255,0.0,1.1102230246251565e-16,0.032500000000000084,0.021666666666666723,0.20999999999999996,0.20999999999999996
8,88,7,bg,1,2,4,3,0.3,0.7,tycoon,15,0.375,0.875,5,2,0.7,1,1,4,2,0.3333333333333333,0.71,1.505215796449022e-8,0.29000000000000004,0.19333333333333325,0.21484474849951454,0.6780102022798757,-0.42625540231422954,0.017393591340592707,1.1102230246251565e-16,1.1102230246251565e-16,0.01962809917355368,0.013085399449035973,0.2534435261707988,0.2534435261707988
8,88,7,bg,1,2,4,3,0.3,0.7,tycoon,15,0.375,0.875,6,2,0.7,1,0,4,2,0.3333333333333333,0.7534435261707988,1.505215796449022e-8,0.2465564738292012,0.1643709825528007,0.1795705234220647,0.6725635843867589,-0.5618791256690523,0.011912734212403908,-2.220446049250313e-16,0.0,0.011773940345368827,0.00784929356357933,0.2868916797488228,0.2868916797488228
8,88,7,bg,1,2,4,3,0.3,0.7,tycoon,15,0.375,0.875,7,2,0.7,0,0,4,2,0.3333333333333333,0.7868916797488228,-0.999999984947842,-0.7868916797488228,-0.8579277864992152,1.9514198048662839,0.0,-0.22325417073184653,0.0,0.0,0.0,0.04022790055248604,0.026818600368323953,0.12983425414364647,0.12983425414364647
8,88,7,bg,1,2,4,3,0.3,0.7,tycoon,15,0.375,0.875,8,2,0.7,1,0,4,2,0.3333333333333333,0.6298342541436465,0.2499999999460495,0.37016574585635353,0.24677716390423576,0.28339416389113375,0.6865299089505598,-0.30920087703841675,0.017446775436758433,0.0,1.1102230246251565e-16,0.026784501494159008,0.01785633432943945,0.1685683238250476,0.1685683238250476
8,88,7,bg,1,2,4,3,0.3,0.7,tycoon,15,0.375,0.875,9,1,0.3,1,0,4,2,0.3333333333333333,0.33333333333333326,0.9999999999999997,0.6666666666666667,0.44444444444444453,0.5877866649021192,0.6730116670092565,-0.09878147980916858,0.06714394951790816,0.0,-1.1102230246251565e-16,0.019430788229495732,0.04166666666666663,0.10000000000000003,0.26856832382504764
8,88,7,bg,1,2,4,3,0.3,0.7,tycoon,15,0.375,0.875,10,2,0.7,1,0,4,2,0.3333333333333333,0.6685683238250476,0.21428571422552145,0.3314316761749524,0.22095445078330167,0.24968576342578275,0.6827064730455019,-0.39571066482832595,0.012973104587098216,2.220446049250313e-16,0.0,0.017687144019527867,0.011791429346351912,0.20073230268510978,0.20073230268510978
8,88,7,bg,1,2,4,3,0.3,0.7,tycoon,15,0.375,0.875,11,2,0.7,1,0,4,2,0.3333333333333333,0.7007323026851098,0.18749999560995112,0.2992676973148902,0.19951179820992682,0.22253348520479543,0.6791076299320256,-0.4791391417344009,0.00984175385178182,-1.1102230246251565e-16,0.0,0.011631613964404819,0.007754409309603361,0.2275499454804193,0.2275499454804193
8,88,7,bg,1,2,4,3,0.3,0.7,tycoon,15,0.375,0.875,12,2,0.7,1,1,4,2,0.3333333333333333,0.7275499454804193,0.16666666576379163,0.2724500545195807,0.18163336967972044,0.20044483946697284,0.6758665393660739,-0.5580527251703005,0.007640859362410435,1.1102230246251565e-16,1.1102230246251565e-16,0.00763730493891257,0.0050915366259418615,0.25010350564199846,0.25010350564199846
8,88,7,bg,1,2,4,3,0.3,0.7,tycoon,15,0.375,0.875,13,2,0.7,1,1,4,2,0.3333333333333333,0.7501035056419985,0.150000003887101,0.24989649435800154,0.1665976629053343,0.18223875570846026,0.6729982360996121,-0.6321463133369446,0.006070404564555654,0.0,1.1102230246251565e-16,0.005014107447041116,0.003342738298027337,0.2692689835342672,0.2692689835342672
8,88,7,bg,1,2,4,3,0.3,0.7,tycoon,15,0.375,0.875,14,1,0.3,1,0,4,2,0.3333333333333333,0.39999999999999997,0.7499999999999998,0.6000000000000001,0.3999999999999999,0.5108256237659905,0.6869615765973234,-0.06641254138672092,0.05538446170840036,0.0,0.014814814814814836,0.010481130474631173,0.05833333333333335,0.033333333333333326,0.30260231686760053
8,88,7,bg,1,2,4,3,0.3,0.7,tycoon,15,0.375,0.875,15,2,0.7,1,1,4,2,0.3333333333333333,0.7692689835342672,0.1363636364214903,0.2307310164657328,0.1538206776438218,0.16702397687729043,0.6704725392173686,-0.7016137230328472,0.004926175002460287,-1.1102230246251565e-16,-1.1102230246251565e-16,0.0032940647694743586,0.0021960431796494984,0.2857282641187262,0.2857282641187262
8,88,7,bg,1,2,4,3,0.3,0.7,tycoon,15,0.375,0.875,16,2,0.7,1,0,4,2,0.3333333333333333,0.7857282641187262,0.1250000001585444,0.2142717358812738,0.14284782392084905,0.1541398077940163,0.6682465666383716,-0.7668290417988822,0.004073210125951854,2.220446049250313e-16,1.1102230246251565e-16,0.0021662338784649293,0.0014441559189766195,0.3000050735879325,0.3000050735879325
8,88,7,bg,1,2,4,3,0.3,0.7,tycoon,15,0.375,0.875,17,1,0.3,0,0,4,2,0.3333333333333333,0.4666666666666667,-0.49999999847640864,-0.4666666666666667,-0.6444444444444445,1.0340737675305387,0.0,-0.2040059070058956,0.0,0.0,0.0,0.0012705417857001855,0.02517361111111116,0.14583333333333331,0.4458384069212658
8,88,7,bg,1,2,4,3,0.3,0.7,tycoon,15,0.375,0.875,18,2,0.7,0,0,4,2,0.3333333333333333,0.8000050735879325,-0.8846153839829741,-0.8000050735879325,-0.8666700490586217,2.014928388803699,0.0,-0.5970713470520577,0.0,0.0,0.0,0.00697701594164557,0.004651343961096899,0.21877378304676132,0.21877378304676132
8,88,7,bg,1,2,4,3,0.3,0.7,tycoon,15,0.375,0.875,19,2,0.7,1,1,4,2,0.3333333333333333,0.7187737830467613,0.21428571820362974,0.2812262169532387,0.18748414463549257,0.20761985067386748,0.676948829855855,-0.6520146989761941,0.005390576371988254,0.0,0.0,0.004829660913112099,0.003219773942074733,0.2353033006654015,0.2353033006654015
8,88,7,bg,1,2,4,3,0.3,0.7,tycoon,15,0.375,0.875,20,1,0.3,0,0,4,2,0.3333333333333333,0.3541666666666667,-0.24999999951793975,-0.3541666666666667,-0.5694444444444444,0.842678914530909,0.0,-0.37092869552988855,0.0,0.0,0.0,0.0008822362818540208,0.011040706605222828,0.21889400921658986,0.45419730988199136
9,66,5,bg,2,2,4,4,0.3,0.7,tycoon,15,0.5,1.0,1,2,0.7,0,0,4,2,0.3333333333333333,0.5,NaN,-0.5,-0.6666666666666667,1.09861228866811,0.0,-0.19314718051535068,0.0,0.0,0.0,0.04166666666666652,0.02777777777777768,0.16666666666666674,0.16666666666666674
9,66,5,bg,2,2,4,4,0.3,0.7,tycoon,15,0.5,1.0,2,1,0.3,0,0,4,2,0.3333333333333333,0.5,NaN,-0.5,-0.6666666666666667,1.09861228866811,0.0,-0.19314718051535068,0.0,0.0,0.0,0.04166666666666652,0.02777777777777768,0.16666666666666674,0.16666666666666674
9,66,5,bg,2,2,4,4,0.3,0.7,tycoon,15,0.5,1.0,3,1,0.3,0,0,4,2,0.3333333333333333,0.33333333333333326,-3.324562949461316e-16,-0.33333333333333326,-0.5555555555555555,0.8109302162163285,0.0,-0.43194562200258524,0.0,0.0,0.0,0.015625,0.010416666666666519,0.25,0.25
9,66,5,bg,2,2,4,4,0.3,0.7,tycoon,15,0.5,1.0,4,2,0.7,1,0,4,2,0.3333333333333333,0.33333333333333326,0.9999999999999997,0.6666666666666667,0.44444444444444453,0.5877866649021192,0.6730116670092565,-0.09878147980916858,0.06714394951790816,0.0,0.0,0.0625,0.04166666666666663,0.10000000000000003,0.10000000000000003
9,66,5,bg,2,2,4,4,0.3,0.7,tycoon,15,0.5,1.0,5,2,0.7,1,1,4,2,0.3333333333333333,0.39999999999999997,0.7499999999999998,0.6000000000000001,0.3999999999999999,0.5108256237659905,0.6869615765973234,-0.06641254138672092,0.05538446170840036,0.022222222222222254,0.014814814814814836,0.08750000000000002,0.05833333333333324,0.033333333333333326,0.033333333333333326
9,66,5,bg,2,2,4,4,0.3,0.7,tycoon,15,0.5,1.0,6,2,0.7,1,0,4,2,0.3333333333333333,0.4666666666666667,0.5000000015235914,0.5333333333333333,0.3555555555555555,0.43936665978384565,0.6925525323607233,-0.08739425626637266,0.043140311410130014,0.01724137931034475,0.011494252873563204,0.08620689655172409,0.05747126436781613,0.028735632183908066,0.028735632183908066
9,66,5,bg,2,2,4,4,0.3,0.7,tycoon,15,0.5,1.0,7,2,0.7,0,0,4,2,0.3333333333333333,0.5287356321839081,-0.6250000005673243,-0.5287356321839081,-0.685823754789272,1.1578011600584404,0.0,-0.15713508424224704,0.0,0.0,0.0,0.05378919860627174,0.03585946573751453,0.09059233449477344,0.09059233449477344
9,66,5,bg,2,2,4,4,0.3,0.7,tycoon,15,0.5,1.0,8,2,0.7,1,1,4,2,0.3333333333333333,0.40940766550522656,0.6000000032547178,0.5905923344947734,0.39372822299651555,0.5004269165450919,0.6881771822372582,-0.15234512269821177,0.04329848222372057,0.01245210727969348,0.008301404853128913,0.07246767241379315,0.04831178160919547,0.037356321839080386,0.037356321839080386
9,66,5,bg,2,2,4,4,0.3,0.7,tycoon,15,0.5,1.0,9,1,0.3,1,1,4,2,0.3333333333333333,0.25,0.9999999999999997,0.75,0.5,0.6931471805599454,0.636514168294813,-0.29705541768766525,0.06921054690467382,0.0,0.0,0.025000000000000022,0.01666666666666672,0.2,0.2
9,66,5,bg,2,2,4,4,0.3,0.7,tycoon,15,0.5,1.0,10,2,0.7,1,1,4,2,0.3333333333333333,0.4626436781609196,0.500000001677886,0.5373563218390804,0.3582375478927202,0.44353705605757215,0.6923940398076736,-0.17975900900527386,0.034072908183395534,0.019402985074626677,0.012935323383084563,0.08126036484245436,0.05417357656163635,0.011608623548922115,0.011608623548922115
9,66,5,bg,2,2,4,4,0.3,0.7,tycoon,15,0.5,1.0,11,2,0.7,1,1,2,2,0.3333333333333333,0.5116086235489221,0.4285714261887835,0.4883913764510779,0.32559425096738526,0.3939233476679928,0.6930813365993375,-0.22800730239285233,0.026290814189475376,0.0,0.0,0.0588601434426228,0.03924009562841524,0.05516393442622958,0.05516393442622958
9,66,5,bg,2,2,4,4,0.3,0.7,tycoon,15,0.5,1.0,12,2,0.7,1,0,1,2,0.3333333333333333,0.5551639344262296,0.3749999995025072,0.4448360655737704,0.2965573770491803,0.3517689651698778,0.6917799599357861,-0.2874591223088539,0.02017090234217428,0.0,0.0,0.04198335310692558,0.027988902071283683,0.0931336200504227,0.0931336200504227
9,66,5,bg,2,2,4,4,0.3,0.7,tycoon,15,0.5,1.0,13,2,0.7,1,0,3,2,0.3333333333333333,0.5931336200504227,0.33333333342038196,0.4068663799495773,0.27124425329971824,0.31641665565345756,0.6895133632202006,-0.3514285693112917,0.01556078354436291,1.1102230246251565e-16,-1.1102230246251565e-16,0.029628357753357704,0.019752238502238506,0.1259327092660426,0.1259327092660426
9,66,5,bg,2,2,4,4,0.3,0.7,tycoon,15,0.5,1.0,14,2,0.7,1,0,4,2,0.3333333333333333,0.6259327092660426,0.2999999994765503,0.3740672907339574,0.24937819382263826,0.28685334104138843,0.6868791467739987,-0.4159276158960932,0.012160998975677462,0.0,-1.1102230246251565e-16,0.020759811475086876,0.01383987431672451,0.1542284868187811,0.1542284868187811
9,66,5,bg,2,2,4,4,0.3,0.7,tycoon,15,0.5,1.0,15,2,0.7,1,0,3,2,0.3333333333333333,0.6542284868187811,0.27272727106815275,0.3457715131812189,0.23051434212081268,0.26203296411057186,0.6841932166414267,-0.47887894856023644,0.009665827785921732,-1.1102230246251565e-16,-1.1102230246251565e-16,0.014476193881852839,0.009650795921235189,0.17872522111711464,0.17872522111711464
9,66,5,bg,2,2,4,4,0.3,0.7,tycoon,15,0.5,1.0,16,2,0.7,1,1,2,2,0.3333333333333333,0.6787252211171146,0.2499999965745311,0.32127477888288536,0.21418318592192354,0.2410315746852271,0.68160752373213,-0.5393602861464555,0.007822486281443997,1.1102230246251565e-16,0.0,0.010061565148154483,0.0067077100987695815,0.20006088768897734,0.20006088768897734
9,66,5,bg,2,2,4,4,0.3,0.7,tycoon,15,0.5,1.0,17,2,0.7,0,0,1,2,0.3333333333333333,0.7000608876889773,-0.7692307708988069,-0.7000608876889773,-0.8000405917926515,1.6096408919963157,0.0,-0.4653108399541993,0.0,0.0,0.0,0.02240289279416341,0.014935261862775717,0.12519031265371405,0.12519031265371405
9,66,5,bg,2,2,4,4,0.3,0.7,tycoon,15,0.5,1.0,18,1,0.3,1,1,4,2,0.3333333333333333,0.3,0.9999999937195446,0.7,0.4666666666666667,0.6286086594223742,0.6615632381579821,-0.2040059070058956,0.06231225300813881,0.0,-1.1102230246251565e-16,0.013416152581103846,0.02517361111111105,0.14583333333333331,0.27102364598704737
9,66,5,bg,2,2,4,4,0.3,0.7,tycoon,15,0.5,1.0,19,2,0.7,1,0,3,2,0.3333333333333333,0.625190312653714,0.3214285715417623,0.37480968734628595,0.2498731248975239,0.2875129199555696,0.6869447908889729,-0.5159806516842601,0.00906169696846404,0.0,0.0,0.016283189597942282,0.010855459731961448,0.14713841797211025,0.14713841797211025
9,66,5,bg,2,2,4,4,0.3,0.7,tycoon,15,0.5,1.0,20,2,0.7,1,0,2,2,0.3333333333333333,0.6471384179721102,0.29999999939387045,0.35286158202788975,0.2352410546852599,0.26819459897508807,0.6848984405565889,-0.5650131568912712,0.007557540056747913,-1.1102230246251565e-16,1.1102230246251565e-16,0.01178855144616131,0.007859034297440948,0.1666994319058207,0.1666994319058207
10,107,8,bg,2,4,0,1,0.7,0.3,bandit,6,0.125,0.75,1,2,0.3,0,0,4,1,0.3333333333333333,0.5,NaN,-0.5,-0.33333333333333337,0.40546510810816444,0.6931471805599453,-0.04279164419167801,0.05378194606599736,0.0,0.0,0.08333333333333337,0.05555555555555547,0.08333333333333337,0.08333333333333337
10,107,8,bg,2,4,0,1,0.7,0.3,bandit,6,0.125,0.75,2,1,0.7,1,0,2,1,0.3333333333333333,0.5,NaN,0.5,0.6666666666666666,1.0986122886681096,0.0,-0.19314718051535087,0.0,0.0,0.0,0.04166666666666663,0.02777777777777779,0.16666666666666663,0.16666666666666663
10,107,8,bg,2,4,0,1,0.7,0.3,bandit,6,0.125,0.75,3,1,0.7,1,0,3,1,0.3333333333333333,0.6666666666666666,1.505215796449022e-8,0.33333333333333337,0.5555555555555555,0.8109302162163285,0.0,-0.4319456220025852,0.0,0.0,0.0,0.01562500000000011,0.01041666666666663,0.2499999999999999,0.2499999999999999
10,107,8,bg,2,4,0,1,0.7,0.3,bandit,6,0.125,0.75,4,2,0.3,0,0,4,1,0.3333333333333333,0.41666666666666663,-5.545009081338703e-16,-0.41666666666666663,-0.2777777777777778,0.325422400434628,0.6901856760188041,-0.14872947946598028,0.03793678112380475,1.1102230246251565e-16,0.0,0.009915865384615419,0.03525641025641035,0.15384615384615385,0.40384615384615374
10,107,8,bg,2,4,0,1,0.7,0.3,bandit,6,0.125,0.75,5,1,0.7,0,0,4,1,0.3333333333333333,0.7499999999999999,-0.999999984947842,-0.7499999999999999,-0.5,0.6931471805599453,0.636514168294813,-0.29705541768766514,0.06921054690467393,0.0,0.0,0.02499999999999991,0.016666666666666607,0.19999999999999996,0.19999999999999996
10,107,8,bg,2,4,0,1,0.7,0.3,bandit,6,0.125,0.75,6,1,0.7,0,1,4,1,0.3333333333333333,0.7,-0.999999984947842,-0.7,-0.4666666666666667,0.6286086594223742,0.6615632381579821,-0.20400590700589533,0.06231225300813903,0.0,1.1102230246251565e-16,0.03776041666666674,0.02517361111111105,0.14583333333333326,0.14583333333333326
10,107,8,bg,2,4,0,1,0.7,0.3,bandit,6,0.125,0.75,7,1,0.7,0,1,1,1,0.3333333333333333,0.6458333333333333,-0.7499999978409456,-0.6458333333333333,-0.43055555555555564,0.5630940523117476,0.6785008770139085,-0.1571350842422471,0.053167047747771534,-1.1102230246251565e-16,0.0,0.05378919860627185,0.03585946573751442,0.09059233449477355,0.09059233449477355
10,107,8,bg,2,4,0,1,0.7,0.3,bandit,6,0.125,0.75,8,2,0.3,0,1,1,1,0.3333333333333333,0.34615384615384615,-5.545009081338703e-16,-0.34615384615384615,-0.2307692307692308,0.2623642644674911,0.6842317651303003,-0.2844497338353375,0.0257813362644152,0.0,0.0,0.018512556346007125,0.021666666666666723,0.21000000000000002,0.30059233449477357
10,107,8,bg,2,4,0,1,0.7,0.3,bandit,6,0.125,0.75,9,1,0.7,0,0,2,1,0.3333333333333333,0.5905923344947736,-0.5999999972964525,-0.5905923344947736,-0.3937282229965158,0.5004269165450922,0.6881771822372582,-0.15234512269821188,0.04329848222372032,0.01245210727969337,0.008301404853128913,0.07246767241379304,0.04831178160919547,0.03735632183908055,0.03735632183908055
10,107,8,bg,2,4,0,1,0.7,0.3,bandit,6,0.125,0.75,10,2,0.3,0,0,2,1,0.3333333333333333,0.29,-5.545009081338703e-16,-0.29,-0.19333333333333338,0.21484474849951468,0.6780102022798757,-0.42625540231422954,0.017393591340592762,0.0,0.0,0.015281765790134516,0.013085399449035862,0.2534435261707989,0.29079984800987946
10,107,8,bg,2,4,0,1,0.7,0.3,bandit,6,0.125,0.75,11,1,0.7,1,0,1,1,0.3333333333333333,0.5373563218390806,0.5000000012511272,0.46264367816091945,0.6417624521072797,1.026558971028052,0.0,-0.2370012027813298,0.0,0.0,0.0,0.03591986036838957,0.023946573578926378,0.12507427213309563,0.12507427213309563
10,107,8,bg,2,4,0,1,0.7,0.3,bandit,6,0.125,0.75,12,1,0.7,1,0,2,1,0.3333333333333333,0.6250742721330956,0.35714285709345506,0.37492572786690437,0.5832838185779361,0.875349909001315,0.0,-0.34999996982775033,-2.220446049250313e-16,-1.1102230246251565e-16,0.0,0.01754099334600745,0.011693995564004966,0.1901140684410646,0.1901140684410646
10,107,8,bg,2,4,0,1,0.7,0.3,bandit,6,0.125,0.75,13,1,0.7,0,1,1,1,0.3333333333333333,0.6901140684410646,-0.7500000000353702,-0.6901140684410646,-0.4600760456273765,0.6163269745765039,0.6653365453438909,-0.3039203486812426,0.04777956620255053,0.0,-1.1102230246251565e-16,0.025258082586427477,0.016838721724285022,0.14820742637644047,0.14820742637644047
10,107,8,bg,2,4,0,1,0.7,0.3,bandit,6,0.125,0.75,14,2,0.3,0,1,4,1,0.3333333333333333,0.2465564738292011,-5.545009081338703e-16,-0.2465564738292011,-0.16437098255280075,0.17957052342206484,0.6725635843867588,-0.5618791256690523,0.011912734212403908,1.1102230246251565e-16,0.0,0.003504549810557478,0.00784929356357933,0.28689167974882257,0.43509910612526304
10,107,8,bg,2,4,0,1,0.7,0.3,bandit,6,0.125,0.75,15,1,0.7,0,0,1,1,0.3333333333333333,0.6482074263764405,-0.6666666668460243,-0.6482074263764405,-0.43213828425096035,0.5658773480900519,0.6779327786914044,-0.28659092438323247,0.04052767214023717,0.0,0.0,0.03476503781473128,0.02317669187648752,0.10691469372416385,0.10691469372416385
10,107,8,bg,2,4,0,1,0.7,0.3,bandit,6,0.125,0.75,16,2,0.3,0,1,4,1,0.3333333333333333,0.2131083202511774,-5.545009081338703e-16,-0.2131083202511774,-0.14207221350078494,0.1532353479555701,0.668087395200138,-0.6867749400135641,0.008393123717155504,0.0,-1.1102230246251565e-16,0.0027537938528221506,0.00470799024092694,0.312900274473925,0.41981496819808883
10,107,8,bg,2,4,0,1,0.7,0.3,bandit,6,0.125,0.75,17,1,0.7,1,0,1,1,0.3333333333333333,0.6069146937241638,0.4000000001104359,0.39308530627583615,0.5953902041838908,0.9048321434290967,0.0,-0.360692175399716,0.0,0.0,0.0,0.018403051693855588,0.012268701129236947,0.16480114312931637,0.16480114312931637
10,107,8,bg,2,4,0,1,0.7,0.3,bandit,6,0.125,0.75,18,2,0.3,0,0,4,1,0.3333333333333333,0.187099725526075,-5.545009081338703e-16,-0.187099725526075,-0.12473315035071669,0.13322646809098154,0.6644720212248263,-0.8003011606766882,0.006115744334489359,0.0,1.1102230246251565e-16,0.0007978811193138924,0.0028342366757001525,0.33346883468834687,0.49826997781766325
10,107,8,bg,2,4,0,1,0.7,0.3,bandit,6,0.125,0.75,19,1,0.7,1,0,3,1,0.3333333333333333,0.6648011431293164,0.3181818184993459,0.3351988568706836,0.5567992379137889,0.8137324240419425,0.0,-0.4482857932133263,-2.220446049250313e-16,0.0,0.0,0.009545754130843576,0.006363836087228902,0.2115797958087049,0.2115797958087049
10,107,8,bg,2,4,0,1,0.7,0.3,bandit,6,0.125,0.75,20,2,0.3,0,1,3,1,0.3333333333333333,0.1665311653116531,-5.545009081338703e-16,-0.1665311653116531,-0.11102077687443543,0.11768141480369711,0.6615437695984828,-0.9033679318738824,0.004608328505046,0.0,0.0,0.00022423166403007233,0.0017156115570912123,0.3500457270602581,0.5616255228689631
11,73,6,gb,2,2,1,1,0.7,0.3,bandit,6,0.25,0.5,1,2,0.3,0,0,4,1,0.3333333333333333,0.5,NaN,-0.5,-0.33333333333333337,0.40546510810816444,0.6931471805599453,-0.04279164419167801,0.05378194606599736,0.0,0.0,0.08333333333333337,0.05555555555555547,0.08333333333333337,0.08333333333333337
11,73,6,gb,2,2,1,1,0.7,0.3,bandit,6,0.25,0.5,2,1,0.7,1,0,1,1,0.3333333333333333,0.5,NaN,0.5,0.6666666666666666,1.0986122886681096,0.0,-0.19314718051535087,0.0,0.0,0.0,0.04166666666666663,0.02777777777777779,0.16666666666666663,0.16666666666666663
11,73,6,gb,2,2,1,1,0.7,0.3,bandit,6,0.25,0.5,3,1,0.7,0,1,1,1,0.3333333333333333,0.6666666666666666,-0.999999984947842,-0.6666666666666666,-0.44444444444444453,0.5877866649021192,0.6730116670092565,-0.09878147980916833,0.0671439495179084,1.1102230246251565e-16,1.1102230246251565e-16,0.0625,0.04166666666666663,0.09999999999999987,0.09999999999999987
11,73,6,gb,2,2,1,1,0.7,0.3,bandit,6,0.25,0.5,4,1,0.7,0,0,1,1,0.3333333333333333,0.5999999999999999,-0.7500000000000001,-0.5999999999999999,-0.39999999999999997,0.5108256237659905,0.6869615765973234,-0.06641254138672094,0.05538446170840032,0.022222222222222254,0.014814814814814836,0.08750000000000002,0.05833333333333335,0.033333333333333326,0.033333333333333326
11,73,6,gb,2,2,1,1,0.7,0.3,bandit,6,0.25,0.5,5,2,0.3,0,0,4,1,0.3333333333333333,0.41666666666666663,-5.545009081338703e-16,-0.41666666666666663,-0.2777777777777778,0.325422400434628,0.6901856760188041,-0.14872947946598028,0.03793678112380475,0.0,1.1102230246251565e-16,0.0444117751994334,0.03525641025641035,0.15384615384615385,0.18717948717948718
11,73,6,gb,2,2,1,1,0.7,0.3,bandit,6,0.25,0.5,6,1,0.7,0,1,4,1,0.3333333333333333,0.5333333333333333,-0.4999999990102087,-0.5333333333333333,-0.3555555555555556,0.4393666597838458,0.6925525323607233,-0.08739425626637275,0.04314031141012996,0.01724137931034475,0.011494252873563204,0.08620689655172409,0.05747126436781602,0.02873563218390801,0.02873563218390801
11,73,6,gb,2,2,1,1,0.7,0.3,bandit,6,0.25,0.5,7,2,0.3,0,0,4,1,0.3333333333333333,0.34615384615384615,-5.545009081338703e-16,-0.34615384615384615,-0.2307692307692308,0.2623642644674911,0.6842317651303003,-0.2844497338353375,0.0257813362644152,0.0,-1.1102230246251565e-16,0.03249999999999997,0.021666666666666723,0.21000000000000002,0.21000000000000002
11,73,6,gb,2,2,1,1,0.7,0.3,bandit,6,0.25,0.5,8,1,0.7,1,0,1,1,0.3333333333333333,0.471264367816092,0.6249999949751466,0.5287356321839081,0.6858237547892719,1.15780116005844,0.0,-0.1571350842422471,0.0,0.0,0.0,0.05378919860627185,0.03585946573751453,0.09059233449477355,0.09059233449477355
11,73,6,gb,2,2,1,1,0.7,0.3,bandit,6,0.25,0.5,9,2,0.3,0,1,1,1,0.3333333333333333,0.29,-5.545009081338703e-16,-0.29,-0.19333333333333338,0.21484474849951468,0.6780102022798757,-0.42625540231422954,0.017393591340592762,0.0,0.0,0.010430106456575383,0.013085399449035862,0.2534435261707989,0.34403586066557246
11,73,6,gb,2,2,1,1,0.7,0.3,bandit,6,0.25,0.5,10,1,0.7,1,0,1,1,0.3333333333333333,0.5905923344947736,0.4000000027035475,0.40940766550522645,0.6062717770034842,0.9320943970472803,0.0,-0.28542769031337323,0.0,0.0,0.0,0.025027654867256444,0.01668510324483763,0.17256637168141586,0.17256637168141586
11,73,6,gb,2,2,1,1,0.7,0.3,bandit,6,0.25,0.5,11,1,0.7,0,0,4,1,0.3333333333333333,0.6725663716814159,-0.7500000000027015,-0.6725663716814159,-0.44837758112094395,0.5948914905258637,0.67123888203318,-0.2370012027813298,0.05044154348753849,-1.1102230246251565e-16,-1.1102230246251565e-16,0.03591986036838957,0.023946573578926378,0.12507427213309563,0.12507427213309563
11,73,6,gb,2,2,1,1,0.7,0.3,bandit,6,0.25,0.5,12,2,0.3,1,0,1,1,0.3333333333333333,0.2465564738292011,0.9999999999999994,0.7534435261707989,0.8356290174471992,1.8056293170922053,0.0,-0.145217675089551,0.0,0.0,0.0,0.02668208123437832,0.03970470869912224,0.08339984038308051,0.20847411251617615
11,73,6,gb,2,2,1,1,0.7,0.3,bandit,6,0.25,0.5,13,1,0.7,0,1,4,1,0.3333333333333333,0.6250742721330956,-0.6428571429065449,-0.6250742721330956,-0.41671618142206385,0.5390813867732288,0.6828941449085093,-0.2228608825806698,0.04211572422065937,-2.220446049250313e-16,0.0,0.04905029711375197,0.0327001980758348,0.07860780984719873,0.07860780984719873
11,73,6,gb,2,2,1,1,0.7,0.3,bandit,6,0.25,0.5,14,2,0.3,0,1,4,1,0.3333333333333333,0.4166001596169195,-0.30000000098701385,-0.4166001596169195,-0.277733439744613,0.3253610111961422,0.6901813069103601,-0.22325417073184692,0.023753989707684525,0.0,0.0,0.023449241567781387,0.026818600368324175,0.1298342541436464,0.20844206399084514
11,73,6,gb,2,2,1,1,0.7,0.3,bandit,6,0.25,0.5,15,1,0.7,1,0,1,1,0.3333333333333333,0.5786078098471987,0.43750000000500944,0.42139219015280127,0.6142614601018674,0.9525954968045901,0.0,-0.3039203486812426,0.0,0.0,0.0,0.025258082586427477,0.01683872172428491,0.14820742637644047,0.14820742637644047
11,73,6,gb,2,2,1,1,0.7,0.3,bandit,6,0.25,0.5,16,2,0.3,0,0,4,1,0.3333333333333333,0.3701657458563536,-0.2500000013594461,-0.3701657458563536,-0.24677716390423582,0.28339416389113375,0.6865299089505599,-0.3092008770384171,0.017446775436758266,0.0,0.0,0.007995562455611505,0.01785633432943956,0.1685683238250475,0.31677575020148796
11,73,6,gb,2,2,1,1,0.7,0.3,bandit,6,0.25,0.5,17,1,0.7,0,1,4,1,0.3333333333333333,0.6482074263764405,-0.6666666668460243,-0.6482074263764405,-0.43213828425096035,0.5658773480900519,0.6779327786914044,-0.28659092438323247,0.04052767214023717,0.0,0.0,0.03476503781473128,0.02317669187648752,0.10691469372416385,0.10691469372416385
11,73,6,gb,2,2,1,1,0.7,0.3,bandit,6,0.25,0.5,18,1,0.7,1,0,1,1,0.3333333333333333,0.6069146937241638,0.4000000001104359,0.39308530627583615,0.5953902041838908,0.9048321434290967,0.0,-0.360692175399716,0.0,0.0,0.0,0.018403051693855588,0.012268701129237058,0.16480114312931637,0.16480114312931637
11,73,6,gb,2,2,1,1,0.7,0.3,bandit,6,0.25,0.5,19,1,0.7,0,1,4,1,0.3333333333333333,0.6648011431293164,-0.6818181815006541,-0.6648011431293164,-0.443200762086211,0.5855505386521797,0.6735513215030678,-0.3428576367419082,0.038842448820063824,-1.1102230246251565e-16,0.0,0.025453278710436122,0.016968852473624008,0.12756629597946967,0.12756629597946967
11,73,6,gb,2,2,1,1,0.7,0.3,bandit,6,0.25,0.5,20,1,0.7,0,0,4,1,0.3333333333333333,0.6275662959794697,-0.625000000176677,-0.6275662959794697,-0.41837753065297983,0.5419337198312686,0.6824187758356169,-0.345207685734061,0.032583076770349884,0.0,0.0,0.033863231298770335,0.022575487532513594,0.09182089308330266,0.09182089308330266
12,79,6,bg,4,3,4,3,0.7,0.3,bandit,4,0.875,0.875,1,1,0.7,1,0,3,1,0.3333333333333333,0.5,NaN,0.5,0.6666666666666666,1.0986122886681096,0.0,-0.19314718051535087,0.0,0.0,0.0,0.04166666666666663,0.02777777777777779,0.16666666666666663,0.16666666666666663
12,79,6,bg,4,3,4,3,0.7,0.3,bandit,4,0.875,0.875,2,2,0.3,0,0,4,1,0.3333333333333333,0.5,NaN,-0.5,-0.33333333333333337,0.40546510810816444,0.6931471805599453,-0.04279164419167801,0.05378194606599736,0.0,-1.1102230246251565e-16,0.033950621592853336,0.05555555555555536,0.08333333333333337,0.25
12,79,6,bg,4,3,4,3,0.7,0.3,bandit,4,0.875,0.875,3,1,0.7,0,0,3,1,0.3333333333333333,0.6666666666666666,-0.999999984947842,-0.6666666666666666,-0.44444444444444453,0.5877866649021192,0.6730116670092565,-0.09878147980916833,0.0671439495179084,1.1102230246251565e-16,1.1102230246251565e-16,0.0625,0.04166666666666663,0.09999999999999987,0.09999999999999987
12,79,6,bg,4,3,4,3,0.7,0.3,bandit,4,0.875,0.875,4,1,0.7,0,1,2,1,0.3333333333333333,0.5999999999999999,-0.7500000000000001,-0.5999999999999999,-0.39999999999999997,0.5108256237659905,0.6869615765973234,-0.06641254138672094,0.05538446170840032,0.022222222222222254,0.014814814814814836,0.08750000000000002,0.05833333333333335,0.033333333333333326,0.033333333333333326
12,79,6,bg,4,3,4,3,0.7,0.3,bandit,4,0.875,0.875,5,2,0.3,0,0,1,1,0.3333333333333333,0.41666666666666663,-5.545009081338703e-16,-0.41666666666666663,-0.2777777777777778,0.325422400434628,0.6901856760188041,-0.14872947946598028,0.03793678112380475,0.0,1.1102230246251565e-16,0.0444117751994334,0.03525641025641035,0.15384615384615385,0.18717948717948718
12,79,6,bg,4,3,4,3,0.7,0.3,bandit,4,0.875,0.875,6,1,0.7,0,0,4,1,0.3333333333333333,0.5333333333333333,-0.4999999990102087,-0.5333333333333333,-0.3555555555555556,0.4393666597838458,0.6925525323607233,-0.08739425626637275,0.04314031141012996,0.01724137931034475,0.011494252873563204,0.08620689655172409,0.05747126436781602,0.02873563218390801,0.02873563218390801
12,79,6,bg,4,3,4,3,0.7,0.3,bandit,4,0.875,0.875,7,1,0.7,0,0,3,1,0.3333333333333333,0.471264367816092,-0.37500000502485337,-0.471264367816092,-0.31417624521072807,0.37713460148193856,0.6927570046594116,-0.145217675089551,0.03231445903788896,0.0,1.1102230246251565e-16,0.059557063048683245,0.039704708699122127,0.08339984038308051,0.08339984038308051
12,79,6,bg,4,3,4,3,0.7,0.3,bandit,4,0.875,0.875,8,1,0.7,1,0,3,1,0.3333333333333333,0.4166001596169195,0.6999999990129862,0.5833998403830805,0.722266560255387,1.2810934751215937,0.0,-0.15234512269821188,0.0,0.0,0.0,0.07246767241379304,0.04831178160919547,0.03735632183908055,0.03735632183908055
12,79,6,bg,4,3,4,3,0.7,0.3,bandit,4,0.875,0.875,9,1,0.7,1,0,3,1,0.3333333333333333,0.5373563218390806,0.5000000012511272,0.46264367816091945,0.6417624521072797,1.026558971028052,0.0,-0.2370012027813298,0.0,0.0,0.0,0.03591986036838957,0.023946573578926378,0.12507427213309563,0.12507427213309563
12,79,6,bg,4,3,4,3,0.7,0.3,bandit,4,0.875,0.875,10,1,0.7,0,0,3,1,0.3333333333333333,0.6250742721330956,-0.6428571429065449,-0.6250742721330956,-0.41671618142206385,0.5390813867732288,0.6828941449085093,-0.2228608825806698,0.04211572422065937,-2.220446049250313e-16,0.0,0.04905029711375197,0.032700198075834686,0.07860780984719873,0.07860780984719873
12,79,6,bg,4,3,4,3,0.7,0.3,bandit,4,0.875,0.875,11,2,0.3,0,1,4,1,0.3333333333333333,0.34615384615384615,-5.545009081338703e-16,-0.34615384615384615,-0.2307692307692308,0.2623642644674911,0.6842317651303003,-0.2844497338353375,0.0257813362644152,0.0,0.0,0.020045935011434923,0.021666666666666723,0.21000000000000002,0.28860780984719875
12,79,6,bg,4,3,4,3,0.7,0.3,bandit,4,0.875,0.875,12,1,0.7,0,1,4,1,0.3333333333333333,0.5786078098471987,-0.5624999999949906,-0.5786078098471987,-0.38573853989813256,0.48733461069039213,0.6895034991417228,-0.23609603900380247,0.03414268066623968,0.007755833626480468,0.005170555750987016,0.0639911239258254,0.04266074928388364,0.034901251319161775,0.034901251319161775
12,79,6,bg,4,3,4,3,0.7,0.3,bandit,4,0.875,0.875,13,1,0.7,0,1,3,1,0.3333333333333333,0.5349012513191618,-0.4999999984995474,-0.5349012513191618,-0.35660083421277455,0.44098996074748675,0.692493142237828,-0.26836275621598926,0.027180458416647624,0.018081699601655843,0.012054466401103747,0.0751776927282668,0.050118461818844384,0.0050118461818845494,0.0050118461818845494
12,79,6,bg,4,3,4,3,0.7,0.3,bandit,4,0.875,0.875,14,2,0.3,0,0,2,1,0.3333333333333333,0.29,-5.545009081338703e-16,-0.29,-0.19333333333333338,0.21484474849951468,0.6780102022798757,-0.42625540231422954,0.017393591340592762,0.0,0.0,0.01962809917355368,0.013085399449035862,0.2534435261707989,0.2534435261707989
12,79,6,bg,4,3,4,3,0.7,0.3,bandit,4,0.875,0.875,15,1,0.7,0,1,3,1,0.3333333333333333,0.49498815381811545,-0.4500000039841043,-0.49498815381811545,-0.3299921025454104,0.4004657794209383,0.6931347461577707,-0.31212799067102276,0.021486506368508185,0.0,1.1102230246251565e-16,0.0563224488586036,0.037548299239069105,0.04076316285038739,0.04076316285038739
12,79,6,bg,4,3,4,3,0.7,0.3,bandit,4,0.875,0.875,16,2,0.3,0,0,4,1,0.3333333333333333,0.2465564738292011,-5.545009081338703e-16,-0.2465564738292011,-0.16437098255280075,0.17957052342206484,0.6725635843867588,-0.5618791256690523,0.011912734212403908,0.0,-1.1102230246251565e-16,0.011773940345368938,0.00784929356357933,0.28689167974882257,0.28689167974882257
12,79,6,bg,4,3,4,3,0.7,0.3,bandit,4,0.875,0.875,17,1,0.7,0,1,3,1,0.3333333333333333,0.4592368371496126,-0.40909091252703417,-0.4592368371496126,-0.30615789143307515,0.36551085362905317,0.6923799727450064,-0.3617442312125437,0.017025047837387397,0.0,-1.1102230246251565e-16,0.04173531162447397,0.027823541082982572,0.07245532887112682,0.07245532887112682
12,79,6,bg,4,3,4,3,0.7,0.3,bandit,4,0.875,0.875,18,2,0.3,0,0,3,1,0.3333333333333333,0.2131083202511774,-5.545009081338703e-16,-0.2131083202511774,-0.14207221350078494,0.1532353479555701,0.668087395200138,-0.6867749400135641,0.008393123717155504,0.0,0.0,0.007061985361390688,0.004707990240927162,0.312900274473925,0.312900274473925
12,79,6,bg,4,3,4,3,0.7,0.3,bandit,4,0.875,0.875,19,1,0.7,1,0,3,1,0.3333333333333333,0.4275446711288732,0.6249999947490286,0.5724553288711268,0.7149702192474179,1.2551616103038814,0.0,-0.3494292911224392,0.0,0.0,0.0,0.0694840032960733,0.0463226688640489,0.002241419461163685,0.002241419461163685
12,79,6,bg,4,3,4,3,0.7,0.3,bandit,4,0.875,0.875,20,1,0.7,0,1,3,1,0.3333333333333333,0.4977585805388363,-0.4615384629873663,-0.4977585805388363,-0.3318390536925576,0.40322619688029854,0.6931446798003172,-0.38937199865855265,0.017818854238422,0.0,0.0,0.053450577851278935,0.03563371856751929,0.03229831565730473,0.03229831565730473
13,79,6,gb,3,3,4,3,0.3,0.7,tycoon,14,0.75,0.875,1,1,0.3,1,0,3,2,0.3333333333333333,0.5,NaN,0.5,0.33333333333333326,0.4054651081081643,0.6931471805599453,-0.042791644191678,0.05378194606599747,0.0,-1.1102230246251565e-16,0.08333333333333348,0.05555555555555547,0.08333333333333326,0.08333333333333326
13,79,6,gb,3,3,4,3,0.3,0.7,tycoon,14,0.75,0.875,2,2,0.7,1,1,3,2,0.3333333333333333,0.5,NaN,0.5,0.33333333333333326,0.4054651081081643,0.6931471805599453,-0.042791644191678,0.05378194606599747,0.04166666666666674,1.1102230246251565e-16,0.11815201177425982,0.05555555555555547,0.08333333333333326,0.0
13,79,6,gb,3,3,4,3,0.3,0.7,tycoon,14,0.75,0.875,3,1,0.3,1,0,3,2,0.3333333333333333,0.5833333333333333,1.505215796449022e-8,0.41666666666666674,0.2777777777777778,0.325422400434628,0.6901856760188042,-0.14872947946598028,0.0379367811238048,1.1102230246251565e-16,0.0,0.07870741894476108,0.03525641025641035,0.15384615384615385,0.0705128205128206
13,79,6,gb,3,3,4,3,0.3,0.7,tycoon,14,0.75,0.875,4,1,0.3,1,1,3,2,0.3333333333333333,0.6538461538461539,1.505215796449022e-8,0.34615384615384615,0.23076923076923073,0.262364264467491,0.6842317651303003,-0.2844497338353375,0.025781336264415255,0.0,0.0,0.051144070332086344,0.021666666666666612,0.20999999999999996,0.1266666666666667
13,79,6,gb,3,3,4,3,0.3,0.7,tycoon,14,0.75,0.875,5,2,0.7,1,0,3,2,0.3333333333333333,0.5833333333333333,1.505215796449022e-8,0.41666666666666674,0.2777777777777778,0.325422400434628,0.6901856760188042,-0.14872947946598028,0.0379367811238048,0.002307692307692344,1.1102230246251565e-16,0.07662222209623404,0.03525641025641024,0.15384615384615385,0.05615384615384611
13,79,6,gb,3,3,4,3,0.3,0.7,tycoon,14,0.75,0.875,6,2,0.7,0,0,1,2,0.3333333333333333,0.6538461538461539,-0.999999984947842,-0.6538461538461539,-0.7692307692307693,1.4663370687934272,0.0,-0.06641254138672092,0.0,0.0,0.0,0.0199472802997136,0.05833333333333335,0.033333333333333326,0.2433333333333333
13,79,6,gb,3,3,4,3,0.3,0.7,tycoon,14,0.75,0.875,7,2,0.7,1,0,4,2,0.3333333333333333,0.4666666666666667,0.5000000015235914,0.5333333333333333,0.3555555555555555,0.43936665978384565,0.6925525323607233,-0.08739425626637266,0.043140311410130014,0.0,0.011494252873563204,0.028088365635500878,0.05747126436781602,0.028735632183908066,0.1812643678160919
13,79,6,gb,3,3,4,3,0.3,0.7,tycoon,14,0.75,0.875,8,1,0.3,0,0,4,2,0.3333333333333333,0.71,-0.999999984947842,-0.71,-0.8066666666666668,1.6433394641097823,0.0,-0.08739425626637266,0.0,0.0,0.0,0.09929157528035493,0.05747126436781602,0.028735632183908066,0.0
13,79,6,gb,3,3,4,3,0.3,0.7,tycoon,14,0.75,0.875,9,1,0.3,1,1,3,2,0.3333333333333333,0.5287356321839081,0.3749999994326757,0.47126436781609193,0.31417624521072796,0.3771346014819384,0.6927570046594116,-0.14521767508955086,0.03231445903788896,0.0,0.0,0.06987361089175004,0.039704708699122016,0.08339984038308068,0.054664208199172615
13,79,6,gb,3,3,4,3,0.3,0.7,tycoon,14,0.75,0.875,10,2,0.7,1,0,1,2,0.3333333333333333,0.5287356321839081,0.3749999994326757,0.47126436781609193,0.31417624521072796,0.3771346014819384,0.6927570046594116,-0.14521767508955086,0.03231445903788896,0.02656863750462568,0.0,0.09277087048181043,0.039704708699122127,0.08339984038308068,0.0
13,79,6,gb,3,3,4,3,0.3,0.7,tycoon,14,0.75,0.875,11,1,0.3,0,0,1,2,0.3333333333333333,0.5833998403830807,-0.6999999990174539,-0.5833998403830807,-0.7222665602553873,1.2810934751215948,0.0,-0.15234512269821177,0.0,0.0,0.0,0.04051807632557691,0.04831178160919536,0.037356321839080386,0.12075616222216107
13,79,6,gb,3,3,4,3,0.3,0.7,tycoon,14,0.75,0.875,12,2,0.7,1,0,3,2,0.3333333333333333,0.5833998403830807,0.3000000009825461,0.4166001596169193,0.27773343974461273,0.3253610111961419,0.6901813069103601,-0.22325417073184653,0.02375398970768486,-1.1102230246251565e-16,0.0,0.04022790055248604,0.026818600368323953,0.12983425414364647,0.12983425414364647
13,79,6,gb,3,3,4,3,0.3,0.7,tycoon,14,0.75,0.875,13,1,0.3,1,1,3,2,0.3333333333333333,0.4626436781609196,0.500000001677886,0.5373563218390804,0.3582375478927202,0.44353705605757215,0.6923940398076736,-0.17975900900527386,0.034072908183395534,0.0,0.012935323383084563,0.03687386546374516,0.05417357656163635,0.011608623548922115,0.11822563059472435
13,79,6,gb,3,3,4,3,0.3,0.7,tycoon,14,0.75,0.875,14,1,0.3,0,0,1,2,0.3333333333333333,0.5116086235489221,-0.5714285738112165,-0.5116086235489221,-0.6744057490326147,1.1221033017437085,0.0,-0.2228608825806696,0.0,0.0,0.0,0.015125995726896768,0.0327001980758348,0.07860780984719856,0.20844206399084503
13,79,6,gb,3,3,4,3,0.3,0.7,tycoon,14,0.75,0.875,15,2,0.7,1,0,1,2,0.3333333333333333,0.6298342541436465,0.2499999999460495,0.37016574585635353,0.24677716390423576,0.28339416389113375,0.6865299089505598,-0.30920087703841675,0.017446775436758433,0.0,-1.1102230246251565e-16,0.026784501494159008,0.01785633432943934,0.1685683238250476,0.1685683238250476
13,79,6,gb,3,3,4,3,0.3,0.7,tycoon,14,0.75,0.875,16,2,0.7,1,1,1,2,0.3333333333333333,0.6685683238250476,0.21428571422552145,0.3314316761749524,0.22095445078330167,0.24968576342578275,0.6827064730455019,-0.39571066482832595,0.012973104587098216,2.220446049250313e-16,1.1102230246251565e-16,0.017687144019527867,0.0117914293463518,0.20073230268510978,0.20073230268510978
13,79,6,gb,3,3,4,3,0.3,0.7,tycoon,14,0.75,0.875,17,1,0.3,0,0,1,2,0.3333333333333333,0.42139219015280144,-0.43750000003265344,-0.42139219015280144,-0.6142614601018677,0.9525954968045907,0.0,-0.30392034868124257,0.0,0.0,0.0,0.0020229905110488167,0.016838721724285133,0.1482074263764404,0.3489397290615502
13,79,6,gb,3,3,4,3,0.3,0.7,tycoon,14,0.75,0.875,18,2,0.7,0,0,1,2,0.3333333333333333,0.7007323026851098,-0.8125000043900489,-0.7007323026851098,-0.8004882017900732,1.6118819055039784,0.0,-0.2874591223088539,0.0,0.0,0.0,0.04198335310692558,0.027988902071283683,0.0931336200504227,0.0931336200504227
13,79,6,gb,3,3,4,3,0.3,0.7,tycoon,14,0.75,0.875,19,2,0.7,1,1,1,2,0.3333333333333333,0.5931336200504227,0.33333333342038196,0.4068663799495773,0.27124425329971824,0.31641665565345756,0.6895133632202006,-0.3514285693112917,0.01556078354436291,1.1102230246251565e-16,1.1102230246251565e-16,0.029628357753357704,0.019752238502238506,0.1259327092660426,0.1259327092660426
13,79,6,gb,3,3,4,3,0.3,0.7,tycoon,14,0.75,0.875,20,2,0.7,1,1,1,2,0.3333333333333333,0.6259327092660426,0.2999999994765503,0.3740672907339574,0.24937819382263826,0.28685334104138843,0.6868791467739987,-0.4159276158960932,0.012160998975677462,0.0,1.1102230246251565e-16,0.020759811475086876,0.01383987431672462,0.1542284868187811,0.1542284868187811
14,96,8,bg,2,3,1,3,0.3,0.7,bandit,9,0.625,0.5,1,1,0.3,0,1,1,1,0.3333333333333333,0.5,NaN,-0.5,-0.33333333333333337,0.40546510810816444,0.6931471805599453,-0.04279164419167801,0.05378194606599736,0.0,0.0,0.08333333333333337,0.05555555555555547,0.08333333333333337,0.08333333333333337
14,96,8,bg,2,3,1,3,0.3,0.7,bandit,9,0.625,0.5,2,2,0.7,1,0,1,1,0.3333333333333333,0.5,NaN,0.5,0.6666666666666666,1.0986122886681096,0.0,-0.19314718051535087,0.0,0.0,0.0,0.04166666666666663,0.02777777777777779,0.16666666666666663,0.16666666666666663
14,96,8,bg,2,3,1,3,0.3,0.7,bandit,9,0.625,0.5,3,1,0.3,0,1,4,1,0.3333333333333333,0.41666666666666663,-5.545009081338703e-16,-0.41666666666666663,-0.2777777777777778,0.325422400434628,0.6901856760188041,-0.14872947946598028,0.03793678112380475,1.1102230246251565e-16,1.1102230246251565e-16,0.019468189449786122,0.03525641025641024,0.15384615384615385,0.3205128205128205
14,96,8,bg,2,3,1,3,0.3,0.7,bandit,9,0.625,0.5,4,2,0.7,1,0,1,1,0.3333333333333333,0.6666666666666666,1.505215796449022e-8,0.33333333333333337,0.5555555555555555,0.8109302162163285,0.0,-0.4319456220025852,0.0,0.0,0.0,0.01562500000000011,0.01041666666666663,0.2499999999999999,0.2499999999999999
14,96,8,bg,2,3,1,3,0.3,0.7,bandit,9,0.625,0.5,5,2,0.7,0,1,1,1,0.3333333333333333,0.7499999999999999,-0.999999984947842,-0.7499999999999999,-0.5,0.6931471805599453,0.636514168294813,-0.29705541768766514,0.06921054690467393,0.0,1.1102230246251565e-16,0.02499999999999991,0.016666666666666496,0.19999999999999996,0.19999999999999996
14,96,8,bg,2,3,1,3,0.3,0.7,bandit,9,0.625,0.5,6,1,0.3,0,0,1,1,0.3333333333333333,0.34615384615384615,-5.545009081338703e-16,-0.34615384615384615,-0.2307692307692308,0.2623642644674911,0.6842317651303003,-0.2844497338353375,0.0257813362644152,0.0,0.0,0.008107197916188968,0.021666666666666723,0.21000000000000002,0.41
14,96,8,bg,2,3,1,3,0.3,0.7,bandit,9,0.625,0.5,7,2,0.7,1,0,1,1,0.3333333333333333,0.7,1.505215796449022e-8,0.30000000000000004,0.5333333333333333,0.7621400520468967,0.0,-0.4905612865201842,0.0,0.0,0.0,0.010416666666666852,0.00694444444444442,0.26190476190476186,0.26190476190476186
14,96,8,bg,2,3,1,3,0.3,0.7,bandit,9,0.625,0.5,8,2,0.7,0,0,1,1,0.3333333333333333,0.7619047619047619,-0.999999984947842,-0.7619047619047619,-0.5079365079365079,0.7091475219063864,0.6287993940937805,-0.37092869552988844,0.06404507376017227,0.0,0.0,0.016561059907834075,0.011040706605222717,0.21889400921658986,0.21889400921658986
14,96,8,bg,2,3,1,3,0.3,0.7,bandit,9,0.625,0.5,9,2,0.7,1,0,1,1,0.3333333333333333,0.7188940092165899,0.09999999556329087,0.28110599078341014,0.5207373271889401,0.7355064543990868,0.0,-0.53368064707241,0.0,0.0,0.0,0.007361778846153855,0.004907852564102422,0.26923076923076916,0.26923076923076916
14,96,8,bg,2,3,1,3,0.3,0.7,bandit,9,0.625,0.5,10,1,0.3,0,0,1,1,0.3333333333333333,0.29,-5.545009081338703e-16,-0.29,-0.19333333333333338,0.21484474849951468,0.6780102022798757,-0.42625540231422954,0.017393591340592762,0.0,0.0,0.002058391377596447,0.013085399449035862,0.2534435261707989,0.5226742954015681
14,96,8,bg,2,3,1,3,0.3,0.7,bandit,9,0.625,0.5,11,2,0.7,0,1,1,1,0.3333333333333333,0.7692307692307692,-0.999999984947842,-0.7692307692307692,-0.5128205128205129,0.7191226669632061,0.6236548495681085,-0.4271890325390061,0.059861143712770515,-1.1102230246251565e-16,1.1102230246251565e-16,0.011627375730994038,0.007751583820662877,0.23099415204678364,0.23099415204678364
14,96,8,bg,2,3,1,3,0.3,0.7,bandit,9,0.625,0.5,12,2,0.7,0,0,1,1,0.3333333333333333,0.7309941520467836,-0.8571428572769177,-0.7309941520467836,-0.48732943469785583,0.6681218129930051,0.6473288715296028,-0.34999996982775033,0.054499349933972596,-1.1102230246251565e-16,-1.1102230246251565e-16,0.01754099334600745,0.011693995564004966,0.1901140684410646,0.1901140684410646
14,96,8,bg,2,3,1,3,0.3,0.7,bandit,9,0.625,0.5,13,1,0.3,1,0,1,1,0.3333333333333333,0.2465564738292011,0.9999999999999994,0.7534435261707989,0.8356290174471992,1.8056293170922053,0.0,-0.145217675089551,0.0,0.0,0.0,0.01602137597212616,0.039704708699122127,0.08339984038308051,0.2735139088241451
14,96,8,bg,2,3,1,3,0.3,0.7,bandit,9,0.625,0.5,14,2,0.7,1,0,1,1,0.3333333333333333,0.6901140684410646,0.24999999996462985,0.3098859315589354,0.5399239543726235,0.7763634865810234,0.0,-0.47241718232341906,0.0,-1.1102230246251565e-16,0.0,0.008484574567993897,0.005656383045329227,0.23929376408715253,0.23929376408715253
14,96,8,bg,2,3,1,3,0.3,0.7,bandit,9,0.625,0.5,15,1,0.3,0,1,1,1,0.3333333333333333,0.4166001596169195,-0.30000000098701385,-0.4166001596169195,-0.277733439744613,0.3253610111961422,0.6901813069103601,-0.22325417073184692,0.023753989707684525,0.0,-1.1102230246251565e-16,0.00575606563943698,0.026818600368324064,0.1298342541436464,0.36912801823079894
14,96,8,bg,2,3,1,3,0.3,0.7,bandit,9,0.625,0.5,16,2,0.7,1,0,1,1,0.3333333333333333,0.7392937640871525,0.16666666686549658,0.2607062359128475,0.507137490608565,0.7075250294510225,0.0,-0.5955631174764747,-1.1102230246251565e-16,0.0,0.0,0.004079927273882067,0.002719951515921193,0.2771849593495934,0.2771849593495934
14,96,8,bg,2,3,1,3,0.3,0.7,bandit,9,0.625,0.5,17,2,0.7,0,1,1,1,0.3333333333333333,0.7771849593495934,-0.899999999903316,-0.7771849593495934,-0.5181233062330624,0.7300670197198772,0.6177014576144872,-0.5103029326983979,0.0532386187643894,1.1102230246251565e-16,-1.1102230246251565e-16,0.006364488982019578,0.004242992654679645,0.24523455454914145,0.24523455454914145
14,96,8,bg,2,3,1,3,0.3,0.7,bandit,9,0.625,0.5,18,1,0.3,1,0,1,1,0.3333333333333333,0.3701657458563536,0.7499999986405539,0.6298342541436464,0.7532228360957642,1.3992695199830236,0.0,-0.17975900900527403,0.0,0.0,0.0,0.012949383159937211,0.05417357656163635,0.011608623548922004,0.25684317809806345
14,96,8,bg,2,3,1,3,0.3,0.7,bandit,9,0.625,0.5,19,2,0.7,1,0,1,1,0.3333333333333333,0.7452345545491414,0.18181818183134602,0.25476544545085855,0.5031769636339056,0.6995213799409306,0.0,-0.619598630613121,-1.1102230246251565e-16,0.0,0.0,0.003142538265305972,0.0020950255102040183,0.27931972789115633,0.27931972789115633
14,96,8,bg,2,3,1,3,0.3,0.7,bandit,9,0.625,0.5,20,2,0.7,0,1,1,1,0.3333333333333333,0.7793197278911563,-0.874999999915239,-0.7793197278911563,-0.519546485260771,0.7330247987705201,0.6160354289287208,-0.5430704256123912,0.05049481238102904,1.1102230246251565e-16,1.1102230246251565e-16,0.004874344164936151,0.0032495627766241375,0.24960669561386917,0.24960669561386917
15,99,8,gb,2,0,2,3,0.3,0.7,bandit,7,0.25,0.625,1,1,0.3,0,0,4,1,0.3333333333333333,0.5,NaN,-0.5,-0.33333333333333337,0.40546510810816444,0.6931471805599453,-0.04279164419167801,0.05378194606599736,0.0,0.0,0.08333333333333337,0.05555555555555547,0.08333333333333337,0.08333333333333337
15,99,8,gb,2,0,2,3,0.3,0.7,bandit,7,0.25,0.625,2,2,0.7,0,1,4,1,0.3333333333333333,0.5,NaN,-0.5,-0.33333333333333337,0.40546510810816444,0.6931471805599453,-0.04279164419167801,0.05378194606599736,0.0,-1.1102230246251565e-16,0.08333333333333337,0.05555555555555547,0.08333333333333337,0.08333333333333337
15,99,8,gb,2,0,2,3,0.3,0.7,bandit,7,0.25,0.625,3,1,0.3,0,1,4,1,0.3333333333333333,0.41666666666666663,-5.545009081338703e-16,-0.41666666666666663,-0.2777777777777778,0.325422400434628,0.6901856760188041,-0.14872947946598028,0.03793678112380475,0.0,-1.1102230246251565e-16,0.05288461538461542,0.03525641025641024,0.15384615384615385,0.15384615384615385
15,99,8,gb,2,0,2,3,0.3,0.7,bandit,7,0.25,0.625,4,1,0.3,0,1,4,1,0.3333333333333333,0.34615384615384615,-5.545009081338703e-16,-0.34615384615384615,-0.2307692307692308,0.2623642644674911,0.6842317651303003,-0.2844497338353375,0.0257813362644152,0.0,-1.1102230246251565e-16,0.03249999999999997,0.021666666666666723,0.21000000000000002,0.21000000000000002
15,99,8,gb,2,0,2,3,0.3,0.7,bandit,7,0.25,0.625,5,2,0.7,0,0,4,1,0.3333333333333333,0.41666666666666663,-5.545009081338703e-16,-0.41666666666666663,-0.2777777777777778,0.325422400434628,0.6901856760188041,-0.14872947946598028,0.03793678112380475,0.0,1.1102230246251565e-16,0.05288461538461542,0.03525641025641024,0.15384615384615385,0.15384615384615385
15,99,8,gb,2,0,2,3,0.3,0.7,bandit,7,0.25,0.625,6,2,0.7,0,0,4,1,0.3333333333333333,0.34615384615384615,-5.545009081338703e-16,-0.34615384615384615,-0.2307692307692308,0.2623642644674911,0.6842317651303003,-0.2844497338353375,0.0257813362644152,0.0,0.0,0.03249999999999997,0.021666666666666723,0.21000000000000002,0.21000000000000002
15,99,8,gb,2,0,2,3,0.3,0.7,bandit,7,0.25,0.625,7,1,0.3,0,0,4,1,0.3333333333333333,0.29,-5.545009081338703e-16,-0.29,-0.19333333333333338,0.21484474849951468,0.6780102022798757,-0.42625540231422954,0.017393591340592762,0.0,0.0,0.01962809917355368,0.013085399449035862,0.2534435261707989,0.2534435261707989
15,99,8,gb,2,0,2,3,0.3,0.7,bandit,7,0.25,0.625,8,1,0.3,0,0,4,1,0.3333333333333333,0.2465564738292011,-5.545009081338703e-16,-0.2465564738292011,-0.16437098255280075,0.17957052342206484,0.6725635843867588,-0.5618791256690523,0.011912734212403908,0.0,1.1102230246251565e-16,0.011773940345368938,0.00784929356357933,0.28689167974882257,0.28689167974882257
15,99,8,gb,2,0,2,3,0.3,0.7,bandit,7,0.25,0.625,9,2,0.7,1,0,4,1,0.3333333333333333,0.29,0.9999999999999994,0.71,0.8066666666666666,1.6433394641097814,0.0,-0.08739425626637275,0.0,0.0,0.0,0.08620689655172409,0.05747126436781602,0.02873563218390801,0.02873563218390801
15,99,8,gb,2,0,2,3,0.3,0.7,bandit,7,0.25,0.625,10,1,0.3,0,1,4,1,0.3333333333333333,0.2131083202511774,-5.545009081338703e-16,-0.2131083202511774,-0.14207221350078494,0.1532353479555701,0.668087395200138,-0.6867749400135641,0.008393123717155504,0.0,0.0,0.007061985361390688,0.004707990240927162,0.312900274473925,0.312900274473925
15,99,8,gb,2,0,2,3,0.3,0.7,bandit,7,0.25,0.625,11,1,0.3,0,0,4,1,0.3333333333333333,0.187099725526075,-5.545009081338703e-16,-0.187099725526075,-0.12473315035071669,0.13322646809098154,0.6644720212248263,-0.8003011606766882,0.006115744334489359,0.0,1.1102230246251565e-16,0.004251355013550118,0.0028342366757002635,0.33346883468834687,0.33346883468834687
15,99,8,gb,2,0,2,3,0.3,0.7,bandit,7,0.25,0.625,12,2,0.7,1,0,4,1,0.3333333333333333,0.471264367816092,0.6249999949751466,0.5287356321839081,0.6858237547892719,1.15780116005844,0.0,-0.1571350842422471,0.0,0.0,0.0,0.05378919860627185,0.03585946573751453,0.09059233449477355,0.09059233449477355
15,99,8,gb,2,0,2,3,0.3,0.7,bandit,7,0.25,0.625,13,2,0.7,1,0,4,1,0.3333333333333333,0.5905923344947736,0.4000000027035475,0.40940766550522645,0.6062717770034842,0.9320943970472803,0.0,-0.28542769031337323,0.0,0.0,0.0,0.025027654867256444,0.016685103244837518,0.17256637168141586,0.17256637168141586
15,99,8,gb,2,0,2,3,0.3,0.7,bandit,7,0.25,0.625,14,2,0.7,0,1,4,1,0.3333333333333333,0.6725663716814159,-0.7500000000027015,-0.6725663716814159,-0.44837758112094395,0.5948914905258637,0.67123888203318,-0.2370012027813298,0.05044154348753849,-1.1102230246251565e-16,0.0,0.03591986036838957,0.023946573578926378,0.12507427213309563,0.12507427213309563
15,99,8,gb,2,0,2,3,0.3,0.7,bandit,7,0.25,0.625,15,1,0.3,0,1,1,1,0.3333333333333333,0.1665311653116531,-5.545009081338703e-16,-0.1665311653116531,-0.11102077687443543,0.11768141480369711,0.6615437695984828,-0.9033679318738824,0.004608328505046,0.0,0.0,0.0006621842575780246,0.0017156115570912123,0.3500457270602581,0.47511999919335374
15,99,8,gb,2,0,2,3,0.3,0.7,bandit,7,0.25,0.625,16,2,0.7,0,1,4,1,0.3333333333333333,0.6250742721330956,-0.6428571429065449,-0.6250742721330956,-0.41671618142206385,0.5390813867732288,0.6828941449085093,-0.2228608825806698,0.04211572422065937,-2.220446049250313e-16,-1.1102230246251565e-16,0.04905029711375197,0.032700198075834686,0.07860780984719873,0.07860780984719873
15,99,8,gb,2,0,2,3,0.3,0.7,bandit,7,0.25,0.625,17,2,0.7,1,0,4,1,0.3333333333333333,0.5786078098471987,0.43750000000500944,0.42139219015280127,0.6142614601018674,0.9525954968045901,0.0,-0.3039203486812426,0.0,0.0,0.0,0.025258082586427477,0.01683872172428491,0.14820742637644047,0.14820742637644047
15,99,8,gb,2,0,2,3,0.3,0.7,bandit,7,0.25,0.625,18,2,0.7,1,0,4,1,0.3333333333333333,0.6482074263764405,0.33333333315397573,0.35179257362355953,0.5678617157490397,0.8390096395271014,0.0,-0.40314200060979377,0.0,-1.1102230246251565e-16,0.0,0.012765239197530698,0.00851015946502054,0.20246913580246917,0.20246913580246917
15,99,8,gb,2,0,2,3,0.3,0.7,bandit,7,0.25,0.625,19,2,0.7,1,0,4,1,0.3333333333333333,0.7024691358024692,0.2499999997469049,0.29753086419753083,0.5316872427983539,0.7586189216483179,0.0,-0.5103029326983979,0.0,0.0,0.0,0.006364488982019578,0.004242992654679534,0.24523455454914145,0.24523455454914145
15,99,8,gb,2,0,2,3,0.3,0.7,bandit,7,0.25,0.625,20,2,0.7,1,0,4,1,0.3333333333333333,0.7452345545491414,0.18181818183134602,0.25476544545085855,0.5031769636339056,0.6995213799409306,0.0,-0.619598630613121,-1.1102230246251565e-16,0.0,0.0,0.003142538265305972,0.0020950255102040183,0.27931972789115633,0.27931972789115633
16,93,7,bg,4,3,2,3,0.3,0.7,tycoon,14,0.875,0.625,1,1,0.3,1,1,4,2,0.3333333333333333,0.5,NaN,0.5,0.33333333333333326,0.4054651081081643,0.6931471805599453,-0.042791644191678,0.05378194606599747,0.0,-1.1102230246251565e-16,0.08333333333333348,0.05555555555555547,0.08333333333333326,0.08333333333333326
16,93,7,bg,4,3,2,3,0.3,0.7,tycoon,14,0.875,0.625,2,2,0.7,1,0,4,2,0.3333333333333333,0.5,NaN,0.5,0.33333333333333326,0.4054651081081643,0.6931471805599453,-0.042791644191678,0.05378194606599747,0.04166666666666674,1.1102230246251565e-16,0.11815201177425982,0.05555555555555547,0.08333333333333326,0.0
16,93,7,bg,4,3,2,3,0.3,0.7,tycoon,14,0.875,0.625,3,1,0.3,1,1,4,2,0.3333333333333333,0.5833333333333333,1.505215796449022e-8,0.41666666666666674,0.2777777777777778,0.325422400434628,0.6901856760188042,-0.14872947946598028,0.0379367811238048,1.1102230246251565e-16,0.0,0.07870741894476108,0.03525641025641035,0.15384615384615385,0.0705128205128206
16,93,7,bg,4,3,2,3,0.3,0.7,tycoon,14,0.875,0.625,4,2,0.7,1,0,1,2,0.3333333333333333,0.5833333333333333,1.505215796449022e-8,0.41666666666666674,0.2777777777777778,0.325422400434628,0.6901856760188042,-0.14872947946598028,0.0379367811238048,0.032544378698224796,1.1102230246251565e-16,0.10639222329248454,0.03525641025641024,0.15384615384615385,0.0
16,93,7,bg,4,3,2,3,0.3,0.7,tycoon,14,0.875,0.625,5,1,0.3,0,0,4,2,0.3333333333333333,0.6538461538461539,-0.999999984947842,-0.6538461538461539,-0.7692307692307693,1.4663370687934272,0.0,-0.06641254138672092,0.0,0.0,0.0,0.032568046699056996,0.05833333333333346,0.033333333333333326,0.18717948717948718
16,93,7,bg,4,3,2,3,0.3,0.7,tycoon,14,0.875,0.625,6,2,0.7,1,0,1,2,0.3333333333333333,0.6538461538461539,1.505215796449022e-8,0.34615384615384615,0.23076923076923073,0.262364264467491,0.6842317651303003,-0.2844497338353375,0.025781336264415255,0.0,1.1102230246251565e-16,0.032500000000000084,0.021666666666666723,0.20999999999999996,0.20999999999999996
16,93,7,bg,4,3,2,3,0.3,0.7,tycoon,14,0.875,0.625,7,2,0.7,1,0,1,2,0.3333333333333333,0.71,1.505215796449022e-8,0.29000000000000004,0.19333333333333325,0.21484474849951454,0.6780102022798757,-0.42625540231422954,0.017393591340592707,1.1102230246251565e-16,1.1102230246251565e-16,0.01962809917355368,0.013085399449035862,0.2534435261707988,0.2534435261707988
16,93,7,bg,4,3,2,3,0.3,0.7,tycoon,14,0.875,0.625,8,2,0.7,0,0,1,2,0.3333333333333333,0.7534435261707988,-0.999999984947842,-0.7534435261707988,-0.8356290174471993,1.8056293170922058,0.0,-0.14521767508955086,0.0,0.0,0.0,0.05955706304868302,0.039704708699122127,0.08339984038308068,0.08339984038308068
16,93,7,bg,4,3,2,3,0.3,0.7,tycoon,14,0.875,0.625,9,1,0.3,0,0,1,2,0.3333333333333333,0.4666666666666667,-0.49999999847640864,-0.4666666666666667,-0.6444444444444445,1.0340737675305387,0.0,-0.2040059070058956,0.0,0.0,0.0,0.01969879053055823,0.02517361111111116,0.14583333333333331,0.229233173716414
16,93,7,bg,4,3,2,3,0.3,0.7,tycoon,14,0.875,0.625,10,2,0.7,1,0,1,2,0.3333333333333333,0.5833998403830807,0.3000000009825461,0.4166001596169193,0.27773343974461273,0.3253610111961419,0.6901813069103601,-0.22325417073184653,0.02375398970768486,-1.1102230246251565e-16,-1.1102230246251565e-16,0.04022790055248604,0.026818600368323953,0.12983425414364647,0.12983425414364647
16,93,7,bg,4,3,2,3,0.3,0.7,tycoon,14,0.875,0.625,11,2,0.7,1,0,1,2,0.3333333333333333,0.6298342541436465,0.2499999999460495,0.37016574585635353,0.24677716390423576,0.28339416389113375,0.6865299089505598,-0.30920087703841675,0.017446775436758433,0.0,0.0,0.026784501494159008,0.017856334329439227,0.1685683238250476,0.1685683238250476
16,93,7,bg,4,3,2,3,0.3,0.7,tycoon,14,0.875,0.625,12,1,0.3,1,0,1,2,0.3333333333333333,0.3541666666666667,0.7500000004820603,0.6458333333333333,0.4305555555555556,0.5630940523117476,0.6785008770139087,-0.15713508424224704,0.05316704774777181,0.0,1.1102230246251565e-16,0.013067124021608478,0.03585946573751453,0.09059233449477344,0.25916065831982105
16,93,7,bg,4,3,2,3,0.3,0.7,tycoon,14,0.875,0.625,13,2,0.7,0,0,1,2,0.3333333333333333,0.6685683238250476,-0.7857142857744785,-0.6685683238250476,-0.7790455492166983,1.5097987037598832,0.0,-0.22800730239285233,0.0,0.0,0.0,0.0588601434426228,0.03924009562841524,0.05516393442622958,0.05516393442622958
16,93,7,bg,4,3,2,3,0.3,0.7,tycoon,14,0.875,0.625,14,1,0.3,1,1,4,2,0.3333333333333333,0.40940766550522656,0.6000000032547178,0.5905923344947734,0.39372822299651555,0.5004269165450919,0.6881771822372582,-0.15234512269821177,0.04329848222372057,0.0,0.008301404853129024,0.05010059354509311,0.04831178160919547,0.037356321839080386,0.09252025626530996
16,93,7,bg,4,3,2,3,0.3,0.7,tycoon,14,0.875,0.625,15,2,0.7,1,1,4,2,0.3333333333333333,0.5551639344262296,0.3749999995025072,0.4448360655737704,0.2965573770491803,0.3517689651698778,0.6917799599357861,-0.2874591223088539,0.02017090234217428,0.0,0.0,0.04198335310692558,0.027988902071283683,0.0931336200504227,0.0931336200504227
16,93,7,bg,4,3,2,3,0.3,0.7,tycoon,14,0.875,0.625,16,1,0.3,1,1,4,2,0.3333333333333333,0.4626436781609196,0.500000001677886,0.5373563218390804,0.3582375478927202,0.44353705605757215,0.6923940398076736,-0.17975900900527386,0.034072908183395534,0.0,0.012935323383084563,0.04975558255341228,0.05417357656163635,0.011608623548922115,0.08152499650150058
16,93,7,bg,4,3,2,3,0.3,0.7,tycoon,14,0.875,0.625,17,2,0.7,1,1,4,2,0.3333333333333333,0.5931336200504227,0.33333333342038196,0.4068663799495773,0.27124425329971824,0.31641665565345756,0.6895133632202006,-0.3514285693112917,0.01556078354436291,1.1102230246251565e-16,1.1102230246251565e-16,0.032431871808202284,0.019752238502238617,0.1259327092660426,0.1143240857171205
16,93,7,bg,4,3,2,3,0.3,0.7,tycoon,14,0.875,0.625,18,2,0.7,0,0,1,2,0.3333333333333333,0.6259327092660426,-0.7000000005234497,-0.6259327092660426,-0.7506218061773617,1.3887846841111968,0.0,-0.3121279906710225,0.0,0.0,0.0,0.06098823849015089,0.037548299239068994,0.0407631628503875,0.029154539301465388
16,93,7,bg,4,3,2,3,0.3,0.7,tycoon,14,0.875,0.625,19,1,0.3,0,0,1,2,0.3333333333333333,0.5116086235489221,-0.5714285738112165,-0.5116086235489221,-0.6744057490326147,1.1221033017437085,0.0,-0.2228608825806696,0.0,0.0,0.0,0.03556361087851789,0.032700198075834686,0.07860780984719856,0.11937097269758606
16,93,7,bg,4,3,2,3,0.3,0.7,tycoon,14,0.875,0.625,20,2,0.7,1,1,4,2,0.3333333333333333,0.5407631628503875,0.4090909125279222,0.4592368371496125,0.3061578914330749,0.36551085362905283,0.6923799727450064,-0.36174423121254345,0.017025047837387286,1.1102230246251565e-16,1.1102230246251565e-16,0.04173531162447386,0.027823541082982572,0.07245532887112682,0.07245532887112682
17,73,6,gb,4,3,2,1,0.7,0.3,tycoon,15,0.375,0.875,1,1,0.7,1,0,2,2,0.3333333333333333,0.5,NaN,0.5,0.33333333333333326,0.4054651081081643,0.6931471805599453,-0.042791644191678,0.05378194606599747,0.0,-1.1102230246251565e-16,0.08333333333333348,0.05555555555555547,0.08333333333333326,0.08333333333333326
17,73,6,gb,4,3,2,1,0.7,0.3,tycoon,15,0.375,0.875,2,1,0.7,1,1,4,2,0.3333333333333333,0.5833333333333333,1.505215796449022e-8,0.41666666666666674,0.2777777777777778,0.325422400434628,0.6901856760188042,-0.14872947946598028,0.0379367811238048,1.1102230246251565e-16,1.1102230246251565e-16,0.05288461538461542,0.03525641025641024,0.15384615384615385,0.15384615384615385
17,73,6,gb,4,3,2,1,0.7,0.3,tycoon,15,0.375,0.875,3,2,0.3,1,1,2,2,0.3333333333333333,0.5,NaN,0.5,0.33333333333333326,0.4054651081081643,0.6931471805599453,-0.042791644191678,0.05378194606599747,0.0064102564102563875,0.0,0.08295402888526104,0.05555555555555558,0.08333333333333326,0.0705128205128206
17,73,6,gb,4,3,2,1,0.7,0.3,tycoon,15,0.375,0.875,4,1,0.7,1,0,2,2,0.3333333333333333,0.6538461538461539,1.505215796449022e-8,0.34615384615384615,0.23076923076923073,0.262364264467491,0.6842317651303003,-0.2844497338353375,0.025781336264415255,0.0,0.0,0.051144070332086344,0.021666666666666612,0.20999999999999996,0.1266666666666667
17,73,6,gb,4,3,2,1,0.7,0.3,tycoon,15,0.375,0.875,5,2,0.3,1,0,3,2,0.3333333333333333,0.5833333333333333,1.505215796449022e-8,0.41666666666666674,0.2777777777777778,0.325422400434628,0.6901856760188042,-0.14872947946598028,0.0379367811238048,0.002307692307692344,1.1102230246251565e-16,0.07662222209623404,0.03525641025641024,0.15384615384615385,0.05615384615384611
17,73,6,gb,4,3,2,1,0.7,0.3,tycoon,15,0.375,0.875,6,2,0.3,0,0,1,2,0.3333333333333333,0.6538461538461539,-0.999999984947842,-0.6538461538461539,-0.7692307692307693,1.4663370687934272,0.0,-0.06641254138672092,0.0,0.0,0.0,0.0199472802997136,0.05833333333333335,0.033333333333333326,0.2433333333333333
17,73,6,gb,4,3,2,1,0.7,0.3,tycoon,15,0.375,0.875,7,1,0.7,1,1,2,2,0.3333333333333333,0.71,1.505215796449022e-8,0.29000000000000004,0.19333333333333325,0.21484474849951454,0.6780102022798757,-0.42625540231422954,0.017393591340592707,1.1102230246251565e-16,1.1102230246251565e-16,0.01962809917355368,0.013085399449035973,0.2534435261707988,0.2534435261707988
17,73,6,gb,4,3,2,1,0.7,0.3,tycoon,15,0.375,0.875,8,2,0.3,0,0,4,2,0.3333333333333333,0.4666666666666667,-0.49999999847640864,-0.4666666666666667,-0.6444444444444445,1.0340737675305387,0.0,-0.2040059070058956,0.0,0.0,0.0,0.0028185742361930277,0.02517361111111127,0.14583333333333331,0.3992768595041321
17,73,6,gb,4,3,2,1,0.7,0.3,tycoon,15,0.375,0.875,9,1,0.7,1,0,1,2,0.3333333333333333,0.7534435261707988,1.505215796449022e-8,0.2465564738292012,0.1643709825528007,0.1795705234220647,0.6725635843867589,-0.5618791256690523,0.011912734212403908,-2.220446049250313e-16,-1.1102230246251565e-16,0.011773940345368827,0.007849293563579218,0.2868916797488228,0.2868916797488228
17,73,6,gb,4,3,2,1,0.7,0.3,tycoon,15,0.375,0.875,10,2,0.3,1,1,3,2,0.3333333333333333,0.3541666666666667,0.7500000004820603,0.6458333333333333,0.4305555555555556,0.5630940523117476,0.6785008770139087,-0.15713508424224704,0.05316704774777181,0.0,1.1102230246251565e-16,0.002606741363737619,0.03585946573751464,0.09059233449477344,0.37748401424359623
17,73,6,gb,4,3,2,1,0.7,0.3,tycoon,15,0.375,0.875,11,2,0.3,0,0,1,2,0.3333333333333333,0.40940766550522656,-0.3999999967452822,-0.40940766550522656,-0.6062717770034844,0.9320943970472808,0.0,-0.28542769031337345,0.0,0.0,0.0,0.0005467196431747645,0.01668510324483774,0.17256637168141586,0.45945805143023866
17,73,6,gb,4,3,2,1,0.7,0.3,tycoon,15,0.375,0.875,12,1,0.7,0,0,4,2,0.3333333333333333,0.7868916797488228,-0.999999984947842,-0.7868916797488228,-0.8579277864992152,1.9514198048662839,0.0,-0.22325417073184653,0.0,0.0,0.0,0.04022790055248604,0.026818600368324064,0.12983425414364647,0.12983425414364647
17,73,6,gb,4,3,2,1,0.7,0.3,tycoon,15,0.375,0.875,13,2,0.3,0,0,2,2,0.3333333333333333,0.32743362831858414,-0.2499999961301174,-0.32743362831858414,-0.5516224188790562,0.8021195865341741,0.0,-0.4271890325390063,0.0,0.0,0.0,0.0024004420070393717,0.007751583820662877,0.23099415204678364,0.3608284061904301
17,73,6,gb,4,3,2,1,0.7,0.3,tycoon,15,0.375,0.875,14,1,0.7,1,1,2,2,0.3333333333333333,0.6298342541436465,0.2499999999460495,0.37016574585635353,0.24677716390423576,0.28339416389113375,0.6865299089505598,-0.30920087703841675,0.017446775436758433,0.0,-1.1102230246251565e-16,0.026784501494159008,0.01785633432943934,0.1685683238250476,0.1685683238250476
17,73,6,gb,4,3,2,1,0.7,0.3,tycoon,15,0.375,0.875,15,1,0.7,1,1,1,2,0.3333333333333333,0.6685683238250476,0.21428571422552145,0.3314316761749524,0.22095445078330167,0.24968576342578275,0.6827064730455019,-0.39571066482832595,0.012973104587098216,2.220446049250313e-16,1.1102230246251565e-16,0.017687144019527867,0.011791429346351912,0.20073230268510978,0.20073230268510978
17,73,6,gb,4,3,2,1,0.7,0.3,tycoon,15,0.375,0.875,16,2,0.3,1,1,3,2,0.3333333333333333,0.26900584795321636,0.857142855151454,0.7309941520467836,0.48732943469785583,0.6681218129930051,0.6473288715296028,-0.3499999698277506,0.05449934993397276,0.0,-1.1102230246251565e-16,0.0012665894823988832,0.011693995564005188,0.1901140684410646,0.3908463711261744
17,73,6,gb,4,3,2,1,0.7,0.3,tycoon,15,0.375,0.875,17,1,0.7,1,0,4,2,0.3333333333333333,0.7007323026851098,0.18749999560995112,0.2992676973148902,0.19951179820992682,0.22253348520479543,0.6791076299320256,-0.4791391417344009,0.00984175385178182,-1.1102230246251565e-16,-1.1102230246251565e-16,0.011631613964404819,0.007754409309603361,0.2275499454804193,0.2275499454804193
17,73,6,gb,4,3,2,1,0.7,0.3,tycoon,15,0.375,0.875,18,2,0.3,1,0,2,2,0.3333333333333333,0.3098859315589354,0.7500000000338465,0.6901140684410646,0.46007604562737636,0.6163269745765037,0.6653365453438909,-0.30392034868124257,0.04777956620255086,0.0,0.0,0.001236687050979235,0.016838721724285244,0.1482074263764404,0.3757573718568597
17,73,6,gb,4,3,2,1,0.7,0.3,tycoon,15,0.375,0.875,19,1,0.7,1,0,1,2,0.3333333333333333,0.7275499454804193,0.16666666576379163,0.2724500545195807,0.18163336967972044,0.20044483946697284,0.6758665393660739,-0.5580527251703005,0.007640859362410435,1.1102230246251565e-16,1.1102230246251565e-16,0.00763730493891257,0.0050915366259417505,0.25010350564199846,0.25010350564199846
17,73,6,gb,4,3,2,1,0.7,0.3,tycoon,15,0.375,0.875,20,2,0.3,1,0,2,2,0.3333333333333333,0.3517925736235596,0.6666666618273922,0.6482074263764404,0.43213828425096024,0.5658773480900516,0.6779327786914043,-0.2865909243832322,0.04052767214023745,0.0,0.0,0.001217930986696314,0.02317669187648741,0.10691469372416385,0.3570181993661623
18,82,6,bg,3,4,4,3,0.3,0.7,tycoon,13,0.875,0.875,1,1,0.3,0,0,4,2,0.3333333333333333,0.5,NaN,-0.5,-0.6666666666666667,1.09861228866811,0.0,-0.19314718051535068,0.0,0.0,0.0,0.04166666666666652,0.02777777777777768,0.16666666666666674,0.16666666666666674
18,82,6,bg,3,4,4,3,0.3,0.7,tycoon,13,0.875,0.875,2,2,0.7,1,1,4,2,0.3333333333333333,0.5,NaN,0.5,0.33333333333333326,0.4054651081081643,0.6931471805599453,-0.042791644191678,0.05378194606599747,0.0,0.0,0.08333333333333348,0.05555555555555547,0.08333333333333326,0.08333333333333326
18,82,6,bg,3,4,4,3,0.3,0.7,tycoon,13,0.875,0.875,3,1,0.3,1,1,4,2,0.3333333333333333,0.33333333333333326,0.9999999999999997,0.6666666666666667,0.44444444444444453,0.5877866649021192,0.6730116670092565,-0.09878147980916858,0.06714394951790816,0.0,0.0,0.03737461979762402,0.04166666666666663,0.10000000000000003,0.1833333333333333
18,82,6,bg,3,4,4,3,0.3,0.7,tycoon,13,0.875,0.875,4,2,0.7,0,0,4,2,0.3333333333333333,0.5833333333333333,-0.999999984947842,-0.5833333333333333,-0.7222222222222222,1.2809338454620642,0.0,-0.09878147980916858,0.0,0.0,0.0,0.0625,0.04166666666666663,0.10000000000000003,0.10000000000000003
18,82,6,bg,3,4,4,3,0.3,0.7,tycoon,13,0.875,0.875,5,1,0.3,1,0,4,2,0.3333333333333333,0.39999999999999997,0.7499999999999998,0.6000000000000001,0.3999999999999999,0.5108256237659905,0.6869615765973234,-0.06641254138672092,0.05538446170840036,0.022222222222222254,0.014814814814814947,0.08750000000000002,0.05833333333333346,0.033333333333333326,0.033333333333333326
18,82,6,bg,3,4,4,3,0.3,0.7,tycoon,13,0.875,0.875,6,2,0.7,1,1,4,2,0.3333333333333333,0.39999999999999997,0.7499999999999998,0.6000000000000001,0.3999999999999999,0.5108256237659905,0.6869615765973234,-0.06641254138672092,0.05538446170840036,0.022222222222222254,0.014814814814814836,0.08750000000000002,0.05833333333333335,0.033333333333333326,0.033333333333333326
18,82,6,bg,3,4,4,3,0.3,0.7,tycoon,13,0.875,0.875,7,1,0.3,1,0,4,2,0.3333333333333333,0.4666666666666667,0.5000000015235914,0.5333333333333333,0.3555555555555555,0.43936665978384565,0.6925525323607233,-0.08739425626637266,0.043140311410130014,0.01724137931034475,0.011494252873563204,0.08620689655172409,0.05747126436781613,0.028735632183908066,0.028735632183908066
18,82,6,bg,3,4,4,3,0.3,0.7,tycoon,13,0.875,0.875,8,2,0.7,1,1,4,2,0.3333333333333333,0.4666666666666667,0.5000000015235914,0.5333333333333333,0.3555555555555555,0.43936665978384565,0.6925525323607233,-0.08739425626637266,0.043140311410130014,0.03210463733650415,0.011494252873563204,0.09929157528035493,0.05747126436781602,0.028735632183908066,0.0
18,82,6,bg,3,4,4,3,0.3,0.7,tycoon,13,0.875,0.875,9,1,0.3,0,0,4,2,0.3333333333333333,0.5287356321839081,-0.6250000005673243,-0.5287356321839081,-0.685823754789272,1.1578011600584404,0.0,-0.15713508424224704,0.0,0.0,0.0,0.044180872328018594,0.03585946573751453,0.09059233449477344,0.11932796667868151
18,82,6,bg,3,4,4,3,0.3,0.7,tycoon,13,0.875,0.875,10,2,0.7,1,1,4,2,0.3333333333333333,0.5287356321839081,0.3749999994326757,0.47126436781609193,0.31417624521072796,0.3771346014819384,0.6927570046594116,-0.14521767508955086,0.03231445903788896,0.0,0.0,0.05955706304868302,0.039704708699122016,0.08339984038308068,0.08339984038308068
18,82,6,bg,3,4,4,3,0.3,0.7,tycoon,13,0.875,0.875,11,1,0.3,0,0,4,2,0.3333333333333333,0.40940766550522656,-0.3999999967452822,-0.40940766550522656,-0.6062717770034844,0.9320943970472808,0.0,-0.28542769031337345,0.0,0.0,0.0,0.01148228826345421,0.01668510324483774,0.17256637168141586,0.25596621206449655
18,82,6,bg,3,4,4,3,0.3,0.7,tycoon,13,0.875,0.875,12,2,0.7,1,0,4,2,0.3333333333333333,0.5833998403830807,0.3000000009825461,0.4166001596169193,0.27773343974461273,0.3253610111961419,0.6901813069103601,-0.22325417073184653,0.02375398970768486,-1.1102230246251565e-16,0.0,0.04022790055248604,0.026818600368323953,0.12983425414364647,0.12983425414364647
18,82,6,bg,3,4,4,3,0.3,0.7,tycoon,13,0.875,0.875,13,1,0.3,0,0,4,2,0.3333333333333333,0.32743362831858414,-0.2499999961301174,-0.32743362831858414,-0.5516224188790562,0.8021195865341741,0.0,-0.4271890325390063,0.0,0.0,0.0,0.0024004420070393717,0.007751583820662877,0.23099415204678364,0.3608284061904301
18,82,6,bg,3,4,4,3,0.3,0.7,tycoon,13,0.875,0.875,14,2,0.7,1,0,4,2,0.3333333333333333,0.6298342541436465,0.2499999999460495,0.37016574585635353,0.24677716390423576,0.28339416389113375,0.6865299089505598,-0.30920087703841675,0.017446775436758433,0.0,-1.1102230246251565e-16,0.026784501494159008,0.01785633432943934,0.1685683238250476,0.1685683238250476
18,82,6,bg,3,4,4,3,0.3,0.7,tycoon,13,0.875,0.875,15,1,0.3,1,1,4,2,0.3333333333333333,0.26900584795321636,0.857142855151454,0.7309941520467836,0.48732943469785583,0.6681218129930051,0.6473288715296028,-0.3499999698277506,0.05449934993397276,0.0,-1.1102230246251565e-16,0.0021793349878388435,0.011693995564005077,0.1901140684410646,0.3586823922661122
18,82,6,bg,3,4,4,3,0.3,0.7,tycoon,13,0.875,0.875,16,2,0.7,1,1,4,2,0.3333333333333333,0.6685683238250476,0.21428571422552145,0.3314316761749524,0.22095445078330167,0.24968576342578275,0.6827064730455019,-0.39571066482832595,0.012973104587098216,2.220446049250313e-16,1.1102230246251565e-16,0.017687144019527867,0.011791429346351912,0.20073230268510978,0.20073230268510978
18,82,6,bg,3,4,4,3,0.3,0.7,tycoon,13,0.875,0.875,17,1,0.3,0,0,4,2,0.3333333333333333,0.3098859315589354,-0.24999999996615352,-0.3098859315589354,-0.5399239543726236,0.7763634865810236,0.0,-0.47241718232341934,-1.1102230246251565e-16,0.0,0.0,0.00037891815380308724,0.005656383045329116,0.23929376408715253,0.4400260667722623
18,82,6,bg,3,4,4,3,0.3,0.7,tycoon,13,0.875,0.875,18,2,0.7,0,0,4,2,0.3333333333333333,0.7007323026851098,-0.8125000043900489,-0.7007323026851098,-0.8004882017900732,1.6118819055039784,0.0,-0.2874591223088539,0.0,0.0,0.0,0.04198335310692558,0.027988902071283794,0.0931336200504227,0.0931336200504227
18,82,6,bg,3,4,4,3,0.3,0.7,tycoon,13,0.875,0.875,19,1,0.3,1,0,4,2,0.3333333333333333,0.2607062359128475,0.8333333356291609,0.7392937640871525,0.49286250939143494,0.6789731275225817,0.6428206018242861,-0.403142000609794,0.0513455323712978,0.0,0.0,0.004004718493350823,0.008510159465020761,0.2024691358024691,0.2956027558528918
18,82,6,bg,3,4,4,3,0.3,0.7,tycoon,13,0.875,0.875,20,2,0.7,1,0,4,2,0.3333333333333333,0.5931336200504227,0.33333333342038196,0.4068663799495773,0.27124425329971824,0.31641665565345756,0.6895133632202006,-0.3514285693112917,0.01556078354436291,1.1102230246251565e-16,1.1102230246251565e-16,0.029628357753357704,0.019752238502238506,0.1259327092660426,0.1259327092660426
19,90,7,bg,0,0,4,4,0.3,0.7,bandit,6,0.0,1.0,1,2,0.7,1,0,4,1,0.3333333333333333,0.5,NaN,0.5,0.6666666666666666,1.0986122886681096,0.0,-0.19314718051535087,0.0,0.0,0.0,0.04166666666666663,0.02777777777777779,0.16666666666666663,0.16666666666666663
19,90,7,bg,0,0,4,4,0.3,0.7,bandit,6,0.0,1.0,2,1,0.3,0,0,4,1,0.3333333333333333,0.5,NaN,-0.5,-0.33333333333333337,0.40546510810816444,0.6931471805599453,-0.04279164419167801,0.05378194606599736,0.0,-1.1102230246251565e-16,0.033950621592853336,0.05555555555555547,0.08333333333333337,0.25
19,90,7,bg,0,0,4,4,0.3,0.7,bandit,6,0.0,1.0,3,1,0.3,0,0,1,1,0.3333333333333333,0.41666666666666663,-5.545009081338703e-16,-0.41666666666666663,-0.2777777777777778,0.325422400434628,0.6901856760188041,-0.14872947946598028,0.03793678112380475,1.1102230246251565e-16,1.1102230246251565e-16,0.019468189449786122,0.03525641025641024,0.15384615384615385,0.3205128205128205
19,90,7,bg,0,0,4,4,0.3,0.7,bandit,6,0.0,1.0,4,2,0.7,0,1,4,1,0.3333333333333333,0.6666666666666666,-0.999999984947842,-0.6666666666666666,-0.44444444444444453,0.5877866649021192,0.6730116670092565,-0.09878147980916833,0.0671439495179084,1.1102230246251565e-16,0.0,0.0625,0.04166666666666663,0.09999999999999987,0.09999999999999987
19,90,7,bg,0,0,4,4,0.3,0.7,bandit,6,0.0,1.0,5,2,0.7,0,1,3,1,0.3333333333333333,0.5999999999999999,-0.7500000000000001,-0.5999999999999999,-0.39999999999999997,0.5108256237659905,0.6869615765973234,-0.06641254138672094,0.05538446170840032,0.022222222222222254,0.014814814814814947,0.08750000000000002,0.05833333333333335,0.033333333333333326,0.033333333333333326
19,90,7,bg,0,0,4,4,0.3,0.7,bandit,6,0.0,1.0,6,1,0.3,0,1,4,1,0.3333333333333333,0.34615384615384615,-5.545009081338703e-16,-0.34615384615384615,-0.2307692307692308,0.2623642644674911,0.6842317651303003,-0.2844497338353375,0.0257813362644152,0.0,0.0,0.02667987432825769,0.021666666666666723,0.21000000000000002,0.24333333333333335
19,90,7,bg,0,0,4,4,0.3,0.7,bandit,6,0.0,1.0,7,1,0.3,0,0,2,1,0.3333333333333333,0.29,-5.545009081338703e-16,-0.29,-0.19333333333333338,0.21484474849951468,0.6780102022798757,-0.42625540231422954,0.017393591340592762,0.0,1.1102230246251565e-16,0.015709513570936973,0.013085399449035973,0.2534435261707989,0.28677685950413223
19,90,7,bg,0,0,4,4,0.3,0.7,bandit,6,0.0,1.0,8,2,0.7,1,0,4,1,0.3333333333333333,0.5333333333333333,0.5000000009897914,0.4666666666666667,0.6444444444444444,1.0340737675305383,0.0,-0.20400590700589533,0.0,0.0,0.0,0.03776041666666674,0.02517361111111105,0.14583333333333326,0.14583333333333326
19,90,7,bg,0,0,4,4,0.3,0.7,bandit,6,0.0,1.0,9,2,0.7,0,1,4,1,0.3333333333333333,0.6458333333333333,-0.7499999978409456,-0.6458333333333333,-0.43055555555555564,0.5630940523117476,0.6785008770139085,-0.1571350842422471,0.053167047747771534,-1.1102230246251565e-16,0.0,0.05378919860627185,0.03585946573751442,0.09059233449477355,0.09059233449477355
19,90,7,bg,0,0,4,4,0.3,0.7,bandit,6,0.0,1.0,10,2,0.7,1,0,4,1,0.3333333333333333,0.5905923344947736,0.4000000027035475,0.40940766550522645,0.6062717770034842,0.9320943970472803,0.0,-0.28542769031337323,0.0,0.0,0.0,0.025027654867256444,0.01668510324483774,0.17256637168141586,0.17256637168141586
19,90,7,bg,0,0,4,4,0.3,0.7,bandit,6,0.0,1.0,11,2,0.7,0,0,4,1,0.3333333333333333,0.6725663716814159,-0.7500000000027015,-0.6725663716814159,-0.44837758112094395,0.5948914905258637,0.67123888203318,-0.2370012027813298,0.05044154348753849,-1.1102230246251565e-16,-1.1102230246251565e-16,0.03591986036838957,0.023946573578926267,0.12507427213309563,0.12507427213309563
19,90,7,bg,0,0,4,4,0.3,0.7,bandit,6,0.0,1.0,12,2,0.7,0,0,4,1,0.3333333333333333,0.6250742721330956,-0.6428571429065449,-0.6250742721330956,-0.41671618142206385,0.5390813867732288,0.6828941449085093,-0.2228608825806698,0.04211572422065937,-2.220446049250313e-16,-1.1102230246251565e-16,0.04905029711375197,0.032700198075834686,0.07860780984719873,0.07860780984719873
19,90,7,bg,0,0,4,4,0.3,0.7,bandit,6,0.0,1.0,13,1,0.3,0,0,4,1,0.3333333333333333,0.2465564738292011,-5.545009081338703e-16,-0.2465564738292011,-0.16437098255280075,0.17957052342206484,0.6725635843867588,-0.5618791256690523,0.011912734212403908,0.0,0.0,0.006403519663332524,0.00784929356357933,0.28689167974882257,0.3654994895960213
19,90,7,bg,0,0,4,4,0.3,0.7,bandit,6,0.0,1.0,14,1,0.3,0,0,4,1,0.3333333333333333,0.2131083202511774,-5.545009081338703e-16,-0.2131083202511774,-0.14207221350078494,0.1532353479555701,0.668087395200138,-0.6867749400135641,0.008393123717155504,0.0,0.0,0.0035807622710455345,0.004707990240927162,0.312900274473925,0.3915080843211237
19,90,7,bg,0,0,4,4,0.3,0.7,bandit,6,0.0,1.0,15,1,0.3,0,1,4,1,0.3333333333333333,0.187099725526075,-5.545009081338703e-16,-0.187099725526075,-0.12473315035071669,0.13322646809098154,0.6644720212248263,-0.8003011606766882,0.006115744334489359,0.0,1.1102230246251565e-16,0.0020026589226587177,0.0028342366757001525,0.33346883468834687,0.4120766445355456
19,90,7,bg,0,0,4,4,0.3,0.7,bandit,6,0.0,1.0,16,2,0.7,1,0,4,1,0.3333333333333333,0.5786078098471987,0.43750000000500944,0.42139219015280127,0.6142614601018674,0.9525954968045901,0.0,-0.3039203486812426,0.0,0.0,0.0,0.025258082586427477,0.016838721724285022,0.14820742637644047,0.14820742637644047
19,90,7,bg,0,0,4,4,0.3,0.7,bandit,6,0.0,1.0,17,2,0.7,0,1,4,1,0.3333333333333333,0.6482074263764405,-0.6666666668460243,-0.6482074263764405,-0.43213828425096035,0.5658773480900519,0.6779327786914044,-0.28659092438323247,0.04052767214023717,0.0,0.0,0.03476503781473128,0.02317669187648752,0.10691469372416385,0.10691469372416385
19,90,7,bg,0,0,4,4,0.3,0.7,bandit,6,0.0,1.0,18,2,0.7,0,1,4,1,0.3333333333333333,0.6069146937241638,-0.5999999998895641,-0.6069146937241638,-0.40460979581610923,0.5185382830317894,0.6859642611799128,-0.29265509243877524,0.03351513533895367,0.0,1.1102230246251565e-16,0.045884165769797036,0.030589443846531394,0.06757675314376344,0.06757675314376344
19,90,7,bg,0,0,4,4,0.3,0.7,bandit,6,0.0,1.0,19,2,0.7,1,0,4,1,0.3333333333333333,0.5675767531437634,0.454545454597704,0.43242324685623656,0.6216154979041577,0.9718443990494868,0.0,-0.3428576367419082,5.551115123125783e-17,0.0,0.0,0.025453278710436122,0.01696885247362412,0.12756629597946967,0.12756629597946967
19,90,7,bg,0,0,4,4,0.3,0.7,bandit,6,0.0,1.0,20,2,0.7,1,0,4,1,0.3333333333333333,0.6275662959794697,0.374999999823323,0.37243370402053033,0.5816224693470202,0.871371070701734,0.0,-0.40981077705859575,5.551115123125783e-17,1.1102230246251565e-16,0.0,0.01376188270290224,0.009174588468601419,0.17725904469813125,0.17725904469813125
20,113,9,bg,1,0,4,4,0.3,0.7,tycoon,19,0.125,1.0,1,1,0.3,1,0,4,2,0.3333333333333333,0.5,NaN,0.5,0.33333333333333326,0.4054651081081643,0.6931471805599453,-0.042791644191678,0.05378194606599747,0.0,-1.1102230246251565e-16,0.08333333333333348,0.05555555555555547,0.08333333333333326,0.08333333333333326
20,113,9,bg,1,0,4,4,0.3,0.7,tycoon,19,0.125,1.0,2,2,0.7,1,0,4,2,0.3333333333333333,0.5,NaN,0.5,0.33333333333333326,0.4054651081081643,0.6931471805599453,-0.042791644191678,0.05378194606599747,0.04166666666666674,1.1102230246251565e-16,0.11815201177425982,0.05555555555555547,0.08333333333333326,0.0
20,113,9,bg,1,0,4,4,0.3,0.7,tycoon,19,0.125,1.0,3,1,0.3,0,0,1,2,0.3333333333333333,0.5833333333333333,-0.999999984947842,-0.5833333333333333,-0.7222222222222222,1.2809338454620642,0.0,-0.09878147980916858,0.0,0.0,0.0,0.03737461979762402,0.04166666666666663,0.10000000000000003,0.1833333333333333
20,113,9,bg,1,0,4,4,0.3,0.7,tycoon,19,0.125,1.0,4,2,0.7,1,1,1,2,0.3333333333333333,0.5833333333333333,1.505215796449022e-8,0.41666666666666674,0.2777777777777778,0.325422400434628,0.6901856760188042,-0.14872947946598028,0.0379367811238048,1.1102230246251565e-16,1.1102230246251565e-16,0.05288461538461542,0.03525641025641024,0.15384615384615385,0.15384615384615385
20,113,9,bg,1,0,4,4,0.3,0.7,tycoon,19,0.125,1.0,5,2,0.7,1,1,1,2,0.3333333333333333,0.6538461538461539,1.505215796449022e-8,0.34615384615384615,0.23076923076923073,0.262364264467491,0.6842317651303003,-0.2844497338353375,0.025781336264415255,0.0,0.0,0.032500000000000084,0.021666666666666612,0.20999999999999996,0.20999999999999996
20,113,9,bg,1,0,4,4,0.3,0.7,tycoon,19,0.125,1.0,6,2,0.7,1,0,1,2,0.3333333333333333,0.71,1.505215796449022e-8,0.29000000000000004,0.19333333333333325,0.21484474849951454,0.6780102022798757,-0.42625540231422954,0.017393591340592707,1.1102230246251565e-16,0.0,0.01962809917355368,0.01308539944903575,0.2534435261707988,0.2534435261707988
20,113,9,bg,1,0,4,4,0.3,0.7,tycoon,19,0.125,1.0,7,2,0.7,1,0,1,2,0.3333333333333333,0.7534435261707988,1.505215796449022e-8,0.2465564738292012,0.1643709825528007,0.1795705234220647,0.6725635843867589,-0.5618791256690523,0.011912734212403908,-2.220446049250313e-16,-1.1102230246251565e-16,0.011773940345368827,0.007849293563579218,0.2868916797488228,0.2868916797488228
20,113,9,bg,1,0,4,4,0.3,0.7,tycoon,19,0.125,1.0,8,2,0.7,1,1,1,2,0.3333333333333333,0.7868916797488228,1.505215796449022e-8,0.2131083202511772,0.1420722135007848,0.15323534795556995,0.668087395200138,-0.6867749400135641,0.008393123717155504,1.1102230246251565e-16,1.1102230246251565e-16,0.007061985361390799,0.004707990240927162,0.3129002744739249,0.3129002744739249
20,113,9,bg,1,0,4,4,0.3,0.7,tycoon,19,0.125,1.0,9,2,0.7,1,0,1,2,0.3333333333333333,0.8129002744739249,1.505215796449022e-8,0.18709972552607512,0.12473315035071664,0.1332264680909814,0.6644720212248263,-0.8003011606766882,0.006115744334489359,1.1102230246251565e-16,1.1102230246251565e-16,0.00425135501355034,0.0028342366757002635,0.33346883468834676,0.33346883468834676
20,113,9,bg,1,0,4,4,0.3,0.7,tycoon,19,0.125,1.0,10,2,0.7,1,1,1,2,0.3333333333333333,0.8334688346883468,1.505215796449022e-8,0.16653116531165324,0.11102077687443535,0.11768141480369698,0.6615437695984828,-0.9033679318738824,0.004608328505046111,-2.220446049250313e-16,-1.1102230246251565e-16,0.002573417335636763,0.0017156115570912123,0.35004572706025816,0.35004572706025816
20,113,9,bg,1,0,4,4,0.3,0.7,tycoon,19,0.125,1.0,11,2,0.7,1,0,1,2,0.3333333333333333,0.8500457270602582,1.505215796449022e-8,0.14995427293974184,0.09996951529316123,0.10532664433497851,0.6591458469017097,-0.9973043688130327,0.003579990216064477,-2.220446049250313e-16,-1.1102230246251565e-16,0.0015672919412251796,0.0010448612941501567,0.3636517594314642,0.3636517594314642
20,113,9,bg,1,0,4,4,0.3,0.7,tycoon,19,0.125,1.0,12,2,0.7,1,0,1,2,0.3333333333333333,0.8636517594314642,1.505215796449022e-8,0.13634824056853578,0.09089882704569052,0.09529888961831882,0.6571554989271757,-1.0834069179798427,0.0028554673241962814,-1.1102230246251565e-16,-1.1102230246251565e-16,0.0009603660257643254,0.0006402440171759949,0.37500517463937466,0.37500517463937466
20,113,9,bg,1,0,4,4,0.3,0.7,tycoon,19,0.125,1.0,13,2,0.7,1,1,1,2,0.3333333333333333,0.8750051746393747,1.505215796449022e-8,0.12499482536062534,0.08332988357375015,0.0870076136226205,0.6554810080662075,-1.1627994962954111,0.00232890639671135,0.0,0.0,0.0005918607209443039,0.00039457381396279523,0.3846171215507359,0.3846171215507359
20,113,9,bg,1,0,4,4,0.3,0.7,tycoon,19,0.125,1.0,14,2,0.7,1,1,1,2,0.3333333333333333,0.8846171215507359,1.505215796449022e-8,0.11538287844926409,0.07692191896617606,0.08004145322101398,0.6540545518516857,-1.2364162224386743,0.0019352886423809057,-1.1102230246251565e-16,0.0,0.00036668072249990136,0.00024445381499993424,0.39285772528116303,0.39285772528116303
20,113,9,bg,1,0,4,4,0.3,0.7,tycoon,19,0.125,1.0,15,2,0.7,1,0,1,2,0.3333333333333333,0.892857725281163,1.505215796449022e-8,0.10714227471883697,0.07142818314589117,0.07410755400323056,0.6528257068824854,-1.3050239880144636,0.001633676222827951,0.0,0.0,0.00022825436702378354,0.00015216957801600373,0.40000019513685503,0.40000019513685503
20,113,9,bg,1,0,4,4,0.3,0.7,tycoon,19,0.125,1.0,16,2,0.7,1,0,1,2,0.3333333333333333,0.900000195136855,1.505215796449022e-8,0.09999980486314497,0.06666653657542987,0.06899273210349317,0.6517565319127434,-1.3692529012510195,0.0013975562759300786,-1.1102230246251565e-16,0.0,0.00014269162750135678,9.512775166753418e-5,0.4062500653359916,0.4062500653359916
20,113,9,bg,1,0,4,4,0.3,0.7,tycoon,19,0.125,1.0,17,2,0.7,1,0,1,2,0.3333333333333333,0.9062500653359916,1.505215796449022e-8,0.09374993466400838,0.062499956442672366,0.06453847467642278,0.6508180660472828,-1.4296240201830972,0.0012092576275344324,-2.220446049250313e-16,-1.1102230246251565e-16,8.954292944429731e-5,5.969528629623522e-5,0.4117647277464227,0.4117647277464227
20,113,9,bg,1,0,4,4,0.3,0.7,tycoon,19,0.125,1.0,18,2,0.7,1,1,1,2,0.3333333333333333,0.9117647277464227,1.505215796449022e-8,0.0882352722535773,0.05882351483571857,0.06062460632938595,0.6499878786960815,-1.48657190921744,0.0010566741817006342,-4.440892098500626e-16,-2.220446049250313e-16,5.638253729312037e-5,3.758835819556161e-5,0.4166666739799958,0.4166666739799958
20,113,9,bg,1,0,4,4,0.3,0.7,tycoon,19,0.125,1.0,19,2,0.7,1,0,1,2,0.3333333333333333,0.9166666739799958,1.505215796449022e-8,0.0833333260200042,0.05555555068000262,0.05715840867759846,0.649248353766515,-1.5404622561318073,0.000931299670239083,1.1102230246251565e-16,1.1102230246251565e-16,3.5611246031352906e-5,2.3740830687679626e-5,0.42105263402427096,0.42105263402427096
20,113,9,bg,1,0,4,4,0.3,0.7,tycoon,19,0.125,1.0,20,2,0.7,1,0,1,2,0.3333333333333333,0.921052634024271,1.505215796449022e-8,0.07894736597572904,0.05263157731715262,0.054067219549492423,0.6485854766334327,-1.5916054678802989,0.0008270189824417518,0.0,0.0,2.255419780050616e-5,1.5036131867041114e-5,0.4250000008173722,0.4250000008173722
21,77,6,gb,3,3,2,3,0.7,0.3,bandit,3,0.625,0.75,1,2,0.3,0,0,3,1,0.3333333333333333,0.5,NaN,-0.5,-0.33333333333333337,0.40546510810816444,0.6931471805599453,-0.04279164419167801,0.05378194606599736,0.0,0.0,0.08333333333333337,0.05555555555555547,0.08333333333333337,0.08333333333333337
21,77,6,gb,3,3,2,3,0.7,0.3,bandit,3,0.625,0.75,2,1,0.7,1,0,3,1,0.3333333333333333,0.5,NaN,0.5,0.6666666666666666,1.0986122886681096,0.0,-0.19314718051535087,0.0,0.0,0.0,0.04166666666666663,0.02777777777777779,0.16666666666666663,0.16666666666666663
21,77,6,gb,3,3,2,3,0.7,0.3,bandit,3,0.625,0.75,3,2,0.3,0,1,2,1,0.3333333333333333,0.41666666666666663,-5.545009081338703e-16,-0.41666666666666663,-0.2777777777777778,0.325422400434628,0.6901856760188041,-0.14872947946598028,0.03793678112380475,1.1102230246251565e-16,1.1102230246251565e-16,0.019468189449786122,0.03525641025641024,0.15384615384615385,0.3205128205128205
21,77,6,gb,3,3,2,3,0.7,0.3,bandit,3,0.625,0.75,4,1,0.7,1,0,2,1,0.3333333333333333,0.6666666666666666,1.505215796449022e-8,0.33333333333333337,0.5555555555555555,0.8109302162163285,0.0,-0.4319456220025852,0.0,0.0,0.0,0.01562500000000011,0.01041666666666663,0.2499999999999999,0.2499999999999999
21,77,6,gb,3,3,2,3,0.7,0.3,bandit,3,0.625,0.75,5,2,0.3,0,1,4,1,0.3333333333333333,0.34615384615384615,-5.545009081338703e-16,-0.34615384615384615,-0.2307692307692308,0.2623642644674911,0.6842317651303003,-0.2844497338353375,0.0257813362644152,0.0,0.0,0.00511718750000012,0.021666666666666723,0.21000000000000002,0.4599999999999999
21,77,6,gb,3,3,2,3,0.7,0.3,bandit,3,0.625,0.75,6,1,0.7,0,0,4,1,0.3333333333333333,0.7499999999999999,-0.999999984947842,-0.7499999999999999,-0.5,0.6931471805599453,0.636514168294813,-0.29705541768766514,0.06921054690467393,0.0,1.1102230246251565e-16,0.02499999999999991,0.01666666666666672,0.19999999999999996,0.19999999999999996
21,77,6,gb,3,3,2,3,0.7,0.3,bandit,3,0.625,0.75,7,2,0.3,0,0,1,1,0.3333333333333333,0.29,-5.545009081338703e-16,-0.29,-0.19333333333333338,0.21484474849951468,0.6780102022798757,-0.42625540231422954,0.017393591340592762,0.0,0.0,0.004193254820720305,0.013085399449035862,0.2534435261707989,0.45344352617079886
21,77,6,gb,3,3,2,3,0.7,0.3,bandit,3,0.625,0.75,8,1,0.7,0,0,1,1,0.3333333333333333,0.7,-0.999999984947842,-0.7,-0.4666666666666667,0.6286086594223742,0.6615632381579821,-0.20400590700589533,0.06231225300813903,0.0,1.1102230246251565e-16,0.03776041666666674,0.02517361111111105,0.14583333333333326,0.14583333333333326
21,77,6,gb,3,3,2,3,0.7,0.3,bandit,3,0.625,0.75,9,2,0.3,0,0,2,1,0.3333333333333333,0.2465564738292011,-5.545009081338703e-16,-0.2465564738292011,-0.16437098255280075,0.17957052342206484,0.6725635843867588,-0.5618791256690523,0.011912734212403908,0.0,0.0,0.003581680306375623,0.00784929356357933,0.28689167974882257,0.43272501308215583
21,77,6,gb,3,3,2,3,0.7,0.3,bandit,3,0.625,0.75,10,1,0.7,0,0,2,1,0.3333333333333333,0.6458333333333333,-0.7499999978409456,-0.6458333333333333,-0.43055555555555564,0.5630940523117476,0.6785008770139085,-0.1571350842422471,0.053167047747771534,-1.1102230246251565e-16,0.0,0.05378919860627185,0.03585946573751453,0.09059233449477355,0.09059233449477355
21,77,6,gb,3,3,2,3,0.7,0.3,bandit,3,0.625,0.75,11,1,0.7,0,0,2,1,0.3333333333333333,0.5905923344947736,-0.5999999972964525,-0.5905923344947736,-0.3937282229965158,0.5004269165450922,0.6881771822372582,-0.15234512269821188,0.04329848222372032,0.01245210727969337,0.008301404853129024,0.07246767241379304,0.04831178160919547,0.03735632183908055,0.03735632183908055
21,77,6,gb,3,3,2,3,0.7,0.3,bandit,3,0.625,0.75,12,1,0.7,0,1,2,1,0.3333333333333333,0.5373563218390806,-0.49999999874887274,-0.5373563218390806,-0.35823754789272033,0.4435370560575723,0.6923940398076736,-0.17975900900527403,0.03407290818339537,0.0194029850746269,0.012935323383084563,0.08126036484245436,0.05417357656163635,0.011608623548922004,0.011608623548922004
21,77,6,gb,3,3,2,3,0.7,0.3,bandit,3,0.625,0.75,13,2,0.3,0,0,1,1,0.3333333333333333,0.2131083202511774,-5.545009081338703e-16,-0.2131083202511774,-0.14207221350078494,0.1532353479555701,0.668087395200138,-0.6867749400135641,0.008393123717155504,0.0,0.0,0.007061985361390688,0.004707990240927162,0.312900274473925,0.312900274473925
21,77,6,gb,3,3,2,3,0.7,0.3,bandit,3,0.625,0.75,14,2,0.3,0,1,4,1,0.3333333333333333,0.187099725526075,-5.545009081338703e-16,-0.187099725526075,-0.12473315035071669,0.13322646809098154,0.6644720212248263,-0.8003011606766882,0.006115744334489359,0.0,1.1102230246251565e-16,0.004251355013550118,0.0028342366757002635,0.33346883468834687,0.33346883468834687
21,77,6,gb,3,3,2,3,0.7,0.3,bandit,3,0.625,0.75,15,1,0.7,0,1,4,1,0.3333333333333333,0.488391376451078,-0.42857142831688716,-0.488391376451078,-0.32559425096738537,0.393923347667993,0.6930813365993375,-0.22800730239285252,0.026290814189475292,0.0,0.0,0.058860143442623025,0.03924009562841535,0.055163934426229466,0.055163934426229466
21,77,6,gb,3,3,2,3,0.7,0.3,bandit,3,0.625,0.75,16,2,0.3,0,0,1,1,0.3333333333333333,0.1665311653116531,-5.545009081338703e-16,-0.1665311653116531,-0.11102077687443543,0.11768141480369711,0.6615437695984828,-0.9033679318738824,0.004608328505046,0.0,-1.1102230246251565e-16,0.002573417335636763,0.0017156115570913233,0.3500457270602581,0.3500457270602581
21,77,6,gb,3,3,2,3,0.7,0.3,bandit,3,0.625,0.75,17,2,0.3,0,0,2,1,0.3333333333333333,0.1499542729397419,-5.545009081338703e-16,-0.1499542729397419,-0.09996951529316128,0.10532664433497851,0.6591458469017097,-0.9973043688130327,0.003579990216064477,0.0,0.0,0.0015672919412251796,0.0010448612941502677,0.3636517594314641,0.3636517594314641
21,77,6,gb,3,3,2,3,0.7,0.3,bandit,3,0.625,0.75,18,1,0.7,1,0,3,1,0.3333333333333333,0.44483606557377053,0.6250000004954153,0.5551639344262295,0.7034426229508196,1.2155145647661072,0.0,-0.23609603900380247,0.0,0.0,0.0,0.0639911239258254,0.042660749283883526,0.034901251319161775,0.034901251319161775
21,77,6,gb,3,3,2,3,0.7,0.3,bandit,3,0.625,0.75,19,1,0.7,0,1,4,1,0.3333333333333333,0.5349012513191618,-0.4999999984995474,-0.5349012513191618,-0.35660083421277455,0.44098996074748675,0.692493142237828,-0.26836275621598926,0.027180458416647624,0.018081699601655843,0.012054466401103858,0.0751776927282668,0.050118461818844384,0.0050118461818845494,0.0050118461818845494
21,77,6,gb,3,3,2,3,0.7,0.3,bandit,3,0.625,0.75,20,2,0.3,0,1,3,1,0.3333333333333333,0.13634824056853592,-5.545009081338703e-16,-0.13634824056853592,-0.09089882704569063,0.09529888961831895,0.6571554989271757,-1.0834069179798427,0.0028554673241962814,0.0,-1.1102230246251565e-16,0.0009603660257642144,0.0006402440171761059,0.37500517463937466,0.37500517463937466
22,83,6,bg,4,4,4,4,0.7,0.3,tycoon,16,1.0,1.0,1,1,0.7,1,1,3,2,0.3333333333333333,0.5,NaN,0.5,0.33333333333333326,0.4054651081081643,0.6931471805599453,-0.042791644191678,0.05378194606599747,0.0,-1.1102230246251565e-16,0.08333333333333348,0.05555555555555547,0.08333333333333326,0.08333333333333326
22,83,6,bg,4,4,4,4,0.7,0.3,tycoon,16,1.0,1.0,2,1,0.7,1,1,4,2,0.3333333333333333,0.5833333333333333,1.505215796449022e-8,0.41666666666666674,0.2777777777777778,0.325422400434628,0.6901856760188042,-0.14872947946598028,0.0379367811238048,1.1102230246251565e-16,1.1102230246251565e-16,0.05288461538461542,0.03525641025641024,0.15384615384615385,0.15384615384615385
22,83,6,bg,4,4,4,4,0.7,0.3,tycoon,16,1.0,1.0,3,2,0.3,0,0,4,2,0.3333333333333333,0.5,NaN,-0.5,-0.6666666666666667,1.09861228866811,0.0,-0.19314718051535068,0.0,0.0,0.0,0.013825671769216785,0.02777777777777768,0.16666666666666674,0.3205128205128206
22,83,6,bg,4,4,4,4,0.7,0.3,tycoon,16,1.0,1.0,4,1,0.7,1,0,4,2,0.3333333333333333,0.6538461538461539,1.505215796449022e-8,0.34615384615384615,0.23076923076923073,0.262364264467491,0.6842317651303003,-0.2844497338353375,0.025781336264415255,0.0,1.1102230246251565e-16,0.032500000000000084,0.021666666666666723,0.20999999999999996,0.20999999999999996
22,83,6,bg,4,4,4,4,0.7,0.3,tycoon,16,1.0,1.0,5,1,0.7,1,0,4,2,0.3333333333333333,0.71,1.505215796449022e-8,0.29000000000000004,0.19333333333333325,0.21484474849951454,0.6780102022798757,-0.42625540231422954,0.017393591340592707,1.1102230246251565e-16,1.1102230246251565e-16,0.01962809917355368,0.013085399449035973,0.2534435261707988,0.2534435261707988
22,83,6,bg,4,4,4,4,0.7,0.3,tycoon,16,1.0,1.0,6,2,0.3,1,1,4,2,0.3333333333333333,0.33333333333333326,0.9999999999999997,0.6666666666666667,0.44444444444444453,0.5877866649021192,0.6730116670092565,-0.09878147980916858,0.06714394951790816,0.0,-1.1102230246251565e-16,0.008253826522023,0.04166666666666663,0.10000000000000003,0.3534435261707988
22,83,6,bg,4,4,4,4,0.7,0.3,tycoon,16,1.0,1.0,7,1,0.7,0,0,1,2,0.3333333333333333,0.7534435261707988,-0.999999984947842,-0.7534435261707988,-0.8356290174471993,1.8056293170922058,0.0,-0.14521767508955086,0.0,0.0,0.0,0.05955706304868302,0.039704708699122127,0.08339984038308068,0.08339984038308068
22,83,6,bg,4,4,4,4,0.7,0.3,tycoon,16,1.0,1.0,8,2,0.3,1,0,3,2,0.3333333333333333,0.39999999999999997,0.7499999999999998,0.6000000000000001,0.3999999999999999,0.5108256237659905,0.6869615765973234,-0.06641254138672092,0.05538446170840036,0.0,0.014814814814814725,0.053895438898536985,0.05833333333333324,0.033333333333333326,0.11673317371641401
22,83,6,bg,4,4,4,4,0.7,0.3,tycoon,16,1.0,1.0,9,1,0.7,0,0,4,2,0.3333333333333333,0.5833998403830807,-0.6999999990174539,-0.5833998403830807,-0.7222665602553873,1.2810934751215948,0.0,-0.15234512269821177,0.0,0.0,0.0,0.07246767241379315,0.04831178160919536,0.037356321839080386,0.037356321839080386
22,83,6,bg,4,4,4,4,0.7,0.3,tycoon,16,1.0,1.0,10,1,0.7,1,0,4,2,0.3333333333333333,0.4626436781609196,0.500000001677886,0.5373563218390804,0.3582375478927202,0.44353705605757215,0.6923940398076736,-0.17975900900527386,0.034072908183395534,0.019402985074626677,0.012935323383084674,0.08126036484245436,0.05417357656163635,0.011608623548922115,0.011608623548922115
22,83,6,bg,4,4,4,4,0.7,0.3,tycoon,16,1.0,1.0,11,1,0.7,1,1,4,2,0.3333333333333333,0.5116086235489221,0.4285714261887835,0.4883913764510779,0.32559425096738526,0.3939233476679928,0.6930813365993375,-0.22800730239285233,0.026290814189475376,0.0,1.1102230246251565e-16,0.0588601434426228,0.03924009562841524,0.05516393442622958,0.05516393442622958
22,83,6,bg,4,4,4,4,0.7,0.3,tycoon,16,1.0,1.0,12,1,0.7,1,0,4,2,0.3333333333333333,0.5551639344262296,0.3749999995025072,0.4448360655737704,0.2965573770491803,0.3517689651698778,0.6917799599357861,-0.2874591223088539,0.02017090234217428,0.0,-1.1102230246251565e-16,0.04198335310692558,0.027988902071283572,0.0931336200504227,0.0931336200504227
22,83,6,bg,4,4,4,4,0.7,0.3,tycoon,16,1.0,1.0,13,1,0.7,1,1,4,2,0.3333333333333333,0.5931336200504227,0.33333333342038196,0.4068663799495773,0.27124425329971824,0.31641665565345756,0.6895133632202006,-0.3514285693112917,0.01556078354436291,1.1102230246251565e-16,1.1102230246251565e-16,0.029628357753357704,0.019752238502238395,0.1259327092660426,0.1259327092660426
22,83,6,bg,4,4,4,4,0.7,0.3,tycoon,16,1.0,1.0,14,1,0.7,1,1,4,2,0.3333333333333333,0.6259327092660426,0.2999999994765503,0.3740672907339574,0.24937819382263826,0.28685334104138843,0.6868791467739987,-0.4159276158960932,0.012160998975677462,0.0,-1.1102230246251565e-16,0.020759811475086876,0.01383987431672451,0.1542284868187811,0.1542284868187811
22,83,6,bg,4,4,4,4,0.7,0.3,tycoon,16,1.0,1.0,15,1,0.7,1,0,4,2,0.3333333333333333,0.6542284868187811,0.27272727106815275,0.3457715131812189,0.23051434212081268,0.26203296411057186,0.6841932166414267,-0.47887894856023644,0.009665827785921732,-1.1102230246251565e-16,-1.1102230246251565e-16,0.014476193881852839,0.009650795921235189,0.17872522111711464,0.17872522111711464
22,83,6,bg,4,4,4,4,0.7,0.3,tycoon,16,1.0,1.0,16,1,0.7,0,0,4,2,0.3333333333333333,0.6787252211171146,-0.7500000034254689,-0.6787252211171146,-0.7858168140780765,1.5409236211460757,0.0,-0.4135225841584971,0.0,0.0,0.0,0.030673027783264084,0.020448685188842686,0.10044678175425426,0.10044678175425426
22,83,6,bg,4,4,4,4,0.7,0.3,tycoon,16,1.0,1.0,17,1,0.7,1,0,4,2,0.3333333333333333,0.6004467817542543,0.3461538466162859,0.39955321824574574,0.26636881216383057,0.3097488455354686,0.688975523151582,-0.4653108399541993,0.011025522306563007,-1.1102230246251565e-16,0.0,0.02240289279416341,0.014935261862775606,0.12519031265371405,0.12519031265371405
22,83,6,bg,4,4,4,4,0.7,0.3,tycoon,16,1.0,1.0,18,1,0.7,1,0,4,2,0.3333333333333333,0.625190312653714,0.3214285715417623,0.37480968734628595,0.2498731248975239,0.2875129199555696,0.6869447908889729,-0.5159806516842601,0.00906169696846404,0.0,0.0,0.016283189597942282,0.010855459731961337,0.14713841797211025,0.14713841797211025
22,83,6,bg,4,4,4,4,0.7,0.3,tycoon,16,1.0,1.0,19,1,0.7,1,1,4,2,0.3333333333333333,0.6471384179721102,0.29999999939387045,0.35286158202788975,0.2352410546852599,0.26819459897508807,0.6848984405565889,-0.5650131568912712,0.007557540056747913,-1.1102230246251565e-16,0.0,0.01178855144616131,0.007859034297440726,0.1666994319058207,0.1666994319058207
22,83,6,bg,4,4,4,4,0.7,0.3,tycoon,16,1.0,1.0,20,1,0.7,1,0,4,2,0.3333333333333333,0.6666994319058207,0.28124999913513515,0.3333005680941793,0.22220037872945275,0.2512863441845644,0.6829046419000292,-0.6122221718830456,0.006390419051735652,0.0,0.0,0.00850613157366975,0.0056707543824464635,0.18422382912199375,0.18422382912199375
23,83,6,gb,2,1,3,2,0.3,0.7,bandit,7,0.375,0.625,1,1,0.3,0,1,1,1,0.3333333333333333,0.5,NaN,-0.5,-0.33333333333333337,0.40546510810816444,0.6931471805599453,-0.04279164419167801,0.05378194606599736,0.0,0.0,0.08333333333333337,0.05555555555555547,0.08333333333333337,0.08333333333333337
23,83,6,gb,2,1,3,2,0.3,0.7,bandit,7,0.375,0.625,2,2,0.7,0,1,1,1,0.3333333333333333,0.5,NaN,-0.5,-0.33333333333333337,0.40546510810816444,0.6931471805599453,-0.04279164419167801,0.05378194606599736,0.0,-1.1102230246251565e-16,0.08333333333333337,0.05555555555555547,0.08333333333333337,0.08333333333333337
23,83,6,gb,2,1,3,2,0.3,0.7,bandit,7,0.375,0.625,3,2,0.7,0,1,4,1,0.3333333333333333,0.41666666666666663,-5.545009081338703e-16,-0.41666666666666663,-0.2777777777777778,0.325422400434628,0.6901856760188041,-0.14872947946598028,0.03793678112380475,0.0,0.0,0.05288461538461542,0.03525641025641024,0.15384615384615385,0.15384615384615385
23,83,6,gb,2,1,3,2,0.3,0.7,bandit,7,0.375,0.625,4,2,0.7,0,0,4,1,0.3333333333333333,0.34615384615384615,-5.545009081338703e-16,-0.34615384615384615,-0.2307692307692308,0.2623642644674911,0.6842317651303003,-0.2844497338353375,0.0257813362644152,0.0,-1.1102230246251565e-16,0.03249999999999997,0.021666666666666723,0.21000000000000002,0.21000000000000002
23,83,6,gb,2,1,3,2,0.3,0.7,bandit,7,0.375,0.625,5,1,0.3,1,0,4,1,0.3333333333333333,0.41666666666666663,0.9999999999999994,0.5833333333333334,0.7222222222222222,1.2809338454620642,0.0,-0.09878147980916833,0.0,0.0,0.0,0.0625,0.04166666666666652,0.09999999999999987,0.09999999999999987
23,83,6,gb,2,1,3,2,0.3,0.7,bandit,7,0.375,0.625,6,1,0.3,0,0,3,1,0.3333333333333333,0.5999999999999999,-0.7500000000000001,-0.5999999999999999,-0.39999999999999997,0.5108256237659905,0.6869615765973234,-0.06641254138672094,0.05538446170840032,0.022222222222222254,0.014814814814814836,0.08750000000000002,0.05833333333333335,0.033333333333333326,0.033333333333333326
23,83,6,gb,2,1,3,2,0.3,0.7,bandit,7,0.375,0.625,7,2,0.7,1,0,1,1,0.3333333333333333,0.29,0.9999999999999994,0.71,0.8066666666666666,1.6433394641097814,0.0,-0.08739425626637275,0.0,0.0,0.0,0.0724527588674233,0.05747126436781613,0.02873563218390801,0.06206896551724134
23,83,6,gb,2,1,3,2,0.3,0.7,bandit,7,0.375,0.625,8,1,0.3,0,0,1,1,0.3333333333333333,0.5333333333333333,-0.4999999990102087,-0.5333333333333333,-0.3555555555555556,0.4393666597838458,0.6925525323607233,-0.08739425626637275,0.04314031141012996,0.01724137931034475,0.011494252873563204,0.08620689655172409,0.05747126436781602,0.02873563218390801,0.02873563218390801
23,83,6,gb,2,1,3,2,0.3,0.7,bandit,7,0.375,0.625,9,2,0.7,1,0,4,1,0.3333333333333333,0.471264367816092,0.6249999949751466,0.5287356321839081,0.6858237547892719,1.15780116005844,0.0,-0.1571350842422471,0.0,0.0,0.0,0.05378919860627185,0.03585946573751442,0.09059233449477355,0.09059233449477355
23,83,6,gb,2,1,3,2,0.3,0.7,bandit,7,0.375,0.625,10,2,0.7,0,1,3,1,0.3333333333333333,0.5905923344947736,-0.5999999972964525,-0.5905923344947736,-0.3937282229965158,0.5004269165450922,0.6881771822372582,-0.15234512269821188,0.04329848222372032,0.01245210727969337,0.008301404853128802,0.07246767241379304,0.04831178160919536,0.03735632183908055,0.03735632183908055
23,83,6,gb,2,1,3,2,0.3,0.7,bandit,7,0.375,0.625,11,1,0.3,0,1,4,1,0.3333333333333333,0.471264367816092,-0.37500000502485337,-0.471264367816092,-0.31417624521072807,0.37713460148193856,0.6927570046594116,-0.145217675089551,0.03231445903788896,0.0,1.1102230246251565e-16,0.04779070015726261,0.039704708699122127,0.08339984038308051,0.12075616222216107
23,83,6,gb,2,1,3,2,0.3,0.7,bandit,7,0.375,0.625,12,1,0.3,0,0,4,1,0.3333333333333333,0.4166001596169195,-0.30000000098701385,-0.4166001596169195,-0.277733439744613,0.3253610111961422,0.6901813069103601,-0.22325417073184692,0.023753989707684525,0.0,0.0,0.031410532329110064,0.026818600368324175,0.1298342541436464,0.16719057598272696
23,83,6,gb,2,1,3,2,0.3,0.7,bandit,7,0.375,0.625,13,2,0.7,0,1,4,1,0.3333333333333333,0.5373563218390806,-0.49999999874887274,-0.5373563218390806,-0.35823754789272033,0.4435370560575723,0.6923940398076736,-0.17975900900527403,0.03407290818339537,0.0194029850746269,0.012935323383084563,0.08126036484245436,0.05417357656163624,0.011608623548922004,0.011608623548922004
23,83,6,gb,2,1,3,2,0.3,0.7,bandit,7,0.375,0.625,14,2,0.7,1,0,4,1,0.3333333333333333,0.488391376451078,0.5714285716831129,0.511608623548922,0.6744057490326146,1.1221033017437083,0.0,-0.2228608825806698,0.0,0.0,0.0,0.04905029711375197,0.032700198075834686,0.07860780984719873,0.07860780984719873
23,83,6,gb,2,1,3,2,0.3,0.7,bandit,7,0.375,0.625,15,1,0.3,0,0,4,1,0.3333333333333333,0.3701657458563536,-0.2500000013594461,-0.3701657458563536,-0.24677716390423582,0.28339416389113375,0.6865299089505599,-0.3092008770384171,0.017446775436758266,0.0,0.0,0.014654495818195667,0.01785633432943945,0.1685683238250475,0.24717613367224622
23,83,6,gb,2,1,3,2,0.3,0.7,bandit,7,0.375,0.625,16,2,0.7,1,0,4,1,0.3333333333333333,0.5786078098471987,0.43750000000500944,0.42139219015280127,0.6142614601018674,0.9525954968045901,0.0,-0.3039203486812426,0.0,0.0,0.0,0.025258082586427477,0.016838721724285022,0.14820742637644047,0.14820742637644047
23,83,6,gb,2,1,3,2,0.3,0.7,bandit,7,0.375,0.625,17,2,0.7,1,0,4,1,0.3333333333333333,0.6482074263764405,0.33333333315397573,0.35179257362355953,0.5678617157490397,0.8390096395271014,0.0,-0.40314200060979377,0.0,-1.1102230246251565e-16,0.0,0.012765239197530698,0.00851015946502054,0.20246913580246917,0.20246913580246917
23,83,6,gb,2,1,3,2,0.3,0.7,bandit,7,0.375,0.625,18,1,0.3,0,0,4,1,0.3333333333333333,0.3314316761749525,-0.21428571120777382,-0.3314316761749525,-0.22095445078330167,0.24968576342578275,0.6827064730455019,-0.3957106648283263,0.012973104587097994,0.0,0.0,0.0025862624922118327,0.011791429346352134,0.2007323026851099,0.40320143848757906
23,83,6,gb,2,1,3,2,0.3,0.7,bandit,7,0.375,0.625,19,2,0.7,0,1,4,1,0.3333333333333333,0.7024691358024692,-0.7500000002530951,-0.7024691358024692,-0.4683127572016461,0.631699851992047,0.6605668054089235,-0.360692175399716,0.045299229434115906,2.220446049250313e-16,1.1102230246251565e-16,0.018403051693855588,0.012268701129237058,0.16480114312931637,0.16480114312931637
23,83,6,gb,2,1,3,2,0.3,0.7,bandit,7,0.375,0.625,20,2,0.7,1,0,4,1,0.3333333333333333,0.6648011431293164,0.3181818184993459,0.3351988568706836,0.5567992379137889,0.8137324240419425,0.0,-0.4482857932133263,-2.220446049250313e-16,0.0,0.0,0.009545754130843576,0.006363836087228902,0.2115797958087049,0.2115797958087049
24,75,6,gb,0,0,0,0,0.3,0.7,bandit,6,0.0,0.0,1,2,0.7,0,0,1,1,0.3333333333333333,0.5,NaN,-0.5,-0.33333333333333337,0.40546510810816444,0.6931471805599453,-0.04279164419167801,0.05378194606599736,0.0,0.0,0.08333333333333337,0.05555555555555547,0.08333333333333337,0.08333333333333337
24,75,6,gb,0,0,0,0,0.3,0.7,bandit,6,0.0,0.0,2,2,0.7,1,0,4,1,0.3333333333333333,0.41666666666666663,0.9999999999999994,0.5833333333333334,0.7222222222222222,1.2809338454620642,0.0,-0.09878147980916833,0.0,0.0,0.0,0.0625,0.04166666666666663,0.09999999999999987,0.09999999999999987
24,75,6,gb,0,0,0,0,0.3,0.7,bandit,6,0.0,0.0,3,2,0.7,0,0,4,1,0.3333333333333333,0.5999999999999999,-0.7500000000000001,-0.5999999999999999,-0.39999999999999997,0.5108256237659905,0.6869615765973234,-0.06641254138672094,0.05538446170840032,0.022222222222222254,0.014814814814814836,0.08750000000000002,0.05833333333333335,0.033333333333333326,0.033333333333333326
24,75,6,gb,0,0,0,0,0.3,0.7,bandit,6,0.0,0.0,4,2,0.7,0,1,1,1,0.3333333333333333,0.5333333333333333,-0.4999999990102087,-0.5333333333333333,-0.3555555555555556,0.4393666597838458,0.6925525323607233,-0.08739425626637275,0.04314031141012996,0.01724137931034475,0.011494252873563204,0.08620689655172409,0.05747126436781613,0.02873563218390801,0.02873563218390801
24,75,6,gb,0,0,0,0,0.3,0.7,bandit,6,0.0,0.0,5,2,0.7,0,0,1,1,0.3333333333333333,0.471264367816092,-0.37500000502485337,-0.471264367816092,-0.31417624521072807,0.37713460148193856,0.6927570046594116,-0.145217675089551,0.03231445903788896,0.0,1.1102230246251565e-16,0.059557063048683245,0.03970470869912224,0.08339984038308051,0.08339984038308051
24,75,6,gb,0,0,0,0,0.3,0.7,bandit,6,0.0,0.0,6,2,0.7,0,1,1,1,0.3333333333333333,0.4166001596169195,-0.30000000098701385,-0.4166001596169195,-0.277733439744613,0.3253610111961422,0.6901813069103601,-0.22325417073184692,0.023753989707684525,0.0,1.1102230246251565e-16,0.04022790055248615,0.026818600368324286,0.1298342541436464,0.1298342541436464
24,75,6,gb,0,0,0,0,0.3,0.7,bandit,6,0.0,0.0,7,1,0.3,0,0,1,1,0.3333333333333333,0.5,NaN,-0.5,-0.33333333333333337,0.40546510810816444,0.6931471805599453,-0.04279164419167801,0.05378194606599736,0.0,-1.1102230246251565e-16,0.08333333333333337,0.05555555555555536,0.08333333333333337,0.08333333333333337
24,75,6,gb,0,0,0,0,0.3,0.7,bandit,6,0.0,0.0,8,1,0.3,0,1,1,1,0.3333333333333333,0.41666666666666663,-5.545009081338703e-16,-0.41666666666666663,-0.2777777777777778,0.325422400434628,0.6901856760188041,-0.14872947946598028,0.03793678112380475,0.0,1.1102230246251565e-16,0.05288461538461542,0.03525641025641024,0.15384615384615385,0.15384615384615385
24,75,6,gb,0,0,0,0,0.3,0.7,bandit,6,0.0,0.0,9,1,0.3,0,0,1,1,0.3333333333333333,0.34615384615384615,-5.545009081338703e-16,-0.34615384615384615,-0.2307692307692308,0.2623642644674911,0.6842317651303003,-0.2844497338353375,0.0257813362644152,0.0,-1.1102230246251565e-16,0.03249999999999997,0.021666666666666612,0.21000000000000002,0.21000000000000002
24,75,6,gb,0,0,0,0,0.3,0.7,bandit,6,0.0,0.0,10,1,0.3,0,0,1,1,0.3333333333333333,0.29,-5.545009081338703e-16,-0.29,-0.19333333333333338,0.21484474849951468,0.6780102022798757,-0.42625540231422954,0.017393591340592762,0.0,1.1102230246251565e-16,0.01962809917355368,0.01308539944903575,0.2534435261707989,0.2534435261707989
24,75,6,gb,0,0,0,0,0.3,0.7,bandit,6,0.0,0.0,11,2,0.7,1,0,4,1,0.3333333333333333,0.3701657458563536,0.7499999986405539,0.6298342541436464,0.7532228360957642,1.3992695199830236,0.0,-0.17975900900527403,0.0,0.0,0.0,0.08126036484245436,0.05417357656163624,0.011608623548922004,0.011608623548922004
24,75,6,gb,0,0,0,0,0.3,0.7,bandit,6,0.0,0.0,12,2,0.7,0,1,1,1,0.3333333333333333,0.488391376451078,-0.42857142831688716,-0.488391376451078,-0.32559425096738537,0.393923347667993,0.6930813365993375,-0.22800730239285252,0.026290814189475292,0.0,-1.1102230246251565e-16,0.058860143442623025,0.03924009562841524,0.055163934426229466,0.055163934426229466
24,75,6,gb,0,0,0,0,0.3,0.7,bandit,6,0.0,0.0,13,2,0.7,1,0,1,1,0.3333333333333333,0.44483606557377053,0.6250000004954153,0.5551639344262295,0.7034426229508196,1.2155145647661072,0.0,-0.23609603900380247,0.0,0.0,0.0,0.0639911239258254,0.04266074928388364,0.034901251319161775,0.034901251319161775
24,75,6,gb,0,0,0,0,0.3,0.7,bandit,6,0.0,0.0,14,2,0.7,1,0,1,1,0.3333333333333333,0.5349012513191618,0.5000000015004527,0.4650987486808382,0.6433991657872254,1.03113823420425,0.0,-0.28659092438323247,5.551115123125783e-17,0.0,0.0,0.03476503781473128,0.02317669187648752,0.10691469372416385,0.10691469372416385
24,75,6,gb,0,0,0,0,0.3,0.7,bandit,6,0.0,0.0,15,2,0.7,0,1,1,1,0.3333333333333333,0.6069146937241638,-0.5999999998895641,-0.6069146937241638,-0.40460979581610923,0.5185382830317894,0.6859642611799128,-0.29265509243877524,0.03351513533895367,0.0,0.0,0.045884165769797036,0.030589443846531394,0.06757675314376344,0.06757675314376344
24,75,6,gb,0,0,0,0,0.3,0.7,bandit,6,0.0,0.0,16,2,0.7,1,0,1,1,0.3333333333333333,0.5675767531437634,0.454545454597704,0.43242324685623656,0.6216154979041577,0.9718443990494868,0.0,-0.3428576367419082,5.551115123125783e-17,0.0,0.0,0.025453278710436122,0.01696885247362412,0.12756629597946967,0.12756629597946967
24,75,6,gb,0,0,0,0,0.3,0.7,bandit,6,0.0,0.0,17,2,0.7,0,1,1,1,0.3333333333333333,0.6275662959794697,-0.625000000176677,-0.6275662959794697,-0.41837753065297983,0.5419337198312686,0.6824187758356169,-0.345207685734061,0.032583076770349884,0.0,1.1102230246251565e-16,0.033863231298770335,0.022575487532513594,0.09182089308330266,0.09182089308330266
24,75,6,gb,0,0,0,0,0.3,0.7,bandit,6,0.0,0.0,18,2,0.7,0,0,1,1,0.3333333333333333,0.5918208930833027,-0.5769230768351276,-0.5918208930833027,-0.3945472620555351,0.5017787736275389,0.6880273884855075,-0.3624568508914792,0.02694651526251174,-1.1102230246251565e-16,0.0,0.043489037125497676,0.02899269141699845,0.05827841381947407,0.05827841381947407
24,75,6,gb,0,0,0,0,0.3,0.7,bandit,6,0.0,0.0,19,2,0.7,1,0,1,1,0.3333333333333333,0.5582784138194741,0.4642857143593925,0.4417215861805259,0.6278143907870173,0.9883625996456363,0.0,-0.3932129201564539,3.3306690738754696e-16,1.1102230246251565e-16,1.1102230246251565e-16,0.025544880069783393,0.017029920046522262,0.11053007653777647,0.11053007653777647
24,75,6,gb,0,0,0,0,0.3,0.7,bandit,6,0.0,0.0,20,2,0.7,0,1,1,1,0.3333333333333333,0.6105300765377765,-0.6000000006309106,-0.6105300765377765,-0.40702005102518435,0.5225946934147374,0.6854062773943186,-0.40683828530855715,0.026400827926653436,1.1102230246251565e-16,0.0,0.03306321892382835,0.022042145949218828,0.07955490631534856,0.07955490631534856
25,117,9,bg,4,3,3,3,0.7,0.3,bandit,3,0.75,0.875,1,2,0.3,0,1,1,1,0.3333333333333333,0.5,NaN,-0.5,-0.33333333333333337,0.40546510810816444,0.6931471805599453,-0.04279164419167801,0.05378194606599736,0.0,0.0,0.08333333333333337,0.05555555555555547,0.08333333333333337,0.08333333333333337
25,117,9,bg,4,3,3,3,0.7,0.3,bandit,3,0.75,0.875,2,1,0.7,0,0,1,1,0.3333333333333333,0.5,NaN,-0.5,-0.33333333333333337,0.40546510810816444,0.6931471805599453,-0.04279164419167801,0.05378194606599736,0.0,-1.1102230246251565e-16,0.08333333333333337,0.05555555555555547,0.08333333333333337,0.08333333333333337
25,117,9,bg,4,3,3,3,0.7,0.3,bandit,3,0.75,0.875,3,2,0.3,0,0,1,1,0.3333333333333333,0.41666666666666663,-5.545009081338703e-16,-0.41666666666666663,-0.2777777777777778,0.325422400434628,0.6901856760188041,-0.14872947946598028,0.03793678112380475,0.0,0.0,0.05288461538461542,0.03525641025641024,0.15384615384615385,0.15384615384615385
25,117,9,bg,4,3,3,3,0.7,0.3,bandit,3,0.75,0.875,4,2,0.3,0,1,1,1,0.3333333333333333,0.34615384615384615,-5.545009081338703e-16,-0.34615384615384615,-0.2307692307692308,0.2623642644674911,0.6842317651303003,-0.2844497338353375,0.0257813362644152,0.0,-1.1102230246251565e-16,0.03249999999999997,0.021666666666666723,0.21000000000000002,0.21000000000000002
25,117,9,bg,4,3,3,3,0.7,0.3,bandit,3,0.75,0.875,5,2,0.3,0,0,1,1,0.3333333333333333,0.29,-5.545009081338703e-16,-0.29,-0.19333333333333338,0.21484474849951468,0.6780102022798757,-0.42625540231422954,0.017393591340592762,0.0,0.0,0.01962809917355368,0.013085399449035862,0.2534435261707989,0.2534435261707989
25,117,9,bg,4,3,3,3,0.7,0.3,bandit,3,0.75,0.875,6,2,0.3,1,0,1,1,0.3333333333333333,0.2465564738292011,0.9999999999999994,0.7534435261707989,0.8356290174471992,1.8056293170922053,0.0,-0.145217675089551,0.0,0.0,0.0,0.059557063048683245,0.039704708699122127,0.08339984038308051,0.08339984038308051
25,117,9,bg,4,3,3,3,0.7,0.3,bandit,3,0.75,0.875,7,2,0.3,0,0,1,1,0.3333333333333333,0.4166001596169195,-0.30000000098701385,-0.4166001596169195,-0.277733439744613,0.3253610111961422,0.6901813069103601,-0.22325417073184692,0.023753989707684525,0.0,0.0,0.04022790055248615,0.026818600368324064,0.1298342541436464,0.1298342541436464
25,117,9,bg,4,3,3,3,0.7,0.3,bandit,3,0.75,0.875,8,2,0.3,0,0,1,1,0.3333333333333333,0.3701657458563536,-0.2500000013594461,-0.3701657458563536,-0.24677716390423582,0.28339416389113375,0.6865299089505599,-0.3092008770384171,0.017446775436758266,0.0,-1.1102230246251565e-16,0.02678450149415923,0.01785633432943945,0.1685683238250475,0.1685683238250475
25,117,9,bg,4,3,3,3,0.7,0.3,bandit,3,0.75,0.875,9,1,0.7,1,0,1,1,0.3333333333333333,0.41666666666666663,0.9999999999999994,0.5833333333333334,0.7222222222222222,1.2809338454620642,0.0,-0.09878147980916833,0.0,0.0,0.0,0.0625,0.04166666666666663,0.09999999999999987,0.09999999999999987
25,117,9,bg,4,3,3,3,0.7,0.3,bandit,3,0.75,0.875,10,2,0.3,0,1,1,1,0.3333333333333333,0.3314316761749525,-0.21428571120777382,-0.3314316761749525,-0.22095445078330167,0.24968576342578275,0.6827064730455019,-0.3957106648283263,0.012973104587097994,0.0,-1.1102230246251565e-16,0.0074257644950832535,0.011791429346351912,0.2007323026851099,0.30073230268510975
25,117,9,bg,4,3,3,3,0.7,0.3,bandit,3,0.75,0.875,11,2,0.3,0,1,1,1,0.3333333333333333,0.2992676973148901,-0.18750000906663172,-0.2992676973148901,-0.19951179820992682,0.22253348520479543,0.6791076299320256,-0.4791391417344011,0.009841753851782098,0.0,1.1102230246251565e-16,0.004458272710863964,0.007754409309603472,0.22754994548041918,0.32754994548041905
25,117,9,bg,4,3,3,3,0.7,0.3,bandit,3,0.75,0.875,12,2,0.3,0,0,1,1,0.3333333333333333,0.2724500545195808,-0.16666666645717676,-0.2724500545195808,-0.18163336967972057,0.20044483946697295,0.6758665393660739,-0.5580527251703007,0.007640859362410546,0.0,0.0,0.00266327361430041,0.0050915366259418615,0.25010350564199846,0.3501035056419983
25,117,9,bg,4,3,3,3,0.7,0.3,bandit,3,0.75,0.875,13,2,0.3,0,1,1,1,0.3333333333333333,0.24989649435800154,-0.15000000388690934,-0.24989649435800154,-0.1665976629053344,0.1822387557084604,0.6729982360996122,-0.632146313336945,0.006070404564555543,0.0,-1.1102230246251565e-16,0.001586699280824111,0.00334273829802767,0.2692689835342672,0.36926898353426707
25,117,9,bg,4,3,3,3,0.7,0.3,bandit,3,0.75,0.875,14,2,0.3,0,1,1,1,0.3333333333333333,0.2307310164657328,-0.13636363443082913,-0.2307310164657328,-0.15382067764382185,0.16702397687729043,0.6704725392173686,-0.7016137230328479,0.004926175002460065,0.0,0.0,0.0009441332104930256,0.0021960431796498314,0.2857282641187261,0.38572826411872596
25,117,9,bg,4,3,3,3,0.7,0.3,bandit,3,0.75,0.875,15,2,0.3,0,0,1,1,0.3333333333333333,0.2142717358812739,-0.12500000015861815,-0.2142717358812739,-0.14284782392084927,0.15413980779401656,0.6682465666383717,-0.7668290417988832,0.004073210125951521,0.0,-1.1102230246251565e-16,0.0005615760050760032,0.0014441559189769526,0.3000050735879327,0.4000050735879326
25,117,9,bg,4,3,3,3,0.7,0.3,bandit,3,0.75,0.875,16,2,0.3,0,1,1,1,0.3333333333333333,0.19999492641206731,-0.11538461536395246,-0.19999492641206731,-0.13332995094137823,0.14309694088834088,0.6662777369083082,-0.8282023336642567,0.0034229116696499196,0.0,0.0,0.0003340678075853809,0.000950756816538556,0.31250182941158594,0.4125018294115858
25,117,9,bg,4,3,3,3,0.7,0.3,bandit,3,0.75,0.875,17,2,0.3,0,0,1,1,0.3333333333333333,0.18749817058841406,-0.1071428588479904,-0.18749817058841406,-0.12499878039227603,0.13352999878809524,0.6645281808569811,-0.8861218574163132,0.0029166886702765016,0.0,0.0,0.00019880505924829706,0.0006266151273323084,0.32353006768727344,0.4235300676872733
25,117,9,bg,4,3,3,3,0.7,0.3,bandit,3,0.75,0.875,18,2,0.3,0,0,1,1,0.3333333333333333,0.17646993231272656,-0.09999999911440233,-0.17646993231272656,-0.11764662154181771,0.12516264736818888,0.6629656600404583,-0.9409354399261675,0.0025151862804321246,0.0,0.0,0.00011836936977616119,0.0004134062290328533,0.33333356735991126,0.43333356735991113
25,117,9,bg,4,3,3,3,0.7,0.3,bandit,3,0.75,0.875,19,2,0.3,0,0,1,1,0.3333333333333333,0.16666643264008874,-0.09374999860116454,-0.16666643264008874,-0.1111109550933925,0.11778286013646545,0.6615632045354489,-0.9929480454121622,0.0021914419431499077,0.0,-1.1102230246251565e-16,7.051606247665543e-5,0.00027299634770194814,0.3421053462989012,0.4421053462989011
25,117,9,bg,4,3,3,3,0.7,0.3,bandit,3,0.75,0.875,20,2,0.3,1,0,1,1,0.3333333333333333,0.15789465370109876,0.9117647058932823,0.8421053462989012,0.8947368975326008,2.2512923251663413,0.0,-0.8017702873450815,0.0,0.0,0.0,0.0003126376794969632,0.0010598497422882325,0.27500050023198586,0.3750005002319857
26,88,7,gb,3,2,4,4,0.3,0.7,bandit,9,0.625,1.0,1,1,0.3,0,1,4,1,0.3333333333333333,0.5,NaN,-0.5,-0.33333333333333337,0.40546510810816444,0.6931471805599453,-0.04279164419167801,0.05378194606599736,0.0,0.0,0.08333333333333337,0.05555555555555547,0.08333333333333337,0.08333333333333337
26,88,7,gb,3,2,4,4,0.3,0.7,bandit,9,0.625,1.0,2,2,0.7,0,1,4,1,0.3333333333333333,0.5,NaN,-0.5,-0.33333333333333337,0.40546510810816444,0.6931471805599453,-0.04279164419167801,0.05378194606599736,0.0,-1.1102230246251565e-16,0.08333333333333337,0.05555555555555547,0.08333333333333337,0.08333333333333337
26,88,7,gb,3,2,4,4,0.3,0.7,bandit,9,0.625,1.0,3,1,0.3,0,0,4,1,0.3333333333333333,0.41666666666666663,-5.545009081338703e-16,-0.41666666666666663,-0.2777777777777778,0.325422400434628,0.6901856760188041,-0.14872947946598028,0.03793678112380475,0.0,-1.1102230246251565e-16,0.05288461538461542,0.03525641025641024,0.15384615384615385,0.15384615384615385
26,88,7,gb,3,2,4,4,0.3,0.7,bandit,9,0.625,1.0,4,2,0.7,1,0,1,1,0.3333333333333333,0.41666666666666663,0.9999999999999994,0.5833333333333334,0.7222222222222222,1.2809338454620642,0.0,-0.09878147980916833,0.0,0.0,0.0,0.0625,0.04166666666666663,0.09999999999999987,0.09999999999999987
26,88,7,gb,3,2,4,4,0.3,0.7,bandit,9,0.625,1.0,5,1,0.3,0,0,4,1,0.3333333333333333,0.34615384615384615,-5.545009081338703e-16,-0.34615384615384615,-0.2307692307692308,0.2623642644674911,0.6842317651303003,-0.2844497338353375,0.0257813362644152,0.0,0.0,0.017369599258163615,0.021666666666666723,0.21000000000000002,0.3099999999999999
26,88,7,gb,3,2,4,4,0.3,0.7,bandit,9,0.625,1.0,6,2,0.7,0,1,4,1,0.3333333333333333,0.5999999999999999,-0.7500000000000001,-0.5999999999999999,-0.39999999999999997,0.5108256237659905,0.6869615765973234,-0.06641254138672094,0.05538446170840032,0.022222222222222254,0.014814814814814836,0.08750000000000002,0.05833333333333335,0.033333333333333326,0.033333333333333326
26,88,7,gb,3,2,4,4,0.3,0.7,bandit,9,0.625,1.0,7,1,0.3,1,0,1,1,0.3333333333333333,0.29,0.9999999999999994,0.71,0.8066666666666666,1.6433394641097814,0.0,-0.08739425626637275,0.0,0.0,0.0,0.0724527588674233,0.05747126436781613,0.02873563218390801,0.06206896551724134
26,88,7,gb,3,2,4,4,0.3,0.7,bandit,9,0.625,1.0,8,2,0.7,1,0,2,1,0.3333333333333333,0.5333333333333333,0.5000000009897914,0.4666666666666667,0.6444444444444444,1.0340737675305383,0.0,-0.20400590700589533,0.0,0.0,0.0,0.03776041666666674,0.02517361111111105,0.14583333333333326,0.14583333333333326
26,88,7,gb,3,2,4,4,0.3,0.7,bandit,9,0.625,1.0,9,1,0.3,1,0,3,1,0.3333333333333333,0.471264367816092,0.6249999949751466,0.5287356321839081,0.6858237547892719,1.15780116005844,0.0,-0.1571350842422471,0.0,0.0,0.0,0.06638659553189297,0.03585946573751442,0.09059233449477355,0.05524099883855971
26,88,7,gb,3,2,4,4,0.3,0.7,bandit,9,0.625,1.0,10,2,0.7,1,0,2,1,0.3333333333333333,0.6458333333333333,0.2500000021590544,0.35416666666666674,0.5694444444444444,0.8426789145309089,0.0,-0.37092869552988844,0.0,0.0,0.0,0.03434740674954395,0.011040706605222717,0.21889400921658986,0.1283016747218163
26,88,7,gb,3,2,4,4,0.3,0.7,bandit,9,0.625,1.0,11,1,0.3,0,1,2,1,0.3333333333333333,0.5905923344947736,-0.5999999972964525,-0.5905923344947736,-0.3937282229965158,0.5004269165450922,0.6881771822372582,-0.15234512269821188,0.04329848222372032,0.0,0.008301404853128802,0.026278521960274248,0.04831178160919536,0.03735632183908055,0.1815376873775093
26,88,7,gb,3,2,4,4,0.3,0.7,bandit,9,0.625,1.0,12,2,0.7,1,0,2,1,0.3333333333333333,0.7188940092165899,0.09999999556329087,0.28110599078341014,0.5207373271889401,0.7355064543990868,0.0,-0.53368064707241,0.0,0.0,0.0,0.010830833486063618,0.004907852564102533,0.26923076923076916,0.2318744473916886
26,88,7,gb,3,2,4,4,0.3,0.7,bandit,9,0.625,1.0,13,1,0.3,0,0,4,1,0.3333333333333333,0.5373563218390806,-0.49999999874887274,-0.5373563218390806,-0.35823754789272033,0.4435370560575723,0.6923940398076736,-0.17975900900527403,0.03407290818339537,0.0,0.012935323383084563,0.010043518651474903,0.05417357656163635,0.011608623548922004,0.28083939277969117
26,88,7,gb,3,2,4,4,0.3,0.7,bandit,9,0.625,1.0,14,2,0.7,1,0,1,1,0.3333333333333333,0.7692307692307692,1.505215796449022e-8,0.23076923076923084,0.4871794871794871,0.6678293725756553,0.0,-0.6845306937246839,0.0,0.0,0.0,0.0033094618055555802,0.00220630787037035,0.3055555555555556,0.3055555555555556
26,88,7,gb,3,2,4,4,0.3,0.7,bandit,9,0.625,1.0,15,1,0.3,0,1,4,1,0.3333333333333333,0.488391376451078,-0.42857142831688716,-0.488391376451078,-0.32559425096738537,0.393923347667993,0.6930813365993375,-0.22800730239285252,0.026290814189475292,0.0,1.1102230246251565e-16,0.003740427779516331,0.03924009562841535,0.055163934426229466,0.36071948998178505
26,88,7,gb,3,2,4,4,0.3,0.7,bandit,9,0.625,1.0,16,2,0.7,1,0,2,1,0.3333333333333333,0.8055555555555556,1.505215796449022e-8,0.19444444444444442,0.462962962962963,0.6216882165778005,0.0,-0.8223654972271377,1.1102230246251565e-16,1.1102230246251565e-16,1.1102230246251565e-16,0.0015018857758621884,0.0010012571839080886,0.3327586206896551,0.3327586206896551
26,88,7,gb,3,2,4,4,0.3,0.7,bandit,9,0.625,1.0,17,1,0.3,0,0,4,1,0.3333333333333333,0.44483606557377053,-0.3749999995045847,-0.44483606557377053,-0.2965573770491804,0.351768965169878,0.6917799599357861,-0.2874591223088541,0.020170902342174335,0.0,0.0,0.0013665547128453026,0.027988902071283794,0.0931336200504227,0.4258922407400778
26,88,7,gb,3,2,4,4,0.3,0.7,bandit,9,0.625,1.0,18,2,0.7,1,0,2,1,0.3333333333333333,0.8327586206896551,1.505215796449022e-8,0.16724137931034488,0.44482758620689644,0.5884765579960565,0.0,-0.947994214788691,2.220446049250313e-16,2.220446049250313e-16,0.0,0.0006870676877472892,0.00045804512516478546,0.3537549407114622,0.3537549407114622
26,88,7,gb,3,2,4,4,0.3,0.7,bandit,9,0.625,1.0,19,1,0.3,0,1,4,1,0.3333333333333333,0.4068663799495773,-0.33333333341764176,-0.4068663799495773,-0.27124425329971824,0.31641665565345756,0.6895133632202006,-0.35142856931129185,0.0155607835443628,0.0,-1.1102230246251565e-16,0.000492228750388346,0.019752238502238506,0.1259327092660426,0.4796876499775048
26,88,7,gb,3,2,4,4,0.3,0.7,bandit,9,0.625,1.0,20,2,0.7,0,1,4,1,0.3333333333333333,0.8537549407114622,-0.999999984947842,-0.8537549407114622,-0.5691699604743083,0.8420416064983767,0.5347664169364853,-0.8263037386627888,0.05663517339749946,1.1102230246251565e-16,1.1102230246251565e-16,0.0011766532874618596,0.0007844355249745361,0.3318042813455656,0.3318042813455656
27,91,7,bg,2,1,0,0,0.7,0.3,bandit,6,0.0,0.375,1,2,0.3,0,0,4,1,0.3333333333333333,0.5,NaN,-0.5,-0.33333333333333337,0.40546510810816444,0.6931471805599453,-0.04279164419167801,0.05378194606599736,0.0,0.0,0.08333333333333337,0.05555555555555547,0.08333333333333337,0.08333333333333337
27,91,7,bg,2,1,0,0,0.7,0.3,bandit,6,0.0,0.375,2,1,0.7,1,0,4,1,0.3333333333333333,0.5,NaN,0.5,0.6666666666666666,1.0986122886681096,0.0,-0.19314718051535087,0.0,0.0,0.0,0.04166666666666663,0.02777777777777779,0.16666666666666663,0.16666666666666663
27,91,7,bg,2,1,0,0,0.7,0.3,bandit,6,0.0,0.375,3,2,0.3,0,1,3,1,0.3333333333333333,0.41666666666666663,-5.545009081338703e-16,-0.41666666666666663,-0.2777777777777778,0.325422400434628,0.6901856760188041,-0.14872947946598028,0.03793678112380475,1.1102230246251565e-16,1.1102230246251565e-16,0.019468189449786122,0.03525641025641024,0.15384615384615385,0.3205128205128205
27,91,7,bg,2,1,0,0,0.7,0.3,bandit,6,0.0,0.375,4,1,0.7,0,1,4,1,0.3333333333333333,0.6666666666666666,-0.999999984947842,-0.6666666666666666,-0.44444444444444453,0.5877866649021192,0.6730116670092565,-0.09878147980916833,0.0671439495179084,1.1102230246251565e-16,-1.1102230246251565e-16,0.0625,0.04166666666666652,0.09999999999999987,0.09999999999999987
27,91,7,bg,2,1,0,0,0.7,0.3,bandit,6,0.0,0.375,5,1,0.7,1,0,4,1,0.3333333333333333,0.5999999999999999,0.2499999999999999,0.40000000000000013,0.6000000000000001,0.9162907318741551,0.0,-0.29705541768766514,0.0,0.0,0.0,0.02499999999999991,0.016666666666666607,0.19999999999999996,0.19999999999999996
27,91,7,bg,2,1,0,0,0.7,0.3,bandit,6,0.0,0.375,6,2,0.3,0,1,4,1,0.3333333333333333,0.34615384615384615,-5.545009081338703e-16,-0.34615384615384615,-0.2307692307692308,0.2623642644674911,0.6842317651303003,-0.2844497338353375,0.0257813362644152,0.0,1.1102230246251565e-16,0.008107197916188968,0.021666666666666723,0.21000000000000002,0.41
27,91,7,bg,2,1,0,0,0.7,0.3,bandit,6,0.0,0.375,7,1,0.7,1,0,4,1,0.3333333333333333,0.7,1.505215796449022e-8,0.30000000000000004,0.5333333333333333,0.7621400520468967,0.0,-0.4905612865201842,0.0,0.0,0.0,0.010416666666666852,0.00694444444444442,0.26190476190476186,0.26190476190476186
27,91,7,bg,2,1,0,0,0.7,0.3,bandit,6,0.0,0.375,8,1,0.7,0,0,4,1,0.3333333333333333,0.7619047619047619,-0.999999984947842,-0.7619047619047619,-0.5079365079365079,0.7091475219063864,0.6287993940937805,-0.37092869552988844,0.06404507376017227,0.0,0.0,0.016561059907834075,0.011040706605222717,0.21889400921658986,0.21889400921658986
27,91,7,bg,2,1,0,0,0.7,0.3,bandit,6,0.0,0.375,9,2,0.3,0,0,4,1,0.3333333333333333,0.29,-5.545009081338703e-16,-0.29,-0.19333333333333338,0.21484474849951468,0.6780102022798757,-0.42625540231422954,0.017393591340592762,0.0,1.1102230246251565e-16,0.003499501289335405,0.013085399449035862,0.2534435261707989,0.47233753538738876
27,91,7,bg,2,1,0,0,0.7,0.3,bandit,6,0.0,0.375,10,1,0.7,0,0,4,1,0.3333333333333333,0.7188940092165899,-0.9000000044367091,-0.7188940092165899,-0.47926267281105994,0.652509534828119,0.6533502750036451,-0.28542769031337323,0.058112087396657075,0.0,-1.1102230246251565e-16,0.025027654867256444,0.01668510324483763,0.17256637168141586,0.17256637168141586
27,91,7,bg,2,1,0,0,0.7,0.3,bandit,6,0.0,0.375,11,1,0.7,0,1,4,1,0.3333333333333333,0.6725663716814159,-0.7500000000027015,-0.6725663716814159,-0.44837758112094395,0.5948914905258637,0.67123888203318,-0.2370012027813298,0.05044154348753849,-1.1102230246251565e-16,-1.1102230246251565e-16,0.03591986036838957,0.023946573578926378,0.12507427213309563,0.12507427213309563
27,91,7,bg,2,1,0,0,0.7,0.3,bandit,6,0.0,0.375,12,2,0.3,0,0,2,1,0.3333333333333333,0.2465564738292011,-5.545009081338703e-16,-0.2465564738292011,-0.16437098255280075,0.17957052342206484,0.6725635843867588,-0.5618791256690523,0.011912734212403908,0.0,0.0,0.004315762278093271,0.00784929356357933,0.28689167974882257,0.4119659518819182
27,91,7,bg,2,1,0,0,0.7,0.3,bandit,6,0.0,0.375,13,1,0.7,1,0,4,1,0.3333333333333333,0.6250742721330956,0.35714285709345506,0.37492572786690437,0.5832838185779361,0.875349909001315,0.0,-0.34999996982775033,-2.220446049250313e-16,-1.1102230246251565e-16,0.0,0.01754099334600745,0.011693995564005077,0.1901140684410646,0.1901140684410646
27,91,7,bg,2,1,0,0,0.7,0.3,bandit,6,0.0,0.375,14,2,0.3,0,0,4,1,0.3333333333333333,0.2131083202511774,-5.545009081338703e-16,-0.2131083202511774,-0.14207221350078494,0.1532353479555701,0.668087395200138,-0.6867749400135641,0.008393123717155504,0.0,0.0,0.0011844114452024268,0.004707990240927273,0.312900274473925,0.5030143429149896
27,91,7,bg,2,1,0,0,0.7,0.3,bandit,6,0.0,0.375,15,1,0.7,1,0,4,1,0.3333333333333333,0.6901140684410646,0.24999999996462985,0.3098859315589354,0.5399239543726235,0.7763634865810234,0.0,-0.47241718232341906,0.0,-1.1102230246251565e-16,0.0,0.008484574567993897,0.005656383045329227,0.23929376408715253,0.23929376408715253
27,91,7,bg,2,1,0,0,0.7,0.3,bandit,6,0.0,0.375,16,1,0.7,0,1,4,1,0.3333333333333333,0.7392937640871525,-0.8333333331345034,-0.7392937640871525,-0.49286250939143506,0.6789731275225819,0.6428206018242861,-0.40314200060979377,0.051345532371297686,0.0,0.0,0.012765239197530698,0.00851015946502054,0.20246913580246917,0.20246913580246917
27,91,7,bg,2,1,0,0,0.7,0.3,bandit,6,0.0,0.375,17,1,0.7,1,0,4,1,0.3333333333333333,0.7024691358024692,0.2499999997469049,0.29753086419753083,0.5316872427983539,0.7586189216483179,0.0,-0.5103029326983979,0.0,0.0,0.0,0.006364488982019578,0.004242992654679534,0.24523455454914145,0.24523455454914145
27,91,7,bg,2,1,0,0,0.7,0.3,bandit,6,0.0,0.375,18,2,0.3,0,0,4,1,0.3333333333333333,0.187099725526075,-5.545009081338703e-16,-0.187099725526075,-0.12473315035071669,0.13322646809098154,0.6644720212248263,-0.8003011606766882,0.006115744334489359,0.0,-1.1102230246251565e-16,0.00029736200326968554,0.0028342366757001525,0.33346883468834687,0.5787033892374883
27,91,7,bg,2,1,0,0,0.7,0.3,bandit,6,0.0,0.375,19,1,0.7,0,1,4,1,0.3333333333333333,0.7452345545491414,-0.818181818168654,-0.7452345545491414,-0.4968230363660944,0.6868133543856716,0.6393919868411735,-0.4482857932133263,0.04854878038290705,0.0,0.0,0.009545754130843576,0.006363836087228902,0.2115797958087049,0.2115797958087049
27,91,7,bg,2,1,0,0,0.7,0.3,bandit,6,0.0,0.375,20,1,0.7,0,1,4,1,0.3333333333333333,0.7115797958087049,-0.7500000009448038,-0.7115797958087049,-0.47438653053913665,0.6431891853119711,0.6566937040764267,-0.40981077705859575,0.04301392939697146,0.0,1.1102230246251565e-16,0.01376188270290224,0.009174588468601419,0.17725904469813125,0.17725904469813125
28,101,8,gb,3,3,2,4,0.3,0.7,tycoon,12,0.75,0.75,1,2,0.7,1,0,4,2,0.3333333333333333,0.5,NaN,0.5,0.33333333333333326,0.4054651081081643,0.6931471805599453,-0.042791644191678,0.05378194606599747,0.0,-1.1102230246251565e-16,0.08333333333333348,0.05555555555555547,0.08333333333333326,0.08333333333333326
28,101,8,gb,3,3,2,4,0.3,0.7,tycoon,12,0.75,0.75,2,1,0.3,0,0,3,2,0.3333333333333333,0.5,NaN,-0.5,-0.6666666666666667,1.09861228866811,0.0,-0.19314718051535068,0.0,0.0,0.0,0.02411265862835843,0.027777777777777568,0.16666666666666674,0.25
28,101,8,gb,3,3,2,4,0.3,0.7,tycoon,12,0.75,0.75,3,2,0.7,0,0,4,2,0.3333333333333333,0.5833333333333333,-0.999999984947842,-0.5833333333333333,-0.7222222222222222,1.2809338454620642,0.0,-0.09878147980916858,0.0,0.0,0.0,0.0625,0.04166666666666674,0.10000000000000003,0.10000000000000003
28,101,8,gb,3,3,2,4,0.3,0.7,tycoon,12,0.75,0.75,4,1,0.3,1,1,4,2,0.3333333333333333,0.33333333333333326,0.9999999999999997,0.6666666666666667,0.44444444444444453,0.5877866649021192,0.6730116670092565,-0.09878147980916858,0.06714394951790816,0.0,-1.1102230246251565e-16,0.0625,0.04166666666666663,0.10000000000000003,0.10000000000000003
28,101,8,gb,3,3,2,4,0.3,0.7,tycoon,12,0.75,0.75,5,2,0.7,1,0,3,2,0.3333333333333333,0.39999999999999997,0.7499999999999998,0.6000000000000001,0.3999999999999999,0.5108256237659905,0.6869615765973234,-0.06641254138672092,0.05538446170840036,0.022222222222222254,0.014814814814814947,0.08750000000000002,0.05833333333333346,0.033333333333333326,0.033333333333333326
28,101,8,gb,3,3,2,4,0.3,0.7,tycoon,12,0.75,0.75,6,2,0.7,0,0,3,2,0.3333333333333333,0.4666666666666667,-0.49999999847640864,-0.4666666666666667,-0.6444444444444445,1.0340737675305387,0.0,-0.2040059070058956,0.0,0.0,0.0,0.03776041666666674,0.02517361111111127,0.14583333333333331,0.14583333333333331
28,101,8,gb,3,3,2,4,0.3,0.7,tycoon,12,0.75,0.75,7,1,0.3,1,0,2,2,0.3333333333333333,0.39999999999999997,0.7499999999999998,0.6000000000000001,0.3999999999999999,0.5108256237659905,0.6869615765973234,-0.06641254138672092,0.05538446170840036,0.022222222222222254,0.014814814814814947,0.08750000000000002,0.05833333333333335,0.033333333333333326,0.033333333333333326
28,101,8,gb,3,3,2,4,0.3,0.7,tycoon,12,0.75,0.75,8,1,0.3,1,1,3,2,0.3333333333333333,0.4666666666666667,0.5000000015235914,0.5333333333333333,0.3555555555555555,0.43936665978384565,0.6925525323607233,-0.08739425626637266,0.043140311410130014,0.01724137931034475,0.011494252873563204,0.08620689655172409,0.05747126436781602,0.028735632183908066,0.028735632183908066
28,101,8,gb,3,3,2,4,0.3,0.7,tycoon,12,0.75,0.75,9,2,0.7,0,0,3,2,0.3333333333333333,0.3541666666666667,-0.24999999951793975,-0.3541666666666667,-0.5694444444444444,0.842678914530909,0.0,-0.37092869552988855,0.0,0.0,0.0,0.012716180307703828,0.011040706605222717,0.21889400921658986,0.24762964140049792
28,101,8,gb,3,3,2,4,0.3,0.7,tycoon,12,0.75,0.75,10,1,0.3,0,0,3,2,0.3333333333333333,0.5287356321839081,-0.6250000005673243,-0.5287356321839081,-0.685823754789272,1.1578011600584404,0.0,-0.15713508424224704,0.0,0.0,0.0,0.05378919860627174,0.03585946573751464,0.09059233449477344,0.09059233449477344
28,101,8,gb,3,3,2,4,0.3,0.7,tycoon,12,0.75,0.75,11,1,0.3,1,1,2,2,0.3333333333333333,0.40940766550522656,0.6000000032547178,0.5905923344947734,0.39372822299651555,0.5004269165450919,0.6881771822372582,-0.15234512269821177,0.04329848222372057,0.01245210727969348,0.008301404853129024,0.07246767241379315,0.04831178160919547,0.037356321839080386,0.037356321839080386
28,101,8,gb,3,3,2,4,0.3,0.7,tycoon,12,0.75,0.75,12,2,0.7,0,0,1,2,0.3333333333333333,0.28110599078341014,-0.10000000009751756,-0.28110599078341014,-0.5207373271889401,0.7355064543990868,0.0,-0.5336806470724107,0.0,0.0,0.0,0.007361778846153966,0.004907852564102533,0.26923076923076916,0.26923076923076916
28,101,8,gb,3,3,2,4,0.3,0.7,tycoon,12,0.75,0.75,13,1,0.3,0,0,3,2,0.3333333333333333,0.4626436781609196,-0.499999998322114,-0.4626436781609196,-0.6417624521072798,1.0265589710280523,0.0,-0.23700120278132994,0.0,0.0,0.0,0.03591986036838979,0.023946573578926378,0.12507427213309563,0.12507427213309563
28,101,8,gb,3,3,2,4,0.3,0.7,tycoon,12,0.75,0.75,14,2,0.7,1,1,1,2,0.3333333333333333,0.2307692307692308,0.9999999963144605,0.7692307692307692,0.5128205128205128,0.7191226669632059,0.6236548495681085,-0.4271890325390063,0.059861143712770626,0.0,1.1102230246251565e-16,0.01162737573099415,0.007751583820662877,0.23099415204678364,0.23099415204678364
28,101,8,gb,3,3,2,4,0.3,0.7,tycoon,12,0.75,0.75,15,1,0.3,1,1,2,2,0.3333333333333333,0.37492572786690437,0.6428571428840825,0.6250742721330956,0.4167161814220637,0.5390813867732285,0.6828941449085093,-0.2228608825806696,0.04211572422065968,0.0,0.0,0.049050297113752195,0.0327001980758348,0.07860780984719856,0.07860780984719856
28,101,8,gb,3,3,2,4,0.3,0.7,tycoon,12,0.75,0.75,16,2,0.7,0,0,2,2,0.3333333333333333,0.26900584795321636,-0.14285714484854597,-0.26900584795321636,-0.5126705653021442,0.7188149273085229,0.0,-0.5675720130244426,0.0,0.0,0.0,0.005406250000000057,0.0036041666666666305,0.274,0.274
28,101,8,gb,3,3,2,4,0.3,0.7,tycoon,12,0.75,0.75,17,1,0.3,1,0,1,2,0.3333333333333333,0.42139219015280144,0.5624999999673466,0.5786078098471985,0.38573853989813234,0.4873346106903918,0.6895034991417229,-0.23609603900380224,0.03414268066623985,0.007755833626480357,0.005170555750986905,0.06399112392582529,0.04266074928388364,0.034901251319161664,0.034901251319161664
28,101,8,gb,3,3,2,4,0.3,0.7,tycoon,12,0.75,0.75,18,2,0.7,1,1,2,2,0.3333333333333333,0.226,0.9374999972995257,0.774,0.516,0.7256703722655053,0.6201327158624925,-0.47241718232341934,0.05632219399913474,0.0,-1.1102230246251565e-16,0.008484574567994008,0.005656383045329227,0.23929376408715253,0.23929376408715253
28,101,8,gb,3,3,2,4,0.3,0.7,tycoon,12,0.75,0.75,19,1,0.3,1,1,2,2,0.3333333333333333,0.46509874868083834,0.5000000018629867,0.5349012513191617,0.35660083421277444,0.4409899607474866,0.692493142237828,-0.2683627562159892,0.027180458416647513,0.018081699601655954,0.01205446640110408,0.0751776927282668,0.050118461818844495,0.005011846181884438,0.005011846181884438
28,101,8,gb,3,3,2,4,0.3,0.7,tycoon,12,0.75,0.75,20,2,0.7,1,0,1,2,0.3333333333333333,0.2607062359128475,0.8333333356291609,0.7392937640871525,0.49286250939143494,0.6789731275225817,0.6428206018242861,-0.403142000609794,0.0513455323712978,0.0,0.0,0.012082488104993239,0.00851015946502065,0.2024691358024691,0.20748098198435355
29,82,6,bg,4,4,3,3,0.7,0.3,tycoon,17,0.75,1.0,1,2,0.3,1,1,4,2,0.3333333333333333,0.5,NaN,0.5,0.33333333333333326,0.4054651081081643,0.6931471805599453,-0.042791644191678,0.05378194606599747,0.0,-1.1102230246251565e-16,0.08333333333333348,0.05555555555555547,0.08333333333333326,0.08333333333333326
29,82,6,bg,4,4,3,3,0.7,0.3,tycoon,17,0.75,1.0,2,1,0.7,1,0,4,2,0.3333333333333333,0.5,NaN,0.5,0.33333333333333326,0.4054651081081643,0.6931471805599453,-0.042791644191678,0.05378194606599747,0.04166666666666674,1.1102230246251565e-16,0.11815201177425982,0.05555555555555547,0.08333333333333326,0.0
29,82,6,bg,4,4,3,3,0.7,0.3,tycoon,17,0.75,1.0,3,2,0.3,0,0,4,2,0.3333333333333333,0.5833333333333333,-0.999999984947842,-0.5833333333333333,-0.7222222222222222,1.2809338454620642,0.0,-0.09878147980916858,0.0,0.0,0.0,0.03737461979762402,0.04166666666666663,0.10000000000000003,0.1833333333333333
29,82,6,bg,4,4,3,3,0.7,0.3,tycoon,17,0.75,1.0,4,1,0.7,1,1,4,2,0.3333333333333333,0.5833333333333333,1.505215796449022e-8,0.41666666666666674,0.2777777777777778,0.325422400434628,0.6901856760188042,-0.14872947946598028,0.0379367811238048,1.1102230246251565e-16,1.1102230246251565e-16,0.05288461538461542,0.03525641025641024,0.15384615384615385,0.15384615384615385
29,82,6,bg,4,4,3,3,0.7,0.3,tycoon,17,0.75,1.0,5,2,0.3,1,1,4,2,0.3333333333333333,0.39999999999999997,0.7499999999999998,0.6000000000000001,0.3999999999999999,0.5108256237659905,0.6869615765973234,-0.06641254138672092,0.05538446170840036,0.0,0.014814814814814947,0.032568046699056996,0.05833333333333335,0.033333333333333326,0.18717948717948718
29,82,6,bg,4,4,3,3,0.7,0.3,tycoon,17,0.75,1.0,6,1,0.7,1,1,4,2,0.3333333333333333,0.6538461538461539,1.505215796449022e-8,0.34615384615384615,0.23076923076923073,0.262364264467491,0.6842317651303003,-0.2844497338353375,0.025781336264415255,0.0,1.1102230246251565e-16,0.032500000000000084,0.021666666666666723,0.20999999999999996,0.20999999999999996
29,82,6,bg,4,4,3,3,0.7,0.3,tycoon,17,0.75,1.0,7,2,0.3,0,0,4,2,0.3333333333333333,0.4666666666666667,-0.49999999847640864,-0.4666666666666667,-0.6444444444444445,1.0340737675305387,0.0,-0.2040059070058956,0.0,0.0,0.0,0.0051915631285992525,0.02517361111111116,0.14583333333333331,0.3558333333333333
29,82,6,bg,4,4,3,3,0.7,0.3,tycoon,17,0.75,1.0,8,1,0.7,1,1,4,2,0.3333333333333333,0.71,1.505215796449022e-8,0.29000000000000004,0.19333333333333325,0.21484474849951454,0.6780102022798757,-0.42625540231422954,0.017393591340592707,1.1102230246251565e-16,0.0,0.01962809917355368,0.013085399449035862,0.2534435261707988,0.2534435261707988
29,82,6,bg,4,4,3,3,0.7,0.3,tycoon,17,0.75,1.0,9,2,0.3,0,0,4,2,0.3333333333333333,0.3541666666666667,-0.24999999951793975,-0.3541666666666667,-0.5694444444444444,0.842678914530909,0.0,-0.37092869552988855,0.0,0.0,0.0,0.0006298630976049324,0.011040706605222717,0.21889400921658986,0.47233753538738865
29,82,6,bg,4,4,3,3,0.7,0.3,tycoon,17,0.75,1.0,10,1,0.7,1,0,4,2,0.3333333333333333,0.7534435261707988,1.505215796449022e-8,0.2465564738292012,0.1643709825528007,0.1795705234220647,0.6725635843867589,-0.5618791256690523,0.011912734212403908,-2.220446049250313e-16,-1.1102230246251565e-16,0.011773940345368827,0.00784929356357933,0.2868916797488228,0.2868916797488228
29,82,6,bg,4,4,3,3,0.7,0.3,tycoon,17,0.75,1.0,11,2,0.3,1,0,4,2,0.3333333333333333,0.28110599078341014,0.8999999999024825,0.7188940092165899,0.47926267281105994,0.652509534828119,0.6533502750036448,-0.28542769031337345,0.058112087396657075,0.0,0.0,0.0005467196431747645,0.01668510324483774,0.17256637168141586,0.45945805143023866
29,82,6,bg,4,4,3,3,0.7,0.3,tycoon,17,0.75,1.0,12,1,0.7,1,0,4,2,0.3333333333333333,0.7868916797488228,1.505215796449022e-8,0.2131083202511772,0.1420722135007848,0.15323534795556995,0.668087395200138,-0.6867749400135641,0.008393123717155504,1.1102230246251565e-16,1.1102230246251565e-16,0.007061985361390799,0.004707990240927273,0.3129002744739249,0.3129002744739249
29,82,6,bg,4,4,3,3,0.7,0.3,tycoon,17,0.75,1.0,13,2,0.3,1,0,4,2,0.3333333333333333,0.32743362831858414,0.7500000038698826,0.6725663716814159,0.44837758112094384,0.5948914905258634,0.67123888203318,-0.23700120278132994,0.05044154348753846,0.0,-1.1102230246251565e-16,0.0004929817855174878,0.02394657357892649,0.12507427213309563,0.4379745466070205
29,82,6,bg,4,4,3,3,0.7,0.3,tycoon,17,0.75,1.0,14,1,0.7,1,0,4,2,0.3333333333333333,0.8129002744739249,1.505215796449022e-8,0.18709972552607512,0.12473315035071664,0.1332264680909814,0.6644720212248263,-0.8003011606766882,0.006115744334489359,1.1102230246251565e-16,0.0,0.00425135501355034,0.0028342366757002635,0.33346883468834676,0.33346883468834676
29,82,6,bg,4,4,3,3,0.7,0.3,tycoon,17,0.75,1.0,15,2,0.3,1,0,4,2,0.3333333333333333,0.37492572786690437,0.6428571428840825,0.6250742721330956,0.4167161814220637,0.5390813867732285,0.6828941449085093,-0.2228608825806696,0.04211572422065968,0.0,1.1102230246251565e-16,0.00045539158837448745,0.03270019807583491,0.07860780984719856,0.4120766445355453
29,82,6,bg,4,4,3,3,0.7,0.3,tycoon,17,0.75,1.0,16,1,0.7,1,0,4,2,0.3333333333333333,0.8334688346883468,1.505215796449022e-8,0.16653116531165324,0.11102077687443535,0.11768141480369698,0.6615437695984828,-0.9033679318738824,0.004608328505046111,-2.220446049250313e-16,-1.1102230246251565e-16,0.002573417335636763,0.0017156115570912123,0.35004572706025816,0.35004572706025816
29,82,6,bg,4,4,3,3,0.7,0.3,tycoon,17,0.75,1.0,17,2,0.3,1,1,4,2,0.3333333333333333,0.42139219015280144,0.5624999999673466,0.5786078098471985,0.38573853989813234,0.4873346106903918,0.6895034991417229,-0.23609603900380224,0.03414268066623985,0.0,0.005170555750987016,0.00042655388019452456,0.042660749283883526,0.034901251319161664,0.3849469783794198
29,82,6,bg,4,4,3,3,0.7,0.3,tycoon,17,0.75,1.0,18,1,0.7,1,0,4,2,0.3333333333333333,0.8500457270602582,1.505215796449022e-8,0.14995427293974184,0.09996951529316123,0.10532664433497851,0.6591458469017097,-0.9973043688130327,0.003579990216064477,-2.220446049250313e-16,-1.1102230246251565e-16,0.0015672919412251796,0.0010448612941500457,0.3636517594314642,0.3636517594314642
29,82,6,bg,4,4,3,3,0.7,0.3,tycoon,17,0.75,1.0,19,2,0.3,1,1,4,2,0.3333333333333333,0.46509874868083834,0.5000000018629867,0.5349012513191617,0.35660083421277444,0.4409899607474866,0.692493142237828,-0.2683627562159892,0.027180458416647513,0.0,0.01205446640110397,0.00040270220368321397,0.050118461818844495,0.005011846181884438,0.3586399132495798
29,82,6,bg,4,4,3,3,0.7,0.3,tycoon,17,0.75,1.0,20,1,0.7,1,0,4,2,0.3333333333333333,0.8636517594314642,1.505215796449022e-8,0.13634824056853578,0.09089882704569052,0.09529888961831882,0.6571554989271757,-1.0834069179798427,0.0028554673241962814,-1.1102230246251565e-16,0.0,0.0010199355891370443,0.0006402440171761059,0.37500517463937466,0.3699933284574902
30,78,6,gb,3,2,4,3,0.3,0.7,tycoon,15,0.625,0.875,1,2,0.7,1,1,1,2,0.3333333333333333,0.5,NaN,0.5,0.33333333333333326,0.4054651081081643,0.6931471805599453,-0.042791644191678,0.05378194606599747,0.0,-1.1102230246251565e-16,0.08333333333333348,0.05555555555555547,0.08333333333333326,0.08333333333333326
30,78,6,gb,3,2,4,3,0.3,0.7,tycoon,15,0.625,0.875,2,1,0.3,1,1,2,2,0.3333333333333333,0.5,NaN,0.5,0.33333333333333326,0.4054651081081643,0.6931471805599453,-0.042791644191678,0.05378194606599747,0.04166666666666674,1.1102230246251565e-16,0.11815201177425982,0.05555555555555547,0.08333333333333326,0.0
30,78,6,gb,3,2,4,3,0.3,0.7,tycoon,15,0.625,0.875,3,2,0.7,1,0,3,2,0.3333333333333333,0.5833333333333333,1.505215796449022e-8,0.41666666666666674,0.2777777777777778,0.325422400434628,0.6901856760188042,-0.14872947946598028,0.0379367811238048,1.1102230246251565e-16,-1.1102230246251565e-16,0.07870741894476108,0.03525641025641024,0.15384615384615385,0.0705128205128206
30,78,6,gb,3,2,4,3,0.3,0.7,tycoon,15,0.625,0.875,4,1,0.3,1,0,4,2,0.3333333333333333,0.5833333333333333,1.505215796449022e-8,0.41666666666666674,0.2777777777777778,0.325422400434628,0.6901856760188042,-0.14872947946598028,0.0379367811238048,0.032544378698224796,1.1102230246251565e-16,0.10639222329248454,0.03525641025641024,0.15384615384615385,0.0
30,78,6,gb,3,2,4,3,0.3,0.7,tycoon,15,0.625,0.875,5,2,0.7,0,0,1,2,0.3333333333333333,0.6538461538461539,-0.999999984947842,-0.6538461538461539,-0.7692307692307693,1.4663370687934272,0.0,-0.06641254138672092,0.0,0.0,0.0,0.032568046699056996,0.05833333333333335,0.033333333333333326,0.18717948717948718
30,78,6,gb,3,2,4,3,0.3,0.7,tycoon,15,0.625,0.875,6,1,0.3,0,0,1,2,0.3333333333333333,0.6538461538461539,-0.999999984947842,-0.6538461538461539,-0.7692307692307693,1.4663370687934272,0.0,-0.06641254138672092,0.0,0.0,0.0,0.08750000000000002,0.05833333333333335,0.033333333333333326,0.033333333333333326
30,78,6,gb,3,2,4,3,0.3,0.7,tycoon,15,0.625,0.875,7,1,0.3,0,0,3,2,0.3333333333333333,0.4666666666666667,-0.49999999847640864,-0.4666666666666667,-0.6444444444444445,1.0340737675305387,0.0,-0.2040059070058956,0.0,0.0,0.0,0.03776041666666674,0.02517361111111116,0.14583333333333331,0.14583333333333331
30,78,6,gb,3,2,4,3,0.3,0.7,tycoon,15,0.625,0.875,8,1,0.3,1,1,3,2,0.3333333333333333,0.3541666666666667,0.7500000004820603,0.6458333333333333,0.4305555555555556,0.5630940523117476,0.6785008770139087,-0.15713508424224704,0.05316704774777181,0.0,-1.1102230246251565e-16,0.05378919860627174,0.03585946573751442,0.09059233449477344,0.09059233449477344
30,78,6,gb,3,2,4,3,0.3,0.7,tycoon,15,0.625,0.875,9,2,0.7,1,0,4,2,0.3333333333333333,0.4666666666666667,0.5000000015235914,0.5333333333333333,0.3555555555555555,0.43936665978384565,0.6925525323607233,-0.08739425626637266,0.043140311410130014,0.01724137931034475,0.011494252873563204,0.08620689655172409,0.05747126436781613,0.028735632183908066,0.028735632183908066
30,78,6,gb,3,2,4,3,0.3,0.7,tycoon,15,0.625,0.875,10,1,0.3,1,1,3,2,0.3333333333333333,0.40940766550522656,0.6000000032547178,0.5905923344947734,0.39372822299651555,0.5004269165450919,0.6881771822372582,-0.15234512269821177,0.04329848222372057,0.0,0.008301404853129024,0.06020882097893554,0.04831178160919558,0.037356321839080386,0.06609195402298845
30,78,6,gb,3,2,4,3,0.3,0.7,tycoon,15,0.625,0.875,11,2,0.7,1,1,1,2,0.3333333333333333,0.5287356321839081,0.3749999994326757,0.47126436781609193,0.31417624521072796,0.3771346014819384,0.6927570046594116,-0.14521767508955086,0.03231445903788896,0.0,0.0,0.05955706304868302,0.039704708699122016,0.08339984038308068,0.08339984038308068
30,78,6,gb,3,2,4,3,0.3,0.7,tycoon,15,0.625,0.875,12,1,0.3,1,0,2,2,0.3333333333333333,0.4626436781609196,0.500000001677886,0.5373563218390804,0.3582375478927202,0.44353705605757215,0.6923940398076736,-0.17975900900527386,0.034072908183395534,0.0,0.012935323383084563,0.053560760192021384,0.05417357656163624,0.011608623548922115,0.07179121683415857
30,78,6,gb,3,2,4,3,0.3,0.7,tycoon,15,0.625,0.875,13,2,0.7,1,0,2,2,0.3333333333333333,0.5833998403830807,0.3000000009825461,0.4166001596169193,0.27773343974461273,0.3253610111961419,0.6901813069103601,-0.22325417073184653,0.02375398970768486,-1.1102230246251565e-16,-1.1102230246251565e-16,0.04331061516201007,0.026818600368323953,0.12983425414364647,0.11822563059472435
30,78,6,gb,3,2,4,3,0.3,0.7,tycoon,15,0.625,0.875,14,1,0.3,1,1,3,2,0.3333333333333333,0.5116086235489221,0.4285714261887835,0.4883913764510779,0.32559425096738526,0.3939233476679928,0.6930813365993375,-0.22800730239285233,0.026290814189475376,0.0,1.1102230246251565e-16,0.0473734535745588,0.03924009562841524,0.05516393442622958,0.07467031971741689
30,78,6,gb,3,2,4,3,0.3,0.7,tycoon,15,0.625,0.875,15,2,0.7,0,0,2,2,0.3333333333333333,0.6298342541436465,-0.7500000000539505,-0.6298342541436465,-0.7532228360957642,1.3992695199830238,0.0,-0.17975900900527386,0.0,0.0,0.0,0.06552770777367167,0.05417357656163624,0.011608623548922115,0.04355531087730746
30,78,6,gb,3,2,4,3,0.3,0.7,tycoon,15,0.625,0.875,16,2,0.7,1,0,1,2,0.3333333333333333,0.5116086235489221,0.4285714261887835,0.4883913764510779,0.32559425096738526,0.3939233476679928,0.6930813365993375,-0.22800730239285233,0.026290814189475376,0.02152774791722667,0.0,0.08197955876213092,0.03924009562841524,0.05516393442622958,0.0
30,78,6,gb,3,2,4,3,0.3,0.7,tycoon,15,0.625,0.875,17,1,0.3,1,0,4,2,0.3333333333333333,0.5551639344262296,0.3749999995025072,0.4448360655737704,0.2965573770491803,0.3517689651698778,0.6917799599357861,-0.2874591223088539,0.02017090234217428,0.0,1.1102230246251565e-16,0.06086288851582866,0.027988902071283794,0.0931336200504227,0.03796968562419312
30,78,6,gb,3,2,4,3,0.3,0.7,tycoon,15,0.625,0.875,18,2,0.7,1,1,2,2,0.3333333333333333,0.5551639344262296,0.3749999995025072,0.4448360655737704,0.2965573770491803,0.3517689651698778,0.6917799599357861,-0.2874591223088539,0.02017090234217428,0.01799231587878336,0.0,0.07700339411515611,0.027988902071283794,0.0931336200504227,0.0
30,78,6,gb,3,2,4,3,0.3,0.7,tycoon,15,0.625,0.875,19,2,0.7,1,0,4,2,0.3333333333333333,0.5931336200504227,0.33333333342038196,0.4068663799495773,0.27124425329971824,0.31641665565345756,0.6895133632202006,-0.3514285693112917,0.01556078354436291,1.1102230246251565e-16,-1.1102230246251565e-16,0.05830544102614288,0.019752238502238395,0.1259327092660426,0.032799089215619914
30,78,6,gb,3,2,4,3,0.3,0.7,tycoon,15,0.625,0.875,20,1,0.3,0,0,1,2,0.3333333333333333,0.5931336200504227,-0.666666666579618,-0.5931336200504227,-0.7287557467002818,1.3047355603437163,0.0,-0.2683627562159892,0.0,0.0,0.0,0.02867536970069795,0.050118461818844495,0.005011846181884438,0.12092086308415817
31,82,6,gb,3,3,2,3,0.3,0.7,tycoon,13,0.75,0.625,1,1,0.3,1,1,4,2,0.3333333333333333,0.5,NaN,0.5,0.33333333333333326,0.4054651081081643,0.6931471805599453,-0.042791644191678,0.05378194606599747,0.0,-1.1102230246251565e-16,0.08333333333333348,0.05555555555555547,0.08333333333333326,0.08333333333333326
31,82,6,gb,3,3,2,3,0.3,0.7,tycoon,13,0.75,0.625,2,1,0.3,1,0,4,2,0.3333333333333333,0.5833333333333333,1.505215796449022e-8,0.41666666666666674,0.2777777777777778,0.325422400434628,0.6901856760188042,-0.14872947946598028,0.0379367811238048,1.1102230246251565e-16,1.1102230246251565e-16,0.05288461538461542,0.03525641025641024,0.15384615384615385,0.15384615384615385
31,82,6,gb,3,3,2,3,0.3,0.7,tycoon,13,0.75,0.625,3,1,0.3,1,0,4,2,0.3333333333333333,0.6538461538461539,1.505215796449022e-8,0.34615384615384615,0.23076923076923073,0.262364264467491,0.6842317651303003,-0.2844497338353375,0.025781336264415255,0.0,1.1102230246251565e-16,0.032500000000000084,0.021666666666666723,0.20999999999999996,0.20999999999999996
31,82,6,gb,3,3,2,3,0.3,0.7,tycoon,13,0.75,0.625,4,1,0.3,0,0,4,2,0.3333333333333333,0.71,-0.999999984947842,-0.71,-0.8066666666666668,1.6433394641097823,0.0,-0.08739425626637266,0.0,0.0,0.0,0.08620689655172409,0.05747126436781613,0.028735632183908066,0.028735632183908066
31,82,6,gb,3,3,2,3,0.3,0.7,tycoon,13,0.75,0.625,5,1,0.3,1,1,4,2,0.3333333333333333,0.5287356321839081,0.3749999994326757,0.47126436781609193,0.31417624521072796,0.3771346014819384,0.6927570046594116,-0.14521767508955086,0.03231445903788896,0.0,0.0,0.05955706304868302,0.039704708699122016,0.08339984038308068,0.08339984038308068
31,82,6,gb,3,3,2,3,0.3,0.7,tycoon,13,0.75,0.625,6,1,0.3,0,0,4,2,0.3333333333333333,0.5833998403830807,-0.6999999990174539,-0.5833998403830807,-0.7222665602553873,1.2810934751215948,0.0,-0.15234512269821177,0.0,0.0,0.0,0.07246767241379315,0.04831178160919547,0.037356321839080386,0.037356321839080386
31,82,6,gb,3,3,2,3,0.3,0.7,tycoon,13,0.75,0.625,7,1,0.3,1,1,4,2,0.3333333333333333,0.4626436781609196,0.500000001677886,0.5373563218390804,0.3582375478927202,0.44353705605757215,0.6923940398076736,-0.17975900900527386,0.034072908183395534,0.019402985074626677,0.012935323383084563,0.08126036484245436,0.05417357656163635,0.011608623548922115,0.011608623548922115
31,82,6,gb,3,3,2,3,0.3,0.7,tycoon,13,0.75,0.625,8,1,0.3,1,1,4,2,0.3333333333333333,0.5116086235489221,0.4285714261887835,0.4883913764510779,0.32559425096738526,0.3939233476679928,0.6930813365993375,-0.22800730239285233,0.026290814189475376,0.0,0.0,0.0588601434426228,0.03924009562841524,0.05516393442622958,0.05516393442622958
31,82,6,gb,3,3,2,3,0.3,0.7,tycoon,13,0.75,0.625,9,1,0.3,0,0,4,2,0.3333333333333333,0.5551639344262296,-0.6250000004974928,-0.5551639344262296,-0.7034426229508197,1.2155145647661076,0.0,-0.23609603900380224,0.0,0.0,0.0,0.06399112392582529,0.04266074928388364,0.034901251319161664,0.034901251319161664
31,82,6,gb,3,3,2,3,0.3,0.7,tycoon,13,0.75,0.625,10,1,0.3,1,0,4,2,0.3333333333333333,0.46509874868083834,0.5000000018629867,0.5349012513191617,0.35660083421277444,0.4409899607474866,0.692493142237828,-0.2683627562159892,0.027180458416647513,0.018081699601655954,0.012054466401103858,0.0751776927282668,0.050118461818844495,0.005011846181884438,0.005011846181884438
31,82,6,gb,3,3,2,3,0.3,0.7,tycoon,13,0.75,0.625,11,1,0.3,1,0,4,2,0.3333333333333333,0.5050118461818844,0.4499999999979809,0.49498815381811556,0.3299921025454102,0.400465779420938,0.6931347461577707,-0.3121279906710225,0.02148650636850824,0.0,0.0,0.05632244885860349,0.037548299239068994,0.0407631628503875,0.0407631628503875
31,82,6,gb,3,3,2,3,0.3,0.7,tycoon,13,0.75,0.625,12,1,0.3,0,0,4,2,0.3333333333333333,0.5407631628503875,-0.5909090874720778,-0.5407631628503875,-0.6938421085669251,1.1836543250288727,0.0,-0.31561447009394955,5.551115123125783e-17,0.0,0.0,0.05832068167616966,0.0388804544507797,0.031060428545392926,0.031060428545392926
31,82,6,gb,3,3,2,3,0.3,0.7,tycoon,13,0.75,0.625,13,1,0.3,1,1,4,2,0.3333333333333333,0.4689395714546071,0.5000000020742905,0.5310604285453929,0.3540402856969287,0.43701813890406216,0.692633295597278,-0.3494292911224387,0.022034501551337238,0.01602805245055894,0.0106853683003727,0.0694840032960734,0.0463226688640489,0.0022414194611636296,0.0022414194611636296
31,82,6,gb,3,3,2,3,0.3,0.7,tycoon,13,0.75,0.625,14,1,0.3,1,0,4,2,0.3333333333333333,0.5022414194611636,0.46153846549391564,0.49775858053883637,0.33183905369255773,0.4032261968802987,0.6931446798003172,-0.3893719986585523,0.017818854238422277,0.0,0.0,0.053450577851278935,0.03563371856751929,0.03229831565730479,0.03229831565730479
31,82,6,gb,3,3,2,3,0.3,0.7,tycoon,13,0.75,0.625,15,1,0.3,1,1,4,2,0.3333333333333333,0.5322983156573048,0.42857142863045516,0.4677016843426952,0.31180112289513007,0.3736774172607886,0.6926576382924513,-0.43218359482485996,0.014506780715136003,1.1102230246251565e-16,0.0,0.04077443169823192,0.02718295446548802,0.059301419385738074,0.059301419385738074
31,82,6,gb,3,3,2,3,0.3,0.7,tycoon,13,0.75,0.625,16,1,0.3,0,0,4,2,0.3333333333333333,0.5593014193857381,-0.6000000007238697,-0.5593014193857381,-0.7062009462571588,1.2248592360002997,0.0,-0.42278240020142127,5.551115123125783e-17,0.0,0.0,0.06452131842989584,0.04301421228659719,0.00102414791158556,0.00102414791158556
31,82,6,gb,3,3,2,3,0.3,0.7,tycoon,13,0.75,0.625,17,1,0.3,0,0,4,2,0.3333333333333333,0.5010241479115856,-0.5312499996662176,-0.5010241479115856,-0.6673494319410571,1.100662685118131,0.0,-0.4294398330374255,0.0,0.0,0.0,0.041537364389923725,0.027691576259949113,0.0506871053102928,0.0506871053102928
31,82,6,gb,3,3,2,3,0.3,0.7,tycoon,13,0.75,0.625,18,1,0.3,0,0,4,2,0.3333333333333333,0.4493128946897072,-0.470588235426401,-0.4493128946897072,-0.6328752631264714,1.0020536061853567,0.0,-0.44830125174316193,-1.1102230246251565e-16,0.0,0.0,0.025528531883726835,0.01701902125581789,0.09664555436760963,0.09664555436760963
31,82,6,gb,3,3,2,3,0.3,0.7,tycoon,13,0.75,0.625,19,1,0.3,1,0,4,2,0.3333333333333333,0.40335444563239037,0.5833333332665114,0.5966455543676097,0.3977637029117397,0.5071053906090032,0.6874132966995621,-0.46763912542882863,0.021666903934523807,0.0,0.0,0.03231294174018251,0.021541961160121637,0.0696603230175894,0.0696603230175894
31,82,6,gb,3,3,2,3,0.3,0.7,tycoon,13,0.75,0.625,20,1,0.3,1,1,4,2,0.3333333333333333,0.4303396769824106,0.5526315796666921,0.5696603230175894,0.37977354867839297,0.4776706235612688,0.690341330774052,-0.4921372492530113,0.018240084091544984,0.0,0.0,0.03987575266006749,0.026583835106711695,0.04454741791555622,0.04454741791555622
32,88,7,bg,3,2,4,1,0.7,0.3,tycoon,16,0.625,0.625,1,1,0.7,1,1,4,2,0.3333333333333333,0.5,NaN,0.5,0.33333333333333326,0.4054651081081643,0.6931471805599453,-0.042791644191678,0.05378194606599747,0.0,-1.1102230246251565e-16,0.08333333333333348,0.05555555555555547,0.08333333333333326,0.08333333333333326
32,88,7,bg,3,2,4,1,0.7,0.3,tycoon,16,0.625,0.625,2,1,0.7,1,0,2,2,0.3333333333333333,0.5833333333333333,1.505215796449022e-8,0.41666666666666674,0.2777777777777778,0.325422400434628,0.6901856760188042,-0.14872947946598028,0.0379367811238048,1.1102230246251565e-16,1.1102230246251565e-16,0.05288461538461542,0.03525641025641024,0.15384615384615385,0.15384615384615385
32,88,7,bg,3,2,4,1,0.7,0.3,tycoon,16,0.625,0.625,3,2,0.3,1,0,3,2,0.3333333333333333,0.5,NaN,0.5,0.33333333333333326,0.4054651081081643,0.6931471805599453,-0.042791644191678,0.05378194606599747,0.0064102564102563875,0.0,0.08295402888526104,0.05555555555555558,0.08333333333333326,0.0705128205128206
32,88,7,bg,3,2,4,1,0.7,0.3,tycoon,16,0.625,0.625,4,1,0.7,0,0,4,2,0.3333333333333333,0.6538461538461539,-0.999999984947842,-0.6538461538461539,-0.7692307692307693,1.4663370687934272,0.0,-0.06641254138672092,0.0,0.0,0.0,0.053918575931046764,0.05833333333333324,0.033333333333333326,0.11666666666666659
32,88,7,bg,3,2,4,1,0.7,0.3,tycoon,16,0.625,0.625,5,2,0.3,1,0,4,2,0.3333333333333333,0.5833333333333333,1.505215796449022e-8,0.41666666666666674,0.2777777777777778,0.325422400434628,0.6901856760188042,-0.14872947946598028,0.0379367811238048,1.1102230246251565e-16,1.1102230246251565e-16,0.05288461538461542,0.03525641025641035,0.15384615384615385,0.15384615384615385
32,88,7,bg,3,2,4,1,0.7,0.3,tycoon,16,0.625,0.625,6,1,0.7,0,0,2,2,0.3333333333333333,0.4666666666666667,-0.49999999847640864,-0.4666666666666667,-0.6444444444444445,1.0340737675305387,0.0,-0.2040059070058956,0.0,0.0,0.0,0.010019403774606639,0.02517361111111127,0.14583333333333331,0.29967948717948717
32,88,7,bg,3,2,4,1,0.7,0.3,tycoon,16,0.625,0.625,7,2,0.3,1,0,1,2,0.3333333333333333,0.6538461538461539,1.505215796449022e-8,0.34615384615384615,0.23076923076923073,0.262364264467491,0.6842317651303003,-0.2844497338353375,0.025781336264415255,0.0,-1.1102230246251565e-16,0.032500000000000084,0.021666666666666723,0.20999999999999996,0.20999999999999996
32,88,7,bg,3,2,4,1,0.7,0.3,tycoon,16,0.625,0.625,8,1,0.7,1,0,2,2,0.3333333333333333,0.3541666666666667,0.7500000004820603,0.6458333333333333,0.4305555555555556,0.5630940523117476,0.6785008770139087,-0.15713508424224704,0.05316704774777181,0.0,0.0,0.008090303847175129,0.03585946573751453,0.09059233449477344,0.3005923344947734
32,88,7,bg,3,2,4,1,0.7,0.3,tycoon,16,0.625,0.625,9,1,0.7,1,1,3,2,0.3333333333333333,0.40940766550522656,0.6000000032547178,0.5905923344947734,0.39372822299651555,0.5004269165450919,0.6881771822372582,-0.15234512269821177,0.04329848222372057,0.0,0.008301404853129024,0.011864668926762523,0.04831178160919547,0.037356321839080386,0.24735632183908035
32,88,7,bg,3,2,4,1,0.7,0.3,tycoon,16,0.625,0.625,10,2,0.3,1,0,2,2,0.3333333333333333,0.71,1.505215796449022e-8,0.29000000000000004,0.19333333333333325,0.21484474849951454,0.6780102022798757,-0.42625540231422954,0.017393591340592707,1.1102230246251565e-16,1.1102230246251565e-16,0.01962809917355368,0.013085399449035862,0.2534435261707988,0.2534435261707988
32,88,7,bg,3,2,4,1,0.7,0.3,tycoon,16,0.625,0.625,11,1,0.7,1,0,3,2,0.3333333333333333,0.4626436781609196,0.500000001677886,0.5373563218390804,0.3582375478927202,0.44353705605757215,0.6923940398076736,-0.17975900900527386,0.034072908183395534,0.0,0.012935323383084452,0.00942940590956498,0.05417357656163624,0.011608623548922115,0.24183490262187668
32,88,7,bg,3,2,4,1,0.7,0.3,tycoon,16,0.625,0.625,12,2,0.3,0,0,4,2,0.3333333333333333,0.7534435261707988,-0.999999984947842,-0.7534435261707988,-0.8356290174471993,1.8056293170922058,0.0,-0.14521767508955086,0.0,0.0,0.0,0.06358789748702909,0.039704708699122016,0.08339984038308068,0.07179121683415857
32,88,7,bg,3,2,4,1,0.7,0.3,tycoon,16,0.625,0.625,13,2,0.3,1,1,2,2,0.3333333333333333,0.5833998403830807,0.3000000009825461,0.4166001596169193,0.27773343974461273,0.3253610111961419,0.6901813069103601,-0.22325417073184653,0.02375398970768486,-1.1102230246251565e-16,-1.1102230246251565e-16,0.04331061516201007,0.026818600368323953,0.12983425414364647,0.11822563059472435
32,88,7,bg,3,2,4,1,0.7,0.3,tycoon,16,0.625,0.625,14,1,0.7,0,0,3,2,0.3333333333333333,0.5116086235489221,-0.5714285738112165,-0.5116086235489221,-0.6744057490326147,1.1221033017437085,0.0,-0.2228608825806696,0.0,0.0,0.0,0.015125995726896768,0.0327001980758348,0.07860780984719856,0.20844206399084503
32,88,7,bg,3,2,4,1,0.7,0.3,tycoon,16,0.625,0.625,15,2,0.3,1,1,2,2,0.3333333333333333,0.6298342541436465,0.2499999999460495,0.37016574585635353,0.24677716390423576,0.28339416389113375,0.6865299089505598,-0.30920087703841675,0.017446775436758433,0.0,-1.1102230246251565e-16,0.026784501494159008,0.01785633432943934,0.1685683238250476,0.1685683238250476
32,88,7,bg,3,2,4,1,0.7,0.3,tycoon,16,0.625,0.625,16,1,0.7,1,0,2,2,0.3333333333333333,0.42139219015280144,0.5624999999673466,0.5786078098471985,0.38573853989813234,0.4873346106903918,0.6895034991417229,-0.23609603900380224,0.03414268066623985,0.0,0.005170555750987016,0.013439401879107526,0.04266074928388364,0.034901251319161664,0.20346957514420927
32,88,7,bg,3,2,4,1,0.7,0.3,tycoon,16,0.625,0.625,17,2,0.3,1,0,1,2,0.3333333333333333,0.6685683238250476,0.21428571422552145,0.3314316761749524,0.22095445078330167,0.24968576342578275,0.6827064730455019,-0.39571066482832595,0.012973104587098216,2.220446049250313e-16,0.0,0.017687144019527867,0.0117914293463518,0.20073230268510978,0.20073230268510978
32,88,7,bg,3,2,4,1,0.7,0.3,tycoon,16,0.625,0.625,18,1,0.7,1,1,3,2,0.3333333333333333,0.46509874868083834,0.5000000018629867,0.5349012513191617,0.35660083421277444,0.4409899607474866,0.692493142237828,-0.2683627562159892,0.027180458416647513,0.0,0.01205446640110397,0.012052746735636943,0.050118461818844606,0.005011846181884438,0.19572045650322534
32,88,7,bg,3,2,4,1,0.7,0.3,tycoon,16,0.625,0.625,19,2,0.3,1,1,2,2,0.3333333333333333,0.7007323026851098,0.18749999560995112,0.2992676973148902,0.19951179820992682,0.22253348520479543,0.6791076299320256,-0.4791391417344009,0.00984175385178182,-1.1102230246251565e-16,0.0,0.012161586225372,0.00775440930960325,0.2275499454804193,0.22253809929853485
32,88,7,bg,3,2,4,1,0.7,0.3,tycoon,16,0.625,0.625,20,1,0.7,1,1,3,2,0.3333333333333333,0.5050118461818844,0.4499999999979809,0.49498815381811556,0.3299921025454102,0.400465779420938,0.6931347461577707,-0.3121279906710225,0.02148650636850824,0.0,-1.1102230246251565e-16,0.0109098059641477,0.03754829923906888,0.0407631628503875,0.1867867826300318
33,88,7,gb,1,2,2,3,0.3,0.7,bandit,4,0.375,0.625,1,2,0.7,1,0,1,1,0.3333333333333333,0.5,NaN,0.5,0.6666666666666666,1.0986122886681096,0.0,-0.19314718051535087,0.0,0.0,0.0,0.04166666666666663,0.02777777777777779,0.16666666666666663,0.16666666666666663
33,88,7,gb,1,2,2,3,0.3,0.7,bandit,4,0.375,0.625,2,1,0.3,0,1,2,1,0.3333333333333333,0.5,NaN,-0.5,-0.33333333333333337,0.40546510810816444,0.6931471805599453,-0.04279164419167801,0.05378194606599736,0.0,-1.1102230246251565e-16,0.033950621592853336,0.05555555555555547,0.08333333333333337,0.25
33,88,7,gb,1,2,2,3,0.3,0.7,bandit,4,0.375,0.625,3,2,0.7,0,0,3,1,0.3333333333333333,0.6666666666666666,-0.999999984947842,-0.6666666666666666,-0.44444444444444453,0.5877866649021192,0.6730116670092565,-0.09878147980916833,0.0671439495179084,1.1102230246251565e-16,0.0,0.0625,0.04166666666666652,0.09999999999999987,0.09999999999999987
33,88,7,gb,1,2,2,3,0.3,0.7,bandit,4,0.375,0.625,4,2,0.7,1,0,1,1,0.3333333333333333,0.5999999999999999,0.2499999999999999,0.40000000000000013,0.6000000000000001,0.9162907318741551,0.0,-0.29705541768766514,0.0,0.0,0.0,0.02499999999999991,0.01666666666666672,0.19999999999999996,0.19999999999999996
33,88,7,gb,1,2,2,3,0.3,0.7,bandit,4,0.375,0.625,5,1,0.3,0,0,3,1,0.3333333333333333,0.41666666666666663,-5.545009081338703e-16,-0.41666666666666663,-0.2777777777777778,0.325422400434628,0.6901856760188041,-0.14872947946598028,0.03793678112380475,0.0,1.1102230246251565e-16,0.015161536928536168,0.03525641025641024,0.15384615384615385,0.3538461538461538
33,88,7,gb,1,2,2,3,0.3,0.7,bandit,4,0.375,0.625,6,1,0.3,0,1,4,1,0.3333333333333333,0.34615384615384615,-5.545009081338703e-16,-0.34615384615384615,-0.2307692307692308,0.2623642644674911,0.6842317651303003,-0.2844497338353375,0.0257813362644152,0.0,0.0,0.008107197916188968,0.021666666666666723,0.21000000000000002,0.41
33,88,7,gb,1,2,2,3,0.3,0.7,bandit,4,0.375,0.625,7,2,0.7,0,0,2,1,0.3333333333333333,0.7,-0.999999984947842,-0.7,-0.4666666666666667,0.6286086594223742,0.6615632381579821,-0.20400590700589533,0.06231225300813903,0.0,-1.1102230246251565e-16,0.03776041666666674,0.02517361111111105,0.14583333333333326,0.14583333333333326
33,88,7,gb,1,2,2,3,0.3,0.7,bandit,4,0.375,0.625,8,2,0.7,0,0,2,1,0.3333333333333333,0.6458333333333333,-0.7499999978409456,-0.6458333333333333,-0.43055555555555564,0.5630940523117476,0.6785008770139085,-0.1571350842422471,0.053167047747771534,-1.1102230246251565e-16,-1.1102230246251565e-16,0.05378919860627185,0.03585946573751453,0.09059233449477355,0.09059233449477355
33,88,7,gb,1,2,2,3,0.3,0.7,bandit,4,0.375,0.625,9,1,0.3,0,1,3,1,0.3333333333333333,0.29,-5.545009081338703e-16,-0.29,-0.19333333333333338,0.21484474849951468,0.6780102022798757,-0.42625540231422954,0.017393591340592762,0.0,0.0,0.010430106456575383,0.01308539944903575,0.2534435261707989,0.34403586066557246
33,88,7,gb,1,2,2,3,0.3,0.7,bandit,4,0.375,0.625,10,2,0.7,0,1,3,1,0.3333333333333333,0.5905923344947736,-0.5999999972964525,-0.5905923344947736,-0.3937282229965158,0.5004269165450922,0.6881771822372582,-0.15234512269821188,0.04329848222372032,0.01245210727969337,0.008301404853128913,0.07246767241379304,0.04831178160919536,0.03735632183908055,0.03735632183908055
33,88,7,gb,1,2,2,3,0.3,0.7,bandit,4,0.375,0.625,11,1,0.3,0,0,3,1,0.3333333333333333,0.2465564738292011,-5.545009081338703e-16,-0.2465564738292011,-0.16437098255280075,0.17957052342206484,0.6725635843867588,-0.5618791256690523,0.011912734212403908,1.1102230246251565e-16,0.0,0.008887149460722887,0.00784929356357944,0.28689167974882257,0.3242480015879031
33,88,7,gb,1,2,2,3,0.3,0.7,bandit,4,0.375,0.625,12,2,0.7,0,1,4,1,0.3333333333333333,0.5373563218390806,-0.49999999874887274,-0.5373563218390806,-0.35823754789272033,0.4435370560575723,0.6923940398076736,-0.17975900900527403,0.03407290818339537,0.0194029850746269,0.012935323383084674,0.08126036484245436,0.05417357656163646,0.011608623548922004,0.011608623548922004
33,88,7,gb,1,2,2,3,0.3,0.7,bandit,4,0.375,0.625,13,1,0.3,0,0,2,1,0.3333333333333333,0.2131083202511774,-5.545009081338703e-16,-0.2131083202511774,-0.14207221350078494,0.1532353479555701,0.668087395200138,-0.6867749400135641,0.008393123717155504,0.0,-1.1102230246251565e-16,0.007061985361390688,0.004707990240927162,0.312900274473925,0.312900274473925
33,88,7,gb,1,2,2,3,0.3,0.7,bandit,4,0.375,0.625,14,2,0.7,0,0,2,1,0.3333333333333333,0.488391376451078,-0.42857142831688716,-0.488391376451078,-0.32559425096738537,0.393923347667993,0.6930813365993375,-0.22800730239285252,0.026290814189475292,0.0,-1.1102230246251565e-16,0.058860143442623025,0.03924009562841524,0.055163934426229466,0.055163934426229466
33,88,7,gb,1,2,2,3,0.3,0.7,bandit,4,0.375,0.625,15,2,0.7,0,1,2,1,0.3333333333333333,0.44483606557377053,-0.3749999995045847,-0.44483606557377053,-0.2965573770491804,0.351768965169878,0.6917799599357861,-0.2874591223088541,0.020170902342174335,0.0,1.1102230246251565e-16,0.04198335310692569,0.027988902071283794,0.0931336200504227,0.0931336200504227
33,88,7,gb,1,2,2,3,0.3,0.7,bandit,4,0.375,0.625,16,1,0.3,1,0,1,1,0.3333333333333333,0.187099725526075,0.9999999999999994,0.812900274473925,0.8752668496492833,2.0815786208018463,0.0,-0.3092008770384171,0.0,0.0,0.0,0.02678450149415923,0.01785633432943956,0.1685683238250475,0.1685683238250475
33,88,7,gb,1,2,2,3,0.3,0.7,bandit,4,0.375,0.625,17,2,0.7,0,0,3,1,0.3333333333333333,0.4068663799495773,-0.33333333341764176,-0.4068663799495773,-0.27124425329971824,0.31641665565345756,0.6895133632202006,-0.35142856931129185,0.0155607835443628,0.0,-1.1102230246251565e-16,0.029628357753357815,0.019752238502238506,0.1259327092660426,0.1259327092660426
33,88,7,gb,1,2,2,3,0.3,0.7,bandit,4,0.375,0.625,18,1,0.3,0,0,2,1,0.3333333333333333,0.3314316761749525,-0.21428571120777382,-0.3314316761749525,-0.22095445078330167,0.24968576342578275,0.6827064730455019,-0.3957106648283263,0.012973104587097994,0.0,1.1102230246251565e-16,0.01768714401952809,0.011791429346352134,0.2007323026851099,0.2007323026851099
33,88,7,gb,1,2,2,3,0.3,0.7,bandit,4,0.375,0.625,19,1,0.3,1,0,1,1,0.3333333333333333,0.2992676973148901,0.8124999909333683,0.7007323026851099,0.8004882017900732,1.6118819055039784,0.0,-0.2874591223088541,0.0,0.0,0.0,0.04198335310692569,0.027988902071283683,0.0931336200504227,0.0931336200504227
33,88,7,gb,1,2,2,3,0.3,0.7,bandit,4,0.375,0.625,20,1,0.3,0,1,3,1,0.3333333333333333,0.4068663799495773,-0.33333333341764176,-0.4068663799495773,-0.27124425329971824,0.31641665565345756,0.6895133632202006,-0.35142856931129185,0.0155607835443628,0.0,0.0,0.029628357753357815,0.019752238502238617,0.1259327092660426,0.1259327092660426
34,88,7,gb,3,1,4,0,0.7,0.3,tycoon,15,0.5,0.5,1,1,0.7,0,0,2,2,0.3333333333333333,0.5,NaN,-0.5,-0.6666666666666667,1.09861228866811,0.0,-0.19314718051535068,0.0,0.0,0.0,0.04166666666666652,0.02777777777777768,0.16666666666666674,0.16666666666666674
34,88,7,gb,3,1,4,0,0.7,0.3,tycoon,15,0.5,0.5,2,1,0.7,1,1,3,2,0.3333333333333333,0.33333333333333326,0.9999999999999997,0.6666666666666667,0.44444444444444453,0.5877866649021192,0.6730116670092565,-0.09878147980916858,0.06714394951790816,0.0,0.0,0.0625,0.04166666666666663,0.10000000000000003,0.10000000000000003
34,88,7,gb,3,1,4,0,0.7,0.3,tycoon,15,0.5,0.5,3,2,0.3,1,0,2,2,0.3333333333333333,0.5,NaN,0.5,0.33333333333333326,0.4054651081081643,0.6931471805599453,-0.042791644191678,0.05378194606599747,0.0,0.0,0.08333333333333348,0.05555555555555547,0.08333333333333326,0.08333333333333326
34,88,7,gb,3,1,4,0,0.7,0.3,tycoon,15,0.5,0.5,4,2,0.3,1,1,3,2,0.3333333333333333,0.5833333333333333,1.505215796449022e-8,0.41666666666666674,0.2777777777777778,0.325422400434628,0.6901856760188042,-0.14872947946598028,0.0379367811238048,1.1102230246251565e-16,1.1102230246251565e-16,0.05288461538461542,0.03525641025641024,0.15384615384615385,0.15384615384615385
34,88,7,gb,3,1,4,0,0.7,0.3,tycoon,15,0.5,0.5,5,2,0.3,0,0,4,2,0.3333333333333333,0.6538461538461539,-0.999999984947842,-0.6538461538461539,-0.7692307692307693,1.4663370687934272,0.0,-0.06641254138672092,0.0,0.0,0.0,0.08750000000000002,0.05833333333333346,0.033333333333333326,0.033333333333333326
34,88,7,gb,3,1,4,0,0.7,0.3,tycoon,15,0.5,0.5,6,1,0.7,0,0,1,2,0.3333333333333333,0.39999999999999997,-0.25000000000000017,-0.39999999999999997,-0.6000000000000001,0.9162907318741553,0.0,-0.29705541768766525,0.0,0.0,0.0,0.025000000000000022,0.016666666666666607,0.2,0.2
34,88,7,gb,3,1,4,0,0.7,0.3,tycoon,15,0.5,0.5,7,2,0.3,1,0,3,2,0.3333333333333333,0.4666666666666667,0.5000000015235914,0.5333333333333333,0.3555555555555555,0.43936665978384565,0.6925525323607233,-0.08739425626637266,0.043140311410130014,0.01724137931034475,0.011494252873563204,0.08620689655172409,0.05747126436781613,0.028735632183908066,0.028735632183908066
34,88,7,gb,3,1,4,0,0.7,0.3,tycoon,15,0.5,0.5,8,2,0.3,1,1,1,2,0.3333333333333333,0.5287356321839081,0.3749999994326757,0.47126436781609193,0.31417624521072796,0.3771346014819384,0.6927570046594116,-0.14521767508955086,0.03231445903788896,0.0,-1.1102230246251565e-16,0.05955706304868302,0.039704708699122127,0.08339984038308068,0.08339984038308068
34,88,7,gb,3,1,4,0,0.7,0.3,tycoon,15,0.5,0.5,9,2,0.3,1,0,1,2,0.3333333333333333,0.5833998403830807,0.3000000009825461,0.4166001596169193,0.27773343974461273,0.3253610111961419,0.6901813069103601,-0.22325417073184653,0.02375398970768486,-1.1102230246251565e-16,0.0,0.04022790055248604,0.026818600368324064,0.12983425414364647,0.12983425414364647
34,88,7,gb,3,1,4,0,0.7,0.3,tycoon,15,0.5,0.5,10,1,0.7,1,1,4,2,0.3333333333333333,0.3,0.9999999937195446,0.7,0.4666666666666667,0.6286086594223742,0.6615632381579821,-0.2040059070058956,0.06231225300813881,0.0,1.1102230246251565e-16,0.012818082924112684,0.02517361111111116,0.14583333333333331,0.2756675874769798
34,88,7,gb,3,1,4,0,0.7,0.3,tycoon,15,0.5,0.5,11,2,0.3,1,0,2,2,0.3333333333333333,0.6298342541436465,0.2499999999460495,0.37016574585635353,0.24677716390423576,0.28339416389113375,0.6865299089505598,-0.30920087703841675,0.017446775436758433,0.0,0.0,0.026784501494159008,0.017856334329439227,0.1685683238250476,0.1685683238250476
34,88,7,gb,3,1,4,0,0.7,0.3,tycoon,15,0.5,0.5,12,1,0.7,1,0,4,2,0.3333333333333333,0.3541666666666667,0.7500000004820603,0.6458333333333333,0.4305555555555556,0.5630940523117476,0.6785008770139087,-0.15713508424224704,0.05316704774777181,0.0,1.1102230246251565e-16,0.013067124021608478,0.03585946573751453,0.09059233449477344,0.25916065831982105
34,88,7,gb,3,1,4,0,0.7,0.3,tycoon,15,0.5,0.5,13,1,0.7,1,0,2,2,0.3333333333333333,0.40940766550522656,0.6000000032547178,0.5905923344947734,0.39372822299651555,0.5004269165450919,0.6881771822372582,-0.15234512269821177,0.04329848222372057,0.0,0.008301404853129024,0.018842708133638975,0.04831178160919558,0.037356321839080386,0.205924645664128
34,88,7,gb,3,1,4,0,0.7,0.3,tycoon,15,0.5,0.5,14,2,0.3,1,0,1,2,0.3333333333333333,0.6685683238250476,0.21428571422552145,0.3314316761749524,0.22095445078330167,0.24968576342578275,0.6827064730455019,-0.39571066482832595,0.012973104587098216,2.220446049250313e-16,1.1102230246251565e-16,0.017687144019527867,0.011791429346352023,0.20073230268510978,0.20073230268510978
34,88,7,gb,3,1,4,0,0.7,0.3,tycoon,15,0.5,0.5,15,2,0.3,1,1,1,2,0.3333333333333333,0.7007323026851098,0.18749999560995112,0.2992676973148902,0.19951179820992682,0.22253348520479543,0.6791076299320256,-0.4791391417344009,0.00984175385178182,-1.1102230246251565e-16,-1.1102230246251565e-16,0.011631613964404819,0.00775440930960325,0.2275499454804193,0.2275499454804193
34,88,7,gb,3,1,4,0,0.7,0.3,tycoon,15,0.5,0.5,16,1,0.7,0,0,4,2,0.3333333333333333,0.4626436781609196,-0.499999998322114,-0.4626436781609196,-0.6417624521072798,1.0265589710280523,0.0,-0.23700120278132994,0.0,0.0,0.0,0.002738527121361134,0.02394657357892649,0.12507427213309563,0.3526242176135149
34,88,7,gb,3,1,4,0,0.7,0.3,tycoon,15,0.5,0.5,17,2,0.3,1,1,4,2,0.3333333333333333,0.7275499454804193,0.16666666576379163,0.2724500545195807,0.18163336967972044,0.20044483946697284,0.6758665393660739,-0.5580527251703005,0.007640859362410435,1.1102230246251565e-16,1.1102230246251565e-16,0.00763730493891257,0.0050915366259417505,0.25010350564199846,0.25010350564199846
34,88,7,gb,3,1,4,0,0.7,0.3,tycoon,15,0.5,0.5,18,1,0.7,1,1,3,2,0.3333333333333333,0.37492572786690437,0.6428571428840825,0.6250742721330956,0.4167161814220637,0.5390813867732285,0.6828941449085093,-0.2228608825806696,0.04211572422065968,0.0,0.0,0.00284386614902965,0.0327001980758348,0.07860780984719856,0.328711315489197
34,88,7,gb,3,1,4,0,0.7,0.3,tycoon,15,0.5,0.5,19,2,0.3,0,0,4,2,0.3333333333333333,0.7501035056419985,-0.849999996112899,-0.7501035056419985,-0.8334023370946657,1.7921735775270566,0.0,-0.4159276158960932,0.0,0.0,0.0,0.020759811475086876,0.01383987431672462,0.1542284868187811,0.1542284868187811
34,88,7,gb,3,1,4,0,0.7,0.3,tycoon,15,0.5,0.5,20,1,0.7,1,0,3,2,0.3333333333333333,0.42139219015280144,0.5624999999673466,0.5786078098471985,0.38573853989813234,0.4873346106903918,0.6895034991417229,-0.23609603900380224,0.03414268066623985,0.0,0.005170555750986905,0.015932832900947602,0.04266074928388364,0.034901251319161664,0.18912973813794276
35,80,6,bg,3,4,4,4,0.7,0.3,tycoon,14,1.0,0.875,1,2,0.3,0,0,2,2,0.3333333333333333,0.5,NaN,-0.5,-0.6666666666666667,1.09861228866811,0.0,-0.19314718051535068,0.0,0.0,0.0,0.04166666666666652,0.02777777777777768,0.16666666666666674,0.16666666666666674
35,80,6,bg,3,4,4,4,0.7,0.3,tycoon,14,1.0,0.875,2,1,0.7,1,1,2,2,0.3333333333333333,0.5,NaN,0.5,0.33333333333333326,0.4054651081081643,0.6931471805599453,-0.042791644191678,0.05378194606599747,0.0,-1.1102230246251565e-16,0.08333333333333348,0.05555555555555547,0.08333333333333326,0.08333333333333326
35,80,6,bg,3,4,4,4,0.7,0.3,tycoon,14,1.0,0.875,3,2,0.3,1,0,2,2,0.3333333333333333,0.33333333333333326,0.9999999999999997,0.6666666666666667,0.44444444444444453,0.5877866649021192,0.6730116670092565,-0.09878147980916858,0.06714394951790816,0.0,0.0,0.03737461979762402,0.04166666666666663,0.10000000000000003,0.1833333333333333
35,80,6,bg,3,4,4,4,0.7,0.3,tycoon,14,1.0,0.875,4,1,0.7,1,0,2,2,0.3333333333333333,0.5833333333333333,1.505215796449022e-8,0.41666666666666674,0.2777777777777778,0.325422400434628,0.6901856760188042,-0.14872947946598028,0.0379367811238048,1.1102230246251565e-16,1.1102230246251565e-16,0.05288461538461542,0.03525641025641024,0.15384615384615385,0.15384615384615385
35,80,6,bg,3,4,4,4,0.7,0.3,tycoon,14,1.0,0.875,5,2,0.3,1,1,2,2,0.3333333333333333,0.39999999999999997,0.7499999999999998,0.6000000000000001,0.3999999999999999,0.5108256237659905,0.6869615765973234,-0.06641254138672092,0.05538446170840036,0.0,0.014814814814814947,0.032568046699056996,0.05833333333333335,0.033333333333333326,0.18717948717948718
35,80,6,bg,3,4,4,4,0.7,0.3,tycoon,14,1.0,0.875,6,1,0.7,1,0,2,2,0.3333333333333333,0.6538461538461539,1.505215796449022e-8,0.34615384615384615,0.23076923076923073,0.262364264467491,0.6842317651303003,-0.2844497338353375,0.025781336264415255,0.0,1.1102230246251565e-16,0.032500000000000084,0.021666666666666723,0.20999999999999996,0.20999999999999996
35,80,6,bg,3,4,4,4,0.7,0.3,tycoon,14,1.0,0.875,7,2,0.3,0,0,2,2,0.3333333333333333,0.4666666666666667,-0.49999999847640864,-0.4666666666666667,-0.6444444444444445,1.0340737675305387,0.0,-0.2040059070058956,0.0,0.0,0.0,0.0051915631285992525,0.02517361111111116,0.14583333333333331,0.3558333333333333
35,80,6,bg,3,4,4,4,0.7,0.3,tycoon,14,1.0,0.875,8,1,0.7,1,1,2,2,0.3333333333333333,0.71,1.505215796449022e-8,0.29000000000000004,0.19333333333333325,0.21484474849951454,0.6780102022798757,-0.42625540231422954,0.017393591340592707,1.1102230246251565e-16,0.0,0.01962809917355368,0.013085399449035862,0.2534435261707988,0.2534435261707988
35,80,6,bg,3,4,4,4,0.7,0.3,tycoon,14,1.0,0.875,9,2,0.3,0,0,2,2,0.3333333333333333,0.3541666666666667,-0.24999999951793975,-0.3541666666666667,-0.5694444444444444,0.842678914530909,0.0,-0.37092869552988855,0.0,0.0,0.0,0.0006298630976049324,0.011040706605222717,0.21889400921658986,0.47233753538738865
35,80,6,bg,3,4,4,4,0.7,0.3,tycoon,14,1.0,0.875,10,1,0.7,1,0,2,2,0.3333333333333333,0.7534435261707988,1.505215796449022e-8,0.2465564738292012,0.1643709825528007,0.1795705234220647,0.6725635843867589,-0.5618791256690523,0.011912734212403908,-2.220446049250313e-16,-1.1102230246251565e-16,0.011773940345368827,0.00784929356357933,0.2868916797488228,0.2868916797488228
35,80,6,bg,3,4,4,4,0.7,0.3,tycoon,14,1.0,0.875,11,1,0.7,0,0,2,2,0.3333333333333333,0.7868916797488228,-0.999999984947842,-0.7868916797488228,-0.8579277864992152,1.9514198048662839,0.0,-0.22325417073184653,0.0,0.0,0.0,0.04022790055248604,0.026818600368324064,0.12983425414364647,0.12983425414364647
35,80,6,bg,3,4,4,4,0.7,0.3,tycoon,14,1.0,0.875,12,2,0.3,1,1,2,2,0.3333333333333333,0.28110599078341014,0.8999999999024825,0.7188940092165899,0.47926267281105994,0.652509534828119,0.6533502750036448,-0.28542769031337345,0.058112087396657075,0.0,0.0,0.006835948671051861,0.01668510324483774,0.17256637168141586,0.30240062582506233
35,80,6,bg,3,4,4,4,0.7,0.3,tycoon,14,1.0,0.875,13,1,0.7,1,0,2,2,0.3333333333333333,0.6298342541436465,0.2499999999460495,0.37016574585635353,0.24677716390423576,0.28339416389113375,0.6865299089505598,-0.30920087703841675,0.017446775436758433,0.0,0.0,0.026784501494159008,0.01785633432943934,0.1685683238250476,0.1685683238250476
35,80,6,bg,3,4,4,4,0.7,0.3,tycoon,14,1.0,0.875,14,2,0.3,0,0,2,2,0.3333333333333333,0.32743362831858414,-0.2499999961301174,-0.32743362831858414,-0.5516224188790562,0.8021195865341741,0.0,-0.4271890325390063,0.0,0.0,0.0,0.001319561660344748,0.007751583820662766,0.23099415204678364,0.39956247587183125
35,80,6,bg,3,4,4,4,0.7,0.3,tycoon,14,1.0,0.875,15,1,0.7,1,1,2,2,0.3333333333333333,0.6685683238250476,0.21428571422552145,0.3314316761749524,0.22095445078330167,0.24968576342578275,0.6827064730455019,-0.39571066482832595,0.012973104587098216,2.220446049250313e-16,1.1102230246251565e-16,0.017687144019527867,0.011791429346351912,0.20073230268510978,0.20073230268510978
35,80,6,bg,3,4,4,4,0.7,0.3,tycoon,14,1.0,0.875,16,2,0.3,0,0,2,2,0.3333333333333333,0.26900584795321636,-0.14285714484854597,-0.26900584795321636,-0.5126705653021442,0.7188149273085229,0.0,-0.5675720130244426,0.0,0.0,0.0,0.00021491278836449634,0.0036041666666666305,0.274,0.4747323026851098
35,80,6,bg,3,4,4,4,0.7,0.3,tycoon,14,1.0,0.875,17,1,0.7,1,0,2,2,0.3333333333333333,0.7007323026851098,0.18749999560995112,0.2992676973148902,0.19951179820992682,0.22253348520479543,0.6791076299320256,-0.4791391417344009,0.00984175385178182,-1.1102230246251565e-16,0.0,0.011631613964404819,0.007754409309603361,0.2275499454804193,0.2275499454804193
35,80,6,bg,3,4,4,4,0.7,0.3,tycoon,14,1.0,0.875,18,1,0.7,1,1,2,2,0.3333333333333333,0.7275499454804193,0.16666666576379163,0.2724500545195807,0.18163336967972044,0.20044483946697284,0.6758665393660739,-0.5580527251703005,0.007640859362410435,1.1102230246251565e-16,1.1102230246251565e-16,0.00763730493891257,0.0050915366259416395,0.25010350564199846,0.25010350564199846
35,80,6,bg,3,4,4,4,0.7,0.3,tycoon,14,1.0,0.875,19,1,0.7,1,1,2,2,0.3333333333333333,0.7501035056419985,0.150000003887101,0.24989649435800154,0.1665976629053343,0.18223875570846026,0.6729982360996121,-0.6321463133369446,0.006070404564555654,0.0,0.0,0.005014107447041116,0.003342738298027337,0.2692689835342672,0.2692689835342672
35,80,6,bg,3,4,4,4,0.7,0.3,tycoon,14,1.0,0.875,20,1,0.7,1,0,2,2,0.3333333333333333,0.7692689835342672,0.1363636364214903,0.2307310164657328,0.1538206776438218,0.16702397687729043,0.6704725392173686,-0.7016137230328472,0.004926175002460287,-1.1102230246251565e-16,0.0,0.0032940647694743586,0.0021960431796497204,0.2857282641187262,0.2857282641187262
36,86,7,bg,4,3,1,2,0.7,0.3,tycoon,12,0.375,0.875,1,2,0.3,0,0,4,2,0.3333333333333333,0.5,NaN,-0.5,-0.6666666666666667,1.09861228866811,0.0,-0.19314718051535068,0.0,0.0,0.0,0.04166666666666652,0.02777777777777768,0.16666666666666674,0.16666666666666674
36,86,7,bg,4,3,1,2,0.7,0.3,tycoon,12,0.375,0.875,2,1,0.7,1,0,4,2,0.3333333333333333,0.5,NaN,0.5,0.33333333333333326,0.4054651081081643,0.6931471805599453,-0.042791644191678,0.05378194606599747,0.0,-1.1102230246251565e-16,0.08333333333333348,0.05555555555555547,0.08333333333333326,0.08333333333333326
36,86,7,bg,4,3,1,2,0.7,0.3,tycoon,12,0.375,0.875,3,2,0.3,1,0,4,2,0.3333333333333333,0.33333333333333326,0.9999999999999997,0.6666666666666667,0.44444444444444453,0.5877866649021192,0.6730116670092565,-0.09878147980916858,0.06714394951790816,0.0,0.0,0.03737461979762402,0.04166666666666663,0.10000000000000003,0.1833333333333333
36,86,7,bg,4,3,1,2,0.7,0.3,tycoon,12,0.375,0.875,4,1,0.7,1,1,4,2,0.3333333333333333,0.5833333333333333,1.505215796449022e-8,0.41666666666666674,0.2777777777777778,0.325422400434628,0.6901856760188042,-0.14872947946598028,0.0379367811238048,1.1102230246251565e-16,1.1102230246251565e-16,0.05288461538461542,0.03525641025641024,0.15384615384615385,0.15384615384615385
36,86,7,bg,4,3,1,2,0.7,0.3,tycoon,12,0.375,0.875,5,2,0.3,0,0,4,2,0.3333333333333333,0.39999999999999997,-0.25000000000000017,-0.39999999999999997,-0.6000000000000001,0.9162907318741553,0.0,-0.29705541768766525,0.0,0.0,0.0,0.00618473851761614,0.01666666666666683,0.2,0.35384615384615387
36,86,7,bg,4,3,1,2,0.7,0.3,tycoon,12,0.375,0.875,6,1,0.7,1,1,4,2,0.3333333333333333,0.6538461538461539,1.505215796449022e-8,0.34615384615384615,0.23076923076923073,0.262364264467491,0.6842317651303003,-0.2844497338353375,0.025781336264415255,0.0,1.1102230246251565e-16,0.032500000000000084,0.021666666666666723,0.20999999999999996,0.20999999999999996
36,86,7,bg,4,3,1,2,0.7,0.3,tycoon,12,0.375,0.875,7,2,0.3,1,1,4,2,0.3333333333333333,0.3,0.9999999937195446,0.7,0.4666666666666667,0.6286086594223742,0.6615632381579821,-0.2040059070058956,0.06231225300813881,0.0,0.0,0.0051915631285992525,0.02517361111111116,0.14583333333333331,0.3558333333333333
36,86,7,bg,4,3,1,2,0.7,0.3,tycoon,12,0.375,0.875,8,1,0.7,1,1,4,2,0.3333333333333333,0.71,1.505215796449022e-8,0.29000000000000004,0.19333333333333325,0.21484474849951454,0.6780102022798757,-0.42625540231422954,0.017393591340592707,1.1102230246251565e-16,0.0,0.01962809917355368,0.013085399449035862,0.2534435261707988,0.2534435261707988
36,86,7,bg,4,3,1,2,0.7,0.3,tycoon,12,0.375,0.875,9,2,0.3,0,0,4,2,0.3333333333333333,0.3541666666666667,-0.24999999951793975,-0.3541666666666667,-0.5694444444444444,0.842678914530909,0.0,-0.37092869552988855,0.0,0.0,0.0,0.0006298630976049324,0.011040706605222717,0.21889400921658986,0.47233753538738865
36,86,7,bg,4,3,1,2,0.7,0.3,tycoon,12,0.375,0.875,10,1,0.7,1,0,4,2,0.3333333333333333,0.7534435261707988,1.505215796449022e-8,0.2465564738292012,0.1643709825528007,0.1795705234220647,0.6725635843867589,-0.5618791256690523,0.011912734212403908,-2.220446049250313e-16,-1.1102230246251565e-16,0.011773940345368827,0.00784929356357933,0.2868916797488228,0.2868916797488228
36,86,7,bg,4,3,1,2,0.7,0.3,tycoon,12,0.375,0.875,11,2,0.3,0,0,4,2,0.3333333333333333,0.28110599078341014,-0.10000000009751756,-0.28110599078341014,-0.5207373271889401,0.7355064543990868,0.0,-0.5336806470724107,0.0,0.0,0.0,6.112224563870061e-5,0.004907852564102644,0.26923076923076916,0.556122448979592
36,86,7,bg,4,3,1,2,0.7,0.3,tycoon,12,0.375,0.875,12,1,0.7,1,1,4,2,0.3333333333333333,0.7868916797488228,1.505215796449022e-8,0.2131083202511772,0.1420722135007848,0.15323534795556995,0.668087395200138,-0.6867749400135641,0.008393123717155504,1.1102230246251565e-16,0.0,0.007061985361390799,0.004707990240927162,0.3129002744739249,0.3129002744739249
36,86,7,bg,4,3,1,2,0.7,0.3,tycoon,12,0.375,0.875,13,2,0.3,0,0,4,2,0.3333333333333333,0.2307692307692308,-3.6855395877790843e-9,-0.2307692307692308,-0.4871794871794872,0.6678293725756556,0.0,-0.684530693724684,4.440892098500626e-16,0.0,0.0,4.948115357561456e-6,0.002206307870370239,0.3055555555555556,0.6184558300294805
36,86,7,bg,4,3,1,2,0.7,0.3,tycoon,12,0.375,0.875,14,1,0.7,0,0,4,2,0.3333333333333333,0.8129002744739249,-0.999999984947842,-0.8129002744739249,-0.8752668496492834,2.0815786208018467,0.0,-0.30920087703841675,0.0,0.0,0.0,0.026784501494159008,0.017856334329439227,0.1685683238250476,0.1685683238250476
36,86,7,bg,4,3,1,2,0.7,0.3,tycoon,12,0.375,0.875,15,2,0.3,0,0,4,2,0.3333333333333333,0.19444444444444442,-5.545009081338703e-16,-0.19444444444444442,-0.4629629629629629,0.6216882165778003,0.0,-0.8223654972271378,0.0,0.0,0.0,7.001438357923107e-5,0.0010012571839083106,0.33275862068965517,0.5013269445147028
36,86,7,bg,4,3,1,2,0.7,0.3,tycoon,12,0.375,0.875,16,1,0.7,1,0,4,2,0.3333333333333333,0.6685683238250476,0.21428571422552145,0.3314316761749524,0.22095445078330167,0.24968576342578275,0.6827064730455019,-0.39571066482832595,0.012973104587098216,2.220446049250313e-16,1.1102230246251565e-16,0.017687144019527867,0.011791429346352023,0.20073230268510978,0.20073230268510978
36,86,7,bg,4,3,1,2,0.7,0.3,tycoon,12,0.375,0.875,17,2,0.3,1,1,4,2,0.3333333333333333,0.16724137931034483,0.9999999999999994,0.8327586206896551,0.5551724137931036,0.8100685186188478,0.5630437302928858,-0.7011921412561953,0.05846284831492121,0.0,-1.1102230246251565e-16,6.107829830170886e-5,0.0016792195207893101,0.306553911205074,0.5072862138901838
36,86,7,bg,4,3,1,2,0.7,0.3,tycoon,12,0.375,0.875,18,1,0.7,1,0,4,2,0.3333333333333333,0.7007323026851098,0.18749999560995112,0.2992676973148902,0.19951179820992682,0.22253348520479543,0.6791076299320256,-0.4791391417344009,0.00984175385178182,-1.1102230246251565e-16,1.1102230246251565e-16,0.011631613964404819,0.007754409309603472,0.2275499454804193,0.2275499454804193
36,86,7,bg,4,3,1,2,0.7,0.3,tycoon,12,0.375,0.875,19,2,0.3,0,0,4,2,0.3333333333333333,0.19344608879492597,-5.893498916903332e-9,-0.19344608879492597,-0.4622973925299506,0.6204496458755856,0.0,-0.8263037386627891,0.0,0.0,0.0,7.832136072472018e-6,0.0007844355249746471,0.3318042813455657,0.559354226825985
36,86,7,bg,4,3,1,2,0.7,0.3,tycoon,12,0.375,0.875,20,1,0.7,1,1,4,2,0.3333333333333333,0.7275499454804193,0.16666666576379163,0.2724500545195807,0.18163336967972044,0.20044483946697284,0.6758665393660739,-0.5580527251703005,0.007640859362410435,1.1102230246251565e-16,1.1102230246251565e-16,0.00763730493891257,0.0050915366259416395,0.25010350564199846,0.25010350564199846
37,80,6,bg,2,2,4,4,0.7,0.3,bandit,9,1.0,0.5,1,2,0.3,0,0,4,1,0.3333333333333333,0.5,NaN,-0.5,-0.33333333333333337,0.40546510810816444,0.6931471805599453,-0.04279164419167801,0.05378194606599736,0.0,0.0,0.08333333333333337,0.05555555555555547,0.08333333333333337,0.08333333333333337
37,80,6,bg,2,2,4,4,0.7,0.3,bandit,9,1.0,0.5,2,2,0.3,0,0,4,1,0.3333333333333333,0.41666666666666663,-5.545009081338703e-16,-0.41666666666666663,-0.2777777777777778,0.325422400434628,0.6901856760188041,-0.14872947946598028,0.03793678112380475,0.0,1.1102230246251565e-16,0.05288461538461542,0.03525641025641024,0.15384615384615385,0.15384615384615385
37,80,6,bg,2,2,4,4,0.7,0.3,bandit,9,1.0,0.5,3,1,0.7,1,0,4,1,0.3333333333333333,0.5,NaN,0.5,0.6666666666666666,1.0986122886681096,0.0,-0.19314718051535087,0.0,0.0,0.0,0.04166666666666663,0.02777777777777779,0.16666666666666663,0.16666666666666663
37,80,6,bg,2,2,4,4,0.7,0.3,bandit,9,1.0,0.5,4,1,0.7,0,1,4,1,0.3333333333333333,0.6666666666666666,-0.999999984947842,-0.6666666666666666,-0.44444444444444453,0.5877866649021192,0.6730116670092565,-0.09878147980916833,0.0671439495179084,1.1102230246251565e-16,-1.1102230246251565e-16,0.0625,0.04166666666666652,0.09999999999999987,0.09999999999999987
37,80,6,bg,2,2,4,4,0.7,0.3,bandit,9,1.0,0.5,5,1,0.7,1,0,4,1,0.3333333333333333,0.5999999999999999,0.2499999999999999,0.40000000000000013,0.6000000000000001,0.9162907318741551,0.0,-0.29705541768766514,0.0,0.0,0.0,0.02499999999999991,0.016666666666666607,0.19999999999999996,0.19999999999999996
37,80,6,bg,2,2,4,4,0.7,0.3,bandit,9,1.0,0.5,6,1,0.7,0,1,1,1,0.3333333333333333,0.7,-0.999999984947842,-0.7,-0.4666666666666667,0.6286086594223742,0.6615632381579821,-0.20400590700589533,0.06231225300813903,0.0,1.1102230246251565e-16,0.03776041666666674,0.02517361111111105,0.14583333333333326,0.14583333333333326
37,80,6,bg,2,2,4,4,0.7,0.3,bandit,9,1.0,0.5,7,2,0.3,0,0,4,1,0.3333333333333333,0.34615384615384615,-5.545009081338703e-16,-0.34615384615384615,-0.2307692307692308,0.2623642644674911,0.6842317651303003,-0.2844497338353375,0.0257813362644152,0.0,-1.1102230246251565e-16,0.01251042266560387,0.021666666666666834,0.21000000000000002,0.3558333333333333
37,80,6,bg,2,2,4,4,0.7,0.3,bandit,9,1.0,0.5,8,1,0.7,1,0,2,1,0.3333333333333333,0.6458333333333333,0.2500000021590544,0.35416666666666674,0.5694444444444444,0.8426789145309089,0.0,-0.37092869552988844,0.0,0.0,0.0,0.016561059907834075,0.011040706605222717,0.21889400921658986,0.21889400921658986
37,80,6,bg,2,2,4,4,0.7,0.3,bandit,9,1.0,0.5,9,2,0.3,1,0,4,1,0.3333333333333333,0.29,0.9999999999999994,0.71,0.8066666666666666,1.6433394641097814,0.0,-0.08739425626637275,0.0,0.0,0.0,0.020917490532792238,0.05747126436781602,0.02873563218390801,0.24762964140049787
37,80,6,bg,2,2,4,4,0.7,0.3,bandit,9,1.0,0.5,10,1,0.7,1,0,3,1,0.3333333333333333,0.7188940092165899,0.09999999556329087,0.28110599078341014,0.5207373271889401,0.7355064543990868,0.0,-0.53368064707241,0.0,0.0,0.0,0.007361778846153855,0.004907852564102422,0.26923076923076916,0.26923076923076916
37,80,6,bg,2,2,4,4,0.7,0.3,bandit,9,1.0,0.5,11,1,0.7,0,1,4,1,0.3333333333333333,0.7692307692307692,-0.999999984947842,-0.7692307692307692,-0.5128205128205129,0.7191226669632061,0.6236548495681085,-0.4271890325390061,0.059861143712770515,-1.1102230246251565e-16,1.1102230246251565e-16,0.011627375730994038,0.007751583820662655,0.23099415204678364,0.23099415204678364
37,80,6,bg,2,2,4,4,0.7,0.3,bandit,9,1.0,0.5,12,1,0.7,0,1,1,1,0.3333333333333333,0.7309941520467836,-0.8571428572769177,-0.7309941520467836,-0.48732943469785583,0.6681218129930051,0.6473288715296028,-0.34999996982775033,0.054499349933972596,-1.1102230246251565e-16,-1.1102230246251565e-16,0.01754099334600745,0.011693995564004966,0.1901140684410646,0.1901140684410646
37,80,6,bg,2,2,4,4,0.7,0.3,bandit,9,1.0,0.5,13,1,0.7,0,0,3,1,0.3333333333333333,0.6901140684410646,-0.7500000000353702,-0.6901140684410646,-0.4600760456273765,0.6163269745765039,0.6653365453438909,-0.3039203486812426,0.04777956620255053,0.0,-1.1102230246251565e-16,0.025258082586427477,0.01683872172428491,0.14820742637644047,0.14820742637644047
37,80,6,bg,2,2,4,4,0.7,0.3,bandit,9,1.0,0.5,14,1,0.7,1,0,4,1,0.3333333333333333,0.6482074263764405,0.33333333315397573,0.35179257362355953,0.5678617157490397,0.8390096395271014,0.0,-0.40314200060979377,0.0,-1.1102230246251565e-16,0.0,0.012765239197530698,0.008510159465020428,0.20246913580246917,0.20246913580246917
37,80,6,bg,2,2,4,4,0.7,0.3,bandit,9,1.0,0.5,15,1,0.7,0,1,4,1,0.3333333333333333,0.7024691358024692,-0.7500000002530951,-0.7024691358024692,-0.4683127572016461,0.631699851992047,0.6605668054089235,-0.360692175399716,0.045299229434115906,2.220446049250313e-16,1.1102230246251565e-16,0.018403051693855588,0.012268701129237058,0.16480114312931637,0.16480114312931637
37,80,6,bg,2,2,4,4,0.7,0.3,bandit,9,1.0,0.5,16,1,0.7,1,0,4,1,0.3333333333333333,0.6648011431293164,0.3181818184993459,0.3351988568706836,0.5567992379137889,0.8137324240419425,0.0,-0.4482857932133263,-2.220446049250313e-16,0.0,0.0,0.009545754130843576,0.006363836087229013,0.2115797958087049,0.2115797958087049
37,80,6,bg,2,2,4,4,0.7,0.3,bandit,9,1.0,0.5,17,1,0.7,0,1,3,1,0.3333333333333333,0.7115797958087049,-0.7500000009448038,-0.7115797958087049,-0.47438653053913665,0.6431891853119711,0.6566937040764267,-0.40981077705859575,0.04301392939697146,0.0,0.0,0.01376188270290224,0.009174588468601419,0.17725904469813125,0.17725904469813125
37,80,6,bg,2,2,4,4,0.7,0.3,bandit,9,1.0,0.5,18,2,0.3,0,1,4,1,0.3333333333333333,0.471264367816092,-0.37500000502485337,-0.471264367816092,-0.31417624521072807,0.37713460148193856,0.6927570046594116,-0.145217675089551,0.03231445903788896,0.0,0.0,0.017836792097834953,0.03970470869912224,0.08339984038308051,0.26065888508121177
37,80,6,bg,2,2,4,4,0.7,0.3,bandit,9,1.0,0.5,19,1,0.7,1,0,1,1,0.3333333333333333,0.6772590446981313,0.3076923173736663,0.32274095530186875,0.5484939702012459,0.7951665511782743,0.0,-0.48763388834923316,0.0,0.0,0.0,0.007286870322130934,0.0048579135480874,0.21852069269151742,0.21852069269151742
37,80,6,bg,2,2,4,4,0.7,0.3,bandit,9,1.0,0.5,20,1,0.7,1,0,4,1,0.3333333333333333,0.7185206926915174,0.24999999964127972,0.2814793073084826,0.5209862048723217,0.7360258821369143,0.0,-0.572140542292419,0.0,0.0,0.0,0.0037941058201773625,0.0025294038801182417,0.2528835063437139,0.2528835063437139
38,109,9,bg,1,1,0,1,0.7,0.3,bandit,3,0.125,0.25,1,1,0.7,1,0,1,1,0.3333333333333333,0.5,NaN,0.5,0.6666666666666666,1.0986122886681096,0.0,-0.19314718051535087,0.0,0.0,0.0,0.04166666666666663,0.02777777777777779,0.16666666666666663,0.16666666666666663
38,109,9,bg,1,1,0,1,0.7,0.3,bandit,3,0.125,0.25,2,2,0.3,0,1,3,1,0.3333333333333333,0.5,NaN,-0.5,-0.33333333333333337,0.40546510810816444,0.6931471805599453,-0.04279164419167801,0.05378194606599736,0.0,-1.1102230246251565e-16,0.033950621592853336,0.05555555555555536,0.08333333333333337,0.25
38,109,9,bg,1,1,0,1,0.7,0.3,bandit,3,0.125,0.25,3,1,0.7,0,0,3,1,0.3333333333333333,0.6666666666666666,-0.999999984947842,-0.6666666666666666,-0.44444444444444453,0.5877866649021192,0.6730116670092565,-0.09878147980916833,0.0671439495179084,1.1102230246251565e-16,1.1102230246251565e-16,0.0625,0.04166666666666663,0.09999999999999987,0.09999999999999987
38,109,9,bg,1,1,0,1,0.7,0.3,bandit,3,0.125,0.25,4,1,0.7,0,1,2,1,0.3333333333333333,0.5999999999999999,-0.7500000000000001,-0.5999999999999999,-0.39999999999999997,0.5108256237659905,0.6869615765973234,-0.06641254138672094,0.05538446170840032,0.022222222222222254,0.014814814814814836,0.08750000000000002,0.05833333333333335,0.033333333333333326,0.033333333333333326
38,109,9,bg,1,1,0,1,0.7,0.3,bandit,3,0.125,0.25,5,2,0.3,0,0,1,1,0.3333333333333333,0.41666666666666663,-5.545009081338703e-16,-0.41666666666666663,-0.2777777777777778,0.325422400434628,0.6901856760188041,-0.14872947946598028,0.03793678112380475,0.0,1.1102230246251565e-16,0.0444117751994334,0.03525641025641035,0.15384615384615385,0.18717948717948718
38,109,9,bg,1,1,0,1,0.7,0.3,bandit,3,0.125,0.25,6,1,0.7,0,1,1,1,0.3333333333333333,0.5333333333333333,-0.4999999990102087,-0.5333333333333333,-0.3555555555555556,0.4393666597838458,0.6925525323607233,-0.08739425626637275,0.04314031141012996,0.01724137931034475,0.011494252873563204,0.08620689655172409,0.05747126436781602,0.02873563218390801,0.02873563218390801
38,109,9,bg,1,1,0,1,0.7,0.3,bandit,3,0.125,0.25,7,2,0.3,1,0,3,1,0.3333333333333333,0.34615384615384615,0.9999999999999994,0.6538461538461539,0.7692307692307692,1.466337068793427,0.0,-0.06641254138672094,0.0,0.0,0.0,0.08750000000000002,0.05833333333333346,0.033333333333333326,0.033333333333333326
38,109,9,bg,1,1,0,1,0.7,0.3,bandit,3,0.125,0.25,8,1,0.7,0,1,2,1,0.3333333333333333,0.471264367816092,-0.37500000502485337,-0.471264367816092,-0.31417624521072807,0.37713460148193856,0.6927570046594116,-0.145217675089551,0.03231445903788896,0.0,1.1102230246251565e-16,0.04897228475823312,0.03970470869912224,0.08339984038308051,0.11673317371641384
38,109,9,bg,1,1,0,1,0.7,0.3,bandit,3,0.125,0.25,9,2,0.3,0,0,2,1,0.3333333333333333,0.5333333333333333,-0.4999999990102087,-0.5333333333333333,-0.3555555555555556,0.4393666597838458,0.6925525323607233,-0.08739425626637275,0.04314031141012996,0.01724137931034475,0.011494252873563204,0.08620689655172409,0.057471264367816244,0.02873563218390801,0.02873563218390801
38,109,9,bg,1,1,0,1,0.7,0.3,bandit,3,0.125,0.25,10,1,0.7,0,1,1,1,0.3333333333333333,0.4166001596169195,-0.30000000098701385,-0.4166001596169195,-0.277733439744613,0.3253610111961422,0.6901813069103601,-0.22325417073184692,0.023753989707684525,0.0,0.0,0.04022790055248615,0.026818600368324064,0.1298342541436464,0.1298342541436464
38,109,9,bg,1,1,0,1,0.7,0.3,bandit,3,0.125,0.25,11,1,0.7,0,1,1,1,0.3333333333333333,0.3701657458563536,-0.2500000013594461,-0.3701657458563536,-0.24677716390423582,0.28339416389113375,0.6865299089505599,-0.3092008770384171,0.017446775436758266,0.0,0.0,0.02678450149415923,0.01785633432943945,0.1685683238250475,0.1685683238250475
38,109,9,bg,1,1,0,1,0.7,0.3,bandit,3,0.125,0.25,12,1,0.7,0,0,1,1,0.3333333333333333,0.3314316761749525,-0.21428571120777382,-0.3314316761749525,-0.22095445078330167,0.24968576342578275,0.6827064730455019,-0.3957106648283263,0.012973104587097994,0.0,0.0,0.01768714401952809,0.011791429346352023,0.2007323026851099,0.2007323026851099
38,109,9,bg,1,1,0,1,0.7,0.3,bandit,3,0.125,0.25,13,1,0.7,1,0,3,1,0.3333333333333333,0.2992676973148901,0.8124999909333683,0.7007323026851099,0.8004882017900732,1.6118819055039784,0.0,-0.2874591223088541,0.0,0.0,0.0,0.04198335310692569,0.027988902071283905,0.0931336200504227,0.0931336200504227
38,109,9,bg,1,1,0,1,0.7,0.3,bandit,3,0.125,0.25,14,2,0.3,0,0,2,1,0.3333333333333333,0.471264367816092,-0.37500000502485337,-0.471264367816092,-0.31417624521072807,0.37713460148193856,0.6927570046594116,-0.145217675089551,0.03231445903788896,0.0,0.0,0.059557063048683245,0.03970470869912224,0.08339984038308051,0.08339984038308051
38,109,9,bg,1,1,0,1,0.7,0.3,bandit,3,0.125,0.25,15,2,0.3,0,0,1,1,0.3333333333333333,0.4166001596169195,-0.30000000098701385,-0.4166001596169195,-0.277733439744613,0.3253610111961422,0.6901813069103601,-0.22325417073184692,0.023753989707684525,0.0,1.1102230246251565e-16,0.04022790055248615,0.026818600368324286,0.1298342541436464,0.1298342541436464
38,109,9,bg,1,1,0,1,0.7,0.3,bandit,3,0.125,0.25,16,2,0.3,0,0,1,1,0.3333333333333333,0.3701657458563536,-0.2500000013594461,-0.3701657458563536,-0.24677716390423582,0.28339416389113375,0.6865299089505599,-0.3092008770384171,0.017446775436758266,0.0,1.1102230246251565e-16,0.02678450149415923,0.01785633432943956,0.1685683238250475,0.1685683238250475
38,109,9,bg,1,1,0,1,0.7,0.3,bandit,3,0.125,0.25,17,2,0.3,0,0,1,1,0.3333333333333333,0.3314316761749525,-0.21428571120777382,-0.3314316761749525,-0.22095445078330167,0.24968576342578275,0.6827064730455019,-0.3957106648283263,0.012973104587097994,0.0,-1.1102230246251565e-16,0.01768714401952809,0.011791429346352023,0.2007323026851099,0.2007323026851099
38,109,9,bg,1,1,0,1,0.7,0.3,bandit,3,0.125,0.25,18,1,0.7,0,0,1,1,0.3333333333333333,0.4068663799495773,-0.33333333341764176,-0.4068663799495773,-0.27124425329971824,0.31641665565345756,0.6895133632202006,-0.35142856931129185,0.0155607835443628,0.0,1.1102230246251565e-16,0.029628357753357815,0.019752238502238617,0.1259327092660426,0.1259327092660426
38,109,9,bg,1,1,0,1,0.7,0.3,bandit,3,0.125,0.25,19,2,0.3,0,0,1,1,0.3333333333333333,0.2992676973148901,-0.18750000906663172,-0.2992676973148901,-0.19951179820992682,0.22253348520479543,0.6791076299320256,-0.4791391417344011,0.009841753851782098,0.0,0.0,0.011631613964405152,0.007754409309603472,0.22754994548041918,0.22754994548041918
38,109,9,bg,1,1,0,1,0.7,0.3,bandit,3,0.125,0.25,20,1,0.7,0,1,1,1,0.3333333333333333,0.3740672907339574,-0.2999999994803974,-0.3740672907339574,-0.24937819382263834,0.28685334104138854,0.6868791467739987,-0.4159276158960933,0.01216099897567785,0.0,-1.1102230246251565e-16,0.020759811475086987,0.01383987431672462,0.1542284868187812,0.1542284868187812
39,82,6,gb,2,3,2,2,0.3,0.7,bandit,11,0.625,0.5,1,2,0.7,1,0,1,1,0.3333333333333333,0.5,NaN,0.5,0.6666666666666666,1.0986122886681096,0.0,-0.19314718051535087,0.0,0.0,0.0,0.04166666666666663,0.02777777777777779,0.16666666666666663,0.16666666666666663
39,82,6,gb,2,3,2,2,0.3,0.7,bandit,11,0.625,0.5,2,2,0.7,0,1,3,1,0.3333333333333333,0.6666666666666666,-0.999999984947842,-0.6666666666666666,-0.44444444444444453,0.5877866649021192,0.6730116670092565,-0.09878147980916833,0.0671439495179084,1.1102230246251565e-16,-1.1102230246251565e-16,0.0625,0.04166666666666663,0.09999999999999987,0.09999999999999987
39,82,6,gb,2,3,2,2,0.3,0.7,bandit,11,0.625,0.5,3,1,0.3,0,0,4,1,0.3333333333333333,0.5,NaN,-0.5,-0.33333333333333337,0.40546510810816444,0.6931471805599453,-0.04279164419167801,0.05378194606599736,0.0,0.0,0.05066666552178378,0.05555555555555547,0.08333333333333337,0.18333333333333324
39,82,6,gb,2,3,2,2,0.3,0.7,bandit,11,0.625,0.5,4,1,0.3,0,1,4,1,0.3333333333333333,0.41666666666666663,-5.545009081338703e-16,-0.41666666666666663,-0.2777777777777778,0.325422400434628,0.6901856760188041,-0.14872947946598028,0.03793678112380475,0.0,0.0,0.030276922125820116,0.03525641025641035,0.15384615384615385,0.2538461538461537
39,82,6,gb,2,3,2,2,0.3,0.7,bandit,11,0.625,0.5,5,1,0.3,0,1,1,1,0.3333333333333333,0.34615384615384615,-5.545009081338703e-16,-0.34615384615384615,-0.2307692307692308,0.2623642644674911,0.6842317651303003,-0.2844497338353375,0.0257813362644152,0.0,0.0,0.017369599258163615,0.021666666666666723,0.21000000000000002,0.3099999999999999
39,82,6,gb,2,3,2,2,0.3,0.7,bandit,11,0.625,0.5,6,2,0.7,0,1,4,1,0.3333333333333333,0.5999999999999999,-0.7500000000000001,-0.5999999999999999,-0.39999999999999997,0.5108256237659905,0.6869615765973234,-0.06641254138672094,0.05538446170840032,0.022222222222222254,0.014814814814814836,0.08750000000000002,0.05833333333333335,0.033333333333333326,0.033333333333333326
39,82,6,gb,2,3,2,2,0.3,0.7,bandit,11,0.625,0.5,7,1,0.3,0,0,1,1,0.3333333333333333,0.29,-5.545009081338703e-16,-0.29,-0.19333333333333338,0.21484474849951468,0.6780102022798757,-0.42625540231422954,0.017393591340592762,0.0,1.1102230246251565e-16,0.015709513570936973,0.013085399449035973,0.2534435261707989,0.28677685950413223
39,82,6,gb,2,3,2,2,0.3,0.7,bandit,11,0.625,0.5,8,1,0.3,1,0,1,1,0.3333333333333333,0.2465564738292011,0.9999999999999994,0.7534435261707989,0.8356290174471992,1.8056293170922053,0.0,-0.145217675089551,0.0,0.0,0.0,0.04897228475823312,0.03970470869912224,0.08339984038308051,0.11673317371641384
39,82,6,gb,2,3,2,2,0.3,0.7,bandit,11,0.625,0.5,9,2,0.7,1,0,1,1,0.3333333333333333,0.5333333333333333,0.5000000009897914,0.4666666666666667,0.6444444444444444,1.0340737675305383,0.0,-0.20400590700589533,0.0,0.0,0.0,0.03776041666666674,0.02517361111111105,0.14583333333333326,0.14583333333333326
39,82,6,gb,2,3,2,2,0.3,0.7,bandit,11,0.625,0.5,10,1,0.3,1,0,1,1,0.3333333333333333,0.4166001596169195,0.6999999990129862,0.5833998403830805,0.722266560255387,1.2810934751215937,0.0,-0.15234512269821188,0.0,0.0,0.0,0.0463467574221299,0.04831178160919536,0.03735632183908055,0.1084770114942527
39,82,6,gb,2,3,2,2,0.3,0.7,bandit,11,0.625,0.5,11,1,0.3,1,0,1,1,0.3333333333333333,0.5373563218390806,0.5000000012511272,0.46264367816091945,0.6417624521072797,1.026558971028052,0.0,-0.2370012027813298,0.0,0.0,0.0,0.07361791420487351,0.023946573578926267,0.12507427213309563,0.020759061200237627
39,82,6,gb,2,3,2,2,0.3,0.7,bandit,11,0.625,0.5,12,2,0.7,1,0,1,1,0.3333333333333333,0.6458333333333333,0.2500000021590544,0.35416666666666674,0.5694444444444444,0.8426789145309089,0.0,-0.37092869552988844,0.0,0.0,0.0,0.043805483092194564,0.011040706605222717,0.21889400921658986,0.09381973708349423
39,82,6,gb,2,3,2,2,0.3,0.7,bandit,11,0.625,0.5,13,1,0.3,1,0,1,1,0.3333333333333333,0.6250742721330956,0.35714285709345506,0.37492572786690437,0.5832838185779361,0.875349909001315,0.0,-0.34999996982775033,-2.220446049250313e-16,0.0,-1.1102230246251565e-16,0.06187617893018316,0.011693995564004855,0.1901140684410646,0.02877994077552526
39,82,6,gb,2,3,2,2,0.3,0.7,bandit,11,0.625,0.5,14,1,0.3,0,1,4,1,0.3333333333333333,0.6901140684410646,-0.7500000000353702,-0.6901140684410646,-0.4600760456273765,0.6163269745765039,0.6653365453438909,-0.3039203486812426,0.04777956620255053,0.0,1.1102230246251565e-16,0.04605054944677778,0.016838721724285022,0.14820742637644047,0.07068658284014939
39,82,6,gb,2,3,2,2,0.3,0.7,bandit,11,0.625,0.5,15,2,0.7,0,1,2,1,0.3333333333333333,0.7188940092165899,-0.9000000044367091,-0.7188940092165899,-0.47926267281105994,0.652509534828119,0.6533502750036451,-0.28542769031337323,0.058112087396657075,0.020888808312465423,0.0,0.07152400155387761,0.016685103244837518,0.17256637168141586,0.0243589453049754
39,82,6,gb,2,3,2,2,0.3,0.7,bandit,11,0.625,0.5,16,1,0.3,1,0,1,1,0.3333333333333333,0.6482074263764405,0.33333333315397573,0.35179257362355953,0.5678617157490397,0.8390096395271014,0.0,-0.40314200060979377,0.0,-1.1102230246251565e-16,0.0,0.05836635632006992,0.008510159465020428,0.20246913580246917,0.029902764121053305
39,82,6,gb,2,3,2,2,0.3,0.7,bandit,11,0.625,0.5,17,1,0.3,0,1,1,1,0.3333333333333333,0.7024691358024692,-0.7500000002530951,-0.7024691358024692,-0.4683127572016461,0.631699851992047,0.6605668054089235,-0.360692175399716,0.045299229434115906,0.018747088961341474,0.0,0.06886264867488745,0.012268701129237058,0.16480114312931637,0.00776522855209949
39,82,6,gb,2,3,2,2,0.3,0.7,bandit,11,0.625,0.5,18,2,0.7,1,0,1,1,0.3333333333333333,0.6725663716814159,0.2499999999972985,0.32743362831858414,0.551622418879056,0.8021195865341739,0.0,-0.4271890325390061,-2.220446049250313e-16,-1.1102230246251565e-16,-1.1102230246251565e-16,0.047186959882273616,0.007751583820662655,0.23099415204678364,0.06619300891746727
39,82,6,gb,2,3,2,2,0.3,0.7,bandit,11,0.625,0.5,19,1,0.3,1,0,1,1,0.3333333333333333,0.6648011431293164,0.3181818184993459,0.3351988568706836,0.5567992379137889,0.8137324240419425,0.0,-0.4482857932133263,-2.220446049250313e-16,0.0,0.0,0.05800365143345332,0.006363836087229013,0.2115797958087049,0.019414356238078745
39,82,6,gb,2,3,2,2,0.3,0.7,bandit,11,0.625,0.5,20,2,0.7,1,0,1,1,0.3333333333333333,0.7309941520467836,0.14285714272308225,0.26900584795321636,0.5126705653021442,0.7188149273085229,0.0,-0.5675720130244422,2.220446049250313e-16,0.0,0.0,0.041398744886182115,0.0036041666666665195,0.274,0.062420204191295126
40,108,9,gb,4,3,4,4,0.3,0.7,bandit,10,0.875,1.0,1,2,0.7,0,1,3,1,0.3333333333333333,0.5,NaN,-0.5,-0.33333333333333337,0.40546510810816444,0.6931471805599453,-0.04279164419167801,0.05378194606599736,0.0,0.0,0.08333333333333337,0.05555555555555547,0.08333333333333337,0.08333333333333337
40,108,9,gb,4,3,4,4,0.3,0.7,bandit,10,0.875,1.0,2,1,0.3,1,0,1,1,0.3333333333333333,0.5,NaN,0.5,0.6666666666666666,1.0986122886681096,0.0,-0.19314718051535087,0.0,0.0,0.0,0.04166666666666663,0.02777777777777779,0.16666666666666663,0.16666666666666663
40,108,9,gb,4,3,4,4,0.3,0.7,bandit,10,0.875,1.0,3,1,0.3,0,0,4,1,0.3333333333333333,0.6666666666666666,-0.999999984947842,-0.6666666666666666,-0.44444444444444453,0.5877866649021192,0.6730116670092565,-0.09878147980916833,0.0671439495179084,1.1102230246251565e-16,1.1102230246251565e-16,0.0625,0.04166666666666663,0.09999999999999987,0.09999999999999987
40,108,9,gb,4,3,4,4,0.3,0.7,bandit,10,0.875,1.0,4,2,0.7,1,0,1,1,0.3333333333333333,0.41666666666666663,0.9999999999999994,0.5833333333333334,0.7222222222222222,1.2809338454620642,0.0,-0.09878147980916833,0.0,0.0,0.0,0.10367999835128927,0.04166666666666663,0.09999999999999987,0.0
40,108,9,gb,4,3,4,4,0.3,0.7,bandit,10,0.875,1.0,5,1,0.3,0,1,2,1,0.3333333333333333,0.5999999999999999,-0.7500000000000001,-0.5999999999999999,-0.39999999999999997,0.5108256237659905,0.6869615765973234,-0.06641254138672094,0.05538446170840032,1.1102230246251565e-16,0.014814814814814836,0.07330133168467545,0.05833333333333335,0.033333333333333326,0.06666666666666654
40,108,9,gb,4,3,4,4,0.3,0.7,bandit,10,0.875,1.0,6,2,0.7,0,0,4,1,0.3333333333333333,0.5999999999999999,-0.7500000000000001,-0.5999999999999999,-0.39999999999999997,0.5108256237659905,0.6869615765973234,-0.06641254138672094,0.05538446170840032,0.03703703703703709,0.014814814814814836,0.10351811143668566,0.05833333333333335,0.033333333333333326,0.0
40,108,9,gb,4,3,4,4,0.3,0.7,bandit,10,0.875,1.0,7,2,0.7,1,0,1,1,0.3333333333333333,0.5333333333333333,0.5000000009897914,0.4666666666666667,0.6444444444444444,1.0340737675305383,0.0,-0.20400590700589533,0.0,0.0,0.0,0.047324062968474134,0.02517361111111105,0.14583333333333326,0.11249999999999993
40,108,9,gb,4,3,4,4,0.3,0.7,bandit,10,0.875,1.0,8,1,0.3,0,1,1,1,0.3333333333333333,0.5333333333333333,-0.4999999990102087,-0.5333333333333333,-0.3555555555555556,0.4393666597838458,0.6925525323607233,-0.08739425626637275,0.04314031141012996,0.0,0.011494252873563204,0.036539169019387696,0.05747126436781602,0.02873563218390801,0.17456896551724127
40,108,9,gb,4,3,4,4,0.3,0.7,bandit,10,0.875,1.0,9,1,0.3,1,0,1,1,0.3333333333333333,0.471264367816092,0.6249999949751466,0.5287356321839081,0.6858237547892719,1.15780116005844,0.0,-0.1571350842422471,0.0,0.0,0.0,0.06638659553189297,0.03585946573751442,0.09059233449477355,0.05524099883855971
40,108,9,gb,4,3,4,4,0.3,0.7,bandit,10,0.875,1.0,10,2,0.7,1,0,2,1,0.3333333333333333,0.6458333333333333,0.2500000021590544,0.35416666666666674,0.5694444444444444,0.8426789145309089,0.0,-0.37092869552988844,0.0,0.0,0.0,0.03434740674954395,0.011040706605222717,0.21889400921658986,0.1283016747218163
40,108,9,gb,4,3,4,4,0.3,0.7,bandit,10,0.875,1.0,11,1,0.3,0,1,1,1,0.3333333333333333,0.5905923344947736,-0.5999999972964525,-0.5905923344947736,-0.3937282229965158,0.5004269165450922,0.6881771822372582,-0.15234512269821188,0.04329848222372032,0.0,0.008301404853128802,0.026278521960274248,0.04831178160919536,0.03735632183908055,0.1815376873775093
40,108,9,gb,4,3,4,4,0.3,0.7,bandit,10,0.875,1.0,12,1,0.3,0,0,1,1,0.3333333333333333,0.5373563218390806,-0.49999999874887274,-0.5373563218390806,-0.35823754789272033,0.4435370560575723,0.6923940398076736,-0.17975900900527403,0.03407290818339537,0.0,0.012935323383084563,0.01674410088786038,0.05417357656163624,0.011608623548922004,0.23050263276551186
40,108,9,gb,4,3,4,4,0.3,0.7,bandit,10,0.875,1.0,13,2,0.7,1,0,1,1,0.3333333333333333,0.7188940092165899,0.09999999556329087,0.28110599078341014,0.5207373271889401,0.7355064543990868,0.0,-0.53368064707241,0.0,0.0,0.0,0.007361778846153855,0.004907852564102533,0.26923076923076916,0.26923076923076916
40,108,9,gb,4,3,4,4,0.3,0.7,bandit,10,0.875,1.0,14,1,0.3,1,0,1,1,0.3333333333333333,0.488391376451078,0.5714285716831129,0.511608623548922,0.6744057490326146,1.1221033017437083,0.0,-0.2228608825806698,0.0,0.0,0.0,0.018580597157057288,0.0327001980758348,0.07860780984719873,0.19062295938357043
40,108,9,gb,4,3,4,4,0.3,0.7,bandit,10,0.875,1.0,15,2,0.7,0,1,1,1,0.3333333333333333,0.7692307692307692,-0.999999984947842,-0.7692307692307692,-0.5128205128205129,0.7191226669632061,0.6236548495681085,-0.4271890325390061,0.059861143712770515,-1.1102230246251565e-16,0.0,0.024177194040377326,0.007751583820662655,0.23099415204678364,0.1523863421995849
40,108,9,gb,4,3,4,4,0.3,0.7,bandit,10,0.875,1.0,16,1,0.3,0,1,1,1,0.3333333333333333,0.5786078098471987,-0.5624999999949906,-0.5786078098471987,-0.38573853989813256,0.48733461069039213,0.6895034991417228,-0.23609603900380247,0.03414268066623968,0.0,0.005170555750986905,0.017897431460291435,0.042660749283883415,0.034901251319161775,0.19609290072762187
40,108,9,gb,4,3,4,4,0.3,0.7,bandit,10,0.875,1.0,17,2,0.7,0,1,1,1,0.3333333333333333,0.7309941520467836,-0.8571428572769177,-0.7309941520467836,-0.48732943469785583,0.6681218129930051,0.6473288715296028,-0.34999996982775033,0.054499349933972596,-1.1102230246251565e-16,-1.1102230246251565e-16,0.024215613484578236,0.011693995564004966,0.1901140684410646,0.15521281712190282
40,108,9,gb,4,3,4,4,0.3,0.7,bandit,10,0.875,1.0,18,1,0.3,1,0,1,1,0.3333333333333333,0.5349012513191618,0.5000000015004527,0.4650987486808382,0.6433991657872254,1.03113823420425,0.0,-0.28659092438323247,5.551115123125783e-17,0.0,0.0,0.04221742908384207,0.02317669187648752,0.10691469372416385,0.08319937471690075
40,108,9,gb,4,3,4,4,0.3,0.7,bandit,10,0.875,1.0,19,2,0.7,1,0,1,1,0.3333333333333333,0.6901140684410646,0.24999999996462985,0.3098859315589354,0.5399239543726235,0.7763634865810234,0.0,-0.47241718232341906,0.0,-1.1102230246251565e-16,0.0,0.024948251240964003,0.005656383045329227,0.23929376408715253,0.13237907036298868
40,108,9,gb,4,3,4,4,0.3,0.7,bandit,10,0.875,1.0,20,1,0.3,1,0,1,1,0.3333333333333333,0.6069146937241638,0.4000000001104359,0.39308530627583615,0.5953902041838908,0.9048321434290967,0.0,-0.360692175399716,0.0,0.0,0.0,0.040106284441747575,0.012268701129237058,0.16480114312931637,0.07449262095783615
41,69,5,gb,4,4,4,3,0.7,0.3,bandit,6,0.875,1.0,1,2,0.3,0,1,1,1,0.3333333333333333,0.5,NaN,-0.5,-0.33333333333333337,0.40546510810816444,0.6931471805599453,-0.04279164419167801,0.05378194606599736,0.0,0.0,0.08333333333333337,0.05555555555555547,0.08333333333333337,0.08333333333333337
41,69,5,gb,4,4,4,3,0.7,0.3,bandit,6,0.875,1.0,2,1,0.7,0,1,4,1,0.3333333333333333,0.5,NaN,-0.5,-0.33333333333333337,0.40546510810816444,0.6931471805599453,-0.04279164419167801,0.05378194606599736,0.0,-1.1102230246251565e-16,0.08333333333333337,0.05555555555555547,0.08333333333333337,0.08333333333333337
41,69,5,gb,4,4,4,3,0.7,0.3,bandit,6,0.875,1.0,3,2,0.3,1,0,1,1,0.3333333333333333,0.41666666666666663,0.9999999999999994,0.5833333333333334,0.7222222222222222,1.2809338454620642,0.0,-0.09878147980916833,0.0,0.0,0.0,0.0625,0.04166666666666652,0.09999999999999987,0.09999999999999987
41,69,5,gb,4,4,4,3,0.7,0.3,bandit,6,0.875,1.0,4,1,0.7,0,0,4,1,0.3333333333333333,0.41666666666666663,-5.545009081338703e-16,-0.41666666666666663,-0.2777777777777778,0.325422400434628,0.6901856760188041,-0.14872947946598028,0.03793678112380475,0.0,0.0,0.030276922125820116,0.03525641025641035,0.15384615384615385,0.2538461538461537
41,69,5,gb,4,4,4,3,0.7,0.3,bandit,6,0.875,1.0,5,2,0.3,0,0,4,1,0.3333333333333333,0.5999999999999999,-0.7500000000000001,-0.5999999999999999,-0.39999999999999997,0.5108256237659905,0.6869615765973234,-0.06641254138672094,0.05538446170840032,0.022222222222222254,0.014814814814814947,0.08750000000000002,0.05833333333333335,0.033333333333333326,0.033333333333333326
41,69,5,gb,4,4,4,3,0.7,0.3,bandit,6,0.875,1.0,6,2,0.3,1,0,1,1,0.3333333333333333,0.5333333333333333,0.5000000009897914,0.4666666666666667,0.6444444444444444,1.0340737675305383,0.0,-0.20400590700589533,0.0,0.0,0.0,0.03776041666666674,0.02517361111111105,0.14583333333333326,0.14583333333333326
41,69,5,gb,4,4,4,3,0.7,0.3,bandit,6,0.875,1.0,7,1,0.7,1,0,1,1,0.3333333333333333,0.34615384615384615,0.9999999999999994,0.6538461538461539,0.7692307692307692,1.466337068793427,0.0,-0.06641254138672094,0.0,0.0,0.0,0.05587655286633997,0.05833333333333335,0.033333333333333326,0.11249999999999993
41,69,5,gb,4,4,4,3,0.7,0.3,bandit,6,0.875,1.0,8,1,0.7,0,1,4,1,0.3333333333333333,0.5333333333333333,-0.4999999990102087,-0.5333333333333333,-0.3555555555555556,0.4393666597838458,0.6925525323607233,-0.08739425626637275,0.04314031141012996,0.0,0.011494252873563204,0.036539169019387696,0.05747126436781602,0.02873563218390801,0.17456896551724127
41,69,5,gb,4,4,4,3,0.7,0.3,bandit,6,0.875,1.0,9,2,0.3,0,0,4,1,0.3333333333333333,0.6458333333333333,-0.7499999978409456,-0.6458333333333333,-0.43055555555555564,0.5630940523117476,0.6785008770139085,-0.1571350842422471,0.053167047747771534,-1.1102230246251565e-16,0.0,0.05378919860627185,0.03585946573751442,0.09059233449477355,0.09059233449477355
41,69,5,gb,4,4,4,3,0.7,0.3,bandit,6,0.875,1.0,10,1,0.7,0,1,4,1,0.3333333333333333,0.471264367816092,-0.37500000502485337,-0.471264367816092,-0.31417624521072807,0.37713460148193856,0.6927570046594116,-0.145217675089551,0.03231445903788896,0.0,1.1102230246251565e-16,0.03396898540911075,0.039704708699122127,0.08339984038308051,0.17399217487785407
41,69,5,gb,4,4,4,3,0.7,0.3,bandit,6,0.875,1.0,11,2,0.3,1,0,1,1,0.3333333333333333,0.5905923344947736,0.4000000027035475,0.40940766550522645,0.6062717770034842,0.9320943970472803,0.0,-0.28542769031337323,0.0,0.0,0.0,0.025027654867256444,0.01668510324483763,0.17256637168141586,0.17256637168141586
41,69,5,gb,4,4,4,3,0.7,0.3,bandit,6,0.875,1.0,12,1,0.7,0,1,4,1,0.3333333333333333,0.4166001596169195,-0.30000000098701385,-0.4166001596169195,-0.277733439744613,0.3253610111961422,0.6901813069103601,-0.22325417073184692,0.023753989707684525,0.0,1.1102230246251565e-16,0.010982750627427817,0.026818600368324286,0.1298342541436464,0.3024006258250623
41,69,5,gb,4,4,4,3,0.7,0.3,bandit,6,0.875,1.0,13,1,0.7,0,1,4,1,0.3333333333333333,0.3701657458563536,-0.2500000013594461,-0.3701657458563536,-0.24677716390423582,0.28339416389113375,0.6865299089505599,-0.3092008770384171,0.017446775436758266,0.0,-1.1102230246251565e-16,0.006340985816855826,0.01785633432943956,0.1685683238250475,0.34113469550646336
41,69,5,gb,4,4,4,3,0.7,0.3,bandit,6,0.875,1.0,14,2,0.3,1,0,1,1,0.3333333333333333,0.6725663716814159,0.2499999999972985,0.32743362831858414,0.551622418879056,0.8021195865341739,0.0,-0.4271890325390061,-2.220446049250313e-16,-1.1102230246251565e-16,-1.1102230246251565e-16,0.011627375730994038,0.007751583820662655,0.23099415204678364,0.23099415204678364
41,69,5,gb,4,4,4,3,0.7,0.3,bandit,6,0.875,1.0,15,1,0.7,1,0,4,1,0.3333333333333333,0.3314316761749525,0.7857142887922262,0.6685683238250475,0.7790455492166983,1.5097987037598832,0.0,-0.22800730239285252,0.0,0.0,0.0,0.009072017593862558,0.03924009562841535,0.055163934426229466,0.2861580864730131
41,69,5,gb,4,4,4,3,0.7,0.3,bandit,6,0.875,1.0,16,2,0.3,0,0,1,1,0.3333333333333333,0.7309941520467836,-0.8571428572769177,-0.7309941520467836,-0.48732943469785583,0.6681218129930051,0.6473288715296028,-0.34999996982775033,0.054499349933972596,-1.1102230246251565e-16,-1.1102230246251565e-16,0.01754099334600745,0.011693995564004966,0.1901140684410646,0.1901140684410646
41,69,5,gb,4,4,4,3,0.7,0.3,bandit,6,0.875,1.0,17,1,0.7,0,1,1,1,0.3333333333333333,0.44483606557377053,-0.3749999995045847,-0.44483606557377053,-0.2965573770491804,0.351768965169878,0.6917799599357861,-0.2874591223088541,0.020170902342174335,1.1102230246251565e-16,0.0,0.008329220600469922,0.027988902071283794,0.0931336200504227,0.2832476884914873
41,69,5,gb,4,4,4,3,0.7,0.3,bandit,6,0.875,1.0,18,2,0.3,0,0,2,1,0.3333333333333333,0.6901140684410646,-0.7500000000353702,-0.6901140684410646,-0.4600760456273765,0.6163269745765039,0.6653365453438909,-0.3039203486812426,0.04777956620255053,0.0,0.0,0.025258082586427477,0.016838721724285022,0.14820742637644047,0.14820742637644047
41,69,5,gb,4,4,4,3,0.7,0.3,bandit,6,0.875,1.0,19,1,0.7,0,0,3,1,0.3333333333333333,0.4068663799495773,-0.33333333341764176,-0.4068663799495773,-0.27124425329971824,0.31641665565345756,0.6895133632202006,-0.35142856931129185,0.0155607835443628,0.0,0.0,0.00781448854021538,0.019752238502238506,0.1259327092660426,0.2741401356424831
41,69,5,gb,4,4,4,3,0.7,0.3,bandit,6,0.875,1.0,20,2,0.3,0,0,3,1,0.3333333333333333,0.6482074263764405,-0.6666666668460243,-0.6482074263764405,-0.43213828425096035,0.5658773480900519,0.6779327786914044,-0.28659092438323247,0.04052767214023717,0.0,0.0,0.03476503781473128,0.02317669187648741,0.10691469372416385,0.10691469372416385
42,63,5,bg,0,4,4,4,0.3,0.7,bandit,9,0.5,1.0,1,1,0.3,0,0,4,1,0.3333333333333333,0.5,NaN,-0.5,-0.33333333333333337,0.40546510810816444,0.6931471805599453,-0.04279164419167801,0.05378194606599736,0.0,0.0,0.08333333333333337,0.05555555555555547,0.08333333333333337,0.08333333333333337
42,63,5,bg,0,4,4,4,0.3,0.7,bandit,9,0.5,1.0,2,2,0.7,1,0,4,1,0.3333333333333333,0.5,NaN,0.5,0.6666666666666666,1.0986122886681096,0.0,-0.19314718051535087,0.0,0.0,0.0,0.04166666666666663,0.02777777777777779,0.16666666666666663,0.16666666666666663
42,63,5,bg,0,4,4,4,0.3,0.7,bandit,9,0.5,1.0,3,2,0.7,1,0,4,1,0.3333333333333333,0.6666666666666666,1.505215796449022e-8,0.33333333333333337,0.5555555555555555,0.8109302162163285,0.0,-0.4319456220025852,0.0,0.0,0.0,0.01562500000000011,0.01041666666666674,0.2499999999999999,0.2499999999999999
42,63,5,bg,0,4,4,4,0.3,0.7,bandit,9,0.5,1.0,4,2,0.7,1,0,4,1,0.3333333333333333,0.7499999999999999,1.505215796449022e-8,0.2500000000000001,0.5,0.6931471805599453,0.0,-0.6362943611237484,0.0,0.0,0.0,0.006249999999999978,0.004166666666666763,0.29999999999999993,0.29999999999999993
42,63,5,bg,0,4,4,4,0.3,0.7,bandit,9,0.5,1.0,5,2,0.7,0,1,4,1,0.3333333333333333,0.7999999999999999,-0.999999984947842,-0.7999999999999999,-0.5333333333333333,0.7621400520468967,0.5982695885852574,-0.4905612865201842,0.06747724005220695,0.0,0.0,0.010416666666666852,0.00694444444444442,0.26190476190476186,0.26190476190476186
42,63,5,bg,0,4,4,4,0.3,0.7,bandit,9,0.5,1.0,6,2,0.7,0,0,4,1,0.3333333333333333,0.7619047619047619,-0.999999984947842,-0.7619047619047619,-0.5079365079365079,0.7091475219063864,0.6287993940937805,-0.37092869552988844,0.06404507376017227,0.0,1.1102230246251565e-16,0.016561059907834075,0.011040706605222717,0.21889400921658986,0.21889400921658986
42,63,5,bg,0,4,4,4,0.3,0.7,bandit,9,0.5,1.0,7,1,0.3,0,0,4,1,0.3333333333333333,0.41666666666666663,-5.545009081338703e-16,-0.41666666666666663,-0.2777777777777778,0.325422400434628,0.6901856760188041,-0.14872947946598028,0.03793678112380475,0.0,1.1102230246251565e-16,0.013015491247758249,0.03525641025641035,0.15384615384615385,0.3727401630627437
42,63,5,bg,0,4,4,4,0.3,0.7,bandit,9,0.5,1.0,8,2,0.7,0,1,4,1,0.3333333333333333,0.7188940092165899,-0.9000000044367091,-0.7188940092165899,-0.47926267281105994,0.652509534828119,0.6533502750036451,-0.28542769031337323,0.058112087396657075,0.0,0.0,0.025027654867256444,0.01668510324483763,0.17256637168141586,0.17256637168141586
42,63,5,bg,0,4,4,4,0.3,0.7,bandit,9,0.5,1.0,9,2,0.7,1,0,4,1,0.3333333333333333,0.6725663716814159,0.2499999999972985,0.32743362831858414,0.551622418879056,0.8021195865341739,0.0,-0.4271890325390061,-2.220446049250313e-16,-1.1102230246251565e-16,0.0,0.011627375730994038,0.007751583820662766,0.23099415204678364,0.23099415204678364
42,63,5,bg,0,4,4,4,0.3,0.7,bandit,9,0.5,1.0,10,2,0.7,0,1,4,1,0.3333333333333333,0.7309941520467836,-0.8571428572769177,-0.7309941520467836,-0.48732943469785583,0.6681218129930051,0.6473288715296028,-0.34999996982775033,0.054499349933972596,-1.1102230246251565e-16,0.0,0.01754099334600745,0.011693995564004966,0.1901140684410646,0.1901140684410646
42,63,5,bg,0,4,4,4,0.3,0.7,bandit,9,0.5,1.0,11,1,0.3,0,1,4,1,0.3333333333333333,0.34615384615384615,-5.545009081338703e-16,-0.34615384615384615,-0.2307692307692308,0.2623642644674911,0.6842317651303003,-0.2844497338353375,0.0257813362644152,0.0,0.0,0.008813747659076276,0.021666666666666723,0.21000000000000002,0.4001140684410646
42,63,5,bg,0,4,4,4,0.3,0.7,bandit,9,0.5,1.0,12,2,0.7,1,0,4,1,0.3333333333333333,0.6901140684410646,0.24999999996462985,0.3098859315589354,0.5399239543726235,0.7763634865810234,0.0,-0.47241718232341906,0.0,-1.1102230246251565e-16,-1.1102230246251565e-16,0.008484574567993897,0.005656383045329116,0.23929376408715253,0.23929376408715253
42,63,5,bg,0,4,4,4,0.3,0.7,bandit,9,0.5,1.0,13,1,0.3,0,1,4,1,0.3333333333333333,0.29,-5.545009081338703e-16,-0.29,-0.19333333333333338,0.21484474849951468,0.6780102022798757,-0.42625540231422954,0.017393591340592762,0.0,1.1102230246251565e-16,0.0028490009747634826,0.01308539944903575,0.2534435261707989,0.49273729025795143
42,63,5,bg,0,4,4,4,0.3,0.7,bandit,9,0.5,1.0,14,2,0.7,1,0,4,1,0.3333333333333333,0.7392937640871525,0.16666666686549658,0.2607062359128475,0.507137490608565,0.7075250294510225,0.0,-0.5955631174764747,-1.1102230246251565e-16,0.0,0.0,0.004079927273882067,0.002719951515921304,0.2771849593495934,0.2771849593495934
42,63,5,bg,0,4,4,4,0.3,0.7,bandit,9,0.5,1.0,15,2,0.7,0,1,4,1,0.3333333333333333,0.7771849593495934,-0.899999999903316,-0.7771849593495934,-0.5181233062330624,0.7300670197198772,0.6177014576144872,-0.5103029326983979,0.0532386187643894,1.1102230246251565e-16,-1.1102230246251565e-16,0.006364488982019578,0.004242992654679534,0.24523455454914145,0.24523455454914145
42,63,5,bg,0,4,4,4,0.3,0.7,bandit,9,0.5,1.0,16,2,0.7,0,0,4,1,0.3333333333333333,0.7452345545491414,-0.818181818168654,-0.7452345545491414,-0.4968230363660944,0.6868133543856716,0.6393919868411735,-0.4482857932133263,0.04854878038290705,0.0,0.0,0.009545754130843576,0.006363836087229013,0.2115797958087049,0.2115797958087049
42,63,5,bg,0,4,4,4,0.3,0.7,bandit,9,0.5,1.0,17,2,0.7,0,1,4,1,0.3333333333333333,0.7115797958087049,-0.7500000009448038,-0.7115797958087049,-0.47438653053913665,0.6431891853119711,0.6566937040764267,-0.40981077705859575,0.04301392939697146,0.0,0.0,0.01376188270290224,0.009174588468601308,0.17725904469813125,0.17725904469813125
42,63,5,bg,0,4,4,4,0.3,0.7,bandit,9,0.5,1.0,18,2,0.7,1,0,4,1,0.3333333333333333,0.6772590446981313,0.3076923173736663,0.32274095530186875,0.5484939702012459,0.7951665511782743,0.0,-0.48763388834923316,0.0,0.0,0.0,0.007286870322130934,0.004857913548087178,0.21852069269151742,0.21852069269151742
42,63,5,bg,0,4,4,4,0.3,0.7,bandit,9,0.5,1.0,19,2,0.7,1,0,4,1,0.3333333333333333,0.7185206926915174,0.24999999964127972,0.2814793073084826,0.5209862048723217,0.7360258821369143,0.0,-0.572140542292419,0.0,0.0,0.0,0.0037941058201773625,0.0025294038801181307,0.2528835063437139,0.2528835063437139
42,63,5,bg,0,4,4,4,0.3,0.7,bandit,9,0.5,1.0,20,2,0.7,1,0,4,1,0.3333333333333333,0.7528835063437139,0.19999999979863847,0.24711649365628607,0.49807766243752405,0.689309877309468,0.0,-0.6602470672322146,0.0,0.0,0.0,0.0019492092333051048,0.0012994728222033292,0.28160772798842515,0.28160772798842515
43,117,9,bg,2,2,0,0,0.7,0.3,bandit,4,0.0,0.5,1,2,0.3,0,0,3,1,0.3333333333333333,0.5,NaN,-0.5,-0.33333333333333337,0.40546510810816444,0.6931471805599453,-0.04279164419167801,0.05378194606599736,0.0,0.0,0.08333333333333337,0.05555555555555547,0.08333333333333337,0.08333333333333337
43,117,9,bg,2,2,0,0,0.7,0.3,bandit,4,0.0,0.5,2,1,0.7,0,0,4,1,0.3333333333333333,0.5,NaN,-0.5,-0.33333333333333337,0.40546510810816444,0.6931471805599453,-0.04279164419167801,0.05378194606599736,0.0,-1.1102230246251565e-16,0.08333333333333337,0.05555555555555547,0.08333333333333337,0.08333333333333337
43,117,9,bg,2,2,0,0,0.7,0.3,bandit,4,0.0,0.5,3,2,0.3,0,0,3,1,0.3333333333333333,0.41666666666666663,-5.545009081338703e-16,-0.41666666666666663,-0.2777777777777778,0.325422400434628,0.6901856760188041,-0.14872947946598028,0.03793678112380475,0.0,0.0,0.05288461538461542,0.03525641025641024,0.15384615384615385,0.15384615384615385
43,117,9,bg,2,2,0,0,0.7,0.3,bandit,4,0.0,0.5,4,1,0.7,0,1,3,1,0.3333333333333333,0.41666666666666663,-5.545009081338703e-16,-0.41666666666666663,-0.2777777777777778,0.325422400434628,0.6901856760188041,-0.14872947946598028,0.03793678112380475,0.0,1.1102230246251565e-16,0.05288461538461542,0.03525641025641024,0.15384615384615385,0.15384615384615385
43,117,9,bg,2,2,0,0,0.7,0.3,bandit,4,0.0,0.5,5,1,0.7,0,1,3,1,0.3333333333333333,0.34615384615384615,-5.545009081338703e-16,-0.34615384615384615,-0.2307692307692308,0.2623642644674911,0.6842317651303003,-0.2844497338353375,0.0257813362644152,0.0,0.0,0.03249999999999997,0.021666666666666612,0.21000000000000002,0.21000000000000002
43,117,9,bg,2,2,0,0,0.7,0.3,bandit,4,0.0,0.5,6,2,0.3,0,0,3,1,0.3333333333333333,0.34615384615384615,-5.545009081338703e-16,-0.34615384615384615,-0.2307692307692308,0.2623642644674911,0.6842317651303003,-0.2844497338353375,0.0257813362644152,0.0,0.0,0.03249999999999997,0.021666666666666723,0.21000000000000002,0.21000000000000002
43,117,9,bg,2,2,0,0,0.7,0.3,bandit,4,0.0,0.5,7,1,0.7,1,0,1,1,0.3333333333333333,0.29,0.9999999999999994,0.71,0.8066666666666666,1.6433394641097814,0.0,-0.08739425626637275,0.0,0.0,0.0,0.08620689655172409,0.05747126436781602,0.02873563218390801,0.02873563218390801
43,117,9,bg,2,2,0,0,0.7,0.3,bandit,4,0.0,0.5,8,2,0.3,0,0,4,1,0.3333333333333333,0.29,-5.545009081338703e-16,-0.29,-0.19333333333333338,0.21484474849951468,0.6780102022798757,-0.42625540231422954,0.017393591340592762,0.0,0.0,0.01962809917355368,0.013085399449035862,0.2534435261707989,0.2534435261707989
43,117,9,bg,2,2,0,0,0.7,0.3,bandit,4,0.0,0.5,9,1,0.7,0,1,3,1,0.3333333333333333,0.471264367816092,-0.37500000502485337,-0.471264367816092,-0.31417624521072807,0.37713460148193856,0.6927570046594116,-0.145217675089551,0.03231445903788896,0.0,1.1102230246251565e-16,0.059557063048683245,0.03970470869912224,0.08339984038308051,0.08339984038308051
43,117,9,bg,2,2,0,0,0.7,0.3,bandit,4,0.0,0.5,10,2,0.3,0,0,3,1,0.3333333333333333,0.2465564738292011,-5.545009081338703e-16,-0.2465564738292011,-0.16437098255280075,0.17957052342206484,0.6725635843867588,-0.5618791256690523,0.011912734212403908,0.0,0.0,0.011773940345368938,0.00784929356357933,0.28689167974882257,0.28689167974882257
43,117,9,bg,2,2,0,0,0.7,0.3,bandit,4,0.0,0.5,11,1,0.7,1,0,1,1,0.3333333333333333,0.4166001596169195,0.6999999990129862,0.5833998403830805,0.722266560255387,1.2810934751215937,0.0,-0.15234512269821188,0.0,0.0,0.0,0.07246767241379304,0.04831178160919547,0.03735632183908055,0.03735632183908055
43,117,9,bg,2,2,0,0,0.7,0.3,bandit,4,0.0,0.5,12,2,0.3,0,0,3,1,0.3333333333333333,0.2131083202511774,-5.545009081338703e-16,-0.2131083202511774,-0.14207221350078494,0.1532353479555701,0.668087395200138,-0.6867749400135641,0.008393123717155504,0.0,0.0,0.005157292421318793,0.004707990240927273,0.312900274473925,0.35025659631300554
43,117,9,bg,2,2,0,0,0.7,0.3,bandit,4,0.0,0.5,13,1,0.7,1,0,1,1,0.3333333333333333,0.5373563218390806,0.5000000012511272,0.46264367816091945,0.6417624521072797,1.026558971028052,0.0,-0.2370012027813298,0.0,0.0,0.0,0.03591986036838957,0.023946573578926267,0.12507427213309563,0.12507427213309563
43,117,9,bg,2,2,0,0,0.7,0.3,bandit,4,0.0,0.5,14,2,0.3,0,0,2,1,0.3333333333333333,0.187099725526075,-5.545009081338703e-16,-0.187099725526075,-0.12473315035071669,0.13322646809098154,0.6644720212248263,-0.8003011606766882,0.006115744334489359,0.0,0.0,0.0012370471917860781,0.0028342366757002635,0.33346883468834687,0.4585431068214425
43,117,9,bg,2,2,0,0,0.7,0.3,bandit,4,0.0,0.5,15,1,0.7,1,0,1,1,0.3333333333333333,0.6250742721330956,0.35714285709345506,0.37492572786690437,0.5832838185779361,0.875349909001315,0.0,-0.34999996982775033,-2.220446049250313e-16,-1.1102230246251565e-16,0.0,0.01754099334600745,0.011693995564004966,0.1901140684410646,0.1901140684410646
43,117,9,bg,2,2,0,0,0.7,0.3,bandit,4,0.0,0.5,16,2,0.3,0,1,2,1,0.3333333333333333,0.1665311653116531,-5.545009081338703e-16,-0.1665311653116531,-0.11102077687443543,0.11768141480369711,0.6615437695984828,-0.9033679318738824,0.004608328505046,-1.1102230246251565e-16,1.1102230246251565e-16,0.00029753851129854514,0.0017156115570914343,0.3500457270602581,0.5401597955013226
43,117,9,bg,2,2,0,0,0.7,0.3,bandit,4,0.0,0.5,17,1,0.7,0,1,1,1,0.3333333333333333,0.6901140684410646,-0.7500000000353702,-0.6901140684410646,-0.4600760456273765,0.6163269745765039,0.6653365453438909,-0.3039203486812426,0.04777956620255053,0.0,-1.1102230246251565e-16,0.025258082586427477,0.01683872172428491,0.14820742637644047,0.14820742637644047
43,117,9,bg,2,2,0,0,0.7,0.3,bandit,4,0.0,0.5,18,2,0.3,0,0,3,1,0.3333333333333333,0.1499542729397419,-5.545009081338703e-16,-0.1499542729397419,-0.09996951529316128,0.10532664433497851,0.6591458469017097,-0.9973043688130327,0.003579990216064477,0.0,0.0,0.0002632790508743099,0.0010448612941502677,0.3636517594314641,0.5118591858079046
43,117,9,bg,2,2,0,0,0.7,0.3,bandit,4,0.0,0.5,19,1,0.7,0,1,2,1,0.3333333333333333,0.6482074263764405,-0.6666666668460243,-0.6482074263764405,-0.43213828425096035,0.5658773480900519,0.6779327786914044,-0.28659092438323247,0.04052767214023717,0.0,0.0,0.03476503781473128,0.02317669187648741,0.10691469372416385,0.10691469372416385
43,117,9,bg,2,2,0,0,0.7,0.3,bandit,4,0.0,0.5,20,2,0.3,0,1,2,1,0.3333333333333333,0.13634824056853592,-5.545009081338703e-16,-0.13634824056853592,-0.09089882704569063,0.09529888961831895,0.6571554989271757,-1.0834069179798427,0.0028554673241962814,0.0,1.1102230246251565e-16,0.00024559426274284313,0.0006402440171762169,0.37500517463937466,0.4819198683635385
44,91,7,bg,4,4,4,3,0.3,0.7,bandit,8,1.0,0.875,1,1,0.3,1,0,1,1,0.3333333333333333,0.5,NaN,0.5,0.6666666666666666,1.0986122886681096,0.0,-0.19314718051535087,0.0,0.0,0.0,0.04166666666666663,0.02777777777777779,0.16666666666666663,0.16666666666666663
44,91,7,bg,4,4,4,3,0.3,0.7,bandit,8,1.0,0.875,2,2,0.7,0,1,4,1,0.3333333333333333,0.5,NaN,-0.5,-0.33333333333333337,0.40546510810816444,0.6931471805599453,-0.04279164419167801,0.05378194606599736,0.0,-1.1102230246251565e-16,0.033950621592853336,0.05555555555555536,0.08333333333333337,0.25
44,91,7,bg,4,4,4,3,0.3,0.7,bandit,8,1.0,0.875,3,1,0.3,0,0,4,1,0.3333333333333333,0.6666666666666666,-0.999999984947842,-0.6666666666666666,-0.44444444444444453,0.5877866649021192,0.6730116670092565,-0.09878147980916833,0.0671439495179084,1.1102230246251565e-16,1.1102230246251565e-16,0.0625,0.04166666666666663,0.09999999999999987,0.09999999999999987
44,91,7,bg,4,4,4,3,0.3,0.7,bandit,8,1.0,0.875,4,2,0.7,1,0,4,1,0.3333333333333333,0.41666666666666663,0.9999999999999994,0.5833333333333334,0.7222222222222222,1.2809338454620642,0.0,-0.09878147980916833,0.0,0.0,0.0,0.10367999835128927,0.04166666666666663,0.09999999999999987,0.0
44,91,7,bg,4,4,4,3,0.3,0.7,bandit,8,1.0,0.875,5,1,0.3,1,0,1,1,0.3333333333333333,0.5999999999999999,0.2499999999999999,0.40000000000000013,0.6000000000000001,0.9162907318741551,0.0,-0.29705541768766514,0.0,0.0,0.0,0.049247998351209965,0.01666666666666672,0.19999999999999996,0.10000000000000009
44,91,7,bg,4,4,4,3,0.3,0.7,bandit,8,1.0,0.875,6,2,0.7,0,1,4,1,0.3333333333333333,0.5999999999999999,-0.7500000000000001,-0.5999999999999999,-0.39999999999999997,0.5108256237659905,0.6869615765973234,-0.06641254138672094,0.05538446170840032,0.0,0.014814814814814725,0.038675999620050305,0.05833333333333324,0.033333333333333326,0.16666666666666663
44,91,7,bg,4,4,4,3,0.3,0.7,bandit,8,1.0,0.875,7,1,0.3,1,0,4,1,0.3333333333333333,0.7,1.505215796449022e-8,0.30000000000000004,0.5333333333333333,0.7621400520468967,0.0,-0.4905612865201842,0.0,0.0,0.0,0.014109781559972778,0.00694444444444442,0.26190476190476186,0.22857142857142854
44,91,7,bg,4,4,4,3,0.3,0.7,bandit,8,1.0,0.875,8,2,0.7,0,1,4,1,0.3333333333333333,0.5333333333333333,-0.4999999990102087,-0.5333333333333333,-0.3555555555555556,0.4393666597838458,0.6925525323607233,-0.08739425626637275,0.04314031141012996,0.0,0.011494252873563315,0.014137167424955743,0.05747126436781613,0.02873563218390801,0.2906403940886699
44,91,7,bg,4,4,4,3,0.3,0.7,bandit,8,1.0,0.875,9,1,0.3,0,0,4,1,0.3333333333333333,0.7619047619047619,-0.999999984947842,-0.7619047619047619,-0.5079365079365079,0.7091475219063864,0.6287993940937805,-0.37092869552988844,0.06404507376017227,0.0,0.0,0.016561059907834075,0.011040706605222717,0.21889400921658986,0.21889400921658986
44,91,7,bg,4,4,4,3,0.3,0.7,bandit,8,1.0,0.875,10,2,0.7,1,0,4,1,0.3333333333333333,0.471264367816092,0.6249999949751466,0.5287356321839081,0.6858237547892719,1.15780116005844,0.0,-0.1571350842422471,0.0,0.0,0.0,0.03945540289232452,0.03585946573751453,0.09059233449477355,0.1283016747218163
44,91,7,bg,4,4,4,3,0.3,0.7,bandit,8,1.0,0.875,11,1,0.3,0,1,4,1,0.3333333333333333,0.7188940092165899,-0.9000000044367091,-0.7188940092165899,-0.47926267281105994,0.652509534828119,0.6533502750036451,-0.28542769031337323,0.058112087396657075,0.0001541734759952229,1.1102230246251565e-16,0.04953763970933622,0.01668510324483763,0.17256637168141586,0.08197403718664231
44,91,7,bg,4,4,4,3,0.3,0.7,bandit,8,1.0,0.875,12,2,0.7,0,0,4,1,0.3333333333333333,0.5905923344947736,-0.5999999972964525,-0.5905923344947736,-0.3937282229965158,0.5004269165450922,0.6881771822372582,-0.15234512269821188,0.04329848222372032,0.0,0.008301404853129024,0.03816963066105994,0.04831178160919547,0.03735632183908055,0.1352100498423353
44,91,7,bg,4,4,4,3,0.3,0.7,bandit,8,1.0,0.875,13,1,0.3,1,0,4,1,0.3333333333333333,0.6725663716814159,0.2499999999972985,0.32743362831858414,0.551622418879056,0.8021195865341739,0.0,-0.4271890325390061,-2.220446049250313e-16,-1.1102230246251565e-16,0.0,0.016741902195110847,0.007751583820662655,0.23099415204678364,0.1936378302077031
44,91,7,bg,4,4,4,3,0.3,0.7,bandit,8,1.0,0.875,14,2,0.7,1,0,4,1,0.3333333333333333,0.5373563218390806,0.5000000012511272,0.46264367816091945,0.6417624521072797,1.026558971028052,0.0,-0.2370012027813298,0.0,0.0,0.0,0.03921360717919342,0.02394657357892649,0.12507427213309563,0.10591987991368801
44,91,7,bg,4,4,4,3,0.3,0.7,bandit,8,1.0,0.875,15,1,0.3,0,0,4,1,0.3333333333333333,0.7309941520467836,-0.8571428572769177,-0.7309941520467836,-0.48732943469785583,0.6681218129930051,0.6473288715296028,-0.34999996982775033,0.054499349933972596,0.003828262495227275,-1.1102230246251565e-16,0.04957182227278467,0.011693995564004966,0.1901140684410646,0.06503979630796897
44,91,7,bg,4,4,4,3,0.3,0.7,bandit,8,1.0,0.875,16,2,0.7,1,0,4,1,0.3333333333333333,0.6250742721330956,0.35714285709345506,0.37492572786690437,0.5832838185779361,0.875349909001315,0.0,-0.34999996982775033,-2.220446049250313e-16,0.0,0.0,0.07632733795210911,0.011693995564004966,0.1901140684410646,0.0
44,91,7,bg,4,4,4,3,0.3,0.7,bandit,8,1.0,0.875,17,1,0.3,0,1,4,1,0.3333333333333333,0.6901140684410646,-0.7500000000353702,-0.6901140684410646,-0.4600760456273765,0.6163269745765039,0.6653365453438909,-0.3039203486812426,0.04777956620255053,0.0,0.0,0.057798626522471475,0.01683872172428491,0.14820742637644047,0.04190664206462413
44,91,7,bg,4,4,4,3,0.3,0.7,bandit,8,1.0,0.875,18,2,0.7,0,1,4,1,0.3333333333333333,0.6901140684410646,-0.7500000000353702,-0.6901140684410646,-0.4600760456273765,0.6163269745765039,0.6653365453438909,-0.3039203486812426,0.04777956620255053,0.02587194099294876,-1.1102230246251565e-16,0.0776743114802384,0.01683872172428491,0.14820742637644047,0.0
44,91,7,bg,4,4,4,3,0.3,0.7,bandit,8,1.0,0.875,19,1,0.3,0,0,4,1,0.3333333333333333,0.6482074263764405,-0.6666666668460243,-0.6482074263764405,-0.43213828425096035,0.5658773480900519,0.6779327786914044,-0.28659092438323247,0.04052767214023717,0.0,1.1102230246251565e-16,0.05829870753712396,0.023176691876487632,0.10691469372416385,0.04129273265227662
44,91,7,bg,4,4,4,3,0.3,0.7,bandit,8,1.0,0.875,20,2,0.7,0,1,4,1,0.3333333333333333,0.6482074263764405,-0.6666666668460243,-0.6482074263764405,-0.43213828425096035,0.5658773480900519,0.6779327786914044,-0.28659092438323247,0.04052767214023717,0.02423872544263661,0.0,0.07735361408721064,0.02317669187648752,0.10691469372416385,0.0
45,76,6,bg,4,4,4,3,0.3,0.7,bandit,8,1.0,0.875,1,1,0.3,0,0,4,1,0.3333333333333333,0.5,NaN,-0.5,-0.33333333333333337,0.40546510810816444,0.6931471805599453,-0.04279164419167801,0.05378194606599736,0.0,0.0,0.08333333333333337,0.05555555555555547,0.08333333333333337,0.08333333333333337
45,76,6,bg,4,4,4,3,0.3,0.7,bandit,8,1.0,0.875,2,2,0.7,0,1,4,1,0.3333333333333333,0.5,NaN,-0.5,-0.33333333333333337,0.40546510810816444,0.6931471805599453,-0.04279164419167801,0.05378194606599736,0.0,-1.1102230246251565e-16,0.08333333333333337,0.05555555555555547,0.08333333333333337,0.08333333333333337
45,76,6,bg,4,4,4,3,0.3,0.7,bandit,8,1.0,0.875,3,1,0.3,1,0,1,1,0.3333333333333333,0.41666666666666663,0.9999999999999994,0.5833333333333334,0.7222222222222222,1.2809338454620642,0.0,-0.09878147980916833,0.0,0.0,0.0,0.0625,0.04166666666666663,0.09999999999999987,0.09999999999999987
45,76,6,bg,4,4,4,3,0.3,0.7,bandit,8,1.0,0.875,4,2,0.7,1,0,1,1,0.3333333333333333,0.41666666666666663,0.9999999999999994,0.5833333333333334,0.7222222222222222,1.2809338454620642,0.0,-0.09878147980916833,0.0,0.0,0.0,0.10367999835128927,0.04166666666666663,0.09999999999999987,0.0
45,76,6,bg,4,4,4,3,0.3,0.7,bandit,8,1.0,0.875,5,1,0.3,0,1,4,1,0.3333333333333333,0.5999999999999999,-0.7500000000000001,-0.5999999999999999,-0.39999999999999997,0.5108256237659905,0.6869615765973234,-0.06641254138672094,0.05538446170840032,1.1102230246251565e-16,0.014814814814814836,0.07330133168467545,0.05833333333333335,0.033333333333333326,0.06666666666666654
45,76,6,bg,4,4,4,3,0.3,0.7,bandit,8,1.0,0.875,6,1,0.3,0,0,2,1,0.3333333333333333,0.5333333333333333,-0.4999999990102087,-0.5333333333333333,-0.3555555555555556,0.4393666597838458,0.6925525323607233,-0.08739425626637275,0.04314031141012996,0.0,0.011494252873563204,0.04930795248808062,0.05747126436781613,0.02873563218390801,0.12873563218390788
45,76,6,bg,4,4,4,3,0.3,0.7,bandit,8,1.0,0.875,7,2,0.7,0,1,1,1,0.3333333333333333,0.5999999999999999,-0.7500000000000001,-0.5999999999999999,-0.39999999999999997,0.5108256237659905,0.6869615765973234,-0.06641254138672094,0.05538446170840032,0.022222222222222254,0.014814814814814947,0.08750000000000002,0.05833333333333346,0.033333333333333326,0.033333333333333326
45,76,6,bg,4,4,4,3,0.3,0.7,bandit,8,1.0,0.875,8,1,0.3,0,0,1,1,0.3333333333333333,0.471264367816092,-0.37500000502485337,-0.471264367816092,-0.31417624521072807,0.37713460148193856,0.6927570046594116,-0.145217675089551,0.03231445903788896,0.0,1.1102230246251565e-16,0.04897228475823312,0.03970470869912224,0.08339984038308051,0.11673317371641384
45,76,6,bg,4,4,4,3,0.3,0.7,bandit,8,1.0,0.875,9,1,0.3,0,1,1,1,0.3333333333333333,0.4166001596169195,-0.30000000098701385,-0.4166001596169195,-0.277733439744613,0.3253610111961422,0.6901813069103601,-0.22325417073184692,0.023753989707684525,0.0,1.1102230246251565e-16,0.03228296829724664,0.026818600368324286,0.1298342541436464,0.16316758747697974
45,76,6,bg,4,4,4,3,0.3,0.7,bandit,8,1.0,0.875,10,2,0.7,1,0,4,1,0.3333333333333333,0.5333333333333333,0.5000000009897914,0.4666666666666667,0.6444444444444444,1.0340737675305383,0.0,-0.20400590700589533,0.0,0.0,0.0,0.03776041666666674,0.02517361111111105,0.14583333333333326,0.14583333333333326
45,76,6,bg,4,4,4,3,0.3,0.7,bandit,8,1.0,0.875,11,1,0.3,1,0,1,1,0.3333333333333333,0.3701657458563536,0.7499999986405539,0.6298342541436464,0.7532228360957642,1.3992695199830236,0.0,-0.17975900900527403,0.0,0.0,0.0,0.031123758401847,0.05417357656163635,0.011608623548922004,0.15744195688225526
45,76,6,bg,4,4,4,3,0.3,0.7,bandit,8,1.0,0.875,12,2,0.7,1,0,1,1,0.3333333333333333,0.6458333333333333,0.2500000021590544,0.35416666666666674,0.5694444444444444,0.8426789145309089,0.0,-0.37092869552988844,0.0,0.0,0.0,0.016561059907834075,0.011040706605222605,0.21889400921658986,0.21889400921658986
45,76,6,bg,4,4,4,3,0.3,0.7,bandit,8,1.0,0.875,13,1,0.3,0,0,4,1,0.3333333333333333,0.488391376451078,-0.42857142831688716,-0.488391376451078,-0.32559425096738537,0.393923347667993,0.6930813365993375,-0.22800730239285252,0.026290814189475292,0.0,0.0,0.01028176672498271,0.03924009562841524,0.055163934426229466,0.2740579436428193
45,76,6,bg,4,4,4,3,0.3,0.7,bandit,8,1.0,0.875,14,2,0.7,0,1,1,1,0.3333333333333333,0.7188940092165899,-0.9000000044367091,-0.7188940092165899,-0.47926267281105994,0.652509534828119,0.6533502750036451,-0.28542769031337323,0.058112087396657075,0.0,0.0,0.025027654867256444,0.01668510324483763,0.17256637168141586,0.17256637168141586
45,76,6,bg,4,4,4,3,0.3,0.7,bandit,8,1.0,0.875,15,1,0.3,0,0,3,1,0.3333333333333333,0.44483606557377053,-0.3749999995045847,-0.44483606557377053,-0.2965573770491804,0.351768965169878,0.6917799599357861,-0.2874591223088541,0.020170902342174335,0.0,0.0,0.009942040868872404,0.027988902071283794,0.0931336200504227,0.26569999173183856
45,76,6,bg,4,4,4,3,0.3,0.7,bandit,8,1.0,0.875,16,2,0.7,0,1,1,1,0.3333333333333333,0.6725663716814159,-0.7500000000027015,-0.6725663716814159,-0.44837758112094395,0.5948914905258637,0.67123888203318,-0.2370012027813298,0.05044154348753849,-1.1102230246251565e-16,0.0,0.03591986036838957,0.02394657357892649,0.12507427213309563,0.12507427213309563
45,76,6,bg,4,4,4,3,0.3,0.7,bandit,8,1.0,0.875,17,1,0.3,1,0,4,1,0.3333333333333333,0.4068663799495773,0.6666666665823582,0.5931336200504227,0.7287557467002818,1.3047355603437163,0.0,-0.26836275621598926,0.0,0.0,0.0,0.03078083799744158,0.050118461818844384,0.0050118461818845494,0.13008611831498018
45,76,6,bg,4,4,4,3,0.3,0.7,bandit,8,1.0,0.875,18,2,0.7,1,0,4,1,0.3333333333333333,0.6250742721330956,0.35714285709345506,0.37492572786690437,0.5832838185779361,0.875349909001315,0.0,-0.34999996982775033,-2.220446049250313e-16,-1.1102230246251565e-16,-1.1102230246251565e-16,0.01754099334600745,0.011693995564004966,0.1901140684410646,0.1901140684410646
45,76,6,bg,4,4,4,3,0.3,0.7,bandit,8,1.0,0.875,19,1,0.3,0,1,4,1,0.3333333333333333,0.49498815381811545,-0.4500000039841043,-0.49498815381811545,-0.3299921025454104,0.4004657794209383,0.6931347461577707,-0.31212799067102276,0.021486506368508185,0.0,-1.1102230246251565e-16,0.011152123463887054,0.037548299239068994,0.04076316285038739,0.230877231291452
45,76,6,bg,4,4,4,3,0.3,0.7,bandit,8,1.0,0.875,20,2,0.7,1,0,1,1,0.3333333333333333,0.6901140684410646,0.24999999996462985,0.3098859315589354,0.5399239543726235,0.7763634865810234,0.0,-0.47241718232341906,0.0,-1.1102230246251565e-16,0.0,0.008484574567993897,0.005656383045329227,0.23929376408715253,0.23929376408715253
46,90,7,bg,3,3,2,2,0.7,0.3,tycoon,14,0.5,0.75,1,1,0.7,1,0,4,2,0.3333333333333333,0.5,NaN,0.5,0.33333333333333326,0.4054651081081643,0.6931471805599453,-0.042791644191678,0.05378194606599747,0.0,-1.1102230246251565e-16,0.08333333333333348,0.05555555555555547,0.08333333333333326,0.08333333333333326
46,90,7,bg,3,3,2,2,0.7,0.3,tycoon,14,0.5,0.75,2,2,0.3,1,0,4,2,0.3333333333333333,0.5,NaN,0.5,0.33333333333333326,0.4054651081081643,0.6931471805599453,-0.042791644191678,0.05378194606599747,0.04166666666666674,1.1102230246251565e-16,0.11815201177425982,0.05555555555555547,0.08333333333333326,0.0
46,90,7,bg,3,3,2,2,0.7,0.3,tycoon,14,0.5,0.75,3,1,0.7,1,0,4,2,0.3333333333333333,0.5833333333333333,1.505215796449022e-8,0.41666666666666674,0.2777777777777778,0.325422400434628,0.6901856760188042,-0.14872947946598028,0.0379367811238048,1.1102230246251565e-16,0.0,0.07870741894476108,0.03525641025641035,0.15384615384615385,0.0705128205128206
46,90,7,bg,3,3,2,2,0.7,0.3,tycoon,14,0.5,0.75,4,2,0.3,1,1,4,2,0.3333333333333333,0.5833333333333333,1.505215796449022e-8,0.41666666666666674,0.2777777777777778,0.325422400434628,0.6901856760188042,-0.14872947946598028,0.0379367811238048,0.032544378698224796,1.1102230246251565e-16,0.10639222329248454,0.03525641025641024,0.15384615384615385,0.0
46,90,7,bg,3,3,2,2,0.7,0.3,tycoon,14,0.5,0.75,5,1,0.7,0,0,1,2,0.3333333333333333,0.6538461538461539,-0.999999984947842,-0.6538461538461539,-0.7692307692307693,1.4663370687934272,0.0,-0.06641254138672092,0.0,0.0,0.0,0.032568046699056996,0.05833333333333346,0.033333333333333326,0.18717948717948718
46,90,7,bg,3,3,2,2,0.7,0.3,tycoon,14,0.5,0.75,6,2,0.3,0,0,1,2,0.3333333333333333,0.6538461538461539,-0.999999984947842,-0.6538461538461539,-0.7692307692307693,1.4663370687934272,0.0,-0.06641254138672092,0.0,0.0,0.0,0.08750000000000002,0.05833333333333335,0.033333333333333326,0.033333333333333326
46,90,7,bg,3,3,2,2,0.7,0.3,tycoon,14,0.5,0.75,7,1,0.7,1,1,4,2,0.3333333333333333,0.4666666666666667,0.5000000015235914,0.5333333333333333,0.3555555555555555,0.43936665978384565,0.6925525323607233,-0.08739425626637266,0.043140311410130014,0.01724137931034475,0.011494252873563204,0.08620689655172409,0.05747126436781613,0.028735632183908066,0.028735632183908066
46,90,7,bg,3,3,2,2,0.7,0.3,tycoon,14,0.5,0.75,8,2,0.3,0,0,1,2,0.3333333333333333,0.4666666666666667,-0.49999999847640864,-0.4666666666666667,-0.6444444444444445,1.0340737675305387,0.0,-0.2040059070058956,0.0,0.0,0.0,0.03063357437482761,0.02517361111111116,0.14583333333333331,0.17456896551724138
46,90,7,bg,3,3,2,2,0.7,0.3,tycoon,14,0.5,0.75,9,1,0.7,1,1,4,2,0.3333333333333333,0.5287356321839081,0.3749999994326757,0.47126436781609193,0.31417624521072796,0.3771346014819384,0.6927570046594116,-0.14521767508955086,0.03231445903788896,0.0,0.0,0.05955706304868302,0.039704708699122127,0.08339984038308068,0.08339984038308068
46,90,7,bg,3,3,2,2,0.7,0.3,tycoon,14,0.5,0.75,10,2,0.3,1,0,4,2,0.3333333333333333,0.3541666666666667,0.7500000004820603,0.6458333333333333,0.4305555555555556,0.5630940523117476,0.6785008770139087,-0.15713508424224704,0.05316704774777181,0.0,0.0,0.02908586708857397,0.03585946573751453,0.09059233449477344,0.17399217487785412
46,90,7,bg,3,3,2,2,0.7,0.3,tycoon,14,0.5,0.75,11,1,0.7,1,1,4,2,0.3333333333333333,0.5833998403830807,0.3000000009825461,0.4166001596169193,0.27773343974461273,0.3253610111961419,0.6901813069103601,-0.22325417073184653,0.02375398970768486,-1.1102230246251565e-16,1.1102230246251565e-16,0.04022790055248604,0.026818600368324064,0.12983425414364647,0.12983425414364647
46,90,7,bg,3,3,2,2,0.7,0.3,tycoon,14,0.5,0.75,12,2,0.3,0,0,1,2,0.3333333333333333,0.40940766550522656,-0.3999999967452822,-0.40940766550522656,-0.6062717770034844,0.9320943970472808,0.0,-0.28542769031337345,0.0,0.0,0.0,0.006835948671051861,0.01668510324483774,0.17256637168141586,0.30240062582506233
46,90,7,bg,3,3,2,2,0.7,0.3,tycoon,14,0.5,0.75,13,1,0.7,1,0,4,2,0.3333333333333333,0.6298342541436465,0.2499999999460495,0.37016574585635353,0.24677716390423576,0.28339416389113375,0.6865299089505598,-0.30920087703841675,0.017446775436758433,0.0,0.0,0.026784501494159008,0.01785633432943934,0.1685683238250476,0.1685683238250476
46,90,7,bg,3,3,2,2,0.7,0.3,tycoon,14,0.5,0.75,14,2,0.3,1,1,4,2,0.3333333333333333,0.32743362831858414,0.7500000038698826,0.6725663716814159,0.44837758112094384,0.5948914905258634,0.67123888203318,-0.23700120278132994,0.05044154348753846,0.0,0.0,0.006493726013224732,0.02394657357892649,0.12507427213309563,0.29364259595814324
46,90,7,bg,3,3,2,2,0.7,0.3,tycoon,14,0.5,0.75,15,1,0.7,1,1,4,2,0.3333333333333333,0.6685683238250476,0.21428571422552145,0.3314316761749524,0.22095445078330167,0.24968576342578275,0.6827064730455019,-0.39571066482832595,0.012973104587098216,2.220446049250313e-16,0.0,0.017687144019527867,0.011791429346351912,0.20073230268510978,0.20073230268510978
46,90,7,bg,3,3,2,2,0.7,0.3,tycoon,14,0.5,0.75,16,2,0.3,0,0,4,2,0.3333333333333333,0.37492572786690437,-0.35714285711591753,-0.37492572786690437,-0.5832838185779363,0.8753499090013155,0.0,-0.3499999698277506,-3.3306690738754696e-16,0.0,0.0,0.0012665894823988832,0.011693995564005188,0.1901140684410646,0.3908463711261744
46,90,7,bg,3,3,2,2,0.7,0.3,tycoon,14,0.5,0.75,17,1,0.7,1,0,4,2,0.3333333333333333,0.7007323026851098,0.18749999560995112,0.2992676973148902,0.19951179820992682,0.22253348520479543,0.6791076299320256,-0.4791391417344009,0.00984175385178182,-1.1102230246251565e-16,-1.1102230246251565e-16,0.011631613964404819,0.007754409309603361,0.2275499454804193,0.2275499454804193
46,90,7,bg,3,3,2,2,0.7,0.3,tycoon,14,0.5,0.75,18,2,0.3,1,1,4,2,0.3333333333333333,0.3098859315589354,0.7500000000338465,0.6901140684410646,0.46007604562737636,0.6163269745765037,0.6653365453438909,-0.30392034868124257,0.04777956620255086,0.0,0.0,0.001236687050979235,0.016838721724285244,0.1482074263764404,0.3757573718568597
46,90,7,bg,3,3,2,2,0.7,0.3,tycoon,14,0.5,0.75,19,1,0.7,1,0,4,2,0.3333333333333333,0.7275499454804193,0.16666666576379163,0.2724500545195807,0.18163336967972044,0.20044483946697284,0.6758665393660739,-0.5580527251703005,0.007640859362410435,1.1102230246251565e-16,1.1102230246251565e-16,0.00763730493891257,0.0050915366259417505,0.25010350564199846,0.25010350564199846
46,90,7,bg,3,3,2,2,0.7,0.3,tycoon,14,0.5,0.75,20,2,0.3,0,0,1,2,0.3333333333333333,0.3517925736235596,-0.33333333817260785,-0.3517925736235596,-0.5678617157490398,0.8390096395271016,0.0,-0.403142000609794,-5.551115123125783e-17,0.0,0.0,0.00020766609967470817,0.008510159465020761,0.2024691358024691,0.45257264144446757
47,111,9,gb,3,3,4,4,0.3,0.7,tycoon,14,0.75,1.0,1,2,0.7,1,0,1,2,0.3333333333333333,0.5,NaN,0.5,0.33333333333333326,0.4054651081081643,0.6931471805599453,-0.042791644191678,0.05378194606599747,0.0,-1.1102230246251565e-16,0.08333333333333348,0.05555555555555547,0.08333333333333326,0.08333333333333326
47,111,9,gb,3,3,4,4,0.3,0.7,tycoon,14,0.75,1.0,2,1,0.3,1,1,1,2,0.3333333333333333,0.5,NaN,0.5,0.33333333333333326,0.4054651081081643,0.6931471805599453,-0.042791644191678,0.05378194606599747,0.04166666666666674,1.1102230246251565e-16,0.11815201177425982,0.05555555555555547,0.08333333333333326,0.0
47,111,9,gb,3,3,4,4,0.3,0.7,tycoon,14,0.75,1.0,3,2,0.7,0,0,1,2,0.3333333333333333,0.5833333333333333,-0.999999984947842,-0.5833333333333333,-0.7222222222222222,1.2809338454620642,0.0,-0.09878147980916858,0.0,0.0,0.0,0.03737461979762402,0.04166666666666663,0.10000000000000003,0.1833333333333333
47,111,9,gb,3,3,4,4,0.3,0.7,tycoon,14,0.75,1.0,4,1,0.3,0,0,1,2,0.3333333333333333,0.5833333333333333,-0.999999984947842,-0.5833333333333333,-0.7222222222222222,1.2809338454620642,0.0,-0.09878147980916858,0.0,0.0,0.0,0.0625,0.04166666666666663,0.10000000000000003,0.10000000000000003
47,111,9,gb,3,3,4,4,0.3,0.7,tycoon,14,0.75,1.0,5,2,0.7,1,1,1,2,0.3333333333333333,0.39999999999999997,0.7499999999999998,0.6000000000000001,0.3999999999999999,0.5108256237659905,0.6869615765973234,-0.06641254138672092,0.05538446170840036,0.022222222222222254,0.014814814814814947,0.08750000000000002,0.05833333333333346,0.033333333333333326,0.033333333333333326
47,111,9,gb,3,3,4,4,0.3,0.7,tycoon,14,0.75,1.0,6,1,0.3,1,1,1,2,0.3333333333333333,0.39999999999999997,0.7499999999999998,0.6000000000000001,0.3999999999999999,0.5108256237659905,0.6869615765973234,-0.06641254138672092,0.05538446170840036,0.022222222222222254,0.014814814814814836,0.08750000000000002,0.05833333333333335,0.033333333333333326,0.033333333333333326
47,111,9,gb,3,3,4,4,0.3,0.7,tycoon,14,0.75,1.0,7,2,0.7,1,0,1,2,0.3333333333333333,0.4666666666666667,0.5000000015235914,0.5333333333333333,0.3555555555555555,0.43936665978384565,0.6925525323607233,-0.08739425626637266,0.043140311410130014,0.01724137931034475,0.011494252873563204,0.08620689655172409,0.05747126436781613,0.028735632183908066,0.028735632183908066
47,111,9,gb,3,3,4,4,0.3,0.7,tycoon,14,0.75,1.0,8,1,0.3,1,1,1,2,0.3333333333333333,0.4666666666666667,0.5000000015235914,0.5333333333333333,0.3555555555555555,0.43936665978384565,0.6925525323607233,-0.08739425626637266,0.043140311410130014,0.03210463733650415,0.011494252873563204,0.09929157528035493,0.05747126436781602,0.028735632183908066,0.0
47,111,9,gb,3,3,4,4,0.3,0.7,tycoon,14,0.75,1.0,9,2,0.7,0,0,1,2,0.3333333333333333,0.5287356321839081,-0.6250000005673243,-0.5287356321839081,-0.685823754789272,1.1578011600584404,0.0,-0.15713508424224704,0.0,0.0,0.0,0.044180872328018594,0.03585946573751453,0.09059233449477344,0.11932796667868151
47,111,9,gb,3,3,4,4,0.3,0.7,tycoon,14,0.75,1.0,10,1,0.3,1,1,1,2,0.3333333333333333,0.5287356321839081,0.3749999994326757,0.47126436781609193,0.31417624521072796,0.3771346014819384,0.6927570046594116,-0.14521767508955086,0.03231445903788896,0.0,0.0,0.05955706304868302,0.039704708699122016,0.08339984038308068,0.08339984038308068
47,111,9,gb,3,3,4,4,0.3,0.7,tycoon,14,0.75,1.0,11,1,0.3,0,0,1,2,0.3333333333333333,0.5833998403830807,-0.6999999990174539,-0.5833998403830807,-0.7222665602553873,1.2810934751215948,0.0,-0.15234512269821177,0.0,0.0,0.0,0.07246767241379315,0.04831178160919536,0.037356321839080386,0.037356321839080386
47,111,9,gb,3,3,4,4,0.3,0.7,tycoon,14,0.75,1.0,12,2,0.7,1,0,1,2,0.3333333333333333,0.40940766550522656,0.6000000032547178,0.5905923344947734,0.39372822299651555,0.5004269165450919,0.6881771822372582,-0.15234512269821177,0.04329848222372057,0.01245210727969348,0.008301404853129024,0.07246767241379315,0.04831178160919547,0.037356321839080386,0.037356321839080386
47,111,9,gb,3,3,4,4,0.3,0.7,tycoon,14,0.75,1.0,13,2,0.7,1,0,1,2,0.3333333333333333,0.4626436781609196,0.500000001677886,0.5373563218390804,0.3582375478927202,0.44353705605757215,0.6923940398076736,-0.17975900900527386,0.034072908183395534,0.019402985074626677,0.012935323383084563,0.08126036484245436,0.05417357656163635,0.011608623548922115,0.011608623548922115
47,111,9,gb,3,3,4,4,0.3,0.7,tycoon,14,0.75,1.0,14,2,0.7,1,0,1,2,0.3333333333333333,0.5116086235489221,0.4285714261887835,0.4883913764510779,0.32559425096738526,0.3939233476679928,0.6930813365993375,-0.22800730239285233,0.026290814189475376,0.0,0.0,0.0588601434426228,0.03924009562841535,0.05516393442622958,0.05516393442622958
47,111,9,gb,3,3,4,4,0.3,0.7,tycoon,14,0.75,1.0,15,2,0.7,1,1,1,2,0.3333333333333333,0.5551639344262296,0.3749999995025072,0.4448360655737704,0.2965573770491803,0.3517689651698778,0.6917799599357861,-0.2874591223088539,0.02017090234217428,0.0,0.0,0.04198335310692558,0.027988902071283683,0.0931336200504227,0.0931336200504227
47,111,9,gb,3,3,4,4,0.3,0.7,tycoon,14,0.75,1.0,16,2,0.7,1,1,1,2,0.3333333333333333,0.5931336200504227,0.33333333342038196,0.4068663799495773,0.27124425329971824,0.31641665565345756,0.6895133632202006,-0.3514285693112917,0.01556078354436291,1.1102230246251565e-16,-1.1102230246251565e-16,0.029628357753357704,0.019752238502238284,0.1259327092660426,0.1259327092660426
47,111,9,gb,3,3,4,4,0.3,0.7,tycoon,14,0.75,1.0,17,2,0.7,0,0,1,2,0.3333333333333333,0.6259327092660426,-0.7000000005234497,-0.6259327092660426,-0.7506218061773617,1.3887846841111968,0.0,-0.3121279906710225,0.0,0.0,0.0,0.05632244885860349,0.037548299239068994,0.0407631628503875,0.0407631628503875
47,111,9,gb,3,3,4,4,0.3,0.7,tycoon,14,0.75,1.0,18,2,0.7,1,0,1,2,0.3333333333333333,0.5407631628503875,0.4090909125279222,0.4592368371496125,0.3061578914330749,0.36551085362905283,0.6923799727450064,-0.36174423121254345,0.017025047837387286,1.1102230246251565e-16,0.0,0.04173531162447386,0.027823541082982572,0.07245532887112682,0.07245532887112682
47,111,9,gb,3,3,4,4,0.3,0.7,tycoon,14,0.75,1.0,19,2,0.7,1,0,1,2,0.3333333333333333,0.5724553288711268,0.3749999996492326,0.4275446711288732,0.2850297807525821,0.33551438855778587,0.6908632488977826,-0.4135225841584971,0.01361224648672138,2.220446049250313e-16,0.0,0.030673027783264084,0.020448685188842575,0.10044678175425426,0.10044678175425426
47,111,9,gb,3,3,4,4,0.3,0.7,tycoon,14,0.75,1.0,20,2,0.7,0,0,1,2,0.3333333333333333,0.6004467817542543,-0.6538461533837141,-0.6004467817542543,-0.7336311878361694,1.3228734186263933,0.0,-0.3893719986585523,0.0,0.0,0.0,0.053450577851278935,0.03563371856751929,0.03229831565730479,0.03229831565730479
48,111,9,gb,3,2,4,3,0.7,0.3,bandit,6,0.875,0.625,1,2,0.3,0,0,3,1,0.3333333333333333,0.5,NaN,-0.5,-0.33333333333333337,0.40546510810816444,0.6931471805599453,-0.04279164419167801,0.05378194606599736,0.0,0.0,0.08333333333333337,0.05555555555555547,0.08333333333333337,0.08333333333333337
48,111,9,gb,3,2,4,3,0.7,0.3,bandit,6,0.875,0.625,2,1,0.7,0,1,4,1,0.3333333333333333,0.5,NaN,-0.5,-0.33333333333333337,0.40546510810816444,0.6931471805599453,-0.04279164419167801,0.05378194606599736,0.0,-1.1102230246251565e-16,0.08333333333333337,0.05555555555555547,0.08333333333333337,0.08333333333333337
48,111,9,gb,3,2,4,3,0.7,0.3,bandit,6,0.875,0.625,3,2,0.3,0,0,4,1,0.3333333333333333,0.41666666666666663,-5.545009081338703e-16,-0.41666666666666663,-0.2777777777777778,0.325422400434628,0.6901856760188041,-0.14872947946598028,0.03793678112380475,0.0,0.0,0.05288461538461542,0.03525641025641024,0.15384615384615385,0.15384615384615385
48,111,9,gb,3,2,4,3,0.7,0.3,bandit,6,0.875,0.625,4,1,0.7,0,1,2,1,0.3333333333333333,0.41666666666666663,-5.545009081338703e-16,-0.41666666666666663,-0.2777777777777778,0.325422400434628,0.6901856760188041,-0.14872947946598028,0.03793678112380475,0.0,1.1102230246251565e-16,0.05288461538461542,0.03525641025641024,0.15384615384615385,0.15384615384615385
48,111,9,gb,3,2,4,3,0.7,0.3,bandit,6,0.875,0.625,5,1,0.7,1,0,1,1,0.3333333333333333,0.34615384615384615,0.9999999999999994,0.6538461538461539,0.7692307692307692,1.466337068793427,0.0,-0.06641254138672094,0.0,0.0,0.0,0.08750000000000002,0.05833333333333346,0.033333333333333326,0.033333333333333326
48,111,9,gb,3,2,4,3,0.7,0.3,bandit,6,0.875,0.625,6,1,0.7,0,1,3,1,0.3333333333333333,0.5333333333333333,-0.4999999990102087,-0.5333333333333333,-0.3555555555555556,0.4393666597838458,0.6925525323607233,-0.08739425626637275,0.04314031141012996,0.01724137931034475,0.011494252873563204,0.08620689655172409,0.05747126436781602,0.02873563218390801,0.02873563218390801
48,111,9,gb,3,2,4,3,0.7,0.3,bandit,6,0.875,0.625,7,1,0.7,1,0,4,1,0.3333333333333333,0.471264367816092,0.6249999949751466,0.5287356321839081,0.6858237547892719,1.15780116005844,0.0,-0.1571350842422471,0.0,0.0,0.0,0.05378919860627185,0.03585946573751442,0.09059233449477355,0.09059233449477355
48,111,9,gb,3,2,4,3,0.7,0.3,bandit,6,0.875,0.625,8,2,0.3,0,0,4,1,0.3333333333333333,0.34615384615384615,-5.545009081338703e-16,-0.34615384615384615,-0.2307692307692308,0.2623642644674911,0.6842317651303003,-0.2844497338353375,0.0257813362644152,0.0,0.0,0.018512556346007125,0.021666666666666723,0.21000000000000002,0.30059233449477357
48,111,9,gb,3,2,4,3,0.7,0.3,bandit,6,0.875,0.625,9,2,0.3,0,0,2,1,0.3333333333333333,0.29,-5.545009081338703e-16,-0.29,-0.19333333333333338,0.21484474849951468,0.6780102022798757,-0.42625540231422954,0.017393591340592762,0.0,0.0,0.010430106456575383,0.013085399449035862,0.2534435261707989,0.34403586066557246
48,111,9,gb,3,2,4,3,0.7,0.3,bandit,6,0.875,0.625,10,2,0.3,0,0,1,1,0.3333333333333333,0.2465564738292011,-5.545009081338703e-16,-0.2465564738292011,-0.16437098255280075,0.17957052342206484,0.6725635843867588,-0.5618791256690523,0.011912734212403908,0.0,1.1102230246251565e-16,0.0057999313841049505,0.00784929356357933,0.28689167974882257,0.3774840142435961
48,111,9,gb,3,2,4,3,0.7,0.3,bandit,6,0.875,0.625,11,1,0.7,0,1,3,1,0.3333333333333333,0.5905923344947736,-0.5999999972964525,-0.5905923344947736,-0.3937282229965158,0.5004269165450922,0.6881771822372582,-0.15234512269821188,0.04329848222372032,0.01245210727969337,0.008301404853129024,0.07246767241379304,0.04831178160919547,0.03735632183908055,0.03735632183908055
48,111,9,gb,3,2,4,3,0.7,0.3,bandit,6,0.875,0.625,12,1,0.7,1,0,4,1,0.3333333333333333,0.5373563218390806,0.5000000012511272,0.46264367816091945,0.6417624521072797,1.026558971028052,0.0,-0.2370012027813298,0.0,0.0,0.0,0.03591986036838957,0.023946573578926378,0.12507427213309563,0.12507427213309563
48,111,9,gb,3,2,4,3,0.7,0.3,bandit,6,0.875,0.625,13,1,0.7,0,1,2,1,0.3333333333333333,0.6250742721330956,-0.6428571429065449,-0.6250742721330956,-0.41671618142206385,0.5390813867732288,0.6828941449085093,-0.2228608825806698,0.04211572422065937,-2.220446049250313e-16,0.0,0.04905029711375197,0.0327001980758348,0.07860780984719873,0.07860780984719873
48,111,9,gb,3,2,4,3,0.7,0.3,bandit,6,0.875,0.625,14,1,0.7,1,0,2,1,0.3333333333333333,0.5786078098471987,0.43750000000500944,0.42139219015280127,0.6142614601018674,0.9525954968045901,0.0,-0.3039203486812426,0.0,0.0,0.0,0.025258082586427477,0.016838721724285133,0.14820742637644047,0.14820742637644047
48,111,9,gb,3,2,4,3,0.7,0.3,bandit,6,0.875,0.625,15,2,0.3,0,1,4,1,0.3333333333333333,0.2131083202511774,-5.545009081338703e-16,-0.2131083202511774,-0.14207221350078494,0.1532353479555701,0.668087395200138,-0.6867749400135641,0.008393123717155504,0.0,0.0,0.0018388183418571735,0.004707990240927162,0.312900274473925,0.46110770085036545
48,111,9,gb,3,2,4,3,0.7,0.3,bandit,6,0.875,0.625,16,2,0.3,0,0,3,1,0.3333333333333333,0.187099725526075,-5.545009081338703e-16,-0.187099725526075,-0.12473315035071669,0.13322646809098154,0.6644720212248263,-0.8003011606766882,0.006115744334489359,0.0,0.0,0.0009614286754719981,0.0028342366757001525,0.33346883468834687,0.48167626106478734
48,111,9,gb,3,2,4,3,0.7,0.3,bandit,6,0.875,0.625,17,1,0.7,1,0,1,1,0.3333333333333333,0.6482074263764405,0.33333333315397573,0.35179257362355953,0.5678617157490397,0.8390096395271014,0.0,-0.40314200060979377,0.0,-1.1102230246251565e-16,0.0,0.012765239197530698,0.008510159465020428,0.20246913580246917,0.20246913580246917
48,111,9,gb,3,2,4,3,0.7,0.3,bandit,6,0.875,0.625,18,2,0.3,0,1,4,1,0.3333333333333333,0.1665311653116531,-5.545009081338703e-16,-0.1665311653116531,-0.11102077687443543,0.11768141480369711,0.6615437695984828,-0.9033679318738824,0.004608328505046,-1.1102230246251565e-16,-1.1102230246251565e-16,0.00025316026324140317,0.0017156115570912123,0.3500457270602581,0.5525148628627272
48,111,9,gb,3,2,4,3,0.7,0.3,bandit,6,0.875,0.625,19,1,0.7,1,0,3,1,0.3333333333333333,0.7024691358024692,0.2499999997469049,0.29753086419753083,0.5316872427983539,0.7586189216483179,0.0,-0.5103029326983979,0.0,0.0,0.0,0.006364488982019578,0.004242992654679534,0.24523455454914145,0.24523455454914145
48,111,9,gb,3,2,4,3,0.7,0.3,bandit,6,0.875,0.625,20,2,0.3,0,0,3,1,0.3333333333333333,0.1499542729397419,-5.545009081338703e-16,-0.1499542729397419,-0.09996951529316128,0.10532664433497851,0.6591458469017097,-0.9973043688130327,0.003579990216064477,0.0,1.1102230246251565e-16,6.631844323545799e-5,0.0010448612941502677,0.3636517594314641,0.6088863139806056
49,115,9,gb,3,4,2,2,0.7,0.3,tycoon,15,0.5,0.875,1,1,0.7,1,0,4,2,0.3333333333333333,0.5,NaN,0.5,0.33333333333333326,0.4054651081081643,0.6931471805599453,-0.042791644191678,0.05378194606599747,0.0,-1.1102230246251565e-16,0.08333333333333348,0.05555555555555547,0.08333333333333326,0.08333333333333326
49,115,9,gb,3,4,2,2,0.7,0.3,tycoon,15,0.5,0.875,2,1,0.7,1,0,4,2,0.3333333333333333,0.5833333333333333,1.505215796449022e-8,0.41666666666666674,0.2777777777777778,0.325422400434628,0.6901856760188042,-0.14872947946598028,0.0379367811238048,1.1102230246251565e-16,1.1102230246251565e-16,0.05288461538461542,0.03525641025641024,0.15384615384615385,0.15384615384615385
49,115,9,gb,3,4,2,2,0.7,0.3,tycoon,15,0.5,0.875,3,2,0.3,1,1,4,2,0.3333333333333333,0.5,NaN,0.5,0.33333333333333326,0.4054651081081643,0.6931471805599453,-0.042791644191678,0.05378194606599747,0.0064102564102563875,0.0,0.08295402888526104,0.05555555555555558,0.08333333333333326,0.0705128205128206
49,115,9,gb,3,4,2,2,0.7,0.3,tycoon,15,0.5,0.875,4,2,0.3,0,0,1,2,0.3333333333333333,0.5833333333333333,-0.999999984947842,-0.5833333333333333,-0.7222222222222222,1.2809338454620642,0.0,-0.09878147980916858,0.0,0.0,0.0,0.022014723426480476,0.04166666666666663,0.10000000000000003,0.2538461538461539
49,115,9,gb,3,4,2,2,0.7,0.3,tycoon,15,0.5,0.875,5,1,0.7,1,0,4,2,0.3333333333333333,0.6538461538461539,1.505215796449022e-8,0.34615384615384615,0.23076923076923073,0.262364264467491,0.6842317651303003,-0.2844497338353375,0.025781336264415255,0.0,0.0,0.032500000000000084,0.021666666666666612,0.20999999999999996,0.20999999999999996
49,115,9,gb,3,4,2,2,0.7,0.3,tycoon,15,0.5,0.875,6,2,0.3,1,0,1,2,0.3333333333333333,0.39999999999999997,0.7499999999999998,0.6000000000000001,0.3999999999999999,0.5108256237659905,0.6869615765973234,-0.06641254138672092,0.05538446170840036,0.0,0.014814814814814947,0.0199472802997136,0.05833333333333335,0.033333333333333326,0.2433333333333333
49,115,9,gb,3,4,2,2,0.7,0.3,tycoon,15,0.5,0.875,7,1,0.7,1,0,4,2,0.3333333333333333,0.71,1.505215796449022e-8,0.29000000000000004,0.19333333333333325,0.21484474849951454,0.6780102022798757,-0.42625540231422954,0.017393591340592707,1.1102230246251565e-16,1.1102230246251565e-16,0.01962809917355368,0.013085399449035973,0.2534435261707988,0.2534435261707988
49,115,9,gb,3,4,2,2,0.7,0.3,tycoon,15,0.5,0.875,8,2,0.3,1,1,1,2,0.3333333333333333,0.4666666666666667,0.5000000015235914,0.5333333333333333,0.3555555555555555,0.43936665978384565,0.6925525323607233,-0.08739425626637266,0.043140311410130014,0.0,0.011494252873563204,0.018068117123400396,0.05747126436781602,0.028735632183908066,0.22470789398689073
49,115,9,gb,3,4,2,2,0.7,0.3,tycoon,15,0.5,0.875,9,1,0.7,1,0,4,2,0.3333333333333333,0.7534435261707988,1.505215796449022e-8,0.2465564738292012,0.1643709825528007,0.1795705234220647,0.6725635843867589,-0.5618791256690523,0.011912734212403908,-2.220446049250313e-16,-1.1102230246251565e-16,0.014489225148656693,0.007849293563579218,0.2868916797488228,0.2581560475649147
49,115,9,gb,3,4,2,2,0.7,0.3,tycoon,15,0.5,0.875,10,2,0.3,1,1,1,2,0.3333333333333333,0.5287356321839081,0.3749999994326757,0.47126436781609193,0.31417624521072796,0.3771346014819384,0.6927570046594116,-0.14521767508955086,0.03231445903788896,0.0,0.0,0.016422407709561715,0.039704708699122127,0.08339984038308068,0.2034918393657421
49,115,9,gb,3,4,2,2,0.7,0.3,tycoon,15,0.5,0.875,11,1,0.7,1,1,4,2,0.3333333333333333,0.7868916797488228,1.505215796449022e-8,0.2131083202511772,0.1420722135007848,0.15323534795556995,0.668087395200138,-0.6867749400135641,0.008393123717155504,1.1102230246251565e-16,0.0,0.01359701878470243,0.004707990240927162,0.3129002744739249,0.2295004340908442
49,115,9,gb,3,4,2,2,0.7,0.3,tycoon,15,0.5,0.875,12,2,0.3,0,0,1,2,0.3333333333333333,0.5833998403830807,-0.6999999990174539,-0.5833998403830807,-0.7222665602553873,1.2810934751215948,0.0,-0.15234512269821177,0.0,0.0,0.0,0.0024485768984531253,0.04831178160919547,0.037356321839080386,0.35025659631300526
49,115,9,gb,3,4,2,2,0.7,0.3,tycoon,15,0.5,0.875,13,1,0.7,0,0,2,2,0.3333333333333333,0.8129002744739249,-0.999999984947842,-0.8129002744739249,-0.8752668496492834,2.0815786208018467,0.0,-0.30920087703841675,0.0,0.0,0.0,0.026784501494159008,0.01785633432943934,0.1685683238250476,0.1685683238250476
49,115,9,gb,3,4,2,2,0.7,0.3,tycoon,15,0.5,0.875,14,2,0.3,1,1,2,2,0.3333333333333333,0.4626436781609196,0.500000001677886,0.5373563218390804,0.3582375478927202,0.44353705605757215,0.6923940398076736,-0.17975900900527386,0.034072908183395534,0.0,0.012935323383084563,0.02573602054115376,0.05417357656163624,0.011608623548922115,0.1569597002761255
49,115,9,gb,3,4,2,2,0.7,0.3,tycoon,15,0.5,0.875,15,1,0.7,1,0,4,2,0.3333333333333333,0.6685683238250476,0.21428571422552145,0.3314316761749524,0.22095445078330167,0.24968576342578275,0.6827064730455019,-0.39571066482832595,0.012973104587098216,2.220446049250313e-16,0.0,0.019402740102654525,0.0117914293463518,0.20073230268510978,0.18912367913618766
49,115,9,gb,3,4,2,2,0.7,0.3,tycoon,15,0.5,0.875,16,2,0.3,0,0,1,2,0.3333333333333333,0.5116086235489221,-0.5714285738112165,-0.5116086235489221,-0.6744057490326147,1.1221033017437085,0.0,-0.2228608825806696,0.0,0.0,0.0,0.006217710248951236,0.03270019807583491,0.07860780984719856,0.27934011253230834
49,115,9,gb,3,4,2,2,0.7,0.3,tycoon,15,0.5,0.875,17,1,0.7,0,0,1,2,0.3333333333333333,0.7007323026851098,-0.8125000043900489,-0.7007323026851098,-0.8004882017900732,1.6118819055039784,0.0,-0.2874591223088539,0.0,0.0,0.0,0.04198335310692558,0.027988902071283683,0.0931336200504227,0.0931336200504227
49,115,9,gb,3,4,2,2,0.7,0.3,tycoon,15,0.5,0.875,18,2,0.3,1,1,1,2,0.3333333333333333,0.42139219015280144,0.5624999999673466,0.5786078098471985,0.38573853989813234,0.4873346106903918,0.6895034991417229,-0.23609603900380224,0.03414268066623985,0.0,0.005170555750986905,0.030068388277995517,0.042660749283883526,0.034901251319161664,0.12803487136958436
49,115,9,gb,3,4,2,2,0.7,0.3,tycoon,15,0.5,0.875,19,1,0.7,1,1,1,2,0.3333333333333333,0.5931336200504227,0.33333333342038196,0.4068663799495773,0.27124425329971824,0.31641665565345756,0.6895133632202006,-0.3514285693112917,0.01556078354436291,1.1102230246251565e-16,1.1102230246251565e-16,0.029628357753357704,0.019752238502238506,0.1259327092660426,0.1259327092660426
49,115,9,gb,3,4,2,2,0.7,0.3,tycoon,15,0.5,0.875,20,1,0.7,1,0,1,2,0.3333333333333333,0.6259327092660426,0.2999999994765503,0.3740672907339574,0.24937819382263826,0.28685334104138843,0.6868791467739987,-0.4159276158960932,0.012160998975677462,0.0,1.1102230246251565e-16,0.020759811475086876,0.01383987431672462,0.1542284868187811,0.1542284868187811
50,70,5,bg,4,3,4,4,0.7,0.3,bandit,9,1.0,0.875,1,1,0.7,0,0,4,1,0.3333333333333333,0.5,NaN,-0.5,-0.33333333333333337,0.40546510810816444,0.6931471805599453,-0.04279164419167801,0.05378194606599736,0.0,0.0,0.08333333333333337,0.05555555555555547,0.08333333333333337,0.08333333333333337
50,70,5,bg,4,3,4,4,0.7,0.3,bandit,9,1.0,0.875,2,2,0.3,0,1,4,1,0.3333333333333333,0.5,NaN,-0.5,-0.33333333333333337,0.40546510810816444,0.6931471805599453,-0.04279164419167801,0.05378194606599736,0.0,-1.1102230246251565e-16,0.08333333333333337,0.05555555555555547,0.08333333333333337,0.08333333333333337
50,70,5,bg,4,3,4,4,0.7,0.3,bandit,9,1.0,0.875,3,1,0.7,0,1,4,1,0.3333333333333333,0.41666666666666663,-5.545009081338703e-16,-0.41666666666666663,-0.2777777777777778,0.325422400434628,0.6901856760188041,-0.14872947946598028,0.03793678112380475,0.0,-1.1102230246251565e-16,0.05288461538461542,0.03525641025641024,0.15384615384615385,0.15384615384615385
50,70,5,bg,4,3,4,4,0.7,0.3,bandit,9,1.0,0.875,4,2,0.3,1,0,4,1,0.3333333333333333,0.41666666666666663,0.9999999999999994,0.5833333333333334,0.7222222222222222,1.2809338454620642,0.0,-0.09878147980916833,0.0,0.0,0.0,0.0625,0.04166666666666663,0.09999999999999987,0.09999999999999987
50,70,5,bg,4,3,4,4,0.7,0.3,bandit,9,1.0,0.875,5,1,0.7,1,0,4,1,0.3333333333333333,0.34615384615384615,0.9999999999999994,0.6538461538461539,0.7692307692307692,1.466337068793427,0.0,-0.06641254138672094,0.0,0.0,0.0,0.07330133168467545,0.05833333333333335,0.033333333333333326,0.06666666666666654
50,70,5,bg,4,3,4,4,0.7,0.3,bandit,9,1.0,0.875,6,2,0.3,0,1,4,1,0.3333333333333333,0.5999999999999999,-0.7500000000000001,-0.5999999999999999,-0.39999999999999997,0.5108256237659905,0.6869615765973234,-0.06641254138672094,0.05538446170840032,0.03703703703703709,0.014814814814814836,0.10351811143668566,0.05833333333333335,0.033333333333333326,0.0
50,70,5,bg,4,3,4,4,0.7,0.3,bandit,9,1.0,0.875,7,1,0.7,1,0,4,1,0.3333333333333333,0.5333333333333333,0.5000000009897914,0.4666666666666667,0.6444444444444444,1.0340737675305383,0.0,-0.20400590700589533,0.0,0.0,0.0,0.047324062968474134,0.02517361111111094,0.14583333333333326,0.11249999999999993
50,70,5,bg,4,3,4,4,0.7,0.3,bandit,9,1.0,0.875,8,2,0.3,1,0,4,1,0.3333333333333333,0.5333333333333333,0.5000000009897914,0.4666666666666667,0.6444444444444444,1.0340737675305383,0.0,-0.20400590700589533,0.0,0.0,0.0,0.0909255551882544,0.02517361111111105,0.14583333333333326,0.0
50,70,5,bg,4,3,4,4,0.7,0.3,bandit,9,1.0,0.875,9,2,0.3,0,0,4,1,0.3333333333333333,0.6458333333333333,-0.7499999978409456,-0.6458333333333333,-0.43055555555555564,0.5630940523117476,0.6785008770139085,-0.1571350842422471,0.053167047747771534,0.0,0.0,0.06638659553189297,0.03585946573751453,0.09059233449477355,0.05524099883855971
50,70,5,bg,4,3,4,4,0.7,0.3,bandit,9,1.0,0.875,10,1,0.7,1,0,4,1,0.3333333333333333,0.6458333333333333,0.2500000021590544,0.35416666666666674,0.5694444444444444,0.8426789145309089,0.0,-0.37092869552988844,0.0,0.0,0.0,0.03434740674954395,0.011040706605222717,0.21889400921658986,0.1283016747218163
50,70,5,bg,4,3,4,4,0.7,0.3,bandit,9,1.0,0.875,11,2,0.3,0,0,4,1,0.3333333333333333,0.5905923344947736,-0.5999999972964525,-0.5905923344947736,-0.3937282229965158,0.5004269165450922,0.6881771822372582,-0.15234512269821188,0.04329848222372032,0.0,0.008301404853128802,0.026278521960274248,0.04831178160919536,0.03735632183908055,0.1815376873775093
50,70,5,bg,4,3,4,4,0.7,0.3,bandit,9,1.0,0.875,12,2,0.3,0,1,4,1,0.3333333333333333,0.5373563218390806,-0.49999999874887274,-0.5373563218390806,-0.35823754789272033,0.4435370560575723,0.6923940398076736,-0.17975900900527403,0.03407290818339537,0.0,0.012935323383084563,0.01674410088786038,0.05417357656163624,0.011608623548922004,0.23050263276551186
50,70,5,bg,4,3,4,4,0.7,0.3,bandit,9,1.0,0.875,13,1,0.7,1,0,4,1,0.3333333333333333,0.7188940092165899,0.09999999556329087,0.28110599078341014,0.5207373271889401,0.7355064543990868,0.0,-0.53368064707241,0.0,0.0,0.0,0.007361778846153855,0.004907852564102533,0.26923076923076916,0.26923076923076916
50,70,5,bg,4,3,4,4,0.7,0.3,bandit,9,1.0,0.875,14,2,0.3,0,0,4,1,0.3333333333333333,0.488391376451078,-0.42857142831688716,-0.488391376451078,-0.32559425096738537,0.393923347667993,0.6930813365993375,-0.22800730239285252,0.026290814189475292,0.0,0.0,0.005921929110665136,0.03924009562841535,0.055163934426229466,0.32439470365699863
50,70,5,bg,4,3,4,4,0.7,0.3,bandit,9,1.0,0.875,15,1,0.7,0,1,4,1,0.3333333333333333,0.7692307692307692,-0.999999984947842,-0.7692307692307692,-0.5128205128205129,0.7191226669632061,0.6236548495681085,-0.4271890325390061,0.059861143712770515,-1.1102230246251565e-16,0.0,0.011627375730994038,0.007751583820662877,0.23099415204678364,0.23099415204678364
50,70,5,bg,4,3,4,4,0.7,0.3,bandit,9,1.0,0.875,16,2,0.3,0,1,4,1,0.3333333333333333,0.44483606557377053,-0.3749999995045847,-0.44483606557377053,-0.2965573770491804,0.351768965169878,0.6917799599357861,-0.2874591223088541,0.020170902342174335,1.1102230246251565e-16,0.0,0.005351396926013718,0.027988902071283794,0.0931336200504227,0.32412777209720633
50,70,5,bg,4,3,4,4,0.7,0.3,bandit,9,1.0,0.875,17,1,0.7,1,0,4,1,0.3333333333333333,0.7309941520467836,0.14285714272308225,0.26900584795321636,0.5126705653021442,0.7188149273085229,0.0,-0.5675720130244422,2.220446049250313e-16,0.0,0.0,0.005406249999999946,0.0036041666666665195,0.274,0.274
50,70,5,bg,4,3,4,4,0.7,0.3,bandit,9,1.0,0.875,18,2,0.3,1,0,4,1,0.3333333333333333,0.4068663799495773,0.6666666665823582,0.5931336200504227,0.7287557467002818,1.3047355603437163,0.0,-0.26836275621598926,0.0,0.0,0.0,0.006992838635362486,0.050118461818844384,0.0050118461818845494,0.27901184618188457
50,70,5,bg,4,3,4,4,0.7,0.3,bandit,9,1.0,0.875,19,2,0.3,0,1,4,1,0.3333333333333333,0.49498815381811545,-0.4500000039841043,-0.49498815381811545,-0.3299921025454104,0.4004657794209383,0.6931347461577707,-0.31212799067102276,0.021486506368508185,0.0,-1.1102230246251565e-16,0.00418333038098484,0.037548299239068994,0.04076316285038739,0.3147631628503874
50,70,5,bg,4,3,4,4,0.7,0.3,bandit,9,1.0,0.875,20,1,0.7,1,0,4,1,0.3333333333333333,0.774,0.06250000721645377,0.22599999999999998,0.484,0.6616485135005743,0.0,-0.7011921412561951,-1.1102230246251565e-16,0.0,0.0,0.002518829281183965,0.0016792195207893101,0.3065539112050739,0.3065539112050739
51,110,9,gb,2,3,0,0,0.7,0.3,bandit,7,0.0,0.625,1,2,0.3,0,1,2,1,0.3333333333333333,0.5,NaN,-0.5,-0.33333333333333337,0.40546510810816444,0.6931471805599453,-0.04279164419167801,0.05378194606599736,0.0,0.0,0.08333333333333337,0.05555555555555547,0.08333333333333337,0.08333333333333337
51,110,9,gb,2,3,0,0,0.7,0.3,bandit,7,0.0,0.625,2,1,0.7,0,1,1,1,0.3333333333333333,0.5,NaN,-0.5,-0.33333333333333337,0.40546510810816444,0.6931471805599453,-0.04279164419167801,0.05378194606599736,0.0,-1.1102230246251565e-16,0.08333333333333337,0.05555555555555547,0.08333333333333337,0.08333333333333337
51,110,9,gb,2,3,0,0,0.7,0.3,bandit,7,0.0,0.625,3,2,0.3,0,0,2,1,0.3333333333333333,0.41666666666666663,-5.545009081338703e-16,-0.41666666666666663,-0.2777777777777778,0.325422400434628,0.6901856760188041,-0.14872947946598028,0.03793678112380475,0.0,0.0,0.05288461538461542,0.03525641025641024,0.15384615384615385,0.15384615384615385
51,110,9,gb,2,3,0,0,0.7,0.3,bandit,7,0.0,0.625,4,2,0.3,0,0,2,1,0.3333333333333333,0.34615384615384615,-5.545009081338703e-16,-0.34615384615384615,-0.2307692307692308,0.2623642644674911,0.6842317651303003,-0.2844497338353375,0.0257813362644152,0.0,-1.1102230246251565e-16,0.03249999999999997,0.021666666666666723,0.21000000000000002,0.21000000000000002
51,110,9,gb,2,3,0,0,0.7,0.3,bandit,7,0.0,0.625,5,1,0.7,1,0,1,1,0.3333333333333333,0.41666666666666663,0.9999999999999994,0.5833333333333334,0.7222222222222222,1.2809338454620642,0.0,-0.09878147980916833,0.0,0.0,0.0,0.0625,0.04166666666666652,0.09999999999999987,0.09999999999999987
51,110,9,gb,2,3,0,0,0.7,0.3,bandit,7,0.0,0.625,6,2,0.3,0,0,1,1,0.3333333333333333,0.29,-5.545009081338703e-16,-0.29,-0.19333333333333338,0.21484474849951468,0.6780102022798757,-0.42625540231422954,0.017393591340592762,0.0,-1.1102230246251565e-16,0.009714952616282413,0.01308539944903575,0.2534435261707989,0.35344352617079877
51,110,9,gb,2,3,0,0,0.7,0.3,bandit,7,0.0,0.625,7,1,0.7,0,1,2,1,0.3333333333333333,0.5999999999999999,-0.7500000000000001,-0.5999999999999999,-0.39999999999999997,0.5108256237659905,0.6869615765973234,-0.06641254138672094,0.05538446170840032,0.022222222222222254,0.014814814814814947,0.08750000000000002,0.05833333333333335,0.033333333333333326,0.033333333333333326
51,110,9,gb,2,3,0,0,0.7,0.3,bandit,7,0.0,0.625,8,1,0.7,1,0,1,1,0.3333333333333333,0.5333333333333333,0.5000000009897914,0.4666666666666667,0.6444444444444444,1.0340737675305383,0.0,-0.20400590700589533,0.0,0.0,0.0,0.03776041666666674,0.02517361111111105,0.14583333333333326,0.14583333333333326
51,110,9,gb,2,3,0,0,0.7,0.3,bandit,7,0.0,0.625,9,1,0.7,0,0,2,1,0.3333333333333333,0.6458333333333333,-0.7499999978409456,-0.6458333333333333,-0.43055555555555564,0.5630940523117476,0.6785008770139085,-0.1571350842422471,0.053167047747771534,-1.1102230246251565e-16,0.0,0.05378919860627185,0.03585946573751442,0.09059233449477355,0.09059233449477355
51,110,9,gb,2,3,0,0,0.7,0.3,bandit,7,0.0,0.625,10,1,0.7,0,1,2,1,0.3333333333333333,0.5905923344947736,-0.5999999972964525,-0.5905923344947736,-0.3937282229965158,0.5004269165450922,0.6881771822372582,-0.15234512269821188,0.04329848222372032,0.01245210727969337,0.008301404853128913,0.07246767241379304,0.04831178160919536,0.03735632183908055,0.03735632183908055
51,110,9,gb,2,3,0,0,0.7,0.3,bandit,7,0.0,0.625,11,2,0.3,0,0,2,1,0.3333333333333333,0.2465564738292011,-5.545009081338703e-16,-0.2465564738292011,-0.16437098255280075,0.17957052342206484,0.6725635843867588,-0.5618791256690523,0.011912734212403908,1.1102230246251565e-16,1.1102230246251565e-16,0.008887149460722887,0.00784929356357944,0.28689167974882257,0.3242480015879031
51,110,9,gb,2,3,0,0,0.7,0.3,bandit,7,0.0,0.625,12,1,0.7,1,0,1,1,0.3333333333333333,0.5373563218390806,0.5000000012511272,0.46264367816091945,0.6417624521072797,1.026558971028052,0.0,-0.2370012027813298,0.0,0.0,0.0,0.03591986036838957,0.023946573578926378,0.12507427213309563,0.12507427213309563
51,110,9,gb,2,3,0,0,0.7,0.3,bandit,7,0.0,0.625,13,1,0.7,1,0,1,1,0.3333333333333333,0.6250742721330956,0.35714285709345506,0.37492572786690437,0.5832838185779361,0.875349909001315,0.0,-0.34999996982775033,-2.220446049250313e-16,-1.1102230246251565e-16,0.0,0.01754099334600745,0.011693995564005077,0.1901140684410646,0.1901140684410646
51,110,9,gb,2,3,0,0,0.7,0.3,bandit,7,0.0,0.625,14,1,0.7,0,1,1,1,0.3333333333333333,0.6901140684410646,-0.7500000000353702,-0.6901140684410646,-0.4600760456273765,0.6163269745765039,0.6653365453438909,-0.3039203486812426,0.04777956620255053,0.0,-1.1102230246251565e-16,0.025258082586427477,0.016838721724285133,0.14820742637644047,0.14820742637644047
51,110,9,gb,2,3,0,0,0.7,0.3,bandit,7,0.0,0.625,15,1,0.7,1,0,1,1,0.3333333333333333,0.6482074263764405,0.33333333315397573,0.35179257362355953,0.5678617157490397,0.8390096395271014,0.0,-0.40314200060979377,0.0,-1.1102230246251565e-16,0.0,0.012765239197530698,0.00851015946502054,0.20246913580246917,0.20246913580246917
51,110,9,gb,2,3,0,0,0.7,0.3,bandit,7,0.0,0.625,16,1,0.7,1,0,1,1,0.3333333333333333,0.7024691358024692,0.2499999997469049,0.29753086419753083,0.5316872427983539,0.7586189216483179,0.0,-0.5103029326983979,0.0,0.0,0.0,0.006364488982019578,0.004242992654679645,0.24523455454914145,0.24523455454914145
51,110,9,gb,2,3,0,0,0.7,0.3,bandit,7,0.0,0.625,17,1,0.7,0,1,2,1,0.3333333333333333,0.7452345545491414,-0.818181818168654,-0.7452345545491414,-0.4968230363660944,0.6868133543856716,0.6393919868411735,-0.4482857932133263,0.04854878038290705,0.0,0.0,0.009545754130843576,0.006363836087229013,0.2115797958087049,0.2115797958087049
51,110,9,gb,2,3,0,0,0.7,0.3,bandit,7,0.0,0.625,18,1,0.7,1,0,2,1,0.3333333333333333,0.7115797958087049,0.2499999990551962,0.2884202041912951,0.5256134694608634,0.7457328243257791,0.0,-0.5430704256123912,-1.1102230246251565e-16,0.0,0.0,0.004874344164936151,0.0032495627766239155,0.24960669561386917,0.24960669561386917
51,110,9,gb,2,3,0,0,0.7,0.3,bandit,7,0.0,0.625,19,1,0.7,0,1,2,1,0.3333333333333333,0.7496066956138692,-0.8076923113585709,-0.7496066956138692,-0.4997377970759129,0.692622912164466,0.6367560935751608,-0.48763388834923316,0.04603578226063587,-1.1102230246251565e-16,1.1102230246251565e-16,0.007286870322130934,0.0048579135480874,0.21852069269151742,0.21852069269151742
51,110,9,gb,2,3,0,0,0.7,0.3,bandit,7,0.0,0.625,20,2,0.3,0,0,1,1,0.3333333333333333,0.2131083202511774,-5.545009081338703e-16,-0.2131083202511774,-0.14207221350078494,0.1532353479555701,0.668087395200138,-0.6867749400135641,0.008393123717155504,0.0,-1.1102230246251565e-16,0.0008607902962921576,0.004707990240927051,0.312900274473925,0.5314209671654424
52,105,8,bg,2,3,0,0,0.7,0.3,bandit,6,0.0,0.625,1,2,0.3,0,0,3,1,0.3333333333333333,0.5,NaN,-0.5,-0.33333333333333337,0.40546510810816444,0.6931471805599453,-0.04279164419167801,0.05378194606599736,0.0,0.0,0.08333333333333337,0.05555555555555547,0.08333333333333337,0.08333333333333337
52,105,8,bg,2,3,0,0,0.7,0.3,bandit,6,0.0,0.625,2,1,0.7,0,1,3,1,0.3333333333333333,0.5,NaN,-0.5,-0.33333333333333337,0.40546510810816444,0.6931471805599453,-0.04279164419167801,0.05378194606599736,0.0,-1.1102230246251565e-16,0.08333333333333337,0.05555555555555547,0.08333333333333337,0.08333333333333337
52,105,8,bg,2,3,0,0,0.7,0.3,bandit,6,0.0,0.625,3,2,0.3,0,1,4,1,0.3333333333333333,0.41666666666666663,-5.545009081338703e-16,-0.41666666666666663,-0.2777777777777778,0.325422400434628,0.6901856760188041,-0.14872947946598028,0.03793678112380475,0.0,0.0,0.05288461538461542,0.03525641025641024,0.15384615384615385,0.15384615384615385
52,105,8,bg,2,3,0,0,0.7,0.3,bandit,6,0.0,0.625,4,1,0.7,0,1,4,1,0.3333333333333333,0.41666666666666663,-5.545009081338703e-16,-0.41666666666666663,-0.2777777777777778,0.325422400434628,0.6901856760188041,-0.14872947946598028,0.03793678112380475,0.0,1.1102230246251565e-16,0.05288461538461542,0.03525641025641024,0.15384615384615385,0.15384615384615385
52,105,8,bg,2,3,0,0,0.7,0.3,bandit,6,0.0,0.625,5,2,0.3,0,0,4,1,0.3333333333333333,0.34615384615384615,-5.545009081338703e-16,-0.34615384615384615,-0.2307692307692308,0.2623642644674911,0.6842317651303003,-0.2844497338353375,0.0257813362644152,0.0,0.0,0.03249999999999997,0.021666666666666612,0.21000000000000002,0.21000000000000002
52,105,8,bg,2,3,0,0,0.7,0.3,bandit,6,0.0,0.625,6,1,0.7,0,1,4,1,0.3333333333333333,0.34615384615384615,-5.545009081338703e-16,-0.34615384615384615,-0.2307692307692308,0.2623642644674911,0.6842317651303003,-0.2844497338353375,0.0257813362644152,0.0,0.0,0.03249999999999997,0.021666666666666723,0.21000000000000002,0.21000000000000002
52,105,8,bg,2,3,0,0,0.7,0.3,bandit,6,0.0,0.625,7,2,0.3,0,0,4,1,0.3333333333333333,0.29,-5.545009081338703e-16,-0.29,-0.19333333333333338,0.21484474849951468,0.6780102022798757,-0.42625540231422954,0.017393591340592762,0.0,0.0,0.01962809917355368,0.013085399449035862,0.2534435261707989,0.2534435261707989
52,105,8,bg,2,3,0,0,0.7,0.3,bandit,6,0.0,0.625,8,1,0.7,0,1,4,1,0.3333333333333333,0.29,-5.545009081338703e-16,-0.29,-0.19333333333333338,0.21484474849951468,0.6780102022798757,-0.42625540231422954,0.017393591340592762,0.0,0.0,0.01962809917355368,0.013085399449035862,0.2534435261707989,0.2534435261707989
52,105,8,bg,2,3,0,0,0.7,0.3,bandit,6,0.0,0.625,9,2,0.3,0,0,4,1,0.3333333333333333,0.2465564738292011,-5.545009081338703e-16,-0.2465564738292011,-0.16437098255280075,0.17957052342206484,0.6725635843867588,-0.5618791256690523,0.011912734212403908,0.0,-1.1102230246251565e-16,0.011773940345368938,0.00784929356357933,0.28689167974882257,0.28689167974882257
52,105,8,bg,2,3,0,0,0.7,0.3,bandit,6,0.0,0.625,10,1,0.7,1,0,4,1,0.3333333333333333,0.2465564738292011,0.9999999999999994,0.7534435261707989,0.8356290174471992,1.8056293170922053,0.0,-0.145217675089551,0.0,0.0,0.0,0.059557063048683245,0.039704708699122127,0.08339984038308051,0.08339984038308051
52,105,8,bg,2,3,0,0,0.7,0.3,bandit,6,0.0,0.625,11,2,0.3,0,1,3,1,0.3333333333333333,0.2131083202511774,-5.545009081338703e-16,-0.2131083202511774,-0.14207221350078494,0.1532353479555701,0.668087395200138,-0.6867749400135641,0.008393123717155504,0.0,1.1102230246251565e-16,0.007061985361390688,0.004707990240927273,0.312900274473925,0.312900274473925
52,105,8,bg,2,3,0,0,0.7,0.3,bandit,6,0.0,0.625,12,1,0.7,1,0,3,1,0.3333333333333333,0.4166001596169195,0.6999999990129862,0.5833998403830805,0.722266560255387,1.2810934751215937,0.0,-0.15234512269821188,0.0,0.0,0.0,0.07246767241379304,0.04831178160919547,0.03735632183908055,0.03735632183908055
52,105,8,bg,2,3,0,0,0.7,0.3,bandit,6,0.0,0.625,13,2,0.3,1,0,2,1,0.3333333333333333,0.187099725526075,0.9999999999999994,0.812900274473925,0.8752668496492833,2.0815786208018463,0.0,-0.3092008770384171,0.0,0.0,0.0,0.020301475198901797,0.01785633432943945,0.1685683238250475,0.20592464566412805
52,105,8,bg,2,3,0,0,0.7,0.3,bandit,6,0.0,0.625,14,1,0.7,1,0,2,1,0.3333333333333333,0.5373563218390806,0.5000000012511272,0.46264367816091945,0.6417624521072797,1.026558971028052,0.0,-0.2370012027813298,0.0,0.0,0.0,0.03591986036838957,0.023946573578926378,0.12507427213309563,0.12507427213309563
52,105,8,bg,2,3,0,0,0.7,0.3,bandit,6,0.0,0.625,15,2,0.3,0,1,3,1,0.3333333333333333,0.3314316761749525,-0.21428571120777382,-0.3314316761749525,-0.22095445078330167,0.24968576342578275,0.6827064730455019,-0.3957106648283263,0.012973104587097994,0.0,0.0,0.00584016040215285,0.011791429346352023,0.2007323026851099,0.3258065748182055
52,105,8,bg,2,3,0,0,0.7,0.3,bandit,6,0.0,0.625,16,1,0.7,1,0,2,1,0.3333333333333333,0.6250742721330956,0.35714285709345506,0.37492572786690437,0.5832838185779361,0.875349909001315,0.0,-0.34999996982775033,-2.220446049250313e-16,-1.1102230246251565e-16,0.0,0.01754099334600745,0.011693995564004966,0.1901140684410646,0.1901140684410646
52,105,8,bg,2,3,0,0,0.7,0.3,bandit,6,0.0,0.625,17,2,0.3,0,0,3,1,0.3333333333333333,0.2992676973148901,-0.18750000906663172,-0.2992676973148901,-0.19951179820992682,0.22253348520479543,0.6791076299320256,-0.4791391417344011,0.009841753851782098,0.0,0.0,0.0016348595548471012,0.007754409309603361,0.22754994548041918,0.4176640139214838
52,105,8,bg,2,3,0,0,0.7,0.3,bandit,6,0.0,0.625,18,1,0.7,0,0,3,1,0.3333333333333333,0.6901140684410646,-0.7500000000353702,-0.6901140684410646,-0.4600760456273765,0.6163269745765039,0.6653365453438909,-0.3039203486812426,0.04777956620255053,0.0,0.0,0.025258082586427477,0.016838721724285022,0.14820742637644047,0.14820742637644047
52,105,8,bg,2,3,0,0,0.7,0.3,bandit,6,0.0,0.625,19,2,0.3,0,0,4,1,0.3333333333333333,0.2724500545195808,-0.16666666645717676,-0.2724500545195808,-0.18163336967972057,0.20044483946697295,0.6758665393660739,-0.5580527251703007,0.007640859362410546,0.0,1.1102230246251565e-16,0.0015129596939664758,0.0050915366259419725,0.25010350564199846,0.3983109320184389
52,105,8,bg,2,3,0,0,0.7,0.3,bandit,6,0.0,0.625,20,1,0.7,1,0,2,1,0.3333333333333333,0.6482074263764405,0.33333333315397573,0.35179257362355953,0.5678617157490397,0.8390096395271014,0.0,-0.40314200060979377,0.0,-1.1102230246251565e-16,0.0,0.012765239197530698,0.00851015946502054,0.20246913580246917,0.20246913580246917
53,97,8,gb,2,3,1,3,0.3,0.7,bandit,5,0.625,0.5,1,1,0.3,0,1,4,1,0.3333333333333333,0.5,NaN,-0.5,-0.33333333333333337,0.40546510810816444,0.6931471805599453,-0.04279164419167801,0.05378194606599736,0.0,0.0,0.08333333333333337,0.05555555555555547,0.08333333333333337,0.08333333333333337
53,97,8,gb,2,3,1,3,0.3,0.7,bandit,5,0.625,0.5,2,2,0.7,0,0,4,1,0.3333333333333333,0.5,NaN,-0.5,-0.33333333333333337,0.40546510810816444,0.6931471805599453,-0.04279164419167801,0.05378194606599736,0.0,-1.1102230246251565e-16,0.08333333333333337,0.05555555555555547,0.08333333333333337,0.08333333333333337
53,97,8,gb,2,3,1,3,0.3,0.7,bandit,5,0.625,0.5,3,1,0.3,0,1,4,1,0.3333333333333333,0.41666666666666663,-5.545009081338703e-16,-0.41666666666666663,-0.2777777777777778,0.325422400434628,0.6901856760188041,-0.14872947946598028,0.03793678112380475,0.0,-1.1102230246251565e-16,0.05288461538461542,0.03525641025641024,0.15384615384615385,0.15384615384615385
53,97,8,gb,2,3,1,3,0.3,0.7,bandit,5,0.625,0.5,4,2,0.7,0,0,4,1,0.3333333333333333,0.41666666666666663,-5.545009081338703e-16,-0.41666666666666663,-0.2777777777777778,0.325422400434628,0.6901856760188041,-0.14872947946598028,0.03793678112380475,0.0,1.1102230246251565e-16,0.05288461538461542,0.03525641025641024,0.15384615384615385,0.15384615384615385
53,97,8,gb,2,3,1,3,0.3,0.7,bandit,5,0.625,0.5,5,1,0.3,0,0,4,1,0.3333333333333333,0.34615384615384615,-5.545009081338703e-16,-0.34615384615384615,-0.2307692307692308,0.2623642644674911,0.6842317651303003,-0.2844497338353375,0.0257813362644152,0.0,0.0,0.03249999999999997,0.021666666666666612,0.21000000000000002,0.21000000000000002
53,97,8,gb,2,3,1,3,0.3,0.7,bandit,5,0.625,0.5,6,2,0.7,1,0,1,1,0.3333333333333333,0.34615384615384615,0.9999999999999994,0.6538461538461539,0.7692307692307692,1.466337068793427,0.0,-0.06641254138672094,0.0,0.0,0.0,0.08750000000000002,0.05833333333333335,0.033333333333333326,0.033333333333333326
53,97,8,gb,2,3,1,3,0.3,0.7,bandit,5,0.625,0.5,7,1,0.3,1,0,1,1,0.3333333333333333,0.29,0.9999999999999994,0.71,0.8066666666666666,1.6433394641097814,0.0,-0.08739425626637275,0.0,0.0,0.0,0.0724527588674233,0.05747126436781613,0.02873563218390801,0.06206896551724134
53,97,8,gb,2,3,1,3,0.3,0.7,bandit,5,0.625,0.5,8,2,0.7,0,1,4,1,0.3333333333333333,0.5333333333333333,-0.4999999990102087,-0.5333333333333333,-0.3555555555555556,0.4393666597838458,0.6925525323607233,-0.08739425626637275,0.04314031141012996,0.01724137931034475,0.011494252873563204,0.08620689655172409,0.05747126436781602,0.02873563218390801,0.02873563218390801
53,97,8,gb,2,3,1,3,0.3,0.7,bandit,5,0.625,0.5,9,1,0.3,1,0,4,1,0.3333333333333333,0.471264367816092,0.6249999949751466,0.5287356321839081,0.6858237547892719,1.15780116005844,0.0,-0.1571350842422471,0.0,0.0,0.0,0.05378919860627185,0.03585946573751442,0.09059233449477355,0.09059233449477355
53,97,8,gb,2,3,1,3,0.3,0.7,bandit,5,0.625,0.5,10,2,0.7,0,0,4,1,0.3333333333333333,0.471264367816092,-0.37500000502485337,-0.471264367816092,-0.31417624521072807,0.37713460148193856,0.6927570046594116,-0.145217675089551,0.03231445903788896,0.0,1.1102230246251565e-16,0.03396898540911075,0.039704708699122127,0.08339984038308051,0.17399217487785407
53,97,8,gb,2,3,1,3,0.3,0.7,bandit,5,0.625,0.5,11,1,0.3,0,0,4,1,0.3333333333333333,0.5905923344947736,-0.5999999972964525,-0.5905923344947736,-0.3937282229965158,0.5004269165450922,0.6881771822372582,-0.15234512269821188,0.04329848222372032,0.01245210727969337,0.008301404853128802,0.07246767241379304,0.04831178160919525,0.03735632183908055,0.03735632183908055
53,97,8,gb,2,3,1,3,0.3,0.7,bandit,5,0.625,0.5,12,2,0.7,0,0,3,1,0.3333333333333333,0.4166001596169195,-0.30000000098701385,-0.4166001596169195,-0.277733439744613,0.3253610111961422,0.6901813069103601,-0.22325417073184692,0.023753989707684525,0.0,0.0,0.031410532329110064,0.026818600368324175,0.1298342541436464,0.16719057598272696
53,97,8,gb,2,3,1,3,0.3,0.7,bandit,5,0.625,0.5,13,1,0.3,0,1,4,1,0.3333333333333333,0.5373563218390806,-0.49999999874887274,-0.5373563218390806,-0.35823754789272033,0.4435370560575723,0.6923940398076736,-0.17975900900527403,0.03407290818339537,0.0194029850746269,0.012935323383084563,0.08126036484245436,0.05417357656163624,0.011608623548922004,0.011608623548922004
53,97,8,gb,2,3,1,3,0.3,0.7,bandit,5,0.625,0.5,14,2,0.7,1,0,4,1,0.3333333333333333,0.3701657458563536,0.7499999986405539,0.6298342541436464,0.7532228360957642,1.3992695199830236,0.0,-0.17975900900527403,0.0,0.0,0.0,0.08126036484245436,0.05417357656163635,0.011608623548922004,0.011608623548922004
53,97,8,gb,2,3,1,3,0.3,0.7,bandit,5,0.625,0.5,15,1,0.3,0,1,4,1,0.3333333333333333,0.488391376451078,-0.42857142831688716,-0.488391376451078,-0.32559425096738537,0.393923347667993,0.6930813365993375,-0.22800730239285252,0.026290814189475292,0.0,-1.1102230246251565e-16,0.058860143442623025,0.03924009562841524,0.055163934426229466,0.055163934426229466
53,97,8,gb,2,3,1,3,0.3,0.7,bandit,5,0.625,0.5,16,2,0.7,1,0,4,1,0.3333333333333333,0.488391376451078,0.5714285716831129,0.511608623548922,0.6744057490326146,1.1221033017437083,0.0,-0.2228608825806698,0.0,0.0,0.0,0.04905029711375197,0.032700198075834686,0.07860780984719873,0.07860780984719873
53,97,8,gb,2,3,1,3,0.3,0.7,bandit,5,0.625,0.5,17,1,0.3,0,0,4,1,0.3333333333333333,0.44483606557377053,-0.3749999995045847,-0.44483606557377053,-0.2965573770491804,0.351768965169878,0.6917799599357861,-0.2874591223088541,0.020170902342174335,0.0,0.0,0.023104565672562916,0.027988902071283794,0.0931336200504227,0.17174142989762142
53,97,8,gb,2,3,1,3,0.3,0.7,bandit,5,0.625,0.5,18,2,0.7,0,0,4,1,0.3333333333333333,0.5786078098471987,-0.5624999999949906,-0.5786078098471987,-0.38573853989813256,0.48733461069039213,0.6895034991417228,-0.23609603900380247,0.03414268066623968,0.007755833626480468,0.005170555750986905,0.0639911239258254,0.042660749283883526,0.034901251319161775,0.034901251319161775
53,97,8,gb,2,3,1,3,0.3,0.7,bandit,5,0.625,0.5,19,1,0.3,0,1,4,1,0.3333333333333333,0.4068663799495773,-0.33333333341764176,-0.4068663799495773,-0.27124425329971824,0.31641665565345756,0.6895133632202006,-0.35142856931129185,0.0155607835443628,0.0,0.0,0.0223263487118609,0.019752238502238506,0.1259327092660426,0.16083396058520438
53,97,8,gb,2,3,1,3,0.3,0.7,bandit,5,0.625,0.5,20,2,0.7,0,1,4,1,0.3333333333333333,0.5349012513191618,-0.4999999984995474,-0.5349012513191618,-0.35660083421277455,0.44098996074748675,0.692493142237828,-0.26836275621598926,0.027180458416647624,0.018081699601655843,0.012054466401103858,0.0751776927282668,0.050118461818844495,0.0050118461818845494,0.0050118461818845494
54,105,8,bg,3,2,4,2,0.3,0.7,tycoon,13,0.625,0.75,1,1,0.3,1,0,3,2,0.3333333333333333,0.5,NaN,0.5,0.33333333333333326,0.4054651081081643,0.6931471805599453,-0.042791644191678,0.05378194606599747,0.0,-1.1102230246251565e-16,0.08333333333333348,0.05555555555555547,0.08333333333333326,0.08333333333333326
54,105,8,bg,3,2,4,2,0.3,0.7,tycoon,13,0.625,0.75,2,2,0.7,1,1,4,2,0.3333333333333333,0.5,NaN,0.5,0.33333333333333326,0.4054651081081643,0.6931471805599453,-0.042791644191678,0.05378194606599747,0.04166666666666674,1.1102230246251565e-16,0.11815201177425982,0.05555555555555547,0.08333333333333326,0.0
54,105,8,bg,3,2,4,2,0.3,0.7,tycoon,13,0.625,0.75,3,1,0.3,1,1,4,2,0.3333333333333333,0.5833333333333333,1.505215796449022e-8,0.41666666666666674,0.2777777777777778,0.325422400434628,0.6901856760188042,-0.14872947946598028,0.0379367811238048,1.1102230246251565e-16,0.0,0.07870741894476108,0.03525641025641035,0.15384615384615385,0.0705128205128206
54,105,8,bg,3,2,4,2,0.3,0.7,tycoon,13,0.625,0.75,4,2,0.7,1,0,4,2,0.3333333333333333,0.5833333333333333,1.505215796449022e-8,0.41666666666666674,0.2777777777777778,0.325422400434628,0.6901856760188042,-0.14872947946598028,0.0379367811238048,0.032544378698224796,1.1102230246251565e-16,0.10639222329248454,0.03525641025641024,0.15384615384615385,0.0
54,105,8,bg,3,2,4,2,0.3,0.7,tycoon,13,0.625,0.75,5,1,0.3,0,0,3,2,0.3333333333333333,0.6538461538461539,-0.999999984947842,-0.6538461538461539,-0.7692307692307693,1.4663370687934272,0.0,-0.06641254138672092,0.0,0.0,0.0,0.032568046699056996,0.05833333333333346,0.033333333333333326,0.18717948717948718
54,105,8,bg,3,2,4,2,0.3,0.7,tycoon,13,0.625,0.75,6,2,0.7,0,0,3,2,0.3333333333333333,0.6538461538461539,-0.999999984947842,-0.6538461538461539,-0.7692307692307693,1.4663370687934272,0.0,-0.06641254138672092,0.0,0.0,0.0,0.08750000000000002,0.05833333333333335,0.033333333333333326,0.033333333333333326
54,105,8,bg,3,2,4,2,0.3,0.7,tycoon,13,0.625,0.75,7,1,0.3,0,0,3,2,0.3333333333333333,0.4666666666666667,-0.49999999847640864,-0.4666666666666667,-0.6444444444444445,1.0340737675305387,0.0,-0.2040059070058956,0.0,0.0,0.0,0.03776041666666674,0.02517361111111116,0.14583333333333331,0.14583333333333331
54,105,8,bg,3,2,4,2,0.3,0.7,tycoon,13,0.625,0.75,8,2,0.7,1,1,4,2,0.3333333333333333,0.4666666666666667,0.5000000015235914,0.5333333333333333,0.3555555555555555,0.43936665978384565,0.6925525323607233,-0.08739425626637266,0.043140311410130014,0.01724137931034475,0.011494252873563204,0.08620689655172409,0.05747126436781602,0.028735632183908066,0.028735632183908066
54,105,8,bg,3,2,4,2,0.3,0.7,tycoon,13,0.625,0.75,9,1,0.3,1,1,4,2,0.3333333333333333,0.3541666666666667,0.7500000004820603,0.6458333333333333,0.4305555555555556,0.5630940523117476,0.6785008770139087,-0.15713508424224704,0.05316704774777181,0.0,1.1102230246251565e-16,0.044180872328018594,0.03585946573751453,0.09059233449477344,0.11932796667868151
54,105,8,bg,3,2,4,2,0.3,0.7,tycoon,13,0.625,0.75,10,2,0.7,1,1,4,2,0.3333333333333333,0.5287356321839081,0.3749999994326757,0.47126436781609193,0.31417624521072796,0.3771346014819384,0.6927570046594116,-0.14521767508955086,0.03231445903788896,0.0,0.0,0.05955706304868302,0.039704708699122016,0.08339984038308068,0.08339984038308068
54,105,8,bg,3,2,4,2,0.3,0.7,tycoon,13,0.625,0.75,11,1,0.3,0,0,4,2,0.3333333333333333,0.40940766550522656,-0.3999999967452822,-0.40940766550522656,-0.6062717770034844,0.9320943970472808,0.0,-0.28542769031337345,0.0,0.0,0.0,0.01148228826345421,0.01668510324483774,0.17256637168141586,0.25596621206449655
54,105,8,bg,3,2,4,2,0.3,0.7,tycoon,13,0.625,0.75,12,2,0.7,1,0,4,2,0.3333333333333333,0.5833998403830807,0.3000000009825461,0.4166001596169193,0.27773343974461273,0.3253610111961419,0.6901813069103601,-0.22325417073184653,0.02375398970768486,-1.1102230246251565e-16,0.0,0.04022790055248604,0.026818600368323953,0.12983425414364647,0.12983425414364647
54,105,8,bg,3,2,4,2,0.3,0.7,tycoon,13,0.625,0.75,13,1,0.3,1,1,4,2,0.3333333333333333,0.32743362831858414,0.7500000038698826,0.6725663716814159,0.44837758112094384,0.5948914905258634,0.67123888203318,-0.23700120278132994,0.05044154348753846,0.0,0.0,0.010441280290998112,0.02394657357892649,0.12507427213309563,0.2549085262767421
54,105,8,bg,3,2,4,2,0.3,0.7,tycoon,13,0.625,0.75,14,2,0.7,1,0,4,2,0.3333333333333333,0.6298342541436465,0.2499999999460495,0.37016574585635353,0.24677716390423576,0.28339416389113375,0.6865299089505598,-0.30920087703841675,0.017446775436758433,0.0,0.0,0.026784501494159008,0.01785633432943934,0.1685683238250476,0.1685683238250476
54,105,8,bg,3,2,4,2,0.3,0.7,tycoon,13,0.625,0.75,15,1,0.3,0,0,3,2,0.3333333333333333,0.37492572786690437,-0.35714285711591753,-0.37492572786690437,-0.5832838185779363,0.8753499090013155,0.0,-0.3499999698277506,-3.3306690738754696e-16,0.0,0.0,0.0021793349878388435,0.011693995564005077,0.1901140684410646,0.3586823922661122
54,105,8,bg,3,2,4,2,0.3,0.7,tycoon,13,0.625,0.75,16,2,0.7,1,0,4,2,0.3333333333333333,0.6685683238250476,0.21428571422552145,0.3314316761749524,0.22095445078330167,0.24968576342578275,0.6827064730455019,-0.39571066482832595,0.012973104587098216,2.220446049250313e-16,1.1102230246251565e-16,0.017687144019527867,0.011791429346351912,0.20073230268510978,0.20073230268510978
54,105,8,bg,3,2,4,2,0.3,0.7,tycoon,13,0.625,0.75,17,1,0.3,1,0,4,2,0.3333333333333333,0.3098859315589354,0.7500000000338465,0.6901140684410646,0.46007604562737636,0.6163269745765037,0.6653365453438909,-0.30392034868124257,0.04777956620255086,0.0,0.0,0.0020229905110488167,0.016838721724285133,0.1482074263764404,0.3489397290615502
54,105,8,bg,3,2,4,2,0.3,0.7,tycoon,13,0.625,0.75,18,2,0.7,0,0,3,2,0.3333333333333333,0.7007323026851098,-0.8125000043900489,-0.7007323026851098,-0.8004882017900732,1.6118819055039784,0.0,-0.2874591223088539,0.0,0.0,0.0,0.04198335310692558,0.027988902071283683,0.0931336200504227,0.0931336200504227
54,105,8,bg,3,2,4,2,0.3,0.7,tycoon,13,0.625,0.75,19,1,0.3,0,0,3,2,0.3333333333333333,0.3517925736235596,-0.33333333817260785,-0.3517925736235596,-0.5678617157490398,0.8390096395271016,0.0,-0.403142000609794,-5.551115123125783e-17,0.0,0.0,0.004004718493350823,0.008510159465020761,0.2024691358024691,0.2956027558528918
54,105,8,bg,3,2,4,2,0.3,0.7,tycoon,13,0.625,0.75,20,2,0.7,1,1,4,2,0.3333333333333333,0.5931336200504227,0.33333333342038196,0.4068663799495773,0.27124425329971824,0.31641665565345756,0.6895133632202006,-0.3514285693112917,0.01556078354436291,1.1102230246251565e-16,1.1102230246251565e-16,0.029628357753357704,0.019752238502238506,0.1259327092660426,0.1259327092660426
55,98,8,bg,3,4,4,3,0.3,0.7,tycoon,16,0.875,0.875,1,1,0.3,1,0,3,2,0.3333333333333333,0.5,NaN,0.5,0.33333333333333326,0.4054651081081643,0.6931471805599453,-0.042791644191678,0.05378194606599747,0.0,-1.1102230246251565e-16,0.08333333333333348,0.05555555555555547,0.08333333333333326,0.08333333333333326
55,98,8,bg,3,4,4,3,0.3,0.7,tycoon,16,0.875,0.875,2,1,0.3,1,1,4,2,0.3333333333333333,0.5833333333333333,1.505215796449022e-8,0.41666666666666674,0.2777777777777778,0.325422400434628,0.6901856760188042,-0.14872947946598028,0.0379367811238048,1.1102230246251565e-16,1.1102230246251565e-16,0.05288461538461542,0.03525641025641024,0.15384615384615385,0.15384615384615385
55,98,8,bg,3,4,4,3,0.3,0.7,tycoon,16,0.875,0.875,3,2,0.7,1,1,4,2,0.3333333333333333,0.5,NaN,0.5,0.33333333333333326,0.4054651081081643,0.6931471805599453,-0.042791644191678,0.05378194606599747,0.0064102564102563875,0.0,0.08295402888526104,0.05555555555555558,0.08333333333333326,0.0705128205128206
55,98,8,bg,3,4,4,3,0.3,0.7,tycoon,16,0.875,0.875,4,1,0.3,1,1,4,2,0.3333333333333333,0.6538461538461539,1.505215796449022e-8,0.34615384615384615,0.23076923076923073,0.262364264467491,0.6842317651303003,-0.2844497338353375,0.025781336264415255,0.0,0.0,0.051144070332086344,0.021666666666666612,0.20999999999999996,0.1266666666666667
55,98,8,bg,3,4,4,3,0.3,0.7,tycoon,16,0.875,0.875,5,2,0.7,1,0,4,2,0.3333333333333333,0.5833333333333333,1.505215796449022e-8,0.41666666666666674,0.2777777777777778,0.325422400434628,0.6901856760188042,-0.14872947946598028,0.0379367811238048,0.002307692307692344,1.1102230246251565e-16,0.07662222209623404,0.03525641025641024,0.15384615384615385,0.05615384615384611
55,98,8,bg,3,4,4,3,0.3,0.7,tycoon,16,0.875,0.875,6,1,0.3,0,0,3,2,0.3333333333333333,0.71,-0.999999984947842,-0.71,-0.8066666666666668,1.6433394641097823,0.0,-0.08739425626637266,0.0,0.0,0.0,0.045008677278064124,0.05747126436781602,0.028735632183908066,0.1251105216622458
55,98,8,bg,3,4,4,3,0.3,0.7,tycoon,16,0.875,0.875,7,2,0.7,1,1,4,2,0.3333333333333333,0.6538461538461539,1.505215796449022e-8,0.34615384615384615,0.23076923076923073,0.262364264467491,0.6842317651303003,-0.2844497338353375,0.025781336264415255,0.0,-1.1102230246251565e-16,0.0382279054689435,0.021666666666666723,0.20999999999999996,0.1812643678160919
55,98,8,bg,3,4,4,3,0.3,0.7,tycoon,16,0.875,0.875,8,2,0.7,1,0,4,2,0.3333333333333333,0.71,1.505215796449022e-8,0.29000000000000004,0.19333333333333325,0.21484474849951454,0.6780102022798757,-0.42625540231422954,0.017393591340592707,1.1102230246251565e-16,0.0,0.023592811051332485,0.013085399449035862,0.2534435261707988,0.22470789398689073
55,98,8,bg,3,4,4,3,0.3,0.7,tycoon,16,0.875,0.875,9,2,0.7,1,1,4,2,0.3333333333333333,0.7534435261707988,1.505215796449022e-8,0.2465564738292012,0.1643709825528007,0.1795705234220647,0.6725635843867589,-0.5618791256690523,0.011912734212403908,-2.220446049250313e-16,-1.1102230246251565e-16,0.014489225148656693,0.007849293563579218,0.2868916797488228,0.2581560475649147
55,98,8,bg,3,4,4,3,0.3,0.7,tycoon,16,0.875,0.875,10,1,0.3,0,0,3,2,0.3333333333333333,0.5287356321839081,-0.6250000005673243,-0.5287356321839081,-0.685823754789272,1.1578011600584404,0.0,-0.15713508424224704,0.0,0.0,0.0,0.002606741363737619,0.03585946573751464,0.09059233449477344,0.37748401424359623
55,98,8,bg,3,4,4,3,0.3,0.7,tycoon,16,0.875,0.875,11,2,0.7,1,1,4,2,0.3333333333333333,0.7868916797488228,1.505215796449022e-8,0.2131083202511772,0.1420722135007848,0.15323534795556995,0.668087395200138,-0.6867749400135641,0.008393123717155504,1.1102230246251565e-16,1.1102230246251565e-16,0.007061985361390799,0.004707990240927162,0.3129002744739249,0.3129002744739249
55,98,8,bg,3,4,4,3,0.3,0.7,tycoon,16,0.875,0.875,12,1,0.3,1,0,4,2,0.3333333333333333,0.40940766550522656,0.6000000032547178,0.5905923344947734,0.39372822299651555,0.5004269165450919,0.6881771822372582,-0.15234512269821177,0.04329848222372057,0.0,0.008301404853129024,0.0024485768984531253,0.04831178160919547,0.037356321839080386,0.35025659631300526
55,98,8,bg,3,4,4,3,0.3,0.7,tycoon,16,0.875,0.875,13,2,0.7,1,0,4,2,0.3333333333333333,0.8129002744739249,1.505215796449022e-8,0.18709972552607512,0.12473315035071664,0.1332264680909814,0.6644720212248263,-0.8003011606766882,0.006115744334489359,1.1102230246251565e-16,0.0,0.00425135501355034,0.0028342366757000415,0.33346883468834676,0.33346883468834676
55,98,8,bg,3,4,4,3,0.3,0.7,tycoon,16,0.875,0.875,14,1,0.3,1,0,4,2,0.3333333333333333,0.4626436781609196,0.500000001677886,0.5373563218390804,0.3582375478927202,0.44353705605757215,0.6923940398076736,-0.17975900900527386,0.034072908183395534,0.0,0.012935323383084563,0.0023186728748090246,0.05417357656163624,0.011608623548922115,0.32186021113942465
55,98,8,bg,3,4,4,3,0.3,0.7,tycoon,16,0.875,0.875,15,1,0.3,0,0,4,2,0.3333333333333333,0.5116086235489221,-0.5714285738112165,-0.5116086235489221,-0.6744057490326147,1.1221033017437085,0.0,-0.2228608825806696,0.0,0.0,0.0,0.00045539158837448745,0.03270019807583491,0.07860780984719856,0.4120766445355453
55,98,8,bg,3,4,4,3,0.3,0.7,tycoon,16,0.875,0.875,16,2,0.7,1,1,4,2,0.3333333333333333,0.8334688346883468,1.505215796449022e-8,0.16653116531165324,0.11102077687443535,0.11768141480369698,0.6615437695984828,-0.9033679318738824,0.004608328505046111,-2.220446049250313e-16,-1.1102230246251565e-16,0.002573417335636763,0.0017156115570912123,0.35004572706025816,0.35004572706025816
55,98,8,bg,3,4,4,3,0.3,0.7,tycoon,16,0.875,0.875,17,2,0.7,1,0,4,2,0.3333333333333333,0.8500457270602582,1.505215796449022e-8,0.14995427293974184,0.09996951529316123,0.10532664433497851,0.6591458469017097,-0.9973043688130327,0.003579990216064477,-2.220446049250313e-16,-1.1102230246251565e-16,0.0015672919412251796,0.0010448612941501567,0.3636517594314642,0.3636517594314642
55,98,8,bg,3,4,4,3,0.3,0.7,tycoon,16,0.875,0.875,18,2,0.7,1,0,4,2,0.3333333333333333,0.8636517594314642,1.505215796449022e-8,0.13634824056853578,0.09089882704569052,0.09529888961831882,0.6571554989271757,-1.0834069179798427,0.0028554673241962814,-1.1102230246251565e-16,0.0,0.0009603660257643254,0.0006402440171761059,0.37500517463937466,0.37500517463937466
55,98,8,bg,3,4,4,3,0.3,0.7,tycoon,16,0.875,0.875,19,1,0.3,0,0,4,2,0.3333333333333333,0.42139219015280144,-0.43750000003265344,-0.42139219015280144,-0.6142614601018677,0.9525954968045907,0.0,-0.30392034868124257,0.0,0.0,0.0,1.6840669592510515e-5,0.016838721724285244,0.1482074263764404,0.5232126010158151
55,98,8,bg,3,4,4,3,0.3,0.7,tycoon,16,0.875,0.875,20,2,0.7,1,0,4,2,0.3333333333333333,0.8750051746393747,1.505215796449022e-8,0.12499482536062534,0.08332988357375015,0.0870076136226205,0.6554810080662075,-1.1627994962954111,0.00232890639671135,0.0,0.0,0.0005918607209443039,0.00039457381396290625,0.3846171215507359,0.3846171215507359
56,101,8,gb,2,2,2,2,0.7,0.3,bandit,9,0.5,0.5,1,1,0.7,1,0,1,1,0.3333333333333333,0.5,NaN,0.5,0.6666666666666666,1.0986122886681096,0.0,-0.19314718051535087,0.0,0.0,0.0,0.04166666666666663,0.02777777777777779,0.16666666666666663,0.16666666666666663
56,101,8,gb,2,2,2,2,0.7,0.3,bandit,9,0.5,0.5,2,2,0.3,0,0,1,1,0.3333333333333333,0.5,NaN,-0.5,-0.33333333333333337,0.40546510810816444,0.6931471805599453,-0.04279164419167801,0.05378194606599736,0.0,-1.1102230246251565e-16,0.033950621592853336,0.05555555555555536,0.08333333333333337,0.25
56,101,8,gb,2,2,2,2,0.7,0.3,bandit,9,0.5,0.5,3,1,0.7,1,0,1,1,0.3333333333333333,0.6666666666666666,1.505215796449022e-8,0.33333333333333337,0.5555555555555555,0.8109302162163285,0.0,-0.4319456220025852,0.0,0.0,0.0,0.01562500000000011,0.01041666666666663,0.2499999999999999,0.2499999999999999
56,101,8,gb,2,2,2,2,0.7,0.3,bandit,9,0.5,0.5,4,2,0.3,0,0,1,1,0.3333333333333333,0.41666666666666663,-5.545009081338703e-16,-0.41666666666666663,-0.2777777777777778,0.325422400434628,0.6901856760188041,-0.14872947946598028,0.03793678112380475,1.1102230246251565e-16,0.0,0.009915865384615419,0.03525641025641035,0.15384615384615385,0.40384615384615374
56,101,8,gb,2,2,2,2,0.7,0.3,bandit,9,0.5,0.5,5,1,0.7,1,0,1,1,0.3333333333333333,0.7499999999999999,1.505215796449022e-8,0.2500000000000001,0.5,0.6931471805599453,0.0,-0.6362943611237484,0.0,0.0,0.0,0.006249999999999978,0.004166666666666763,0.29999999999999993,0.29999999999999993
56,101,8,gb,2,2,2,2,0.7,0.3,bandit,9,0.5,0.5,6,1,0.7,0,1,1,1,0.3333333333333333,0.7999999999999999,-0.999999984947842,-0.7999999999999999,-0.5333333333333333,0.7621400520468967,0.5982695885852574,-0.4905612865201842,0.06747724005220695,0.0,0.0,0.010416666666666852,0.006944444444444531,0.26190476190476186,0.26190476190476186
56,101,8,gb,2,2,2,2,0.7,0.3,bandit,9,0.5,0.5,7,1,0.7,1,0,1,1,0.3333333333333333,0.7619047619047619,1.505215796449022e-8,0.23809523809523814,0.4920634920634921,0.6773988235918061,0.0,-0.6637676568013677,-3.3306690738754696e-16,-1.1102230246251565e-16,-1.1102230246251565e-16,0.0044642857142858094,0.0029761904761905766,0.3035714285714286,0.3035714285714286
56,101,8,gb,2,2,2,2,0.7,0.3,bandit,9,0.5,0.5,8,1,0.7,0,0,4,1,0.3333333333333333,0.8035714285714286,-0.999999984947842,-0.8035714285714286,-0.5357142857142858,0.7672551527136674,0.594880254188934,-0.53368064707241,0.06324782809164242,0.0,-1.1102230246251565e-16,0.007361778846153855,0.004907852564102533,0.26923076923076916,0.26923076923076916
56,101,8,gb,2,2,2,2,0.7,0.3,bandit,9,0.5,0.5,9,1,0.7,1,0,4,1,0.3333333333333333,0.7692307692307692,1.505215796449022e-8,0.23076923076923084,0.4871794871794871,0.6678293725756553,0.0,-0.6845306937246839,0.0,0.0,0.0,0.0033094618055555802,0.002206307870370239,0.3055555555555556,0.3055555555555556
56,101,8,gb,2,2,2,2,0.7,0.3,bandit,9,0.5,0.5,10,1,0.7,1,0,1,1,0.3333333333333333,0.8055555555555556,1.505215796449022e-8,0.19444444444444442,0.462962962962963,0.6216882165778005,0.0,-0.8223654972271377,1.1102230246251565e-16,1.1102230246251565e-16,0.0,0.0015018857758621884,0.0010012571839079776,0.3327586206896551,0.3327586206896551
56,101,8,gb,2,2,2,2,0.7,0.3,bandit,9,0.5,0.5,11,1,0.7,0,1,1,1,0.3333333333333333,0.8327586206896551,-0.999999984947842,-0.8327586206896551,-0.5551724137931036,0.8100685186188479,0.5630437302928857,-0.7011921412561951,0.0584628483149211,0.0,0.0,0.002518829281183965,0.001679219520789088,0.3065539112050739,0.3065539112050739
56,101,8,gb,2,2,2,2,0.7,0.3,bandit,9,0.5,0.5,12,1,0.7,0,1,1,1,0.3333333333333333,0.8065539112050739,-0.999999984947842,-0.8065539112050739,-0.5377026074700493,0.7715468882159535,0.5919716353973448,-0.5955631174764747,0.0566269208862088,-1.1102230246251565e-16,-1.1102230246251565e-16,0.004079927273882067,0.002719951515921193,0.2771849593495934,0.2771849593495934
56,101,8,gb,2,2,2,2,0.7,0.3,bandit,9,0.5,0.5,13,1,0.7,0,1,1,1,0.3333333333333333,0.7771849593495934,-0.899999999903316,-0.7771849593495934,-0.5181233062330624,0.7300670197198772,0.6177014576144872,-0.5103029326983979,0.0532386187643894,1.1102230246251565e-16,0.0,0.006364488982019578,0.004242992654679534,0.24523455454914145,0.24523455454914145
56,101,8,gb,2,2,2,2,0.7,0.3,bandit,9,0.5,0.5,14,1,0.7,1,0,1,1,0.3333333333333333,0.7452345545491414,0.18181818183134602,0.25476544545085855,0.5031769636339056,0.6995213799409306,0.0,-0.619598630613121,-1.1102230246251565e-16,0.0,0.0,0.003142538265305972,0.0020950255102041293,0.27931972789115633,0.27931972789115633
56,101,8,gb,2,2,2,2,0.7,0.3,bandit,9,0.5,0.5,15,1,0.7,0,1,1,1,0.3333333333333333,0.7793197278911563,-0.874999999915239,-0.7793197278911563,-0.519546485260771,0.7330247987705201,0.6160354289287208,-0.5430704256123912,0.05049481238102904,1.1102230246251565e-16,1.1102230246251565e-16,0.004874344164936151,0.0032495627766241375,0.24960669561386917,0.24960669561386917
56,101,8,gb,2,2,2,2,0.7,0.3,bandit,9,0.5,0.5,16,1,0.7,0,1,1,1,0.3333333333333333,0.7496066956138692,-0.8076923113585709,-0.7496066956138692,-0.4997377970759129,0.692622912164466,0.6367560935751608,-0.48763388834923316,0.04603578226063587,-1.1102230246251565e-16,-1.1102230246251565e-16,0.007286870322130934,0.004857913548087178,0.21852069269151742,0.21852069269151742
56,101,8,gb,2,2,2,2,0.7,0.3,bandit,9,0.5,0.5,17,1,0.7,1,0,1,1,0.3333333333333333,0.7185206926915174,0.24999999964127972,0.2814793073084826,0.5209862048723217,0.7360258821369143,0.0,-0.572140542292419,0.0,0.0,0.0,0.0037941058201773625,0.0025294038801181307,0.2528835063437139,0.2528835063437139
56,101,8,gb,2,2,2,2,0.7,0.3,bandit,9,0.5,0.5,18,1,0.7,0,1,4,1,0.3333333333333333,0.7528835063437139,-0.8000000002013615,-0.7528835063437139,-0.501922337562476,0.6969992654464868,0.6347157791469414,-0.5226508077947005,0.04375384918901848,2.220446049250313e-16,1.1102230246251565e-16,0.005653243214358561,0.0037688288095723,0.22393756164501033,0.22393756164501033
56,101,8,gb,2,2,2,2,0.7,0.3,bandit,9,0.5,0.5,19,1,0.7,1,0,1,1,0.3333333333333333,0.7239375616450103,0.2500000075635862,0.27606243835498967,0.5173749589033263,0.7285152392453472,0.0,-0.598462490523408,-1.1102230246251565e-16,0.0,0.0,0.0029919442975034904,0.0019946295316690676,0.25536752315287525,0.25536752315287525
56,101,8,gb,2,2,2,2,0.7,0.3,bandit,9,0.5,0.5,20,1,0.7,0,0,1,1,0.3333333333333333,0.7553675231528753,-0.7941176471176195,-0.7553675231528753,-0.5035783487685837,0.7003296101012123,0.6331311477415619,-0.5543442680563548,0.04166440636905533,1.1102230246251565e-16,1.1102230246251565e-16,0.004443442862717362,0.0029622952418115744,0.22824372827387396,0.22824372827387396
57,98,8,gb,2,3,2,3,0.7,0.3,bandit,4,0.625,0.625,1,2,0.3,0,0,3,1,0.3333333333333333,0.5,NaN,-0.5,-0.33333333333333337,0.40546510810816444,0.6931471805599453,-0.04279164419167801,0.05378194606599736,0.0,0.0,0.08333333333333337,0.05555555555555547,0.08333333333333337,0.08333333333333337
57,98,8,gb,2,3,2,3,0.7,0.3,bandit,4,0.625,0.625,2,1,0.7,0,1,4,1,0.3333333333333333,0.5,NaN,-0.5,-0.33333333333333337,0.40546510810816444,0.6931471805599453,-0.04279164419167801,0.05378194606599736,0.0,-1.1102230246251565e-16,0.08333333333333337,0.05555555555555547,0.08333333333333337,0.08333333333333337
57,98,8,gb,2,3,2,3,0.7,0.3,bandit,4,0.625,0.625,3,2,0.3,0,0,4,1,0.3333333333333333,0.41666666666666663,-5.545009081338703e-16,-0.41666666666666663,-0.2777777777777778,0.325422400434628,0.6901856760188041,-0.14872947946598028,0.03793678112380475,0.0,0.0,0.05288461538461542,0.03525641025641024,0.15384615384615385,0.15384615384615385
57,98,8,gb,2,3,2,3,0.7,0.3,bandit,4,0.625,0.625,4,1,0.7,1,0,1,1,0.3333333333333333,0.41666666666666663,0.9999999999999994,0.5833333333333334,0.7222222222222222,1.2809338454620642,0.0,-0.09878147980916833,0.0,0.0,0.0,0.0625,0.04166666666666652,0.09999999999999987,0.09999999999999987
57,98,8,gb,2,3,2,3,0.7,0.3,bandit,4,0.625,0.625,5,1,0.7,0,0,4,1,0.3333333333333333,0.5999999999999999,-0.7500000000000001,-0.5999999999999999,-0.39999999999999997,0.5108256237659905,0.6869615765973234,-0.06641254138672094,0.05538446170840032,0.022222222222222254,0.014814814814814947,0.08750000000000002,0.05833333333333346,0.033333333333333326,0.033333333333333326
57,98,8,gb,2,3,2,3,0.7,0.3,bandit,4,0.625,0.625,6,2,0.3,0,1,4,1,0.3333333333333333,0.34615384615384615,-5.545009081338703e-16,-0.34615384615384615,-0.2307692307692308,0.2623642644674911,0.6842317651303003,-0.2844497338353375,0.0257813362644152,0.0,0.0,0.02667987432825769,0.021666666666666723,0.21000000000000002,0.24333333333333335
57,98,8,gb,2,3,2,3,0.7,0.3,bandit,4,0.625,0.625,7,2,0.3,1,0,1,1,0.3333333333333333,0.29,0.9999999999999994,0.71,0.8066666666666666,1.6433394641097814,0.0,-0.08739425626637275,0.0,0.0,0.0,0.0724527588674233,0.05747126436781613,0.02873563218390801,0.06206896551724134
57,98,8,gb,2,3,2,3,0.7,0.3,bandit,4,0.625,0.625,8,2,0.3,0,1,4,1,0.3333333333333333,0.471264367816092,-0.37500000502485337,-0.471264367816092,-0.31417624521072807,0.37713460148193856,0.6927570046594116,-0.145217675089551,0.03231445903788896,0.0,1.1102230246251565e-16,0.04897228475823312,0.03970470869912224,0.08339984038308051,0.11673317371641384
57,98,8,gb,2,3,2,3,0.7,0.3,bandit,4,0.625,0.625,9,2,0.3,0,0,4,1,0.3333333333333333,0.4166001596169195,-0.30000000098701385,-0.4166001596169195,-0.277733439744613,0.3253610111961422,0.6901813069103601,-0.22325417073184692,0.023753989707684525,0.0,1.1102230246251565e-16,0.03228296829724664,0.026818600368324286,0.1298342541436464,0.16316758747697974
57,98,8,gb,2,3,2,3,0.7,0.3,bandit,4,0.625,0.625,10,1,0.7,0,0,4,1,0.3333333333333333,0.5333333333333333,-0.4999999990102087,-0.5333333333333333,-0.3555555555555556,0.4393666597838458,0.6925525323607233,-0.08739425626637275,0.04314031141012996,0.01724137931034475,0.011494252873563204,0.08620689655172409,0.05747126436781602,0.02873563218390801,0.02873563218390801
57,98,8,gb,2,3,2,3,0.7,0.3,bandit,4,0.625,0.625,11,2,0.3,0,0,4,1,0.3333333333333333,0.3701657458563536,-0.2500000013594461,-0.3701657458563536,-0.24677716390423582,0.28339416389113375,0.6865299089505599,-0.3092008770384171,0.017446775436758266,0.0,0.0,0.02678450149415923,0.01785633432943945,0.1685683238250475,0.1685683238250475
57,98,8,gb,2,3,2,3,0.7,0.3,bandit,4,0.625,0.625,12,1,0.7,0,1,4,1,0.3333333333333333,0.471264367816092,-0.37500000502485337,-0.471264367816092,-0.31417624521072807,0.37713460148193856,0.6927570046594116,-0.145217675089551,0.03231445903788896,0.0,1.1102230246251565e-16,0.059557063048683245,0.03970470869912224,0.08339984038308051,0.08339984038308051
57,98,8,gb,2,3,2,3,0.7,0.3,bandit,4,0.625,0.625,13,1,0.7,0,1,4,1,0.3333333333333333,0.4166001596169195,-0.30000000098701385,-0.4166001596169195,-0.277733439744613,0.3253610111961422,0.6901813069103601,-0.22325417073184692,0.023753989707684525,0.0,0.0,0.04022790055248615,0.026818600368324286,0.1298342541436464,0.1298342541436464
57,98,8,gb,2,3,2,3,0.7,0.3,bandit,4,0.625,0.625,14,2,0.3,0,1,4,1,0.3333333333333333,0.3314316761749525,-0.21428571120777382,-0.3314316761749525,-0.22095445078330167,0.24968576342578275,0.6827064730455019,-0.3957106648283263,0.012973104587097994,0.0,0.0,0.01768714401952809,0.011791429346352023,0.2007323026851099,0.2007323026851099
57,98,8,gb,2,3,2,3,0.7,0.3,bandit,4,0.625,0.625,15,1,0.7,0,0,4,1,0.3333333333333333,0.3701657458563536,-0.2500000013594461,-0.3701657458563536,-0.24677716390423582,0.28339416389113375,0.6865299089505599,-0.3092008770384171,0.017446775436758266,0.0,-1.1102230246251565e-16,0.02678450149415923,0.01785633432943956,0.1685683238250475,0.1685683238250475
57,98,8,gb,2,3,2,3,0.7,0.3,bandit,4,0.625,0.625,16,2,0.3,1,0,1,1,0.3333333333333333,0.2992676973148901,0.8124999909333683,0.7007323026851099,0.8004882017900732,1.6118819055039784,0.0,-0.2874591223088541,0.0,0.0,0.0,0.04198335310692569,0.027988902071283905,0.0931336200504227,0.0931336200504227
57,98,8,gb,2,3,2,3,0.7,0.3,bandit,4,0.625,0.625,17,2,0.3,1,0,1,1,0.3333333333333333,0.4068663799495773,0.6666666665823582,0.5931336200504227,0.7287557467002818,1.3047355603437163,0.0,-0.26836275621598926,0.0,0.0,0.0,0.0751776927282668,0.050118461818844384,0.0050118461818845494,0.0050118461818845494
57,98,8,gb,2,3,2,3,0.7,0.3,bandit,4,0.625,0.625,18,2,0.3,0,0,4,1,0.3333333333333333,0.49498815381811545,-0.4500000039841043,-0.49498815381811545,-0.3299921025454104,0.4004657794209383,0.6931347461577707,-0.31212799067102276,0.021486506368508185,0.0,-1.1102230246251565e-16,0.0563224488586036,0.037548299239069105,0.04076316285038739,0.04076316285038739
57,98,8,gb,2,3,2,3,0.7,0.3,bandit,4,0.625,0.625,19,1,0.7,0,1,4,1,0.3333333333333333,0.3314316761749525,-0.21428571120777382,-0.3314316761749525,-0.22095445078330167,0.24968576342578275,0.6827064730455019,-0.3957106648283263,0.012973104587097994,0.0,1.1102230246251565e-16,0.01768714401952809,0.011791429346352023,0.2007323026851099,0.2007323026851099
57,98,8,gb,2,3,2,3,0.7,0.3,bandit,4,0.625,0.625,20,1,0.7,0,0,4,1,0.3333333333333333,0.2992676973148901,-0.18750000906663172,-0.2992676973148901,-0.19951179820992682,0.22253348520479543,0.6791076299320256,-0.4791391417344011,0.009841753851782098,0.0,0.0,0.011631613964405152,0.007754409309603361,0.22754994548041918,0.22754994548041918
58,97,8,bg,2,3,1,4,0.3,0.7,tycoon,16,0.625,0.625,1,1,0.3,1,1,3,2,0.3333333333333333,0.5,NaN,0.5,0.33333333333333326,0.4054651081081643,0.6931471805599453,-0.042791644191678,0.05378194606599747,0.0,-1.1102230246251565e-16,0.08333333333333348,0.05555555555555547,0.08333333333333326,0.08333333333333326
58,97,8,bg,2,3,1,4,0.3,0.7,tycoon,16,0.625,0.625,2,2,0.7,1,0,2,2,0.3333333333333333,0.5,NaN,0.5,0.33333333333333326,0.4054651081081643,0.6931471805599453,-0.042791644191678,0.05378194606599747,0.04166666666666674,1.1102230246251565e-16,0.11815201177425982,0.05555555555555547,0.08333333333333326,0.0
58,97,8,bg,2,3,1,4,0.3,0.7,tycoon,16,0.625,0.625,3,1,0.3,1,0,3,2,0.3333333333333333,0.5833333333333333,1.505215796449022e-8,0.41666666666666674,0.2777777777777778,0.325422400434628,0.6901856760188042,-0.14872947946598028,0.0379367811238048,1.1102230246251565e-16,0.0,0.07870741894476108,0.03525641025641035,0.15384615384615385,0.0705128205128206
58,97,8,bg,2,3,1,4,0.3,0.7,tycoon,16,0.625,0.625,4,1,0.3,1,1,2,2,0.3333333333333333,0.6538461538461539,1.505215796449022e-8,0.34615384615384615,0.23076923076923073,0.262364264467491,0.6842317651303003,-0.2844497338353375,0.025781336264415255,0.0,0.0,0.051144070332086344,0.021666666666666612,0.20999999999999996,0.1266666666666667
58,97,8,bg,2,3,1,4,0.3,0.7,tycoon,16,0.625,0.625,5,2,0.7,0,0,1,2,0.3333333333333333,0.5833333333333333,-0.999999984947842,-0.5833333333333333,-0.7222222222222222,1.2809338454620642,0.0,-0.09878147980916858,0.0,0.0,0.0,0.013218841704152995,0.04166666666666663,0.10000000000000003,0.31
58,97,8,bg,2,3,1,4,0.3,0.7,tycoon,16,0.625,0.625,6,1,0.3,1,1,3,2,0.3333333333333333,0.71,1.505215796449022e-8,0.29000000000000004,0.19333333333333325,0.21484474849951454,0.6780102022798757,-0.42625540231422954,0.017393591340592707,1.1102230246251565e-16,0.0,0.01962809917355368,0.01308539944903575,0.2534435261707988,0.2534435261707988
58,97,8,bg,2,3,1,4,0.3,0.7,tycoon,16,0.625,0.625,7,2,0.7,1,0,2,2,0.3333333333333333,0.39999999999999997,0.7499999999999998,0.6000000000000001,0.3999999999999999,0.5108256237659905,0.6869615765973234,-0.06641254138672092,0.05538446170840036,0.0,0.014814814814814947,0.012646053134422575,0.05833333333333335,0.033333333333333326,0.2867768595041321
58,97,8,bg,2,3,1,4,0.3,0.7,tycoon,16,0.625,0.625,8,1,0.3,0,0,1,2,0.3333333333333333,0.7534435261707988,-0.999999984947842,-0.7534435261707988,-0.8356290174471993,1.8056293170922058,0.0,-0.14521767508955086,0.0,0.0,0.0,0.05955706304868302,0.039704708699122127,0.08339984038308068,0.08339984038308068
58,97,8,bg,2,3,1,4,0.3,0.7,tycoon,16,0.625,0.625,9,1,0.3,1,1,2,2,0.3333333333333333,0.5833998403830807,0.3000000009825461,0.4166001596169193,0.27773343974461273,0.3253610111961419,0.6901813069103601,-0.22325417073184653,0.02375398970768486,-1.1102230246251565e-16,1.1102230246251565e-16,0.04022790055248604,0.026818600368324064,0.12983425414364647,0.12983425414364647
58,97,8,bg,2,3,1,4,0.3,0.7,tycoon,16,0.625,0.625,10,2,0.7,1,0,3,2,0.3333333333333333,0.4666666666666667,0.5000000015235914,0.5333333333333333,0.3555555555555555,0.43936665978384565,0.6925525323607233,-0.08739425626637266,0.043140311410130014,0.0,0.011494252873563204,0.05364840382163227,0.05747126436781602,0.028735632183908066,0.1010986219597384
58,97,8,bg,2,3,1,4,0.3,0.7,tycoon,16,0.625,0.625,11,1,0.3,1,1,2,2,0.3333333333333333,0.6298342541436465,0.2499999999460495,0.37016574585635353,0.24677716390423576,0.28339416389113375,0.6865299089505598,-0.30920087703841675,0.017446775436758433,0.0,0.0,0.03280032558386026,0.01785633432943945,0.1685683238250476,0.13983269164113954
58,97,8,bg,2,3,1,4,0.3,0.7,tycoon,16,0.625,0.625,12,2,0.7,1,0,3,2,0.3333333333333333,0.5287356321839081,0.3749999994326757,0.47126436781609193,0.31417624521072796,0.3771346014819384,0.6927570046594116,-0.14521767508955086,0.03231445903788896,0.0,0.0,0.0525274675410895,0.039704708699122016,0.08339984038308068,0.08516848344196692
58,97,8,bg,2,3,1,4,0.3,0.7,tycoon,16,0.625,0.625,13,1,0.3,0,0,1,2,0.3333333333333333,0.6685683238250476,-0.7857142857744785,-0.6685683238250476,-0.7790455492166983,1.5097987037598832,0.0,-0.22800730239285233,0.0,0.0,0.0,0.06767478353670786,0.03924009562841524,0.05516393442622958,0.028235905956851104
58,97,8,bg,2,3,1,4,0.3,0.7,tycoon,16,0.625,0.625,14,1,0.3,1,1,2,2,0.3333333333333333,0.5551639344262296,0.3749999995025072,0.4448360655737704,0.2965573770491803,0.3517689651698778,0.6917799599357861,-0.2874591223088539,0.02017090234217428,0.013379866879265956,1.1102230246251565e-16,0.07260678339842208,0.027988902071283683,0.0931336200504227,0.009733779667342013
58,97,8,bg,2,3,1,4,0.3,0.7,tycoon,16,0.625,0.625,15,2,0.7,1,0,3,2,0.3333333333333333,0.5833998403830807,0.3000000009825461,0.4166001596169193,0.27773343974461273,0.3253610111961419,0.6901813069103601,-0.22325417073184653,0.02375398970768486,0.0044922379090900355,0.0,0.07014550987429813,0.026818600368323953,0.12983425414364647,0.03670063409322377
58,97,8,bg,2,3,1,4,0.3,0.7,tycoon,16,0.625,0.625,16,1,0.3,0,0,1,2,0.3333333333333333,0.5931336200504227,-0.666666666579618,-0.5931336200504227,-0.7287557467002818,1.3047355603437163,0.0,-0.2683627562159892,0.0,0.0,0.0,0.027567626930891542,0.050118461818844495,0.005011846181884438,0.12482240796176203
58,97,8,bg,2,3,1,4,0.3,0.7,tycoon,16,0.625,0.625,17,2,0.7,1,0,2,2,0.3333333333333333,0.6298342541436465,0.2499999999460495,0.37016574585635353,0.24677716390423576,0.28339416389113375,0.6865299089505598,-0.30920087703841675,0.017446775436758433,0.0,1.1102230246251565e-16,0.027765904174406275,0.01785633432943934,0.1685683238250476,0.16355647764316317
58,97,8,bg,2,3,1,4,0.3,0.7,tycoon,16,0.625,0.625,18,1,0.3,1,1,3,2,0.3333333333333333,0.5050118461818844,0.4499999999979809,0.49498815381811556,0.3299921025454102,0.400465779420938,0.6931347461577707,-0.3121279906710225,0.02148650636850824,0.0,0.0,0.023327382595433432,0.037548299239068994,0.0407631628503875,0.1278051609746601
58,97,8,bg,2,3,1,4,0.3,0.7,tycoon,16,0.625,0.625,19,2,0.7,1,0,2,2,0.3333333333333333,0.6685683238250476,0.21428571422552145,0.3314316761749524,0.22095445078330167,0.24968576342578275,0.6827064730455019,-0.39571066482832595,0.012973104587098216,2.220446049250313e-16,1.1102230246251565e-16,0.024318428238502166,0.011791429346352023,0.20073230268510978,0.15996913983472227
58,97,8,bg,2,3,1,4,0.3,0.7,tycoon,16,0.625,0.625,20,1,0.3,1,0,3,2,0.3333333333333333,0.5407631628503875,0.4090909125279222,0.4592368371496125,0.3061578914330749,0.36551085362905283,0.6923799727450064,-0.36174423121254345,0.017025047837387286,0.0,0.0,0.020005630629408966,0.027823541082982572,0.07245532887112682,0.12827697381398295
59,102,8,bg,1,1,2,4,0.3,0.7,bandit,7,0.25,0.75,1,1,0.3,0,0,4,1,0.3333333333333333,0.5,NaN,-0.5,-0.33333333333333337,0.40546510810816444,0.6931471805599453,-0.04279164419167801,0.05378194606599736,0.0,0.0,0.08333333333333337,0.05555555555555547,0.08333333333333337,0.08333333333333337
59,102,8,bg,1,1,2,4,0.3,0.7,bandit,7,0.25,0.75,2,2,0.7,0,0,4,1,0.3333333333333333,0.5,NaN,-0.5,-0.33333333333333337,0.40546510810816444,0.6931471805599453,-0.04279164419167801,0.05378194606599736,0.0,-1.1102230246251565e-16,0.08333333333333337,0.05555555555555547,0.08333333333333337,0.08333333333333337
59,102,8,bg,1,1,2,4,0.3,0.7,bandit,7,0.25,0.75,3,2,0.7,0,1,4,1,0.3333333333333333,0.41666666666666663,-5.545009081338703e-16,-0.41666666666666663,-0.2777777777777778,0.325422400434628,0.6901856760188041,-0.14872947946598028,0.03793678112380475,0.0,0.0,0.05288461538461542,0.03525641025641024,0.15384615384615385,0.15384615384615385
59,102,8,bg,1,1,2,4,0.3,0.7,bandit,7,0.25,0.75,4,1,0.3,0,1,3,1,0.3333333333333333,0.41666666666666663,-5.545009081338703e-16,-0.41666666666666663,-0.2777777777777778,0.325422400434628,0.6901856760188041,-0.14872947946598028,0.03793678112380475,0.0,1.1102230246251565e-16,0.05288461538461542,0.03525641025641024,0.15384615384615385,0.15384615384615385
59,102,8,bg,1,1,2,4,0.3,0.7,bandit,7,0.25,0.75,5,1,0.3,0,1,3,1,0.3333333333333333,0.34615384615384615,-5.545009081338703e-16,-0.34615384615384615,-0.2307692307692308,0.2623642644674911,0.6842317651303003,-0.2844497338353375,0.0257813362644152,0.0,0.0,0.03249999999999997,0.021666666666666612,0.21000000000000002,0.21000000000000002
59,102,8,bg,1,1,2,4,0.3,0.7,bandit,7,0.25,0.75,6,2,0.7,1,0,1,1,0.3333333333333333,0.34615384615384615,0.9999999999999994,0.6538461538461539,0.7692307692307692,1.466337068793427,0.0,-0.06641254138672094,0.0,0.0,0.0,0.08750000000000002,0.05833333333333335,0.033333333333333326,0.033333333333333326
59,102,8,bg,1,1,2,4,0.3,0.7,bandit,7,0.25,0.75,7,1,0.3,0,1,4,1,0.3333333333333333,0.29,-5.545009081338703e-16,-0.29,-0.19333333333333338,0.21484474849951468,0.6780102022798757,-0.42625540231422954,0.017393591340592762,0.0,1.1102230246251565e-16,0.015709513570936973,0.013085399449035973,0.2534435261707989,0.28677685950413223
59,102,8,bg,1,1,2,4,0.3,0.7,bandit,7,0.25,0.75,8,2,0.7,0,1,4,1,0.3333333333333333,0.5333333333333333,-0.4999999990102087,-0.5333333333333333,-0.3555555555555556,0.4393666597838458,0.6925525323607233,-0.08739425626637275,0.04314031141012996,0.01724137931034475,0.011494252873563204,0.08620689655172409,0.05747126436781602,0.02873563218390801,0.02873563218390801
59,102,8,bg,1,1,2,4,0.3,0.7,bandit,7,0.25,0.75,9,1,0.3,1,0,1,1,0.3333333333333333,0.2465564738292011,0.9999999999999994,0.7534435261707989,0.8356290174471992,1.8056293170922053,0.0,-0.145217675089551,0.0,0.0,0.0,0.059557063048683245,0.03970470869912224,0.08339984038308051,0.08339984038308051
59,102,8,bg,1,1,2,4,0.3,0.7,bandit,7,0.25,0.75,10,1,0.3,0,0,4,1,0.3333333333333333,0.4166001596169195,-0.30000000098701385,-0.4166001596169195,-0.277733439744613,0.3253610111961422,0.6901813069103601,-0.22325417073184692,0.023753989707684525,0.0,0.0,0.04022790055248615,0.026818600368324064,0.1298342541436464,0.1298342541436464
59,102,8,bg,1,1,2,4,0.3,0.7,bandit,7,0.25,0.75,11,2,0.7,0,1,4,1,0.3333333333333333,0.471264367816092,-0.37500000502485337,-0.471264367816092,-0.31417624521072807,0.37713460148193856,0.6927570046594116,-0.145217675089551,0.03231445903788896,0.0,1.1102230246251565e-16,0.059557063048683245,0.03970470869912224,0.08339984038308051,0.08339984038308051
59,102,8,bg,1,1,2,4,0.3,0.7,bandit,7,0.25,0.75,12,1,0.3,0,0,4,1,0.3333333333333333,0.3701657458563536,-0.2500000013594461,-0.3701657458563536,-0.24677716390423582,0.28339416389113375,0.6865299089505599,-0.3092008770384171,0.017446775436758266,0.0,0.0,0.02678450149415923,0.01785633432943956,0.1685683238250475,0.1685683238250475
59,102,8,bg,1,1,2,4,0.3,0.7,bandit,7,0.25,0.75,13,2,0.7,1,0,1,1,0.3333333333333333,0.4166001596169195,0.6999999990129862,0.5833998403830805,0.722266560255387,1.2810934751215937,0.0,-0.15234512269821188,0.0,0.0,0.0,0.07246767241379304,0.04831178160919558,0.03735632183908055,0.03735632183908055
59,102,8,bg,1,1,2,4,0.3,0.7,bandit,7,0.25,0.75,14,2,0.7,1,0,4,1,0.3333333333333333,0.5373563218390806,0.5000000012511272,0.46264367816091945,0.6417624521072797,1.026558971028052,0.0,-0.2370012027813298,0.0,0.0,0.0,0.03591986036838957,0.02394657357892649,0.12507427213309563,0.12507427213309563
59,102,8,bg,1,1,2,4,0.3,0.7,bandit,7,0.25,0.75,15,1,0.3,0,1,4,1,0.3333333333333333,0.3314316761749525,-0.21428571120777382,-0.3314316761749525,-0.22095445078330167,0.24968576342578275,0.6827064730455019,-0.3957106648283263,0.012973104587097994,0.0,-1.1102230246251565e-16,0.00584016040215285,0.011791429346352023,0.2007323026851099,0.3258065748182055
59,102,8,bg,1,1,2,4,0.3,0.7,bandit,7,0.25,0.75,16,2,0.7,1,0,1,1,0.3333333333333333,0.6250742721330956,0.35714285709345506,0.37492572786690437,0.5832838185779361,0.875349909001315,0.0,-0.34999996982775033,-2.220446049250313e-16,-1.1102230246251565e-16,-1.1102230246251565e-16,0.01754099334600745,0.011693995564004966,0.1901140684410646,0.1901140684410646
59,102,8,bg,1,1,2,4,0.3,0.7,bandit,7,0.25,0.75,17,1,0.3,0,0,4,1,0.3333333333333333,0.2992676973148901,-0.18750000906663172,-0.2992676973148901,-0.19951179820992682,0.22253348520479543,0.6791076299320256,-0.4791391417344011,0.009841753851782098,0.0,-1.1102230246251565e-16,0.0016348595548471012,0.007754409309603361,0.22754994548041918,0.4176640139214838
59,102,8,bg,1,1,2,4,0.3,0.7,bandit,7,0.25,0.75,18,1,0.3,0,0,4,1,0.3333333333333333,0.2724500545195808,-0.16666666645717676,-0.2724500545195808,-0.18163336967972057,0.20044483946697295,0.6758665393660739,-0.5580527251703007,0.007640859362410546,0.0,1.1102230246251565e-16,0.0008916871558487527,0.0050915366259419725,0.25010350564199846,0.44021757408306306
59,102,8,bg,1,1,2,4,0.3,0.7,bandit,7,0.25,0.75,19,2,0.7,1,0,1,1,0.3333333333333333,0.6901140684410646,0.24999999996462985,0.3098859315589354,0.5399239543726235,0.7763634865810234,0.0,-0.47241718232341906,0.0,-1.1102230246251565e-16,0.0,0.008484574567993897,0.005656383045329116,0.23929376408715253,0.23929376408715253
59,102,8,bg,1,1,2,4,0.3,0.7,bandit,7,0.25,0.75,20,2,0.7,1,0,1,1,0.3333333333333333,0.7392937640871525,0.16666666686549658,0.2607062359128475,0.507137490608565,0.7075250294510225,0.0,-0.5955631174764747,-1.1102230246251565e-16,0.0,0.0,0.004079927273882067,0.002719951515921304,0.2771849593495934,0.2771849593495934
60,107,8,gb,3,3,2,2,0.7,0.3,tycoon,14,0.5,0.75,1,1,0.7,1,1,4,2,0.3333333333333333,0.5,NaN,0.5,0.33333333333333326,0.4054651081081643,0.6931471805599453,-0.042791644191678,0.05378194606599747,0.0,-1.1102230246251565e-16,0.08333333333333348,0.05555555555555547,0.08333333333333326,0.08333333333333326
60,107,8,gb,3,3,2,2,0.7,0.3,tycoon,14,0.5,0.75,2,2,0.3,1,1,4,2,0.3333333333333333,0.5,NaN,0.5,0.33333333333333326,0.4054651081081643,0.6931471805599453,-0.042791644191678,0.05378194606599747,0.04166666666666674,1.1102230246251565e-16,0.11815201177425982,0.05555555555555547,0.08333333333333326,0.0
60,107,8,gb,3,3,2,2,0.7,0.3,tycoon,14,0.5,0.75,3,1,0.7,1,0,4,2,0.3333333333333333,0.5833333333333333,1.505215796449022e-8,0.41666666666666674,0.2777777777777778,0.325422400434628,0.6901856760188042,-0.14872947946598028,0.0379367811238048,1.1102230246251565e-16,0.0,0.07870741894476108,0.03525641025641035,0.15384615384615385,0.0705128205128206
60,107,8,gb,3,3,2,2,0.7,0.3,tycoon,14,0.5,0.75,4,2,0.3,0,0,4,2,0.3333333333333333,0.5833333333333333,-0.999999984947842,-0.5833333333333333,-0.7222222222222222,1.2809338454620642,0.0,-0.09878147980916858,0.0,0.0,0.0,0.022014723426480476,0.04166666666666663,0.10000000000000003,0.2538461538461539
60,107,8,gb,3,3,2,2,0.7,0.3,tycoon,14,0.5,0.75,5,1,0.7,1,0,3,2,0.3333333333333333,0.6538461538461539,1.505215796449022e-8,0.34615384615384615,0.23076923076923073,0.262364264467491,0.6842317651303003,-0.2844497338353375,0.025781336264415255,0.0,0.0,0.032500000000000084,0.021666666666666612,0.20999999999999996,0.20999999999999996
60,107,8,gb,3,3,2,2,0.7,0.3,tycoon,14,0.5,0.75,6,2,0.3,1,0,3,2,0.3333333333333333,0.39999999999999997,0.7499999999999998,0.6000000000000001,0.3999999999999999,0.5108256237659905,0.6869615765973234,-0.06641254138672092,0.05538446170840036,0.0,0.014814814814814947,0.0199472802997136,0.05833333333333335,0.033333333333333326,0.2433333333333333
60,107,8,gb,3,3,2,2,0.7,0.3,tycoon,14,0.5,0.75,7,1,0.7,1,0,3,2,0.3333333333333333,0.71,1.505215796449022e-8,0.29000000000000004,0.19333333333333325,0.21484474849951454,0.6780102022798757,-0.42625540231422954,0.017393591340592707,1.1102230246251565e-16,1.1102230246251565e-16,0.01962809917355368,0.013085399449035973,0.2534435261707988,0.2534435261707988
60,107,8,gb,3,3,2,2,0.7,0.3,tycoon,14,0.5,0.75,8,2,0.3,1,1,2,2,0.3333333333333333,0.4666666666666667,0.5000000015235914,0.5333333333333333,0.3555555555555555,0.43936665978384565,0.6925525323607233,-0.08739425626637266,0.043140311410130014,0.0,0.011494252873563204,0.018068117123400396,0.05747126436781602,0.028735632183908066,0.22470789398689073
60,107,8,gb,3,3,2,2,0.7,0.3,tycoon,14,0.5,0.75,9,1,0.7,1,0,3,2,0.3333333333333333,0.7534435261707988,1.505215796449022e-8,0.2465564738292012,0.1643709825528007,0.1795705234220647,0.6725635843867589,-0.5618791256690523,0.011912734212403908,-2.220446049250313e-16,-1.1102230246251565e-16,0.014489225148656693,0.007849293563579218,0.2868916797488228,0.2581560475649147
60,107,8,gb,3,3,2,2,0.7,0.3,tycoon,14,0.5,0.75,10,2,0.3,0,0,4,2,0.3333333333333333,0.5287356321839081,-0.6250000005673243,-0.5287356321839081,-0.685823754789272,1.1578011600584404,0.0,-0.15713508424224704,0.0,0.0,0.0,0.002606741363737619,0.03585946573751464,0.09059233449477344,0.37748401424359623
60,107,8,gb,3,3,2,2,0.7,0.3,tycoon,14,0.5,0.75,11,1,0.7,1,1,3,2,0.3333333333333333,0.7868916797488228,1.505215796449022e-8,0.2131083202511772,0.1420722135007848,0.15323534795556995,0.668087395200138,-0.6867749400135641,0.008393123717155504,1.1102230246251565e-16,1.1102230246251565e-16,0.007061985361390799,0.004707990240927162,0.3129002744739249,0.3129002744739249
60,107,8,gb,3,3,2,2,0.7,0.3,tycoon,14,0.5,0.75,12,2,0.3,0,0,4,2,0.3333333333333333,0.40940766550522656,-0.3999999967452822,-0.40940766550522656,-0.6062717770034844,0.9320943970472808,0.0,-0.28542769031337345,0.0,0.0,0.0,0.00029607375219886656,0.01668510324483774,0.17256637168141586,0.48546664615534074
60,107,8,gb,3,3,2,2,0.7,0.3,tycoon,14,0.5,0.75,13,1,0.7,1,0,3,2,0.3333333333333333,0.8129002744739249,1.505215796449022e-8,0.18709972552607512,0.12473315035071664,0.1332264680909814,0.6644720212248263,-0.8003011606766882,0.006115744334489359,1.1102230246251565e-16,1.1102230246251565e-16,0.00425135501355034,0.0028342366757001525,0.33346883468834676,0.33346883468834676
60,107,8,gb,3,3,2,2,0.7,0.3,tycoon,14,0.5,0.75,14,2,0.3,1,1,3,2,0.3333333333333333,0.32743362831858414,0.7500000038698826,0.6725663716814159,0.44837758112094384,0.5948914905258634,0.67123888203318,-0.23700120278132994,0.05044154348753846,0.0,0.0,0.0002863247648487999,0.023946573578926378,0.12507427213309563,0.4585431068214424
60,107,8,gb,3,3,2,2,0.7,0.3,tycoon,14,0.5,0.75,15,1,0.7,0,0,4,2,0.3333333333333333,0.8334688346883468,-0.999999984947842,-0.8334688346883468,-0.8889792231255647,2.198037916136648,0.0,-0.39571066482832595,0.0,0.0,0.0,0.017687144019527867,0.011791429346351912,0.20073230268510978,0.20073230268510978
60,107,8,gb,3,3,2,2,0.7,0.3,tycoon,14,0.5,0.75,16,2,0.3,1,1,3,2,0.3333333333333333,0.37492572786690437,0.6428571428840825,0.6250742721330956,0.4167161814220637,0.5390813867732285,0.6828941449085093,-0.2228608825806696,0.04211572422065968,0.0,1.1102230246251565e-16,0.006217710248951236,0.03270019807583491,0.07860780984719856,0.27934011253230834
60,107,8,gb,3,3,2,2,0.7,0.3,tycoon,14,0.5,0.75,17,1,0.7,0,0,4,2,0.3333333333333333,0.7007323026851098,-0.8125000043900489,-0.7007323026851098,-0.8004882017900732,1.6118819055039784,0.0,-0.2874591223088539,0.0,0.0,0.0,0.04198335310692558,0.027988902071283683,0.0931336200504227,0.0931336200504227
60,107,8,gb,3,3,2,2,0.7,0.3,tycoon,14,0.5,0.75,18,2,0.3,1,0,3,2,0.3333333333333333,0.42139219015280144,0.5624999999673466,0.5786078098471985,0.38573853989813234,0.4873346106903918,0.6895034991417229,-0.23609603900380224,0.03414268066623985,0.0,0.005170555750986905,0.030068388277995517,0.042660749283883526,0.034901251319161664,0.12803487136958436
60,107,8,gb,3,3,2,2,0.7,0.3,tycoon,14,0.5,0.75,19,1,0.7,0,0,4,2,0.3333333333333333,0.5931336200504227,-0.666666666579618,-0.5931336200504227,-0.7287557467002818,1.3047355603437163,0.0,-0.2683627562159892,0.0,0.0,0.0,0.0751776927282668,0.050118461818844495,0.005011846181884438,0.005011846181884438
60,107,8,gb,3,3,2,2,0.7,0.3,tycoon,14,0.5,0.75,20,2,0.3,1,1,3,2,0.3333333333333333,0.46509874868083834,0.5000000018629867,0.5349012513191617,0.35660083421277444,0.4409899607474866,0.692493142237828,-0.2683627562159892,0.027180458416647513,0.020678245389708638,0.01205446640110397,0.07754675589525939,0.050118461818844495,0.005011846181884438,0.0
61,110,9,gb,2,2,4,4,0.3,0.7,tycoon,16,0.5,1.0,1,2,0.7,1,0,2,2,0.3333333333333333,0.5,NaN,0.5,0.33333333333333326,0.4054651081081643,0.6931471805599453,-0.042791644191678,0.05378194606599747,0.0,-1.1102230246251565e-16,0.08333333333333348,0.05555555555555547,0.08333333333333326,0.08333333333333326
61,110,9,gb,2,2,4,4,0.3,0.7,tycoon,16,0.5,1.0,2,1,0.3,1,0,3,2,0.3333333333333333,0.5,NaN,0.5,0.33333333333333326,0.4054651081081643,0.6931471805599453,-0.042791644191678,0.05378194606599747,0.04166666666666674,1.1102230246251565e-16,0.11815201177425982,0.05555555555555547,0.08333333333333326,0.0
61,110,9,gb,2,2,4,4,0.3,0.7,tycoon,16,0.5,1.0,3,2,0.7,1,0,4,2,0.3333333333333333,0.5833333333333333,1.505215796449022e-8,0.41666666666666674,0.2777777777777778,0.325422400434628,0.6901856760188042,-0.14872947946598028,0.0379367811238048,1.1102230246251565e-16,-1.1102230246251565e-16,0.07870741894476108,0.03525641025641024,0.15384615384615385,0.0705128205128206
61,110,9,gb,2,2,4,4,0.3,0.7,tycoon,16,0.5,1.0,4,2,0.7,1,1,1,2,0.3333333333333333,0.6538461538461539,1.505215796449022e-8,0.34615384615384615,0.23076923076923073,0.262364264467491,0.6842317651303003,-0.2844497338353375,0.025781336264415255,0.0,0.0,0.051144070332086344,0.021666666666666612,0.20999999999999996,0.1266666666666667
61,110,9,gb,2,2,4,4,0.3,0.7,tycoon,16,0.5,1.0,5,2,0.7,1,1,1,2,0.3333333333333333,0.71,1.505215796449022e-8,0.29000000000000004,0.19333333333333325,0.21484474849951454,0.6780102022798757,-0.42625540231422954,0.017393591340592707,1.1102230246251565e-16,0.0,0.03287027617922811,0.013085399449035862,0.2534435261707988,0.17011019283746553
61,110,9,gb,2,2,4,4,0.3,0.7,tycoon,16,0.5,1.0,6,1,0.3,1,0,2,2,0.3333333333333333,0.5833333333333333,1.505215796449022e-8,0.41666666666666674,0.2777777777777778,0.325422400434628,0.6901856760188042,-0.14872947946598028,0.0379367811238048,0.0,1.1102230246251565e-16,0.05649481422112179,0.03525641025641024,0.15384615384615385,0.09959737232464494
61,110,9,gb,2,2,4,4,0.3,0.7,tycoon,16,0.5,1.0,7,1,0.3,1,1,2,2,0.3333333333333333,0.6538461538461539,1.505215796449022e-8,0.34615384615384615,0.23076923076923073,0.262364264467491,0.6842317651303003,-0.2844497338353375,0.025781336264415255,0.0,0.0,0.06964944254713146,0.021666666666666723,0.20999999999999996,0.04344352617079883
61,110,9,gb,2,2,4,4,0.3,0.7,tycoon,16,0.5,1.0,8,1,0.3,1,1,2,2,0.3333333333333333,0.71,1.505215796449022e-8,0.29000000000000004,0.19333333333333325,0.21484474849951454,0.6780102022798757,-0.42625540231422954,0.017393591340592707,0.017951870318511975,0.0,0.08201190897100097,0.01308539944903575,0.2534435261707988,0.0
61,110,9,gb,2,2,4,4,0.3,0.7,tycoon,16,0.5,1.0,9,1,0.3,1,1,2,2,0.3333333333333333,0.7534435261707988,1.505215796449022e-8,0.2465564738292012,0.1643709825528007,0.1795705234220647,0.6725635843867589,-0.5618791256690523,0.011912734212403908,-2.220446049250313e-16,-1.1102230246251565e-16,0.05991669480025463,0.00784929356357933,0.2868916797488228,0.033448153578024
61,110,9,gb,2,2,4,4,0.3,0.7,tycoon,16,0.5,1.0,10,1,0.3,0,0,1,2,0.3333333333333333,0.7868916797488228,-0.999999984947842,-0.7868916797488228,-0.8579277864992152,1.9514198048662839,0.0,-0.22325417073184653,0.0,0.0,0.0,0.031070585331104406,0.026818600368323953,0.12983425414364647,0.12360927202715233
61,110,9,gb,2,2,4,4,0.3,0.7,tycoon,16,0.5,1.0,11,2,0.7,1,0,1,2,0.3333333333333333,0.7534435261707988,1.505215796449022e-8,0.2465564738292012,0.1643709825528007,0.1795705234220647,0.6725635843867589,-0.5618791256690523,0.011912734212403908,-2.220446049250313e-16,-1.1102230246251565e-16,0.02855247352905843,0.00784929356357933,0.2868916797488228,0.15705742560517633
61,110,9,gb,2,2,4,4,0.3,0.7,tycoon,16,0.5,1.0,12,1,0.3,0,0,1,2,0.3333333333333333,0.6298342541436465,-0.7500000000539505,-0.6298342541436465,-0.7532228360957642,1.3992695199830238,0.0,-0.17975900900527386,0.0,0.0,0.0,0.005644431740842393,0.05417357656163624,0.011608623548922115,0.2752830561999007
61,110,9,gb,2,2,4,4,0.3,0.7,tycoon,16,0.5,1.0,13,1,0.3,1,0,1,2,0.3333333333333333,0.5116086235489221,0.4285714261887835,0.4883913764510779,0.32559425096738526,0.3939233476679928,0.6930813365993375,-0.22800730239285233,0.026290814189475376,0.0,0.0,0.007693442089288016,0.03924009562841524,0.05516393442622958,0.23172774532259321
61,110,9,gb,2,2,4,4,0.3,0.7,tycoon,16,0.5,1.0,14,2,0.7,1,0,1,2,0.3333333333333333,0.7868916797488228,1.505215796449022e-8,0.2131083202511772,0.1420722135007848,0.15323534795556995,0.668087395200138,-0.6867749400135641,0.008393123717155504,1.1102230246251565e-16,0.0,0.010964253284607484,0.004707990240927162,0.3129002744739249,0.2577363400476953
61,110,9,gb,2,2,4,4,0.3,0.7,tycoon,16,0.5,1.0,15,1,0.3,1,0,1,2,0.3333333333333333,0.5551639344262296,0.3749999995025072,0.4448360655737704,0.2965573770491803,0.3517689651698778,0.6917799599357861,-0.2874591223088539,0.02017090234217428,0.0,1.1102230246251565e-16,0.006439071888845849,0.027988902071283683,0.0931336200504227,0.21976665442350218
61,110,9,gb,2,2,4,4,0.3,0.7,tycoon,16,0.5,1.0,16,1,0.3,0,0,1,2,0.3333333333333333,0.5931336200504227,-0.666666666579618,-0.5931336200504227,-0.7287557467002818,1.3047355603437163,0.0,-0.2683627562159892,0.0,0.0,0.0,0.0016630439894684823,0.050118461818844495,0.005011846181884438,0.30788842829204044
61,110,9,gb,2,2,4,4,0.3,0.7,tycoon,16,0.5,1.0,17,1,0.3,0,0,1,2,0.3333333333333333,0.5050118461818844,-0.5500000000020191,-0.5050118461818844,-0.6700078974545898,1.1086865564885535,0.0,-0.29265509243877486,5.551115123125783e-17,0.0,1.1102230246251565e-16,0.00039951882267219574,0.030589443846531283,0.06757675314376349,0.38047702761768837
61,110,9,gb,2,2,4,4,0.3,0.7,tycoon,16,0.5,1.0,18,1,0.3,1,1,1,2,0.3333333333333333,0.4324232468562365,0.5454545453698749,0.5675767531437634,0.3783845020958424,0.47543354796125764,0.6905186121358511,-0.31561447009394955,0.027270790168917647,0.0,0.0034511587272658684,0.0005874782012489366,0.0388804544507797,0.031060428545392926,0.3439607030193178
61,110,9,gb,2,2,4,4,0.3,0.7,tycoon,16,0.5,1.0,19,2,0.7,1,0,1,2,0.3333333333333333,0.8129002744739249,1.505215796449022e-8,0.18709972552607512,0.12473315035071664,0.1332264680909814,0.6644720212248263,-0.8003011606766882,0.006115744334489359,1.1102230246251565e-16,1.1102230246251565e-16,0.00425135501355034,0.0028342366757002635,0.33346883468834676,0.33346883468834676
61,110,9,gb,2,2,4,4,0.3,0.7,tycoon,16,0.5,1.0,20,1,0.3,1,1,3,2,0.3333333333333333,0.4689395714546071,0.5000000020742905,0.5310604285453929,0.3540402856969287,0.43701813890406216,0.692633295597278,-0.3494292911224387,0.022034501551337238,0.0,0.010685368300372478,0.00045354275173847824,0.04632266886404879,0.0022414194611636296,0.33122741522718313
62,85,7,bg,4,0,1,2,0.7,0.3,bandit,8,0.375,0.5,1,2,0.3,0,0,1,1,0.3333333333333333,0.5,NaN,-0.5,-0.33333333333333337,0.40546510810816444,0.6931471805599453,-0.04279164419167801,0.05378194606599736,0.0,0.0,0.08333333333333337,0.05555555555555547,0.08333333333333337,0.08333333333333337
62,85,7,bg,4,0,1,2,0.7,0.3,bandit,8,0.375,0.5,2,2,0.3,0,1,2,1,0.3333333333333333,0.41666666666666663,-5.545009081338703e-16,-0.41666666666666663,-0.2777777777777778,0.325422400434628,0.6901856760188041,-0.14872947946598028,0.03793678112380475,0.0,1.1102230246251565e-16,0.05288461538461542,0.03525641025641024,0.15384615384615385,0.15384615384615385
62,85,7,bg,4,0,1,2,0.7,0.3,bandit,8,0.375,0.5,3,2,0.3,0,0,4,1,0.3333333333333333,0.34615384615384615,-5.545009081338703e-16,-0.34615384615384615,-0.2307692307692308,0.2623642644674911,0.6842317651303003,-0.2844497338353375,0.0257813362644152,0.0,1.1102230246251565e-16,0.03249999999999997,0.021666666666666834,0.21000000000000002,0.21000000000000002
62,85,7,bg,4,0,1,2,0.7,0.3,bandit,8,0.375,0.5,4,1,0.7,0,0,3,1,0.3333333333333333,0.5,NaN,-0.5,-0.33333333333333337,0.40546510810816444,0.6931471805599453,-0.04279164419167801,0.05378194606599736,0.0,-1.1102230246251565e-16,0.08333333333333337,0.05555555555555536,0.08333333333333337,0.08333333333333337
62,85,7,bg,4,0,1,2,0.7,0.3,bandit,8,0.375,0.5,5,1,0.7,1,0,4,1,0.3333333333333333,0.41666666666666663,0.9999999999999994,0.5833333333333334,0.7222222222222222,1.2809338454620642,0.0,-0.09878147980916833,0.0,0.0,0.0,0.0625,0.04166666666666652,0.09999999999999987,0.09999999999999987
62,85,7,bg,4,0,1,2,0.7,0.3,bandit,8,0.375,0.5,6,1,0.7,0,0,1,1,0.3333333333333333,0.5999999999999999,-0.7500000000000001,-0.5999999999999999,-0.39999999999999997,0.5108256237659905,0.6869615765973234,-0.06641254138672094,0.05538446170840032,0.022222222222222254,0.014814814814814836,0.08750000000000002,0.05833333333333335,0.033333333333333326,0.033333333333333326
62,85,7,bg,4,0,1,2,0.7,0.3,bandit,8,0.375,0.5,7,1,0.7,0,1,2,1,0.3333333333333333,0.5333333333333333,-0.4999999990102087,-0.5333333333333333,-0.3555555555555556,0.4393666597838458,0.6925525323607233,-0.08739425626637275,0.04314031141012996,0.01724137931034475,0.011494252873563204,0.08620689655172409,0.05747126436781602,0.02873563218390801,0.02873563218390801
62,85,7,bg,4,0,1,2,0.7,0.3,bandit,8,0.375,0.5,8,1,0.7,1,0,4,1,0.3333333333333333,0.471264367816092,0.6249999949751466,0.5287356321839081,0.6858237547892719,1.15780116005844,0.0,-0.1571350842422471,0.0,0.0,0.0,0.05378919860627185,0.03585946573751453,0.09059233449477355,0.09059233449477355
62,85,7,bg,4,0,1,2,0.7,0.3,bandit,8,0.375,0.5,9,1,0.7,0,1,1,1,0.3333333333333333,0.5905923344947736,-0.5999999972964525,-0.5905923344947736,-0.3937282229965158,0.5004269165450922,0.6881771822372582,-0.15234512269821188,0.04329848222372032,0.01245210727969337,0.008301404853128913,0.07246767241379304,0.04831178160919547,0.03735632183908055,0.03735632183908055
62,85,7,bg,4,0,1,2,0.7,0.3,bandit,8,0.375,0.5,10,1,0.7,1,0,1,1,0.3333333333333333,0.5373563218390806,0.5000000012511272,0.46264367816091945,0.6417624521072797,1.026558971028052,0.0,-0.2370012027813298,0.0,0.0,0.0,0.03591986036838957,0.023946573578926267,0.12507427213309563,0.12507427213309563
62,85,7,bg,4,0,1,2,0.7,0.3,bandit,8,0.375,0.5,11,1,0.7,1,0,1,1,0.3333333333333333,0.6250742721330956,0.35714285709345506,0.37492572786690437,0.5832838185779361,0.875349909001315,0.0,-0.34999996982775033,-2.220446049250313e-16,-1.1102230246251565e-16,-1.1102230246251565e-16,0.01754099334600745,0.011693995564004966,0.1901140684410646,0.1901140684410646
62,85,7,bg,4,0,1,2,0.7,0.3,bandit,8,0.375,0.5,12,1,0.7,0,1,1,1,0.3333333333333333,0.6901140684410646,-0.7500000000353702,-0.6901140684410646,-0.4600760456273765,0.6163269745765039,0.6653365453438909,-0.3039203486812426,0.04777956620255053,0.0,-1.1102230246251565e-16,0.025258082586427477,0.01683872172428491,0.14820742637644047,0.14820742637644047
62,85,7,bg,4,0,1,2,0.7,0.3,bandit,8,0.375,0.5,13,1,0.7,1,0,1,1,0.3333333333333333,0.6482074263764405,0.33333333315397573,0.35179257362355953,0.5678617157490397,0.8390096395271014,0.0,-0.40314200060979377,0.0,-1.1102230246251565e-16,0.0,0.012765239197530698,0.008510159465020428,0.20246913580246917,0.20246913580246917
62,85,7,bg,4,0,1,2,0.7,0.3,bandit,8,0.375,0.5,14,2,0.3,1,0,1,1,0.3333333333333333,0.29,0.9999999999999994,0.71,0.8066666666666666,1.6433394641097814,0.0,-0.08739425626637275,0.0,0.0,0.0,0.023958037976264723,0.05747126436781602,0.02873563218390801,0.23120476798637718
62,85,7,bg,4,0,1,2,0.7,0.3,bandit,8,0.375,0.5,15,2,0.3,0,1,1,1,0.3333333333333333,0.471264367816092,-0.37500000502485337,-0.471264367816092,-0.31417624521072807,0.37713460148193856,0.6927570046594116,-0.145217675089551,0.03231445903788896,0.0,1.1102230246251565e-16,0.01440063365991373,0.03970470869912224,0.08339984038308051,0.2858689761855497
62,85,7,bg,4,0,1,2,0.7,0.3,bandit,8,0.375,0.5,16,2,0.3,1,0,2,1,0.3333333333333333,0.4166001596169195,0.6999999990129862,0.5833998403830805,0.722266560255387,1.2810934751215937,0.0,-0.15234512269821188,0.0,0.0,0.0,0.030175828472756128,0.04831178160919536,0.03735632183908055,0.16511281396338862
62,85,7,bg,4,0,1,2,0.7,0.3,bandit,8,0.375,0.5,17,1,0.7,0,1,2,1,0.3333333333333333,0.7024691358024692,-0.7500000002530951,-0.7024691358024692,-0.4683127572016461,0.631699851992047,0.6605668054089235,-0.360692175399716,0.045299229434115906,2.220446049250313e-16,1.1102230246251565e-16,0.026561068058961412,0.01226870112923717,0.16480114312931637,0.12744482129023582
62,85,7,bg,4,0,1,2,0.7,0.3,bandit,8,0.375,0.5,18,2,0.3,1,0,1,1,0.3333333333333333,0.5373563218390806,0.5000000012511272,0.46264367816091945,0.6417624521072797,1.026558971028052,0.0,-0.2370012027813298,0.0,0.0,0.0,0.06488847245706286,0.02394657357892649,0.12507427213309563,0.03972687099622074
62,85,7,bg,4,0,1,2,0.7,0.3,bandit,8,0.375,0.5,19,2,0.3,0,0,1,1,0.3333333333333333,0.6250742721330956,-0.6428571429065449,-0.6250742721330956,-0.41671618142206385,0.5390813867732288,0.6828941449085093,-0.2228608825806698,0.04211572422065937,0.0,0.0,0.04672077752935999,0.032700198075834686,0.07860780984719873,0.08619333328211765
62,85,7,bg,4,0,1,2,0.7,0.3,bandit,8,0.375,0.5,20,1,0.7,0,1,1,1,0.3333333333333333,0.6648011431293164,-0.6818181815006541,-0.6648011431293164,-0.443200762086211,0.5855505386521797,0.6735513215030678,-0.3428576367419082,0.038842448820063824,0.0026419995323444523,0.0,0.05075521544853556,0.01696885247362412,0.12756629597946967,0.04895848613227094
63,90,7,gb,2,4,3,2,0.3,0.7,tycoon,13,0.75,0.625,1,1,0.3,0,0,3,2,0.3333333333333333,0.5,NaN,-0.5,-0.6666666666666667,1.09861228866811,0.0,-0.19314718051535068,0.0,0.0,0.0,0.04166666666666652,0.02777777777777768,0.16666666666666674,0.16666666666666674
63,90,7,gb,2,4,3,2,0.3,0.7,tycoon,13,0.75,0.625,2,2,0.7,1,1,2,2,0.3333333333333333,0.5,NaN,0.5,0.33333333333333326,0.4054651081081643,0.6931471805599453,-0.042791644191678,0.05378194606599747,0.0,0.0,0.08333333333333348,0.05555555555555547,0.08333333333333326,0.08333333333333326
63,90,7,gb,2,4,3,2,0.3,0.7,tycoon,13,0.75,0.625,3,2,0.7,1,0,1,2,0.3333333333333333,0.5833333333333333,1.505215796449022e-8,0.41666666666666674,0.2777777777777778,0.325422400434628,0.6901856760188042,-0.14872947946598028,0.0379367811238048,1.1102230246251565e-16,0.0,0.05288461538461542,0.03525641025641024,0.15384615384615385,0.15384615384615385
63,90,7,gb,2,4,3,2,0.3,0.7,tycoon,13,0.75,0.625,4,1,0.3,0,0,1,2,0.3333333333333333,0.33333333333333326,-3.324562949461316e-16,-0.33333333333333326,-0.5555555555555555,0.8109302162163285,0.0,-0.43194562200258524,0.0,0.0,0.0,0.0035893571976370886,0.01041666666666663,0.25,0.40384615384615385
63,90,7,gb,2,4,3,2,0.3,0.7,tycoon,13,0.75,0.625,5,1,0.3,1,1,2,2,0.3333333333333333,0.25,0.9999999999999997,0.75,0.5,0.6931471805599454,0.636514168294813,-0.29705541768766525,0.06921054690467382,0.0,0.0,0.00618473851761614,0.01666666666666672,0.2,0.35384615384615387
63,90,7,gb,2,4,3,2,0.3,0.7,tycoon,13,0.75,0.625,6,2,0.7,1,0,2,2,0.3333333333333333,0.6538461538461539,1.505215796449022e-8,0.34615384615384615,0.23076923076923073,0.262364264467491,0.6842317651303003,-0.2844497338353375,0.025781336264415255,0.0,1.1102230246251565e-16,0.032500000000000084,0.021666666666666723,0.20999999999999996,0.20999999999999996
63,90,7,gb,2,4,3,2,0.3,0.7,tycoon,13,0.75,0.625,7,1,0.3,1,0,1,2,0.3333333333333333,0.3,0.9999999937195446,0.7,0.4666666666666667,0.6286086594223742,0.6615632381579821,-0.2040059070058956,0.06231225300813881,0.0,0.0,0.0051915631285992525,0.02517361111111116,0.14583333333333331,0.3558333333333333
63,90,7,gb,2,4,3,2,0.3,0.7,tycoon,13,0.75,0.625,8,1,0.3,0,0,1,2,0.3333333333333333,0.3541666666666667,-0.24999999951793975,-0.3541666666666667,-0.5694444444444444,0.842678914530909,0.0,-0.37092869552988855,0.0,0.0,0.0,0.0013577447588695168,0.011040706605222828,0.21889400921658986,0.4288940092165898
63,90,7,gb,2,4,3,2,0.3,0.7,tycoon,13,0.75,0.625,9,1,0.3,1,1,2,2,0.3333333333333333,0.28110599078341014,0.8999999999024825,0.7188940092165899,0.47926267281105994,0.652509534828119,0.6533502750036448,-0.28542769031337345,0.058112087396657075,0.0,1.1102230246251565e-16,0.002278449653828285,0.01668510324483774,0.17256637168141586,0.38256637168141583
63,90,7,gb,2,4,3,2,0.3,0.7,tycoon,13,0.75,0.625,10,2,0.7,0,0,1,2,0.3333333333333333,0.71,-0.999999984947842,-0.71,-0.8066666666666668,1.6433394641097823,0.0,-0.08739425626637266,0.0,0.0,0.0,0.08620689655172409,0.05747126436781613,0.028735632183908066,0.028735632183908066
63,90,7,gb,2,4,3,2,0.3,0.7,tycoon,13,0.75,0.625,11,1,0.3,0,0,3,2,0.3333333333333333,0.32743362831858414,-0.2499999961301174,-0.32743362831858414,-0.5516224188790562,0.8021195865341741,0.0,-0.4271890325390063,0.0,0.0,0.0,0.008580844014723255,0.007751583820662877,0.23099415204678364,0.2597297842306917
63,90,7,gb,2,4,3,2,0.3,0.7,tycoon,13,0.75,0.625,12,2,0.7,1,1,3,2,0.3333333333333333,0.5287356321839081,0.3749999994326757,0.47126436781609193,0.31417624521072796,0.3771346014819384,0.6927570046594116,-0.14521767508955086,0.03231445903788896,0.0,-1.1102230246251565e-16,0.05955706304868302,0.039704708699122127,0.08339984038308068,0.08339984038308068
63,90,7,gb,2,4,3,2,0.3,0.7,tycoon,13,0.75,0.625,13,2,0.7,0,0,1,2,0.3333333333333333,0.5833998403830807,-0.6999999990174539,-0.5833998403830807,-0.7222665602553873,1.2810934751215948,0.0,-0.15234512269821177,0.0,0.0,0.0,0.07246767241379315,0.04831178160919547,0.037356321839080386,0.037356321839080386
63,90,7,gb,2,4,3,2,0.3,0.7,tycoon,13,0.75,0.625,14,2,0.7,1,0,4,2,0.3333333333333333,0.4626436781609196,0.500000001677886,0.5373563218390804,0.3582375478927202,0.44353705605757215,0.6923940398076736,-0.17975900900527386,0.034072908183395534,0.019402985074626677,0.012935323383084563,0.08126036484245436,0.05417357656163624,0.011608623548922115,0.011608623548922115
63,90,7,gb,2,4,3,2,0.3,0.7,tycoon,13,0.75,0.625,15,1,0.3,1,1,4,2,0.3333333333333333,0.26900584795321636,0.857142855151454,0.7309941520467836,0.48732943469785583,0.6681218129930051,0.6473288715296028,-0.3499999698277506,0.05449934993397276,0.0,0.0,0.015654176791795593,0.011693995564005188,0.1901140684410646,0.2017226919899867
63,90,7,gb,2,4,3,2,0.3,0.7,tycoon,13,0.75,0.625,16,1,0.3,1,0,3,2,0.3333333333333333,0.3098859315589354,0.7500000000338465,0.6901140684410646,0.46007604562737636,0.6163269745765037,0.6653365453438909,-0.30392034868124257,0.04777956620255086,0.0,0.0,0.022677301440481967,0.016838721724285133,0.1482074263764404,0.15981604992536252
63,90,7,gb,2,4,3,2,0.3,0.7,tycoon,13,0.75,0.625,17,2,0.7,1,0,3,2,0.3333333333333333,0.5116086235489221,0.4285714261887835,0.4883913764510779,0.32559425096738526,0.3939233476679928,0.6930813365993375,-0.22800730239285233,0.026290814189475376,0.0,0.0,0.0588601434426228,0.03924009562841535,0.05516393442622958,0.05516393442622958
63,90,7,gb,2,4,3,2,0.3,0.7,tycoon,13,0.75,0.625,18,1,0.3,0,0,1,2,0.3333333333333333,0.3517925736235596,-0.33333333817260785,-0.3517925736235596,-0.5678617157490398,0.8390096395271016,0.0,-0.403142000609794,-5.551115123125783e-17,0.0,0.0,0.006670953897033982,0.00851015946502054,0.2024691358024691,0.2576330702286987
63,90,7,gb,2,4,3,2,0.3,0.7,tycoon,13,0.75,0.625,19,2,0.7,1,1,2,2,0.3333333333333333,0.5551639344262296,0.3749999995025072,0.4448360655737704,0.2965573770491803,0.3517689651698778,0.6917799599357861,-0.2874591223088539,0.02017090234217428,0.0,1.1102230246251565e-16,0.04198335310692558,0.027988902071283683,0.0931336200504227,0.0931336200504227
63,90,7,gb,2,4,3,2,0.3,0.7,tycoon,13,0.75,0.625,20,1,0.3,1,1,4,2,0.3333333333333333,0.2975308641975309,0.7499999965275479,0.7024691358024691,0.4683127572016461,0.631699851992047,0.6605668054089235,-0.36069217539971615,0.04529922943411574,0.0,-1.1102230246251565e-16,0.006076436738409852,0.01226870112923717,0.16480114312931649,0.2579347631797392
64,118,9,gb,3,2,1,2,0.3,0.7,tycoon,14,0.625,0.375,1,1,0.3,1,1,2,2,0.3333333333333333,0.5,NaN,0.5,0.33333333333333326,0.4054651081081643,0.6931471805599453,-0.042791644191678,0.05378194606599747,0.0,-1.1102230246251565e-16,0.08333333333333348,0.05555555555555547,0.08333333333333326,0.08333333333333326
64,118,9,gb,3,2,1,2,0.3,0.7,tycoon,14,0.625,0.375,2,2,0.7,1,0,1,2,0.3333333333333333,0.5,NaN,0.5,0.33333333333333326,0.4054651081081643,0.6931471805599453,-0.042791644191678,0.05378194606599747,0.04166666666666674,1.1102230246251565e-16,0.11815201177425982,0.05555555555555547,0.08333333333333326,0.0
64,118,9,gb,3,2,1,2,0.3,0.7,tycoon,14,0.625,0.375,3,1,0.3,0,0,3,2,0.3333333333333333,0.5833333333333333,-0.999999984947842,-0.5833333333333333,-0.7222222222222222,1.2809338454620642,0.0,-0.09878147980916858,0.0,0.0,0.0,0.03737461979762402,0.04166666666666663,0.10000000000000003,0.1833333333333333
64,118,9,gb,3,2,1,2,0.3,0.7,tycoon,14,0.625,0.375,4,2,0.7,1,0,4,2,0.3333333333333333,0.5833333333333333,1.505215796449022e-8,0.41666666666666674,0.2777777777777778,0.325422400434628,0.6901856760188042,-0.14872947946598028,0.0379367811238048,1.1102230246251565e-16,1.1102230246251565e-16,0.05288461538461542,0.03525641025641024,0.15384615384615385,0.15384615384615385
64,118,9,gb,3,2,1,2,0.3,0.7,tycoon,14,0.625,0.375,5,1,0.3,0,0,3,2,0.3333333333333333,0.39999999999999997,-0.25000000000000017,-0.39999999999999997,-0.6000000000000001,0.9162907318741553,0.0,-0.29705541768766525,0.0,0.0,0.0,0.00618473851761614,0.01666666666666672,0.2,0.35384615384615387
64,118,9,gb,3,2,1,2,0.3,0.7,tycoon,14,0.625,0.375,6,2,0.7,0,0,4,2,0.3333333333333333,0.6538461538461539,-0.999999984947842,-0.6538461538461539,-0.7692307692307693,1.4663370687934272,0.0,-0.06641254138672092,0.0,0.0,0.0,0.08750000000000002,0.05833333333333324,0.033333333333333326,0.033333333333333326
64,118,9,gb,3,2,1,2,0.3,0.7,tycoon,14,0.625,0.375,7,1,0.3,1,1,4,2,0.3333333333333333,0.3,0.9999999937195446,0.7,0.4666666666666667,0.6286086594223742,0.6615632381579821,-0.2040059070058956,0.06231225300813881,0.0,0.0,0.03776041666666674,0.02517361111111116,0.14583333333333331,0.14583333333333331
64,118,9,gb,3,2,1,2,0.3,0.7,tycoon,14,0.625,0.375,8,2,0.7,1,1,3,2,0.3333333333333333,0.4666666666666667,0.5000000015235914,0.5333333333333333,0.3555555555555555,0.43936665978384565,0.6925525323607233,-0.08739425626637266,0.043140311410130014,0.01724137931034475,0.011494252873563204,0.08620689655172409,0.05747126436781602,0.028735632183908066,0.028735632183908066
64,118,9,gb,3,2,1,2,0.3,0.7,tycoon,14,0.625,0.375,9,1,0.3,0,0,3,2,0.3333333333333333,0.3541666666666667,-0.24999999951793975,-0.3541666666666667,-0.5694444444444444,0.842678914530909,0.0,-0.37092869552988855,0.0,0.0,0.0,0.012716180307703828,0.011040706605222717,0.21889400921658986,0.24762964140049792
64,118,9,gb,3,2,1,2,0.3,0.7,tycoon,14,0.625,0.375,10,2,0.7,1,0,3,2,0.3333333333333333,0.5287356321839081,0.3749999994326757,0.47126436781609193,0.31417624521072796,0.3771346014819384,0.6927570046594116,-0.14521767508955086,0.03231445903788896,0.0,-1.1102230246251565e-16,0.05955706304868302,0.039704708699122127,0.08339984038308068,0.08339984038308068
64,118,9,gb,3,2,1,2,0.3,0.7,tycoon,14,0.625,0.375,11,1,0.3,0,0,3,2,0.3333333333333333,0.28110599078341014,-0.10000000009751756,-0.28110599078341014,-0.5207373271889401,0.7355064543990868,0.0,-0.5336806470724107,0.0,0.0,0.0,0.0027216153770216467,0.004907852564102755,0.26923076923076916,0.35263060961384984
64,118,9,gb,3,2,1,2,0.3,0.7,tycoon,14,0.625,0.375,12,2,0.7,1,1,1,2,0.3333333333333333,0.5833998403830807,0.3000000009825461,0.4166001596169193,0.27773343974461273,0.3253610111961419,0.6901813069103601,-0.22325417073184653,0.02375398970768486,-1.1102230246251565e-16,0.0,0.04022790055248604,0.026818600368324064,0.12983425414364647,0.12983425414364647
64,118,9,gb,3,2,1,2,0.3,0.7,tycoon,14,0.625,0.375,13,1,0.3,0,0,1,2,0.3333333333333333,0.2307692307692308,-3.6855395877790843e-9,-0.2307692307692308,-0.4871794871794872,0.6678293725756556,0.0,-0.684530693724684,4.440892098500626e-16,0.0,0.0,0.00047521606904188385,0.002206307870370239,0.3055555555555556,0.43538980969920205
64,118,9,gb,3,2,1,2,0.3,0.7,tycoon,14,0.625,0.375,14,2,0.7,1,0,3,2,0.3333333333333333,0.6298342541436465,0.2499999999460495,0.37016574585635353,0.24677716390423576,0.28339416389113375,0.6865299089505598,-0.30920087703841675,0.017446775436758433,0.0,1.1102230246251565e-16,0.026784501494159008,0.01785633432943934,0.1685683238250476,0.1685683238250476
64,118,9,gb,3,2,1,2,0.3,0.7,tycoon,14,0.625,0.375,15,1,0.3,1,1,3,2,0.3333333333333333,0.19444444444444442,0.9999999999999994,0.8055555555555556,0.5370370370370371,0.7701082216960737,0.5929533174474745,-0.5675720130244426,0.05970528975128375,0.0,-1.1102230246251565e-16,0.0004150810155856277,0.0036041666666666305,0.274,0.4425683238250476
64,118,9,gb,3,2,1,2,0.3,0.7,tycoon,14,0.625,0.375,16,2,0.7,1,0,3,2,0.3333333333333333,0.6685683238250476,0.21428571422552145,0.3314316761749524,0.22095445078330167,0.24968576342578275,0.6827064730455019,-0.39571066482832595,0.012973104587098216,2.220446049250313e-16,1.1102230246251565e-16,0.017687144019527867,0.011791429346351912,0.20073230268510978,0.20073230268510978
64,118,9,gb,3,2,1,2,0.3,0.7,tycoon,14,0.625,0.375,17,1,0.3,1,0,1,2,0.3333333333333333,0.226,0.9374999972995257,0.774,0.516,0.7256703722655053,0.6201327158624925,-0.47241718232341934,0.05632219399913474,0.0,-1.1102230246251565e-16,0.00037891815380308724,0.005656383045329116,0.23929376408715253,0.4400260667722623
64,118,9,gb,3,2,1,2,0.3,0.7,tycoon,14,0.625,0.375,18,2,0.7,1,1,1,2,0.3333333333333333,0.7007323026851098,0.18749999560995112,0.2992676973148902,0.19951179820992682,0.22253348520479543,0.6791076299320256,-0.4791391417344009,0.00984175385178182,-1.1102230246251565e-16,0.0,0.011631613964404819,0.00775440930960325,0.2275499454804193,0.2275499454804193
64,118,9,gb,3,2,1,2,0.3,0.7,tycoon,14,0.625,0.375,19,2,0.7,1,1,3,2,0.3333333333333333,0.7275499454804193,0.16666666576379163,0.2724500545195807,0.18163336967972044,0.20044483946697284,0.6758665393660739,-0.5580527251703005,0.007640859362410435,1.1102230246251565e-16,1.1102230246251565e-16,0.00763730493891257,0.0050915366259417505,0.25010350564199846,0.25010350564199846
64,118,9,gb,3,2,1,2,0.3,0.7,tycoon,14,0.625,0.375,20,1,0.3,1,0,3,2,0.3333333333333333,0.2607062359128475,0.8333333356291609,0.7392937640871525,0.49286250939143494,0.6789731275225817,0.6428206018242861,-0.403142000609794,0.0513455323712978,0.0,0.0,0.00020766609967470817,0.008510159465020761,0.2024691358024691,0.45257264144446757
65,110,9,bg,3,3,3,2,0.7,0.3,tycoon,15,0.625,0.75,1,2,0.3,1,0,1,2,0.3333333333333333,0.5,NaN,0.5,0.33333333333333326,0.4054651081081643,0.6931471805599453,-0.042791644191678,0.05378194606599747,0.0,-1.1102230246251565e-16,0.08333333333333348,0.05555555555555547,0.08333333333333326,0.08333333333333326
65,110,9,bg,3,3,3,2,0.7,0.3,tycoon,15,0.625,0.75,2,1,0.7,1,1,4,2,0.3333333333333333,0.5,NaN,0.5,0.33333333333333326,0.4054651081081643,0.6931471805599453,-0.042791644191678,0.05378194606599747,0.04166666666666674,1.1102230246251565e-16,0.11815201177425982,0.05555555555555547,0.08333333333333326,0.0
65,110,9,bg,3,3,3,2,0.7,0.3,tycoon,15,0.625,0.75,3,2,0.3,0,0,1,2,0.3333333333333333,0.5833333333333333,-0.999999984947842,-0.5833333333333333,-0.7222222222222222,1.2809338454620642,0.0,-0.09878147980916858,0.0,0.0,0.0,0.03737461979762402,0.04166666666666663,0.10000000000000003,0.1833333333333333
65,110,9,bg,3,3,3,2,0.7,0.3,tycoon,15,0.625,0.75,4,2,0.3,0,0,4,2,0.3333333333333333,0.39999999999999997,-0.25000000000000017,-0.39999999999999997,-0.6000000000000001,0.9162907318741553,0.0,-0.29705541768766525,0.0,0.0,0.0,0.012558678013545599,0.016666666666666607,0.2,0.28333333333333327
65,110,9,bg,3,3,3,2,0.7,0.3,tycoon,15,0.625,0.75,5,1,0.7,1,0,4,2,0.3333333333333333,0.5833333333333333,1.505215796449022e-8,0.41666666666666674,0.2777777777777778,0.325422400434628,0.6901856760188042,-0.14872947946598028,0.0379367811238048,1.1102230246251565e-16,1.1102230246251565e-16,0.05288461538461542,0.03525641025641024,0.15384615384615385,0.15384615384615385
65,110,9,bg,3,3,3,2,0.7,0.3,tycoon,15,0.625,0.75,6,2,0.3,1,1,4,2,0.3333333333333333,0.3,0.9999999937195446,0.7,0.4666666666666667,0.6286086594223742,0.6615632381579821,-0.2040059070058956,0.06231225300813881,0.0,0.0,0.010019403774606639,0.02517361111111116,0.14583333333333331,0.29967948717948717
65,110,9,bg,3,3,3,2,0.7,0.3,tycoon,15,0.625,0.75,7,1,0.7,1,0,4,2,0.3333333333333333,0.6538461538461539,1.505215796449022e-8,0.34615384615384615,0.23076923076923073,0.262364264467491,0.6842317651303003,-0.2844497338353375,0.025781336264415255,0.0,-1.1102230246251565e-16,0.032500000000000084,0.021666666666666612,0.20999999999999996,0.20999999999999996
65,110,9,bg,3,3,3,2,0.7,0.3,tycoon,15,0.625,0.75,8,2,0.3,1,0,1,2,0.3333333333333333,0.3541666666666667,0.7500000004820603,0.6458333333333333,0.4305555555555556,0.5630940523117476,0.6785008770139087,-0.15713508424224704,0.05316704774777181,0.0,0.0,0.008090303847175129,0.03585946573751453,0.09059233449477344,0.3005923344947734
65,110,9,bg,3,3,3,2,0.7,0.3,tycoon,15,0.625,0.75,9,1,0.7,0,0,4,2,0.3333333333333333,0.71,-0.999999984947842,-0.71,-0.8066666666666668,1.6433394641097823,0.0,-0.08739425626637266,0.0,0.0,0.0,0.08620689655172409,0.05747126436781613,0.028735632183908066,0.028735632183908066
65,110,9,bg,3,3,3,2,0.7,0.3,tycoon,15,0.625,0.75,10,1,0.7,1,1,4,2,0.3333333333333333,0.5287356321839081,0.3749999994326757,0.47126436781609193,0.31417624521072796,0.3771346014819384,0.6927570046594116,-0.14521767508955086,0.03231445903788896,0.0,0.0,0.05955706304868302,0.039704708699122016,0.08339984038308068,0.08339984038308068
65,110,9,bg,3,3,3,2,0.7,0.3,tycoon,15,0.625,0.75,11,2,0.3,1,0,4,2,0.3333333333333333,0.40940766550522656,0.6000000032547178,0.5905923344947734,0.39372822299651555,0.5004269165450919,0.6881771822372582,-0.15234512269821177,0.04329848222372057,0.0,0.008301404853129024,0.04051807632557691,0.04831178160919536,0.037356321839080386,0.12075616222216107
65,110,9,bg,3,3,3,2,0.7,0.3,tycoon,15,0.625,0.75,12,1,0.7,1,1,3,2,0.3333333333333333,0.5833998403830807,0.3000000009825461,0.4166001596169193,0.27773343974461273,0.3253610111961419,0.6901813069103601,-0.22325417073184653,0.02375398970768486,-1.1102230246251565e-16,1.1102230246251565e-16,0.04022790055248604,0.026818600368324064,0.12983425414364647,0.12983425414364647
65,110,9,bg,3,3,3,2,0.7,0.3,tycoon,15,0.625,0.75,13,2,0.3,0,0,1,2,0.3333333333333333,0.4626436781609196,-0.499999998322114,-0.4626436781609196,-0.6417624521072798,1.0265589710280523,0.0,-0.23700120278132994,0.0,0.0,0.0,0.010441280290998112,0.02394657357892649,0.12507427213309563,0.2549085262767421
65,110,9,bg,3,3,3,2,0.7,0.3,tycoon,15,0.625,0.75,14,1,0.7,1,0,4,2,0.3333333333333333,0.6298342541436465,0.2499999999460495,0.37016574585635353,0.24677716390423576,0.28339416389113375,0.6865299089505598,-0.30920087703841675,0.017446775436758433,0.0,0.0,0.026784501494159008,0.01785633432943934,0.1685683238250476,0.1685683238250476
65,110,9,bg,3,3,3,2,0.7,0.3,tycoon,15,0.625,0.75,15,1,0.7,1,1,4,2,0.3333333333333333,0.6685683238250476,0.21428571422552145,0.3314316761749524,0.22095445078330167,0.24968576342578275,0.6827064730455019,-0.39571066482832595,0.012973104587098216,2.220446049250313e-16,0.0,0.017687144019527867,0.011791429346351912,0.20073230268510978,0.20073230268510978
65,110,9,bg,3,3,3,2,0.7,0.3,tycoon,15,0.625,0.75,16,1,0.7,1,1,4,2,0.3333333333333333,0.7007323026851098,0.18749999560995112,0.2992676973148902,0.19951179820992682,0.22253348520479543,0.6791076299320256,-0.4791391417344009,0.00984175385178182,-1.1102230246251565e-16,1.1102230246251565e-16,0.011631613964404819,0.007754409309603472,0.2275499454804193,0.2275499454804193
65,110,9,bg,3,3,3,2,0.7,0.3,tycoon,15,0.625,0.75,17,1,0.7,1,1,4,2,0.3333333333333333,0.7275499454804193,0.16666666576379163,0.2724500545195807,0.18163336967972044,0.20044483946697284,0.6758665393660739,-0.5580527251703005,0.007640859362410435,1.1102230246251565e-16,1.1102230246251565e-16,0.00763730493891257,0.0050915366259417505,0.25010350564199846,0.25010350564199846
65,110,9,bg,3,3,3,2,0.7,0.3,tycoon,15,0.625,0.75,18,2,0.3,0,0,4,2,0.3333333333333333,0.37492572786690437,-0.35714285711591753,-0.37492572786690437,-0.5832838185779363,0.8753499090013155,0.0,-0.3499999698277506,-3.3306690738754696e-16,0.0,1.1102230246251565e-16,0.00047707378026173863,0.011693995564005077,0.1901140684410646,0.44021757408306306
65,110,9,bg,3,3,3,2,0.7,0.3,tycoon,15,0.625,0.75,19,1,0.7,1,0,4,2,0.3333333333333333,0.7501035056419985,0.150000003887101,0.24989649435800154,0.1665976629053343,0.18223875570846026,0.6729982360996121,-0.6321463133369446,0.006070404564555654,0.0,-1.1102230246251565e-16,0.005014107447041116,0.0033427382980272258,0.2692689835342672,0.2692689835342672
65,110,9,bg,3,3,3,2,0.7,0.3,tycoon,15,0.625,0.75,20,1,0.7,1,0,4,2,0.3333333333333333,0.7692689835342672,0.1363636364214903,0.2307310164657328,0.1538206776438218,0.16702397687729043,0.6704725392173686,-0.7016137230328472,0.004926175002460287,-1.1102230246251565e-16,0.0,0.0032940647694743586,0.0021960431796496094,0.2857282641187262,0.2857282641187262
66,110,9,gb,3,1,4,3,0.7,0.3,tycoon,12,0.875,0.5,1,1,0.7,1,1,2,2,0.3333333333333333,0.5,NaN,0.5,0.33333333333333326,0.4054651081081643,0.6931471805599453,-0.042791644191678,0.05378194606599747,0.0,-1.1102230246251565e-16,0.08333333333333348,0.05555555555555547,0.08333333333333326,0.08333333333333326
66,110,9,gb,3,1,4,3,0.7,0.3,tycoon,12,0.875,0.5,2,2,0.3,1,1,3,2,0.3333333333333333,0.5,NaN,0.5,0.33333333333333326,0.4054651081081643,0.6931471805599453,-0.042791644191678,0.05378194606599747,0.04166666666666674,1.1102230246251565e-16,0.11815201177425982,0.05555555555555547,0.08333333333333326,0.0
66,110,9,gb,3,1,4,3,0.7,0.3,tycoon,12,0.875,0.5,3,2,0.3,1,1,4,2,0.3333333333333333,0.5833333333333333,1.505215796449022e-8,0.41666666666666674,0.2777777777777778,0.325422400434628,0.6901856760188042,-0.14872947946598028,0.0379367811238048,1.1102230246251565e-16,-1.1102230246251565e-16,0.07870741894476108,0.03525641025641024,0.15384615384615385,0.0705128205128206
66,110,9,gb,3,1,4,3,0.7,0.3,tycoon,12,0.875,0.5,4,1,0.7,0,0,1,2,0.3333333333333333,0.5833333333333333,-0.999999984947842,-0.5833333333333333,-0.7222222222222222,1.2809338454620642,0.0,-0.09878147980916858,0.0,0.0,0.0,0.022014723426480476,0.04166666666666663,0.10000000000000003,0.2538461538461539
66,110,9,gb,3,1,4,3,0.7,0.3,tycoon,12,0.875,0.5,5,1,0.7,1,1,2,2,0.3333333333333333,0.39999999999999997,0.7499999999999998,0.6000000000000001,0.3999999999999999,0.5108256237659905,0.6869615765973234,-0.06641254138672092,0.05538446170840036,0.0,0.014814814814814947,0.032568046699056996,0.05833333333333346,0.033333333333333326,0.18717948717948718
66,110,9,gb,3,1,4,3,0.7,0.3,tycoon,12,0.875,0.5,6,2,0.3,1,0,1,2,0.3333333333333333,0.6538461538461539,1.505215796449022e-8,0.34615384615384615,0.23076923076923073,0.262364264467491,0.6842317651303003,-0.2844497338353375,0.025781336264415255,0.0,1.1102230246251565e-16,0.032500000000000084,0.021666666666666723,0.20999999999999996,0.20999999999999996
66,110,9,gb,3,1,4,3,0.7,0.3,tycoon,12,0.875,0.5,7,2,0.3,0,0,1,2,0.3333333333333333,0.71,-0.999999984947842,-0.71,-0.8066666666666668,1.6433394641097823,0.0,-0.08739425626637266,0.0,0.0,0.0,0.08620689655172409,0.05747126436781613,0.028735632183908066,0.028735632183908066
66,110,9,gb,3,1,4,3,0.7,0.3,tycoon,12,0.875,0.5,8,2,0.3,1,1,1,2,0.3333333333333333,0.5287356321839081,0.3749999994326757,0.47126436781609193,0.31417624521072796,0.3771346014819384,0.6927570046594116,-0.14521767508955086,0.03231445903788896,0.0,0.0,0.05955706304868302,0.039704708699122127,0.08339984038308068,0.08339984038308068
66,110,9,gb,3,1,4,3,0.7,0.3,tycoon,12,0.875,0.5,9,1,0.7,0,0,2,2,0.3333333333333333,0.4666666666666667,-0.49999999847640864,-0.4666666666666667,-0.6444444444444445,1.0340737675305387,0.0,-0.2040059070058956,0.0,0.0,0.0,0.01969879053055823,0.02517361111111116,0.14583333333333331,0.229233173716414
66,110,9,gb,3,1,4,3,0.7,0.3,tycoon,12,0.875,0.5,10,2,0.3,0,0,1,2,0.3333333333333333,0.5833998403830807,-0.6999999990174539,-0.5833998403830807,-0.7222665602553873,1.2810934751215948,0.0,-0.15234512269821177,0.0,0.0,0.0,0.07246767241379315,0.04831178160919547,0.037356321839080386,0.037356321839080386
66,110,9,gb,3,1,4,3,0.7,0.3,tycoon,12,0.875,0.5,11,1,0.7,0,0,2,2,0.3333333333333333,0.3541666666666667,-0.24999999951793975,-0.3541666666666667,-0.5694444444444444,0.842678914530909,0.0,-0.37092869552988855,0.0,0.0,0.0,0.016561059907834075,0.011040706605222717,0.21889400921658986,0.21889400921658986
66,110,9,gb,3,1,4,3,0.7,0.3,tycoon,12,0.875,0.5,12,2,0.3,0,0,2,2,0.3333333333333333,0.4626436781609196,-0.499999998322114,-0.4626436781609196,-0.6417624521072798,1.0265589710280523,0.0,-0.23700120278132994,0.0,0.0,0.0,0.03591986036838979,0.02394657357892649,0.12507427213309563,0.12507427213309563
66,110,9,gb,3,1,4,3,0.7,0.3,tycoon,12,0.875,0.5,13,1,0.7,1,0,4,2,0.3333333333333333,0.28110599078341014,0.8999999999024825,0.7188940092165899,0.47926267281105994,0.652509534828119,0.6533502750036448,-0.28542769031337345,0.058112087396657075,0.0,0.0,0.025027654867256555,0.01668510324483774,0.17256637168141586,0.17256637168141586
66,110,9,gb,3,1,4,3,0.7,0.3,tycoon,12,0.875,0.5,14,2,0.3,1,1,1,2,0.3333333333333333,0.37492572786690437,0.6428571428840825,0.6250742721330956,0.4167161814220637,0.5390813867732285,0.6828941449085093,-0.2228608825806696,0.04211572422065968,0.0,0.0,0.049050297113752195,0.0327001980758348,0.07860780984719856,0.07860780984719856
66,110,9,gb,3,1,4,3,0.7,0.3,tycoon,12,0.875,0.5,15,1,0.7,0,0,4,2,0.3333333333333333,0.32743362831858414,-0.2499999961301174,-0.32743362831858414,-0.5516224188790562,0.8021195865341741,0.0,-0.4271890325390063,0.0,0.0,0.0,0.01162737573099415,0.007751583820662766,0.23099415204678364,0.23099415204678364
66,110,9,gb,3,1,4,3,0.7,0.3,tycoon,12,0.875,0.5,16,1,0.7,1,0,3,2,0.3333333333333333,0.26900584795321636,0.857142855151454,0.7309941520467836,0.48732943469785583,0.6681218129930051,0.6473288715296028,-0.3499999698277506,0.05449934993397276,0.0,0.0,0.01754099334600767,0.011693995564005188,0.1901140684410646,0.1901140684410646
66,110,9,gb,3,1,4,3,0.7,0.3,tycoon,12,0.875,0.5,17,2,0.3,1,0,3,2,0.3333333333333333,0.42139219015280144,0.5624999999673466,0.5786078098471985,0.38573853989813234,0.4873346106903918,0.6895034991417229,-0.23609603900380224,0.03414268066623985,0.007755833626480357,0.005170555750986905,0.06399112392582529,0.04266074928388364,0.034901251319161664,0.034901251319161664
66,110,9,gb,3,1,4,3,0.7,0.3,tycoon,12,0.875,0.5,18,1,0.7,0,0,4,2,0.3333333333333333,0.3098859315589354,-0.24999999996615352,-0.3098859315589354,-0.5399239543726236,0.7763634865810236,0.0,-0.47241718232341934,-1.1102230246251565e-16,0.0,0.0,0.008484574567994008,0.005656383045329227,0.23929376408715253,0.23929376408715253
66,110,9,gb,3,1,4,3,0.7,0.3,tycoon,12,0.875,0.5,19,1,0.7,1,0,1,2,0.3333333333333333,0.2607062359128475,0.8333333356291609,0.7392937640871525,0.49286250939143494,0.6789731275225817,0.6428206018242861,-0.403142000609794,0.0513455323712978,0.0,0.0,0.012765239197530809,0.00851015946502054,0.2024691358024691,0.2024691358024691
66,110,9,gb,3,1,4,3,0.7,0.3,tycoon,12,0.875,0.5,20,2,0.3,1,1,1,2,0.3333333333333333,0.46509874868083834,0.5000000018629867,0.5349012513191617,0.35660083421277444,0.4409899607474866,0.692493142237828,-0.2683627562159892,0.027180458416647513,0.018081699601655954,0.01205446640110397,0.0751776927282668,0.050118461818844606,0.005011846181884438,0.005011846181884438
67,7,0,gb,3,3,4,3,0.3,0.7,tycoon,14,0.75,0.875,1,1,0.3,1,1,1,2,0.3333333333333333,0.5,NaN,0.5,0.33333333333333326,0.4054651081081643,0.6931471805599453,-0.042791644191678,0.05378194606599747,0.0,-1.1102230246251565e-16,0.08333333333333348,0.05555555555555547,0.08333333333333326,0.08333333333333326
67,7,0,gb,3,3,4,3,0.3,0.7,tycoon,14,0.75,0.875,2,1,0.3,0,0,1,2,0.3333333333333333,0.5833333333333333,-0.999999984947842,-0.5833333333333333,-0.7222222222222222,1.2809338454620642,0.0,-0.09878147980916858,0.0,0.0,0.0,0.0625,0.04166666666666663,0.10000000000000003,0.10000000000000003
67,7,0,gb,3,3,4,3,0.3,0.7,tycoon,14,0.75,0.875,3,1,0.3,1,0,1,2,0.3333333333333333,0.39999999999999997,0.7499999999999998,0.6000000000000001,0.3999999999999999,0.5108256237659905,0.6869615765973234,-0.06641254138672092,0.05538446170840036,0.022222222222222254,0.014814814814814836,0.08750000000000002,0.05833333333333335,0.033333333333333326,0.033333333333333326
67,7,0,gb,3,3,4,3,0.3,0.7,tycoon,14,0.75,0.875,4,2,0.7,1,0,1,2,0.3333333333333333,0.5,NaN,0.5,0.33333333333333326,0.4054651081081643,0.6931471805599453,-0.042791644191678,0.05378194606599747,0.0,-1.1102230246251565e-16,0.08333333333333348,0.05555555555555547,0.08333333333333326,0.08333333333333326
67,7,0,gb,3,3,4,3,0.3,0.7,tycoon,14,0.75,0.875,5,2,0.7,1,0,1,2,0.3333333333333333,0.5833333333333333,1.505215796449022e-8,0.41666666666666674,0.2777777777777778,0.325422400434628,0.6901856760188042,-0.14872947946598028,0.0379367811238048,1.1102230246251565e-16,1.1102230246251565e-16,0.05288461538461542,0.03525641025641035,0.15384615384615385,0.15384615384615385
67,7,0,gb,3,3,4,3,0.3,0.7,tycoon,14,0.75,0.875,6,2,0.7,1,1,1,2,0.3333333333333333,0.6538461538461539,1.505215796449022e-8,0.34615384615384615,0.23076923076923073,0.262364264467491,0.6842317651303003,-0.2844497338353375,0.025781336264415255,0.0,1.1102230246251565e-16,0.032500000000000084,0.021666666666666723,0.20999999999999996,0.20999999999999996
67,7,0,gb,3,3,4,3,0.3,0.7,tycoon,14,0.75,0.875,7,2,0.7,1,1,1,2,0.3333333333333333,0.71,1.505215796449022e-8,0.29000000000000004,0.19333333333333325,0.21484474849951454,0.6780102022798757,-0.42625540231422954,0.017393591340592707,1.1102230246251565e-16,1.1102230246251565e-16,0.01962809917355368,0.013085399449035862,0.2534435261707988,0.2534435261707988
67,7,0,gb,3,3,4,3,0.3,0.7,tycoon,14,0.75,0.875,8,2,0.7,0,0,1,2,0.3333333333333333,0.7534435261707988,-0.999999984947842,-0.7534435261707988,-0.8356290174471993,1.8056293170922058,0.0,-0.14521767508955086,0.0,0.0,0.0,0.05955706304868302,0.039704708699122127,0.08339984038308068,0.08339984038308068
67,7,0,gb,3,3,4,3,0.3,0.7,tycoon,14,0.75,0.875,9,2,0.7,0,0,1,2,0.3333333333333333,0.5833998403830807,-0.6999999990174539,-0.5833998403830807,-0.7222665602553873,1.2810934751215948,0.0,-0.15234512269821177,0.0,0.0,0.0,0.07246767241379315,0.04831178160919547,0.037356321839080386,0.037356321839080386
67,7,0,gb,3,3,4,3,0.3,0.7,tycoon,14,0.75,0.875,10,2,0.7,1,0,1,2,0.3333333333333333,0.4626436781609196,0.500000001677886,0.5373563218390804,0.3582375478927202,0.44353705605757215,0.6923940398076736,-0.17975900900527386,0.034072908183395534,0.019402985074626677,0.012935323383084563,0.08126036484245436,0.05417357656163635,0.011608623548922115,0.011608623548922115
67,7,0,gb,3,3,4,3,0.3,0.7,tycoon,14,0.75,0.875,11,2,0.7,1,0,1,2,0.3333333333333333,0.5116086235489221,0.4285714261887835,0.4883913764510779,0.32559425096738526,0.3939233476679928,0.6930813365993375,-0.22800730239285233,0.026290814189475376,0.0,0.0,0.0588601434426228,0.03924009562841524,0.05516393442622958,0.05516393442622958
67,7,0,gb,3,3,4,3,0.3,0.7,tycoon,14,0.75,0.875,12,2,0.7,1,0,1,2,0.3333333333333333,0.5551639344262296,0.3749999995025072,0.4448360655737704,0.2965573770491803,0.3517689651698778,0.6917799599357861,-0.2874591223088539,0.02017090234217428,0.0,0.0,0.04198335310692558,0.027988902071283683,0.0931336200504227,0.0931336200504227
67,7,0,gb,3,3,4,3,0.3,0.7,tycoon,14,0.75,0.875,13,1,0.3,1,1,1,2,0.3333333333333333,0.4666666666666667,0.5000000015235914,0.5333333333333333,0.3555555555555555,0.43936665978384565,0.6925525323607233,-0.08739425626637266,0.043140311410130014,0.0010159535388764018,0.011494252873563204,0.06849342168404293,0.05747126436781602,0.028735632183908066,0.06439798786651463
67,7,0,gb,3,3,4,3,0.3,0.7,tycoon,14,0.75,0.875,14,1,0.3,1,1,1,2,0.3333333333333333,0.5287356321839081,0.3749999994326757,0.47126436781609193,0.31417624521072796,0.3771346014819384,0.6927570046594116,-0.14521767508955086,0.03231445903788896,0.02156580102755612,0.0,0.08758663462684724,0.039704708699122016,0.08339984038308068,0.009733779667342013
67,7,0,gb,3,3,4,3,0.3,0.7,tycoon,14,0.75,0.875,15,1,0.3,1,0,1,2,0.3333333333333333,0.5833998403830807,0.3000000009825461,0.4166001596169193,0.27773343974461273,0.3253610111961419,0.6901813069103601,-0.22325417073184653,0.02375398970768486,0.0044922379090900355,1.1102230246251565e-16,0.07014550987429813,0.026818600368324064,0.12983425414364647,0.03670063409322377
67,7,0,gb,3,3,4,3,0.3,0.7,tycoon,14,0.75,0.875,16,1,0.3,1,1,1,2,0.3333333333333333,0.6298342541436465,0.2499999999460495,0.37016574585635353,0.24677716390423576,0.28339416389113375,0.6865299089505598,-0.30920087703841675,0.017446775436758433,0.0,0.0,0.05011592730656622,0.01785633432943934,0.1685683238250476,0.07543470377462491
67,7,0,gb,3,3,4,3,0.3,0.7,tycoon,14,0.75,0.875,17,1,0.3,0,0,1,2,0.3333333333333333,0.6685683238250476,-0.7857142857744785,-0.6685683238250476,-0.7790455492166983,1.5097987037598832,0.0,-0.22800730239285233,0.0,0.0,0.0,0.06308447189229982,0.03924009562841535,0.05516393442622958,0.03796968562419312
67,7,0,gb,3,3,4,3,0.3,0.7,tycoon,14,0.75,0.875,18,1,0.3,0,0,1,2,0.3333333333333333,0.5551639344262296,-0.6250000004974928,-0.5551639344262296,-0.7034426229508197,1.2155145647661076,0.0,-0.23609603900380224,0.0,0.0,0.0,0.030068388277995517,0.04266074928388364,0.034901251319161664,0.12803487136958436
67,7,0,gb,3,3,4,3,0.3,0.7,tycoon,14,0.75,0.875,19,1,0.3,1,1,1,2,0.3333333333333333,0.46509874868083834,0.5000000018629867,0.5349012513191617,0.35660083421277444,0.4409899607474866,0.692493142237828,-0.2683627562159892,0.027180458416647513,0.0,0.012054466401103858,0.03911767354317963,0.050118461818844495,0.005011846181884438,0.08812177386853826
67,7,0,gb,3,3,4,3,0.3,0.7,tycoon,14,0.75,0.875,20,1,0.3,0,0,1,2,0.3333333333333333,0.5050118461818844,-0.5500000000020191,-0.5050118461818844,-0.6700078974545898,1.1086865564885535,0.0,-0.29265509243877486,5.551115123125783e-17,0.0,0.0,0.018949885083474838,0.030589443846531283,0.06757675314376349,0.16071037319418618
