oid,Attn1,Attn2,order.x,Left1,Left2,Right1,Right2,mineprob1,mineprob2,agent_cond,total_feedback,EstLow,EstHigh,trial_num,subj_choice,chosen_mine_prob,feedback,Intervention,Curiosity,condition,latent_prob,Mean_theta,RPE_MAP,RPE_mean,RPE_full,Surprise,Entropy_z,Entropy_theta,EIG_theta,VOI_z_choice,VOI_z_prediction,VOI_theta_choice,VOI_theta_prediction,Difference_50,Difference_competitor
1,A squirrel,I am a slightly curious person,gb,3,2,3,2,0.3,0.7,bandit,11,0.625,0.625,1,2,0.7,1,0,1,1,0.3333333333333333,0.5,NaN,0.5,0.6666666666666666,1.0986122886681096,0.0,-0.19314718051535087,0.0,0.0,0.0,0.04166666666666663,0.02777777777777779,0.16666666666666663,0.16666666666666663
1,A squirrel,I am a slightly curious person,gb,3,2,3,2,0.3,0.7,bandit,11,0.625,0.625,2,1,0.3,1,0,1,1,0.3333333333333333,0.5,NaN,0.5,0.6666666666666666,1.0986122886681096,0.0,-0.19314718051535087,0.0,0.0,0.0,0.09876543899117163,0.02777777777777779,0.16666666666666663,0.0
1,A squirrel,I am a slightly curious person,gb,3,2,3,2,0.3,0.7,bandit,11,0.625,0.625,3,1,0.3,0,1,4,1,0.3333333333333333,0.6666666666666666,-0.999999984947842,-0.6666666666666666,-0.44444444444444453,0.5877866649021192,0.6730116670092565,-0.09878147980916833,0.0671439495179084,0.0,-1.1102230246251565e-16,0.0716049451648284,0.04166666666666641,0.09999999999999987,0.06666666666666676
1,A squirrel,I am a slightly curious person,gb,3,2,3,2,0.3,0.7,bandit,11,0.625,0.625,4,2,0.7,1,0,1,1,0.3333333333333333,0.6666666666666666,1.505215796449022e-8,0.33333333333333337,0.5555555555555555,0.8109302162163285,0.0,-0.4319456220025852,0.0,0.0,0.0,0.03239999862596443,0.01041666666666674,0.2499999999999999,0.15000000000000002
1,A squirrel,I am a slightly curious person,gb,3,2,3,2,0.3,0.7,bandit,11,0.625,0.625,5,1,0.3,1,0,1,1,0.3333333333333333,0.5999999999999999,0.2499999999999999,0.40000000000000013,0.6000000000000001,0.9162907318741551,0.0,-0.29705541768766514,0.0,0.0,0.0,0.060742187500000044,0.01666666666666672,0.19999999999999996,0.04999999999999993
1,A squirrel,I am a slightly curious person,gb,3,2,3,2,0.3,0.7,bandit,11,0.625,0.625,6,2,0.7,1,0,1,1,0.3333333333333333,0.7499999999999999,1.505215796449022e-8,0.2500000000000001,0.5,0.6931471805599453,0.0,-0.6362943611237484,0.0,0.0,0.0,0.03361399956368538,0.004166666666666652,0.29999999999999993,0.09999999999999998
1,A squirrel,I am a slightly curious person,gb,3,2,3,2,0.3,0.7,bandit,11,0.625,0.625,7,1,0.3,0,0,4,1,0.3333333333333333,0.7,-0.999999984947842,-0.7,-0.4666666666666667,0.6286086594223742,0.6615632381579821,-0.20400590700589533,0.06231225300813903,0.0,0.0,0.027763999501326353,0.02517361111111094,0.14583333333333326,0.15416666666666667
1,A squirrel,I am a slightly curious person,gb,3,2,3,2,0.3,0.7,bandit,11,0.625,0.625,8,2,0.7,1,0,1,1,0.3333333333333333,0.7999999999999999,1.505215796449022e-8,0.20000000000000007,0.4666666666666667,0.6286086594223742,0.0,-0.809437912431769,-3.3306690738754696e-16,0.0,0.0,0.01209404694236671,0.0017361111111111605,0.33333333333333326,0.1875
1,A squirrel,I am a slightly curious person,gb,3,2,3,2,0.3,0.7,bandit,11,0.625,0.625,9,2,0.7,1,0,1,1,0.3333333333333333,0.8333333333333333,1.505215796449022e-8,0.16666666666666674,0.4444444444444444,0.587786664902119,0.0,-0.9584261358948126,-1.1102230246251565e-16,0.0,0.0,0.006694919840059543,0.0007440476190477829,0.3571428571428571,0.21130952380952384
1,A squirrel,I am a slightly curious person,gb,3,2,3,2,0.3,0.7,bandit,11,0.625,0.625,10,2,0.7,0,1,4,1,0.3333333333333333,0.8571428571428571,-0.999999984947842,-0.8571428571428571,-0.5714285714285715,0.8472978603872038,0.5297061990576547,-0.8170957173412366,0.06105648341012904,1.1102230246251565e-16,1.1102230246251565e-16,0.010577042620734,0.0013020833333334814,0.33333333333333337,0.1875000000000001
1,A squirrel,I am a slightly curious person,gb,3,2,3,2,0.3,0.7,bandit,11,0.625,0.625,11,1,0.3,1,0,1,1,0.3333333333333333,0.6458333333333333,0.2500000021590544,0.35416666666666674,0.5694444444444444,0.8426789145309089,0.0,-0.37092869552988844,0.0,0.0,0.0,0.02775084858662724,0.011040706605222717,0.21889400921658986,0.11443932411674351
1,A squirrel,I am a slightly curious person,gb,3,2,3,2,0.3,0.7,bandit,11,0.625,0.625,12,1,0.3,0,1,4,1,0.3333333333333333,0.7188940092165899,-0.9000000044367091,-0.7188940092165899,-0.47926267281105994,0.652509534828119,0.6533502750036451,-0.28542769031337323,0.058112087396657075,0.0,1.1102230246251565e-16,0.019755234071058836,0.01668510324483774,0.17256637168141586,0.1607669616519175
1,A squirrel,I am a slightly curious person,gb,3,2,3,2,0.3,0.7,bandit,11,0.625,0.625,13,2,0.7,0,1,4,1,0.3333333333333333,0.8333333333333334,-0.999999984947842,-0.8333333333333334,-0.5555555555555556,0.8109302162163288,0.5623351446188083,-0.6845306937246839,0.06125593427715759,-1.1102230246251565e-16,0.0,0.02076265369078578,0.002206307870370239,0.3055555555555556,0.13298918387413972
1,A squirrel,I am a slightly curious person,gb,3,2,3,2,0.3,0.7,bandit,11,0.625,0.625,14,1,0.3,0,0,4,1,0.3333333333333333,0.6725663716814159,-0.7500000000027015,-0.6725663716814159,-0.44837758112094395,0.5948914905258637,0.67123888203318,-0.2370012027813298,0.05044154348753849,0.0,0.0,0.018813536982777546,0.023946573578926378,0.12507427213309563,0.18048128342245995
1,A squirrel,I am a slightly curious person,gb,3,2,3,2,0.3,0.7,bandit,11,0.625,0.625,15,2,0.7,0,1,4,1,0.3333333333333333,0.8055555555555556,-0.999999984947842,-0.8055555555555556,-0.537037037037037,0.7701082216960735,0.5929533174474745,-0.5675720130244422,0.05970528975128386,-2.220446049250313e-16,0.0,0.020083604713617365,0.0036041666666665195,0.274,0.1489257278669044
1,A squirrel,I am a slightly curious person,gb,3,2,3,2,0.3,0.7,bandit,11,0.625,0.625,16,2,0.7,0,1,4,1,0.3333333333333333,0.774,-0.9374999927835462,-0.774,-0.516,0.7256703722655053,0.6201327158624925,-0.47241718232341906,0.05632219399913446,0.0,-1.1102230246251565e-16,0.029210289968455316,0.005656383045329116,0.23929376408715253,0.1142194919540569
1,A squirrel,I am a slightly curious person,gb,3,2,3,2,0.3,0.7,bandit,11,0.625,0.625,17,2,0.7,1,0,1,1,0.3333333333333333,0.7392937640871525,0.16666666686549658,0.2607062359128475,0.507137490608565,0.7075250294510225,0.0,-0.5955631174764747,-1.1102230246251565e-16,0.0,0.0,0.01719485774420626,0.002719951515921193,0.2771849593495934,0.1521106872164978
1,A squirrel,I am a slightly curious person,gb,3,2,3,2,0.3,0.7,bandit,11,0.625,0.625,18,2,0.7,0,1,4,1,0.3333333333333333,0.7771849593495934,-0.899999999903316,-0.7771849593495934,-0.5181233062330624,0.7300670197198772,0.6177014576144872,-0.5103029326983979,0.0532386187643894,1.1102230246251565e-16,0.0,0.02479716493031936,0.004242992654679645,0.24523455454914145,0.12016028241604582
1,A squirrel,I am a slightly curious person,gb,3,2,3,2,0.3,0.7,bandit,11,0.625,0.625,19,1,0.3,1,0,1,1,0.3333333333333333,0.6250742721330956,0.35714285709345506,0.37492572786690437,0.5832838185779361,0.875349909001315,0.0,-0.34999996982775033,-2.220446049250313e-16,0.0,-1.1102230246251565e-16,0.05003138612032587,0.011693995564004966,0.1901140684410646,0.05512048610807685
1,A squirrel,I am a slightly curious person,gb,3,2,3,2,0.3,0.7,bandit,11,0.625,0.625,20,2,0.7,1,0,1,1,0.3333333333333333,0.7452345545491414,0.18181818183134602,0.25476544545085855,0.5031769636339056,0.6995213799409306,0.0,-0.619598630613121,-1.1102230246251565e-16,0.0,0.0,0.028519936691477787,0.0020950255102041293,0.27931972789115633,0.08920565945009173
2,A squirrel,I am a slightly curious person,bg,1,1,1,2,0.3,0.7,bandit,4,0.25,0.375,1,1,0.3,0,0,1,1,0.3333333333333333,0.5,NaN,-0.5,-0.33333333333333337,0.40546510810816444,0.6931471805599453,-0.04279164419167801,0.05378194606599736,0.0,0.0,0.08333333333333337,0.05555555555555547,0.08333333333333337,0.08333333333333337
2,A squirrel,I am a slightly curious person,bg,1,1,1,2,0.3,0.7,bandit,4,0.25,0.375,2,1,0.3,1,0,1,1,0.3333333333333333,0.41666666666666663,0.9999999999999994,0.5833333333333334,0.7222222222222222,1.2809338454620642,0.0,-0.09878147980916833,0.0,0.0,0.0,0.0625,0.04166666666666663,0.09999999999999987,0.09999999999999987
2,A squirrel,I am a slightly curious person,bg,1,1,1,2,0.3,0.7,bandit,4,0.25,0.375,3,1,0.3,0,0,1,1,0.3333333333333333,0.5999999999999999,-0.7500000000000001,-0.5999999999999999,-0.39999999999999997,0.5108256237659905,0.6869615765973234,-0.06641254138672094,0.05538446170840032,0.022222222222222254,0.014814814814814836,0.08750000000000002,0.05833333333333335,0.033333333333333326,0.033333333333333326
2,A squirrel,I am a slightly curious person,bg,1,1,1,2,0.3,0.7,bandit,4,0.25,0.375,4,1,0.3,0,1,1,1,0.3333333333333333,0.5333333333333333,-0.4999999990102087,-0.5333333333333333,-0.3555555555555556,0.4393666597838458,0.6925525323607233,-0.08739425626637275,0.04314031141012996,0.01724137931034475,0.011494252873563204,0.08620689655172409,0.05747126436781613,0.02873563218390801,0.02873563218390801
2,A squirrel,I am a slightly curious person,bg,1,1,1,2,0.3,0.7,bandit,4,0.25,0.375,5,1,0.3,0,0,1,1,0.3333333333333333,0.471264367816092,-0.37500000502485337,-0.471264367816092,-0.31417624521072807,0.37713460148193856,0.6927570046594116,-0.145217675089551,0.03231445903788896,0.0,1.1102230246251565e-16,0.059557063048683245,0.03970470869912224,0.08339984038308051,0.08339984038308051
2,A squirrel,I am a slightly curious person,bg,1,1,1,2,0.3,0.7,bandit,4,0.25,0.375,6,1,0.3,0,0,1,1,0.3333333333333333,0.4166001596169195,-0.30000000098701385,-0.4166001596169195,-0.277733439744613,0.3253610111961422,0.6901813069103601,-0.22325417073184692,0.023753989707684525,0.0,1.1102230246251565e-16,0.04022790055248615,0.026818600368324286,0.1298342541436464,0.1298342541436464
2,A squirrel,I am a slightly curious person,bg,1,1,1,2,0.3,0.7,bandit,4,0.25,0.375,7,1,0.3,0,1,1,1,0.3333333333333333,0.3701657458563536,-0.2500000013594461,-0.3701657458563536,-0.24677716390423582,0.28339416389113375,0.6865299089505599,-0.3092008770384171,0.017446775436758266,0.0,0.0,0.02678450149415923,0.01785633432943945,0.1685683238250475,0.1685683238250475
2,A squirrel,I am a slightly curious person,bg,1,1,1,2,0.3,0.7,bandit,4,0.25,0.375,8,1,0.3,1,0,1,1,0.3333333333333333,0.3314316761749525,0.7857142887922262,0.6685683238250475,0.7790455492166983,1.5097987037598832,0.0,-0.22800730239285252,0.0,0.0,0.0,0.058860143442623025,0.03924009562841535,0.055163934426229466,0.055163934426229466
2,A squirrel,I am a slightly curious person,bg,1,1,1,2,0.3,0.7,bandit,4,0.25,0.375,9,1,0.3,0,0,1,1,0.3333333333333333,0.44483606557377053,-0.3749999995045847,-0.44483606557377053,-0.2965573770491804,0.351768965169878,0.6917799599357861,-0.2874591223088541,0.020170902342174335,0.0,0.0,0.04198335310692569,0.027988902071283794,0.0931336200504227,0.0931336200504227
2,A squirrel,I am a slightly curious person,bg,1,1,1,2,0.3,0.7,bandit,4,0.25,0.375,10,1,0.3,0,0,1,1,0.3333333333333333,0.4068663799495773,-0.33333333341764176,-0.4068663799495773,-0.27124425329971824,0.31641665565345756,0.6895133632202006,-0.35142856931129185,0.0155607835443628,0.0,0.0,0.029628357753357815,0.019752238502238506,0.1259327092660426,0.1259327092660426
2,A squirrel,I am a slightly curious person,bg,1,1,1,2,0.3,0.7,bandit,4,0.25,0.375,11,1,0.3,0,1,1,1,0.3333333333333333,0.3740672907339574,-0.2999999994803974,-0.3740672907339574,-0.24937819382263834,0.28685334104138854,0.6868791467739987,-0.4159276158960933,0.01216099897567785,0.0,-1.1102230246251565e-16,0.020759811475086987,0.01383987431672462,0.1542284868187812,0.1542284868187812
2,A squirrel,I am a slightly curious person,bg,1,1,1,2,0.3,0.7,bandit,4,0.25,0.375,12,1,0.3,0,0,1,1,0.3333333333333333,0.3457715131812188,-0.2727272710919282,-0.3457715131812188,-0.23051434212081262,0.26203296411057186,0.6841932166414267,-0.47887894856023666,0.009665827785921843,0.0,-1.1102230246251565e-16,0.014476193881853061,0.0096507959212353,0.17872522111711459,0.17872522111711459
2,A squirrel,I am a slightly curious person,bg,1,1,1,2,0.3,0.7,bandit,4,0.25,0.375,13,1,0.3,1,0,1,1,0.3333333333333333,0.3212747788828854,0.7499999970074269,0.6787252211171146,0.7858168140780764,1.5409236211460753,0.0,-0.4135225841584975,0.0,0.0,0.0,0.030673027783264084,0.020448685188842797,0.10044678175425437,0.10044678175425437
2,A squirrel,I am a slightly curious person,bg,1,1,1,2,0.3,0.7,bandit,4,0.25,0.375,14,1,0.3,0,0,1,1,0.3333333333333333,0.39955321824574563,-0.34615384105569014,-0.39955321824574563,-0.2663688121638305,0.3097488455354686,0.688975523151582,-0.46531083995419914,0.011025522306563229,0.0,1.1102230246251565e-16,0.02240289279416341,0.014935261862775606,0.12519031265371405,0.12519031265371405
2,A squirrel,I am a slightly curious person,bg,1,1,1,2,0.3,0.7,bandit,4,0.25,0.375,15,1,0.3,0,1,1,1,0.3333333333333333,0.37480968734628595,-0.32142857154262017,-0.37480968734628595,-0.249873124897524,0.28751291995556977,0.6869447908889729,-0.5159806516842598,0.009061696968464372,0.0,0.0,0.01628318959794206,0.010855459731961337,0.1471384179721103,0.1471384179721103
2,A squirrel,I am a slightly curious person,bg,1,1,1,2,0.3,0.7,bandit,4,0.25,0.375,16,1,0.3,1,0,1,1,0.3333333333333333,0.3528615820278897,0.7000000006054852,0.6471384179721102,0.7647589453147402,1.4471445259568863,0.0,-0.47583414900387566,0.0,0.0,0.0,0.030895072447754912,0.020596714965169904,0.08354637020967226,0.08354637020967226
2,A squirrel,I am a slightly curious person,bg,1,1,1,2,0.3,0.7,bandit,4,0.25,0.375,17,1,0.3,0,1,1,1,0.3333333333333333,0.41645362979032774,-0.37499999987182403,-0.41645362979032774,-0.2776357531935518,0.32522577034327865,0.6901716712907471,-0.5191662538670783,0.009937033178230803,0.0,-1.1102230246251565e-16,0.02327847305778652,0.015518982038524198,0.10535628930780416,0.10535628930780416
2,A squirrel,I am a slightly curious person,bg,1,1,1,2,0.3,0.7,bandit,4,0.25,0.375,18,1,0.3,0,1,1,1,0.3333333333333333,0.39464371069219584,-0.3529411817681515,-0.39464371069219584,-0.2630958071281306,0.3052973913463242,0.6885978672773694,-0.56157660488937,0.008378851758586991,0.0,0.0,0.017455523054242028,0.011637015369494907,0.12504002096123645,0.12504002096123645
2,A squirrel,I am a slightly curious person,bg,1,1,1,2,0.3,0.7,bandit,4,0.25,0.375,19,1,0.3,0,1,1,1,0.3333333333333333,0.37495997903876355,-0.3333333284355301,-0.37495997903876355,-0.24997331935917572,0.2876464988967617,0.6869580481497222,-0.6027858938722076,0.007150549187050159,0.0,0.0,0.013033761041280734,0.008689174027520452,0.14287408234394666,0.14287408234394666
2,A squirrel,I am a slightly curious person,bg,1,1,1,2,0.3,0.7,bandit,4,0.25,0.375,20,1,0.3,0,0,1,1,0.3333333333333333,0.35712591765605334,-0.315789473797997,-0.35712591765605334,-0.23808394510403555,0.2719188935425339,0.6853125775297526,-0.6426921324640813,0.006170346955235995,0.0,0.0,0.009694865074540204,0.00646324338302684,0.15909798314673934,0.15909798314673934
3,A squirrel,I am not a very curious person,bg,2,2,2,2,0.7,0.3,bandit,6,0.5,0.5,1,1,0.7,1,0,1,1,0.3333333333333333,0.5,NaN,0.5,0.6666666666666666,1.0986122886681096,0.0,-0.19314718051535087,0.0,0.0,0.0,0.04166666666666663,0.02777777777777779,0.16666666666666663,0.16666666666666663
3,A squirrel,I am not a very curious person,bg,2,2,2,2,0.7,0.3,bandit,6,0.5,0.5,2,1,0.7,1,0,1,1,0.3333333333333333,0.6666666666666666,1.505215796449022e-8,0.33333333333333337,0.5555555555555555,0.8109302162163285,0.0,-0.4319456220025852,0.0,0.0,0.0,0.01562500000000011,0.01041666666666663,0.2499999999999999,0.2499999999999999
3,A squirrel,I am not a very curious person,bg,2,2,2,2,0.7,0.3,bandit,6,0.5,0.5,3,1,0.7,0,1,3,1,0.3333333333333333,0.7499999999999999,-0.999999984947842,-0.7499999999999999,-0.5,0.6931471805599453,0.636514168294813,-0.29705541768766514,0.06921054690467393,0.0,0.0,0.02499999999999991,0.016666666666666607,0.19999999999999996,0.19999999999999996
3,A squirrel,I am not a very curious person,bg,2,2,2,2,0.7,0.3,bandit,6,0.5,0.5,4,1,0.7,0,1,3,1,0.3333333333333333,0.7,-0.999999984947842,-0.7,-0.4666666666666667,0.6286086594223742,0.6615632381579821,-0.20400590700589533,0.06231225300813903,0.0,0.0,0.03776041666666674,0.02517361111111116,0.14583333333333326,0.14583333333333326
3,A squirrel,I am not a very curious person,bg,2,2,2,2,0.7,0.3,bandit,6,0.5,0.5,5,1,0.7,0,1,4,1,0.3333333333333333,0.6458333333333333,-0.7499999978409456,-0.6458333333333333,-0.43055555555555564,0.5630940523117476,0.6785008770139085,-0.1571350842422471,0.053167047747771534,-1.1102230246251565e-16,-1.1102230246251565e-16,0.05378919860627185,0.03585946573751442,0.09059233449477355,0.09059233449477355
3,A squirrel,I am not a very curious person,bg,2,2,2,2,0.7,0.3,bandit,6,0.5,0.5,6,1,0.7,1,0,1,1,0.3333333333333333,0.5905923344947736,0.4000000027035475,0.40940766550522645,0.6062717770034842,0.9320943970472803,0.0,-0.28542769031337323,0.0,0.0,0.0,0.025027654867256444,0.01668510324483763,0.17256637168141586,0.17256637168141586
3,A squirrel,I am not a very curious person,bg,2,2,2,2,0.7,0.3,bandit,6,0.5,0.5,7,1,0.7,0,0,3,1,0.3333333333333333,0.6725663716814159,-0.7500000000027015,-0.6725663716814159,-0.44837758112094395,0.5948914905258637,0.67123888203318,-0.2370012027813298,0.05044154348753849,-1.1102230246251565e-16,0.0,0.03591986036838957,0.023946573578926378,0.12507427213309563,0.12507427213309563
3,A squirrel,I am not a very curious person,bg,2,2,2,2,0.7,0.3,bandit,6,0.5,0.5,8,1,0.7,0,1,4,1,0.3333333333333333,0.6250742721330956,-0.6428571429065449,-0.6250742721330956,-0.41671618142206385,0.5390813867732288,0.6828941449085093,-0.2228608825806698,0.04211572422065937,-2.220446049250313e-16,0.0,0.04905029711375197,0.0327001980758348,0.07860780984719873,0.07860780984719873
3,A squirrel,I am not a very curious person,bg,2,2,2,2,0.7,0.3,bandit,6,0.5,0.5,9,1,0.7,0,0,3,1,0.3333333333333333,0.5786078098471987,-0.5624999999949906,-0.5786078098471987,-0.38573853989813256,0.48733461069039213,0.6895034991417228,-0.23609603900380247,0.03414268066623968,0.007755833626480468,0.005170555750986905,0.0639911239258254,0.042660749283883526,0.034901251319161775,0.034901251319161775
3,A squirrel,I am not a very curious person,bg,2,2,2,2,0.7,0.3,bandit,6,0.5,0.5,10,1,0.7,1,0,1,1,0.3333333333333333,0.5349012513191618,0.5000000015004527,0.4650987486808382,0.6433991657872254,1.03113823420425,0.0,-0.28659092438323247,5.551115123125783e-17,0.0,0.0,0.03476503781473128,0.02317669187648752,0.10691469372416385,0.10691469372416385
3,A squirrel,I am not a very curious person,bg,2,2,2,2,0.7,0.3,bandit,6,0.5,0.5,11,1,0.7,0,1,3,1,0.3333333333333333,0.6069146937241638,-0.5999999998895641,-0.6069146937241638,-0.40460979581610923,0.5185382830317894,0.6859642611799128,-0.29265509243877524,0.03351513533895367,0.0,-1.1102230246251565e-16,0.045884165769797036,0.030589443846531394,0.06757675314376344,0.06757675314376344
3,A squirrel,I am not a very curious person,bg,2,2,2,2,0.7,0.3,bandit,6,0.5,0.5,12,1,0.7,0,0,3,1,0.3333333333333333,0.5675767531437634,-0.545454545402296,-0.5675767531437634,-0.3783845020958423,0.4754335479612575,0.6905186121358511,-0.3156144700939499,0.02727079016891748,0.0051767380908986915,0.0034511587272657573,0.05832068167616944,0.03888045445077959,0.031060428545393037,0.031060428545393037
3,A squirrel,I am not a very curious person,bg,2,2,2,2,0.7,0.3,bandit,6,0.5,0.5,13,1,0.7,0,0,4,1,0.3333333333333333,0.531060428545393,-0.4999999982721964,-0.531060428545393,-0.3540402856969287,0.43701813890406216,0.692633295597278,-0.3494292911224392,0.02203450155133685,0.01602805245055894,0.0106853683003727,0.0694840032960733,0.0463226688640489,0.002241419461163685,0.002241419461163685
3,A squirrel,I am not a very curious person,bg,2,2,2,2,0.7,0.3,bandit,6,0.5,0.5,14,1,0.7,1,0,1,1,0.3333333333333333,0.4977585805388363,0.5384615370126338,0.5022414194611637,0.6681609463074424,1.1031052056429744,0.0,-0.3624568508914792,0.0,0.0,0.0,0.043489037125497676,0.02899269141699834,0.05827841381947407,0.05827841381947407
3,A squirrel,I am not a very curious person,bg,2,2,2,2,0.7,0.3,bandit,6,0.5,0.5,15,1,0.7,0,0,4,1,0.3333333333333333,0.5582784138194741,-0.5357142856406075,-0.5582784138194741,-0.37218560921298277,0.4655107122708705,0.6912310815668001,-0.3896421228855943,0.022140589025615,0.003640292459775485,0.0024268616398502862,0.05412682613384179,0.03608455075589456,0.027302193448316525,0.027302193448316525
3,A squirrel,I am not a very curious person,bg,2,2,2,2,0.7,0.3,bandit,6,0.5,0.5,16,1,0.7,0,1,3,1,0.3333333333333333,0.5273021934483165,-0.499999998100841,-0.5273021934483165,-0.351534795632211,0.43314693222754136,0.6927532077496221,-0.4227824002014219,0.018195585274051462,0.01403426288433085,0.009356175256220456,0.06452131842989584,0.04301421228659719,0.001024147911585671,0.001024147911585671
3,A squirrel,I am not a very curious person,bg,2,2,2,2,0.7,0.3,bandit,6,0.5,0.5,17,1,0.7,0,0,3,1,0.3333333333333333,0.49897585208841433,-0.4687500073161125,-0.49897585208841433,-0.3326505680589429,0.4044414842782569,0.6931466571929408,-0.4590376591946307,0.015033128194936185,0.0,1.1102230246251565e-16,0.050712257440227004,0.03380817162681804,0.02680041583956516,0.02680041583956516
3,A squirrel,I am not a very curious person,bg,2,2,2,2,0.7,0.3,bandit,6,0.5,0.5,18,1,0.7,0,1,4,1,0.3333333333333333,0.47319958416043484,-0.441176474335874,-0.47319958416043484,-0.31546638944028993,0.37901753310745623,0.6928065133610615,-0.4965619315036885,0.012528117903205127,0.0,1.1102230246251565e-16,0.039587954836815875,0.026391969891210842,0.050224189161050536,0.050224189161050536
3,A squirrel,I am not a very curious person,bg,2,2,2,2,0.7,0.3,bandit,6,0.5,0.5,19,1,0.7,1,0,1,1,0.3333333333333333,0.44977581083894946,0.5833333395559195,0.5502241891610505,0.7001494594407003,1.204471126603528,0.0,-0.4889527396316924,0.0,0.0,0.0,0.06028828620688487,0.0401921908045898,0.000474710915014831,0.000474710915014831
3,A squirrel,I am not a very curious person,bg,2,2,2,2,0.7,0.3,bandit,6,0.5,0.5,20,1,0.7,0,0,2,1,0.3333333333333333,0.49952528908498517,-0.4736842109491435,-0.49952528908498517,-0.33301685938999015,0.40499050983272994,0.6931470679916149,-0.5217435285896118,0.012900602379235182,0.0,-1.1102230246251565e-16,0.04823802150773948,0.03215868100515962,0.022953731797755395,0.022953731797755395
4,A squirrel,I am a slightly curious person,gb,1,2,3,2,0.3,0.7,bandit,7,0.375,0.625,1,1,0.3,0,0,4,1,0.3333333333333333,0.5,NaN,-0.5,-0.33333333333333337,0.40546510810816444,0.6931471805599453,-0.04279164419167801,0.05378194606599736,0.0,0.0,0.08333333333333337,0.05555555555555547,0.08333333333333337,0.08333333333333337
4,A squirrel,I am a slightly curious person,gb,1,2,3,2,0.3,0.7,bandit,7,0.375,0.625,2,1,0.3,0,1,4,1,0.3333333333333333,0.41666666666666663,-5.545009081338703e-16,-0.41666666666666663,-0.2777777777777778,0.325422400434628,0.6901856760188041,-0.14872947946598028,0.03793678112380475,0.0,1.1102230246251565e-16,0.05288461538461542,0.03525641025641024,0.15384615384615385,0.15384615384615385
4,A squirrel,I am a slightly curious person,gb,1,2,3,2,0.3,0.7,bandit,7,0.375,0.625,3,1,0.3,0,1,4,1,0.3333333333333333,0.34615384615384615,-5.545009081338703e-16,-0.34615384615384615,-0.2307692307692308,0.2623642644674911,0.6842317651303003,-0.2844497338353375,0.0257813362644152,0.0,1.1102230246251565e-16,0.03249999999999997,0.021666666666666834,0.21000000000000002,0.21000000000000002
4,A squirrel,I am a slightly curious person,gb,1,2,3,2,0.3,0.7,bandit,7,0.375,0.625,4,2,0.7,0,1,4,1,0.3333333333333333,0.5,NaN,-0.5,-0.33333333333333337,0.40546510810816444,0.6931471805599453,-0.04279164419167801,0.05378194606599736,0.0,-1.1102230246251565e-16,0.08333333333333337,0.05555555555555536,0.08333333333333337,0.08333333333333337
4,A squirrel,I am a slightly curious person,gb,1,2,3,2,0.3,0.7,bandit,7,0.375,0.625,5,2,0.7,1,0,1,1,0.3333333333333333,0.41666666666666663,0.9999999999999994,0.5833333333333334,0.7222222222222222,1.2809338454620642,0.0,-0.09878147980916833,0.0,0.0,0.0,0.0625,0.04166666666666652,0.09999999999999987,0.09999999999999987
4,A squirrel,I am a slightly curious person,gb,1,2,3,2,0.3,0.7,bandit,7,0.375,0.625,6,2,0.7,1,0,1,1,0.3333333333333333,0.5999999999999999,0.2499999999999999,0.40000000000000013,0.6000000000000001,0.9162907318741551,0.0,-0.29705541768766514,0.0,0.0,0.0,0.02499999999999991,0.01666666666666672,0.19999999999999996,0.19999999999999996
4,A squirrel,I am a slightly curious person,gb,1,2,3,2,0.3,0.7,bandit,7,0.375,0.625,7,2,0.7,0,1,4,1,0.3333333333333333,0.7,-0.999999984947842,-0.7,-0.4666666666666667,0.6286086594223742,0.6615632381579821,-0.20400590700589533,0.06231225300813903,0.0,-1.1102230246251565e-16,0.03776041666666674,0.02517361111111105,0.14583333333333326,0.14583333333333326
4,A squirrel,I am a slightly curious person,gb,1,2,3,2,0.3,0.7,bandit,7,0.375,0.625,8,2,0.7,0,0,4,1,0.3333333333333333,0.6458333333333333,-0.7499999978409456,-0.6458333333333333,-0.43055555555555564,0.5630940523117476,0.6785008770139085,-0.1571350842422471,0.053167047747771534,-1.1102230246251565e-16,-1.1102230246251565e-16,0.05378919860627185,0.03585946573751453,0.09059233449477355,0.09059233449477355
4,A squirrel,I am a slightly curious person,gb,1,2,3,2,0.3,0.7,bandit,7,0.375,0.625,9,1,0.3,1,0,1,1,0.3333333333333333,0.29,0.9999999999999994,0.71,0.8066666666666666,1.6433394641097814,0.0,-0.08739425626637275,0.0,0.0,0.0,0.05223588158688697,0.05747126436781613,0.02873563218390801,0.11932796667868156
4,A squirrel,I am a slightly curious person,gb,1,2,3,2,0.3,0.7,bandit,7,0.375,0.625,10,1,0.3,0,0,4,1,0.3333333333333333,0.471264367816092,-0.37500000502485337,-0.471264367816092,-0.31417624521072807,0.37713460148193856,0.6927570046594116,-0.145217675089551,0.03231445903788896,0.0,1.1102230246251565e-16,0.03396898540911075,0.039704708699122127,0.08339984038308051,0.17399217487785407
4,A squirrel,I am a slightly curious person,gb,1,2,3,2,0.3,0.7,bandit,7,0.375,0.625,11,1,0.3,1,0,1,1,0.3333333333333333,0.4166001596169195,0.6999999990129862,0.5833998403830805,0.722266560255387,1.2810934751215937,0.0,-0.15234512269821188,0.0,0.0,0.0,0.06652350332326906,0.04831178160919547,0.03735632183908055,0.053236012655693
4,A squirrel,I am a slightly curious person,gb,1,2,3,2,0.3,0.7,bandit,7,0.375,0.625,12,2,0.7,1,0,1,1,0.3333333333333333,0.5905923344947736,0.4000000027035475,0.40940766550522645,0.6062717770034842,0.9320943970472803,0.0,-0.28542769031337323,0.0,0.0,0.0,0.033754537839292165,0.016685103244837518,0.17256637168141586,0.1352100498423353
4,A squirrel,I am a slightly curious person,gb,1,2,3,2,0.3,0.7,bandit,7,0.375,0.625,13,2,0.7,0,1,4,1,0.3333333333333333,0.6725663716814159,-0.7500000000027015,-0.6725663716814159,-0.44837758112094395,0.5948914905258637,0.67123888203318,-0.2370012027813298,0.05044154348753849,-1.1102230246251565e-16,0.0,0.04758299680658007,0.023946573578926378,0.12507427213309563,0.08771795029401508
4,A squirrel,I am a slightly curious person,gb,1,2,3,2,0.3,0.7,bandit,7,0.375,0.625,14,1,0.3,0,0,4,1,0.3333333333333333,0.5373563218390806,-0.49999999874887274,-0.5373563218390806,-0.35823754789272033,0.4435370560575723,0.6923940398076736,-0.17975900900527403,0.03407290818339537,0.0,0.012935323383084563,0.036383716234279384,0.05417357656163635,0.011608623548922004,0.13668289568201764
4,A squirrel,I am a slightly curious person,gb,1,2,3,2,0.3,0.7,bandit,7,0.375,0.625,15,1,0.3,0,0,4,1,0.3333333333333333,0.488391376451078,-0.42857142831688716,-0.488391376451078,-0.32559425096738537,0.393923347667993,0.6930813365993375,-0.22800730239285252,0.026290814189475292,0.0,-1.1102230246251565e-16,0.0240532582825842,0.03924009562841524,0.055163934426229466,0.1802382065593251
4,A squirrel,I am a slightly curious person,gb,1,2,3,2,0.3,0.7,bandit,7,0.375,0.625,16,2,0.7,1,0,1,1,0.3333333333333333,0.6250742721330956,0.35714285709345506,0.37492572786690437,0.5832838185779361,0.875349909001315,0.0,-0.34999996982775033,-2.220446049250313e-16,-1.1102230246251565e-16,-1.1102230246251565e-16,0.01754099334600745,0.011693995564004966,0.1901140684410646,0.1901140684410646
4,A squirrel,I am a slightly curious person,gb,1,2,3,2,0.3,0.7,bandit,7,0.375,0.625,17,2,0.7,0,1,1,1,0.3333333333333333,0.6901140684410646,-0.7500000000353702,-0.6901140684410646,-0.4600760456273765,0.6163269745765039,0.6653365453438909,-0.3039203486812426,0.04777956620255053,0.0,-1.1102230246251565e-16,0.025258082586427477,0.01683872172428491,0.14820742637644047,0.14820742637644047
4,A squirrel,I am a slightly curious person,gb,1,2,3,2,0.3,0.7,bandit,7,0.375,0.625,18,2,0.7,0,1,4,1,0.3333333333333333,0.6482074263764405,-0.6666666668460243,-0.6482074263764405,-0.43213828425096035,0.5658773480900519,0.6779327786914044,-0.28659092438323247,0.04052767214023717,0.0,0.0,0.03476503781473128,0.02317669187648752,0.10691469372416385,0.10691469372416385
4,A squirrel,I am a slightly curious person,gb,1,2,3,2,0.3,0.7,bandit,7,0.375,0.625,19,1,0.3,0,0,4,1,0.3333333333333333,0.44483606557377053,-0.3749999995045847,-0.44483606557377053,-0.2965573770491804,0.351768965169878,0.6917799599357861,-0.2874591223088541,0.020170902342174335,0.0,0.0,0.018220473052441566,0.027988902071283683,0.0931336200504227,0.20004831377458654
4,A squirrel,I am a slightly curious person,gb,1,2,3,2,0.3,0.7,bandit,7,0.375,0.625,20,1,0.3,1,0,1,1,0.3333333333333333,0.4068663799495773,0.6666666665823582,0.5931336200504227,0.7287557467002818,1.3047355603437163,0.0,-0.26836275621598926,0.0,0.0,0.0,0.035597069997540975,0.050118461818844384,0.0050118461818845494,0.1119265399060484
5,A squirrel,I am a slightly curious person,gb,3,2,0,1,0.7,0.3,bandit,4,0.125,0.625,1,1,0.7,1,0,1,1,0.3333333333333333,0.5,NaN,0.5,0.6666666666666666,1.0986122886681096,0.0,-0.19314718051535087,0.0,0.0,0.0,0.04166666666666663,0.02777777777777779,0.16666666666666663,0.16666666666666663
5,A squirrel,I am a slightly curious person,gb,3,2,0,1,0.7,0.3,bandit,4,0.125,0.625,2,1,0.7,0,1,3,1,0.3333333333333333,0.6666666666666666,-0.999999984947842,-0.6666666666666666,-0.44444444444444453,0.5877866649021192,0.6730116670092565,-0.09878147980916833,0.0671439495179084,1.1102230246251565e-16,-1.1102230246251565e-16,0.0625,0.04166666666666663,0.09999999999999987,0.09999999999999987
5,A squirrel,I am a slightly curious person,gb,3,2,0,1,0.7,0.3,bandit,4,0.125,0.625,3,1,0.7,1,0,1,1,0.3333333333333333,0.5999999999999999,0.2499999999999999,0.40000000000000013,0.6000000000000001,0.9162907318741551,0.0,-0.29705541768766514,0.0,0.0,0.0,0.02499999999999991,0.016666666666666607,0.19999999999999996,0.19999999999999996
5,A squirrel,I am a slightly curious person,gb,3,2,0,1,0.7,0.3,bandit,4,0.125,0.625,4,1,0.7,0,1,3,1,0.3333333333333333,0.7,-0.999999984947842,-0.7,-0.4666666666666667,0.6286086594223742,0.6615632381579821,-0.20400590700589533,0.06231225300813903,0.0,0.0,0.03776041666666674,0.02517361111111116,0.14583333333333326,0.14583333333333326
5,A squirrel,I am a slightly curious person,gb,3,2,0,1,0.7,0.3,bandit,4,0.125,0.625,5,1,0.7,0,1,3,1,0.3333333333333333,0.6458333333333333,-0.7499999978409456,-0.6458333333333333,-0.43055555555555564,0.5630940523117476,0.6785008770139085,-0.1571350842422471,0.053167047747771534,-1.1102230246251565e-16,-1.1102230246251565e-16,0.05378919860627185,0.03585946573751442,0.09059233449477355,0.09059233449477355
5,A squirrel,I am a slightly curious person,gb,3,2,0,1,0.7,0.3,bandit,4,0.125,0.625,6,1,0.7,0,0,4,1,0.3333333333333333,0.5905923344947736,-0.5999999972964525,-0.5905923344947736,-0.3937282229965158,0.5004269165450922,0.6881771822372582,-0.15234512269821188,0.04329848222372032,0.01245210727969337,0.008301404853128913,0.07246767241379304,0.04831178160919536,0.03735632183908055,0.03735632183908055
5,A squirrel,I am a slightly curious person,gb,3,2,0,1,0.7,0.3,bandit,4,0.125,0.625,7,1,0.7,0,1,3,1,0.3333333333333333,0.5373563218390806,-0.49999999874887274,-0.5373563218390806,-0.35823754789272033,0.4435370560575723,0.6923940398076736,-0.17975900900527403,0.03407290818339537,0.0194029850746269,0.012935323383084563,0.08126036484245436,0.05417357656163635,0.011608623548922004,0.011608623548922004
5,A squirrel,I am a slightly curious person,gb,3,2,0,1,0.7,0.3,bandit,4,0.125,0.625,8,1,0.7,0,0,1,1,0.3333333333333333,0.488391376451078,-0.42857142831688716,-0.488391376451078,-0.32559425096738537,0.393923347667993,0.6930813365993375,-0.22800730239285252,0.026290814189475292,0.0,0.0,0.058860143442623025,0.03924009562841535,0.055163934426229466,0.055163934426229466
5,A squirrel,I am a slightly curious person,gb,3,2,0,1,0.7,0.3,bandit,4,0.125,0.625,9,2,0.3,0,0,3,1,0.3333333333333333,0.5,NaN,-0.5,-0.33333333333333337,0.40546510810816444,0.6931471805599453,-0.04279164419167801,0.05378194606599736,0.0,-1.1102230246251565e-16,0.08333333333333337,0.05555555555555547,0.08333333333333337,0.08333333333333337
5,A squirrel,I am a slightly curious person,gb,3,2,0,1,0.7,0.3,bandit,4,0.125,0.625,10,2,0.3,0,0,4,1,0.3333333333333333,0.41666666666666663,-5.545009081338703e-16,-0.41666666666666663,-0.2777777777777778,0.325422400434628,0.6901856760188041,-0.14872947946598028,0.03793678112380475,0.0,1.1102230246251565e-16,0.05288461538461542,0.03525641025641024,0.15384615384615385,0.15384615384615385
5,A squirrel,I am a slightly curious person,gb,3,2,0,1,0.7,0.3,bandit,4,0.125,0.625,11,2,0.3,0,0,2,1,0.3333333333333333,0.34615384615384615,-5.545009081338703e-16,-0.34615384615384615,-0.2307692307692308,0.2623642644674911,0.6842317651303003,-0.2844497338353375,0.0257813362644152,0.0,0.0,0.03249999999999997,0.021666666666666723,0.21000000000000002,0.21000000000000002
5,A squirrel,I am a slightly curious person,gb,3,2,0,1,0.7,0.3,bandit,4,0.125,0.625,12,1,0.7,1,0,1,1,0.3333333333333333,0.44483606557377053,0.6250000004954153,0.5551639344262295,0.7034426229508196,1.2155145647661072,0.0,-0.23609603900380247,0.0,0.0,0.0,0.0639911239258254,0.04266074928388364,0.034901251319161775,0.034901251319161775
5,A squirrel,I am a slightly curious person,gb,3,2,0,1,0.7,0.3,bandit,4,0.125,0.625,13,2,0.3,0,0,1,1,0.3333333333333333,0.29,-5.545009081338703e-16,-0.29,-0.19333333333333338,0.21484474849951468,0.6780102022798757,-0.42625540231422954,0.017393591340592762,0.0,0.0,0.01554169812984807,0.01308539944903575,0.2534435261707989,0.2883447774899607
5,A squirrel,I am a slightly curious person,gb,3,2,0,1,0.7,0.3,bandit,4,0.125,0.625,14,1,0.7,0,1,2,1,0.3333333333333333,0.5349012513191618,-0.4999999984995474,-0.5349012513191618,-0.35660083421277455,0.44098996074748675,0.692493142237828,-0.26836275621598926,0.027180458416647624,0.018081699601655843,0.012054466401103858,0.0751776927282668,0.050118461818844384,0.0050118461818845494,0.0050118461818845494
5,A squirrel,I am a slightly curious person,gb,3,2,0,1,0.7,0.3,bandit,4,0.125,0.625,15,2,0.3,0,0,2,1,0.3333333333333333,0.2465564738292011,-5.545009081338703e-16,-0.2465564738292011,-0.16437098255280075,0.17957052342206484,0.6725635843867588,-0.5618791256690523,0.011912734212403908,0.0,0.0,0.011773940345368938,0.00784929356357933,0.28689167974882257,0.28689167974882257
5,A squirrel,I am a slightly curious person,gb,3,2,0,1,0.7,0.3,bandit,4,0.125,0.625,16,1,0.7,1,0,1,1,0.3333333333333333,0.49498815381811545,0.5499999960158957,0.5050118461818845,0.6700078974545896,1.1086865564885529,0.0,-0.29265509243877524,0.0,0.0,0.0,0.045884165769797036,0.030589443846531394,0.06757675314376344,0.06757675314376344
5,A squirrel,I am a slightly curious person,gb,3,2,0,1,0.7,0.3,bandit,4,0.125,0.625,17,2,0.3,0,1,1,1,0.3333333333333333,0.2131083202511774,-5.545009081338703e-16,-0.2131083202511774,-0.14207221350078494,0.1532353479555701,0.668087395200138,-0.6867749400135641,0.008393123717155504,0.0,-1.1102230246251565e-16,0.003955509589069872,0.004707990240927051,0.312900274473925,0.3804770276176884
5,A squirrel,I am a slightly curious person,gb,3,2,0,1,0.7,0.3,bandit,4,0.125,0.625,18,1,0.7,0,0,2,1,0.3333333333333333,0.5675767531437634,-0.545454545402296,-0.5675767531437634,-0.3783845020958423,0.4754335479612575,0.6905186121358511,-0.3156144700939499,0.02727079016891748,0.0051767380908986915,0.0034511587272657573,0.05832068167616944,0.0388804544507797,0.031060428545393037,0.031060428545393037
5,A squirrel,I am a slightly curious person,gb,3,2,0,1,0.7,0.3,bandit,4,0.125,0.625,19,2,0.3,0,1,1,1,0.3333333333333333,0.187099725526075,-5.545009081338703e-16,-0.187099725526075,-0.12473315035071669,0.13322646809098154,0.6644720212248263,-0.8003011606766882,0.006115744334489359,0.0,1.1102230246251565e-16,0.003184149988325058,0.0028342366757002635,0.33346883468834687,0.3645292632337399
5,A squirrel,I am a slightly curious person,gb,3,2,0,1,0.7,0.3,bandit,4,0.125,0.625,20,2,0.3,0,0,1,1,0.3333333333333333,0.1665311653116531,-5.545009081338703e-16,-0.1665311653116531,-0.11102077687443543,0.11768141480369711,0.6615437695984828,-0.9033679318738824,0.004608328505046,0.0,-1.1102230246251565e-16,0.0018710724833037595,0.0017156115570912123,0.3500457270602581,0.38110615560565114
6,A squirrel,I am a slightly curious person,bg,1,1,3,3,0.3,0.7,tycoon,10,0.25,0.75,1,1,0.3,0,0,1,2,0.3333333333333333,0.5,NaN,-0.5,-0.6666666666666667,1.09861228866811,0.0,-0.19314718051535068,0.0,0.0,0.0,0.04166666666666652,0.02777777777777768,0.16666666666666674,0.16666666666666674
6,A squirrel,I am a slightly curious person,bg,1,1,3,3,0.3,0.7,tycoon,10,0.25,0.75,2,1,0.3,0,0,1,2,0.3333333333333333,0.33333333333333326,-3.324562949461316e-16,-0.33333333333333326,-0.5555555555555555,0.8109302162163285,0.0,-0.43194562200258524,0.0,0.0,0.0,0.015625,0.01041666666666663,0.25,0.25
6,A squirrel,I am a slightly curious person,bg,1,1,3,3,0.3,0.7,tycoon,10,0.25,0.75,3,1,0.3,1,1,4,2,0.3333333333333333,0.25,0.9999999999999997,0.75,0.5,0.6931471805599454,0.636514168294813,-0.29705541768766525,0.06921054690467382,0.0,0.0,0.025000000000000022,0.016666666666666607,0.2,0.2
6,A squirrel,I am a slightly curious person,bg,1,1,3,3,0.3,0.7,tycoon,10,0.25,0.75,4,2,0.7,1,1,4,2,0.3333333333333333,0.5,NaN,0.5,0.33333333333333326,0.4054651081081643,0.6931471805599453,-0.042791644191678,0.05378194606599747,0.0,0.0,0.08333333333333348,0.05555555555555547,0.08333333333333326,0.08333333333333326
6,A squirrel,I am a slightly curious person,bg,1,1,3,3,0.3,0.7,tycoon,10,0.25,0.75,5,2,0.7,1,1,4,2,0.3333333333333333,0.5833333333333333,1.505215796449022e-8,0.41666666666666674,0.2777777777777778,0.325422400434628,0.6901856760188042,-0.14872947946598028,0.0379367811238048,1.1102230246251565e-16,0.0,0.05288461538461542,0.03525641025641013,0.15384615384615385,0.15384615384615385
6,A squirrel,I am a slightly curious person,bg,1,1,3,3,0.3,0.7,tycoon,10,0.25,0.75,6,2,0.7,1,0,4,2,0.3333333333333333,0.6538461538461539,1.505215796449022e-8,0.34615384615384615,0.23076923076923073,0.262364264467491,0.6842317651303003,-0.2844497338353375,0.025781336264415255,0.0,1.1102230246251565e-16,0.032500000000000084,0.021666666666666723,0.20999999999999996,0.20999999999999996
6,A squirrel,I am a slightly curious person,bg,1,1,3,3,0.3,0.7,tycoon,10,0.25,0.75,7,1,0.3,0,0,1,2,0.3333333333333333,0.3,-6.280455418940885e-9,-0.3,-0.5333333333333333,0.7621400520468967,0.0,-0.49056128652018416,0.0,0.0,0.0,0.0007657480892246937,0.00694444444444442,0.26190476190476186,0.4719047619047618
6,A squirrel,I am a slightly curious person,bg,1,1,3,3,0.3,0.7,tycoon,10,0.25,0.75,8,2,0.7,0,0,1,2,0.3333333333333333,0.71,-0.999999984947842,-0.71,-0.8066666666666668,1.6433394641097823,0.0,-0.08739425626637266,0.0,0.0,0.0,0.08620689655172409,0.05747126436781613,0.028735632183908066,0.028735632183908066
6,A squirrel,I am a slightly curious person,bg,1,1,3,3,0.3,0.7,tycoon,10,0.25,0.75,9,1,0.3,0,0,1,2,0.3333333333333333,0.2380952380952381,-2.6771513970377654e-16,-0.2380952380952381,-0.4920634920634921,0.6773988235918061,0.0,-0.6637676568013678,-2.220446049250313e-16,0.0,1.1102230246251565e-16,0.0031860549488093026,0.0029761904761905766,0.3035714285714285,0.33230706075533656
6,A squirrel,I am a slightly curious person,bg,1,1,3,3,0.3,0.7,tycoon,10,0.25,0.75,10,2,0.7,1,0,3,2,0.3333333333333333,0.5287356321839081,0.3749999994326757,0.47126436781609193,0.31417624521072796,0.3771346014819384,0.6927570046594116,-0.14521767508955086,0.03231445903788896,0.0,0.0,0.05955706304868302,0.039704708699122127,0.08339984038308068,0.08339984038308068
6,A squirrel,I am a slightly curious person,bg,1,1,3,3,0.3,0.7,tycoon,10,0.25,0.75,11,2,0.7,1,1,3,2,0.3333333333333333,0.5833998403830807,0.3000000009825461,0.4166001596169193,0.27773343974461273,0.3253610111961419,0.6901813069103601,-0.22325417073184653,0.02375398970768486,-1.1102230246251565e-16,0.0,0.04022790055248604,0.026818600368324064,0.12983425414364647,0.12983425414364647
6,A squirrel,I am a slightly curious person,bg,1,1,3,3,0.3,0.7,tycoon,10,0.25,0.75,12,2,0.7,1,1,3,2,0.3333333333333333,0.6298342541436465,0.2499999999460495,0.37016574585635353,0.24677716390423576,0.28339416389113375,0.6865299089505598,-0.30920087703841675,0.017446775436758433,0.0,-1.1102230246251565e-16,0.026784501494159008,0.017856334329439227,0.1685683238250476,0.1685683238250476
6,A squirrel,I am a slightly curious person,bg,1,1,3,3,0.3,0.7,tycoon,10,0.25,0.75,13,2,0.7,1,0,4,2,0.3333333333333333,0.6685683238250476,0.21428571422552145,0.3314316761749524,0.22095445078330167,0.24968576342578275,0.6827064730455019,-0.39571066482832595,0.012973104587098216,2.220446049250313e-16,1.1102230246251565e-16,0.017687144019527867,0.011791429346351912,0.20073230268510978,0.20073230268510978
6,A squirrel,I am a slightly curious person,bg,1,1,3,3,0.3,0.7,tycoon,10,0.25,0.75,14,1,0.3,0,0,1,2,0.3333333333333333,0.19642857142857148,-3.324562949461316e-16,-0.19642857142857148,-0.4642857142857143,0.6241543090729939,0.0,-0.8170957173412368,3.3306690738754696e-16,0.0,0.0,6.0941313408946485e-5,0.0013020833333333703,0.3333333333333333,0.534065636018443
6,A squirrel,I am a slightly curious person,bg,1,1,3,3,0.3,0.7,tycoon,10,0.25,0.75,15,2,0.7,0,0,1,2,0.3333333333333333,0.7007323026851098,-0.8125000043900489,-0.7007323026851098,-0.8004882017900732,1.6118819055039784,0.0,-0.2874591223088539,0.0,0.0,0.0,0.04198335310692558,0.027988902071283683,0.0931336200504227,0.0931336200504227
6,A squirrel,I am a slightly curious person,bg,1,1,3,3,0.3,0.7,tycoon,10,0.25,0.75,16,1,0.3,1,1,4,2,0.3333333333333333,0.16666666666666669,0.9999999999999997,0.8333333333333333,0.5555555555555556,0.8109302162163287,0.5623351446188085,-0.684530693724684,0.061255934277157476,0.0,0.0,0.0008804762765417529,0.00220630787037035,0.3055555555555556,0.3986891756059783
6,A squirrel,I am a slightly curious person,bg,1,1,3,3,0.3,0.7,tycoon,10,0.25,0.75,17,2,0.7,0,0,1,2,0.3333333333333333,0.5931336200504227,-0.666666666579618,-0.5931336200504227,-0.7287557467002818,1.3047355603437163,0.0,-0.2683627562159892,0.0,0.0,0.0,0.0751776927282668,0.050118461818844495,0.005011846181884438,0.005011846181884438
6,A squirrel,I am a slightly curious person,bg,1,1,3,3,0.3,0.7,tycoon,10,0.25,0.75,18,2,0.7,1,1,3,2,0.3333333333333333,0.5050118461818844,0.4499999999979809,0.49498815381811556,0.3299921025454102,0.400465779420938,0.6931347461577707,-0.3121279906710225,0.02148650636850824,0.0,0.0,0.05632244885860349,0.037548299239068994,0.0407631628503875,0.0407631628503875
6,A squirrel,I am a slightly curious person,bg,1,1,3,3,0.3,0.7,tycoon,10,0.25,0.75,19,1,0.3,0,0,1,2,0.3333333333333333,0.19444444444444442,-5.545009081338703e-16,-0.19444444444444442,-0.4629629629629629,0.6216882165778003,0.0,-0.8223654972271378,0.0,0.0,0.0,0.0008040845291921173,0.0010012571839081996,0.33275862068965517,0.3735217835400427
6,A squirrel,I am a slightly curious person,bg,1,1,3,3,0.3,0.7,tycoon,10,0.25,0.75,20,2,0.7,0,0,1,2,0.3333333333333333,0.5407631628503875,-0.5909090874720778,-0.5407631628503875,-0.6938421085669251,1.1836543250288727,0.0,-0.31561447009394955,5.551115123125783e-17,0.0,1.1102230246251565e-16,0.05832068167616966,0.03888045445077981,0.031060428545392926,0.031060428545392926
7,A squirrel,I am a slightly curious person,bg,3,2,3,4,0.3,0.7,tycoon,14,0.625,0.875,1,1,0.3,0,0,1,2,0.3333333333333333,0.5,NaN,-0.5,-0.6666666666666667,1.09861228866811,0.0,-0.19314718051535068,0.0,0.0,0.0,0.04166666666666652,0.02777777777777768,0.16666666666666674,0.16666666666666674
7,A squirrel,I am a slightly curious person,bg,3,2,3,4,0.3,0.7,tycoon,14,0.625,0.875,2,1,0.3,1,1,4,2,0.3333333333333333,0.33333333333333326,0.9999999999999997,0.6666666666666667,0.44444444444444453,0.5877866649021192,0.6730116670092565,-0.09878147980916858,0.06714394951790816,0.0,0.0,0.0625,0.04166666666666663,0.10000000000000003,0.10000000000000003
7,A squirrel,I am a slightly curious person,bg,3,2,3,4,0.3,0.7,tycoon,14,0.625,0.875,3,1,0.3,1,1,4,2,0.3333333333333333,0.39999999999999997,0.7499999999999998,0.6000000000000001,0.3999999999999999,0.5108256237659905,0.6869615765973234,-0.06641254138672092,0.05538446170840036,0.022222222222222254,0.014814814814814836,0.08750000000000002,0.05833333333333335,0.033333333333333326,0.033333333333333326
7,A squirrel,I am a slightly curious person,bg,3,2,3,4,0.3,0.7,tycoon,14,0.625,0.875,4,1,0.3,0,0,1,2,0.3333333333333333,0.4666666666666667,-0.49999999847640864,-0.4666666666666667,-0.6444444444444445,1.0340737675305387,0.0,-0.2040059070058956,0.0,0.0,0.0,0.03776041666666674,0.02517361111111127,0.14583333333333331,0.14583333333333331
7,A squirrel,I am a slightly curious person,bg,3,2,3,4,0.3,0.7,tycoon,14,0.625,0.875,5,2,0.7,1,1,4,2,0.3333333333333333,0.5,NaN,0.5,0.33333333333333326,0.4054651081081643,0.6931471805599453,-0.042791644191678,0.05378194606599747,0.0,0.0,0.08333333333333348,0.05555555555555558,0.08333333333333326,0.08333333333333326
7,A squirrel,I am a slightly curious person,bg,3,2,3,4,0.3,0.7,tycoon,14,0.625,0.875,6,2,0.7,1,0,4,2,0.3333333333333333,0.5833333333333333,1.505215796449022e-8,0.41666666666666674,0.2777777777777778,0.325422400434628,0.6901856760188042,-0.14872947946598028,0.0379367811238048,1.1102230246251565e-16,-1.1102230246251565e-16,0.05288461538461542,0.03525641025641035,0.15384615384615385,0.15384615384615385
7,A squirrel,I am a slightly curious person,bg,3,2,3,4,0.3,0.7,tycoon,14,0.625,0.875,7,1,0.3,1,1,4,2,0.3333333333333333,0.3541666666666667,0.7500000004820603,0.6458333333333333,0.4305555555555556,0.5630940523117476,0.6785008770139087,-0.15713508424224704,0.05316704774777181,0.0,-1.1102230246251565e-16,0.015246236163034665,0.03585946573751453,0.09059233449477344,0.2444384883409273
7,A squirrel,I am a slightly curious person,bg,3,2,3,4,0.3,0.7,tycoon,14,0.625,0.875,8,2,0.7,1,0,4,2,0.3333333333333333,0.6538461538461539,1.505215796449022e-8,0.34615384615384615,0.23076923076923073,0.262364264467491,0.6842317651303003,-0.2844497338353375,0.025781336264415255,0.0,1.1102230246251565e-16,0.032500000000000084,0.021666666666666723,0.20999999999999996,0.20999999999999996
7,A squirrel,I am a slightly curious person,bg,3,2,3,4,0.3,0.7,tycoon,14,0.625,0.875,9,1,0.3,1,1,4,2,0.3333333333333333,0.40940766550522656,0.6000000032547178,0.5905923344947734,0.39372822299651555,0.5004269165450919,0.6881771822372582,-0.15234512269821177,0.04329848222372057,0.0,0.008301404853129024,0.011864668926762523,0.04831178160919547,0.037356321839080386,0.24735632183908035
7,A squirrel,I am a slightly curious person,bg,3,2,3,4,0.3,0.7,tycoon,14,0.625,0.875,10,2,0.7,1,1,4,2,0.3333333333333333,0.71,1.505215796449022e-8,0.29000000000000004,0.19333333333333325,0.21484474849951454,0.6780102022798757,-0.42625540231422954,0.017393591340592707,1.1102230246251565e-16,1.1102230246251565e-16,0.01962809917355368,0.013085399449035862,0.2534435261707988,0.2534435261707988
7,A squirrel,I am a slightly curious person,bg,3,2,3,4,0.3,0.7,tycoon,14,0.625,0.875,11,1,0.3,0,0,2,2,0.3333333333333333,0.4626436781609196,-0.499999998322114,-0.4626436781609196,-0.6417624521072798,1.0265589710280523,0.0,-0.23700120278132994,0.0,0.0,0.0,0.0017480128550703133,0.023946573578926378,0.12507427213309563,0.3785177983038944
7,A squirrel,I am a slightly curious person,bg,3,2,3,4,0.3,0.7,tycoon,14,0.625,0.875,12,1,0.3,1,1,4,2,0.3333333333333333,0.37492572786690437,0.6428571428840825,0.6250742721330956,0.4167161814220637,0.5390813867732285,0.6828941449085093,-0.2228608825806696,0.04211572422065968,0.0,1.1102230246251565e-16,0.002680201804811988,0.0327001980758348,0.07860780984719856,0.33205133601799736
7,A squirrel,I am a slightly curious person,bg,3,2,3,4,0.3,0.7,tycoon,14,0.625,0.875,13,2,0.7,1,0,3,2,0.3333333333333333,0.7534435261707988,1.505215796449022e-8,0.2465564738292012,0.1643709825528007,0.1795705234220647,0.6725635843867589,-0.5618791256690523,0.011912734212403908,-2.220446049250313e-16,-1.1102230246251565e-16,0.011773940345368827,0.007849293563579218,0.2868916797488228,0.2868916797488228
7,A squirrel,I am a slightly curious person,bg,3,2,3,4,0.3,0.7,tycoon,14,0.625,0.875,14,2,0.7,0,0,4,2,0.3333333333333333,0.7868916797488228,-0.999999984947842,-0.7868916797488228,-0.8579277864992152,1.9514198048662839,0.0,-0.22325417073184653,0.0,0.0,0.0,0.04022790055248604,0.026818600368324064,0.12983425414364647,0.12983425414364647
7,A squirrel,I am a slightly curious person,bg,3,2,3,4,0.3,0.7,tycoon,14,0.625,0.875,15,2,0.7,0,0,4,2,0.3333333333333333,0.6298342541436465,-0.7500000000539505,-0.6298342541436465,-0.7532228360957642,1.3992695199830238,0.0,-0.17975900900527386,0.0,0.0,0.0,0.08126036484245436,0.05417357656163635,0.011608623548922115,0.011608623548922115
7,A squirrel,I am a slightly curious person,bg,3,2,3,4,0.3,0.7,tycoon,14,0.625,0.875,16,2,0.7,1,0,4,2,0.3333333333333333,0.5116086235489221,0.4285714261887835,0.4883913764510779,0.32559425096738526,0.3939233476679928,0.6930813365993375,-0.22800730239285233,0.026290814189475376,0.0,0.0,0.0588601434426228,0.03924009562841524,0.05516393442622958,0.05516393442622958
7,A squirrel,I am a slightly curious person,bg,3,2,3,4,0.3,0.7,tycoon,14,0.625,0.875,17,2,0.7,1,0,4,2,0.3333333333333333,0.5551639344262296,0.3749999995025072,0.4448360655737704,0.2965573770491803,0.3517689651698778,0.6917799599357861,-0.2874591223088539,0.02017090234217428,0.0,0.0,0.04198335310692558,0.027988902071283683,0.0931336200504227,0.0931336200504227
7,A squirrel,I am a slightly curious person,bg,3,2,3,4,0.3,0.7,tycoon,14,0.625,0.875,18,2,0.7,0,0,3,2,0.3333333333333333,0.5931336200504227,-0.666666666579618,-0.5931336200504227,-0.7287557467002818,1.3047355603437163,0.0,-0.2683627562159892,0.0,0.0,0.0,0.0751776927282668,0.050118461818844495,0.005011846181884438,0.005011846181884438
7,A squirrel,I am a slightly curious person,bg,3,2,3,4,0.3,0.7,tycoon,14,0.625,0.875,19,2,0.7,1,0,4,2,0.3333333333333333,0.5050118461818844,0.4499999999979809,0.49498815381811556,0.3299921025454102,0.400465779420938,0.6931347461577707,-0.3121279906710225,0.02148650636850824,0.0,-1.1102230246251565e-16,0.05632244885860349,0.03754829923906888,0.0407631628503875,0.0407631628503875
7,A squirrel,I am a slightly curious person,bg,3,2,3,4,0.3,0.7,tycoon,14,0.625,0.875,20,1,0.3,1,0,4,2,0.3333333333333333,0.42139219015280144,0.5624999999673466,0.5786078098471985,0.38573853989813234,0.4873346106903918,0.6895034991417229,-0.23609603900380224,0.03414268066623985,0.0,0.005170555750987016,0.04720426348923645,0.04266074928388364,0.034901251319161664,0.07566441416954917
8,A squirrel,I am a slightly curious person,bg,2,2,1,2,0.7,0.3,bandit,8,0.375,0.5,1,1,0.7,1,0,1,1,0.3333333333333333,0.5,NaN,0.5,0.6666666666666666,1.0986122886681096,0.0,-0.19314718051535087,0.0,0.0,0.0,0.04166666666666663,0.02777777777777779,0.16666666666666663,0.16666666666666663
8,A squirrel,I am a slightly curious person,bg,2,2,1,2,0.7,0.3,bandit,8,0.375,0.5,2,1,0.7,0,1,2,1,0.3333333333333333,0.6666666666666666,-0.999999984947842,-0.6666666666666666,-0.44444444444444453,0.5877866649021192,0.6730116670092565,-0.09878147980916833,0.0671439495179084,1.1102230246251565e-16,-1.1102230246251565e-16,0.0625,0.04166666666666663,0.09999999999999987,0.09999999999999987
8,A squirrel,I am a slightly curious person,bg,2,2,1,2,0.7,0.3,bandit,8,0.375,0.5,3,2,0.3,1,0,1,1,0.3333333333333333,0.5,NaN,0.5,0.6666666666666666,1.0986122886681096,0.0,-0.19314718051535087,0.0,0.0,0.0,0.07199999847336735,0.02777777777777779,0.16666666666666663,0.06666666666666676
8,A squirrel,I am a slightly curious person,bg,2,2,1,2,0.7,0.3,bandit,8,0.375,0.5,4,2,0.3,0,0,3,1,0.3333333333333333,0.6666666666666666,-0.999999984947842,-0.6666666666666666,-0.44444444444444453,0.5877866649021192,0.6730116670092565,-0.09878147980916833,0.0671439495179084,0.040000000000000036,1.1102230246251565e-16,0.10367999835128927,0.04166666666666663,0.09999999999999987,0.0
8,A squirrel,I am a slightly curious person,bg,2,2,1,2,0.7,0.3,bandit,8,0.375,0.5,5,1,0.7,0,1,4,1,0.3333333333333333,0.5999999999999999,-0.7500000000000001,-0.5999999999999999,-0.39999999999999997,0.5108256237659905,0.6869615765973234,-0.06641254138672094,0.05538446170840032,1.1102230246251565e-16,0.014814814814814836,0.07330133168467545,0.05833333333333335,0.033333333333333326,0.06666666666666654
8,A squirrel,I am a slightly curious person,bg,2,2,1,2,0.7,0.3,bandit,8,0.375,0.5,6,2,0.3,0,0,2,1,0.3333333333333333,0.5999999999999999,-0.7500000000000001,-0.5999999999999999,-0.39999999999999997,0.5108256237659905,0.6869615765973234,-0.06641254138672094,0.05538446170840032,0.03703703703703709,0.014814814814814836,0.10351811143668566,0.05833333333333335,0.033333333333333326,0.0
8,A squirrel,I am a slightly curious person,bg,2,2,1,2,0.7,0.3,bandit,8,0.375,0.5,7,1,0.7,1,0,1,1,0.3333333333333333,0.5333333333333333,0.5000000009897914,0.4666666666666667,0.6444444444444444,1.0340737675305383,0.0,-0.20400590700589533,0.0,0.0,0.0,0.047324062968474134,0.02517361111111094,0.14583333333333326,0.11249999999999993
8,A squirrel,I am a slightly curious person,bg,2,2,1,2,0.7,0.3,bandit,8,0.375,0.5,8,1,0.7,0,0,2,1,0.3333333333333333,0.6458333333333333,-0.7499999978409456,-0.6458333333333333,-0.43055555555555564,0.5630940523117476,0.6785008770139085,-0.1571350842422471,0.053167047747771534,0.008594657375145087,-1.1102230246251565e-16,0.06644991460287342,0.03585946573751453,0.09059233449477355,0.057259001161440226
8,A squirrel,I am a slightly curious person,bg,2,2,1,2,0.7,0.3,bandit,8,0.375,0.5,9,1,0.7,1,0,2,1,0.3333333333333333,0.5905923344947736,0.4000000027035475,0.40940766550522645,0.6062717770034842,0.9320943970472803,0.0,-0.28542769031337323,0.0,0.0,0.0,0.03272594906633364,0.016685103244837518,0.17256637168141586,0.13923303834808254
8,A squirrel,I am a slightly curious person,bg,2,2,1,2,0.7,0.3,bandit,8,0.375,0.5,10,2,0.3,0,1,1,1,0.3333333333333333,0.5333333333333333,-0.4999999990102087,-0.5333333333333333,-0.3555555555555556,0.4393666597838458,0.6925525323607233,-0.08739425626637275,0.04314031141012996,0.0,0.011494252873563315,0.030181571531181728,0.05747126436781602,0.02873563218390801,0.20130200386532388
8,A squirrel,I am a slightly curious person,bg,2,2,1,2,0.7,0.3,bandit,8,0.375,0.5,11,2,0.3,0,0,3,1,0.3333333333333333,0.471264367816092,-0.37500000502485337,-0.471264367816092,-0.31417624521072807,0.37713460148193856,0.6927570046594116,-0.145217675089551,0.03231445903788896,0.0,0.0,0.018533456335092735,0.039704708699122127,0.08339984038308051,0.2559662120644964
8,A squirrel,I am a slightly curious person,bg,2,2,1,2,0.7,0.3,bandit,8,0.375,0.5,12,1,0.7,1,0,1,1,0.3333333333333333,0.6725663716814159,0.2499999999972985,0.32743362831858414,0.551622418879056,0.8021195865341739,0.0,-0.4271890325390061,-2.220446049250313e-16,-1.1102230246251565e-16,0.0,0.011627375730994038,0.007751583820662766,0.23099415204678364,0.23099415204678364
8,A squirrel,I am a slightly curious person,bg,2,2,1,2,0.7,0.3,bandit,8,0.375,0.5,13,2,0.3,0,1,1,1,0.3333333333333333,0.4166001596169195,-0.30000000098701385,-0.4166001596169195,-0.277733439744613,0.3253610111961422,0.6901813069103601,-0.22325417073184692,0.023753989707684525,0.0,1.1102230246251565e-16,0.006277430551772878,0.026818600368324286,0.1298342541436464,0.36082840619043005
8,A squirrel,I am a slightly curious person,bg,2,2,1,2,0.7,0.3,bandit,8,0.375,0.5,14,1,0.7,1,0,2,1,0.3333333333333333,0.7309941520467836,0.14285714272308225,0.26900584795321636,0.5126705653021442,0.7188149273085229,0.0,-0.5675720130244422,2.220446049250313e-16,0.0,0.0,0.005406249999999946,0.0036041666666665195,0.274,0.274
8,A squirrel,I am a slightly curious person,bg,2,2,1,2,0.7,0.3,bandit,8,0.375,0.5,15,2,0.3,0,1,2,1,0.3333333333333333,0.3701657458563536,-0.2500000013594461,-0.3701657458563536,-0.24677716390423582,0.28339416389113375,0.6865299089505599,-0.3092008770384171,0.017446775436758266,0.0,0.0,0.002067048573569208,0.01785633432943945,0.1685683238250475,0.4425683238250475
8,A squirrel,I am a slightly curious person,bg,2,2,1,2,0.7,0.3,bandit,8,0.375,0.5,16,1,0.7,0,0,4,1,0.3333333333333333,0.774,-0.9374999927835462,-0.774,-0.516,0.7256703722655053,0.6201327158624925,-0.47241718232341906,0.05632219399913446,0.0,-1.1102230246251565e-16,0.008484574567993897,0.005656383045329116,0.23929376408715253,0.23929376408715253
8,A squirrel,I am a slightly curious person,bg,2,2,1,2,0.7,0.3,bandit,8,0.375,0.5,17,2,0.3,0,1,1,1,0.3333333333333333,0.3314316761749525,-0.21428571120777382,-0.3314316761749525,-0.22095445078330167,0.24968576342578275,0.6827064730455019,-0.3957106648283263,0.012973104587097994,0.0,0.0,0.0016721265131131036,0.011791429346352134,0.2007323026851099,0.4400260667722624
8,A squirrel,I am a slightly curious person,bg,2,2,1,2,0.7,0.3,bandit,8,0.375,0.5,18,1,0.7,0,1,2,1,0.3333333333333333,0.7392937640871525,-0.8333333331345034,-0.7392937640871525,-0.49286250939143506,0.6789731275225819,0.6428206018242861,-0.40314200060979377,0.051345532371297686,0.0,1.1102230246251565e-16,0.012765239197530698,0.00851015946502054,0.20246913580246917,0.20246913580246917
8,A squirrel,I am a slightly curious person,bg,2,2,1,2,0.7,0.3,bandit,8,0.375,0.5,19,2,0.3,1,0,1,1,0.3333333333333333,0.2992676973148901,0.8124999909333683,0.7007323026851099,0.8004882017900732,1.6118819055039784,0.0,-0.2874591223088541,0.0,0.0,0.0,0.0073209117500545595,0.027988902071283794,0.0931336200504227,0.29560275585289186
8,A squirrel,I am a slightly curious person,bg,2,2,1,2,0.7,0.3,bandit,8,0.375,0.5,20,1,0.7,1,0,2,1,0.3333333333333333,0.7024691358024692,0.2499999997469049,0.29753086419753083,0.5316872427983539,0.7586189216483179,0.0,-0.5103029326983979,0.0,0.0,0.0,0.006364488982019578,0.004242992654679645,0.24523455454914145,0.24523455454914145
9,A squirrel,I am a slightly curious person,bg,2,1,3,2,0.7,0.3,tycoon,14,0.625,0.375,1,1,0.7,0,0,1,2,0.3333333333333333,0.5,NaN,-0.5,-0.6666666666666667,1.09861228866811,0.0,-0.19314718051535068,0.0,0.0,0.0,0.04166666666666652,0.02777777777777768,0.16666666666666674,0.16666666666666674
9,A squirrel,I am a slightly curious person,bg,2,1,3,2,0.7,0.3,tycoon,14,0.625,0.375,2,2,0.3,0,0,1,2,0.3333333333333333,0.5,NaN,-0.5,-0.6666666666666667,1.09861228866811,0.0,-0.19314718051535068,0.0,0.0,0.0,0.04166666666666652,0.02777777777777768,0.16666666666666674,0.16666666666666674
9,A squirrel,I am a slightly curious person,bg,2,1,3,2,0.7,0.3,tycoon,14,0.625,0.375,3,2,0.3,1,1,2,2,0.3333333333333333,0.33333333333333326,0.9999999999999997,0.6666666666666667,0.44444444444444453,0.5877866649021192,0.6730116670092565,-0.09878147980916858,0.06714394951790816,0.0,0.0,0.0625,0.04166666666666674,0.10000000000000003,0.10000000000000003
9,A squirrel,I am a slightly curious person,bg,2,1,3,2,0.7,0.3,tycoon,14,0.625,0.375,4,2,0.3,1,0,2,2,0.3333333333333333,0.39999999999999997,0.7499999999999998,0.6000000000000001,0.3999999999999999,0.5108256237659905,0.6869615765973234,-0.06641254138672092,0.05538446170840036,0.022222222222222254,0.014814814814814725,0.08750000000000002,0.05833333333333324,0.033333333333333326,0.033333333333333326
9,A squirrel,I am a slightly curious person,bg,2,1,3,2,0.7,0.3,tycoon,14,0.625,0.375,5,2,0.3,1,1,2,2,0.3333333333333333,0.4666666666666667,0.5000000015235914,0.5333333333333333,0.3555555555555555,0.43936665978384565,0.6925525323607233,-0.08739425626637266,0.043140311410130014,0.01724137931034475,0.011494252873563315,0.08620689655172409,0.05747126436781613,0.028735632183908066,0.028735632183908066
9,A squirrel,I am a slightly curious person,bg,2,1,3,2,0.7,0.3,tycoon,14,0.625,0.375,6,2,0.3,1,1,2,2,0.3333333333333333,0.5287356321839081,0.3749999994326757,0.47126436781609193,0.31417624521072796,0.3771346014819384,0.6927570046594116,-0.14521767508955086,0.03231445903788896,0.0,0.0,0.05955706304868302,0.039704708699122127,0.08339984038308068,0.08339984038308068
9,A squirrel,I am a slightly curious person,bg,2,1,3,2,0.7,0.3,tycoon,14,0.625,0.375,7,2,0.3,1,1,2,2,0.3333333333333333,0.5833998403830807,0.3000000009825461,0.4166001596169193,0.27773343974461273,0.3253610111961419,0.6901813069103601,-0.22325417073184653,0.02375398970768486,-1.1102230246251565e-16,0.0,0.04022790055248604,0.026818600368323953,0.12983425414364647,0.12983425414364647
9,A squirrel,I am a slightly curious person,bg,2,1,3,2,0.7,0.3,tycoon,14,0.625,0.375,8,2,0.3,1,1,2,2,0.3333333333333333,0.6298342541436465,0.2499999999460495,0.37016574585635353,0.24677716390423576,0.28339416389113375,0.6865299089505598,-0.30920087703841675,0.017446775436758433,0.0,1.1102230246251565e-16,0.026784501494159008,0.01785633432943945,0.1685683238250476,0.1685683238250476
9,A squirrel,I am a slightly curious person,bg,2,1,3,2,0.7,0.3,tycoon,14,0.625,0.375,9,2,0.3,0,0,1,2,0.3333333333333333,0.6685683238250476,-0.7857142857744785,-0.6685683238250476,-0.7790455492166983,1.5097987037598832,0.0,-0.22800730239285233,0.0,0.0,0.0,0.0588601434426228,0.03924009562841524,0.05516393442622958,0.05516393442622958
9,A squirrel,I am a slightly curious person,bg,2,1,3,2,0.7,0.3,tycoon,14,0.625,0.375,10,2,0.3,0,0,1,2,0.3333333333333333,0.5551639344262296,-0.6250000004974928,-0.5551639344262296,-0.7034426229508197,1.2155145647661076,0.0,-0.23609603900380224,0.0,0.0,0.0,0.06399112392582529,0.042660749283883526,0.034901251319161664,0.034901251319161664
9,A squirrel,I am a slightly curious person,bg,2,1,3,2,0.7,0.3,tycoon,14,0.625,0.375,11,1,0.7,1,1,2,2,0.3333333333333333,0.33333333333333326,0.9999999999999997,0.6666666666666667,0.44444444444444453,0.5877866649021192,0.6730116670092565,-0.09878147980916858,0.06714394951790816,0.0,0.0,0.0625,0.04166666666666663,0.10000000000000003,0.10000000000000003
9,A squirrel,I am a slightly curious person,bg,2,1,3,2,0.7,0.3,tycoon,14,0.625,0.375,12,1,0.7,1,0,2,2,0.3333333333333333,0.39999999999999997,0.7499999999999998,0.6000000000000001,0.3999999999999999,0.5108256237659905,0.6869615765973234,-0.06641254138672092,0.05538446170840036,0.022222222222222254,0.014814814814814947,0.08750000000000002,0.05833333333333335,0.033333333333333326,0.033333333333333326
9,A squirrel,I am a slightly curious person,bg,2,1,3,2,0.7,0.3,tycoon,14,0.625,0.375,13,1,0.7,1,1,2,2,0.3333333333333333,0.4666666666666667,0.5000000015235914,0.5333333333333333,0.3555555555555555,0.43936665978384565,0.6925525323607233,-0.08739425626637266,0.043140311410130014,0.01724137931034475,0.011494252873563204,0.08620689655172409,0.05747126436781602,0.028735632183908066,0.028735632183908066
9,A squirrel,I am a slightly curious person,bg,2,1,3,2,0.7,0.3,tycoon,14,0.625,0.375,14,1,0.7,1,0,2,2,0.3333333333333333,0.5287356321839081,0.3749999994326757,0.47126436781609193,0.31417624521072796,0.3771346014819384,0.6927570046594116,-0.14521767508955086,0.03231445903788896,0.0,-1.1102230246251565e-16,0.05955706304868302,0.039704708699122016,0.08339984038308068,0.08339984038308068
9,A squirrel,I am a slightly curious person,bg,2,1,3,2,0.7,0.3,tycoon,14,0.625,0.375,15,1,0.7,1,0,2,2,0.3333333333333333,0.5833998403830807,0.3000000009825461,0.4166001596169193,0.27773343974461273,0.3253610111961419,0.6901813069103601,-0.22325417073184653,0.02375398970768486,-1.1102230246251565e-16,0.0,0.04022790055248604,0.026818600368324064,0.12983425414364647,0.12983425414364647
9,A squirrel,I am a slightly curious person,bg,2,1,3,2,0.7,0.3,tycoon,14,0.625,0.375,16,1,0.7,0,0,2,2,0.3333333333333333,0.6298342541436465,-0.7500000000539505,-0.6298342541436465,-0.7532228360957642,1.3992695199830238,0.0,-0.17975900900527386,0.0,0.0,0.0,0.08126036484245436,0.05417357656163635,0.011608623548922115,0.011608623548922115
9,A squirrel,I am a slightly curious person,bg,2,1,3,2,0.7,0.3,tycoon,14,0.625,0.375,17,1,0.7,1,0,2,2,0.3333333333333333,0.5116086235489221,0.4285714261887835,0.4883913764510779,0.32559425096738526,0.3939233476679928,0.6930813365993375,-0.22800730239285233,0.026290814189475376,0.0,0.0,0.0588601434426228,0.03924009562841524,0.05516393442622958,0.05516393442622958
9,A squirrel,I am a slightly curious person,bg,2,1,3,2,0.7,0.3,tycoon,14,0.625,0.375,18,1,0.7,1,0,2,2,0.3333333333333333,0.5551639344262296,0.3749999995025072,0.4448360655737704,0.2965573770491803,0.3517689651698778,0.6917799599357861,-0.2874591223088539,0.02017090234217428,0.0,0.0,0.04198335310692558,0.027988902071283683,0.0931336200504227,0.0931336200504227
9,A squirrel,I am a slightly curious person,bg,2,1,3,2,0.7,0.3,tycoon,14,0.625,0.375,19,1,0.7,1,0,2,2,0.3333333333333333,0.5931336200504227,0.33333333342038196,0.4068663799495773,0.27124425329971824,0.31641665565345756,0.6895133632202006,-0.3514285693112917,0.01556078354436291,1.1102230246251565e-16,1.1102230246251565e-16,0.029628357753357704,0.019752238502238506,0.1259327092660426,0.1259327092660426
9,A squirrel,I am a slightly curious person,bg,2,1,3,2,0.7,0.3,tycoon,14,0.625,0.375,20,1,0.7,0,0,2,2,0.3333333333333333,0.6259327092660426,-0.7000000005234497,-0.6259327092660426,-0.7506218061773617,1.3887846841111968,0.0,-0.3121279906710225,0.0,0.0,0.0,0.05632244885860349,0.037548299239068994,0.0407631628503875,0.0407631628503875
10,A squirrel,I am a slightly curious person,bg,4,4,3,3,0.3,0.7,tycoon,12,1.0,0.75,1,1,0.3,0,0,1,2,0.3333333333333333,0.5,NaN,-0.5,-0.6666666666666667,1.09861228866811,0.0,-0.19314718051535068,0.0,0.0,0.0,0.04166666666666652,0.02777777777777768,0.16666666666666674,0.16666666666666674
10,A squirrel,I am a slightly curious person,bg,4,4,3,3,0.3,0.7,tycoon,12,1.0,0.75,2,2,0.7,1,0,4,2,0.3333333333333333,0.5,NaN,0.5,0.33333333333333326,0.4054651081081643,0.6931471805599453,-0.042791644191678,0.05378194606599747,0.0,0.0,0.08333333333333348,0.05555555555555547,0.08333333333333326,0.08333333333333326
10,A squirrel,I am a slightly curious person,bg,4,4,3,3,0.3,0.7,tycoon,12,1.0,0.75,3,1,0.3,1,1,4,2,0.3333333333333333,0.33333333333333326,0.9999999999999997,0.6666666666666667,0.44444444444444453,0.5877866649021192,0.6730116670092565,-0.09878147980916858,0.06714394951790816,0.0,0.0,0.03737461979762402,0.04166666666666663,0.10000000000000003,0.1833333333333333
10,A squirrel,I am a slightly curious person,bg,4,4,3,3,0.3,0.7,tycoon,12,1.0,0.75,4,2,0.7,0,0,1,2,0.3333333333333333,0.5833333333333333,-0.999999984947842,-0.5833333333333333,-0.7222222222222222,1.2809338454620642,0.0,-0.09878147980916858,0.0,0.0,0.0,0.0625,0.04166666666666663,0.10000000000000003,0.10000000000000003
10,A squirrel,I am a slightly curious person,bg,4,4,3,3,0.3,0.7,tycoon,12,1.0,0.75,5,1,0.3,1,0,4,2,0.3333333333333333,0.39999999999999997,0.7499999999999998,0.6000000000000001,0.3999999999999999,0.5108256237659905,0.6869615765973234,-0.06641254138672092,0.05538446170840036,0.022222222222222254,0.014814814814814947,0.08750000000000002,0.05833333333333346,0.033333333333333326,0.033333333333333326
10,A squirrel,I am a slightly curious person,bg,4,4,3,3,0.3,0.7,tycoon,12,1.0,0.75,6,1,0.3,1,1,4,2,0.3333333333333333,0.4666666666666667,0.5000000015235914,0.5333333333333333,0.3555555555555555,0.43936665978384565,0.6925525323607233,-0.08739425626637266,0.043140311410130014,0.01724137931034475,0.011494252873563204,0.08620689655172409,0.05747126436781602,0.028735632183908066,0.028735632183908066
10,A squirrel,I am a slightly curious person,bg,4,4,3,3,0.3,0.7,tycoon,12,1.0,0.75,7,2,0.7,0,0,1,2,0.3333333333333333,0.39999999999999997,-0.25000000000000017,-0.39999999999999997,-0.6000000000000001,0.9162907318741553,0.0,-0.29705541768766525,0.0,0.0,0.0,0.020013131132505912,0.01666666666666672,0.2,0.22873563218390808
10,A squirrel,I am a slightly curious person,bg,4,4,3,3,0.3,0.7,tycoon,12,1.0,0.75,8,1,0.3,1,1,3,2,0.3333333333333333,0.5287356321839081,0.3749999994326757,0.47126436781609193,0.31417624521072796,0.3771346014819384,0.6927570046594116,-0.14521767508955086,0.03231445903788896,0.0,-1.1102230246251565e-16,0.05955706304868302,0.039704708699122127,0.08339984038308068,0.08339984038308068
10,A squirrel,I am a slightly curious person,bg,4,4,3,3,0.3,0.7,tycoon,12,1.0,0.75,9,2,0.7,0,0,1,2,0.3333333333333333,0.3,-6.280455418940885e-9,-0.3,-0.5333333333333333,0.7621400520468967,0.0,-0.49056128652018416,0.0,0.0,0.0,0.004382231500817513,0.006944444444444531,0.26190476190476186,0.34530460228784254
10,A squirrel,I am a slightly curious person,bg,4,4,3,3,0.3,0.7,tycoon,12,1.0,0.75,10,1,0.3,1,1,2,2,0.3333333333333333,0.5833998403830807,0.3000000009825461,0.4166001596169193,0.27773343974461273,0.3253610111961419,0.6901813069103601,-0.22325417073184653,0.02375398970768486,-1.1102230246251565e-16,0.0,0.04022790055248604,0.026818600368324064,0.12983425414364647,0.12983425414364647
10,A squirrel,I am a slightly curious person,bg,4,4,3,3,0.3,0.7,tycoon,12,1.0,0.75,11,2,0.7,0,0,1,2,0.3333333333333333,0.2380952380952381,-2.6771513970377654e-16,-0.2380952380952381,-0.4920634920634921,0.6773988235918061,0.0,-0.6637676568013678,-2.220446049250313e-16,0.0,1.1102230246251565e-16,0.0007946834669182445,0.0029761904761906877,0.3035714285714285,0.43340568271507496
10,A squirrel,I am a slightly curious person,bg,4,4,3,3,0.3,0.7,tycoon,12,1.0,0.75,12,1,0.3,0,0,1,2,0.3333333333333333,0.6298342541436465,-0.7500000000539505,-0.6298342541436465,-0.7532228360957642,1.3992695199830238,0.0,-0.17975900900527386,0.0,0.0,0.0,0.08126036484245436,0.05417357656163624,0.011608623548922115,0.011608623548922115
10,A squirrel,I am a slightly curious person,bg,4,4,3,3,0.3,0.7,tycoon,12,1.0,0.75,13,1,0.3,0,0,1,2,0.3333333333333333,0.5116086235489221,-0.5714285738112165,-0.5116086235489221,-0.6744057490326147,1.1221033017437085,0.0,-0.2228608825806696,0.0,0.0,0.0,0.049050297113752195,0.03270019807583491,0.07860780984719856,0.07860780984719856
10,A squirrel,I am a slightly curious person,bg,4,4,3,3,0.3,0.7,tycoon,12,1.0,0.75,14,2,0.7,1,0,4,2,0.3333333333333333,0.19642857142857148,0.9999999999999997,0.8035714285714285,0.5357142857142857,0.7672551527136672,0.594880254188934,-0.5336806470724107,0.06324782809164198,0.0,1.1102230246251565e-16,0.007361778846153966,0.004907852564102755,0.26923076923076916,0.26923076923076916
10,A squirrel,I am a slightly curious person,bg,4,4,3,3,0.3,0.7,tycoon,12,1.0,0.75,15,2,0.7,1,1,4,2,0.3333333333333333,0.2307692307692308,0.9999999963144605,0.7692307692307692,0.5128205128205128,0.7191226669632059,0.6236548495681085,-0.4271890325390063,0.059861143712770626,0.0,0.0,0.01162737573099415,0.007751583820662766,0.23099415204678364,0.23099415204678364
10,A squirrel,I am a slightly curious person,bg,4,4,3,3,0.3,0.7,tycoon,12,1.0,0.75,16,1,0.3,0,0,1,2,0.3333333333333333,0.42139219015280144,-0.43750000003265344,-0.42139219015280144,-0.6142614601018677,0.9525954968045907,0.0,-0.30392034868124257,0.0,0.0,0.0,0.025258082586427588,0.016838721724285022,0.1482074263764404,0.1482074263764404
10,A squirrel,I am a slightly curious person,bg,4,4,3,3,0.3,0.7,tycoon,12,1.0,0.75,17,2,0.7,1,0,4,2,0.3333333333333333,0.26900584795321636,0.857142855151454,0.7309941520467836,0.48732943469785583,0.6681218129930051,0.6473288715296028,-0.3499999698277506,0.05449934993397276,0.0,0.0,0.01754099334600767,0.011693995564005077,0.1901140684410646,0.1901140684410646
10,A squirrel,I am a slightly curious person,bg,4,4,3,3,0.3,0.7,tycoon,12,1.0,0.75,18,2,0.7,1,0,1,2,0.3333333333333333,0.3098859315589354,0.7500000000338465,0.6901140684410646,0.46007604562737636,0.6163269745765037,0.6653365453438909,-0.30392034868124257,0.04777956620255086,0.0,0.0,0.025258082586427588,0.016838721724285244,0.1482074263764404,0.1482074263764404
10,A squirrel,I am a slightly curious person,bg,4,4,3,3,0.3,0.7,tycoon,12,1.0,0.75,19,2,0.7,1,1,1,2,0.3333333333333333,0.3517925736235596,0.6666666618273922,0.6482074263764404,0.43213828425096024,0.5658773480900516,0.6779327786914043,-0.2865909243832322,0.04052767214023745,0.0,0.0,0.03476503781473128,0.02317669187648752,0.10691469372416385,0.10691469372416385
10,A squirrel,I am a slightly curious person,bg,4,4,3,3,0.3,0.7,tycoon,12,1.0,0.75,20,1,0.3,1,1,4,2,0.3333333333333333,0.3517925736235596,0.6666666618273922,0.6482074263764404,0.43213828425096024,0.5658773480900516,0.6779327786914043,-0.2865909243832322,0.04052767214023745,0.0,0.0,0.03476503781473128,0.02317669187648752,0.10691469372416385,0.10691469372416385
11,A squirrel,I am a slightly curious person,gb,3,3,2,2,0.7,0.3,bandit,8,0.5,0.75,1,1,0.7,0,1,4,1,0.3333333333333333,0.5,NaN,-0.5,-0.33333333333333337,0.40546510810816444,0.6931471805599453,-0.04279164419167801,0.05378194606599736,0.0,0.0,0.08333333333333337,0.05555555555555547,0.08333333333333337,0.08333333333333337
11,A squirrel,I am a slightly curious person,gb,3,3,2,2,0.7,0.3,bandit,8,0.5,0.75,2,2,0.3,1,0,1,1,0.3333333333333333,0.5,NaN,0.5,0.6666666666666666,1.0986122886681096,0.0,-0.19314718051535087,0.0,0.0,0.0,0.04166666666666663,0.02777777777777779,0.16666666666666663,0.16666666666666663
11,A squirrel,I am a slightly curious person,gb,3,3,2,2,0.7,0.3,bandit,8,0.5,0.75,3,2,0.3,0,1,4,1,0.3333333333333333,0.6666666666666666,-0.999999984947842,-0.6666666666666666,-0.44444444444444453,0.5877866649021192,0.6730116670092565,-0.09878147980916833,0.0671439495179084,1.1102230246251565e-16,0.0,0.0625,0.04166666666666652,0.09999999999999987,0.09999999999999987
11,A squirrel,I am a slightly curious person,gb,3,3,2,2,0.7,0.3,bandit,8,0.5,0.75,4,1,0.7,1,0,1,1,0.3333333333333333,0.41666666666666663,0.9999999999999994,0.5833333333333334,0.7222222222222222,1.2809338454620642,0.0,-0.09878147980916833,0.0,0.0,0.0,0.10367999835128927,0.04166666666666663,0.09999999999999987,0.0
11,A squirrel,I am a slightly curious person,gb,3,3,2,2,0.7,0.3,bandit,8,0.5,0.75,5,1,0.7,1,0,1,1,0.3333333333333333,0.5999999999999999,0.2499999999999999,0.40000000000000013,0.6000000000000001,0.9162907318741551,0.0,-0.29705541768766514,0.0,0.0,0.0,0.049247998351209965,0.01666666666666672,0.19999999999999996,0.10000000000000009
11,A squirrel,I am a slightly curious person,gb,3,3,2,2,0.7,0.3,bandit,8,0.5,0.75,6,1,0.7,1,0,1,1,0.3333333333333333,0.7,1.505215796449022e-8,0.30000000000000004,0.5333333333333333,0.7621400520468967,0.0,-0.4905612865201842,0.0,0.0,0.0,0.024438855729540743,0.00694444444444442,0.26190476190476186,0.161904761904762
11,A squirrel,I am a slightly curious person,gb,3,3,2,2,0.7,0.3,bandit,8,0.5,0.75,7,1,0.7,0,1,4,1,0.3333333333333333,0.7619047619047619,-0.999999984947842,-0.7619047619047619,-0.5079365079365079,0.7091475219063864,0.6287993940937805,-0.37092869552988844,0.06404507376017227,0.0,-1.1102230246251565e-16,0.036765786295153924,0.011040706605222717,0.21889400921658986,0.11889400921658999
11,A squirrel,I am a slightly curious person,gb,3,3,2,2,0.7,0.3,bandit,8,0.5,0.75,8,2,0.3,0,0,4,1,0.3333333333333333,0.5999999999999999,-0.7500000000000001,-0.5999999999999999,-0.39999999999999997,0.5108256237659905,0.6869615765973234,-0.06641254138672094,0.05538446170840032,0.0,0.014814814814814836,0.033510531374495,0.05833333333333335,0.033333333333333326,0.18556067588325653
11,A squirrel,I am a slightly curious person,gb,3,3,2,2,0.7,0.3,bandit,8,0.5,0.75,9,1,0.7,0,1,4,1,0.3333333333333333,0.7188940092165899,-0.9000000044367091,-0.7188940092165899,-0.47926267281105994,0.652509534828119,0.6533502750036451,-0.28542769031337323,0.058112087396657075,0.0,-1.1102230246251565e-16,0.03272594906633364,0.016685103244837518,0.17256637168141586,0.13923303834808254
11,A squirrel,I am a slightly curious person,gb,3,3,2,2,0.7,0.3,bandit,8,0.5,0.75,10,1,0.7,1,0,1,1,0.3333333333333333,0.6725663716814159,0.2499999999972985,0.32743362831858414,0.551622418879056,0.8021195865341739,0.0,-0.4271890325390061,-2.220446049250313e-16,-1.1102230246251565e-16,0.0,0.01612197123943071,0.007751583820662655,0.23099415204678364,0.19766081871345031
11,A squirrel,I am a slightly curious person,gb,3,3,2,2,0.7,0.3,bandit,8,0.5,0.75,11,1,0.7,0,0,1,1,0.3333333333333333,0.7309941520467836,-0.8571428572769177,-0.7309941520467836,-0.48732943469785583,0.6681218129930051,0.6473288715296028,-0.34999996982775033,0.054499349933972596,-1.1102230246251565e-16,-1.1102230246251565e-16,0.02388166095471511,0.011693995564004966,0.1901140684410646,0.15678073510773127
11,A squirrel,I am a slightly curious person,gb,3,3,2,2,0.7,0.3,bandit,8,0.5,0.75,12,1,0.7,1,0,1,1,0.3333333333333333,0.6901140684410646,0.24999999996462985,0.3098859315589354,0.5399239543726235,0.7763634865810234,0.0,-0.47241718232341906,0.0,-1.1102230246251565e-16,0.0,0.012242669498752412,0.005656383045329227,0.23929376408715253,0.2059604307538192
11,A squirrel,I am a slightly curious person,gb,3,3,2,2,0.7,0.3,bandit,8,0.5,0.75,13,1,0.7,1,0,1,1,0.3333333333333333,0.7392937640871525,0.16666666686549658,0.2607062359128475,0.507137490608565,0.7075250294510225,0.0,-0.5955631174764747,-1.1102230246251565e-16,0.0,0.0,0.006247036404896211,0.002719951515921304,0.2771849593495934,0.2438516260162601
11,A squirrel,I am a slightly curious person,gb,3,3,2,2,0.7,0.3,bandit,8,0.5,0.75,14,1,0.7,0,0,1,1,0.3333333333333333,0.7771849593495934,-0.899999999903316,-0.7771849593495934,-0.5181233062330624,0.7300670197198772,0.6177014576144872,-0.5103029326983979,0.0532386187643894,1.1102230246251565e-16,0.0,0.009545080727134558,0.004242992654679645,0.24523455454914145,0.21190122121580812
11,A squirrel,I am a slightly curious person,gb,3,3,2,2,0.7,0.3,bandit,8,0.5,0.75,15,2,0.3,0,0,4,1,0.3333333333333333,0.5333333333333333,-0.4999999990102087,-0.5333333333333333,-0.3555555555555556,0.4393666597838458,0.6925525323607233,-0.08739425626637275,0.04314031141012996,0.0,0.011494252873563204,0.016569389858936745,0.05747126436781602,0.02873563218390801,0.27397018673304946
11,A squirrel,I am a slightly curious person,gb,3,3,2,2,0.7,0.3,bandit,8,0.5,0.75,16,1,0.7,0,0,4,1,0.3333333333333333,0.7452345545491414,-0.818181818168654,-0.7452345545491414,-0.4968230363660944,0.6868133543856716,0.6393919868411735,-0.4482857932133263,0.04854878038290705,0.0,0.0,0.009545754130843576,0.006363836087229013,0.2115797958087049,0.2115797958087049
11,A squirrel,I am a slightly curious person,gb,3,3,2,2,0.7,0.3,bandit,8,0.5,0.75,17,1,0.7,0,1,4,1,0.3333333333333333,0.7115797958087049,-0.7500000009448038,-0.7115797958087049,-0.47438653053913665,0.6431891853119711,0.6566937040764267,-0.40981077705859575,0.04301392939697146,0.0,0.0,0.01376188270290224,0.009174588468601419,0.17725904469813125,0.17725904469813125
11,A squirrel,I am a slightly curious person,gb,3,3,2,2,0.7,0.3,bandit,8,0.5,0.75,18,1,0.7,0,1,4,1,0.3333333333333333,0.6772590446981313,-0.6923076826263337,-0.6772590446981313,-0.45150602979875415,0.6005789925793369,0.6697549834510821,-0.3927257439257295,0.03717557319968762,-2.220446049250313e-16,-1.1102230246251565e-16,0.01909194518630053,0.012727963457533797,0.14329352478254864,0.14329352478254864
11,A squirrel,I am a slightly curious person,gb,3,3,2,2,0.7,0.3,bandit,8,0.5,0.75,19,2,0.3,0,1,4,1,0.3333333333333333,0.471264367816092,-0.37500000502485337,-0.471264367816092,-0.31417624521072807,0.37713460148193856,0.6927570046594116,-0.145217675089551,0.03231445903788896,0.0,0.0,0.023311093048910547,0.039704708699122127,0.08339984038308051,0.22669336516562916
11,A squirrel,I am a slightly curious person,gb,3,3,2,2,0.7,0.3,bandit,8,0.5,0.75,20,1,0.7,1,0,1,1,0.3333333333333333,0.6432935247825486,0.3571428562692277,0.35670647521745136,0.5711376501449675,0.8466192743503872,0.0,-0.45310279108652807,0.0,-1.1102230246251565e-16,-1.1102230246251565e-16,0.01049824590927928,0.006998830606186113,0.18692626346313168,0.18692626346313168
12,A squirrel,I am a slightly curious person,gb,2,3,2,2,0.3,0.7,bandit,9,0.625,0.5,1,1,0.3,1,0,1,1,0.3333333333333333,0.5,NaN,0.5,0.6666666666666666,1.0986122886681096,0.0,-0.19314718051535087,0.0,0.0,0.0,0.04166666666666663,0.02777777777777779,0.16666666666666663,0.16666666666666663
12,A squirrel,I am a slightly curious person,gb,2,3,2,2,0.3,0.7,bandit,9,0.625,0.5,2,1,0.3,1,0,1,1,0.3333333333333333,0.6666666666666666,1.505215796449022e-8,0.33333333333333337,0.5555555555555555,0.8109302162163285,0.0,-0.4319456220025852,0.0,0.0,0.0,0.01562500000000011,0.01041666666666663,0.2499999999999999,0.2499999999999999
12,A squirrel,I am a slightly curious person,gb,2,3,2,2,0.3,0.7,bandit,9,0.625,0.5,3,1,0.3,0,1,1,1,0.3333333333333333,0.7499999999999999,-0.999999984947842,-0.7499999999999999,-0.5,0.6931471805599453,0.636514168294813,-0.29705541768766514,0.06921054690467393,0.0,0.0,0.02499999999999991,0.016666666666666607,0.19999999999999996,0.19999999999999996
12,A squirrel,I am a slightly curious person,gb,2,3,2,2,0.3,0.7,bandit,9,0.625,0.5,4,1,0.3,1,0,1,1,0.3333333333333333,0.7,1.505215796449022e-8,0.30000000000000004,0.5333333333333333,0.7621400520468967,0.0,-0.4905612865201842,0.0,0.0,0.0,0.010416666666666852,0.00694444444444442,0.26190476190476186,0.26190476190476186
12,A squirrel,I am a slightly curious person,gb,2,3,2,2,0.3,0.7,bandit,9,0.625,0.5,5,1,0.3,0,0,1,1,0.3333333333333333,0.7619047619047619,-0.999999984947842,-0.7619047619047619,-0.5079365079365079,0.7091475219063864,0.6287993940937805,-0.37092869552988844,0.06404507376017227,0.0,0.0,0.016561059907834075,0.011040706605222605,0.21889400921658986,0.21889400921658986
12,A squirrel,I am a slightly curious person,gb,2,3,2,2,0.3,0.7,bandit,9,0.625,0.5,6,1,0.3,0,1,3,1,0.3333333333333333,0.7188940092165899,-0.9000000044367091,-0.7188940092165899,-0.47926267281105994,0.652509534828119,0.6533502750036451,-0.28542769031337323,0.058112087396657075,0.0,0.0,0.025027654867256444,0.01668510324483763,0.17256637168141586,0.17256637168141586
12,A squirrel,I am a slightly curious person,gb,2,3,2,2,0.3,0.7,bandit,9,0.625,0.5,7,1,0.3,1,0,1,1,0.3333333333333333,0.6725663716814159,0.2499999999972985,0.32743362831858414,0.551622418879056,0.8021195865341739,0.0,-0.4271890325390061,-2.220446049250313e-16,-1.1102230246251565e-16,0.0,0.011627375730994038,0.007751583820662766,0.23099415204678364,0.23099415204678364
12,A squirrel,I am a slightly curious person,gb,2,3,2,2,0.3,0.7,bandit,9,0.625,0.5,8,1,0.3,0,0,1,1,0.3333333333333333,0.7309941520467836,-0.8571428572769177,-0.7309941520467836,-0.48732943469785583,0.6681218129930051,0.6473288715296028,-0.34999996982775033,0.054499349933972596,-1.1102230246251565e-16,-1.1102230246251565e-16,0.01754099334600745,0.011693995564004855,0.1901140684410646,0.1901140684410646
12,A squirrel,I am a slightly curious person,gb,2,3,2,2,0.3,0.7,bandit,9,0.625,0.5,9,2,0.7,1,0,1,1,0.3333333333333333,0.5,NaN,0.5,0.6666666666666666,1.0986122886681096,0.0,-0.19314718051535087,0.0,0.0,0.0,0.08610991722771744,0.0277777777777779,0.16666666666666663,0.02344740177439797
12,A squirrel,I am a slightly curious person,gb,2,3,2,2,0.3,0.7,bandit,9,0.625,0.5,10,2,0.7,0,0,1,1,0.3333333333333333,0.6666666666666666,-0.999999984947842,-0.6666666666666666,-0.44444444444444453,0.5877866649021192,0.6730116670092565,-0.09878147980916833,0.0671439495179084,0.0,1.1102230246251565e-16,0.061724876632044845,0.04166666666666663,0.09999999999999987,0.09011406844106473
12,A squirrel,I am a slightly curious person,gb,2,3,2,2,0.3,0.7,bandit,9,0.625,0.5,11,1,0.3,0,1,3,1,0.3333333333333333,0.6901140684410646,-0.7500000000353702,-0.6901140684410646,-0.4600760456273765,0.6163269745765039,0.6653365453438909,-0.3039203486812426,0.04777956620255053,0.007426376440460847,-1.1102230246251565e-16,0.05638567571385589,0.01683872172428491,0.14820742637644047,0.0482074263764406
12,A squirrel,I am a slightly curious person,gb,2,3,2,2,0.3,0.7,bandit,9,0.625,0.5,12,1,0.3,1,0,1,1,0.3333333333333333,0.6482074263764405,0.33333333315397573,0.35179257362355953,0.5678617157490397,0.8390096395271014,0.0,-0.40314200060979377,0.0,-1.1102230246251565e-16,0.0,0.03330835078917849,0.00851015946502054,0.20246913580246917,0.1024691358024693
12,A squirrel,I am a slightly curious person,gb,2,3,2,2,0.3,0.7,bandit,9,0.625,0.5,13,1,0.3,0,1,1,1,0.3333333333333333,0.7024691358024692,-0.7500000002530951,-0.7024691358024692,-0.4683127572016461,0.631699851992047,0.6605668054089235,-0.360692175399716,0.045299229434115906,2.220446049250313e-16,0.0,0.045465511556900706,0.012268701129237058,0.16480114312931637,0.06480114312931651
12,A squirrel,I am a slightly curious person,gb,2,3,2,2,0.3,0.7,bandit,9,0.625,0.5,14,1,0.3,0,0,3,1,0.3333333333333333,0.6648011431293164,-0.6818181815006541,-0.6648011431293164,-0.443200762086211,0.5855505386521797,0.6735513215030678,-0.3428576367419082,0.038842448820063824,0.011227544910179521,0.0,0.059722517265566655,0.01696885247362412,0.12756629597946967,0.0275662959794698
12,A squirrel,I am a slightly curious person,gb,2,3,2,2,0.3,0.7,bandit,9,0.625,0.5,15,1,0.3,1,0,1,1,0.3333333333333333,0.6275662959794697,0.374999999823323,0.37243370402053033,0.5816224693470202,0.871371070701734,0.0,-0.40981077705859575,5.551115123125783e-17,1.1102230246251565e-16,0.0,0.03751810697439528,0.009174588468601308,0.17725904469813125,0.07725904469813138
12,A squirrel,I am a slightly curious person,gb,2,3,2,2,0.3,0.7,bandit,9,0.625,0.5,16,1,0.3,0,1,1,1,0.3333333333333333,0.6772590446981313,-0.6923076826263337,-0.6772590446981313,-0.45150602979875415,0.6005789925793369,0.6697549834510821,-0.3927257439257295,0.03717557319968762,0.00365870495650944,-1.1102230246251565e-16,0.04929844925231974,0.012727963457533686,0.14329352478254864,0.043293524782548776
12,A squirrel,I am a slightly curious person,gb,2,3,2,2,0.3,0.7,bandit,9,0.625,0.5,17,1,0.3,0,1,3,1,0.3333333333333333,0.6432935247825486,-0.6428571437307723,-0.6432935247825486,-0.42886234985503247,0.5601250298233724,0.679093107211889,-0.3932129201564539,0.03152311172284855,0.014737343538370196,1.1102230246251565e-16,0.06265521007291674,0.017029920046522373,0.11053007653777647,0.0105300765377766
12,A squirrel,I am a slightly curious person,gb,2,3,2,2,0.3,0.7,bandit,9,0.625,0.5,18,1,0.3,1,0,1,1,0.3333333333333333,0.6105300765377765,0.39999999936908937,0.38946992346222353,0.5929799489748157,0.8988928293348996,0.0,-0.43735842027124944,0.0,0.0,0.0,0.04138536206016785,0.009727701267508548,0.15565722644530022,0.055657226445300356
12,A squirrel,I am a slightly curious person,gb,2,3,2,2,0.3,0.7,bandit,9,0.625,0.5,19,1,0.3,0,1,1,1,0.3333333333333333,0.6556572264453002,-0.6562499974133875,-0.6556572264453002,-0.43710481763020026,0.5746618451385843,0.6760565564446434,-0.4370254388802459,0.03042125408285662,0.007556356748804283,0.0,0.052683935548505145,0.013069759804332004,0.12540254820574526,0.02540254820574539
12,A squirrel,I am a slightly curious person,gb,2,3,2,2,0.3,0.7,bandit,9,0.625,0.5,20,1,0.3,1,0,1,1,0.3333333333333333,0.6254025482057453,0.38235294123817287,0.37459745179425474,0.5830649678628365,0.8748248675533626,0.0,-0.47772941509378014,0.0,1.1102230246251565e-16,1.1102230246251565e-16,0.035211591915945695,0.00754689455242652,0.16561791605842358,0.06561791605842371
13,A squirrel,I am a slightly curious person,gb,4,4,2,2,0.7,0.3,tycoon,18,0.5,1.0,1,2,0.3,1,1,1,2,0.3333333333333333,0.5,NaN,0.5,0.33333333333333326,0.4054651081081643,0.6931471805599453,-0.042791644191678,0.05378194606599747,0.0,-1.1102230246251565e-16,0.08333333333333348,0.05555555555555547,0.08333333333333326,0.08333333333333326
13,A squirrel,I am a slightly curious person,gb,4,4,2,2,0.7,0.3,tycoon,18,0.5,1.0,2,2,0.3,0,0,1,2,0.3333333333333333,0.5833333333333333,-0.999999984947842,-0.5833333333333333,-0.7222222222222222,1.2809338454620642,0.0,-0.09878147980916858,0.0,0.0,0.0,0.0625,0.04166666666666663,0.10000000000000003,0.10000000000000003
13,A squirrel,I am a slightly curious person,gb,4,4,2,2,0.7,0.3,tycoon,18,0.5,1.0,3,1,0.7,1,0,4,2,0.3333333333333333,0.5,NaN,0.5,0.33333333333333326,0.4054651081081643,0.6931471805599453,-0.042791644191678,0.05378194606599747,0.0,0.0,0.08333333333333348,0.05555555555555547,0.08333333333333326,0.08333333333333326
13,A squirrel,I am a slightly curious person,gb,4,4,2,2,0.7,0.3,tycoon,18,0.5,1.0,4,1,0.7,1,1,1,2,0.3333333333333333,0.5833333333333333,1.505215796449022e-8,0.41666666666666674,0.2777777777777778,0.325422400434628,0.6901856760188042,-0.14872947946598028,0.0379367811238048,1.1102230246251565e-16,1.1102230246251565e-16,0.05288461538461542,0.03525641025641024,0.15384615384615385,0.15384615384615385
13,A squirrel,I am a slightly curious person,gb,4,4,2,2,0.7,0.3,tycoon,18,0.5,1.0,5,1,0.7,1,0,1,2,0.3333333333333333,0.6538461538461539,1.505215796449022e-8,0.34615384615384615,0.23076923076923073,0.262364264467491,0.6842317651303003,-0.2844497338353375,0.025781336264415255,0.0,0.0,0.032500000000000084,0.021666666666666612,0.20999999999999996,0.20999999999999996
13,A squirrel,I am a slightly curious person,gb,4,4,2,2,0.7,0.3,tycoon,18,0.5,1.0,6,1,0.7,1,1,1,2,0.3333333333333333,0.71,1.505215796449022e-8,0.29000000000000004,0.19333333333333325,0.21484474849951454,0.6780102022798757,-0.42625540231422954,0.017393591340592707,1.1102230246251565e-16,0.0,0.01962809917355368,0.01308539944903575,0.2534435261707988,0.2534435261707988
13,A squirrel,I am a slightly curious person,gb,4,4,2,2,0.7,0.3,tycoon,18,0.5,1.0,7,1,0.7,1,0,1,2,0.3333333333333333,0.7534435261707988,1.505215796449022e-8,0.2465564738292012,0.1643709825528007,0.1795705234220647,0.6725635843867589,-0.5618791256690523,0.011912734212403908,-2.220446049250313e-16,-1.1102230246251565e-16,0.011773940345368827,0.007849293563579218,0.2868916797488228,0.2868916797488228
13,A squirrel,I am a slightly curious person,gb,4,4,2,2,0.7,0.3,tycoon,18,0.5,1.0,8,1,0.7,1,0,1,2,0.3333333333333333,0.7868916797488228,1.505215796449022e-8,0.2131083202511772,0.1420722135007848,0.15323534795556995,0.668087395200138,-0.6867749400135641,0.008393123717155504,1.1102230246251565e-16,1.1102230246251565e-16,0.007061985361390799,0.004707990240927162,0.3129002744739249,0.3129002744739249
13,A squirrel,I am a slightly curious person,gb,4,4,2,2,0.7,0.3,tycoon,18,0.5,1.0,9,1,0.7,1,0,1,2,0.3333333333333333,0.8129002744739249,1.505215796449022e-8,0.18709972552607512,0.12473315035071664,0.1332264680909814,0.6644720212248263,-0.8003011606766882,0.006115744334489359,1.1102230246251565e-16,1.1102230246251565e-16,0.00425135501355034,0.0028342366757002635,0.33346883468834676,0.33346883468834676
13,A squirrel,I am a slightly curious person,gb,4,4,2,2,0.7,0.3,tycoon,18,0.5,1.0,10,1,0.7,1,0,1,2,0.3333333333333333,0.8334688346883468,1.505215796449022e-8,0.16653116531165324,0.11102077687443535,0.11768141480369698,0.6615437695984828,-0.9033679318738824,0.004608328505046111,-2.220446049250313e-16,-1.1102230246251565e-16,0.002573417335636763,0.0017156115570912123,0.35004572706025816,0.35004572706025816
13,A squirrel,I am a slightly curious person,gb,4,4,2,2,0.7,0.3,tycoon,18,0.5,1.0,11,1,0.7,1,1,1,2,0.3333333333333333,0.8500457270602582,1.505215796449022e-8,0.14995427293974184,0.09996951529316123,0.10532664433497851,0.6591458469017097,-0.9973043688130327,0.003579990216064477,-2.220446049250313e-16,-1.1102230246251565e-16,0.0015672919412251796,0.0010448612941501567,0.3636517594314642,0.3636517594314642
13,A squirrel,I am a slightly curious person,gb,4,4,2,2,0.7,0.3,tycoon,18,0.5,1.0,12,1,0.7,1,0,1,2,0.3333333333333333,0.8636517594314642,1.505215796449022e-8,0.13634824056853578,0.09089882704569052,0.09529888961831882,0.6571554989271757,-1.0834069179798427,0.0028554673241962814,-1.1102230246251565e-16,-1.1102230246251565e-16,0.0009603660257643254,0.0006402440171759949,0.37500517463937466,0.37500517463937466
13,A squirrel,I am a slightly curious person,gb,4,4,2,2,0.7,0.3,tycoon,18,0.5,1.0,13,1,0.7,1,0,1,2,0.3333333333333333,0.8750051746393747,1.505215796449022e-8,0.12499482536062534,0.08332988357375015,0.0870076136226205,0.6554810080662075,-1.1627994962954111,0.00232890639671135,0.0,0.0,0.0005918607209443039,0.00039457381396279523,0.3846171215507359,0.3846171215507359
13,A squirrel,I am a slightly curious person,gb,4,4,2,2,0.7,0.3,tycoon,18,0.5,1.0,14,1,0.7,1,1,1,2,0.3333333333333333,0.8846171215507359,1.505215796449022e-8,0.11538287844926409,0.07692191896617606,0.08004145322101398,0.6540545518516857,-1.2364162224386743,0.0019352886423809057,-1.1102230246251565e-16,0.0,0.00036668072249990136,0.00024445381499993424,0.39285772528116303,0.39285772528116303
13,A squirrel,I am a slightly curious person,gb,4,4,2,2,0.7,0.3,tycoon,18,0.5,1.0,15,1,0.7,1,0,1,2,0.3333333333333333,0.892857725281163,1.505215796449022e-8,0.10714227471883697,0.07142818314589117,0.07410755400323056,0.6528257068824854,-1.3050239880144636,0.001633676222827951,0.0,0.0,0.00022825436702378354,0.00015216957801600373,0.40000019513685503,0.40000019513685503
13,A squirrel,I am a slightly curious person,gb,4,4,2,2,0.7,0.3,tycoon,18,0.5,1.0,16,1,0.7,1,1,1,2,0.3333333333333333,0.900000195136855,1.505215796449022e-8,0.09999980486314497,0.06666653657542987,0.06899273210349317,0.6517565319127434,-1.3692529012510195,0.0013975562759300786,-1.1102230246251565e-16,0.0,0.00014269162750135678,9.512775166753418e-5,0.4062500653359916,0.4062500653359916
13,A squirrel,I am a slightly curious person,gb,4,4,2,2,0.7,0.3,tycoon,18,0.5,1.0,17,1,0.7,1,0,1,2,0.3333333333333333,0.9062500653359916,1.505215796449022e-8,0.09374993466400838,0.062499956442672366,0.06453847467642278,0.6508180660472828,-1.4296240201830972,0.0012092576275344324,-2.220446049250313e-16,-1.1102230246251565e-16,8.954292944429731e-5,5.969528629623522e-5,0.4117647277464227,0.4117647277464227
13,A squirrel,I am a slightly curious person,gb,4,4,2,2,0.7,0.3,tycoon,18,0.5,1.0,18,1,0.7,1,1,1,2,0.3333333333333333,0.9117647277464227,1.505215796449022e-8,0.0882352722535773,0.05882351483571857,0.06062460632938595,0.6499878786960815,-1.48657190921744,0.0010566741817006342,-4.440892098500626e-16,-2.220446049250313e-16,5.638253729312037e-5,3.758835819556161e-5,0.4166666739799958,0.4166666739799958
13,A squirrel,I am a slightly curious person,gb,4,4,2,2,0.7,0.3,tycoon,18,0.5,1.0,19,1,0.7,0,0,1,2,0.3333333333333333,0.9166666739799958,-0.999999984947842,-0.9166666739799958,-0.9444444493199974,2.8903718456561216,0.0,-0.9929480454121622,0.0,0.0,0.0,0.0004094945215529222,0.00027299634770205916,0.3421053462989012,0.3421053462989012
13,A squirrel,I am a slightly curious person,gb,4,4,2,2,0.7,0.3,tycoon,18,0.5,1.0,20,1,0.7,1,0,1,2,0.3333333333333333,0.8421053462989012,0.08823529270083685,0.15789465370109879,0.10526310246739912,0.11122557316202532,0.6602983757178873,-1.0424252432771741,0.0019265852777319292,-1.1102230246251565e-16,-1.1102230246251565e-16,0.0002706381218735565,0.000180425414582297,0.35000002942539366,0.35000002942539366
14,A squirrel,I am a slightly curious person,bg,1,1,2,2,0.3,0.7,bandit,9,0.25,0.5,1,2,0.7,1,0,1,1,0.3333333333333333,0.5,NaN,0.5,0.6666666666666666,1.0986122886681096,0.0,-0.19314718051535087,0.0,0.0,0.0,0.04166666666666663,0.02777777777777779,0.16666666666666663,0.16666666666666663
14,A squirrel,I am a slightly curious person,bg,1,1,2,2,0.3,0.7,bandit,9,0.25,0.5,2,2,0.7,1,0,1,1,0.3333333333333333,0.6666666666666666,1.505215796449022e-8,0.33333333333333337,0.5555555555555555,0.8109302162163285,0.0,-0.4319456220025852,0.0,0.0,0.0,0.01562500000000011,0.01041666666666663,0.2499999999999999,0.2499999999999999
14,A squirrel,I am a slightly curious person,bg,1,1,2,2,0.3,0.7,bandit,9,0.25,0.5,3,2,0.7,1,0,1,1,0.3333333333333333,0.7499999999999999,1.505215796449022e-8,0.2500000000000001,0.5,0.6931471805599453,0.0,-0.6362943611237484,0.0,0.0,0.0,0.006249999999999978,0.004166666666666652,0.29999999999999993,0.29999999999999993
14,A squirrel,I am a slightly curious person,bg,1,1,2,2,0.3,0.7,bandit,9,0.25,0.5,4,2,0.7,1,0,1,1,0.3333333333333333,0.7999999999999999,1.505215796449022e-8,0.20000000000000007,0.4666666666666667,0.6286086594223742,0.0,-0.809437912431769,-3.3306690738754696e-16,0.0,0.0,0.0026041666666669627,0.0017361111111112715,0.33333333333333326,0.33333333333333326
14,A squirrel,I am a slightly curious person,bg,1,1,2,2,0.3,0.7,bandit,9,0.25,0.5,5,2,0.7,1,0,1,1,0.3333333333333333,0.8333333333333333,1.505215796449022e-8,0.16666666666666674,0.4444444444444444,0.587786664902119,0.0,-0.9584261358948126,-1.1102230246251565e-16,0.0,0.0,0.001116071428571619,0.0007440476190477829,0.3571428571428571,0.3571428571428571
14,A squirrel,I am a slightly curious person,bg,1,1,2,2,0.3,0.7,bandit,9,0.25,0.5,6,2,0.7,0,0,4,1,0.3333333333333333,0.8571428571428571,-0.999999984947842,-0.8571428571428571,-0.5714285714285715,0.8472978603872038,0.5297061990576547,-0.8170957173412366,0.06105648341012904,1.1102230246251565e-16,0.0,0.001953125000000222,0.0013020833333333703,0.33333333333333337,0.33333333333333337
14,A squirrel,I am a slightly curious person,bg,1,1,2,2,0.3,0.7,bandit,9,0.25,0.5,7,2,0.7,0,0,4,1,0.3333333333333333,0.8333333333333334,-0.999999984947842,-0.8333333333333334,-0.5555555555555556,0.8109302162163288,0.5623351446188083,-0.6845306937246839,0.06125593427715759,-1.1102230246251565e-16,-1.1102230246251565e-16,0.0033094618055555802,0.00220630787037035,0.3055555555555556,0.3055555555555556
14,A squirrel,I am a slightly curious person,bg,1,1,2,2,0.3,0.7,bandit,9,0.25,0.5,8,2,0.7,0,1,4,1,0.3333333333333333,0.8055555555555556,-0.999999984947842,-0.8055555555555556,-0.537037037037037,0.7701082216960735,0.5929533174474745,-0.5675720130244422,0.05970528975128386,-2.220446049250313e-16,-1.1102230246251565e-16,0.005406249999999946,0.0036041666666665195,0.274,0.274
14,A squirrel,I am a slightly curious person,bg,1,1,2,2,0.3,0.7,bandit,9,0.25,0.5,9,2,0.7,0,1,4,1,0.3333333333333333,0.774,-0.9374999927835462,-0.774,-0.516,0.7256703722655053,0.6201327158624925,-0.47241718232341906,0.05632219399913446,0.0,0.0,0.008484574567993897,0.005656383045329227,0.23929376408715253,0.23929376408715253
14,A squirrel,I am a slightly curious person,bg,1,1,2,2,0.3,0.7,bandit,9,0.25,0.5,10,1,0.3,0,1,3,1,0.3333333333333333,0.5,NaN,-0.5,-0.33333333333333337,0.40546510810816444,0.6931471805599453,-0.04279164419167801,0.05378194606599736,0.0,-1.1102230246251565e-16,0.019945207854218494,0.05555555555555536,0.08333333333333337,0.3226270974204859
14,A squirrel,I am a slightly curious person,bg,1,1,2,2,0.3,0.7,bandit,9,0.25,0.5,11,1,0.3,0,0,3,1,0.3333333333333333,0.41666666666666663,-5.545009081338703e-16,-0.41666666666666663,-0.2777777777777778,0.325422400434628,0.6901856760188041,-0.14872947946598028,0.03793678112380475,0.0,0.0,0.01092409388939275,0.03525641025641024,0.15384615384615385,0.3931399179333064
14,A squirrel,I am a slightly curious person,bg,1,1,2,2,0.3,0.7,bandit,9,0.25,0.5,12,2,0.7,0,1,4,1,0.3333333333333333,0.7392937640871525,-0.8333333331345034,-0.7392937640871525,-0.49286250939143506,0.6789731275225819,0.6428206018242861,-0.40314200060979377,0.051345532371297686,0.0,1.1102230246251565e-16,0.012765239197530698,0.008510159465020428,0.20246913580246917,0.20246913580246917
14,A squirrel,I am a slightly curious person,bg,1,1,2,2,0.3,0.7,bandit,9,0.25,0.5,13,2,0.7,0,0,4,1,0.3333333333333333,0.7024691358024692,-0.7500000002530951,-0.7024691358024692,-0.4683127572016461,0.631699851992047,0.6605668054089235,-0.360692175399716,0.045299229434115906,2.220446049250313e-16,1.1102230246251565e-16,0.018403051693855588,0.01226870112923717,0.16480114312931637,0.16480114312931637
14,A squirrel,I am a slightly curious person,bg,1,1,2,2,0.3,0.7,bandit,9,0.25,0.5,14,2,0.7,1,0,1,1,0.3333333333333333,0.6648011431293164,0.3181818184993459,0.3351988568706836,0.5567992379137889,0.8137324240419425,0.0,-0.4482857932133263,-2.220446049250313e-16,0.0,0.0,0.009545754130843576,0.006363836087229124,0.2115797958087049,0.2115797958087049
14,A squirrel,I am a slightly curious person,bg,1,1,2,2,0.3,0.7,bandit,9,0.25,0.5,15,2,0.7,1,0,1,1,0.3333333333333333,0.7115797958087049,0.2499999990551962,0.2884202041912951,0.5256134694608634,0.7457328243257791,0.0,-0.5430704256123912,-1.1102230246251565e-16,0.0,0.0,0.004874344164936151,0.0032495627766241375,0.24960669561386917,0.24960669561386917
14,A squirrel,I am a slightly curious person,bg,1,1,2,2,0.3,0.7,bandit,9,0.25,0.5,16,2,0.7,0,1,4,1,0.3333333333333333,0.7496066956138692,-0.8076923113585709,-0.7496066956138692,-0.4997377970759129,0.692622912164466,0.6367560935751608,-0.48763388834923316,0.04603578226063587,-1.1102230246251565e-16,-1.1102230246251565e-16,0.007286870322130934,0.004857913548087178,0.21852069269151742,0.21852069269151742
14,A squirrel,I am a slightly curious person,bg,1,1,2,2,0.3,0.7,bandit,9,0.25,0.5,17,2,0.7,1,0,1,1,0.3333333333333333,0.7185206926915174,0.24999999964127972,0.2814793073084826,0.5209862048723217,0.7360258821369143,0.0,-0.572140542292419,0.0,0.0,0.0,0.0037941058201773625,0.0025294038801181307,0.2528835063437139,0.2528835063437139
14,A squirrel,I am a slightly curious person,bg,1,1,2,2,0.3,0.7,bandit,9,0.25,0.5,18,2,0.7,0,1,4,1,0.3333333333333333,0.7528835063437139,-0.8000000002013615,-0.7528835063437139,-0.501922337562476,0.6969992654464868,0.6347157791469414,-0.5226508077947005,0.04375384918901848,2.220446049250313e-16,1.1102230246251565e-16,0.005653243214358561,0.0037688288095723,0.22393756164501033,0.22393756164501033
14,A squirrel,I am a slightly curious person,bg,1,1,2,2,0.3,0.7,bandit,9,0.25,0.5,19,2,0.7,1,0,1,1,0.3333333333333333,0.7239375616450103,0.2500000075635862,0.27606243835498967,0.5173749589033263,0.7285152392453472,0.0,-0.598462490523408,-1.1102230246251565e-16,0.0,0.0,0.0029919442975034904,0.0019946295316689566,0.25536752315287525,0.25536752315287525
14,A squirrel,I am a slightly curious person,bg,1,1,2,2,0.3,0.7,bandit,9,0.25,0.5,20,2,0.7,0,1,4,1,0.3333333333333333,0.7553675231528753,-0.7941176471176195,-0.7553675231528753,-0.5035783487685837,0.7003296101012123,0.6331311477415619,-0.5543442680563548,0.04166440636905533,1.1102230246251565e-16,1.1102230246251565e-16,0.004443442862717362,0.0029622952418115744,0.22824372827387396,0.22824372827387396
15,A squirrel,I am a slightly curious person,gb,3,2,3,3,0.7,0.3,tycoon,13,0.75,0.625,1,1,0.7,1,1,4,2,0.3333333333333333,0.5,NaN,0.5,0.33333333333333326,0.4054651081081643,0.6931471805599453,-0.042791644191678,0.05378194606599747,0.0,-1.1102230246251565e-16,0.08333333333333348,0.05555555555555547,0.08333333333333326,0.08333333333333326
15,A squirrel,I am a slightly curious person,gb,3,2,3,3,0.7,0.3,tycoon,13,0.75,0.625,2,1,0.7,1,0,4,2,0.3333333333333333,0.5833333333333333,1.505215796449022e-8,0.41666666666666674,0.2777777777777778,0.325422400434628,0.6901856760188042,-0.14872947946598028,0.0379367811238048,1.1102230246251565e-16,1.1102230246251565e-16,0.05288461538461542,0.03525641025641024,0.15384615384615385,0.15384615384615385
15,A squirrel,I am a slightly curious person,gb,3,2,3,3,0.7,0.3,tycoon,13,0.75,0.625,3,2,0.3,0,0,1,2,0.3333333333333333,0.5,NaN,-0.5,-0.6666666666666667,1.09861228866811,0.0,-0.19314718051535068,0.0,0.0,0.0,0.013825671769216785,0.02777777777777768,0.16666666666666674,0.3205128205128206
15,A squirrel,I am a slightly curious person,gb,3,2,3,3,0.7,0.3,tycoon,13,0.75,0.625,4,2,0.3,1,1,1,2,0.3333333333333333,0.33333333333333326,0.9999999999999997,0.6666666666666667,0.44444444444444453,0.5877866649021192,0.6730116670092565,-0.09878147980916858,0.06714394951790816,0.0,-1.1102230246251565e-16,0.022014723426480476,0.04166666666666663,0.10000000000000003,0.2538461538461539
15,A squirrel,I am a slightly curious person,gb,3,2,3,3,0.7,0.3,tycoon,13,0.75,0.625,5,1,0.7,1,1,3,2,0.3333333333333333,0.6538461538461539,1.505215796449022e-8,0.34615384615384615,0.23076923076923073,0.262364264467491,0.6842317651303003,-0.2844497338353375,0.025781336264415255,0.0,0.0,0.032500000000000084,0.021666666666666612,0.20999999999999996,0.20999999999999996
15,A squirrel,I am a slightly curious person,gb,3,2,3,3,0.7,0.3,tycoon,13,0.75,0.625,6,2,0.3,0,0,1,2,0.3333333333333333,0.39999999999999997,-0.25000000000000017,-0.39999999999999997,-0.6000000000000001,0.9162907318741553,0.0,-0.29705541768766525,0.0,0.0,0.0,0.0031261838108118667,0.01666666666666672,0.2,0.41
15,A squirrel,I am a slightly curious person,gb,3,2,3,3,0.7,0.3,tycoon,13,0.75,0.625,7,1,0.7,1,0,2,2,0.3333333333333333,0.71,1.505215796449022e-8,0.29000000000000004,0.19333333333333325,0.21484474849951454,0.6780102022798757,-0.42625540231422954,0.017393591340592707,1.1102230246251565e-16,1.1102230246251565e-16,0.01962809917355368,0.013085399449035973,0.2534435261707988,0.2534435261707988
15,A squirrel,I am a slightly curious person,gb,3,2,3,3,0.7,0.3,tycoon,13,0.75,0.625,8,2,0.3,0,0,2,2,0.3333333333333333,0.3,-6.280455418940885e-9,-0.3,-0.5333333333333333,0.7621400520468967,0.0,-0.49056128652018416,0.0,0.0,0.0,0.00034769894458475115,0.00694444444444442,0.26190476190476186,0.5153482880755607
15,A squirrel,I am a slightly curious person,gb,3,2,3,3,0.7,0.3,tycoon,13,0.75,0.625,9,1,0.7,1,0,2,2,0.3333333333333333,0.7534435261707988,1.505215796449022e-8,0.2465564738292012,0.1643709825528007,0.1795705234220647,0.6725635843867589,-0.5618791256690523,0.011912734212403908,-2.220446049250313e-16,0.0,0.011773940345368827,0.00784929356357933,0.2868916797488228,0.2868916797488228
15,A squirrel,I am a slightly curious person,gb,3,2,3,3,0.7,0.3,tycoon,13,0.75,0.625,10,2,0.3,1,1,2,2,0.3333333333333333,0.2380952380952381,0.9999999999999998,0.7619047619047619,0.5079365079365079,0.7091475219063864,0.6287993940937805,-0.37092869552988855,0.0640450737601721,0.0,0.0,0.00031398862874332245,0.011040706605222828,0.21889400921658986,0.5057856889654126
15,A squirrel,I am a slightly curious person,gb,3,2,3,3,0.7,0.3,tycoon,13,0.75,0.625,11,1,0.7,1,0,3,2,0.3333333333333333,0.7868916797488228,1.505215796449022e-8,0.2131083202511772,0.1420722135007848,0.15323534795556995,0.668087395200138,-0.6867749400135641,0.008393123717155504,1.1102230246251565e-16,1.1102230246251565e-16,0.007061985361390799,0.004707990240927162,0.3129002744739249,0.3129002744739249
15,A squirrel,I am a slightly curious person,gb,3,2,3,3,0.7,0.3,tycoon,13,0.75,0.625,12,2,0.3,1,0,2,2,0.3333333333333333,0.28110599078341014,0.8999999999024825,0.7188940092165899,0.47926267281105994,0.652509534828119,0.6533502750036448,-0.28542769031337345,0.058112087396657075,0.0,0.0,0.00029607375219886656,0.01668510324483774,0.17256637168141586,0.48546664615534074
15,A squirrel,I am a slightly curious person,gb,3,2,3,3,0.7,0.3,tycoon,13,0.75,0.625,13,1,0.7,0,0,1,2,0.3333333333333333,0.8129002744739249,-0.999999984947842,-0.8129002744739249,-0.8752668496492834,2.0815786208018467,0.0,-0.30920087703841675,0.0,0.0,0.0,0.026784501494159008,0.01785633432943934,0.1685683238250476,0.1685683238250476
15,A squirrel,I am a slightly curious person,gb,3,2,3,3,0.7,0.3,tycoon,13,0.75,0.625,14,2,0.3,0,0,3,2,0.3333333333333333,0.32743362831858414,-0.2499999961301174,-0.32743362831858414,-0.5516224188790562,0.8021195865341741,0.0,-0.4271890325390063,0.0,0.0,0.0,0.001319561660344748,0.007751583820662766,0.23099415204678364,0.39956247587183125
15,A squirrel,I am a slightly curious person,gb,3,2,3,3,0.7,0.3,tycoon,13,0.75,0.625,15,1,0.7,1,1,3,2,0.3333333333333333,0.6685683238250476,0.21428571422552145,0.3314316761749524,0.22095445078330167,0.24968576342578275,0.6827064730455019,-0.39571066482832595,0.012973104587098216,2.220446049250313e-16,1.1102230246251565e-16,0.017687144019527867,0.011791429346351912,0.20073230268510978,0.20073230268510978
15,A squirrel,I am a slightly curious person,gb,3,2,3,3,0.7,0.3,tycoon,13,0.75,0.625,16,2,0.3,0,0,2,2,0.3333333333333333,0.26900584795321636,-0.14285714484854597,-0.26900584795321636,-0.5126705653021442,0.7188149273085229,0.0,-0.5675720130244426,0.0,0.0,0.0,0.00021491278836449634,0.0036041666666666305,0.274,0.4747323026851098
15,A squirrel,I am a slightly curious person,gb,3,2,3,3,0.7,0.3,tycoon,13,0.75,0.625,17,2,0.3,1,0,2,2,0.3333333333333333,0.226,0.9374999972995257,0.774,0.516,0.7256703722655053,0.6201327158624925,-0.47241718232341934,0.05632219399913474,0.0,-1.1102230246251565e-16,0.00037891815380308724,0.005656383045329116,0.23929376408715253,0.4400260667722623
15,A squirrel,I am a slightly curious person,gb,3,2,3,3,0.7,0.3,tycoon,13,0.75,0.625,18,1,0.7,0,0,2,2,0.3333333333333333,0.7007323026851098,-0.8125000043900489,-0.7007323026851098,-0.8004882017900732,1.6118819055039784,0.0,-0.2874591223088539,0.0,0.0,0.0,0.04198335310692558,0.027988902071283794,0.0931336200504227,0.0931336200504227
15,A squirrel,I am a slightly curious person,gb,3,2,3,3,0.7,0.3,tycoon,13,0.75,0.625,19,2,0.3,1,1,1,2,0.3333333333333333,0.2607062359128475,0.8333333356291609,0.7392937640871525,0.49286250939143494,0.6789731275225817,0.6428206018242861,-0.403142000609794,0.0513455323712978,0.0,0.0,0.004004718493350823,0.008510159465020761,0.2024691358024691,0.2956027558528918
15,A squirrel,I am a slightly curious person,gb,3,2,3,3,0.7,0.3,tycoon,13,0.75,0.625,20,2,0.3,1,1,1,2,0.3333333333333333,0.2975308641975309,0.7499999965275479,0.7024691358024691,0.4683127572016461,0.631699851992047,0.6605668054089235,-0.36069217539971615,0.04529922943411574,0.0,0.0,0.006076436738409852,0.01226870112923728,0.16480114312931649,0.2579347631797392
16,A squirrel,I am a slightly curious person,bg,0,0,2,2,0.3,0.7,bandit,5,0.0,0.5,1,2,0.7,1,0,1,1,0.3333333333333333,0.5,NaN,0.5,0.6666666666666666,1.0986122886681096,0.0,-0.19314718051535087,0.0,0.0,0.0,0.04166666666666663,0.02777777777777779,0.16666666666666663,0.16666666666666663
16,A squirrel,I am a slightly curious person,bg,0,0,2,2,0.3,0.7,bandit,5,0.0,0.5,2,1,0.3,0,0,4,1,0.3333333333333333,0.5,NaN,-0.5,-0.33333333333333337,0.40546510810816444,0.6931471805599453,-0.04279164419167801,0.05378194606599736,0.0,-1.1102230246251565e-16,0.033950621592853336,0.05555555555555547,0.08333333333333337,0.25
16,A squirrel,I am a slightly curious person,bg,0,0,2,2,0.3,0.7,bandit,5,0.0,0.5,3,1,0.3,0,1,4,1,0.3333333333333333,0.41666666666666663,-5.545009081338703e-16,-0.41666666666666663,-0.2777777777777778,0.325422400434628,0.6901856760188041,-0.14872947946598028,0.03793678112380475,1.1102230246251565e-16,1.1102230246251565e-16,0.019468189449786122,0.03525641025641024,0.15384615384615385,0.3205128205128205
16,A squirrel,I am a slightly curious person,bg,0,0,2,2,0.3,0.7,bandit,5,0.0,0.5,4,2,0.7,0,1,4,1,0.3333333333333333,0.6666666666666666,-0.999999984947842,-0.6666666666666666,-0.44444444444444453,0.5877866649021192,0.6730116670092565,-0.09878147980916833,0.0671439495179084,1.1102230246251565e-16,0.0,0.0625,0.04166666666666663,0.09999999999999987,0.09999999999999987
16,A squirrel,I am a slightly curious person,bg,0,0,2,2,0.3,0.7,bandit,5,0.0,0.5,5,2,0.7,1,0,1,1,0.3333333333333333,0.5999999999999999,0.2499999999999999,0.40000000000000013,0.6000000000000001,0.9162907318741551,0.0,-0.29705541768766514,0.0,0.0,0.0,0.02499999999999991,0.016666666666666496,0.19999999999999996,0.19999999999999996
16,A squirrel,I am a slightly curious person,bg,0,0,2,2,0.3,0.7,bandit,5,0.0,0.5,6,1,0.3,0,0,4,1,0.3333333333333333,0.34615384615384615,-5.545009081338703e-16,-0.34615384615384615,-0.2307692307692308,0.2623642644674911,0.6842317651303003,-0.2844497338353375,0.0257813362644152,0.0,0.0,0.008107197916188968,0.021666666666666723,0.21000000000000002,0.41
16,A squirrel,I am a slightly curious person,bg,0,0,2,2,0.3,0.7,bandit,5,0.0,0.5,7,1,0.3,0,1,4,1,0.3333333333333333,0.29,-5.545009081338703e-16,-0.29,-0.19333333333333338,0.21484474849951468,0.6780102022798757,-0.42625540231422954,0.017393591340592762,0.0,1.1102230246251565e-16,0.004193254820720305,0.013085399449035973,0.2534435261707989,0.45344352617079886
16,A squirrel,I am a slightly curious person,bg,0,0,2,2,0.3,0.7,bandit,5,0.0,0.5,8,2,0.7,1,0,1,1,0.3333333333333333,0.7,1.505215796449022e-8,0.30000000000000004,0.5333333333333333,0.7621400520468967,0.0,-0.4905612865201842,0.0,0.0,0.0,0.010416666666666852,0.00694444444444442,0.26190476190476186,0.26190476190476186
16,A squirrel,I am a slightly curious person,bg,0,0,2,2,0.3,0.7,bandit,5,0.0,0.5,9,2,0.7,0,0,4,1,0.3333333333333333,0.7619047619047619,-0.999999984947842,-0.7619047619047619,-0.5079365079365079,0.7091475219063864,0.6287993940937805,-0.37092869552988844,0.06404507376017227,0.0,1.1102230246251565e-16,0.016561059907834075,0.011040706605222717,0.21889400921658986,0.21889400921658986
16,A squirrel,I am a slightly curious person,bg,0,0,2,2,0.3,0.7,bandit,5,0.0,0.5,10,2,0.7,0,0,4,1,0.3333333333333333,0.7188940092165899,-0.9000000044367091,-0.7188940092165899,-0.47926267281105994,0.652509534828119,0.6533502750036451,-0.28542769031337323,0.058112087396657075,0.0,0.0,0.025027654867256444,0.01668510324483774,0.17256637168141586,0.17256637168141586
16,A squirrel,I am a slightly curious person,bg,0,0,2,2,0.3,0.7,bandit,5,0.0,0.5,11,1,0.3,0,0,4,1,0.3333333333333333,0.2465564738292011,-5.545009081338703e-16,-0.2465564738292011,-0.16437098255280075,0.17957052342206484,0.6725635843867588,-0.5618791256690523,0.011912734212403908,0.0,0.0,0.0027870153064213365,0.00784929356357933,0.28689167974882257,0.45945805143023843
16,A squirrel,I am a slightly curious person,bg,0,0,2,2,0.3,0.7,bandit,5,0.0,0.5,12,2,0.7,0,0,4,1,0.3333333333333333,0.6725663716814159,-0.7500000000027015,-0.6725663716814159,-0.44837758112094395,0.5948914905258637,0.67123888203318,-0.2370012027813298,0.05044154348753849,-1.1102230246251565e-16,1.1102230246251565e-16,0.03591986036838957,0.02394657357892649,0.12507427213309563,0.12507427213309563
16,A squirrel,I am a slightly curious person,bg,0,0,2,2,0.3,0.7,bandit,5,0.0,0.5,13,2,0.7,0,0,4,1,0.3333333333333333,0.6250742721330956,-0.6428571429065449,-0.6250742721330956,-0.41671618142206385,0.5390813867732288,0.6828941449085093,-0.2228608825806698,0.04211572422065937,-2.220446049250313e-16,0.0,0.04905029711375197,0.0327001980758348,0.07860780984719873,0.07860780984719873
16,A squirrel,I am a slightly curious person,bg,0,0,2,2,0.3,0.7,bandit,5,0.0,0.5,14,1,0.3,0,1,4,1,0.3333333333333333,0.2131083202511774,-5.545009081338703e-16,-0.2131083202511774,-0.14207221350078494,0.1532353479555701,0.668087395200138,-0.6867749400135641,0.008393123717155504,0.0,0.0,0.0035807622710455345,0.004707990240927162,0.312900274473925,0.3915080843211237
16,A squirrel,I am a slightly curious person,bg,0,0,2,2,0.3,0.7,bandit,5,0.0,0.5,15,2,0.7,1,0,1,1,0.3333333333333333,0.5786078098471987,0.43750000000500944,0.42139219015280127,0.6142614601018674,0.9525954968045901,0.0,-0.3039203486812426,0.0,0.0,0.0,0.025258082586427477,0.016838721724285022,0.14820742637644047,0.14820742637644047
16,A squirrel,I am a slightly curious person,bg,0,0,2,2,0.3,0.7,bandit,5,0.0,0.5,16,1,0.3,0,1,4,1,0.3333333333333333,0.187099725526075,-5.545009081338703e-16,-0.187099725526075,-0.12473315035071669,0.13322646809098154,0.6644720212248263,-0.8003011606766882,0.006115744334489359,0.0,0.0,0.0009614286754719981,0.0028342366757001525,0.33346883468834687,0.48167626106478734
16,A squirrel,I am a slightly curious person,bg,0,0,2,2,0.3,0.7,bandit,5,0.0,0.5,17,2,0.7,0,0,4,1,0.3333333333333333,0.6482074263764405,-0.6666666668460243,-0.6482074263764405,-0.43213828425096035,0.5658773480900519,0.6779327786914044,-0.28659092438323247,0.04052767214023717,0.0,0.0,0.03476503781473128,0.02317669187648752,0.10691469372416385,0.10691469372416385
16,A squirrel,I am a slightly curious person,bg,0,0,2,2,0.3,0.7,bandit,5,0.0,0.5,18,2,0.7,0,1,4,1,0.3333333333333333,0.6069146937241638,-0.5999999998895641,-0.6069146937241638,-0.40460979581610923,0.5185382830317894,0.6859642611799128,-0.29265509243877524,0.03351513533895367,0.0,1.1102230246251565e-16,0.045884165769797036,0.030589443846531394,0.06757675314376344,0.06757675314376344
16,A squirrel,I am a slightly curious person,bg,0,0,2,2,0.3,0.7,bandit,5,0.0,0.5,19,2,0.7,1,0,1,1,0.3333333333333333,0.5675767531437634,0.454545454597704,0.43242324685623656,0.6216154979041577,0.9718443990494868,0.0,-0.3428576367419082,5.551115123125783e-17,0.0,0.0,0.025453278710436122,0.01696885247362412,0.12756629597946967,0.12756629597946967
16,A squirrel,I am a slightly curious person,bg,0,0,2,2,0.3,0.7,bandit,5,0.0,0.5,20,2,0.7,0,1,4,1,0.3333333333333333,0.6275662959794697,-0.625000000176677,-0.6275662959794697,-0.41837753065297983,0.5419337198312686,0.6824187758356169,-0.345207685734061,0.032583076770349884,0.0,-1.1102230246251565e-16,0.033863231298770335,0.022575487532513372,0.09182089308330266,0.09182089308330266
17,A squirrel,I am a slightly curious person,bg,3,2,2,1,0.7,0.3,bandit,11,0.375,0.625,1,2,0.3,1,0,4,1,0.3333333333333333,0.5,NaN,0.5,0.6666666666666666,1.0986122886681096,0.0,-0.19314718051535087,0.0,0.0,0.0,0.04166666666666663,0.02777777777777779,0.16666666666666663,0.16666666666666663
17,A squirrel,I am a slightly curious person,bg,3,2,2,1,0.7,0.3,bandit,11,0.375,0.625,2,2,0.3,1,0,4,1,0.3333333333333333,0.6666666666666666,1.505215796449022e-8,0.33333333333333337,0.5555555555555555,0.8109302162163285,0.0,-0.4319456220025852,0.0,0.0,0.0,0.01562500000000011,0.01041666666666663,0.2499999999999999,0.2499999999999999
17,A squirrel,I am a slightly curious person,bg,3,2,2,1,0.7,0.3,bandit,11,0.375,0.625,3,1,0.7,1,0,4,1,0.3333333333333333,0.5,NaN,0.5,0.6666666666666666,1.0986122886681096,0.0,-0.19314718051535087,0.0,0.0,0.0,0.05729166666666685,0.02777777777777779,0.16666666666666663,0.08333333333333326
17,A squirrel,I am a slightly curious person,bg,3,2,2,1,0.7,0.3,bandit,11,0.375,0.625,4,1,0.7,1,0,3,1,0.3333333333333333,0.6666666666666666,1.505215796449022e-8,0.33333333333333337,0.5555555555555555,0.8109302162163285,0.0,-0.4319456220025852,0.0,0.0,0.0,0.07910156250000011,0.01041666666666663,0.2499999999999999,0.0
17,A squirrel,I am a slightly curious person,bg,3,2,2,1,0.7,0.3,bandit,11,0.375,0.625,5,2,0.3,0,1,4,1,0.3333333333333333,0.7499999999999999,-0.999999984947842,-0.7499999999999999,-0.5,0.6931471805599453,0.636514168294813,-0.29705541768766514,0.06921054690467393,0.0,-1.1102230246251565e-16,0.060742187500000044,0.016666666666666607,0.19999999999999996,0.04999999999999993
17,A squirrel,I am a slightly curious person,bg,3,2,2,1,0.7,0.3,bandit,11,0.375,0.625,6,1,0.7,1,0,3,1,0.3333333333333333,0.7499999999999999,1.505215796449022e-8,0.2500000000000001,0.5,0.6931471805599453,0.0,-0.6362943611237484,0.0,0.0,0.0,0.03361399956368538,0.004166666666666652,0.29999999999999993,0.09999999999999998
17,A squirrel,I am a slightly curious person,bg,3,2,2,1,0.7,0.3,bandit,11,0.375,0.625,7,2,0.3,1,0,4,1,0.3333333333333333,0.7,1.505215796449022e-8,0.30000000000000004,0.5333333333333333,0.7621400520468967,0.0,-0.4905612865201842,0.0,0.0,0.0,0.05240685649150323,0.006944444444444531,0.26190476190476186,0.03809523809523807
17,A squirrel,I am a slightly curious person,bg,3,2,2,1,0.7,0.3,bandit,11,0.375,0.625,8,1,0.7,0,0,4,1,0.3333333333333333,0.7999999999999999,-0.999999984947842,-0.7999999999999999,-0.5333333333333333,0.7621400520468967,0.5982695885852574,-0.4905612865201842,0.06747724005220695,0.027210884353741416,0.0,0.0727737699916895,0.006944444444444531,0.26190476190476186,0.0
17,A squirrel,I am a slightly curious person,bg,3,2,2,1,0.7,0.3,bandit,11,0.375,0.625,9,2,0.3,0,1,4,1,0.3333333333333333,0.7619047619047619,-0.999999984947842,-0.7619047619047619,-0.5079365079365079,0.7091475219063864,0.6287993940937805,-0.37092869552988844,0.06404507376017227,0.0,-1.1102230246251565e-16,0.056634982735733974,0.011040706605222717,0.21889400921658986,0.043010752688172005
17,A squirrel,I am a slightly curious person,bg,3,2,2,1,0.7,0.3,bandit,11,0.375,0.625,10,1,0.7,1,0,4,1,0.3333333333333333,0.7619047619047619,1.505215796449022e-8,0.23809523809523814,0.4920634920634921,0.6773988235918061,0.0,-0.6637676568013677,-3.3306690738754696e-16,-1.1102230246251565e-16,-1.1102230246251565e-16,0.03404301665974918,0.0029761904761905766,0.3035714285714286,0.08467741935483875
17,A squirrel,I am a slightly curious person,bg,3,2,2,1,0.7,0.3,bandit,11,0.375,0.625,11,2,0.3,0,1,4,1,0.3333333333333333,0.7188940092165899,-0.9000000044367091,-0.7188940092165899,-0.47926267281105994,0.652509534828119,0.6533502750036451,-0.28542769031337323,0.058112087396657075,0.0,1.1102230246251565e-16,0.02795414074588698,0.016685103244837518,0.17256637168141586,0.13100505689001274
17,A squirrel,I am a slightly curious person,bg,3,2,2,1,0.7,0.3,bandit,11,0.375,0.625,12,1,0.7,1,0,4,1,0.3333333333333333,0.8035714285714286,1.505215796449022e-8,0.1964285714285714,0.4642857142857142,0.6241543090729936,0.0,-0.8170957173412366,0.0,0.0,0.0,0.013772344711747597,0.0013020833333335924,0.33333333333333337,0.1607669616519175
17,A squirrel,I am a slightly curious person,bg,3,2,2,1,0.7,0.3,bandit,11,0.375,0.625,13,1,0.7,0,0,4,1,0.3333333333333333,0.8333333333333334,-0.999999984947842,-0.8333333333333334,-0.5555555555555556,0.8109302162163288,0.5623351446188083,-0.6845306937246839,0.06125593427715759,-1.1102230246251565e-16,0.0,0.02076265369078578,0.002206307870370239,0.3055555555555556,0.13298918387413972
17,A squirrel,I am a slightly curious person,bg,3,2,2,1,0.7,0.3,bandit,11,0.375,0.625,14,1,0.7,0,1,3,1,0.3333333333333333,0.8055555555555556,-0.999999984947842,-0.8055555555555556,-0.537037037037037,0.7701082216960735,0.5929533174474745,-0.5675720130244422,0.05970528975128386,-2.220446049250313e-16,-1.1102230246251565e-16,0.030345551318401554,0.0036041666666666305,0.274,0.10143362831858416
17,A squirrel,I am a slightly curious person,bg,3,2,2,1,0.7,0.3,bandit,11,0.375,0.625,15,1,0.7,1,0,4,1,0.3333333333333333,0.774,0.06250000721645377,0.22599999999999998,0.484,0.6616485135005743,0.0,-0.7011921412561951,-1.1102230246251565e-16,0.0,0.0,0.01861101533208731,0.0016792195207891991,0.3065539112050739,0.13398753952365805
17,A squirrel,I am a slightly curious person,bg,3,2,2,1,0.7,0.3,bandit,11,0.375,0.625,16,1,0.7,1,0,4,1,0.3333333333333333,0.8065539112050739,1.505215796449022e-8,0.19344608879492609,0.4622973925299507,0.6204496458755857,0.0,-0.8263037386627888,0.0,1.1102230246251565e-16,0.0,0.011487661733821986,0.0007844355249745361,0.3318042813455656,0.15923790966414975
17,A squirrel,I am a slightly curious person,bg,3,2,2,1,0.7,0.3,bandit,11,0.375,0.625,17,2,0.3,0,1,3,1,0.3333333333333333,0.6725663716814159,-0.7500000000027015,-0.6725663716814159,-0.44837758112094395,0.5948914905258637,0.67123888203318,-0.2370012027813298,0.05044154348753849,0.0,1.1102230246251565e-16,0.013615191065255217,0.023946573578926378,0.12507427213309563,0.20673000921246998
17,A squirrel,I am a slightly curious person,bg,3,2,2,1,0.7,0.3,bandit,11,0.375,0.625,18,2,0.3,0,1,4,1,0.3333333333333333,0.6250742721330956,-0.6428571429065449,-0.6250742721330956,-0.41671618142206385,0.5390813867732288,0.6828941449085093,-0.2228608825806698,0.04211572422065937,0.0,0.0,0.008750012839516264,0.032700198075834686,0.07860780984719873,0.2531964714983669
17,A squirrel,I am a slightly curious person,bg,3,2,2,1,0.7,0.3,bandit,11,0.375,0.625,19,1,0.7,1,0,4,1,0.3333333333333333,0.8318042813455656,1.505215796449022e-8,0.1681957186544344,0.4454638124362895,0.5896232127094205,0.0,-0.9426773693973983,-3.3306690738754696e-16,-1.1102230246251565e-16,0.0,0.0019864839173441284,0.00036749976432892684,0.3518099547511313,0.2732021449039326
17,A squirrel,I am a slightly curious person,bg,3,2,2,1,0.7,0.3,bandit,11,0.375,0.625,20,2,0.3,0,1,4,1,0.3333333333333333,0.5786078098471987,-0.5624999999949906,-0.5786078098471987,-0.38573853989813256,0.48733461069039213,0.6895034991417228,-0.23609603900380247,0.03414268066623968,0.0,0.005170555750986905,0.0039402169211127935,0.042660749283883526,0.034901251319161775,0.31690870343196953
18,A squirrel,I am a slightly curious person,bg,1,1,0,2,0.7,0.3,bandit,6,0.25,0.25,1,1,0.7,1,0,1,1,0.3333333333333333,0.5,NaN,0.5,0.6666666666666666,1.0986122886681096,0.0,-0.19314718051535087,0.0,0.0,0.0,0.04166666666666663,0.02777777777777779,0.16666666666666663,0.16666666666666663
18,A squirrel,I am a slightly curious person,bg,1,1,0,2,0.7,0.3,bandit,6,0.25,0.25,2,2,0.3,1,0,1,1,0.3333333333333333,0.5,NaN,0.5,0.6666666666666666,1.0986122886681096,0.0,-0.19314718051535087,0.0,0.0,0.0,0.09876543899117163,0.02777777777777779,0.16666666666666663,0.0
18,A squirrel,I am a slightly curious person,bg,1,1,0,2,0.7,0.3,bandit,6,0.25,0.25,3,1,0.7,1,0,1,1,0.3333333333333333,0.6666666666666666,1.505215796449022e-8,0.33333333333333337,0.5555555555555555,0.8109302162163285,0.0,-0.4319456220025852,0.0,0.0,0.0,0.0493827229407674,0.01041666666666663,0.2499999999999999,0.08333333333333326
18,A squirrel,I am a slightly curious person,bg,1,1,0,2,0.7,0.3,bandit,6,0.25,0.25,4,2,0.3,0,0,1,1,0.3333333333333333,0.6666666666666666,-0.999999984947842,-0.6666666666666666,-0.44444444444444453,0.5877866649021192,0.6730116670092565,-0.09878147980916833,0.0671439495179084,0.0,0.0,0.039843749999999956,0.04166666666666663,0.09999999999999987,0.15000000000000002
18,A squirrel,I am a slightly curious person,bg,1,1,0,2,0.7,0.3,bandit,6,0.25,0.25,5,1,0.7,0,1,2,1,0.3333333333333333,0.7499999999999999,-0.999999984947842,-0.7499999999999999,-0.5,0.6931471805599453,0.636514168294813,-0.29705541768766514,0.06921054690467393,0.0,0.0,0.049247998351209965,0.01666666666666672,0.19999999999999996,0.10000000000000009
18,A squirrel,I am a slightly curious person,bg,1,1,0,2,0.7,0.3,bandit,6,0.25,0.25,6,2,0.3,0,0,2,1,0.3333333333333333,0.5999999999999999,-0.7500000000000001,-0.5999999999999999,-0.39999999999999997,0.5108256237659905,0.6869615765973234,-0.06641254138672094,0.05538446170840032,0.0,0.014814814814814725,0.038675999620050305,0.05833333333333324,0.033333333333333326,0.16666666666666663
18,A squirrel,I am a slightly curious person,bg,1,1,0,2,0.7,0.3,bandit,6,0.25,0.25,7,1,0.7,0,0,3,1,0.3333333333333333,0.7,-0.999999984947842,-0.7,-0.4666666666666667,0.6286086594223742,0.6615632381579821,-0.20400590700589533,0.06231225300813903,0.0,0.0,0.047324062968474134,0.02517361111111094,0.14583333333333326,0.11249999999999993
18,A squirrel,I am a slightly curious person,bg,1,1,0,2,0.7,0.3,bandit,6,0.25,0.25,8,2,0.3,0,0,2,1,0.3333333333333333,0.5333333333333333,-0.4999999990102087,-0.5333333333333333,-0.3555555555555556,0.4393666597838458,0.6925525323607233,-0.08739425626637275,0.04314031141012996,0.0,0.011494252873563204,0.036539169019387696,0.05747126436781602,0.02873563218390801,0.17456896551724127
18,A squirrel,I am a slightly curious person,bg,1,1,0,2,0.7,0.3,bandit,6,0.25,0.25,9,1,0.7,0,1,3,1,0.3333333333333333,0.6458333333333333,-0.7499999978409456,-0.6458333333333333,-0.43055555555555564,0.5630940523117476,0.6785008770139085,-0.1571350842422471,0.053167047747771534,-1.1102230246251565e-16,0.0,0.05378919860627185,0.03585946573751442,0.09059233449477355,0.09059233449477355
18,A squirrel,I am a slightly curious person,bg,1,1,0,2,0.7,0.3,bandit,6,0.25,0.25,10,2,0.3,0,1,1,1,0.3333333333333333,0.471264367816092,-0.37500000502485337,-0.471264367816092,-0.31417624521072807,0.37713460148193856,0.6927570046594116,-0.145217675089551,0.03231445903788896,0.0,1.1102230246251565e-16,0.03396898540911075,0.039704708699122127,0.08339984038308051,0.17399217487785407
18,A squirrel,I am a slightly curious person,bg,1,1,0,2,0.7,0.3,bandit,6,0.25,0.25,11,1,0.7,1,0,1,1,0.3333333333333333,0.5905923344947736,0.4000000027035475,0.40940766550522645,0.6062717770034842,0.9320943970472803,0.0,-0.28542769031337323,0.0,0.0,0.0,0.025027654867256444,0.01668510324483763,0.17256637168141586,0.17256637168141586
18,A squirrel,I am a slightly curious person,bg,1,1,0,2,0.7,0.3,bandit,6,0.25,0.25,12,1,0.7,0,1,1,1,0.3333333333333333,0.6725663716814159,-0.7500000000027015,-0.6725663716814159,-0.44837758112094395,0.5948914905258637,0.67123888203318,-0.2370012027813298,0.05044154348753849,-1.1102230246251565e-16,0.0,0.03591986036838957,0.023946573578926378,0.12507427213309563,0.12507427213309563
18,A squirrel,I am a slightly curious person,bg,1,1,0,2,0.7,0.3,bandit,6,0.25,0.25,13,2,0.3,0,0,2,1,0.3333333333333333,0.4166001596169195,-0.30000000098701385,-0.4166001596169195,-0.277733439744613,0.3253610111961422,0.6901813069103601,-0.22325417073184692,0.023753989707684525,0.0,0.0,0.016408780812008028,0.026818600368324286,0.1298342541436464,0.25490852627674204
18,A squirrel,I am a slightly curious person,bg,1,1,0,2,0.7,0.3,bandit,6,0.25,0.25,14,2,0.3,0,1,3,1,0.3333333333333333,0.3701657458563536,-0.2500000013594461,-0.3701657458563536,-0.24677716390423582,0.28339416389113375,0.6865299089505599,-0.3092008770384171,0.017446775436758266,0.0,0.0,0.009864425441385993,0.01785633432943945,0.1685683238250475,0.2936425959581431
18,A squirrel,I am a slightly curious person,bg,1,1,0,2,0.7,0.3,bandit,6,0.25,0.25,15,1,0.7,0,1,2,1,0.3333333333333333,0.6250742721330956,-0.6428571429065449,-0.6250742721330956,-0.41671618142206385,0.5390813867732288,0.6828941449085093,-0.2228608825806698,0.04211572422065937,-2.220446049250313e-16,-1.1102230246251565e-16,0.04905029711375197,0.032700198075834686,0.07860780984719873,0.07860780984719873
18,A squirrel,I am a slightly curious person,bg,1,1,0,2,0.7,0.3,bandit,6,0.25,0.25,16,1,0.7,1,0,1,1,0.3333333333333333,0.5786078098471987,0.43750000000500944,0.42139219015280127,0.6142614601018674,0.9525954968045901,0.0,-0.3039203486812426,0.0,0.0,0.0,0.025258082586427477,0.01683872172428491,0.14820742637644047,0.14820742637644047
18,A squirrel,I am a slightly curious person,bg,1,1,0,2,0.7,0.3,bandit,6,0.25,0.25,17,2,0.3,0,0,3,1,0.3333333333333333,0.3314316761749525,-0.21428571120777382,-0.3314316761749525,-0.22095445078330167,0.24968576342578275,0.6827064730455019,-0.3957106648283263,0.012973104587097994,0.0,0.0,0.004635170515009834,0.011791429346352134,0.2007323026851099,0.34893972906155035
18,A squirrel,I am a slightly curious person,bg,1,1,0,2,0.7,0.3,bandit,6,0.25,0.25,18,2,0.3,0,1,3,1,0.3333333333333333,0.2992676973148901,-0.18750000906663172,-0.2992676973148901,-0.19951179820992682,0.22253348520479543,0.6791076299320256,-0.4791391417344011,0.009841753851782098,0.0,1.1102230246251565e-16,0.0026575276124446434,0.007754409309603472,0.22754994548041918,0.37575737185685965
18,A squirrel,I am a slightly curious person,bg,1,1,0,2,0.7,0.3,bandit,6,0.25,0.25,19,2,0.3,1,0,2,1,0.3333333333333333,0.2724500545195808,0.8333333335428232,0.7275499454804192,0.8183666303202795,1.7057650759526406,0.0,-0.35142856931129185,0.0,0.0,0.0,0.00781448854021538,0.019752238502238506,0.1259327092660426,0.2741401356424831
18,A squirrel,I am a slightly curious person,bg,1,1,0,2,0.7,0.3,bandit,6,0.25,0.25,20,1,0.7,0,0,1,1,0.3333333333333333,0.6482074263764405,-0.6666666668460243,-0.6482074263764405,-0.43213828425096035,0.5658773480900519,0.6779327786914044,-0.28659092438323247,0.04052767214023717,0.0,0.0,0.03476503781473128,0.02317669187648752,0.10691469372416385,0.10691469372416385
19,A squirrel,I am a slightly curious person,gb,0,0,2,3,0.3,0.7,bandit,7,0.0,0.625,1,2,0.7,1,0,4,1,0.3333333333333333,0.5,NaN,0.5,0.6666666666666666,1.0986122886681096,0.0,-0.19314718051535087,0.0,0.0,0.0,0.04166666666666663,0.02777777777777779,0.16666666666666663,0.16666666666666663
19,A squirrel,I am a slightly curious person,gb,0,0,2,3,0.3,0.7,bandit,7,0.0,0.625,2,2,0.7,1,0,1,1,0.3333333333333333,0.6666666666666666,1.505215796449022e-8,0.33333333333333337,0.5555555555555555,0.8109302162163285,0.0,-0.4319456220025852,0.0,0.0,0.0,0.01562500000000011,0.01041666666666663,0.2499999999999999,0.2499999999999999
19,A squirrel,I am a slightly curious person,gb,0,0,2,3,0.3,0.7,bandit,7,0.0,0.625,3,2,0.7,0,1,4,1,0.3333333333333333,0.7499999999999999,-0.999999984947842,-0.7499999999999999,-0.5,0.6931471805599453,0.636514168294813,-0.29705541768766514,0.06921054690467393,0.0,0.0,0.02499999999999991,0.016666666666666607,0.19999999999999996,0.19999999999999996
19,A squirrel,I am a slightly curious person,gb,0,0,2,3,0.3,0.7,bandit,7,0.0,0.625,4,2,0.7,0,0,4,1,0.3333333333333333,0.7,-0.999999984947842,-0.7,-0.4666666666666667,0.6286086594223742,0.6615632381579821,-0.20400590700589533,0.06231225300813903,0.0,0.0,0.03776041666666674,0.02517361111111116,0.14583333333333326,0.14583333333333326
19,A squirrel,I am a slightly curious person,gb,0,0,2,3,0.3,0.7,bandit,7,0.0,0.625,5,2,0.7,0,1,4,1,0.3333333333333333,0.6458333333333333,-0.7499999978409456,-0.6458333333333333,-0.43055555555555564,0.5630940523117476,0.6785008770139085,-0.1571350842422471,0.053167047747771534,-1.1102230246251565e-16,-1.1102230246251565e-16,0.05378919860627185,0.03585946573751442,0.09059233449477355,0.09059233449477355
19,A squirrel,I am a slightly curious person,gb,0,0,2,3,0.3,0.7,bandit,7,0.0,0.625,6,2,0.7,0,0,4,1,0.3333333333333333,0.5905923344947736,-0.5999999972964525,-0.5905923344947736,-0.3937282229965158,0.5004269165450922,0.6881771822372582,-0.15234512269821188,0.04329848222372032,0.01245210727969337,0.008301404853128913,0.07246767241379304,0.04831178160919536,0.03735632183908055,0.03735632183908055
19,A squirrel,I am a slightly curious person,gb,0,0,2,3,0.3,0.7,bandit,7,0.0,0.625,7,1,0.3,0,1,3,1,0.3333333333333333,0.5,NaN,-0.5,-0.33333333333333337,0.40546510810816444,0.6931471805599453,-0.04279164419167801,0.05378194606599736,0.0,0.0,0.07001377741504278,0.05555555555555547,0.08333333333333337,0.12068965517241392
19,A squirrel,I am a slightly curious person,gb,0,0,2,3,0.3,0.7,bandit,7,0.0,0.625,8,2,0.7,0,1,4,1,0.3333333333333333,0.5373563218390806,-0.49999999874887274,-0.5373563218390806,-0.35823754789272033,0.4435370560575723,0.6923940398076736,-0.17975900900527403,0.03407290818339537,0.0194029850746269,0.012935323383084563,0.08126036484245436,0.05417357656163624,0.011608623548922004,0.011608623548922004
19,A squirrel,I am a slightly curious person,gb,0,0,2,3,0.3,0.7,bandit,7,0.0,0.625,9,2,0.7,1,0,1,1,0.3333333333333333,0.488391376451078,0.5714285716831129,0.511608623548922,0.6744057490326146,1.1221033017437083,0.0,-0.2228608825806698,0.0,0.0,0.0,0.04905029711375197,0.032700198075834686,0.07860780984719873,0.07860780984719873
19,A squirrel,I am a slightly curious person,gb,0,0,2,3,0.3,0.7,bandit,7,0.0,0.625,10,1,0.3,0,0,4,1,0.3333333333333333,0.41666666666666663,-5.545009081338703e-16,-0.41666666666666663,-0.2777777777777778,0.325422400434628,0.6901856760188041,-0.14872947946598028,0.03793678112380475,0.0,0.0,0.03442638906911211,0.03525641025641024,0.15384615384615385,0.23245396369335258
19,A squirrel,I am a slightly curious person,gb,0,0,2,3,0.3,0.7,bandit,7,0.0,0.625,11,2,0.7,1,0,4,1,0.3333333333333333,0.5786078098471987,0.43750000000500944,0.42139219015280127,0.6142614601018674,0.9525954968045901,0.0,-0.3039203486812426,0.0,0.0,0.0,0.025258082586427477,0.01683872172428491,0.14820742637644047,0.14820742637644047
19,A squirrel,I am a slightly curious person,gb,0,0,2,3,0.3,0.7,bandit,7,0.0,0.625,12,2,0.7,1,0,1,1,0.3333333333333333,0.6482074263764405,0.33333333315397573,0.35179257362355953,0.5678617157490397,0.8390096395271014,0.0,-0.40314200060979377,0.0,-1.1102230246251565e-16,0.0,0.012765239197530698,0.008510159465020428,0.20246913580246917,0.20246913580246917
19,A squirrel,I am a slightly curious person,gb,0,0,2,3,0.3,0.7,bandit,7,0.0,0.625,13,1,0.3,0,0,4,1,0.3333333333333333,0.34615384615384615,-5.545009081338703e-16,-0.34615384615384615,-0.2307692307692308,0.2623642644674911,0.6842317651303003,-0.2844497338353375,0.0257813362644152,0.0,-1.1102230246251565e-16,0.007937039661019551,0.021666666666666723,0.21000000000000002,0.4124691358024692
19,A squirrel,I am a slightly curious person,gb,0,0,2,3,0.3,0.7,bandit,7,0.0,0.625,14,2,0.7,1,0,1,1,0.3333333333333333,0.7024691358024692,0.2499999997469049,0.29753086419753083,0.5316872427983539,0.7586189216483179,0.0,-0.5103029326983979,0.0,0.0,0.0,0.006364488982019578,0.004242992654679645,0.24523455454914145,0.24523455454914145
19,A squirrel,I am a slightly curious person,gb,0,0,2,3,0.3,0.7,bandit,7,0.0,0.625,15,1,0.3,0,0,4,1,0.3333333333333333,0.29,-5.545009081338703e-16,-0.29,-0.19333333333333338,0.21484474849951468,0.6780102022798757,-0.42625540231422954,0.017393591340592762,0.0,1.1102230246251565e-16,0.002677219859485991,0.013085399449035862,0.2534435261707989,0.49867808071994035
19,A squirrel,I am a slightly curious person,gb,0,0,2,3,0.3,0.7,bandit,7,0.0,0.625,16,2,0.7,1,0,1,1,0.3333333333333333,0.7452345545491414,0.18181818183134602,0.25476544545085855,0.5031769636339056,0.6995213799409306,0.0,-0.619598630613121,-1.1102230246251565e-16,0.0,0.0,0.003142538265305972,0.0020950255102039073,0.27931972789115633,0.27931972789115633
19,A squirrel,I am a slightly curious person,gb,0,0,2,3,0.3,0.7,bandit,7,0.0,0.625,17,1,0.3,0,0,4,1,0.3333333333333333,0.2465564738292011,-5.545009081338703e-16,-0.2465564738292011,-0.16437098255280075,0.17957052342206484,0.6725635843867588,-0.5618791256690523,0.011912734212403908,0.0,2.220446049250313e-16,0.0008668405179567129,0.00784929356357933,0.28689167974882257,0.5662114076399789
19,A squirrel,I am a slightly curious person,gb,0,0,2,3,0.3,0.7,bandit,7,0.0,0.625,18,2,0.7,0,1,4,1,0.3333333333333333,0.7793197278911563,-0.874999999915239,-0.7793197278911563,-0.519546485260771,0.7330247987705201,0.6160354289287208,-0.5430704256123912,0.05049481238102904,1.1102230246251565e-16,-1.1102230246251565e-16,0.004874344164936151,0.0032495627766239155,0.24960669561386917,0.24960669561386917
19,A squirrel,I am a slightly curious person,gb,0,0,2,3,0.3,0.7,bandit,7,0.0,0.625,19,1,0.3,0,1,4,1,0.3333333333333333,0.2131083202511774,-5.545009081338703e-16,-0.2131083202511774,-0.14207221350078494,0.1532353479555701,0.668087395200138,-0.6867749400135641,0.008393123717155504,0.0,1.1102230246251565e-16,0.0005926959333937276,0.004707990240927273,0.312900274473925,0.5625069700877942
19,A squirrel,I am a slightly curious person,gb,0,0,2,3,0.3,0.7,bandit,7,0.0,0.625,20,1,0.3,0,1,4,1,0.3333333333333333,0.187099725526075,-5.545009081338703e-16,-0.187099725526075,-0.12473315035071669,0.13322646809098154,0.6644720212248263,-0.8003011606766882,0.006115744334489359,0.0,0.0,0.0002804684891462017,0.0028342366757001525,0.33346883468834687,0.583075530302216
20,A squirrel,I am a slightly curious person,bg,2,2,2,1,0.7,0.3,tycoon,10,0.375,0.5,1,1,0.7,0,0,4,2,0.3333333333333333,0.5,NaN,-0.5,-0.6666666666666667,1.09861228866811,0.0,-0.19314718051535068,0.0,0.0,0.0,0.04166666666666652,0.02777777777777768,0.16666666666666674,0.16666666666666674
20,A squirrel,I am a slightly curious person,bg,2,2,2,1,0.7,0.3,tycoon,10,0.375,0.5,2,1,0.7,0,0,4,2,0.3333333333333333,0.33333333333333326,-3.324562949461316e-16,-0.33333333333333326,-0.5555555555555555,0.8109302162163285,0.0,-0.43194562200258524,0.0,0.0,0.0,0.015625,0.01041666666666663,0.25,0.25
20,A squirrel,I am a slightly curious person,bg,2,2,2,1,0.7,0.3,tycoon,10,0.375,0.5,3,2,0.3,1,1,4,2,0.3333333333333333,0.5,NaN,0.5,0.33333333333333326,0.4054651081081643,0.6931471805599453,-0.042791644191678,0.05378194606599747,0.0,1.1102230246251565e-16,0.08333333333333348,0.05555555555555558,0.08333333333333326,0.08333333333333326
20,A squirrel,I am a slightly curious person,bg,2,2,2,1,0.7,0.3,tycoon,10,0.375,0.5,4,2,0.3,0,0,4,2,0.3333333333333333,0.5833333333333333,-0.999999984947842,-0.5833333333333333,-0.7222222222222222,1.2809338454620642,0.0,-0.09878147980916858,0.0,0.0,0.0,0.0625,0.04166666666666663,0.10000000000000003,0.10000000000000003
20,A squirrel,I am a slightly curious person,bg,2,2,2,1,0.7,0.3,tycoon,10,0.375,0.5,5,2,0.3,1,1,4,2,0.3333333333333333,0.39999999999999997,0.7499999999999998,0.6000000000000001,0.3999999999999999,0.5108256237659905,0.6869615765973234,-0.06641254138672092,0.05538446170840036,0.022222222222222254,0.014814814814814836,0.08750000000000002,0.05833333333333324,0.033333333333333326,0.033333333333333326
20,A squirrel,I am a slightly curious person,bg,2,2,2,1,0.7,0.3,tycoon,10,0.375,0.5,6,2,0.3,0,0,4,2,0.3333333333333333,0.4666666666666667,-0.49999999847640864,-0.4666666666666667,-0.6444444444444445,1.0340737675305387,0.0,-0.2040059070058956,0.0,0.0,0.0,0.03776041666666674,0.02517361111111116,0.14583333333333331,0.14583333333333331
20,A squirrel,I am a slightly curious person,bg,2,2,2,1,0.7,0.3,tycoon,10,0.375,0.5,7,1,0.7,0,0,4,2,0.3333333333333333,0.25,-3.324562949461316e-16,-0.25,-0.49999999999999994,0.6931471805599453,0.0,-0.6362943611237484,0.0,0.0,0.0,0.006249999999999978,0.004166666666666652,0.3,0.3
20,A squirrel,I am a slightly curious person,bg,2,2,2,1,0.7,0.3,tycoon,10,0.375,0.5,8,1,0.7,1,1,4,2,0.3333333333333333,0.2,0.9999999999999997,0.8,0.5333333333333333,0.7621400520468967,0.5982695885852574,-0.49056128652018416,0.06747724005220701,0.0,0.0,0.01041666666666674,0.00694444444444442,0.26190476190476186,0.26190476190476186
20,A squirrel,I am a slightly curious person,bg,2,2,2,1,0.7,0.3,tycoon,10,0.375,0.5,9,1,0.7,1,1,4,2,0.3333333333333333,0.2380952380952381,0.9999999999999998,0.7619047619047619,0.5079365079365079,0.7091475219063864,0.6287993940937805,-0.37092869552988855,0.0640450737601721,0.0,1.1102230246251565e-16,0.016561059907834075,0.011040706605222717,0.21889400921658986,0.21889400921658986
20,A squirrel,I am a slightly curious person,bg,2,2,2,1,0.7,0.3,tycoon,10,0.375,0.5,10,1,0.7,1,0,4,2,0.3333333333333333,0.28110599078341014,0.8999999999024825,0.7188940092165899,0.47926267281105994,0.652509534828119,0.6533502750036448,-0.28542769031337345,0.058112087396657075,0.0,0.0,0.025027654867256555,0.01668510324483774,0.17256637168141586,0.17256637168141586
20,A squirrel,I am a slightly curious person,bg,2,2,2,1,0.7,0.3,tycoon,10,0.375,0.5,11,1,0.7,0,0,4,2,0.3333333333333333,0.32743362831858414,-0.2499999961301174,-0.32743362831858414,-0.5516224188790562,0.8021195865341741,0.0,-0.4271890325390063,0.0,0.0,0.0,0.01162737573099415,0.007751583820662766,0.23099415204678364,0.23099415204678364
20,A squirrel,I am a slightly curious person,bg,2,2,2,1,0.7,0.3,tycoon,10,0.375,0.5,12,1,0.7,1,1,4,2,0.3333333333333333,0.26900584795321636,0.857142855151454,0.7309941520467836,0.48732943469785583,0.6681218129930051,0.6473288715296028,-0.3499999698277506,0.05449934993397276,0.0,0.0,0.01754099334600767,0.011693995564005188,0.1901140684410646,0.1901140684410646
20,A squirrel,I am a slightly curious person,bg,2,2,2,1,0.7,0.3,tycoon,10,0.375,0.5,13,1,0.7,1,1,4,2,0.3333333333333333,0.3098859315589354,0.7500000000338465,0.6901140684410646,0.46007604562737636,0.6163269745765037,0.6653365453438909,-0.30392034868124257,0.04777956620255086,0.0,0.0,0.025258082586427588,0.016838721724285133,0.1482074263764404,0.1482074263764404
20,A squirrel,I am a slightly curious person,bg,2,2,2,1,0.7,0.3,tycoon,10,0.375,0.5,14,1,0.7,1,0,4,2,0.3333333333333333,0.3517925736235596,0.6666666618273922,0.6482074263764404,0.43213828425096024,0.5658773480900516,0.6779327786914043,-0.2865909243832322,0.04052767214023745,0.0,0.0,0.03476503781473128,0.02317669187648752,0.10691469372416385,0.10691469372416385
20,A squirrel,I am a slightly curious person,bg,2,2,2,1,0.7,0.3,tycoon,10,0.375,0.5,15,1,0.7,0,0,4,2,0.3333333333333333,0.39308530627583615,-0.3999999941209134,-0.39308530627583615,-0.5953902041838908,0.9048321434290967,0.0,-0.36069217539971615,0.0,0.0,0.0,0.0184030516938557,0.01226870112923717,0.16480114312931649,0.16480114312931649
20,A squirrel,I am a slightly curious person,bg,2,2,2,1,0.7,0.3,tycoon,10,0.375,0.5,16,1,0.7,0,0,4,2,0.3333333333333333,0.3351988568706835,-0.31818181375619276,-0.3351988568706835,-0.556799237913789,0.8137324240419427,0.0,-0.4482857932133264,0.0,0.0,1.1102230246251565e-16,0.009545754130843687,0.006363836087229124,0.21157979580870495,0.21157979580870495
20,A squirrel,I am a slightly curious person,bg,2,2,2,1,0.7,0.3,tycoon,10,0.375,0.5,17,2,0.3,1,0,4,2,0.3333333333333333,0.3541666666666667,0.7500000004820603,0.6458333333333333,0.4305555555555556,0.5630940523117476,0.6785008770139087,-0.15713508424224704,0.05316704774777181,0.0,0.0,0.05378919860627174,0.03585946573751453,0.09059233449477344,0.09059233449477344
20,A squirrel,I am a slightly curious person,bg,2,2,2,1,0.7,0.3,tycoon,10,0.375,0.5,18,2,0.3,0,0,4,2,0.3333333333333333,0.40940766550522656,-0.3999999967452822,-0.40940766550522656,-0.6062717770034844,0.9320943970472808,0.0,-0.28542769031337345,0.0,0.0,0.0,0.025027654867256555,0.01668510324483774,0.17256637168141586,0.17256637168141586
20,A squirrel,I am a slightly curious person,bg,2,2,2,1,0.7,0.3,tycoon,10,0.375,0.5,19,2,0.3,0,0,4,2,0.3333333333333333,0.32743362831858414,-0.2499999961301174,-0.32743362831858414,-0.5516224188790562,0.8021195865341741,0.0,-0.4271890325390063,0.0,0.0,0.0,0.01162737573099415,0.007751583820662655,0.23099415204678364,0.23099415204678364
20,A squirrel,I am a slightly curious person,bg,2,2,2,1,0.7,0.3,tycoon,10,0.375,0.5,20,2,0.3,1,1,4,2,0.3333333333333333,0.26900584795321636,0.857142855151454,0.7309941520467836,0.48732943469785583,0.6681218129930051,0.6473288715296028,-0.3499999698277506,0.05449934993397276,0.0,0.0,0.01754099334600767,0.011693995564005188,0.1901140684410646,0.1901140684410646
21,A squirrel,I am a slightly curious person,gb,2,2,1,1,0.7,0.3,bandit,6,0.25,0.5,1,2,0.3,0,1,4,1,0.3333333333333333,0.5,NaN,-0.5,-0.33333333333333337,0.40546510810816444,0.6931471805599453,-0.04279164419167801,0.05378194606599736,0.0,0.0,0.08333333333333337,0.05555555555555547,0.08333333333333337,0.08333333333333337
21,A squirrel,I am a slightly curious person,gb,2,2,1,1,0.7,0.3,bandit,6,0.25,0.5,2,1,0.7,0,0,4,1,0.3333333333333333,0.5,NaN,-0.5,-0.33333333333333337,0.40546510810816444,0.6931471805599453,-0.04279164419167801,0.05378194606599736,0.0,-1.1102230246251565e-16,0.08333333333333337,0.05555555555555547,0.08333333333333337,0.08333333333333337
21,A squirrel,I am a slightly curious person,gb,2,2,1,1,0.7,0.3,bandit,6,0.25,0.5,3,2,0.3,1,0,2,1,0.3333333333333333,0.41666666666666663,0.9999999999999994,0.5833333333333334,0.7222222222222222,1.2809338454620642,0.0,-0.09878147980916833,0.0,0.0,0.0,0.0625,0.04166666666666652,0.09999999999999987,0.09999999999999987
21,A squirrel,I am a slightly curious person,gb,2,2,1,1,0.7,0.3,bandit,6,0.25,0.5,4,1,0.7,1,0,1,1,0.3333333333333333,0.41666666666666663,0.9999999999999994,0.5833333333333334,0.7222222222222222,1.2809338454620642,0.0,-0.09878147980916833,0.0,0.0,0.0,0.10367999835128927,0.04166666666666663,0.09999999999999987,0.0
21,A squirrel,I am a slightly curious person,gb,2,2,1,1,0.7,0.3,bandit,6,0.25,0.5,5,2,0.3,0,0,4,1,0.3333333333333333,0.5999999999999999,-0.7500000000000001,-0.5999999999999999,-0.39999999999999997,0.5108256237659905,0.6869615765973234,-0.06641254138672094,0.05538446170840032,1.1102230246251565e-16,0.014814814814814836,0.07330133168467545,0.05833333333333324,0.033333333333333326,0.06666666666666654
21,A squirrel,I am a slightly curious person,gb,2,2,1,1,0.7,0.3,bandit,6,0.25,0.5,6,1,0.7,0,1,4,1,0.3333333333333333,0.5999999999999999,-0.7500000000000001,-0.5999999999999999,-0.39999999999999997,0.5108256237659905,0.6869615765973234,-0.06641254138672094,0.05538446170840032,0.03703703703703709,0.014814814814814836,0.10351811143668566,0.05833333333333335,0.033333333333333326,0.0
21,A squirrel,I am a slightly curious person,gb,2,2,1,1,0.7,0.3,bandit,6,0.25,0.5,7,2,0.3,1,0,1,1,0.3333333333333333,0.5333333333333333,0.5000000009897914,0.4666666666666667,0.6444444444444444,1.0340737675305383,0.0,-0.20400590700589533,0.0,0.0,0.0,0.047324062968474134,0.02517361111111105,0.14583333333333326,0.11249999999999993
21,A squirrel,I am a slightly curious person,gb,2,2,1,1,0.7,0.3,bandit,6,0.25,0.5,8,1,0.7,1,0,1,1,0.3333333333333333,0.5333333333333333,0.5000000009897914,0.4666666666666667,0.6444444444444444,1.0340737675305383,0.0,-0.20400590700589533,0.0,0.0,0.0,0.0909255551882544,0.02517361111111105,0.14583333333333326,0.0
21,A squirrel,I am a slightly curious person,gb,2,2,1,1,0.7,0.3,bandit,6,0.25,0.5,9,2,0.3,0,1,4,1,0.3333333333333333,0.6458333333333333,-0.7499999978409456,-0.6458333333333333,-0.43055555555555564,0.5630940523117476,0.6785008770139085,-0.1571350842422471,0.053167047747771534,0.0,0.0,0.06638659553189297,0.03585946573751453,0.09059233449477355,0.05524099883855971
21,A squirrel,I am a slightly curious person,gb,2,2,1,1,0.7,0.3,bandit,6,0.25,0.5,10,1,0.7,0,1,4,1,0.3333333333333333,0.6458333333333333,-0.7499999978409456,-0.6458333333333333,-0.43055555555555564,0.5630940523117476,0.6785008770139085,-0.1571350842422471,0.053167047747771534,0.0323361944420838,-1.1102230246251565e-16,0.09211118141984109,0.03585946573751453,0.09059233449477355,0.0
21,A squirrel,I am a slightly curious person,gb,2,2,1,1,0.7,0.3,bandit,6,0.25,0.5,11,2,0.3,0,1,4,1,0.3333333333333333,0.5905923344947736,-0.5999999972964525,-0.5905923344947736,-0.3937282229965158,0.5004269165450922,0.6881771822372582,-0.15234512269821188,0.04329848222372032,0.0,0.008301404853128913,0.06652350332326906,0.04831178160919547,0.03735632183908055,0.053236012655693
21,A squirrel,I am a slightly curious person,gb,2,2,1,1,0.7,0.3,bandit,6,0.25,0.5,12,1,0.7,0,1,4,1,0.3333333333333333,0.5905923344947736,-0.5999999972964525,-0.5905923344947736,-0.3937282229965158,0.5004269165450922,0.6881771822372582,-0.15234512269821188,0.04329848222372032,0.029269608490773646,0.008301404853128913,0.09038855040001592,0.04831178160919547,0.03735632183908055,0.0
21,A squirrel,I am a slightly curious person,gb,2,2,1,1,0.7,0.3,bandit,6,0.25,0.5,13,2,0.3,0,0,4,1,0.3333333333333333,0.5373563218390806,-0.49999999874887274,-0.5373563218390806,-0.35823754789272033,0.4435370560575723,0.6923940398076736,-0.17975900900527403,0.03407290818339537,0.0,0.012935323383084563,0.06531804836118538,0.05417357656163635,0.011608623548922004,0.048964945388002556
21,A squirrel,I am a slightly curious person,gb,2,2,1,1,0.7,0.3,bandit,6,0.25,0.5,14,1,0.7,0,1,4,1,0.3333333333333333,0.5373563218390806,-0.49999999874887274,-0.5373563218390806,-0.35823754789272033,0.4435370560575723,0.6923940398076736,-0.17975900900527403,0.03407290818339537,0.0194029850746269,0.012935323383084563,0.08126036484245436,0.05417357656163624,0.011608623548922004,0.011608623548922004
21,A squirrel,I am a slightly curious person,gb,2,2,1,1,0.7,0.3,bandit,6,0.25,0.5,15,2,0.3,0,0,4,1,0.3333333333333333,0.488391376451078,-0.42857142831688716,-0.488391376451078,-0.32559425096738537,0.393923347667993,0.6930813365993375,-0.22800730239285252,0.026290814189475292,0.0,-1.1102230246251565e-16,0.058860143442623025,0.03924009562841524,0.055163934426229466,0.055163934426229466
21,A squirrel,I am a slightly curious person,gb,2,2,1,1,0.7,0.3,bandit,6,0.25,0.5,16,1,0.7,1,0,1,1,0.3333333333333333,0.488391376451078,0.5714285716831129,0.511608623548922,0.6744057490326146,1.1221033017437083,0.0,-0.2228608825806698,0.0,0.0,0.0,0.04905029711375197,0.0327001980758348,0.07860780984719873,0.07860780984719873
21,A squirrel,I am a slightly curious person,gb,2,2,1,1,0.7,0.3,bandit,6,0.25,0.5,17,2,0.3,0,0,4,1,0.3333333333333333,0.44483606557377053,-0.3749999995045847,-0.44483606557377053,-0.2965573770491804,0.351768965169878,0.6917799599357861,-0.2874591223088541,0.020170902342174335,0.0,0.0,0.023104565672562916,0.027988902071283794,0.0931336200504227,0.17174142989762142
21,A squirrel,I am a slightly curious person,gb,2,2,1,1,0.7,0.3,bandit,6,0.25,0.5,18,1,0.7,1,0,1,1,0.3333333333333333,0.5786078098471987,0.43750000000500944,0.42139219015280127,0.6142614601018674,0.9525954968045901,0.0,-0.3039203486812426,0.0,0.0,0.0,0.025258082586427477,0.016838721724285022,0.14820742637644047,0.14820742637644047
21,A squirrel,I am a slightly curious person,gb,2,2,1,1,0.7,0.3,bandit,6,0.25,0.5,19,2,0.3,0,0,4,1,0.3333333333333333,0.4068663799495773,-0.33333333341764176,-0.4068663799495773,-0.27124425329971824,0.31641665565345756,0.6895133632202006,-0.35142856931129185,0.0155607835443628,0.0,1.1102230246251565e-16,0.00781448854021538,0.019752238502238506,0.1259327092660426,0.2741401356424831
21,A squirrel,I am a slightly curious person,gb,2,2,1,1,0.7,0.3,bandit,6,0.25,0.5,20,1,0.7,0,0,4,1,0.3333333333333333,0.6482074263764405,-0.6666666668460243,-0.6482074263764405,-0.43213828425096035,0.5658773480900519,0.6779327786914044,-0.28659092438323247,0.04052767214023717,0.0,0.0,0.03476503781473128,0.02317669187648752,0.10691469372416385,0.10691469372416385
22,A squirrel,I am a slightly curious person,bg,2,2,1,1,0.7,0.3,bandit,7,0.25,0.5,1,2,0.3,1,0,1,1,0.3333333333333333,0.5,NaN,0.5,0.6666666666666666,1.0986122886681096,0.0,-0.19314718051535087,0.0,0.0,0.0,0.04166666666666663,0.02777777777777779,0.16666666666666663,0.16666666666666663
22,A squirrel,I am a slightly curious person,bg,2,2,1,1,0.7,0.3,bandit,7,0.25,0.5,2,2,0.3,0,0,4,1,0.3333333333333333,0.6666666666666666,-0.999999984947842,-0.6666666666666666,-0.44444444444444453,0.5877866649021192,0.6730116670092565,-0.09878147980916833,0.0671439495179084,1.1102230246251565e-16,-1.1102230246251565e-16,0.0625,0.04166666666666663,0.09999999999999987,0.09999999999999987
22,A squirrel,I am a slightly curious person,bg,2,2,1,1,0.7,0.3,bandit,7,0.25,0.5,3,1,0.7,1,0,1,1,0.3333333333333333,0.5,NaN,0.5,0.6666666666666666,1.0986122886681096,0.0,-0.19314718051535087,0.0,0.0,0.0,0.07199999847336735,0.0277777777777779,0.16666666666666663,0.06666666666666676
22,A squirrel,I am a slightly curious person,bg,2,2,1,1,0.7,0.3,bandit,7,0.25,0.5,4,2,0.3,0,1,4,1,0.3333333333333333,0.5999999999999999,-0.7500000000000001,-0.5999999999999999,-0.39999999999999997,0.5108256237659905,0.6869615765973234,-0.06641254138672094,0.05538446170840032,0.0,0.014814814814814947,0.0488340255877604,0.05833333333333346,0.033333333333333326,0.1333333333333333
22,A squirrel,I am a slightly curious person,bg,2,2,1,1,0.7,0.3,bandit,7,0.25,0.5,5,2,0.3,1,0,4,1,0.3333333333333333,0.5333333333333333,0.5000000009897914,0.4666666666666667,0.6444444444444444,1.0340737675305383,0.0,-0.20400590700589533,0.0,0.0,0.0,0.08021833761425545,0.02517361111111105,0.14583333333333326,0.02083333333333337
22,A squirrel,I am a slightly curious person,bg,2,2,1,1,0.7,0.3,bandit,7,0.25,0.5,6,1,0.7,0,1,4,1,0.3333333333333333,0.6666666666666666,-0.999999984947842,-0.6666666666666666,-0.44444444444444453,0.5877866649021192,0.6730116670092565,-0.09878147980916833,0.0671439495179084,0.012500000000000067,0.0,0.08099859474789495,0.04166666666666663,0.09999999999999987,0.04583333333333339
22,A squirrel,I am a slightly curious person,bg,2,2,1,1,0.7,0.3,bandit,7,0.25,0.5,7,2,0.3,0,0,4,1,0.3333333333333333,0.6458333333333333,-0.7499999978409456,-0.6458333333333333,-0.43055555555555564,0.5630940523117476,0.6785008770139085,-0.1571350842422471,0.053167047747771534,0.02682926829268295,0.0,0.08739946842898128,0.03585946573751453,0.09059233449477355,0.009407665505226315
22,A squirrel,I am a slightly curious person,bg,2,2,1,1,0.7,0.3,bandit,7,0.25,0.5,8,2,0.3,0,1,4,1,0.3333333333333333,0.5905923344947736,-0.5999999972964525,-0.5905923344947736,-0.3937282229965158,0.5004269165450922,0.6881771822372582,-0.15234512269821188,0.04329848222372032,0.0,0.008301404853128913,0.06276443024989309,0.04831178160919547,0.03735632183908055,0.06264367816091931
22,A squirrel,I am a slightly curious person,bg,2,2,1,1,0.7,0.3,bandit,7,0.25,0.5,9,1,0.7,1,0,2,1,0.3333333333333333,0.5999999999999999,0.2499999999999999,0.40000000000000013,0.6000000000000001,0.9162907318741551,0.0,-0.29705541768766514,0.0,0.0,0.0,0.03272811516579521,0.01666666666666672,0.19999999999999996,0.1626436781609194
22,A squirrel,I am a slightly curious person,bg,2,2,1,1,0.7,0.3,bandit,7,0.25,0.5,10,2,0.3,0,0,4,1,0.3333333333333333,0.5373563218390806,-0.49999999874887274,-0.5373563218390806,-0.35823754789272033,0.4435370560575723,0.6923940398076736,-0.17975900900527403,0.03407290818339537,0.0,0.012935323383084563,0.019891604855786116,0.05417357656163635,0.011608623548922004,0.21160862354892196
22,A squirrel,I am a slightly curious person,bg,2,2,1,1,0.7,0.3,bandit,7,0.25,0.5,11,2,0.3,0,0,4,1,0.3333333333333333,0.488391376451078,-0.42857142831688716,-0.488391376451078,-0.32559425096738537,0.393923347667993,0.6930813365993375,-0.22800730239285252,0.026290814189475292,0.0,0.0,0.01240051007134102,0.03924009562841535,0.055163934426229466,0.2551639344262294
22,A squirrel,I am a slightly curious person,bg,2,2,1,1,0.7,0.3,bandit,7,0.25,0.5,12,1,0.7,1,0,1,1,0.3333333333333333,0.7,1.505215796449022e-8,0.30000000000000004,0.5333333333333333,0.7621400520468967,0.0,-0.4905612865201842,0.0,0.0,0.0,0.010416666666666852,0.00694444444444442,0.26190476190476186,0.26190476190476186
22,A squirrel,I am a slightly curious person,bg,2,2,1,1,0.7,0.3,bandit,7,0.25,0.5,13,1,0.7,1,0,1,1,0.3333333333333333,0.7619047619047619,1.505215796449022e-8,0.23809523809523814,0.4920634920634921,0.6773988235918061,0.0,-0.6637676568013677,-3.3306690738754696e-16,-1.1102230246251565e-16,0.0,0.0044642857142858094,0.0029761904761905766,0.3035714285714286,0.3035714285714286
22,A squirrel,I am a slightly curious person,bg,2,2,1,1,0.7,0.3,bandit,7,0.25,0.5,14,2,0.3,0,1,4,1,0.3333333333333333,0.44483606557377053,-0.3749999995045847,-0.44483606557377053,-0.2965573770491804,0.351768965169878,0.6917799599357861,-0.2874591223088541,0.020170902342174335,0.0,0.0,0.002127209891677029,0.027988902071283794,0.0931336200504227,0.3967050486218513
22,A squirrel,I am a slightly curious person,bg,2,2,1,1,0.7,0.3,bandit,7,0.25,0.5,15,1,0.7,0,1,4,1,0.3333333333333333,0.8035714285714286,-0.999999984947842,-0.8035714285714286,-0.5357142857142858,0.7672551527136674,0.594880254188934,-0.53368064707241,0.06324782809164242,0.0,0.0,0.007361778846153855,0.004907852564102533,0.26923076923076916,0.26923076923076916
22,A squirrel,I am a slightly curious person,bg,2,2,1,1,0.7,0.3,bandit,7,0.25,0.5,16,1,0.7,0,1,4,1,0.3333333333333333,0.7692307692307692,-0.999999984947842,-0.7692307692307692,-0.5128205128205129,0.7191226669632061,0.6236548495681085,-0.4271890325390061,0.059861143712770515,-1.1102230246251565e-16,0.0,0.011627375730994038,0.007751583820662766,0.23099415204678364,0.23099415204678364
22,A squirrel,I am a slightly curious person,bg,2,2,1,1,0.7,0.3,bandit,7,0.25,0.5,17,2,0.3,0,0,4,1,0.3333333333333333,0.4068663799495773,-0.33333333341764176,-0.4068663799495773,-0.27124425329971824,0.31641665565345756,0.6895133632202006,-0.35142856931129185,0.0155607835443628,0.0,0.0,0.003082273625794718,0.019752238502238617,0.1259327092660426,0.35692686131282625
22,A squirrel,I am a slightly curious person,bg,2,2,1,1,0.7,0.3,bandit,7,0.25,0.5,18,1,0.7,0,0,4,1,0.3333333333333333,0.7309941520467836,-0.8571428572769177,-0.7309941520467836,-0.48732943469785583,0.6681218129930051,0.6473288715296028,-0.34999996982775033,0.054499349933972596,-1.1102230246251565e-16,-1.1102230246251565e-16,0.01754099334600745,0.011693995564004855,0.1901140684410646,0.1901140684410646
22,A squirrel,I am a slightly curious person,bg,2,2,1,1,0.7,0.3,bandit,7,0.25,0.5,19,1,0.7,1,0,1,1,0.3333333333333333,0.6901140684410646,0.24999999996462985,0.3098859315589354,0.5399239543726235,0.7763634865810234,0.0,-0.47241718232341906,0.0,-1.1102230246251565e-16,0.0,0.008484574567993897,0.005656383045329227,0.23929376408715253,0.23929376408715253
22,A squirrel,I am a slightly curious person,bg,2,2,1,1,0.7,0.3,bandit,7,0.25,0.5,20,2,0.3,0,1,4,1,0.3333333333333333,0.3740672907339574,-0.2999999994803974,-0.3740672907339574,-0.24937819382263834,0.28685334104138854,0.6868791467739987,-0.4159276158960933,0.01216099897567785,0.0,0.0,0.0015589309124834916,0.013839874316724732,0.1542284868187812,0.39352225090593373
23,A squirrel,I am a slightly curious person,gb,3,4,0,1,0.7,0.3,bandit,5,0.125,0.875,1,1,0.7,1,0,1,1,0.3333333333333333,0.5,NaN,0.5,0.6666666666666666,1.0986122886681096,0.0,-0.19314718051535087,0.0,0.0,0.0,0.04166666666666663,0.02777777777777779,0.16666666666666663,0.16666666666666663
23,A squirrel,I am a slightly curious person,gb,3,4,0,1,0.7,0.3,bandit,5,0.125,0.875,2,2,0.3,0,1,2,1,0.3333333333333333,0.5,NaN,-0.5,-0.33333333333333337,0.40546510810816444,0.6931471805599453,-0.04279164419167801,0.05378194606599736,0.0,-1.1102230246251565e-16,0.033950621592853336,0.05555555555555536,0.08333333333333337,0.25
23,A squirrel,I am a slightly curious person,gb,3,4,0,1,0.7,0.3,bandit,5,0.125,0.875,3,1,0.7,0,0,4,1,0.3333333333333333,0.6666666666666666,-0.999999984947842,-0.6666666666666666,-0.44444444444444453,0.5877866649021192,0.6730116670092565,-0.09878147980916833,0.0671439495179084,1.1102230246251565e-16,1.1102230246251565e-16,0.0625,0.04166666666666663,0.09999999999999987,0.09999999999999987
23,A squirrel,I am a slightly curious person,gb,3,4,0,1,0.7,0.3,bandit,5,0.125,0.875,4,1,0.7,0,0,3,1,0.3333333333333333,0.5999999999999999,-0.7500000000000001,-0.5999999999999999,-0.39999999999999997,0.5108256237659905,0.6869615765973234,-0.06641254138672094,0.05538446170840032,0.022222222222222254,0.014814814814814836,0.08750000000000002,0.05833333333333335,0.033333333333333326,0.033333333333333326
23,A squirrel,I am a slightly curious person,gb,3,4,0,1,0.7,0.3,bandit,5,0.125,0.875,5,2,0.3,0,0,1,1,0.3333333333333333,0.41666666666666663,-5.545009081338703e-16,-0.41666666666666663,-0.2777777777777778,0.325422400434628,0.6901856760188041,-0.14872947946598028,0.03793678112380475,0.0,1.1102230246251565e-16,0.0444117751994334,0.03525641025641035,0.15384615384615385,0.18717948717948718
23,A squirrel,I am a slightly curious person,gb,3,4,0,1,0.7,0.3,bandit,5,0.125,0.875,6,2,0.3,0,1,3,1,0.3333333333333333,0.34615384615384615,-5.545009081338703e-16,-0.34615384615384615,-0.2307692307692308,0.2623642644674911,0.6842317651303003,-0.2844497338353375,0.0257813362644152,0.0,0.0,0.02667987432825769,0.021666666666666723,0.21000000000000002,0.24333333333333335
23,A squirrel,I am a slightly curious person,gb,3,4,0,1,0.7,0.3,bandit,5,0.125,0.875,7,2,0.3,0,0,1,1,0.3333333333333333,0.29,-5.545009081338703e-16,-0.29,-0.19333333333333338,0.21484474849951468,0.6780102022798757,-0.42625540231422954,0.017393591340592762,0.0,1.1102230246251565e-16,0.015709513570936973,0.013085399449035862,0.2534435261707989,0.28677685950413223
23,A squirrel,I am a slightly curious person,gb,3,4,0,1,0.7,0.3,bandit,5,0.125,0.875,8,2,0.3,0,1,1,1,0.3333333333333333,0.2465564738292011,-5.545009081338703e-16,-0.2465564738292011,-0.16437098255280075,0.17957052342206484,0.6725635843867588,-0.5618791256690523,0.011912734212403908,0.0,0.0,0.009166619023047273,0.00784929356357933,0.28689167974882257,0.3202250130821559
23,A squirrel,I am a slightly curious person,gb,3,4,0,1,0.7,0.3,bandit,5,0.125,0.875,9,2,0.3,1,0,4,1,0.3333333333333333,0.2131083202511774,0.9999999999999994,0.7868916797488226,0.8579277864992151,1.9514198048662827,0.0,-0.22325417073184692,0.0,0.0,0.0,0.03228296829724664,0.026818600368324286,0.1298342541436464,0.16316758747697974
23,A squirrel,I am a slightly curious person,gb,3,4,0,1,0.7,0.3,bandit,5,0.125,0.875,10,1,0.7,0,0,3,1,0.3333333333333333,0.5333333333333333,-0.4999999990102087,-0.5333333333333333,-0.3555555555555556,0.4393666597838458,0.6925525323607233,-0.08739425626637275,0.04314031141012996,0.01724137931034475,0.011494252873563204,0.08620689655172409,0.05747126436781602,0.02873563218390801,0.02873563218390801
23,A squirrel,I am a slightly curious person,gb,3,4,0,1,0.7,0.3,bandit,5,0.125,0.875,11,1,0.7,0,1,2,1,0.3333333333333333,0.471264367816092,-0.37500000502485337,-0.471264367816092,-0.31417624521072807,0.37713460148193856,0.6927570046594116,-0.145217675089551,0.03231445903788896,0.0,1.1102230246251565e-16,0.059557063048683245,0.03970470869912224,0.08339984038308051,0.08339984038308051
23,A squirrel,I am a slightly curious person,gb,3,4,0,1,0.7,0.3,bandit,5,0.125,0.875,12,2,0.3,0,1,2,1,0.3333333333333333,0.3701657458563536,-0.2500000013594461,-0.3701657458563536,-0.24677716390423582,0.28339416389113375,0.6865299089505599,-0.3092008770384171,0.017446775436758266,0.0,0.0,0.02678450149415923,0.01785633432943956,0.1685683238250475,0.1685683238250475
23,A squirrel,I am a slightly curious person,gb,3,4,0,1,0.7,0.3,bandit,5,0.125,0.875,13,2,0.3,0,0,2,1,0.3333333333333333,0.3314316761749525,-0.21428571120777382,-0.3314316761749525,-0.22095445078330167,0.24968576342578275,0.6827064730455019,-0.3957106648283263,0.012973104587097994,0.0,1.1102230246251565e-16,0.01768714401952809,0.011791429346352134,0.2007323026851099,0.2007323026851099
23,A squirrel,I am a slightly curious person,gb,3,4,0,1,0.7,0.3,bandit,5,0.125,0.875,14,1,0.7,1,0,1,1,0.3333333333333333,0.4166001596169195,0.6999999990129862,0.5833998403830805,0.722266560255387,1.2810934751215937,0.0,-0.15234512269821188,0.0,0.0,0.0,0.07246767241379304,0.04831178160919547,0.03735632183908055,0.03735632183908055
23,A squirrel,I am a slightly curious person,gb,3,4,0,1,0.7,0.3,bandit,5,0.125,0.875,15,2,0.3,1,0,2,1,0.3333333333333333,0.2992676973148901,0.8124999909333683,0.7007323026851099,0.8004882017900732,1.6118819055039784,0.0,-0.2874591223088541,0.0,0.0,0.0,0.031949208651871674,0.027988902071283683,0.0931336200504227,0.13048994188950325
23,A squirrel,I am a slightly curious person,gb,3,4,0,1,0.7,0.3,bandit,5,0.125,0.875,16,2,0.3,0,1,2,1,0.3333333333333333,0.4068663799495773,-0.33333333341764176,-0.4068663799495773,-0.27124425329971824,0.31641665565345756,0.6895133632202006,-0.35142856931129185,0.0155607835443628,0.0,-1.1102230246251565e-16,0.02187209573694382,0.019752238502238506,0.1259327092660426,0.16328903110512316
23,A squirrel,I am a slightly curious person,gb,3,4,0,1,0.7,0.3,bandit,5,0.125,0.875,17,1,0.7,0,1,3,1,0.3333333333333333,0.5373563218390806,-0.49999999874887274,-0.5373563218390806,-0.35823754789272033,0.4435370560575723,0.6923940398076736,-0.17975900900527403,0.03407290818339537,0.0194029850746269,0.012935323383084563,0.08126036484245436,0.05417357656163635,0.011608623548922004,0.011608623548922004
23,A squirrel,I am a slightly curious person,gb,3,4,0,1,0.7,0.3,bandit,5,0.125,0.875,18,1,0.7,1,0,2,1,0.3333333333333333,0.488391376451078,0.5714285716831129,0.511608623548922,0.6744057490326146,1.1221033017437083,0.0,-0.2228608825806698,0.0,0.0,0.0,0.04905029711375197,0.032700198075834686,0.07860780984719873,0.07860780984719873
23,A squirrel,I am a slightly curious person,gb,3,4,0,1,0.7,0.3,bandit,5,0.125,0.875,19,2,0.3,0,0,1,1,0.3333333333333333,0.3740672907339574,-0.2999999994803974,-0.3740672907339574,-0.24937819382263834,0.28685334104138854,0.6868791467739987,-0.4159276158960933,0.01216099897567785,0.0,-1.1102230246251565e-16,0.009993496773891164,0.01383987431672462,0.1542284868187812,0.23283629666597994
23,A squirrel,I am a slightly curious person,gb,3,4,0,1,0.7,0.3,bandit,5,0.125,0.875,20,2,0.3,0,0,2,1,0.3333333333333333,0.3457715131812188,-0.2727272710919282,-0.3457715131812188,-0.23051434212081262,0.26203296411057186,0.6841932166414267,-0.47887894856023666,0.009665827785921843,0.0,0.0,0.006489764063984715,0.0096507959212353,0.17872522111711459,0.2573330309643133
24,A squirrel,I am a slightly curious person,bg,2,4,4,1,0.7,0.3,tycoon,13,0.625,0.75,1,2,0.3,1,0,1,2,0.3333333333333333,0.5,NaN,0.5,0.33333333333333326,0.4054651081081643,0.6931471805599453,-0.042791644191678,0.05378194606599747,0.0,-1.1102230246251565e-16,0.08333333333333348,0.05555555555555547,0.08333333333333326,0.08333333333333326
24,A squirrel,I am a slightly curious person,bg,2,4,4,1,0.7,0.3,tycoon,13,0.625,0.75,2,2,0.3,0,0,1,2,0.3333333333333333,0.5833333333333333,-0.999999984947842,-0.5833333333333333,-0.7222222222222222,1.2809338454620642,0.0,-0.09878147980916858,0.0,0.0,0.0,0.0625,0.04166666666666663,0.10000000000000003,0.10000000000000003
24,A squirrel,I am a slightly curious person,bg,2,4,4,1,0.7,0.3,tycoon,13,0.625,0.75,3,1,0.7,1,0,2,2,0.3333333333333333,0.5,NaN,0.5,0.33333333333333326,0.4054651081081643,0.6931471805599453,-0.042791644191678,0.05378194606599747,0.0,0.0,0.08333333333333348,0.05555555555555547,0.08333333333333326,0.08333333333333326
24,A squirrel,I am a slightly curious person,bg,2,4,4,1,0.7,0.3,tycoon,13,0.625,0.75,4,2,0.3,0,0,1,2,0.3333333333333333,0.39999999999999997,-0.25000000000000017,-0.39999999999999997,-0.6000000000000001,0.9162907318741553,0.0,-0.29705541768766525,0.0,0.0,0.0,0.012558678013545599,0.016666666666666607,0.2,0.28333333333333327
24,A squirrel,I am a slightly curious person,bg,2,4,4,1,0.7,0.3,tycoon,13,0.625,0.75,5,1,0.7,1,0,1,2,0.3333333333333333,0.5833333333333333,1.505215796449022e-8,0.41666666666666674,0.2777777777777778,0.325422400434628,0.6901856760188042,-0.14872947946598028,0.0379367811238048,1.1102230246251565e-16,1.1102230246251565e-16,0.05288461538461542,0.03525641025641024,0.15384615384615385,0.15384615384615385
24,A squirrel,I am a slightly curious person,bg,2,4,4,1,0.7,0.3,tycoon,13,0.625,0.75,6,1,0.7,1,0,1,2,0.3333333333333333,0.6538461538461539,1.505215796449022e-8,0.34615384615384615,0.23076923076923073,0.262364264467491,0.6842317651303003,-0.2844497338353375,0.025781336264415255,0.0,1.1102230246251565e-16,0.032500000000000084,0.021666666666666723,0.20999999999999996,0.20999999999999996
24,A squirrel,I am a slightly curious person,bg,2,4,4,1,0.7,0.3,tycoon,13,0.625,0.75,7,2,0.3,0,0,1,2,0.3333333333333333,0.3,-6.280455418940885e-9,-0.3,-0.5333333333333333,0.7621400520468967,0.0,-0.49056128652018416,0.0,0.0,0.0,0.0007657480892246937,0.00694444444444442,0.26190476190476186,0.4719047619047618
24,A squirrel,I am a slightly curious person,bg,2,4,4,1,0.7,0.3,tycoon,13,0.625,0.75,8,1,0.7,1,1,4,2,0.3333333333333333,0.71,1.505215796449022e-8,0.29000000000000004,0.19333333333333325,0.21484474849951454,0.6780102022798757,-0.42625540231422954,0.017393591340592707,1.1102230246251565e-16,0.0,0.01962809917355368,0.013085399449035862,0.2534435261707988,0.2534435261707988
24,A squirrel,I am a slightly curious person,bg,2,4,4,1,0.7,0.3,tycoon,13,0.625,0.75,9,1,0.7,1,1,4,2,0.3333333333333333,0.7534435261707988,1.505215796449022e-8,0.2465564738292012,0.1643709825528007,0.1795705234220647,0.6725635843867589,-0.5618791256690523,0.011912734212403908,-2.220446049250313e-16,0.0,0.011773940345368827,0.00784929356357933,0.2868916797488228,0.2868916797488228
24,A squirrel,I am a slightly curious person,bg,2,4,4,1,0.7,0.3,tycoon,13,0.625,0.75,10,1,0.7,1,1,4,2,0.3333333333333333,0.7868916797488228,1.505215796449022e-8,0.2131083202511772,0.1420722135007848,0.15323534795556995,0.668087395200138,-0.6867749400135641,0.008393123717155504,1.1102230246251565e-16,0.0,0.007061985361390799,0.004707990240927162,0.3129002744739249,0.3129002744739249
24,A squirrel,I am a slightly curious person,bg,2,4,4,1,0.7,0.3,tycoon,13,0.625,0.75,11,1,0.7,0,0,4,2,0.3333333333333333,0.8129002744739249,-0.999999984947842,-0.8129002744739249,-0.8752668496492834,2.0815786208018467,0.0,-0.30920087703841675,0.0,0.0,0.0,0.026784501494159008,0.017856334329439227,0.1685683238250476,0.1685683238250476
24,A squirrel,I am a slightly curious person,bg,2,4,4,1,0.7,0.3,tycoon,13,0.625,0.75,12,1,0.7,1,1,4,2,0.3333333333333333,0.6685683238250476,0.21428571422552145,0.3314316761749524,0.22095445078330167,0.24968576342578275,0.6827064730455019,-0.39571066482832595,0.012973104587098216,2.220446049250313e-16,1.1102230246251565e-16,0.017687144019527867,0.011791429346351912,0.20073230268510978,0.20073230268510978
24,A squirrel,I am a slightly curious person,bg,2,4,4,1,0.7,0.3,tycoon,13,0.625,0.75,13,1,0.7,1,1,1,2,0.3333333333333333,0.7007323026851098,0.18749999560995112,0.2992676973148902,0.19951179820992682,0.22253348520479543,0.6791076299320256,-0.4791391417344009,0.00984175385178182,-1.1102230246251565e-16,0.0,0.011631613964404819,0.007754409309603361,0.2275499454804193,0.2275499454804193
24,A squirrel,I am a slightly curious person,bg,2,4,4,1,0.7,0.3,tycoon,13,0.625,0.75,14,1,0.7,1,0,1,2,0.3333333333333333,0.7275499454804193,0.16666666576379163,0.2724500545195807,0.18163336967972044,0.20044483946697284,0.6758665393660739,-0.5580527251703005,0.007640859362410435,1.1102230246251565e-16,1.1102230246251565e-16,0.00763730493891257,0.0050915366259417505,0.25010350564199846,0.25010350564199846
24,A squirrel,I am a slightly curious person,bg,2,4,4,1,0.7,0.3,tycoon,13,0.625,0.75,15,1,0.7,1,0,4,2,0.3333333333333333,0.7501035056419985,0.150000003887101,0.24989649435800154,0.1665976629053343,0.18223875570846026,0.6729982360996121,-0.6321463133369446,0.006070404564555654,0.0,0.0,0.005014107447041116,0.003342738298027337,0.2692689835342672,0.2692689835342672
24,A squirrel,I am a slightly curious person,bg,2,4,4,1,0.7,0.3,tycoon,13,0.625,0.75,16,1,0.7,0,0,4,2,0.3333333333333333,0.7692689835342672,-0.8636363635785097,-0.7692689835342672,-0.8461793223561782,1.871967785929168,0.0,-0.47887894856023644,0.0,0.0,0.0,0.014476193881852839,0.0096507959212353,0.17872522111711464,0.17872522111711464
24,A squirrel,I am a slightly curious person,bg,2,4,4,1,0.7,0.3,tycoon,13,0.625,0.75,17,1,0.7,0,0,4,2,0.3333333333333333,0.6787252211171146,-0.7500000034254689,-0.6787252211171146,-0.7858168140780765,1.5409236211460757,0.0,-0.4135225841584971,0.0,0.0,0.0,0.030673027783264084,0.020448685188842686,0.10044678175425426,0.10044678175425426
24,A squirrel,I am a slightly curious person,bg,2,4,4,1,0.7,0.3,tycoon,13,0.625,0.75,18,1,0.7,1,1,1,2,0.3333333333333333,0.6004467817542543,0.3461538466162859,0.39955321824574574,0.26636881216383057,0.3097488455354686,0.688975523151582,-0.4653108399541993,0.011025522306563007,-1.1102230246251565e-16,1.1102230246251565e-16,0.02240289279416341,0.014935261862775717,0.12519031265371405,0.12519031265371405
24,A squirrel,I am a slightly curious person,bg,2,4,4,1,0.7,0.3,tycoon,13,0.625,0.75,19,1,0.7,1,1,1,2,0.3333333333333333,0.625190312653714,0.3214285715417623,0.37480968734628595,0.2498731248975239,0.2875129199555696,0.6869447908889729,-0.5159806516842601,0.00906169696846404,0.0,1.1102230246251565e-16,0.016283189597942282,0.010855459731961448,0.14713841797211025,0.14713841797211025
24,A squirrel,I am a slightly curious person,bg,2,4,4,1,0.7,0.3,tycoon,13,0.625,0.75,20,1,0.7,0,0,1,2,0.3333333333333333,0.6471384179721102,-0.7000000006061295,-0.6471384179721102,-0.7647589453147401,1.4471445259568858,0.0,-0.47583414900387533,0.0,0.0,0.0,0.0308950724477548,0.020596714965170015,0.08354637020967237,0.08354637020967237
25,A squirrel,I am a slightly curious person,bg,3,1,3,1,0.7,0.3,tycoon,14,0.5,0.5,1,2,0.3,0,0,1,2,0.3333333333333333,0.5,NaN,-0.5,-0.6666666666666667,1.09861228866811,0.0,-0.19314718051535068,0.0,0.0,0.0,0.04166666666666652,0.02777777777777768,0.16666666666666674,0.16666666666666674
25,A squirrel,I am a slightly curious person,bg,3,1,3,1,0.7,0.3,tycoon,14,0.5,0.5,2,1,0.7,1,0,1,2,0.3333333333333333,0.5,NaN,0.5,0.33333333333333326,0.4054651081081643,0.6931471805599453,-0.042791644191678,0.05378194606599747,0.0,-1.1102230246251565e-16,0.08333333333333348,0.05555555555555547,0.08333333333333326,0.08333333333333326
25,A squirrel,I am a slightly curious person,bg,3,1,3,1,0.7,0.3,tycoon,14,0.5,0.5,3,2,0.3,1,1,1,2,0.3333333333333333,0.33333333333333326,0.9999999999999997,0.6666666666666667,0.44444444444444453,0.5877866649021192,0.6730116670092565,-0.09878147980916858,0.06714394951790816,0.0,0.0,0.03737461979762402,0.04166666666666663,0.10000000000000003,0.1833333333333333
25,A squirrel,I am a slightly curious person,bg,3,1,3,1,0.7,0.3,tycoon,14,0.5,0.5,4,1,0.7,1,0,1,2,0.3333333333333333,0.5833333333333333,1.505215796449022e-8,0.41666666666666674,0.2777777777777778,0.325422400434628,0.6901856760188042,-0.14872947946598028,0.0379367811238048,1.1102230246251565e-16,1.1102230246251565e-16,0.05288461538461542,0.03525641025641024,0.15384615384615385,0.15384615384615385
25,A squirrel,I am a slightly curious person,bg,3,1,3,1,0.7,0.3,tycoon,14,0.5,0.5,5,2,0.3,1,1,1,2,0.3333333333333333,0.39999999999999997,0.7499999999999998,0.6000000000000001,0.3999999999999999,0.5108256237659905,0.6869615765973234,-0.06641254138672092,0.05538446170840036,0.0,0.014814814814814947,0.032568046699056996,0.05833333333333335,0.033333333333333326,0.18717948717948718
25,A squirrel,I am a slightly curious person,bg,3,1,3,1,0.7,0.3,tycoon,14,0.5,0.5,6,1,0.7,1,0,1,2,0.3333333333333333,0.6538461538461539,1.505215796449022e-8,0.34615384615384615,0.23076923076923073,0.262364264467491,0.6842317651303003,-0.2844497338353375,0.025781336264415255,0.0,1.1102230246251565e-16,0.032500000000000084,0.021666666666666723,0.20999999999999996,0.20999999999999996
25,A squirrel,I am a slightly curious person,bg,3,1,3,1,0.7,0.3,tycoon,14,0.5,0.5,7,2,0.3,1,1,1,2,0.3333333333333333,0.4666666666666667,0.5000000015235914,0.5333333333333333,0.3555555555555555,0.43936665978384565,0.6925525323607233,-0.08739425626637266,0.043140311410130014,0.0,0.011494252873563204,0.028088365635500878,0.05747126436781602,0.028735632183908066,0.1812643678160919
25,A squirrel,I am a slightly curious person,bg,3,1,3,1,0.7,0.3,tycoon,14,0.5,0.5,8,1,0.7,1,1,1,2,0.3333333333333333,0.71,1.505215796449022e-8,0.29000000000000004,0.19333333333333325,0.21484474849951454,0.6780102022798757,-0.42625540231422954,0.017393591340592707,1.1102230246251565e-16,0.0,0.023592811051332485,0.013085399449035862,0.2534435261707988,0.22470789398689073
25,A squirrel,I am a slightly curious person,bg,3,1,3,1,0.7,0.3,tycoon,14,0.5,0.5,9,2,0.3,1,0,1,2,0.3333333333333333,0.5287356321839081,0.3749999994326757,0.47126436781609193,0.31417624521072796,0.3771346014819384,0.6927570046594116,-0.14521767508955086,0.03231445903788896,0.0,0.0,0.024295848297131717,0.039704708699122127,0.08339984038308068,0.1700436857877181
25,A squirrel,I am a slightly curious person,bg,3,1,3,1,0.7,0.3,tycoon,14,0.5,0.5,10,1,0.7,1,1,1,2,0.3333333333333333,0.7534435261707988,1.505215796449022e-8,0.2465564738292012,0.1643709825528007,0.1795705234220647,0.6725635843867589,-0.5618791256690523,0.011912734212403908,-2.220446049250313e-16,-1.1102230246251565e-16,0.021103009946231266,0.007849293563579218,0.2868916797488228,0.2034918393657421
25,A squirrel,I am a slightly curious person,bg,3,1,3,1,0.7,0.3,tycoon,14,0.5,0.5,11,2,0.3,1,1,1,2,0.3333333333333333,0.5833998403830807,0.3000000009825461,0.4166001596169193,0.27773343974461273,0.3253610111961419,0.6901813069103601,-0.22325417073184653,0.02375398970768486,0.0,-1.1102230246251565e-16,0.021220514869229712,0.026818600368324064,0.12983425414364647,0.15705742560517633
25,A squirrel,I am a slightly curious person,bg,3,1,3,1,0.7,0.3,tycoon,14,0.5,0.5,12,1,0.7,1,0,1,2,0.3333333333333333,0.7868916797488228,1.505215796449022e-8,0.2131083202511772,0.1420722135007848,0.15323534795556995,0.668087395200138,-0.6867749400135641,0.008393123717155504,1.1102230246251565e-16,1.1102230246251565e-16,0.019118432857431644,0.004707990240927162,0.3129002744739249,0.1830660203302784
25,A squirrel,I am a slightly curious person,bg,3,1,3,1,0.7,0.3,tycoon,14,0.5,0.5,13,2,0.3,1,0,1,2,0.3333333333333333,0.6298342541436465,0.2499999999460495,0.37016574585635353,0.24677716390423576,0.28339416389113375,0.6865299089505598,-0.30920087703841675,0.017446775436758433,0.0,1.1102230246251565e-16,0.01875581990074815,0.01785633432943945,0.1685683238250476,0.14433195064887727
25,A squirrel,I am a slightly curious person,bg,3,1,3,1,0.7,0.3,tycoon,14,0.5,0.5,14,1,0.7,0,0,1,2,0.3333333333333333,0.8129002744739249,-0.999999984947842,-0.8129002744739249,-0.8752668496492834,2.0815786208018467,0.0,-0.30920087703841675,0.0,0.0,0.0,0.07850162808452943,0.01785633432943934,0.1685683238250476,0.0
25,A squirrel,I am a slightly curious person,bg,3,1,3,1,0.7,0.3,tycoon,14,0.5,0.5,15,2,0.3,0,0,1,2,0.3333333333333333,0.6685683238250476,-0.7857142857744785,-0.6685683238250476,-0.7790455492166983,1.5097987037598832,0.0,-0.22800730239285233,0.0,0.0,0.0,0.03353783671612709,0.03924009562841524,0.05516393442622958,0.11340438939881803
25,A squirrel,I am a slightly curious person,bg,3,1,3,1,0.7,0.3,tycoon,14,0.5,0.5,16,1,0.7,1,1,1,2,0.3333333333333333,0.6685683238250476,0.21428571422552145,0.3314316761749524,0.22095445078330167,0.24968576342578275,0.6827064730455019,-0.39571066482832595,0.012973104587098216,2.220446049250313e-16,0.0,0.027095833040624462,0.0117914293463518,0.20073230268510978,0.1455683682588802
25,A squirrel,I am a slightly curious person,bg,3,1,3,1,0.7,0.3,tycoon,14,0.5,0.5,17,2,0.3,0,0,1,2,0.3333333333333333,0.5551639344262296,-0.6250000004974928,-0.5551639344262296,-0.7034426229508197,1.2155145647661076,0.0,-0.23609603900380224,0.0,0.0,0.0,0.008851873666450683,0.042660749283883526,0.034901251319161664,0.23563355400427144
25,A squirrel,I am a slightly curious person,bg,3,1,3,1,0.7,0.3,tycoon,14,0.5,0.5,18,1,0.7,1,0,1,2,0.3333333333333333,0.7007323026851098,0.18749999560995112,0.2992676973148902,0.19951179820992682,0.22253348520479543,0.6791076299320256,-0.4791391417344009,0.00984175385178182,-1.1102230246251565e-16,-1.1102230246251565e-16,0.011631613964404819,0.00775440930960325,0.2275499454804193,0.2275499454804193
25,A squirrel,I am a slightly curious person,bg,3,1,3,1,0.7,0.3,tycoon,14,0.5,0.5,19,2,0.3,0,0,1,2,0.3333333333333333,0.46509874868083834,-0.49999999813701335,-0.46509874868083834,-0.6433991657872256,1.0311382342042505,0.0,-0.2865909243832322,5.551115123125783e-17,0.0,0.0,0.001906147287951243,0.02317669187648752,0.10691469372416385,0.33446463920458314
25,A squirrel,I am a slightly curious person,bg,3,1,3,1,0.7,0.3,tycoon,14,0.5,0.5,20,1,0.7,0,0,1,2,0.3333333333333333,0.7275499454804193,-0.8333333342362084,-0.7275499454804193,-0.8183666303202796,1.7057650759526413,0.0,-0.3514285693112917,0.0,0.0,0.0,0.029628357753357704,0.019752238502238506,0.1259327092660426,0.1259327092660426
26,A squirrel,I am a slightly curious person,bg,0,1,2,2,0.3,0.7,bandit,4,0.125,0.5,1,1,0.3,0,0,4,1,0.3333333333333333,0.5,NaN,-0.5,-0.33333333333333337,0.40546510810816444,0.6931471805599453,-0.04279164419167801,0.05378194606599736,0.0,0.0,0.08333333333333337,0.05555555555555547,0.08333333333333337,0.08333333333333337
26,A squirrel,I am a slightly curious person,bg,0,1,2,2,0.3,0.7,bandit,4,0.125,0.5,2,1,0.3,0,0,4,1,0.3333333333333333,0.41666666666666663,-5.545009081338703e-16,-0.41666666666666663,-0.2777777777777778,0.325422400434628,0.6901856760188041,-0.14872947946598028,0.03793678112380475,0.0,1.1102230246251565e-16,0.05288461538461542,0.03525641025641024,0.15384615384615385,0.15384615384615385
26,A squirrel,I am a slightly curious person,bg,0,1,2,2,0.3,0.7,bandit,4,0.125,0.5,3,1,0.3,0,0,4,1,0.3333333333333333,0.34615384615384615,-5.545009081338703e-16,-0.34615384615384615,-0.2307692307692308,0.2623642644674911,0.6842317651303003,-0.2844497338353375,0.0257813362644152,0.0,1.1102230246251565e-16,0.03249999999999997,0.021666666666666834,0.21000000000000002,0.21000000000000002
26,A squirrel,I am a slightly curious person,bg,0,1,2,2,0.3,0.7,bandit,4,0.125,0.5,4,2,0.7,0,1,4,1,0.3333333333333333,0.5,NaN,-0.5,-0.33333333333333337,0.40546510810816444,0.6931471805599453,-0.04279164419167801,0.05378194606599736,0.0,-1.1102230246251565e-16,0.08333333333333337,0.05555555555555536,0.08333333333333337,0.08333333333333337
26,A squirrel,I am a slightly curious person,bg,0,1,2,2,0.3,0.7,bandit,4,0.125,0.5,5,1,0.3,0,0,4,1,0.3333333333333333,0.29,-5.545009081338703e-16,-0.29,-0.19333333333333338,0.21484474849951468,0.6780102022798757,-0.42625540231422954,0.017393591340592762,0.0,0.0,0.01962809917355368,0.013085399449035862,0.2534435261707989,0.2534435261707989
26,A squirrel,I am a slightly curious person,bg,0,1,2,2,0.3,0.7,bandit,4,0.125,0.5,6,1,0.3,0,1,4,1,0.3333333333333333,0.2465564738292011,-5.545009081338703e-16,-0.2465564738292011,-0.16437098255280075,0.17957052342206484,0.6725635843867588,-0.5618791256690523,0.011912734212403908,0.0,1.1102230246251565e-16,0.011773940345368938,0.00784929356357944,0.28689167974882257,0.28689167974882257
26,A squirrel,I am a slightly curious person,bg,0,1,2,2,0.3,0.7,bandit,4,0.125,0.5,7,2,0.7,0,0,4,1,0.3333333333333333,0.41666666666666663,-5.545009081338703e-16,-0.41666666666666663,-0.2777777777777778,0.325422400434628,0.6901856760188041,-0.14872947946598028,0.03793678112380475,0.0,-1.1102230246251565e-16,0.05288461538461542,0.03525641025641013,0.15384615384615385,0.15384615384615385
26,A squirrel,I am a slightly curious person,bg,0,1,2,2,0.3,0.7,bandit,4,0.125,0.5,8,1,0.3,0,1,4,1,0.3333333333333333,0.2131083202511774,-5.545009081338703e-16,-0.2131083202511774,-0.14207221350078494,0.1532353479555701,0.668087395200138,-0.6867749400135641,0.008393123717155504,0.0,1.1102230246251565e-16,0.007061985361390688,0.004707990240927051,0.312900274473925,0.312900274473925
26,A squirrel,I am a slightly curious person,bg,0,1,2,2,0.3,0.7,bandit,4,0.125,0.5,9,1,0.3,0,0,4,1,0.3333333333333333,0.187099725526075,-5.545009081338703e-16,-0.187099725526075,-0.12473315035071669,0.13322646809098154,0.6644720212248263,-0.8003011606766882,0.006115744334489359,0.0,1.1102230246251565e-16,0.004251355013550118,0.0028342366757002635,0.33346883468834687,0.33346883468834687
26,A squirrel,I am a slightly curious person,bg,0,1,2,2,0.3,0.7,bandit,4,0.125,0.5,10,1,0.3,0,0,4,1,0.3333333333333333,0.1665311653116531,-5.545009081338703e-16,-0.1665311653116531,-0.11102077687443543,0.11768141480369711,0.6615437695984828,-0.9033679318738824,0.004608328505046,0.0,-1.1102230246251565e-16,0.002573417335636763,0.0017156115570913233,0.3500457270602581,0.3500457270602581
26,A squirrel,I am a slightly curious person,bg,0,1,2,2,0.3,0.7,bandit,4,0.125,0.5,11,2,0.7,0,0,4,1,0.3333333333333333,0.34615384615384615,-5.545009081338703e-16,-0.34615384615384615,-0.2307692307692308,0.2623642644674911,0.6842317651303003,-0.2844497338353375,0.0257813362644152,0.0,0.0,0.03249999999999997,0.021666666666666723,0.21000000000000002,0.21000000000000002
26,A squirrel,I am a slightly curious person,bg,0,1,2,2,0.3,0.7,bandit,4,0.125,0.5,12,2,0.7,0,1,4,1,0.3333333333333333,0.29,-5.545009081338703e-16,-0.29,-0.19333333333333338,0.21484474849951468,0.6780102022798757,-0.42625540231422954,0.017393591340592762,0.0,-1.1102230246251565e-16,0.01962809917355368,0.01308539944903575,0.2534435261707989,0.2534435261707989
26,A squirrel,I am a slightly curious person,bg,0,1,2,2,0.3,0.7,bandit,4,0.125,0.5,13,1,0.3,0,1,4,1,0.3333333333333333,0.1499542729397419,-5.545009081338703e-16,-0.1499542729397419,-0.09996951529316128,0.10532664433497851,0.6591458469017097,-0.9973043688130327,0.003579990216064477,0.0,0.0,0.0015672919412251796,0.0010448612941500457,0.3636517594314641,0.3636517594314641
26,A squirrel,I am a slightly curious person,bg,0,1,2,2,0.3,0.7,bandit,4,0.125,0.5,14,2,0.7,1,0,4,1,0.3333333333333333,0.2465564738292011,0.9999999999999994,0.7534435261707989,0.8356290174471992,1.8056293170922053,0.0,-0.145217675089551,0.0,0.0,0.0,0.059557063048683245,0.03970470869912224,0.08339984038308051,0.08339984038308051
26,A squirrel,I am a slightly curious person,bg,0,1,2,2,0.3,0.7,bandit,4,0.125,0.5,15,1,0.3,0,0,4,1,0.3333333333333333,0.13634824056853592,-5.545009081338703e-16,-0.13634824056853592,-0.09089882704569063,0.09529888961831895,0.6571554989271757,-1.0834069179798427,0.0028554673241962814,0.0,0.0,0.0009603660257642144,0.0006402440171762169,0.37500517463937466,0.37500517463937466
26,A squirrel,I am a slightly curious person,bg,0,1,2,2,0.3,0.7,bandit,4,0.125,0.5,16,2,0.7,1,0,4,1,0.3333333333333333,0.4166001596169195,0.6999999990129862,0.5833998403830805,0.722266560255387,1.2810934751215937,0.0,-0.15234512269821188,0.0,0.0,0.0,0.07246767241379304,0.04831178160919536,0.03735632183908055,0.03735632183908055
26,A squirrel,I am a slightly curious person,bg,0,1,2,2,0.3,0.7,bandit,4,0.125,0.5,17,2,0.7,1,0,4,1,0.3333333333333333,0.5373563218390806,0.5000000012511272,0.46264367816091945,0.6417624521072797,1.026558971028052,0.0,-0.2370012027813298,0.0,0.0,0.0,0.03591986036838957,0.023946573578926267,0.12507427213309563,0.12507427213309563
26,A squirrel,I am a slightly curious person,bg,0,1,2,2,0.3,0.7,bandit,4,0.125,0.5,18,2,0.7,1,0,4,1,0.3333333333333333,0.6250742721330956,0.35714285709345506,0.37492572786690437,0.5832838185779361,0.875349909001315,0.0,-0.34999996982775033,-2.220446049250313e-16,-1.1102230246251565e-16,0.0,0.01754099334600745,0.011693995564004966,0.1901140684410646,0.1901140684410646
26,A squirrel,I am a slightly curious person,bg,0,1,2,2,0.3,0.7,bandit,4,0.125,0.5,19,1,0.3,0,1,4,1,0.3333333333333333,0.12499482536062533,-5.545009081338703e-16,-0.12499482536062533,-0.08332988357375022,0.08700761362262062,0.6554810080662075,-1.1627994962954111,0.00232890639671135,0.0,1.1102230246251565e-16,3.775176205222941e-5,0.00039457381396301727,0.3846171215507359,0.5747311899918005
26,A squirrel,I am a slightly curious person,bg,0,1,2,2,0.3,0.7,bandit,4,0.125,0.5,20,1,0.3,0,1,4,1,0.3333333333333333,0.11538287844926412,-5.545009081338703e-16,-0.11538287844926412,-0.07692191896617609,0.08004145322101398,0.6540545518516857,-1.2364162224386743,0.0019352886423809057,0.0,0.0,1.9053749677255816e-5,0.0002444538150001563,0.392857725281163,0.5829717937222275
27,A squirrel,I am a slightly curious person,gb,3,3,4,4,0.7,0.3,tycoon,15,1.0,0.75,1,1,0.7,1,0,1,2,0.3333333333333333,0.5,NaN,0.5,0.33333333333333326,0.4054651081081643,0.6931471805599453,-0.042791644191678,0.05378194606599747,0.0,-1.1102230246251565e-16,0.08333333333333348,0.05555555555555547,0.08333333333333326,0.08333333333333326
27,A squirrel,I am a slightly curious person,gb,3,3,4,4,0.7,0.3,tycoon,15,1.0,0.75,2,1,0.7,1,0,1,2,0.3333333333333333,0.5833333333333333,1.505215796449022e-8,0.41666666666666674,0.2777777777777778,0.325422400434628,0.6901856760188042,-0.14872947946598028,0.0379367811238048,1.1102230246251565e-16,1.1102230246251565e-16,0.05288461538461542,0.03525641025641024,0.15384615384615385,0.15384615384615385
27,A squirrel,I am a slightly curious person,gb,3,3,4,4,0.7,0.3,tycoon,15,1.0,0.75,3,1,0.7,0,0,1,2,0.3333333333333333,0.6538461538461539,-0.999999984947842,-0.6538461538461539,-0.7692307692307693,1.4663370687934272,0.0,-0.06641254138672092,0.0,0.0,0.0,0.08750000000000002,0.05833333333333335,0.033333333333333326,0.033333333333333326
27,A squirrel,I am a slightly curious person,gb,3,3,4,4,0.7,0.3,tycoon,15,1.0,0.75,4,1,0.7,1,1,4,2,0.3333333333333333,0.4666666666666667,0.5000000015235914,0.5333333333333333,0.3555555555555555,0.43936665978384565,0.6925525323607233,-0.08739425626637266,0.043140311410130014,0.01724137931034475,0.011494252873563204,0.08620689655172409,0.05747126436781613,0.028735632183908066,0.028735632183908066
27,A squirrel,I am a slightly curious person,gb,3,3,4,4,0.7,0.3,tycoon,15,1.0,0.75,5,2,0.3,0,0,1,2,0.3333333333333333,0.5,NaN,-0.5,-0.6666666666666667,1.09861228866811,0.0,-0.19314718051535068,0.0,0.0,0.0,0.03488777323244996,0.02777777777777768,0.16666666666666674,0.1954022988505748
27,A squirrel,I am a slightly curious person,gb,3,3,4,4,0.7,0.3,tycoon,15,1.0,0.75,6,2,0.3,1,0,3,2,0.3333333333333333,0.33333333333333326,0.9999999999999997,0.6666666666666667,0.44444444444444453,0.5877866649021192,0.6730116670092565,-0.09878147980916858,0.06714394951790816,0.0,-1.1102230246251565e-16,0.05293315742803617,0.04166666666666663,0.10000000000000003,0.1287356321839081
27,A squirrel,I am a slightly curious person,gb,3,3,4,4,0.7,0.3,tycoon,15,1.0,0.75,7,2,0.3,1,1,3,2,0.3333333333333333,0.39999999999999997,0.7499999999999998,0.6000000000000001,0.3999999999999999,0.5108256237659905,0.6869615765973234,-0.06641254138672092,0.05538446170840036,0.009450830140485311,0.014814814814814947,0.07487984162505634,0.05833333333333335,0.033333333333333326,0.06206896551724139
27,A squirrel,I am a slightly curious person,gb,3,3,4,4,0.7,0.3,tycoon,15,1.0,0.75,8,2,0.3,1,0,3,2,0.3333333333333333,0.4666666666666667,0.5000000015235914,0.5333333333333333,0.3555555555555555,0.43936665978384565,0.6925525323607233,-0.08739425626637266,0.043140311410130014,0.03210463733650415,0.011494252873563204,0.09929157528035493,0.05747126436781602,0.028735632183908066,0.0
27,A squirrel,I am a slightly curious person,gb,3,3,4,4,0.7,0.3,tycoon,15,1.0,0.75,9,2,0.3,1,0,3,2,0.3333333333333333,0.5287356321839081,0.3749999994326757,0.47126436781609193,0.31417624521072796,0.3771346014819384,0.6927570046594116,-0.14521767508955086,0.03231445903788896,0.0,0.0,0.06987361089175004,0.039704708699122016,0.08339984038308068,0.054664208199172615
27,A squirrel,I am a slightly curious person,gb,3,3,4,4,0.7,0.3,tycoon,15,1.0,0.75,10,2,0.3,0,0,1,2,0.3333333333333333,0.5833998403830807,-0.6999999990174539,-0.5833998403830807,-0.7222665602553873,1.2810934751215948,0.0,-0.15234512269821177,0.0,0.0,0.0,0.06020882097893554,0.04831178160919558,0.037356321839080386,0.06609195402298845
27,A squirrel,I am a slightly curious person,gb,3,3,4,4,0.7,0.3,tycoon,15,1.0,0.75,11,2,0.3,1,1,2,2,0.3333333333333333,0.4626436781609196,0.500000001677886,0.5373563218390804,0.3582375478927202,0.44353705605757215,0.6923940398076736,-0.17975900900527386,0.034072908183395534,0.017201349573969127,0.012935323383084452,0.07797780990394765,0.05417357656163624,0.011608623548922115,0.017127008634985952
27,A squirrel,I am a slightly curious person,gb,3,3,4,4,0.7,0.3,tycoon,15,1.0,0.75,12,2,0.3,1,1,2,2,0.3333333333333333,0.5116086235489221,0.4285714261887835,0.4883913764510779,0.32559425096738526,0.3939233476679928,0.6930813365993375,-0.22800730239285233,0.026290814189475376,0.00846523459581694,1.1102230246251565e-16,0.07024407594185178,0.03924009562841524,0.05516393442622958,0.02642830224232151
27,A squirrel,I am a slightly curious person,gb,3,3,4,4,0.7,0.3,tycoon,15,1.0,0.75,13,2,0.3,1,1,1,2,0.3333333333333333,0.5551639344262296,0.3749999995025072,0.4448360655737704,0.2965573770491803,0.3517689651698778,0.6917799599357861,-0.2874591223088539,0.02017090234217428,0.0,1.1102230246251565e-16,0.051175541948965675,0.027988902071283794,0.0931336200504227,0.06439798786651463
27,A squirrel,I am a slightly curious person,gb,3,3,4,4,0.7,0.3,tycoon,15,1.0,0.75,14,2,0.3,0,0,1,2,0.3333333333333333,0.5931336200504227,-0.666666666579618,-0.5931336200504227,-0.7287557467002818,1.3047355603437163,0.0,-0.2683627562159892,0.0,0.0,0.0,0.06569950433426941,0.050118461818844606,0.005011846181884438,0.023723786002023628
27,A squirrel,I am a slightly curious person,gb,3,3,4,4,0.7,0.3,tycoon,15,1.0,0.75,15,1,0.7,0,0,1,2,0.3333333333333333,0.5287356321839081,-0.6250000005673243,-0.5287356321839081,-0.685823754789272,1.1578011600584404,0.0,-0.15713508424224704,0.0,0.0,0.0,0.05202742678722372,0.03585946573751453,0.09059233449477344,0.09560418067665788
27,A squirrel,I am a slightly curious person,gb,3,3,4,4,0.7,0.3,tycoon,15,1.0,0.75,16,1,0.7,1,0,4,2,0.3333333333333333,0.40940766550522656,0.6000000032547178,0.5905923344947734,0.39372822299651555,0.5004269165450919,0.6881771822372582,-0.15234512269821177,0.04329848222372057,0.010195816374055866,0.008301404853129024,0.07023399388991913,0.04831178160919536,0.037356321839080386,0.042368168020964825
27,A squirrel,I am a slightly curious person,gb,3,3,4,4,0.7,0.3,tycoon,15,1.0,0.75,17,1,0.7,1,0,4,2,0.3333333333333333,0.4626436781609196,0.500000001677886,0.5373563218390804,0.3582375478927202,0.44353705605757215,0.6923940398076736,-0.17975900900527386,0.034072908183395534,0.022006152942232404,0.012935323383084674,0.0835745964895821,0.05417357656163635,0.011608623548922115,0.006596777367037676
27,A squirrel,I am a slightly curious person,gb,3,3,4,4,0.7,0.3,tycoon,15,1.0,0.75,18,1,0.7,1,1,3,2,0.3333333333333333,0.5116086235489221,0.4285714261887835,0.4883913764510779,0.32559425096738526,0.3939233476679928,0.6930813365993375,-0.22800730239285233,0.026290814189475376,0.0,0.0,0.06074564988920361,0.03924009562841524,0.05516393442622958,0.05015208824434514
27,A squirrel,I am a slightly curious person,gb,3,3,4,4,0.7,0.3,tycoon,15,1.0,0.75,19,2,0.3,1,1,1,2,0.3333333333333333,0.5050118461818844,0.4499999999979809,0.49498815381811556,0.3299921025454102,0.400465779420938,0.6931347461577707,-0.3121279906710225,0.02148650636850824,0.010550222004420906,1.1102230246251565e-16,0.06648347000418142,0.037548299239069105,0.0407631628503875,0.014400771575842075
27,A squirrel,I am a slightly curious person,gb,3,3,4,4,0.7,0.3,tycoon,15,1.0,0.75,20,2,0.3,1,0,1,2,0.3333333333333333,0.5407631628503875,0.4090909125279222,0.4592368371496125,0.3061578914330749,0.36551085362905283,0.6923799727450064,-0.36174423121254345,0.017025047837387286,0.006918371100108067,-1.1102230246251565e-16,0.062403724665699656,0.027823541082982572,0.07245532887112682,0.017291394444897246
28,A squirrel,I am a slightly curious person,bg,1,3,4,3,0.3,0.7,bandit,8,0.5,0.875,1,2,0.7,1,0,1,1,0.3333333333333333,0.5,NaN,0.5,0.6666666666666666,1.0986122886681096,0.0,-0.19314718051535087,0.0,0.0,0.0,0.04166666666666663,0.02777777777777779,0.16666666666666663,0.16666666666666663
28,A squirrel,I am a slightly curious person,bg,1,3,4,3,0.3,0.7,bandit,8,0.5,0.875,2,2,0.7,1,0,1,1,0.3333333333333333,0.6666666666666666,1.505215796449022e-8,0.33333333333333337,0.5555555555555555,0.8109302162163285,0.0,-0.4319456220025852,0.0,0.0,0.0,0.01562500000000011,0.01041666666666663,0.2499999999999999,0.2499999999999999
28,A squirrel,I am a slightly curious person,bg,1,3,4,3,0.3,0.7,bandit,8,0.5,0.875,3,1,0.3,0,0,4,1,0.3333333333333333,0.5,NaN,-0.5,-0.33333333333333337,0.40546510810816444,0.6931471805599453,-0.04279164419167801,0.05378194606599736,0.0,0.0,0.01822916666666652,0.05555555555555547,0.08333333333333337,0.33333333333333326
28,A squirrel,I am a slightly curious person,bg,1,3,4,3,0.3,0.7,bandit,8,0.5,0.875,4,2,0.7,1,0,1,1,0.3333333333333333,0.7499999999999999,1.505215796449022e-8,0.2500000000000001,0.5,0.6931471805599453,0.0,-0.6362943611237484,0.0,0.0,0.0,0.006249999999999978,0.004166666666666763,0.29999999999999993,0.29999999999999993
28,A squirrel,I am a slightly curious person,bg,1,3,4,3,0.3,0.7,bandit,8,0.5,0.875,5,2,0.7,0,1,4,1,0.3333333333333333,0.7999999999999999,-0.999999984947842,-0.7999999999999999,-0.5333333333333333,0.7621400520468967,0.5982695885852574,-0.4905612865201842,0.06747724005220695,0.0,0.0,0.010416666666666852,0.00694444444444442,0.26190476190476186,0.26190476190476186
28,A squirrel,I am a slightly curious person,bg,1,3,4,3,0.3,0.7,bandit,8,0.5,0.875,6,2,0.7,1,0,1,1,0.3333333333333333,0.7619047619047619,1.505215796449022e-8,0.23809523809523814,0.4920634920634921,0.6773988235918061,0.0,-0.6637676568013677,-3.3306690738754696e-16,-1.1102230246251565e-16,-1.1102230246251565e-16,0.0044642857142858094,0.0029761904761905766,0.3035714285714286,0.3035714285714286
28,A squirrel,I am a slightly curious person,bg,1,3,4,3,0.3,0.7,bandit,8,0.5,0.875,7,2,0.7,0,0,4,1,0.3333333333333333,0.8035714285714286,-0.999999984947842,-0.8035714285714286,-0.5357142857142858,0.7672551527136674,0.594880254188934,-0.53368064707241,0.06324782809164242,0.0,0.0,0.007361778846153855,0.004907852564102422,0.26923076923076916,0.26923076923076916
28,A squirrel,I am a slightly curious person,bg,1,3,4,3,0.3,0.7,bandit,8,0.5,0.875,8,1,0.3,1,0,1,1,0.3333333333333333,0.41666666666666663,0.9999999999999994,0.5833333333333334,0.7222222222222222,1.2809338454620642,0.0,-0.09878147980916833,0.0,0.0,0.0,0.0338433525895655,0.04166666666666663,0.09999999999999987,0.1692307692307693
28,A squirrel,I am a slightly curious person,bg,1,3,4,3,0.3,0.7,bandit,8,0.5,0.875,9,2,0.7,0,0,1,1,0.3333333333333333,0.7692307692307692,-0.999999984947842,-0.7692307692307692,-0.5128205128205129,0.7191226669632061,0.6236548495681085,-0.4271890325390061,0.059861143712770515,-1.1102230246251565e-16,0.0,0.02887760664967476,0.007751583820662766,0.23099415204678364,0.13099415204678377
28,A squirrel,I am a slightly curious person,bg,1,3,4,3,0.3,0.7,bandit,8,0.5,0.875,10,2,0.7,0,1,4,1,0.3333333333333333,0.7309941520467836,-0.8571428572769177,-0.7309941520467836,-0.48732943469785583,0.6681218129930051,0.6473288715296028,-0.34999996982775033,0.054499349933972596,-1.1102230246251565e-16,-1.1102230246251565e-16,0.041234251408316935,0.011693995564004966,0.1901140684410646,0.09011406844106473
28,A squirrel,I am a slightly curious person,bg,1,3,4,3,0.3,0.7,bandit,8,0.5,0.875,11,1,0.3,0,0,3,1,0.3333333333333333,0.5999999999999999,-0.7500000000000001,-0.5999999999999999,-0.39999999999999997,0.5108256237659905,0.6869615765973234,-0.06641254138672094,0.05538446170840032,0.0,0.014814814814814836,0.04154812046560641,0.05833333333333324,0.033333333333333326,0.15678073510773127
28,A squirrel,I am a slightly curious person,bg,1,3,4,3,0.3,0.7,bandit,8,0.5,0.875,12,2,0.7,0,1,3,1,0.3333333333333333,0.6901140684410646,-0.7500000000353702,-0.6901140684410646,-0.4600760456273765,0.6163269745765039,0.6653365453438909,-0.3039203486812426,0.04777956620255053,0.0,0.0,0.03379939311085234,0.016838721724285022,0.14820742637644047,0.11487409304310714
28,A squirrel,I am a slightly curious person,bg,1,3,4,3,0.3,0.7,bandit,8,0.5,0.875,13,1,0.3,1,0,4,1,0.3333333333333333,0.5333333333333333,0.5000000009897914,0.4666666666666667,0.6444444444444444,1.0340737675305383,0.0,-0.20400590700589533,0.0,0.0,0.0,0.08967186978392838,0.02517361111111116,0.14583333333333326,0.002374093043107206
28,A squirrel,I am a slightly curious person,bg,1,3,4,3,0.3,0.7,bandit,8,0.5,0.875,14,1,0.3,0,1,1,1,0.3333333333333333,0.6458333333333333,-0.7499999978409456,-0.6458333333333333,-0.43055555555555564,0.5630940523117476,0.6785008770139085,-0.1571350842422471,0.053167047747771534,0.0,-1.1102230246251565e-16,0.06538562699938522,0.03585946573751442,0.09059233449477355,0.05761509188166691
28,A squirrel,I am a slightly curious person,bg,1,3,4,3,0.3,0.7,bandit,8,0.5,0.875,15,2,0.7,1,0,2,1,0.3333333333333333,0.6482074263764405,0.33333333315397573,0.35179257362355953,0.5678617157490397,0.8390096395271014,0.0,-0.40314200060979377,0.0,-1.1102230246251565e-16,0.0,0.030740378366929555,0.00851015946502054,0.20246913580246917,0.11187680130769562
28,A squirrel,I am a slightly curious person,bg,1,3,4,3,0.3,0.7,bandit,8,0.5,0.875,16,2,0.7,0,1,3,1,0.3333333333333333,0.7024691358024692,-0.7500000002530951,-0.7024691358024692,-0.4683127572016461,0.631699851992047,0.6605668054089235,-0.360692175399716,0.045299229434115906,2.220446049250313e-16,0.0,0.04217498004268028,0.012268701129236947,0.16480114312931637,0.07420880863454282
28,A squirrel,I am a slightly curious person,bg,1,3,4,3,0.3,0.7,bandit,8,0.5,0.875,17,1,0.3,0,0,4,1,0.3333333333333333,0.5905923344947736,-0.5999999972964525,-0.5905923344947736,-0.3937282229965158,0.5004269165450922,0.6881771822372582,-0.15234512269821188,0.04329848222372032,0.0,0.008301404853128802,0.0404422536823672,0.04831178160919536,0.03735632183908055,0.12744482129023582
28,A squirrel,I am a slightly curious person,bg,1,3,4,3,0.3,0.7,bandit,8,0.5,0.875,18,1,0.3,0,1,4,1,0.3333333333333333,0.5373563218390806,-0.49999999874887274,-0.5373563218390806,-0.35823754789272033,0.4435370560575723,0.6923940398076736,-0.17975900900527403,0.03407290818339537,0.0,0.012935323383084563,0.02679615618821074,0.05417357656163635,0.011608623548922004,0.17640976667823838
28,A squirrel,I am a slightly curious person,bg,1,3,4,3,0.3,0.7,bandit,8,0.5,0.875,19,1,0.3,0,1,2,1,0.3333333333333333,0.488391376451078,-0.42857142831688716,-0.488391376451078,-0.32559425096738537,0.393923347667993,0.6930813365993375,-0.22800730239285252,0.026290814189475292,0.0,0.0,0.01717682103136331,0.03924009562841535,0.055163934426229466,0.21996507755554584
28,A squirrel,I am a slightly curious person,bg,1,3,4,3,0.3,0.7,bandit,8,0.5,0.875,20,2,0.7,1,0,2,1,0.3333333333333333,0.6648011431293164,0.3181818184993459,0.3351988568706836,0.5567992379137889,0.8137324240419425,0.0,-0.4482857932133263,-2.220446049250313e-16,0.0,0.0,0.009545754130843576,0.006363836087229013,0.2115797958087049,0.2115797958087049
29,A squirrel,I am a slightly curious person,gb,1,1,3,2,0.3,0.7,tycoon,12,0.25,0.625,1,1,0.3,0,0,1,2,0.3333333333333333,0.5,NaN,-0.5,-0.6666666666666667,1.09861228866811,0.0,-0.19314718051535068,0.0,0.0,0.0,0.04166666666666652,0.02777777777777768,0.16666666666666674,0.16666666666666674
29,A squirrel,I am a slightly curious person,gb,1,1,3,2,0.3,0.7,tycoon,12,0.25,0.625,2,1,0.3,0,0,1,2,0.3333333333333333,0.33333333333333326,-3.324562949461316e-16,-0.33333333333333326,-0.5555555555555555,0.8109302162163285,0.0,-0.43194562200258524,0.0,0.0,0.0,0.015625,0.01041666666666663,0.25,0.25
29,A squirrel,I am a slightly curious person,gb,1,1,3,2,0.3,0.7,tycoon,12,0.25,0.625,3,1,0.3,0,0,1,2,0.3333333333333333,0.25,-3.324562949461316e-16,-0.25,-0.49999999999999994,0.6931471805599453,0.0,-0.6362943611237484,0.0,0.0,0.0,0.006249999999999978,0.004166666666666652,0.3,0.3
29,A squirrel,I am a slightly curious person,gb,1,1,3,2,0.3,0.7,tycoon,12,0.25,0.625,4,2,0.7,1,1,4,2,0.3333333333333333,0.5,NaN,0.5,0.33333333333333326,0.4054651081081643,0.6931471805599453,-0.042791644191678,0.05378194606599747,0.0,0.0,0.08333333333333348,0.05555555555555558,0.08333333333333326,0.08333333333333326
29,A squirrel,I am a slightly curious person,gb,1,1,3,2,0.3,0.7,tycoon,12,0.25,0.625,5,2,0.7,1,1,4,2,0.3333333333333333,0.5833333333333333,1.505215796449022e-8,0.41666666666666674,0.2777777777777778,0.325422400434628,0.6901856760188042,-0.14872947946598028,0.0379367811238048,1.1102230246251565e-16,-1.1102230246251565e-16,0.05288461538461542,0.03525641025641024,0.15384615384615385,0.15384615384615385
29,A squirrel,I am a slightly curious person,gb,1,1,3,2,0.3,0.7,tycoon,12,0.25,0.625,6,2,0.7,1,0,2,2,0.3333333333333333,0.6538461538461539,1.505215796449022e-8,0.34615384615384615,0.23076923076923073,0.262364264467491,0.6842317651303003,-0.2844497338353375,0.025781336264415255,0.0,0.0,0.032500000000000084,0.021666666666666723,0.20999999999999996,0.20999999999999996
29,A squirrel,I am a slightly curious person,gb,1,1,3,2,0.3,0.7,tycoon,12,0.25,0.625,7,2,0.7,1,0,2,2,0.3333333333333333,0.71,1.505215796449022e-8,0.29000000000000004,0.19333333333333325,0.21484474849951454,0.6780102022798757,-0.42625540231422954,0.017393591340592707,1.1102230246251565e-16,-1.1102230246251565e-16,0.01962809917355368,0.013085399449035862,0.2534435261707988,0.2534435261707988
29,A squirrel,I am a slightly curious person,gb,1,1,3,2,0.3,0.7,tycoon,12,0.25,0.625,8,1,0.3,1,1,4,2,0.3333333333333333,0.2,0.9999999999999997,0.8,0.5333333333333333,0.7621400520468967,0.5982695885852574,-0.49056128652018416,0.06747724005220701,0.0,0.0,0.00034769894458475115,0.00694444444444442,0.26190476190476186,0.5153482880755607
29,A squirrel,I am a slightly curious person,gb,1,1,3,2,0.3,0.7,tycoon,12,0.25,0.625,9,1,0.3,0,0,1,2,0.3333333333333333,0.2380952380952381,-2.6771513970377654e-16,-0.2380952380952381,-0.4920634920634921,0.6773988235918061,0.0,-0.6637676568013678,-2.220446049250313e-16,0.0,0.0,7.435059816862655e-5,0.0029761904761906877,0.3035714285714285,0.5570149547422273
29,A squirrel,I am a slightly curious person,gb,1,1,3,2,0.3,0.7,tycoon,12,0.25,0.625,10,2,0.7,1,0,1,2,0.3333333333333333,0.7534435261707988,1.505215796449022e-8,0.2465564738292012,0.1643709825528007,0.1795705234220647,0.6725635843867589,-0.5618791256690523,0.011912734212403908,-2.220446049250313e-16,-1.1102230246251565e-16,0.011773940345368827,0.007849293563579218,0.2868916797488228,0.2868916797488228
29,A squirrel,I am a slightly curious person,gb,1,1,3,2,0.3,0.7,tycoon,12,0.25,0.625,11,1,0.3,1,1,4,2,0.3333333333333333,0.19642857142857148,0.9999999999999997,0.8035714285714285,0.5357142857142857,0.7672551527136672,0.594880254188934,-0.5336806470724107,0.06324782809164198,0.0,0.0,6.112224563870061e-5,0.004907852564102644,0.26923076923076916,0.556122448979592
29,A squirrel,I am a slightly curious person,gb,1,1,3,2,0.3,0.7,tycoon,12,0.25,0.625,12,2,0.7,1,1,1,2,0.3333333333333333,0.7868916797488228,1.505215796449022e-8,0.2131083202511772,0.1420722135007848,0.15323534795556995,0.668087395200138,-0.6867749400135641,0.008393123717155504,1.1102230246251565e-16,0.0,0.007061985361390799,0.004707990240927162,0.3129002744739249,0.3129002744739249
29,A squirrel,I am a slightly curious person,gb,1,1,3,2,0.3,0.7,tycoon,12,0.25,0.625,13,2,0.7,1,0,1,2,0.3333333333333333,0.8129002744739249,1.505215796449022e-8,0.18709972552607512,0.12473315035071664,0.1332264680909814,0.6644720212248263,-0.8003011606766882,0.006115744334489359,1.1102230246251565e-16,1.1102230246251565e-16,0.00425135501355034,0.0028342366757002635,0.33346883468834676,0.33346883468834676
29,A squirrel,I am a slightly curious person,gb,1,1,3,2,0.3,0.7,tycoon,12,0.25,0.625,14,2,0.7,0,0,1,2,0.3333333333333333,0.8334688346883468,-0.999999984947842,-0.8334688346883468,-0.8889792231255647,2.198037916136648,0.0,-0.39571066482832595,0.0,0.0,0.0,0.017687144019527867,0.011791429346351912,0.20073230268510978,0.20073230268510978
29,A squirrel,I am a slightly curious person,gb,1,1,3,2,0.3,0.7,tycoon,12,0.25,0.625,15,1,0.3,1,1,3,2,0.3333333333333333,0.2307692307692308,0.9999999963144605,0.7692307692307692,0.5128205128205128,0.7191226669632059,0.6236548495681085,-0.4271890325390063,0.059861143712770626,0.0,0.0,0.0007540732382046444,0.007751583820662766,0.23099415204678364,0.4317264547318934
29,A squirrel,I am a slightly curious person,gb,1,1,3,2,0.3,0.7,tycoon,12,0.25,0.625,16,1,0.3,0,0,1,2,0.3333333333333333,0.26900584795321636,-0.14285714484854597,-0.26900584795321636,-0.5126705653021442,0.7188149273085229,0.0,-0.5675720130244426,0.0,0.0,0.0,0.00021491278836449634,0.0036041666666666305,0.274,0.4747323026851098
29,A squirrel,I am a slightly curious person,gb,1,1,3,2,0.3,0.7,tycoon,12,0.25,0.625,17,1,0.3,1,0,2,2,0.3333333333333333,0.226,0.9374999972995257,0.774,0.516,0.7256703722655053,0.6201327158624925,-0.47241718232341934,0.05632219399913474,0.0,-1.1102230246251565e-16,0.00037891815380308724,0.005656383045329116,0.23929376408715253,0.4400260667722623
29,A squirrel,I am a slightly curious person,gb,1,1,3,2,0.3,0.7,tycoon,12,0.25,0.625,18,1,0.3,1,1,4,2,0.3333333333333333,0.2607062359128475,0.8333333356291609,0.7392937640871525,0.49286250939143494,0.6789731275225817,0.6428206018242861,-0.403142000609794,0.0513455323712978,0.0,1.1102230246251565e-16,0.000638363551614618,0.00851015946502054,0.2024691358024691,0.4032014384875789
29,A squirrel,I am a slightly curious person,gb,1,1,3,2,0.3,0.7,tycoon,12,0.25,0.625,19,2,0.7,0,0,1,2,0.3333333333333333,0.7007323026851098,-0.8125000043900489,-0.7007323026851098,-0.8004882017900732,1.6118819055039784,0.0,-0.2874591223088539,0.0,0.0,0.0,0.04198335310692558,0.027988902071283683,0.0931336200504227,0.0931336200504227
29,A squirrel,I am a slightly curious person,gb,1,1,3,2,0.3,0.7,tycoon,12,0.25,0.625,20,2,0.7,0,0,1,2,0.3333333333333333,0.5931336200504227,-0.666666666579618,-0.5931336200504227,-0.7287557467002818,1.3047355603437163,0.0,-0.2683627562159892,0.0,0.0,0.0,0.0751776927282668,0.050118461818844606,0.005011846181884438,0.005011846181884438
30,A squirrel,I am a slightly curious person,gb,3,3,1,1,0.7,0.3,tycoon,11,0.25,0.75,1,2,0.3,0,0,1,2,0.3333333333333333,0.5,NaN,-0.5,-0.6666666666666667,1.09861228866811,0.0,-0.19314718051535068,0.0,0.0,0.0,0.04166666666666652,0.02777777777777768,0.16666666666666674,0.16666666666666674
30,A squirrel,I am a slightly curious person,gb,3,3,1,1,0.7,0.3,tycoon,11,0.25,0.75,2,2,0.3,1,1,2,2,0.3333333333333333,0.33333333333333326,0.9999999999999997,0.6666666666666667,0.44444444444444453,0.5877866649021192,0.6730116670092565,-0.09878147980916858,0.06714394951790816,0.0,0.0,0.0625,0.04166666666666663,0.10000000000000003,0.10000000000000003
30,A squirrel,I am a slightly curious person,gb,3,3,1,1,0.7,0.3,tycoon,11,0.25,0.75,3,2,0.3,0,0,1,2,0.3333333333333333,0.39999999999999997,-0.25000000000000017,-0.39999999999999997,-0.6000000000000001,0.9162907318741553,0.0,-0.29705541768766525,0.0,0.0,0.0,0.025000000000000022,0.016666666666666607,0.2,0.2
30,A squirrel,I am a slightly curious person,gb,3,3,1,1,0.7,0.3,tycoon,11,0.25,0.75,4,2,0.3,0,0,1,2,0.3333333333333333,0.3,-6.280455418940885e-9,-0.3,-0.5333333333333333,0.7621400520468967,0.0,-0.49056128652018416,0.0,0.0,0.0,0.01041666666666674,0.00694444444444442,0.26190476190476186,0.26190476190476186
30,A squirrel,I am a slightly curious person,gb,3,3,1,1,0.7,0.3,tycoon,11,0.25,0.75,5,2,0.3,0,0,1,2,0.3333333333333333,0.2380952380952381,-2.6771513970377654e-16,-0.2380952380952381,-0.4920634920634921,0.6773988235918061,0.0,-0.6637676568013678,-2.220446049250313e-16,0.0,0.0,0.0044642857142858094,0.0029761904761906877,0.3035714285714285,0.3035714285714285
30,A squirrel,I am a slightly curious person,gb,3,3,1,1,0.7,0.3,tycoon,11,0.25,0.75,6,2,0.3,0,0,1,2,0.3333333333333333,0.19642857142857148,-3.324562949461316e-16,-0.19642857142857148,-0.4642857142857143,0.6241543090729939,0.0,-0.8170957173412368,3.3306690738754696e-16,0.0,0.0,0.001953125000000111,0.0013020833333334814,0.3333333333333333,0.3333333333333333
30,A squirrel,I am a slightly curious person,gb,3,3,1,1,0.7,0.3,tycoon,11,0.25,0.75,7,2,0.3,0,0,1,2,0.3333333333333333,0.16666666666666669,-3.324562949461316e-16,-0.16666666666666669,-0.4444444444444445,0.587786664902119,0.0,-0.9533878680156775,0.0,0.0,0.0,0.0008680555555555802,0.0005787037037037202,0.3555555555555555,0.3555555555555555
30,A squirrel,I am a slightly curious person,gb,3,3,1,1,0.7,0.3,tycoon,11,0.25,0.75,8,2,0.3,1,1,2,2,0.3333333333333333,0.14444444444444446,0.9999999999999997,0.8555555555555555,0.5703703703703704,0.8448317678920101,0.5320955331901374,-0.8223654972271378,0.058748061929979056,0.0,1.1102230246251565e-16,0.0015018857758621884,0.0010012571839081996,0.33275862068965517,0.33275862068965517
30,A squirrel,I am a slightly curious person,gb,3,3,1,1,0.7,0.3,tycoon,11,0.25,0.75,9,2,0.3,1,0,2,2,0.3333333333333333,0.16724137931034483,0.9999999999999994,0.8327586206896551,0.5551724137931036,0.8100685186188478,0.5630437302928858,-0.7011921412561953,0.05846284831492121,0.0,-1.1102230246251565e-16,0.002518829281183965,0.0016792195207891991,0.306553911205074,0.306553911205074
30,A squirrel,I am a slightly curious person,gb,3,3,1,1,0.7,0.3,tycoon,11,0.25,0.75,10,2,0.3,1,0,2,2,0.3333333333333333,0.19344608879492597,0.9999999941065011,0.806553911205074,0.5377026074700494,0.7715468882159537,0.5919716353973447,-0.5955631174764753,0.05662692088620891,0.0,1.1102230246251565e-16,0.004079927273882178,0.002719951515921526,0.2771849593495935,0.2771849593495935
30,A squirrel,I am a slightly curious person,gb,3,3,1,1,0.7,0.3,tycoon,11,0.25,0.75,11,1,0.7,1,1,2,2,0.3333333333333333,0.5,NaN,0.5,0.33333333333333326,0.4054651081081643,0.6931471805599453,-0.042791644191678,0.05378194606599747,0.0,0.0,0.08333333333333348,0.05555555555555558,0.08333333333333326,0.08333333333333326
30,A squirrel,I am a slightly curious person,gb,3,3,1,1,0.7,0.3,tycoon,11,0.25,0.75,12,1,0.7,0,0,1,2,0.3333333333333333,0.5833333333333333,-0.999999984947842,-0.5833333333333333,-0.7222222222222222,1.2809338454620642,0.0,-0.09878147980916858,0.0,0.0,0.0,0.0625,0.04166666666666663,0.10000000000000003,0.10000000000000003
30,A squirrel,I am a slightly curious person,gb,3,3,1,1,0.7,0.3,tycoon,11,0.25,0.75,13,1,0.7,1,1,2,2,0.3333333333333333,0.39999999999999997,0.7499999999999998,0.6000000000000001,0.3999999999999999,0.5108256237659905,0.6869615765973234,-0.06641254138672092,0.05538446170840036,0.022222222222222254,0.014814814814814947,0.08750000000000002,0.05833333333333335,0.033333333333333326,0.033333333333333326
30,A squirrel,I am a slightly curious person,gb,3,3,1,1,0.7,0.3,tycoon,11,0.25,0.75,14,1,0.7,1,1,2,2,0.3333333333333333,0.4666666666666667,0.5000000015235914,0.5333333333333333,0.3555555555555555,0.43936665978384565,0.6925525323607233,-0.08739425626637266,0.043140311410130014,0.01724137931034475,0.011494252873563204,0.08620689655172409,0.05747126436781602,0.028735632183908066,0.028735632183908066
30,A squirrel,I am a slightly curious person,gb,3,3,1,1,0.7,0.3,tycoon,11,0.25,0.75,15,1,0.7,0,0,1,2,0.3333333333333333,0.5287356321839081,-0.6250000005673243,-0.5287356321839081,-0.685823754789272,1.1578011600584404,0.0,-0.15713508424224704,0.0,0.0,0.0,0.05378919860627174,0.03585946573751453,0.09059233449477344,0.09059233449477344
30,A squirrel,I am a slightly curious person,gb,3,3,1,1,0.7,0.3,tycoon,11,0.25,0.75,16,1,0.7,1,1,2,2,0.3333333333333333,0.40940766550522656,0.6000000032547178,0.5905923344947734,0.39372822299651555,0.5004269165450919,0.6881771822372582,-0.15234512269821177,0.04329848222372057,0.01245210727969348,0.008301404853129024,0.07246767241379315,0.04831178160919547,0.037356321839080386,0.037356321839080386
30,A squirrel,I am a slightly curious person,gb,3,3,1,1,0.7,0.3,tycoon,11,0.25,0.75,17,1,0.7,1,1,2,2,0.3333333333333333,0.4626436781609196,0.500000001677886,0.5373563218390804,0.3582375478927202,0.44353705605757215,0.6923940398076736,-0.17975900900527386,0.034072908183395534,0.019402985074626677,0.012935323383084452,0.08126036484245436,0.05417357656163635,0.011608623548922115,0.011608623548922115
30,A squirrel,I am a slightly curious person,gb,3,3,1,1,0.7,0.3,tycoon,11,0.25,0.75,18,1,0.7,1,0,2,2,0.3333333333333333,0.5116086235489221,0.4285714261887835,0.4883913764510779,0.32559425096738526,0.3939233476679928,0.6930813365993375,-0.22800730239285233,0.026290814189475376,0.0,0.0,0.0588601434426228,0.03924009562841524,0.05516393442622958,0.05516393442622958
30,A squirrel,I am a slightly curious person,gb,3,3,1,1,0.7,0.3,tycoon,11,0.25,0.75,19,1,0.7,0,0,1,2,0.3333333333333333,0.5551639344262296,-0.6250000004974928,-0.5551639344262296,-0.7034426229508197,1.2155145647661076,0.0,-0.23609603900380224,0.0,0.0,0.0,0.06399112392582529,0.04266074928388364,0.034901251319161664,0.034901251319161664
30,A squirrel,I am a slightly curious person,gb,3,3,1,1,0.7,0.3,tycoon,11,0.25,0.75,20,1,0.7,1,0,2,2,0.3333333333333333,0.46509874868083834,0.5000000018629867,0.5349012513191617,0.35660083421277444,0.4409899607474866,0.692493142237828,-0.2683627562159892,0.027180458416647513,0.018081699601655954,0.01205446640110397,0.0751776927282668,0.050118461818844495,0.005011846181884438,0.005011846181884438
31,A squirrel,I am a slightly curious person,gb,2,2,3,3,0.3,0.7,tycoon,13,0.5,0.75,1,2,0.7,0,0,3,2,0.3333333333333333,0.5,NaN,-0.5,-0.6666666666666667,1.09861228866811,0.0,-0.19314718051535068,0.0,0.0,0.0,0.04166666666666652,0.02777777777777768,0.16666666666666674,0.16666666666666674
31,A squirrel,I am a slightly curious person,gb,2,2,3,3,0.3,0.7,tycoon,13,0.5,0.75,2,2,0.7,1,1,1,2,0.3333333333333333,0.33333333333333326,0.9999999999999997,0.6666666666666667,0.44444444444444453,0.5877866649021192,0.6730116670092565,-0.09878147980916858,0.06714394951790816,0.0,0.0,0.0625,0.04166666666666663,0.10000000000000003,0.10000000000000003
31,A squirrel,I am a slightly curious person,gb,2,2,3,3,0.3,0.7,tycoon,13,0.5,0.75,3,1,0.3,1,0,3,2,0.3333333333333333,0.5,NaN,0.5,0.33333333333333326,0.4054651081081643,0.6931471805599453,-0.042791644191678,0.05378194606599747,0.0,0.0,0.08333333333333348,0.05555555555555547,0.08333333333333326,0.08333333333333326
31,A squirrel,I am a slightly curious person,gb,2,2,3,3,0.3,0.7,tycoon,13,0.5,0.75,4,1,0.3,1,0,2,2,0.3333333333333333,0.5833333333333333,1.505215796449022e-8,0.41666666666666674,0.2777777777777778,0.325422400434628,0.6901856760188042,-0.14872947946598028,0.0379367811238048,1.1102230246251565e-16,1.1102230246251565e-16,0.05288461538461542,0.03525641025641024,0.15384615384615385,0.15384615384615385
31,A squirrel,I am a slightly curious person,gb,2,2,3,3,0.3,0.7,tycoon,13,0.5,0.75,5,1,0.3,0,0,1,2,0.3333333333333333,0.6538461538461539,-0.999999984947842,-0.6538461538461539,-0.7692307692307693,1.4663370687934272,0.0,-0.06641254138672092,0.0,0.0,0.0,0.08750000000000002,0.05833333333333346,0.033333333333333326,0.033333333333333326
31,A squirrel,I am a slightly curious person,gb,2,2,3,3,0.3,0.7,tycoon,13,0.5,0.75,6,2,0.7,1,1,1,2,0.3333333333333333,0.39999999999999997,0.7499999999999998,0.6000000000000001,0.3999999999999999,0.5108256237659905,0.6869615765973234,-0.06641254138672092,0.05538446170840036,0.022222222222222254,0.014814814814814836,0.08750000000000002,0.05833333333333335,0.033333333333333326,0.033333333333333326
31,A squirrel,I am a slightly curious person,gb,2,2,3,3,0.3,0.7,tycoon,13,0.5,0.75,7,2,0.7,1,0,1,2,0.3333333333333333,0.4666666666666667,0.5000000015235914,0.5333333333333333,0.3555555555555555,0.43936665978384565,0.6925525323607233,-0.08739425626637266,0.043140311410130014,0.01724137931034475,0.011494252873563204,0.08620689655172409,0.05747126436781613,0.028735632183908066,0.028735632183908066
31,A squirrel,I am a slightly curious person,gb,2,2,3,3,0.3,0.7,tycoon,13,0.5,0.75,8,2,0.7,0,0,1,2,0.3333333333333333,0.5287356321839081,-0.6250000005673243,-0.5287356321839081,-0.685823754789272,1.1578011600584404,0.0,-0.15713508424224704,0.0,0.0,0.0,0.05378919860627174,0.03585946573751453,0.09059233449477344,0.09059233449477344
31,A squirrel,I am a slightly curious person,gb,2,2,3,3,0.3,0.7,tycoon,13,0.5,0.75,9,2,0.7,1,1,1,2,0.3333333333333333,0.40940766550522656,0.6000000032547178,0.5905923344947734,0.39372822299651555,0.5004269165450919,0.6881771822372582,-0.15234512269821177,0.04329848222372057,0.01245210727969348,0.008301404853129024,0.07246767241379315,0.04831178160919547,0.037356321839080386,0.037356321839080386
31,A squirrel,I am a slightly curious person,gb,2,2,3,3,0.3,0.7,tycoon,13,0.5,0.75,10,2,0.7,0,0,1,2,0.3333333333333333,0.4626436781609196,-0.499999998322114,-0.4626436781609196,-0.6417624521072798,1.0265589710280523,0.0,-0.23700120278132994,0.0,0.0,0.0,0.03591986036838979,0.02394657357892649,0.12507427213309563,0.12507427213309563
31,A squirrel,I am a slightly curious person,gb,2,2,3,3,0.3,0.7,tycoon,13,0.5,0.75,11,2,0.7,0,0,1,2,0.3333333333333333,0.37492572786690437,-0.35714285711591753,-0.37492572786690437,-0.5832838185779363,0.8753499090013155,0.0,-0.3499999698277506,-3.3306690738754696e-16,0.0,0.0,0.01754099334600767,0.011693995564005077,0.1901140684410646,0.1901140684410646
31,A squirrel,I am a slightly curious person,gb,2,2,3,3,0.3,0.7,tycoon,13,0.5,0.75,12,1,0.3,1,0,1,2,0.3333333333333333,0.4666666666666667,0.5000000015235914,0.5333333333333333,0.3555555555555555,0.43936665978384565,0.6925525323607233,-0.08739425626637266,0.043140311410130014,0.01724137931034475,0.011494252873563315,0.08620689655172409,0.05747126436781602,0.028735632183908066,0.028735632183908066
31,A squirrel,I am a slightly curious person,gb,2,2,3,3,0.3,0.7,tycoon,13,0.5,0.75,13,2,0.7,1,1,1,2,0.3333333333333333,0.3098859315589354,0.7500000000338465,0.6901140684410646,0.46007604562737636,0.6163269745765037,0.6653365453438909,-0.30392034868124257,0.04777956620255086,0.0,0.0,0.019218567933555142,0.016838721724285133,0.1482074263764404,0.17694305856034848
31,A squirrel,I am a slightly curious person,gb,2,2,3,3,0.3,0.7,tycoon,13,0.5,0.75,14,2,0.7,1,0,1,2,0.3333333333333333,0.3517925736235596,0.6666666618273922,0.6482074263764404,0.43213828425096024,0.5658773480900516,0.6779327786914043,-0.2865909243832322,0.04052767214023745,0.0,0.0,0.02682914900590272,0.02317669187648752,0.10691469372416385,0.1356503259080719
31,A squirrel,I am a slightly curious person,gb,2,2,3,3,0.3,0.7,tycoon,13,0.5,0.75,15,1,0.3,1,1,1,2,0.3333333333333333,0.5287356321839081,0.3749999994326757,0.47126436781609193,0.31417624521072796,0.3771346014819384,0.6927570046594116,-0.14521767508955086,0.03231445903788896,0.0,0.0,0.05955706304868302,0.039704708699122127,0.08339984038308068,0.08339984038308068
31,A squirrel,I am a slightly curious person,gb,2,2,3,3,0.3,0.7,tycoon,13,0.5,0.75,16,1,0.3,1,1,1,2,0.3333333333333333,0.5833998403830807,0.3000000009825461,0.4166001596169193,0.27773343974461273,0.3253610111961419,0.6901813069103601,-0.22325417073184653,0.02375398970768486,-1.1102230246251565e-16,0.0,0.04022790055248604,0.026818600368323953,0.12983425414364647,0.12983425414364647
31,A squirrel,I am a slightly curious person,gb,2,2,3,3,0.3,0.7,tycoon,13,0.5,0.75,17,2,0.7,1,0,1,2,0.3333333333333333,0.39308530627583615,0.6000000058790866,0.6069146937241638,0.40460979581610923,0.5185382830317894,0.6859642611799129,-0.29265509243877486,0.033515135338954116,0.0,0.0,0.012324964576011399,0.030589443846531394,0.06757675314376349,0.19741100728740996
31,A squirrel,I am a slightly curious person,gb,2,2,3,3,0.3,0.7,tycoon,13,0.5,0.75,18,2,0.7,1,1,1,2,0.3333333333333333,0.4324232468562365,0.5454545453698749,0.5675767531437634,0.3783845020958424,0.47543354796125764,0.6905186121358511,-0.31561447009394955,0.027270790168917647,0.0,0.0034511587272658684,0.01661164363624057,0.0388804544507797,0.031060428545392926,0.1608946826890394
31,A squirrel,I am a slightly curious person,gb,2,2,3,3,0.3,0.7,tycoon,13,0.5,0.75,19,2,0.7,0,0,1,2,0.3333333333333333,0.4689395714546071,-0.4999999979257095,-0.4689395714546071,-0.6459597143030713,1.0383445709194978,0.0,-0.34520768573406074,0.0,0.0,0.0,0.007508329289175886,0.022575487532513594,0.09182089308330266,0.22165514722694912
31,A squirrel,I am a slightly curious person,gb,2,2,3,3,0.3,0.7,tycoon,13,0.5,0.75,20,1,0.3,0,0,1,2,0.3333333333333333,0.6298342541436465,-0.7500000000539505,-0.6298342541436465,-0.7532228360957642,1.3992695199830238,0.0,-0.17975900900527386,0.0,0.0,0.0,0.08126036484245436,0.05417357656163635,0.011608623548922115,0.011608623548922115
32,A squirrel,I am a slightly curious person,bg,3,3,3,3,0.3,0.7,tycoon,15,0.75,0.75,1,1,0.3,1,0,4,2,0.3333333333333333,0.5,NaN,0.5,0.33333333333333326,0.4054651081081643,0.6931471805599453,-0.042791644191678,0.05378194606599747,0.0,-1.1102230246251565e-16,0.08333333333333348,0.05555555555555547,0.08333333333333326,0.08333333333333326
32,A squirrel,I am a slightly curious person,bg,3,3,3,3,0.3,0.7,tycoon,15,0.75,0.75,2,2,0.7,1,1,4,2,0.3333333333333333,0.5,NaN,0.5,0.33333333333333326,0.4054651081081643,0.6931471805599453,-0.042791644191678,0.05378194606599747,0.04166666666666674,1.1102230246251565e-16,0.11815201177425982,0.05555555555555547,0.08333333333333326,0.0
32,A squirrel,I am a slightly curious person,bg,3,3,3,3,0.3,0.7,tycoon,15,0.75,0.75,3,1,0.3,1,1,4,2,0.3333333333333333,0.5833333333333333,1.505215796449022e-8,0.41666666666666674,0.2777777777777778,0.325422400434628,0.6901856760188042,-0.14872947946598028,0.0379367811238048,1.1102230246251565e-16,0.0,0.07870741894476108,0.03525641025641035,0.15384615384615385,0.0705128205128206
32,A squirrel,I am a slightly curious person,bg,3,3,3,3,0.3,0.7,tycoon,15,0.75,0.75,4,2,0.7,0,0,4,2,0.3333333333333333,0.5833333333333333,-0.999999984947842,-0.5833333333333333,-0.7222222222222222,1.2809338454620642,0.0,-0.09878147980916858,0.0,0.0,0.0,0.022014723426480476,0.04166666666666663,0.10000000000000003,0.2538461538461539
32,A squirrel,I am a slightly curious person,bg,3,3,3,3,0.3,0.7,tycoon,15,0.75,0.75,5,1,0.3,0,0,4,2,0.3333333333333333,0.6538461538461539,-0.999999984947842,-0.6538461538461539,-0.7692307692307693,1.4663370687934272,0.0,-0.06641254138672092,0.0,0.0,0.0,0.08750000000000002,0.05833333333333346,0.033333333333333326,0.033333333333333326
32,A squirrel,I am a slightly curious person,bg,3,3,3,3,0.3,0.7,tycoon,15,0.75,0.75,6,1,0.3,1,0,4,2,0.3333333333333333,0.4666666666666667,0.5000000015235914,0.5333333333333333,0.3555555555555555,0.43936665978384565,0.6925525323607233,-0.08739425626637266,0.043140311410130014,0.01724137931034475,0.011494252873563204,0.08620689655172409,0.05747126436781602,0.028735632183908066,0.028735632183908066
32,A squirrel,I am a slightly curious person,bg,3,3,3,3,0.3,0.7,tycoon,15,0.75,0.75,7,1,0.3,1,1,4,2,0.3333333333333333,0.5287356321839081,0.3749999994326757,0.47126436781609193,0.31417624521072796,0.3771346014819384,0.6927570046594116,-0.14521767508955086,0.03231445903788896,0.0,0.0,0.05955706304868302,0.039704708699122127,0.08339984038308068,0.08339984038308068
32,A squirrel,I am a slightly curious person,bg,3,3,3,3,0.3,0.7,tycoon,15,0.75,0.75,8,1,0.3,0,0,4,2,0.3333333333333333,0.5833998403830807,-0.6999999990174539,-0.5833998403830807,-0.7222665602553873,1.2810934751215948,0.0,-0.15234512269821177,0.0,0.0,0.0,0.07246767241379315,0.04831178160919558,0.037356321839080386,0.037356321839080386
32,A squirrel,I am a slightly curious person,bg,3,3,3,3,0.3,0.7,tycoon,15,0.75,0.75,9,1,0.3,1,0,4,2,0.3333333333333333,0.4626436781609196,0.500000001677886,0.5373563218390804,0.3582375478927202,0.44353705605757215,0.6923940398076736,-0.17975900900527386,0.034072908183395534,0.019402985074626677,0.012935323383084452,0.08126036484245436,0.05417357656163624,0.011608623548922115,0.011608623548922115
32,A squirrel,I am a slightly curious person,bg,3,3,3,3,0.3,0.7,tycoon,15,0.75,0.75,10,1,0.3,1,0,4,2,0.3333333333333333,0.5116086235489221,0.4285714261887835,0.4883913764510779,0.32559425096738526,0.3939233476679928,0.6930813365993375,-0.22800730239285233,0.026290814189475376,0.0,0.0,0.0588601434426228,0.03924009562841513,0.05516393442622958,0.05516393442622958
32,A squirrel,I am a slightly curious person,bg,3,3,3,3,0.3,0.7,tycoon,15,0.75,0.75,11,1,0.3,1,1,4,2,0.3333333333333333,0.5551639344262296,0.3749999995025072,0.4448360655737704,0.2965573770491803,0.3517689651698778,0.6917799599357861,-0.2874591223088539,0.02017090234217428,0.0,1.1102230246251565e-16,0.04198335310692558,0.027988902071283794,0.0931336200504227,0.0931336200504227
32,A squirrel,I am a slightly curious person,bg,3,3,3,3,0.3,0.7,tycoon,15,0.75,0.75,12,1,0.3,0,0,4,2,0.3333333333333333,0.5931336200504227,-0.666666666579618,-0.5931336200504227,-0.7287557467002818,1.3047355603437163,0.0,-0.2683627562159892,0.0,0.0,0.0,0.0751776927282668,0.050118461818844495,0.005011846181884438,0.005011846181884438
32,A squirrel,I am a slightly curious person,bg,3,3,3,3,0.3,0.7,tycoon,15,0.75,0.75,13,2,0.7,1,0,4,2,0.3333333333333333,0.39999999999999997,0.7499999999999998,0.6000000000000001,0.3999999999999999,0.5108256237659905,0.6869615765973234,-0.06641254138672092,0.05538446170840036,0.019994735030273603,0.014814814814814725,0.08521965118977926,0.05833333333333335,0.033333333333333326,0.038345179515217764
32,A squirrel,I am a slightly curious person,bg,3,3,3,3,0.3,0.7,tycoon,15,0.75,0.75,14,1,0.3,1,1,4,2,0.3333333333333333,0.5050118461818844,0.4499999999979809,0.49498815381811556,0.3299921025454102,0.400465779420938,0.6931347461577707,-0.3121279906710225,0.02148650636850824,0.0,0.0,0.05632244885860349,0.037548299239068994,0.0407631628503875,0.0407631628503875
32,A squirrel,I am a slightly curious person,bg,3,3,3,3,0.3,0.7,tycoon,15,0.75,0.75,15,1,0.3,1,1,4,2,0.3333333333333333,0.5407631628503875,0.4090909125279222,0.4592368371496125,0.3061578914330749,0.36551085362905283,0.6923799727450064,-0.36174423121254345,0.017025047837387286,1.1102230246251565e-16,0.0,0.04173531162447386,0.02782354108298246,0.07245532887112682,0.07245532887112682
32,A squirrel,I am a slightly curious person,bg,3,3,3,3,0.3,0.7,tycoon,15,0.75,0.75,16,1,0.3,0,0,4,2,0.3333333333333333,0.5724553288711268,-0.6250000003507674,-0.5724553288711268,-0.7149702192474179,1.2551616103038814,0.0,-0.3494292911224387,0.0,0.0,0.0,0.0694840032960734,0.0463226688640489,0.0022414194611636296,0.0022414194611636296
32,A squirrel,I am a slightly curious person,bg,3,3,3,3,0.3,0.7,tycoon,15,0.75,0.75,17,2,0.7,1,0,4,2,0.3333333333333333,0.4666666666666667,0.5000000015235914,0.5333333333333333,0.3555555555555555,0.43936665978384565,0.6925525323607233,-0.08739425626637266,0.043140311410130014,0.018400734204050195,0.011494252873563204,0.08718615477198755,0.05747126436781602,0.028735632183908066,0.026494212722744437
32,A squirrel,I am a slightly curious person,bg,3,3,3,3,0.3,0.7,tycoon,15,0.75,0.75,18,2,0.7,1,0,4,2,0.3333333333333333,0.5287356321839081,0.3749999994326757,0.47126436781609193,0.31417624521072796,0.3771346014819384,0.6927570046594116,-0.14521767508955086,0.03231445903788896,0.0,0.0,0.0603211417611863,0.039704708699122016,0.08339984038308068,0.08115842092191705
32,A squirrel,I am a slightly curious person,bg,3,3,3,3,0.3,0.7,tycoon,15,0.75,0.75,19,1,0.3,1,0,4,2,0.3333333333333333,0.5022414194611636,0.46153846549391564,0.49775858053883637,0.33183905369255773,0.4032261968802987,0.6931446798003172,-0.3893719986585523,0.017818854238422277,0.0,1.1102230246251565e-16,0.043731552244594685,0.0356337185675194,0.03229831565730479,0.05110152472577589
32,A squirrel,I am a slightly curious person,bg,3,3,3,3,0.3,0.7,tycoon,15,0.75,0.75,20,2,0.7,1,1,4,2,0.3333333333333333,0.5833998403830807,0.3000000009825461,0.4166001596169193,0.27773343974461273,0.3253610111961419,0.6901813069103601,-0.22325417073184653,0.02375398970768486,-1.1102230246251565e-16,0.0,0.049236477413199475,0.026818600368323953,0.12983425414364647,0.09753593848634168
33,A squirrel,I am a slightly curious person,gb,3,4,2,2,0.7,0.3,tycoon,14,0.5,0.875,1,1,0.7,1,0,4,2,0.3333333333333333,0.5,NaN,0.5,0.33333333333333326,0.4054651081081643,0.6931471805599453,-0.042791644191678,0.05378194606599747,0.0,-1.1102230246251565e-16,0.08333333333333348,0.05555555555555547,0.08333333333333326,0.08333333333333326
33,A squirrel,I am a slightly curious person,gb,3,4,2,2,0.7,0.3,tycoon,14,0.5,0.875,2,2,0.3,1,0,4,2,0.3333333333333333,0.5,NaN,0.5,0.33333333333333326,0.4054651081081643,0.6931471805599453,-0.042791644191678,0.05378194606599747,0.04166666666666674,1.1102230246251565e-16,0.11815201177425982,0.05555555555555547,0.08333333333333326,0.0
33,A squirrel,I am a slightly curious person,gb,3,4,2,2,0.7,0.3,tycoon,14,0.5,0.875,3,1,0.7,1,1,4,2,0.3333333333333333,0.5833333333333333,1.505215796449022e-8,0.41666666666666674,0.2777777777777778,0.325422400434628,0.6901856760188042,-0.14872947946598028,0.0379367811238048,1.1102230246251565e-16,0.0,0.07870741894476108,0.03525641025641035,0.15384615384615385,0.0705128205128206
33,A squirrel,I am a slightly curious person,gb,3,4,2,2,0.7,0.3,tycoon,14,0.5,0.875,4,2,0.3,1,1,4,2,0.3333333333333333,0.5833333333333333,1.505215796449022e-8,0.41666666666666674,0.2777777777777778,0.325422400434628,0.6901856760188042,-0.14872947946598028,0.0379367811238048,0.032544378698224796,1.1102230246251565e-16,0.10639222329248454,0.03525641025641024,0.15384615384615385,0.0
33,A squirrel,I am a slightly curious person,gb,3,4,2,2,0.7,0.3,tycoon,14,0.5,0.875,5,1,0.7,1,1,4,2,0.3333333333333333,0.6538461538461539,1.505215796449022e-8,0.34615384615384615,0.23076923076923073,0.262364264467491,0.6842317651303003,-0.2844497338353375,0.025781336264415255,0.0,0.0,0.07238563011666665,0.021666666666666612,0.20999999999999996,0.05615384615384611
33,A squirrel,I am a slightly curious person,gb,3,4,2,2,0.7,0.3,tycoon,14,0.5,0.875,6,1,0.7,1,1,4,2,0.3333333333333333,0.71,1.505215796449022e-8,0.29000000000000004,0.19333333333333325,0.21484474849951454,0.6780102022798757,-0.42625540231422954,0.017393591340592707,1.1102230246251565e-16,0.0,0.04896188221678521,0.013085399449035862,0.2534435261707988,0.09959737232464494
33,A squirrel,I am a slightly curious person,gb,3,4,2,2,0.7,0.3,tycoon,14,0.5,0.875,7,1,0.7,1,0,4,2,0.3333333333333333,0.7534435261707988,1.505215796449022e-8,0.2465564738292012,0.1643709825528007,0.1795705234220647,0.6725635843867589,-0.5618791256690523,0.011912734212403908,-2.220446049250313e-16,-1.1102230246251565e-16,0.03320057826371747,0.007849293563579218,0.2868916797488228,0.13304552590266894
33,A squirrel,I am a slightly curious person,gb,3,4,2,2,0.7,0.3,tycoon,14,0.5,0.875,8,2,0.3,0,0,2,2,0.3333333333333333,0.6538461538461539,-0.999999984947842,-0.6538461538461539,-0.7692307692307693,1.4663370687934272,0.0,-0.06641254138672092,0.0,0.0,0.0,0.008361935632415163,0.05833333333333335,0.033333333333333326,0.3202250130821561
33,A squirrel,I am a slightly curious person,gb,3,4,2,2,0.7,0.3,tycoon,14,0.5,0.875,9,2,0.3,0,0,2,2,0.3333333333333333,0.4666666666666667,-0.49999999847640864,-0.4666666666666667,-0.6444444444444445,1.0340737675305387,0.0,-0.2040059070058956,0.0,0.0,0.0,0.0016195844395149317,0.02517361111111116,0.14583333333333331,0.4327250130821561
33,A squirrel,I am a slightly curious person,gb,3,4,2,2,0.7,0.3,tycoon,14,0.5,0.875,10,1,0.7,0,0,4,2,0.3333333333333333,0.7868916797488228,-0.999999984947842,-0.7868916797488228,-0.8579277864992152,1.9514198048662839,0.0,-0.22325417073184653,0.0,0.0,0.0,0.04022790055248604,0.026818600368323953,0.12983425414364647,0.12983425414364647
33,A squirrel,I am a slightly curious person,gb,3,4,2,2,0.7,0.3,tycoon,14,0.5,0.875,11,1,0.7,1,1,4,2,0.3333333333333333,0.6298342541436465,0.2499999999460495,0.37016574585635353,0.24677716390423576,0.28339416389113375,0.6865299089505598,-0.30920087703841675,0.017446775436758433,0.0,0.0,0.026784501494159008,0.017856334329439227,0.1685683238250476,0.1685683238250476
33,A squirrel,I am a slightly curious person,gb,3,4,2,2,0.7,0.3,tycoon,14,0.5,0.875,12,1,0.7,1,0,3,2,0.3333333333333333,0.6685683238250476,0.21428571422552145,0.3314316761749524,0.22095445078330167,0.24968576342578275,0.6827064730455019,-0.39571066482832595,0.012973104587098216,2.220446049250313e-16,0.0,0.017687144019527867,0.0117914293463518,0.20073230268510978,0.20073230268510978
33,A squirrel,I am a slightly curious person,gb,3,4,2,2,0.7,0.3,tycoon,14,0.5,0.875,13,1,0.7,1,1,3,2,0.3333333333333333,0.7007323026851098,0.18749999560995112,0.2992676973148902,0.19951179820992682,0.22253348520479543,0.6791076299320256,-0.4791391417344009,0.00984175385178182,-1.1102230246251565e-16,0.0,0.011631613964404819,0.00775440930960325,0.2275499454804193,0.2275499454804193
33,A squirrel,I am a slightly curious person,gb,3,4,2,2,0.7,0.3,tycoon,14,0.5,0.875,14,2,0.3,0,0,1,2,0.3333333333333333,0.3541666666666667,-0.24999999951793975,-0.3541666666666667,-0.5694444444444444,0.842678914530909,0.0,-0.37092869552988855,0.0,0.0,0.0,0.0010113823831869873,0.011040706605222717,0.21889400921658986,0.44644395469700915
33,A squirrel,I am a slightly curious person,gb,3,4,2,2,0.7,0.3,tycoon,14,0.5,0.875,15,2,0.3,1,0,1,2,0.3333333333333333,0.28110599078341014,0.8999999999024825,0.7188940092165899,0.47926267281105994,0.652509534828119,0.6533502750036448,-0.28542769031337345,0.058112087396657075,0.0,0.0,0.0017116939496615302,0.01668510324483774,0.17256637168141586,0.40011631716183516
33,A squirrel,I am a slightly curious person,gb,3,4,2,2,0.7,0.3,tycoon,14,0.5,0.875,16,1,0.7,1,1,1,2,0.3333333333333333,0.7275499454804193,0.16666666576379163,0.2724500545195807,0.18163336967972044,0.20044483946697284,0.6758665393660739,-0.5580527251703005,0.007640859362410435,1.1102230246251565e-16,0.0,0.00763730493891257,0.0050915366259416395,0.25010350564199846,0.25010350564199846
33,A squirrel,I am a slightly curious person,gb,3,4,2,2,0.7,0.3,tycoon,14,0.5,0.875,17,1,0.7,1,0,1,2,0.3333333333333333,0.7501035056419985,0.150000003887101,0.24989649435800154,0.1665976629053343,0.18223875570846026,0.6729982360996121,-0.6321463133369446,0.006070404564555654,0.0,0.0,0.005014107447041116,0.003342738298027337,0.2692689835342672,0.2692689835342672
33,A squirrel,I am a slightly curious person,gb,3,4,2,2,0.7,0.3,tycoon,14,0.5,0.875,18,1,0.7,0,0,1,2,0.3333333333333333,0.7692689835342672,-0.8636363635785097,-0.7692689835342672,-0.8461793223561782,1.871967785929168,0.0,-0.47887894856023644,0.0,0.0,0.0,0.014476193881852839,0.009650795921235078,0.17872522111711464,0.17872522111711464
33,A squirrel,I am a slightly curious person,gb,3,4,2,2,0.7,0.3,tycoon,14,0.5,0.875,19,1,0.7,1,0,1,2,0.3333333333333333,0.6787252211171146,0.2499999965745311,0.32127477888288536,0.21418318592192354,0.2410315746852271,0.68160752373213,-0.5393602861464555,0.007822486281443997,1.1102230246251565e-16,0.0,0.010061565148154483,0.0067077100987694704,0.20006088768897734,0.20006088768897734
33,A squirrel,I am a slightly curious person,gb,3,4,2,2,0.7,0.3,tycoon,14,0.5,0.875,20,1,0.7,0,0,1,2,0.3333333333333333,0.7000608876889773,-0.7692307708988069,-0.7000608876889773,-0.8000405917926515,1.6096408919963157,0.0,-0.4653108399541993,0.0,0.0,0.0,0.02240289279416341,0.014935261862775606,0.12519031265371405,0.12519031265371405
34,A squirrel,I am a slightly curious person,bg,4,4,1,1,0.7,0.3,tycoon,16,0.25,1.0,1,1,0.7,1,0,4,2,0.3333333333333333,0.5,NaN,0.5,0.33333333333333326,0.4054651081081643,0.6931471805599453,-0.042791644191678,0.05378194606599747,0.0,-1.1102230246251565e-16,0.08333333333333348,0.05555555555555547,0.08333333333333326,0.08333333333333326
34,A squirrel,I am a slightly curious person,bg,4,4,1,1,0.7,0.3,tycoon,16,0.25,1.0,2,2,0.3,0,0,2,2,0.3333333333333333,0.5,NaN,-0.5,-0.6666666666666667,1.09861228866811,0.0,-0.19314718051535068,0.0,0.0,0.0,0.02411265862835843,0.027777777777777568,0.16666666666666674,0.25
34,A squirrel,I am a slightly curious person,bg,4,4,1,1,0.7,0.3,tycoon,16,0.25,1.0,3,2,0.3,1,1,3,2,0.3333333333333333,0.33333333333333326,0.9999999999999997,0.6666666666666667,0.44444444444444453,0.5877866649021192,0.6730116670092565,-0.09878147980916858,0.06714394951790816,0.0,0.0,0.03737461979762402,0.04166666666666663,0.10000000000000003,0.1833333333333333
34,A squirrel,I am a slightly curious person,bg,4,4,1,1,0.7,0.3,tycoon,16,0.25,1.0,4,2,0.3,0,0,2,2,0.3333333333333333,0.39999999999999997,-0.25000000000000017,-0.39999999999999997,-0.6000000000000001,0.9162907318741553,0.0,-0.29705541768766525,0.0,0.0,0.0,0.012558678013545599,0.016666666666666607,0.2,0.28333333333333327
34,A squirrel,I am a slightly curious person,bg,4,4,1,1,0.7,0.3,tycoon,16,0.25,1.0,5,1,0.7,1,0,4,2,0.3333333333333333,0.5833333333333333,1.505215796449022e-8,0.41666666666666674,0.2777777777777778,0.325422400434628,0.6901856760188042,-0.14872947946598028,0.0379367811238048,1.1102230246251565e-16,1.1102230246251565e-16,0.05288461538461542,0.03525641025641024,0.15384615384615385,0.15384615384615385
34,A squirrel,I am a slightly curious person,bg,4,4,1,1,0.7,0.3,tycoon,16,0.25,1.0,6,1,0.7,1,0,1,2,0.3333333333333333,0.6538461538461539,1.505215796449022e-8,0.34615384615384615,0.23076923076923073,0.262364264467491,0.6842317651303003,-0.2844497338353375,0.025781336264415255,0.0,1.1102230246251565e-16,0.032500000000000084,0.021666666666666723,0.20999999999999996,0.20999999999999996
34,A squirrel,I am a slightly curious person,bg,4,4,1,1,0.7,0.3,tycoon,16,0.25,1.0,7,1,0.7,1,1,1,2,0.3333333333333333,0.71,1.505215796449022e-8,0.29000000000000004,0.19333333333333325,0.21484474849951454,0.6780102022798757,-0.42625540231422954,0.017393591340592707,1.1102230246251565e-16,1.1102230246251565e-16,0.01962809917355368,0.013085399449035973,0.2534435261707988,0.2534435261707988
34,A squirrel,I am a slightly curious person,bg,4,4,1,1,0.7,0.3,tycoon,16,0.25,1.0,8,2,0.3,0,0,1,2,0.3333333333333333,0.3,-6.280455418940885e-9,-0.3,-0.5333333333333333,0.7621400520468967,0.0,-0.49056128652018416,0.0,0.0,0.0,0.00034769894458475115,0.00694444444444442,0.26190476190476186,0.5153482880755607
34,A squirrel,I am a slightly curious person,bg,4,4,1,1,0.7,0.3,tycoon,16,0.25,1.0,9,1,0.7,1,1,2,2,0.3333333333333333,0.7534435261707988,1.505215796449022e-8,0.2465564738292012,0.1643709825528007,0.1795705234220647,0.6725635843867589,-0.5618791256690523,0.011912734212403908,-2.220446049250313e-16,0.0,0.011773940345368827,0.00784929356357933,0.2868916797488228,0.2868916797488228
34,A squirrel,I am a slightly curious person,bg,4,4,1,1,0.7,0.3,tycoon,16,0.25,1.0,10,1,0.7,1,1,1,2,0.3333333333333333,0.7868916797488228,1.505215796449022e-8,0.2131083202511772,0.1420722135007848,0.15323534795556995,0.668087395200138,-0.6867749400135641,0.008393123717155504,1.1102230246251565e-16,0.0,0.007061985361390799,0.004707990240927162,0.3129002744739249,0.3129002744739249
34,A squirrel,I am a slightly curious person,bg,4,4,1,1,0.7,0.3,tycoon,16,0.25,1.0,11,2,0.3,1,0,3,2,0.3333333333333333,0.2380952380952381,0.9999999999999998,0.7619047619047619,0.5079365079365079,0.7091475219063864,0.6287993940937805,-0.37092869552988855,0.0640450737601721,0.0,1.1102230246251565e-16,0.00016796461913715088,0.011040706605222828,0.21889400921658986,0.5317942836905147
34,A squirrel,I am a slightly curious person,bg,4,4,1,1,0.7,0.3,tycoon,16,0.25,1.0,12,2,0.3,0,0,1,2,0.3333333333333333,0.28110599078341014,-0.10000000009751756,-0.28110599078341014,-0.5207373271889401,0.7355064543990868,0.0,-0.5336806470724107,0.0,0.0,0.0,2.8763639454143508e-5,0.004907852564102755,0.26923076923076916,0.582131043704694
34,A squirrel,I am a slightly curious person,bg,4,4,1,1,0.7,0.3,tycoon,16,0.25,1.0,13,1,0.7,1,0,1,2,0.3333333333333333,0.8129002744739249,1.505215796449022e-8,0.18709972552607512,0.12473315035071664,0.1332264680909814,0.6644720212248263,-0.8003011606766882,0.006115744334489359,1.1102230246251565e-16,1.1102230246251565e-16,0.00425135501355034,0.0028342366757002635,0.33346883468834676,0.33346883468834676
34,A squirrel,I am a slightly curious person,bg,4,4,1,1,0.7,0.3,tycoon,16,0.25,1.0,14,1,0.7,1,0,1,2,0.3333333333333333,0.8334688346883468,1.505215796449022e-8,0.16653116531165324,0.11102077687443535,0.11768141480369698,0.6615437695984828,-0.9033679318738824,0.004608328505046111,-2.220446049250313e-16,0.0,0.002573417335636763,0.0017156115570914343,0.35004572706025816,0.35004572706025816
34,A squirrel,I am a slightly curious person,bg,4,4,1,1,0.7,0.3,tycoon,16,0.25,1.0,15,1,0.7,1,0,1,2,0.3333333333333333,0.8500457270602582,1.505215796449022e-8,0.14995427293974184,0.09996951529316123,0.10532664433497851,0.6591458469017097,-0.9973043688130327,0.003579990216064477,-2.220446049250313e-16,-1.1102230246251565e-16,0.0015672919412251796,0.0010448612941501567,0.3636517594314642,0.3636517594314642
34,A squirrel,I am a slightly curious person,bg,4,4,1,1,0.7,0.3,tycoon,16,0.25,1.0,16,1,0.7,1,1,1,2,0.3333333333333333,0.8636517594314642,1.505215796449022e-8,0.13634824056853578,0.09089882704569052,0.09529888961831882,0.6571554989271757,-1.0834069179798427,0.0028554673241962814,-1.1102230246251565e-16,0.0,0.0009603660257643254,0.0006402440171761059,0.37500517463937466,0.37500517463937466
34,A squirrel,I am a slightly curious person,bg,4,4,1,1,0.7,0.3,tycoon,16,0.25,1.0,17,2,0.3,1,0,3,2,0.3333333333333333,0.2307692307692308,0.9999999963144605,0.7692307692307692,0.5128205128205128,0.7191226669632059,0.6236548495681085,-0.4271890325390063,0.059861143712770626,-1.1102230246251565e-16,1.1102230246251565e-16,5.262808422390464e-6,0.007751583820662877,0.23099415204678364,0.6059993266861583
34,A squirrel,I am a slightly curious person,bg,4,4,1,1,0.7,0.3,tycoon,16,0.25,1.0,18,2,0.3,1,1,4,2,0.3333333333333333,0.26900584795321636,0.857142855151454,0.7309941520467836,0.48732943469785583,0.6681218129930051,0.6473288715296028,-0.3499999698277506,0.05449934993397276,1.1102230246251565e-16,-1.1102230246251565e-16,9.66031002858081e-6,0.011693995564005188,0.1901140684410646,0.5651192430804393
34,A squirrel,I am a slightly curious person,bg,4,4,1,1,0.7,0.3,tycoon,16,0.25,1.0,19,1,0.7,1,1,1,2,0.3333333333333333,0.8750051746393747,1.505215796449022e-8,0.12499482536062534,0.08332988357375015,0.0870076136226205,0.6554810080662075,-1.1627994962954111,0.00232890639671135,0.0,1.1102230246251565e-16,0.0005918607209443039,0.00039457381396301727,0.3846171215507359,0.3846171215507359
34,A squirrel,I am a slightly curious person,bg,4,4,1,1,0.7,0.3,tycoon,16,0.25,1.0,20,1,0.7,1,0,2,2,0.3333333333333333,0.8846171215507359,1.505215796449022e-8,0.11538287844926409,0.07692191896617606,0.08004145322101398,0.6540545518516857,-1.2364162224386743,0.0019352886423809057,-1.1102230246251565e-16,0.0,0.00036668072249990136,0.0002444538150001563,0.39285772528116303,0.39285772528116303
35,A squirrel,I am a slightly curious person,bg,2,2,1,1,0.7,0.3,tycoon,13,0.25,0.5,1,2,0.3,1,1,1,2,0.3333333333333333,0.5,NaN,0.5,0.33333333333333326,0.4054651081081643,0.6931471805599453,-0.042791644191678,0.05378194606599747,0.0,-1.1102230246251565e-16,0.08333333333333348,0.05555555555555547,0.08333333333333326,0.08333333333333326
35,A squirrel,I am a slightly curious person,bg,2,2,1,1,0.7,0.3,tycoon,13,0.25,0.5,2,2,0.3,0,0,1,2,0.3333333333333333,0.5833333333333333,-0.999999984947842,-0.5833333333333333,-0.7222222222222222,1.2809338454620642,0.0,-0.09878147980916858,0.0,0.0,0.0,0.0625,0.04166666666666663,0.10000000000000003,0.10000000000000003
35,A squirrel,I am a slightly curious person,bg,2,2,1,1,0.7,0.3,tycoon,13,0.25,0.5,3,1,0.7,1,1,1,2,0.3333333333333333,0.5,NaN,0.5,0.33333333333333326,0.4054651081081643,0.6931471805599453,-0.042791644191678,0.05378194606599747,0.0,0.0,0.08333333333333348,0.05555555555555547,0.08333333333333326,0.08333333333333326
35,A squirrel,I am a slightly curious person,bg,2,2,1,1,0.7,0.3,tycoon,13,0.25,0.5,4,1,0.7,1,0,1,2,0.3333333333333333,0.5833333333333333,1.505215796449022e-8,0.41666666666666674,0.2777777777777778,0.325422400434628,0.6901856760188042,-0.14872947946598028,0.0379367811238048,1.1102230246251565e-16,1.1102230246251565e-16,0.05288461538461542,0.03525641025641024,0.15384615384615385,0.15384615384615385
35,A squirrel,I am a slightly curious person,bg,2,2,1,1,0.7,0.3,tycoon,13,0.25,0.5,5,1,0.7,1,1,1,2,0.3333333333333333,0.6538461538461539,1.505215796449022e-8,0.34615384615384615,0.23076923076923073,0.262364264467491,0.6842317651303003,-0.2844497338353375,0.025781336264415255,0.0,0.0,0.032500000000000084,0.021666666666666612,0.20999999999999996,0.20999999999999996
35,A squirrel,I am a slightly curious person,bg,2,2,1,1,0.7,0.3,tycoon,13,0.25,0.5,6,1,0.7,0,0,1,2,0.3333333333333333,0.71,-0.999999984947842,-0.71,-0.8066666666666668,1.6433394641097823,0.0,-0.08739425626637266,0.0,0.0,0.0,0.08620689655172409,0.05747126436781602,0.028735632183908066,0.028735632183908066
35,A squirrel,I am a slightly curious person,bg,2,2,1,1,0.7,0.3,tycoon,13,0.25,0.5,7,1,0.7,1,0,1,2,0.3333333333333333,0.5287356321839081,0.3749999994326757,0.47126436781609193,0.31417624521072796,0.3771346014819384,0.6927570046594116,-0.14521767508955086,0.03231445903788896,0.0,0.0,0.05955706304868302,0.039704708699122127,0.08339984038308068,0.08339984038308068
35,A squirrel,I am a slightly curious person,bg,2,2,1,1,0.7,0.3,tycoon,13,0.25,0.5,8,1,0.7,1,1,1,2,0.3333333333333333,0.5833998403830807,0.3000000009825461,0.4166001596169193,0.27773343974461273,0.3253610111961419,0.6901813069103601,-0.22325417073184653,0.02375398970768486,-1.1102230246251565e-16,-1.1102230246251565e-16,0.04022790055248604,0.026818600368324064,0.12983425414364647,0.12983425414364647
35,A squirrel,I am a slightly curious person,bg,2,2,1,1,0.7,0.3,tycoon,13,0.25,0.5,9,1,0.7,1,1,1,2,0.3333333333333333,0.6298342541436465,0.2499999999460495,0.37016574585635353,0.24677716390423576,0.28339416389113375,0.6865299089505598,-0.30920087703841675,0.017446775436758433,0.0,1.1102230246251565e-16,0.026784501494159008,0.01785633432943945,0.1685683238250476,0.1685683238250476
35,A squirrel,I am a slightly curious person,bg,2,2,1,1,0.7,0.3,tycoon,13,0.25,0.5,10,1,0.7,1,0,1,2,0.3333333333333333,0.6685683238250476,0.21428571422552145,0.3314316761749524,0.22095445078330167,0.24968576342578275,0.6827064730455019,-0.39571066482832595,0.012973104587098216,2.220446049250313e-16,0.0,0.017687144019527867,0.011791429346351912,0.20073230268510978,0.20073230268510978
35,A squirrel,I am a slightly curious person,bg,2,2,1,1,0.7,0.3,tycoon,13,0.25,0.5,11,1,0.7,1,0,1,2,0.3333333333333333,0.7007323026851098,0.18749999560995112,0.2992676973148902,0.19951179820992682,0.22253348520479543,0.6791076299320256,-0.4791391417344009,0.00984175385178182,-1.1102230246251565e-16,0.0,0.011631613964404819,0.007754409309603361,0.2275499454804193,0.2275499454804193
35,A squirrel,I am a slightly curious person,bg,2,2,1,1,0.7,0.3,tycoon,13,0.25,0.5,12,1,0.7,0,0,1,2,0.3333333333333333,0.7275499454804193,-0.8333333342362084,-0.7275499454804193,-0.8183666303202796,1.7057650759526413,0.0,-0.3514285693112917,0.0,0.0,0.0,0.029628357753357704,0.019752238502238506,0.1259327092660426,0.1259327092660426
35,A squirrel,I am a slightly curious person,bg,2,2,1,1,0.7,0.3,tycoon,13,0.25,0.5,13,2,0.3,0,0,4,2,0.3333333333333333,0.39999999999999997,-0.25000000000000017,-0.39999999999999997,-0.6000000000000001,0.9162907318741553,0.0,-0.29705541768766525,0.0,0.0,0.0,0.008324891543822543,0.016666666666666607,0.2,0.3259327092660426
35,A squirrel,I am a slightly curious person,bg,2,2,1,1,0.7,0.3,tycoon,13,0.25,0.5,14,1,0.7,0,0,1,2,0.3333333333333333,0.6259327092660426,-0.7000000005234497,-0.6259327092660426,-0.7506218061773617,1.3887846841111968,0.0,-0.3121279906710225,0.0,0.0,0.0,0.05632244885860349,0.037548299239068994,0.0407631628503875,0.0407631628503875
35,A squirrel,I am a slightly curious person,bg,2,2,1,1,0.7,0.3,tycoon,13,0.25,0.5,15,1,0.7,1,0,1,2,0.3333333333333333,0.5407631628503875,0.4090909125279222,0.4592368371496125,0.3061578914330749,0.36551085362905283,0.6923799727450064,-0.36174423121254345,0.017025047837387286,1.1102230246251565e-16,-1.1102230246251565e-16,0.04173531162447386,0.027823541082982572,0.07245532887112682,0.07245532887112682
35,A squirrel,I am a slightly curious person,bg,2,2,1,1,0.7,0.3,tycoon,13,0.25,0.5,16,1,0.7,1,1,1,2,0.3333333333333333,0.5724553288711268,0.3749999996492326,0.4275446711288732,0.2850297807525821,0.33551438855778587,0.6908632488977826,-0.4135225841584971,0.01361224648672138,2.220446049250313e-16,1.1102230246251565e-16,0.030673027783264084,0.020448685188842686,0.10044678175425426,0.10044678175425426
35,A squirrel,I am a slightly curious person,bg,2,2,1,1,0.7,0.3,tycoon,13,0.25,0.5,17,1,0.7,1,1,1,2,0.3333333333333333,0.6004467817542543,0.3461538466162859,0.39955321824574574,0.26636881216383057,0.3097488455354686,0.688975523151582,-0.4653108399541993,0.011025522306563007,-1.1102230246251565e-16,-1.1102230246251565e-16,0.02240289279416341,0.014935261862775717,0.12519031265371405,0.12519031265371405
35,A squirrel,I am a slightly curious person,bg,2,2,1,1,0.7,0.3,tycoon,13,0.25,0.5,18,1,0.7,0,0,1,2,0.3333333333333333,0.625190312653714,-0.6785714284582377,-0.625190312653714,-0.7501268751024761,1.3868019903517148,0.0,-0.43218359482485996,0.0,1.1102230246251565e-16,0.0,0.04077443169823192,0.027182954465487907,0.059301419385738074,0.059301419385738074
35,A squirrel,I am a slightly curious person,bg,2,2,1,1,0.7,0.3,tycoon,13,0.25,0.5,19,2,0.3,1,0,4,2,0.3333333333333333,0.3,0.9999999937195446,0.7,0.4666666666666667,0.6286086594223742,0.6615632381579821,-0.2040059070058956,0.06231225300813881,0.0,0.0,0.024115822816633825,0.02517361111111116,0.14583333333333331,0.2051347527190714
35,A squirrel,I am a slightly curious person,bg,2,2,1,1,0.7,0.3,tycoon,13,0.25,0.5,20,2,0.3,0,0,1,2,0.3333333333333333,0.3541666666666667,-0.24999999951793975,-0.3541666666666667,-0.5694444444444444,0.842678914530909,0.0,-0.37092869552988855,0.0,0.0,0.0,0.00940164201476168,0.011040706605222828,0.21889400921658986,0.27819542860232793
36,A squirrel,I am not a very curious person,bg,4,4,3,3,0.7,0.3,tycoon,17,0.75,1.0,1,1,0.7,1,1,4,2,0.3333333333333333,0.5,NaN,0.5,0.33333333333333326,0.4054651081081643,0.6931471805599453,-0.042791644191678,0.05378194606599747,0.0,-1.1102230246251565e-16,0.08333333333333348,0.05555555555555547,0.08333333333333326,0.08333333333333326
36,A squirrel,I am not a very curious person,bg,4,4,3,3,0.7,0.3,tycoon,17,0.75,1.0,2,1,0.7,1,1,4,2,0.3333333333333333,0.5833333333333333,1.505215796449022e-8,0.41666666666666674,0.2777777777777778,0.325422400434628,0.6901856760188042,-0.14872947946598028,0.0379367811238048,1.1102230246251565e-16,1.1102230246251565e-16,0.05288461538461542,0.03525641025641024,0.15384615384615385,0.15384615384615385
36,A squirrel,I am not a very curious person,bg,4,4,3,3,0.7,0.3,tycoon,17,0.75,1.0,3,1,0.7,1,0,4,2,0.3333333333333333,0.6538461538461539,1.505215796449022e-8,0.34615384615384615,0.23076923076923073,0.262364264467491,0.6842317651303003,-0.2844497338353375,0.025781336264415255,0.0,1.1102230246251565e-16,0.032500000000000084,0.021666666666666723,0.20999999999999996,0.20999999999999996
36,A squirrel,I am not a very curious person,bg,4,4,3,3,0.7,0.3,tycoon,17,0.75,1.0,4,1,0.7,1,0,4,2,0.3333333333333333,0.71,1.505215796449022e-8,0.29000000000000004,0.19333333333333325,0.21484474849951454,0.6780102022798757,-0.42625540231422954,0.017393591340592707,1.1102230246251565e-16,1.1102230246251565e-16,0.01962809917355368,0.013085399449035862,0.2534435261707988,0.2534435261707988
36,A squirrel,I am not a very curious person,bg,4,4,3,3,0.7,0.3,tycoon,17,0.75,1.0,5,1,0.7,1,1,4,2,0.3333333333333333,0.7534435261707988,1.505215796449022e-8,0.2465564738292012,0.1643709825528007,0.1795705234220647,0.6725635843867589,-0.5618791256690523,0.011912734212403908,-2.220446049250313e-16,-1.1102230246251565e-16,0.011773940345368827,0.00784929356357933,0.2868916797488228,0.2868916797488228
36,A squirrel,I am not a very curious person,bg,4,4,3,3,0.7,0.3,tycoon,17,0.75,1.0,6,1,0.7,0,0,4,2,0.3333333333333333,0.7868916797488228,-0.999999984947842,-0.7868916797488228,-0.8579277864992152,1.9514198048662839,0.0,-0.22325417073184653,0.0,0.0,0.0,0.04022790055248604,0.026818600368324064,0.12983425414364647,0.12983425414364647
36,A squirrel,I am not a very curious person,bg,4,4,3,3,0.7,0.3,tycoon,17,0.75,1.0,7,1,0.7,1,0,4,2,0.3333333333333333,0.6298342541436465,0.2499999999460495,0.37016574585635353,0.24677716390423576,0.28339416389113375,0.6865299089505598,-0.30920087703841675,0.017446775436758433,0.0,-1.1102230246251565e-16,0.026784501494159008,0.01785633432943934,0.1685683238250476,0.1685683238250476
36,A squirrel,I am not a very curious person,bg,4,4,3,3,0.7,0.3,tycoon,17,0.75,1.0,8,1,0.7,1,1,4,2,0.3333333333333333,0.6685683238250476,0.21428571422552145,0.3314316761749524,0.22095445078330167,0.24968576342578275,0.6827064730455019,-0.39571066482832595,0.012973104587098216,2.220446049250313e-16,1.1102230246251565e-16,0.017687144019527867,0.0117914293463518,0.20073230268510978,0.20073230268510978
36,A squirrel,I am not a very curious person,bg,4,4,3,3,0.7,0.3,tycoon,17,0.75,1.0,9,1,0.7,0,0,4,2,0.3333333333333333,0.7007323026851098,-0.8125000043900489,-0.7007323026851098,-0.8004882017900732,1.6118819055039784,0.0,-0.2874591223088539,0.0,0.0,0.0,0.04198335310692558,0.027988902071283683,0.0931336200504227,0.0931336200504227
36,A squirrel,I am not a very curious person,bg,4,4,3,3,0.7,0.3,tycoon,17,0.75,1.0,10,1,0.7,0,0,4,2,0.3333333333333333,0.5931336200504227,-0.666666666579618,-0.5931336200504227,-0.7287557467002818,1.3047355603437163,0.0,-0.2683627562159892,0.0,0.0,0.0,0.0751776927282668,0.050118461818844495,0.005011846181884438,0.005011846181884438
36,A squirrel,I am not a very curious person,bg,4,4,3,3,0.7,0.3,tycoon,17,0.75,1.0,11,1,0.7,1,0,4,2,0.3333333333333333,0.5050118461818844,0.4499999999979809,0.49498815381811556,0.3299921025454102,0.400465779420938,0.6931347461577707,-0.3121279906710225,0.02148650636850824,0.0,0.0,0.05632244885860349,0.037548299239068994,0.0407631628503875,0.0407631628503875
36,A squirrel,I am not a very curious person,bg,4,4,3,3,0.7,0.3,tycoon,17,0.75,1.0,12,1,0.7,1,1,4,2,0.3333333333333333,0.5407631628503875,0.4090909125279222,0.4592368371496125,0.3061578914330749,0.36551085362905283,0.6923799727450064,-0.36174423121254345,0.017025047837387286,1.1102230246251565e-16,-1.1102230246251565e-16,0.04173531162447386,0.02782354108298246,0.07245532887112682,0.07245532887112682
36,A squirrel,I am not a very curious person,bg,4,4,3,3,0.7,0.3,tycoon,17,0.75,1.0,13,1,0.7,1,0,4,2,0.3333333333333333,0.5724553288711268,0.3749999996492326,0.4275446711288732,0.2850297807525821,0.33551438855778587,0.6908632488977826,-0.4135225841584971,0.01361224648672138,2.220446049250313e-16,1.1102230246251565e-16,0.030673027783264084,0.020448685188842686,0.10044678175425426,0.10044678175425426
36,A squirrel,I am not a very curious person,bg,4,4,3,3,0.7,0.3,tycoon,17,0.75,1.0,14,1,0.7,1,1,4,2,0.3333333333333333,0.6004467817542543,0.3461538466162859,0.39955321824574574,0.26636881216383057,0.3097488455354686,0.688975523151582,-0.4653108399541993,0.011025522306563007,-1.1102230246251565e-16,-1.1102230246251565e-16,0.02240289279416341,0.014935261862775606,0.12519031265371405,0.12519031265371405
36,A squirrel,I am not a very curious person,bg,4,4,3,3,0.7,0.3,tycoon,17,0.75,1.0,15,1,0.7,1,0,4,2,0.3333333333333333,0.625190312653714,0.3214285715417623,0.37480968734628595,0.2498731248975239,0.2875129199555696,0.6869447908889729,-0.5159806516842601,0.00906169696846404,0.0,0.0,0.016283189597942282,0.010855459731961448,0.14713841797211025,0.14713841797211025
36,A squirrel,I am not a very curious person,bg,4,4,3,3,0.7,0.3,tycoon,17,0.75,1.0,16,1,0.7,1,1,4,2,0.3333333333333333,0.6471384179721102,0.29999999939387045,0.35286158202788975,0.2352410546852599,0.26819459897508807,0.6848984405565889,-0.5650131568912712,0.007557540056747913,-1.1102230246251565e-16,0.0,0.01178855144616131,0.007859034297440837,0.1666994319058207,0.1666994319058207
36,A squirrel,I am not a very curious person,bg,4,4,3,3,0.7,0.3,tycoon,17,0.75,1.0,17,1,0.7,1,0,4,2,0.3333333333333333,0.6666994319058207,0.28124999913513515,0.3333005680941793,0.22220037872945275,0.2512863441845644,0.6829046419000292,-0.6122221718830456,0.006390419051735652,0.0,1.1102230246251565e-16,0.00850613157366975,0.0056707543824463524,0.18422382912199375,0.18422382912199375
36,A squirrel,I am not a very curious person,bg,4,4,3,3,0.7,0.3,tycoon,17,0.75,1.0,18,1,0.7,1,0,4,2,0.3333333333333333,0.6842238291219938,0.26470588231681735,0.31577617087800625,0.21051744725200416,0.23637754464653074,0.6809976555503018,-0.6575897530985584,0.005471324757181373,-3.3306690738754696e-16,-1.1102230246251565e-16,0.006119754518988607,0.004079836345992072,0.20000533584343794,0.20000533584343794
36,A squirrel,I am not a very curious person,bg,4,4,3,3,0.7,0.3,tycoon,17,0.75,1.0,19,1,0.7,1,0,4,2,0.3333333333333333,0.7000053358434379,0.24999999733698608,0.29999466415656206,0.19999644277104167,0.22313910478789767,0.6791926425972448,-0.7011762078127164,0.004736580027324466,-4.440892098500626e-16,-1.1102230246251565e-16,0.00439129131747007,0.0029275275449802685,0.2142878316744894,0.2142878316744894
36,A squirrel,I am not a very curious person,bg,4,4,3,3,0.7,0.3,tycoon,17,0.75,1.0,20,1,0.7,1,0,4,2,0.3333333333333333,0.7142878316744894,0.23684210371061354,0.2857121683255106,0.19047477888367337,0.21130734993679431,0.6774941483528881,-0.7430738620886663,0.0041407034942892995,3.3306690738754696e-16,1.1102230246251565e-16,0.003143403033917691,0.00209560202261172,0.2272735595069708,0.2272735595069708
37,A squirrel,I am a slightly curious person,gb,4,4,4,4,0.7,0.3,tycoon,14,1.0,1.0,1,1,0.7,0,0,4,2,0.3333333333333333,0.5,NaN,-0.5,-0.6666666666666667,1.09861228866811,0.0,-0.19314718051535068,0.0,0.0,0.0,0.04166666666666652,0.02777777777777768,0.16666666666666674,0.16666666666666674
37,A squirrel,I am a slightly curious person,gb,4,4,4,4,0.7,0.3,tycoon,14,1.0,1.0,2,2,0.3,1,1,4,2,0.3333333333333333,0.5,NaN,0.5,0.33333333333333326,0.4054651081081643,0.6931471805599453,-0.042791644191678,0.05378194606599747,0.0,0.0,0.08333333333333348,0.05555555555555547,0.08333333333333326,0.08333333333333326
37,A squirrel,I am a slightly curious person,gb,4,4,4,4,0.7,0.3,tycoon,14,1.0,1.0,3,1,0.7,1,1,4,2,0.3333333333333333,0.33333333333333326,0.9999999999999997,0.6666666666666667,0.44444444444444453,0.5877866649021192,0.6730116670092565,-0.09878147980916858,0.06714394951790816,0.0,0.0,0.03737461979762402,0.04166666666666663,0.10000000000000003,0.1833333333333333
37,A squirrel,I am a slightly curious person,gb,4,4,4,4,0.7,0.3,tycoon,14,1.0,1.0,4,2,0.3,1,0,4,2,0.3333333333333333,0.5833333333333333,1.505215796449022e-8,0.41666666666666674,0.2777777777777778,0.325422400434628,0.6901856760188042,-0.14872947946598028,0.0379367811238048,1.1102230246251565e-16,1.1102230246251565e-16,0.05288461538461542,0.03525641025641024,0.15384615384615385,0.15384615384615385
37,A squirrel,I am a slightly curious person,gb,4,4,4,4,0.7,0.3,tycoon,14,1.0,1.0,5,1,0.7,1,0,4,2,0.3333333333333333,0.39999999999999997,0.7499999999999998,0.6000000000000001,0.3999999999999999,0.5108256237659905,0.6869615765973234,-0.06641254138672092,0.05538446170840036,0.0,0.014814814814814947,0.032568046699056996,0.05833333333333346,0.033333333333333326,0.18717948717948718
37,A squirrel,I am a slightly curious person,gb,4,4,4,4,0.7,0.3,tycoon,14,1.0,1.0,6,2,0.3,1,1,4,2,0.3333333333333333,0.6538461538461539,1.505215796449022e-8,0.34615384615384615,0.23076923076923073,0.262364264467491,0.6842317651303003,-0.2844497338353375,0.025781336264415255,0.0,1.1102230246251565e-16,0.032500000000000084,0.021666666666666723,0.20999999999999996,0.20999999999999996
37,A squirrel,I am a slightly curious person,gb,4,4,4,4,0.7,0.3,tycoon,14,1.0,1.0,7,1,0.7,1,0,4,2,0.3333333333333333,0.4666666666666667,0.5000000015235914,0.5333333333333333,0.3555555555555555,0.43936665978384565,0.6925525323607233,-0.08739425626637266,0.043140311410130014,0.0,0.011494252873563204,0.028088365635500878,0.05747126436781602,0.028735632183908066,0.1812643678160919
37,A squirrel,I am a slightly curious person,gb,4,4,4,4,0.7,0.3,tycoon,14,1.0,1.0,8,2,0.3,1,0,4,2,0.3333333333333333,0.71,1.505215796449022e-8,0.29000000000000004,0.19333333333333325,0.21484474849951454,0.6780102022798757,-0.42625540231422954,0.017393591340592707,1.1102230246251565e-16,0.0,0.023592811051332485,0.013085399449035862,0.2534435261707988,0.22470789398689073
37,A squirrel,I am a slightly curious person,gb,4,4,4,4,0.7,0.3,tycoon,14,1.0,1.0,9,1,0.7,1,0,4,2,0.3333333333333333,0.5287356321839081,0.3749999994326757,0.47126436781609193,0.31417624521072796,0.3771346014819384,0.6927570046594116,-0.14521767508955086,0.03231445903788896,0.0,0.0,0.024295848297131717,0.039704708699122127,0.08339984038308068,0.1700436857877181
37,A squirrel,I am a slightly curious person,gb,4,4,4,4,0.7,0.3,tycoon,14,1.0,1.0,10,2,0.3,1,0,4,2,0.3333333333333333,0.7534435261707988,1.505215796449022e-8,0.2465564738292012,0.1643709825528007,0.1795705234220647,0.6725635843867589,-0.5618791256690523,0.011912734212403908,-2.220446049250313e-16,0.0,0.021103009946231266,0.007849293563579218,0.2868916797488228,0.2034918393657421
37,A squirrel,I am a slightly curious person,gb,4,4,4,4,0.7,0.3,tycoon,14,1.0,1.0,11,1,0.7,1,1,4,2,0.3333333333333333,0.5833998403830807,0.3000000009825461,0.4166001596169193,0.27773343974461273,0.3253610111961419,0.6901813069103601,-0.22325417073184653,0.02375398970768486,0.0,-1.1102230246251565e-16,0.021220514869229712,0.026818600368324064,0.12983425414364647,0.15705742560517633
37,A squirrel,I am a slightly curious person,gb,4,4,4,4,0.7,0.3,tycoon,14,1.0,1.0,12,2,0.3,0,0,1,2,0.3333333333333333,0.7868916797488228,-0.999999984947842,-0.7868916797488228,-0.8579277864992152,1.9514198048662839,0.0,-0.22325417073184653,0.0,0.0,0.0,0.08552156996048621,0.026818600368324064,0.12983425414364647,0.0
37,A squirrel,I am a slightly curious person,gb,4,4,4,4,0.7,0.3,tycoon,14,1.0,1.0,13,1,0.7,0,0,1,2,0.3333333333333333,0.6298342541436465,-0.7500000000539505,-0.6298342541436465,-0.7532228360957642,1.3992695199830238,0.0,-0.17975900900527386,0.0,0.0,0.0,0.03687386546374516,0.05417357656163635,0.011608623548922115,0.11822563059472435
37,A squirrel,I am a slightly curious person,gb,4,4,4,4,0.7,0.3,tycoon,14,1.0,1.0,14,2,0.3,1,1,4,2,0.3333333333333333,0.6298342541436465,0.2499999999460495,0.37016574585635353,0.24677716390423576,0.28339416389113375,0.6865299089505598,-0.30920087703841675,0.017446775436758433,0.0,0.0,0.02909993167950653,0.01785633432943934,0.1685683238250476,0.1569597002761255
37,A squirrel,I am a slightly curious person,gb,4,4,4,4,0.7,0.3,tycoon,14,1.0,1.0,15,1,0.7,0,0,1,2,0.3333333333333333,0.5116086235489221,-0.5714285738112165,-0.5116086235489221,-0.6744057490326147,1.1221033017437085,0.0,-0.2228608825806696,0.0,0.0,0.0,0.00957606174069947,0.032700198075834686,0.07860780984719856,0.24717613367224617
37,A squirrel,I am a slightly curious person,gb,4,4,4,4,0.7,0.3,tycoon,14,1.0,1.0,16,2,0.3,1,1,4,2,0.3333333333333333,0.6685683238250476,0.21428571422552145,0.3314316761749524,0.22095445078330167,0.24968576342578275,0.6827064730455019,-0.39571066482832595,0.012973104587098216,2.220446049250313e-16,1.1102230246251565e-16,0.017687144019527867,0.0117914293463518,0.20073230268510978,0.20073230268510978
37,A squirrel,I am a slightly curious person,gb,4,4,4,4,0.7,0.3,tycoon,14,1.0,1.0,17,1,0.7,1,0,4,2,0.3333333333333333,0.42139219015280144,0.5624999999673466,0.5786078098471985,0.38573853989813234,0.4873346106903918,0.6895034991417229,-0.23609603900380224,0.03414268066623985,0.0,0.005170555750986905,0.008851873666450683,0.042660749283883526,0.034901251319161664,0.23563355400427144
37,A squirrel,I am a slightly curious person,gb,4,4,4,4,0.7,0.3,tycoon,14,1.0,1.0,18,2,0.3,0,0,1,2,0.3333333333333333,0.7007323026851098,-0.8125000043900489,-0.7007323026851098,-0.8004882017900732,1.6118819055039784,0.0,-0.2874591223088539,0.0,0.0,0.0,0.04198335310692558,0.027988902071283683,0.0931336200504227,0.0931336200504227
37,A squirrel,I am a slightly curious person,gb,4,4,4,4,0.7,0.3,tycoon,14,1.0,1.0,19,1,0.7,1,1,4,2,0.3333333333333333,0.46509874868083834,0.5000000018629867,0.5349012513191617,0.35660083421277444,0.4409899607474866,0.692493142237828,-0.2683627562159892,0.027180458416647513,0.0,0.012054466401103858,0.03911767354317963,0.050118461818844495,0.005011846181884438,0.08812177386853826
37,A squirrel,I am a slightly curious person,gb,4,4,4,4,0.7,0.3,tycoon,14,1.0,1.0,20,2,0.3,0,0,1,2,0.3333333333333333,0.5931336200504227,-0.666666666579618,-0.5931336200504227,-0.7287557467002818,1.3047355603437163,0.0,-0.2683627562159892,0.0,0.0,0.0,0.07754675589525939,0.050118461818844495,0.005011846181884438,0.0
38,A squirrel,I am a slightly curious person,gb,2,2,2,2,0.7,0.3,bandit,7,0.5,0.5,1,1,0.7,1,0,4,1,0.3333333333333333,0.5,NaN,0.5,0.6666666666666666,1.0986122886681096,0.0,-0.19314718051535087,0.0,0.0,0.0,0.04166666666666663,0.02777777777777779,0.16666666666666663,0.16666666666666663
38,A squirrel,I am a slightly curious person,gb,2,2,2,2,0.7,0.3,bandit,7,0.5,0.5,2,1,0.7,1,0,4,1,0.3333333333333333,0.6666666666666666,1.505215796449022e-8,0.33333333333333337,0.5555555555555555,0.8109302162163285,0.0,-0.4319456220025852,0.0,0.0,0.0,0.01562500000000011,0.01041666666666663,0.2499999999999999,0.2499999999999999
38,A squirrel,I am a slightly curious person,gb,2,2,2,2,0.7,0.3,bandit,7,0.5,0.5,3,1,0.7,1,0,4,1,0.3333333333333333,0.7499999999999999,1.505215796449022e-8,0.2500000000000001,0.5,0.6931471805599453,0.0,-0.6362943611237484,0.0,0.0,0.0,0.006249999999999978,0.004166666666666652,0.29999999999999993,0.29999999999999993
38,A squirrel,I am a slightly curious person,gb,2,2,2,2,0.7,0.3,bandit,7,0.5,0.5,4,1,0.7,1,0,4,1,0.3333333333333333,0.7999999999999999,1.505215796449022e-8,0.20000000000000007,0.4666666666666667,0.6286086594223742,0.0,-0.809437912431769,-3.3306690738754696e-16,0.0,0.0,0.0026041666666669627,0.0017361111111112715,0.33333333333333326,0.33333333333333326
38,A squirrel,I am a slightly curious person,gb,2,2,2,2,0.7,0.3,bandit,7,0.5,0.5,5,1,0.7,0,0,4,1,0.3333333333333333,0.8333333333333333,-0.999999984947842,-0.8333333333333333,-0.5555555555555556,0.8109302162163288,0.5623351446188083,-0.6637676568013677,0.06444345626076853,0.0,0.0,0.0044642857142858094,0.0029761904761905766,0.3035714285714286,0.3035714285714286
38,A squirrel,I am a slightly curious person,gb,2,2,2,2,0.7,0.3,bandit,7,0.5,0.5,6,1,0.7,0,1,3,1,0.3333333333333333,0.8035714285714286,-0.999999984947842,-0.8035714285714286,-0.5357142857142858,0.7672551527136674,0.594880254188934,-0.53368064707241,0.06324782809164242,0.0,-1.1102230246251565e-16,0.007361778846153855,0.004907852564102311,0.26923076923076916,0.26923076923076916
38,A squirrel,I am a slightly curious person,gb,2,2,2,2,0.7,0.3,bandit,7,0.5,0.5,7,2,0.3,0,1,3,1,0.3333333333333333,0.5,NaN,-0.5,-0.33333333333333337,0.40546510810816444,0.6931471805599453,-0.04279164419167801,0.05378194606599736,0.0,0.0,0.015361856951137565,0.05555555555555558,0.08333333333333337,0.35256410256410253
38,A squirrel,I am a slightly curious person,gb,2,2,2,2,0.7,0.3,bandit,7,0.5,0.5,8,2,0.3,0,0,3,1,0.3333333333333333,0.41666666666666663,-5.545009081338703e-16,-0.41666666666666663,-0.2777777777777778,0.325422400434628,0.6901856760188041,-0.14872947946598028,0.03793678112380475,0.0,0.0,0.00825358939789611,0.03525641025641035,0.15384615384615385,0.423076923076923
38,A squirrel,I am a slightly curious person,gb,2,2,2,2,0.7,0.3,bandit,7,0.5,0.5,9,1,0.7,1,0,4,1,0.3333333333333333,0.7692307692307692,1.505215796449022e-8,0.23076923076923084,0.4871794871794871,0.6678293725756553,0.0,-0.6845306937246839,0.0,0.0,0.0,0.0033094618055555802,0.002206307870370239,0.3055555555555556,0.3055555555555556
38,A squirrel,I am a slightly curious person,gb,2,2,2,2,0.7,0.3,bandit,7,0.5,0.5,10,1,0.7,0,1,4,1,0.3333333333333333,0.8055555555555556,-0.999999984947842,-0.8055555555555556,-0.537037037037037,0.7701082216960735,0.5929533174474745,-0.5675720130244422,0.05970528975128386,-2.220446049250313e-16,0.0,0.005406249999999946,0.0036041666666666305,0.274,0.274
38,A squirrel,I am a slightly curious person,gb,2,2,2,2,0.7,0.3,bandit,7,0.5,0.5,11,1,0.7,0,0,4,1,0.3333333333333333,0.774,-0.9374999927835462,-0.774,-0.516,0.7256703722655053,0.6201327158624925,-0.47241718232341906,0.05632219399913446,0.0,0.0,0.008484574567993897,0.005656383045329116,0.23929376408715253,0.23929376408715253
38,A squirrel,I am a slightly curious person,gb,2,2,2,2,0.7,0.3,bandit,7,0.5,0.5,12,1,0.7,0,1,4,1,0.3333333333333333,0.7392937640871525,-0.8333333331345034,-0.7392937640871525,-0.49286250939143506,0.6789731275225819,0.6428206018242861,-0.40314200060979377,0.051345532371297686,0.0,1.1102230246251565e-16,0.012765239197530698,0.008510159465020428,0.20246913580246917,0.20246913580246917
38,A squirrel,I am a slightly curious person,gb,2,2,2,2,0.7,0.3,bandit,7,0.5,0.5,13,1,0.7,0,0,4,1,0.3333333333333333,0.7024691358024692,-0.7500000002530951,-0.7024691358024692,-0.4683127572016461,0.631699851992047,0.6605668054089235,-0.360692175399716,0.045299229434115906,2.220446049250313e-16,0.0,0.018403051693855588,0.012268701129237058,0.16480114312931637,0.16480114312931637
38,A squirrel,I am a slightly curious person,gb,2,2,2,2,0.7,0.3,bandit,7,0.5,0.5,14,2,0.3,0,1,3,1,0.3333333333333333,0.34615384615384615,-5.545009081338703e-16,-0.34615384615384615,-0.2307692307692308,0.2623642644674911,0.6842317651303003,-0.2844497338353375,0.0257813362644152,0.0,1.1102230246251565e-16,0.010815859995348509,0.021666666666666834,0.21000000000000002,0.3748011431293164
38,A squirrel,I am a slightly curious person,gb,2,2,2,2,0.7,0.3,bandit,7,0.5,0.5,15,1,0.7,0,0,1,1,0.3333333333333333,0.6648011431293164,-0.6818181815006541,-0.6648011431293164,-0.443200762086211,0.5855505386521797,0.6735513215030678,-0.3428576367419082,0.038842448820063824,-1.1102230246251565e-16,0.0,0.025453278710436122,0.016968852473624008,0.12756629597946967,0.12756629597946967
38,A squirrel,I am a slightly curious person,gb,2,2,2,2,0.7,0.3,bandit,7,0.5,0.5,16,1,0.7,1,0,4,1,0.3333333333333333,0.6275662959794697,0.374999999823323,0.37243370402053033,0.5816224693470202,0.871371070701734,0.0,-0.40981077705859575,5.551115123125783e-17,1.1102230246251565e-16,0.0,0.01376188270290224,0.009174588468601419,0.17725904469813125,0.17725904469813125
38,A squirrel,I am a slightly curious person,gb,2,2,2,2,0.7,0.3,bandit,7,0.5,0.5,17,1,0.7,0,0,3,1,0.3333333333333333,0.6772590446981313,-0.6923076826263337,-0.6772590446981313,-0.45150602979875415,0.6005789925793369,0.6697549834510821,-0.3927257439257295,0.03717557319968762,-2.220446049250313e-16,0.0,0.01909194518630053,0.012727963457533797,0.14329352478254864,0.14329352478254864
38,A squirrel,I am a slightly curious person,gb,2,2,2,2,0.7,0.3,bandit,7,0.5,0.5,18,1,0.7,0,1,3,1,0.3333333333333333,0.6432935247825486,-0.6428571437307723,-0.6432935247825486,-0.42886234985503247,0.5601250298233724,0.679093107211889,-0.3932129201564539,0.03152311172284855,1.1102230246251565e-16,0.0,0.025544880069783393,0.017029920046522262,0.11053007653777647,0.11053007653777647
38,A squirrel,I am a slightly curious person,gb,2,2,2,2,0.7,0.3,bandit,7,0.5,0.5,19,1,0.7,1,0,3,1,0.3333333333333333,0.6105300765377765,0.39999999936908937,0.38946992346222353,0.5929799489748157,0.8988928293348996,0.0,-0.43735842027124944,0.0,0.0,0.0,0.0145915519012626,0.009727701267508548,0.15565722644530022,0.15565722644530022
38,A squirrel,I am a slightly curious person,gb,2,2,2,2,0.7,0.3,bandit,7,0.5,0.5,20,1,0.7,0,1,3,1,0.3333333333333333,0.6556572264453002,-0.6562499974133875,-0.6556572264453002,-0.43710481763020026,0.5746618451385843,0.6760565564446434,-0.4370254388802459,0.03042125408285662,0.0,1.1102230246251565e-16,0.01960463970649806,0.013069759804332004,0.12540254820574526,0.12540254820574526
39,A squirrel,I am a slightly curious person,bg,2,2,3,3,0.3,0.7,tycoon,15,0.5,0.75,1,1,0.3,0,0,4,2,0.3333333333333333,0.5,NaN,-0.5,-0.6666666666666667,1.09861228866811,0.0,-0.19314718051535068,0.0,0.0,0.0,0.04166666666666652,0.02777777777777768,0.16666666666666674,0.16666666666666674
39,A squirrel,I am a slightly curious person,bg,2,2,3,3,0.3,0.7,tycoon,15,0.5,0.75,2,2,0.7,1,0,1,2,0.3333333333333333,0.5,NaN,0.5,0.33333333333333326,0.4054651081081643,0.6931471805599453,-0.042791644191678,0.05378194606599747,0.0,0.0,0.08333333333333348,0.05555555555555547,0.08333333333333326,0.08333333333333326
39,A squirrel,I am a slightly curious person,bg,2,2,3,3,0.3,0.7,tycoon,15,0.5,0.75,3,2,0.7,1,1,4,2,0.3333333333333333,0.5833333333333333,1.505215796449022e-8,0.41666666666666674,0.2777777777777778,0.325422400434628,0.6901856760188042,-0.14872947946598028,0.0379367811238048,1.1102230246251565e-16,0.0,0.05288461538461542,0.03525641025641024,0.15384615384615385,0.15384615384615385
39,A squirrel,I am a slightly curious person,bg,2,2,3,3,0.3,0.7,tycoon,15,0.5,0.75,4,2,0.7,1,1,4,2,0.3333333333333333,0.6538461538461539,1.505215796449022e-8,0.34615384615384615,0.23076923076923073,0.262364264467491,0.6842317651303003,-0.2844497338353375,0.025781336264415255,0.0,1.1102230246251565e-16,0.032500000000000084,0.021666666666666723,0.20999999999999996,0.20999999999999996
39,A squirrel,I am a slightly curious person,bg,2,2,3,3,0.3,0.7,tycoon,15,0.5,0.75,5,2,0.7,1,1,4,2,0.3333333333333333,0.71,1.505215796449022e-8,0.29000000000000004,0.19333333333333325,0.21484474849951454,0.6780102022798757,-0.42625540231422954,0.017393591340592707,1.1102230246251565e-16,1.1102230246251565e-16,0.01962809917355368,0.013085399449035973,0.2534435261707988,0.2534435261707988
39,A squirrel,I am a slightly curious person,bg,2,2,3,3,0.3,0.7,tycoon,15,0.5,0.75,6,2,0.7,0,0,4,2,0.3333333333333333,0.7534435261707988,-0.999999984947842,-0.7534435261707988,-0.8356290174471993,1.8056293170922058,0.0,-0.14521767508955086,0.0,0.0,0.0,0.05955706304868302,0.039704708699122127,0.08339984038308068,0.08339984038308068
39,A squirrel,I am a slightly curious person,bg,2,2,3,3,0.3,0.7,tycoon,15,0.5,0.75,7,2,0.7,1,0,4,2,0.3333333333333333,0.5833998403830807,0.3000000009825461,0.4166001596169193,0.27773343974461273,0.3253610111961419,0.6901813069103601,-0.22325417073184653,0.02375398970768486,-1.1102230246251565e-16,0.0,0.04022790055248604,0.026818600368323953,0.12983425414364647,0.12983425414364647
39,A squirrel,I am a slightly curious person,bg,2,2,3,3,0.3,0.7,tycoon,15,0.5,0.75,8,2,0.7,1,0,4,2,0.3333333333333333,0.6298342541436465,0.2499999999460495,0.37016574585635353,0.24677716390423576,0.28339416389113375,0.6865299089505598,-0.30920087703841675,0.017446775436758433,0.0,1.1102230246251565e-16,0.026784501494159008,0.01785633432943945,0.1685683238250476,0.1685683238250476
39,A squirrel,I am a slightly curious person,bg,2,2,3,3,0.3,0.7,tycoon,15,0.5,0.75,9,2,0.7,1,1,4,2,0.3333333333333333,0.6685683238250476,0.21428571422552145,0.3314316761749524,0.22095445078330167,0.24968576342578275,0.6827064730455019,-0.39571066482832595,0.012973104587098216,2.220446049250313e-16,1.1102230246251565e-16,0.017687144019527867,0.011791429346351912,0.20073230268510978,0.20073230268510978
39,A squirrel,I am a slightly curious person,bg,2,2,3,3,0.3,0.7,tycoon,15,0.5,0.75,10,2,0.7,1,0,4,2,0.3333333333333333,0.7007323026851098,0.18749999560995112,0.2992676973148902,0.19951179820992682,0.22253348520479543,0.6791076299320256,-0.4791391417344009,0.00984175385178182,-1.1102230246251565e-16,-1.1102230246251565e-16,0.011631613964404819,0.00775440930960325,0.2275499454804193,0.2275499454804193
39,A squirrel,I am a slightly curious person,bg,2,2,3,3,0.3,0.7,tycoon,15,0.5,0.75,11,2,0.7,1,1,4,2,0.3333333333333333,0.7275499454804193,0.16666666576379163,0.2724500545195807,0.18163336967972044,0.20044483946697284,0.6758665393660739,-0.5580527251703005,0.007640859362410435,1.1102230246251565e-16,0.0,0.00763730493891257,0.0050915366259418615,0.25010350564199846,0.25010350564199846
39,A squirrel,I am a slightly curious person,bg,2,2,3,3,0.3,0.7,tycoon,15,0.5,0.75,12,2,0.7,1,1,4,2,0.3333333333333333,0.7501035056419985,0.150000003887101,0.24989649435800154,0.1665976629053343,0.18223875570846026,0.6729982360996121,-0.6321463133369446,0.006070404564555654,0.0,0.0,0.005014107447041116,0.003342738298027337,0.2692689835342672,0.2692689835342672
39,A squirrel,I am a slightly curious person,bg,2,2,3,3,0.3,0.7,tycoon,15,0.5,0.75,13,2,0.7,1,0,4,2,0.3333333333333333,0.7692689835342672,0.1363636364214903,0.2307310164657328,0.1538206776438218,0.16702397687729043,0.6704725392173686,-0.7016137230328472,0.004926175002460287,-1.1102230246251565e-16,-1.1102230246251565e-16,0.0032940647694743586,0.0021960431796494984,0.2857282641187262,0.2857282641187262
39,A squirrel,I am a slightly curious person,bg,2,2,3,3,0.3,0.7,tycoon,15,0.5,0.75,14,2,0.7,0,0,4,2,0.3333333333333333,0.7857282641187262,-0.8749999998414556,-0.7857282641187262,-0.857152176079151,1.9459753837371057,0.0,-0.5393602861464555,0.0,0.0,0.0,0.010061565148154483,0.0067077100987695815,0.20006088768897734,0.20006088768897734
39,A squirrel,I am a slightly curious person,bg,2,2,3,3,0.3,0.7,tycoon,15,0.5,0.75,15,2,0.7,1,1,4,2,0.3333333333333333,0.7000608876889773,0.23076922910119313,0.29993911231102266,0.19995940820734848,0.22309281286061247,0.6791861518855316,-0.5970713470520577,0.006442091120349214,-2.220446049250313e-16,-1.1102230246251565e-16,0.00697701594164557,0.00465134396109701,0.21877378304676132,0.21877378304676132
39,A squirrel,I am a slightly curious person,bg,2,2,3,3,0.3,0.7,tycoon,15,0.5,0.75,16,2,0.7,1,0,4,2,0.3333333333333333,0.7187737830467613,0.21428571820362974,0.2812262169532387,0.18748414463549257,0.20761985067386748,0.676948829855855,-0.6520146989761941,0.005390576371988254,0.0,0.0,0.004829660913112099,0.003219773942074844,0.2353033006654015,0.2353033006654015
39,A squirrel,I am a slightly curious person,bg,2,2,3,3,0.3,0.7,tycoon,15,0.5,0.75,17,2,0.7,1,0,4,2,0.3333333333333333,0.7353033006654015,0.2000000001808191,0.2646966993345985,0.17646446622306566,0.19414858059659687,0.6748941132952431,-0.7043242159533534,0.004574946225502474,0.0,0.0,0.003338532900957758,0.0022256886006384313,0.2500035104134557,0.2500035104134557
39,A squirrel,I am a slightly curious person,bg,2,2,3,3,0.3,0.7,tycoon,15,0.5,0.75,18,2,0.7,0,0,4,2,0.3333333333333333,0.7500035104134557,-0.8124999961234287,-0.7500035104134557,-0.8333356736089705,1.7917735109804631,0.0,-0.6122221718830456,0.0,0.0,0.0,0.00850613157366975,0.0056707543824464635,0.18422382912199375,0.18422382912199375
39,A squirrel,I am a slightly curious person,bg,2,2,3,3,0.3,0.7,tycoon,15,0.5,0.75,19,2,0.7,0,0,4,2,0.3333333333333333,0.6842238291219938,-0.7352941176831826,-0.6842238291219938,-0.7894825527479958,1.558186744486836,0.0,-0.5615766048893697,1.1102230246251565e-16,0.0,0.0,0.017455523054242028,0.011637015369494685,0.12504002096123668,0.12504002096123668
39,A squirrel,I am a slightly curious person,bg,2,2,3,3,0.3,0.7,tycoon,15,0.5,0.75,20,2,0.7,1,0,4,2,0.3333333333333333,0.6250400209612367,0.33333333366665996,0.3749599790387633,0.24997331935917555,0.2876464988967614,0.6869580481497224,-0.6027858938722077,0.007150549187050048,1.1102230246251565e-16,1.1102230246251565e-16,0.013033761041280734,0.008689174027520452,0.1428740823439466,0.1428740823439466
40,A squirrel,I am a slightly curious person,bg,2,2,3,2,0.3,0.7,bandit,7,0.5,0.625,1,1,0.3,0,0,4,1,0.3333333333333333,0.5,NaN,-0.5,-0.33333333333333337,0.40546510810816444,0.6931471805599453,-0.04279164419167801,0.05378194606599736,0.0,0.0,0.08333333333333337,0.05555555555555547,0.08333333333333337,0.08333333333333337
40,A squirrel,I am a slightly curious person,bg,2,2,3,2,0.3,0.7,bandit,7,0.5,0.625,2,1,0.3,0,0,4,1,0.3333333333333333,0.41666666666666663,-5.545009081338703e-16,-0.41666666666666663,-0.2777777777777778,0.325422400434628,0.6901856760188041,-0.14872947946598028,0.03793678112380475,0.0,1.1102230246251565e-16,0.05288461538461542,0.03525641025641024,0.15384615384615385,0.15384615384615385
40,A squirrel,I am a slightly curious person,bg,2,2,3,2,0.3,0.7,bandit,7,0.5,0.625,3,1,0.3,1,0,4,1,0.3333333333333333,0.34615384615384615,0.9999999999999994,0.6538461538461539,0.7692307692307692,1.466337068793427,0.0,-0.06641254138672094,0.0,0.0,0.0,0.08750000000000002,0.05833333333333335,0.033333333333333326,0.033333333333333326
40,A squirrel,I am a slightly curious person,bg,2,2,3,2,0.3,0.7,bandit,7,0.5,0.625,4,1,0.3,1,0,1,1,0.3333333333333333,0.5333333333333333,0.5000000009897914,0.4666666666666667,0.6444444444444444,1.0340737675305383,0.0,-0.20400590700589533,0.0,0.0,0.0,0.03776041666666674,0.02517361111111116,0.14583333333333326,0.14583333333333326
40,A squirrel,I am a slightly curious person,bg,2,2,3,2,0.3,0.7,bandit,7,0.5,0.625,5,2,0.7,1,0,1,1,0.3333333333333333,0.5,NaN,0.5,0.6666666666666666,1.0986122886681096,0.0,-0.19314718051535087,0.0,0.0,0.0,0.08979251728859705,0.0277777777777779,0.16666666666666663,0.02083333333333337
40,A squirrel,I am a slightly curious person,bg,2,2,3,2,0.3,0.7,bandit,7,0.5,0.625,6,2,0.7,0,0,4,1,0.3333333333333333,0.6666666666666666,-0.999999984947842,-0.6666666666666666,-0.44444444444444453,0.5877866649021192,0.6730116670092565,-0.09878147980916833,0.0671439495179084,0.012500000000000067,0.0,0.08099859474789495,0.04166666666666663,0.09999999999999987,0.04583333333333339
40,A squirrel,I am a slightly curious person,bg,2,2,3,2,0.3,0.7,bandit,7,0.5,0.625,7,2,0.7,1,0,4,1,0.3333333333333333,0.5999999999999999,0.2499999999999999,0.40000000000000013,0.6000000000000001,0.9162907318741551,0.0,-0.29705541768766514,0.0,0.0,0.0,0.06451499090356083,0.01666666666666672,0.19999999999999996,0.054166666666666696
40,A squirrel,I am a slightly curious person,bg,2,2,3,2,0.3,0.7,bandit,7,0.5,0.625,8,2,0.7,0,1,4,1,0.3333333333333333,0.7,-0.999999984947842,-0.7,-0.4666666666666667,0.6286086594223742,0.6615632381579821,-0.20400590700589533,0.06231225300813903,0.03385416666666674,0.0,0.0909255551882544,0.02517361111111105,0.14583333333333326,0.0
40,A squirrel,I am a slightly curious person,bg,2,2,3,2,0.3,0.7,bandit,7,0.5,0.625,9,2,0.7,0,0,4,1,0.3333333333333333,0.6458333333333333,-0.7499999978409456,-0.6458333333333333,-0.43055555555555564,0.5630940523117476,0.6785008770139085,-0.1571350842422471,0.053167047747771534,0.0,0.0,0.06638659553189297,0.03585946573751453,0.09059233449477355,0.05524099883855971
40,A squirrel,I am a slightly curious person,bg,2,2,3,2,0.3,0.7,bandit,7,0.5,0.625,10,1,0.3,0,1,4,1,0.3333333333333333,0.6458333333333333,-0.7499999978409456,-0.6458333333333333,-0.43055555555555564,0.5630940523117476,0.6785008770139085,-0.1571350842422471,0.053167047747771534,0.0323361944420838,-1.1102230246251565e-16,0.09211118141984109,0.03585946573751453,0.09059233449477355,0.0
40,A squirrel,I am a slightly curious person,bg,2,2,3,2,0.3,0.7,bandit,7,0.5,0.625,11,2,0.7,0,1,4,1,0.3333333333333333,0.5905923344947736,-0.5999999972964525,-0.5905923344947736,-0.3937282229965158,0.5004269165450922,0.6881771822372582,-0.15234512269821188,0.04329848222372032,0.0,0.008301404853128913,0.06652350332326906,0.04831178160919547,0.03735632183908055,0.053236012655693
40,A squirrel,I am a slightly curious person,bg,2,2,3,2,0.3,0.7,bandit,7,0.5,0.625,12,1,0.3,0,1,4,1,0.3333333333333333,0.5905923344947736,-0.5999999972964525,-0.5905923344947736,-0.3937282229965158,0.5004269165450922,0.6881771822372582,-0.15234512269821188,0.04329848222372032,0.029269608490773646,0.008301404853128913,0.09038855040001592,0.04831178160919547,0.03735632183908055,0.0
40,A squirrel,I am a slightly curious person,bg,2,2,3,2,0.3,0.7,bandit,7,0.5,0.625,13,2,0.7,1,0,1,1,0.3333333333333333,0.5373563218390806,0.5000000012511272,0.46264367816091945,0.6417624521072797,1.026558971028052,0.0,-0.2370012027813298,0.0,0.0,0.0,0.04758299680658007,0.023946573578926378,0.12507427213309563,0.08771795029401508
40,A squirrel,I am a slightly curious person,bg,2,2,3,2,0.3,0.7,bandit,7,0.5,0.625,14,1,0.3,0,0,4,1,0.3333333333333333,0.5373563218390806,-0.49999999874887274,-0.5373563218390806,-0.35823754789272033,0.4435370560575723,0.6923940398076736,-0.17975900900527403,0.03407290818339537,0.0,0.012935323383084563,0.036383716234279384,0.05417357656163635,0.011608623548922004,0.13668289568201764
40,A squirrel,I am a slightly curious person,bg,2,2,3,2,0.3,0.7,bandit,7,0.5,0.625,15,2,0.7,0,1,4,1,0.3333333333333333,0.6250742721330956,-0.6428571429065449,-0.6250742721330956,-0.41671618142206385,0.5390813867732288,0.6828941449085093,-0.2228608825806698,0.04211572422065937,-2.220446049250313e-16,-1.1102230246251565e-16,0.04905029711375197,0.032700198075834686,0.07860780984719873,0.07860780984719873
40,A squirrel,I am a slightly curious person,bg,2,2,3,2,0.3,0.7,bandit,7,0.5,0.625,16,1,0.3,0,0,4,1,0.3333333333333333,0.488391376451078,-0.42857142831688716,-0.488391376451078,-0.32559425096738537,0.393923347667993,0.6930813365993375,-0.22800730239285252,0.026290814189475292,0.0,0.0,0.03443528400114271,0.03924009562841524,0.055163934426229466,0.1337717442734282
40,A squirrel,I am a slightly curious person,bg,2,2,3,2,0.3,0.7,bandit,7,0.5,0.625,17,1,0.3,1,0,1,1,0.3333333333333333,0.44483606557377053,0.6250000004954153,0.5551639344262295,0.7034426229508196,1.2155145647661072,0.0,-0.23609603900380247,0.0,0.0,0.0,0.06131207357988011,0.04266074928388364,0.034901251319161775,0.043706558528036954
40,A squirrel,I am a slightly curious person,bg,2,2,3,2,0.3,0.7,bandit,7,0.5,0.625,18,2,0.7,0,1,4,1,0.3333333333333333,0.5786078098471987,-0.5624999999949906,-0.5786078098471987,-0.38573853989813256,0.48733461069039213,0.6895034991417228,-0.23609603900380247,0.03414268066623968,0.023717673643830595,0.005170555750986905,0.08081105240017783,0.042660749283883526,0.034901251319161775,0.0
40,A squirrel,I am a slightly curious person,bg,2,2,3,2,0.3,0.7,bandit,7,0.5,0.625,19,2,0.7,0,1,4,1,0.3333333333333333,0.5349012513191618,-0.4999999984995474,-0.5349012513191618,-0.35660083421277455,0.44098996074748675,0.692493142237828,-0.26836275621598926,0.027180458416647624,0.0,0.012054466401103858,0.06000517997097121,0.050118461818844384,0.0050118461818845494,0.039913097501046324
40,A squirrel,I am a slightly curious person,bg,2,2,3,2,0.3,0.7,bandit,7,0.5,0.625,20,2,0.7,1,0,1,1,0.3333333333333333,0.49498815381811545,0.5499999960158957,0.5050118461818845,0.6700078974545896,1.1086865564885529,0.0,-0.29265509243877524,0.0,0.0,0.0,0.06018553702347118,0.030589443846531394,0.06757675314376344,0.03267550182460166
41,A squirrel,I am a slightly curious person,bg,3,3,2,2,0.7,0.3,bandit,10,0.5,0.75,1,1,0.7,0,1,4,1,0.3333333333333333,0.5,NaN,-0.5,-0.33333333333333337,0.40546510810816444,0.6931471805599453,-0.04279164419167801,0.05378194606599736,0.0,0.0,0.08333333333333337,0.05555555555555547,0.08333333333333337,0.08333333333333337
41,A squirrel,I am a slightly curious person,bg,3,3,2,2,0.7,0.3,bandit,10,0.5,0.75,2,1,0.7,1,0,1,1,0.3333333333333333,0.41666666666666663,0.9999999999999994,0.5833333333333334,0.7222222222222222,1.2809338454620642,0.0,-0.09878147980916833,0.0,0.0,0.0,0.0625,0.04166666666666663,0.09999999999999987,0.09999999999999987
41,A squirrel,I am a slightly curious person,bg,3,3,2,2,0.7,0.3,bandit,10,0.5,0.75,3,1,0.7,1,0,1,1,0.3333333333333333,0.5999999999999999,0.2499999999999999,0.40000000000000013,0.6000000000000001,0.9162907318741551,0.0,-0.29705541768766514,0.0,0.0,0.0,0.02499999999999991,0.016666666666666607,0.19999999999999996,0.19999999999999996
41,A squirrel,I am a slightly curious person,bg,3,3,2,2,0.7,0.3,bandit,10,0.5,0.75,4,2,0.3,0,1,4,1,0.3333333333333333,0.5,NaN,-0.5,-0.33333333333333337,0.40546510810816444,0.6931471805599453,-0.04279164419167801,0.05378194606599736,0.0,0.0,0.026999997924110897,0.05555555555555547,0.08333333333333337,0.2833333333333333
41,A squirrel,I am a slightly curious person,bg,3,3,2,2,0.7,0.3,bandit,10,0.5,0.75,5,2,0.3,1,0,4,1,0.3333333333333333,0.41666666666666663,0.9999999999999994,0.5833333333333334,0.7222222222222222,1.2809338454620642,0.0,-0.09878147980916833,0.0,0.0,0.0,0.0577799995725643,0.04166666666666663,0.09999999999999987,0.10000000000000009
41,A squirrel,I am a slightly curious person,bg,3,3,2,2,0.7,0.3,bandit,10,0.5,0.75,6,2,0.3,0,0,4,1,0.3333333333333333,0.5999999999999999,-0.7500000000000001,-0.5999999999999999,-0.39999999999999997,0.5108256237659905,0.6869615765973234,-0.06641254138672094,0.05538446170840032,0.0,0.014814814814814725,0.038675999620050305,0.05833333333333324,0.033333333333333326,0.16666666666666663
41,A squirrel,I am a slightly curious person,bg,3,3,2,2,0.7,0.3,bandit,10,0.5,0.75,7,1,0.7,0,1,4,1,0.3333333333333333,0.7,-0.999999984947842,-0.7,-0.4666666666666667,0.6286086594223742,0.6615632381579821,-0.20400590700589533,0.06231225300813903,0.0,0.0,0.047324062968474134,0.02517361111111094,0.14583333333333326,0.11249999999999993
41,A squirrel,I am a slightly curious person,bg,3,3,2,2,0.7,0.3,bandit,10,0.5,0.75,8,1,0.7,0,1,4,1,0.3333333333333333,0.6458333333333333,-0.7499999978409456,-0.6458333333333333,-0.43055555555555564,0.5630940523117476,0.6785008770139085,-0.1571350842422471,0.053167047747771534,0.008594657375145087,-1.1102230246251565e-16,0.06644991460287342,0.03585946573751453,0.09059233449477355,0.057259001161440226
41,A squirrel,I am a slightly curious person,bg,3,3,2,2,0.7,0.3,bandit,10,0.5,0.75,9,1,0.7,1,0,4,1,0.3333333333333333,0.5905923344947736,0.4000000027035475,0.40940766550522645,0.6062717770034842,0.9320943970472803,0.0,-0.28542769031337323,0.0,0.0,0.0,0.03272594906633364,0.016685103244837518,0.17256637168141586,0.13923303834808254
41,A squirrel,I am a slightly curious person,bg,3,3,2,2,0.7,0.3,bandit,10,0.5,0.75,10,2,0.3,0,0,4,1,0.3333333333333333,0.5333333333333333,-0.4999999990102087,-0.5333333333333333,-0.3555555555555556,0.4393666597838458,0.6925525323607233,-0.08739425626637275,0.04314031141012996,0.0,0.011494252873563315,0.030181571531181728,0.05747126436781602,0.02873563218390801,0.20130200386532388
41,A squirrel,I am a slightly curious person,bg,3,3,2,2,0.7,0.3,bandit,10,0.5,0.75,11,1,0.7,1,0,1,1,0.3333333333333333,0.6725663716814159,0.2499999999972985,0.32743362831858414,0.551622418879056,0.8021195865341739,0.0,-0.4271890325390061,-2.220446049250313e-16,-1.1102230246251565e-16,0.0,0.011627375730994038,0.007751583820662655,0.23099415204678364,0.23099415204678364
41,A squirrel,I am a slightly curious person,bg,3,3,2,2,0.7,0.3,bandit,10,0.5,0.75,12,1,0.7,1,0,4,1,0.3333333333333333,0.7309941520467836,0.14285714272308225,0.26900584795321636,0.5126705653021442,0.7188149273085229,0.0,-0.5675720130244422,2.220446049250313e-16,0.0,0.0,0.005406249999999946,0.0036041666666666305,0.274,0.274
41,A squirrel,I am a slightly curious person,bg,3,3,2,2,0.7,0.3,bandit,10,0.5,0.75,13,2,0.3,1,0,4,1,0.3333333333333333,0.471264367816092,0.6249999949751466,0.5287356321839081,0.6858237547892719,1.15780116005844,0.0,-0.1571350842422471,0.0,0.0,0.0,0.024251725465025853,0.03585946573751453,0.09059233449477355,0.18340766550522647
41,A squirrel,I am a slightly curious person,bg,3,3,2,2,0.7,0.3,bandit,10,0.5,0.75,14,2,0.3,1,0,1,1,0.3333333333333333,0.5905923344947736,0.4000000027035475,0.40940766550522645,0.6062717770034842,0.9320943970472803,0.0,-0.28542769031337323,0.0,0.0,0.0,0.03762334077321172,0.016685103244837518,0.17256637168141586,0.10143362831858416
41,A squirrel,I am a slightly curious person,bg,3,3,2,2,0.7,0.3,bandit,10,0.5,0.75,15,1,0.7,0,0,4,1,0.3333333333333333,0.774,-0.9374999927835462,-0.774,-0.516,0.7256703722655053,0.6201327158624925,-0.47241718232341906,0.05632219399913446,0.0031304783370899036,0.0,0.042855924394720524,0.005656383045329227,0.23929376408715253,0.06672739240573666
41,A squirrel,I am a slightly curious person,bg,3,3,2,2,0.7,0.3,bandit,10,0.5,0.75,16,1,0.7,0,1,4,1,0.3333333333333333,0.7392937640871525,-0.8333333331345034,-0.7392937640871525,-0.49286250939143506,0.6789731275225819,0.6428206018242861,-0.40314200060979377,0.051345532371297686,0.013956079973779123,1.1102230246251565e-16,0.05836635632006992,0.008510159465020428,0.20246913580246917,0.029902764121053305
41,A squirrel,I am a slightly curious person,bg,3,3,2,2,0.7,0.3,bandit,10,0.5,0.75,17,2,0.3,0,1,4,1,0.3333333333333333,0.6725663716814159,-0.7500000000027015,-0.6725663716814159,-0.44837758112094395,0.5948914905258637,0.67123888203318,-0.2370012027813298,0.05044154348753849,0.0,-1.1102230246251565e-16,0.049374351531102256,0.023946573578926267,0.12507427213309563,0.07739486366937354
41,A squirrel,I am a slightly curious person,bg,3,3,2,2,0.7,0.3,bandit,10,0.5,0.75,18,1,0.7,1,0,4,1,0.3333333333333333,0.7024691358024692,0.2499999997469049,0.29753086419753083,0.5316872427983539,0.7586189216483179,0.0,-0.5103029326983979,0.0,0.0,0.0,0.02479716493031936,0.004242992654679756,0.24523455454914145,0.12016028241604582
41,A squirrel,I am a slightly curious person,bg,3,3,2,2,0.7,0.3,bandit,10,0.5,0.75,19,2,0.3,0,1,4,1,0.3333333333333333,0.6250742721330956,-0.6428571429065449,-0.6250742721330956,-0.41671618142206385,0.5390813867732288,0.6828941449085093,-0.2228608825806698,0.04211572422065937,0.0,-1.1102230246251565e-16,0.023646801422363195,0.032700198075834686,0.07860780984719873,0.16662674470194272
41,A squirrel,I am a slightly curious person,bg,3,3,2,2,0.7,0.3,bandit,10,0.5,0.75,20,1,0.7,1,0,4,1,0.3333333333333333,0.7452345545491414,0.18181818183134602,0.25476544545085855,0.5031769636339056,0.6995213799409306,0.0,-0.619598630613121,-1.1102230246251565e-16,0.0,0.0,0.008853306152903695,0.0020950255102039073,0.27931972789115633,0.2007119180439576
42,A squirrel,I am a slightly curious person,bg,0,1,1,2,0.3,0.7,bandit,6,0.125,0.375,1,1,0.3,0,0,4,1,0.3333333333333333,0.5,NaN,-0.5,-0.33333333333333337,0.40546510810816444,0.6931471805599453,-0.04279164419167801,0.05378194606599736,0.0,0.0,0.08333333333333337,0.05555555555555547,0.08333333333333337,0.08333333333333337
42,A squirrel,I am a slightly curious person,bg,0,1,1,2,0.3,0.7,bandit,6,0.125,0.375,2,2,0.7,0,1,4,1,0.3333333333333333,0.5,NaN,-0.5,-0.33333333333333337,0.40546510810816444,0.6931471805599453,-0.04279164419167801,0.05378194606599736,0.0,-1.1102230246251565e-16,0.08333333333333337,0.05555555555555547,0.08333333333333337,0.08333333333333337
42,A squirrel,I am a slightly curious person,bg,0,1,1,2,0.3,0.7,bandit,6,0.125,0.375,3,2,0.7,0,1,4,1,0.3333333333333333,0.41666666666666663,-5.545009081338703e-16,-0.41666666666666663,-0.2777777777777778,0.325422400434628,0.6901856760188041,-0.14872947946598028,0.03793678112380475,0.0,0.0,0.05288461538461542,0.03525641025641024,0.15384615384615385,0.15384615384615385
42,A squirrel,I am a slightly curious person,bg,0,1,1,2,0.3,0.7,bandit,6,0.125,0.375,4,2,0.7,1,0,1,1,0.3333333333333333,0.34615384615384615,0.9999999999999994,0.6538461538461539,0.7692307692307692,1.466337068793427,0.0,-0.06641254138672094,0.0,0.0,0.0,0.08750000000000002,0.05833333333333335,0.033333333333333326,0.033333333333333326
42,A squirrel,I am a slightly curious person,bg,0,1,1,2,0.3,0.7,bandit,6,0.125,0.375,5,1,0.3,0,0,4,1,0.3333333333333333,0.41666666666666663,-5.545009081338703e-16,-0.41666666666666663,-0.2777777777777778,0.325422400434628,0.6901856760188041,-0.14872947946598028,0.03793678112380475,0.0,1.1102230246251565e-16,0.0444117751994334,0.03525641025641035,0.15384615384615385,0.18717948717948718
42,A squirrel,I am a slightly curious person,bg,0,1,1,2,0.3,0.7,bandit,6,0.125,0.375,6,2,0.7,0,1,4,1,0.3333333333333333,0.5333333333333333,-0.4999999990102087,-0.5333333333333333,-0.3555555555555556,0.4393666597838458,0.6925525323607233,-0.08739425626637275,0.04314031141012996,0.01724137931034475,0.011494252873563204,0.08620689655172409,0.05747126436781602,0.02873563218390801,0.02873563218390801
42,A squirrel,I am a slightly curious person,bg,0,1,1,2,0.3,0.7,bandit,6,0.125,0.375,7,1,0.3,1,0,1,1,0.3333333333333333,0.34615384615384615,0.9999999999999994,0.6538461538461539,0.7692307692307692,1.466337068793427,0.0,-0.06641254138672094,0.0,0.0,0.0,0.08750000000000002,0.05833333333333346,0.033333333333333326,0.033333333333333326
42,A squirrel,I am a slightly curious person,bg,0,1,1,2,0.3,0.7,bandit,6,0.125,0.375,8,1,0.3,0,0,4,1,0.3333333333333333,0.5333333333333333,-0.4999999990102087,-0.5333333333333333,-0.3555555555555556,0.4393666597838458,0.6925525323607233,-0.08739425626637275,0.04314031141012996,0.01724137931034475,0.011494252873563204,0.08620689655172409,0.05747126436781602,0.02873563218390801,0.02873563218390801
42,A squirrel,I am a slightly curious person,bg,0,1,1,2,0.3,0.7,bandit,6,0.125,0.375,9,2,0.7,0,1,4,1,0.3333333333333333,0.471264367816092,-0.37500000502485337,-0.471264367816092,-0.31417624521072807,0.37713460148193856,0.6927570046594116,-0.145217675089551,0.03231445903788896,0.0,1.1102230246251565e-16,0.059557063048683245,0.03970470869912224,0.08339984038308051,0.08339984038308051
42,A squirrel,I am a slightly curious person,bg,0,1,1,2,0.3,0.7,bandit,6,0.125,0.375,10,2,0.7,0,1,4,1,0.3333333333333333,0.4166001596169195,-0.30000000098701385,-0.4166001596169195,-0.277733439744613,0.3253610111961422,0.6901813069103601,-0.22325417073184692,0.023753989707684525,0.0,0.0,0.04022790055248615,0.026818600368324064,0.1298342541436464,0.1298342541436464
42,A squirrel,I am a slightly curious person,bg,0,1,1,2,0.3,0.7,bandit,6,0.125,0.375,11,1,0.3,0,0,4,1,0.3333333333333333,0.471264367816092,-0.37500000502485337,-0.471264367816092,-0.31417624521072807,0.37713460148193856,0.6927570046594116,-0.145217675089551,0.03231445903788896,0.0,1.1102230246251565e-16,0.059557063048683245,0.03970470869912224,0.08339984038308051,0.08339984038308051
42,A squirrel,I am a slightly curious person,bg,0,1,1,2,0.3,0.7,bandit,6,0.125,0.375,12,1,0.3,0,0,4,1,0.3333333333333333,0.4166001596169195,-0.30000000098701385,-0.4166001596169195,-0.277733439744613,0.3253610111961422,0.6901813069103601,-0.22325417073184692,0.023753989707684525,0.0,0.0,0.04022790055248615,0.026818600368324175,0.1298342541436464,0.1298342541436464
42,A squirrel,I am a slightly curious person,bg,0,1,1,2,0.3,0.7,bandit,6,0.125,0.375,13,1,0.3,1,0,1,1,0.3333333333333333,0.3701657458563536,0.7499999986405539,0.6298342541436464,0.7532228360957642,1.3992695199830236,0.0,-0.17975900900527403,0.0,0.0,0.0,0.08126036484245436,0.05417357656163624,0.011608623548922004,0.011608623548922004
42,A squirrel,I am a slightly curious person,bg,0,1,1,2,0.3,0.7,bandit,6,0.125,0.375,14,1,0.3,0,1,4,1,0.3333333333333333,0.488391376451078,-0.42857142831688716,-0.488391376451078,-0.32559425096738537,0.393923347667993,0.6930813365993375,-0.22800730239285252,0.026290814189475292,0.0,0.0,0.058860143442623025,0.03924009562841524,0.055163934426229466,0.055163934426229466
42,A squirrel,I am a slightly curious person,bg,0,1,1,2,0.3,0.7,bandit,6,0.125,0.375,15,2,0.7,1,0,1,1,0.3333333333333333,0.3701657458563536,0.7499999986405539,0.6298342541436464,0.7532228360957642,1.3992695199830236,0.0,-0.17975900900527403,0.0,0.0,0.0,0.08126036484245436,0.05417357656163635,0.011608623548922004,0.011608623548922004
42,A squirrel,I am a slightly curious person,bg,0,1,1,2,0.3,0.7,bandit,6,0.125,0.375,16,2,0.7,1,0,1,1,0.3333333333333333,0.488391376451078,0.5714285716831129,0.511608623548922,0.6744057490326146,1.1221033017437083,0.0,-0.2228608825806698,0.0,0.0,0.0,0.04905029711375197,0.032700198075834686,0.07860780984719873,0.07860780984719873
42,A squirrel,I am a slightly curious person,bg,0,1,1,2,0.3,0.7,bandit,6,0.125,0.375,17,2,0.7,0,0,2,1,0.3333333333333333,0.5786078098471987,-0.5624999999949906,-0.5786078098471987,-0.38573853989813256,0.48733461069039213,0.6895034991417228,-0.23609603900380247,0.03414268066623968,0.007755833626480468,0.005170555750987016,0.0639911239258254,0.04266074928388364,0.034901251319161775,0.034901251319161775
42,A squirrel,I am a slightly curious person,bg,0,1,1,2,0.3,0.7,bandit,6,0.125,0.375,18,2,0.7,0,1,3,1,0.3333333333333333,0.5349012513191618,-0.4999999984995474,-0.5349012513191618,-0.35660083421277455,0.44098996074748675,0.692493142237828,-0.26836275621598926,0.027180458416647624,0.018081699601655843,0.012054466401103858,0.0751776927282668,0.05011846181884427,0.0050118461818845494,0.0050118461818845494
42,A squirrel,I am a slightly curious person,bg,0,1,1,2,0.3,0.7,bandit,6,0.125,0.375,19,2,0.7,1,0,1,1,0.3333333333333333,0.49498815381811545,0.5499999960158957,0.5050118461818845,0.6700078974545896,1.1086865564885529,0.0,-0.29265509243877524,0.0,0.0,0.0,0.045884165769797036,0.030589443846531394,0.06757675314376344,0.06757675314376344
42,A squirrel,I am a slightly curious person,bg,0,1,1,2,0.3,0.7,bandit,6,0.125,0.375,20,2,0.7,0,0,2,1,0.3333333333333333,0.5675767531437634,-0.545454545402296,-0.5675767531437634,-0.3783845020958423,0.4754335479612575,0.6905186121358511,-0.3156144700939499,0.02727079016891748,0.0051767380908986915,0.0034511587272658684,0.05832068167616944,0.0388804544507797,0.031060428545393037,0.031060428545393037
43,A squirrel,I am a slightly curious person,gb,1,1,2,3,0.7,0.3,bandit,5,0.625,0.25,1,1,0.7,0,1,3,1,0.3333333333333333,0.5,NaN,-0.5,-0.33333333333333337,0.40546510810816444,0.6931471805599453,-0.04279164419167801,0.05378194606599736,0.0,0.0,0.08333333333333337,0.05555555555555547,0.08333333333333337,0.08333333333333337
43,A squirrel,I am a slightly curious person,gb,1,1,2,3,0.7,0.3,bandit,5,0.625,0.25,2,1,0.7,0,1,3,1,0.3333333333333333,0.41666666666666663,-5.545009081338703e-16,-0.41666666666666663,-0.2777777777777778,0.325422400434628,0.6901856760188041,-0.14872947946598028,0.03793678112380475,0.0,1.1102230246251565e-16,0.05288461538461542,0.03525641025641024,0.15384615384615385,0.15384615384615385
43,A squirrel,I am a slightly curious person,gb,1,1,2,3,0.7,0.3,bandit,5,0.625,0.25,3,1,0.7,1,0,1,1,0.3333333333333333,0.34615384615384615,0.9999999999999994,0.6538461538461539,0.7692307692307692,1.466337068793427,0.0,-0.06641254138672094,0.0,0.0,0.0,0.08750000000000002,0.05833333333333335,0.033333333333333326,0.033333333333333326
43,A squirrel,I am a slightly curious person,gb,1,1,2,3,0.7,0.3,bandit,5,0.625,0.25,4,1,0.7,0,0,3,1,0.3333333333333333,0.5333333333333333,-0.4999999990102087,-0.5333333333333333,-0.3555555555555556,0.4393666597838458,0.6925525323607233,-0.08739425626637275,0.04314031141012996,0.01724137931034475,0.011494252873563204,0.08620689655172409,0.05747126436781613,0.02873563218390801,0.02873563218390801
43,A squirrel,I am a slightly curious person,gb,1,1,2,3,0.7,0.3,bandit,5,0.625,0.25,5,1,0.7,0,1,3,1,0.3333333333333333,0.471264367816092,-0.37500000502485337,-0.471264367816092,-0.31417624521072807,0.37713460148193856,0.6927570046594116,-0.145217675089551,0.03231445903788896,0.0,1.1102230246251565e-16,0.059557063048683245,0.03970470869912224,0.08339984038308051,0.08339984038308051
43,A squirrel,I am a slightly curious person,gb,1,1,2,3,0.7,0.3,bandit,5,0.625,0.25,6,2,0.3,0,1,3,1,0.3333333333333333,0.5,NaN,-0.5,-0.33333333333333337,0.40546510810816444,0.6931471805599453,-0.04279164419167801,0.05378194606599736,0.0,0.0,0.08333333333333337,0.05555555555555547,0.08333333333333337,0.08333333333333337
43,A squirrel,I am a slightly curious person,gb,1,1,2,3,0.7,0.3,bandit,5,0.625,0.25,7,2,0.3,1,0,1,1,0.3333333333333333,0.41666666666666663,0.9999999999999994,0.5833333333333334,0.7222222222222222,1.2809338454620642,0.0,-0.09878147980916833,0.0,0.0,0.0,0.0625,0.04166666666666663,0.09999999999999987,0.09999999999999987
43,A squirrel,I am a slightly curious person,gb,1,1,2,3,0.7,0.3,bandit,5,0.625,0.25,8,2,0.3,1,0,1,1,0.3333333333333333,0.5999999999999999,0.2499999999999999,0.40000000000000013,0.6000000000000001,0.9162907318741551,0.0,-0.29705541768766514,0.0,0.0,0.0,0.02499999999999991,0.016666666666666607,0.19999999999999996,0.19999999999999996
43,A squirrel,I am a slightly curious person,gb,1,1,2,3,0.7,0.3,bandit,5,0.625,0.25,9,2,0.3,1,0,1,1,0.3333333333333333,0.7,1.505215796449022e-8,0.30000000000000004,0.5333333333333333,0.7621400520468967,0.0,-0.4905612865201842,0.0,0.0,0.0,0.010416666666666852,0.00694444444444442,0.26190476190476186,0.26190476190476186
43,A squirrel,I am a slightly curious person,gb,1,1,2,3,0.7,0.3,bandit,5,0.625,0.25,10,2,0.3,1,0,1,1,0.3333333333333333,0.7619047619047619,1.505215796449022e-8,0.23809523809523814,0.4920634920634921,0.6773988235918061,0.0,-0.6637676568013677,-3.3306690738754696e-16,-1.1102230246251565e-16,0.0,0.0044642857142858094,0.0029761904761905766,0.3035714285714286,0.3035714285714286
43,A squirrel,I am a slightly curious person,gb,1,1,2,3,0.7,0.3,bandit,5,0.625,0.25,11,2,0.3,0,0,3,1,0.3333333333333333,0.8035714285714286,-0.999999984947842,-0.8035714285714286,-0.5357142857142858,0.7672551527136674,0.594880254188934,-0.53368064707241,0.06324782809164242,0.0,-1.1102230246251565e-16,0.007361778846153855,0.004907852564102533,0.26923076923076916,0.26923076923076916
43,A squirrel,I am a slightly curious person,gb,1,1,2,3,0.7,0.3,bandit,5,0.625,0.25,12,2,0.3,0,0,3,1,0.3333333333333333,0.7692307692307692,-0.999999984947842,-0.7692307692307692,-0.5128205128205129,0.7191226669632061,0.6236548495681085,-0.4271890325390061,0.059861143712770515,-1.1102230246251565e-16,0.0,0.011627375730994038,0.007751583820662766,0.23099415204678364,0.23099415204678364
43,A squirrel,I am a slightly curious person,gb,1,1,2,3,0.7,0.3,bandit,5,0.625,0.25,13,2,0.3,0,0,3,1,0.3333333333333333,0.7309941520467836,-0.8571428572769177,-0.7309941520467836,-0.48732943469785583,0.6681218129930051,0.6473288715296028,-0.34999996982775033,0.054499349933972596,-1.1102230246251565e-16,-1.1102230246251565e-16,0.01754099334600745,0.011693995564004855,0.1901140684410646,0.1901140684410646
43,A squirrel,I am a slightly curious person,gb,1,1,2,3,0.7,0.3,bandit,5,0.625,0.25,14,2,0.3,0,0,3,1,0.3333333333333333,0.6901140684410646,-0.7500000000353702,-0.6901140684410646,-0.4600760456273765,0.6163269745765039,0.6653365453438909,-0.3039203486812426,0.04777956620255053,0.0,0.0,0.025258082586427477,0.016838721724285022,0.14820742637644047,0.14820742637644047
43,A squirrel,I am a slightly curious person,gb,1,1,2,3,0.7,0.3,bandit,5,0.625,0.25,15,2,0.3,0,0,3,1,0.3333333333333333,0.6482074263764405,-0.6666666668460243,-0.6482074263764405,-0.43213828425096035,0.5658773480900519,0.6779327786914044,-0.28659092438323247,0.04052767214023717,0.0,0.0,0.03476503781473128,0.02317669187648752,0.10691469372416385,0.10691469372416385
43,A squirrel,I am a slightly curious person,gb,1,1,2,3,0.7,0.3,bandit,5,0.625,0.25,16,1,0.7,0,0,3,1,0.3333333333333333,0.4166001596169195,-0.30000000098701385,-0.4166001596169195,-0.277733439744613,0.3253610111961422,0.6901813069103601,-0.22325417073184692,0.023753989707684525,0.0,0.0,0.01893790263014039,0.026818600368324286,0.1298342541436464,0.23674894786781026
43,A squirrel,I am a slightly curious person,gb,1,1,2,3,0.7,0.3,bandit,5,0.625,0.25,17,1,0.7,0,0,3,1,0.3333333333333333,0.3701657458563536,-0.2500000013594461,-0.3701657458563536,-0.24677716390423582,0.28339416389113375,0.6865299089505599,-0.3092008770384171,0.017446775436758266,0.0,0.0,0.011559929665803104,0.01785633432943956,0.1685683238250475,0.27548301754921134
43,A squirrel,I am a slightly curious person,gb,1,1,2,3,0.7,0.3,bandit,5,0.625,0.25,18,2,0.3,0,1,3,1,0.3333333333333333,0.6069146937241638,-0.5999999998895641,-0.6069146937241638,-0.40460979581610923,0.5185382830317894,0.6859642611799128,-0.29265509243877524,0.03351513533895367,0.0,0.0,0.045884165769797036,0.030589443846531283,0.06757675314376344,0.06757675314376344
43,A squirrel,I am a slightly curious person,gb,1,1,2,3,0.7,0.3,bandit,5,0.625,0.25,19,2,0.3,0,1,3,1,0.3333333333333333,0.5675767531437634,-0.545454545402296,-0.5675767531437634,-0.3783845020958423,0.4754335479612575,0.6905186121358511,-0.3156144700939499,0.02727079016891748,0.0051767380908986915,0.0034511587272658684,0.05832068167616944,0.0388804544507797,0.031060428545393037,0.031060428545393037
43,A squirrel,I am a slightly curious person,gb,1,1,2,3,0.7,0.3,bandit,5,0.625,0.25,20,2,0.3,0,1,3,1,0.3333333333333333,0.531060428545393,-0.4999999982721964,-0.531060428545393,-0.3540402856969287,0.43701813890406216,0.692633295597278,-0.3494292911224392,0.02203450155133685,0.01602805245055894,0.010685368300372478,0.0694840032960733,0.04632266886404879,0.002241419461163685,0.002241419461163685
44,A squirrel,I am a slightly curious person,bg,1,2,4,4,0.3,0.7,tycoon,14,0.375,1.0,1,1,0.3,1,1,4,2,0.3333333333333333,0.5,NaN,0.5,0.33333333333333326,0.4054651081081643,0.6931471805599453,-0.042791644191678,0.05378194606599747,0.0,-1.1102230246251565e-16,0.08333333333333348,0.05555555555555547,0.08333333333333326,0.08333333333333326
44,A squirrel,I am a slightly curious person,bg,1,2,4,4,0.3,0.7,tycoon,14,0.375,1.0,2,1,0.3,0,0,1,2,0.3333333333333333,0.5833333333333333,-0.999999984947842,-0.5833333333333333,-0.7222222222222222,1.2809338454620642,0.0,-0.09878147980916858,0.0,0.0,0.0,0.0625,0.04166666666666663,0.10000000000000003,0.10000000000000003
44,A squirrel,I am a slightly curious person,bg,1,2,4,4,0.3,0.7,tycoon,14,0.375,1.0,3,1,0.3,0,0,1,2,0.3333333333333333,0.39999999999999997,-0.25000000000000017,-0.39999999999999997,-0.6000000000000001,0.9162907318741553,0.0,-0.29705541768766525,0.0,0.0,0.0,0.025000000000000022,0.016666666666666607,0.2,0.2
44,A squirrel,I am a slightly curious person,bg,1,2,4,4,0.3,0.7,tycoon,14,0.375,1.0,4,2,0.7,1,0,4,2,0.3333333333333333,0.5,NaN,0.5,0.33333333333333326,0.4054651081081643,0.6931471805599453,-0.042791644191678,0.05378194606599747,0.0,0.0,0.08333333333333348,0.05555555555555547,0.08333333333333326,0.08333333333333326
44,A squirrel,I am a slightly curious person,bg,1,2,4,4,0.3,0.7,tycoon,14,0.375,1.0,5,2,0.7,1,1,4,2,0.3333333333333333,0.5833333333333333,1.505215796449022e-8,0.41666666666666674,0.2777777777777778,0.325422400434628,0.6901856760188042,-0.14872947946598028,0.0379367811238048,1.1102230246251565e-16,0.0,0.05288461538461542,0.03525641025641013,0.15384615384615385,0.15384615384615385
44,A squirrel,I am a slightly curious person,bg,1,2,4,4,0.3,0.7,tycoon,14,0.375,1.0,6,2,0.7,1,0,4,2,0.3333333333333333,0.6538461538461539,1.505215796449022e-8,0.34615384615384615,0.23076923076923073,0.262364264467491,0.6842317651303003,-0.2844497338353375,0.025781336264415255,0.0,1.1102230246251565e-16,0.032500000000000084,0.021666666666666723,0.20999999999999996,0.20999999999999996
44,A squirrel,I am a slightly curious person,bg,1,2,4,4,0.3,0.7,tycoon,14,0.375,1.0,7,2,0.7,1,0,3,2,0.3333333333333333,0.71,1.505215796449022e-8,0.29000000000000004,0.19333333333333325,0.21484474849951454,0.6780102022798757,-0.42625540231422954,0.017393591340592707,1.1102230246251565e-16,1.1102230246251565e-16,0.01962809917355368,0.013085399449035973,0.2534435261707988,0.2534435261707988
44,A squirrel,I am a slightly curious person,bg,1,2,4,4,0.3,0.7,tycoon,14,0.375,1.0,8,2,0.7,1,0,3,2,0.3333333333333333,0.7534435261707988,1.505215796449022e-8,0.2465564738292012,0.1643709825528007,0.1795705234220647,0.6725635843867589,-0.5618791256690523,0.011912734212403908,-2.220446049250313e-16,0.0,0.011773940345368827,0.00784929356357944,0.2868916797488228,0.2868916797488228
44,A squirrel,I am a slightly curious person,bg,1,2,4,4,0.3,0.7,tycoon,14,0.375,1.0,9,2,0.7,1,1,3,2,0.3333333333333333,0.7868916797488228,1.505215796449022e-8,0.2131083202511772,0.1420722135007848,0.15323534795556995,0.668087395200138,-0.6867749400135641,0.008393123717155504,1.1102230246251565e-16,1.1102230246251565e-16,0.007061985361390799,0.004707990240927273,0.3129002744739249,0.3129002744739249
44,A squirrel,I am a slightly curious person,bg,1,2,4,4,0.3,0.7,tycoon,14,0.375,1.0,10,2,0.7,1,0,2,2,0.3333333333333333,0.8129002744739249,1.505215796449022e-8,0.18709972552607512,0.12473315035071664,0.1332264680909814,0.6644720212248263,-0.8003011606766882,0.006115744334489359,1.1102230246251565e-16,0.0,0.00425135501355034,0.0028342366757002635,0.33346883468834676,0.33346883468834676
44,A squirrel,I am a slightly curious person,bg,1,2,4,4,0.3,0.7,tycoon,14,0.375,1.0,11,2,0.7,0,0,1,2,0.3333333333333333,0.8334688346883468,-0.999999984947842,-0.8334688346883468,-0.8889792231255647,2.198037916136648,0.0,-0.39571066482832595,0.0,0.0,0.0,0.017687144019527867,0.011791429346352023,0.20073230268510978,0.20073230268510978
44,A squirrel,I am a slightly curious person,bg,1,2,4,4,0.3,0.7,tycoon,14,0.375,1.0,12,2,0.7,1,1,3,2,0.3333333333333333,0.7007323026851098,0.18749999560995112,0.2992676973148902,0.19951179820992682,0.22253348520479543,0.6791076299320256,-0.4791391417344009,0.00984175385178182,-1.1102230246251565e-16,-1.1102230246251565e-16,0.011631613964404819,0.007754409309603139,0.2275499454804193,0.2275499454804193
44,A squirrel,I am a slightly curious person,bg,1,2,4,4,0.3,0.7,tycoon,14,0.375,1.0,13,2,0.7,1,0,4,2,0.3333333333333333,0.7275499454804193,0.16666666576379163,0.2724500545195807,0.18163336967972044,0.20044483946697284,0.6758665393660739,-0.5580527251703005,0.007640859362410435,1.1102230246251565e-16,0.0,0.00763730493891257,0.0050915366259417505,0.25010350564199846,0.25010350564199846
44,A squirrel,I am a slightly curious person,bg,1,2,4,4,0.3,0.7,tycoon,14,0.375,1.0,14,2,0.7,0,0,1,2,0.3333333333333333,0.7501035056419985,-0.849999996112899,-0.7501035056419985,-0.8334023370946657,1.7921735775270566,0.0,-0.4159276158960932,0.0,0.0,0.0,0.020759811475086876,0.01383987431672451,0.1542284868187811,0.1542284868187811
44,A squirrel,I am a slightly curious person,bg,1,2,4,4,0.3,0.7,tycoon,14,0.375,1.0,15,2,0.7,1,1,3,2,0.3333333333333333,0.6542284868187811,0.27272727106815275,0.3457715131812189,0.23051434212081268,0.26203296411057186,0.6841932166414267,-0.47887894856023644,0.009665827785921732,-1.1102230246251565e-16,-1.1102230246251565e-16,0.014476193881852839,0.009650795921235189,0.17872522111711464,0.17872522111711464
44,A squirrel,I am a slightly curious person,bg,1,2,4,4,0.3,0.7,tycoon,14,0.375,1.0,16,2,0.7,1,1,1,2,0.3333333333333333,0.6787252211171146,0.2499999965745311,0.32127477888288536,0.21418318592192354,0.2410315746852271,0.68160752373213,-0.5393602861464555,0.007822486281443997,1.1102230246251565e-16,0.0,0.010061565148154483,0.0067077100987695815,0.20006088768897734,0.20006088768897734
44,A squirrel,I am a slightly curious person,bg,1,2,4,4,0.3,0.7,tycoon,14,0.375,1.0,17,2,0.7,0,0,1,2,0.3333333333333333,0.7000608876889773,-0.7692307708988069,-0.7000608876889773,-0.8000405917926515,1.6096408919963157,0.0,-0.4653108399541993,0.0,0.0,0.0,0.02240289279416341,0.014935261862775717,0.12519031265371405,0.12519031265371405
44,A squirrel,I am a slightly curious person,bg,1,2,4,4,0.3,0.7,tycoon,14,0.375,1.0,18,2,0.7,1,0,2,2,0.3333333333333333,0.625190312653714,0.3214285715417623,0.37480968734628595,0.2498731248975239,0.2875129199555696,0.6869447908889729,-0.5159806516842601,0.00906169696846404,0.0,0.0,0.016283189597942282,0.010855459731961448,0.14713841797211025,0.14713841797211025
44,A squirrel,I am a slightly curious person,bg,1,2,4,4,0.3,0.7,tycoon,14,0.375,1.0,19,2,0.7,0,0,1,2,0.3333333333333333,0.6471384179721102,-0.7000000006061295,-0.6471384179721102,-0.7647589453147401,1.4471445259568858,0.0,-0.47583414900387533,0.0,0.0,0.0,0.0308950724477548,0.020596714965169904,0.08354637020967237,0.08354637020967237
44,A squirrel,I am a slightly curious person,bg,1,2,4,4,0.3,0.7,tycoon,14,0.375,1.0,20,2,0.7,1,1,4,2,0.3333333333333333,0.5835463702096724,0.37499999988330945,0.41645362979032763,0.2776357531935517,0.3252257703432785,0.6901716712907471,-0.5191662538670783,0.009937033178230692,2.220446049250313e-16,1.1102230246251565e-16,0.02327847305778663,0.01551898203852431,0.10535628930780416,0.10535628930780416
45,A squirrel,I am a slightly curious person,gb,3,3,2,1,0.7,0.3,tycoon,14,0.375,0.75,1,1,0.7,0,0,1,2,0.3333333333333333,0.5,NaN,-0.5,-0.6666666666666667,1.09861228866811,0.0,-0.19314718051535068,0.0,0.0,0.0,0.04166666666666652,0.02777777777777768,0.16666666666666674,0.16666666666666674
45,A squirrel,I am a slightly curious person,gb,3,3,2,1,0.7,0.3,tycoon,14,0.375,0.75,2,2,0.3,1,0,1,2,0.3333333333333333,0.5,NaN,0.5,0.33333333333333326,0.4054651081081643,0.6931471805599453,-0.042791644191678,0.05378194606599747,0.0,0.0,0.08333333333333348,0.05555555555555547,0.08333333333333326,0.08333333333333326
45,A squirrel,I am a slightly curious person,gb,3,3,2,1,0.7,0.3,tycoon,14,0.375,0.75,3,1,0.7,1,0,2,2,0.3333333333333333,0.33333333333333326,0.9999999999999997,0.6666666666666667,0.44444444444444453,0.5877866649021192,0.6730116670092565,-0.09878147980916858,0.06714394951790816,0.0,0.0,0.03737461979762402,0.04166666666666663,0.10000000000000003,0.1833333333333333
45,A squirrel,I am a slightly curious person,gb,3,3,2,1,0.7,0.3,tycoon,14,0.375,0.75,4,1,0.7,0,0,1,2,0.3333333333333333,0.39999999999999997,-0.25000000000000017,-0.39999999999999997,-0.6000000000000001,0.9162907318741553,0.0,-0.29705541768766525,0.0,0.0,0.0,0.012558678013545599,0.016666666666666607,0.2,0.28333333333333327
45,A squirrel,I am a slightly curious person,gb,3,3,2,1,0.7,0.3,tycoon,14,0.375,0.75,5,2,0.3,1,1,1,2,0.3333333333333333,0.5833333333333333,1.505215796449022e-8,0.41666666666666674,0.2777777777777778,0.325422400434628,0.6901856760188042,-0.14872947946598028,0.0379367811238048,1.1102230246251565e-16,0.0,0.05288461538461542,0.03525641025641013,0.15384615384615385,0.15384615384615385
45,A squirrel,I am a slightly curious person,gb,3,3,2,1,0.7,0.3,tycoon,14,0.375,0.75,6,2,0.3,0,0,2,2,0.3333333333333333,0.6538461538461539,-0.999999984947842,-0.6538461538461539,-0.7692307692307693,1.4663370687934272,0.0,-0.06641254138672092,0.0,0.0,0.0,0.08750000000000002,0.05833333333333324,0.033333333333333326,0.033333333333333326
45,A squirrel,I am a slightly curious person,gb,3,3,2,1,0.7,0.3,tycoon,14,0.375,0.75,7,1,0.7,1,0,2,2,0.3333333333333333,0.3,0.9999999937195446,0.7,0.4666666666666667,0.6286086594223742,0.6615632381579821,-0.2040059070058956,0.06231225300813881,0.0,0.0,0.03776041666666674,0.02517361111111116,0.14583333333333331,0.14583333333333331
45,A squirrel,I am a slightly curious person,gb,3,3,2,1,0.7,0.3,tycoon,14,0.375,0.75,8,2,0.3,0,0,1,2,0.3333333333333333,0.4666666666666667,-0.49999999847640864,-0.4666666666666667,-0.6444444444444445,1.0340737675305387,0.0,-0.2040059070058956,0.0,0.0,0.0,0.03776041666666674,0.02517361111111127,0.14583333333333331,0.14583333333333331
45,A squirrel,I am a slightly curious person,gb,3,3,2,1,0.7,0.3,tycoon,14,0.375,0.75,9,2,0.3,1,1,2,2,0.3333333333333333,0.3541666666666667,0.7500000004820603,0.6458333333333333,0.4305555555555556,0.5630940523117476,0.6785008770139087,-0.15713508424224704,0.05316704774777181,0.0,0.0,0.05378919860627174,0.03585946573751453,0.09059233449477344,0.09059233449477344
45,A squirrel,I am a slightly curious person,gb,3,3,2,1,0.7,0.3,tycoon,14,0.375,0.75,10,2,0.3,0,0,1,2,0.3333333333333333,0.40940766550522656,-0.3999999967452822,-0.40940766550522656,-0.6062717770034844,0.9320943970472808,0.0,-0.28542769031337345,0.0,0.0,0.0,0.025027654867256555,0.01668510324483774,0.17256637168141586,0.17256637168141586
45,A squirrel,I am a slightly curious person,gb,3,3,2,1,0.7,0.3,tycoon,14,0.375,0.75,11,1,0.7,1,0,1,2,0.3333333333333333,0.3541666666666667,0.7500000004820603,0.6458333333333333,0.4305555555555556,0.5630940523117476,0.6785008770139087,-0.15713508424224704,0.05316704774777181,0.0,0.0,0.05378919860627174,0.03585946573751464,0.09059233449477344,0.09059233449477344
45,A squirrel,I am a slightly curious person,gb,3,3,2,1,0.7,0.3,tycoon,14,0.375,0.75,12,1,0.7,1,1,2,2,0.3333333333333333,0.40940766550522656,0.6000000032547178,0.5905923344947734,0.39372822299651555,0.5004269165450919,0.6881771822372582,-0.15234512269821177,0.04329848222372057,0.01245210727969348,0.008301404853129024,0.07246767241379315,0.04831178160919547,0.037356321839080386,0.037356321839080386
45,A squirrel,I am a slightly curious person,gb,3,3,2,1,0.7,0.3,tycoon,14,0.375,0.75,13,1,0.7,1,0,1,2,0.3333333333333333,0.4626436781609196,0.500000001677886,0.5373563218390804,0.3582375478927202,0.44353705605757215,0.6923940398076736,-0.17975900900527386,0.034072908183395534,0.019402985074626677,0.012935323383084563,0.08126036484245436,0.05417357656163635,0.011608623548922115,0.011608623548922115
45,A squirrel,I am a slightly curious person,gb,3,3,2,1,0.7,0.3,tycoon,14,0.375,0.75,14,1,0.7,0,0,1,2,0.3333333333333333,0.5116086235489221,-0.5714285738112165,-0.5116086235489221,-0.6744057490326147,1.1221033017437085,0.0,-0.2228608825806696,0.0,0.0,0.0,0.049050297113752195,0.0327001980758348,0.07860780984719856,0.07860780984719856
45,A squirrel,I am a slightly curious person,gb,3,3,2,1,0.7,0.3,tycoon,14,0.375,0.75,15,1,0.7,1,1,2,2,0.3333333333333333,0.42139219015280144,0.5624999999673466,0.5786078098471985,0.38573853989813234,0.4873346106903918,0.6895034991417229,-0.23609603900380224,0.03414268066623985,0.007755833626480357,0.005170555750987016,0.06399112392582529,0.04266074928388364,0.034901251319161664,0.034901251319161664
45,A squirrel,I am a slightly curious person,gb,3,3,2,1,0.7,0.3,tycoon,14,0.375,0.75,16,1,0.7,1,0,1,2,0.3333333333333333,0.46509874868083834,0.5000000018629867,0.5349012513191617,0.35660083421277444,0.4409899607474866,0.692493142237828,-0.2683627562159892,0.027180458416647513,0.018081699601655954,0.012054466401103858,0.0751776927282668,0.050118461818844495,0.005011846181884438,0.005011846181884438
45,A squirrel,I am a slightly curious person,gb,3,3,2,1,0.7,0.3,tycoon,14,0.375,0.75,17,1,0.7,1,1,2,2,0.3333333333333333,0.5050118461818844,0.4499999999979809,0.49498815381811556,0.3299921025454102,0.400465779420938,0.6931347461577707,-0.3121279906710225,0.02148650636850824,0.0,0.0,0.05632244885860349,0.037548299239068994,0.0407631628503875,0.0407631628503875
45,A squirrel,I am a slightly curious person,gb,3,3,2,1,0.7,0.3,tycoon,14,0.375,0.75,18,1,0.7,1,1,1,2,0.3333333333333333,0.5407631628503875,0.4090909125279222,0.4592368371496125,0.3061578914330749,0.36551085362905283,0.6923799727450064,-0.36174423121254345,0.017025047837387286,1.1102230246251565e-16,-1.1102230246251565e-16,0.04173531162447386,0.02782354108298246,0.07245532887112682,0.07245532887112682
45,A squirrel,I am a slightly curious person,gb,3,3,2,1,0.7,0.3,tycoon,14,0.375,0.75,19,1,0.7,1,1,1,2,0.3333333333333333,0.5724553288711268,0.3749999996492326,0.4275446711288732,0.2850297807525821,0.33551438855778587,0.6908632488977826,-0.4135225841584971,0.01361224648672138,2.220446049250313e-16,1.1102230246251565e-16,0.030673027783264084,0.020448685188842575,0.10044678175425426,0.10044678175425426
45,A squirrel,I am a slightly curious person,gb,3,3,2,1,0.7,0.3,tycoon,14,0.375,0.75,20,1,0.7,1,0,2,2,0.3333333333333333,0.6004467817542543,0.3461538466162859,0.39955321824574574,0.26636881216383057,0.3097488455354686,0.688975523151582,-0.4653108399541993,0.011025522306563007,-1.1102230246251565e-16,-1.1102230246251565e-16,0.02240289279416341,0.014935261862775606,0.12519031265371405,0.12519031265371405
46,A squirrel,I am a slightly curious person,bg,1,1,4,4,0.3,0.7,tycoon,17,0.25,1.0,1,1,0.3,0,0,2,2,0.3333333333333333,0.5,NaN,-0.5,-0.6666666666666667,1.09861228866811,0.0,-0.19314718051535068,0.0,0.0,0.0,0.04166666666666652,0.02777777777777768,0.16666666666666674,0.16666666666666674
46,A squirrel,I am a slightly curious person,bg,1,1,4,4,0.3,0.7,tycoon,17,0.25,1.0,2,1,0.3,0,0,2,2,0.3333333333333333,0.33333333333333326,-3.324562949461316e-16,-0.33333333333333326,-0.5555555555555555,0.8109302162163285,0.0,-0.43194562200258524,0.0,0.0,0.0,0.015625,0.01041666666666663,0.25,0.25
46,A squirrel,I am a slightly curious person,bg,1,1,4,4,0.3,0.7,tycoon,17,0.25,1.0,3,2,0.7,1,0,2,2,0.3333333333333333,0.5,NaN,0.5,0.33333333333333326,0.4054651081081643,0.6931471805599453,-0.042791644191678,0.05378194606599747,0.0,1.1102230246251565e-16,0.08333333333333348,0.05555555555555558,0.08333333333333326,0.08333333333333326
46,A squirrel,I am a slightly curious person,bg,1,1,4,4,0.3,0.7,tycoon,17,0.25,1.0,4,2,0.7,1,1,2,2,0.3333333333333333,0.5833333333333333,1.505215796449022e-8,0.41666666666666674,0.2777777777777778,0.325422400434628,0.6901856760188042,-0.14872947946598028,0.0379367811238048,1.1102230246251565e-16,1.1102230246251565e-16,0.05288461538461542,0.03525641025641035,0.15384615384615385,0.15384615384615385
46,A squirrel,I am a slightly curious person,bg,1,1,4,4,0.3,0.7,tycoon,17,0.25,1.0,5,2,0.7,1,0,2,2,0.3333333333333333,0.6538461538461539,1.505215796449022e-8,0.34615384615384615,0.23076923076923073,0.262364264467491,0.6842317651303003,-0.2844497338353375,0.025781336264415255,0.0,0.0,0.032500000000000084,0.021666666666666723,0.20999999999999996,0.20999999999999996
46,A squirrel,I am a slightly curious person,bg,1,1,4,4,0.3,0.7,tycoon,17,0.25,1.0,6,2,0.7,1,1,2,2,0.3333333333333333,0.71,1.505215796449022e-8,0.29000000000000004,0.19333333333333325,0.21484474849951454,0.6780102022798757,-0.42625540231422954,0.017393591340592707,1.1102230246251565e-16,0.0,0.01962809917355368,0.013085399449035862,0.2534435261707988,0.2534435261707988
46,A squirrel,I am a slightly curious person,bg,1,1,4,4,0.3,0.7,tycoon,17,0.25,1.0,7,2,0.7,1,0,2,2,0.3333333333333333,0.7534435261707988,1.505215796449022e-8,0.2465564738292012,0.1643709825528007,0.1795705234220647,0.6725635843867589,-0.5618791256690523,0.011912734212403908,-2.220446049250313e-16,0.0,0.011773940345368827,0.00784929356357933,0.2868916797488228,0.2868916797488228
46,A squirrel,I am a slightly curious person,bg,1,1,4,4,0.3,0.7,tycoon,17,0.25,1.0,8,2,0.7,1,0,2,2,0.3333333333333333,0.7868916797488228,1.505215796449022e-8,0.2131083202511772,0.1420722135007848,0.15323534795556995,0.668087395200138,-0.6867749400135641,0.008393123717155504,1.1102230246251565e-16,0.0,0.007061985361390799,0.004707990240927162,0.3129002744739249,0.3129002744739249
46,A squirrel,I am a slightly curious person,bg,1,1,4,4,0.3,0.7,tycoon,17,0.25,1.0,9,2,0.7,1,1,2,2,0.3333333333333333,0.8129002744739249,1.505215796449022e-8,0.18709972552607512,0.12473315035071664,0.1332264680909814,0.6644720212248263,-0.8003011606766882,0.006115744334489359,1.1102230246251565e-16,1.1102230246251565e-16,0.00425135501355034,0.0028342366757002635,0.33346883468834676,0.33346883468834676
46,A squirrel,I am a slightly curious person,bg,1,1,4,4,0.3,0.7,tycoon,17,0.25,1.0,10,2,0.7,1,1,2,2,0.3333333333333333,0.8334688346883468,1.505215796449022e-8,0.16653116531165324,0.11102077687443535,0.11768141480369698,0.6615437695984828,-0.9033679318738824,0.004608328505046111,-2.220446049250313e-16,0.0,0.002573417335636763,0.0017156115570913233,0.35004572706025816,0.35004572706025816
46,A squirrel,I am a slightly curious person,bg,1,1,4,4,0.3,0.7,tycoon,17,0.25,1.0,11,2,0.7,1,1,2,2,0.3333333333333333,0.8500457270602582,1.505215796449022e-8,0.14995427293974184,0.09996951529316123,0.10532664433497851,0.6591458469017097,-0.9973043688130327,0.003579990216064477,-2.220446049250313e-16,-1.1102230246251565e-16,0.0015672919412251796,0.0010448612941502677,0.3636517594314642,0.3636517594314642
46,A squirrel,I am a slightly curious person,bg,1,1,4,4,0.3,0.7,tycoon,17,0.25,1.0,12,2,0.7,1,0,2,2,0.3333333333333333,0.8636517594314642,1.505215796449022e-8,0.13634824056853578,0.09089882704569052,0.09529888961831882,0.6571554989271757,-1.0834069179798427,0.0028554673241962814,-1.1102230246251565e-16,0.0,0.0009603660257643254,0.0006402440171761059,0.37500517463937466,0.37500517463937466
46,A squirrel,I am a slightly curious person,bg,1,1,4,4,0.3,0.7,tycoon,17,0.25,1.0,13,2,0.7,1,0,2,2,0.3333333333333333,0.8750051746393747,1.505215796449022e-8,0.12499482536062534,0.08332988357375015,0.0870076136226205,0.6554810080662075,-1.1627994962954111,0.00232890639671135,0.0,0.0,0.0005918607209443039,0.00039457381396279523,0.3846171215507359,0.3846171215507359
46,A squirrel,I am a slightly curious person,bg,1,1,4,4,0.3,0.7,tycoon,17,0.25,1.0,14,2,0.7,1,0,2,2,0.3333333333333333,0.8846171215507359,1.505215796449022e-8,0.11538287844926409,0.07692191896617606,0.08004145322101398,0.6540545518516857,-1.2364162224386743,0.0019352886423809057,-1.1102230246251565e-16,0.0,0.00036668072249990136,0.0002444538150001563,0.39285772528116303,0.39285772528116303
46,A squirrel,I am a slightly curious person,bg,1,1,4,4,0.3,0.7,tycoon,17,0.25,1.0,15,2,0.7,1,1,2,2,0.3333333333333333,0.892857725281163,1.505215796449022e-8,0.10714227471883697,0.07142818314589117,0.07410755400323056,0.6528257068824854,-1.3050239880144636,0.001633676222827951,0.0,0.0,0.00022825436702378354,0.00015216957801600373,0.40000019513685503,0.40000019513685503
46,A squirrel,I am a slightly curious person,bg,1,1,4,4,0.3,0.7,tycoon,17,0.25,1.0,16,2,0.7,1,0,2,2,0.3333333333333333,0.900000195136855,1.505215796449022e-8,0.09999980486314497,0.06666653657542987,0.06899273210349317,0.6517565319127434,-1.3692529012510195,0.0013975562759300786,-1.1102230246251565e-16,-1.1102230246251565e-16,0.00014269162750135678,9.51277516676452e-5,0.4062500653359916,0.4062500653359916
46,A squirrel,I am a slightly curious person,bg,1,1,4,4,0.3,0.7,tycoon,17,0.25,1.0,17,2,0.7,0,0,3,2,0.3333333333333333,0.9062500653359916,-0.999999984947842,-0.9062500653359916,-0.9375000435573276,2.772589419157266,0.0,-0.886121857416313,0.0,0.0,0.0,0.0009399226909984071,0.0006266151273321974,0.32353006768727344,0.32353006768727344
46,A squirrel,I am a slightly curious person,bg,1,1,4,4,0.3,0.7,tycoon,17,0.25,1.0,18,2,0.7,1,1,2,2,0.3333333333333333,0.8235300676872734,0.09999999911629609,0.17646993231272656,0.11764662154181782,0.12516264736818902,0.6629656600404585,-0.9409354399261678,0.0025151862804316805,0.0,1.1102230246251565e-16,0.000620109343549724,0.00041340622903318636,0.33333356735991115,0.33333356735991115
46,A squirrel,I am a slightly curious person,bg,1,1,4,4,0.3,0.7,tycoon,17,0.25,1.0,19,2,0.7,1,0,2,2,0.3333333333333333,0.8333335673599112,0.09375000279012036,0.16666643264008885,0.11111095509339253,0.11778286013646545,0.6615632045354489,-0.9929480454121622,0.002191441943150352,0.0,1.1102230246251565e-16,0.0004094945215529222,0.00027299634770194814,0.3421053462989012,0.3421053462989012
46,A squirrel,I am a slightly curious person,bg,1,1,4,4,0.3,0.7,tycoon,17,0.25,1.0,20,2,0.7,1,0,2,2,0.3333333333333333,0.8421053462989012,0.08823529270083685,0.15789465370109879,0.10526310246739912,0.11122557316202532,0.6602983757178873,-1.0424252432771741,0.0019265852777319292,-1.1102230246251565e-16,0.0,0.0002706381218735565,0.00018042541458240802,0.35000002942539366,0.35000002942539366
47,A squirrel,I am not a very curious person,gb,0,0,3,4,0.3,0.7,bandit,8,0.0,0.875,1,1,0.3,0,1,3,1,0.3333333333333333,0.5,NaN,-0.5,-0.33333333333333337,0.40546510810816444,0.6931471805599453,-0.04279164419167801,0.05378194606599736,0.0,0.0,0.08333333333333337,0.05555555555555547,0.08333333333333337,0.08333333333333337
47,A squirrel,I am not a very curious person,gb,0,0,3,4,0.3,0.7,bandit,8,0.0,0.875,2,1,0.3,1,0,1,1,0.3333333333333333,0.41666666666666663,0.9999999999999994,0.5833333333333334,0.7222222222222222,1.2809338454620642,0.0,-0.09878147980916833,0.0,0.0,0.0,0.0625,0.04166666666666663,0.09999999999999987,0.09999999999999987
47,A squirrel,I am not a very curious person,gb,0,0,3,4,0.3,0.7,bandit,8,0.0,0.875,3,2,0.7,1,0,3,1,0.3333333333333333,0.5,NaN,0.5,0.6666666666666666,1.0986122886681096,0.0,-0.19314718051535087,0.0,0.0,0.0,0.07199999847336735,0.02777777777777779,0.16666666666666663,0.06666666666666676
47,A squirrel,I am not a very curious person,gb,0,0,3,4,0.3,0.7,bandit,8,0.0,0.875,4,1,0.3,0,1,3,1,0.3333333333333333,0.5999999999999999,-0.7500000000000001,-0.5999999999999999,-0.39999999999999997,0.5108256237659905,0.6869615765973234,-0.06641254138672094,0.05538446170840032,0.0,0.014814814814814947,0.0488340255877604,0.05833333333333346,0.033333333333333326,0.1333333333333333
47,A squirrel,I am not a very curious person,gb,0,0,3,4,0.3,0.7,bandit,8,0.0,0.875,5,2,0.7,1,0,2,1,0.3333333333333333,0.6666666666666666,1.505215796449022e-8,0.33333333333333337,0.5555555555555555,0.8109302162163285,0.0,-0.4319456220025852,0.0,0.0,0.0,0.02022715982210377,0.01041666666666663,0.2499999999999999,0.21666666666666656
47,A squirrel,I am not a very curious person,gb,0,0,3,4,0.3,0.7,bandit,8,0.0,0.875,6,1,0.3,0,0,3,1,0.3333333333333333,0.5333333333333333,-0.4999999990102087,-0.5333333333333333,-0.3555555555555556,0.4393666597838458,0.6925525323607233,-0.08739425626637275,0.04314031141012996,0.0,0.011494252873563204,0.015849497126436796,0.05747126436781613,0.02873563218390801,0.2787356321839079
47,A squirrel,I am not a very curious person,gb,0,0,3,4,0.3,0.7,bandit,8,0.0,0.875,7,2,0.7,1,0,1,1,0.3333333333333333,0.7499999999999999,1.505215796449022e-8,0.2500000000000001,0.5,0.6931471805599453,0.0,-0.6362943611237484,0.0,0.0,0.0,0.006249999999999978,0.004166666666666763,0.29999999999999993,0.29999999999999993
47,A squirrel,I am not a very curious person,gb,0,0,3,4,0.3,0.7,bandit,8,0.0,0.875,8,1,0.3,0,0,3,1,0.3333333333333333,0.471264367816092,-0.37500000502485337,-0.471264367816092,-0.31417624521072807,0.37713460148193856,0.6927570046594116,-0.145217675089551,0.03231445903788896,0.0,1.1102230246251565e-16,0.005288656285311832,0.039704708699122127,0.08339984038308051,0.38339984038308045
47,A squirrel,I am not a very curious person,gb,0,0,3,4,0.3,0.7,bandit,8,0.0,0.875,9,2,0.7,1,0,3,1,0.3333333333333333,0.7999999999999999,1.505215796449022e-8,0.20000000000000007,0.4666666666666667,0.6286086594223742,0.0,-0.809437912431769,-3.3306690738754696e-16,0.0,0.0,0.0026041666666669627,0.0017361111111112715,0.33333333333333326,0.33333333333333326
47,A squirrel,I am not a very curious person,gb,0,0,3,4,0.3,0.7,bandit,8,0.0,0.875,10,1,0.3,0,1,3,1,0.3333333333333333,0.4166001596169195,-0.30000000098701385,-0.4166001596169195,-0.277733439744613,0.3253610111961422,0.6901813069103601,-0.22325417073184692,0.023753989707684525,0.0,0.0,0.001780181003370629,0.026818600368324175,0.1298342541436464,0.46316758747697967
47,A squirrel,I am not a very curious person,gb,0,0,3,4,0.3,0.7,bandit,8,0.0,0.875,11,2,0.7,1,0,3,1,0.3333333333333333,0.8333333333333333,1.505215796449022e-8,0.16666666666666674,0.4444444444444444,0.587786664902119,0.0,-0.9584261358948126,-1.1102230246251565e-16,0.0,0.0,0.001116071428571619,0.0007440476190476719,0.3571428571428571,0.3571428571428571
47,A squirrel,I am not a very curious person,gb,0,0,3,4,0.3,0.7,bandit,8,0.0,0.875,12,1,0.3,0,1,3,1,0.3333333333333333,0.3701657458563536,-0.2500000013594461,-0.3701657458563536,-0.24677716390423582,0.28339416389113375,0.6865299089505599,-0.3092008770384171,0.017446775436758266,0.0,0.0,0.0006001659823420269,0.01785633432943956,0.1685683238250475,0.5257111809679046
47,A squirrel,I am not a very curious person,gb,0,0,3,4,0.3,0.7,bandit,8,0.0,0.875,13,2,0.7,1,0,1,1,0.3333333333333333,0.8571428571428571,1.505215796449022e-8,0.1428571428571429,0.4285714285714285,0.5596157879354225,0.0,-1.0887672919119131,0.0,0.0,0.0,0.000488281250000222,0.0003255208333335924,0.3750000000000001,0.3750000000000001
47,A squirrel,I am not a very curious person,gb,0,0,3,4,0.3,0.7,bandit,8,0.0,0.875,14,1,0.3,0,0,1,1,0.3333333333333333,0.3314316761749525,-0.21428571120777382,-0.3314316761749525,-0.22095445078330167,0.24968576342578275,0.6827064730455019,-0.3957106648283263,0.012973104587097994,1.1102230246251565e-16,1.1102230246251565e-16,0.00020217557958335242,0.011791429346352245,0.2007323026851099,0.57573230268511
47,A squirrel,I am not a very curious person,gb,0,0,3,4,0.3,0.7,bandit,8,0.0,0.875,15,2,0.7,0,1,3,1,0.3333333333333333,0.8750000000000001,-0.999999984947842,-0.8750000000000001,-0.5833333333333335,0.8754687373539003,0.5004024235381879,-0.9533878680156774,0.057696303645267455,1.1102230246251565e-16,-1.1102230246251565e-16,0.0008680555555556912,0.0005787037037036091,0.3555555555555554,0.3555555555555554
47,A squirrel,I am not a very curious person,gb,0,0,3,4,0.3,0.7,bandit,8,0.0,0.875,16,1,0.3,0,1,3,1,0.3333333333333333,0.2992676973148901,-0.18750000906663172,-0.2992676973148901,-0.19951179820992682,0.22253348520479543,0.6791076299320256,-0.4791391417344011,0.009841753851782098,0.0,2.220446049250313e-16,0.00013862513543394517,0.007754409309603472,0.22754994548041918,0.5831055010359746
47,A squirrel,I am not a very curious person,gb,0,0,3,4,0.3,0.7,bandit,8,0.0,0.875,17,2,0.7,0,0,1,1,0.3333333333333333,0.8555555555555554,-0.999999984947842,-0.8555555555555554,-0.5703703703703704,0.8448317678920102,0.5320955331901374,-0.8223654972271377,0.05874806192997917,0.0,-2.220446049250313e-16,0.0015018857758621884,0.0010012571839079776,0.3327586206896551,0.3327586206896551
47,A squirrel,I am not a very curious person,gb,0,0,3,4,0.3,0.7,bandit,8,0.0,0.875,18,1,0.3,0,0,3,1,0.3333333333333333,0.2724500545195808,-0.16666666645717676,-0.2724500545195808,-0.18163336967972057,0.20044483946697295,0.6758665393660739,-0.5580527251703007,0.007640859362410546,0.0,1.1102230246251565e-16,9.955230593527986e-5,0.0050915366259418615,0.25010350564199846,0.5828621263316536
47,A squirrel,I am not a very curious person,gb,0,0,3,4,0.3,0.7,bandit,8,0.0,0.875,19,2,0.7,1,0,3,1,0.3333333333333333,0.8327586206896551,1.505215796449022e-8,0.16724137931034488,0.44482758620689644,0.5884765579960565,0.0,-0.947994214788691,2.220446049250313e-16,2.220446049250313e-16,0.0,0.0006870676877472892,0.00045804512516478546,0.3537549407114622,0.3537549407114622
47,A squirrel,I am not a very curious person,gb,0,0,3,4,0.3,0.7,bandit,8,0.0,0.875,20,1,0.3,0,1,3,1,0.3333333333333333,0.24989649435800154,-0.15000000388690934,-0.24989649435800154,-0.1665976629053344,0.1822387557084604,0.6729982360996122,-0.632146313336945,0.006070404564555543,0.0,1.1102230246251565e-16,3.0092898855471617e-5,0.003342738298027559,0.2692689835342672,0.6230239242457294
48,A squirrel,I am a slightly curious person,gb,1,1,2,2,0.3,0.7,tycoon,11,0.25,0.5,1,2,0.7,1,1,2,2,0.3333333333333333,0.5,NaN,0.5,0.33333333333333326,0.4054651081081643,0.6931471805599453,-0.042791644191678,0.05378194606599747,0.0,-1.1102230246251565e-16,0.08333333333333348,0.05555555555555547,0.08333333333333326,0.08333333333333326
48,A squirrel,I am a slightly curious person,gb,1,1,2,2,0.3,0.7,tycoon,11,0.25,0.5,2,2,0.7,0,0,1,2,0.3333333333333333,0.5833333333333333,-0.999999984947842,-0.5833333333333333,-0.7222222222222222,1.2809338454620642,0.0,-0.09878147980916858,0.0,0.0,0.0,0.0625,0.04166666666666663,0.10000000000000003,0.10000000000000003
48,A squirrel,I am a slightly curious person,gb,1,1,2,2,0.3,0.7,tycoon,11,0.25,0.5,3,2,0.7,0,0,1,2,0.3333333333333333,0.39999999999999997,-0.25000000000000017,-0.39999999999999997,-0.6000000000000001,0.9162907318741553,0.0,-0.29705541768766525,0.0,0.0,0.0,0.025000000000000022,0.016666666666666607,0.2,0.2
48,A squirrel,I am a slightly curious person,gb,1,1,2,2,0.3,0.7,tycoon,11,0.25,0.5,4,2,0.7,1,1,2,2,0.3333333333333333,0.3,0.9999999937195446,0.7,0.4666666666666667,0.6286086594223742,0.6615632381579821,-0.2040059070058956,0.06231225300813881,0.0,0.0,0.03776041666666674,0.02517361111111127,0.14583333333333331,0.14583333333333331
48,A squirrel,I am a slightly curious person,gb,1,1,2,2,0.3,0.7,tycoon,11,0.25,0.5,5,2,0.7,1,1,1,2,0.3333333333333333,0.3541666666666667,0.7500000004820603,0.6458333333333333,0.4305555555555556,0.5630940523117476,0.6785008770139087,-0.15713508424224704,0.05316704774777181,0.0,0.0,0.05378919860627174,0.03585946573751453,0.09059233449477344,0.09059233449477344
48,A squirrel,I am a slightly curious person,gb,1,1,2,2,0.3,0.7,tycoon,11,0.25,0.5,6,2,0.7,1,0,2,2,0.3333333333333333,0.40940766550522656,0.6000000032547178,0.5905923344947734,0.39372822299651555,0.5004269165450919,0.6881771822372582,-0.15234512269821177,0.04329848222372057,0.01245210727969348,0.008301404853129024,0.07246767241379315,0.04831178160919547,0.037356321839080386,0.037356321839080386
48,A squirrel,I am a slightly curious person,gb,1,1,2,2,0.3,0.7,tycoon,11,0.25,0.5,7,2,0.7,0,0,1,2,0.3333333333333333,0.4626436781609196,-0.499999998322114,-0.4626436781609196,-0.6417624521072798,1.0265589710280523,0.0,-0.23700120278132994,0.0,0.0,0.0,0.03591986036838979,0.02394657357892649,0.12507427213309563,0.12507427213309563
48,A squirrel,I am a slightly curious person,gb,1,1,2,2,0.3,0.7,tycoon,11,0.25,0.5,8,2,0.7,0,0,1,2,0.3333333333333333,0.37492572786690437,-0.35714285711591753,-0.37492572786690437,-0.5832838185779363,0.8753499090013155,0.0,-0.3499999698277506,-3.3306690738754696e-16,0.0,0.0,0.01754099334600767,0.011693995564005077,0.1901140684410646,0.1901140684410646
48,A squirrel,I am a slightly curious person,gb,1,1,2,2,0.3,0.7,tycoon,11,0.25,0.5,9,2,0.7,1,1,2,2,0.3333333333333333,0.3098859315589354,0.7500000000338465,0.6901140684410646,0.46007604562737636,0.6163269745765037,0.6653365453438909,-0.30392034868124257,0.04777956620255086,0.0,0.0,0.025258082586427588,0.016838721724285022,0.1482074263764404,0.1482074263764404
48,A squirrel,I am a slightly curious person,gb,1,1,2,2,0.3,0.7,tycoon,11,0.25,0.5,10,2,0.7,1,0,2,2,0.3333333333333333,0.3517925736235596,0.6666666618273922,0.6482074263764404,0.43213828425096024,0.5658773480900516,0.6779327786914043,-0.2865909243832322,0.04052767214023745,0.0,0.0,0.03476503781473128,0.02317669187648741,0.10691469372416385,0.10691469372416385
48,A squirrel,I am a slightly curious person,gb,1,1,2,2,0.3,0.7,tycoon,11,0.25,0.5,11,2,0.7,0,0,1,2,0.3333333333333333,0.39308530627583615,-0.3999999941209134,-0.39308530627583615,-0.5953902041838908,0.9048321434290967,0.0,-0.36069217539971615,0.0,0.0,0.0,0.0184030516938557,0.012268701129237058,0.16480114312931649,0.16480114312931649
48,A squirrel,I am a slightly curious person,gb,1,1,2,2,0.3,0.7,tycoon,11,0.25,0.5,12,2,0.7,0,0,1,2,0.3333333333333333,0.3351988568706835,-0.31818181375619276,-0.3351988568706835,-0.556799237913789,0.8137324240419427,0.0,-0.4482857932133264,0.0,0.0,0.0,0.009545754130843687,0.006363836087229013,0.21157979580870495,0.21157979580870495
48,A squirrel,I am a slightly curious person,gb,1,1,2,2,0.3,0.7,tycoon,11,0.25,0.5,13,2,0.7,0,0,1,2,0.3333333333333333,0.28842020419129505,-0.24999999905581718,-0.28842020419129505,-0.5256134694608634,0.7457328243257793,0.0,-0.5430704256123915,0.0,0.0,0.0,0.004874344164936151,0.0032495627766241375,0.24960669561386944,0.24960669561386944
48,A squirrel,I am a slightly curious person,gb,1,1,2,2,0.3,0.7,tycoon,11,0.25,0.5,14,2,0.7,0,0,1,2,0.3333333333333333,0.25039330438613056,-0.19230769234037634,-0.25039330438613056,-0.5002622029240871,0.693671723956956,0.0,-0.6408941694156637,0.0,0.0,0.0,0.0024592863944971066,0.00163952426299796,0.28072531900604436,0.28072531900604436
48,A squirrel,I am a slightly curious person,gb,1,1,2,2,0.3,0.7,tycoon,11,0.25,0.5,15,2,0.7,1,0,2,2,0.3333333333333333,0.21927468099395564,0.8571428577902319,0.7807253190060444,0.5204835460040296,0.7349770703444246,0.614922209885379,-0.5721405422924192,0.04801580708791431,0.0,0.0,0.0037941058201773625,0.0025294038801182417,0.2528835063437139,0.2528835063437139
48,A squirrel,I am a slightly curious person,gb,1,1,2,2,0.3,0.7,tycoon,11,0.25,0.5,16,2,0.7,1,0,2,2,0.3333333333333333,0.24711649365628605,0.8000000002011014,0.7528835063437139,0.501922337562476,0.6969992654464869,0.6347157791469413,-0.5226508077947007,0.04375384918901859,0.0,0.0,0.005653243214358561,0.003768828809572411,0.22393756164501044,0.22393756164501044
48,A squirrel,I am a slightly curious person,gb,1,1,2,2,0.3,0.7,tycoon,11,0.25,0.5,17,2,0.7,1,1,2,2,0.3333333333333333,0.27606243835498956,0.7499999998869347,0.7239375616450104,0.4826250410966736,0.6589874083462924,0.6509169671792328,-0.491875484485251,0.0389701684421766,0.0,0.0,0.008135793784336154,0.005423862522890732,0.19461861954438503,0.19461861954438503
48,A squirrel,I am a slightly curious person,gb,1,1,2,2,0.3,0.7,tycoon,11,0.25,0.5,18,2,0.7,1,1,2,2,0.3333333333333333,0.30538138045561497,0.7058823495414134,0.6946186195443851,0.4630790796962567,0.6219044573215884,0.6636593526544933,-0.47772941509377986,0.03404908475863255,0.0,0.0,0.011320341828639502,0.007546894552426298,0.16561791605842385,0.16561791605842385
48,A squirrel,I am a slightly curious person,gb,1,1,2,2,0.3,0.7,tycoon,11,0.25,0.5,19,2,0.7,1,1,2,2,0.3333333333333333,0.33438208394157615,0.6666666591353327,0.6656179160584239,0.44374527737228264,0.5865289554204832,0.6733162644268555,-0.47717968382828313,0.02932146179195161,0.0,-1.1102230246251565e-16,0.01525655925281133,0.010171039501874146,0.1375026906154394,0.1375026906154394
48,A squirrel,I am a slightly curious person,gb,1,1,2,2,0.3,0.7,tycoon,11,0.25,0.5,20,2,0.7,0,0,1,2,0.3333333333333333,0.3624973093845606,-0.3684210464235614,-0.3624973093845606,-0.5749982062563738,0.8556618894933886,0.0,-0.514606821508837,0.0,0.0,0.0,0.008890757754544287,0.005927171836362932,0.1738008540105696,0.1738008540105696
49,A squirrel,I am a slightly curious person,gb,1,1,0,1,0.3,0.7,bandit,6,0.25,0.125,1,2,0.7,0,0,3,1,0.3333333333333333,0.5,NaN,-0.5,-0.33333333333333337,0.40546510810816444,0.6931471805599453,-0.04279164419167801,0.05378194606599736,0.0,0.0,0.08333333333333337,0.05555555555555547,0.08333333333333337,0.08333333333333337
49,A squirrel,I am a slightly curious person,gb,1,1,0,1,0.3,0.7,bandit,6,0.25,0.125,2,2,0.7,0,1,1,1,0.3333333333333333,0.41666666666666663,-5.545009081338703e-16,-0.41666666666666663,-0.2777777777777778,0.325422400434628,0.6901856760188041,-0.14872947946598028,0.03793678112380475,0.0,1.1102230246251565e-16,0.05288461538461542,0.03525641025641024,0.15384615384615385,0.15384615384615385
49,A squirrel,I am a slightly curious person,gb,1,1,0,1,0.3,0.7,bandit,6,0.25,0.125,3,1,0.3,0,0,3,1,0.3333333333333333,0.5,NaN,-0.5,-0.33333333333333337,0.40546510810816444,0.6931471805599453,-0.04279164419167801,0.05378194606599736,0.0,-1.1102230246251565e-16,0.08333333333333337,0.05555555555555547,0.08333333333333337,0.08333333333333337
49,A squirrel,I am a slightly curious person,gb,1,1,0,1,0.3,0.7,bandit,6,0.25,0.125,4,1,0.3,0,0,4,1,0.3333333333333333,0.41666666666666663,-5.545009081338703e-16,-0.41666666666666663,-0.2777777777777778,0.325422400434628,0.6901856760188041,-0.14872947946598028,0.03793678112380475,0.0,1.1102230246251565e-16,0.05288461538461542,0.03525641025641024,0.15384615384615385,0.15384615384615385
49,A squirrel,I am a slightly curious person,gb,1,1,0,1,0.3,0.7,bandit,6,0.25,0.125,5,2,0.7,0,1,1,1,0.3333333333333333,0.34615384615384615,-5.545009081338703e-16,-0.34615384615384615,-0.2307692307692308,0.2623642644674911,0.6842317651303003,-0.2844497338353375,0.0257813362644152,0.0,0.0,0.03249999999999997,0.021666666666666612,0.21000000000000002,0.21000000000000002
49,A squirrel,I am a slightly curious person,gb,1,1,0,1,0.3,0.7,bandit,6,0.25,0.125,6,1,0.3,1,0,4,1,0.3333333333333333,0.34615384615384615,0.9999999999999994,0.6538461538461539,0.7692307692307692,1.466337068793427,0.0,-0.06641254138672094,0.0,0.0,0.0,0.08750000000000002,0.05833333333333335,0.033333333333333326,0.033333333333333326
49,A squirrel,I am a slightly curious person,gb,1,1,0,1,0.3,0.7,bandit,6,0.25,0.125,7,1,0.3,0,0,1,1,0.3333333333333333,0.5333333333333333,-0.4999999990102087,-0.5333333333333333,-0.3555555555555556,0.4393666597838458,0.6925525323607233,-0.08739425626637275,0.04314031141012996,0.01724137931034475,0.011494252873563204,0.08620689655172409,0.05747126436781602,0.02873563218390801,0.02873563218390801
49,A squirrel,I am a slightly curious person,gb,1,1,0,1,0.3,0.7,bandit,6,0.25,0.125,8,2,0.7,1,0,1,1,0.3333333333333333,0.29,0.9999999999999994,0.71,0.8066666666666666,1.6433394641097814,0.0,-0.08739425626637275,0.0,0.0,0.0,0.08620689655172409,0.05747126436781602,0.02873563218390801,0.02873563218390801
49,A squirrel,I am a slightly curious person,gb,1,1,0,1,0.3,0.7,bandit,6,0.25,0.125,9,2,0.7,1,0,1,1,0.3333333333333333,0.471264367816092,0.6249999949751466,0.5287356321839081,0.6858237547892719,1.15780116005844,0.0,-0.1571350842422471,0.0,0.0,0.0,0.05378919860627185,0.03585946573751442,0.09059233449477355,0.09059233449477355
49,A squirrel,I am a slightly curious person,gb,1,1,0,1,0.3,0.7,bandit,6,0.25,0.125,10,2,0.7,0,1,2,1,0.3333333333333333,0.5905923344947736,-0.5999999972964525,-0.5905923344947736,-0.3937282229965158,0.5004269165450922,0.6881771822372582,-0.15234512269821188,0.04329848222372032,0.01245210727969337,0.008301404853128802,0.07246767241379304,0.04831178160919536,0.03735632183908055,0.03735632183908055
49,A squirrel,I am a slightly curious person,gb,1,1,0,1,0.3,0.7,bandit,6,0.25,0.125,11,1,0.3,0,1,1,1,0.3333333333333333,0.471264367816092,-0.37500000502485337,-0.471264367816092,-0.31417624521072807,0.37713460148193856,0.6927570046594116,-0.145217675089551,0.03231445903788896,0.0,1.1102230246251565e-16,0.04779070015726261,0.039704708699122127,0.08339984038308051,0.12075616222216107
49,A squirrel,I am a slightly curious person,gb,1,1,0,1,0.3,0.7,bandit,6,0.25,0.125,12,2,0.7,1,0,1,1,0.3333333333333333,0.5373563218390806,0.5000000012511272,0.46264367816091945,0.6417624521072797,1.026558971028052,0.0,-0.2370012027813298,0.0,0.0,0.0,0.03591986036838957,0.023946573578926378,0.12507427213309563,0.12507427213309563
49,A squirrel,I am a slightly curious person,gb,1,1,0,1,0.3,0.7,bandit,6,0.25,0.125,13,1,0.3,0,1,2,1,0.3333333333333333,0.4166001596169195,-0.30000000098701385,-0.4166001596169195,-0.277733439744613,0.3253610111961422,0.6901813069103601,-0.22325417073184692,0.023753989707684525,0.0,-1.1102230246251565e-16,0.016408780812008028,0.026818600368324286,0.1298342541436464,0.25490852627674204
49,A squirrel,I am a slightly curious person,gb,1,1,0,1,0.3,0.7,bandit,6,0.25,0.125,14,2,0.7,0,0,2,1,0.3333333333333333,0.6250742721330956,-0.6428571429065449,-0.6250742721330956,-0.41671618142206385,0.5390813867732288,0.6828941449085093,-0.2228608825806698,0.04211572422065937,-2.220446049250313e-16,-1.1102230246251565e-16,0.04905029711375197,0.032700198075834686,0.07860780984719873,0.07860780984719873
49,A squirrel,I am a slightly curious person,gb,1,1,0,1,0.3,0.7,bandit,6,0.25,0.125,15,1,0.3,0,0,2,1,0.3333333333333333,0.3701657458563536,-0.2500000013594461,-0.3701657458563536,-0.24677716390423582,0.28339416389113375,0.6865299089505599,-0.3092008770384171,0.017446775436758266,0.0,0.0,0.014654495818195667,0.01785633432943945,0.1685683238250475,0.24717613367224622
49,A squirrel,I am a slightly curious person,gb,1,1,0,1,0.3,0.7,bandit,6,0.25,0.125,16,2,0.7,0,1,1,1,0.3333333333333333,0.5786078098471987,-0.5624999999949906,-0.5786078098471987,-0.38573853989813256,0.48733461069039213,0.6895034991417228,-0.23609603900380247,0.03414268066623968,0.007755833626480468,0.005170555750987016,0.0639911239258254,0.04266074928388364,0.034901251319161775,0.034901251319161775
49,A squirrel,I am a slightly curious person,gb,1,1,0,1,0.3,0.7,bandit,6,0.25,0.125,17,1,0.3,0,1,1,1,0.3333333333333333,0.3314316761749525,-0.21428571120777382,-0.3314316761749525,-0.22095445078330167,0.24968576342578275,0.6827064730455019,-0.3957106648283263,0.012973104587097994,0.0,1.1102230246251565e-16,0.013261309633195606,0.011791429346352023,0.2007323026851099,0.23563355400427166
49,A squirrel,I am a slightly curious person,gb,1,1,0,1,0.3,0.7,bandit,6,0.25,0.125,18,1,0.3,1,0,1,1,0.3333333333333333,0.2992676973148901,0.8124999909333683,0.7007323026851099,0.8004882017900732,1.6118819055039784,0.0,-0.2874591223088541,0.0,0.0,0.0,0.03254651516194451,0.027988902071283794,0.0931336200504227,0.12803487136958447
49,A squirrel,I am a slightly curious person,gb,1,1,0,1,0.3,0.7,bandit,6,0.25,0.125,19,1,0.3,0,0,3,1,0.3333333333333333,0.4068663799495773,-0.33333333341764176,-0.4068663799495773,-0.27124425329971824,0.31641665565345756,0.6895133632202006,-0.35142856931129185,0.0155607835443628,0.0,0.0,0.0223263487118609,0.019752238502238506,0.1259327092660426,0.16083396058520438
49,A squirrel,I am a slightly curious person,gb,1,1,0,1,0.3,0.7,bandit,6,0.25,0.125,20,1,0.3,1,0,1,1,0.3333333333333333,0.3740672907339574,0.7000000005196025,0.6259327092660426,0.7506218061773616,1.3887846841111966,0.0,-0.31212799067102276,0.0,0.0,0.0,0.04382302153227202,0.037548299239068994,0.04076316285038739,0.07566441416954917
50,A squirrel,I am a slightly curious person,gb,2,2,1,1,0.7,0.3,bandit,9,0.25,0.5,1,1,0.7,0,1,4,1,0.3333333333333333,0.5,NaN,-0.5,-0.33333333333333337,0.40546510810816444,0.6931471805599453,-0.04279164419167801,0.05378194606599736,0.0,0.0,0.08333333333333337,0.05555555555555547,0.08333333333333337,0.08333333333333337
50,A squirrel,I am a slightly curious person,gb,2,2,1,1,0.7,0.3,bandit,9,0.25,0.5,2,2,0.3,1,0,1,1,0.3333333333333333,0.5,NaN,0.5,0.6666666666666666,1.0986122886681096,0.0,-0.19314718051535087,0.0,0.0,0.0,0.04166666666666663,0.02777777777777779,0.16666666666666663,0.16666666666666663
50,A squirrel,I am a slightly curious person,gb,2,2,1,1,0.7,0.3,bandit,9,0.25,0.5,3,1,0.7,0,1,4,1,0.3333333333333333,0.41666666666666663,-5.545009081338703e-16,-0.41666666666666663,-0.2777777777777778,0.325422400434628,0.6901856760188041,-0.14872947946598028,0.03793678112380475,1.1102230246251565e-16,1.1102230246251565e-16,0.019468189449786122,0.03525641025641024,0.15384615384615385,0.3205128205128205
50,A squirrel,I am a slightly curious person,gb,2,2,1,1,0.7,0.3,bandit,9,0.25,0.5,4,2,0.3,0,0,4,1,0.3333333333333333,0.6666666666666666,-0.999999984947842,-0.6666666666666666,-0.44444444444444453,0.5877866649021192,0.6730116670092565,-0.09878147980916833,0.0671439495179084,1.1102230246251565e-16,0.0,0.0625,0.04166666666666663,0.09999999999999987,0.09999999999999987
50,A squirrel,I am a slightly curious person,gb,2,2,1,1,0.7,0.3,bandit,9,0.25,0.5,5,2,0.3,0,1,4,1,0.3333333333333333,0.5999999999999999,-0.7500000000000001,-0.5999999999999999,-0.39999999999999997,0.5108256237659905,0.6869615765973234,-0.06641254138672094,0.05538446170840032,0.022222222222222254,0.014814814814814947,0.08750000000000002,0.05833333333333335,0.033333333333333326,0.033333333333333326
50,A squirrel,I am a slightly curious person,gb,2,2,1,1,0.7,0.3,bandit,9,0.25,0.5,6,1,0.7,1,0,1,1,0.3333333333333333,0.34615384615384615,0.9999999999999994,0.6538461538461539,0.7692307692307692,1.466337068793427,0.0,-0.06641254138672094,0.0,0.0,0.0,0.10351811143668566,0.05833333333333335,0.033333333333333326,0.0
50,A squirrel,I am a slightly curious person,gb,2,2,1,1,0.7,0.3,bandit,9,0.25,0.5,7,1,0.7,1,0,1,1,0.3333333333333333,0.5333333333333333,0.5000000009897914,0.4666666666666667,0.6444444444444444,1.0340737675305383,0.0,-0.20400590700589533,0.0,0.0,0.0,0.047324062968474134,0.02517361111111094,0.14583333333333326,0.11249999999999993
50,A squirrel,I am a slightly curious person,gb,2,2,1,1,0.7,0.3,bandit,9,0.25,0.5,8,1,0.7,0,0,4,1,0.3333333333333333,0.6458333333333333,-0.7499999978409456,-0.6458333333333333,-0.43055555555555564,0.5630940523117476,0.6785008770139085,-0.1571350842422471,0.053167047747771534,0.008594657375145087,-1.1102230246251565e-16,0.06644991460287342,0.03585946573751453,0.09059233449477355,0.057259001161440226
50,A squirrel,I am a slightly curious person,gb,2,2,1,1,0.7,0.3,bandit,9,0.25,0.5,9,1,0.7,1,0,4,1,0.3333333333333333,0.5905923344947736,0.4000000027035475,0.40940766550522645,0.6062717770034842,0.9320943970472803,0.0,-0.28542769031337323,0.0,0.0,0.0,0.03272594906633364,0.016685103244837518,0.17256637168141586,0.13923303834808254
50,A squirrel,I am a slightly curious person,gb,2,2,1,1,0.7,0.3,bandit,9,0.25,0.5,10,1,0.7,0,1,4,1,0.3333333333333333,0.6725663716814159,-0.7500000000027015,-0.6725663716814159,-0.44837758112094395,0.5948914905258637,0.67123888203318,-0.2370012027813298,0.05044154348753849,-1.1102230246251565e-16,1.1102230246251565e-16,0.046222230508522144,0.02394657357892649,0.12507427213309563,0.0917409387997623
50,A squirrel,I am a slightly curious person,gb,2,2,1,1,0.7,0.3,bandit,9,0.25,0.5,11,1,0.7,1,0,1,1,0.3333333333333333,0.6250742721330956,0.35714285709345506,0.37492572786690437,0.5832838185779361,0.875349909001315,0.0,-0.34999996982775033,-2.220446049250313e-16,-1.1102230246251565e-16,0.0,0.02388166095471511,0.011693995564004966,0.1901140684410646,0.15678073510773127
50,A squirrel,I am a slightly curious person,gb,2,2,1,1,0.7,0.3,bandit,9,0.25,0.5,12,1,0.7,1,0,1,1,0.3333333333333333,0.6901140684410646,0.24999999996462985,0.3098859315589354,0.5399239543726235,0.7763634865810234,0.0,-0.47241718232341906,0.0,-1.1102230246251565e-16,0.0,0.012242669498752412,0.005656383045329227,0.23929376408715253,0.2059604307538192
50,A squirrel,I am a slightly curious person,gb,2,2,1,1,0.7,0.3,bandit,9,0.25,0.5,13,1,0.7,1,0,1,1,0.3333333333333333,0.7392937640871525,0.16666666686549658,0.2607062359128475,0.507137490608565,0.7075250294510225,0.0,-0.5955631174764747,-1.1102230246251565e-16,0.0,0.0,0.006247036404896211,0.002719951515921304,0.2771849593495934,0.2438516260162601
50,A squirrel,I am a slightly curious person,gb,2,2,1,1,0.7,0.3,bandit,9,0.25,0.5,14,1,0.7,0,1,4,1,0.3333333333333333,0.7771849593495934,-0.899999999903316,-0.7771849593495934,-0.5181233062330624,0.7300670197198772,0.6177014576144872,-0.5103029326983979,0.0532386187643894,1.1102230246251565e-16,0.0,0.009545080727134558,0.004242992654679645,0.24523455454914145,0.21190122121580812
50,A squirrel,I am a slightly curious person,gb,2,2,1,1,0.7,0.3,bandit,9,0.25,0.5,15,1,0.7,0,0,2,1,0.3333333333333333,0.7452345545491414,-0.818181818168654,-0.7452345545491414,-0.4968230363660944,0.6868133543856716,0.6393919868411735,-0.4482857932133263,0.04854878038290705,0.0,0.0,0.01403341200740027,0.006363836087228902,0.2115797958087049,0.17824646247537157
50,A squirrel,I am a slightly curious person,gb,2,2,1,1,0.7,0.3,bandit,9,0.25,0.5,16,1,0.7,1,0,1,1,0.3333333333333333,0.7115797958087049,0.2499999990551962,0.2884202041912951,0.5256134694608634,0.7457328243257791,0.0,-0.5430704256123912,-1.1102230246251565e-16,0.0,0.0,0.007590759551473036,0.0032495627766240265,0.24960669561386917,0.21627336228053584
50,A squirrel,I am a slightly curious person,gb,2,2,1,1,0.7,0.3,bandit,9,0.25,0.5,17,1,0.7,0,1,2,1,0.3333333333333333,0.7496066956138692,-0.8076923113585709,-0.7496066956138692,-0.4997377970759129,0.692622912164466,0.6367560935751608,-0.48763388834923316,0.04603578226063587,-1.1102230246251565e-16,0.0,0.01111630655852347,0.0048579135480874,0.21852069269151742,0.1851873593581841
50,A squirrel,I am a slightly curious person,gb,2,2,1,1,0.7,0.3,bandit,9,0.25,0.5,18,1,0.7,0,1,2,1,0.3333333333333333,0.7185206926915174,-0.7500000003587203,-0.7185206926915174,-0.4790137951276783,0.6520317157514504,0.6535261678712743,-0.45310279108652807,0.040910477050651484,-1.1102230246251565e-16,-1.1102230246251565e-16,0.01570040055086641,0.006998830606186113,0.18692626346313168,0.15359293012979836
50,A squirrel,I am a slightly curious person,gb,2,2,1,1,0.7,0.3,bandit,9,0.25,0.5,19,1,0.7,1,0,1,1,0.3333333333333333,0.6869262634631317,0.29999999974776903,0.3130737365368683,0.5420491576912455,0.7809934318319507,0.0,-0.5226508077947005,0.0,0.0,0.0,0.008943094082462522,0.003768828809572411,0.22393756164501033,0.190604228311677
50,A squirrel,I am a slightly curious person,gb,2,2,1,1,0.7,0.3,bandit,9,0.25,0.5,20,1,0.7,0,0,1,1,0.3333333333333333,0.7239375616450103,-0.7499999924364138,-0.7239375616450103,-0.4826250410966737,0.6589874083462927,0.6509169671792329,-0.491875484485251,0.03897016844217693,1.1102230246251565e-16,1.1102230246251565e-16,0.01260928416796836,0.005423862522890843,0.19461861954438497,0.16128528621105165
51,A squirrel,I am a slightly curious person,gb,2,2,3,3,0.3,0.7,tycoon,13,0.5,0.75,1,1,0.3,1,1,4,2,0.3333333333333333,0.5,NaN,0.5,0.33333333333333326,0.4054651081081643,0.6931471805599453,-0.042791644191678,0.05378194606599747,0.0,-1.1102230246251565e-16,0.08333333333333348,0.05555555555555547,0.08333333333333326,0.08333333333333326
51,A squirrel,I am a slightly curious person,gb,2,2,3,3,0.3,0.7,tycoon,13,0.5,0.75,2,2,0.7,1,1,4,2,0.3333333333333333,0.5,NaN,0.5,0.33333333333333326,0.4054651081081643,0.6931471805599453,-0.042791644191678,0.05378194606599747,0.04166666666666674,1.1102230246251565e-16,0.11815201177425982,0.05555555555555547,0.08333333333333326,0.0
51,A squirrel,I am a slightly curious person,gb,2,2,3,3,0.3,0.7,tycoon,13,0.5,0.75,3,1,0.3,0,0,1,2,0.3333333333333333,0.5833333333333333,-0.999999984947842,-0.5833333333333333,-0.7222222222222222,1.2809338454620642,0.0,-0.09878147980916858,0.0,0.0,0.0,0.03737461979762402,0.04166666666666663,0.10000000000000003,0.1833333333333333
51,A squirrel,I am a slightly curious person,gb,2,2,3,3,0.3,0.7,tycoon,13,0.5,0.75,4,2,0.7,1,0,4,2,0.3333333333333333,0.5833333333333333,1.505215796449022e-8,0.41666666666666674,0.2777777777777778,0.325422400434628,0.6901856760188042,-0.14872947946598028,0.0379367811238048,1.1102230246251565e-16,1.1102230246251565e-16,0.05288461538461542,0.03525641025641024,0.15384615384615385,0.15384615384615385
51,A squirrel,I am a slightly curious person,gb,2,2,3,3,0.3,0.7,tycoon,13,0.5,0.75,5,1,0.3,1,1,4,2,0.3333333333333333,0.39999999999999997,0.7499999999999998,0.6000000000000001,0.3999999999999999,0.5108256237659905,0.6869615765973234,-0.06641254138672092,0.05538446170840036,0.0,0.014814814814814947,0.032568046699056996,0.05833333333333346,0.033333333333333326,0.18717948717948718
51,A squirrel,I am a slightly curious person,gb,2,2,3,3,0.3,0.7,tycoon,13,0.5,0.75,6,2,0.7,1,0,4,2,0.3333333333333333,0.6538461538461539,1.505215796449022e-8,0.34615384615384615,0.23076923076923073,0.262364264467491,0.6842317651303003,-0.2844497338353375,0.025781336264415255,0.0,1.1102230246251565e-16,0.032500000000000084,0.021666666666666723,0.20999999999999996,0.20999999999999996
51,A squirrel,I am a slightly curious person,gb,2,2,3,3,0.3,0.7,tycoon,13,0.5,0.75,7,1,0.3,0,0,1,2,0.3333333333333333,0.4666666666666667,-0.49999999847640864,-0.4666666666666667,-0.6444444444444445,1.0340737675305387,0.0,-0.2040059070058956,0.0,0.0,0.0,0.0051915631285992525,0.02517361111111116,0.14583333333333331,0.3558333333333333
51,A squirrel,I am a slightly curious person,gb,2,2,3,3,0.3,0.7,tycoon,13,0.5,0.75,8,2,0.7,1,0,4,2,0.3333333333333333,0.71,1.505215796449022e-8,0.29000000000000004,0.19333333333333325,0.21484474849951454,0.6780102022798757,-0.42625540231422954,0.017393591340592707,1.1102230246251565e-16,0.0,0.01962809917355368,0.013085399449035862,0.2534435261707988,0.2534435261707988
51,A squirrel,I am a slightly curious person,gb,2,2,3,3,0.3,0.7,tycoon,13,0.5,0.75,9,1,0.3,1,0,4,2,0.3333333333333333,0.3541666666666667,0.7500000004820603,0.6458333333333333,0.4305555555555556,0.5630940523117476,0.6785008770139087,-0.15713508424224704,0.05316704774777181,0.0,0.0,0.0044734338494449855,0.03585946573751453,0.09059233449477344,0.34403586066557224
51,A squirrel,I am a slightly curious person,gb,2,2,3,3,0.3,0.7,tycoon,13,0.5,0.75,10,2,0.7,0,0,1,2,0.3333333333333333,0.7534435261707988,-0.999999984947842,-0.7534435261707988,-0.8356290174471993,1.8056293170922058,0.0,-0.14521767508955086,0.0,0.0,0.0,0.05955706304868302,0.039704708699122016,0.08339984038308068,0.08339984038308068
51,A squirrel,I am a slightly curious person,gb,2,2,3,3,0.3,0.7,tycoon,13,0.5,0.75,11,1,0.3,0,0,1,2,0.3333333333333333,0.40940766550522656,-0.3999999967452822,-0.40940766550522656,-0.6062717770034844,0.9320943970472808,0.0,-0.28542769031337345,0.0,0.0,0.0,0.01148228826345421,0.01668510324483774,0.17256637168141586,0.25596621206449655
51,A squirrel,I am a slightly curious person,gb,2,2,3,3,0.3,0.7,tycoon,13,0.5,0.75,12,2,0.7,1,1,4,2,0.3333333333333333,0.5833998403830807,0.3000000009825461,0.4166001596169193,0.27773343974461273,0.3253610111961419,0.6901813069103601,-0.22325417073184653,0.02375398970768486,-1.1102230246251565e-16,0.0,0.04022790055248604,0.026818600368323953,0.12983425414364647,0.12983425414364647
51,A squirrel,I am a slightly curious person,gb,2,2,3,3,0.3,0.7,tycoon,13,0.5,0.75,13,1,0.3,1,0,4,2,0.3333333333333333,0.32743362831858414,0.7500000038698826,0.6725663716814159,0.44837758112094384,0.5948914905258634,0.67123888203318,-0.23700120278132994,0.05044154348753846,0.0,0.0,0.010441280290998112,0.02394657357892649,0.12507427213309563,0.2549085262767421
51,A squirrel,I am a slightly curious person,gb,2,2,3,3,0.3,0.7,tycoon,13,0.5,0.75,14,2,0.7,1,1,4,2,0.3333333333333333,0.6298342541436465,0.2499999999460495,0.37016574585635353,0.24677716390423576,0.28339416389113375,0.6865299089505598,-0.30920087703841675,0.017446775436758433,0.0,0.0,0.026784501494159008,0.01785633432943934,0.1685683238250476,0.1685683238250476
51,A squirrel,I am a slightly curious person,gb,2,2,3,3,0.3,0.7,tycoon,13,0.5,0.75,15,1,0.3,0,0,1,2,0.3333333333333333,0.37492572786690437,-0.35714285711591753,-0.37492572786690437,-0.5832838185779363,0.8753499090013155,0.0,-0.3499999698277506,-3.3306690738754696e-16,0.0,0.0,0.0021793349878388435,0.011693995564005077,0.1901140684410646,0.3586823922661122
51,A squirrel,I am a slightly curious person,gb,2,2,3,3,0.3,0.7,tycoon,13,0.5,0.75,16,2,0.7,0,0,1,2,0.3333333333333333,0.6685683238250476,-0.7857142857744785,-0.6685683238250476,-0.7790455492166983,1.5097987037598832,0.0,-0.22800730239285233,0.0,0.0,0.0,0.0588601434426228,0.03924009562841513,0.05516393442622958,0.05516393442622958
51,A squirrel,I am a slightly curious person,gb,2,2,3,3,0.3,0.7,tycoon,13,0.5,0.75,17,1,0.3,1,1,4,2,0.3333333333333333,0.3098859315589354,0.7500000000338465,0.6901140684410646,0.46007604562737636,0.6163269745765037,0.6653365453438909,-0.30392034868124257,0.04777956620255086,0.0,0.0,0.01464619326557659,0.016838721724285133,0.1482074263764404,0.20337136080267
51,A squirrel,I am a slightly curious person,gb,2,2,3,3,0.3,0.7,tycoon,13,0.5,0.75,18,2,0.7,1,1,4,2,0.3333333333333333,0.5551639344262296,0.3749999995025072,0.4448360655737704,0.2965573770491803,0.3517689651698778,0.6917799599357861,-0.2874591223088539,0.02017090234217428,0.0,0.0,0.04198335310692558,0.027988902071283683,0.0931336200504227,0.0931336200504227
51,A squirrel,I am a slightly curious person,gb,2,2,3,3,0.3,0.7,tycoon,13,0.5,0.75,19,1,0.3,0,0,1,2,0.3333333333333333,0.3517925736235596,-0.33333333817260785,-0.3517925736235596,-0.5678617157490398,0.8390096395271016,0.0,-0.403142000609794,-5.551115123125783e-17,0.0,0.0,0.004004718493350823,0.008510159465020761,0.2024691358024691,0.2956027558528918
51,A squirrel,I am a slightly curious person,gb,2,2,3,3,0.3,0.7,tycoon,13,0.5,0.75,20,2,0.7,1,0,4,2,0.3333333333333333,0.5931336200504227,0.33333333342038196,0.4068663799495773,0.27124425329971824,0.31641665565345756,0.6895133632202006,-0.3514285693112917,0.01556078354436291,1.1102230246251565e-16,1.1102230246251565e-16,0.029628357753357704,0.019752238502238506,0.1259327092660426,0.1259327092660426
52,A squirrel,I am a slightly curious person,bg,1,1,3,3,0.3,0.7,bandit,8,0.25,0.75,1,1,0.3,0,1,4,1,0.3333333333333333,0.5,NaN,-0.5,-0.33333333333333337,0.40546510810816444,0.6931471805599453,-0.04279164419167801,0.05378194606599736,0.0,0.0,0.08333333333333337,0.05555555555555547,0.08333333333333337,0.08333333333333337
52,A squirrel,I am a slightly curious person,bg,1,1,3,3,0.3,0.7,bandit,8,0.25,0.75,2,1,0.3,0,1,4,1,0.3333333333333333,0.41666666666666663,-5.545009081338703e-16,-0.41666666666666663,-0.2777777777777778,0.325422400434628,0.6901856760188041,-0.14872947946598028,0.03793678112380475,0.0,1.1102230246251565e-16,0.05288461538461542,0.03525641025641024,0.15384615384615385,0.15384615384615385
52,A squirrel,I am a slightly curious person,bg,1,1,3,3,0.3,0.7,bandit,8,0.25,0.75,3,1,0.3,1,0,2,1,0.3333333333333333,0.34615384615384615,0.9999999999999994,0.6538461538461539,0.7692307692307692,1.466337068793427,0.0,-0.06641254138672094,0.0,0.0,0.0,0.08750000000000002,0.05833333333333335,0.033333333333333326,0.033333333333333326
52,A squirrel,I am a slightly curious person,bg,1,1,3,3,0.3,0.7,bandit,8,0.25,0.75,4,1,0.3,0,0,3,1,0.3333333333333333,0.5333333333333333,-0.4999999990102087,-0.5333333333333333,-0.3555555555555556,0.4393666597838458,0.6925525323607233,-0.08739425626637275,0.04314031141012996,0.01724137931034475,0.011494252873563204,0.08620689655172409,0.05747126436781613,0.02873563218390801,0.02873563218390801
52,A squirrel,I am a slightly curious person,bg,1,1,3,3,0.3,0.7,bandit,8,0.25,0.75,5,1,0.3,1,0,2,1,0.3333333333333333,0.471264367816092,0.6249999949751466,0.5287356321839081,0.6858237547892719,1.15780116005844,0.0,-0.1571350842422471,0.0,0.0,0.0,0.05378919860627185,0.03585946573751442,0.09059233449477355,0.09059233449477355
52,A squirrel,I am a slightly curious person,bg,1,1,3,3,0.3,0.7,bandit,8,0.25,0.75,6,1,0.3,0,1,4,1,0.3333333333333333,0.5905923344947736,-0.5999999972964525,-0.5905923344947736,-0.3937282229965158,0.5004269165450922,0.6881771822372582,-0.15234512269821188,0.04329848222372032,0.01245210727969337,0.008301404853128913,0.07246767241379304,0.04831178160919536,0.03735632183908055,0.03735632183908055
52,A squirrel,I am a slightly curious person,bg,1,1,3,3,0.3,0.7,bandit,8,0.25,0.75,7,1,0.3,0,1,4,1,0.3333333333333333,0.5373563218390806,-0.49999999874887274,-0.5373563218390806,-0.35823754789272033,0.4435370560575723,0.6923940398076736,-0.17975900900527403,0.03407290818339537,0.0194029850746269,0.012935323383084563,0.08126036484245436,0.05417357656163635,0.011608623548922004,0.011608623548922004
52,A squirrel,I am a slightly curious person,bg,1,1,3,3,0.3,0.7,bandit,8,0.25,0.75,8,1,0.3,1,0,1,1,0.3333333333333333,0.488391376451078,0.5714285716831129,0.511608623548922,0.6744057490326146,1.1221033017437083,0.0,-0.2228608825806698,0.0,0.0,0.0,0.04905029711375197,0.0327001980758348,0.07860780984719873,0.07860780984719873
52,A squirrel,I am a slightly curious person,bg,1,1,3,3,0.3,0.7,bandit,8,0.25,0.75,9,1,0.3,1,0,4,1,0.3333333333333333,0.5786078098471987,0.43750000000500944,0.42139219015280127,0.6142614601018674,0.9525954968045901,0.0,-0.3039203486812426,0.0,0.0,0.0,0.025258082586427477,0.016838721724285022,0.14820742637644047,0.14820742637644047
52,A squirrel,I am a slightly curious person,bg,1,1,3,3,0.3,0.7,bandit,8,0.25,0.75,10,1,0.3,0,0,4,1,0.3333333333333333,0.6482074263764405,-0.6666666668460243,-0.6482074263764405,-0.43213828425096035,0.5658773480900519,0.6779327786914044,-0.28659092438323247,0.04052767214023717,0.0,0.0,0.03476503781473128,0.02317669187648752,0.10691469372416385,0.10691469372416385
52,A squirrel,I am a slightly curious person,bg,1,1,3,3,0.3,0.7,bandit,8,0.25,0.75,11,1,0.3,0,1,4,1,0.3333333333333333,0.6069146937241638,-0.5999999998895641,-0.6069146937241638,-0.40460979581610923,0.5185382830317894,0.6859642611799128,-0.29265509243877524,0.03351513533895367,0.0,-1.1102230246251565e-16,0.045884165769797036,0.030589443846531394,0.06757675314376344,0.06757675314376344
52,A squirrel,I am a slightly curious person,bg,1,1,3,3,0.3,0.7,bandit,8,0.25,0.75,12,2,0.7,1,0,1,1,0.3333333333333333,0.5,NaN,0.5,0.6666666666666666,1.0986122886681096,0.0,-0.19314718051535087,0.0,0.0,0.0,0.060947026662830694,0.02777777777777779,0.16666666666666663,0.0990899135229032
52,A squirrel,I am a slightly curious person,bg,1,1,3,3,0.3,0.7,bandit,8,0.25,0.75,13,2,0.7,0,1,1,1,0.3333333333333333,0.6666666666666666,-0.999999984947842,-0.6666666666666666,-0.44444444444444453,0.5877866649021192,0.6730116670092565,-0.09878147980916833,0.0671439495179084,0.027030701257505507,1.1102230246251565e-16,0.08894938243113648,0.04166666666666663,0.09999999999999987,0.03242324685623643
52,A squirrel,I am a slightly curious person,bg,1,1,3,3,0.3,0.7,bandit,8,0.25,0.75,14,2,0.7,1,0,1,1,0.3333333333333333,0.5999999999999999,0.2499999999999999,0.40000000000000013,0.6000000000000001,0.9162907318741551,0.0,-0.29705541768766514,0.0,0.0,0.0,0.04010796641396763,0.016666666666666607,0.19999999999999996,0.13242324685623652
52,A squirrel,I am a slightly curious person,bg,1,1,3,3,0.3,0.7,bandit,8,0.25,0.75,15,2,0.7,1,0,1,1,0.3333333333333333,0.7,1.505215796449022e-8,0.30000000000000004,0.5333333333333333,0.7621400520468967,0.0,-0.4905612865201842,0.0,0.0,0.0,0.018875518845502537,0.006944444444444531,0.26190476190476186,0.19432800876099843
52,A squirrel,I am a slightly curious person,bg,1,1,3,3,0.3,0.7,bandit,8,0.25,0.75,16,2,0.7,1,0,1,1,0.3333333333333333,0.7619047619047619,1.505215796449022e-8,0.23809523809523814,0.4920634920634921,0.6773988235918061,0.0,-0.6637676568013677,-3.3306690738754696e-16,-1.1102230246251565e-16,0.0,0.00914825402122832,0.0029761904761905766,0.3035714285714286,0.23599467542766517
52,A squirrel,I am a slightly curious person,bg,1,1,3,3,0.3,0.7,bandit,8,0.25,0.75,17,2,0.7,0,0,4,1,0.3333333333333333,0.8035714285714286,-0.999999984947842,-0.8035714285714286,-0.5357142857142858,0.7672551527136674,0.594880254188934,-0.53368064707241,0.06324782809164242,0.0,1.1102230246251565e-16,0.014477081091909816,0.004907852564102644,0.26923076923076916,0.20165401608700573
52,A squirrel,I am a slightly curious person,bg,1,1,3,3,0.3,0.7,bandit,8,0.25,0.75,18,2,0.7,0,0,4,1,0.3333333333333333,0.7692307692307692,-0.999999984947842,-0.7692307692307692,-0.5128205128205129,0.7191226669632061,0.6236548495681085,-0.4271890325390061,0.059861143712770515,-1.1102230246251565e-16,0.0,0.021987343650808344,0.007751583820662655,0.23099415204678364,0.1634173989030202
52,A squirrel,I am a slightly curious person,bg,1,1,3,3,0.3,0.7,bandit,8,0.25,0.75,19,2,0.7,0,1,4,1,0.3333333333333333,0.7309941520467836,-0.8571428572769177,-0.7309941520467836,-0.48732943469785583,0.6681218129930051,0.6473288715296028,-0.34999996982775033,0.054499349933972596,-1.1102230246251565e-16,-1.1102230246251565e-16,0.03196245685627053,0.011693995564004966,0.1901140684410646,0.12253731529730116
52,A squirrel,I am a slightly curious person,bg,1,1,3,3,0.3,0.7,bandit,8,0.25,0.75,20,2,0.7,0,0,4,1,0.3333333333333333,0.6901140684410646,-0.7500000000353702,-0.6901140684410646,-0.4600760456273765,0.6163269745765039,0.6653365453438909,-0.3039203486812426,0.04777956620255053,0.0,0.0,0.04444244268919906,0.016838721724285133,0.14820742637644047,0.08063067323267703
53,A squirrel,I am a slightly curious person,gb,3,3,1,1,0.7,0.3,tycoon,13,0.25,0.75,1,1,0.7,1,1,2,2,0.3333333333333333,0.5,NaN,0.5,0.33333333333333326,0.4054651081081643,0.6931471805599453,-0.042791644191678,0.05378194606599747,0.0,-1.1102230246251565e-16,0.08333333333333348,0.05555555555555547,0.08333333333333326,0.08333333333333326
53,A squirrel,I am a slightly curious person,gb,3,3,1,1,0.7,0.3,tycoon,13,0.25,0.75,2,2,0.3,0,0,1,2,0.3333333333333333,0.5,NaN,-0.5,-0.6666666666666667,1.09861228866811,0.0,-0.19314718051535068,0.0,0.0,0.0,0.02411265862835843,0.027777777777777568,0.16666666666666674,0.25
53,A squirrel,I am a slightly curious person,gb,3,3,1,1,0.7,0.3,tycoon,13,0.25,0.75,3,1,0.7,1,0,2,2,0.3333333333333333,0.5833333333333333,1.505215796449022e-8,0.41666666666666674,0.2777777777777778,0.325422400434628,0.6901856760188042,-0.14872947946598028,0.0379367811238048,1.1102230246251565e-16,1.1102230246251565e-16,0.05288461538461542,0.03525641025641035,0.15384615384615385,0.15384615384615385
53,A squirrel,I am a slightly curious person,gb,3,3,1,1,0.7,0.3,tycoon,13,0.25,0.75,4,2,0.3,0,0,1,2,0.3333333333333333,0.33333333333333326,-3.324562949461316e-16,-0.33333333333333326,-0.5555555555555555,0.8109302162163285,0.0,-0.43194562200258524,0.0,0.0,0.0,0.0035893571976370886,0.01041666666666663,0.25,0.40384615384615385
53,A squirrel,I am a slightly curious person,gb,3,3,1,1,0.7,0.3,tycoon,13,0.25,0.75,5,1,0.7,1,0,3,2,0.3333333333333333,0.6538461538461539,1.505215796449022e-8,0.34615384615384615,0.23076923076923073,0.262364264467491,0.6842317651303003,-0.2844497338353375,0.025781336264415255,0.0,0.0,0.032500000000000084,0.021666666666666723,0.20999999999999996,0.20999999999999996
53,A squirrel,I am a slightly curious person,gb,3,3,1,1,0.7,0.3,tycoon,13,0.25,0.75,6,2,0.3,1,1,3,2,0.3333333333333333,0.25,0.9999999999999997,0.75,0.5,0.6931471805599454,0.636514168294813,-0.29705541768766525,0.06921054690467382,0.0,1.1102230246251565e-16,0.0031261838108118667,0.01666666666666672,0.2,0.41
53,A squirrel,I am a slightly curious person,gb,3,3,1,1,0.7,0.3,tycoon,13,0.25,0.75,7,1,0.7,0,0,1,2,0.3333333333333333,0.71,-0.999999984947842,-0.71,-0.8066666666666668,1.6433394641097823,0.0,-0.08739425626637266,0.0,0.0,0.0,0.08620689655172409,0.05747126436781613,0.028735632183908066,0.028735632183908066
53,A squirrel,I am a slightly curious person,gb,3,3,1,1,0.7,0.3,tycoon,13,0.25,0.75,8,2,0.3,0,0,1,2,0.3333333333333333,0.3,-6.280455418940885e-9,-0.3,-0.5333333333333333,0.7621400520468967,0.0,-0.49056128652018416,0.0,0.0,0.0,0.007875481712709687,0.006944444444444531,0.26190476190476186,0.29064039408866993
53,A squirrel,I am a slightly curious person,gb,3,3,1,1,0.7,0.3,tycoon,13,0.25,0.75,9,1,0.7,1,0,3,2,0.3333333333333333,0.5287356321839081,0.3749999994326757,0.47126436781609193,0.31417624521072796,0.3771346014819384,0.6927570046594116,-0.14521767508955086,0.03231445903788896,0.0,0.0,0.05955706304868302,0.039704708699122127,0.08339984038308068,0.08339984038308068
53,A squirrel,I am a slightly curious person,gb,3,3,1,1,0.7,0.3,tycoon,13,0.25,0.75,10,2,0.3,1,1,4,2,0.3333333333333333,0.2380952380952381,0.9999999999999998,0.7619047619047619,0.5079365079365079,0.7091475219063864,0.6287993940937805,-0.37092869552988855,0.0640450737601721,0.0,-1.1102230246251565e-16,0.007283624760279217,0.011040706605222717,0.21889400921658986,0.30229384959967054
53,A squirrel,I am a slightly curious person,gb,3,3,1,1,0.7,0.3,tycoon,13,0.25,0.75,11,1,0.7,1,0,3,2,0.3333333333333333,0.5833998403830807,0.3000000009825461,0.4166001596169193,0.27773343974461273,0.3253610111961419,0.6901813069103601,-0.22325417073184653,0.02375398970768486,-1.1102230246251565e-16,1.1102230246251565e-16,0.04022790055248604,0.026818600368324064,0.12983425414364647,0.12983425414364647
53,A squirrel,I am a slightly curious person,gb,3,3,1,1,0.7,0.3,tycoon,13,0.25,0.75,12,2,0.3,1,1,4,2,0.3333333333333333,0.28110599078341014,0.8999999999024825,0.7188940092165899,0.47926267281105994,0.652509534828119,0.6533502750036448,-0.28542769031337345,0.058112087396657075,0.0,0.0,0.006835948671051861,0.01668510324483774,0.17256637168141586,0.30240062582506233
53,A squirrel,I am a slightly curious person,gb,3,3,1,1,0.7,0.3,tycoon,13,0.25,0.75,13,1,0.7,1,0,3,2,0.3333333333333333,0.6298342541436465,0.2499999999460495,0.37016574585635353,0.24677716390423576,0.28339416389113375,0.6865299089505598,-0.30920087703841675,0.017446775436758433,0.0,0.0,0.026784501494159008,0.01785633432943934,0.1685683238250476,0.1685683238250476
53,A squirrel,I am a slightly curious person,gb,3,3,1,1,0.7,0.3,tycoon,13,0.25,0.75,14,2,0.3,1,1,4,2,0.3333333333333333,0.32743362831858414,0.7500000038698826,0.6725663716814159,0.44837758112094384,0.5948914905258634,0.67123888203318,-0.23700120278132994,0.05044154348753846,0.0,0.0,0.006493726013224732,0.02394657357892649,0.12507427213309563,0.29364259595814324
53,A squirrel,I am a slightly curious person,gb,3,3,1,1,0.7,0.3,tycoon,13,0.25,0.75,15,1,0.7,1,1,3,2,0.3333333333333333,0.6685683238250476,0.21428571422552145,0.3314316761749524,0.22095445078330167,0.24968576342578275,0.6827064730455019,-0.39571066482832595,0.012973104587098216,2.220446049250313e-16,0.0,0.017687144019527867,0.011791429346351912,0.20073230268510978,0.20073230268510978
53,A squirrel,I am a slightly curious person,gb,3,3,1,1,0.7,0.3,tycoon,13,0.25,0.75,16,2,0.3,0,0,1,2,0.3333333333333333,0.37492572786690437,-0.35714285711591753,-0.37492572786690437,-0.5832838185779363,0.8753499090013155,0.0,-0.3499999698277506,-3.3306690738754696e-16,0.0,0.0,0.0012665894823988832,0.011693995564005188,0.1901140684410646,0.3908463711261744
53,A squirrel,I am a slightly curious person,gb,3,3,1,1,0.7,0.3,tycoon,13,0.25,0.75,17,1,0.7,1,1,3,2,0.3333333333333333,0.7007323026851098,0.18749999560995112,0.2992676973148902,0.19951179820992682,0.22253348520479543,0.6791076299320256,-0.4791391417344009,0.00984175385178182,-1.1102230246251565e-16,-1.1102230246251565e-16,0.011631613964404819,0.007754409309603361,0.2275499454804193,0.2275499454804193
53,A squirrel,I am a slightly curious person,gb,3,3,1,1,0.7,0.3,tycoon,13,0.25,0.75,18,2,0.3,0,0,1,2,0.3333333333333333,0.3098859315589354,-0.24999999996615352,-0.3098859315589354,-0.5399239543726236,0.7763634865810236,0.0,-0.47241718232341934,-1.1102230246251565e-16,0.0,0.0,0.00020878772417232128,0.0056563830453294495,0.23929376408715253,0.4668437095675718
53,A squirrel,I am a slightly curious person,gb,3,3,1,1,0.7,0.3,tycoon,13,0.25,0.75,19,1,0.7,1,0,2,2,0.3333333333333333,0.7275499454804193,0.16666666576379163,0.2724500545195807,0.18163336967972044,0.20044483946697284,0.6758665393660739,-0.5580527251703005,0.007640859362410435,1.1102230246251565e-16,1.1102230246251565e-16,0.00763730493891257,0.0050915366259417505,0.25010350564199846,0.25010350564199846
53,A squirrel,I am a slightly curious person,gb,3,3,1,1,0.7,0.3,tycoon,13,0.25,0.75,20,2,0.3,0,0,1,2,0.3333333333333333,0.2607062359128475,-0.16666666437083913,-0.2607062359128475,-0.5071374906085651,0.7075250294510227,0.0,-0.5955631174764753,0.0,0.0,0.0,2.9756747768838743e-5,0.002719951515921637,0.2771849593495935,0.5272884649915919
54,A squirrel,I am a slightly curious person,bg,3,4,2,3,0.3,0.7,bandit,8,0.875,0.625,1,1,0.3,1,0,1,1,0.3333333333333333,0.5,NaN,0.5,0.6666666666666666,1.0986122886681096,0.0,-0.19314718051535087,0.0,0.0,0.0,0.04166666666666663,0.02777777777777779,0.16666666666666663,0.16666666666666663
54,A squirrel,I am a slightly curious person,bg,3,4,2,3,0.3,0.7,bandit,8,0.875,0.625,2,1,0.3,1,0,1,1,0.3333333333333333,0.6666666666666666,1.505215796449022e-8,0.33333333333333337,0.5555555555555555,0.8109302162163285,0.0,-0.4319456220025852,0.0,0.0,0.0,0.01562500000000011,0.01041666666666663,0.2499999999999999,0.2499999999999999
54,A squirrel,I am a slightly curious person,bg,3,4,2,3,0.3,0.7,bandit,8,0.875,0.625,3,1,0.3,0,0,4,1,0.3333333333333333,0.7499999999999999,-0.999999984947842,-0.7499999999999999,-0.5,0.6931471805599453,0.636514168294813,-0.29705541768766514,0.06921054690467393,0.0,0.0,0.02499999999999991,0.016666666666666607,0.19999999999999996,0.19999999999999996
54,A squirrel,I am a slightly curious person,bg,3,4,2,3,0.3,0.7,bandit,8,0.875,0.625,4,2,0.7,0,1,1,1,0.3333333333333333,0.5,NaN,-0.5,-0.33333333333333337,0.40546510810816444,0.6931471805599453,-0.04279164419167801,0.05378194606599736,0.0,0.0,0.026999997924110897,0.05555555555555547,0.08333333333333337,0.2833333333333333
54,A squirrel,I am a slightly curious person,bg,3,4,2,3,0.3,0.7,bandit,8,0.875,0.625,5,1,0.3,0,0,4,1,0.3333333333333333,0.7,-0.999999984947842,-0.7,-0.4666666666666667,0.6286086594223742,0.6615632381579821,-0.20400590700589533,0.06231225300813903,0.0,0.0,0.03776041666666674,0.02517361111111116,0.14583333333333326,0.14583333333333326
54,A squirrel,I am a slightly curious person,bg,3,4,2,3,0.3,0.7,bandit,8,0.875,0.625,6,1,0.3,0,1,4,1,0.3333333333333333,0.6458333333333333,-0.7499999978409456,-0.6458333333333333,-0.43055555555555564,0.5630940523117476,0.6785008770139085,-0.1571350842422471,0.053167047747771534,-1.1102230246251565e-16,-1.1102230246251565e-16,0.05378919860627185,0.03585946573751442,0.09059233449477355,0.09059233449477355
54,A squirrel,I am a slightly curious person,bg,3,4,2,3,0.3,0.7,bandit,8,0.875,0.625,7,2,0.7,0,1,1,1,0.3333333333333333,0.41666666666666663,-5.545009081338703e-16,-0.41666666666666663,-0.2777777777777778,0.325422400434628,0.6901856760188041,-0.14872947946598028,0.03793678112380475,1.1102230246251565e-16,0.0,0.03205861875695637,0.03525641025641035,0.15384615384615385,0.2444384883409274
54,A squirrel,I am a slightly curious person,bg,3,4,2,3,0.3,0.7,bandit,8,0.875,0.625,8,2,0.7,1,0,1,1,0.3333333333333333,0.34615384615384615,0.9999999999999994,0.6538461538461539,0.7692307692307692,1.466337068793427,0.0,-0.06641254138672094,0.0,0.0,0.0,0.0772121618901308,0.05833333333333324,0.033333333333333326,0.057259001161440226
54,A squirrel,I am a slightly curious person,bg,3,4,2,3,0.3,0.7,bandit,8,0.875,0.625,9,2,0.7,1,0,1,1,0.3333333333333333,0.5333333333333333,0.5000000009897914,0.4666666666666667,0.6444444444444444,1.0340737675305383,0.0,-0.20400590700589533,0.0,0.0,0.0,0.06724066809468521,0.02517361111111116,0.14583333333333326,0.05524099883855971
54,A squirrel,I am a slightly curious person,bg,3,4,2,3,0.3,0.7,bandit,8,0.875,0.625,10,2,0.7,1,0,1,1,0.3333333333333333,0.6458333333333333,0.2500000021590544,0.35416666666666674,0.5694444444444444,0.8426789145309089,0.0,-0.37092869552988844,0.0,0.0,0.0,0.03434740674954395,0.011040706605222717,0.21889400921658986,0.1283016747218163
54,A squirrel,I am a slightly curious person,bg,3,4,2,3,0.3,0.7,bandit,8,0.875,0.625,11,2,0.7,0,0,4,1,0.3333333333333333,0.7188940092165899,-0.9000000044367091,-0.7188940092165899,-0.47926267281105994,0.652509534828119,0.6533502750036451,-0.28542769031337323,0.058112087396657075,0.0001541734759952229,0.0,0.04953763970933622,0.016685103244837518,0.17256637168141586,0.08197403718664231
54,A squirrel,I am a slightly curious person,bg,3,4,2,3,0.3,0.7,bandit,8,0.875,0.625,12,1,0.3,0,1,4,1,0.3333333333333333,0.5905923344947736,-0.5999999972964525,-0.5905923344947736,-0.3937282229965158,0.5004269165450922,0.6881771822372582,-0.15234512269821188,0.04329848222372032,0.0,0.008301404853128802,0.03816963066105994,0.04831178160919536,0.03735632183908055,0.1352100498423353
54,A squirrel,I am a slightly curious person,bg,3,4,2,3,0.3,0.7,bandit,8,0.875,0.625,13,1,0.3,1,0,1,1,0.3333333333333333,0.5373563218390806,0.5000000012511272,0.46264367816091945,0.6417624521072797,1.026558971028052,0.0,-0.2370012027813298,0.0,0.0,0.0,0.06149262687740509,0.02394657357892649,0.12507427213309563,0.04749209954832023
54,A squirrel,I am a slightly curious person,bg,3,4,2,3,0.3,0.7,bandit,8,0.875,0.625,14,1,0.3,0,0,4,1,0.3333333333333333,0.6250742721330956,-0.6428571429065449,-0.6250742721330956,-0.41671618142206385,0.5390813867732288,0.6828941449085093,-0.2228608825806698,0.04211572422065937,0.0,0.0,0.044054875665625604,0.032700198075834686,0.07860780984719873,0.09395856183421714
54,A squirrel,I am a slightly curious person,bg,3,4,2,3,0.3,0.7,bandit,8,0.875,0.625,15,2,0.7,0,1,4,1,0.3333333333333333,0.6725663716814159,-0.7500000000027015,-0.6725663716814159,-0.44837758112094395,0.5948914905258637,0.67123888203318,-0.2370012027813298,0.05044154348753849,0.010310636576491006,0.0,0.06305060087043535,0.02394657357892649,0.12507427213309563,0.0464664622858969
54,A squirrel,I am a slightly curious person,bg,3,4,2,3,0.3,0.7,bandit,8,0.875,0.625,16,2,0.7,1,0,1,1,0.3333333333333333,0.6250742721330956,0.35714285709345506,0.37492572786690437,0.5832838185779361,0.875349909001315,0.0,-0.34999996982775033,-2.220446049250313e-16,-1.1102230246251565e-16,0.0,0.03493269151118372,0.011693995564005077,0.1901140684410646,0.11150625859386587
54,A squirrel,I am a slightly curious person,bg,3,4,2,3,0.3,0.7,bandit,8,0.875,0.625,17,2,0.7,0,1,4,1,0.3333333333333333,0.6901140684410646,-0.7500000000353702,-0.6901140684410646,-0.4600760456273765,0.6163269745765039,0.6653365453438909,-0.3039203486812426,0.04777956620255053,0.0,0.0,0.048297002968376135,0.016838721724285022,0.14820742637644047,0.06959961652924174
54,A squirrel,I am a slightly curious person,bg,3,4,2,3,0.3,0.7,bandit,8,0.875,0.625,18,2,0.7,1,0,1,1,0.3333333333333333,0.6482074263764405,0.33333333315397573,0.35179257362355953,0.5678617157490397,0.8390096395271014,0.0,-0.40314200060979377,0.0,-1.1102230246251565e-16,0.0,0.027677582138379564,0.008510159465020428,0.20246913580246917,0.12386132595527044
54,A squirrel,I am a slightly curious person,bg,3,4,2,3,0.3,0.7,bandit,8,0.875,0.625,19,1,0.3,0,1,4,1,0.3333333333333333,0.5786078098471987,-0.5624999999949906,-0.5786078098471987,-0.38573853989813256,0.48733461069039213,0.6895034991417228,-0.23609603900380247,0.03414268066623968,0.0,0.005170555750986905,0.023459670442053104,0.042660749283883526,0.034901251319161775,0.1675678844833074
54,A squirrel,I am a slightly curious person,bg,3,4,2,3,0.3,0.7,bandit,8,0.875,0.625,20,1,0.3,0,0,2,1,0.3333333333333333,0.5349012513191618,-0.4999999984995474,-0.5349012513191618,-0.35660083421277455,0.44098996074748675,0.692493142237828,-0.26836275621598926,0.027180458416647624,0.0,0.012054466401103858,0.015356042628631661,0.050118461818844384,0.0050118461818845494,0.20748098198435372
55,A squirrel,I am a slightly curious person,gb,2,3,2,2,0.7,0.3,bandit,7,0.5,0.625,1,2,0.3,0,1,3,1,0.3333333333333333,0.5,NaN,-0.5,-0.33333333333333337,0.40546510810816444,0.6931471805599453,-0.04279164419167801,0.05378194606599736,0.0,0.0,0.08333333333333337,0.05555555555555547,0.08333333333333337,0.08333333333333337
55,A squirrel,I am a slightly curious person,gb,2,3,2,2,0.7,0.3,bandit,7,0.5,0.625,2,1,0.7,1,0,1,1,0.3333333333333333,0.5,NaN,0.5,0.6666666666666666,1.0986122886681096,0.0,-0.19314718051535087,0.0,0.0,0.0,0.04166666666666663,0.02777777777777779,0.16666666666666663,0.16666666666666663
55,A squirrel,I am a slightly curious person,gb,2,3,2,2,0.7,0.3,bandit,7,0.5,0.625,3,1,0.7,0,1,4,1,0.3333333333333333,0.6666666666666666,-0.999999984947842,-0.6666666666666666,-0.44444444444444453,0.5877866649021192,0.6730116670092565,-0.09878147980916833,0.0671439495179084,1.1102230246251565e-16,1.1102230246251565e-16,0.0625,0.04166666666666663,0.09999999999999987,0.09999999999999987
55,A squirrel,I am a slightly curious person,gb,2,3,2,2,0.7,0.3,bandit,7,0.5,0.625,4,1,0.7,0,1,4,1,0.3333333333333333,0.5999999999999999,-0.7500000000000001,-0.5999999999999999,-0.39999999999999997,0.5108256237659905,0.6869615765973234,-0.06641254138672094,0.05538446170840032,0.022222222222222254,0.014814814814814836,0.08750000000000002,0.05833333333333335,0.033333333333333326,0.033333333333333326
55,A squirrel,I am a slightly curious person,gb,2,3,2,2,0.7,0.3,bandit,7,0.5,0.625,5,2,0.3,1,0,1,1,0.3333333333333333,0.41666666666666663,0.9999999999999994,0.5833333333333334,0.7222222222222222,1.2809338454620642,0.0,-0.09878147980916833,0.0,0.0,0.0,0.07484049285314753,0.04166666666666663,0.09999999999999987,0.06666666666666654
55,A squirrel,I am a slightly curious person,gb,2,3,2,2,0.7,0.3,bandit,7,0.5,0.625,6,2,0.3,0,0,4,1,0.3333333333333333,0.5999999999999999,-0.7500000000000001,-0.5999999999999999,-0.39999999999999997,0.5108256237659905,0.6869615765973234,-0.06641254138672094,0.05538446170840032,0.03703703703703709,0.014814814814814836,0.10351811143668566,0.05833333333333335,0.033333333333333326,0.0
55,A squirrel,I am a slightly curious person,gb,2,3,2,2,0.7,0.3,bandit,7,0.5,0.625,7,2,0.3,0,1,4,1,0.3333333333333333,0.5333333333333333,-0.4999999990102087,-0.5333333333333333,-0.3555555555555556,0.4393666597838458,0.6925525323607233,-0.08739425626637275,0.04314031141012996,0.0,0.011494252873563204,0.0724527588674233,0.05747126436781613,0.02873563218390801,0.06206896551724134
55,A squirrel,I am a slightly curious person,gb,2,3,2,2,0.7,0.3,bandit,7,0.5,0.625,8,2,0.3,1,0,1,1,0.3333333333333333,0.471264367816092,0.6249999949751466,0.5287356321839081,0.6858237547892719,1.15780116005844,0.0,-0.1571350842422471,0.0,0.0,0.0,0.06644991460287342,0.03585946573751442,0.09059233449477355,0.057259001161440226
55,A squirrel,I am a slightly curious person,gb,2,3,2,2,0.7,0.3,bandit,7,0.5,0.625,9,2,0.3,0,1,4,1,0.3333333333333333,0.5905923344947736,-0.5999999972964525,-0.5905923344947736,-0.3937282229965158,0.5004269165450922,0.6881771822372582,-0.15234512269821188,0.04329848222372032,0.027458492975734217,0.008301404853128802,0.08835111061223544,0.04831178160919547,0.03735632183908055,0.004022988505747227
55,A squirrel,I am a slightly curious person,gb,2,3,2,2,0.7,0.3,bandit,7,0.5,0.625,10,1,0.7,1,0,1,1,0.3333333333333333,0.5333333333333333,0.5000000009897914,0.4666666666666667,0.6444444444444444,1.0340737675305383,0.0,-0.20400590700589533,0.0,0.0,0.0,0.048576467015755465,0.02517361111111116,0.14583333333333326,0.1084770114942527
55,A squirrel,I am a slightly curious person,gb,2,3,2,2,0.7,0.3,bandit,7,0.5,0.625,11,1,0.7,1,0,1,1,0.3333333333333333,0.6458333333333333,0.2500000021590544,0.35416666666666674,0.5694444444444444,0.8426789145309089,0.0,-0.37092869552988844,0.0,0.0,0.0,0.022768067204917863,0.011040706605222717,0.21889400921658986,0.1815376873775093
55,A squirrel,I am a slightly curious person,gb,2,3,2,2,0.7,0.3,bandit,7,0.5,0.625,12,1,0.7,0,1,4,1,0.3333333333333333,0.7188940092165899,-0.9000000044367091,-0.7188940092165899,-0.47926267281105994,0.652509534828119,0.6533502750036451,-0.28542769031337323,0.058112087396657075,0.0,1.1102230246251565e-16,0.033754537839292165,0.01668510324483763,0.17256637168141586,0.1352100498423353
55,A squirrel,I am a slightly curious person,gb,2,3,2,2,0.7,0.3,bandit,7,0.5,0.625,13,1,0.7,0,1,4,1,0.3333333333333333,0.6725663716814159,-0.7500000000027015,-0.6725663716814159,-0.44837758112094395,0.5948914905258637,0.67123888203318,-0.2370012027813298,0.05044154348753849,-1.1102230246251565e-16,-1.1102230246251565e-16,0.04758299680658007,0.023946573578926378,0.12507427213309563,0.08771795029401508
55,A squirrel,I am a slightly curious person,gb,2,3,2,2,0.7,0.3,bandit,7,0.5,0.625,14,2,0.3,0,0,4,1,0.3333333333333333,0.5373563218390806,-0.49999999874887274,-0.5373563218390806,-0.35823754789272033,0.4435370560575723,0.6923940398076736,-0.17975900900527403,0.03407290818339537,0.0,0.012935323383084563,0.036383716234279384,0.05417357656163635,0.011608623548922004,0.13668289568201764
55,A squirrel,I am a slightly curious person,gb,2,3,2,2,0.7,0.3,bandit,7,0.5,0.625,15,2,0.3,1,0,1,1,0.3333333333333333,0.488391376451078,0.5714285716831129,0.511608623548922,0.6744057490326146,1.1221033017437083,0.0,-0.2228608825806698,0.0,0.0,0.0,0.06192388380824876,0.032700198075834686,0.07860780984719873,0.0464664622858969
55,A squirrel,I am a slightly curious person,gb,2,3,2,2,0.7,0.3,bandit,7,0.5,0.625,16,2,0.3,1,0,1,1,0.3333333333333333,0.5786078098471987,0.43750000000500944,0.42139219015280127,0.6142614601018674,0.9525954968045901,0.0,-0.3039203486812426,0.0,0.0,0.0,0.06692214205323432,0.016838721724285022,0.14820742637644047,0.023133154243344833
55,A squirrel,I am a slightly curious person,gb,2,3,2,2,0.7,0.3,bandit,7,0.5,0.625,17,2,0.3,0,0,1,1,0.3333333333333333,0.6482074263764405,-0.6666666668460243,-0.6482074263764405,-0.43213828425096035,0.5658773480900519,0.6779327786914044,-0.28659092438323247,0.04052767214023717,0.01357910068699908,0.0,0.06857471315740116,0.02317669187648752,0.10691469372416385,0.018159578408931787
55,A squirrel,I am a slightly curious person,gb,2,3,2,2,0.7,0.3,bandit,7,0.5,0.625,18,2,0.3,0,0,4,1,0.3333333333333333,0.6069146937241638,-0.5999999998895641,-0.6069146937241638,-0.40460979581610923,0.5185382830317894,0.6859642611799128,-0.29265509243877524,0.03351513533895367,0.0,0.0,0.05076171946858088,0.030589443846531394,0.06757675314376344,0.0574975189893322
55,A squirrel,I am a slightly curious person,gb,2,3,2,2,0.7,0.3,bandit,7,0.5,0.625,19,2,0.3,0,0,4,1,0.3333333333333333,0.5675767531437634,-0.545454545402296,-0.5675767531437634,-0.3783845020958423,0.4754335479612575,0.6905186121358511,-0.3156144700939499,0.02727079016891748,0.0,0.0034511587272658684,0.036669692021074396,0.0388804544507797,0.031060428545393037,0.0940138435877026
55,A squirrel,I am a slightly curious person,gb,2,3,2,2,0.7,0.3,bandit,7,0.5,0.625,20,2,0.3,0,0,4,1,0.3333333333333333,0.531060428545393,-0.4999999982721964,-0.531060428545393,-0.3540402856969287,0.43701813890406216,0.692633295597278,-0.3494292911224392,0.02203450155133685,0.0,0.010685368300372589,0.025954987054410794,0.0463226688640489,0.002241419461163685,0.12731569159425932
56,A squirrel,I am a slightly curious person,gb,3,4,2,3,0.3,0.7,tycoon,12,0.875,0.625,1,2,0.7,1,1,4,2,0.3333333333333333,0.5,NaN,0.5,0.33333333333333326,0.4054651081081643,0.6931471805599453,-0.042791644191678,0.05378194606599747,0.0,-1.1102230246251565e-16,0.08333333333333348,0.05555555555555547,0.08333333333333326,0.08333333333333326
56,A squirrel,I am a slightly curious person,gb,3,4,2,3,0.3,0.7,tycoon,12,0.875,0.625,2,1,0.3,0,0,4,2,0.3333333333333333,0.5,NaN,-0.5,-0.6666666666666667,1.09861228866811,0.0,-0.19314718051535068,0.0,0.0,0.0,0.02411265862835843,0.027777777777777568,0.16666666666666674,0.25
56,A squirrel,I am a slightly curious person,gb,3,4,2,3,0.3,0.7,tycoon,12,0.875,0.625,3,1,0.3,0,0,4,2,0.3333333333333333,0.33333333333333326,-3.324562949461316e-16,-0.33333333333333326,-0.5555555555555555,0.8109302162163285,0.0,-0.43194562200258524,0.0,0.0,0.0,0.007535207166776803,0.01041666666666663,0.25,0.33333333333333326
56,A squirrel,I am a slightly curious person,gb,3,4,2,3,0.3,0.7,tycoon,12,0.875,0.625,4,2,0.7,1,0,4,2,0.3333333333333333,0.5833333333333333,1.505215796449022e-8,0.41666666666666674,0.2777777777777778,0.325422400434628,0.6901856760188042,-0.14872947946598028,0.0379367811238048,1.1102230246251565e-16,1.1102230246251565e-16,0.05288461538461542,0.03525641025641035,0.15384615384615385,0.15384615384615385
56,A squirrel,I am a slightly curious person,gb,3,4,2,3,0.3,0.7,tycoon,12,0.875,0.625,5,2,0.7,1,1,3,2,0.3333333333333333,0.6538461538461539,1.505215796449022e-8,0.34615384615384615,0.23076923076923073,0.262364264467491,0.6842317651303003,-0.2844497338353375,0.025781336264415255,0.0,0.0,0.032500000000000084,0.021666666666666723,0.20999999999999996,0.20999999999999996
56,A squirrel,I am a slightly curious person,gb,3,4,2,3,0.3,0.7,tycoon,12,0.875,0.625,6,2,0.7,1,1,2,2,0.3333333333333333,0.71,1.505215796449022e-8,0.29000000000000004,0.19333333333333325,0.21484474849951454,0.6780102022798757,-0.42625540231422954,0.017393591340592707,1.1102230246251565e-16,0.0,0.01962809917355368,0.013085399449035862,0.2534435261707988,0.2534435261707988
56,A squirrel,I am a slightly curious person,gb,3,4,2,3,0.3,0.7,tycoon,12,0.875,0.625,7,2,0.7,0,0,1,2,0.3333333333333333,0.7534435261707988,-0.999999984947842,-0.7534435261707988,-0.8356290174471993,1.8056293170922058,0.0,-0.14521767508955086,0.0,0.0,0.0,0.05955706304868302,0.039704708699122127,0.08339984038308068,0.08339984038308068
56,A squirrel,I am a slightly curious person,gb,3,4,2,3,0.3,0.7,tycoon,12,0.875,0.625,8,1,0.3,0,0,4,2,0.3333333333333333,0.25,-3.324562949461316e-16,-0.25,-0.49999999999999994,0.6931471805599453,0.0,-0.6362943611237484,0.0,0.0,0.0,0.002509732651896357,0.004166666666666652,0.3,0.38339984038308067
56,A squirrel,I am a slightly curious person,gb,3,4,2,3,0.3,0.7,tycoon,12,0.875,0.625,9,2,0.7,1,0,3,2,0.3333333333333333,0.5833998403830807,0.3000000009825461,0.4166001596169193,0.27773343974461273,0.3253610111961419,0.6901813069103601,-0.22325417073184653,0.02375398970768486,-1.1102230246251565e-16,-1.1102230246251565e-16,0.04022790055248604,0.026818600368324064,0.12983425414364647,0.12983425414364647
56,A squirrel,I am a slightly curious person,gb,3,4,2,3,0.3,0.7,tycoon,12,0.875,0.625,10,2,0.7,0,0,3,2,0.3333333333333333,0.6298342541436465,-0.7500000000539505,-0.6298342541436465,-0.7532228360957642,1.3992695199830238,0.0,-0.17975900900527386,0.0,0.0,0.0,0.08126036484245436,0.05417357656163624,0.011608623548922115,0.011608623548922115
56,A squirrel,I am a slightly curious person,gb,3,4,2,3,0.3,0.7,tycoon,12,0.875,0.625,11,1,0.3,0,0,4,2,0.3333333333333333,0.2,-3.324562949461316e-16,-0.2,-0.4666666666666667,0.6286086594223742,0.0,-0.809437912431769,-3.3306690738754696e-16,0.0,0.0,0.0022618127148607003,0.0017361111111111605,0.3333333333333333,0.34494195688225543
56,A squirrel,I am a slightly curious person,gb,3,4,2,3,0.3,0.7,tycoon,12,0.875,0.625,12,2,0.7,1,1,3,2,0.3333333333333333,0.5116086235489221,0.4285714261887835,0.4883913764510779,0.32559425096738526,0.3939233476679928,0.6930813365993375,-0.22800730239285233,0.026290814189475376,0.0,-1.1102230246251565e-16,0.0588601434426228,0.03924009562841524,0.05516393442622958,0.05516393442622958
56,A squirrel,I am a slightly curious person,gb,3,4,2,3,0.3,0.7,tycoon,12,0.875,0.625,13,1,0.3,1,1,4,2,0.3333333333333333,0.16666666666666669,0.9999999999999997,0.8333333333333333,0.5555555555555556,0.8109302162163288,0.5623351446188083,-0.6637676568013678,0.06444345626076842,0.0,1.1102230246251565e-16,0.0022900911048727712,0.0029761904761905766,0.3035714285714285,0.35873536299765807
56,A squirrel,I am a slightly curious person,gb,3,4,2,3,0.3,0.7,tycoon,12,0.875,0.625,14,2,0.7,1,0,3,2,0.3333333333333333,0.5551639344262296,0.3749999995025072,0.4448360655737704,0.2965573770491803,0.3517689651698778,0.6917799599357861,-0.2874591223088539,0.02017090234217428,0.0,0.0,0.04198335310692558,0.027988902071283572,0.0931336200504227,0.0931336200504227
56,A squirrel,I am a slightly curious person,gb,3,4,2,3,0.3,0.7,tycoon,12,0.875,0.625,15,1,0.3,1,1,4,2,0.3333333333333333,0.19642857142857148,0.9999999999999997,0.8035714285714285,0.5357142857142857,0.7672551527136672,0.594880254188934,-0.5336806470724107,0.06324782809164198,0.0,0.0,0.0023886572227085345,0.004907852564102644,0.26923076923076916,0.36236438928119186
56,A squirrel,I am a slightly curious person,gb,3,4,2,3,0.3,0.7,tycoon,12,0.875,0.625,16,2,0.7,1,0,4,2,0.3333333333333333,0.5931336200504227,0.33333333342038196,0.4068663799495773,0.27124425329971824,0.31641665565345756,0.6895133632202006,-0.3514285693112917,0.01556078354436291,1.1102230246251565e-16,1.1102230246251565e-16,0.029628357753357704,0.019752238502238506,0.1259327092660426,0.1259327092660426
56,A squirrel,I am a slightly curious person,gb,3,4,2,3,0.3,0.7,tycoon,12,0.875,0.625,17,1,0.3,0,0,4,2,0.3333333333333333,0.2307692307692308,-3.6855395877790843e-9,-0.2307692307692308,-0.4871794871794872,0.6678293725756556,0.0,-0.684530693724684,4.440892098500626e-16,0.0,0.0,0.0005089840968151016,0.00220630787037035,0.3055555555555556,0.4314882648215982
56,A squirrel,I am a slightly curious person,gb,3,4,2,3,0.3,0.7,tycoon,12,0.875,0.625,18,2,0.7,1,0,3,2,0.3333333333333333,0.6259327092660426,0.2999999994765503,0.3740672907339574,0.24937819382263826,0.28685334104138843,0.6868791467739987,-0.4159276158960932,0.012160998975677462,0.0,0.0,0.020759811475086876,0.01383987431672462,0.1542284868187811,0.1542284868187811
56,A squirrel,I am a slightly curious person,gb,3,4,2,3,0.3,0.7,tycoon,12,0.875,0.625,19,1,0.3,1,1,4,2,0.3333333333333333,0.19444444444444442,0.9999999999999994,0.8055555555555556,0.5370370370370371,0.7701082216960737,0.5929533174474745,-0.5675720130244426,0.05970528975128375,0.0,1.1102230246251565e-16,0.0005443283172720248,0.0036041666666667416,0.274,0.4282284868187811
56,A squirrel,I am a slightly curious person,gb,3,4,2,3,0.3,0.7,tycoon,12,0.875,0.625,20,2,0.7,0,0,4,2,0.3333333333333333,0.6542284868187811,-0.7272727289318472,-0.6542284868187811,-0.7694856578791873,1.4674421966988611,0.0,-0.36174423121254345,0.0,0.0,0.0,0.04173531162447386,0.027823541082982572,0.07245532887112682,0.07245532887112682
57,A squirrel,I am a slightly curious person,bg,2,2,4,4,0.3,0.7,tycoon,17,0.5,1.0,1,2,0.7,1,0,4,2,0.3333333333333333,0.5,NaN,0.5,0.33333333333333326,0.4054651081081643,0.6931471805599453,-0.042791644191678,0.05378194606599747,0.0,-1.1102230246251565e-16,0.08333333333333348,0.05555555555555547,0.08333333333333326,0.08333333333333326
57,A squirrel,I am a slightly curious person,bg,2,2,4,4,0.3,0.7,tycoon,17,0.5,1.0,2,2,0.7,1,0,4,2,0.3333333333333333,0.5833333333333333,1.505215796449022e-8,0.41666666666666674,0.2777777777777778,0.325422400434628,0.6901856760188042,-0.14872947946598028,0.0379367811238048,1.1102230246251565e-16,1.1102230246251565e-16,0.05288461538461542,0.03525641025641024,0.15384615384615385,0.15384615384615385
57,A squirrel,I am a slightly curious person,bg,2,2,4,4,0.3,0.7,tycoon,17,0.5,1.0,3,2,0.7,1,1,4,2,0.3333333333333333,0.6538461538461539,1.505215796449022e-8,0.34615384615384615,0.23076923076923073,0.262364264467491,0.6842317651303003,-0.2844497338353375,0.025781336264415255,0.0,1.1102230246251565e-16,0.032500000000000084,0.021666666666666723,0.20999999999999996,0.20999999999999996
57,A squirrel,I am a slightly curious person,bg,2,2,4,4,0.3,0.7,tycoon,17,0.5,1.0,4,2,0.7,1,1,4,2,0.3333333333333333,0.71,1.505215796449022e-8,0.29000000000000004,0.19333333333333325,0.21484474849951454,0.6780102022798757,-0.42625540231422954,0.017393591340592707,1.1102230246251565e-16,1.1102230246251565e-16,0.01962809917355368,0.013085399449035862,0.2534435261707988,0.2534435261707988
57,A squirrel,I am a slightly curious person,bg,2,2,4,4,0.3,0.7,tycoon,17,0.5,1.0,5,2,0.7,1,0,4,2,0.3333333333333333,0.7534435261707988,1.505215796449022e-8,0.2465564738292012,0.1643709825528007,0.1795705234220647,0.6725635843867589,-0.5618791256690523,0.011912734212403908,-2.220446049250313e-16,-1.1102230246251565e-16,0.011773940345368827,0.00784929356357933,0.2868916797488228,0.2868916797488228
57,A squirrel,I am a slightly curious person,bg,2,2,4,4,0.3,0.7,tycoon,17,0.5,1.0,6,2,0.7,1,0,3,2,0.3333333333333333,0.7868916797488228,1.505215796449022e-8,0.2131083202511772,0.1420722135007848,0.15323534795556995,0.668087395200138,-0.6867749400135641,0.008393123717155504,1.1102230246251565e-16,1.1102230246251565e-16,0.007061985361390799,0.004707990240927162,0.3129002744739249,0.3129002744739249
57,A squirrel,I am a slightly curious person,bg,2,2,4,4,0.3,0.7,tycoon,17,0.5,1.0,7,2,0.7,1,1,4,2,0.3333333333333333,0.8129002744739249,1.505215796449022e-8,0.18709972552607512,0.12473315035071664,0.1332264680909814,0.6644720212248263,-0.8003011606766882,0.006115744334489359,1.1102230246251565e-16,0.0,0.00425135501355034,0.0028342366757001525,0.33346883468834676,0.33346883468834676
57,A squirrel,I am a slightly curious person,bg,2,2,4,4,0.3,0.7,tycoon,17,0.5,1.0,8,2,0.7,1,0,4,2,0.3333333333333333,0.8334688346883468,1.505215796449022e-8,0.16653116531165324,0.11102077687443535,0.11768141480369698,0.6615437695984828,-0.9033679318738824,0.004608328505046111,-2.220446049250313e-16,-1.1102230246251565e-16,0.002573417335636763,0.0017156115570912123,0.35004572706025816,0.35004572706025816
57,A squirrel,I am a slightly curious person,bg,2,2,4,4,0.3,0.7,tycoon,17,0.5,1.0,9,2,0.7,1,1,4,2,0.3333333333333333,0.8500457270602582,1.505215796449022e-8,0.14995427293974184,0.09996951529316123,0.10532664433497851,0.6591458469017097,-0.9973043688130327,0.003579990216064477,-2.220446049250313e-16,-1.1102230246251565e-16,0.0015672919412251796,0.0010448612941500457,0.3636517594314642,0.3636517594314642
57,A squirrel,I am a slightly curious person,bg,2,2,4,4,0.3,0.7,tycoon,17,0.5,1.0,10,2,0.7,1,0,4,2,0.3333333333333333,0.8636517594314642,1.505215796449022e-8,0.13634824056853578,0.09089882704569052,0.09529888961831882,0.6571554989271757,-1.0834069179798427,0.0028554673241962814,-1.1102230246251565e-16,-1.1102230246251565e-16,0.0009603660257643254,0.0006402440171762169,0.37500517463937466,0.37500517463937466
57,A squirrel,I am a slightly curious person,bg,2,2,4,4,0.3,0.7,tycoon,17,0.5,1.0,11,2,0.7,1,1,4,2,0.3333333333333333,0.8750051746393747,1.505215796449022e-8,0.12499482536062534,0.08332988357375015,0.0870076136226205,0.6554810080662075,-1.1627994962954111,0.00232890639671135,0.0,0.0,0.0005918607209443039,0.00039457381396290625,0.3846171215507359,0.3846171215507359
57,A squirrel,I am a slightly curious person,bg,2,2,4,4,0.3,0.7,tycoon,17,0.5,1.0,12,2,0.7,1,0,4,2,0.3333333333333333,0.8846171215507359,1.505215796449022e-8,0.11538287844926409,0.07692191896617606,0.08004145322101398,0.6540545518516857,-1.2364162224386743,0.0019352886423809057,-1.1102230246251565e-16,0.0,0.00036668072249990136,0.00024445381500004526,0.39285772528116303,0.39285772528116303
57,A squirrel,I am a slightly curious person,bg,2,2,4,4,0.3,0.7,tycoon,17,0.5,1.0,13,2,0.7,0,0,4,2,0.3333333333333333,0.892857725281163,-0.999999984947842,-0.892857725281163,-0.9285718168541088,2.6390627655875574,0.0,-0.7668290417988822,0.0,0.0,0.0,0.0021662338784649293,0.0014441559189766195,0.3000050735879325,0.3000050735879325
57,A squirrel,I am a slightly curious person,bg,2,2,4,4,0.3,0.7,tycoon,17,0.5,1.0,14,2,0.7,0,0,4,2,0.3333333333333333,0.8000050735879325,-0.8846153839829741,-0.8000050735879325,-0.8666700490586217,2.014928388803699,0.0,-0.5970713470520577,0.0,0.0,0.0,0.00697701594164557,0.00465134396109701,0.21877378304676132,0.21877378304676132
57,A squirrel,I am a slightly curious person,bg,2,2,4,4,0.3,0.7,tycoon,17,0.5,1.0,15,1,0.3,0,0,4,2,0.3333333333333333,0.5,NaN,-0.5,-0.6666666666666667,1.09861228866811,0.0,-0.19314718051535068,0.0,0.0,0.0,0.007413890208215035,0.02777777777777779,0.16666666666666674,0.38544044971342806
57,A squirrel,I am a slightly curious person,bg,2,2,4,4,0.3,0.7,tycoon,17,0.5,1.0,16,2,0.7,1,1,4,2,0.3333333333333333,0.7187737830467613,0.21428571820362974,0.2812262169532387,0.18748414463549257,0.20761985067386748,0.676948829855855,-0.6520146989761941,0.005390576371988254,0.0,0.0,0.004829660913112099,0.003219773942074844,0.2353033006654015,0.2353033006654015
57,A squirrel,I am a slightly curious person,bg,2,2,4,4,0.3,0.7,tycoon,17,0.5,1.0,17,2,0.7,1,0,4,2,0.3333333333333333,0.7353033006654015,0.2000000001808191,0.2646966993345985,0.17646446622306566,0.19414858059659687,0.6748941132952431,-0.7043242159533534,0.004574946225502474,0.0,0.0,0.003338532900957758,0.0022256886006384313,0.2500035104134557,0.2500035104134557
57,A squirrel,I am a slightly curious person,bg,2,2,4,4,0.3,0.7,tycoon,17,0.5,1.0,18,2,0.7,1,0,4,2,0.3333333333333333,0.7500035104134557,0.1875000038765713,0.2499964895865443,0.16666432639102946,0.18231874846713333,0.6730112115358517,-0.7541801711275207,0.0039310348030756614,0.0,-1.1102230246251565e-16,0.002305030581158052,0.0015366870541052569,0.2631592249950474,0.2631592249950474
57,A squirrel,I am a slightly curious person,bg,2,2,4,4,0.3,0.7,tycoon,17,0.5,1.0,19,2,0.7,1,0,4,2,0.3333333333333333,0.7631592249950474,0.17647058792718584,0.2368407750049526,0.1578938500033018,0.17184920380613464,0.6712858414318816,-0.8017702873450818,0.0034143105441837296,0.0,-1.1102230246251565e-16,0.0015897746134322377,0.0010598497422880104,0.27500050023198575,0.27500050023198575
57,A squirrel,I am a slightly curious person,bg,2,2,4,4,0.3,0.7,tycoon,17,0.5,1.0,20,2,0.7,1,1,4,2,0.3333333333333333,0.7750005002319857,0.1666666644895778,0.22499949976801425,0.14999966651200936,0.16251853715903936,0.6697030396065038,-0.8472734613633437,0.002993481858767022,7.771561172376096e-16,2.220446049250313e-16,0.001095390605829416,0.0007302604038861293,0.28571447254221816,0.28571447254221816
58,A squirrel,I am not a very curious person,gb,3,2,1,0,0.7,0.3,bandit,8,0.125,0.625,1,1,0.7,1,0,1,1,0.3333333333333333,0.5,NaN,0.5,0.6666666666666666,1.0986122886681096,0.0,-0.19314718051535087,0.0,0.0,0.0,0.04166666666666663,0.02777777777777779,0.16666666666666663,0.16666666666666663
58,A squirrel,I am not a very curious person,gb,3,2,1,0,0.7,0.3,bandit,8,0.125,0.625,2,2,0.3,0,1,1,1,0.3333333333333333,0.5,NaN,-0.5,-0.33333333333333337,0.40546510810816444,0.6931471805599453,-0.04279164419167801,0.05378194606599736,0.0,-1.1102230246251565e-16,0.033950621592853336,0.05555555555555536,0.08333333333333337,0.25
58,A squirrel,I am not a very curious person,gb,3,2,1,0,0.7,0.3,bandit,8,0.125,0.625,3,2,0.3,1,0,1,1,0.3333333333333333,0.41666666666666663,0.9999999999999994,0.5833333333333334,0.7222222222222222,1.2809338454620642,0.0,-0.09878147980916833,0.0,0.0,0.0,0.0716049451648284,0.04166666666666652,0.09999999999999987,0.06666666666666676
58,A squirrel,I am not a very curious person,gb,3,2,1,0,0.7,0.3,bandit,8,0.125,0.625,4,2,0.3,0,1,2,1,0.3333333333333333,0.5999999999999999,-0.7500000000000001,-0.5999999999999999,-0.39999999999999997,0.5108256237659905,0.6869615765973234,-0.06641254138672094,0.05538446170840032,0.0,0.014814814814814947,0.0488340255877604,0.05833333333333346,0.033333333333333326,0.1333333333333333
58,A squirrel,I am not a very curious person,gb,3,2,1,0,0.7,0.3,bandit,8,0.125,0.625,5,1,0.7,0,1,2,1,0.3333333333333333,0.6666666666666666,-0.999999984947842,-0.6666666666666666,-0.44444444444444453,0.5877866649021192,0.6730116670092565,-0.09878147980916833,0.0671439495179084,0.01333333333333342,-1.1102230246251565e-16,0.07484049285314753,0.04166666666666663,0.09999999999999987,0.06666666666666654
58,A squirrel,I am not a very curious person,gb,3,2,1,0,0.7,0.3,bandit,8,0.125,0.625,6,1,0.7,1,0,1,1,0.3333333333333333,0.5999999999999999,0.2499999999999999,0.40000000000000013,0.6000000000000001,0.9162907318741551,0.0,-0.29705541768766514,0.0,0.0,0.0,0.03182406497784007,0.016666666666666607,0.19999999999999996,0.16666666666666663
58,A squirrel,I am not a very curious person,gb,3,2,1,0,0.7,0.3,bandit,8,0.125,0.625,7,1,0.7,1,0,1,1,0.3333333333333333,0.7,1.505215796449022e-8,0.30000000000000004,0.5333333333333333,0.7621400520468967,0.0,-0.4905612865201842,0.0,0.0,0.0,0.014109781559972778,0.00694444444444442,0.26190476190476186,0.22857142857142854
58,A squirrel,I am not a very curious person,gb,3,2,1,0,0.7,0.3,bandit,8,0.125,0.625,8,2,0.3,1,0,1,1,0.3333333333333333,0.5333333333333333,0.5000000009897914,0.4666666666666667,0.6444444444444444,1.0340737675305383,0.0,-0.20400590700589533,0.0,0.0,0.0,0.03988958074784177,0.02517361111111116,0.14583333333333326,0.1160714285714286
58,A squirrel,I am not a very curious person,gb,3,2,1,0,0.7,0.3,bandit,8,0.125,0.625,9,1,0.7,0,1,2,1,0.3333333333333333,0.7619047619047619,-0.999999984947842,-0.7619047619047619,-0.5079365079365079,0.7091475219063864,0.6287993940937805,-0.37092869552988844,0.06404507376017227,0.0055683563748080145,1.1102230246251565e-16,0.05031963239889503,0.011040706605222717,0.21889400921658986,0.0730606758832566
58,A squirrel,I am not a very curious person,gb,3,2,1,0,0.7,0.3,bandit,8,0.125,0.625,10,1,0.7,0,0,2,1,0.3333333333333333,0.7188940092165899,-0.9000000044367091,-0.7188940092165899,-0.47926267281105994,0.652509534828119,0.6533502750036451,-0.28542769031337323,0.058112087396657075,0.0200344149459194,0.0,0.07051136099884359,0.01668510324483774,0.17256637168141586,0.026733038348082605
58,A squirrel,I am not a very curious person,gb,3,2,1,0,0.7,0.3,bandit,8,0.125,0.625,11,1,0.7,1,0,1,1,0.3333333333333333,0.6725663716814159,0.2499999999972985,0.32743362831858414,0.551622418879056,0.8021195865341739,0.0,-0.4271890325390061,-2.220446049250313e-16,-1.1102230246251565e-16,0.0,0.04115037485429096,0.007751583820662655,0.23099415204678364,0.08516081871345038
58,A squirrel,I am not a very curious person,gb,3,2,1,0,0.7,0.3,bandit,8,0.125,0.625,12,1,0.7,1,0,1,1,0.3333333333333333,0.7309941520467836,0.14285714272308225,0.26900584795321636,0.5126705653021442,0.7188149273085229,0.0,-0.5675720130244422,2.220446049250313e-16,0.0,0.0,0.024174139506878856,0.0036041666666666305,0.274,0.12816666666666676
58,A squirrel,I am not a very curious person,gb,3,2,1,0,0.7,0.3,bandit,8,0.125,0.625,13,2,0.3,0,0,1,1,0.3333333333333333,0.6458333333333333,-0.7499999978409456,-0.6458333333333333,-0.43055555555555564,0.5630940523117476,0.6785008770139085,-0.1571350842422471,0.053167047747771534,0.0,0.0,0.024251725465025853,0.03585946573751453,0.09059233449477355,0.18340766550522647
58,A squirrel,I am not a very curious person,gb,3,2,1,0,0.7,0.3,bandit,8,0.125,0.625,14,2,0.3,0,0,3,1,0.3333333333333333,0.5905923344947736,-0.5999999972964525,-0.5905923344947736,-0.3937282229965158,0.5004269165450922,0.6881771822372582,-0.15234512269821188,0.04329848222372032,0.0,0.008301404853129024,0.015567863967786866,0.04831178160919547,0.03735632183908055,0.23664367816091947
58,A squirrel,I am not a very curious person,gb,3,2,1,0,0.7,0.3,bandit,8,0.125,0.625,15,2,0.3,0,0,3,1,0.3333333333333333,0.5373563218390806,-0.49999999874887274,-0.5373563218390806,-0.35823754789272033,0.4435370560575723,0.6923940398076736,-0.17975900900527403,0.03407290818339537,0.0,0.012935323383084563,0.00952408946157035,0.05417357656163635,0.011608623548922004,0.285608623548922
58,A squirrel,I am not a very curious person,gb,3,2,1,0,0.7,0.3,bandit,8,0.125,0.625,16,2,0.3,0,0,4,1,0.3333333333333333,0.488391376451078,-0.42857142831688716,-0.488391376451078,-0.32559425096738537,0.393923347667993,0.6930813365993375,-0.22800730239285252,0.026290814189475292,0.0,0.0,0.00559403770914968,0.03924009562841535,0.055163934426229466,0.3291639344262295
58,A squirrel,I am not a very curious person,gb,3,2,1,0,0.7,0.3,bandit,8,0.125,0.625,17,1,0.7,0,1,2,1,0.3333333333333333,0.774,-0.9374999927835462,-0.774,-0.516,0.7256703722655053,0.6201327158624925,-0.47241718232341906,0.05632219399913446,0.0,-1.1102230246251565e-16,0.008484574567993897,0.005656383045329227,0.23929376408715253,0.23929376408715253
58,A squirrel,I am not a very curious person,gb,3,2,1,0,0.7,0.3,bandit,8,0.125,0.625,18,1,0.7,0,1,3,1,0.3333333333333333,0.7392937640871525,-0.8333333331345034,-0.7392937640871525,-0.49286250939143506,0.6789731275225819,0.6428206018242861,-0.40314200060979377,0.051345532371297686,0.0,0.0,0.012765239197530698,0.008510159465020428,0.20246913580246917,0.20246913580246917
58,A squirrel,I am not a very curious person,gb,3,2,1,0,0.7,0.3,bandit,8,0.125,0.625,19,1,0.7,1,0,1,1,0.3333333333333333,0.7024691358024692,0.2499999997469049,0.29753086419753083,0.5316872427983539,0.7586189216483179,0.0,-0.5103029326983979,0.0,0.0,0.0,0.006364488982019578,0.004242992654679756,0.24523455454914145,0.24523455454914145
58,A squirrel,I am not a very curious person,gb,3,2,1,0,0.7,0.3,bandit,8,0.125,0.625,20,2,0.3,0,1,4,1,0.3333333333333333,0.44483606557377053,-0.3749999995045847,-0.44483606557377053,-0.2965573770491804,0.351768965169878,0.6917799599357861,-0.2874591223088541,0.020170902342174335,0.0,0.0,0.004535391519474019,0.027988902071283794,0.0931336200504227,0.33836817459956414
59,A squirrel,I am a slightly curious person,bg,3,2,2,2,0.7,0.3,tycoon,14,0.5,0.625,1,1,0.7,1,0,2,2,0.3333333333333333,0.5,NaN,0.5,0.33333333333333326,0.4054651081081643,0.6931471805599453,-0.042791644191678,0.05378194606599747,0.0,-1.1102230246251565e-16,0.08333333333333348,0.05555555555555547,0.08333333333333326,0.08333333333333326
59,A squirrel,I am a slightly curious person,bg,3,2,2,2,0.7,0.3,tycoon,14,0.5,0.625,2,2,0.3,0,0,2,2,0.3333333333333333,0.5,NaN,-0.5,-0.6666666666666667,1.09861228866811,0.0,-0.19314718051535068,0.0,0.0,0.0,0.02411265862835843,0.027777777777777568,0.16666666666666674,0.25
59,A squirrel,I am a slightly curious person,bg,3,2,2,2,0.7,0.3,tycoon,14,0.5,0.625,3,1,0.7,0,0,1,2,0.3333333333333333,0.5833333333333333,-0.999999984947842,-0.5833333333333333,-0.7222222222222222,1.2809338454620642,0.0,-0.09878147980916858,0.0,0.0,0.0,0.0625,0.04166666666666674,0.10000000000000003,0.10000000000000003
59,A squirrel,I am a slightly curious person,bg,3,2,2,2,0.7,0.3,tycoon,14,0.5,0.625,4,1,0.7,0,0,1,2,0.3333333333333333,0.39999999999999997,-0.25000000000000017,-0.39999999999999997,-0.6000000000000001,0.9162907318741553,0.0,-0.29705541768766525,0.0,0.0,0.0,0.025000000000000022,0.01666666666666672,0.2,0.2
59,A squirrel,I am a slightly curious person,bg,3,2,2,2,0.7,0.3,tycoon,14,0.5,0.625,5,1,0.7,1,1,2,2,0.3333333333333333,0.3,0.9999999937195446,0.7,0.4666666666666667,0.6286086594223742,0.6615632381579821,-0.2040059070058956,0.06231225300813881,0.0,1.1102230246251565e-16,0.03776041666666674,0.02517361111111127,0.14583333333333331,0.14583333333333331
59,A squirrel,I am a slightly curious person,bg,3,2,2,2,0.7,0.3,tycoon,14,0.5,0.625,6,1,0.7,1,1,3,2,0.3333333333333333,0.3541666666666667,0.7500000004820603,0.6458333333333333,0.4305555555555556,0.5630940523117476,0.6785008770139087,-0.15713508424224704,0.05316704774777181,0.0,0.0,0.05378919860627174,0.03585946573751453,0.09059233449477344,0.09059233449477344
59,A squirrel,I am a slightly curious person,bg,3,2,2,2,0.7,0.3,tycoon,14,0.5,0.625,7,1,0.7,1,0,2,2,0.3333333333333333,0.40940766550522656,0.6000000032547178,0.5905923344947734,0.39372822299651555,0.5004269165450919,0.6881771822372582,-0.15234512269821177,0.04329848222372057,0.01245210727969348,0.008301404853129024,0.07246767241379315,0.04831178160919547,0.037356321839080386,0.037356321839080386
59,A squirrel,I am a slightly curious person,bg,3,2,2,2,0.7,0.3,tycoon,14,0.5,0.625,8,1,0.7,1,1,1,2,0.3333333333333333,0.4626436781609196,0.500000001677886,0.5373563218390804,0.3582375478927202,0.44353705605757215,0.6923940398076736,-0.17975900900527386,0.034072908183395534,0.019402985074626677,0.012935323383084563,0.08126036484245436,0.05417357656163624,0.011608623548922115,0.011608623548922115
59,A squirrel,I am a slightly curious person,bg,3,2,2,2,0.7,0.3,tycoon,14,0.5,0.625,9,2,0.3,1,0,3,2,0.3333333333333333,0.33333333333333326,0.9999999999999997,0.6666666666666667,0.44444444444444453,0.5877866649021192,0.6730116670092565,-0.09878147980916858,0.06714394951790816,0.0,-1.1102230246251565e-16,0.058517520674630896,0.04166666666666663,0.10000000000000003,0.11160862354892215
59,A squirrel,I am a slightly curious person,bg,3,2,2,2,0.7,0.3,tycoon,14,0.5,0.625,10,2,0.3,1,0,3,2,0.3333333333333333,0.39999999999999997,0.7499999999999998,0.6000000000000001,0.3999999999999999,0.5108256237659905,0.6869615765973234,-0.06641254138672092,0.05538446170840036,0.01706283397825681,0.014814814814814947,0.08226921414415478,0.05833333333333346,0.033333333333333326,0.04494195688225544
59,A squirrel,I am a slightly curious person,bg,3,2,2,2,0.7,0.3,tycoon,14,0.5,0.625,11,2,0.3,1,0,3,2,0.3333333333333333,0.4666666666666667,0.5000000015235914,0.5333333333333333,0.3555555555555555,0.43936665978384565,0.6925525323607233,-0.08739425626637266,0.043140311410130014,0.023245839766683818,0.011494252873563204,0.09135394131360319,0.05747126436781602,0.028735632183908066,0.017127008634985952
59,A squirrel,I am a slightly curious person,bg,3,2,2,2,0.7,0.3,tycoon,14,0.5,0.625,12,2,0.3,1,1,2,2,0.3333333333333333,0.5287356321839081,0.3749999994326757,0.47126436781609193,0.31417624521072796,0.3771346014819384,0.6927570046594116,-0.14521767508955086,0.03231445903788896,0.0,0.0,0.06358789748702909,0.039704708699122016,0.08339984038308068,0.07179121683415857
59,A squirrel,I am a slightly curious person,bg,3,2,2,2,0.7,0.3,tycoon,14,0.5,0.625,13,1,0.7,0,0,1,2,0.3333333333333333,0.5116086235489221,-0.5714285738112165,-0.5116086235489221,-0.6744057490326147,1.1221033017437085,0.0,-0.2228608825806696,0.0,0.0,0.0,0.02432625492766438,0.03270019807583491,0.07860780984719856,0.16200765023027924
59,A squirrel,I am a slightly curious person,bg,3,2,2,2,0.7,0.3,tycoon,14,0.5,0.625,14,1,0.7,1,0,2,2,0.3333333333333333,0.42139219015280144,0.5624999999673466,0.5786078098471985,0.38573853989813234,0.4873346106903918,0.6895034991417229,-0.23609603900380224,0.03414268066623985,0.0,0.005170555750986905,0.03288713292356171,0.04266074928388364,0.034901251319161664,0.11830109170224234
59,A squirrel,I am a slightly curious person,bg,3,2,2,2,0.7,0.3,tycoon,14,0.5,0.625,15,1,0.7,1,0,3,2,0.3333333333333333,0.46509874868083834,0.5000000018629867,0.5349012513191617,0.35660083421277444,0.4409899607474866,0.692493142237828,-0.2683627562159892,0.027180458416647513,0.0,0.01205446640110397,0.04261335598997551,0.050118461818844495,0.005011846181884438,0.07838799420119624
59,A squirrel,I am a slightly curious person,bg,3,2,2,2,0.7,0.3,tycoon,14,0.5,0.625,16,1,0.7,0,0,1,2,0.3333333333333333,0.5050118461818844,-0.5500000000020191,-0.5050118461818844,-0.6700078974545898,1.1086865564885535,0.0,-0.29265509243877486,5.551115123125783e-17,0.0,1.1102230246251565e-16,0.021054616109165702,0.030589443846531394,0.06757675314376349,0.15097659352684417
59,A squirrel,I am a slightly curious person,bg,3,2,2,2,0.7,0.3,tycoon,14,0.5,0.625,17,2,0.3,0,0,1,2,0.3333333333333333,0.5833998403830807,-0.6999999990174539,-0.5833998403830807,-0.7222665602553873,1.2810934751215948,0.0,-0.15234512269821177,0.0,0.0,0.0,0.07246767241379315,0.04831178160919547,0.037356321839080386,0.037356321839080386
59,A squirrel,I am a slightly curious person,bg,3,2,2,2,0.7,0.3,tycoon,14,0.5,0.625,18,2,0.3,1,1,2,2,0.3333333333333333,0.4626436781609196,0.500000001677886,0.5373563218390804,0.3582375478927202,0.44353705605757215,0.6923940398076736,-0.17975900900527386,0.034072908183395534,0.019402985074626677,0.012935323383084563,0.08126036484245436,0.05417357656163624,0.011608623548922115,0.011608623548922115
59,A squirrel,I am a slightly curious person,bg,3,2,2,2,0.7,0.3,tycoon,14,0.5,0.625,19,2,0.3,1,1,3,2,0.3333333333333333,0.5116086235489221,0.4285714261887835,0.4883913764510779,0.32559425096738526,0.3939233476679928,0.6930813365993375,-0.22800730239285233,0.026290814189475376,0.0,0.0,0.0588601434426228,0.03924009562841535,0.05516393442622958,0.05516393442622958
59,A squirrel,I am a slightly curious person,bg,3,2,2,2,0.7,0.3,tycoon,14,0.5,0.625,20,2,0.3,1,1,2,2,0.3333333333333333,0.5551639344262296,0.3749999995025072,0.4448360655737704,0.2965573770491803,0.3517689651698778,0.6917799599357861,-0.2874591223088539,0.02017090234217428,0.0,-1.1102230246251565e-16,0.04198335310692558,0.027988902071283683,0.0931336200504227,0.0931336200504227
60,A squirrel,I am a slightly curious person,bg,3,2,3,3,0.7,0.3,tycoon,13,0.75,0.625,1,1,0.7,1,1,2,2,0.3333333333333333,0.5,NaN,0.5,0.33333333333333326,0.4054651081081643,0.6931471805599453,-0.042791644191678,0.05378194606599747,0.0,-1.1102230246251565e-16,0.08333333333333348,0.05555555555555547,0.08333333333333326,0.08333333333333326
60,A squirrel,I am a slightly curious person,bg,3,2,3,3,0.7,0.3,tycoon,13,0.75,0.625,2,2,0.3,1,1,1,2,0.3333333333333333,0.5,NaN,0.5,0.33333333333333326,0.4054651081081643,0.6931471805599453,-0.042791644191678,0.05378194606599747,0.04166666666666674,1.1102230246251565e-16,0.11815201177425982,0.05555555555555547,0.08333333333333326,0.0
60,A squirrel,I am a slightly curious person,bg,3,2,3,3,0.7,0.3,tycoon,13,0.75,0.625,3,1,0.7,0,0,1,2,0.3333333333333333,0.5833333333333333,-0.999999984947842,-0.5833333333333333,-0.7222222222222222,1.2809338454620642,0.0,-0.09878147980916858,0.0,0.0,0.0,0.03737461979762402,0.04166666666666663,0.10000000000000003,0.1833333333333333
60,A squirrel,I am a slightly curious person,bg,3,2,3,3,0.7,0.3,tycoon,13,0.75,0.625,4,2,0.3,1,0,1,2,0.3333333333333333,0.5833333333333333,1.505215796449022e-8,0.41666666666666674,0.2777777777777778,0.325422400434628,0.6901856760188042,-0.14872947946598028,0.0379367811238048,1.1102230246251565e-16,1.1102230246251565e-16,0.05288461538461542,0.03525641025641024,0.15384615384615385,0.15384615384615385
60,A squirrel,I am a slightly curious person,bg,3,2,3,3,0.7,0.3,tycoon,13,0.75,0.625,5,1,0.7,1,1,1,2,0.3333333333333333,0.39999999999999997,0.7499999999999998,0.6000000000000001,0.3999999999999999,0.5108256237659905,0.6869615765973234,-0.06641254138672092,0.05538446170840036,0.0,0.014814814814814947,0.032568046699056996,0.05833333333333346,0.033333333333333326,0.18717948717948718
60,A squirrel,I am a slightly curious person,bg,3,2,3,3,0.7,0.3,tycoon,13,0.75,0.625,6,2,0.3,0,0,1,2,0.3333333333333333,0.6538461538461539,-0.999999984947842,-0.6538461538461539,-0.7692307692307693,1.4663370687934272,0.0,-0.06641254138672092,0.0,0.0,0.0,0.08750000000000002,0.05833333333333335,0.033333333333333326,0.033333333333333326
60,A squirrel,I am a slightly curious person,bg,3,2,3,3,0.7,0.3,tycoon,13,0.75,0.625,7,2,0.3,1,1,1,2,0.3333333333333333,0.4666666666666667,0.5000000015235914,0.5333333333333333,0.3555555555555555,0.43936665978384565,0.6925525323607233,-0.08739425626637266,0.043140311410130014,0.01724137931034475,0.011494252873563204,0.08620689655172409,0.05747126436781613,0.028735632183908066,0.028735632183908066
60,A squirrel,I am a slightly curious person,bg,3,2,3,3,0.7,0.3,tycoon,13,0.75,0.625,8,2,0.3,1,1,1,2,0.3333333333333333,0.5287356321839081,0.3749999994326757,0.47126436781609193,0.31417624521072796,0.3771346014819384,0.6927570046594116,-0.14521767508955086,0.03231445903788896,0.0,0.0,0.05955706304868302,0.039704708699122127,0.08339984038308068,0.08339984038308068
60,A squirrel,I am a slightly curious person,bg,3,2,3,3,0.7,0.3,tycoon,13,0.75,0.625,9,2,0.3,1,1,1,2,0.3333333333333333,0.5833998403830807,0.3000000009825461,0.4166001596169193,0.27773343974461273,0.3253610111961419,0.6901813069103601,-0.22325417073184653,0.02375398970768486,-1.1102230246251565e-16,1.1102230246251565e-16,0.04022790055248604,0.026818600368324064,0.12983425414364647,0.12983425414364647
60,A squirrel,I am a slightly curious person,bg,3,2,3,3,0.7,0.3,tycoon,13,0.75,0.625,10,2,0.3,0,0,1,2,0.3333333333333333,0.6298342541436465,-0.7500000000539505,-0.6298342541436465,-0.7532228360957642,1.3992695199830238,0.0,-0.17975900900527386,0.0,0.0,0.0,0.08126036484245436,0.05417357656163635,0.011608623548922115,0.011608623548922115
60,A squirrel,I am a slightly curious person,bg,3,2,3,3,0.7,0.3,tycoon,13,0.75,0.625,11,1,0.7,1,0,1,2,0.3333333333333333,0.4666666666666667,0.5000000015235914,0.5333333333333333,0.3555555555555555,0.43936665978384565,0.6925525323607233,-0.08739425626637266,0.043140311410130014,0.023245839766683818,0.011494252873563204,0.09135394131360319,0.05747126436781602,0.028735632183908066,0.017127008634985952
60,A squirrel,I am a slightly curious person,bg,3,2,3,3,0.7,0.3,tycoon,13,0.75,0.625,12,2,0.3,1,1,1,2,0.3333333333333333,0.5116086235489221,0.4285714261887835,0.4883913764510779,0.32559425096738526,0.3939233476679928,0.6930813365993375,-0.22800730239285233,0.026290814189475376,0.00846523459581694,1.1102230246251565e-16,0.07024407594185178,0.03924009562841524,0.05516393442622958,0.02642830224232151
60,A squirrel,I am a slightly curious person,bg,3,2,3,3,0.7,0.3,tycoon,13,0.75,0.625,13,2,0.3,0,0,1,2,0.3333333333333333,0.5551639344262296,-0.6250000004974928,-0.5551639344262296,-0.7034426229508197,1.2155145647661076,0.0,-0.23609603900380224,0.0,0.0,0.0,0.05183830319802685,0.042660749283883526,0.034901251319161664,0.06363688350306973
60,A squirrel,I am a slightly curious person,bg,3,2,3,3,0.7,0.3,tycoon,13,0.75,0.625,14,2,0.3,1,0,1,2,0.3333333333333333,0.46509874868083834,0.5000000018629867,0.5349012513191617,0.35660083421277444,0.4409899607474866,0.692493142237828,-0.2683627562159892,0.027180458416647513,0.00924531876059942,0.012054466401103858,0.06569950433426941,0.050118461818844606,0.005011846181884438,0.023723786002023628
60,A squirrel,I am a slightly curious person,bg,3,2,3,3,0.7,0.3,tycoon,13,0.75,0.625,15,2,0.3,0,0,1,2,0.3333333333333333,0.5050118461818844,-0.5500000000020191,-0.5050118461818844,-0.6700078974545898,1.1086865564885535,0.0,-0.29265509243877486,5.551115123125783e-17,0.0,1.1102230246251565e-16,0.03588710562270847,0.030589443846531283,0.06757675314376349,0.09631238532767156
60,A squirrel,I am a slightly curious person,bg,3,2,3,3,0.7,0.3,tycoon,13,0.75,0.625,16,2,0.3,0,0,1,2,0.3333333333333333,0.4324232468562365,-0.454545454630125,-0.4324232468562365,-0.6216154979041576,0.9718443990494865,0.0,-0.34285763674190817,-5.551115123125783e-17,0.0,0.0,0.018956219980602373,0.01696885247362423,0.12756629597946956,0.15630192816337762
60,A squirrel,I am a slightly curious person,bg,3,2,3,3,0.7,0.3,tycoon,13,0.75,0.625,17,2,0.3,1,0,1,2,0.3333333333333333,0.37243370402053044,0.6250000001983149,0.6275662959794696,0.41837753065297967,0.5419337198312684,0.6824187758356169,-0.34520768573406074,0.03258307677035038,0.0,1.1102230246251565e-16,0.025585231909843853,0.022575487532513594,0.09182089308330266,0.12055652526721072
60,A squirrel,I am a slightly curious person,bg,3,2,3,3,0.7,0.3,tycoon,13,0.75,0.625,18,2,0.3,0,0,1,2,0.3333333333333333,0.40817910691669734,-0.4230769168606162,-0.40817910691669734,-0.605452737944465,0.9300163434498031,0.0,-0.3927257439257291,0.0,0.0,0.0,0.013729784205594453,0.012727963457533797,0.14329352478254864,0.1720291569664567
60,A squirrel,I am a slightly curious person,bg,3,2,3,3,0.7,0.3,tycoon,13,0.75,0.625,19,2,0.3,1,0,1,2,0.3333333333333333,0.35670647521745136,0.6428571384191717,0.6432935247825486,0.42886234985503247,0.5601250298233724,0.679093107211889,-0.39321292015645365,0.03152311172284855,0.0,0.0,0.01865266213312622,0.017029920046522373,0.11053007653777647,0.13926570872168453
60,A squirrel,I am a slightly curious person,bg,3,2,3,3,0.7,0.3,tycoon,13,0.75,0.625,20,2,0.3,1,0,1,2,0.3333333333333333,0.38946992346222353,0.6000000065913794,0.6105300765377765,0.40702005102518424,0.5225946934147373,0.6854062773943186,-0.4068382853085567,0.02640082792665366,0.0,-1.1102230246251565e-16,0.024497488899002606,0.022042145949218717,0.07955490631534862,0.10829053849925668
61,A squirrel,I am a slightly curious person,gb,1,1,2,2,0.3,0.7,tycoon,14,0.25,0.5,1,1,0.3,1,1,4,2,0.3333333333333333,0.5,NaN,0.5,0.33333333333333326,0.4054651081081643,0.6931471805599453,-0.042791644191678,0.05378194606599747,0.0,-1.1102230246251565e-16,0.08333333333333348,0.05555555555555547,0.08333333333333326,0.08333333333333326
61,A squirrel,I am a slightly curious person,gb,1,1,2,2,0.3,0.7,tycoon,14,0.25,0.5,2,1,0.3,0,0,1,2,0.3333333333333333,0.5833333333333333,-0.999999984947842,-0.5833333333333333,-0.7222222222222222,1.2809338454620642,0.0,-0.09878147980916858,0.0,0.0,0.0,0.0625,0.04166666666666663,0.10000000000000003,0.10000000000000003
61,A squirrel,I am a slightly curious person,gb,1,1,2,2,0.3,0.7,tycoon,14,0.25,0.5,3,2,0.7,1,1,4,2,0.3333333333333333,0.5,NaN,0.5,0.33333333333333326,0.4054651081081643,0.6931471805599453,-0.042791644191678,0.05378194606599747,0.0,0.0,0.08333333333333348,0.05555555555555547,0.08333333333333326,0.08333333333333326
61,A squirrel,I am a slightly curious person,gb,1,1,2,2,0.3,0.7,tycoon,14,0.25,0.5,4,2,0.7,0,0,1,2,0.3333333333333333,0.5833333333333333,-0.999999984947842,-0.5833333333333333,-0.7222222222222222,1.2809338454620642,0.0,-0.09878147980916858,0.0,0.0,0.0,0.0625,0.04166666666666663,0.10000000000000003,0.10000000000000003
61,A squirrel,I am a slightly curious person,gb,1,1,2,2,0.3,0.7,tycoon,14,0.25,0.5,5,2,0.7,1,1,4,2,0.3333333333333333,0.39999999999999997,0.7499999999999998,0.6000000000000001,0.3999999999999999,0.5108256237659905,0.6869615765973234,-0.06641254138672092,0.05538446170840036,0.022222222222222254,0.014814814814814947,0.08750000000000002,0.05833333333333346,0.033333333333333326,0.033333333333333326
61,A squirrel,I am a slightly curious person,gb,1,1,2,2,0.3,0.7,tycoon,14,0.25,0.5,6,2,0.7,1,0,1,2,0.3333333333333333,0.4666666666666667,0.5000000015235914,0.5333333333333333,0.3555555555555555,0.43936665978384565,0.6925525323607233,-0.08739425626637266,0.043140311410130014,0.01724137931034475,0.011494252873563204,0.08620689655172409,0.05747126436781602,0.028735632183908066,0.028735632183908066
61,A squirrel,I am a slightly curious person,gb,1,1,2,2,0.3,0.7,tycoon,14,0.25,0.5,7,2,0.7,1,0,1,2,0.3333333333333333,0.5287356321839081,0.3749999994326757,0.47126436781609193,0.31417624521072796,0.3771346014819384,0.6927570046594116,-0.14521767508955086,0.03231445903788896,0.0,0.0,0.05955706304868302,0.039704708699122127,0.08339984038308068,0.08339984038308068
61,A squirrel,I am a slightly curious person,gb,1,1,2,2,0.3,0.7,tycoon,14,0.25,0.5,8,2,0.7,1,1,1,2,0.3333333333333333,0.5833998403830807,0.3000000009825461,0.4166001596169193,0.27773343974461273,0.3253610111961419,0.6901813069103601,-0.22325417073184653,0.02375398970768486,-1.1102230246251565e-16,-1.1102230246251565e-16,0.04022790055248604,0.026818600368324064,0.12983425414364647,0.12983425414364647
61,A squirrel,I am a slightly curious person,gb,1,1,2,2,0.3,0.7,tycoon,14,0.25,0.5,9,2,0.7,0,0,1,2,0.3333333333333333,0.6298342541436465,-0.7500000000539505,-0.6298342541436465,-0.7532228360957642,1.3992695199830238,0.0,-0.17975900900527386,0.0,0.0,0.0,0.08126036484245436,0.05417357656163624,0.011608623548922115,0.011608623548922115
61,A squirrel,I am a slightly curious person,gb,1,1,2,2,0.3,0.7,tycoon,14,0.25,0.5,10,2,0.7,1,0,1,2,0.3333333333333333,0.5116086235489221,0.4285714261887835,0.4883913764510779,0.32559425096738526,0.3939233476679928,0.6930813365993375,-0.22800730239285233,0.026290814189475376,0.0,0.0,0.0588601434426228,0.03924009562841513,0.05516393442622958,0.05516393442622958
61,A squirrel,I am a slightly curious person,gb,1,1,2,2,0.3,0.7,tycoon,14,0.25,0.5,11,2,0.7,1,0,1,2,0.3333333333333333,0.5551639344262296,0.3749999995025072,0.4448360655737704,0.2965573770491803,0.3517689651698778,0.6917799599357861,-0.2874591223088539,0.02017090234217428,0.0,1.1102230246251565e-16,0.04198335310692558,0.027988902071283794,0.0931336200504227,0.0931336200504227
61,A squirrel,I am a slightly curious person,gb,1,1,2,2,0.3,0.7,tycoon,14,0.25,0.5,12,2,0.7,0,0,1,2,0.3333333333333333,0.5931336200504227,-0.666666666579618,-0.5931336200504227,-0.7287557467002818,1.3047355603437163,0.0,-0.2683627562159892,0.0,0.0,0.0,0.0751776927282668,0.050118461818844495,0.005011846181884438,0.005011846181884438
61,A squirrel,I am a slightly curious person,gb,1,1,2,2,0.3,0.7,tycoon,14,0.25,0.5,13,2,0.7,0,0,1,2,0.3333333333333333,0.5050118461818844,-0.5500000000020191,-0.5050118461818844,-0.6700078974545898,1.1086865564885535,0.0,-0.29265509243877486,5.551115123125783e-17,0.0,1.1102230246251565e-16,0.04588416576979715,0.030589443846531283,0.06757675314376349,0.06757675314376349
61,A squirrel,I am a slightly curious person,gb,1,1,2,2,0.3,0.7,tycoon,14,0.25,0.5,14,2,0.7,1,0,1,2,0.3333333333333333,0.4324232468562365,0.5454545453698749,0.5675767531437634,0.3783845020958424,0.47543354796125764,0.6905186121358511,-0.31561447009394955,0.027270790168917647,0.0051767380908988025,0.0034511587272658684,0.05832068167616966,0.0388804544507797,0.031060428545392926,0.031060428545392926
61,A squirrel,I am a slightly curious person,gb,1,1,2,2,0.3,0.7,tycoon,14,0.25,0.5,15,2,0.7,0,0,1,2,0.3333333333333333,0.4689395714546071,-0.4999999979257095,-0.4689395714546071,-0.6459597143030713,1.0383445709194978,0.0,-0.34520768573406074,0.0,0.0,0.0,0.033863231298770335,0.022575487532513594,0.09182089308330266,0.09182089308330266
61,A squirrel,I am a slightly curious person,gb,1,1,2,2,0.3,0.7,tycoon,14,0.25,0.5,16,2,0.7,1,1,1,2,0.3333333333333333,0.40817910691669734,0.5769230831393838,0.5918208930833027,0.39454726205553503,0.5017787736275389,0.6880273884855075,-0.3624568508914788,0.026946515262512072,0.0,0.0,0.043489037125497676,0.02899269141699845,0.05827841381947413,0.05827841381947413
61,A squirrel,I am a slightly curious person,gb,1,1,2,2,0.3,0.7,tycoon,14,0.25,0.5,17,2,0.7,1,0,1,2,0.3333333333333333,0.44172158618052587,0.5357142857372396,0.5582784138194741,0.3721856092129827,0.4655107122708705,0.6912310815668001,-0.389642122885594,0.022140589025615054,0.003640292459775596,0.0024268616398502862,0.0541268261338419,0.03608455075589456,0.027302193448316525,0.027302193448316525
61,A squirrel,I am a slightly curious person,gb,1,1,2,2,0.3,0.7,tycoon,14,0.25,0.5,18,2,0.7,1,1,1,2,0.3333333333333333,0.4726978065516835,0.5000000023040594,0.5273021934483165,0.351534795632211,0.43314693222754136,0.6927532077496221,-0.42278240020142127,0.018195585274051795,0.01403426288433085,0.009356175256220678,0.06452131842989584,0.04301421228659719,0.00102414791158556,0.00102414791158556
61,A squirrel,I am a slightly curious person,gb,1,1,2,2,0.3,0.7,tycoon,14,0.25,0.5,19,2,0.7,1,0,1,2,0.3333333333333333,0.5010241479115856,0.46875000033378245,0.49897585208841444,0.3326505680589429,0.4044414842782569,0.6931466571929408,-0.4590376591946301,0.015033128194936685,0.0,0.0,0.05071225744022678,0.03380817162681793,0.026800415839565384,0.026800415839565384
61,A squirrel,I am a slightly curious person,gb,1,1,2,2,0.3,0.7,tycoon,14,0.25,0.5,20,2,0.7,1,1,1,2,0.3333333333333333,0.5268004158395654,0.44117647064961707,0.4731995841604346,0.3154663894402898,0.37901753310745606,0.6928065133610615,-0.49656193150368816,0.012528117903205571,-1.1102230246251565e-16,-1.1102230246251565e-16,0.039587954836815875,0.02639196989121051,0.05022418916105076,0.05022418916105076
62,A squirrel,I am a slightly curious person,gb,1,1,4,3,0.3,0.7,tycoon,14,0.25,0.875,1,1,0.3,0,0,1,2,0.3333333333333333,0.5,NaN,-0.5,-0.6666666666666667,1.09861228866811,0.0,-0.19314718051535068,0.0,0.0,0.0,0.04166666666666652,0.02777777777777768,0.16666666666666674,0.16666666666666674
62,A squirrel,I am a slightly curious person,gb,1,1,4,3,0.3,0.7,tycoon,14,0.25,0.875,2,2,0.7,0,0,1,2,0.3333333333333333,0.5,NaN,-0.5,-0.6666666666666667,1.09861228866811,0.0,-0.19314718051535068,0.0,0.0,0.0,0.04166666666666652,0.02777777777777768,0.16666666666666674,0.16666666666666674
62,A squirrel,I am a slightly curious person,gb,1,1,4,3,0.3,0.7,tycoon,14,0.25,0.875,3,1,0.3,0,0,1,2,0.3333333333333333,0.33333333333333326,-3.324562949461316e-16,-0.33333333333333326,-0.5555555555555555,0.8109302162163285,0.0,-0.43194562200258524,0.0,0.0,0.0,0.015625,0.010416666666666519,0.25,0.25
62,A squirrel,I am a slightly curious person,gb,1,1,4,3,0.3,0.7,tycoon,14,0.25,0.875,4,2,0.7,1,1,4,2,0.3333333333333333,0.33333333333333326,0.9999999999999997,0.6666666666666667,0.44444444444444453,0.5877866649021192,0.6730116670092565,-0.09878147980916858,0.06714394951790816,0.0,0.0,0.0625,0.04166666666666663,0.10000000000000003,0.10000000000000003
62,A squirrel,I am a slightly curious person,gb,1,1,4,3,0.3,0.7,tycoon,14,0.25,0.875,5,2,0.7,1,1,1,2,0.3333333333333333,0.39999999999999997,0.7499999999999998,0.6000000000000001,0.3999999999999999,0.5108256237659905,0.6869615765973234,-0.06641254138672092,0.05538446170840036,0.022222222222222254,0.014814814814814836,0.08750000000000002,0.05833333333333324,0.033333333333333326,0.033333333333333326
62,A squirrel,I am a slightly curious person,gb,1,1,4,3,0.3,0.7,tycoon,14,0.25,0.875,6,2,0.7,1,1,1,2,0.3333333333333333,0.4666666666666667,0.5000000015235914,0.5333333333333333,0.3555555555555555,0.43936665978384565,0.6925525323607233,-0.08739425626637266,0.043140311410130014,0.01724137931034475,0.011494252873563204,0.08620689655172409,0.05747126436781613,0.028735632183908066,0.028735632183908066
62,A squirrel,I am a slightly curious person,gb,1,1,4,3,0.3,0.7,tycoon,14,0.25,0.875,7,2,0.7,1,0,2,2,0.3333333333333333,0.5287356321839081,0.3749999994326757,0.47126436781609193,0.31417624521072796,0.3771346014819384,0.6927570046594116,-0.14521767508955086,0.03231445903788896,0.0,0.0,0.05955706304868302,0.039704708699122127,0.08339984038308068,0.08339984038308068
62,A squirrel,I am a slightly curious person,gb,1,1,4,3,0.3,0.7,tycoon,14,0.25,0.875,8,2,0.7,0,0,1,2,0.3333333333333333,0.5833998403830807,-0.6999999990174539,-0.5833998403830807,-0.7222665602553873,1.2810934751215948,0.0,-0.15234512269821177,0.0,0.0,0.0,0.07246767241379315,0.04831178160919547,0.037356321839080386,0.037356321839080386
62,A squirrel,I am a slightly curious person,gb,1,1,4,3,0.3,0.7,tycoon,14,0.25,0.875,9,1,0.3,0,0,1,2,0.3333333333333333,0.25,-3.324562949461316e-16,-0.25,-0.49999999999999994,0.6931471805599453,0.0,-0.6362943611237484,0.0,0.0,0.0,0.006249999999999978,0.004166666666666763,0.3,0.3
62,A squirrel,I am a slightly curious person,gb,1,1,4,3,0.3,0.7,tycoon,14,0.25,0.875,10,2,0.7,1,0,1,2,0.3333333333333333,0.4626436781609196,0.500000001677886,0.5373563218390804,0.3582375478927202,0.44353705605757215,0.6923940398076736,-0.17975900900527386,0.034072908183395534,0.019402985074626677,0.012935323383084452,0.08126036484245436,0.05417357656163624,0.011608623548922115,0.011608623548922115
62,A squirrel,I am a slightly curious person,gb,1,1,4,3,0.3,0.7,tycoon,14,0.25,0.875,11,2,0.7,1,1,2,2,0.3333333333333333,0.5116086235489221,0.4285714261887835,0.4883913764510779,0.32559425096738526,0.3939233476679928,0.6930813365993375,-0.22800730239285233,0.026290814189475376,0.0,-1.1102230246251565e-16,0.0588601434426228,0.03924009562841524,0.05516393442622958,0.05516393442622958
62,A squirrel,I am a slightly curious person,gb,1,1,4,3,0.3,0.7,tycoon,14,0.25,0.875,12,2,0.7,1,0,2,2,0.3333333333333333,0.5551639344262296,0.3749999995025072,0.4448360655737704,0.2965573770491803,0.3517689651698778,0.6917799599357861,-0.2874591223088539,0.02017090234217428,0.0,1.1102230246251565e-16,0.04198335310692558,0.027988902071283683,0.0931336200504227,0.0931336200504227
62,A squirrel,I am a slightly curious person,gb,1,1,4,3,0.3,0.7,tycoon,14,0.25,0.875,13,2,0.7,1,0,2,2,0.3333333333333333,0.5931336200504227,0.33333333342038196,0.4068663799495773,0.27124425329971824,0.31641665565345756,0.6895133632202006,-0.3514285693112917,0.01556078354436291,1.1102230246251565e-16,0.0,0.029628357753357704,0.019752238502238395,0.1259327092660426,0.1259327092660426
62,A squirrel,I am a slightly curious person,gb,1,1,4,3,0.3,0.7,tycoon,14,0.25,0.875,14,2,0.7,1,0,2,2,0.3333333333333333,0.6259327092660426,0.2999999994765503,0.3740672907339574,0.24937819382263826,0.28685334104138843,0.6868791467739987,-0.4159276158960932,0.012160998975677462,0.0,0.0,0.020759811475086876,0.01383987431672451,0.1542284868187811,0.1542284868187811
62,A squirrel,I am a slightly curious person,gb,1,1,4,3,0.3,0.7,tycoon,14,0.25,0.875,15,2,0.7,1,1,2,2,0.3333333333333333,0.6542284868187811,0.27272727106815275,0.3457715131812189,0.23051434212081268,0.26203296411057186,0.6841932166414267,-0.47887894856023644,0.009665827785921732,-1.1102230246251565e-16,0.0,0.014476193881852839,0.009650795921235189,0.17872522111711464,0.17872522111711464
62,A squirrel,I am a slightly curious person,gb,1,1,4,3,0.3,0.7,tycoon,14,0.25,0.875,16,2,0.7,1,1,2,2,0.3333333333333333,0.6787252211171146,0.2499999965745311,0.32127477888288536,0.21418318592192354,0.2410315746852271,0.68160752373213,-0.5393602861464555,0.007822486281443997,1.1102230246251565e-16,1.1102230246251565e-16,0.010061565148154483,0.0067077100987695815,0.20006088768897734,0.20006088768897734
62,A squirrel,I am a slightly curious person,gb,1,1,4,3,0.3,0.7,tycoon,14,0.25,0.875,17,2,0.7,1,0,2,2,0.3333333333333333,0.7000608876889773,0.23076922910119313,0.29993911231102266,0.19995940820734848,0.22309281286061247,0.6791861518855316,-0.5970713470520577,0.006442091120349214,-2.220446049250313e-16,0.0,0.00697701594164557,0.004651343961097121,0.21877378304676132,0.21877378304676132
62,A squirrel,I am a slightly curious person,gb,1,1,4,3,0.3,0.7,tycoon,14,0.25,0.875,18,2,0.7,1,1,2,2,0.3333333333333333,0.7187737830467613,0.21428571820362974,0.2812262169532387,0.18748414463549257,0.20761985067386748,0.676948829855855,-0.6520146989761941,0.005390576371988254,0.0,-1.1102230246251565e-16,0.004829660913112099,0.003219773942074622,0.2353033006654015,0.2353033006654015
62,A squirrel,I am a slightly curious person,gb,1,1,4,3,0.3,0.7,tycoon,14,0.25,0.875,19,2,0.7,1,0,2,2,0.3333333333333333,0.7353033006654015,0.2000000001808191,0.2646966993345985,0.17646446622306566,0.19414858059659687,0.6748941132952431,-0.7043242159533534,0.004574946225502474,0.0,1.1102230246251565e-16,0.003338532900957758,0.0022256886006384313,0.2500035104134557,0.2500035104134557
62,A squirrel,I am a slightly curious person,gb,1,1,4,3,0.3,0.7,tycoon,14,0.25,0.875,20,2,0.7,0,0,1,2,0.3333333333333333,0.7500035104134557,-0.8124999961234287,-0.7500035104134557,-0.8333356736089705,1.7917735109804631,0.0,-0.6122221718830456,0.0,0.0,0.0,0.00850613157366975,0.0056707543824463524,0.18422382912199375,0.18422382912199375
63,A squirrel,I am a slightly curious person,bg,2,2,1,1,0.7,0.3,tycoon,11,0.25,0.5,1,1,0.7,1,0,4,2,0.3333333333333333,0.5,NaN,0.5,0.33333333333333326,0.4054651081081643,0.6931471805599453,-0.042791644191678,0.05378194606599747,0.0,-1.1102230246251565e-16,0.08333333333333348,0.05555555555555547,0.08333333333333326,0.08333333333333326
63,A squirrel,I am a slightly curious person,bg,2,2,1,1,0.7,0.3,tycoon,11,0.25,0.5,2,1,0.7,1,0,4,2,0.3333333333333333,0.5833333333333333,1.505215796449022e-8,0.41666666666666674,0.2777777777777778,0.325422400434628,0.6901856760188042,-0.14872947946598028,0.0379367811238048,1.1102230246251565e-16,1.1102230246251565e-16,0.05288461538461542,0.03525641025641024,0.15384615384615385,0.15384615384615385
63,A squirrel,I am a slightly curious person,bg,2,2,1,1,0.7,0.3,tycoon,11,0.25,0.5,3,2,0.3,0,0,1,2,0.3333333333333333,0.5,NaN,-0.5,-0.6666666666666667,1.09861228866811,0.0,-0.19314718051535068,0.0,0.0,0.0,0.013825671769216785,0.02777777777777768,0.16666666666666674,0.3205128205128206
63,A squirrel,I am a slightly curious person,bg,2,2,1,1,0.7,0.3,tycoon,11,0.25,0.5,4,2,0.3,1,1,4,2,0.3333333333333333,0.33333333333333326,0.9999999999999997,0.6666666666666667,0.44444444444444453,0.5877866649021192,0.6730116670092565,-0.09878147980916858,0.06714394951790816,0.0,-1.1102230246251565e-16,0.022014723426480476,0.04166666666666663,0.10000000000000003,0.2538461538461539
63,A squirrel,I am a slightly curious person,bg,2,2,1,1,0.7,0.3,tycoon,11,0.25,0.5,5,1,0.7,0,0,1,2,0.3333333333333333,0.6538461538461539,-0.999999984947842,-0.6538461538461539,-0.7692307692307693,1.4663370687934272,0.0,-0.06641254138672092,0.0,0.0,0.0,0.08750000000000002,0.05833333333333346,0.033333333333333326,0.033333333333333326
63,A squirrel,I am a slightly curious person,bg,2,2,1,1,0.7,0.3,tycoon,11,0.25,0.5,6,1,0.7,0,0,1,2,0.3333333333333333,0.4666666666666667,-0.49999999847640864,-0.4666666666666667,-0.6444444444444445,1.0340737675305387,0.0,-0.2040059070058956,0.0,0.0,0.0,0.03776041666666674,0.02517361111111127,0.14583333333333331,0.14583333333333331
63,A squirrel,I am a slightly curious person,bg,2,2,1,1,0.7,0.3,tycoon,11,0.25,0.5,7,2,0.3,0,0,1,2,0.3333333333333333,0.39999999999999997,-0.25000000000000017,-0.39999999999999997,-0.6000000000000001,0.9162907318741553,0.0,-0.29705541768766525,0.0,0.0,0.0,0.025000000000000022,0.01666666666666672,0.2,0.2
63,A squirrel,I am a slightly curious person,bg,2,2,1,1,0.7,0.3,tycoon,11,0.25,0.5,8,2,0.3,0,0,1,2,0.3333333333333333,0.3,-6.280455418940885e-9,-0.3,-0.5333333333333333,0.7621400520468967,0.0,-0.49056128652018416,0.0,0.0,0.0,0.01041666666666674,0.00694444444444442,0.26190476190476186,0.26190476190476186
63,A squirrel,I am a slightly curious person,bg,2,2,1,1,0.7,0.3,tycoon,11,0.25,0.5,9,2,0.3,0,0,1,2,0.3333333333333333,0.2380952380952381,-2.6771513970377654e-16,-0.2380952380952381,-0.4920634920634921,0.6773988235918061,0.0,-0.6637676568013678,-2.220446049250313e-16,0.0,0.0,0.0044642857142858094,0.0029761904761905766,0.3035714285714285,0.3035714285714285
63,A squirrel,I am a slightly curious person,bg,2,2,1,1,0.7,0.3,tycoon,11,0.25,0.5,10,2,0.3,1,1,4,2,0.3333333333333333,0.19642857142857148,0.9999999999999997,0.8035714285714285,0.5357142857142857,0.7672551527136672,0.594880254188934,-0.5336806470724107,0.06324782809164198,0.0,1.1102230246251565e-16,0.007361778846153966,0.004907852564102644,0.26923076923076916,0.26923076923076916
63,A squirrel,I am a slightly curious person,bg,2,2,1,1,0.7,0.3,tycoon,11,0.25,0.5,11,1,0.7,1,0,4,2,0.3333333333333333,0.3541666666666667,0.7500000004820603,0.6458333333333333,0.4305555555555556,0.5630940523117476,0.6785008770139087,-0.15713508424224704,0.05316704774777181,0.0,1.1102230246251565e-16,0.05378919860627174,0.03585946573751453,0.09059233449477344,0.09059233449477344
63,A squirrel,I am a slightly curious person,bg,2,2,1,1,0.7,0.3,tycoon,11,0.25,0.5,12,2,0.3,1,1,4,2,0.3333333333333333,0.2307692307692308,0.9999999963144605,0.7692307692307692,0.5128205128205128,0.7191226669632059,0.6236548495681085,-0.4271890325390063,0.059861143712770626,0.0,-1.1102230246251565e-16,0.01162737573099415,0.007751583820662655,0.23099415204678364,0.23099415204678364
63,A squirrel,I am a slightly curious person,bg,2,2,1,1,0.7,0.3,tycoon,11,0.25,0.5,13,1,0.7,1,1,4,2,0.3333333333333333,0.40940766550522656,0.6000000032547178,0.5905923344947734,0.39372822299651555,0.5004269165450919,0.6881771822372582,-0.15234512269821177,0.04329848222372057,0.01245210727969348,0.008301404853129024,0.07246767241379315,0.04831178160919547,0.037356321839080386,0.037356321839080386
63,A squirrel,I am a slightly curious person,bg,2,2,1,1,0.7,0.3,tycoon,11,0.25,0.5,14,2,0.3,0,0,1,2,0.3333333333333333,0.26900584795321636,-0.14285714484854597,-0.26900584795321636,-0.5126705653021442,0.7188149273085229,0.0,-0.5675720130244426,0.0,0.0,0.0,0.005406250000000057,0.0036041666666666305,0.274,0.274
63,A squirrel,I am a slightly curious person,bg,2,2,1,1,0.7,0.3,tycoon,11,0.25,0.5,15,1,0.7,0,0,1,2,0.3333333333333333,0.4626436781609196,-0.499999998322114,-0.4626436781609196,-0.6417624521072798,1.0265589710280523,0.0,-0.23700120278132994,0.0,0.0,0.0,0.03591986036838979,0.02394657357892649,0.12507427213309563,0.12507427213309563
63,A squirrel,I am a slightly curious person,bg,2,2,1,1,0.7,0.3,tycoon,11,0.25,0.5,16,1,0.7,1,1,4,2,0.3333333333333333,0.37492572786690437,0.6428571428840825,0.6250742721330956,0.4167161814220637,0.5390813867732285,0.6828941449085093,-0.2228608825806696,0.04211572422065968,0.0,1.1102230246251565e-16,0.049050297113752195,0.03270019807583491,0.07860780984719856,0.07860780984719856
63,A squirrel,I am a slightly curious person,bg,2,2,1,1,0.7,0.3,tycoon,11,0.25,0.5,17,2,0.3,1,1,4,2,0.3333333333333333,0.226,0.9374999972995257,0.774,0.516,0.7256703722655053,0.6201327158624925,-0.47241718232341934,0.05632219399913474,0.0,-1.1102230246251565e-16,0.008484574567994008,0.005656383045329227,0.23929376408715253,0.23929376408715253
63,A squirrel,I am a slightly curious person,bg,2,2,1,1,0.7,0.3,tycoon,11,0.25,0.5,18,1,0.7,1,0,4,2,0.3333333333333333,0.42139219015280144,0.5624999999673466,0.5786078098471985,0.38573853989813234,0.4873346106903918,0.6895034991417229,-0.23609603900380224,0.03414268066623985,0.007755833626480357,0.005170555750986905,0.06399112392582529,0.04266074928388364,0.034901251319161664,0.034901251319161664
63,A squirrel,I am a slightly curious person,bg,2,2,1,1,0.7,0.3,tycoon,11,0.25,0.5,19,2,0.3,0,0,1,2,0.3333333333333333,0.2607062359128475,-0.16666666437083913,-0.2607062359128475,-0.5071374906085651,0.7075250294510227,0.0,-0.5955631174764753,0.0,0.0,0.0,0.004079927273882178,0.002719951515921637,0.2771849593495935,0.2771849593495935
63,A squirrel,I am a slightly curious person,bg,2,2,1,1,0.7,0.3,tycoon,11,0.25,0.5,20,2,0.3,1,1,4,2,0.3333333333333333,0.22281504065040653,0.8999999999033008,0.7771849593495934,0.5181233062330624,0.7300670197198771,0.617701457614487,-0.5103029326983983,0.05323861876438929,0.0,0.0,0.0063644889820198,0.004242992654679756,0.2452345545491415,0.2452345545491415
64,A squirrel,I am a slightly curious person,gb,3,3,2,2,0.7,0.3,tycoon,15,0.5,0.75,1,1,0.7,1,0,3,2,0.3333333333333333,0.5,NaN,0.5,0.33333333333333326,0.4054651081081643,0.6931471805599453,-0.042791644191678,0.05378194606599747,0.0,-1.1102230246251565e-16,0.08333333333333348,0.05555555555555547,0.08333333333333326,0.08333333333333326
64,A squirrel,I am a slightly curious person,gb,3,3,2,2,0.7,0.3,tycoon,15,0.5,0.75,2,1,0.7,1,1,3,2,0.3333333333333333,0.5833333333333333,1.505215796449022e-8,0.41666666666666674,0.2777777777777778,0.325422400434628,0.6901856760188042,-0.14872947946598028,0.0379367811238048,1.1102230246251565e-16,1.1102230246251565e-16,0.05288461538461542,0.03525641025641024,0.15384615384615385,0.15384615384615385
64,A squirrel,I am a slightly curious person,gb,3,3,2,2,0.7,0.3,tycoon,15,0.5,0.75,3,1,0.7,0,0,1,2,0.3333333333333333,0.6538461538461539,-0.999999984947842,-0.6538461538461539,-0.7692307692307693,1.4663370687934272,0.0,-0.06641254138672092,0.0,0.0,0.0,0.08750000000000002,0.05833333333333335,0.033333333333333326,0.033333333333333326
64,A squirrel,I am a slightly curious person,gb,3,3,2,2,0.7,0.3,tycoon,15,0.5,0.75,4,2,0.3,1,1,2,2,0.3333333333333333,0.5,NaN,0.5,0.33333333333333326,0.4054651081081643,0.6931471805599453,-0.042791644191678,0.05378194606599747,0.0,-1.1102230246251565e-16,0.08333333333333348,0.05555555555555547,0.08333333333333326,0.08333333333333326
64,A squirrel,I am a slightly curious person,gb,3,3,2,2,0.7,0.3,tycoon,15,0.5,0.75,5,2,0.3,1,1,2,2,0.3333333333333333,0.5833333333333333,1.505215796449022e-8,0.41666666666666674,0.2777777777777778,0.325422400434628,0.6901856760188042,-0.14872947946598028,0.0379367811238048,1.1102230246251565e-16,1.1102230246251565e-16,0.05288461538461542,0.03525641025641035,0.15384615384615385,0.15384615384615385
64,A squirrel,I am a slightly curious person,gb,3,3,2,2,0.7,0.3,tycoon,15,0.5,0.75,6,2,0.3,1,1,2,2,0.3333333333333333,0.6538461538461539,1.505215796449022e-8,0.34615384615384615,0.23076923076923073,0.262364264467491,0.6842317651303003,-0.2844497338353375,0.025781336264415255,0.0,1.1102230246251565e-16,0.032500000000000084,0.021666666666666723,0.20999999999999996,0.20999999999999996
64,A squirrel,I am a slightly curious person,gb,3,3,2,2,0.7,0.3,tycoon,15,0.5,0.75,7,2,0.3,1,0,2,2,0.3333333333333333,0.71,1.505215796449022e-8,0.29000000000000004,0.19333333333333325,0.21484474849951454,0.6780102022798757,-0.42625540231422954,0.017393591340592707,1.1102230246251565e-16,1.1102230246251565e-16,0.01962809917355368,0.013085399449035862,0.2534435261707988,0.2534435261707988
64,A squirrel,I am a slightly curious person,gb,3,3,2,2,0.7,0.3,tycoon,15,0.5,0.75,8,2,0.3,0,0,1,2,0.3333333333333333,0.7534435261707988,-0.999999984947842,-0.7534435261707988,-0.8356290174471993,1.8056293170922058,0.0,-0.14521767508955086,0.0,0.0,0.0,0.05955706304868302,0.039704708699122127,0.08339984038308068,0.08339984038308068
64,A squirrel,I am a slightly curious person,gb,3,3,2,2,0.7,0.3,tycoon,15,0.5,0.75,9,2,0.3,0,0,1,2,0.3333333333333333,0.5833998403830807,-0.6999999990174539,-0.5833998403830807,-0.7222665602553873,1.2810934751215948,0.0,-0.15234512269821177,0.0,0.0,0.0,0.07246767241379315,0.04831178160919547,0.037356321839080386,0.037356321839080386
64,A squirrel,I am a slightly curious person,gb,3,3,2,2,0.7,0.3,tycoon,15,0.5,0.75,10,1,0.7,1,1,2,2,0.3333333333333333,0.4666666666666667,0.5000000015235914,0.5333333333333333,0.3555555555555555,0.43936665978384565,0.6925525323607233,-0.08739425626637266,0.043140311410130014,0.01724137931034475,0.011494252873563204,0.08620689655172409,0.05747126436781613,0.028735632183908066,0.028735632183908066
64,A squirrel,I am a slightly curious person,gb,3,3,2,2,0.7,0.3,tycoon,15,0.5,0.75,11,1,0.7,1,1,2,2,0.3333333333333333,0.5287356321839081,0.3749999994326757,0.47126436781609193,0.31417624521072796,0.3771346014819384,0.6927570046594116,-0.14521767508955086,0.03231445903788896,0.0,0.0,0.05955706304868302,0.039704708699122016,0.08339984038308068,0.08339984038308068
64,A squirrel,I am a slightly curious person,gb,3,3,2,2,0.7,0.3,tycoon,15,0.5,0.75,12,1,0.7,1,0,2,2,0.3333333333333333,0.5833998403830807,0.3000000009825461,0.4166001596169193,0.27773343974461273,0.3253610111961419,0.6901813069103601,-0.22325417073184653,0.02375398970768486,-1.1102230246251565e-16,1.1102230246251565e-16,0.04022790055248604,0.026818600368324064,0.12983425414364647,0.12983425414364647
64,A squirrel,I am a slightly curious person,gb,3,3,2,2,0.7,0.3,tycoon,15,0.5,0.75,13,2,0.3,1,0,2,2,0.3333333333333333,0.4626436781609196,0.500000001677886,0.5373563218390804,0.3582375478927202,0.44353705605757215,0.6923940398076736,-0.17975900900527386,0.034072908183395534,0.0,0.012935323383084563,0.03687386546374516,0.05417357656163624,0.011608623548922115,0.11822563059472435
64,A squirrel,I am a slightly curious person,gb,3,3,2,2,0.7,0.3,tycoon,15,0.5,0.75,14,2,0.3,0,0,1,2,0.3333333333333333,0.5116086235489221,-0.5714285738112165,-0.5116086235489221,-0.6744057490326147,1.1221033017437085,0.0,-0.2228608825806696,0.0,0.0,0.0,0.015125995726896768,0.0327001980758348,0.07860780984719856,0.20844206399084503
64,A squirrel,I am a slightly curious person,gb,3,3,2,2,0.7,0.3,tycoon,15,0.5,0.75,15,1,0.7,1,1,2,2,0.3333333333333333,0.6298342541436465,0.2499999999460495,0.37016574585635353,0.24677716390423576,0.28339416389113375,0.6865299089505598,-0.30920087703841675,0.017446775436758433,0.0,-1.1102230246251565e-16,0.026784501494159008,0.01785633432943934,0.1685683238250476,0.1685683238250476
64,A squirrel,I am a slightly curious person,gb,3,3,2,2,0.7,0.3,tycoon,15,0.5,0.75,16,1,0.7,1,0,2,2,0.3333333333333333,0.6685683238250476,0.21428571422552145,0.3314316761749524,0.22095445078330167,0.24968576342578275,0.6827064730455019,-0.39571066482832595,0.012973104587098216,2.220446049250313e-16,1.1102230246251565e-16,0.017687144019527867,0.0117914293463518,0.20073230268510978,0.20073230268510978
64,A squirrel,I am a slightly curious person,gb,3,3,2,2,0.7,0.3,tycoon,15,0.5,0.75,17,1,0.7,0,0,1,2,0.3333333333333333,0.7007323026851098,-0.8125000043900489,-0.7007323026851098,-0.8004882017900732,1.6118819055039784,0.0,-0.2874591223088539,0.0,0.0,0.0,0.04198335310692558,0.027988902071283683,0.0931336200504227,0.0931336200504227
64,A squirrel,I am a slightly curious person,gb,3,3,2,2,0.7,0.3,tycoon,15,0.5,0.75,18,1,0.7,1,0,2,2,0.3333333333333333,0.5931336200504227,0.33333333342038196,0.4068663799495773,0.27124425329971824,0.31641665565345756,0.6895133632202006,-0.3514285693112917,0.01556078354436291,1.1102230246251565e-16,1.1102230246251565e-16,0.029628357753357704,0.019752238502238506,0.1259327092660426,0.1259327092660426
64,A squirrel,I am a slightly curious person,gb,3,3,2,2,0.7,0.3,tycoon,15,0.5,0.75,19,1,0.7,1,0,2,2,0.3333333333333333,0.6259327092660426,0.2999999994765503,0.3740672907339574,0.24937819382263826,0.28685334104138843,0.6868791467739987,-0.4159276158960932,0.012160998975677462,0.0,0.0,0.020759811475086876,0.01383987431672462,0.1542284868187811,0.1542284868187811
64,A squirrel,I am a slightly curious person,gb,3,3,2,2,0.7,0.3,tycoon,15,0.5,0.75,20,1,0.7,1,0,2,2,0.3333333333333333,0.6542284868187811,0.27272727106815275,0.3457715131812189,0.23051434212081268,0.26203296411057186,0.6841932166414267,-0.47887894856023644,0.009665827785921732,-1.1102230246251565e-16,0.0,0.014476193881852839,0.0096507959212353,0.17872522111711464,0.17872522111711464
