"oid","Condition","D.Participant","Trial","Curiosity","Attn1","Attn2","age","gender","Include"
"1","1","58",1,49,"A bandit","Emeralds",28,"Male",1
"1","1","58",2,78,"A bandit","Emeralds",28,"Male",1
"1","1","58",3,73,"A bandit","Emeralds",28,"Male",1
"1","1","58",4,80,"A bandit","Emeralds",28,"Male",1
"1","1","58",5,72,"A bandit","Emeralds",28,"Male",1
"1","1","58",6,72,"A bandit","Emeralds",28,"Male",1
"1","1","58",7,63,"A bandit","Emeralds",28,"Male",1
"1","1","58",8,100,"A bandit","Emeralds",28,"Male",1
"1","1","58",9,80,"A bandit","Emeralds",28,"Male",1
"1","1","58",10,71,"A bandit","Emeralds",28,"Male",1
"1","1","58",11,65,"A bandit","Emeralds",28,"Male",1
"1","1","58",12,57,"A bandit","Emeralds",28,"Male",1
"1","1","58",13,38,"A bandit","Emeralds",28,"Male",1
"1","1","58",14,40,"A bandit","Emeralds",28,"Male",1
"1","1","58",15,39,"A bandit","Emeralds",28,"Male",1
"1","1","58",16,41,"A bandit","Emeralds",28,"Male",1
"1","1","58",17,33,"A bandit","Emeralds",28,"Male",1
"1","1","58",18,27,"A bandit","Emeralds",28,"Male",1
"1","1","58",19,19,"A bandit","Emeralds",28,"Male",1
"1","1","58",20,64,"A bandit","Emeralds",28,"Male",1
"1","1","58",21,32,"A bandit","Emeralds",28,"Male",1
"1","1","58",22,25,"A bandit","Emeralds",28,"Male",1
"1","1","58",23,32,"A bandit","Emeralds",28,"Male",1
"1","1","58",24,73,"A bandit","Emeralds",28,"Male",1
"1","1","58",25,32,"A bandit","Emeralds",28,"Male",1
"1","1","58",26,28,"A bandit","Emeralds",28,"Male",1
"1","1","58",27,55,"A bandit","Emeralds",28,"Male",1
"1","1","58",28,38,"A bandit","Emeralds",28,"Male",1
"1","1","58",29,38,"A bandit","Emeralds",28,"Male",1
"1","1","58",30,39,"A bandit","Emeralds",28,"Male",1
"1","1","58",31,34,"A bandit","Emeralds",28,"Male",1
"1","1","58",32,54,"A bandit","Emeralds",28,"Male",1
"1","1","58",33,34,"A bandit","Emeralds",28,"Male",1
"1","1","58",34,29,"A bandit","Emeralds",28,"Male",1
"1","1","58",35,51,"A bandit","Emeralds",28,"Male",1
"1","1","58",36,37,"A bandit","Emeralds",28,"Male",1
"1","1","58",37,26,"A bandit","Emeralds",28,"Male",1
"1","1","58",38,22,"A bandit","Emeralds",28,"Male",1
"1","1","58",39,20,"A bandit","Emeralds",28,"Male",1
"1","1","58",40,19,"A bandit","Emeralds",28,"Male",1
"1","1","58",41,16,"A bandit","Emeralds",28,"Male",1
"1","1","58",42,37,"A bandit","Emeralds",28,"Male",1
"1","1","58",43,20,"A bandit","Emeralds",28,"Male",1
"1","1","58",44,22,"A bandit","Emeralds",28,"Male",1
"1","1","58",45,36,"A bandit","Emeralds",28,"Male",1
"1","1","58",46,31,"A bandit","Emeralds",28,"Male",1
"1","1","58",47,22,"A bandit","Emeralds",28,"Male",1
"1","1","58",48,20,"A bandit","Emeralds",28,"Male",1
"1","1","58",49,24,"A bandit","Emeralds",28,"Male",1
"1","1","58",50,23,"A bandit","Emeralds",28,"Male",1
"2","2","12",1,0,"A tycoon","Emeralds",42,"Female",1
"2","2","12",2,0,"A tycoon","Emeralds",42,"Female",1
"2","2","12",3,60,"A tycoon","Emeralds",42,"Female",1
"2","2","12",4,0,"A tycoon","Emeralds",42,"Female",1
"2","2","12",5,55,"A tycoon","Emeralds",42,"Female",1
"2","2","12",6,55,"A tycoon","Emeralds",42,"Female",1
"2","2","12",7,25,"A tycoon","Emeralds",42,"Female",1
"2","2","12",8,23,"A tycoon","Emeralds",42,"Female",1
"2","2","12",9,55,"A tycoon","Emeralds",42,"Female",1
"2","2","12",10,28,"A tycoon","Emeralds",42,"Female",1
"2","2","12",11,63,"A tycoon","Emeralds",42,"Female",1
"2","2","12",12,61,"A tycoon","Emeralds",42,"Female",1
"2","2","12",13,61,"A tycoon","Emeralds",42,"Female",1
"2","2","12",14,30,"A tycoon","Emeralds",42,"Female",1
"2","2","12",15,63,"A tycoon","Emeralds",42,"Female",1
"2","2","12",16,28,"A tycoon","Emeralds",42,"Female",1
"2","2","12",17,29,"A tycoon","Emeralds",42,"Female",1
"2","2","12",18,63,"A tycoon","Emeralds",42,"Female",1
"2","2","12",19,61,"A tycoon","Emeralds",42,"Female",1
"2","2","12",20,32,"A tycoon","Emeralds",42,"Female",1
"2","2","12",21,27,"A tycoon","Emeralds",42,"Female",1
"2","2","12",22,30,"A tycoon","Emeralds",42,"Female",1
"2","2","12",23,64,"A tycoon","Emeralds",42,"Female",1
"2","2","12",24,62,"A tycoon","Emeralds",42,"Female",1
"2","2","12",25,30,"A tycoon","Emeralds",42,"Female",1
"2","2","12",26,64,"A tycoon","Emeralds",42,"Female",1
"2","2","12",27,62,"A tycoon","Emeralds",42,"Female",1
"2","2","12",28,62,"A tycoon","Emeralds",42,"Female",1
"2","2","12",29,65,"A tycoon","Emeralds",42,"Female",1
"2","2","12",30,29,"A tycoon","Emeralds",42,"Female",1
"2","2","12",31,66,"A tycoon","Emeralds",42,"Female",1
"2","2","12",32,66,"A tycoon","Emeralds",42,"Female",1
"2","2","12",33,31,"A tycoon","Emeralds",42,"Female",1
"2","2","12",34,64,"A tycoon","Emeralds",42,"Female",1
"2","2","12",35,63,"A tycoon","Emeralds",42,"Female",1
"2","2","12",36,63,"A tycoon","Emeralds",42,"Female",1
"2","2","12",37,62,"A tycoon","Emeralds",42,"Female",1
"2","2","12",38,64,"A tycoon","Emeralds",42,"Female",1
"2","2","12",39,63,"A tycoon","Emeralds",42,"Female",1
"2","2","12",40,63,"A tycoon","Emeralds",42,"Female",1
"2","2","12",41,73,"A tycoon","Emeralds",42,"Female",1
"2","2","12",42,68,"A tycoon","Emeralds",42,"Female",1
"2","2","12",43,67,"A tycoon","Emeralds",42,"Female",1
"2","2","12",44,43,"A tycoon","Emeralds",42,"Female",1
"2","2","12",45,68,"A tycoon","Emeralds",42,"Female",1
"2","2","12",46,70,"A tycoon","Emeralds",42,"Female",1
"2","2","12",47,68,"A tycoon","Emeralds",42,"Female",1
"2","2","12",48,66,"A tycoon","Emeralds",42,"Female",1
"2","2","12",49,41,"A tycoon","Emeralds",42,"Female",1
"2","2","12",50,68,"A tycoon","Emeralds",42,"Female",1
"3","2","12",1,0,"A tycoon","Emeralds",48,"Male",1
"3","2","12",2,0,"A tycoon","Emeralds",48,"Male",1
"3","2","12",3,0,"A tycoon","Emeralds",48,"Male",1
"3","2","12",4,0,"A tycoon","Emeralds",48,"Male",1
"3","2","12",5,0,"A tycoon","Emeralds",48,"Male",1
"3","2","12",6,0,"A tycoon","Emeralds",48,"Male",1
"3","2","12",7,0,"A tycoon","Emeralds",48,"Male",1
"3","2","12",8,0,"A tycoon","Emeralds",48,"Male",1
"3","2","12",9,0,"A tycoon","Emeralds",48,"Male",1
"3","2","12",10,0,"A tycoon","Emeralds",48,"Male",1
"3","2","12",11,0,"A tycoon","Emeralds",48,"Male",1
"3","2","12",12,0,"A tycoon","Emeralds",48,"Male",1
"3","2","12",13,0,"A tycoon","Emeralds",48,"Male",1
"3","2","12",14,0,"A tycoon","Emeralds",48,"Male",1
"3","2","12",15,0,"A tycoon","Emeralds",48,"Male",1
"3","2","12",16,0,"A tycoon","Emeralds",48,"Male",1
"3","2","12",17,0,"A tycoon","Emeralds",48,"Male",1
"3","2","12",18,0,"A tycoon","Emeralds",48,"Male",1
"3","2","12",19,0,"A tycoon","Emeralds",48,"Male",1
"3","2","12",20,0,"A tycoon","Emeralds",48,"Male",1
"3","2","12",21,0,"A tycoon","Emeralds",48,"Male",1
"3","2","12",22,0,"A tycoon","Emeralds",48,"Male",1
"3","2","12",23,0,"A tycoon","Emeralds",48,"Male",1
"3","2","12",24,0,"A tycoon","Emeralds",48,"Male",1
"3","2","12",25,0,"A tycoon","Emeralds",48,"Male",1
"3","2","12",26,0,"A tycoon","Emeralds",48,"Male",1
"3","2","12",27,0,"A tycoon","Emeralds",48,"Male",1
"3","2","12",28,0,"A tycoon","Emeralds",48,"Male",1
"3","2","12",29,0,"A tycoon","Emeralds",48,"Male",1
"3","2","12",30,0,"A tycoon","Emeralds",48,"Male",1
"3","2","12",31,0,"A tycoon","Emeralds",48,"Male",1
"3","2","12",32,0,"A tycoon","Emeralds",48,"Male",1
"3","2","12",33,0,"A tycoon","Emeralds",48,"Male",1
"3","2","12",34,0,"A tycoon","Emeralds",48,"Male",1
"3","2","12",35,0,"A tycoon","Emeralds",48,"Male",1
"3","2","12",36,0,"A tycoon","Emeralds",48,"Male",1
"3","2","12",37,0,"A tycoon","Emeralds",48,"Male",1
"3","2","12",38,0,"A tycoon","Emeralds",48,"Male",1
"3","2","12",39,0,"A tycoon","Emeralds",48,"Male",1
"3","2","12",40,0,"A tycoon","Emeralds",48,"Male",1
"3","2","12",41,0,"A tycoon","Emeralds",48,"Male",1
"3","2","12",42,0,"A tycoon","Emeralds",48,"Male",1
"3","2","12",43,3,"A tycoon","Emeralds",48,"Male",1
"3","2","12",44,0,"A tycoon","Emeralds",48,"Male",1
"3","2","12",45,100,"A tycoon","Emeralds",48,"Male",1
"3","2","12",46,0,"A tycoon","Emeralds",48,"Male",1
"3","2","12",47,0,"A tycoon","Emeralds",48,"Male",1
"3","2","12",48,50,"A tycoon","Emeralds",48,"Male",1
"3","2","12",49,50,"A tycoon","Emeralds",48,"Male",1
"3","2","12",50,50,"A tycoon","Emeralds",48,"Male",1
"4","1","21",1,3,"A bandit","Emeralds",27,"Male",1
"4","1","21",2,17,"A bandit","Emeralds",27,"Male",1
"4","1","21",3,47,"A bandit","Emeralds",27,"Male",1
"4","1","21",4,15,"A bandit","Emeralds",27,"Male",1
"4","1","21",5,72,"A bandit","Emeralds",27,"Male",1
"4","1","21",6,57,"A bandit","Emeralds",27,"Male",1
"4","1","21",7,66,"A bandit","Emeralds",27,"Male",1
"4","1","21",8,16,"A bandit","Emeralds",27,"Male",1
"4","1","21",9,62,"A bandit","Emeralds",27,"Male",1
"4","1","21",10,21,"A bandit","Emeralds",27,"Male",1
"4","1","21",11,17,"A bandit","Emeralds",27,"Male",1
"4","1","21",12,74,"A bandit","Emeralds",27,"Male",1
"4","1","21",13,73,"A bandit","Emeralds",27,"Male",1
"4","1","21",14,64,"A bandit","Emeralds",27,"Male",1
"4","1","21",15,29,"A bandit","Emeralds",27,"Male",1
"4","1","21",16,70,"A bandit","Emeralds",27,"Male",1
"4","1","21",17,15,"A bandit","Emeralds",27,"Male",1
"4","1","21",18,77,"A bandit","Emeralds",27,"Male",1
"4","1","21",19,68,"A bandit","Emeralds",27,"Male",1
"4","1","21",20,74,"A bandit","Emeralds",27,"Male",1
"4","1","21",21,63,"A bandit","Emeralds",27,"Male",1
"4","1","21",22,64,"A bandit","Emeralds",27,"Male",1
"4","1","21",23,26,"A bandit","Emeralds",27,"Male",1
"4","1","21",24,69,"A bandit","Emeralds",27,"Male",1
"4","1","21",25,24,"A bandit","Emeralds",27,"Male",1
"4","1","21",26,70,"A bandit","Emeralds",27,"Male",1
"4","1","21",27,64,"A bandit","Emeralds",27,"Male",1
"4","1","21",28,21,"A bandit","Emeralds",27,"Male",1
"4","1","21",29,11,"A bandit","Emeralds",27,"Male",1
"4","1","21",30,80,"A bandit","Emeralds",27,"Male",1
"4","1","21",31,65,"A bandit","Emeralds",27,"Male",1
"4","1","21",32,26,"A bandit","Emeralds",27,"Male",1
"4","1","21",33,15,"A bandit","Emeralds",27,"Male",1
"4","1","21",34,17,"A bandit","Emeralds",27,"Male",1
"4","1","21",35,65,"A bandit","Emeralds",27,"Male",1
"4","1","21",36,66,"A bandit","Emeralds",27,"Male",1
"4","1","21",37,12,"A bandit","Emeralds",27,"Male",1
"4","1","21",38,13,"A bandit","Emeralds",27,"Male",1
"4","1","21",39,68,"A bandit","Emeralds",27,"Male",1
"4","1","21",40,77,"A bandit","Emeralds",27,"Male",1
"4","1","21",41,18,"A bandit","Emeralds",27,"Male",1
"4","1","21",42,10,"A bandit","Emeralds",27,"Male",1
"4","1","21",43,14,"A bandit","Emeralds",27,"Male",1
"4","1","21",44,76,"A bandit","Emeralds",27,"Male",1
"4","1","21",45,79,"A bandit","Emeralds",27,"Male",1
"4","1","21",46,70,"A bandit","Emeralds",27,"Male",1
"4","1","21",47,16,"A bandit","Emeralds",27,"Male",1
"4","1","21",48,12,"A bandit","Emeralds",27,"Male",1
"4","1","21",49,71,"A bandit","Emeralds",27,"Male",1
"4","1","21",50,21,"A bandit","Emeralds",27,"Male",1
"4","1","21",1,3,"A bandit","Emeralds",27,"Male",1
"4","1","21",2,17,"A bandit","Emeralds",27,"Male",1
"4","1","21",3,47,"A bandit","Emeralds",27,"Male",1
"4","1","21",4,15,"A bandit","Emeralds",27,"Male",1
"4","1","21",5,72,"A bandit","Emeralds",27,"Male",1
"4","1","21",6,57,"A bandit","Emeralds",27,"Male",1
"4","1","21",7,66,"A bandit","Emeralds",27,"Male",1
"4","1","21",8,16,"A bandit","Emeralds",27,"Male",1
"4","1","21",9,62,"A bandit","Emeralds",27,"Male",1
"4","1","21",10,21,"A bandit","Emeralds",27,"Male",1
"4","1","21",11,17,"A bandit","Emeralds",27,"Male",1
"4","1","21",12,74,"A bandit","Emeralds",27,"Male",1
"4","1","21",13,73,"A bandit","Emeralds",27,"Male",1
"4","1","21",14,64,"A bandit","Emeralds",27,"Male",1
"4","1","21",15,29,"A bandit","Emeralds",27,"Male",1
"4","1","21",16,70,"A bandit","Emeralds",27,"Male",1
"4","1","21",17,15,"A bandit","Emeralds",27,"Male",1
"4","1","21",18,77,"A bandit","Emeralds",27,"Male",1
"4","1","21",19,68,"A bandit","Emeralds",27,"Male",1
"4","1","21",20,74,"A bandit","Emeralds",27,"Male",1
"4","1","21",21,63,"A bandit","Emeralds",27,"Male",1
"4","1","21",22,64,"A bandit","Emeralds",27,"Male",1
"4","1","21",23,26,"A bandit","Emeralds",27,"Male",1
"4","1","21",24,69,"A bandit","Emeralds",27,"Male",1
"4","1","21",25,24,"A bandit","Emeralds",27,"Male",1
"4","1","21",26,70,"A bandit","Emeralds",27,"Male",1
"4","1","21",27,64,"A bandit","Emeralds",27,"Male",1
"4","1","21",28,21,"A bandit","Emeralds",27,"Male",1
"4","1","21",29,11,"A bandit","Emeralds",27,"Male",1
"4","1","21",30,80,"A bandit","Emeralds",27,"Male",1
"4","1","21",31,65,"A bandit","Emeralds",27,"Male",1
"4","1","21",32,26,"A bandit","Emeralds",27,"Male",1
"4","1","21",33,15,"A bandit","Emeralds",27,"Male",1
"4","1","21",34,17,"A bandit","Emeralds",27,"Male",1
"4","1","21",35,65,"A bandit","Emeralds",27,"Male",1
"4","1","21",36,66,"A bandit","Emeralds",27,"Male",1
"4","1","21",37,12,"A bandit","Emeralds",27,"Male",1
"4","1","21",38,13,"A bandit","Emeralds",27,"Male",1
"4","1","21",39,68,"A bandit","Emeralds",27,"Male",1
"4","1","21",40,77,"A bandit","Emeralds",27,"Male",1
"4","1","21",41,18,"A bandit","Emeralds",27,"Male",1
"4","1","21",42,10,"A bandit","Emeralds",27,"Male",1
"4","1","21",43,14,"A bandit","Emeralds",27,"Male",1
"4","1","21",44,76,"A bandit","Emeralds",27,"Male",1
"4","1","21",45,79,"A bandit","Emeralds",27,"Male",1
"4","1","21",46,70,"A bandit","Emeralds",27,"Male",1
"4","1","21",47,16,"A bandit","Emeralds",27,"Male",1
"4","1","21",48,12,"A bandit","Emeralds",27,"Male",1
"4","1","21",49,71,"A bandit","Emeralds",27,"Male",1
"4","1","21",50,21,"A bandit","Emeralds",27,"Male",1
"4","1","21",1,3,"A bandit","Emeralds",27,"Male",1
"4","1","21",2,17,"A bandit","Emeralds",27,"Male",1
"4","1","21",3,47,"A bandit","Emeralds",27,"Male",1
"4","1","21",4,15,"A bandit","Emeralds",27,"Male",1
"4","1","21",5,72,"A bandit","Emeralds",27,"Male",1
"4","1","21",6,57,"A bandit","Emeralds",27,"Male",1
"4","1","21",7,66,"A bandit","Emeralds",27,"Male",1
"4","1","21",8,16,"A bandit","Emeralds",27,"Male",1
"4","1","21",9,62,"A bandit","Emeralds",27,"Male",1
"4","1","21",10,21,"A bandit","Emeralds",27,"Male",1
"4","1","21",11,17,"A bandit","Emeralds",27,"Male",1
"4","1","21",12,74,"A bandit","Emeralds",27,"Male",1
"4","1","21",13,73,"A bandit","Emeralds",27,"Male",1
"4","1","21",14,64,"A bandit","Emeralds",27,"Male",1
"4","1","21",15,29,"A bandit","Emeralds",27,"Male",1
"4","1","21",16,70,"A bandit","Emeralds",27,"Male",1
"4","1","21",17,15,"A bandit","Emeralds",27,"Male",1
"4","1","21",18,77,"A bandit","Emeralds",27,"Male",1
"4","1","21",19,68,"A bandit","Emeralds",27,"Male",1
"4","1","21",20,74,"A bandit","Emeralds",27,"Male",1
"4","1","21",21,63,"A bandit","Emeralds",27,"Male",1
"4","1","21",22,64,"A bandit","Emeralds",27,"Male",1
"4","1","21",23,26,"A bandit","Emeralds",27,"Male",1
"4","1","21",24,69,"A bandit","Emeralds",27,"Male",1
"4","1","21",25,24,"A bandit","Emeralds",27,"Male",1
"4","1","21",26,70,"A bandit","Emeralds",27,"Male",1
"4","1","21",27,64,"A bandit","Emeralds",27,"Male",1
"4","1","21",28,21,"A bandit","Emeralds",27,"Male",1
"4","1","21",29,11,"A bandit","Emeralds",27,"Male",1
"4","1","21",30,80,"A bandit","Emeralds",27,"Male",1
"4","1","21",31,65,"A bandit","Emeralds",27,"Male",1
"4","1","21",32,26,"A bandit","Emeralds",27,"Male",1
"4","1","21",33,15,"A bandit","Emeralds",27,"Male",1
"4","1","21",34,17,"A bandit","Emeralds",27,"Male",1
"4","1","21",35,65,"A bandit","Emeralds",27,"Male",1
"4","1","21",36,66,"A bandit","Emeralds",27,"Male",1
"4","1","21",37,12,"A bandit","Emeralds",27,"Male",1
"4","1","21",38,13,"A bandit","Emeralds",27,"Male",1
"4","1","21",39,68,"A bandit","Emeralds",27,"Male",1
"4","1","21",40,77,"A bandit","Emeralds",27,"Male",1
"4","1","21",41,18,"A bandit","Emeralds",27,"Male",1
"4","1","21",42,10,"A bandit","Emeralds",27,"Male",1
"4","1","21",43,14,"A bandit","Emeralds",27,"Male",1
"4","1","21",44,76,"A bandit","Emeralds",27,"Male",1
"4","1","21",45,79,"A bandit","Emeralds",27,"Male",1
"4","1","21",46,70,"A bandit","Emeralds",27,"Male",1
"4","1","21",47,16,"A bandit","Emeralds",27,"Male",1
"4","1","21",48,12,"A bandit","Emeralds",27,"Male",1
"4","1","21",49,71,"A bandit","Emeralds",27,"Male",1
"4","1","21",50,21,"A bandit","Emeralds",27,"Male",1
"4","1","21",1,3,"A bandit","Emeralds",27,"Male",1
"4","1","21",2,17,"A bandit","Emeralds",27,"Male",1
"4","1","21",3,47,"A bandit","Emeralds",27,"Male",1
"4","1","21",4,15,"A bandit","Emeralds",27,"Male",1
"4","1","21",5,72,"A bandit","Emeralds",27,"Male",1
"4","1","21",6,57,"A bandit","Emeralds",27,"Male",1
"4","1","21",7,66,"A bandit","Emeralds",27,"Male",1
"4","1","21",8,16,"A bandit","Emeralds",27,"Male",1
"4","1","21",9,62,"A bandit","Emeralds",27,"Male",1
"4","1","21",10,21,"A bandit","Emeralds",27,"Male",1
"4","1","21",11,17,"A bandit","Emeralds",27,"Male",1
"4","1","21",12,74,"A bandit","Emeralds",27,"Male",1
"4","1","21",13,73,"A bandit","Emeralds",27,"Male",1
"4","1","21",14,64,"A bandit","Emeralds",27,"Male",1
"4","1","21",15,29,"A bandit","Emeralds",27,"Male",1
"4","1","21",16,70,"A bandit","Emeralds",27,"Male",1
"4","1","21",17,15,"A bandit","Emeralds",27,"Male",1
"4","1","21",18,77,"A bandit","Emeralds",27,"Male",1
"4","1","21",19,68,"A bandit","Emeralds",27,"Male",1
"4","1","21",20,74,"A bandit","Emeralds",27,"Male",1
"4","1","21",21,63,"A bandit","Emeralds",27,"Male",1
"4","1","21",22,64,"A bandit","Emeralds",27,"Male",1
"4","1","21",23,26,"A bandit","Emeralds",27,"Male",1
"4","1","21",24,69,"A bandit","Emeralds",27,"Male",1
"4","1","21",25,24,"A bandit","Emeralds",27,"Male",1
"4","1","21",26,70,"A bandit","Emeralds",27,"Male",1
"4","1","21",27,64,"A bandit","Emeralds",27,"Male",1
"4","1","21",28,21,"A bandit","Emeralds",27,"Male",1
"4","1","21",29,11,"A bandit","Emeralds",27,"Male",1
"4","1","21",30,80,"A bandit","Emeralds",27,"Male",1
"4","1","21",31,65,"A bandit","Emeralds",27,"Male",1
"4","1","21",32,26,"A bandit","Emeralds",27,"Male",1
"4","1","21",33,15,"A bandit","Emeralds",27,"Male",1
"4","1","21",34,17,"A bandit","Emeralds",27,"Male",1
"4","1","21",35,65,"A bandit","Emeralds",27,"Male",1
"4","1","21",36,66,"A bandit","Emeralds",27,"Male",1
"4","1","21",37,12,"A bandit","Emeralds",27,"Male",1
"4","1","21",38,13,"A bandit","Emeralds",27,"Male",1
"4","1","21",39,68,"A bandit","Emeralds",27,"Male",1
"4","1","21",40,77,"A bandit","Emeralds",27,"Male",1
"4","1","21",41,18,"A bandit","Emeralds",27,"Male",1
"4","1","21",42,10,"A bandit","Emeralds",27,"Male",1
"4","1","21",43,14,"A bandit","Emeralds",27,"Male",1
"4","1","21",44,76,"A bandit","Emeralds",27,"Male",1
"4","1","21",45,79,"A bandit","Emeralds",27,"Male",1
"4","1","21",46,70,"A bandit","Emeralds",27,"Male",1
"4","1","21",47,16,"A bandit","Emeralds",27,"Male",1
"4","1","21",48,12,"A bandit","Emeralds",27,"Male",1
"4","1","21",49,71,"A bandit","Emeralds",27,"Male",1
"4","1","21",50,21,"A bandit","Emeralds",27,"Male",1
"4","1","21",1,3,"A bandit","Emeralds",27,"Male",1
"4","1","21",2,17,"A bandit","Emeralds",27,"Male",1
"4","1","21",3,47,"A bandit","Emeralds",27,"Male",1
"4","1","21",4,15,"A bandit","Emeralds",27,"Male",1
"4","1","21",5,72,"A bandit","Emeralds",27,"Male",1
"4","1","21",6,57,"A bandit","Emeralds",27,"Male",1
"4","1","21",7,66,"A bandit","Emeralds",27,"Male",1
"4","1","21",8,16,"A bandit","Emeralds",27,"Male",1
"4","1","21",9,62,"A bandit","Emeralds",27,"Male",1
"4","1","21",10,21,"A bandit","Emeralds",27,"Male",1
"4","1","21",11,17,"A bandit","Emeralds",27,"Male",1
"4","1","21",12,74,"A bandit","Emeralds",27,"Male",1
"4","1","21",13,73,"A bandit","Emeralds",27,"Male",1
"4","1","21",14,64,"A bandit","Emeralds",27,"Male",1
"4","1","21",15,29,"A bandit","Emeralds",27,"Male",1
"4","1","21",16,70,"A bandit","Emeralds",27,"Male",1
"4","1","21",17,15,"A bandit","Emeralds",27,"Male",1
"4","1","21",18,77,"A bandit","Emeralds",27,"Male",1
"4","1","21",19,68,"A bandit","Emeralds",27,"Male",1
"4","1","21",20,74,"A bandit","Emeralds",27,"Male",1
"4","1","21",21,63,"A bandit","Emeralds",27,"Male",1
"4","1","21",22,64,"A bandit","Emeralds",27,"Male",1
"4","1","21",23,26,"A bandit","Emeralds",27,"Male",1
"4","1","21",24,69,"A bandit","Emeralds",27,"Male",1
"4","1","21",25,24,"A bandit","Emeralds",27,"Male",1
"4","1","21",26,70,"A bandit","Emeralds",27,"Male",1
"4","1","21",27,64,"A bandit","Emeralds",27,"Male",1
"4","1","21",28,21,"A bandit","Emeralds",27,"Male",1
"4","1","21",29,11,"A bandit","Emeralds",27,"Male",1
"4","1","21",30,80,"A bandit","Emeralds",27,"Male",1
"4","1","21",31,65,"A bandit","Emeralds",27,"Male",1
"4","1","21",32,26,"A bandit","Emeralds",27,"Male",1
"4","1","21",33,15,"A bandit","Emeralds",27,"Male",1
"4","1","21",34,17,"A bandit","Emeralds",27,"Male",1
"4","1","21",35,65,"A bandit","Emeralds",27,"Male",1
"4","1","21",36,66,"A bandit","Emeralds",27,"Male",1
"4","1","21",37,12,"A bandit","Emeralds",27,"Male",1
"4","1","21",38,13,"A bandit","Emeralds",27,"Male",1
"4","1","21",39,68,"A bandit","Emeralds",27,"Male",1
"4","1","21",40,77,"A bandit","Emeralds",27,"Male",1
"4","1","21",41,18,"A bandit","Emeralds",27,"Male",1
"4","1","21",42,10,"A bandit","Emeralds",27,"Male",1
"4","1","21",43,14,"A bandit","Emeralds",27,"Male",1
"4","1","21",44,76,"A bandit","Emeralds",27,"Male",1
"4","1","21",45,79,"A bandit","Emeralds",27,"Male",1
"4","1","21",46,70,"A bandit","Emeralds",27,"Male",1
"4","1","21",47,16,"A bandit","Emeralds",27,"Male",1
"4","1","21",48,12,"A bandit","Emeralds",27,"Male",1
"4","1","21",49,71,"A bandit","Emeralds",27,"Male",1
"4","1","21",50,21,"A bandit","Emeralds",27,"Male",1
"4","1","21",1,3,"A bandit","Emeralds",27,"Male",1
"4","1","21",2,17,"A bandit","Emeralds",27,"Male",1
"4","1","21",3,47,"A bandit","Emeralds",27,"Male",1
"4","1","21",4,15,"A bandit","Emeralds",27,"Male",1
"4","1","21",5,72,"A bandit","Emeralds",27,"Male",1
"4","1","21",6,57,"A bandit","Emeralds",27,"Male",1
"4","1","21",7,66,"A bandit","Emeralds",27,"Male",1
"4","1","21",8,16,"A bandit","Emeralds",27,"Male",1
"4","1","21",9,62,"A bandit","Emeralds",27,"Male",1
"4","1","21",10,21,"A bandit","Emeralds",27,"Male",1
"4","1","21",11,17,"A bandit","Emeralds",27,"Male",1
"4","1","21",12,74,"A bandit","Emeralds",27,"Male",1
"4","1","21",13,73,"A bandit","Emeralds",27,"Male",1
"4","1","21",14,64,"A bandit","Emeralds",27,"Male",1
"4","1","21",15,29,"A bandit","Emeralds",27,"Male",1
"4","1","21",16,70,"A bandit","Emeralds",27,"Male",1
"4","1","21",17,15,"A bandit","Emeralds",27,"Male",1
"4","1","21",18,77,"A bandit","Emeralds",27,"Male",1
"4","1","21",19,68,"A bandit","Emeralds",27,"Male",1
"4","1","21",20,74,"A bandit","Emeralds",27,"Male",1
"4","1","21",21,63,"A bandit","Emeralds",27,"Male",1
"4","1","21",22,64,"A bandit","Emeralds",27,"Male",1
"4","1","21",23,26,"A bandit","Emeralds",27,"Male",1
"4","1","21",24,69,"A bandit","Emeralds",27,"Male",1
"4","1","21",25,24,"A bandit","Emeralds",27,"Male",1
"4","1","21",26,70,"A bandit","Emeralds",27,"Male",1
"4","1","21",27,64,"A bandit","Emeralds",27,"Male",1
"4","1","21",28,21,"A bandit","Emeralds",27,"Male",1
"4","1","21",29,11,"A bandit","Emeralds",27,"Male",1
"4","1","21",30,80,"A bandit","Emeralds",27,"Male",1
"4","1","21",31,65,"A bandit","Emeralds",27,"Male",1
"4","1","21",32,26,"A bandit","Emeralds",27,"Male",1
"4","1","21",33,15,"A bandit","Emeralds",27,"Male",1
"4","1","21",34,17,"A bandit","Emeralds",27,"Male",1
"4","1","21",35,65,"A bandit","Emeralds",27,"Male",1
"4","1","21",36,66,"A bandit","Emeralds",27,"Male",1
"4","1","21",37,12,"A bandit","Emeralds",27,"Male",1
"4","1","21",38,13,"A bandit","Emeralds",27,"Male",1
"4","1","21",39,68,"A bandit","Emeralds",27,"Male",1
"4","1","21",40,77,"A bandit","Emeralds",27,"Male",1
"4","1","21",41,18,"A bandit","Emeralds",27,"Male",1
"4","1","21",42,10,"A bandit","Emeralds",27,"Male",1
"4","1","21",43,14,"A bandit","Emeralds",27,"Male",1
"4","1","21",44,76,"A bandit","Emeralds",27,"Male",1
"4","1","21",45,79,"A bandit","Emeralds",27,"Male",1
"4","1","21",46,70,"A bandit","Emeralds",27,"Male",1
"4","1","21",47,16,"A bandit","Emeralds",27,"Male",1
"4","1","21",48,12,"A bandit","Emeralds",27,"Male",1
"4","1","21",49,71,"A bandit","Emeralds",27,"Male",1
"4","1","21",50,21,"A bandit","Emeralds",27,"Male",1
"5","2","11",1,35,"A tycoon","Emeralds",55,"Male",1
"5","2","11",2,38,"A tycoon","Emeralds",55,"Male",1
"5","2","11",3,18,"A tycoon","Emeralds",55,"Male",1
"5","2","11",4,18,"A tycoon","Emeralds",55,"Male",1
"5","2","11",5,74,"A tycoon","Emeralds",55,"Male",1
"5","2","11",6,14,"A tycoon","Emeralds",55,"Male",1
"5","2","11",7,69,"A tycoon","Emeralds",55,"Male",1
"5","2","11",8,69,"A tycoon","Emeralds",55,"Male",1
"5","2","11",9,71,"A tycoon","Emeralds",55,"Male",1
"5","2","11",10,75,"A tycoon","Emeralds",55,"Male",1
"5","2","11",11,72,"A tycoon","Emeralds",55,"Male",1
"5","2","11",12,65,"A tycoon","Emeralds",55,"Male",1
"5","2","11",13,67,"A tycoon","Emeralds",55,"Male",1
"5","2","11",14,68,"A tycoon","Emeralds",55,"Male",1
"5","2","11",15,67,"A tycoon","Emeralds",55,"Male",1
"5","2","11",16,27,"A tycoon","Emeralds",55,"Male",1
"5","2","11",17,68,"A tycoon","Emeralds",55,"Male",1
"5","2","11",18,66,"A tycoon","Emeralds",55,"Male",1
"5","2","11",19,68,"A tycoon","Emeralds",55,"Male",1
"5","2","11",20,68,"A tycoon","Emeralds",55,"Male",1
"5","2","11",21,67,"A tycoon","Emeralds",55,"Male",1
"5","2","11",22,70,"A tycoon","Emeralds",55,"Male",1
"5","2","11",23,72,"A tycoon","Emeralds",55,"Male",1
"5","2","11",24,23,"A tycoon","Emeralds",55,"Male",1
"5","2","11",25,28,"A tycoon","Emeralds",55,"Male",1
"5","2","11",26,19,"A tycoon","Emeralds",55,"Male",1
"5","2","11",27,25,"A tycoon","Emeralds",55,"Male",1
"5","2","11",28,25,"A tycoon","Emeralds",55,"Male",1
"5","2","11",29,19,"A tycoon","Emeralds",55,"Male",1
"5","2","11",30,25,"A tycoon","Emeralds",55,"Male",1
"5","2","11",31,14,"A tycoon","Emeralds",55,"Male",1
"5","2","11",32,75,"A tycoon","Emeralds",55,"Male",1
"5","2","11",33,68,"A tycoon","Emeralds",55,"Male",1
"5","2","11",34,14,"A tycoon","Emeralds",55,"Male",1
"5","2","11",35,64,"A tycoon","Emeralds",55,"Male",1
"5","2","11",36,68,"A tycoon","Emeralds",55,"Male",1
"5","2","11",37,26,"A tycoon","Emeralds",55,"Male",1
"5","2","11",38,65,"A tycoon","Emeralds",55,"Male",1
"5","2","11",39,68,"A tycoon","Emeralds",55,"Male",1
"5","2","11",40,28,"A tycoon","Emeralds",55,"Male",1
"5","2","11",41,64,"A tycoon","Emeralds",55,"Male",1
"5","2","11",42,71,"A tycoon","Emeralds",55,"Male",1
"5","2","11",43,65,"A tycoon","Emeralds",55,"Male",1
"5","2","11",44,66,"A tycoon","Emeralds",55,"Male",1
"5","2","11",45,68,"A tycoon","Emeralds",55,"Male",1
"5","2","11",46,22,"A tycoon","Emeralds",55,"Male",1
"5","2","11",47,69,"A tycoon","Emeralds",55,"Male",1
"5","2","11",48,23,"A tycoon","Emeralds",55,"Male",1
"5","2","11",49,16,"A tycoon","Emeralds",55,"Male",1
"5","2","11",50,62,"A tycoon","Emeralds",55,"Male",1
"6","1","24",1,0,"A bandit","Emeralds",30,"Male",1
"6","1","24",2,22,"A bandit","Emeralds",30,"Male",1
"6","1","24",3,6,"A bandit","Emeralds",30,"Male",1
"6","1","24",4,0,"A bandit","Emeralds",30,"Male",1
"6","1","24",5,0,"A bandit","Emeralds",30,"Male",1
"6","1","24",6,30,"A bandit","Emeralds",30,"Male",1
"6","1","24",7,18,"A bandit","Emeralds",30,"Male",1
"6","1","24",8,0,"A bandit","Emeralds",30,"Male",1
"6","1","24",9,0,"A bandit","Emeralds",30,"Male",1
"6","1","24",10,0,"A bandit","Emeralds",30,"Male",1
"6","1","24",11,0,"A bandit","Emeralds",30,"Male",1
"6","1","24",12,52,"A bandit","Emeralds",30,"Male",1
"6","1","24",13,0,"A bandit","Emeralds",30,"Male",1
"6","1","24",14,0,"A bandit","Emeralds",30,"Male",1
"6","1","24",15,58,"A bandit","Emeralds",30,"Male",1
"6","1","24",16,0,"A bandit","Emeralds",30,"Male",1
"6","1","24",17,0,"A bandit","Emeralds",30,"Male",1
"6","1","24",18,0,"A bandit","Emeralds",30,"Male",1
"6","1","24",19,61,"A bandit","Emeralds",30,"Male",1
"6","1","24",20,56,"A bandit","Emeralds",30,"Male",1
"6","1","24",21,0,"A bandit","Emeralds",30,"Male",1
"6","1","24",22,0,"A bandit","Emeralds",30,"Male",1
"6","1","24",23,0,"A bandit","Emeralds",30,"Male",1
"6","1","24",24,53,"A bandit","Emeralds",30,"Male",1
"6","1","24",25,67,"A bandit","Emeralds",30,"Male",1
"6","1","24",26,0,"A bandit","Emeralds",30,"Male",1
"6","1","24",27,0,"A bandit","Emeralds",30,"Male",1
"6","1","24",28,0,"A bandit","Emeralds",30,"Male",1
"6","1","24",29,56,"A bandit","Emeralds",30,"Male",1
"6","1","24",30,65,"A bandit","Emeralds",30,"Male",1
"6","1","24",31,0,"A bandit","Emeralds",30,"Male",1
"6","1","24",32,57,"A bandit","Emeralds",30,"Male",1
"6","1","24",33,67,"A bandit","Emeralds",30,"Male",1
"6","1","24",34,0,"A bandit","Emeralds",30,"Male",1
"6","1","24",35,0,"A bandit","Emeralds",30,"Male",1
"6","1","24",36,73,"A bandit","Emeralds",30,"Male",1
"6","1","24",37,0,"A bandit","Emeralds",30,"Male",1
"6","1","24",38,66,"A bandit","Emeralds",30,"Male",1
"6","1","24",39,75,"A bandit","Emeralds",30,"Male",1
"6","1","24",40,0,"A bandit","Emeralds",30,"Male",1
"6","1","24",41,83,"A bandit","Emeralds",30,"Male",1
"6","1","24",42,89,"A bandit","Emeralds",30,"Male",1
"6","1","24",43,0,"A bandit","Emeralds",30,"Male",1
"6","1","24",44,83,"A bandit","Emeralds",30,"Male",1
"6","1","24",45,0,"A bandit","Emeralds",30,"Male",1
"6","1","24",46,73,"A bandit","Emeralds",30,"Male",1
"6","1","24",47,0,"A bandit","Emeralds",30,"Male",1
"6","1","24",48,71,"A bandit","Emeralds",30,"Male",1
"6","1","24",49,85,"A bandit","Emeralds",30,"Male",1
"6","1","24",50,93,"A bandit","Emeralds",30,"Male",1
"7","2","25",1,0,"A tycoon","Emeralds",30,"Male",1
"7","2","25",2,72,"A tycoon","Emeralds",30,"Male",1
"7","2","25",3,100,"A tycoon","Emeralds",30,"Male",1
"7","2","25",4,0,"A tycoon","Emeralds",30,"Male",1
"7","2","25",5,0,"A tycoon","Emeralds",30,"Male",1
"7","2","25",6,0,"A tycoon","Emeralds",30,"Male",1
"7","2","25",7,15,"A tycoon","Emeralds",30,"Male",1
"7","2","25",8,78,"A tycoon","Emeralds",30,"Male",1
"7","2","25",9,0,"A tycoon","Emeralds",30,"Male",1
"7","2","25",10,100,"A tycoon","Emeralds",30,"Male",1
"7","2","25",11,0,"A tycoon","Emeralds",30,"Male",1
"7","2","25",12,22,"A tycoon","Emeralds",30,"Male",1
"7","2","25",13,74,"A tycoon","Emeralds",30,"Male",1
"7","2","25",14,0,"A tycoon","Emeralds",30,"Male",1
"7","2","25",15,0,"A tycoon","Emeralds",30,"Male",1
"7","2","25",16,0,"A tycoon","Emeralds",30,"Male",1
"7","2","25",17,0,"A tycoon","Emeralds",30,"Male",1
"7","2","25",18,0,"A tycoon","Emeralds",30,"Male",1
"7","2","25",19,0,"A tycoon","Emeralds",30,"Male",1
"7","2","25",20,0,"A tycoon","Emeralds",30,"Male",1
"7","2","25",21,0,"A tycoon","Emeralds",30,"Male",1
"7","2","25",22,0,"A tycoon","Emeralds",30,"Male",1
"7","2","25",23,0,"A tycoon","Emeralds",30,"Male",1
"7","2","25",24,9,"A tycoon","Emeralds",30,"Male",1
"7","2","25",25,23,"A tycoon","Emeralds",30,"Male",1
"7","2","25",26,72,"A tycoon","Emeralds",30,"Male",1
"7","2","25",27,0,"A tycoon","Emeralds",30,"Male",1
"7","2","25",28,0,"A tycoon","Emeralds",30,"Male",1
"7","2","25",29,0,"A tycoon","Emeralds",30,"Male",1
"7","2","25",30,0,"A tycoon","Emeralds",30,"Male",1
"7","2","25",31,0,"A tycoon","Emeralds",30,"Male",1
"7","2","25",32,0,"A tycoon","Emeralds",30,"Male",1
"7","2","25",33,0,"A tycoon","Emeralds",30,"Male",1
"7","2","25",34,0,"A tycoon","Emeralds",30,"Male",1
"7","2","25",35,0,"A tycoon","Emeralds",30,"Male",1
"7","2","25",36,22,"A tycoon","Emeralds",30,"Male",1
"7","2","25",37,0,"A tycoon","Emeralds",30,"Male",1
"7","2","25",38,0,"A tycoon","Emeralds",30,"Male",1
"7","2","25",39,0,"A tycoon","Emeralds",30,"Male",1
"7","2","25",40,0,"A tycoon","Emeralds",30,"Male",1
"7","2","25",41,0,"A tycoon","Emeralds",30,"Male",1
"7","2","25",42,0,"A tycoon","Emeralds",30,"Male",1
"7","2","25",43,0,"A tycoon","Emeralds",30,"Male",1
"7","2","25",44,0,"A tycoon","Emeralds",30,"Male",1
"7","2","25",45,0,"A tycoon","Emeralds",30,"Male",1
"7","2","25",46,0,"A tycoon","Emeralds",30,"Male",1
"7","2","25",47,0,"A tycoon","Emeralds",30,"Male",1
"7","2","25",48,0,"A tycoon","Emeralds",30,"Male",1
"7","2","25",49,0,"A tycoon","Emeralds",30,"Male",1
"7","2","25",50,0,"A tycoon","Emeralds",30,"Male",1
"8","2","52",1,0,"A tycoon","Emeralds",45,"Male",1
"8","2","52",2,14,"A tycoon","Emeralds",45,"Male",1
"8","2","52",3,16,"A tycoon","Emeralds",45,"Male",1
"8","2","52",4,0,"A tycoon","Emeralds",45,"Male",1
"8","2","52",5,12,"A tycoon","Emeralds",45,"Male",1
"8","2","52",6,22,"A tycoon","Emeralds",45,"Male",1
"8","2","52",7,20,"A tycoon","Emeralds",45,"Male",1
"8","2","52",8,4,"A tycoon","Emeralds",45,"Male",1
"8","2","52",9,0,"A tycoon","Emeralds",45,"Male",1
"8","2","52",10,0,"A tycoon","Emeralds",45,"Male",1
"8","2","52",11,2,"A tycoon","Emeralds",45,"Male",1
"8","2","52",12,6,"A tycoon","Emeralds",45,"Male",1
"8","2","52",13,1,"A tycoon","Emeralds",45,"Male",1
"8","2","52",14,2,"A tycoon","Emeralds",45,"Male",1
"8","2","52",15,3,"A tycoon","Emeralds",45,"Male",1
"8","2","52",16,0,"A tycoon","Emeralds",45,"Male",1
"8","2","52",17,1,"A tycoon","Emeralds",45,"Male",1
"8","2","52",18,0,"A tycoon","Emeralds",45,"Male",1
"8","2","52",19,0,"A tycoon","Emeralds",45,"Male",1
"8","2","52",20,0,"A tycoon","Emeralds",45,"Male",1
"8","2","52",21,0,"A tycoon","Emeralds",45,"Male",1
"8","2","52",22,0,"A tycoon","Emeralds",45,"Male",1
"8","2","52",23,0,"A tycoon","Emeralds",45,"Male",1
"8","2","52",24,0,"A tycoon","Emeralds",45,"Male",1
"8","2","52",25,0,"A tycoon","Emeralds",45,"Male",1
"8","2","52",26,6,"A tycoon","Emeralds",45,"Male",1
"8","2","52",27,0,"A tycoon","Emeralds",45,"Male",1
"8","2","52",28,6,"A tycoon","Emeralds",45,"Male",1
"8","2","52",29,3,"A tycoon","Emeralds",45,"Male",1
"8","2","52",30,3,"A tycoon","Emeralds",45,"Male",1
"8","2","52",31,1,"A tycoon","Emeralds",45,"Male",1
"8","2","52",32,2,"A tycoon","Emeralds",45,"Male",1
"8","2","52",33,0,"A tycoon","Emeralds",45,"Male",1
"8","2","52",34,0,"A tycoon","Emeralds",45,"Male",1
"8","2","52",35,4,"A tycoon","Emeralds",45,"Male",1
"8","2","52",36,5,"A tycoon","Emeralds",45,"Male",1
"8","2","52",37,6,"A tycoon","Emeralds",45,"Male",1
"8","2","52",38,3,"A tycoon","Emeralds",45,"Male",1
"8","2","52",39,3,"A tycoon","Emeralds",45,"Male",1
"8","2","52",40,3,"A tycoon","Emeralds",45,"Male",1
"8","2","52",41,1,"A tycoon","Emeralds",45,"Male",1
"8","2","52",42,1,"A tycoon","Emeralds",45,"Male",1
"8","2","52",43,0,"A tycoon","Emeralds",45,"Male",1
"8","2","52",44,4,"A tycoon","Emeralds",45,"Male",1
"8","2","52",45,4,"A tycoon","Emeralds",45,"Male",1
"8","2","52",46,1,"A tycoon","Emeralds",45,"Male",1
"8","2","52",47,1,"A tycoon","Emeralds",45,"Male",1
"8","2","52",48,1,"A tycoon","Emeralds",45,"Male",1
"8","2","52",49,2,"A tycoon","Emeralds",45,"Male",1
"8","2","52",50,0,"A tycoon","Emeralds",45,"Male",1
"9","1","5",1,34,"A bandit","Emeralds",40,"Male",1
"9","1","5",2,62,"A bandit","Emeralds",40,"Male",1
"9","1","5",3,80,"A bandit","Emeralds",40,"Male",1
"9","1","5",4,24,"A bandit","Emeralds",40,"Male",1
"9","1","5",5,68,"A bandit","Emeralds",40,"Male",1
"9","1","5",6,68,"A bandit","Emeralds",40,"Male",1
"9","1","5",7,68,"A bandit","Emeralds",40,"Male",1
"9","1","5",8,40,"A bandit","Emeralds",40,"Male",1
"9","1","5",9,30,"A bandit","Emeralds",40,"Male",1
"9","1","5",10,68,"A bandit","Emeralds",40,"Male",1
"9","1","5",11,35,"A bandit","Emeralds",40,"Male",1
"9","1","5",12,59,"A bandit","Emeralds",40,"Male",1
"9","1","5",13,70,"A bandit","Emeralds",40,"Male",1
"9","1","5",14,65,"A bandit","Emeralds",40,"Male",1
"9","1","5",15,28,"A bandit","Emeralds",40,"Male",1
"9","1","5",16,35,"A bandit","Emeralds",40,"Male",1
"9","1","5",17,67,"A bandit","Emeralds",40,"Male",1
"9","1","5",18,63,"A bandit","Emeralds",40,"Male",1
"9","1","5",19,66,"A bandit","Emeralds",40,"Male",1
"9","1","5",20,19,"A bandit","Emeralds",40,"Male",1
"9","1","5",21,60,"A bandit","Emeralds",40,"Male",1
"9","1","5",22,22,"A bandit","Emeralds",40,"Male",1
"9","1","5",23,58,"A bandit","Emeralds",40,"Male",1
"9","1","5",24,66,"A bandit","Emeralds",40,"Male",1
"9","1","5",25,62,"A bandit","Emeralds",40,"Male",1
"9","1","5",26,66,"A bandit","Emeralds",40,"Male",1
"9","1","5",27,32,"A bandit","Emeralds",40,"Male",1
"9","1","5",28,63,"A bandit","Emeralds",40,"Male",1
"9","1","5",29,63,"A bandit","Emeralds",40,"Male",1
"9","1","5",30,69,"A bandit","Emeralds",40,"Male",1
"9","1","5",31,22,"A bandit","Emeralds",40,"Male",1
"9","1","5",32,69,"A bandit","Emeralds",40,"Male",1
"9","1","5",33,63,"A bandit","Emeralds",40,"Male",1
"9","1","5",34,21,"A bandit","Emeralds",40,"Male",1
"9","1","5",35,66,"A bandit","Emeralds",40,"Male",1
"9","1","5",36,55,"A bandit","Emeralds",40,"Male",1
"9","1","5",37,62,"A bandit","Emeralds",40,"Male",1
"9","1","5",38,52,"A bandit","Emeralds",40,"Male",1
"9","1","5",39,26,"A bandit","Emeralds",40,"Male",1
"9","1","5",40,59,"A bandit","Emeralds",40,"Male",1
"9","1","5",41,56,"A bandit","Emeralds",40,"Male",1
"9","1","5",42,52,"A bandit","Emeralds",40,"Male",1
"9","1","5",43,51,"A bandit","Emeralds",40,"Male",1
"9","1","5",44,32,"A bandit","Emeralds",40,"Male",1
"9","1","5",45,53,"A bandit","Emeralds",40,"Male",1
"9","1","5",46,63,"A bandit","Emeralds",40,"Male",1
"9","1","5",47,58,"A bandit","Emeralds",40,"Male",1
"9","1","5",48,33,"A bandit","Emeralds",40,"Male",1
"9","1","5",49,29,"A bandit","Emeralds",40,"Male",1
"9","1","5",50,24,"A bandit","Emeralds",40,"Male",1
"10","2","3",1,100,"A tycoon","Emeralds",36,"Male",1
"10","2","3",2,100,"A tycoon","Emeralds",36,"Male",1
"10","2","3",3,0,"A tycoon","Emeralds",36,"Male",1
"10","2","3",4,0,"A tycoon","Emeralds",36,"Male",1
"10","2","3",5,100,"A tycoon","Emeralds",36,"Male",1
"10","2","3",6,0,"A tycoon","Emeralds",36,"Male",1
"10","2","3",7,100,"A tycoon","Emeralds",36,"Male",1
"10","2","3",8,93,"A tycoon","Emeralds",36,"Male",1
"10","2","3",9,88,"A tycoon","Emeralds",36,"Male",1
"10","2","3",10,0,"A tycoon","Emeralds",36,"Male",1
"10","2","3",11,1,"A tycoon","Emeralds",36,"Male",1
"10","2","3",12,0,"A tycoon","Emeralds",36,"Male",1
"10","2","3",13,6,"A tycoon","Emeralds",36,"Male",1
"10","2","3",14,100,"A tycoon","Emeralds",36,"Male",1
"10","2","3",15,93,"A tycoon","Emeralds",36,"Male",1
"10","2","3",16,81,"A tycoon","Emeralds",36,"Male",1
"10","2","3",17,72,"A tycoon","Emeralds",36,"Male",1
"10","2","3",18,75,"A tycoon","Emeralds",36,"Male",1
"10","2","3",19,66,"A tycoon","Emeralds",36,"Male",1
"10","2","3",20,63,"A tycoon","Emeralds",36,"Male",1
"10","2","3",21,27,"A tycoon","Emeralds",36,"Male",1
"10","2","3",22,23,"A tycoon","Emeralds",36,"Male",1
"10","2","3",23,16,"A tycoon","Emeralds",36,"Male",1
"10","2","3",24,0,"A tycoon","Emeralds",36,"Male",1
"10","2","3",25,26,"A tycoon","Emeralds",36,"Male",1
"10","2","3",26,15,"A tycoon","Emeralds",36,"Male",1
"10","2","3",27,0,"A tycoon","Emeralds",36,"Male",1
"10","2","3",28,0,"A tycoon","Emeralds",36,"Male",1
"10","2","3",29,17,"A tycoon","Emeralds",36,"Male",1
"10","2","3",30,15,"A tycoon","Emeralds",36,"Male",1
"10","2","3",31,13,"A tycoon","Emeralds",36,"Male",1
"10","2","3",32,12,"A tycoon","Emeralds",36,"Male",1
"10","2","3",33,8,"A tycoon","Emeralds",36,"Male",1
"10","2","3",34,7,"A tycoon","Emeralds",36,"Male",1
"10","2","3",35,7,"A tycoon","Emeralds",36,"Male",1
"10","2","3",36,7,"A tycoon","Emeralds",36,"Male",1
"10","2","3",37,6,"A tycoon","Emeralds",36,"Male",1
"10","2","3",38,6,"A tycoon","Emeralds",36,"Male",1
"10","2","3",39,0,"A tycoon","Emeralds",36,"Male",1
"10","2","3",40,0,"A tycoon","Emeralds",36,"Male",1
"10","2","3",41,0,"A tycoon","Emeralds",36,"Male",1
"10","2","3",42,0,"A tycoon","Emeralds",36,"Male",1
"10","2","3",43,0,"A tycoon","Emeralds",36,"Male",1
"10","2","3",44,0,"A tycoon","Emeralds",36,"Male",1
"10","2","3",45,0,"A tycoon","Emeralds",36,"Male",1
"10","2","3",46,0,"A tycoon","Emeralds",36,"Male",1
"10","2","3",47,0,"A tycoon","Emeralds",36,"Male",1
"10","2","3",48,0,"A tycoon","Emeralds",36,"Male",1
"10","2","3",49,0,"A tycoon","Emeralds",36,"Male",1
"10","2","3",50,0,"A tycoon","Emeralds",36,"Male",1
"11","2","30",1,0,"A tycoon","Emeralds",36,"Male",1
"11","2","30",2,100,"A tycoon","Emeralds",36,"Male",1
"11","2","30",3,49,"A tycoon","Emeralds",36,"Male",1
"11","2","30",4,30,"A tycoon","Emeralds",36,"Male",1
"11","2","30",5,100,"A tycoon","Emeralds",36,"Male",1
"11","2","30",6,50,"A tycoon","Emeralds",36,"Male",1
"11","2","30",7,29,"A tycoon","Emeralds",36,"Male",1
"11","2","30",8,100,"A tycoon","Emeralds",36,"Male",1
"11","2","30",9,83,"A tycoon","Emeralds",36,"Male",1
"11","2","30",10,100,"A tycoon","Emeralds",36,"Male",1
"11","2","30",11,24,"A tycoon","Emeralds",36,"Male",1
"11","2","30",12,32,"A tycoon","Emeralds",36,"Male",1
"11","2","30",13,27,"A tycoon","Emeralds",36,"Male",1
"11","2","30",14,12,"A tycoon","Emeralds",36,"Male",1
"11","2","30",15,0,"A tycoon","Emeralds",36,"Male",1
"11","2","30",16,0,"A tycoon","Emeralds",36,"Male",1
"11","2","30",17,0,"A tycoon","Emeralds",36,"Male",1
"11","2","30",18,0,"A tycoon","Emeralds",36,"Male",1
"11","2","30",19,0,"A tycoon","Emeralds",36,"Male",1
"11","2","30",20,51,"A tycoon","Emeralds",36,"Male",1
"11","2","30",21,0,"A tycoon","Emeralds",36,"Male",1
"11","2","30",22,0,"A tycoon","Emeralds",36,"Male",1
"11","2","30",23,0,"A tycoon","Emeralds",36,"Male",1
"11","2","30",24,0,"A tycoon","Emeralds",36,"Male",1
"11","2","30",25,0,"A tycoon","Emeralds",36,"Male",1
"11","2","30",26,0,"A tycoon","Emeralds",36,"Male",1
"11","2","30",27,0,"A tycoon","Emeralds",36,"Male",1
"11","2","30",28,0,"A tycoon","Emeralds",36,"Male",1
"11","2","30",29,0,"A tycoon","Emeralds",36,"Male",1
"11","2","30",30,0,"A tycoon","Emeralds",36,"Male",1
"11","2","30",31,0,"A tycoon","Emeralds",36,"Male",1
"11","2","30",32,0,"A tycoon","Emeralds",36,"Male",1
"11","2","30",33,0,"A tycoon","Emeralds",36,"Male",1
"11","2","30",34,0,"A tycoon","Emeralds",36,"Male",1
"11","2","30",35,0,"A tycoon","Emeralds",36,"Male",1
"11","2","30",36,0,"A tycoon","Emeralds",36,"Male",1
"11","2","30",37,0,"A tycoon","Emeralds",36,"Male",1
"11","2","30",38,0,"A tycoon","Emeralds",36,"Male",1
"11","2","30",39,0,"A tycoon","Emeralds",36,"Male",1
"11","2","30",40,0,"A tycoon","Emeralds",36,"Male",1
"11","2","30",41,0,"A tycoon","Emeralds",36,"Male",1
"11","2","30",42,0,"A tycoon","Emeralds",36,"Male",1
"11","2","30",43,0,"A tycoon","Emeralds",36,"Male",1
"11","2","30",44,0,"A tycoon","Emeralds",36,"Male",1
"11","2","30",45,0,"A tycoon","Emeralds",36,"Male",1
"11","2","30",46,0,"A tycoon","Emeralds",36,"Male",1
"11","2","30",47,0,"A tycoon","Emeralds",36,"Male",1
"11","2","30",48,0,"A tycoon","Emeralds",36,"Male",1
"11","2","30",49,0,"A tycoon","Emeralds",36,"Male",1
"11","2","30",50,0,"A tycoon","Emeralds",36,"Male",1
"12","3","51",1,28,"A sheriff","Emeralds",52,"Male",1
"12","3","51",2,21,"A sheriff","Emeralds",52,"Male",1
"12","3","51",3,28,"A sheriff","Emeralds",52,"Male",1
"12","3","51",4,27,"A sheriff","Emeralds",52,"Male",1
"12","3","51",5,23,"A sheriff","Emeralds",52,"Male",1
"12","3","51",6,31,"A sheriff","Emeralds",52,"Male",1
"12","3","51",7,56,"A sheriff","Emeralds",52,"Male",1
"12","3","51",8,57,"A sheriff","Emeralds",52,"Male",1
"12","3","51",9,55,"A sheriff","Emeralds",52,"Male",1
"12","3","51",10,45,"A sheriff","Emeralds",52,"Male",1
"12","3","51",11,55,"A sheriff","Emeralds",52,"Male",1
"12","3","51",12,56,"A sheriff","Emeralds",52,"Male",1
"12","3","51",13,38,"A sheriff","Emeralds",52,"Male",1
"12","3","51",14,37,"A sheriff","Emeralds",52,"Male",1
"12","3","51",15,40,"A sheriff","Emeralds",52,"Male",1
"12","3","51",16,57,"A sheriff","Emeralds",52,"Male",1
"12","3","51",17,42,"A sheriff","Emeralds",52,"Male",1
"12","3","51",18,39,"A sheriff","Emeralds",52,"Male",1
"12","3","51",19,55,"A sheriff","Emeralds",52,"Male",1
"12","3","51",20,40,"A sheriff","Emeralds",52,"Male",1
"12","3","51",21,43,"A sheriff","Emeralds",52,"Male",1
"12","3","51",22,58,"A sheriff","Emeralds",52,"Male",1
"12","3","51",23,28,"A sheriff","Emeralds",52,"Male",1
"12","3","51",24,40,"A sheriff","Emeralds",52,"Male",1
"12","3","51",25,35,"A sheriff","Emeralds",52,"Male",1
"12","3","51",26,63,"A sheriff","Emeralds",52,"Male",1
"12","3","51",27,32,"A sheriff","Emeralds",52,"Male",1
"12","3","51",28,22,"A sheriff","Emeralds",52,"Male",1
"12","3","51",29,24,"A sheriff","Emeralds",52,"Male",1
"12","3","51",30,26,"A sheriff","Emeralds",52,"Male",1
"12","3","51",31,21,"A sheriff","Emeralds",52,"Male",1
"12","3","51",32,23,"A sheriff","Emeralds",52,"Male",1
"12","3","51",33,23,"A sheriff","Emeralds",52,"Male",1
"12","3","51",34,69,"A sheriff","Emeralds",52,"Male",1
"12","3","51",35,70,"A sheriff","Emeralds",52,"Male",1
"12","3","51",36,22,"A sheriff","Emeralds",52,"Male",1
"12","3","51",37,22,"A sheriff","Emeralds",52,"Male",1
"12","3","51",38,67,"A sheriff","Emeralds",52,"Male",1
"12","3","51",39,24,"A sheriff","Emeralds",52,"Male",1
"12","3","51",40,22,"A sheriff","Emeralds",52,"Male",1
"12","3","51",41,23,"A sheriff","Emeralds",52,"Male",1
"12","3","51",42,25,"A sheriff","Emeralds",52,"Male",1
"12","3","51",43,23,"A sheriff","Emeralds",52,"Male",1
"12","3","51",44,22,"A sheriff","Emeralds",52,"Male",1
"12","3","51",45,73,"A sheriff","Emeralds",52,"Male",1
"12","3","51",46,69,"A sheriff","Emeralds",52,"Male",1
"12","3","51",47,20,"A sheriff","Emeralds",52,"Male",1
"12","3","51",48,21,"A sheriff","Emeralds",52,"Male",1
"12","3","51",49,73,"A sheriff","Emeralds",52,"Male",1
"12","3","51",50,72,"A sheriff","Emeralds",52,"Male",1
"13","2","7",1,1,"A tycoon","Emeralds",38,"Male",1
"13","2","7",2,87,"A tycoon","Emeralds",38,"Male",1
"13","2","7",3,72,"A tycoon","Emeralds",38,"Male",1
"13","2","7",4,71,"A tycoon","Emeralds",38,"Male",1
"13","2","7",5,33,"A tycoon","Emeralds",38,"Male",1
"13","2","7",6,67,"A tycoon","Emeralds",38,"Male",1
"13","2","7",7,69,"A tycoon","Emeralds",38,"Male",1
"13","2","7",8,64,"A tycoon","Emeralds",38,"Male",1
"13","2","7",9,81,"A tycoon","Emeralds",38,"Male",1
"13","2","7",10,73,"A tycoon","Emeralds",38,"Male",1
"13","2","7",11,78,"A tycoon","Emeralds",38,"Male",1
"13","2","7",12,88,"A tycoon","Emeralds",38,"Male",1
"13","2","7",13,24,"A tycoon","Emeralds",38,"Male",1
"13","2","7",14,36,"A tycoon","Emeralds",38,"Male",1
"13","2","7",15,69,"A tycoon","Emeralds",38,"Male",1
"13","2","7",16,78,"A tycoon","Emeralds",38,"Male",1
"13","2","7",17,81,"A tycoon","Emeralds",38,"Male",1
"13","2","7",18,80,"A tycoon","Emeralds",38,"Male",1
"13","2","7",19,75,"A tycoon","Emeralds",38,"Male",1
"13","2","7",20,82,"A tycoon","Emeralds",38,"Male",1
"13","2","7",21,16,"A tycoon","Emeralds",38,"Male",1
"13","2","7",22,78,"A tycoon","Emeralds",38,"Male",1
"13","2","7",23,79,"A tycoon","Emeralds",38,"Male",1
"13","2","7",24,81,"A tycoon","Emeralds",38,"Male",1
"13","2","7",25,30,"A tycoon","Emeralds",38,"Male",1
"13","2","7",26,17,"A tycoon","Emeralds",38,"Male",1
"13","2","7",27,25,"A tycoon","Emeralds",38,"Male",1
"13","2","7",28,10,"A tycoon","Emeralds",38,"Male",1
"13","2","7",29,17,"A tycoon","Emeralds",38,"Male",1
"13","2","7",30,12,"A tycoon","Emeralds",38,"Male",1
"13","2","7",31,13,"A tycoon","Emeralds",38,"Male",1
"13","2","7",32,7,"A tycoon","Emeralds",38,"Male",1
"13","2","7",33,19,"A tycoon","Emeralds",38,"Male",1
"13","2","7",34,0,"A tycoon","Emeralds",38,"Male",1
"13","2","7",35,5,"A tycoon","Emeralds",38,"Male",1
"13","2","7",36,21,"A tycoon","Emeralds",38,"Male",1
"13","2","7",37,17,"A tycoon","Emeralds",38,"Male",1
"13","2","7",38,12,"A tycoon","Emeralds",38,"Male",1
"13","2","7",39,9,"A tycoon","Emeralds",38,"Male",1
"13","2","7",40,14,"A tycoon","Emeralds",38,"Male",1
"13","2","7",41,18,"A tycoon","Emeralds",38,"Male",1
"13","2","7",42,13,"A tycoon","Emeralds",38,"Male",1
"13","2","7",43,17,"A tycoon","Emeralds",38,"Male",1
"13","2","7",44,16,"A tycoon","Emeralds",38,"Male",1
"13","2","7",45,22,"A tycoon","Emeralds",38,"Male",1
"13","2","7",46,5,"A tycoon","Emeralds",38,"Male",1
"13","2","7",47,4,"A tycoon","Emeralds",38,"Male",1
"13","2","7",48,3,"A tycoon","Emeralds",38,"Male",1
"13","2","7",49,6,"A tycoon","Emeralds",38,"Male",1
"13","2","7",50,13,"A tycoon","Emeralds",38,"Male",1
"14","2","27",1,51,"A tycoon","Emeralds",69,"Female",1
"14","2","27",2,4,"A tycoon","Emeralds",69,"Female",1
"14","2","27",3,5,"A tycoon","Emeralds",69,"Female",1
"14","2","27",4,11,"A tycoon","Emeralds",69,"Female",1
"14","2","27",5,83,"A tycoon","Emeralds",69,"Female",1
"14","2","27",6,21,"A tycoon","Emeralds",69,"Female",1
"14","2","27",7,7,"A tycoon","Emeralds",69,"Female",1
"14","2","27",8,2,"A tycoon","Emeralds",69,"Female",1
"14","2","27",9,4,"A tycoon","Emeralds",69,"Female",1
"14","2","27",10,58,"A tycoon","Emeralds",69,"Female",1
"14","2","27",11,3,"A tycoon","Emeralds",69,"Female",1
"14","2","27",12,90,"A tycoon","Emeralds",69,"Female",1
"14","2","27",13,9,"A tycoon","Emeralds",69,"Female",1
"14","2","27",14,15,"A tycoon","Emeralds",69,"Female",1
"14","2","27",15,14,"A tycoon","Emeralds",69,"Female",1
"14","2","27",16,13,"A tycoon","Emeralds",69,"Female",1
"14","2","27",17,8,"A tycoon","Emeralds",69,"Female",1
"14","2","27",18,10,"A tycoon","Emeralds",69,"Female",1
"14","2","27",19,6,"A tycoon","Emeralds",69,"Female",1
"14","2","27",20,3,"A tycoon","Emeralds",69,"Female",1
"14","2","27",21,7,"A tycoon","Emeralds",69,"Female",1
"14","2","27",22,8,"A tycoon","Emeralds",69,"Female",1
"14","2","27",23,6,"A tycoon","Emeralds",69,"Female",1
"14","2","27",24,8,"A tycoon","Emeralds",69,"Female",1
"14","2","27",25,95,"A tycoon","Emeralds",69,"Female",1
"14","2","27",26,95,"A tycoon","Emeralds",69,"Female",1
"14","2","27",27,9,"A tycoon","Emeralds",69,"Female",1
"14","2","27",28,8,"A tycoon","Emeralds",69,"Female",1
"14","2","27",29,6,"A tycoon","Emeralds",69,"Female",1
"14","2","27",30,12,"A tycoon","Emeralds",69,"Female",1
"14","2","27",31,5,"A tycoon","Emeralds",69,"Female",1
"14","2","27",32,6,"A tycoon","Emeralds",69,"Female",1
"14","2","27",33,9,"A tycoon","Emeralds",69,"Female",1
"14","2","27",34,89,"A tycoon","Emeralds",69,"Female",1
"14","2","27",35,7,"A tycoon","Emeralds",69,"Female",1
"14","2","27",36,7,"A tycoon","Emeralds",69,"Female",1
"14","2","27",37,92,"A tycoon","Emeralds",69,"Female",1
"14","2","27",38,91,"A tycoon","Emeralds",69,"Female",1
"14","2","27",39,4,"A tycoon","Emeralds",69,"Female",1
"14","2","27",40,92,"A tycoon","Emeralds",69,"Female",1
"14","2","27",41,4,"A tycoon","Emeralds",69,"Female",1
"14","2","27",42,9,"A tycoon","Emeralds",69,"Female",1
"14","2","27",43,7,"A tycoon","Emeralds",69,"Female",1
"14","2","27",44,5,"A tycoon","Emeralds",69,"Female",1
"14","2","27",45,10,"A tycoon","Emeralds",69,"Female",1
"14","2","27",46,93,"A tycoon","Emeralds",69,"Female",1
"14","2","27",47,92,"A tycoon","Emeralds",69,"Female",1
"14","2","27",48,96,"A tycoon","Emeralds",69,"Female",1
"14","2","27",49,3,"A tycoon","Emeralds",69,"Female",1
"14","2","27",50,10,"A tycoon","Emeralds",69,"Female",1
"15","3","50",1,0,"A sheriff","Emeralds",32,"Male",1
"15","3","50",2,0,"A sheriff","Emeralds",32,"Male",1
"15","3","50",3,0,"A sheriff","Emeralds",32,"Male",1
"15","3","50",4,22,"A sheriff","Emeralds",32,"Male",1
"15","3","50",5,27,"A sheriff","Emeralds",32,"Male",1
"15","3","50",6,12,"A sheriff","Emeralds",32,"Male",1
"15","3","50",7,16,"A sheriff","Emeralds",32,"Male",1
"15","3","50",8,25,"A sheriff","Emeralds",32,"Male",1
"15","3","50",9,6,"A sheriff","Emeralds",32,"Male",1
"15","3","50",10,4,"A sheriff","Emeralds",32,"Male",1
"15","3","50",11,26,"A sheriff","Emeralds",32,"Male",1
"15","3","50",12,40,"A sheriff","Emeralds",32,"Male",1
"15","3","50",13,0,"A sheriff","Emeralds",32,"Male",1
"15","3","50",14,9,"A sheriff","Emeralds",32,"Male",1
"15","3","50",15,14,"A sheriff","Emeralds",32,"Male",1
"15","3","50",16,9,"A sheriff","Emeralds",32,"Male",1
"15","3","50",17,91,"A sheriff","Emeralds",32,"Male",1
"15","3","50",18,1,"A sheriff","Emeralds",32,"Male",1
"15","3","50",19,0,"A sheriff","Emeralds",32,"Male",1
"15","3","50",20,31,"A sheriff","Emeralds",32,"Male",1
"15","3","50",21,38,"A sheriff","Emeralds",32,"Male",1
"15","3","50",22,29,"A sheriff","Emeralds",32,"Male",1
"15","3","50",23,28,"A sheriff","Emeralds",32,"Male",1
"15","3","50",24,16,"A sheriff","Emeralds",32,"Male",1
"15","3","50",25,1,"A sheriff","Emeralds",32,"Male",1
"15","3","50",26,1,"A sheriff","Emeralds",32,"Male",1
"15","3","50",27,4,"A sheriff","Emeralds",32,"Male",1
"15","3","50",28,4,"A sheriff","Emeralds",32,"Male",1
"15","3","50",29,3,"A sheriff","Emeralds",32,"Male",1
"15","3","50",30,70,"A sheriff","Emeralds",32,"Male",1
"15","3","50",31,5,"A sheriff","Emeralds",32,"Male",1
"15","3","50",32,76,"A sheriff","Emeralds",32,"Male",1
"15","3","50",33,36,"A sheriff","Emeralds",32,"Male",1
"15","3","50",34,17,"A sheriff","Emeralds",32,"Male",1
"15","3","50",35,0,"A sheriff","Emeralds",32,"Male",1
"15","3","50",36,54,"A sheriff","Emeralds",32,"Male",1
"15","3","50",37,7,"A sheriff","Emeralds",32,"Male",1
"15","3","50",38,2,"A sheriff","Emeralds",32,"Male",1
"15","3","50",39,94,"A sheriff","Emeralds",32,"Male",1
"15","3","50",40,47,"A sheriff","Emeralds",32,"Male",1
"15","3","50",41,55,"A sheriff","Emeralds",32,"Male",1
"15","3","50",42,23,"A sheriff","Emeralds",32,"Male",1
"15","3","50",43,41,"A sheriff","Emeralds",32,"Male",1
"15","3","50",44,28,"A sheriff","Emeralds",32,"Male",1
"15","3","50",45,2,"A sheriff","Emeralds",32,"Male",1
"15","3","50",46,60,"A sheriff","Emeralds",32,"Male",1
"15","3","50",47,71,"A sheriff","Emeralds",32,"Male",1
"15","3","50",48,4,"A sheriff","Emeralds",32,"Male",1
"15","3","50",49,2,"A sheriff","Emeralds",32,"Male",1
"15","3","50",50,4,"A sheriff","Emeralds",32,"Male",1
"16","3","49",1,22,"A sheriff","Emeralds",57,"Female",1
"16","3","49",2,62,"A sheriff","Emeralds",57,"Female",1
"16","3","49",3,59,"A sheriff","Emeralds",57,"Female",1
"16","3","49",4,33,"A sheriff","Emeralds",57,"Female",1
"16","3","49",5,29,"A sheriff","Emeralds",57,"Female",1
"16","3","49",6,68,"A sheriff","Emeralds",57,"Female",1
"16","3","49",7,26,"A sheriff","Emeralds",57,"Female",1
"16","3","49",8,24,"A sheriff","Emeralds",57,"Female",1
"16","3","49",9,29,"A sheriff","Emeralds",57,"Female",1
"16","3","49",10,74,"A sheriff","Emeralds",57,"Female",1
"16","3","49",11,33,"A sheriff","Emeralds",57,"Female",1
"16","3","49",12,31,"A sheriff","Emeralds",57,"Female",1
"16","3","49",13,27,"A sheriff","Emeralds",57,"Female",1
"16","3","49",14,66,"A sheriff","Emeralds",57,"Female",1
"16","3","49",15,70,"A sheriff","Emeralds",57,"Female",1
"16","3","49",16,69,"A sheriff","Emeralds",57,"Female",1
"16","3","49",17,68,"A sheriff","Emeralds",57,"Female",1
"16","3","49",18,64,"A sheriff","Emeralds",57,"Female",1
"16","3","49",19,31,"A sheriff","Emeralds",57,"Female",1
"16","3","49",20,63,"A sheriff","Emeralds",57,"Female",1
"16","3","49",21,33,"A sheriff","Emeralds",57,"Female",1
"16","3","49",22,63,"A sheriff","Emeralds",57,"Female",1
"16","3","49",23,69,"A sheriff","Emeralds",57,"Female",1
"16","3","49",24,59,"A sheriff","Emeralds",57,"Female",1
"16","3","49",25,61,"A sheriff","Emeralds",57,"Female",1
"16","3","49",26,54,"A sheriff","Emeralds",57,"Female",1
"16","3","49",27,55,"A sheriff","Emeralds",57,"Female",1
"16","3","49",28,55,"A sheriff","Emeralds",57,"Female",1
"16","3","49",29,33,"A sheriff","Emeralds",57,"Female",1
"16","3","49",30,35,"A sheriff","Emeralds",57,"Female",1
"16","3","49",31,54,"A sheriff","Emeralds",57,"Female",1
"16","3","49",32,54,"A sheriff","Emeralds",57,"Female",1
"16","3","49",33,35,"A sheriff","Emeralds",57,"Female",1
"16","3","49",34,52,"A sheriff","Emeralds",57,"Female",1
"16","3","49",35,52,"A sheriff","Emeralds",57,"Female",1
"16","3","49",36,51,"A sheriff","Emeralds",57,"Female",1
"16","3","49",37,22,"A sheriff","Emeralds",57,"Female",1
"16","3","49",38,15,"A sheriff","Emeralds",57,"Female",1
"16","3","49",39,45,"A sheriff","Emeralds",57,"Female",1
"16","3","49",40,16,"A sheriff","Emeralds",57,"Female",1
"16","3","49",41,17,"A sheriff","Emeralds",57,"Female",1
"16","3","49",42,14,"A sheriff","Emeralds",57,"Female",1
"16","3","49",43,40,"A sheriff","Emeralds",57,"Female",1
"16","3","49",44,32,"A sheriff","Emeralds",57,"Female",1
"16","3","49",45,8,"A sheriff","Emeralds",57,"Female",1
"16","3","49",46,25,"A sheriff","Emeralds",57,"Female",1
"16","3","49",47,10,"A sheriff","Emeralds",57,"Female",1
"16","3","49",48,30,"A sheriff","Emeralds",57,"Female",1
"16","3","49",49,28,"A sheriff","Emeralds",57,"Female",1
"16","3","49",50,29,"A sheriff","Emeralds",57,"Female",1
"17","1","69",1,71,"A bandit","Emeralds",56,"Female",1
"17","1","69",2,68,"A bandit","Emeralds",56,"Female",1
"17","1","69",3,75,"A bandit","Emeralds",56,"Female",1
"17","1","69",4,21,"A bandit","Emeralds",56,"Female",1
"17","1","69",5,27,"A bandit","Emeralds",56,"Female",1
"17","1","69",6,74,"A bandit","Emeralds",56,"Female",1
"17","1","69",7,90,"A bandit","Emeralds",56,"Female",1
"17","1","69",8,13,"A bandit","Emeralds",56,"Female",1
"17","1","69",9,28,"A bandit","Emeralds",56,"Female",1
"17","1","69",10,14,"A bandit","Emeralds",56,"Female",1
"17","1","69",11,78,"A bandit","Emeralds",56,"Female",1
"17","1","69",12,69,"A bandit","Emeralds",56,"Female",1
"17","1","69",13,13,"A bandit","Emeralds",56,"Female",1
"17","1","69",14,19,"A bandit","Emeralds",56,"Female",1
"17","1","69",15,82,"A bandit","Emeralds",56,"Female",1
"17","1","69",16,78,"A bandit","Emeralds",56,"Female",1
"17","1","69",17,33,"A bandit","Emeralds",56,"Female",1
"17","1","69",18,80,"A bandit","Emeralds",56,"Female",1
"17","1","69",19,20,"A bandit","Emeralds",56,"Female",1
"17","1","69",20,25,"A bandit","Emeralds",56,"Female",1
"17","1","69",21,81,"A bandit","Emeralds",56,"Female",1
"17","1","69",22,75,"A bandit","Emeralds",56,"Female",1
"17","1","69",23,34,"A bandit","Emeralds",56,"Female",1
"17","1","69",24,70,"A bandit","Emeralds",56,"Female",1
"17","1","69",25,26,"A bandit","Emeralds",56,"Female",1
"17","1","69",26,85,"A bandit","Emeralds",56,"Female",1
"17","1","69",27,25,"A bandit","Emeralds",56,"Female",1
"17","1","69",28,79,"A bandit","Emeralds",56,"Female",1
"17","1","69",29,81,"A bandit","Emeralds",56,"Female",1
"17","1","69",30,59,"A bandit","Emeralds",56,"Female",1
"17","1","69",31,72,"A bandit","Emeralds",56,"Female",1
"17","1","69",32,74,"A bandit","Emeralds",56,"Female",1
"17","1","69",33,34,"A bandit","Emeralds",56,"Female",1
"17","1","69",34,80,"A bandit","Emeralds",56,"Female",1
"17","1","69",35,65,"A bandit","Emeralds",56,"Female",1
"17","1","69",36,15,"A bandit","Emeralds",56,"Female",1
"17","1","69",37,26,"A bandit","Emeralds",56,"Female",1
"17","1","69",38,76,"A bandit","Emeralds",56,"Female",1
"17","1","69",39,64,"A bandit","Emeralds",56,"Female",1
"17","1","69",40,26,"A bandit","Emeralds",56,"Female",1
"17","1","69",41,34,"A bandit","Emeralds",56,"Female",1
"17","1","69",42,68,"A bandit","Emeralds",56,"Female",1
"17","1","69",43,65,"A bandit","Emeralds",56,"Female",1
"17","1","69",44,73,"A bandit","Emeralds",56,"Female",1
"17","1","69",45,72,"A bandit","Emeralds",56,"Female",1
"17","1","69",46,59,"A bandit","Emeralds",56,"Female",1
"17","1","69",47,72,"A bandit","Emeralds",56,"Female",1
"17","1","69",48,82,"A bandit","Emeralds",56,"Female",1
"17","1","69",49,28,"A bandit","Emeralds",56,"Female",1
"17","1","69",50,8,"A bandit","Emeralds",56,"Female",1
"18","1","4",1,6,"A bandit","Emeralds",33,"Male",1
"18","1","4",2,4,"A bandit","Emeralds",33,"Male",1
"18","1","4",3,91,"A bandit","Emeralds",33,"Male",1
"18","1","4",4,58,"A bandit","Emeralds",33,"Male",1
"18","1","4",5,38,"A bandit","Emeralds",33,"Male",1
"18","1","4",6,5,"A bandit","Emeralds",33,"Male",1
"18","1","4",7,17,"A bandit","Emeralds",33,"Male",1
"18","1","4",8,86,"A bandit","Emeralds",33,"Male",1
"18","1","4",9,82,"A bandit","Emeralds",33,"Male",1
"18","1","4",10,80,"A bandit","Emeralds",33,"Male",1
"18","1","4",11,25,"A bandit","Emeralds",33,"Male",1
"18","1","4",12,16,"A bandit","Emeralds",33,"Male",1
"18","1","4",13,23,"A bandit","Emeralds",33,"Male",1
"18","1","4",14,14,"A bandit","Emeralds",33,"Male",1
"18","1","4",15,11,"A bandit","Emeralds",33,"Male",1
"18","1","4",16,15,"A bandit","Emeralds",33,"Male",1
"18","1","4",17,17,"A bandit","Emeralds",33,"Male",1
"18","1","4",18,10,"A bandit","Emeralds",33,"Male",1
"18","1","4",19,13,"A bandit","Emeralds",33,"Male",1
"18","1","4",20,7,"A bandit","Emeralds",33,"Male",1
"18","1","4",21,2,"A bandit","Emeralds",33,"Male",1
"18","1","4",22,22,"A bandit","Emeralds",33,"Male",1
"18","1","4",23,8,"A bandit","Emeralds",33,"Male",1
"18","1","4",24,0,"A bandit","Emeralds",33,"Male",1
"18","1","4",25,0,"A bandit","Emeralds",33,"Male",1
"18","1","4",26,8,"A bandit","Emeralds",33,"Male",1
"18","1","4",27,17,"A bandit","Emeralds",33,"Male",1
"18","1","4",28,20,"A bandit","Emeralds",33,"Male",1
"18","1","4",29,11,"A bandit","Emeralds",33,"Male",1
"18","1","4",30,4,"A bandit","Emeralds",33,"Male",1
"18","1","4",31,8,"A bandit","Emeralds",33,"Male",1
"18","1","4",32,12,"A bandit","Emeralds",33,"Male",1
"18","1","4",33,9,"A bandit","Emeralds",33,"Male",1
"18","1","4",34,11,"A bandit","Emeralds",33,"Male",1
"18","1","4",35,7,"A bandit","Emeralds",33,"Male",1
"18","1","4",36,13,"A bandit","Emeralds",33,"Male",1
"18","1","4",37,11,"A bandit","Emeralds",33,"Male",1
"18","1","4",38,5,"A bandit","Emeralds",33,"Male",1
"18","1","4",39,10,"A bandit","Emeralds",33,"Male",1
"18","1","4",40,8,"A bandit","Emeralds",33,"Male",1
"18","1","4",41,5,"A bandit","Emeralds",33,"Male",1
"18","1","4",42,7,"A bandit","Emeralds",33,"Male",1
"18","1","4",43,6,"A bandit","Emeralds",33,"Male",1
"18","1","4",44,7,"A bandit","Emeralds",33,"Male",1
"18","1","4",45,1,"A bandit","Emeralds",33,"Male",1
"18","1","4",46,5,"A bandit","Emeralds",33,"Male",1
"18","1","4",47,13,"A bandit","Emeralds",33,"Male",1
"18","1","4",48,7,"A bandit","Emeralds",33,"Male",1
"18","1","4",49,4,"A bandit","Emeralds",33,"Male",1
"18","1","4",50,5,"A bandit","Emeralds",33,"Male",1
"19","1","11",1,13,"A bandit","Emeralds",50,"Male",1
"19","1","11",2,10,"A bandit","Emeralds",50,"Male",1
"19","1","11",3,10,"A bandit","Emeralds",50,"Male",1
"19","1","11",4,13,"A bandit","Emeralds",50,"Male",1
"19","1","11",5,7,"A bandit","Emeralds",50,"Male",1
"19","1","11",6,13,"A bandit","Emeralds",50,"Male",1
"19","1","11",7,12,"A bandit","Emeralds",50,"Male",1
"19","1","11",8,12,"A bandit","Emeralds",50,"Male",1
"19","1","11",9,10,"A bandit","Emeralds",50,"Male",1
"19","1","11",10,12,"A bandit","Emeralds",50,"Male",1
"19","1","11",11,10,"A bandit","Emeralds",50,"Male",1
"19","1","11",12,11,"A bandit","Emeralds",50,"Male",1
"19","1","11",13,13,"A bandit","Emeralds",50,"Male",1
"19","1","11",14,14,"A bandit","Emeralds",50,"Male",1
"19","1","11",15,11,"A bandit","Emeralds",50,"Male",1
"19","1","11",16,9,"A bandit","Emeralds",50,"Male",1
"19","1","11",17,12,"A bandit","Emeralds",50,"Male",1
"19","1","11",18,10,"A bandit","Emeralds",50,"Male",1
"19","1","11",19,12,"A bandit","Emeralds",50,"Male",1
"19","1","11",20,16,"A bandit","Emeralds",50,"Male",1
"19","1","11",21,14,"A bandit","Emeralds",50,"Male",1
"19","1","11",22,18,"A bandit","Emeralds",50,"Male",1
"19","1","11",23,14,"A bandit","Emeralds",50,"Male",1
"19","1","11",24,13,"A bandit","Emeralds",50,"Male",1
"19","1","11",25,14,"A bandit","Emeralds",50,"Male",1
"19","1","11",26,14,"A bandit","Emeralds",50,"Male",1
"19","1","11",27,14,"A bandit","Emeralds",50,"Male",1
"19","1","11",28,15,"A bandit","Emeralds",50,"Male",1
"19","1","11",29,14,"A bandit","Emeralds",50,"Male",1
"19","1","11",30,13,"A bandit","Emeralds",50,"Male",1
"19","1","11",31,11,"A bandit","Emeralds",50,"Male",1
"19","1","11",32,14,"A bandit","Emeralds",50,"Male",1
"19","1","11",33,13,"A bandit","Emeralds",50,"Male",1
"19","1","11",34,14,"A bandit","Emeralds",50,"Male",1
"19","1","11",35,16,"A bandit","Emeralds",50,"Male",1
"19","1","11",36,12,"A bandit","Emeralds",50,"Male",1
"19","1","11",37,14,"A bandit","Emeralds",50,"Male",1
"19","1","11",38,15,"A bandit","Emeralds",50,"Male",1
"19","1","11",39,13,"A bandit","Emeralds",50,"Male",1
"19","1","11",40,14,"A bandit","Emeralds",50,"Male",1
"19","1","11",41,13,"A bandit","Emeralds",50,"Male",1
"19","1","11",42,11,"A bandit","Emeralds",50,"Male",1
"19","1","11",43,15,"A bandit","Emeralds",50,"Male",1
"19","1","11",44,11,"A bandit","Emeralds",50,"Male",1
"19","1","11",45,12,"A bandit","Emeralds",50,"Male",1
"19","1","11",46,14,"A bandit","Emeralds",50,"Male",1
"19","1","11",47,15,"A bandit","Emeralds",50,"Male",1
"19","1","11",48,13,"A bandit","Emeralds",50,"Male",1
"19","1","11",49,12,"A bandit","Emeralds",50,"Male",1
"19","1","11",50,13,"A bandit","Emeralds",50,"Male",1
"20","1","47",1,58,"A bandit","Emeralds",23,"Male",1
"20","1","47",2,3,"A bandit","Emeralds",23,"Male",1
"20","1","47",3,85,"A bandit","Emeralds",23,"Male",1
"20","1","47",4,26,"A bandit","Emeralds",23,"Male",1
"20","1","47",5,57,"A bandit","Emeralds",23,"Male",1
"20","1","47",6,39,"A bandit","Emeralds",23,"Male",1
"20","1","47",7,62,"A bandit","Emeralds",23,"Male",1
"20","1","47",8,26,"A bandit","Emeralds",23,"Male",1
"20","1","47",9,67,"A bandit","Emeralds",23,"Male",1
"20","1","47",10,38,"A bandit","Emeralds",23,"Male",1
"20","1","47",11,67,"A bandit","Emeralds",23,"Male",1
"20","1","47",12,45,"A bandit","Emeralds",23,"Male",1
"20","1","47",13,50,"A bandit","Emeralds",23,"Male",1
"20","1","47",14,26,"A bandit","Emeralds",23,"Male",1
"20","1","47",15,34,"A bandit","Emeralds",23,"Male",1
"20","1","47",16,62,"A bandit","Emeralds",23,"Male",1
"20","1","47",17,71,"A bandit","Emeralds",23,"Male",1
"20","1","47",18,69,"A bandit","Emeralds",23,"Male",1
"20","1","47",19,68,"A bandit","Emeralds",23,"Male",1
"20","1","47",20,68,"A bandit","Emeralds",23,"Male",1
"20","1","47",21,62,"A bandit","Emeralds",23,"Male",1
"20","1","47",22,35,"A bandit","Emeralds",23,"Male",1
"20","1","47",23,56,"A bandit","Emeralds",23,"Male",1
"20","1","47",24,39,"A bandit","Emeralds",23,"Male",1
"20","1","47",25,64,"A bandit","Emeralds",23,"Male",1
"20","1","47",26,38,"A bandit","Emeralds",23,"Male",1
"20","1","47",27,63,"A bandit","Emeralds",23,"Male",1
"20","1","47",28,73,"A bandit","Emeralds",23,"Male",1
"20","1","47",29,20,"A bandit","Emeralds",23,"Male",1
"20","1","47",30,73,"A bandit","Emeralds",23,"Male",1
"20","1","47",31,34,"A bandit","Emeralds",23,"Male",1
"20","1","47",32,65,"A bandit","Emeralds",23,"Male",1
"20","1","47",33,68,"A bandit","Emeralds",23,"Male",1
"20","1","47",34,70,"A bandit","Emeralds",23,"Male",1
"20","1","47",35,38,"A bandit","Emeralds",23,"Male",1
"20","1","47",36,68,"A bandit","Emeralds",23,"Male",1
"20","1","47",37,36,"A bandit","Emeralds",23,"Male",1
"20","1","47",38,64,"A bandit","Emeralds",23,"Male",1
"20","1","47",39,27,"A bandit","Emeralds",23,"Male",1
"20","1","47",40,63,"A bandit","Emeralds",23,"Male",1
"20","1","47",41,53,"A bandit","Emeralds",23,"Male",1
"20","1","47",42,34,"A bandit","Emeralds",23,"Male",1
"20","1","47",43,61,"A bandit","Emeralds",23,"Male",1
"20","1","47",44,50,"A bandit","Emeralds",23,"Male",1
"20","1","47",45,58,"A bandit","Emeralds",23,"Male",1
"20","1","47",46,56,"A bandit","Emeralds",23,"Male",1
"20","1","47",47,11,"A bandit","Emeralds",23,"Male",1
"20","1","47",48,6,"A bandit","Emeralds",23,"Male",1
"20","1","47",49,51,"A bandit","Emeralds",23,"Male",1
"20","1","47",50,22,"A bandit","Emeralds",23,"Male",1
"21","3","5",1,63,"A sheriff","Emeralds",56,"Female",1
"21","3","5",2,68,"A sheriff","Emeralds",56,"Female",1
"21","3","5",3,50,"A sheriff","Emeralds",56,"Female",1
"21","3","5",4,50,"A sheriff","Emeralds",56,"Female",1
"21","3","5",5,50,"A sheriff","Emeralds",56,"Female",1
"21","3","5",6,79,"A sheriff","Emeralds",56,"Female",1
"21","3","5",7,70,"A sheriff","Emeralds",56,"Female",1
"21","3","5",8,50,"A sheriff","Emeralds",56,"Female",1
"21","3","5",9,50,"A sheriff","Emeralds",56,"Female",1
"21","3","5",10,78,"A sheriff","Emeralds",56,"Female",1
"21","3","5",11,50,"A sheriff","Emeralds",56,"Female",1
"21","3","5",12,50,"A sheriff","Emeralds",56,"Female",1
"21","3","5",13,44,"A sheriff","Emeralds",56,"Female",1
"21","3","5",14,30,"A sheriff","Emeralds",56,"Female",1
"21","3","5",15,32,"A sheriff","Emeralds",56,"Female",1
"21","3","5",16,29,"A sheriff","Emeralds",56,"Female",1
"21","3","5",17,32,"A sheriff","Emeralds",56,"Female",1
"21","3","5",18,25,"A sheriff","Emeralds",56,"Female",1
"21","3","5",19,90,"A sheriff","Emeralds",56,"Female",1
"21","3","5",20,83,"A sheriff","Emeralds",56,"Female",1
"21","3","5",21,83,"A sheriff","Emeralds",56,"Female",1
"21","3","5",22,50,"A sheriff","Emeralds",56,"Female",1
"21","3","5",23,72,"A sheriff","Emeralds",56,"Female",1
"21","3","5",24,38,"A sheriff","Emeralds",56,"Female",1
"21","3","5",25,72,"A sheriff","Emeralds",56,"Female",1
"21","3","5",26,81,"A sheriff","Emeralds",56,"Female",1
"21","3","5",27,80,"A sheriff","Emeralds",56,"Female",1
"21","3","5",28,45,"A sheriff","Emeralds",56,"Female",1
"21","3","5",29,67,"A sheriff","Emeralds",56,"Female",1
"21","3","5",30,34,"A sheriff","Emeralds",56,"Female",1
"21","3","5",31,31,"A sheriff","Emeralds",56,"Female",1
"21","3","5",32,39,"A sheriff","Emeralds",56,"Female",1
"21","3","5",33,36,"A sheriff","Emeralds",56,"Female",1
"21","3","5",34,37,"A sheriff","Emeralds",56,"Female",1
"21","3","5",35,22,"A sheriff","Emeralds",56,"Female",1
"21","3","5",36,79,"A sheriff","Emeralds",56,"Female",1
"21","3","5",37,56,"A sheriff","Emeralds",56,"Female",1
"21","3","5",38,77,"A sheriff","Emeralds",56,"Female",1
"21","3","5",39,80,"A sheriff","Emeralds",56,"Female",1
"21","3","5",40,56,"A sheriff","Emeralds",56,"Female",1
"21","3","5",41,50,"A sheriff","Emeralds",56,"Female",1
"21","3","5",42,50,"A sheriff","Emeralds",56,"Female",1
"21","3","5",43,50,"A sheriff","Emeralds",56,"Female",1
"21","3","5",44,50,"A sheriff","Emeralds",56,"Female",1
"21","3","5",45,71,"A sheriff","Emeralds",56,"Female",1
"21","3","5",46,50,"A sheriff","Emeralds",56,"Female",1
"21","3","5",47,50,"A sheriff","Emeralds",56,"Female",1
"21","3","5",48,50,"A sheriff","Emeralds",56,"Female",1
"21","3","5",49,50,"A sheriff","Emeralds",56,"Female",1
"21","3","5",50,50,"A sheriff","Emeralds",56,"Female",1
"22","2","71",1,0,"A tycoon","Emeralds",37,"Male",1
"22","2","71",2,0,"A tycoon","Emeralds",37,"Male",1
"22","2","71",3,72,"A tycoon","Emeralds",37,"Male",1
"22","2","71",4,64,"A tycoon","Emeralds",37,"Male",1
"22","2","71",5,1,"A tycoon","Emeralds",37,"Male",1
"22","2","71",6,0,"A tycoon","Emeralds",37,"Male",1
"22","2","71",7,70,"A tycoon","Emeralds",37,"Male",1
"22","2","71",8,76,"A tycoon","Emeralds",37,"Male",1
"22","2","71",9,76,"A tycoon","Emeralds",37,"Male",1
"22","2","71",10,72,"A tycoon","Emeralds",37,"Male",1
"22","2","71",11,48,"A tycoon","Emeralds",37,"Male",1
"22","2","71",12,29,"A tycoon","Emeralds",37,"Male",1
"22","2","71",13,0,"A tycoon","Emeralds",37,"Male",1
"22","2","71",14,43,"A tycoon","Emeralds",37,"Male",1
"22","2","71",15,30,"A tycoon","Emeralds",37,"Male",1
"22","2","71",16,9,"A tycoon","Emeralds",37,"Male",1
"22","2","71",17,19,"A tycoon","Emeralds",37,"Male",1
"22","2","71",18,7,"A tycoon","Emeralds",37,"Male",1
"22","2","71",19,2,"A tycoon","Emeralds",37,"Male",1
"22","2","71",20,9,"A tycoon","Emeralds",37,"Male",1
"22","2","71",21,2,"A tycoon","Emeralds",37,"Male",1
"22","2","71",22,4,"A tycoon","Emeralds",37,"Male",1
"22","2","71",23,12,"A tycoon","Emeralds",37,"Male",1
"22","2","71",24,7,"A tycoon","Emeralds",37,"Male",1
"22","2","71",25,1,"A tycoon","Emeralds",37,"Male",1
"22","2","71",26,5,"A tycoon","Emeralds",37,"Male",1
"22","2","71",27,0,"A tycoon","Emeralds",37,"Male",1
"22","2","71",28,9,"A tycoon","Emeralds",37,"Male",1
"22","2","71",29,0,"A tycoon","Emeralds",37,"Male",1
"22","2","71",30,7,"A tycoon","Emeralds",37,"Male",1
"22","2","71",31,0,"A tycoon","Emeralds",37,"Male",1
"22","2","71",32,8,"A tycoon","Emeralds",37,"Male",1
"22","2","71",33,4,"A tycoon","Emeralds",37,"Male",1
"22","2","71",34,4,"A tycoon","Emeralds",37,"Male",1
"22","2","71",35,3,"A tycoon","Emeralds",37,"Male",1
"22","2","71",36,5,"A tycoon","Emeralds",37,"Male",1
"22","2","71",37,5,"A tycoon","Emeralds",37,"Male",1
"22","2","71",38,7,"A tycoon","Emeralds",37,"Male",1
"22","2","71",39,3,"A tycoon","Emeralds",37,"Male",1
"22","2","71",40,3,"A tycoon","Emeralds",37,"Male",1
"22","2","71",41,2,"A tycoon","Emeralds",37,"Male",1
"22","2","71",42,0,"A tycoon","Emeralds",37,"Male",1
"22","2","71",43,4,"A tycoon","Emeralds",37,"Male",1
"22","2","71",44,4,"A tycoon","Emeralds",37,"Male",1
"22","2","71",45,2,"A tycoon","Emeralds",37,"Male",1
"22","2","71",46,4,"A tycoon","Emeralds",37,"Male",1
"22","2","71",47,5,"A tycoon","Emeralds",37,"Male",1
"22","2","71",48,2,"A tycoon","Emeralds",37,"Male",1
"22","2","71",49,1,"A tycoon","Emeralds",37,"Male",1
"22","2","71",50,2,"A tycoon","Emeralds",37,"Male",1
"23","1","57",1,68,"A bandit","Emeralds",28,"Female",1
"23","1","57",2,90,"A bandit","Emeralds",28,"Female",1
"23","1","57",3,38,"A bandit","Emeralds",28,"Female",1
"23","1","57",4,68,"A bandit","Emeralds",28,"Female",1
"23","1","57",5,62,"A bandit","Emeralds",28,"Female",1
"23","1","57",6,70,"A bandit","Emeralds",28,"Female",1
"23","1","57",7,76,"A bandit","Emeralds",28,"Female",1
"23","1","57",8,61,"A bandit","Emeralds",28,"Female",1
"23","1","57",9,76,"A bandit","Emeralds",28,"Female",1
"23","1","57",10,70,"A bandit","Emeralds",28,"Female",1
"23","1","57",11,70,"A bandit","Emeralds",28,"Female",1
"23","1","57",12,72,"A bandit","Emeralds",28,"Female",1
"23","1","57",13,73,"A bandit","Emeralds",28,"Female",1
"23","1","57",14,72,"A bandit","Emeralds",28,"Female",1
"23","1","57",15,88,"A bandit","Emeralds",28,"Female",1
"23","1","57",16,82,"A bandit","Emeralds",28,"Female",1
"23","1","57",17,63,"A bandit","Emeralds",28,"Female",1
"23","1","57",18,75,"A bandit","Emeralds",28,"Female",1
"23","1","57",19,65,"A bandit","Emeralds",28,"Female",1
"23","1","57",20,63,"A bandit","Emeralds",28,"Female",1
"23","1","57",21,76,"A bandit","Emeralds",28,"Female",1
"23","1","57",22,66,"A bandit","Emeralds",28,"Female",1
"23","1","57",23,71,"A bandit","Emeralds",28,"Female",1
"23","1","57",24,79,"A bandit","Emeralds",28,"Female",1
"23","1","57",25,76,"A bandit","Emeralds",28,"Female",1
"23","1","57",26,86,"A bandit","Emeralds",28,"Female",1
"23","1","57",27,61,"A bandit","Emeralds",28,"Female",1
"23","1","57",28,58,"A bandit","Emeralds",28,"Female",1
"23","1","57",29,54,"A bandit","Emeralds",28,"Female",1
"23","1","57",30,79,"A bandit","Emeralds",28,"Female",1
"23","1","57",31,63,"A bandit","Emeralds",28,"Female",1
"23","1","57",32,57,"A bandit","Emeralds",28,"Female",1
"23","1","57",33,65,"A bandit","Emeralds",28,"Female",1
"23","1","57",34,73,"A bandit","Emeralds",28,"Female",1
"23","1","57",35,58,"A bandit","Emeralds",28,"Female",1
"23","1","57",36,52,"A bandit","Emeralds",28,"Female",1
"23","1","57",37,56,"A bandit","Emeralds",28,"Female",1
"23","1","57",38,57,"A bandit","Emeralds",28,"Female",1
"23","1","57",39,67,"A bandit","Emeralds",28,"Female",1
"23","1","57",40,71,"A bandit","Emeralds",28,"Female",1
"23","1","57",41,70,"A bandit","Emeralds",28,"Female",1
"23","1","57",42,59,"A bandit","Emeralds",28,"Female",1
"23","1","57",43,55,"A bandit","Emeralds",28,"Female",1
"23","1","57",44,69,"A bandit","Emeralds",28,"Female",1
"23","1","57",45,69,"A bandit","Emeralds",28,"Female",1
"23","1","57",46,74,"A bandit","Emeralds",28,"Female",1
"23","1","57",47,74,"A bandit","Emeralds",28,"Female",1
"23","1","57",48,34,"A bandit","Emeralds",28,"Female",1
"23","1","57",49,63,"A bandit","Emeralds",28,"Female",1
"23","1","57",50,76,"A bandit","Emeralds",28,"Female",1
"24","1","65",1,79,"A bandit","Emeralds",33,"Male",1
"24","1","65",2,0,"A bandit","Emeralds",33,"Male",1
"24","1","65",3,0,"A bandit","Emeralds",33,"Male",1
"24","1","65",4,79,"A bandit","Emeralds",33,"Male",1
"24","1","65",5,0,"A bandit","Emeralds",33,"Male",1
"24","1","65",6,63,"A bandit","Emeralds",33,"Male",1
"24","1","65",7,73,"A bandit","Emeralds",33,"Male",1
"24","1","65",8,0,"A bandit","Emeralds",33,"Male",1
"24","1","65",9,78,"A bandit","Emeralds",33,"Male",1
"24","1","65",10,0,"A bandit","Emeralds",33,"Male",1
"24","1","65",11,75,"A bandit","Emeralds",33,"Male",1
"24","1","65",12,79,"A bandit","Emeralds",33,"Male",1
"24","1","65",13,75,"A bandit","Emeralds",33,"Male",1
"24","1","65",14,25,"A bandit","Emeralds",33,"Male",1
"24","1","65",15,0,"A bandit","Emeralds",33,"Male",1
"24","1","65",16,0,"A bandit","Emeralds",33,"Male",1
"24","1","65",17,74,"A bandit","Emeralds",33,"Male",1
"24","1","65",18,0,"A bandit","Emeralds",33,"Male",1
"24","1","65",19,71,"A bandit","Emeralds",33,"Male",1
"24","1","65",20,70,"A bandit","Emeralds",33,"Male",1
"24","1","65",21,24,"A bandit","Emeralds",33,"Male",1
"24","1","65",22,23,"A bandit","Emeralds",33,"Male",1
"24","1","65",23,0,"A bandit","Emeralds",33,"Male",1
"24","1","65",24,25,"A bandit","Emeralds",33,"Male",1
"24","1","65",25,0,"A bandit","Emeralds",33,"Male",1
"24","1","65",26,0,"A bandit","Emeralds",33,"Male",1
"24","1","65",27,0,"A bandit","Emeralds",33,"Male",1
"24","1","65",28,0,"A bandit","Emeralds",33,"Male",1
"24","1","65",29,0,"A bandit","Emeralds",33,"Male",1
"24","1","65",30,0,"A bandit","Emeralds",33,"Male",1
"24","1","65",31,0,"A bandit","Emeralds",33,"Male",1
"24","1","65",32,0,"A bandit","Emeralds",33,"Male",1
"24","1","65",33,0,"A bandit","Emeralds",33,"Male",1
"24","1","65",34,0,"A bandit","Emeralds",33,"Male",1
"24","1","65",35,0,"A bandit","Emeralds",33,"Male",1
"24","1","65",36,0,"A bandit","Emeralds",33,"Male",1
"24","1","65",37,0,"A bandit","Emeralds",33,"Male",1
"24","1","65",38,0,"A bandit","Emeralds",33,"Male",1
"24","1","65",39,0,"A bandit","Emeralds",33,"Male",1
"24","1","65",40,0,"A bandit","Emeralds",33,"Male",1
"24","1","65",41,0,"A bandit","Emeralds",33,"Male",1
"24","1","65",42,0,"A bandit","Emeralds",33,"Male",1
"24","1","65",43,0,"A bandit","Emeralds",33,"Male",1
"24","1","65",44,0,"A bandit","Emeralds",33,"Male",1
"24","1","65",45,0,"A bandit","Emeralds",33,"Male",1
"24","1","65",46,0,"A bandit","Emeralds",33,"Male",1
"24","1","65",47,0,"A bandit","Emeralds",33,"Male",1
"24","1","65",48,0,"A bandit","Emeralds",33,"Male",1
"24","1","65",49,0,"A bandit","Emeralds",33,"Male",1
"24","1","65",50,0,"A bandit","Emeralds",33,"Male",1
"25","2","15",1,0,"A tycoon","Emeralds",37,"Female",1
"25","2","15",2,100,"A tycoon","Emeralds",37,"Female",1
"25","2","15",3,0,"A tycoon","Emeralds",37,"Female",1
"25","2","15",4,0,"A tycoon","Emeralds",37,"Female",1
"25","2","15",5,100,"A tycoon","Emeralds",37,"Female",1
"25","2","15",6,100,"A tycoon","Emeralds",37,"Female",1
"25","2","15",7,100,"A tycoon","Emeralds",37,"Female",1
"25","2","15",8,0,"A tycoon","Emeralds",37,"Female",1
"25","2","15",9,100,"A tycoon","Emeralds",37,"Female",1
"25","2","15",10,0,"A tycoon","Emeralds",37,"Female",1
"25","2","15",11,100,"A tycoon","Emeralds",37,"Female",1
"25","2","15",12,100,"A tycoon","Emeralds",37,"Female",1
"25","2","15",13,100,"A tycoon","Emeralds",37,"Female",1
"25","2","15",14,100,"A tycoon","Emeralds",37,"Female",1
"25","2","15",15,100,"A tycoon","Emeralds",37,"Female",1
"25","2","15",16,100,"A tycoon","Emeralds",37,"Female",1
"25","2","15",17,100,"A tycoon","Emeralds",37,"Female",1
"25","2","15",18,100,"A tycoon","Emeralds",37,"Female",1
"25","2","15",19,0,"A tycoon","Emeralds",37,"Female",1
"25","2","15",20,0,"A tycoon","Emeralds",37,"Female",1
"25","2","15",21,100,"A tycoon","Emeralds",37,"Female",1
"25","2","15",22,0,"A tycoon","Emeralds",37,"Female",1
"25","2","15",23,100,"A tycoon","Emeralds",37,"Female",1
"25","2","15",24,100,"A tycoon","Emeralds",37,"Female",1
"25","2","15",25,100,"A tycoon","Emeralds",37,"Female",1
"25","2","15",26,100,"A tycoon","Emeralds",37,"Female",1
"25","2","15",27,100,"A tycoon","Emeralds",37,"Female",1
"25","2","15",28,0,"A tycoon","Emeralds",37,"Female",1
"25","2","15",29,100,"A tycoon","Emeralds",37,"Female",1
"25","2","15",30,0,"A tycoon","Emeralds",37,"Female",1
"25","2","15",31,0,"A tycoon","Emeralds",37,"Female",1
"25","2","15",32,100,"A tycoon","Emeralds",37,"Female",1
"25","2","15",33,100,"A tycoon","Emeralds",37,"Female",1
"25","2","15",34,0,"A tycoon","Emeralds",37,"Female",1
"25","2","15",35,100,"A tycoon","Emeralds",37,"Female",1
"25","2","15",36,100,"A tycoon","Emeralds",37,"Female",1
"25","2","15",37,100,"A tycoon","Emeralds",37,"Female",1
"25","2","15",38,100,"A tycoon","Emeralds",37,"Female",1
"25","2","15",39,0,"A tycoon","Emeralds",37,"Female",1
"25","2","15",40,0,"A tycoon","Emeralds",37,"Female",1
"25","2","15",41,100,"A tycoon","Emeralds",37,"Female",1
"25","2","15",42,100,"A tycoon","Emeralds",37,"Female",1
"25","2","15",43,100,"A tycoon","Emeralds",37,"Female",1
"25","2","15",44,100,"A tycoon","Emeralds",37,"Female",1
"25","2","15",45,0,"A tycoon","Emeralds",37,"Female",1
"25","2","15",46,100,"A tycoon","Emeralds",37,"Female",1
"25","2","15",47,100,"A tycoon","Emeralds",37,"Female",1
"25","2","15",48,100,"A tycoon","Emeralds",37,"Female",1
"25","2","15",49,100,"A tycoon","Emeralds",37,"Female",1
"25","2","15",50,100,"A tycoon","Emeralds",37,"Female",1
"26","1","17",1,45,"A bandit","Emeralds",38,"Male",1
"26","1","17",2,37,"A bandit","Emeralds",38,"Male",1
"26","1","17",3,28,"A bandit","Emeralds",38,"Male",1
"26","1","17",4,100,"A bandit","Emeralds",38,"Male",1
"26","1","17",5,18,"A bandit","Emeralds",38,"Male",1
"26","1","17",6,100,"A bandit","Emeralds",38,"Male",1
"26","1","17",7,100,"A bandit","Emeralds",38,"Male",1
"26","1","17",8,0,"A bandit","Emeralds",38,"Male",1
"26","1","17",9,0,"A bandit","Emeralds",38,"Male",1
"26","1","17",10,55,"A bandit","Emeralds",38,"Male",1
"26","1","17",11,0,"A bandit","Emeralds",38,"Male",1
"26","1","17",12,0,"A bandit","Emeralds",38,"Male",1
"26","1","17",13,0,"A bandit","Emeralds",38,"Male",1
"26","1","17",14,0,"A bandit","Emeralds",38,"Male",1
"26","1","17",15,0,"A bandit","Emeralds",38,"Male",1
"26","1","17",16,0,"A bandit","Emeralds",38,"Male",1
"26","1","17",17,0,"A bandit","Emeralds",38,"Male",1
"26","1","17",18,67,"A bandit","Emeralds",38,"Male",1
"26","1","17",19,57,"A bandit","Emeralds",38,"Male",1
"26","1","17",20,60,"A bandit","Emeralds",38,"Male",1
"26","1","17",21,0,"A bandit","Emeralds",38,"Male",1
"26","1","17",22,0,"A bandit","Emeralds",38,"Male",1
"26","1","17",23,72,"A bandit","Emeralds",38,"Male",1
"26","1","17",24,0,"A bandit","Emeralds",38,"Male",1
"26","1","17",25,62,"A bandit","Emeralds",38,"Male",1
"26","1","17",26,0,"A bandit","Emeralds",38,"Male",1
"26","1","17",27,0,"A bandit","Emeralds",38,"Male",1
"26","1","17",28,54,"A bandit","Emeralds",38,"Male",1
"26","1","17",29,64,"A bandit","Emeralds",38,"Male",1
"26","1","17",30,61,"A bandit","Emeralds",38,"Male",1
"26","1","17",31,69,"A bandit","Emeralds",38,"Male",1
"26","1","17",32,0,"A bandit","Emeralds",38,"Male",1
"26","1","17",33,0,"A bandit","Emeralds",38,"Male",1
"26","1","17",34,0,"A bandit","Emeralds",38,"Male",1
"26","1","17",35,56,"A bandit","Emeralds",38,"Male",1
"26","1","17",36,0,"A bandit","Emeralds",38,"Male",1
"26","1","17",37,65,"A bandit","Emeralds",38,"Male",1
"26","1","17",38,0,"A bandit","Emeralds",38,"Male",1
"26","1","17",39,0,"A bandit","Emeralds",38,"Male",1
"26","1","17",40,76,"A bandit","Emeralds",38,"Male",1
"26","1","17",41,0,"A bandit","Emeralds",38,"Male",1
"26","1","17",42,61,"A bandit","Emeralds",38,"Male",1
"26","1","17",43,64,"A bandit","Emeralds",38,"Male",1
"26","1","17",44,0,"A bandit","Emeralds",38,"Male",1
"26","1","17",45,0,"A bandit","Emeralds",38,"Male",1
"26","1","17",46,0,"A bandit","Emeralds",38,"Male",1
"26","1","17",47,0,"A bandit","Emeralds",38,"Male",1
"26","1","17",48,0,"A bandit","Emeralds",38,"Male",1
"26","1","17",49,64,"A bandit","Emeralds",38,"Male",1
"26","1","17",50,69,"A bandit","Emeralds",38,"Male",1
"27","3","72",1,63,"A sheriff","Emeralds",52,"Female",1
"27","3","72",2,55,"A sheriff","Emeralds",52,"Female",1
"27","3","72",3,1,"A sheriff","Emeralds",52,"Female",1
"27","3","72",4,0,"A sheriff","Emeralds",52,"Female",1
"27","3","72",5,47,"A sheriff","Emeralds",52,"Female",1
"27","3","72",6,0,"A sheriff","Emeralds",52,"Female",1
"27","3","72",7,36,"A sheriff","Emeralds",52,"Female",1
"27","3","72",8,0,"A sheriff","Emeralds",52,"Female",1
"27","3","72",9,0,"A sheriff","Emeralds",52,"Female",1
"27","3","72",10,0,"A sheriff","Emeralds",52,"Female",1
"27","3","72",11,0,"A sheriff","Emeralds",52,"Female",1
"27","3","72",12,18,"A sheriff","Emeralds",52,"Female",1
"27","3","72",13,0,"A sheriff","Emeralds",52,"Female",1
"27","3","72",14,0,"A sheriff","Emeralds",52,"Female",1
"27","3","72",15,26,"A sheriff","Emeralds",52,"Female",1
"27","3","72",16,26,"A sheriff","Emeralds",52,"Female",1
"27","3","72",17,0,"A sheriff","Emeralds",52,"Female",1
"27","3","72",18,0,"A sheriff","Emeralds",52,"Female",1
"27","3","72",19,0,"A sheriff","Emeralds",52,"Female",1
"27","3","72",20,14,"A sheriff","Emeralds",52,"Female",1
"27","3","72",21,15,"A sheriff","Emeralds",52,"Female",1
"27","3","72",22,17,"A sheriff","Emeralds",52,"Female",1
"27","3","72",23,0,"A sheriff","Emeralds",52,"Female",1
"27","3","72",24,15,"A sheriff","Emeralds",52,"Female",1
"27","3","72",25,0,"A sheriff","Emeralds",52,"Female",1
"27","3","72",26,16,"A sheriff","Emeralds",52,"Female",1
"27","3","72",27,0,"A sheriff","Emeralds",52,"Female",1
"27","3","72",28,0,"A sheriff","Emeralds",52,"Female",1
"27","3","72",29,15,"A sheriff","Emeralds",52,"Female",1
"27","3","72",30,13,"A sheriff","Emeralds",52,"Female",1
"27","3","72",31,0,"A sheriff","Emeralds",52,"Female",1
"27","3","72",32,13,"A sheriff","Emeralds",52,"Female",1
"27","3","72",33,0,"A sheriff","Emeralds",52,"Female",1
"27","3","72",34,0,"A sheriff","Emeralds",52,"Female",1
"27","3","72",35,0,"A sheriff","Emeralds",52,"Female",1
"27","3","72",36,0,"A sheriff","Emeralds",52,"Female",1
"27","3","72",37,0,"A sheriff","Emeralds",52,"Female",1
"27","3","72",38,0,"A sheriff","Emeralds",52,"Female",1
"27","3","72",39,4,"A sheriff","Emeralds",52,"Female",1
"27","3","72",40,0,"A sheriff","Emeralds",52,"Female",1
"27","3","72",41,4,"A sheriff","Emeralds",52,"Female",1
"27","3","72",42,46,"A sheriff","Emeralds",52,"Female",1
"27","3","72",43,0,"A sheriff","Emeralds",52,"Female",1
"27","3","72",44,14,"A sheriff","Emeralds",52,"Female",1
"27","3","72",45,0,"A sheriff","Emeralds",52,"Female",1
"27","3","72",46,6,"A sheriff","Emeralds",52,"Female",1
"27","3","72",47,5,"A sheriff","Emeralds",52,"Female",1
"27","3","72",48,0,"A sheriff","Emeralds",52,"Female",1
"27","3","72",49,0,"A sheriff","Emeralds",52,"Female",1
"27","3","72",50,0,"A sheriff","Emeralds",52,"Female",1
"28","3","20",1,16,"A sheriff","Emeralds",63,"Female",1
"28","3","20",2,20,"A sheriff","Emeralds",63,"Female",1
"28","3","20",3,72,"A sheriff","Emeralds",63,"Female",1
"28","3","20",4,69,"A sheriff","Emeralds",63,"Female",1
"28","3","20",5,62,"A sheriff","Emeralds",63,"Female",1
"28","3","20",6,71,"A sheriff","Emeralds",63,"Female",1
"28","3","20",7,35,"A sheriff","Emeralds",63,"Female",1
"28","3","20",8,40,"A sheriff","Emeralds",63,"Female",1
"28","3","20",9,45,"A sheriff","Emeralds",63,"Female",1
"28","3","20",10,68,"A sheriff","Emeralds",63,"Female",1
"28","3","20",11,61,"A sheriff","Emeralds",63,"Female",1
"28","3","20",12,38,"A sheriff","Emeralds",63,"Female",1
"28","3","20",13,38,"A sheriff","Emeralds",63,"Female",1
"28","3","20",14,36,"A sheriff","Emeralds",63,"Female",1
"28","3","20",15,42,"A sheriff","Emeralds",63,"Female",1
"28","3","20",16,42,"A sheriff","Emeralds",63,"Female",1
"28","3","20",17,33,"A sheriff","Emeralds",63,"Female",1
"28","3","20",18,33,"A sheriff","Emeralds",63,"Female",1
"28","3","20",19,39,"A sheriff","Emeralds",63,"Female",1
"28","3","20",20,40,"A sheriff","Emeralds",63,"Female",1
"28","3","20",21,63,"A sheriff","Emeralds",63,"Female",1
"28","3","20",22,37,"A sheriff","Emeralds",63,"Female",1
"28","3","20",23,40,"A sheriff","Emeralds",63,"Female",1
"28","3","20",24,39,"A sheriff","Emeralds",63,"Female",1
"28","3","20",25,31,"A sheriff","Emeralds",63,"Female",1
"28","3","20",26,37,"A sheriff","Emeralds",63,"Female",1
"28","3","20",27,34,"A sheriff","Emeralds",63,"Female",1
"28","3","20",28,34,"A sheriff","Emeralds",63,"Female",1
"28","3","20",29,37,"A sheriff","Emeralds",63,"Female",1
"28","3","20",30,34,"A sheriff","Emeralds",63,"Female",1
"28","3","20",31,31,"A sheriff","Emeralds",63,"Female",1
"28","3","20",32,59,"A sheriff","Emeralds",63,"Female",1
"28","3","20",33,39,"A sheriff","Emeralds",63,"Female",1
"28","3","20",34,37,"A sheriff","Emeralds",63,"Female",1
"28","3","20",35,30,"A sheriff","Emeralds",63,"Female",1
"28","3","20",36,38,"A sheriff","Emeralds",63,"Female",1
"28","3","20",37,33,"A sheriff","Emeralds",63,"Female",1
"28","3","20",38,30,"A sheriff","Emeralds",63,"Female",1
"28","3","20",39,26,"A sheriff","Emeralds",63,"Female",1
"28","3","20",40,33,"A sheriff","Emeralds",63,"Female",1
"28","3","20",41,29,"A sheriff","Emeralds",63,"Female",1
"28","3","20",42,29,"A sheriff","Emeralds",63,"Female",1
"28","3","20",43,22,"A sheriff","Emeralds",63,"Female",1
"28","3","20",44,15,"A sheriff","Emeralds",63,"Female",1
"28","3","20",45,26,"A sheriff","Emeralds",63,"Female",1
"28","3","20",46,22,"A sheriff","Emeralds",63,"Female",1
"28","3","20",47,8,"A sheriff","Emeralds",63,"Female",1
"28","3","20",48,16,"A sheriff","Emeralds",63,"Female",1
"28","3","20",49,5,"A sheriff","Emeralds",63,"Female",1
"28","3","20",50,18,"A sheriff","Emeralds",63,"Female",1
"29","2","67",1,69,"A tycoon","Emeralds",22,"Male",1
"29","2","67",2,67,"A tycoon","Emeralds",22,"Male",1
"29","2","67",3,75,"A tycoon","Emeralds",22,"Male",1
"29","2","67",4,78,"A tycoon","Emeralds",22,"Male",1
"29","2","67",5,91,"A tycoon","Emeralds",22,"Male",1
"29","2","67",6,32,"A tycoon","Emeralds",22,"Male",1
"29","2","67",7,68,"A tycoon","Emeralds",22,"Male",1
"29","2","67",8,88,"A tycoon","Emeralds",22,"Male",1
"29","2","67",9,20,"A tycoon","Emeralds",22,"Male",1
"29","2","67",10,70,"A tycoon","Emeralds",22,"Male",1
"29","2","67",11,77,"A tycoon","Emeralds",22,"Male",1
"29","2","67",12,64,"A tycoon","Emeralds",22,"Male",1
"29","2","67",13,87,"A tycoon","Emeralds",22,"Male",1
"29","2","67",14,65,"A tycoon","Emeralds",22,"Male",1
"29","2","67",15,6,"A tycoon","Emeralds",22,"Male",1
"29","2","67",16,24,"A tycoon","Emeralds",22,"Male",1
"29","2","67",17,22,"A tycoon","Emeralds",22,"Male",1
"29","2","67",18,81,"A tycoon","Emeralds",22,"Male",1
"29","2","67",19,77,"A tycoon","Emeralds",22,"Male",1
"29","2","67",20,78,"A tycoon","Emeralds",22,"Male",1
"29","2","67",21,87,"A tycoon","Emeralds",22,"Male",1
"29","2","67",22,71,"A tycoon","Emeralds",22,"Male",1
"29","2","67",23,25,"A tycoon","Emeralds",22,"Male",1
"29","2","67",24,24,"A tycoon","Emeralds",22,"Male",1
"29","2","67",25,20,"A tycoon","Emeralds",22,"Male",1
"29","2","67",26,18,"A tycoon","Emeralds",22,"Male",1
"29","2","67",27,68,"A tycoon","Emeralds",22,"Male",1
"29","2","67",28,70,"A tycoon","Emeralds",22,"Male",1
"29","2","67",29,81,"A tycoon","Emeralds",22,"Male",1
"29","2","67",30,72,"A tycoon","Emeralds",22,"Male",1
"29","2","67",31,85,"A tycoon","Emeralds",22,"Male",1
"29","2","67",32,72,"A tycoon","Emeralds",22,"Male",1
"29","2","67",33,8,"A tycoon","Emeralds",22,"Male",1
"29","2","67",34,80,"A tycoon","Emeralds",22,"Male",1
"29","2","67",35,73,"A tycoon","Emeralds",22,"Male",1
"29","2","67",36,44,"A tycoon","Emeralds",22,"Male",1
"29","2","67",37,75,"A tycoon","Emeralds",22,"Male",1
"29","2","67",38,79,"A tycoon","Emeralds",22,"Male",1
"29","2","67",39,77,"A tycoon","Emeralds",22,"Male",1
"29","2","67",40,17,"A tycoon","Emeralds",22,"Male",1
"29","2","67",41,79,"A tycoon","Emeralds",22,"Male",1
"29","2","67",42,23,"A tycoon","Emeralds",22,"Male",1
"29","2","67",43,24,"A tycoon","Emeralds",22,"Male",1
"29","2","67",44,74,"A tycoon","Emeralds",22,"Male",1
"29","2","67",45,78,"A tycoon","Emeralds",22,"Male",1
"29","2","67",46,73,"A tycoon","Emeralds",22,"Male",1
"29","2","67",47,18,"A tycoon","Emeralds",22,"Male",1
"29","2","67",48,81,"A tycoon","Emeralds",22,"Male",1
"29","2","67",49,75,"A tycoon","Emeralds",22,"Male",1
"29","2","67",50,89,"A tycoon","Emeralds",22,"Male",1
"30","1","12",1,0,"A bandit","Emeralds",30,"Male",1
"30","1","12",2,0,"A bandit","Emeralds",30,"Male",1
"30","1","12",3,0,"A bandit","Emeralds",30,"Male",1
"30","1","12",4,0,"A bandit","Emeralds",30,"Male",1
"30","1","12",5,59,"A bandit","Emeralds",30,"Male",1
"30","1","12",6,58,"A bandit","Emeralds",30,"Male",1
"30","1","12",7,58,"A bandit","Emeralds",30,"Male",1
"30","1","12",8,63,"A bandit","Emeralds",30,"Male",1
"30","1","12",9,66,"A bandit","Emeralds",30,"Male",1
"30","1","12",10,68,"A bandit","Emeralds",30,"Male",1
"30","1","12",11,68,"A bandit","Emeralds",30,"Male",1
"30","1","12",12,72,"A bandit","Emeralds",30,"Male",1
"30","1","12",13,57,"A bandit","Emeralds",30,"Male",1
"30","1","12",14,64,"A bandit","Emeralds",30,"Male",1
"30","1","12",15,63,"A bandit","Emeralds",30,"Male",1
"30","1","12",16,73,"A bandit","Emeralds",30,"Male",1
"30","1","12",17,69,"A bandit","Emeralds",30,"Male",1
"30","1","12",18,68,"A bandit","Emeralds",30,"Male",1
"30","1","12",19,68,"A bandit","Emeralds",30,"Male",1
"30","1","12",20,73,"A bandit","Emeralds",30,"Male",1
"30","1","12",21,68,"A bandit","Emeralds",30,"Male",1
"30","1","12",22,76,"A bandit","Emeralds",30,"Male",1
"30","1","12",23,68,"A bandit","Emeralds",30,"Male",1
"30","1","12",24,72,"A bandit","Emeralds",30,"Male",1
"30","1","12",25,71,"A bandit","Emeralds",30,"Male",1
"30","1","12",26,69,"A bandit","Emeralds",30,"Male",1
"30","1","12",27,65,"A bandit","Emeralds",30,"Male",1
"30","1","12",28,71,"A bandit","Emeralds",30,"Male",1
"30","1","12",29,70,"A bandit","Emeralds",30,"Male",1
"30","1","12",30,73,"A bandit","Emeralds",30,"Male",1
"30","1","12",31,70,"A bandit","Emeralds",30,"Male",1
"30","1","12",32,70,"A bandit","Emeralds",30,"Male",1
"30","1","12",33,73,"A bandit","Emeralds",30,"Male",1
"30","1","12",34,70,"A bandit","Emeralds",30,"Male",1
"30","1","12",35,68,"A bandit","Emeralds",30,"Male",1
"30","1","12",36,72,"A bandit","Emeralds",30,"Male",1
"30","1","12",37,68,"A bandit","Emeralds",30,"Male",1
"30","1","12",38,70,"A bandit","Emeralds",30,"Male",1
"30","1","12",39,71,"A bandit","Emeralds",30,"Male",1
"30","1","12",40,71,"A bandit","Emeralds",30,"Male",1
"30","1","12",41,69,"A bandit","Emeralds",30,"Male",1
"30","1","12",42,74,"A bandit","Emeralds",30,"Male",1
"30","1","12",43,70,"A bandit","Emeralds",30,"Male",1
"30","1","12",44,72,"A bandit","Emeralds",30,"Male",1
"30","1","12",45,73,"A bandit","Emeralds",30,"Male",1
"30","1","12",46,69,"A bandit","Emeralds",30,"Male",1
"30","1","12",47,70,"A bandit","Emeralds",30,"Male",1
"30","1","12",48,72,"A bandit","Emeralds",30,"Male",1
"30","1","12",49,71,"A bandit","Emeralds",30,"Male",1
"30","1","12",50,69,"A bandit","Emeralds",30,"Male",1
"31","2","31",1,65,"A tycoon","Emeralds",32,"Male",1
"31","2","31",2,64,"A tycoon","Emeralds",32,"Male",1
"31","2","31",3,56,"A tycoon","Emeralds",32,"Male",1
"31","2","31",4,35,"A tycoon","Emeralds",32,"Male",1
"31","2","31",5,24,"A tycoon","Emeralds",32,"Male",1
"31","2","31",6,29,"A tycoon","Emeralds",32,"Male",1
"31","2","31",7,58,"A tycoon","Emeralds",32,"Male",1
"31","2","31",8,68,"A tycoon","Emeralds",32,"Male",1
"31","2","31",9,47,"A tycoon","Emeralds",32,"Male",1
"31","2","31",10,18,"A tycoon","Emeralds",32,"Male",1
"31","2","31",11,23,"A tycoon","Emeralds",32,"Male",1
"31","2","31",12,28,"A tycoon","Emeralds",32,"Male",1
"31","2","31",13,24,"A tycoon","Emeralds",32,"Male",1
"31","2","31",14,20,"A tycoon","Emeralds",32,"Male",1
"31","2","31",15,20,"A tycoon","Emeralds",32,"Male",1
"31","2","31",16,22,"A tycoon","Emeralds",32,"Male",1
"31","2","31",17,25,"A tycoon","Emeralds",32,"Male",1
"31","2","31",18,24,"A tycoon","Emeralds",32,"Male",1
"31","2","31",19,23,"A tycoon","Emeralds",32,"Male",1
"31","2","31",20,23,"A tycoon","Emeralds",32,"Male",1
"31","2","31",21,27,"A tycoon","Emeralds",32,"Male",1
"31","2","31",22,0,"A tycoon","Emeralds",32,"Male",1
"31","2","31",23,0,"A tycoon","Emeralds",32,"Male",1
"31","2","31",24,0,"A tycoon","Emeralds",32,"Male",1
"31","2","31",25,0,"A tycoon","Emeralds",32,"Male",1
"31","2","31",26,0,"A tycoon","Emeralds",32,"Male",1
"31","2","31",27,0,"A tycoon","Emeralds",32,"Male",1
"31","2","31",28,0,"A tycoon","Emeralds",32,"Male",1
"31","2","31",29,0,"A tycoon","Emeralds",32,"Male",1
"31","2","31",30,0,"A tycoon","Emeralds",32,"Male",1
"31","2","31",31,0,"A tycoon","Emeralds",32,"Male",1
"31","2","31",32,0,"A tycoon","Emeralds",32,"Male",1
"31","2","31",33,0,"A tycoon","Emeralds",32,"Male",1
"31","2","31",34,0,"A tycoon","Emeralds",32,"Male",1
"31","2","31",35,0,"A tycoon","Emeralds",32,"Male",1
"31","2","31",36,0,"A tycoon","Emeralds",32,"Male",1
"31","2","31",37,0,"A tycoon","Emeralds",32,"Male",1
"31","2","31",38,0,"A tycoon","Emeralds",32,"Male",1
"31","2","31",39,0,"A tycoon","Emeralds",32,"Male",1
"31","2","31",40,0,"A tycoon","Emeralds",32,"Male",1
"31","2","31",41,0,"A tycoon","Emeralds",32,"Male",1
"31","2","31",42,0,"A tycoon","Emeralds",32,"Male",1
"31","2","31",43,0,"A tycoon","Emeralds",32,"Male",1
"31","2","31",44,0,"A tycoon","Emeralds",32,"Male",1
"31","2","31",45,0,"A tycoon","Emeralds",32,"Male",1
"31","2","31",46,0,"A tycoon","Emeralds",32,"Male",1
"31","2","31",47,0,"A tycoon","Emeralds",32,"Male",1
"31","2","31",48,0,"A tycoon","Emeralds",32,"Male",1
"31","2","31",49,0,"A tycoon","Emeralds",32,"Male",1
"31","2","31",50,0,"A tycoon","Emeralds",32,"Male",1
"32","1","9",1,73,"A bandit","Emeralds",35,"Male",1
"32","1","9",2,0,"A bandit","Emeralds",35,"Male",1
"32","1","9",3,0,"A bandit","Emeralds",35,"Male",1
"32","1","9",4,53,"A bandit","Emeralds",35,"Male",1
"32","1","9",5,0,"A bandit","Emeralds",35,"Male",1
"32","1","9",6,52,"A bandit","Emeralds",35,"Male",1
"32","1","9",7,0,"A bandit","Emeralds",35,"Male",1
"32","1","9",8,91,"A bandit","Emeralds",35,"Male",1
"32","1","9",9,53,"A bandit","Emeralds",35,"Male",1
"32","1","9",10,37,"A bandit","Emeralds",35,"Male",1
"32","1","9",11,0,"A bandit","Emeralds",35,"Male",1
"32","1","9",12,28,"A bandit","Emeralds",35,"Male",1
"32","1","9",13,0,"A bandit","Emeralds",35,"Male",1
"32","1","9",14,0,"A bandit","Emeralds",35,"Male",1
"32","1","9",15,60,"A bandit","Emeralds",35,"Male",1
"32","1","9",16,48,"A bandit","Emeralds",35,"Male",1
"32","1","9",17,0,"A bandit","Emeralds",35,"Male",1
"32","1","9",18,47,"A bandit","Emeralds",35,"Male",1
"32","1","9",19,0,"A bandit","Emeralds",35,"Male",1
"32","1","9",20,44,"A bandit","Emeralds",35,"Male",1
"32","1","9",21,0,"A bandit","Emeralds",35,"Male",1
"32","1","9",22,4,"A bandit","Emeralds",35,"Male",1
"32","1","9",23,51,"A bandit","Emeralds",35,"Male",1
"32","1","9",24,0,"A bandit","Emeralds",35,"Male",1
"32","1","9",25,0,"A bandit","Emeralds",35,"Male",1
"32","1","9",26,55,"A bandit","Emeralds",35,"Male",1
"32","1","9",27,0,"A bandit","Emeralds",35,"Male",1
"32","1","9",28,53,"A bandit","Emeralds",35,"Male",1
"32","1","9",29,61,"A bandit","Emeralds",35,"Male",1
"32","1","9",30,53,"A bandit","Emeralds",35,"Male",1
"32","1","9",31,53,"A bandit","Emeralds",35,"Male",1
"32","1","9",32,19,"A bandit","Emeralds",35,"Male",1
"32","1","9",33,20,"A bandit","Emeralds",35,"Male",1
"32","1","9",34,44,"A bandit","Emeralds",35,"Male",1
"32","1","9",35,30,"A bandit","Emeralds",35,"Male",1
"32","1","9",36,39,"A bandit","Emeralds",35,"Male",1
"32","1","9",37,0,"A bandit","Emeralds",35,"Male",1
"32","1","9",38,50,"A bandit","Emeralds",35,"Male",1
"32","1","9",39,0,"A bandit","Emeralds",35,"Male",1
"32","1","9",40,35,"A bandit","Emeralds",35,"Male",1
"32","1","9",41,0,"A bandit","Emeralds",35,"Male",1
"32","1","9",42,0,"A bandit","Emeralds",35,"Male",1
"32","1","9",43,0,"A bandit","Emeralds",35,"Male",1
"32","1","9",44,0,"A bandit","Emeralds",35,"Male",1
"32","1","9",45,60,"A bandit","Emeralds",35,"Male",1
"32","1","9",46,65,"A bandit","Emeralds",35,"Male",1
"32","1","9",47,43,"A bandit","Emeralds",35,"Male",1
"32","1","9",48,54,"A bandit","Emeralds",35,"Male",1
"32","1","9",49,52,"A bandit","Emeralds",35,"Male",1
"32","1","9",50,51,"A bandit","Emeralds",35,"Male",1
"33","1","34",1,20,"A bandit","Emeralds",31,"Male",1
"33","1","34",2,22,"A bandit","Emeralds",31,"Male",1
"33","1","34",3,73,"A bandit","Emeralds",31,"Male",1
"33","1","34",4,38,"A bandit","Emeralds",31,"Male",1
"33","1","34",5,23,"A bandit","Emeralds",31,"Male",1
"33","1","34",6,6,"A bandit","Emeralds",31,"Male",1
"33","1","34",7,25,"A bandit","Emeralds",31,"Male",1
"33","1","34",8,54,"A bandit","Emeralds",31,"Male",1
"33","1","34",9,70,"A bandit","Emeralds",31,"Male",1
"33","1","34",10,32,"A bandit","Emeralds",31,"Male",1
"33","1","34",11,14,"A bandit","Emeralds",31,"Male",1
"33","1","34",12,6,"A bandit","Emeralds",31,"Male",1
"33","1","34",13,3,"A bandit","Emeralds",31,"Male",1
"33","1","34",14,1,"A bandit","Emeralds",31,"Male",1
"33","1","34",15,8,"A bandit","Emeralds",31,"Male",1
"33","1","34",16,78,"A bandit","Emeralds",31,"Male",1
"33","1","34",17,4,"A bandit","Emeralds",31,"Male",1
"33","1","34",18,4,"A bandit","Emeralds",31,"Male",1
"33","1","34",19,68,"A bandit","Emeralds",31,"Male",1
"33","1","34",20,7,"A bandit","Emeralds",31,"Male",1
"33","1","34",21,1,"A bandit","Emeralds",31,"Male",1
"33","1","34",22,53,"A bandit","Emeralds",31,"Male",1
"33","1","34",23,78,"A bandit","Emeralds",31,"Male",1
"33","1","34",24,7,"A bandit","Emeralds",31,"Male",1
"33","1","34",25,87,"A bandit","Emeralds",31,"Male",1
"33","1","34",26,19,"A bandit","Emeralds",31,"Male",1
"33","1","34",27,2,"A bandit","Emeralds",31,"Male",1
"33","1","34",28,67,"A bandit","Emeralds",31,"Male",1
"33","1","34",29,71,"A bandit","Emeralds",31,"Male",1
"33","1","34",30,76,"A bandit","Emeralds",31,"Male",1
"33","1","34",31,44,"A bandit","Emeralds",31,"Male",1
"33","1","34",32,27,"A bandit","Emeralds",31,"Male",1
"33","1","34",33,24,"A bandit","Emeralds",31,"Male",1
"33","1","34",34,7,"A bandit","Emeralds",31,"Male",1
"33","1","34",35,2,"A bandit","Emeralds",31,"Male",1
"33","1","34",36,3,"A bandit","Emeralds",31,"Male",1
"33","1","34",37,55,"A bandit","Emeralds",31,"Male",1
"33","1","34",38,68,"A bandit","Emeralds",31,"Male",1
"33","1","34",39,37,"A bandit","Emeralds",31,"Male",1
"33","1","34",40,17,"A bandit","Emeralds",31,"Male",1
"33","1","34",41,3,"A bandit","Emeralds",31,"Male",1
"33","1","34",42,2,"A bandit","Emeralds",31,"Male",1
"33","1","34",43,3,"A bandit","Emeralds",31,"Male",1
"33","1","34",44,70,"A bandit","Emeralds",31,"Male",1
"33","1","34",45,10,"A bandit","Emeralds",31,"Male",1
"33","1","34",46,96,"A bandit","Emeralds",31,"Male",1
"33","1","34",47,3,"A bandit","Emeralds",31,"Male",1
"33","1","34",48,56,"A bandit","Emeralds",31,"Male",1
"33","1","34",49,2,"A bandit","Emeralds",31,"Male",1
"33","1","34",50,60,"A bandit","Emeralds",31,"Male",1
"34","1","56",1,24,"A bandit","Emeralds",35,"Male",1
"34","1","56",2,11,"A bandit","Emeralds",35,"Male",1
"34","1","56",3,3,"A bandit","Emeralds",35,"Male",1
"34","1","56",4,3,"A bandit","Emeralds",35,"Male",1
"34","1","56",5,61,"A bandit","Emeralds",35,"Male",1
"34","1","56",6,14,"A bandit","Emeralds",35,"Male",1
"34","1","56",7,8,"A bandit","Emeralds",35,"Male",1
"34","1","56",8,14,"A bandit","Emeralds",35,"Male",1
"34","1","56",9,9,"A bandit","Emeralds",35,"Male",1
"34","1","56",10,32,"A bandit","Emeralds",35,"Male",1
"34","1","56",11,32,"A bandit","Emeralds",35,"Male",1
"34","1","56",12,7,"A bandit","Emeralds",35,"Male",1
"34","1","56",13,16,"A bandit","Emeralds",35,"Male",1
"34","1","56",14,20,"A bandit","Emeralds",35,"Male",1
"34","1","56",15,38,"A bandit","Emeralds",35,"Male",1
"34","1","56",16,44,"A bandit","Emeralds",35,"Male",1
"34","1","56",17,53,"A bandit","Emeralds",35,"Male",1
"34","1","56",18,19,"A bandit","Emeralds",35,"Male",1
"34","1","56",19,27,"A bandit","Emeralds",35,"Male",1
"34","1","56",20,53,"A bandit","Emeralds",35,"Male",1
"34","1","56",21,23,"A bandit","Emeralds",35,"Male",1
"34","1","56",22,14,"A bandit","Emeralds",35,"Male",1
"34","1","56",23,10,"A bandit","Emeralds",35,"Male",1
"34","1","56",24,30,"A bandit","Emeralds",35,"Male",1
"34","1","56",25,43,"A bandit","Emeralds",35,"Male",1
"34","1","56",26,18,"A bandit","Emeralds",35,"Male",1
"34","1","56",27,12,"A bandit","Emeralds",35,"Male",1
"34","1","56",28,19,"A bandit","Emeralds",35,"Male",1
"34","1","56",29,46,"A bandit","Emeralds",35,"Male",1
"34","1","56",30,54,"A bandit","Emeralds",35,"Male",1
"34","1","56",31,29,"A bandit","Emeralds",35,"Male",1
"34","1","56",32,42,"A bandit","Emeralds",35,"Male",1
"34","1","56",33,51,"A bandit","Emeralds",35,"Male",1
"34","1","56",34,57,"A bandit","Emeralds",35,"Male",1
"34","1","56",35,59,"A bandit","Emeralds",35,"Male",1
"34","1","56",36,62,"A bandit","Emeralds",35,"Male",1
"34","1","56",37,63,"A bandit","Emeralds",35,"Male",1
"34","1","56",38,21,"A bandit","Emeralds",35,"Male",1
"34","1","56",39,64,"A bandit","Emeralds",35,"Male",1
"34","1","56",40,17,"A bandit","Emeralds",35,"Male",1
"34","1","56",41,14,"A bandit","Emeralds",35,"Male",1
"34","1","56",42,58,"A bandit","Emeralds",35,"Male",1
"34","1","56",43,60,"A bandit","Emeralds",35,"Male",1
"34","1","56",44,62,"A bandit","Emeralds",35,"Male",1
"34","1","56",45,58,"A bandit","Emeralds",35,"Male",1
"34","1","56",46,56,"A bandit","Emeralds",35,"Male",1
"34","1","56",47,64,"A bandit","Emeralds",35,"Male",1
"34","1","56",48,71,"A bandit","Emeralds",35,"Male",1
"34","1","56",49,60,"A bandit","Emeralds",35,"Male",1
"34","1","56",50,71,"A bandit","Emeralds",35,"Male",1
"35","3","40",1,80,"A sheriff","Emeralds",41,"Male",1
"35","3","40",2,74,"A sheriff","Emeralds",41,"Male",1
"35","3","40",3,75,"A sheriff","Emeralds",41,"Male",1
"35","3","40",4,62,"A sheriff","Emeralds",41,"Male",1
"35","3","40",5,26,"A sheriff","Emeralds",41,"Male",1
"35","3","40",6,66,"A sheriff","Emeralds",41,"Male",1
"35","3","40",7,20,"A sheriff","Emeralds",41,"Male",1
"35","3","40",8,74,"A sheriff","Emeralds",41,"Male",1
"35","3","40",9,65,"A sheriff","Emeralds",41,"Male",1
"35","3","40",10,69,"A sheriff","Emeralds",41,"Male",1
"35","3","40",11,79,"A sheriff","Emeralds",41,"Male",1
"35","3","40",12,72,"A sheriff","Emeralds",41,"Male",1
"35","3","40",13,61,"A sheriff","Emeralds",41,"Male",1
"35","3","40",14,30,"A sheriff","Emeralds",41,"Male",1
"35","3","40",15,59,"A sheriff","Emeralds",41,"Male",1
"35","3","40",16,62,"A sheriff","Emeralds",41,"Male",1
"35","3","40",17,61,"A sheriff","Emeralds",41,"Male",1
"35","3","40",18,35,"A sheriff","Emeralds",41,"Male",1
"35","3","40",19,65,"A sheriff","Emeralds",41,"Male",1
"35","3","40",20,63,"A sheriff","Emeralds",41,"Male",1
"35","3","40",21,69,"A sheriff","Emeralds",41,"Male",1
"35","3","40",22,65,"A sheriff","Emeralds",41,"Male",1
"35","3","40",23,69,"A sheriff","Emeralds",41,"Male",1
"35","3","40",24,67,"A sheriff","Emeralds",41,"Male",1
"35","3","40",25,66,"A sheriff","Emeralds",41,"Male",1
"35","3","40",26,71,"A sheriff","Emeralds",41,"Male",1
"35","3","40",27,70,"A sheriff","Emeralds",41,"Male",1
"35","3","40",28,85,"A sheriff","Emeralds",41,"Male",1
"35","3","40",29,65,"A sheriff","Emeralds",41,"Male",1
"35","3","40",30,68,"A sheriff","Emeralds",41,"Male",1
"35","3","40",31,67,"A sheriff","Emeralds",41,"Male",1
"35","3","40",32,68,"A sheriff","Emeralds",41,"Male",1
"35","3","40",33,64,"A sheriff","Emeralds",41,"Male",1
"35","3","40",34,82,"A sheriff","Emeralds",41,"Male",1
"35","3","40",35,66,"A sheriff","Emeralds",41,"Male",1
"35","3","40",36,84,"A sheriff","Emeralds",41,"Male",1
"35","3","40",37,34,"A sheriff","Emeralds",41,"Male",1
"35","3","40",38,55,"A sheriff","Emeralds",41,"Male",1
"35","3","40",39,67,"A sheriff","Emeralds",41,"Male",1
"35","3","40",40,72,"A sheriff","Emeralds",41,"Male",1
"35","3","40",41,69,"A sheriff","Emeralds",41,"Male",1
"35","3","40",42,66,"A sheriff","Emeralds",41,"Male",1
"35","3","40",43,54,"A sheriff","Emeralds",41,"Male",1
"35","3","40",44,67,"A sheriff","Emeralds",41,"Male",1
"35","3","40",45,66,"A sheriff","Emeralds",41,"Male",1
"35","3","40",46,56,"A sheriff","Emeralds",41,"Male",1
"35","3","40",47,65,"A sheriff","Emeralds",41,"Male",1
"35","3","40",48,63,"A sheriff","Emeralds",41,"Male",1
"35","3","40",49,68,"A sheriff","Emeralds",41,"Male",1
"35","3","40",50,76,"A sheriff","Emeralds",41,"Male",1
"36","2","59",1,65,"A tycoon","Emeralds",31,"Female",1
"36","2","59",2,69,"A tycoon","Emeralds",31,"Female",1
"36","2","59",3,69,"A tycoon","Emeralds",31,"Female",1
"36","2","59",4,73,"A tycoon","Emeralds",31,"Female",1
"36","2","59",5,85,"A tycoon","Emeralds",31,"Female",1
"36","2","59",6,66,"A tycoon","Emeralds",31,"Female",1
"36","2","59",7,70,"A tycoon","Emeralds",31,"Female",1
"36","2","59",8,84,"A tycoon","Emeralds",31,"Female",1
"36","2","59",9,79,"A tycoon","Emeralds",31,"Female",1
"36","2","59",10,72,"A tycoon","Emeralds",31,"Female",1
"36","2","59",11,66,"A tycoon","Emeralds",31,"Female",1
"36","2","59",12,83,"A tycoon","Emeralds",31,"Female",1
"36","2","59",13,88,"A tycoon","Emeralds",31,"Female",1
"36","2","59",14,76,"A tycoon","Emeralds",31,"Female",1
"36","2","59",15,73,"A tycoon","Emeralds",31,"Female",1
"36","2","59",16,57,"A tycoon","Emeralds",31,"Female",1
"36","2","59",17,63,"A tycoon","Emeralds",31,"Female",1
"36","2","59",18,36,"A tycoon","Emeralds",31,"Female",1
"36","2","59",19,70,"A tycoon","Emeralds",31,"Female",1
"36","2","59",20,58,"A tycoon","Emeralds",31,"Female",1
"36","2","59",21,63,"A tycoon","Emeralds",31,"Female",1
"36","2","59",22,92,"A tycoon","Emeralds",31,"Female",1
"36","2","59",23,38,"A tycoon","Emeralds",31,"Female",1
"36","2","59",24,63,"A tycoon","Emeralds",31,"Female",1
"36","2","59",25,66,"A tycoon","Emeralds",31,"Female",1
"36","2","59",26,65,"A tycoon","Emeralds",31,"Female",1
"36","2","59",27,70,"A tycoon","Emeralds",31,"Female",1
"36","2","59",28,32,"A tycoon","Emeralds",31,"Female",1
"36","2","59",29,28,"A tycoon","Emeralds",31,"Female",1
"36","2","59",30,69,"A tycoon","Emeralds",31,"Female",1
"36","2","59",31,82,"A tycoon","Emeralds",31,"Female",1
"36","2","59",32,80,"A tycoon","Emeralds",31,"Female",1
"36","2","59",33,83,"A tycoon","Emeralds",31,"Female",1
"36","2","59",34,82,"A tycoon","Emeralds",31,"Female",1
"36","2","59",35,70,"A tycoon","Emeralds",31,"Female",1
"36","2","59",36,80,"A tycoon","Emeralds",31,"Female",1
"36","2","59",37,77,"A tycoon","Emeralds",31,"Female",1
"36","2","59",38,85,"A tycoon","Emeralds",31,"Female",1
"36","2","59",39,82,"A tycoon","Emeralds",31,"Female",1
"36","2","59",40,71,"A tycoon","Emeralds",31,"Female",1
"36","2","59",41,69,"A tycoon","Emeralds",31,"Female",1
"36","2","59",42,76,"A tycoon","Emeralds",31,"Female",1
"36","2","59",43,87,"A tycoon","Emeralds",31,"Female",1
"36","2","59",44,85,"A tycoon","Emeralds",31,"Female",1
"36","2","59",45,66,"A tycoon","Emeralds",31,"Female",1
"36","2","59",46,32,"A tycoon","Emeralds",31,"Female",1
"36","2","59",47,87,"A tycoon","Emeralds",31,"Female",1
"36","2","59",48,65,"A tycoon","Emeralds",31,"Female",1
"36","2","59",49,20,"A tycoon","Emeralds",31,"Female",1
"36","2","59",50,26,"A tycoon","Emeralds",31,"Female",1
"37","1","16",1,20,"A bandit","Emeralds",52,"Male",1
"37","1","16",2,15,"A bandit","Emeralds",52,"Male",1
"37","1","16",3,10,"A bandit","Emeralds",52,"Male",1
"37","1","16",4,7,"A bandit","Emeralds",52,"Male",1
"37","1","16",5,10,"A bandit","Emeralds",52,"Male",1
"37","1","16",6,7,"A bandit","Emeralds",52,"Male",1
"37","1","16",7,86,"A bandit","Emeralds",52,"Male",1
"37","1","16",8,7,"A bandit","Emeralds",52,"Male",1
"37","1","16",9,87,"A bandit","Emeralds",52,"Male",1
"37","1","16",10,89,"A bandit","Emeralds",52,"Male",1
"37","1","16",11,11,"A bandit","Emeralds",52,"Male",1
"37","1","16",12,8,"A bandit","Emeralds",52,"Male",1
"37","1","16",13,85,"A bandit","Emeralds",52,"Male",1
"37","1","16",14,7,"A bandit","Emeralds",52,"Male",1
"37","1","16",15,7,"A bandit","Emeralds",52,"Male",1
"37","1","16",16,86,"A bandit","Emeralds",52,"Male",1
"37","1","16",17,87,"A bandit","Emeralds",52,"Male",1
"37","1","16",18,90,"A bandit","Emeralds",52,"Male",1
"37","1","16",19,11,"A bandit","Emeralds",52,"Male",1
"37","1","16",20,9,"A bandit","Emeralds",52,"Male",1
"37","1","16",21,87,"A bandit","Emeralds",52,"Male",1
"37","1","16",22,10,"A bandit","Emeralds",52,"Male",1
"37","1","16",23,90,"A bandit","Emeralds",52,"Male",1
"37","1","16",24,89,"A bandit","Emeralds",52,"Male",1
"37","1","16",25,11,"A bandit","Emeralds",52,"Male",1
"37","1","16",26,11,"A bandit","Emeralds",52,"Male",1
"37","1","16",27,86,"A bandit","Emeralds",52,"Male",1
"37","1","16",28,87,"A bandit","Emeralds",52,"Male",1
"37","1","16",29,89,"A bandit","Emeralds",52,"Male",1
"37","1","16",30,11,"A bandit","Emeralds",52,"Male",1
"37","1","16",31,5,"A bandit","Emeralds",52,"Male",1
"37","1","16",32,6,"A bandit","Emeralds",52,"Male",1
"37","1","16",33,6,"A bandit","Emeralds",52,"Male",1
"37","1","16",34,87,"A bandit","Emeralds",52,"Male",1
"37","1","16",35,88,"A bandit","Emeralds",52,"Male",1
"37","1","16",36,91,"A bandit","Emeralds",52,"Male",1
"37","1","16",37,89,"A bandit","Emeralds",52,"Male",1
"37","1","16",38,77,"A bandit","Emeralds",52,"Male",1
"37","1","16",39,87,"A bandit","Emeralds",52,"Male",1
"37","1","16",40,91,"A bandit","Emeralds",52,"Male",1
"37","1","16",41,10,"A bandit","Emeralds",52,"Male",1
"37","1","16",42,84,"A bandit","Emeralds",52,"Male",1
"37","1","16",43,89,"A bandit","Emeralds",52,"Male",1
"37","1","16",44,90,"A bandit","Emeralds",52,"Male",1
"37","1","16",45,10,"A bandit","Emeralds",52,"Male",1
"37","1","16",46,88,"A bandit","Emeralds",52,"Male",1
"37","1","16",47,13,"A bandit","Emeralds",52,"Male",1
"37","1","16",48,86,"A bandit","Emeralds",52,"Male",1
"37","1","16",49,82,"A bandit","Emeralds",52,"Male",1
"37","1","16",50,9,"A bandit","Emeralds",52,"Male",1
"38","3","70",1,24,"A sheriff","Emeralds",54,"Female",1
"38","3","70",2,62,"A sheriff","Emeralds",54,"Female",1
"38","3","70",3,58,"A sheriff","Emeralds",54,"Female",1
"38","3","70",4,57,"A sheriff","Emeralds",54,"Female",1
"38","3","70",5,79,"A sheriff","Emeralds",54,"Female",1
"38","3","70",6,43,"A sheriff","Emeralds",54,"Female",1
"38","3","70",7,70,"A sheriff","Emeralds",54,"Female",1
"38","3","70",8,69,"A sheriff","Emeralds",54,"Female",1
"38","3","70",9,39,"A sheriff","Emeralds",54,"Female",1
"38","3","70",10,39,"A sheriff","Emeralds",54,"Female",1
"38","3","70",11,68,"A sheriff","Emeralds",54,"Female",1
"38","3","70",12,34,"A sheriff","Emeralds",54,"Female",1
"38","3","70",13,41,"A sheriff","Emeralds",54,"Female",1
"38","3","70",14,72,"A sheriff","Emeralds",54,"Female",1
"38","3","70",15,40,"A sheriff","Emeralds",54,"Female",1
"38","3","70",16,72,"A sheriff","Emeralds",54,"Female",1
"38","3","70",17,36,"A sheriff","Emeralds",54,"Female",1
"38","3","70",18,74,"A sheriff","Emeralds",54,"Female",1
"38","3","70",19,70,"A sheriff","Emeralds",54,"Female",1
"38","3","70",20,68,"A sheriff","Emeralds",54,"Female",1
"38","3","70",21,39,"A sheriff","Emeralds",54,"Female",1
"38","3","70",22,78,"A sheriff","Emeralds",54,"Female",1
"38","3","70",23,39,"A sheriff","Emeralds",54,"Female",1
"38","3","70",24,36,"A sheriff","Emeralds",54,"Female",1
"38","3","70",25,58,"A sheriff","Emeralds",54,"Female",1
"38","3","70",26,41,"A sheriff","Emeralds",54,"Female",1
"38","3","70",27,39,"A sheriff","Emeralds",54,"Female",1
"38","3","70",28,41,"A sheriff","Emeralds",54,"Female",1
"38","3","70",29,43,"A sheriff","Emeralds",54,"Female",1
"38","3","70",30,63,"A sheriff","Emeralds",54,"Female",1
"38","3","70",31,61,"A sheriff","Emeralds",54,"Female",1
"38","3","70",32,41,"A sheriff","Emeralds",54,"Female",1
"38","3","70",33,41,"A sheriff","Emeralds",54,"Female",1
"38","3","70",34,40,"A sheriff","Emeralds",54,"Female",1
"38","3","70",35,58,"A sheriff","Emeralds",54,"Female",1
"38","3","70",36,59,"A sheriff","Emeralds",54,"Female",1
"38","3","70",37,41,"A sheriff","Emeralds",54,"Female",1
"38","3","70",38,57,"A sheriff","Emeralds",54,"Female",1
"38","3","70",39,63,"A sheriff","Emeralds",54,"Female",1
"38","3","70",40,58,"A sheriff","Emeralds",54,"Female",1
"38","3","70",41,39,"A sheriff","Emeralds",54,"Female",1
"38","3","70",42,43,"A sheriff","Emeralds",54,"Female",1
"38","3","70",43,56,"A sheriff","Emeralds",54,"Female",1
"38","3","70",44,41,"A sheriff","Emeralds",54,"Female",1
"38","3","70",45,59,"A sheriff","Emeralds",54,"Female",1
"38","3","70",46,59,"A sheriff","Emeralds",54,"Female",1
"38","3","70",47,42,"A sheriff","Emeralds",54,"Female",1
"38","3","70",48,57,"A sheriff","Emeralds",54,"Female",1
"38","3","70",49,60,"A sheriff","Emeralds",54,"Female",1
"38","3","70",50,57,"A sheriff","Emeralds",54,"Female",1
"39","2","25",1,11,"A tycoon","Emeralds",28,"Female",1
"39","2","25",2,78,"A tycoon","Emeralds",28,"Female",1
"39","2","25",3,65,"A tycoon","Emeralds",28,"Female",1
"39","2","25",4,25,"A tycoon","Emeralds",28,"Female",1
"39","2","25",5,16,"A tycoon","Emeralds",28,"Female",1
"39","2","25",6,17,"A tycoon","Emeralds",28,"Female",1
"39","2","25",7,81,"A tycoon","Emeralds",28,"Female",1
"39","2","25",8,73,"A tycoon","Emeralds",28,"Female",1
"39","2","25",9,13,"A tycoon","Emeralds",28,"Female",1
"39","2","25",10,91,"A tycoon","Emeralds",28,"Female",1
"39","2","25",11,12,"A tycoon","Emeralds",28,"Female",1
"39","2","25",12,64,"A tycoon","Emeralds",28,"Female",1
"39","2","25",13,76,"A tycoon","Emeralds",28,"Female",1
"39","2","25",14,14,"A tycoon","Emeralds",28,"Female",1
"39","2","25",15,18,"A tycoon","Emeralds",28,"Female",1
"39","2","25",16,73,"A tycoon","Emeralds",28,"Female",1
"39","2","25",17,72,"A tycoon","Emeralds",28,"Female",1
"39","2","25",18,13,"A tycoon","Emeralds",28,"Female",1
"39","2","25",19,17,"A tycoon","Emeralds",28,"Female",1
"39","2","25",20,75,"A tycoon","Emeralds",28,"Female",1
"39","2","25",21,74,"A tycoon","Emeralds",28,"Female",1
"39","2","25",22,65,"A tycoon","Emeralds",28,"Female",1
"39","2","25",23,57,"A tycoon","Emeralds",28,"Female",1
"39","2","25",24,49,"A tycoon","Emeralds",28,"Female",1
"39","2","25",25,38,"A tycoon","Emeralds",28,"Female",1
"39","2","25",26,23,"A tycoon","Emeralds",28,"Female",1
"39","2","25",27,10,"A tycoon","Emeralds",28,"Female",1
"39","2","25",28,13,"A tycoon","Emeralds",28,"Female",1
"39","2","25",29,12,"A tycoon","Emeralds",28,"Female",1
"39","2","25",30,9,"A tycoon","Emeralds",28,"Female",1
"39","2","25",31,7,"A tycoon","Emeralds",28,"Female",1
"39","2","25",32,11,"A tycoon","Emeralds",28,"Female",1
"39","2","25",33,4,"A tycoon","Emeralds",28,"Female",1
"39","2","25",34,10,"A tycoon","Emeralds",28,"Female",1
"39","2","25",35,8,"A tycoon","Emeralds",28,"Female",1
"39","2","25",36,7,"A tycoon","Emeralds",28,"Female",1
"39","2","25",37,0,"A tycoon","Emeralds",28,"Female",1
"39","2","25",38,0,"A tycoon","Emeralds",28,"Female",1
"39","2","25",39,0,"A tycoon","Emeralds",28,"Female",1
"39","2","25",40,0,"A tycoon","Emeralds",28,"Female",1
"39","2","25",41,0,"A tycoon","Emeralds",28,"Female",1
"39","2","25",42,0,"A tycoon","Emeralds",28,"Female",1
"39","2","25",43,0,"A tycoon","Emeralds",28,"Female",1
"39","2","25",44,0,"A tycoon","Emeralds",28,"Female",1
"39","2","25",45,0,"A tycoon","Emeralds",28,"Female",1
"39","2","25",46,0,"A tycoon","Emeralds",28,"Female",1
"39","2","25",47,0,"A tycoon","Emeralds",28,"Female",1
"39","2","25",48,0,"A tycoon","Emeralds",28,"Female",1
"39","2","25",49,0,"A tycoon","Emeralds",28,"Female",1
"39","2","25",50,0,"A tycoon","Emeralds",28,"Female",1
"40","3","26",1,54,"A sheriff","Emeralds",31,"Male",1
"40","3","26",2,54,"A sheriff","Emeralds",31,"Male",1
"40","3","26",3,65,"A sheriff","Emeralds",31,"Male",1
"40","3","26",4,46,"A sheriff","Emeralds",31,"Male",1
"40","3","26",5,59,"A sheriff","Emeralds",31,"Male",1
"40","3","26",6,20,"A sheriff","Emeralds",31,"Male",1
"40","3","26",7,19,"A sheriff","Emeralds",31,"Male",1
"40","3","26",8,23,"A sheriff","Emeralds",31,"Male",1
"40","3","26",9,7,"A sheriff","Emeralds",31,"Male",1
"40","3","26",10,11,"A sheriff","Emeralds",31,"Male",1
"40","3","26",11,14,"A sheriff","Emeralds",31,"Male",1
"40","3","26",12,8,"A sheriff","Emeralds",31,"Male",1
"40","3","26",13,38,"A sheriff","Emeralds",31,"Male",1
"40","3","26",14,5,"A sheriff","Emeralds",31,"Male",1
"40","3","26",15,3,"A sheriff","Emeralds",31,"Male",1
"40","3","26",16,21,"A sheriff","Emeralds",31,"Male",1
"40","3","26",17,36,"A sheriff","Emeralds",31,"Male",1
"40","3","26",18,26,"A sheriff","Emeralds",31,"Male",1
"40","3","26",19,53,"A sheriff","Emeralds",31,"Male",1
"40","3","26",20,39,"A sheriff","Emeralds",31,"Male",1
"40","3","26",21,53,"A sheriff","Emeralds",31,"Male",1
"40","3","26",22,25,"A sheriff","Emeralds",31,"Male",1
"40","3","26",23,30,"A sheriff","Emeralds",31,"Male",1
"40","3","26",24,66,"A sheriff","Emeralds",31,"Male",1
"40","3","26",25,9,"A sheriff","Emeralds",31,"Male",1
"40","3","26",26,2,"A sheriff","Emeralds",31,"Male",1
"40","3","26",27,18,"A sheriff","Emeralds",31,"Male",1
"40","3","26",28,5,"A sheriff","Emeralds",31,"Male",1
"40","3","26",29,1,"A sheriff","Emeralds",31,"Male",1
"40","3","26",30,7,"A sheriff","Emeralds",31,"Male",1
"40","3","26",31,1,"A sheriff","Emeralds",31,"Male",1
"40","3","26",32,3,"A sheriff","Emeralds",31,"Male",1
"40","3","26",33,4,"A sheriff","Emeralds",31,"Male",1
"40","3","26",34,15,"A sheriff","Emeralds",31,"Male",1
"40","3","26",35,48,"A sheriff","Emeralds",31,"Male",1
"40","3","26",36,55,"A sheriff","Emeralds",31,"Male",1
"40","3","26",37,8,"A sheriff","Emeralds",31,"Male",1
"40","3","26",38,1,"A sheriff","Emeralds",31,"Male",1
"40","3","26",39,1,"A sheriff","Emeralds",31,"Male",1
"40","3","26",40,4,"A sheriff","Emeralds",31,"Male",1
"40","3","26",41,14,"A sheriff","Emeralds",31,"Male",1
"40","3","26",42,7,"A sheriff","Emeralds",31,"Male",1
"40","3","26",43,17,"A sheriff","Emeralds",31,"Male",1
"40","3","26",44,1,"A sheriff","Emeralds",31,"Male",1
"40","3","26",45,4,"A sheriff","Emeralds",31,"Male",1
"40","3","26",46,2,"A sheriff","Emeralds",31,"Male",1
"40","3","26",47,0,"A sheriff","Emeralds",31,"Male",1
"40","3","26",48,0,"A sheriff","Emeralds",31,"Male",1
"40","3","26",49,0,"A sheriff","Emeralds",31,"Male",1
"40","3","26",50,0,"A sheriff","Emeralds",31,"Male",1
"41","3","11",1,0,"A sheriff","Emeralds",54,"Male",1
"41","3","11",2,93,"A sheriff","Emeralds",54,"Male",1
"41","3","11",3,0,"A sheriff","Emeralds",54,"Male",1
"41","3","11",4,0,"A sheriff","Emeralds",54,"Male",1
"41","3","11",5,0,"A sheriff","Emeralds",54,"Male",1
"41","3","11",6,100,"A sheriff","Emeralds",54,"Male",1
"41","3","11",7,0,"A sheriff","Emeralds",54,"Male",1
"41","3","11",8,0,"A sheriff","Emeralds",54,"Male",1
"41","3","11",9,0,"A sheriff","Emeralds",54,"Male",1
"41","3","11",10,100,"A sheriff","Emeralds",54,"Male",1
"41","3","11",11,100,"A sheriff","Emeralds",54,"Male",1
"41","3","11",12,0,"A sheriff","Emeralds",54,"Male",1
"41","3","11",13,0,"A sheriff","Emeralds",54,"Male",1
"41","3","11",14,100,"A sheriff","Emeralds",54,"Male",1
"41","3","11",15,0,"A sheriff","Emeralds",54,"Male",1
"41","3","11",16,0,"A sheriff","Emeralds",54,"Male",1
"41","3","11",17,0,"A sheriff","Emeralds",54,"Male",1
"41","3","11",18,0,"A sheriff","Emeralds",54,"Male",1
"41","3","11",19,7,"A sheriff","Emeralds",54,"Male",1
"41","3","11",20,0,"A sheriff","Emeralds",54,"Male",1
"41","3","11",21,0,"A sheriff","Emeralds",54,"Male",1
"41","3","11",22,9,"A sheriff","Emeralds",54,"Male",1
"41","3","11",23,0,"A sheriff","Emeralds",54,"Male",1
"41","3","11",24,0,"A sheriff","Emeralds",54,"Male",1
"41","3","11",25,0,"A sheriff","Emeralds",54,"Male",1
"41","3","11",26,9,"A sheriff","Emeralds",54,"Male",1
"41","3","11",27,0,"A sheriff","Emeralds",54,"Male",1
"41","3","11",28,7,"A sheriff","Emeralds",54,"Male",1
"41","3","11",29,11,"A sheriff","Emeralds",54,"Male",1
"41","3","11",30,0,"A sheriff","Emeralds",54,"Male",1
"41","3","11",31,0,"A sheriff","Emeralds",54,"Male",1
"41","3","11",32,11,"A sheriff","Emeralds",54,"Male",1
"41","3","11",33,0,"A sheriff","Emeralds",54,"Male",1
"41","3","11",34,7,"A sheriff","Emeralds",54,"Male",1
"41","3","11",35,0,"A sheriff","Emeralds",54,"Male",1
"41","3","11",36,0,"A sheriff","Emeralds",54,"Male",1
"41","3","11",37,0,"A sheriff","Emeralds",54,"Male",1
"41","3","11",38,7,"A sheriff","Emeralds",54,"Male",1
"41","3","11",39,10,"A sheriff","Emeralds",54,"Male",1
"41","3","11",40,0,"A sheriff","Emeralds",54,"Male",1
"41","3","11",41,0,"A sheriff","Emeralds",54,"Male",1
"41","3","11",42,9,"A sheriff","Emeralds",54,"Male",1
"41","3","11",43,0,"A sheriff","Emeralds",54,"Male",1
"41","3","11",44,10,"A sheriff","Emeralds",54,"Male",1
"41","3","11",45,0,"A sheriff","Emeralds",54,"Male",1
"41","3","11",46,9,"A sheriff","Emeralds",54,"Male",1
"41","3","11",47,7,"A sheriff","Emeralds",54,"Male",1
"41","3","11",48,0,"A sheriff","Emeralds",54,"Male",1
"41","3","11",49,8,"A sheriff","Emeralds",54,"Male",1
"41","3","11",50,0,"A sheriff","Emeralds",54,"Male",1
"42","2","11",1,100,"A tycoon","Emeralds",36,"Female",1
"42","2","11",2,100,"A tycoon","Emeralds",36,"Female",1
"42","2","11",3,91,"A tycoon","Emeralds",36,"Female",1
"42","2","11",4,23,"A tycoon","Emeralds",36,"Female",1
"42","2","11",5,69,"A tycoon","Emeralds",36,"Female",1
"42","2","11",6,89,"A tycoon","Emeralds",36,"Female",1
"42","2","11",7,46,"A tycoon","Emeralds",36,"Female",1
"42","2","11",8,1,"A tycoon","Emeralds",36,"Female",1
"42","2","11",9,0,"A tycoon","Emeralds",36,"Female",1
"42","2","11",10,0,"A tycoon","Emeralds",36,"Female",1
"42","2","11",11,0,"A tycoon","Emeralds",36,"Female",1
"42","2","11",12,0,"A tycoon","Emeralds",36,"Female",1
"42","2","11",13,2,"A tycoon","Emeralds",36,"Female",1
"42","2","11",14,1,"A tycoon","Emeralds",36,"Female",1
"42","2","11",15,1,"A tycoon","Emeralds",36,"Female",1
"42","2","11",16,17,"A tycoon","Emeralds",36,"Female",1
"42","2","11",17,0,"A tycoon","Emeralds",36,"Female",1
"42","2","11",18,1,"A tycoon","Emeralds",36,"Female",1
"42","2","11",19,2,"A tycoon","Emeralds",36,"Female",1
"42","2","11",20,0,"A tycoon","Emeralds",36,"Female",1
"42","2","11",21,2,"A tycoon","Emeralds",36,"Female",1
"42","2","11",22,3,"A tycoon","Emeralds",36,"Female",1
"42","2","11",23,3,"A tycoon","Emeralds",36,"Female",1
"42","2","11",24,8,"A tycoon","Emeralds",36,"Female",1
"42","2","11",25,7,"A tycoon","Emeralds",36,"Female",1
"42","2","11",26,75,"A tycoon","Emeralds",36,"Female",1
"42","2","11",27,1,"A tycoon","Emeralds",36,"Female",1
"42","2","11",28,6,"A tycoon","Emeralds",36,"Female",1
"42","2","11",29,71,"A tycoon","Emeralds",36,"Female",1
"42","2","11",30,5,"A tycoon","Emeralds",36,"Female",1
"42","2","11",31,99,"A tycoon","Emeralds",36,"Female",1
"42","2","11",32,0,"A tycoon","Emeralds",36,"Female",1
"42","2","11",33,2,"A tycoon","Emeralds",36,"Female",1
"42","2","11",34,93,"A tycoon","Emeralds",36,"Female",1
"42","2","11",35,3,"A tycoon","Emeralds",36,"Female",1
"42","2","11",36,0,"A tycoon","Emeralds",36,"Female",1
"42","2","11",37,92,"A tycoon","Emeralds",36,"Female",1
"42","2","11",38,0,"A tycoon","Emeralds",36,"Female",1
"42","2","11",39,0,"A tycoon","Emeralds",36,"Female",1
"42","2","11",40,98,"A tycoon","Emeralds",36,"Female",1
"42","2","11",41,1,"A tycoon","Emeralds",36,"Female",1
"42","2","11",42,0,"A tycoon","Emeralds",36,"Female",1
"42","2","11",43,0,"A tycoon","Emeralds",36,"Female",1
"42","2","11",44,0,"A tycoon","Emeralds",36,"Female",1
"42","2","11",45,0,"A tycoon","Emeralds",36,"Female",1
"42","2","11",46,99,"A tycoon","Emeralds",36,"Female",1
"42","2","11",47,1,"A tycoon","Emeralds",36,"Female",1
"42","2","11",48,100,"A tycoon","Emeralds",36,"Female",1
"42","2","11",49,100,"A tycoon","Emeralds",36,"Female",1
"42","2","11",50,0,"A tycoon","Emeralds",36,"Female",1
"43","1","43",1,100,"A bandit","Emeralds",62,"Female",1
"43","1","43",2,100,"A bandit","Emeralds",62,"Female",1
"43","1","43",3,100,"A bandit","Emeralds",62,"Female",1
"43","1","43",4,100,"A bandit","Emeralds",62,"Female",1
"43","1","43",5,0,"A bandit","Emeralds",62,"Female",1
"43","1","43",6,0,"A bandit","Emeralds",62,"Female",1
"43","1","43",7,27,"A bandit","Emeralds",62,"Female",1
"43","1","43",8,0,"A bandit","Emeralds",62,"Female",1
"43","1","43",9,100,"A bandit","Emeralds",62,"Female",1
"43","1","43",10,0,"A bandit","Emeralds",62,"Female",1
"43","1","43",11,100,"A bandit","Emeralds",62,"Female",1
"43","1","43",12,100,"A bandit","Emeralds",62,"Female",1
"43","1","43",13,0,"A bandit","Emeralds",62,"Female",1
"43","1","43",14,100,"A bandit","Emeralds",62,"Female",1
"43","1","43",15,0,"A bandit","Emeralds",62,"Female",1
"43","1","43",16,81,"A bandit","Emeralds",62,"Female",1
"43","1","43",17,0,"A bandit","Emeralds",62,"Female",1
"43","1","43",18,0,"A bandit","Emeralds",62,"Female",1
"43","1","43",19,100,"A bandit","Emeralds",62,"Female",1
"43","1","43",20,0,"A bandit","Emeralds",62,"Female",1
"43","1","43",21,100,"A bandit","Emeralds",62,"Female",1
"43","1","43",22,0,"A bandit","Emeralds",62,"Female",1
"43","1","43",23,100,"A bandit","Emeralds",62,"Female",1
"43","1","43",24,0,"A bandit","Emeralds",62,"Female",1
"43","1","43",25,100,"A bandit","Emeralds",62,"Female",1
"43","1","43",26,0,"A bandit","Emeralds",62,"Female",1
"43","1","43",27,100,"A bandit","Emeralds",62,"Female",1
"43","1","43",28,100,"A bandit","Emeralds",62,"Female",1
"43","1","43",29,0,"A bandit","Emeralds",62,"Female",1
"43","1","43",30,0,"A bandit","Emeralds",62,"Female",1
"43","1","43",31,74,"A bandit","Emeralds",62,"Female",1
"43","1","43",32,82,"A bandit","Emeralds",62,"Female",1
"43","1","43",33,76,"A bandit","Emeralds",62,"Female",1
"43","1","43",34,0,"A bandit","Emeralds",62,"Female",1
"43","1","43",35,75,"A bandit","Emeralds",62,"Female",1
"43","1","43",36,80,"A bandit","Emeralds",62,"Female",1
"43","1","43",37,78,"A bandit","Emeralds",62,"Female",1
"43","1","43",38,80,"A bandit","Emeralds",62,"Female",1
"43","1","43",39,83,"A bandit","Emeralds",62,"Female",1
"43","1","43",40,78,"A bandit","Emeralds",62,"Female",1
"43","1","43",41,74,"A bandit","Emeralds",62,"Female",1
"43","1","43",42,0,"A bandit","Emeralds",62,"Female",1
"43","1","43",43,0,"A bandit","Emeralds",62,"Female",1
"43","1","43",44,65,"A bandit","Emeralds",62,"Female",1
"43","1","43",45,70,"A bandit","Emeralds",62,"Female",1
"43","1","43",46,74,"A bandit","Emeralds",62,"Female",1
"43","1","43",47,81,"A bandit","Emeralds",62,"Female",1
"43","1","43",48,0,"A bandit","Emeralds",62,"Female",1
"43","1","43",49,77,"A bandit","Emeralds",62,"Female",1
"43","1","43",50,75,"A bandit","Emeralds",62,"Female",1
"44","2","50",1,13,"A tycoon","Emeralds",36,"Female",1
"44","2","50",2,0,"A tycoon","Emeralds",36,"Female",1
"44","2","50",3,14,"A tycoon","Emeralds",36,"Female",1
"44","2","50",4,39,"A tycoon","Emeralds",36,"Female",1
"44","2","50",5,82,"A tycoon","Emeralds",36,"Female",1
"44","2","50",6,78,"A tycoon","Emeralds",36,"Female",1
"44","2","50",7,93,"A tycoon","Emeralds",36,"Female",1
"44","2","50",8,0,"A tycoon","Emeralds",36,"Female",1
"44","2","50",9,7,"A tycoon","Emeralds",36,"Female",1
"44","2","50",10,26,"A tycoon","Emeralds",36,"Female",1
"44","2","50",11,0,"A tycoon","Emeralds",36,"Female",1
"44","2","50",12,0,"A tycoon","Emeralds",36,"Female",1
"44","2","50",13,0,"A tycoon","Emeralds",36,"Female",1
"44","2","50",14,0,"A tycoon","Emeralds",36,"Female",1
"44","2","50",15,7,"A tycoon","Emeralds",36,"Female",1
"44","2","50",16,21,"A tycoon","Emeralds",36,"Female",1
"44","2","50",17,0,"A tycoon","Emeralds",36,"Female",1
"44","2","50",18,26,"A tycoon","Emeralds",36,"Female",1
"44","2","50",19,43,"A tycoon","Emeralds",36,"Female",1
"44","2","50",20,0,"A tycoon","Emeralds",36,"Female",1
"44","2","50",21,63,"A tycoon","Emeralds",36,"Female",1
"44","2","50",22,0,"A tycoon","Emeralds",36,"Female",1
"44","2","50",23,0,"A tycoon","Emeralds",36,"Female",1
"44","2","50",24,0,"A tycoon","Emeralds",36,"Female",1
"44","2","50",25,10,"A tycoon","Emeralds",36,"Female",1
"44","2","50",26,0,"A tycoon","Emeralds",36,"Female",1
"44","2","50",27,17,"A tycoon","Emeralds",36,"Female",1
"44","2","50",28,35,"A tycoon","Emeralds",36,"Female",1
"44","2","50",29,40,"A tycoon","Emeralds",36,"Female",1
"44","2","50",30,0,"A tycoon","Emeralds",36,"Female",1
"44","2","50",31,23,"A tycoon","Emeralds",36,"Female",1
"44","2","50",32,0,"A tycoon","Emeralds",36,"Female",1
"44","2","50",33,0,"A tycoon","Emeralds",36,"Female",1
"44","2","50",34,0,"A tycoon","Emeralds",36,"Female",1
"44","2","50",35,6,"A tycoon","Emeralds",36,"Female",1
"44","2","50",36,11,"A tycoon","Emeralds",36,"Female",1
"44","2","50",37,34,"A tycoon","Emeralds",36,"Female",1
"44","2","50",38,0,"A tycoon","Emeralds",36,"Female",1
"44","2","50",39,21,"A tycoon","Emeralds",36,"Female",1
"44","2","50",40,29,"A tycoon","Emeralds",36,"Female",1
"44","2","50",41,40,"A tycoon","Emeralds",36,"Female",1
"44","2","50",42,54,"A tycoon","Emeralds",36,"Female",1
"44","2","50",43,72,"A tycoon","Emeralds",36,"Female",1
"44","2","50",44,0,"A tycoon","Emeralds",36,"Female",1
"44","2","50",45,8,"A tycoon","Emeralds",36,"Female",1
"44","2","50",46,24,"A tycoon","Emeralds",36,"Female",1
"44","2","50",47,32,"A tycoon","Emeralds",36,"Female",1
"44","2","50",48,20,"A tycoon","Emeralds",36,"Female",1
"44","2","50",49,71,"A tycoon","Emeralds",36,"Female",1
"44","2","50",50,0,"A tycoon","Emeralds",36,"Female",1
"45","3","49",1,100,"A sheriff","Emeralds",43,"Male",1
"45","3","49",2,100,"A sheriff","Emeralds",43,"Male",1
"45","3","49",3,100,"A sheriff","Emeralds",43,"Male",1
"45","3","49",4,100,"A sheriff","Emeralds",43,"Male",1
"45","3","49",5,100,"A sheriff","Emeralds",43,"Male",1
"45","3","49",6,100,"A sheriff","Emeralds",43,"Male",1
"45","3","49",7,100,"A sheriff","Emeralds",43,"Male",1
"45","3","49",8,100,"A sheriff","Emeralds",43,"Male",1
"45","3","49",9,100,"A sheriff","Emeralds",43,"Male",1
"45","3","49",10,100,"A sheriff","Emeralds",43,"Male",1
"45","3","49",11,100,"A sheriff","Emeralds",43,"Male",1
"45","3","49",12,100,"A sheriff","Emeralds",43,"Male",1
"45","3","49",13,100,"A sheriff","Emeralds",43,"Male",1
"45","3","49",14,100,"A sheriff","Emeralds",43,"Male",1
"45","3","49",15,100,"A sheriff","Emeralds",43,"Male",1
"45","3","49",16,100,"A sheriff","Emeralds",43,"Male",1
"45","3","49",17,100,"A sheriff","Emeralds",43,"Male",1
"45","3","49",18,100,"A sheriff","Emeralds",43,"Male",1
"45","3","49",19,100,"A sheriff","Emeralds",43,"Male",1
"45","3","49",20,100,"A sheriff","Emeralds",43,"Male",1
"45","3","49",21,100,"A sheriff","Emeralds",43,"Male",1
"45","3","49",22,100,"A sheriff","Emeralds",43,"Male",1
"45","3","49",23,100,"A sheriff","Emeralds",43,"Male",1
"45","3","49",24,100,"A sheriff","Emeralds",43,"Male",1
"45","3","49",25,100,"A sheriff","Emeralds",43,"Male",1
"45","3","49",26,100,"A sheriff","Emeralds",43,"Male",1
"45","3","49",27,100,"A sheriff","Emeralds",43,"Male",1
"45","3","49",28,100,"A sheriff","Emeralds",43,"Male",1
"45","3","49",29,100,"A sheriff","Emeralds",43,"Male",1
"45","3","49",30,100,"A sheriff","Emeralds",43,"Male",1
"45","3","49",31,100,"A sheriff","Emeralds",43,"Male",1
"45","3","49",32,100,"A sheriff","Emeralds",43,"Male",1
"45","3","49",33,100,"A sheriff","Emeralds",43,"Male",1
"45","3","49",34,100,"A sheriff","Emeralds",43,"Male",1
"45","3","49",35,100,"A sheriff","Emeralds",43,"Male",1
"45","3","49",36,100,"A sheriff","Emeralds",43,"Male",1
"45","3","49",37,100,"A sheriff","Emeralds",43,"Male",1
"45","3","49",38,100,"A sheriff","Emeralds",43,"Male",1
"45","3","49",39,100,"A sheriff","Emeralds",43,"Male",1
"45","3","49",40,100,"A sheriff","Emeralds",43,"Male",1
"45","3","49",41,100,"A sheriff","Emeralds",43,"Male",1
"45","3","49",42,100,"A sheriff","Emeralds",43,"Male",1
"45","3","49",43,100,"A sheriff","Emeralds",43,"Male",1
"45","3","49",44,100,"A sheriff","Emeralds",43,"Male",1
"45","3","49",45,100,"A sheriff","Emeralds",43,"Male",1
"45","3","49",46,100,"A sheriff","Emeralds",43,"Male",1
"45","3","49",47,100,"A sheriff","Emeralds",43,"Male",1
"45","3","49",48,100,"A sheriff","Emeralds",43,"Male",1
"45","3","49",49,100,"A sheriff","Emeralds",43,"Male",1
"45","3","49",50,100,"A sheriff","Emeralds",43,"Male",1
"46","2","57",1,0,"A tycoon","Emeralds",46,"Male",1
"46","2","57",2,0,"A tycoon","Emeralds",46,"Male",1
"46","2","57",3,0,"A tycoon","Emeralds",46,"Male",1
"46","2","57",4,0,"A tycoon","Emeralds",46,"Male",1
"46","2","57",5,0,"A tycoon","Emeralds",46,"Male",1
"46","2","57",6,0,"A tycoon","Emeralds",46,"Male",1
"46","2","57",7,0,"A tycoon","Emeralds",46,"Male",1
"46","2","57",8,0,"A tycoon","Emeralds",46,"Male",1
"46","2","57",9,0,"A tycoon","Emeralds",46,"Male",1
"46","2","57",10,0,"A tycoon","Emeralds",46,"Male",1
"46","2","57",11,0,"A tycoon","Emeralds",46,"Male",1
"46","2","57",12,0,"A tycoon","Emeralds",46,"Male",1
"46","2","57",13,0,"A tycoon","Emeralds",46,"Male",1
"46","2","57",14,0,"A tycoon","Emeralds",46,"Male",1
"46","2","57",15,0,"A tycoon","Emeralds",46,"Male",1
"46","2","57",16,0,"A tycoon","Emeralds",46,"Male",1
"46","2","57",17,0,"A tycoon","Emeralds",46,"Male",1
"46","2","57",18,0,"A tycoon","Emeralds",46,"Male",1
"46","2","57",19,0,"A tycoon","Emeralds",46,"Male",1
"46","2","57",20,0,"A tycoon","Emeralds",46,"Male",1
"46","2","57",21,0,"A tycoon","Emeralds",46,"Male",1
"46","2","57",22,0,"A tycoon","Emeralds",46,"Male",1
"46","2","57",23,0,"A tycoon","Emeralds",46,"Male",1
"46","2","57",24,0,"A tycoon","Emeralds",46,"Male",1
"46","2","57",25,0,"A tycoon","Emeralds",46,"Male",1
"46","2","57",26,0,"A tycoon","Emeralds",46,"Male",1
"46","2","57",27,0,"A tycoon","Emeralds",46,"Male",1
"46","2","57",28,0,"A tycoon","Emeralds",46,"Male",1
"46","2","57",29,0,"A tycoon","Emeralds",46,"Male",1
"46","2","57",30,0,"A tycoon","Emeralds",46,"Male",1
"46","2","57",31,0,"A tycoon","Emeralds",46,"Male",1
"46","2","57",32,0,"A tycoon","Emeralds",46,"Male",1
"46","2","57",33,0,"A tycoon","Emeralds",46,"Male",1
"46","2","57",34,0,"A tycoon","Emeralds",46,"Male",1
"46","2","57",35,0,"A tycoon","Emeralds",46,"Male",1
"46","2","57",36,0,"A tycoon","Emeralds",46,"Male",1
"46","2","57",37,0,"A tycoon","Emeralds",46,"Male",1
"46","2","57",38,0,"A tycoon","Emeralds",46,"Male",1
"46","2","57",39,0,"A tycoon","Emeralds",46,"Male",1
"46","2","57",40,0,"A tycoon","Emeralds",46,"Male",1
"46","2","57",41,0,"A tycoon","Emeralds",46,"Male",1
"46","2","57",42,0,"A tycoon","Emeralds",46,"Male",1
"46","2","57",43,0,"A tycoon","Emeralds",46,"Male",1
"46","2","57",44,0,"A tycoon","Emeralds",46,"Male",1
"46","2","57",45,0,"A tycoon","Emeralds",46,"Male",1
"46","2","57",46,0,"A tycoon","Emeralds",46,"Male",1
"46","2","57",47,0,"A tycoon","Emeralds",46,"Male",1
"46","2","57",48,0,"A tycoon","Emeralds",46,"Male",1
"46","2","57",49,0,"A tycoon","Emeralds",46,"Male",1
"46","2","57",50,0,"A tycoon","Emeralds",46,"Male",1
"47","3","62",1,19,"A sheriff","Emeralds",30,"Male",1
"47","3","62",2,15,"A sheriff","Emeralds",30,"Male",1
"47","3","62",3,56,"A sheriff","Emeralds",30,"Male",1
"47","3","62",4,52,"A sheriff","Emeralds",30,"Male",1
"47","3","62",5,69,"A sheriff","Emeralds",30,"Male",1
"47","3","62",6,9,"A sheriff","Emeralds",30,"Male",1
"47","3","62",7,15,"A sheriff","Emeralds",30,"Male",1
"47","3","62",8,40,"A sheriff","Emeralds",30,"Male",1
"47","3","62",9,22,"A sheriff","Emeralds",30,"Male",1
"47","3","62",10,57,"A sheriff","Emeralds",30,"Male",1
"47","3","62",11,60,"A sheriff","Emeralds",30,"Male",1
"47","3","62",12,70,"A sheriff","Emeralds",30,"Male",1
"47","3","62",13,65,"A sheriff","Emeralds",30,"Male",1
"47","3","62",14,61,"A sheriff","Emeralds",30,"Male",1
"47","3","62",15,15,"A sheriff","Emeralds",30,"Male",1
"47","3","62",16,65,"A sheriff","Emeralds",30,"Male",1
"47","3","62",17,17,"A sheriff","Emeralds",30,"Male",1
"47","3","62",18,58,"A sheriff","Emeralds",30,"Male",1
"47","3","62",19,19,"A sheriff","Emeralds",30,"Male",1
"47","3","62",20,18,"A sheriff","Emeralds",30,"Male",1
"47","3","62",21,18,"A sheriff","Emeralds",30,"Male",1
"47","3","62",22,15,"A sheriff","Emeralds",30,"Male",1
"47","3","62",23,26,"A sheriff","Emeralds",30,"Male",1
"47","3","62",24,26,"A sheriff","Emeralds",30,"Male",1
"47","3","62",25,26,"A sheriff","Emeralds",30,"Male",1
"47","3","62",26,24,"A sheriff","Emeralds",30,"Male",1
"47","3","62",27,23,"A sheriff","Emeralds",30,"Male",1
"47","3","62",28,20,"A sheriff","Emeralds",30,"Male",1
"47","3","62",29,24,"A sheriff","Emeralds",30,"Male",1
"47","3","62",30,23,"A sheriff","Emeralds",30,"Male",1
"47","3","62",31,18,"A sheriff","Emeralds",30,"Male",1
"47","3","62",32,17,"A sheriff","Emeralds",30,"Male",1
"47","3","62",33,17,"A sheriff","Emeralds",30,"Male",1
"47","3","62",34,15,"A sheriff","Emeralds",30,"Male",1
"47","3","62",35,18,"A sheriff","Emeralds",30,"Male",1
"47","3","62",36,19,"A sheriff","Emeralds",30,"Male",1
"47","3","62",37,19,"A sheriff","Emeralds",30,"Male",1
"47","3","62",38,26,"A sheriff","Emeralds",30,"Male",1
"47","3","62",39,13,"A sheriff","Emeralds",30,"Male",1
"47","3","62",40,12,"A sheriff","Emeralds",30,"Male",1
"47","3","62",41,9,"A sheriff","Emeralds",30,"Male",1
"47","3","62",42,25,"A sheriff","Emeralds",30,"Male",1
"47","3","62",43,7,"A sheriff","Emeralds",30,"Male",1
"47","3","62",44,8,"A sheriff","Emeralds",30,"Male",1
"47","3","62",45,10,"A sheriff","Emeralds",30,"Male",1
"47","3","62",46,23,"A sheriff","Emeralds",30,"Male",1
"47","3","62",47,8,"A sheriff","Emeralds",30,"Male",1
"47","3","62",48,8,"A sheriff","Emeralds",30,"Male",1
"47","3","62",49,9,"A sheriff","Emeralds",30,"Male",1
"47","3","62",50,25,"A sheriff","Emeralds",30,"Male",1
"48","2","72",1,27,"A tycoon","Emeralds",39,"Male",1
"48","2","72",2,67,"A tycoon","Emeralds",39,"Male",1
"48","2","72",3,65,"A tycoon","Emeralds",39,"Male",1
"48","2","72",4,70,"A tycoon","Emeralds",39,"Male",1
"48","2","72",5,57,"A tycoon","Emeralds",39,"Male",1
"48","2","72",6,74,"A tycoon","Emeralds",39,"Male",1
"48","2","72",7,57,"A tycoon","Emeralds",39,"Male",1
"48","2","72",8,49,"A tycoon","Emeralds",39,"Male",1
"48","2","72",9,57,"A tycoon","Emeralds",39,"Male",1
"48","2","72",10,54,"A tycoon","Emeralds",39,"Male",1
"48","2","72",11,54,"A tycoon","Emeralds",39,"Male",1
"48","2","72",12,42,"A tycoon","Emeralds",39,"Male",1
"48","2","72",13,28,"A tycoon","Emeralds",39,"Male",1
"48","2","72",14,62,"A tycoon","Emeralds",39,"Male",1
"48","2","72",15,65,"A tycoon","Emeralds",39,"Male",1
"48","2","72",16,66,"A tycoon","Emeralds",39,"Male",1
"48","2","72",17,73,"A tycoon","Emeralds",39,"Male",1
"48","2","72",18,74,"A tycoon","Emeralds",39,"Male",1
"48","2","72",19,75,"A tycoon","Emeralds",39,"Male",1
"48","2","72",20,79,"A tycoon","Emeralds",39,"Male",1
"48","2","72",21,59,"A tycoon","Emeralds",39,"Male",1
"48","2","72",22,70,"A tycoon","Emeralds",39,"Male",1
"48","2","72",23,62,"A tycoon","Emeralds",39,"Male",1
"48","2","72",24,75,"A tycoon","Emeralds",39,"Male",1
"48","2","72",25,67,"A tycoon","Emeralds",39,"Male",1
"48","2","72",26,57,"A tycoon","Emeralds",39,"Male",1
"48","2","72",27,41,"A tycoon","Emeralds",39,"Male",1
"48","2","72",28,44,"A tycoon","Emeralds",39,"Male",1
"48","2","72",29,42,"A tycoon","Emeralds",39,"Male",1
"48","2","72",30,68,"A tycoon","Emeralds",39,"Male",1
"48","2","72",31,57,"A tycoon","Emeralds",39,"Male",1
"48","2","72",32,62,"A tycoon","Emeralds",39,"Male",1
"48","2","72",33,59,"A tycoon","Emeralds",39,"Male",1
"48","2","72",34,60,"A tycoon","Emeralds",39,"Male",1
"48","2","72",35,62,"A tycoon","Emeralds",39,"Male",1
"48","2","72",36,75,"A tycoon","Emeralds",39,"Male",1
"48","2","72",37,63,"A tycoon","Emeralds",39,"Male",1
"48","2","72",38,60,"A tycoon","Emeralds",39,"Male",1
"48","2","72",39,78,"A tycoon","Emeralds",39,"Male",1
"48","2","72",40,66,"A tycoon","Emeralds",39,"Male",1
"48","2","72",41,66,"A tycoon","Emeralds",39,"Male",1
"48","2","72",42,58,"A tycoon","Emeralds",39,"Male",1
"48","2","72",43,66,"A tycoon","Emeralds",39,"Male",1
"48","2","72",44,52,"A tycoon","Emeralds",39,"Male",1
"48","2","72",45,54,"A tycoon","Emeralds",39,"Male",1
"48","2","72",46,47,"A tycoon","Emeralds",39,"Male",1
"48","2","72",47,43,"A tycoon","Emeralds",39,"Male",1
"48","2","72",48,38,"A tycoon","Emeralds",39,"Male",1
"48","2","72",49,34,"A tycoon","Emeralds",39,"Male",1
"48","2","72",50,42,"A tycoon","Emeralds",39,"Male",1
"49","3","35",1,100,"A sheriff","Emeralds",26,"Female",1
"49","3","35",2,100,"A sheriff","Emeralds",26,"Female",1
"49","3","35",3,100,"A sheriff","Emeralds",26,"Female",1
"49","3","35",4,100,"A sheriff","Emeralds",26,"Female",1
"49","3","35",5,100,"A sheriff","Emeralds",26,"Female",1
"49","3","35",6,100,"A sheriff","Emeralds",26,"Female",1
"49","3","35",7,100,"A sheriff","Emeralds",26,"Female",1
"49","3","35",8,100,"A sheriff","Emeralds",26,"Female",1
"49","3","35",9,100,"A sheriff","Emeralds",26,"Female",1
"49","3","35",10,100,"A sheriff","Emeralds",26,"Female",1
"49","3","35",11,100,"A sheriff","Emeralds",26,"Female",1
"49","3","35",12,100,"A sheriff","Emeralds",26,"Female",1
"49","3","35",13,100,"A sheriff","Emeralds",26,"Female",1
"49","3","35",14,100,"A sheriff","Emeralds",26,"Female",1
"49","3","35",15,100,"A sheriff","Emeralds",26,"Female",1
"49","3","35",16,100,"A sheriff","Emeralds",26,"Female",1
"49","3","35",17,100,"A sheriff","Emeralds",26,"Female",1
"49","3","35",18,100,"A sheriff","Emeralds",26,"Female",1
"49","3","35",19,100,"A sheriff","Emeralds",26,"Female",1
"49","3","35",20,100,"A sheriff","Emeralds",26,"Female",1
"49","3","35",21,100,"A sheriff","Emeralds",26,"Female",1
"49","3","35",22,100,"A sheriff","Emeralds",26,"Female",1
"49","3","35",23,100,"A sheriff","Emeralds",26,"Female",1
"49","3","35",24,100,"A sheriff","Emeralds",26,"Female",1
"49","3","35",25,100,"A sheriff","Emeralds",26,"Female",1
"49","3","35",26,100,"A sheriff","Emeralds",26,"Female",1
"49","3","35",27,100,"A sheriff","Emeralds",26,"Female",1
"49","3","35",28,100,"A sheriff","Emeralds",26,"Female",1
"49","3","35",29,100,"A sheriff","Emeralds",26,"Female",1
"49","3","35",30,100,"A sheriff","Emeralds",26,"Female",1
"49","3","35",31,100,"A sheriff","Emeralds",26,"Female",1
"49","3","35",32,100,"A sheriff","Emeralds",26,"Female",1
"49","3","35",33,100,"A sheriff","Emeralds",26,"Female",1
"49","3","35",34,100,"A sheriff","Emeralds",26,"Female",1
"49","3","35",35,100,"A sheriff","Emeralds",26,"Female",1
"49","3","35",36,100,"A sheriff","Emeralds",26,"Female",1
"49","3","35",37,100,"A sheriff","Emeralds",26,"Female",1
"49","3","35",38,100,"A sheriff","Emeralds",26,"Female",1
"49","3","35",39,100,"A sheriff","Emeralds",26,"Female",1
"49","3","35",40,100,"A sheriff","Emeralds",26,"Female",1
"49","3","35",41,100,"A sheriff","Emeralds",26,"Female",1
"49","3","35",42,100,"A sheriff","Emeralds",26,"Female",1
"49","3","35",43,100,"A sheriff","Emeralds",26,"Female",1
"49","3","35",44,100,"A sheriff","Emeralds",26,"Female",1
"49","3","35",45,100,"A sheriff","Emeralds",26,"Female",1
"49","3","35",46,100,"A sheriff","Emeralds",26,"Female",1
"49","3","35",47,100,"A sheriff","Emeralds",26,"Female",1
"49","3","35",48,100,"A sheriff","Emeralds",26,"Female",1
"49","3","35",49,100,"A sheriff","Emeralds",26,"Female",1
"49","3","35",50,100,"A sheriff","Emeralds",26,"Female",1
"50","3","11",1,63,"A sheriff","Emeralds",38,"Male",1
"50","3","11",2,77,"A sheriff","Emeralds",38,"Male",1
"50","3","11",3,62,"A sheriff","Emeralds",38,"Male",1
"50","3","11",4,29,"A sheriff","Emeralds",38,"Male",1
"50","3","11",5,68,"A sheriff","Emeralds",38,"Male",1
"50","3","11",6,23,"A sheriff","Emeralds",38,"Male",1
"50","3","11",7,65,"A sheriff","Emeralds",38,"Male",1
"50","3","11",8,58,"A sheriff","Emeralds",38,"Male",1
"50","3","11",9,39,"A sheriff","Emeralds",38,"Male",1
"50","3","11",10,54,"A sheriff","Emeralds",38,"Male",1
"50","3","11",11,21,"A sheriff","Emeralds",38,"Male",1
"50","3","11",12,56,"A sheriff","Emeralds",38,"Male",1
"50","3","11",13,28,"A sheriff","Emeralds",38,"Male",1
"50","3","11",14,25,"A sheriff","Emeralds",38,"Male",1
"50","3","11",15,37,"A sheriff","Emeralds",38,"Male",1
"50","3","11",16,19,"A sheriff","Emeralds",38,"Male",1
"50","3","11",17,69,"A sheriff","Emeralds",38,"Male",1
"50","3","11",18,69,"A sheriff","Emeralds",38,"Male",1
"50","3","11",19,29,"A sheriff","Emeralds",38,"Male",1
"50","3","11",20,26,"A sheriff","Emeralds",38,"Male",1
"50","3","11",21,29,"A sheriff","Emeralds",38,"Male",1
"50","3","11",22,32,"A sheriff","Emeralds",38,"Male",1
"50","3","11",23,11,"A sheriff","Emeralds",38,"Male",1
"50","3","11",24,21,"A sheriff","Emeralds",38,"Male",1
"50","3","11",25,22,"A sheriff","Emeralds",38,"Male",1
"50","3","11",26,18,"A sheriff","Emeralds",38,"Male",1
"50","3","11",27,21,"A sheriff","Emeralds",38,"Male",1
"50","3","11",28,14,"A sheriff","Emeralds",38,"Male",1
"50","3","11",29,15,"A sheriff","Emeralds",38,"Male",1
"50","3","11",30,70,"A sheriff","Emeralds",38,"Male",1
"50","3","11",31,19,"A sheriff","Emeralds",38,"Male",1
"50","3","11",32,23,"A sheriff","Emeralds",38,"Male",1
"50","3","11",33,20,"A sheriff","Emeralds",38,"Male",1
"50","3","11",34,27,"A sheriff","Emeralds",38,"Male",1
"50","3","11",35,30,"A sheriff","Emeralds",38,"Male",1
"50","3","11",36,15,"A sheriff","Emeralds",38,"Male",1
"50","3","11",37,14,"A sheriff","Emeralds",38,"Male",1
"50","3","11",38,15,"A sheriff","Emeralds",38,"Male",1
"50","3","11",39,22,"A sheriff","Emeralds",38,"Male",1
"50","3","11",40,23,"A sheriff","Emeralds",38,"Male",1
"50","3","11",41,14,"A sheriff","Emeralds",38,"Male",1
"50","3","11",42,25,"A sheriff","Emeralds",38,"Male",1
"50","3","11",43,29,"A sheriff","Emeralds",38,"Male",1
"50","3","11",44,18,"A sheriff","Emeralds",38,"Male",1
"50","3","11",45,23,"A sheriff","Emeralds",38,"Male",1
"50","3","11",46,18,"A sheriff","Emeralds",38,"Male",1
"50","3","11",47,24,"A sheriff","Emeralds",38,"Male",1
"50","3","11",48,28,"A sheriff","Emeralds",38,"Male",1
"50","3","11",49,24,"A sheriff","Emeralds",38,"Male",1
"50","3","11",50,30,"A sheriff","Emeralds",38,"Male",1
"51","1","41",1,81,"A bandit","Rocks",57,"Female",0
"51","1","41",2,58,"A bandit","Rocks",57,"Female",0
"51","1","41",3,61,"A bandit","Rocks",57,"Female",0
"51","1","41",4,68,"A bandit","Rocks",57,"Female",0
"51","1","41",5,70,"A bandit","Rocks",57,"Female",0
"51","1","41",6,86,"A bandit","Rocks",57,"Female",0
"51","1","41",7,68,"A bandit","Rocks",57,"Female",0
"51","1","41",8,67,"A bandit","Rocks",57,"Female",0
"51","1","41",9,55,"A bandit","Rocks",57,"Female",0
"51","1","41",10,57,"A bandit","Rocks",57,"Female",0
"51","1","41",11,59,"A bandit","Rocks",57,"Female",0
"51","1","41",12,55,"A bandit","Rocks",57,"Female",0
"51","1","41",13,55,"A bandit","Rocks",57,"Female",0
"51","1","41",14,92,"A bandit","Rocks",57,"Female",0
"51","1","41",15,62,"A bandit","Rocks",57,"Female",0
"51","1","41",16,67,"A bandit","Rocks",57,"Female",0
"51","1","41",17,59,"A bandit","Rocks",57,"Female",0
"51","1","41",18,58,"A bandit","Rocks",57,"Female",0
"51","1","41",19,62,"A bandit","Rocks",57,"Female",0
"51","1","41",20,66,"A bandit","Rocks",57,"Female",0
"51","1","41",21,61,"A bandit","Rocks",57,"Female",0
"51","1","41",22,58,"A bandit","Rocks",57,"Female",0
"51","1","41",23,60,"A bandit","Rocks",57,"Female",0
"51","1","41",24,62,"A bandit","Rocks",57,"Female",0
"51","1","41",25,73,"A bandit","Rocks",57,"Female",0
"51","1","41",26,56,"A bandit","Rocks",57,"Female",0
"51","1","41",27,58,"A bandit","Rocks",57,"Female",0
"51","1","41",28,61,"A bandit","Rocks",57,"Female",0
"51","1","41",29,45,"A bandit","Rocks",57,"Female",0
"51","1","41",30,42,"A bandit","Rocks",57,"Female",0
"51","1","41",31,78,"A bandit","Rocks",57,"Female",0
"51","1","41",32,73,"A bandit","Rocks",57,"Female",0
"51","1","41",33,57,"A bandit","Rocks",57,"Female",0
"51","1","41",34,62,"A bandit","Rocks",57,"Female",0
"51","1","41",35,71,"A bandit","Rocks",57,"Female",0
"51","1","41",36,57,"A bandit","Rocks",57,"Female",0
"51","1","41",37,60,"A bandit","Rocks",57,"Female",0
"51","1","41",38,57,"A bandit","Rocks",57,"Female",0
"51","1","41",39,54,"A bandit","Rocks",57,"Female",0
"51","1","41",40,63,"A bandit","Rocks",57,"Female",0
"51","1","41",41,61,"A bandit","Rocks",57,"Female",0
"51","1","41",42,84,"A bandit","Rocks",57,"Female",0
"51","1","41",43,54,"A bandit","Rocks",57,"Female",0
"51","1","41",44,67,"A bandit","Rocks",57,"Female",0
"51","1","41",45,59,"A bandit","Rocks",57,"Female",0
"51","1","41",46,60,"A bandit","Rocks",57,"Female",0
"51","1","41",47,54,"A bandit","Rocks",57,"Female",0
"51","1","41",48,54,"A bandit","Rocks",57,"Female",0
"51","1","41",49,63,"A bandit","Rocks",57,"Female",0
"51","1","41",50,57,"A bandit","Rocks",57,"Female",0
"52","3","62",1,0,"A sheriff","Emeralds",36,"Male",1
"52","3","62",2,0,"A sheriff","Emeralds",36,"Male",1
"52","3","62",3,0,"A sheriff","Emeralds",36,"Male",1
"52","3","62",4,0,"A sheriff","Emeralds",36,"Male",1
"52","3","62",5,0,"A sheriff","Emeralds",36,"Male",1
"52","3","62",6,0,"A sheriff","Emeralds",36,"Male",1
"52","3","62",7,0,"A sheriff","Emeralds",36,"Male",1
"52","3","62",8,0,"A sheriff","Emeralds",36,"Male",1
"52","3","62",9,0,"A sheriff","Emeralds",36,"Male",1
"52","3","62",10,0,"A sheriff","Emeralds",36,"Male",1
"52","3","62",11,0,"A sheriff","Emeralds",36,"Male",1
"52","3","62",12,0,"A sheriff","Emeralds",36,"Male",1
"52","3","62",13,0,"A sheriff","Emeralds",36,"Male",1
"52","3","62",14,0,"A sheriff","Emeralds",36,"Male",1
"52","3","62",15,0,"A sheriff","Emeralds",36,"Male",1
"52","3","62",16,0,"A sheriff","Emeralds",36,"Male",1
"52","3","62",17,0,"A sheriff","Emeralds",36,"Male",1
"52","3","62",18,0,"A sheriff","Emeralds",36,"Male",1
"52","3","62",19,0,"A sheriff","Emeralds",36,"Male",1
"52","3","62",20,0,"A sheriff","Emeralds",36,"Male",1
"52","3","62",21,0,"A sheriff","Emeralds",36,"Male",1
"52","3","62",22,0,"A sheriff","Emeralds",36,"Male",1
"52","3","62",23,0,"A sheriff","Emeralds",36,"Male",1
"52","3","62",24,0,"A sheriff","Emeralds",36,"Male",1
"52","3","62",25,0,"A sheriff","Emeralds",36,"Male",1
"52","3","62",26,0,"A sheriff","Emeralds",36,"Male",1
"52","3","62",27,0,"A sheriff","Emeralds",36,"Male",1
"52","3","62",28,0,"A sheriff","Emeralds",36,"Male",1
"52","3","62",29,0,"A sheriff","Emeralds",36,"Male",1
"52","3","62",30,0,"A sheriff","Emeralds",36,"Male",1
"52","3","62",31,0,"A sheriff","Emeralds",36,"Male",1
"52","3","62",32,0,"A sheriff","Emeralds",36,"Male",1
"52","3","62",33,0,"A sheriff","Emeralds",36,"Male",1
"52","3","62",34,0,"A sheriff","Emeralds",36,"Male",1
"52","3","62",35,0,"A sheriff","Emeralds",36,"Male",1
"52","3","62",36,0,"A sheriff","Emeralds",36,"Male",1
"52","3","62",37,0,"A sheriff","Emeralds",36,"Male",1
"52","3","62",38,0,"A sheriff","Emeralds",36,"Male",1
"52","3","62",39,0,"A sheriff","Emeralds",36,"Male",1
"52","3","62",40,0,"A sheriff","Emeralds",36,"Male",1
"52","3","62",41,0,"A sheriff","Emeralds",36,"Male",1
"52","3","62",42,0,"A sheriff","Emeralds",36,"Male",1
"52","3","62",43,0,"A sheriff","Emeralds",36,"Male",1
"52","3","62",44,0,"A sheriff","Emeralds",36,"Male",1
"52","3","62",45,0,"A sheriff","Emeralds",36,"Male",1
"52","3","62",46,0,"A sheriff","Emeralds",36,"Male",1
"52","3","62",47,0,"A sheriff","Emeralds",36,"Male",1
"52","3","62",48,0,"A sheriff","Emeralds",36,"Male",1
"52","3","62",49,0,"A sheriff","Emeralds",36,"Male",1
"52","3","62",50,0,"A sheriff","Emeralds",36,"Male",1
"53","1","9",1,91,"A bandit","Emeralds",39,"Male",1
"53","1","9",2,1,"A bandit","Emeralds",39,"Male",1
"53","1","9",3,1,"A bandit","Emeralds",39,"Male",1
"53","1","9",4,97,"A bandit","Emeralds",39,"Male",1
"53","1","9",5,1,"A bandit","Emeralds",39,"Male",1
"53","1","9",6,98,"A bandit","Emeralds",39,"Male",1
"53","1","9",7,2,"A bandit","Emeralds",39,"Male",1
"53","1","9",8,98,"A bandit","Emeralds",39,"Male",1
"53","1","9",9,96,"A bandit","Emeralds",39,"Male",1
"53","1","9",10,86,"A bandit","Emeralds",39,"Male",1
"53","1","9",11,2,"A bandit","Emeralds",39,"Male",1
"53","1","9",12,84,"A bandit","Emeralds",39,"Male",1
"53","1","9",13,2,"A bandit","Emeralds",39,"Male",1
"53","1","9",14,1,"A bandit","Emeralds",39,"Male",1
"53","1","9",15,96,"A bandit","Emeralds",39,"Male",1
"53","1","9",16,96,"A bandit","Emeralds",39,"Male",1
"53","1","9",17,2,"A bandit","Emeralds",39,"Male",1
"53","1","9",18,96,"A bandit","Emeralds",39,"Male",1
"53","1","9",19,3,"A bandit","Emeralds",39,"Male",1
"53","1","9",20,96,"A bandit","Emeralds",39,"Male",1
"53","1","9",21,3,"A bandit","Emeralds",39,"Male",1
"53","1","9",22,2,"A bandit","Emeralds",39,"Male",1
"53","1","9",23,97,"A bandit","Emeralds",39,"Male",1
"53","1","9",24,2,"A bandit","Emeralds",39,"Male",1
"53","1","9",25,1,"A bandit","Emeralds",39,"Male",1
"53","1","9",26,97,"A bandit","Emeralds",39,"Male",1
"53","1","9",27,2,"A bandit","Emeralds",39,"Male",1
"53","1","9",28,94,"A bandit","Emeralds",39,"Male",1
"53","1","9",29,95,"A bandit","Emeralds",39,"Male",1
"53","1","9",30,92,"A bandit","Emeralds",39,"Male",1
"53","1","9",31,96,"A bandit","Emeralds",39,"Male",1
"53","1","9",32,96,"A bandit","Emeralds",39,"Male",1
"53","1","9",33,93,"A bandit","Emeralds",39,"Male",1
"53","1","9",34,92,"A bandit","Emeralds",39,"Male",1
"53","1","9",35,96,"A bandit","Emeralds",39,"Male",1
"53","1","9",36,96,"A bandit","Emeralds",39,"Male",1
"53","1","9",37,3,"A bandit","Emeralds",39,"Male",1
"53","1","9",38,94,"A bandit","Emeralds",39,"Male",1
"53","1","9",39,3,"A bandit","Emeralds",39,"Male",1
"53","1","9",40,94,"A bandit","Emeralds",39,"Male",1
"53","1","9",41,1,"A bandit","Emeralds",39,"Male",1
"53","1","9",42,2,"A bandit","Emeralds",39,"Male",1
"53","1","9",43,3,"A bandit","Emeralds",39,"Male",1
"53","1","9",44,2,"A bandit","Emeralds",39,"Male",1
"53","1","9",45,92,"A bandit","Emeralds",39,"Male",1
"53","1","9",46,94,"A bandit","Emeralds",39,"Male",1
"53","1","9",47,91,"A bandit","Emeralds",39,"Male",1
"53","1","9",48,94,"A bandit","Emeralds",39,"Male",1
"53","1","9",49,93,"A bandit","Emeralds",39,"Male",1
"53","1","9",50,95,"A bandit","Emeralds",39,"Male",1
"54","3","16",1,20,"A sheriff","Emeralds",55,"Male",1
"54","3","16",2,72,"A sheriff","Emeralds",55,"Male",1
"54","3","16",3,73,"A sheriff","Emeralds",55,"Male",1
"54","3","16",4,12,"A sheriff","Emeralds",55,"Male",1
"54","3","16",5,18,"A sheriff","Emeralds",55,"Male",1
"54","3","16",6,4,"A sheriff","Emeralds",55,"Male",1
"54","3","16",7,52,"A sheriff","Emeralds",55,"Male",1
"54","3","16",8,85,"A sheriff","Emeralds",55,"Male",1
"54","3","16",9,79,"A sheriff","Emeralds",55,"Male",1
"54","3","16",10,1,"A sheriff","Emeralds",55,"Male",1
"54","3","16",11,11,"A sheriff","Emeralds",55,"Male",1
"54","3","16",12,10,"A sheriff","Emeralds",55,"Male",1
"54","3","16",13,5,"A sheriff","Emeralds",55,"Male",1
"54","3","16",14,1,"A sheriff","Emeralds",55,"Male",1
"54","3","16",15,94,"A sheriff","Emeralds",55,"Male",1
"54","3","16",16,1,"A sheriff","Emeralds",55,"Male",1
"54","3","16",17,1,"A sheriff","Emeralds",55,"Male",1
"54","3","16",18,74,"A sheriff","Emeralds",55,"Male",1
"54","3","16",19,3,"A sheriff","Emeralds",55,"Male",1
"54","3","16",20,54,"A sheriff","Emeralds",55,"Male",1
"54","3","16",21,1,"A sheriff","Emeralds",55,"Male",1
"54","3","16",22,2,"A sheriff","Emeralds",55,"Male",1
"54","3","16",23,1,"A sheriff","Emeralds",55,"Male",1
"54","3","16",24,0,"A sheriff","Emeralds",55,"Male",1
"54","3","16",25,1,"A sheriff","Emeralds",55,"Male",1
"54","3","16",26,80,"A sheriff","Emeralds",55,"Male",1
"54","3","16",27,1,"A sheriff","Emeralds",55,"Male",1
"54","3","16",28,1,"A sheriff","Emeralds",55,"Male",1
"54","3","16",29,2,"A sheriff","Emeralds",55,"Male",1
"54","3","16",30,2,"A sheriff","Emeralds",55,"Male",1
"54","3","16",31,2,"A sheriff","Emeralds",55,"Male",1
"54","3","16",32,2,"A sheriff","Emeralds",55,"Male",1
"54","3","16",33,2,"A sheriff","Emeralds",55,"Male",1
"54","3","16",34,1,"A sheriff","Emeralds",55,"Male",1
"54","3","16",35,2,"A sheriff","Emeralds",55,"Male",1
"54","3","16",36,2,"A sheriff","Emeralds",55,"Male",1
"54","3","16",37,2,"A sheriff","Emeralds",55,"Male",1
"54","3","16",38,3,"A sheriff","Emeralds",55,"Male",1
"54","3","16",39,93,"A sheriff","Emeralds",55,"Male",1
"54","3","16",40,0,"A sheriff","Emeralds",55,"Male",1
"54","3","16",41,76,"A sheriff","Emeralds",55,"Male",1
"54","3","16",42,52,"A sheriff","Emeralds",55,"Male",1
"54","3","16",43,2,"A sheriff","Emeralds",55,"Male",1
"54","3","16",44,75,"A sheriff","Emeralds",55,"Male",1
"54","3","16",45,0,"A sheriff","Emeralds",55,"Male",1
"54","3","16",46,2,"A sheriff","Emeralds",55,"Male",1
"54","3","16",47,2,"A sheriff","Emeralds",55,"Male",1
"54","3","16",48,0,"A sheriff","Emeralds",55,"Male",1
"54","3","16",49,1,"A sheriff","Emeralds",55,"Male",1
"54","3","16",50,1,"A sheriff","Emeralds",55,"Male",1
"55","1","38",1,76,"A bandit","Emeralds",41,"Male",1
"55","1","38",2,86,"A bandit","Emeralds",41,"Male",1
"55","1","38",3,91,"A bandit","Emeralds",41,"Male",1
"55","1","38",4,86,"A bandit","Emeralds",41,"Male",1
"55","1","38",5,100,"A bandit","Emeralds",41,"Male",1
"55","1","38",6,4,"A bandit","Emeralds",41,"Male",1
"55","1","38",7,100,"A bandit","Emeralds",41,"Male",1
"55","1","38",8,100,"A bandit","Emeralds",41,"Male",1
"55","1","38",9,95,"A bandit","Emeralds",41,"Male",1
"55","1","38",10,98,"A bandit","Emeralds",41,"Male",1
"55","1","38",11,15,"A bandit","Emeralds",41,"Male",1
"55","1","38",12,92,"A bandit","Emeralds",41,"Male",1
"55","1","38",13,96,"A bandit","Emeralds",41,"Male",1
"55","1","38",14,92,"A bandit","Emeralds",41,"Male",1
"55","1","38",15,94,"A bandit","Emeralds",41,"Male",1
"55","1","38",16,94,"A bandit","Emeralds",41,"Male",1
"55","1","38",17,94,"A bandit","Emeralds",41,"Male",1
"55","1","38",18,97,"A bandit","Emeralds",41,"Male",1
"55","1","38",19,2,"A bandit","Emeralds",41,"Male",1
"55","1","38",20,100,"A bandit","Emeralds",41,"Male",1
"55","1","38",21,0,"A bandit","Emeralds",41,"Male",1
"55","1","38",22,4,"A bandit","Emeralds",41,"Male",1
"55","1","38",23,97,"A bandit","Emeralds",41,"Male",1
"55","1","38",24,4,"A bandit","Emeralds",41,"Male",1
"55","1","38",25,91,"A bandit","Emeralds",41,"Male",1
"55","1","38",26,95,"A bandit","Emeralds",41,"Male",1
"55","1","38",27,3,"A bandit","Emeralds",41,"Male",1
"55","1","38",28,3,"A bandit","Emeralds",41,"Male",1
"55","1","38",29,3,"A bandit","Emeralds",41,"Male",1
"55","1","38",30,4,"A bandit","Emeralds",41,"Male",1
"55","1","38",31,98,"A bandit","Emeralds",41,"Male",1
"55","1","38",32,4,"A bandit","Emeralds",41,"Male",1
"55","1","38",33,88,"A bandit","Emeralds",41,"Male",1
"55","1","38",34,92,"A bandit","Emeralds",41,"Male",1
"55","1","38",35,96,"A bandit","Emeralds",41,"Male",1
"55","1","38",36,3,"A bandit","Emeralds",41,"Male",1
"55","1","38",37,91,"A bandit","Emeralds",41,"Male",1
"55","1","38",38,1,"A bandit","Emeralds",41,"Male",1
"55","1","38",39,2,"A bandit","Emeralds",41,"Male",1
"55","1","38",40,100,"A bandit","Emeralds",41,"Male",1
"55","1","38",41,96,"A bandit","Emeralds",41,"Male",1
"55","1","38",42,95,"A bandit","Emeralds",41,"Male",1
"55","1","38",43,97,"A bandit","Emeralds",41,"Male",1
"55","1","38",44,0,"A bandit","Emeralds",41,"Male",1
"55","1","38",45,0,"A bandit","Emeralds",41,"Male",1
"55","1","38",46,0,"A bandit","Emeralds",41,"Male",1
"55","1","38",47,1,"A bandit","Emeralds",41,"Male",1
"55","1","38",48,99,"A bandit","Emeralds",41,"Male",1
"55","1","38",49,2,"A bandit","Emeralds",41,"Male",1
"55","1","38",50,3,"A bandit","Emeralds",41,"Male",1
"56","2","9",1,80,"A tycoon","Emeralds",34,"Male",1
"56","2","9",2,75,"A tycoon","Emeralds",34,"Male",1
"56","2","9",3,0,"A tycoon","Emeralds",34,"Male",1
"56","2","9",4,0,"A tycoon","Emeralds",34,"Male",1
"56","2","9",5,82,"A tycoon","Emeralds",34,"Male",1
"56","2","9",6,84,"A tycoon","Emeralds",34,"Male",1
"56","2","9",7,85,"A tycoon","Emeralds",34,"Male",1
"56","2","9",8,58,"A tycoon","Emeralds",34,"Male",1
"56","2","9",9,17,"A tycoon","Emeralds",34,"Male",1
"56","2","9",10,0,"A tycoon","Emeralds",34,"Male",1
"56","2","9",11,0,"A tycoon","Emeralds",34,"Male",1
"56","2","9",12,0,"A tycoon","Emeralds",34,"Male",1
"56","2","9",13,9,"A tycoon","Emeralds",34,"Male",1
"56","2","9",14,5,"A tycoon","Emeralds",34,"Male",1
"56","2","9",15,0,"A tycoon","Emeralds",34,"Male",1
"56","2","9",16,0,"A tycoon","Emeralds",34,"Male",1
"56","2","9",17,0,"A tycoon","Emeralds",34,"Male",1
"56","2","9",18,0,"A tycoon","Emeralds",34,"Male",1
"56","2","9",19,0,"A tycoon","Emeralds",34,"Male",1
"56","2","9",20,0,"A tycoon","Emeralds",34,"Male",1
"56","2","9",21,0,"A tycoon","Emeralds",34,"Male",1
"56","2","9",22,0,"A tycoon","Emeralds",34,"Male",1
"56","2","9",23,0,"A tycoon","Emeralds",34,"Male",1
"56","2","9",24,0,"A tycoon","Emeralds",34,"Male",1
"56","2","9",25,0,"A tycoon","Emeralds",34,"Male",1
"56","2","9",26,0,"A tycoon","Emeralds",34,"Male",1
"56","2","9",27,0,"A tycoon","Emeralds",34,"Male",1
"56","2","9",28,0,"A tycoon","Emeralds",34,"Male",1
"56","2","9",29,0,"A tycoon","Emeralds",34,"Male",1
"56","2","9",30,0,"A tycoon","Emeralds",34,"Male",1
"56","2","9",31,0,"A tycoon","Emeralds",34,"Male",1
"56","2","9",32,0,"A tycoon","Emeralds",34,"Male",1
"56","2","9",33,0,"A tycoon","Emeralds",34,"Male",1
"56","2","9",34,0,"A tycoon","Emeralds",34,"Male",1
"56","2","9",35,0,"A tycoon","Emeralds",34,"Male",1
"56","2","9",36,0,"A tycoon","Emeralds",34,"Male",1
"56","2","9",37,0,"A tycoon","Emeralds",34,"Male",1
"56","2","9",38,0,"A tycoon","Emeralds",34,"Male",1
"56","2","9",39,0,"A tycoon","Emeralds",34,"Male",1
"56","2","9",40,0,"A tycoon","Emeralds",34,"Male",1
"56","2","9",41,0,"A tycoon","Emeralds",34,"Male",1
"56","2","9",42,0,"A tycoon","Emeralds",34,"Male",1
"56","2","9",43,0,"A tycoon","Emeralds",34,"Male",1
"56","2","9",44,0,"A tycoon","Emeralds",34,"Male",1
"56","2","9",45,0,"A tycoon","Emeralds",34,"Male",1
"56","2","9",46,0,"A tycoon","Emeralds",34,"Male",1
"56","2","9",47,0,"A tycoon","Emeralds",34,"Male",1
"56","2","9",48,0,"A tycoon","Emeralds",34,"Male",1
"56","2","9",49,0,"A tycoon","Emeralds",34,"Male",1
"56","2","9",50,0,"A tycoon","Emeralds",34,"Male",1
"57","3","37",1,90,"A sheriff","Emeralds",65,"Female",1
"57","3","37",2,88,"A sheriff","Emeralds",65,"Female",1
"57","3","37",3,88,"A sheriff","Emeralds",65,"Female",1
"57","3","37",4,61,"A sheriff","Emeralds",65,"Female",1
"57","3","37",5,26,"A sheriff","Emeralds",65,"Female",1
"57","3","37",6,24,"A sheriff","Emeralds",65,"Female",1
"57","3","37",7,82,"A sheriff","Emeralds",65,"Female",1
"57","3","37",8,41,"A sheriff","Emeralds",65,"Female",1
"57","3","37",9,16,"A sheriff","Emeralds",65,"Female",1
"57","3","37",10,66,"A sheriff","Emeralds",65,"Female",1
"57","3","37",11,70,"A sheriff","Emeralds",65,"Female",1
"57","3","37",12,87,"A sheriff","Emeralds",65,"Female",1
"57","3","37",13,18,"A sheriff","Emeralds",65,"Female",1
"57","3","37",14,14,"A sheriff","Emeralds",65,"Female",1
"57","3","37",15,65,"A sheriff","Emeralds",65,"Female",1
"57","3","37",16,20,"A sheriff","Emeralds",65,"Female",1
"57","3","37",17,18,"A sheriff","Emeralds",65,"Female",1
"57","3","37",18,66,"A sheriff","Emeralds",65,"Female",1
"57","3","37",19,19,"A sheriff","Emeralds",65,"Female",1
"57","3","37",20,21,"A sheriff","Emeralds",65,"Female",1
"57","3","37",21,25,"A sheriff","Emeralds",65,"Female",1
"57","3","37",22,12,"A sheriff","Emeralds",65,"Female",1
"57","3","37",23,15,"A sheriff","Emeralds",65,"Female",1
"57","3","37",24,13,"A sheriff","Emeralds",65,"Female",1
"57","3","37",25,74,"A sheriff","Emeralds",65,"Female",1
"57","3","37",26,79,"A sheriff","Emeralds",65,"Female",1
"57","3","37",27,20,"A sheriff","Emeralds",65,"Female",1
"57","3","37",28,16,"A sheriff","Emeralds",65,"Female",1
"57","3","37",29,20,"A sheriff","Emeralds",65,"Female",1
"57","3","37",30,12,"A sheriff","Emeralds",65,"Female",1
"57","3","37",31,25,"A sheriff","Emeralds",65,"Female",1
"57","3","37",32,28,"A sheriff","Emeralds",65,"Female",1
"57","3","37",33,21,"A sheriff","Emeralds",65,"Female",1
"57","3","37",34,83,"A sheriff","Emeralds",65,"Female",1
"57","3","37",35,17,"A sheriff","Emeralds",65,"Female",1
"57","3","37",36,17,"A sheriff","Emeralds",65,"Female",1
"57","3","37",37,13,"A sheriff","Emeralds",65,"Female",1
"57","3","37",38,74,"A sheriff","Emeralds",65,"Female",1
"57","3","37",39,72,"A sheriff","Emeralds",65,"Female",1
"57","3","37",40,83,"A sheriff","Emeralds",65,"Female",1
"57","3","37",41,57,"A sheriff","Emeralds",65,"Female",1
"57","3","37",42,42,"A sheriff","Emeralds",65,"Female",1
"57","3","37",43,59,"A sheriff","Emeralds",65,"Female",1
"57","3","37",44,61,"A sheriff","Emeralds",65,"Female",1
"57","3","37",45,70,"A sheriff","Emeralds",65,"Female",1
"57","3","37",46,44,"A sheriff","Emeralds",65,"Female",1
"57","3","37",47,23,"A sheriff","Emeralds",65,"Female",1
"57","3","37",48,66,"A sheriff","Emeralds",65,"Female",1
"57","3","37",49,66,"A sheriff","Emeralds",65,"Female",1
"57","3","37",50,60,"A sheriff","Emeralds",65,"Female",1
"58","2","6",1,82,"A tycoon","Emeralds",31,"Male",1
"58","2","6",2,62,"A tycoon","Emeralds",31,"Male",1
"58","2","6",3,66,"A tycoon","Emeralds",31,"Male",1
"58","2","6",4,59,"A tycoon","Emeralds",31,"Male",1
"58","2","6",5,14,"A tycoon","Emeralds",31,"Male",1
"58","2","6",6,42,"A tycoon","Emeralds",31,"Male",1
"58","2","6",7,63,"A tycoon","Emeralds",31,"Male",1
"58","2","6",8,74,"A tycoon","Emeralds",31,"Male",1
"58","2","6",9,69,"A tycoon","Emeralds",31,"Male",1
"58","2","6",10,63,"A tycoon","Emeralds",31,"Male",1
"58","2","6",11,73,"A tycoon","Emeralds",31,"Male",1
"58","2","6",12,31,"A tycoon","Emeralds",31,"Male",1
"58","2","6",13,70,"A tycoon","Emeralds",31,"Male",1
"58","2","6",14,75,"A tycoon","Emeralds",31,"Male",1
"58","2","6",15,72,"A tycoon","Emeralds",31,"Male",1
"58","2","6",16,74,"A tycoon","Emeralds",31,"Male",1
"58","2","6",17,28,"A tycoon","Emeralds",31,"Male",1
"58","2","6",18,11,"A tycoon","Emeralds",31,"Male",1
"58","2","6",19,27,"A tycoon","Emeralds",31,"Male",1
"58","2","6",20,75,"A tycoon","Emeralds",31,"Male",1
"58","2","6",21,79,"A tycoon","Emeralds",31,"Male",1
"58","2","6",22,85,"A tycoon","Emeralds",31,"Male",1
"58","2","6",23,24,"A tycoon","Emeralds",31,"Male",1
"58","2","6",24,75,"A tycoon","Emeralds",31,"Male",1
"58","2","6",25,82,"A tycoon","Emeralds",31,"Male",1
"58","2","6",26,21,"A tycoon","Emeralds",31,"Male",1
"58","2","6",27,84,"A tycoon","Emeralds",31,"Male",1
"58","2","6",28,76,"A tycoon","Emeralds",31,"Male",1
"58","2","6",29,79,"A tycoon","Emeralds",31,"Male",1
"58","2","6",30,73,"A tycoon","Emeralds",31,"Male",1
"58","2","6",31,62,"A tycoon","Emeralds",31,"Male",1
"58","2","6",32,63,"A tycoon","Emeralds",31,"Male",1
"58","2","6",33,60,"A tycoon","Emeralds",31,"Male",1
"58","2","6",34,60,"A tycoon","Emeralds",31,"Male",1
"58","2","6",35,63,"A tycoon","Emeralds",31,"Male",1
"58","2","6",36,33,"A tycoon","Emeralds",31,"Male",1
"58","2","6",37,76,"A tycoon","Emeralds",31,"Male",1
"58","2","6",38,24,"A tycoon","Emeralds",31,"Male",1
"58","2","6",39,70,"A tycoon","Emeralds",31,"Male",1
"58","2","6",40,57,"A tycoon","Emeralds",31,"Male",1
"58","2","6",41,84,"A tycoon","Emeralds",31,"Male",1
"58","2","6",42,88,"A tycoon","Emeralds",31,"Male",1
"58","2","6",43,80,"A tycoon","Emeralds",31,"Male",1
"58","2","6",44,27,"A tycoon","Emeralds",31,"Male",1
"58","2","6",45,80,"A tycoon","Emeralds",31,"Male",1
"58","2","6",46,80,"A tycoon","Emeralds",31,"Male",1
"58","2","6",47,86,"A tycoon","Emeralds",31,"Male",1
"58","2","6",48,81,"A tycoon","Emeralds",31,"Male",1
"58","2","6",49,69,"A tycoon","Emeralds",31,"Male",1
"58","2","6",50,66,"A tycoon","Emeralds",31,"Male",1
"59","2","9",1,78,"A tycoon","Emeralds",38,"Male",1
"59","2","9",2,74,"A tycoon","Emeralds",38,"Male",1
"59","2","9",3,12,"A tycoon","Emeralds",38,"Male",1
"59","2","9",4,14,"A tycoon","Emeralds",38,"Male",1
"59","2","9",5,84,"A tycoon","Emeralds",38,"Male",1
"59","2","9",6,69,"A tycoon","Emeralds",38,"Male",1
"59","2","9",7,75,"A tycoon","Emeralds",38,"Male",1
"59","2","9",8,79,"A tycoon","Emeralds",38,"Male",1
"59","2","9",9,78,"A tycoon","Emeralds",38,"Male",1
"59","2","9",10,84,"A tycoon","Emeralds",38,"Male",1
"59","2","9",11,7,"A tycoon","Emeralds",38,"Male",1
"59","2","9",12,10,"A tycoon","Emeralds",38,"Male",1
"59","2","9",13,67,"A tycoon","Emeralds",38,"Male",1
"59","2","9",14,74,"A tycoon","Emeralds",38,"Male",1
"59","2","9",15,71,"A tycoon","Emeralds",38,"Male",1
"59","2","9",16,79,"A tycoon","Emeralds",38,"Male",1
"59","2","9",17,63,"A tycoon","Emeralds",38,"Male",1
"59","2","9",18,52,"A tycoon","Emeralds",38,"Male",1
"59","2","9",19,9,"A tycoon","Emeralds",38,"Male",1
"59","2","9",20,13,"A tycoon","Emeralds",38,"Male",1
"59","2","9",21,78,"A tycoon","Emeralds",38,"Male",1
"59","2","9",22,80,"A tycoon","Emeralds",38,"Male",1
"59","2","9",23,82,"A tycoon","Emeralds",38,"Male",1
"59","2","9",24,7,"A tycoon","Emeralds",38,"Male",1
"59","2","9",25,24,"A tycoon","Emeralds",38,"Male",1
"59","2","9",26,82,"A tycoon","Emeralds",38,"Male",1
"59","2","9",27,70,"A tycoon","Emeralds",38,"Male",1
"59","2","9",28,72,"A tycoon","Emeralds",38,"Male",1
"59","2","9",29,24,"A tycoon","Emeralds",38,"Male",1
"59","2","9",30,7,"A tycoon","Emeralds",38,"Male",1
"59","2","9",31,30,"A tycoon","Emeralds",38,"Male",1
"59","2","9",32,30,"A tycoon","Emeralds",38,"Male",1
"59","2","9",33,28,"A tycoon","Emeralds",38,"Male",1
"59","2","9",34,8,"A tycoon","Emeralds",38,"Male",1
"59","2","9",35,34,"A tycoon","Emeralds",38,"Male",1
"59","2","9",36,9,"A tycoon","Emeralds",38,"Male",1
"59","2","9",37,37,"A tycoon","Emeralds",38,"Male",1
"59","2","9",38,33,"A tycoon","Emeralds",38,"Male",1
"59","2","9",39,33,"A tycoon","Emeralds",38,"Male",1
"59","2","9",40,32,"A tycoon","Emeralds",38,"Male",1
"59","2","9",41,5,"A tycoon","Emeralds",38,"Male",1
"59","2","9",42,10,"A tycoon","Emeralds",38,"Male",1
"59","2","9",43,76,"A tycoon","Emeralds",38,"Male",1
"59","2","9",44,77,"A tycoon","Emeralds",38,"Male",1
"59","2","9",45,77,"A tycoon","Emeralds",38,"Male",1
"59","2","9",46,81,"A tycoon","Emeralds",38,"Male",1
"59","2","9",47,72,"A tycoon","Emeralds",38,"Male",1
"59","2","9",48,8,"A tycoon","Emeralds",38,"Male",1
"59","2","9",49,9,"A tycoon","Emeralds",38,"Male",1
"59","2","9",50,43,"A tycoon","Emeralds",38,"Male",1
"60","2","60",1,11,"A tycoon","Emeralds",31,"Male",1
"60","2","60",2,14,"A tycoon","Emeralds",31,"Male",1
"60","2","60",3,7,"A tycoon","Emeralds",31,"Male",1
"60","2","60",4,17,"A tycoon","Emeralds",31,"Male",1
"60","2","60",5,4,"A tycoon","Emeralds",31,"Male",1
"60","2","60",6,12,"A tycoon","Emeralds",31,"Male",1
"60","2","60",7,7,"A tycoon","Emeralds",31,"Male",1
"60","2","60",8,17,"A tycoon","Emeralds",31,"Male",1
"60","2","60",9,12,"A tycoon","Emeralds",31,"Male",1
"60","2","60",10,10,"A tycoon","Emeralds",31,"Male",1
"60","2","60",11,15,"A tycoon","Emeralds",31,"Male",1
"60","2","60",12,15,"A tycoon","Emeralds",31,"Male",1
"60","2","60",13,14,"A tycoon","Emeralds",31,"Male",1
"60","2","60",14,14,"A tycoon","Emeralds",31,"Male",1
"60","2","60",15,16,"A tycoon","Emeralds",31,"Male",1
"60","2","60",16,14,"A tycoon","Emeralds",31,"Male",1
"60","2","60",17,14,"A tycoon","Emeralds",31,"Male",1
"60","2","60",18,15,"A tycoon","Emeralds",31,"Male",1
"60","2","60",19,5,"A tycoon","Emeralds",31,"Male",1
"60","2","60",20,21,"A tycoon","Emeralds",31,"Male",1
"60","2","60",21,1,"A tycoon","Emeralds",31,"Male",1
"60","2","60",22,1,"A tycoon","Emeralds",31,"Male",1
"60","2","60",23,8,"A tycoon","Emeralds",31,"Male",1
"60","2","60",24,9,"A tycoon","Emeralds",31,"Male",1
"60","2","60",25,9,"A tycoon","Emeralds",31,"Male",1
"60","2","60",26,17,"A tycoon","Emeralds",31,"Male",1
"60","2","60",27,16,"A tycoon","Emeralds",31,"Male",1
"60","2","60",28,15,"A tycoon","Emeralds",31,"Male",1
"60","2","60",29,7,"A tycoon","Emeralds",31,"Male",1
"60","2","60",30,14,"A tycoon","Emeralds",31,"Male",1
"60","2","60",31,14,"A tycoon","Emeralds",31,"Male",1
"60","2","60",32,19,"A tycoon","Emeralds",31,"Male",1
"60","2","60",33,17,"A tycoon","Emeralds",31,"Male",1
"60","2","60",34,2,"A tycoon","Emeralds",31,"Male",1
"60","2","60",35,12,"A tycoon","Emeralds",31,"Male",1
"60","2","60",36,8,"A tycoon","Emeralds",31,"Male",1
"60","2","60",37,24,"A tycoon","Emeralds",31,"Male",1
"60","2","60",38,13,"A tycoon","Emeralds",31,"Male",1
"60","2","60",39,1,"A tycoon","Emeralds",31,"Male",1
"60","2","60",40,0,"A tycoon","Emeralds",31,"Male",1
"60","2","60",41,1,"A tycoon","Emeralds",31,"Male",1
"60","2","60",42,2,"A tycoon","Emeralds",31,"Male",1
"60","2","60",43,10,"A tycoon","Emeralds",31,"Male",1
"60","2","60",44,3,"A tycoon","Emeralds",31,"Male",1
"60","2","60",45,5,"A tycoon","Emeralds",31,"Male",1
"60","2","60",46,2,"A tycoon","Emeralds",31,"Male",1
"60","2","60",47,26,"A tycoon","Emeralds",31,"Male",1
"60","2","60",48,4,"A tycoon","Emeralds",31,"Male",1
"60","2","60",49,12,"A tycoon","Emeralds",31,"Male",1
"60","2","60",50,2,"A tycoon","Emeralds",31,"Male",1
"61","3","50",1,50,"A sheriff","Emeralds",31,"Male",1
"61","3","50",2,43,"A sheriff","Emeralds",31,"Male",1
"61","3","50",3,32,"A sheriff","Emeralds",31,"Male",1
"61","3","50",4,54,"A sheriff","Emeralds",31,"Male",1
"61","3","50",5,46,"A sheriff","Emeralds",31,"Male",1
"61","3","50",6,68,"A sheriff","Emeralds",31,"Male",1
"61","3","50",7,72,"A sheriff","Emeralds",31,"Male",1
"61","3","50",8,30,"A sheriff","Emeralds",31,"Male",1
"61","3","50",9,25,"A sheriff","Emeralds",31,"Male",1
"61","3","50",10,16,"A sheriff","Emeralds",31,"Male",1
"61","3","50",11,15,"A sheriff","Emeralds",31,"Male",1
"61","3","50",12,78,"A sheriff","Emeralds",31,"Male",1
"61","3","50",13,20,"A sheriff","Emeralds",31,"Male",1
"61","3","50",14,24,"A sheriff","Emeralds",31,"Male",1
"61","3","50",15,21,"A sheriff","Emeralds",31,"Male",1
"61","3","50",16,16,"A sheriff","Emeralds",31,"Male",1
"61","3","50",17,81,"A sheriff","Emeralds",31,"Male",1
"61","3","50",18,79,"A sheriff","Emeralds",31,"Male",1
"61","3","50",19,14,"A sheriff","Emeralds",31,"Male",1
"61","3","50",20,83,"A sheriff","Emeralds",31,"Male",1
"61","3","50",21,85,"A sheriff","Emeralds",31,"Male",1
"61","3","50",22,84,"A sheriff","Emeralds",31,"Male",1
"61","3","50",23,81,"A sheriff","Emeralds",31,"Male",1
"61","3","50",24,83,"A sheriff","Emeralds",31,"Male",1
"61","3","50",25,18,"A sheriff","Emeralds",31,"Male",1
"61","3","50",26,16,"A sheriff","Emeralds",31,"Male",1
"61","3","50",27,16,"A sheriff","Emeralds",31,"Male",1
"61","3","50",28,17,"A sheriff","Emeralds",31,"Male",1
"61","3","50",29,18,"A sheriff","Emeralds",31,"Male",1
"61","3","50",30,14,"A sheriff","Emeralds",31,"Male",1
"61","3","50",31,20,"A sheriff","Emeralds",31,"Male",1
"61","3","50",32,22,"A sheriff","Emeralds",31,"Male",1
"61","3","50",33,7,"A sheriff","Emeralds",31,"Male",1
"61","3","50",34,86,"A sheriff","Emeralds",31,"Male",1
"61","3","50",35,11,"A sheriff","Emeralds",31,"Male",1
"61","3","50",36,82,"A sheriff","Emeralds",31,"Male",1
"61","3","50",37,14,"A sheriff","Emeralds",31,"Male",1
"61","3","50",38,80,"A sheriff","Emeralds",31,"Male",1
"61","3","50",39,14,"A sheriff","Emeralds",31,"Male",1
"61","3","50",40,80,"A sheriff","Emeralds",31,"Male",1
"61","3","50",41,79,"A sheriff","Emeralds",31,"Male",1
"61","3","50",42,81,"A sheriff","Emeralds",31,"Male",1
"61","3","50",43,84,"A sheriff","Emeralds",31,"Male",1
"61","3","50",44,83,"A sheriff","Emeralds",31,"Male",1
"61","3","50",45,13,"A sheriff","Emeralds",31,"Male",1
"61","3","50",46,79,"A sheriff","Emeralds",31,"Male",1
"61","3","50",47,80,"A sheriff","Emeralds",31,"Male",1
"61","3","50",48,88,"A sheriff","Emeralds",31,"Male",1
"61","3","50",49,83,"A sheriff","Emeralds",31,"Male",1
"61","3","50",50,17,"A sheriff","Emeralds",31,"Male",1
"62","1","30",1,16,"A bandit","Emeralds",64,"Female",1
"62","1","30",2,16,"A bandit","Emeralds",64,"Female",1
"62","1","30",3,73,"A bandit","Emeralds",64,"Female",1
"62","1","30",4,0,"A bandit","Emeralds",64,"Female",1
"62","1","30",5,0,"A bandit","Emeralds",64,"Female",1
"62","1","30",6,22,"A bandit","Emeralds",64,"Female",1
"62","1","30",7,66,"A bandit","Emeralds",64,"Female",1
"62","1","30",8,0,"A bandit","Emeralds",64,"Female",1
"62","1","30",9,0,"A bandit","Emeralds",64,"Female",1
"62","1","30",10,62,"A bandit","Emeralds",64,"Female",1
"62","1","30",11,77,"A bandit","Emeralds",64,"Female",1
"62","1","30",12,0,"A bandit","Emeralds",64,"Female",1
"62","1","30",13,35,"A bandit","Emeralds",64,"Female",1
"62","1","30",14,70,"A bandit","Emeralds",64,"Female",1
"62","1","30",15,83,"A bandit","Emeralds",64,"Female",1
"62","1","30",16,100,"A bandit","Emeralds",64,"Female",1
"62","1","30",17,100,"A bandit","Emeralds",64,"Female",1
"62","1","30",18,100,"A bandit","Emeralds",64,"Female",1
"62","1","30",19,0,"A bandit","Emeralds",64,"Female",1
"62","1","30",20,0,"A bandit","Emeralds",64,"Female",1
"62","1","30",21,0,"A bandit","Emeralds",64,"Female",1
"62","1","30",22,12,"A bandit","Emeralds",64,"Female",1
"62","1","30",23,59,"A bandit","Emeralds",64,"Female",1
"62","1","30",24,0,"A bandit","Emeralds",64,"Female",1
"62","1","30",25,0,"A bandit","Emeralds",64,"Female",1
"62","1","30",26,7,"A bandit","Emeralds",64,"Female",1
"62","1","30",27,0,"A bandit","Emeralds",64,"Female",1
"62","1","30",28,0,"A bandit","Emeralds",64,"Female",1
"62","1","30",29,65,"A bandit","Emeralds",64,"Female",1
"62","1","30",30,69,"A bandit","Emeralds",64,"Female",1
"62","1","30",31,83,"A bandit","Emeralds",64,"Female",1
"62","1","30",32,91,"A bandit","Emeralds",64,"Female",1
"62","1","30",33,0,"A bandit","Emeralds",64,"Female",1
"62","1","30",34,0,"A bandit","Emeralds",64,"Female",1
"62","1","30",35,0,"A bandit","Emeralds",64,"Female",1
"62","1","30",36,0,"A bandit","Emeralds",64,"Female",1
"62","1","30",37,0,"A bandit","Emeralds",64,"Female",1
"62","1","30",38,0,"A bandit","Emeralds",64,"Female",1
"62","1","30",39,60,"A bandit","Emeralds",64,"Female",1
"62","1","30",40,0,"A bandit","Emeralds",64,"Female",1
"62","1","30",41,0,"A bandit","Emeralds",64,"Female",1
"62","1","30",42,55,"A bandit","Emeralds",64,"Female",1
"62","1","30",43,0,"A bandit","Emeralds",64,"Female",1
"62","1","30",44,0,"A bandit","Emeralds",64,"Female",1
"62","1","30",45,0,"A bandit","Emeralds",64,"Female",1
"62","1","30",46,59,"A bandit","Emeralds",64,"Female",1
"62","1","30",47,71,"A bandit","Emeralds",64,"Female",1
"62","1","30",48,0,"A bandit","Emeralds",64,"Female",1
"62","1","30",49,0,"A bandit","Emeralds",64,"Female",1
"62","1","30",50,0,"A bandit","Emeralds",64,"Female",1
"63","2","46",1,28,"None of the above","Emeralds",29,"Male",0
"63","2","46",2,65,"None of the above","Emeralds",29,"Male",0
"63","2","46",3,36,"None of the above","Emeralds",29,"Male",0
"63","2","46",4,84,"None of the above","Emeralds",29,"Male",0
"63","2","46",5,32,"None of the above","Emeralds",29,"Male",0
"63","2","46",6,14,"None of the above","Emeralds",29,"Male",0
"63","2","46",7,9,"None of the above","Emeralds",29,"Male",0
"63","2","46",8,24,"None of the above","Emeralds",29,"Male",0
"63","2","46",9,64,"None of the above","Emeralds",29,"Male",0
"63","2","46",10,74,"None of the above","Emeralds",29,"Male",0
"63","2","46",11,81,"None of the above","Emeralds",29,"Male",0
"63","2","46",12,27,"None of the above","Emeralds",29,"Male",0
"63","2","46",13,73,"None of the above","Emeralds",29,"Male",0
"63","2","46",14,20,"None of the above","Emeralds",29,"Male",0
"63","2","46",15,66,"None of the above","Emeralds",29,"Male",0
"63","2","46",16,16,"None of the above","Emeralds",29,"Male",0
"63","2","46",17,77,"None of the above","Emeralds",29,"Male",0
"63","2","46",18,17,"None of the above","Emeralds",29,"Male",0
"63","2","46",19,23,"None of the above","Emeralds",29,"Male",0
"63","2","46",20,31,"None of the above","Emeralds",29,"Male",0
"63","2","46",21,14,"None of the above","Emeralds",29,"Male",0
"63","2","46",22,18,"None of the above","Emeralds",29,"Male",0
"63","2","46",23,13,"None of the above","Emeralds",29,"Male",0
"63","2","46",24,7,"None of the above","Emeralds",29,"Male",0
"63","2","46",25,26,"None of the above","Emeralds",29,"Male",0
"63","2","46",26,28,"None of the above","Emeralds",29,"Male",0
"63","2","46",27,63,"None of the above","Emeralds",29,"Male",0
"63","2","46",28,19,"None of the above","Emeralds",29,"Male",0
"63","2","46",29,14,"None of the above","Emeralds",29,"Male",0
"63","2","46",30,38,"None of the above","Emeralds",29,"Male",0
"63","2","46",31,25,"None of the above","Emeralds",29,"Male",0
"63","2","46",32,18,"None of the above","Emeralds",29,"Male",0
"63","2","46",33,22,"None of the above","Emeralds",29,"Male",0
"63","2","46",34,35,"None of the above","Emeralds",29,"Male",0
"63","2","46",35,27,"None of the above","Emeralds",29,"Male",0
"63","2","46",36,19,"None of the above","Emeralds",29,"Male",0
"63","2","46",37,41,"None of the above","Emeralds",29,"Male",0
"63","2","46",38,63,"None of the above","Emeralds",29,"Male",0
"63","2","46",39,67,"None of the above","Emeralds",29,"Male",0
"63","2","46",40,26,"None of the above","Emeralds",29,"Male",0
"63","2","46",41,40,"None of the above","Emeralds",29,"Male",0
"63","2","46",42,24,"None of the above","Emeralds",29,"Male",0
"63","2","46",43,30,"None of the above","Emeralds",29,"Male",0
"63","2","46",44,57,"None of the above","Emeralds",29,"Male",0
"63","2","46",45,35,"None of the above","Emeralds",29,"Male",0
"63","2","46",46,42,"None of the above","Emeralds",29,"Male",0
"63","2","46",47,28,"None of the above","Emeralds",29,"Male",0
"63","2","46",48,38,"None of the above","Emeralds",29,"Male",0
"63","2","46",49,23,"None of the above","Emeralds",29,"Male",0
"63","2","46",50,37,"None of the above","Emeralds",29,"Male",0
"64","2","56",1,73,"A tycoon","Emeralds",25,"Male",1
"64","2","56",2,78,"A tycoon","Emeralds",25,"Male",1
"64","2","56",3,86,"A tycoon","Emeralds",25,"Male",1
"64","2","56",4,83,"A tycoon","Emeralds",25,"Male",1
"64","2","56",5,27,"A tycoon","Emeralds",25,"Male",1
"64","2","56",6,87,"A tycoon","Emeralds",25,"Male",1
"64","2","56",7,88,"A tycoon","Emeralds",25,"Male",1
"64","2","56",8,93,"A tycoon","Emeralds",25,"Male",1
"64","2","56",9,15,"A tycoon","Emeralds",25,"Male",1
"64","2","56",10,98,"A tycoon","Emeralds",25,"Male",1
"64","2","56",11,100,"A tycoon","Emeralds",25,"Male",1
"64","2","56",12,99,"A tycoon","Emeralds",25,"Male",1
"64","2","56",13,8,"A tycoon","Emeralds",25,"Male",1
"64","2","56",14,81,"A tycoon","Emeralds",25,"Male",1
"64","2","56",15,95,"A tycoon","Emeralds",25,"Male",1
"64","2","56",16,21,"A tycoon","Emeralds",25,"Male",1
"64","2","56",17,90,"A tycoon","Emeralds",25,"Male",1
"64","2","56",18,23,"A tycoon","Emeralds",25,"Male",1
"64","2","56",19,100,"A tycoon","Emeralds",25,"Male",1
"64","2","56",20,12,"A tycoon","Emeralds",25,"Male",1
"64","2","56",21,83,"A tycoon","Emeralds",25,"Male",1
"64","2","56",22,84,"A tycoon","Emeralds",25,"Male",1
"64","2","56",23,17,"A tycoon","Emeralds",25,"Male",1
"64","2","56",24,8,"A tycoon","Emeralds",25,"Male",1
"64","2","56",25,95,"A tycoon","Emeralds",25,"Male",1
"64","2","56",26,98,"A tycoon","Emeralds",25,"Male",1
"64","2","56",27,97,"A tycoon","Emeralds",25,"Male",1
"64","2","56",28,90,"A tycoon","Emeralds",25,"Male",1
"64","2","56",29,12,"A tycoon","Emeralds",25,"Male",1
"64","2","56",30,100,"A tycoon","Emeralds",25,"Male",1
"64","2","56",31,83,"A tycoon","Emeralds",25,"Male",1
"64","2","56",32,17,"A tycoon","Emeralds",25,"Male",1
"64","2","56",33,81,"A tycoon","Emeralds",25,"Male",1
"64","2","56",34,100,"A tycoon","Emeralds",25,"Male",1
"64","2","56",35,12,"A tycoon","Emeralds",25,"Male",1
"64","2","56",36,84,"A tycoon","Emeralds",25,"Male",1
"64","2","56",37,100,"A tycoon","Emeralds",25,"Male",1
"64","2","56",38,87,"A tycoon","Emeralds",25,"Male",1
"64","2","56",39,93,"A tycoon","Emeralds",25,"Male",1
"64","2","56",40,100,"A tycoon","Emeralds",25,"Male",1
"64","2","56",41,87,"A tycoon","Emeralds",25,"Male",1
"64","2","56",42,92,"A tycoon","Emeralds",25,"Male",1
"64","2","56",43,97,"A tycoon","Emeralds",25,"Male",1
"64","2","56",44,93,"A tycoon","Emeralds",25,"Male",1
"64","2","56",45,16,"A tycoon","Emeralds",25,"Male",1
"64","2","56",46,79,"A tycoon","Emeralds",25,"Male",1
"64","2","56",47,81,"A tycoon","Emeralds",25,"Male",1
"64","2","56",48,87,"A tycoon","Emeralds",25,"Male",1
"64","2","56",49,15,"A tycoon","Emeralds",25,"Male",1
"64","2","56",50,89,"A tycoon","Emeralds",25,"Male",1
"65","1","6",1,94,"A bandit","Emeralds",53,"Male",1
"65","1","6",2,0,"A bandit","Emeralds",53,"Male",1
"65","1","6",3,0,"A bandit","Emeralds",53,"Male",1
"65","1","6",4,0,"A bandit","Emeralds",53,"Male",1
"65","1","6",5,0,"A bandit","Emeralds",53,"Male",1
"65","1","6",6,0,"A bandit","Emeralds",53,"Male",1
"65","1","6",7,0,"A bandit","Emeralds",53,"Male",1
"65","1","6",8,88,"A bandit","Emeralds",53,"Male",1
"65","1","6",9,0,"A bandit","Emeralds",53,"Male",1
"65","1","6",10,84,"A bandit","Emeralds",53,"Male",1
"65","1","6",11,91,"A bandit","Emeralds",53,"Male",1
"65","1","6",12,0,"A bandit","Emeralds",53,"Male",1
"65","1","6",13,83,"A bandit","Emeralds",53,"Male",1
"65","1","6",14,0,"A bandit","Emeralds",53,"Male",1
"65","1","6",15,80,"A bandit","Emeralds",53,"Male",1
"65","1","6",16,0,"A bandit","Emeralds",53,"Male",1
"65","1","6",17,88,"A bandit","Emeralds",53,"Male",1
"65","1","6",18,0,"A bandit","Emeralds",53,"Male",1
"65","1","6",19,91,"A bandit","Emeralds",53,"Male",1
"65","1","6",20,0,"A bandit","Emeralds",53,"Male",1
"65","1","6",21,0,"A bandit","Emeralds",53,"Male",1
"65","1","6",22,4,"A bandit","Emeralds",53,"Male",1
"65","1","6",23,0,"A bandit","Emeralds",53,"Male",1
"65","1","6",24,0,"A bandit","Emeralds",53,"Male",1
"65","1","6",25,92,"A bandit","Emeralds",53,"Male",1
"65","1","6",26,0,"A bandit","Emeralds",53,"Male",1
"65","1","6",27,89,"A bandit","Emeralds",53,"Male",1
"65","1","6",28,0,"A bandit","Emeralds",53,"Male",1
"65","1","6",29,0,"A bandit","Emeralds",53,"Male",1
"65","1","6",30,90,"A bandit","Emeralds",53,"Male",1
"65","1","6",31,86,"A bandit","Emeralds",53,"Male",1
"65","1","6",32,96,"A bandit","Emeralds",53,"Male",1
"65","1","6",33,0,"A bandit","Emeralds",53,"Male",1
"65","1","6",34,0,"A bandit","Emeralds",53,"Male",1
"65","1","6",35,94,"A bandit","Emeralds",53,"Male",1
"65","1","6",36,100,"A bandit","Emeralds",53,"Male",1
"65","1","6",37,100,"A bandit","Emeralds",53,"Male",1
"65","1","6",38,100,"A bandit","Emeralds",53,"Male",1
"65","1","6",39,9,"A bandit","Emeralds",53,"Male",1
"65","1","6",40,4,"A bandit","Emeralds",53,"Male",1
"65","1","6",41,0,"A bandit","Emeralds",53,"Male",1
"65","1","6",42,82,"A bandit","Emeralds",53,"Male",1
"65","1","6",43,90,"A bandit","Emeralds",53,"Male",1
"65","1","6",44,0,"A bandit","Emeralds",53,"Male",1
"65","1","6",45,90,"A bandit","Emeralds",53,"Male",1
"65","1","6",46,0,"A bandit","Emeralds",53,"Male",1
"65","1","6",47,89,"A bandit","Emeralds",53,"Male",1
"65","1","6",48,90,"A bandit","Emeralds",53,"Male",1
"65","1","6",49,85,"A bandit","Emeralds",53,"Male",1
"65","1","6",50,88,"A bandit","Emeralds",53,"Male",1
"66","3","18",1,85,"A sheriff","Emeralds",32,"Female",1
"66","3","18",2,80,"A sheriff","Emeralds",32,"Female",1
"66","3","18",3,87,"A sheriff","Emeralds",32,"Female",1
"66","3","18",4,96,"A sheriff","Emeralds",32,"Female",1
"66","3","18",5,98,"A sheriff","Emeralds",32,"Female",1
"66","3","18",6,97,"A sheriff","Emeralds",32,"Female",1
"66","3","18",7,34,"A sheriff","Emeralds",32,"Female",1
"66","3","18",8,21,"A sheriff","Emeralds",32,"Female",1
"66","3","18",9,86,"A sheriff","Emeralds",32,"Female",1
"66","3","18",10,17,"A sheriff","Emeralds",32,"Female",1
"66","3","18",11,63,"A sheriff","Emeralds",32,"Female",1
"66","3","18",12,69,"A sheriff","Emeralds",32,"Female",1
"66","3","18",13,85,"A sheriff","Emeralds",32,"Female",1
"66","3","18",14,27,"A sheriff","Emeralds",32,"Female",1
"66","3","18",15,76,"A sheriff","Emeralds",32,"Female",1
"66","3","18",16,78,"A sheriff","Emeralds",32,"Female",1
"66","3","18",17,79,"A sheriff","Emeralds",32,"Female",1
"66","3","18",18,24,"A sheriff","Emeralds",32,"Female",1
"66","3","18",19,81,"A sheriff","Emeralds",32,"Female",1
"66","3","18",20,33,"A sheriff","Emeralds",32,"Female",1
"66","3","18",21,77,"A sheriff","Emeralds",32,"Female",1
"66","3","18",22,16,"A sheriff","Emeralds",32,"Female",1
"66","3","18",23,87,"A sheriff","Emeralds",32,"Female",1
"66","3","18",24,93,"A sheriff","Emeralds",32,"Female",1
"66","3","18",25,29,"A sheriff","Emeralds",32,"Female",1
"66","3","18",26,26,"A sheriff","Emeralds",32,"Female",1
"66","3","18",27,88,"A sheriff","Emeralds",32,"Female",1
"66","3","18",28,98,"A sheriff","Emeralds",32,"Female",1
"66","3","18",29,20,"A sheriff","Emeralds",32,"Female",1
"66","3","18",30,88,"A sheriff","Emeralds",32,"Female",1
"66","3","18",31,23,"A sheriff","Emeralds",32,"Female",1
"66","3","18",32,87,"A sheriff","Emeralds",32,"Female",1
"66","3","18",33,23,"A sheriff","Emeralds",32,"Female",1
"66","3","18",34,87,"A sheriff","Emeralds",32,"Female",1
"66","3","18",35,83,"A sheriff","Emeralds",32,"Female",1
"66","3","18",36,88,"A sheriff","Emeralds",32,"Female",1
"66","3","18",37,94,"A sheriff","Emeralds",32,"Female",1
"66","3","18",38,96,"A sheriff","Emeralds",32,"Female",1
"66","3","18",39,92,"A sheriff","Emeralds",32,"Female",1
"66","3","18",40,93,"A sheriff","Emeralds",32,"Female",1
"66","3","18",41,21,"A sheriff","Emeralds",32,"Female",1
"66","3","18",42,19,"A sheriff","Emeralds",32,"Female",1
"66","3","18",43,22,"A sheriff","Emeralds",32,"Female",1
"66","3","18",44,64,"A sheriff","Emeralds",32,"Female",1
"66","3","18",45,89,"A sheriff","Emeralds",32,"Female",1
"66","3","18",46,81,"A sheriff","Emeralds",32,"Female",1
"66","3","18",47,15,"A sheriff","Emeralds",32,"Female",1
"66","3","18",48,84,"A sheriff","Emeralds",32,"Female",1
"66","3","18",49,38,"A sheriff","Emeralds",32,"Female",1
"66","3","18",50,79,"A sheriff","Emeralds",32,"Female",1
"67","1","38",1,66,"A bandit","Emeralds",30,"Female",1
"67","1","38",2,51,"A bandit","Emeralds",30,"Female",1
"67","1","38",3,42,"A bandit","Emeralds",30,"Female",1
"67","1","38",4,72,"A bandit","Emeralds",30,"Female",1
"67","1","38",5,52,"A bandit","Emeralds",30,"Female",1
"67","1","38",6,0,"A bandit","Emeralds",30,"Female",1
"67","1","38",7,57,"A bandit","Emeralds",30,"Female",1
"67","1","38",8,38,"A bandit","Emeralds",30,"Female",1
"67","1","38",9,25,"A bandit","Emeralds",30,"Female",1
"67","1","38",10,20,"A bandit","Emeralds",30,"Female",1
"67","1","38",11,0,"A bandit","Emeralds",30,"Female",1
"67","1","38",12,61,"A bandit","Emeralds",30,"Female",1
"67","1","38",13,56,"A bandit","Emeralds",30,"Female",1
"67","1","38",14,51,"A bandit","Emeralds",30,"Female",1
"67","1","38",15,40,"A bandit","Emeralds",30,"Female",1
"67","1","38",16,32,"A bandit","Emeralds",30,"Female",1
"67","1","38",17,18,"A bandit","Emeralds",30,"Female",1
"67","1","38",18,16,"A bandit","Emeralds",30,"Female",1
"67","1","38",19,0,"A bandit","Emeralds",30,"Female",1
"67","1","38",20,35,"A bandit","Emeralds",30,"Female",1
"67","1","38",21,0,"A bandit","Emeralds",30,"Female",1
"67","1","38",22,0,"A bandit","Emeralds",30,"Female",1
"67","1","38",23,66,"A bandit","Emeralds",30,"Female",1
"67","1","38",24,0,"A bandit","Emeralds",30,"Female",1
"67","1","38",25,55,"A bandit","Emeralds",30,"Female",1
"67","1","38",26,47,"A bandit","Emeralds",30,"Female",1
"67","1","38",27,0,"A bandit","Emeralds",30,"Female",1
"67","1","38",28,0,"A bandit","Emeralds",30,"Female",1
"67","1","38",29,0,"A bandit","Emeralds",30,"Female",1
"67","1","38",30,0,"A bandit","Emeralds",30,"Female",1
"67","1","38",31,72,"A bandit","Emeralds",30,"Female",1
"67","1","38",32,0,"A bandit","Emeralds",30,"Female",1
"67","1","38",33,63,"A bandit","Emeralds",30,"Female",1
"67","1","38",34,0,"A bandit","Emeralds",30,"Female",1
"67","1","38",35,57,"A bandit","Emeralds",30,"Female",1
"67","1","38",36,0,"A bandit","Emeralds",30,"Female",1
"67","1","38",37,59,"A bandit","Emeralds",30,"Female",1
"67","1","38",38,0,"A bandit","Emeralds",30,"Female",1
"67","1","38",39,0,"A bandit","Emeralds",30,"Female",1
"67","1","38",40,55,"A bandit","Emeralds",30,"Female",1
"67","1","38",41,55,"A bandit","Emeralds",30,"Female",1
"67","1","38",42,53,"A bandit","Emeralds",30,"Female",1
"67","1","38",43,33,"A bandit","Emeralds",30,"Female",1
"67","1","38",44,0,"A bandit","Emeralds",30,"Female",1
"67","1","38",45,0,"A bandit","Emeralds",30,"Female",1
"67","1","38",46,0,"A bandit","Emeralds",30,"Female",1
"67","1","38",47,0,"A bandit","Emeralds",30,"Female",1
"67","1","38",48,68,"A bandit","Emeralds",30,"Female",1
"67","1","38",49,0,"A bandit","Emeralds",30,"Female",1
"67","1","38",50,0,"A bandit","Emeralds",30,"Female",1
"68","2","72",1,35,"A tycoon","Emeralds",62,"Female",1
"68","2","72",2,9,"A tycoon","Emeralds",62,"Female",1
"68","2","72",3,12,"A tycoon","Emeralds",62,"Female",1
"68","2","72",4,15,"A tycoon","Emeralds",62,"Female",1
"68","2","72",5,18,"A tycoon","Emeralds",62,"Female",1
"68","2","72",6,30,"A tycoon","Emeralds",62,"Female",1
"68","2","72",7,63,"A tycoon","Emeralds",62,"Female",1
"68","2","72",8,82,"A tycoon","Emeralds",62,"Female",1
"68","2","72",9,26,"A tycoon","Emeralds",62,"Female",1
"68","2","72",10,31,"A tycoon","Emeralds",62,"Female",1
"68","2","72",11,22,"A tycoon","Emeralds",62,"Female",1
"68","2","72",12,26,"A tycoon","Emeralds",62,"Female",1
"68","2","72",13,88,"A tycoon","Emeralds",62,"Female",1
"68","2","72",14,44,"A tycoon","Emeralds",62,"Female",1
"68","2","72",15,42,"A tycoon","Emeralds",62,"Female",1
"68","2","72",16,84,"A tycoon","Emeralds",62,"Female",1
"68","2","72",17,66,"A tycoon","Emeralds",62,"Female",1
"68","2","72",18,39,"A tycoon","Emeralds",62,"Female",1
"68","2","72",19,63,"A tycoon","Emeralds",62,"Female",1
"68","2","72",20,27,"A tycoon","Emeralds",62,"Female",1
"68","2","72",21,59,"A tycoon","Emeralds",62,"Female",1
"68","2","72",22,62,"A tycoon","Emeralds",62,"Female",1
"68","2","72",23,21,"A tycoon","Emeralds",62,"Female",1
"68","2","72",24,52,"A tycoon","Emeralds",62,"Female",1
"68","2","72",25,44,"A tycoon","Emeralds",62,"Female",1
"68","2","72",26,52,"A tycoon","Emeralds",62,"Female",1
"68","2","72",27,50,"A tycoon","Emeralds",62,"Female",1
"68","2","72",28,45,"A tycoon","Emeralds",62,"Female",1
"68","2","72",29,46,"A tycoon","Emeralds",62,"Female",1
"68","2","72",30,42,"A tycoon","Emeralds",62,"Female",1
"68","2","72",31,52,"A tycoon","Emeralds",62,"Female",1
"68","2","72",32,53,"A tycoon","Emeralds",62,"Female",1
"68","2","72",33,58,"A tycoon","Emeralds",62,"Female",1
"68","2","72",34,62,"A tycoon","Emeralds",62,"Female",1
"68","2","72",35,27,"A tycoon","Emeralds",62,"Female",1
"68","2","72",36,54,"A tycoon","Emeralds",62,"Female",1
"68","2","72",37,55,"A tycoon","Emeralds",62,"Female",1
"68","2","72",38,20,"A tycoon","Emeralds",62,"Female",1
"68","2","72",39,50,"A tycoon","Emeralds",62,"Female",1
"68","2","72",40,51,"A tycoon","Emeralds",62,"Female",1
"68","2","72",41,50,"A tycoon","Emeralds",62,"Female",1
"68","2","72",42,61,"A tycoon","Emeralds",62,"Female",1
"68","2","72",43,68,"A tycoon","Emeralds",62,"Female",1
"68","2","72",44,66,"A tycoon","Emeralds",62,"Female",1
"68","2","72",45,82,"A tycoon","Emeralds",62,"Female",1
"68","2","72",46,80,"A tycoon","Emeralds",62,"Female",1
"68","2","72",47,79,"A tycoon","Emeralds",62,"Female",1
"68","2","72",48,60,"A tycoon","Emeralds",62,"Female",1
"68","2","72",49,83,"A tycoon","Emeralds",62,"Female",1
"68","2","72",50,40,"A tycoon","Emeralds",62,"Female",1
"69","1","5",1,0,"A bandit","Emeralds",33,"Male",1
"69","1","5",2,0,"A bandit","Emeralds",33,"Male",1
"69","1","5",3,100,"A bandit","Emeralds",33,"Male",1
"69","1","5",4,0,"A bandit","Emeralds",33,"Male",1
"69","1","5",5,100,"A bandit","Emeralds",33,"Male",1
"69","1","5",6,71,"A bandit","Emeralds",33,"Male",1
"69","1","5",7,59,"A bandit","Emeralds",33,"Male",1
"69","1","5",8,100,"A bandit","Emeralds",33,"Male",1
"69","1","5",9,0,"A bandit","Emeralds",33,"Male",1
"69","1","5",10,100,"A bandit","Emeralds",33,"Male",1
"69","1","5",11,100,"A bandit","Emeralds",33,"Male",1
"69","1","5",12,31,"A bandit","Emeralds",33,"Male",1
"69","1","5",13,25,"A bandit","Emeralds",33,"Male",1
"69","1","5",14,100,"A bandit","Emeralds",33,"Male",1
"69","1","5",15,0,"A bandit","Emeralds",33,"Male",1
"69","1","5",16,81,"A bandit","Emeralds",33,"Male",1
"69","1","5",17,65,"A bandit","Emeralds",33,"Male",1
"69","1","5",18,59,"A bandit","Emeralds",33,"Male",1
"69","1","5",19,20,"A bandit","Emeralds",33,"Male",1
"69","1","5",20,0,"A bandit","Emeralds",33,"Male",1
"69","1","5",21,22,"A bandit","Emeralds",33,"Male",1
"69","1","5",22,11,"A bandit","Emeralds",33,"Male",1
"69","1","5",23,40,"A bandit","Emeralds",33,"Male",1
"69","1","5",24,34,"A bandit","Emeralds",33,"Male",1
"69","1","5",25,9,"A bandit","Emeralds",33,"Male",1
"69","1","5",26,13,"A bandit","Emeralds",33,"Male",1
"69","1","5",27,0,"A bandit","Emeralds",33,"Male",1
"69","1","5",28,13,"A bandit","Emeralds",33,"Male",1
"69","1","5",29,13,"A bandit","Emeralds",33,"Male",1
"69","1","5",30,26,"A bandit","Emeralds",33,"Male",1
"69","1","5",31,0,"A bandit","Emeralds",33,"Male",1
"69","1","5",32,29,"A bandit","Emeralds",33,"Male",1
"69","1","5",33,24,"A bandit","Emeralds",33,"Male",1
"69","1","5",34,0,"A bandit","Emeralds",33,"Male",1
"69","1","5",35,20,"A bandit","Emeralds",33,"Male",1
"69","1","5",36,3,"A bandit","Emeralds",33,"Male",1
"69","1","5",37,0,"A bandit","Emeralds",33,"Male",1
"69","1","5",38,9,"A bandit","Emeralds",33,"Male",1
"69","1","5",39,0,"A bandit","Emeralds",33,"Male",1
"69","1","5",40,5,"A bandit","Emeralds",33,"Male",1
"69","1","5",41,3,"A bandit","Emeralds",33,"Male",1
"69","1","5",42,0,"A bandit","Emeralds",33,"Male",1
"69","1","5",43,0,"A bandit","Emeralds",33,"Male",1
"69","1","5",44,0,"A bandit","Emeralds",33,"Male",1
"69","1","5",45,0,"A bandit","Emeralds",33,"Male",1
"69","1","5",46,0,"A bandit","Emeralds",33,"Male",1
"69","1","5",47,0,"A bandit","Emeralds",33,"Male",1
"69","1","5",48,0,"A bandit","Emeralds",33,"Male",1
"69","1","5",49,0,"A bandit","Emeralds",33,"Male",1
"69","1","5",50,0,"A bandit","Emeralds",33,"Male",1
"70","2","23",1,89,"A tycoon","Emeralds",34,"Male",1
"70","2","23",2,67,"A tycoon","Emeralds",34,"Male",1
"70","2","23",3,43,"A tycoon","Emeralds",34,"Male",1
"70","2","23",4,21,"A tycoon","Emeralds",34,"Male",1
"70","2","23",5,0,"A tycoon","Emeralds",34,"Male",1
"70","2","23",6,31,"A tycoon","Emeralds",34,"Male",1
"70","2","23",7,0,"A tycoon","Emeralds",34,"Male",1
"70","2","23",8,36,"A tycoon","Emeralds",34,"Male",1
"70","2","23",9,33,"A tycoon","Emeralds",34,"Male",1
"70","2","23",10,14,"A tycoon","Emeralds",34,"Male",1
"70","2","23",11,16,"A tycoon","Emeralds",34,"Male",1
"70","2","23",12,19,"A tycoon","Emeralds",34,"Male",1
"70","2","23",13,0,"A tycoon","Emeralds",34,"Male",1
"70","2","23",14,93,"A tycoon","Emeralds",34,"Male",1
"70","2","23",15,82,"A tycoon","Emeralds",34,"Male",1
"70","2","23",16,73,"A tycoon","Emeralds",34,"Male",1
"70","2","23",17,67,"A tycoon","Emeralds",34,"Male",1
"70","2","23",18,69,"A tycoon","Emeralds",34,"Male",1
"70","2","23",19,54,"A tycoon","Emeralds",34,"Male",1
"70","2","23",20,0,"A tycoon","Emeralds",34,"Male",1
"70","2","23",21,40,"A tycoon","Emeralds",34,"Male",1
"70","2","23",22,37,"A tycoon","Emeralds",34,"Male",1
"70","2","23",23,30,"A tycoon","Emeralds",34,"Male",1
"70","2","23",24,36,"A tycoon","Emeralds",34,"Male",1
"70","2","23",25,24,"A tycoon","Emeralds",34,"Male",1
"70","2","23",26,0,"A tycoon","Emeralds",34,"Male",1
"70","2","23",27,0,"A tycoon","Emeralds",34,"Male",1
"70","2","23",28,63,"A tycoon","Emeralds",34,"Male",1
"70","2","23",29,0,"A tycoon","Emeralds",34,"Male",1
"70","2","23",30,0,"A tycoon","Emeralds",34,"Male",1
"70","2","23",31,61,"A tycoon","Emeralds",34,"Male",1
"70","2","23",32,63,"A tycoon","Emeralds",34,"Male",1
"70","2","23",33,0,"A tycoon","Emeralds",34,"Male",1
"70","2","23",34,40,"A tycoon","Emeralds",34,"Male",1
"70","2","23",35,38,"A tycoon","Emeralds",34,"Male",1
"70","2","23",36,0,"A tycoon","Emeralds",34,"Male",1
"70","2","23",37,35,"A tycoon","Emeralds",34,"Male",1
"70","2","23",38,0,"A tycoon","Emeralds",34,"Male",1
"70","2","23",39,45,"A tycoon","Emeralds",34,"Male",1
"70","2","23",40,34,"A tycoon","Emeralds",34,"Male",1
"70","2","23",41,36,"A tycoon","Emeralds",34,"Male",1
"70","2","23",42,38,"A tycoon","Emeralds",34,"Male",1
"70","2","23",43,0,"A tycoon","Emeralds",34,"Male",1
"70","2","23",44,37,"A tycoon","Emeralds",34,"Male",1
"70","2","23",45,0,"A tycoon","Emeralds",34,"Male",1
"70","2","23",46,39,"A tycoon","Emeralds",34,"Male",1
"70","2","23",47,29,"A tycoon","Emeralds",34,"Male",1
"70","2","23",48,23,"A tycoon","Emeralds",34,"Male",1
"70","2","23",49,19,"A tycoon","Emeralds",34,"Male",1
"70","2","23",50,26,"A tycoon","Emeralds",34,"Male",1
"71","1","18",1,0,"A bandit","Emeralds",21,"Female",1
"71","1","18",2,0,"A bandit","Emeralds",21,"Female",1
"71","1","18",3,100,"A bandit","Emeralds",21,"Female",1
"71","1","18",4,100,"A bandit","Emeralds",21,"Female",1
"71","1","18",5,85,"A bandit","Emeralds",21,"Female",1
"71","1","18",6,85,"A bandit","Emeralds",21,"Female",1
"71","1","18",7,0,"A bandit","Emeralds",21,"Female",1
"71","1","18",8,100,"A bandit","Emeralds",21,"Female",1
"71","1","18",9,0,"A bandit","Emeralds",21,"Female",1
"71","1","18",10,0,"A bandit","Emeralds",21,"Female",1
"71","1","18",11,0,"A bandit","Emeralds",21,"Female",1
"71","1","18",12,2,"A bandit","Emeralds",21,"Female",1
"71","1","18",13,86,"A bandit","Emeralds",21,"Female",1
"71","1","18",14,0,"A bandit","Emeralds",21,"Female",1
"71","1","18",15,0,"A bandit","Emeralds",21,"Female",1
"71","1","18",16,0,"A bandit","Emeralds",21,"Female",1
"71","1","18",17,88,"A bandit","Emeralds",21,"Female",1
"71","1","18",18,93,"A bandit","Emeralds",21,"Female",1
"71","1","18",19,0,"A bandit","Emeralds",21,"Female",1
"71","1","18",20,0,"A bandit","Emeralds",21,"Female",1
"71","1","18",21,8,"A bandit","Emeralds",21,"Female",1
"71","1","18",22,78,"A bandit","Emeralds",21,"Female",1
"71","1","18",23,91,"A bandit","Emeralds",21,"Female",1
"71","1","18",24,5,"A bandit","Emeralds",21,"Female",1
"71","1","18",25,0,"A bandit","Emeralds",21,"Female",1
"71","1","18",26,0,"A bandit","Emeralds",21,"Female",1
"71","1","18",27,0,"A bandit","Emeralds",21,"Female",1
"71","1","18",28,0,"A bandit","Emeralds",21,"Female",1
"71","1","18",29,0,"A bandit","Emeralds",21,"Female",1
"71","1","18",30,4,"A bandit","Emeralds",21,"Female",1
"71","1","18",31,94,"A bandit","Emeralds",21,"Female",1
"71","1","18",32,87,"A bandit","Emeralds",21,"Female",1
"71","1","18",33,0,"A bandit","Emeralds",21,"Female",1
"71","1","18",34,0,"A bandit","Emeralds",21,"Female",1
"71","1","18",35,7,"A bandit","Emeralds",21,"Female",1
"71","1","18",36,90,"A bandit","Emeralds",21,"Female",1
"71","1","18",37,80,"A bandit","Emeralds",21,"Female",1
"71","1","18",38,87,"A bandit","Emeralds",21,"Female",1
"71","1","18",39,77,"A bandit","Emeralds",21,"Female",1
"71","1","18",40,0,"A bandit","Emeralds",21,"Female",1
"71","1","18",41,5,"A bandit","Emeralds",21,"Female",1
"71","1","18",42,96,"A bandit","Emeralds",21,"Female",1
"71","1","18",43,82,"A bandit","Emeralds",21,"Female",1
"71","1","18",44,96,"A bandit","Emeralds",21,"Female",1
"71","1","18",45,0,"A bandit","Emeralds",21,"Female",1
"71","1","18",46,0,"A bandit","Emeralds",21,"Female",1
"71","1","18",47,0,"A bandit","Emeralds",21,"Female",1
"71","1","18",48,100,"A bandit","Emeralds",21,"Female",1
"71","1","18",49,0,"A bandit","Emeralds",21,"Female",1
"71","1","18",50,89,"A bandit","Emeralds",21,"Female",1
"72","1","44",1,95,"A bandit","Emeralds",40,"Male",1
"72","1","44",2,79,"A bandit","Emeralds",40,"Male",1
"72","1","44",3,31,"A bandit","Emeralds",40,"Male",1
"72","1","44",4,100,"A bandit","Emeralds",40,"Male",1
"72","1","44",5,33,"A bandit","Emeralds",40,"Male",1
"72","1","44",6,50,"A bandit","Emeralds",40,"Male",1
"72","1","44",7,0,"A bandit","Emeralds",40,"Male",1
"72","1","44",8,7,"A bandit","Emeralds",40,"Male",1
"72","1","44",9,9,"A bandit","Emeralds",40,"Male",1
"72","1","44",10,1,"A bandit","Emeralds",40,"Male",1
"72","1","44",11,9,"A bandit","Emeralds",40,"Male",1
"72","1","44",12,6,"A bandit","Emeralds",40,"Male",1
"72","1","44",13,2,"A bandit","Emeralds",40,"Male",1
"72","1","44",14,36,"A bandit","Emeralds",40,"Male",1
"72","1","44",15,28,"A bandit","Emeralds",40,"Male",1
"72","1","44",16,18,"A bandit","Emeralds",40,"Male",1
"72","1","44",17,5,"A bandit","Emeralds",40,"Male",1
"72","1","44",18,6,"A bandit","Emeralds",40,"Male",1
"72","1","44",19,12,"A bandit","Emeralds",40,"Male",1
"72","1","44",20,36,"A bandit","Emeralds",40,"Male",1
"72","1","44",21,83,"A bandit","Emeralds",40,"Male",1
"72","1","44",22,16,"A bandit","Emeralds",40,"Male",1
"72","1","44",23,22,"A bandit","Emeralds",40,"Male",1
"72","1","44",24,65,"A bandit","Emeralds",40,"Male",1
"72","1","44",25,79,"A bandit","Emeralds",40,"Male",1
"72","1","44",26,12,"A bandit","Emeralds",40,"Male",1
"72","1","44",27,82,"A bandit","Emeralds",40,"Male",1
"72","1","44",28,0,"A bandit","Emeralds",40,"Male",1
"72","1","44",29,10,"A bandit","Emeralds",40,"Male",1
"72","1","44",30,100,"A bandit","Emeralds",40,"Male",1
"72","1","44",31,1,"A bandit","Emeralds",40,"Male",1
"72","1","44",32,16,"A bandit","Emeralds",40,"Male",1
"72","1","44",33,100,"A bandit","Emeralds",40,"Male",1
"72","1","44",34,0,"A bandit","Emeralds",40,"Male",1
"72","1","44",35,100,"A bandit","Emeralds",40,"Male",1
"72","1","44",36,12,"A bandit","Emeralds",40,"Male",1
"72","1","44",37,0,"A bandit","Emeralds",40,"Male",1
"72","1","44",38,8,"A bandit","Emeralds",40,"Male",1
"72","1","44",39,0,"A bandit","Emeralds",40,"Male",1
"72","1","44",40,26,"A bandit","Emeralds",40,"Male",1
"72","1","44",41,13,"A bandit","Emeralds",40,"Male",1
"72","1","44",42,83,"A bandit","Emeralds",40,"Male",1
"72","1","44",43,84,"A bandit","Emeralds",40,"Male",1
"72","1","44",44,19,"A bandit","Emeralds",40,"Male",1
"72","1","44",45,23,"A bandit","Emeralds",40,"Male",1
"72","1","44",46,89,"A bandit","Emeralds",40,"Male",1
"72","1","44",47,27,"A bandit","Emeralds",40,"Male",1
"72","1","44",48,32,"A bandit","Emeralds",40,"Male",1
"72","1","44",49,96,"A bandit","Emeralds",40,"Male",1
"72","1","44",50,16,"A bandit","Emeralds",40,"Male",1
"73","2","44",1,15,"A tycoon","Emeralds",46,"Male",1
"73","2","44",2,13,"A tycoon","Emeralds",46,"Male",1
"73","2","44",3,8,"A tycoon","Emeralds",46,"Male",1
"73","2","44",4,11,"A tycoon","Emeralds",46,"Male",1
"73","2","44",5,0,"A tycoon","Emeralds",46,"Male",1
"73","2","44",6,0,"A tycoon","Emeralds",46,"Male",1
"73","2","44",7,0,"A tycoon","Emeralds",46,"Male",1
"73","2","44",8,0,"A tycoon","Emeralds",46,"Male",1
"73","2","44",9,0,"A tycoon","Emeralds",46,"Male",1
"73","2","44",10,0,"A tycoon","Emeralds",46,"Male",1
"73","2","44",11,0,"A tycoon","Emeralds",46,"Male",1
"73","2","44",12,0,"A tycoon","Emeralds",46,"Male",1
"73","2","44",13,0,"A tycoon","Emeralds",46,"Male",1
"73","2","44",14,0,"A tycoon","Emeralds",46,"Male",1
"73","2","44",15,0,"A tycoon","Emeralds",46,"Male",1
"73","2","44",16,0,"A tycoon","Emeralds",46,"Male",1
"73","2","44",17,0,"A tycoon","Emeralds",46,"Male",1
"73","2","44",18,0,"A tycoon","Emeralds",46,"Male",1
"73","2","44",19,0,"A tycoon","Emeralds",46,"Male",1
"73","2","44",20,0,"A tycoon","Emeralds",46,"Male",1
"73","2","44",21,0,"A tycoon","Emeralds",46,"Male",1
"73","2","44",22,0,"A tycoon","Emeralds",46,"Male",1
"73","2","44",23,0,"A tycoon","Emeralds",46,"Male",1
"73","2","44",24,0,"A tycoon","Emeralds",46,"Male",1
"73","2","44",25,0,"A tycoon","Emeralds",46,"Male",1
"73","2","44",26,0,"A tycoon","Emeralds",46,"Male",1
"73","2","44",27,0,"A tycoon","Emeralds",46,"Male",1
"73","2","44",28,0,"A tycoon","Emeralds",46,"Male",1
"73","2","44",29,0,"A tycoon","Emeralds",46,"Male",1
"73","2","44",30,0,"A tycoon","Emeralds",46,"Male",1
"73","2","44",31,0,"A tycoon","Emeralds",46,"Male",1
"73","2","44",32,0,"A tycoon","Emeralds",46,"Male",1
"73","2","44",33,0,"A tycoon","Emeralds",46,"Male",1
"73","2","44",34,0,"A tycoon","Emeralds",46,"Male",1
"73","2","44",35,0,"A tycoon","Emeralds",46,"Male",1
"73","2","44",36,0,"A tycoon","Emeralds",46,"Male",1
"73","2","44",37,0,"A tycoon","Emeralds",46,"Male",1
"73","2","44",38,0,"A tycoon","Emeralds",46,"Male",1
"73","2","44",39,0,"A tycoon","Emeralds",46,"Male",1
"73","2","44",40,0,"A tycoon","Emeralds",46,"Male",1
"73","2","44",41,0,"A tycoon","Emeralds",46,"Male",1
"73","2","44",42,0,"A tycoon","Emeralds",46,"Male",1
"73","2","44",43,0,"A tycoon","Emeralds",46,"Male",1
"73","2","44",44,0,"A tycoon","Emeralds",46,"Male",1
"73","2","44",45,0,"A tycoon","Emeralds",46,"Male",1
"73","2","44",46,0,"A tycoon","Emeralds",46,"Male",1
"73","2","44",47,0,"A tycoon","Emeralds",46,"Male",1
"73","2","44",48,0,"A tycoon","Emeralds",46,"Male",1
"73","2","44",49,0,"A tycoon","Emeralds",46,"Male",1
"73","2","44",50,0,"A tycoon","Emeralds",46,"Male",1
"74","1","18",1,0,"A bandit","Emeralds",49,"Female",1
"74","1","18",2,0,"A bandit","Emeralds",49,"Female",1
"74","1","18",3,82,"A bandit","Emeralds",49,"Female",1
"74","1","18",4,0,"A bandit","Emeralds",49,"Female",1
"74","1","18",5,0,"A bandit","Emeralds",49,"Female",1
"74","1","18",6,0,"A bandit","Emeralds",49,"Female",1
"74","1","18",7,0,"A bandit","Emeralds",49,"Female",1
"74","1","18",8,72,"A bandit","Emeralds",49,"Female",1
"74","1","18",9,0,"A bandit","Emeralds",49,"Female",1
"74","1","18",10,0,"A bandit","Emeralds",49,"Female",1
"74","1","18",11,0,"A bandit","Emeralds",49,"Female",1
"74","1","18",12,0,"A bandit","Emeralds",49,"Female",1
"74","1","18",13,0,"A bandit","Emeralds",49,"Female",1
"74","1","18",14,0,"A bandit","Emeralds",49,"Female",1
"74","1","18",15,0,"A bandit","Emeralds",49,"Female",1
"74","1","18",16,0,"A bandit","Emeralds",49,"Female",1
"74","1","18",17,78,"A bandit","Emeralds",49,"Female",1
"74","1","18",18,79,"A bandit","Emeralds",49,"Female",1
"74","1","18",19,0,"A bandit","Emeralds",49,"Female",1
"74","1","18",20,0,"A bandit","Emeralds",49,"Female",1
"74","1","18",21,81,"A bandit","Emeralds",49,"Female",1
"74","1","18",22,0,"A bandit","Emeralds",49,"Female",1
"74","1","18",23,0,"A bandit","Emeralds",49,"Female",1
"74","1","18",24,0,"A bandit","Emeralds",49,"Female",1
"74","1","18",25,0,"A bandit","Emeralds",49,"Female",1
"74","1","18",26,0,"A bandit","Emeralds",49,"Female",1
"74","1","18",27,0,"A bandit","Emeralds",49,"Female",1
"74","1","18",28,0,"A bandit","Emeralds",49,"Female",1
"74","1","18",29,0,"A bandit","Emeralds",49,"Female",1
"74","1","18",30,0,"A bandit","Emeralds",49,"Female",1
"74","1","18",31,0,"A bandit","Emeralds",49,"Female",1
"74","1","18",32,0,"A bandit","Emeralds",49,"Female",1
"74","1","18",33,0,"A bandit","Emeralds",49,"Female",1
"74","1","18",34,0,"A bandit","Emeralds",49,"Female",1
"74","1","18",35,0,"A bandit","Emeralds",49,"Female",1
"74","1","18",36,0,"A bandit","Emeralds",49,"Female",1
"74","1","18",37,0,"A bandit","Emeralds",49,"Female",1
"74","1","18",38,0,"A bandit","Emeralds",49,"Female",1
"74","1","18",39,0,"A bandit","Emeralds",49,"Female",1
"74","1","18",40,0,"A bandit","Emeralds",49,"Female",1
"74","1","18",41,0,"A bandit","Emeralds",49,"Female",1
"74","1","18",42,0,"A bandit","Emeralds",49,"Female",1
"74","1","18",43,0,"A bandit","Emeralds",49,"Female",1
"74","1","18",44,0,"A bandit","Emeralds",49,"Female",1
"74","1","18",45,0,"A bandit","Emeralds",49,"Female",1
"74","1","18",46,0,"A bandit","Emeralds",49,"Female",1
"74","1","18",47,0,"A bandit","Emeralds",49,"Female",1
"74","1","18",48,0,"A bandit","Emeralds",49,"Female",1
"74","1","18",49,0,"A bandit","Emeralds",49,"Female",1
"74","1","18",50,0,"A bandit","Emeralds",49,"Female",1
"75","3","60",1,59,"A sheriff","Emeralds",47,"Female",1
"75","3","60",2,58,"A sheriff","Emeralds",47,"Female",1
"75","3","60",3,57,"A sheriff","Emeralds",47,"Female",1
"75","3","60",4,60,"A sheriff","Emeralds",47,"Female",1
"75","3","60",5,59,"A sheriff","Emeralds",47,"Female",1
"75","3","60",6,60,"A sheriff","Emeralds",47,"Female",1
"75","3","60",7,60,"A sheriff","Emeralds",47,"Female",1
"75","3","60",8,58,"A sheriff","Emeralds",47,"Female",1
"75","3","60",9,60,"A sheriff","Emeralds",47,"Female",1
"75","3","60",10,58,"A sheriff","Emeralds",47,"Female",1
"75","3","60",11,61,"A sheriff","Emeralds",47,"Female",1
"75","3","60",12,58,"A sheriff","Emeralds",47,"Female",1
"75","3","60",13,59,"A sheriff","Emeralds",47,"Female",1
"75","3","60",14,58,"A sheriff","Emeralds",47,"Female",1
"75","3","60",15,58,"A sheriff","Emeralds",47,"Female",1
"75","3","60",16,57,"A sheriff","Emeralds",47,"Female",1
"75","3","60",17,56,"A sheriff","Emeralds",47,"Female",1
"75","3","60",18,57,"A sheriff","Emeralds",47,"Female",1
"75","3","60",19,58,"A sheriff","Emeralds",47,"Female",1
"75","3","60",20,57,"A sheriff","Emeralds",47,"Female",1
"75","3","60",21,60,"A sheriff","Emeralds",47,"Female",1
"75","3","60",22,57,"A sheriff","Emeralds",47,"Female",1
"75","3","60",23,58,"A sheriff","Emeralds",47,"Female",1
"75","3","60",24,60,"A sheriff","Emeralds",47,"Female",1
"75","3","60",25,57,"A sheriff","Emeralds",47,"Female",1
"75","3","60",26,60,"A sheriff","Emeralds",47,"Female",1
"75","3","60",27,59,"A sheriff","Emeralds",47,"Female",1
"75","3","60",28,57,"A sheriff","Emeralds",47,"Female",1
"75","3","60",29,57,"A sheriff","Emeralds",47,"Female",1
"75","3","60",30,59,"A sheriff","Emeralds",47,"Female",1
"75","3","60",31,60,"A sheriff","Emeralds",47,"Female",1
"75","3","60",32,59,"A sheriff","Emeralds",47,"Female",1
"75","3","60",33,0,"A sheriff","Emeralds",47,"Female",1
"75","3","60",34,0,"A sheriff","Emeralds",47,"Female",1
"75","3","60",35,0,"A sheriff","Emeralds",47,"Female",1
"75","3","60",36,60,"A sheriff","Emeralds",47,"Female",1
"75","3","60",37,0,"A sheriff","Emeralds",47,"Female",1
"75","3","60",38,0,"A sheriff","Emeralds",47,"Female",1
"75","3","60",39,0,"A sheriff","Emeralds",47,"Female",1
"75","3","60",40,0,"A sheriff","Emeralds",47,"Female",1
"75","3","60",41,0,"A sheriff","Emeralds",47,"Female",1
"75","3","60",42,0,"A sheriff","Emeralds",47,"Female",1
"75","3","60",43,0,"A sheriff","Emeralds",47,"Female",1
"75","3","60",44,0,"A sheriff","Emeralds",47,"Female",1
"75","3","60",45,0,"A sheriff","Emeralds",47,"Female",1
"75","3","60",46,0,"A sheriff","Emeralds",47,"Female",1
"75","3","60",47,0,"A sheriff","Emeralds",47,"Female",1
"75","3","60",48,0,"A sheriff","Emeralds",47,"Female",1
"75","3","60",49,0,"A sheriff","Emeralds",47,"Female",1
"75","3","60",50,0,"A sheriff","Emeralds",47,"Female",1
"76","3","7",1,0,"A sheriff","Emeralds",42,"Male",1
"76","3","7",2,0,"A sheriff","Emeralds",42,"Male",1
"76","3","7",3,45,"A sheriff","Emeralds",42,"Male",1
"76","3","7",4,19,"A sheriff","Emeralds",42,"Male",1
"76","3","7",5,53,"A sheriff","Emeralds",42,"Male",1
"76","3","7",6,30,"A sheriff","Emeralds",42,"Male",1
"76","3","7",7,40,"A sheriff","Emeralds",42,"Male",1
"76","3","7",8,33,"A sheriff","Emeralds",42,"Male",1
"76","3","7",9,49,"A sheriff","Emeralds",42,"Male",1
"76","3","7",10,24,"A sheriff","Emeralds",42,"Male",1
"76","3","7",11,17,"A sheriff","Emeralds",42,"Male",1
"76","3","7",12,47,"A sheriff","Emeralds",42,"Male",1
"76","3","7",13,60,"A sheriff","Emeralds",42,"Male",1
"76","3","7",14,40,"A sheriff","Emeralds",42,"Male",1
"76","3","7",15,31,"A sheriff","Emeralds",42,"Male",1
"76","3","7",16,36,"A sheriff","Emeralds",42,"Male",1
"76","3","7",17,31,"A sheriff","Emeralds",42,"Male",1
"76","3","7",18,8,"A sheriff","Emeralds",42,"Male",1
"76","3","7",19,0,"A sheriff","Emeralds",42,"Male",1
"76","3","7",20,20,"A sheriff","Emeralds",42,"Male",1
"76","3","7",21,48,"A sheriff","Emeralds",42,"Male",1
"76","3","7",22,22,"A sheriff","Emeralds",42,"Male",1
"76","3","7",23,24,"A sheriff","Emeralds",42,"Male",1
"76","3","7",24,47,"A sheriff","Emeralds",42,"Male",1
"76","3","7",25,50,"A sheriff","Emeralds",42,"Male",1
"76","3","7",26,16,"A sheriff","Emeralds",42,"Male",1
"76","3","7",27,53,"A sheriff","Emeralds",42,"Male",1
"76","3","7",28,0,"A sheriff","Emeralds",42,"Male",1
"76","3","7",29,0,"A sheriff","Emeralds",42,"Male",1
"76","3","7",30,0,"A sheriff","Emeralds",42,"Male",1
"76","3","7",31,2,"A sheriff","Emeralds",42,"Male",1
"76","3","7",32,12,"A sheriff","Emeralds",42,"Male",1
"76","3","7",33,50,"A sheriff","Emeralds",42,"Male",1
"76","3","7",34,0,"A sheriff","Emeralds",42,"Male",1
"76","3","7",35,35,"A sheriff","Emeralds",42,"Male",1
"76","3","7",36,0,"A sheriff","Emeralds",42,"Male",1
"76","3","7",37,5,"A sheriff","Emeralds",42,"Male",1
"76","3","7",38,7,"A sheriff","Emeralds",42,"Male",1
"76","3","7",39,16,"A sheriff","Emeralds",42,"Male",1
"76","3","7",40,54,"A sheriff","Emeralds",42,"Male",1
"76","3","7",41,49,"A sheriff","Emeralds",42,"Male",1
"76","3","7",42,46,"A sheriff","Emeralds",42,"Male",1
"76","3","7",43,49,"A sheriff","Emeralds",42,"Male",1
"76","3","7",44,15,"A sheriff","Emeralds",42,"Male",1
"76","3","7",45,51,"A sheriff","Emeralds",42,"Male",1
"76","3","7",46,0,"A sheriff","Emeralds",42,"Male",1
"76","3","7",47,0,"A sheriff","Emeralds",42,"Male",1
"76","3","7",48,5,"A sheriff","Emeralds",42,"Male",1
"76","3","7",49,12,"A sheriff","Emeralds",42,"Male",1
"76","3","7",50,0,"A sheriff","Emeralds",42,"Male",1
"77","2","5",1,85,"A tycoon","Emeralds",52,"Male",1
"77","2","5",2,87,"A tycoon","Emeralds",52,"Male",1
"77","2","5",3,84,"A tycoon","Emeralds",52,"Male",1
"77","2","5",4,83,"A tycoon","Emeralds",52,"Male",1
"77","2","5",5,85,"A tycoon","Emeralds",52,"Male",1
"77","2","5",6,86,"A tycoon","Emeralds",52,"Male",1
"77","2","5",7,80,"A tycoon","Emeralds",52,"Male",1
"77","2","5",8,85,"A tycoon","Emeralds",52,"Male",1
"77","2","5",9,27,"A tycoon","Emeralds",52,"Male",1
"77","2","5",10,30,"A tycoon","Emeralds",52,"Male",1
"77","2","5",11,25,"A tycoon","Emeralds",52,"Male",1
"77","2","5",12,11,"A tycoon","Emeralds",52,"Male",1
"77","2","5",13,20,"A tycoon","Emeralds",52,"Male",1
"77","2","5",14,83,"A tycoon","Emeralds",52,"Male",1
"77","2","5",15,91,"A tycoon","Emeralds",52,"Male",1
"77","2","5",16,83,"A tycoon","Emeralds",52,"Male",1
"77","2","5",17,85,"A tycoon","Emeralds",52,"Male",1
"77","2","5",18,91,"A tycoon","Emeralds",52,"Male",1
"77","2","5",19,80,"A tycoon","Emeralds",52,"Male",1
"77","2","5",20,92,"A tycoon","Emeralds",52,"Male",1
"77","2","5",21,22,"A tycoon","Emeralds",52,"Male",1
"77","2","5",22,86,"A tycoon","Emeralds",52,"Male",1
"77","2","5",23,24,"A tycoon","Emeralds",52,"Male",1
"77","2","5",24,88,"A tycoon","Emeralds",52,"Male",1
"77","2","5",25,87,"A tycoon","Emeralds",52,"Male",1
"77","2","5",26,9,"A tycoon","Emeralds",52,"Male",1
"77","2","5",27,3,"A tycoon","Emeralds",52,"Male",1
"77","2","5",28,90,"A tycoon","Emeralds",52,"Male",1
"77","2","5",29,89,"A tycoon","Emeralds",52,"Male",1
"77","2","5",30,21,"A tycoon","Emeralds",52,"Male",1
"77","2","5",31,84,"A tycoon","Emeralds",52,"Male",1
"77","2","5",32,88,"A tycoon","Emeralds",52,"Male",1
"77","2","5",33,86,"A tycoon","Emeralds",52,"Male",1
"77","2","5",34,14,"A tycoon","Emeralds",52,"Male",1
"77","2","5",35,86,"A tycoon","Emeralds",52,"Male",1
"77","2","5",36,86,"A tycoon","Emeralds",52,"Male",1
"77","2","5",37,17,"A tycoon","Emeralds",52,"Male",1
"77","2","5",38,91,"A tycoon","Emeralds",52,"Male",1
"77","2","5",39,9,"A tycoon","Emeralds",52,"Male",1
"77","2","5",40,12,"A tycoon","Emeralds",52,"Male",1
"77","2","5",41,86,"A tycoon","Emeralds",52,"Male",1
"77","2","5",42,89,"A tycoon","Emeralds",52,"Male",1
"77","2","5",43,80,"A tycoon","Emeralds",52,"Male",1
"77","2","5",44,89,"A tycoon","Emeralds",52,"Male",1
"77","2","5",45,91,"A tycoon","Emeralds",52,"Male",1
"77","2","5",46,12,"A tycoon","Emeralds",52,"Male",1
"77","2","5",47,84,"A tycoon","Emeralds",52,"Male",1
"77","2","5",48,88,"A tycoon","Emeralds",52,"Male",1
"77","2","5",49,87,"A tycoon","Emeralds",52,"Male",1
"77","2","5",50,88,"A tycoon","Emeralds",52,"Male",1
"78","3","5",1,0,"A sheriff","Emeralds",68,"Female",1
"78","3","5",2,100,"A sheriff","Emeralds",68,"Female",1
"78","3","5",3,5,"A sheriff","Emeralds",68,"Female",1
"78","3","5",4,96,"A sheriff","Emeralds",68,"Female",1
"78","3","5",5,18,"A sheriff","Emeralds",68,"Female",1
"78","3","5",6,77,"A sheriff","Emeralds",68,"Female",1
"78","3","5",7,73,"A sheriff","Emeralds",68,"Female",1
"78","3","5",8,26,"A sheriff","Emeralds",68,"Female",1
"78","3","5",9,21,"A sheriff","Emeralds",68,"Female",1
"78","3","5",10,22,"A sheriff","Emeralds",68,"Female",1
"78","3","5",11,28,"A sheriff","Emeralds",68,"Female",1
"78","3","5",12,87,"A sheriff","Emeralds",68,"Female",1
"78","3","5",13,41,"A sheriff","Emeralds",68,"Female",1
"78","3","5",14,40,"A sheriff","Emeralds",68,"Female",1
"78","3","5",15,35,"A sheriff","Emeralds",68,"Female",1
"78","3","5",16,70,"A sheriff","Emeralds",68,"Female",1
"78","3","5",17,33,"A sheriff","Emeralds",68,"Female",1
"78","3","5",18,71,"A sheriff","Emeralds",68,"Female",1
"78","3","5",19,30,"A sheriff","Emeralds",68,"Female",1
"78","3","5",20,35,"A sheriff","Emeralds",68,"Female",1
"78","3","5",21,33,"A sheriff","Emeralds",68,"Female",1
"78","3","5",22,68,"A sheriff","Emeralds",68,"Female",1
"78","3","5",23,26,"A sheriff","Emeralds",68,"Female",1
"78","3","5",24,33,"A sheriff","Emeralds",68,"Female",1
"78","3","5",25,74,"A sheriff","Emeralds",68,"Female",1
"78","3","5",26,37,"A sheriff","Emeralds",68,"Female",1
"78","3","5",27,76,"A sheriff","Emeralds",68,"Female",1
"78","3","5",28,35,"A sheriff","Emeralds",68,"Female",1
"78","3","5",29,18,"A sheriff","Emeralds",68,"Female",1
"78","3","5",30,13,"A sheriff","Emeralds",68,"Female",1
"78","3","5",31,6,"A sheriff","Emeralds",68,"Female",1
"78","3","5",32,15,"A sheriff","Emeralds",68,"Female",1
"78","3","5",33,12,"A sheriff","Emeralds",68,"Female",1
"78","3","5",34,17,"A sheriff","Emeralds",68,"Female",1
"78","3","5",35,18,"A sheriff","Emeralds",68,"Female",1
"78","3","5",36,17,"A sheriff","Emeralds",68,"Female",1
"78","3","5",37,17,"A sheriff","Emeralds",68,"Female",1
"78","3","5",38,14,"A sheriff","Emeralds",68,"Female",1
"78","3","5",39,20,"A sheriff","Emeralds",68,"Female",1
"78","3","5",40,15,"A sheriff","Emeralds",68,"Female",1
"78","3","5",41,22,"A sheriff","Emeralds",68,"Female",1
"78","3","5",42,15,"A sheriff","Emeralds",68,"Female",1
"78","3","5",43,17,"A sheriff","Emeralds",68,"Female",1
"78","3","5",44,17,"A sheriff","Emeralds",68,"Female",1
"78","3","5",45,18,"A sheriff","Emeralds",68,"Female",1
"78","3","5",46,15,"A sheriff","Emeralds",68,"Female",1
"78","3","5",47,20,"A sheriff","Emeralds",68,"Female",1
"78","3","5",48,4,"A sheriff","Emeralds",68,"Female",1
"78","3","5",49,6,"A sheriff","Emeralds",68,"Female",1
"78","3","5",50,11,"A sheriff","Emeralds",68,"Female",1
"79","2","8",1,0,"A tycoon","Emeralds",44,"Male",1
"79","2","8",2,0,"A tycoon","Emeralds",44,"Male",1
"79","2","8",3,0,"A tycoon","Emeralds",44,"Male",1
"79","2","8",4,6,"A tycoon","Emeralds",44,"Male",1
"79","2","8",5,1,"A tycoon","Emeralds",44,"Male",1
"79","2","8",6,20,"A tycoon","Emeralds",44,"Male",1
"79","2","8",7,0,"A tycoon","Emeralds",44,"Male",1
"79","2","8",8,19,"A tycoon","Emeralds",44,"Male",1
"79","2","8",9,21,"A tycoon","Emeralds",44,"Male",1
"79","2","8",10,19,"A tycoon","Emeralds",44,"Male",1
"79","2","8",11,0,"A tycoon","Emeralds",44,"Male",1
"79","2","8",12,0,"A tycoon","Emeralds",44,"Male",1
"79","2","8",13,22,"A tycoon","Emeralds",44,"Male",1
"79","2","8",14,0,"A tycoon","Emeralds",44,"Male",1
"79","2","8",15,69,"A tycoon","Emeralds",44,"Male",1
"79","2","8",16,71,"A tycoon","Emeralds",44,"Male",1
"79","2","8",17,0,"A tycoon","Emeralds",44,"Male",1
"79","2","8",18,0,"A tycoon","Emeralds",44,"Male",1
"79","2","8",19,0,"A tycoon","Emeralds",44,"Male",1
"79","2","8",20,0,"A tycoon","Emeralds",44,"Male",1
"79","2","8",21,0,"A tycoon","Emeralds",44,"Male",1
"79","2","8",22,63,"A tycoon","Emeralds",44,"Male",1
"79","2","8",23,60,"A tycoon","Emeralds",44,"Male",1
"79","2","8",24,56,"A tycoon","Emeralds",44,"Male",1
"79","2","8",25,41,"A tycoon","Emeralds",44,"Male",1
"79","2","8",26,61,"A tycoon","Emeralds",44,"Male",1
"79","2","8",27,64,"A tycoon","Emeralds",44,"Male",1
"79","2","8",28,0,"A tycoon","Emeralds",44,"Male",1
"79","2","8",29,61,"A tycoon","Emeralds",44,"Male",1
"79","2","8",30,0,"A tycoon","Emeralds",44,"Male",1
"79","2","8",31,0,"A tycoon","Emeralds",44,"Male",1
"79","2","8",32,20,"A tycoon","Emeralds",44,"Male",1
"79","2","8",33,18,"A tycoon","Emeralds",44,"Male",1
"79","2","8",34,42,"A tycoon","Emeralds",44,"Male",1
"79","2","8",35,28,"A tycoon","Emeralds",44,"Male",1
"79","2","8",36,58,"A tycoon","Emeralds",44,"Male",1
"79","2","8",37,0,"A tycoon","Emeralds",44,"Male",1
"79","2","8",38,36,"A tycoon","Emeralds",44,"Male",1
"79","2","8",39,27,"A tycoon","Emeralds",44,"Male",1
"79","2","8",40,38,"A tycoon","Emeralds",44,"Male",1
"79","2","8",41,38,"A tycoon","Emeralds",44,"Male",1
"79","2","8",42,47,"A tycoon","Emeralds",44,"Male",1
"79","2","8",43,41,"A tycoon","Emeralds",44,"Male",1
"79","2","8",44,0,"A tycoon","Emeralds",44,"Male",1
"79","2","8",45,75,"A tycoon","Emeralds",44,"Male",1
"79","2","8",46,100,"A tycoon","Emeralds",44,"Male",1
"79","2","8",47,61,"A tycoon","Emeralds",44,"Male",1
"79","2","8",48,45,"A tycoon","Emeralds",44,"Male",1
"79","2","8",49,45,"A tycoon","Emeralds",44,"Male",1
"79","2","8",50,46,"A tycoon","Emeralds",44,"Male",1
"80","3","33",1,0,"A sheriff","Emeralds",50,"Male",1
"80","3","33",2,0,"A sheriff","Emeralds",50,"Male",1
"80","3","33",3,0,"A sheriff","Emeralds",50,"Male",1
"80","3","33",4,88,"A sheriff","Emeralds",50,"Male",1
"80","3","33",5,90,"A sheriff","Emeralds",50,"Male",1
"80","3","33",6,50,"A sheriff","Emeralds",50,"Male",1
"80","3","33",7,3,"A sheriff","Emeralds",50,"Male",1
"80","3","33",8,0,"A sheriff","Emeralds",50,"Male",1
"80","3","33",9,0,"A sheriff","Emeralds",50,"Male",1
"80","3","33",10,24,"A sheriff","Emeralds",50,"Male",1
"80","3","33",11,0,"A sheriff","Emeralds",50,"Male",1
"80","3","33",12,12,"A sheriff","Emeralds",50,"Male",1
"80","3","33",13,10,"A sheriff","Emeralds",50,"Male",1
"80","3","33",14,4,"A sheriff","Emeralds",50,"Male",1
"80","3","33",15,0,"A sheriff","Emeralds",50,"Male",1
"80","3","33",16,59,"A sheriff","Emeralds",50,"Male",1
"80","3","33",17,0,"A sheriff","Emeralds",50,"Male",1
"80","3","33",18,0,"A sheriff","Emeralds",50,"Male",1
"80","3","33",19,2,"A sheriff","Emeralds",50,"Male",1
"80","3","33",20,0,"A sheriff","Emeralds",50,"Male",1
"80","3","33",21,69,"A sheriff","Emeralds",50,"Male",1
"80","3","33",22,71,"A sheriff","Emeralds",50,"Male",1
"80","3","33",23,0,"A sheriff","Emeralds",50,"Male",1
"80","3","33",24,74,"A sheriff","Emeralds",50,"Male",1
"80","3","33",25,0,"A sheriff","Emeralds",50,"Male",1
"80","3","33",26,0,"A sheriff","Emeralds",50,"Male",1
"80","3","33",27,0,"A sheriff","Emeralds",50,"Male",1
"80","3","33",28,0,"A sheriff","Emeralds",50,"Male",1
"80","3","33",29,0,"A sheriff","Emeralds",50,"Male",1
"80","3","33",30,0,"A sheriff","Emeralds",50,"Male",1
"80","3","33",31,83,"A sheriff","Emeralds",50,"Male",1
"80","3","33",32,0,"A sheriff","Emeralds",50,"Male",1
"80","3","33",33,0,"A sheriff","Emeralds",50,"Male",1
"80","3","33",34,0,"A sheriff","Emeralds",50,"Male",1
"80","3","33",35,71,"A sheriff","Emeralds",50,"Male",1
"80","3","33",36,74,"A sheriff","Emeralds",50,"Male",1
"80","3","33",37,0,"A sheriff","Emeralds",50,"Male",1
"80","3","33",38,0,"A sheriff","Emeralds",50,"Male",1
"80","3","33",39,1,"A sheriff","Emeralds",50,"Male",1
"80","3","33",40,80,"A sheriff","Emeralds",50,"Male",1
"80","3","33",41,1,"A sheriff","Emeralds",50,"Male",1
"80","3","33",42,1,"A sheriff","Emeralds",50,"Male",1
"80","3","33",43,74,"A sheriff","Emeralds",50,"Male",1
"80","3","33",44,68,"A sheriff","Emeralds",50,"Male",1
"80","3","33",45,0,"A sheriff","Emeralds",50,"Male",1
"80","3","33",46,78,"A sheriff","Emeralds",50,"Male",1
"80","3","33",47,0,"A sheriff","Emeralds",50,"Male",1
"80","3","33",48,1,"A sheriff","Emeralds",50,"Male",1
"80","3","33",49,0,"A sheriff","Emeralds",50,"Male",1
"80","3","33",50,0,"A sheriff","Emeralds",50,"Male",1
"81","1","53",1,34,"A bandit","Emeralds",26,"Female",1
"81","1","53",2,53,"A bandit","Emeralds",26,"Female",1
"81","1","53",3,50,"A bandit","Emeralds",26,"Female",1
"81","1","53",4,44,"A bandit","Emeralds",26,"Female",1
"81","1","53",5,21,"A bandit","Emeralds",26,"Female",1
"81","1","53",6,6,"A bandit","Emeralds",26,"Female",1
"81","1","53",7,11,"A bandit","Emeralds",26,"Female",1
"81","1","53",8,65,"A bandit","Emeralds",26,"Female",1
"81","1","53",9,58,"A bandit","Emeralds",26,"Female",1
"81","1","53",10,22,"A bandit","Emeralds",26,"Female",1
"81","1","53",11,56,"A bandit","Emeralds",26,"Female",1
"81","1","53",12,38,"A bandit","Emeralds",26,"Female",1
"81","1","53",13,7,"A bandit","Emeralds",26,"Female",1
"81","1","53",14,0,"A bandit","Emeralds",26,"Female",1
"81","1","53",15,61,"A bandit","Emeralds",26,"Female",1
"81","1","53",16,26,"A bandit","Emeralds",26,"Female",1
"81","1","53",17,42,"A bandit","Emeralds",26,"Female",1
"81","1","53",18,13,"A bandit","Emeralds",26,"Female",1
"81","1","53",19,0,"A bandit","Emeralds",26,"Female",1
"81","1","53",20,62,"A bandit","Emeralds",26,"Female",1
"81","1","53",21,20,"A bandit","Emeralds",26,"Female",1
"81","1","53",22,63,"A bandit","Emeralds",26,"Female",1
"81","1","53",23,64,"A bandit","Emeralds",26,"Female",1
"81","1","53",24,2,"A bandit","Emeralds",26,"Female",1
"81","1","53",25,4,"A bandit","Emeralds",26,"Female",1
"81","1","53",26,61,"A bandit","Emeralds",26,"Female",1
"81","1","53",27,53,"A bandit","Emeralds",26,"Female",1
"81","1","53",28,6,"A bandit","Emeralds",26,"Female",1
"81","1","53",29,46,"A bandit","Emeralds",26,"Female",1
"81","1","53",30,54,"A bandit","Emeralds",26,"Female",1
"81","1","53",31,34,"A bandit","Emeralds",26,"Female",1
"81","1","53",32,41,"A bandit","Emeralds",26,"Female",1
"81","1","53",33,55,"A bandit","Emeralds",26,"Female",1
"81","1","53",34,58,"A bandit","Emeralds",26,"Female",1
"81","1","53",35,56,"A bandit","Emeralds",26,"Female",1
"81","1","53",36,33,"A bandit","Emeralds",26,"Female",1
"81","1","53",37,7,"A bandit","Emeralds",26,"Female",1
"81","1","53",38,15,"A bandit","Emeralds",26,"Female",1
"81","1","53",39,15,"A bandit","Emeralds",26,"Female",1
"81","1","53",40,5,"A bandit","Emeralds",26,"Female",1
"81","1","53",41,2,"A bandit","Emeralds",26,"Female",1
"81","1","53",42,2,"A bandit","Emeralds",26,"Female",1
"81","1","53",43,60,"A bandit","Emeralds",26,"Female",1
"81","1","53",44,19,"A bandit","Emeralds",26,"Female",1
"81","1","53",45,50,"A bandit","Emeralds",26,"Female",1
"81","1","53",46,0,"A bandit","Emeralds",26,"Female",1
"81","1","53",47,0,"A bandit","Emeralds",26,"Female",1
"81","1","53",48,53,"A bandit","Emeralds",26,"Female",1
"81","1","53",49,58,"A bandit","Emeralds",26,"Female",1
"81","1","53",50,0,"A bandit","Emeralds",26,"Female",1
"82","1","34",1,63,"A bandit","Emeralds",24,"Female",1
"82","1","34",2,6,"A bandit","Emeralds",24,"Female",1
"82","1","34",3,77,"A bandit","Emeralds",24,"Female",1
"82","1","34",4,77,"A bandit","Emeralds",24,"Female",1
"82","1","34",5,57,"A bandit","Emeralds",24,"Female",1
"82","1","34",6,73,"A bandit","Emeralds",24,"Female",1
"82","1","34",7,28,"A bandit","Emeralds",24,"Female",1
"82","1","34",8,1,"A bandit","Emeralds",24,"Female",1
"82","1","34",9,53,"A bandit","Emeralds",24,"Female",1
"82","1","34",10,70,"A bandit","Emeralds",24,"Female",1
"82","1","34",11,70,"A bandit","Emeralds",24,"Female",1
"82","1","34",12,80,"A bandit","Emeralds",24,"Female",1
"82","1","34",13,64,"A bandit","Emeralds",24,"Female",1
"82","1","34",14,43,"A bandit","Emeralds",24,"Female",1
"82","1","34",15,27,"A bandit","Emeralds",24,"Female",1
"82","1","34",16,62,"A bandit","Emeralds",24,"Female",1
"82","1","34",17,42,"A bandit","Emeralds",24,"Female",1
"82","1","34",18,19,"A bandit","Emeralds",24,"Female",1
"82","1","34",19,70,"A bandit","Emeralds",24,"Female",1
"82","1","34",20,17,"A bandit","Emeralds",24,"Female",1
"82","1","34",21,8,"A bandit","Emeralds",24,"Female",1
"82","1","34",22,34,"A bandit","Emeralds",24,"Female",1
"82","1","34",23,64,"A bandit","Emeralds",24,"Female",1
"82","1","34",24,18,"A bandit","Emeralds",24,"Female",1
"82","1","34",25,58,"A bandit","Emeralds",24,"Female",1
"82","1","34",26,35,"A bandit","Emeralds",24,"Female",1
"82","1","34",27,2,"A bandit","Emeralds",24,"Female",1
"82","1","34",28,68,"A bandit","Emeralds",24,"Female",1
"82","1","34",29,62,"A bandit","Emeralds",24,"Female",1
"82","1","34",30,57,"A bandit","Emeralds",24,"Female",1
"82","1","34",31,39,"A bandit","Emeralds",24,"Female",1
"82","1","34",32,29,"A bandit","Emeralds",24,"Female",1
"82","1","34",33,30,"A bandit","Emeralds",24,"Female",1
"82","1","34",34,13,"A bandit","Emeralds",24,"Female",1
"82","1","34",35,15,"A bandit","Emeralds",24,"Female",1
"82","1","34",36,8,"A bandit","Emeralds",24,"Female",1
"82","1","34",37,15,"A bandit","Emeralds",24,"Female",1
"82","1","34",38,2,"A bandit","Emeralds",24,"Female",1
"82","1","34",39,3,"A bandit","Emeralds",24,"Female",1
"82","1","34",40,2,"A bandit","Emeralds",24,"Female",1
"82","1","34",41,7,"A bandit","Emeralds",24,"Female",1
"82","1","34",42,2,"A bandit","Emeralds",24,"Female",1
"82","1","34",43,2,"A bandit","Emeralds",24,"Female",1
"82","1","34",44,14,"A bandit","Emeralds",24,"Female",1
"82","1","34",45,1,"A bandit","Emeralds",24,"Female",1
"82","1","34",46,14,"A bandit","Emeralds",24,"Female",1
"82","1","34",47,1,"A bandit","Emeralds",24,"Female",1
"82","1","34",48,16,"A bandit","Emeralds",24,"Female",1
"82","1","34",49,1,"A bandit","Emeralds",24,"Female",1
"82","1","34",50,12,"A bandit","Emeralds",24,"Female",1
"83","3","7",1,100,"A sheriff","Emeralds",32,"Female",1
"83","3","7",2,100,"A sheriff","Emeralds",32,"Female",1
"83","3","7",3,100,"A sheriff","Emeralds",32,"Female",1
"83","3","7",4,100,"A sheriff","Emeralds",32,"Female",1
"83","3","7",5,100,"A sheriff","Emeralds",32,"Female",1
"83","3","7",6,100,"A sheriff","Emeralds",32,"Female",1
"83","3","7",7,100,"A sheriff","Emeralds",32,"Female",1
"83","3","7",8,100,"A sheriff","Emeralds",32,"Female",1
"83","3","7",9,100,"A sheriff","Emeralds",32,"Female",1
"83","3","7",10,100,"A sheriff","Emeralds",32,"Female",1
"83","3","7",11,100,"A sheriff","Emeralds",32,"Female",1
"83","3","7",12,100,"A sheriff","Emeralds",32,"Female",1
"83","3","7",13,100,"A sheriff","Emeralds",32,"Female",1
"83","3","7",14,100,"A sheriff","Emeralds",32,"Female",1
"83","3","7",15,100,"A sheriff","Emeralds",32,"Female",1
"83","3","7",16,100,"A sheriff","Emeralds",32,"Female",1
"83","3","7",17,100,"A sheriff","Emeralds",32,"Female",1
"83","3","7",18,100,"A sheriff","Emeralds",32,"Female",1
"83","3","7",19,100,"A sheriff","Emeralds",32,"Female",1
"83","3","7",20,100,"A sheriff","Emeralds",32,"Female",1
"83","3","7",21,100,"A sheriff","Emeralds",32,"Female",1
"83","3","7",22,100,"A sheriff","Emeralds",32,"Female",1
"83","3","7",23,100,"A sheriff","Emeralds",32,"Female",1
"83","3","7",24,100,"A sheriff","Emeralds",32,"Female",1
"83","3","7",25,100,"A sheriff","Emeralds",32,"Female",1
"83","3","7",26,100,"A sheriff","Emeralds",32,"Female",1
"83","3","7",27,100,"A sheriff","Emeralds",32,"Female",1
"83","3","7",28,100,"A sheriff","Emeralds",32,"Female",1
"83","3","7",29,100,"A sheriff","Emeralds",32,"Female",1
"83","3","7",30,100,"A sheriff","Emeralds",32,"Female",1
"83","3","7",31,100,"A sheriff","Emeralds",32,"Female",1
"83","3","7",32,99,"A sheriff","Emeralds",32,"Female",1
"83","3","7",33,100,"A sheriff","Emeralds",32,"Female",1
"83","3","7",34,100,"A sheriff","Emeralds",32,"Female",1
"83","3","7",35,100,"A sheriff","Emeralds",32,"Female",1
"83","3","7",36,100,"A sheriff","Emeralds",32,"Female",1
"83","3","7",37,100,"A sheriff","Emeralds",32,"Female",1
"83","3","7",38,100,"A sheriff","Emeralds",32,"Female",1
"83","3","7",39,100,"A sheriff","Emeralds",32,"Female",1
"83","3","7",40,100,"A sheriff","Emeralds",32,"Female",1
"83","3","7",41,100,"A sheriff","Emeralds",32,"Female",1
"83","3","7",42,100,"A sheriff","Emeralds",32,"Female",1
"83","3","7",43,100,"A sheriff","Emeralds",32,"Female",1
"83","3","7",44,100,"A sheriff","Emeralds",32,"Female",1
"83","3","7",45,100,"A sheriff","Emeralds",32,"Female",1
"83","3","7",46,100,"A sheriff","Emeralds",32,"Female",1
"83","3","7",47,100,"A sheriff","Emeralds",32,"Female",1
"83","3","7",48,100,"A sheriff","Emeralds",32,"Female",1
"83","3","7",49,100,"A sheriff","Emeralds",32,"Female",1
"83","3","7",50,100,"A sheriff","Emeralds",32,"Female",1
"84","1","62",1,51,"A bandit","Gold",33,"Other",0
"84","1","62",2,55,"A bandit","Gold",33,"Other",0
"84","1","62",3,53,"A bandit","Gold",33,"Other",0
"84","1","62",4,40,"A bandit","Gold",33,"Other",0
"84","1","62",5,59,"A bandit","Gold",33,"Other",0
"84","1","62",6,57,"A bandit","Gold",33,"Other",0
"84","1","62",7,39,"A bandit","Gold",33,"Other",0
"84","1","62",8,64,"A bandit","Gold",33,"Other",0
"84","1","62",9,62,"A bandit","Gold",33,"Other",0
"84","1","62",10,65,"A bandit","Gold",33,"Other",0
"84","1","62",11,56,"A bandit","Gold",33,"Other",0
"84","1","62",12,33,"A bandit","Gold",33,"Other",0
"84","1","62",13,65,"A bandit","Gold",33,"Other",0
"84","1","62",14,62,"A bandit","Gold",33,"Other",0
"84","1","62",15,35,"A bandit","Gold",33,"Other",0
"84","1","62",16,61,"A bandit","Gold",33,"Other",0
"84","1","62",17,34,"A bandit","Gold",33,"Other",0
"84","1","62",18,68,"A bandit","Gold",33,"Other",0
"84","1","62",19,32,"A bandit","Gold",33,"Other",0
"84","1","62",20,65,"A bandit","Gold",33,"Other",0
"84","1","62",21,66,"A bandit","Gold",33,"Other",0
"84","1","62",22,37,"A bandit","Gold",33,"Other",0
"84","1","62",23,68,"A bandit","Gold",33,"Other",0
"84","1","62",24,61,"A bandit","Gold",33,"Other",0
"84","1","62",25,38,"A bandit","Gold",33,"Other",0
"84","1","62",26,62,"A bandit","Gold",33,"Other",0
"84","1","62",27,33,"A bandit","Gold",33,"Other",0
"84","1","62",28,63,"A bandit","Gold",33,"Other",0
"84","1","62",29,30,"A bandit","Gold",33,"Other",0
"84","1","62",30,67,"A bandit","Gold",33,"Other",0
"84","1","62",31,32,"A bandit","Gold",33,"Other",0
"84","1","62",32,61,"A bandit","Gold",33,"Other",0
"84","1","62",33,35,"A bandit","Gold",33,"Other",0
"84","1","62",34,63,"A bandit","Gold",33,"Other",0
"84","1","62",35,61,"A bandit","Gold",33,"Other",0
"84","1","62",36,36,"A bandit","Gold",33,"Other",0
"84","1","62",37,64,"A bandit","Gold",33,"Other",0
"84","1","62",38,36,"A bandit","Gold",33,"Other",0
"84","1","62",39,63,"A bandit","Gold",33,"Other",0
"84","1","62",40,36,"A bandit","Gold",33,"Other",0
"84","1","62",41,58,"A bandit","Gold",33,"Other",0
"84","1","62",42,39,"A bandit","Gold",33,"Other",0
"84","1","62",43,69,"A bandit","Gold",33,"Other",0
"84","1","62",44,38,"A bandit","Gold",33,"Other",0
"84","1","62",45,75,"A bandit","Gold",33,"Other",0
"84","1","62",46,43,"A bandit","Gold",33,"Other",0
"84","1","62",47,67,"A bandit","Gold",33,"Other",0
"84","1","62",48,37,"A bandit","Gold",33,"Other",0
"84","1","62",49,71,"A bandit","Gold",33,"Other",0
"84","1","62",50,32,"A bandit","Gold",33,"Other",0
"85","2","40",1,73,"A tycoon","Emeralds",36,"Male",1
"85","2","40",2,100,"A tycoon","Emeralds",36,"Male",1
"85","2","40",3,0,"A tycoon","Emeralds",36,"Male",1
"85","2","40",4,0,"A tycoon","Emeralds",36,"Male",1
"85","2","40",5,100,"A tycoon","Emeralds",36,"Male",1
"85","2","40",6,99,"A tycoon","Emeralds",36,"Male",1
"85","2","40",7,78,"A tycoon","Emeralds",36,"Male",1
"85","2","40",8,31,"A tycoon","Emeralds",36,"Male",1
"85","2","40",9,27,"A tycoon","Emeralds",36,"Male",1
"85","2","40",10,73,"A tycoon","Emeralds",36,"Male",1
"85","2","40",11,30,"A tycoon","Emeralds",36,"Male",1
"85","2","40",12,85,"A tycoon","Emeralds",36,"Male",1
"85","2","40",13,69,"A tycoon","Emeralds",36,"Male",1
"85","2","40",14,55,"A tycoon","Emeralds",36,"Male",1
"85","2","40",15,98,"A tycoon","Emeralds",36,"Male",1
"85","2","40",16,84,"A tycoon","Emeralds",36,"Male",1
"85","2","40",17,24,"A tycoon","Emeralds",36,"Male",1
"85","2","40",18,90,"A tycoon","Emeralds",36,"Male",1
"85","2","40",19,91,"A tycoon","Emeralds",36,"Male",1
"85","2","40",20,79,"A tycoon","Emeralds",36,"Male",1
"85","2","40",21,81,"A tycoon","Emeralds",36,"Male",1
"85","2","40",22,92,"A tycoon","Emeralds",36,"Male",1
"85","2","40",23,89,"A tycoon","Emeralds",36,"Male",1
"85","2","40",24,100,"A tycoon","Emeralds",36,"Male",1
"85","2","40",25,83,"A tycoon","Emeralds",36,"Male",1
"85","2","40",26,23,"A tycoon","Emeralds",36,"Male",1
"85","2","40",27,91,"A tycoon","Emeralds",36,"Male",1
"85","2","40",28,27,"A tycoon","Emeralds",36,"Male",1
"85","2","40",29,77,"A tycoon","Emeralds",36,"Male",1
"85","2","40",30,93,"A tycoon","Emeralds",36,"Male",1
"85","2","40",31,88,"A tycoon","Emeralds",36,"Male",1
"85","2","40",32,11,"A tycoon","Emeralds",36,"Male",1
"85","2","40",33,100,"A tycoon","Emeralds",36,"Male",1
"85","2","40",34,100,"A tycoon","Emeralds",36,"Male",1
"85","2","40",35,21,"A tycoon","Emeralds",36,"Male",1
"85","2","40",36,100,"A tycoon","Emeralds",36,"Male",1
"85","2","40",37,85,"A tycoon","Emeralds",36,"Male",1
"85","2","40",38,82,"A tycoon","Emeralds",36,"Male",1
"85","2","40",39,90,"A tycoon","Emeralds",36,"Male",1
"85","2","40",40,94,"A tycoon","Emeralds",36,"Male",1
"85","2","40",41,29,"A tycoon","Emeralds",36,"Male",1
"85","2","40",42,100,"A tycoon","Emeralds",36,"Male",1
"85","2","40",43,90,"A tycoon","Emeralds",36,"Male",1
"85","2","40",44,100,"A tycoon","Emeralds",36,"Male",1
"85","2","40",45,35,"A tycoon","Emeralds",36,"Male",1
"85","2","40",46,86,"A tycoon","Emeralds",36,"Male",1
"85","2","40",47,24,"A tycoon","Emeralds",36,"Male",1
"85","2","40",48,100,"A tycoon","Emeralds",36,"Male",1
"85","2","40",49,70,"A tycoon","Emeralds",36,"Male",1
"85","2","40",50,79,"A tycoon","Emeralds",36,"Male",1
"86","3","12",1,0,"A sheriff","Emeralds",30,"Male",1
"86","3","12",2,0,"A sheriff","Emeralds",30,"Male",1
"86","3","12",3,58,"A sheriff","Emeralds",30,"Male",1
"86","3","12",4,0,"A sheriff","Emeralds",30,"Male",1
"86","3","12",5,0,"A sheriff","Emeralds",30,"Male",1
"86","3","12",6,0,"A sheriff","Emeralds",30,"Male",1
"86","3","12",7,0,"A sheriff","Emeralds",30,"Male",1
"86","3","12",8,95,"A sheriff","Emeralds",30,"Male",1
"86","3","12",9,91,"A sheriff","Emeralds",30,"Male",1
"86","3","12",10,0,"A sheriff","Emeralds",30,"Male",1
"86","3","12",11,0,"A sheriff","Emeralds",30,"Male",1
"86","3","12",12,92,"A sheriff","Emeralds",30,"Male",1
"86","3","12",13,0,"A sheriff","Emeralds",30,"Male",1
"86","3","12",14,0,"A sheriff","Emeralds",30,"Male",1
"86","3","12",15,0,"A sheriff","Emeralds",30,"Male",1
"86","3","12",16,0,"A sheriff","Emeralds",30,"Male",1
"86","3","12",17,0,"A sheriff","Emeralds",30,"Male",1
"86","3","12",18,0,"A sheriff","Emeralds",30,"Male",1
"86","3","12",19,0,"A sheriff","Emeralds",30,"Male",1
"86","3","12",20,0,"A sheriff","Emeralds",30,"Male",1
"86","3","12",21,0,"A sheriff","Emeralds",30,"Male",1
"86","3","12",22,0,"A sheriff","Emeralds",30,"Male",1
"86","3","12",23,0,"A sheriff","Emeralds",30,"Male",1
"86","3","12",24,100,"A sheriff","Emeralds",30,"Male",1
"86","3","12",25,0,"A sheriff","Emeralds",30,"Male",1
"86","3","12",26,100,"A sheriff","Emeralds",30,"Male",1
"86","3","12",27,0,"A sheriff","Emeralds",30,"Male",1
"86","3","12",28,0,"A sheriff","Emeralds",30,"Male",1
"86","3","12",29,100,"A sheriff","Emeralds",30,"Male",1
"86","3","12",30,0,"A sheriff","Emeralds",30,"Male",1
"86","3","12",31,100,"A sheriff","Emeralds",30,"Male",1
"86","3","12",32,0,"A sheriff","Emeralds",30,"Male",1
"86","3","12",33,0,"A sheriff","Emeralds",30,"Male",1
"86","3","12",34,0,"A sheriff","Emeralds",30,"Male",1
"86","3","12",35,100,"A sheriff","Emeralds",30,"Male",1
"86","3","12",36,0,"A sheriff","Emeralds",30,"Male",1
"86","3","12",37,0,"A sheriff","Emeralds",30,"Male",1
"86","3","12",38,100,"A sheriff","Emeralds",30,"Male",1
"86","3","12",39,0,"A sheriff","Emeralds",30,"Male",1
"86","3","12",40,100,"A sheriff","Emeralds",30,"Male",1
"86","3","12",41,0,"A sheriff","Emeralds",30,"Male",1
"86","3","12",42,0,"A sheriff","Emeralds",30,"Male",1
"86","3","12",43,0,"A sheriff","Emeralds",30,"Male",1
"86","3","12",44,0,"A sheriff","Emeralds",30,"Male",1
"86","3","12",45,0,"A sheriff","Emeralds",30,"Male",1
"86","3","12",46,0,"A sheriff","Emeralds",30,"Male",1
"86","3","12",47,0,"A sheriff","Emeralds",30,"Male",1
"86","3","12",48,0,"A sheriff","Emeralds",30,"Male",1
"86","3","12",49,100,"A sheriff","Emeralds",30,"Male",1
"86","3","12",50,0,"A sheriff","Emeralds",30,"Male",1
"87","1","22",1,59,"A bandit","Emeralds",26,"Female",1
"87","1","22",2,12,"A bandit","Emeralds",26,"Female",1
"87","1","22",3,44,"A bandit","Emeralds",26,"Female",1
"87","1","22",4,77,"A bandit","Emeralds",26,"Female",1
"87","1","22",5,40,"A bandit","Emeralds",26,"Female",1
"87","1","22",6,100,"A bandit","Emeralds",26,"Female",1
"87","1","22",7,68,"A bandit","Emeralds",26,"Female",1
"87","1","22",8,12,"A bandit","Emeralds",26,"Female",1
"87","1","22",9,27,"A bandit","Emeralds",26,"Female",1
"87","1","22",10,59,"A bandit","Emeralds",26,"Female",1
"87","1","22",11,42,"A bandit","Emeralds",26,"Female",1
"87","1","22",12,36,"A bandit","Emeralds",26,"Female",1
"87","1","22",13,81,"A bandit","Emeralds",26,"Female",1
"87","1","22",14,81,"A bandit","Emeralds",26,"Female",1
"87","1","22",15,9,"A bandit","Emeralds",26,"Female",1
"87","1","22",16,15,"A bandit","Emeralds",26,"Female",1
"87","1","22",17,78,"A bandit","Emeralds",26,"Female",1
"87","1","22",18,85,"A bandit","Emeralds",26,"Female",1
"87","1","22",19,21,"A bandit","Emeralds",26,"Female",1
"87","1","22",20,87,"A bandit","Emeralds",26,"Female",1
"87","1","22",21,24,"A bandit","Emeralds",26,"Female",1
"87","1","22",22,57,"A bandit","Emeralds",26,"Female",1
"87","1","22",23,26,"A bandit","Emeralds",26,"Female",1
"87","1","22",24,19,"A bandit","Emeralds",26,"Female",1
"87","1","22",25,67,"A bandit","Emeralds",26,"Female",1
"87","1","22",26,5,"A bandit","Emeralds",26,"Female",1
"87","1","22",27,12,"A bandit","Emeralds",26,"Female",1
"87","1","22",28,71,"A bandit","Emeralds",26,"Female",1
"87","1","22",29,82,"A bandit","Emeralds",26,"Female",1
"87","1","22",30,15,"A bandit","Emeralds",26,"Female",1
"87","1","22",31,77,"A bandit","Emeralds",26,"Female",1
"87","1","22",32,69,"A bandit","Emeralds",26,"Female",1
"87","1","22",33,21,"A bandit","Emeralds",26,"Female",1
"87","1","22",34,24,"A bandit","Emeralds",26,"Female",1
"87","1","22",35,70,"A bandit","Emeralds",26,"Female",1
"87","1","22",36,27,"A bandit","Emeralds",26,"Female",1
"87","1","22",37,23,"A bandit","Emeralds",26,"Female",1
"87","1","22",38,68,"A bandit","Emeralds",26,"Female",1
"87","1","22",39,46,"A bandit","Emeralds",26,"Female",1
"87","1","22",40,64,"A bandit","Emeralds",26,"Female",1
"87","1","22",41,18,"A bandit","Emeralds",26,"Female",1
"87","1","22",42,63,"A bandit","Emeralds",26,"Female",1
"87","1","22",43,71,"A bandit","Emeralds",26,"Female",1
"87","1","22",44,33,"A bandit","Emeralds",26,"Female",1
"87","1","22",45,63,"A bandit","Emeralds",26,"Female",1
"87","1","22",46,16,"A bandit","Emeralds",26,"Female",1
"87","1","22",47,27,"A bandit","Emeralds",26,"Female",1
"87","1","22",48,26,"A bandit","Emeralds",26,"Female",1
"87","1","22",49,61,"A bandit","Emeralds",26,"Female",1
"87","1","22",50,73,"A bandit","Emeralds",26,"Female",1
"88","3","8",1,100,"A sheriff","Emeralds",30,"Female",1
"88","3","8",2,0,"A sheriff","Emeralds",30,"Female",1
"88","3","8",3,0,"A sheriff","Emeralds",30,"Female",1
"88","3","8",4,0,"A sheriff","Emeralds",30,"Female",1
"88","3","8",5,100,"A sheriff","Emeralds",30,"Female",1
"88","3","8",6,100,"A sheriff","Emeralds",30,"Female",1
"88","3","8",7,0,"A sheriff","Emeralds",30,"Female",1
"88","3","8",8,0,"A sheriff","Emeralds",30,"Female",1
"88","3","8",9,100,"A sheriff","Emeralds",30,"Female",1
"88","3","8",10,100,"A sheriff","Emeralds",30,"Female",1
"88","3","8",11,0,"A sheriff","Emeralds",30,"Female",1
"88","3","8",12,0,"A sheriff","Emeralds",30,"Female",1
"88","3","8",13,100,"A sheriff","Emeralds",30,"Female",1
"88","3","8",14,0,"A sheriff","Emeralds",30,"Female",1
"88","3","8",15,0,"A sheriff","Emeralds",30,"Female",1
"88","3","8",16,0,"A sheriff","Emeralds",30,"Female",1
"88","3","8",17,0,"A sheriff","Emeralds",30,"Female",1
"88","3","8",18,0,"A sheriff","Emeralds",30,"Female",1
"88","3","8",19,0,"A sheriff","Emeralds",30,"Female",1
"88","3","8",20,100,"A sheriff","Emeralds",30,"Female",1
"88","3","8",21,0,"A sheriff","Emeralds",30,"Female",1
"88","3","8",22,0,"A sheriff","Emeralds",30,"Female",1
"88","3","8",23,0,"A sheriff","Emeralds",30,"Female",1
"88","3","8",24,0,"A sheriff","Emeralds",30,"Female",1
"88","3","8",25,0,"A sheriff","Emeralds",30,"Female",1
"88","3","8",26,100,"A sheriff","Emeralds",30,"Female",1
"88","3","8",27,100,"A sheriff","Emeralds",30,"Female",1
"88","3","8",28,100,"A sheriff","Emeralds",30,"Female",1
"88","3","8",29,0,"A sheriff","Emeralds",30,"Female",1
"88","3","8",30,100,"A sheriff","Emeralds",30,"Female",1
"88","3","8",31,100,"A sheriff","Emeralds",30,"Female",1
"88","3","8",32,0,"A sheriff","Emeralds",30,"Female",1
"88","3","8",33,100,"A sheriff","Emeralds",30,"Female",1
"88","3","8",34,100,"A sheriff","Emeralds",30,"Female",1
"88","3","8",35,0,"A sheriff","Emeralds",30,"Female",1
"88","3","8",36,0,"A sheriff","Emeralds",30,"Female",1
"88","3","8",37,100,"A sheriff","Emeralds",30,"Female",1
"88","3","8",38,0,"A sheriff","Emeralds",30,"Female",1
"88","3","8",39,0,"A sheriff","Emeralds",30,"Female",1
"88","3","8",40,100,"A sheriff","Emeralds",30,"Female",1
"88","3","8",41,100,"A sheriff","Emeralds",30,"Female",1
"88","3","8",42,0,"A sheriff","Emeralds",30,"Female",1
"88","3","8",43,100,"A sheriff","Emeralds",30,"Female",1
"88","3","8",44,0,"A sheriff","Emeralds",30,"Female",1
"88","3","8",45,0,"A sheriff","Emeralds",30,"Female",1
"88","3","8",46,0,"A sheriff","Emeralds",30,"Female",1
"88","3","8",47,0,"A sheriff","Emeralds",30,"Female",1
"88","3","8",48,100,"A sheriff","Emeralds",30,"Female",1
"88","3","8",49,0,"A sheriff","Emeralds",30,"Female",1
"88","3","8",50,100,"A sheriff","Emeralds",30,"Female",1
"89","2","1",1,100,"A tycoon","Emeralds",34,"Male",1
"89","2","1",2,100,"A tycoon","Emeralds",34,"Male",1
"89","2","1",3,72,"A tycoon","Emeralds",34,"Male",1
"89","2","1",4,100,"A tycoon","Emeralds",34,"Male",1
"89","2","1",5,70,"A tycoon","Emeralds",34,"Male",1
"89","2","1",6,23,"A tycoon","Emeralds",34,"Male",1
"89","2","1",7,0,"A tycoon","Emeralds",34,"Male",1
"89","2","1",8,0,"A tycoon","Emeralds",34,"Male",1
"89","2","1",9,0,"A tycoon","Emeralds",34,"Male",1
"89","2","1",10,0,"A tycoon","Emeralds",34,"Male",1
"89","2","1",11,0,"A tycoon","Emeralds",34,"Male",1
"89","2","1",12,73,"A tycoon","Emeralds",34,"Male",1
"89","2","1",13,77,"A tycoon","Emeralds",34,"Male",1
"89","2","1",14,26,"A tycoon","Emeralds",34,"Male",1
"89","2","1",15,25,"A tycoon","Emeralds",34,"Male",1
"89","2","1",16,21,"A tycoon","Emeralds",34,"Male",1
"89","2","1",17,0,"A tycoon","Emeralds",34,"Male",1
"89","2","1",18,0,"A tycoon","Emeralds",34,"Male",1
"89","2","1",19,0,"A tycoon","Emeralds",34,"Male",1
"89","2","1",20,0,"A tycoon","Emeralds",34,"Male",1
"89","2","1",21,0,"A tycoon","Emeralds",34,"Male",1
"89","2","1",22,0,"A tycoon","Emeralds",34,"Male",1
"89","2","1",23,0,"A tycoon","Emeralds",34,"Male",1
"89","2","1",24,0,"A tycoon","Emeralds",34,"Male",1
"89","2","1",25,0,"A tycoon","Emeralds",34,"Male",1
"89","2","1",26,0,"A tycoon","Emeralds",34,"Male",1
"89","2","1",27,0,"A tycoon","Emeralds",34,"Male",1
"89","2","1",28,0,"A tycoon","Emeralds",34,"Male",1
"89","2","1",29,0,"A tycoon","Emeralds",34,"Male",1
"89","2","1",30,0,"A tycoon","Emeralds",34,"Male",1
"89","2","1",31,0,"A tycoon","Emeralds",34,"Male",1
"89","2","1",32,0,"A tycoon","Emeralds",34,"Male",1
"89","2","1",33,0,"A tycoon","Emeralds",34,"Male",1
"89","2","1",34,0,"A tycoon","Emeralds",34,"Male",1
"89","2","1",35,0,"A tycoon","Emeralds",34,"Male",1
"89","2","1",36,0,"A tycoon","Emeralds",34,"Male",1
"89","2","1",37,0,"A tycoon","Emeralds",34,"Male",1
"89","2","1",38,0,"A tycoon","Emeralds",34,"Male",1
"89","2","1",39,0,"A tycoon","Emeralds",34,"Male",1
"89","2","1",40,0,"A tycoon","Emeralds",34,"Male",1
"89","2","1",41,0,"A tycoon","Emeralds",34,"Male",1
"89","2","1",42,0,"A tycoon","Emeralds",34,"Male",1
"89","2","1",43,0,"A tycoon","Emeralds",34,"Male",1
"89","2","1",44,0,"A tycoon","Emeralds",34,"Male",1
"89","2","1",45,0,"A tycoon","Emeralds",34,"Male",1
"89","2","1",46,0,"A tycoon","Emeralds",34,"Male",1
"89","2","1",47,0,"A tycoon","Emeralds",34,"Male",1
"89","2","1",48,0,"A tycoon","Emeralds",34,"Male",1
"89","2","1",49,0,"A tycoon","Emeralds",34,"Male",1
"89","2","1",50,0,"A tycoon","Emeralds",34,"Male",1
"90","3","6",1,0,"A sheriff","Emeralds",25,"Male",1
"90","3","6",2,0,"A sheriff","Emeralds",25,"Male",1
"90","3","6",3,0,"A sheriff","Emeralds",25,"Male",1
"90","3","6",4,0,"A sheriff","Emeralds",25,"Male",1
"90","3","6",5,0,"A sheriff","Emeralds",25,"Male",1
"90","3","6",6,100,"A sheriff","Emeralds",25,"Male",1
"90","3","6",7,0,"A sheriff","Emeralds",25,"Male",1
"90","3","6",8,100,"A sheriff","Emeralds",25,"Male",1
"90","3","6",9,0,"A sheriff","Emeralds",25,"Male",1
"90","3","6",10,0,"A sheriff","Emeralds",25,"Male",1
"90","3","6",11,0,"A sheriff","Emeralds",25,"Male",1
"90","3","6",12,0,"A sheriff","Emeralds",25,"Male",1
"90","3","6",13,0,"A sheriff","Emeralds",25,"Male",1
"90","3","6",14,0,"A sheriff","Emeralds",25,"Male",1
"90","3","6",15,0,"A sheriff","Emeralds",25,"Male",1
"90","3","6",16,0,"A sheriff","Emeralds",25,"Male",1
"90","3","6",17,0,"A sheriff","Emeralds",25,"Male",1
"90","3","6",18,100,"A sheriff","Emeralds",25,"Male",1
"90","3","6",19,100,"A sheriff","Emeralds",25,"Male",1
"90","3","6",20,100,"A sheriff","Emeralds",25,"Male",1
"90","3","6",21,100,"A sheriff","Emeralds",25,"Male",1
"90","3","6",22,100,"A sheriff","Emeralds",25,"Male",1
"90","3","6",23,100,"A sheriff","Emeralds",25,"Male",1
"90","3","6",24,100,"A sheriff","Emeralds",25,"Male",1
"90","3","6",25,100,"A sheriff","Emeralds",25,"Male",1
"90","3","6",26,0,"A sheriff","Emeralds",25,"Male",1
"90","3","6",27,0,"A sheriff","Emeralds",25,"Male",1
"90","3","6",28,0,"A sheriff","Emeralds",25,"Male",1
"90","3","6",29,0,"A sheriff","Emeralds",25,"Male",1
"90","3","6",30,0,"A sheriff","Emeralds",25,"Male",1
"90","3","6",31,0,"A sheriff","Emeralds",25,"Male",1
"90","3","6",32,0,"A sheriff","Emeralds",25,"Male",1
"90","3","6",33,0,"A sheriff","Emeralds",25,"Male",1
"90","3","6",34,0,"A sheriff","Emeralds",25,"Male",1
"90","3","6",35,0,"A sheriff","Emeralds",25,"Male",1
"90","3","6",36,0,"A sheriff","Emeralds",25,"Male",1
"90","3","6",37,0,"A sheriff","Emeralds",25,"Male",1
"90","3","6",38,0,"A sheriff","Emeralds",25,"Male",1
"90","3","6",39,0,"A sheriff","Emeralds",25,"Male",1
"90","3","6",40,0,"A sheriff","Emeralds",25,"Male",1
"90","3","6",41,0,"A sheriff","Emeralds",25,"Male",1
"90","3","6",42,0,"A sheriff","Emeralds",25,"Male",1
"90","3","6",43,0,"A sheriff","Emeralds",25,"Male",1
"90","3","6",44,0,"A sheriff","Emeralds",25,"Male",1
"90","3","6",45,0,"A sheriff","Emeralds",25,"Male",1
"90","3","6",46,0,"A sheriff","Emeralds",25,"Male",1
"90","3","6",47,0,"A sheriff","Emeralds",25,"Male",1
"90","3","6",48,0,"A sheriff","Emeralds",25,"Male",1
"90","3","6",49,0,"A sheriff","Emeralds",25,"Male",1
"90","3","6",50,0,"A sheriff","Emeralds",25,"Male",1
"91","1","12",1,88,"A bandit","Emeralds",40,"Male",1
"91","1","12",2,91,"A bandit","Emeralds",40,"Male",1
"91","1","12",3,81,"A bandit","Emeralds",40,"Male",1
"91","1","12",4,83,"A bandit","Emeralds",40,"Male",1
"91","1","12",5,84,"A bandit","Emeralds",40,"Male",1
"91","1","12",6,20,"A bandit","Emeralds",40,"Male",1
"91","1","12",7,73,"A bandit","Emeralds",40,"Male",1
"91","1","12",8,60,"A bandit","Emeralds",40,"Male",1
"91","1","12",9,57,"A bandit","Emeralds",40,"Male",1
"91","1","12",10,64,"A bandit","Emeralds",40,"Male",1
"91","1","12",11,21,"A bandit","Emeralds",40,"Male",1
"91","1","12",12,14,"A bandit","Emeralds",40,"Male",1
"91","1","12",13,66,"A bandit","Emeralds",40,"Male",1
"91","1","12",14,42,"A bandit","Emeralds",40,"Male",1
"91","1","12",15,38,"A bandit","Emeralds",40,"Male",1
"91","1","12",16,43,"A bandit","Emeralds",40,"Male",1
"91","1","12",17,39,"A bandit","Emeralds",40,"Male",1
"91","1","12",18,31,"A bandit","Emeralds",40,"Male",1
"91","1","12",19,37,"A bandit","Emeralds",40,"Male",1
"91","1","12",20,39,"A bandit","Emeralds",40,"Male",1
"91","1","12",21,11,"A bandit","Emeralds",40,"Male",1
"91","1","12",22,9,"A bandit","Emeralds",40,"Male",1
"91","1","12",23,29,"A bandit","Emeralds",40,"Male",1
"91","1","12",24,34,"A bandit","Emeralds",40,"Male",1
"91","1","12",25,24,"A bandit","Emeralds",40,"Male",1
"91","1","12",26,6,"A bandit","Emeralds",40,"Male",1
"91","1","12",27,33,"A bandit","Emeralds",40,"Male",1
"91","1","12",28,34,"A bandit","Emeralds",40,"Male",1
"91","1","12",29,4,"A bandit","Emeralds",40,"Male",1
"91","1","12",30,38,"A bandit","Emeralds",40,"Male",1
"91","1","12",31,12,"A bandit","Emeralds",40,"Male",1
"91","1","12",32,5,"A bandit","Emeralds",40,"Male",1
"91","1","12",33,16,"A bandit","Emeralds",40,"Male",1
"91","1","12",34,20,"A bandit","Emeralds",40,"Male",1
"91","1","12",35,6,"A bandit","Emeralds",40,"Male",1
"91","1","12",36,9,"A bandit","Emeralds",40,"Male",1
"91","1","12",37,6,"A bandit","Emeralds",40,"Male",1
"91","1","12",38,8,"A bandit","Emeralds",40,"Male",1
"91","1","12",39,10,"A bandit","Emeralds",40,"Male",1
"91","1","12",40,10,"A bandit","Emeralds",40,"Male",1
"91","1","12",41,11,"A bandit","Emeralds",40,"Male",1
"91","1","12",42,5,"A bandit","Emeralds",40,"Male",1
"91","1","12",43,6,"A bandit","Emeralds",40,"Male",1
"91","1","12",44,6,"A bandit","Emeralds",40,"Male",1
"91","1","12",45,8,"A bandit","Emeralds",40,"Male",1
"91","1","12",46,9,"A bandit","Emeralds",40,"Male",1
"91","1","12",47,5,"A bandit","Emeralds",40,"Male",1
"91","1","12",48,10,"A bandit","Emeralds",40,"Male",1
"91","1","12",49,4,"A bandit","Emeralds",40,"Male",1
"91","1","12",50,6,"A bandit","Emeralds",40,"Male",1
"92","2","20",1,73,"A tycoon","Emeralds",40,"Female",1
"92","2","20",2,60,"A tycoon","Emeralds",40,"Female",1
"92","2","20",3,93,"A tycoon","Emeralds",40,"Female",1
"92","2","20",4,0,"A tycoon","Emeralds",40,"Female",1
"92","2","20",5,70,"A tycoon","Emeralds",40,"Female",1
"92","2","20",6,3,"A tycoon","Emeralds",40,"Female",1
"92","2","20",7,95,"A tycoon","Emeralds",40,"Female",1
"92","2","20",8,93,"A tycoon","Emeralds",40,"Female",1
"92","2","20",9,88,"A tycoon","Emeralds",40,"Female",1
"92","2","20",10,1,"A tycoon","Emeralds",40,"Female",1
"92","2","20",11,95,"A tycoon","Emeralds",40,"Female",1
"92","2","20",12,2,"A tycoon","Emeralds",40,"Female",1
"92","2","20",13,94,"A tycoon","Emeralds",40,"Female",1
"92","2","20",14,92,"A tycoon","Emeralds",40,"Female",1
"92","2","20",15,99,"A tycoon","Emeralds",40,"Female",1
"92","2","20",16,92,"A tycoon","Emeralds",40,"Female",1
"92","2","20",17,91,"A tycoon","Emeralds",40,"Female",1
"92","2","20",18,90,"A tycoon","Emeralds",40,"Female",1
"92","2","20",19,96,"A tycoon","Emeralds",40,"Female",1
"92","2","20",20,0,"A tycoon","Emeralds",40,"Female",1
"92","2","20",21,95,"A tycoon","Emeralds",40,"Female",1
"92","2","20",22,98,"A tycoon","Emeralds",40,"Female",1
"92","2","20",23,88,"A tycoon","Emeralds",40,"Female",1
"92","2","20",24,86,"A tycoon","Emeralds",40,"Female",1
"92","2","20",25,92,"A tycoon","Emeralds",40,"Female",1
"92","2","20",26,92,"A tycoon","Emeralds",40,"Female",1
"92","2","20",27,1,"A tycoon","Emeralds",40,"Female",1
"92","2","20",28,96,"A tycoon","Emeralds",40,"Female",1
"92","2","20",29,95,"A tycoon","Emeralds",40,"Female",1
"92","2","20",30,95,"A tycoon","Emeralds",40,"Female",1
"92","2","20",31,98,"A tycoon","Emeralds",40,"Female",1
"92","2","20",32,0,"A tycoon","Emeralds",40,"Female",1
"92","2","20",33,97,"A tycoon","Emeralds",40,"Female",1
"92","2","20",34,91,"A tycoon","Emeralds",40,"Female",1
"92","2","20",35,95,"A tycoon","Emeralds",40,"Female",1
"92","2","20",36,0,"A tycoon","Emeralds",40,"Female",1
"92","2","20",37,95,"A tycoon","Emeralds",40,"Female",1
"92","2","20",38,0,"A tycoon","Emeralds",40,"Female",1
"92","2","20",39,96,"A tycoon","Emeralds",40,"Female",1
"92","2","20",40,96,"A tycoon","Emeralds",40,"Female",1
"92","2","20",41,87,"A tycoon","Emeralds",40,"Female",1
"92","2","20",42,89,"A tycoon","Emeralds",40,"Female",1
"92","2","20",43,93,"A tycoon","Emeralds",40,"Female",1
"92","2","20",44,92,"A tycoon","Emeralds",40,"Female",1
"92","2","20",45,88,"A tycoon","Emeralds",40,"Female",1
"92","2","20",46,91,"A tycoon","Emeralds",40,"Female",1
"92","2","20",47,0,"A tycoon","Emeralds",40,"Female",1
"92","2","20",48,96,"A tycoon","Emeralds",40,"Female",1
"92","2","20",49,1,"A tycoon","Emeralds",40,"Female",1
"92","2","20",50,91,"A tycoon","Emeralds",40,"Female",1
"93","2","32",1,0,"A tycoon","Emeralds",52,"Female",1
"93","2","32",2,58,"A tycoon","Emeralds",52,"Female",1
"93","2","32",3,0,"A tycoon","Emeralds",52,"Female",1
"93","2","32",4,60,"A tycoon","Emeralds",52,"Female",1
"93","2","32",5,64,"A tycoon","Emeralds",52,"Female",1
"93","2","32",6,61,"A tycoon","Emeralds",52,"Female",1
"93","2","32",7,78,"A tycoon","Emeralds",52,"Female",1
"93","2","32",8,69,"A tycoon","Emeralds",52,"Female",1
"93","2","32",9,1,"A tycoon","Emeralds",52,"Female",1
"93","2","32",10,3,"A tycoon","Emeralds",52,"Female",1
"93","2","32",11,2,"A tycoon","Emeralds",52,"Female",1
"93","2","32",12,8,"A tycoon","Emeralds",52,"Female",1
"93","2","32",13,5,"A tycoon","Emeralds",52,"Female",1
"93","2","32",14,2,"A tycoon","Emeralds",52,"Female",1
"93","2","32",15,56,"A tycoon","Emeralds",52,"Female",1
"93","2","32",16,4,"A tycoon","Emeralds",52,"Female",1
"93","2","32",17,30,"A tycoon","Emeralds",52,"Female",1
"93","2","32",18,52,"A tycoon","Emeralds",52,"Female",1
"93","2","32",19,52,"A tycoon","Emeralds",52,"Female",1
"93","2","32",20,69,"A tycoon","Emeralds",52,"Female",1
"93","2","32",21,63,"A tycoon","Emeralds",52,"Female",1
"93","2","32",22,24,"A tycoon","Emeralds",52,"Female",1
"93","2","32",23,68,"A tycoon","Emeralds",52,"Female",1
"93","2","32",24,64,"A tycoon","Emeralds",52,"Female",1
"93","2","32",25,16,"A tycoon","Emeralds",52,"Female",1
"93","2","32",26,73,"A tycoon","Emeralds",52,"Female",1
"93","2","32",27,70,"A tycoon","Emeralds",52,"Female",1
"93","2","32",28,45,"A tycoon","Emeralds",52,"Female",1
"93","2","32",29,59,"A tycoon","Emeralds",52,"Female",1
"93","2","32",30,34,"A tycoon","Emeralds",52,"Female",1
"93","2","32",31,66,"A tycoon","Emeralds",52,"Female",1
"93","2","32",32,36,"A tycoon","Emeralds",52,"Female",1
"93","2","32",33,0,"A tycoon","Emeralds",52,"Female",1
"93","2","32",34,63,"A tycoon","Emeralds",52,"Female",1
"93","2","32",35,65,"A tycoon","Emeralds",52,"Female",1
"93","2","32",36,66,"A tycoon","Emeralds",52,"Female",1
"93","2","32",37,63,"A tycoon","Emeralds",52,"Female",1
"93","2","32",38,76,"A tycoon","Emeralds",52,"Female",1
"93","2","32",39,76,"A tycoon","Emeralds",52,"Female",1
"93","2","32",40,76,"A tycoon","Emeralds",52,"Female",1
"93","2","32",41,24,"A tycoon","Emeralds",52,"Female",1
"93","2","32",42,25,"A tycoon","Emeralds",52,"Female",1
"93","2","32",43,33,"A tycoon","Emeralds",52,"Female",1
"93","2","32",44,20,"A tycoon","Emeralds",52,"Female",1
"93","2","32",45,20,"A tycoon","Emeralds",52,"Female",1
"93","2","32",46,49,"A tycoon","Emeralds",52,"Female",1
"93","2","32",47,17,"A tycoon","Emeralds",52,"Female",1
"93","2","32",48,25,"A tycoon","Emeralds",52,"Female",1
"93","2","32",49,24,"A tycoon","Emeralds",52,"Female",1
"93","2","32",50,18,"A tycoon","Emeralds",52,"Female",1
"94","3","19",1,12,"A sheriff","Emeralds",26,"Male",1
"94","3","19",2,67,"A sheriff","Emeralds",26,"Male",1
"94","3","19",3,7,"A sheriff","Emeralds",26,"Male",1
"94","3","19",4,7,"A sheriff","Emeralds",26,"Male",1
"94","3","19",5,18,"A sheriff","Emeralds",26,"Male",1
"94","3","19",6,8,"A sheriff","Emeralds",26,"Male",1
"94","3","19",7,2,"A sheriff","Emeralds",26,"Male",1
"94","3","19",8,68,"A sheriff","Emeralds",26,"Male",1
"94","3","19",9,1,"A sheriff","Emeralds",26,"Male",1
"94","3","19",10,0,"A sheriff","Emeralds",26,"Male",1
"94","3","19",11,1,"A sheriff","Emeralds",26,"Male",1
"94","3","19",12,1,"A sheriff","Emeralds",26,"Male",1
"94","3","19",13,1,"A sheriff","Emeralds",26,"Male",1
"94","3","19",14,45,"A sheriff","Emeralds",26,"Male",1
"94","3","19",15,52,"A sheriff","Emeralds",26,"Male",1
"94","3","19",16,1,"A sheriff","Emeralds",26,"Male",1
"94","3","19",17,0,"A sheriff","Emeralds",26,"Male",1
"94","3","19",18,0,"A sheriff","Emeralds",26,"Male",1
"94","3","19",19,23,"A sheriff","Emeralds",26,"Male",1
"94","3","19",20,23,"A sheriff","Emeralds",26,"Male",1
"94","3","19",21,0,"A sheriff","Emeralds",26,"Male",1
"94","3","19",22,0,"A sheriff","Emeralds",26,"Male",1
"94","3","19",23,0,"A sheriff","Emeralds",26,"Male",1
"94","3","19",24,0,"A sheriff","Emeralds",26,"Male",1
"94","3","19",25,14,"A sheriff","Emeralds",26,"Male",1
"94","3","19",26,0,"A sheriff","Emeralds",26,"Male",1
"94","3","19",27,0,"A sheriff","Emeralds",26,"Male",1
"94","3","19",28,0,"A sheriff","Emeralds",26,"Male",1
"94","3","19",29,18,"A sheriff","Emeralds",26,"Male",1
"94","3","19",30,0,"A sheriff","Emeralds",26,"Male",1
"94","3","19",31,0,"A sheriff","Emeralds",26,"Male",1
"94","3","19",32,0,"A sheriff","Emeralds",26,"Male",1
"94","3","19",33,0,"A sheriff","Emeralds",26,"Male",1
"94","3","19",34,0,"A sheriff","Emeralds",26,"Male",1
"94","3","19",35,0,"A sheriff","Emeralds",26,"Male",1
"94","3","19",36,0,"A sheriff","Emeralds",26,"Male",1
"94","3","19",37,0,"A sheriff","Emeralds",26,"Male",1
"94","3","19",38,0,"A sheriff","Emeralds",26,"Male",1
"94","3","19",39,4,"A sheriff","Emeralds",26,"Male",1
"94","3","19",40,0,"A sheriff","Emeralds",26,"Male",1
"94","3","19",41,0,"A sheriff","Emeralds",26,"Male",1
"94","3","19",42,6,"A sheriff","Emeralds",26,"Male",1
"94","3","19",43,0,"A sheriff","Emeralds",26,"Male",1
"94","3","19",44,0,"A sheriff","Emeralds",26,"Male",1
"94","3","19",45,0,"A sheriff","Emeralds",26,"Male",1
"94","3","19",46,1,"A sheriff","Emeralds",26,"Male",1
"94","3","19",47,0,"A sheriff","Emeralds",26,"Male",1
"94","3","19",48,0,"A sheriff","Emeralds",26,"Male",1
"94","3","19",49,1,"A sheriff","Emeralds",26,"Male",1
"94","3","19",50,0,"A sheriff","Emeralds",26,"Male",1
"95","2","41",1,5,"A tycoon","Emeralds",32,"Female",1
"95","2","41",2,63,"A tycoon","Emeralds",32,"Female",1
"95","2","41",3,11,"A tycoon","Emeralds",32,"Female",1
"95","2","41",4,0,"A tycoon","Emeralds",32,"Female",1
"95","2","41",5,3,"A tycoon","Emeralds",32,"Female",1
"95","2","41",6,4,"A tycoon","Emeralds",32,"Female",1
"95","2","41",7,5,"A tycoon","Emeralds",32,"Female",1
"95","2","41",8,1,"A tycoon","Emeralds",32,"Female",1
"95","2","41",9,1,"A tycoon","Emeralds",32,"Female",1
"95","2","41",10,1,"A tycoon","Emeralds",32,"Female",1
"95","2","41",11,2,"A tycoon","Emeralds",32,"Female",1
"95","2","41",12,1,"A tycoon","Emeralds",32,"Female",1
"95","2","41",13,4,"A tycoon","Emeralds",32,"Female",1
"95","2","41",14,67,"A tycoon","Emeralds",32,"Female",1
"95","2","41",15,53,"A tycoon","Emeralds",32,"Female",1
"95","2","41",16,12,"A tycoon","Emeralds",32,"Female",1
"95","2","41",17,8,"A tycoon","Emeralds",32,"Female",1
"95","2","41",18,6,"A tycoon","Emeralds",32,"Female",1
"95","2","41",19,0,"A tycoon","Emeralds",32,"Female",1
"95","2","41",20,32,"A tycoon","Emeralds",32,"Female",1
"95","2","41",21,9,"A tycoon","Emeralds",32,"Female",1
"95","2","41",22,34,"A tycoon","Emeralds",32,"Female",1
"95","2","41",23,15,"A tycoon","Emeralds",32,"Female",1
"95","2","41",24,28,"A tycoon","Emeralds",32,"Female",1
"95","2","41",25,1,"A tycoon","Emeralds",32,"Female",1
"95","2","41",26,7,"A tycoon","Emeralds",32,"Female",1
"95","2","41",27,8,"A tycoon","Emeralds",32,"Female",1
"95","2","41",28,8,"A tycoon","Emeralds",32,"Female",1
"95","2","41",29,8,"A tycoon","Emeralds",32,"Female",1
"95","2","41",30,5,"A tycoon","Emeralds",32,"Female",1
"95","2","41",31,4,"A tycoon","Emeralds",32,"Female",1
"95","2","41",32,0,"A tycoon","Emeralds",32,"Female",1
"95","2","41",33,14,"A tycoon","Emeralds",32,"Female",1
"95","2","41",34,11,"A tycoon","Emeralds",32,"Female",1
"95","2","41",35,4,"A tycoon","Emeralds",32,"Female",1
"95","2","41",36,0,"A tycoon","Emeralds",32,"Female",1
"95","2","41",37,13,"A tycoon","Emeralds",32,"Female",1
"95","2","41",38,10,"A tycoon","Emeralds",32,"Female",1
"95","2","41",39,14,"A tycoon","Emeralds",32,"Female",1
"95","2","41",40,11,"A tycoon","Emeralds",32,"Female",1
"95","2","41",41,9,"A tycoon","Emeralds",32,"Female",1
"95","2","41",42,7,"A tycoon","Emeralds",32,"Female",1
"95","2","41",43,10,"A tycoon","Emeralds",32,"Female",1
"95","2","41",44,0,"A tycoon","Emeralds",32,"Female",1
"95","2","41",45,6,"A tycoon","Emeralds",32,"Female",1
"95","2","41",46,0,"A tycoon","Emeralds",32,"Female",1
"95","2","41",47,0,"A tycoon","Emeralds",32,"Female",1
"95","2","41",48,3,"A tycoon","Emeralds",32,"Female",1
"95","2","41",49,0,"A tycoon","Emeralds",32,"Female",1
"95","2","41",50,4,"A tycoon","Emeralds",32,"Female",1
"96","1","70",1,54,"A bandit","Emeralds",45,"Female",1
"96","1","70",2,52,"A bandit","Emeralds",45,"Female",1
"96","1","70",3,53,"A bandit","Emeralds",45,"Female",1
"96","1","70",4,54,"A bandit","Emeralds",45,"Female",1
"96","1","70",5,44,"A bandit","Emeralds",45,"Female",1
"96","1","70",6,53,"A bandit","Emeralds",45,"Female",1
"96","1","70",7,56,"A bandit","Emeralds",45,"Female",1
"96","1","70",8,58,"A bandit","Emeralds",45,"Female",1
"96","1","70",9,54,"A bandit","Emeralds",45,"Female",1
"96","1","70",10,31,"A bandit","Emeralds",45,"Female",1
"96","1","70",11,44,"A bandit","Emeralds",45,"Female",1
"96","1","70",12,57,"A bandit","Emeralds",45,"Female",1
"96","1","70",13,42,"A bandit","Emeralds",45,"Female",1
"96","1","70",14,64,"A bandit","Emeralds",45,"Female",1
"96","1","70",15,60,"A bandit","Emeralds",45,"Female",1
"96","1","70",16,64,"A bandit","Emeralds",45,"Female",1
"96","1","70",17,41,"A bandit","Emeralds",45,"Female",1
"96","1","70",18,43,"A bandit","Emeralds",45,"Female",1
"96","1","70",19,46,"A bandit","Emeralds",45,"Female",1
"96","1","70",20,58,"A bandit","Emeralds",45,"Female",1
"96","1","70",21,48,"A bandit","Emeralds",45,"Female",1
"96","1","70",22,51,"A bandit","Emeralds",45,"Female",1
"96","1","70",23,47,"A bandit","Emeralds",45,"Female",1
"96","1","70",24,55,"A bandit","Emeralds",45,"Female",1
"96","1","70",25,63,"A bandit","Emeralds",45,"Female",1
"96","1","70",26,47,"A bandit","Emeralds",45,"Female",1
"96","1","70",27,55,"A bandit","Emeralds",45,"Female",1
"96","1","70",28,55,"A bandit","Emeralds",45,"Female",1
"96","1","70",29,60,"A bandit","Emeralds",45,"Female",1
"96","1","70",30,43,"A bandit","Emeralds",45,"Female",1
"96","1","70",31,47,"A bandit","Emeralds",45,"Female",1
"96","1","70",32,46,"A bandit","Emeralds",45,"Female",1
"96","1","70",33,63,"A bandit","Emeralds",45,"Female",1
"96","1","70",34,45,"A bandit","Emeralds",45,"Female",1
"96","1","70",35,46,"A bandit","Emeralds",45,"Female",1
"96","1","70",36,51,"A bandit","Emeralds",45,"Female",1
"96","1","70",37,57,"A bandit","Emeralds",45,"Female",1
"96","1","70",38,57,"A bandit","Emeralds",45,"Female",1
"96","1","70",39,54,"A bandit","Emeralds",45,"Female",1
"96","1","70",40,46,"A bandit","Emeralds",45,"Female",1
"96","1","70",41,57,"A bandit","Emeralds",45,"Female",1
"96","1","70",42,55,"A bandit","Emeralds",45,"Female",1
"96","1","70",43,48,"A bandit","Emeralds",45,"Female",1
"96","1","70",44,48,"A bandit","Emeralds",45,"Female",1
"96","1","70",45,48,"A bandit","Emeralds",45,"Female",1
"96","1","70",46,54,"A bandit","Emeralds",45,"Female",1
"96","1","70",47,47,"A bandit","Emeralds",45,"Female",1
"96","1","70",48,47,"A bandit","Emeralds",45,"Female",1
"96","1","70",49,47,"A bandit","Emeralds",45,"Female",1
"96","1","70",50,61,"A bandit","Emeralds",45,"Female",1
"97","1","66",1,60,"A bandit","Emeralds",44,"Male",1
"97","1","66",2,65,"A bandit","Emeralds",44,"Male",1
"97","1","66",3,40,"A bandit","Emeralds",44,"Male",1
"97","1","66",4,65,"A bandit","Emeralds",44,"Male",1
"97","1","66",5,73,"A bandit","Emeralds",44,"Male",1
"97","1","66",6,57,"A bandit","Emeralds",44,"Male",1
"97","1","66",7,75,"A bandit","Emeralds",44,"Male",1
"97","1","66",8,0,"A bandit","Emeralds",44,"Male",1
"97","1","66",9,72,"A bandit","Emeralds",44,"Male",1
"97","1","66",10,81,"A bandit","Emeralds",44,"Male",1
"97","1","66",11,0,"A bandit","Emeralds",44,"Male",1
"97","1","66",12,82,"A bandit","Emeralds",44,"Male",1
"97","1","66",13,81,"A bandit","Emeralds",44,"Male",1
"97","1","66",14,0,"A bandit","Emeralds",44,"Male",1
"97","1","66",15,84,"A bandit","Emeralds",44,"Male",1
"97","1","66",16,0,"A bandit","Emeralds",44,"Male",1
"97","1","66",17,0,"A bandit","Emeralds",44,"Male",1
"97","1","66",18,82,"A bandit","Emeralds",44,"Male",1
"97","1","66",19,0,"A bandit","Emeralds",44,"Male",1
"97","1","66",20,82,"A bandit","Emeralds",44,"Male",1
"97","1","66",21,0,"A bandit","Emeralds",44,"Male",1
"97","1","66",22,84,"A bandit","Emeralds",44,"Male",1
"97","1","66",23,0,"A bandit","Emeralds",44,"Male",1
"97","1","66",24,87,"A bandit","Emeralds",44,"Male",1
"97","1","66",25,83,"A bandit","Emeralds",44,"Male",1
"97","1","66",26,85,"A bandit","Emeralds",44,"Male",1
"97","1","66",27,85,"A bandit","Emeralds",44,"Male",1
"97","1","66",28,0,"A bandit","Emeralds",44,"Male",1
"97","1","66",29,77,"A bandit","Emeralds",44,"Male",1
"97","1","66",30,77,"A bandit","Emeralds",44,"Male",1
"97","1","66",31,0,"A bandit","Emeralds",44,"Male",1
"97","1","66",32,87,"A bandit","Emeralds",44,"Male",1
"97","1","66",33,75,"A bandit","Emeralds",44,"Male",1
"97","1","66",34,0,"A bandit","Emeralds",44,"Male",1
"97","1","66",35,79,"A bandit","Emeralds",44,"Male",1
"97","1","66",36,0,"A bandit","Emeralds",44,"Male",1
"97","1","66",37,0,"A bandit","Emeralds",44,"Male",1
"97","1","66",38,80,"A bandit","Emeralds",44,"Male",1
"97","1","66",39,0,"A bandit","Emeralds",44,"Male",1
"97","1","66",40,75,"A bandit","Emeralds",44,"Male",1
"97","1","66",41,67,"A bandit","Emeralds",44,"Male",1
"97","1","66",42,61,"A bandit","Emeralds",44,"Male",1
"97","1","66",43,63,"A bandit","Emeralds",44,"Male",1
"97","1","66",44,0,"A bandit","Emeralds",44,"Male",1
"97","1","66",45,0,"A bandit","Emeralds",44,"Male",1
"97","1","66",46,41,"A bandit","Emeralds",44,"Male",1
"97","1","66",47,38,"A bandit","Emeralds",44,"Male",1
"97","1","66",48,0,"A bandit","Emeralds",44,"Male",1
"97","1","66",49,29,"A bandit","Emeralds",44,"Male",1
"97","1","66",50,41,"A bandit","Emeralds",44,"Male",1
"98","3","63",1,11,"A sheriff","Emeralds",39,"Male",1
"98","3","63",2,17,"A sheriff","Emeralds",39,"Male",1
"98","3","63",3,76,"A sheriff","Emeralds",39,"Male",1
"98","3","63",4,11,"A sheriff","Emeralds",39,"Male",1
"98","3","63",5,74,"A sheriff","Emeralds",39,"Male",1
"98","3","63",6,75,"A sheriff","Emeralds",39,"Male",1
"98","3","63",7,79,"A sheriff","Emeralds",39,"Male",1
"98","3","63",8,81,"A sheriff","Emeralds",39,"Male",1
"98","3","63",9,17,"A sheriff","Emeralds",39,"Male",1
"98","3","63",10,78,"A sheriff","Emeralds",39,"Male",1
"98","3","63",11,23,"A sheriff","Emeralds",39,"Male",1
"98","3","63",12,78,"A sheriff","Emeralds",39,"Male",1
"98","3","63",13,76,"A sheriff","Emeralds",39,"Male",1
"98","3","63",14,76,"A sheriff","Emeralds",39,"Male",1
"98","3","63",15,17,"A sheriff","Emeralds",39,"Male",1
"98","3","63",16,20,"A sheriff","Emeralds",39,"Male",1
"98","3","63",17,19,"A sheriff","Emeralds",39,"Male",1
"98","3","63",18,84,"A sheriff","Emeralds",39,"Male",1
"98","3","63",19,17,"A sheriff","Emeralds",39,"Male",1
"98","3","63",20,21,"A sheriff","Emeralds",39,"Male",1
"98","3","63",21,17,"A sheriff","Emeralds",39,"Male",1
"98","3","63",22,22,"A sheriff","Emeralds",39,"Male",1
"98","3","63",23,17,"A sheriff","Emeralds",39,"Male",1
"98","3","63",24,18,"A sheriff","Emeralds",39,"Male",1
"98","3","63",25,73,"A sheriff","Emeralds",39,"Male",1
"98","3","63",26,71,"A sheriff","Emeralds",39,"Male",1
"98","3","63",27,75,"A sheriff","Emeralds",39,"Male",1
"98","3","63",28,14,"A sheriff","Emeralds",39,"Male",1
"98","3","63",29,70,"A sheriff","Emeralds",39,"Male",1
"98","3","63",30,24,"A sheriff","Emeralds",39,"Male",1
"98","3","63",31,26,"A sheriff","Emeralds",39,"Male",1
"98","3","63",32,23,"A sheriff","Emeralds",39,"Male",1
"98","3","63",33,20,"A sheriff","Emeralds",39,"Male",1
"98","3","63",34,69,"A sheriff","Emeralds",39,"Male",1
"98","3","63",35,17,"A sheriff","Emeralds",39,"Male",1
"98","3","63",36,75,"A sheriff","Emeralds",39,"Male",1
"98","3","63",37,20,"A sheriff","Emeralds",39,"Male",1
"98","3","63",38,22,"A sheriff","Emeralds",39,"Male",1
"98","3","63",39,81,"A sheriff","Emeralds",39,"Male",1
"98","3","63",40,16,"A sheriff","Emeralds",39,"Male",1
"98","3","63",41,74,"A sheriff","Emeralds",39,"Male",1
"98","3","63",42,74,"A sheriff","Emeralds",39,"Male",1
"98","3","63",43,18,"A sheriff","Emeralds",39,"Male",1
"98","3","63",44,27,"A sheriff","Emeralds",39,"Male",1
"98","3","63",45,79,"A sheriff","Emeralds",39,"Male",1
"98","3","63",46,23,"A sheriff","Emeralds",39,"Male",1
"98","3","63",47,24,"A sheriff","Emeralds",39,"Male",1
"98","3","63",48,22,"A sheriff","Emeralds",39,"Male",1
"98","3","63",49,21,"A sheriff","Emeralds",39,"Male",1
"98","3","63",50,20,"A sheriff","Emeralds",39,"Male",1
"99","2","30",1,0,"A tycoon","Emeralds",60,"Male",1
"99","2","30",2,71,"A tycoon","Emeralds",60,"Male",1
"99","2","30",3,0,"A tycoon","Emeralds",60,"Male",1
"99","2","30",4,0,"A tycoon","Emeralds",60,"Male",1
"99","2","30",5,70,"A tycoon","Emeralds",60,"Male",1
"99","2","30",6,0,"A tycoon","Emeralds",60,"Male",1
"99","2","30",7,0,"A tycoon","Emeralds",60,"Male",1
"99","2","30",8,78,"A tycoon","Emeralds",60,"Male",1
"99","2","30",9,60,"A tycoon","Emeralds",60,"Male",1
"99","2","30",10,20,"A tycoon","Emeralds",60,"Male",1
"99","2","30",11,0,"A tycoon","Emeralds",60,"Male",1
"99","2","30",12,20,"A tycoon","Emeralds",60,"Male",1
"99","2","30",13,0,"A tycoon","Emeralds",60,"Male",1
"99","2","30",14,4,"A tycoon","Emeralds",60,"Male",1
"99","2","30",15,0,"A tycoon","Emeralds",60,"Male",1
"99","2","30",16,0,"A tycoon","Emeralds",60,"Male",1
"99","2","30",17,0,"A tycoon","Emeralds",60,"Male",1
"99","2","30",18,0,"A tycoon","Emeralds",60,"Male",1
"99","2","30",19,0,"A tycoon","Emeralds",60,"Male",1
"99","2","30",20,14,"A tycoon","Emeralds",60,"Male",1
"99","2","30",21,17,"A tycoon","Emeralds",60,"Male",1
"99","2","30",22,0,"A tycoon","Emeralds",60,"Male",1
"99","2","30",23,0,"A tycoon","Emeralds",60,"Male",1
"99","2","30",24,0,"A tycoon","Emeralds",60,"Male",1
"99","2","30",25,0,"A tycoon","Emeralds",60,"Male",1
"99","2","30",26,0,"A tycoon","Emeralds",60,"Male",1
"99","2","30",27,0,"A tycoon","Emeralds",60,"Male",1
"99","2","30",28,0,"A tycoon","Emeralds",60,"Male",1
"99","2","30",29,0,"A tycoon","Emeralds",60,"Male",1
"99","2","30",30,0,"A tycoon","Emeralds",60,"Male",1
"99","2","30",31,0,"A tycoon","Emeralds",60,"Male",1
"99","2","30",32,0,"A tycoon","Emeralds",60,"Male",1
"99","2","30",33,0,"A tycoon","Emeralds",60,"Male",1
"99","2","30",34,0,"A tycoon","Emeralds",60,"Male",1
"99","2","30",35,0,"A tycoon","Emeralds",60,"Male",1
"99","2","30",36,0,"A tycoon","Emeralds",60,"Male",1
"99","2","30",37,0,"A tycoon","Emeralds",60,"Male",1
"99","2","30",38,0,"A tycoon","Emeralds",60,"Male",1
"99","2","30",39,0,"A tycoon","Emeralds",60,"Male",1
"99","2","30",40,0,"A tycoon","Emeralds",60,"Male",1
"99","2","30",41,0,"A tycoon","Emeralds",60,"Male",1
"99","2","30",42,0,"A tycoon","Emeralds",60,"Male",1
"99","2","30",43,0,"A tycoon","Emeralds",60,"Male",1
"99","2","30",44,0,"A tycoon","Emeralds",60,"Male",1
"99","2","30",45,0,"A tycoon","Emeralds",60,"Male",1
"99","2","30",46,0,"A tycoon","Emeralds",60,"Male",1
"99","2","30",47,0,"A tycoon","Emeralds",60,"Male",1
"99","2","30",48,0,"A tycoon","Emeralds",60,"Male",1
"99","2","30",49,0,"A tycoon","Emeralds",60,"Male",1
"99","2","30",50,0,"A tycoon","Emeralds",60,"Male",1
"100","3","71",1,2,"A sheriff","Emeralds",39,"Female",1
"100","3","71",2,0,"A sheriff","Emeralds",39,"Female",1
"100","3","71",3,58,"A sheriff","Emeralds",39,"Female",1
"100","3","71",4,0,"A sheriff","Emeralds",39,"Female",1
"100","3","71",5,0,"A sheriff","Emeralds",39,"Female",1
"100","3","71",6,64,"A sheriff","Emeralds",39,"Female",1
"100","3","71",7,0,"A sheriff","Emeralds",39,"Female",1
"100","3","71",8,0,"A sheriff","Emeralds",39,"Female",1
"100","3","71",9,0,"A sheriff","Emeralds",39,"Female",1
"100","3","71",10,0,"A sheriff","Emeralds",39,"Female",1
"100","3","71",11,0,"A sheriff","Emeralds",39,"Female",1
"100","3","71",12,0,"A sheriff","Emeralds",39,"Female",1
"100","3","71",13,0,"A sheriff","Emeralds",39,"Female",1
"100","3","71",14,71,"A sheriff","Emeralds",39,"Female",1
"100","3","71",15,0,"A sheriff","Emeralds",39,"Female",1
"100","3","71",16,0,"A sheriff","Emeralds",39,"Female",1
"100","3","71",17,0,"A sheriff","Emeralds",39,"Female",1
"100","3","71",18,4,"A sheriff","Emeralds",39,"Female",1
"100","3","71",19,0,"A sheriff","Emeralds",39,"Female",1
"100","3","71",20,0,"A sheriff","Emeralds",39,"Female",1
"100","3","71",21,0,"A sheriff","Emeralds",39,"Female",1
"100","3","71",22,0,"A sheriff","Emeralds",39,"Female",1
"100","3","71",23,0,"A sheriff","Emeralds",39,"Female",1
"100","3","71",24,0,"A sheriff","Emeralds",39,"Female",1
"100","3","71",25,0,"A sheriff","Emeralds",39,"Female",1
"100","3","71",26,0,"A sheriff","Emeralds",39,"Female",1
"100","3","71",27,0,"A sheriff","Emeralds",39,"Female",1
"100","3","71",28,0,"A sheriff","Emeralds",39,"Female",1
"100","3","71",29,0,"A sheriff","Emeralds",39,"Female",1
"100","3","71",30,0,"A sheriff","Emeralds",39,"Female",1
"100","3","71",31,0,"A sheriff","Emeralds",39,"Female",1
"100","3","71",32,0,"A sheriff","Emeralds",39,"Female",1
"100","3","71",33,0,"A sheriff","Emeralds",39,"Female",1
"100","3","71",34,0,"A sheriff","Emeralds",39,"Female",1
"100","3","71",35,0,"A sheriff","Emeralds",39,"Female",1
"100","3","71",36,0,"A sheriff","Emeralds",39,"Female",1
"100","3","71",37,0,"A sheriff","Emeralds",39,"Female",1
"100","3","71",38,0,"A sheriff","Emeralds",39,"Female",1
"100","3","71",39,0,"A sheriff","Emeralds",39,"Female",1
"100","3","71",40,0,"A sheriff","Emeralds",39,"Female",1
"100","3","71",41,0,"A sheriff","Emeralds",39,"Female",1
"100","3","71",42,0,"A sheriff","Emeralds",39,"Female",1
"100","3","71",43,0,"A sheriff","Emeralds",39,"Female",1
"100","3","71",44,0,"A sheriff","Emeralds",39,"Female",1
"100","3","71",45,0,"A sheriff","Emeralds",39,"Female",1
"100","3","71",46,0,"A sheriff","Emeralds",39,"Female",1
"100","3","71",47,0,"A sheriff","Emeralds",39,"Female",1
"100","3","71",48,0,"A sheriff","Emeralds",39,"Female",1
"100","3","71",49,0,"A sheriff","Emeralds",39,"Female",1
"100","3","71",50,0,"A sheriff","Emeralds",39,"Female",1
"101","1","40",1,0,"A bandit","Emeralds",40,"Male",1
"101","1","40",2,53,"A bandit","Emeralds",40,"Male",1
"101","1","40",3,70,"A bandit","Emeralds",40,"Male",1
"101","1","40",4,7,"A bandit","Emeralds",40,"Male",1
"101","1","40",5,79,"A bandit","Emeralds",40,"Male",1
"101","1","40",6,16,"A bandit","Emeralds",40,"Male",1
"101","1","40",7,78,"A bandit","Emeralds",40,"Male",1
"101","1","40",8,79,"A bandit","Emeralds",40,"Male",1
"101","1","40",9,81,"A bandit","Emeralds",40,"Male",1
"101","1","40",10,98,"A bandit","Emeralds",40,"Male",1
"101","1","40",11,92,"A bandit","Emeralds",40,"Male",1
"101","1","40",12,62,"A bandit","Emeralds",40,"Male",1
"101","1","40",13,45,"A bandit","Emeralds",40,"Male",1
"101","1","40",14,36,"A bandit","Emeralds",40,"Male",1
"101","1","40",15,46,"A bandit","Emeralds",40,"Male",1
"101","1","40",16,91,"A bandit","Emeralds",40,"Male",1
"101","1","40",17,100,"A bandit","Emeralds",40,"Male",1
"101","1","40",18,54,"A bandit","Emeralds",40,"Male",1
"101","1","40",19,58,"A bandit","Emeralds",40,"Male",1
"101","1","40",20,62,"A bandit","Emeralds",40,"Male",1
"101","1","40",21,80,"A bandit","Emeralds",40,"Male",1
"101","1","40",22,100,"A bandit","Emeralds",40,"Male",1
"101","1","40",23,57,"A bandit","Emeralds",40,"Male",1
"101","1","40",24,100,"A bandit","Emeralds",40,"Male",1
"101","1","40",25,100,"A bandit","Emeralds",40,"Male",1
"101","1","40",26,83,"A bandit","Emeralds",40,"Male",1
"101","1","40",27,77,"A bandit","Emeralds",40,"Male",1
"101","1","40",28,76,"A bandit","Emeralds",40,"Male",1
"101","1","40",29,53,"A bandit","Emeralds",40,"Male",1
"101","1","40",30,52,"A bandit","Emeralds",40,"Male",1
"101","1","40",31,49,"A bandit","Emeralds",40,"Male",1
"101","1","40",32,81,"A bandit","Emeralds",40,"Male",1
"101","1","40",33,42,"A bandit","Emeralds",40,"Male",1
"101","1","40",34,66,"A bandit","Emeralds",40,"Male",1
"101","1","40",35,63,"A bandit","Emeralds",40,"Male",1
"101","1","40",36,64,"A bandit","Emeralds",40,"Male",1
"101","1","40",37,81,"A bandit","Emeralds",40,"Male",1
"101","1","40",38,77,"A bandit","Emeralds",40,"Male",1
"101","1","40",39,71,"A bandit","Emeralds",40,"Male",1
"101","1","40",40,61,"A bandit","Emeralds",40,"Male",1
"101","1","40",41,56,"A bandit","Emeralds",40,"Male",1
"101","1","40",42,97,"A bandit","Emeralds",40,"Male",1
"101","1","40",43,47,"A bandit","Emeralds",40,"Male",1
"101","1","40",44,0,"A bandit","Emeralds",40,"Male",1
"101","1","40",45,0,"A bandit","Emeralds",40,"Male",1
"101","1","40",46,40,"A bandit","Emeralds",40,"Male",1
"101","1","40",47,69,"A bandit","Emeralds",40,"Male",1
"101","1","40",48,64,"A bandit","Emeralds",40,"Male",1
"101","1","40",49,89,"A bandit","Emeralds",40,"Male",1
"101","1","40",50,71,"A bandit","Emeralds",40,"Male",1
"102","1","5",1,0,"A bandit","Emeralds",44,"Female",1
"102","1","5",2,0,"A bandit","Emeralds",44,"Female",1
"102","1","5",3,100,"A bandit","Emeralds",44,"Female",1
"102","1","5",4,0,"A bandit","Emeralds",44,"Female",1
"102","1","5",5,100,"A bandit","Emeralds",44,"Female",1
"102","1","5",6,0,"A bandit","Emeralds",44,"Female",1
"102","1","5",7,100,"A bandit","Emeralds",44,"Female",1
"102","1","5",8,100,"A bandit","Emeralds",44,"Female",1
"102","1","5",9,0,"A bandit","Emeralds",44,"Female",1
"102","1","5",10,100,"A bandit","Emeralds",44,"Female",1
"102","1","5",11,100,"A bandit","Emeralds",44,"Female",1
"102","1","5",12,0,"A bandit","Emeralds",44,"Female",1
"102","1","5",13,0,"A bandit","Emeralds",44,"Female",1
"102","1","5",14,0,"A bandit","Emeralds",44,"Female",1
"102","1","5",15,0,"A bandit","Emeralds",44,"Female",1
"102","1","5",16,0,"A bandit","Emeralds",44,"Female",1
"102","1","5",17,0,"A bandit","Emeralds",44,"Female",1
"102","1","5",18,0,"A bandit","Emeralds",44,"Female",1
"102","1","5",19,0,"A bandit","Emeralds",44,"Female",1
"102","1","5",20,0,"A bandit","Emeralds",44,"Female",1
"102","1","5",21,0,"A bandit","Emeralds",44,"Female",1
"102","1","5",22,0,"A bandit","Emeralds",44,"Female",1
"102","1","5",23,100,"A bandit","Emeralds",44,"Female",1
"102","1","5",24,100,"A bandit","Emeralds",44,"Female",1
"102","1","5",25,0,"A bandit","Emeralds",44,"Female",1
"102","1","5",26,100,"A bandit","Emeralds",44,"Female",1
"102","1","5",27,0,"A bandit","Emeralds",44,"Female",1
"102","1","5",28,0,"A bandit","Emeralds",44,"Female",1
"102","1","5",29,0,"A bandit","Emeralds",44,"Female",1
"102","1","5",30,0,"A bandit","Emeralds",44,"Female",1
"102","1","5",31,100,"A bandit","Emeralds",44,"Female",1
"102","1","5",32,0,"A bandit","Emeralds",44,"Female",1
"102","1","5",33,100,"A bandit","Emeralds",44,"Female",1
"102","1","5",34,0,"A bandit","Emeralds",44,"Female",1
"102","1","5",35,100,"A bandit","Emeralds",44,"Female",1
"102","1","5",36,0,"A bandit","Emeralds",44,"Female",1
"102","1","5",37,0,"A bandit","Emeralds",44,"Female",1
"102","1","5",38,100,"A bandit","Emeralds",44,"Female",1
"102","1","5",39,0,"A bandit","Emeralds",44,"Female",1
"102","1","5",40,100,"A bandit","Emeralds",44,"Female",1
"102","1","5",41,0,"A bandit","Emeralds",44,"Female",1
"102","1","5",42,0,"A bandit","Emeralds",44,"Female",1
"102","1","5",43,0,"A bandit","Emeralds",44,"Female",1
"102","1","5",44,0,"A bandit","Emeralds",44,"Female",1
"102","1","5",45,0,"A bandit","Emeralds",44,"Female",1
"102","1","5",46,0,"A bandit","Emeralds",44,"Female",1
"102","1","5",47,100,"A bandit","Emeralds",44,"Female",1
"102","1","5",48,0,"A bandit","Emeralds",44,"Female",1
"102","1","5",49,0,"A bandit","Emeralds",44,"Female",1
"102","1","5",50,0,"A bandit","Emeralds",44,"Female",1
"103","1","57",1,31,"A bandit","Emeralds",25,"Male",1
"103","1","57",2,74,"A bandit","Emeralds",25,"Male",1
"103","1","57",3,22,"A bandit","Emeralds",25,"Male",1
"103","1","57",4,68,"A bandit","Emeralds",25,"Male",1
"103","1","57",5,22,"A bandit","Emeralds",25,"Male",1
"103","1","57",6,62,"A bandit","Emeralds",25,"Male",1
"103","1","57",7,66,"A bandit","Emeralds",25,"Male",1
"103","1","57",8,64,"A bandit","Emeralds",25,"Male",1
"103","1","57",9,81,"A bandit","Emeralds",25,"Male",1
"103","1","57",10,25,"A bandit","Emeralds",25,"Male",1
"103","1","57",11,64,"A bandit","Emeralds",25,"Male",1
"103","1","57",12,92,"A bandit","Emeralds",25,"Male",1
"103","1","57",13,96,"A bandit","Emeralds",25,"Male",1
"103","1","57",14,53,"A bandit","Emeralds",25,"Male",1
"103","1","57",15,70,"A bandit","Emeralds",25,"Male",1
"103","1","57",16,59,"A bandit","Emeralds",25,"Male",1
"103","1","57",17,65,"A bandit","Emeralds",25,"Male",1
"103","1","57",18,67,"A bandit","Emeralds",25,"Male",1
"103","1","57",19,71,"A bandit","Emeralds",25,"Male",1
"103","1","57",20,67,"A bandit","Emeralds",25,"Male",1
"103","1","57",21,79,"A bandit","Emeralds",25,"Male",1
"103","1","57",22,80,"A bandit","Emeralds",25,"Male",1
"103","1","57",23,66,"A bandit","Emeralds",25,"Male",1
"103","1","57",24,69,"A bandit","Emeralds",25,"Male",1
"103","1","57",25,70,"A bandit","Emeralds",25,"Male",1
"103","1","57",26,78,"A bandit","Emeralds",25,"Male",1
"103","1","57",27,73,"A bandit","Emeralds",25,"Male",1
"103","1","57",28,62,"A bandit","Emeralds",25,"Male",1
"103","1","57",29,68,"A bandit","Emeralds",25,"Male",1
"103","1","57",30,62,"A bandit","Emeralds",25,"Male",1
"103","1","57",31,62,"A bandit","Emeralds",25,"Male",1
"103","1","57",32,76,"A bandit","Emeralds",25,"Male",1
"103","1","57",33,68,"A bandit","Emeralds",25,"Male",1
"103","1","57",34,75,"A bandit","Emeralds",25,"Male",1
"103","1","57",35,77,"A bandit","Emeralds",25,"Male",1
"103","1","57",36,79,"A bandit","Emeralds",25,"Male",1
"103","1","57",37,71,"A bandit","Emeralds",25,"Male",1
"103","1","57",38,41,"A bandit","Emeralds",25,"Male",1
"103","1","57",39,65,"A bandit","Emeralds",25,"Male",1
"103","1","57",40,68,"A bandit","Emeralds",25,"Male",1
"103","1","57",41,73,"A bandit","Emeralds",25,"Male",1
"103","1","57",42,71,"A bandit","Emeralds",25,"Male",1
"103","1","57",43,69,"A bandit","Emeralds",25,"Male",1
"103","1","57",44,61,"A bandit","Emeralds",25,"Male",1
"103","1","57",45,71,"A bandit","Emeralds",25,"Male",1
"103","1","57",46,39,"A bandit","Emeralds",25,"Male",1
"103","1","57",47,74,"A bandit","Emeralds",25,"Male",1
"103","1","57",48,19,"A bandit","Emeralds",25,"Male",1
"103","1","57",49,31,"A bandit","Emeralds",25,"Male",1
"103","1","57",50,80,"A bandit","Emeralds",25,"Male",1
"104","1","58",1,69,"A bandit","Emeralds",26,"Male",1
"104","1","58",2,70,"A bandit","Emeralds",26,"Male",1
"104","1","58",3,63,"A bandit","Emeralds",26,"Male",1
"104","1","58",4,35,"A bandit","Emeralds",26,"Male",1
"104","1","58",5,72,"A bandit","Emeralds",26,"Male",1
"104","1","58",6,69,"A bandit","Emeralds",26,"Male",1
"104","1","58",7,64,"A bandit","Emeralds",26,"Male",1
"104","1","58",8,60,"A bandit","Emeralds",26,"Male",1
"104","1","58",9,36,"A bandit","Emeralds",26,"Male",1
"104","1","58",10,57,"A bandit","Emeralds",26,"Male",1
"104","1","58",11,58,"A bandit","Emeralds",26,"Male",1
"104","1","58",12,69,"A bandit","Emeralds",26,"Male",1
"104","1","58",13,28,"A bandit","Emeralds",26,"Male",1
"104","1","58",14,53,"A bandit","Emeralds",26,"Male",1
"104","1","58",15,70,"A bandit","Emeralds",26,"Male",1
"104","1","58",16,73,"A bandit","Emeralds",26,"Male",1
"104","1","58",17,67,"A bandit","Emeralds",26,"Male",1
"104","1","58",18,22,"A bandit","Emeralds",26,"Male",1
"104","1","58",19,70,"A bandit","Emeralds",26,"Male",1
"104","1","58",20,63,"A bandit","Emeralds",26,"Male",1
"104","1","58",21,23,"A bandit","Emeralds",26,"Male",1
"104","1","58",22,55,"A bandit","Emeralds",26,"Male",1
"104","1","58",23,69,"A bandit","Emeralds",26,"Male",1
"104","1","58",24,71,"A bandit","Emeralds",26,"Male",1
"104","1","58",25,64,"A bandit","Emeralds",26,"Male",1
"104","1","58",26,57,"A bandit","Emeralds",26,"Male",1
"104","1","58",27,79,"A bandit","Emeralds",26,"Male",1
"104","1","58",28,55,"A bandit","Emeralds",26,"Male",1
"104","1","58",29,36,"A bandit","Emeralds",26,"Male",1
"104","1","58",30,72,"A bandit","Emeralds",26,"Male",1
"104","1","58",31,28,"A bandit","Emeralds",26,"Male",1
"104","1","58",32,67,"A bandit","Emeralds",26,"Male",1
"104","1","58",33,69,"A bandit","Emeralds",26,"Male",1
"104","1","58",34,40,"A bandit","Emeralds",26,"Male",1
"104","1","58",35,65,"A bandit","Emeralds",26,"Male",1
"104","1","58",36,60,"A bandit","Emeralds",26,"Male",1
"104","1","58",37,78,"A bandit","Emeralds",26,"Male",1
"104","1","58",38,82,"A bandit","Emeralds",26,"Male",1
"104","1","58",39,27,"A bandit","Emeralds",26,"Male",1
"104","1","58",40,61,"A bandit","Emeralds",26,"Male",1
"104","1","58",41,64,"A bandit","Emeralds",26,"Male",1
"104","1","58",42,63,"A bandit","Emeralds",26,"Male",1
"104","1","58",43,32,"A bandit","Emeralds",26,"Male",1
"104","1","58",44,61,"A bandit","Emeralds",26,"Male",1
"104","1","58",45,69,"A bandit","Emeralds",26,"Male",1
"104","1","58",46,57,"A bandit","Emeralds",26,"Male",1
"104","1","58",47,24,"A bandit","Emeralds",26,"Male",1
"104","1","58",48,68,"A bandit","Emeralds",26,"Male",1
"104","1","58",49,72,"A bandit","Emeralds",26,"Male",1
"104","1","58",50,58,"A bandit","Emeralds",26,"Male",1
"105","3","13",1,0,"A sheriff","Emeralds",30,"Male",1
"105","3","13",2,86,"A sheriff","Emeralds",30,"Male",1
"105","3","13",3,100,"A sheriff","Emeralds",30,"Male",1
"105","3","13",4,100,"A sheriff","Emeralds",30,"Male",1
"105","3","13",5,7,"A sheriff","Emeralds",30,"Male",1
"105","3","13",6,0,"A sheriff","Emeralds",30,"Male",1
"105","3","13",7,77,"A sheriff","Emeralds",30,"Male",1
"105","3","13",8,77,"A sheriff","Emeralds",30,"Male",1
"105","3","13",9,6,"A sheriff","Emeralds",30,"Male",1
"105","3","13",10,4,"A sheriff","Emeralds",30,"Male",1
"105","3","13",11,0,"A sheriff","Emeralds",30,"Male",1
"105","3","13",12,100,"A sheriff","Emeralds",30,"Male",1
"105","3","13",13,4,"A sheriff","Emeralds",30,"Male",1
"105","3","13",14,100,"A sheriff","Emeralds",30,"Male",1
"105","3","13",15,0,"A sheriff","Emeralds",30,"Male",1
"105","3","13",16,0,"A sheriff","Emeralds",30,"Male",1
"105","3","13",17,86,"A sheriff","Emeralds",30,"Male",1
"105","3","13",18,0,"A sheriff","Emeralds",30,"Male",1
"105","3","13",19,0,"A sheriff","Emeralds",30,"Male",1
"105","3","13",20,83,"A sheriff","Emeralds",30,"Male",1
"105","3","13",21,0,"A sheriff","Emeralds",30,"Male",1
"105","3","13",22,0,"A sheriff","Emeralds",30,"Male",1
"105","3","13",23,76,"A sheriff","Emeralds",30,"Male",1
"105","3","13",24,0,"A sheriff","Emeralds",30,"Male",1
"105","3","13",25,0,"A sheriff","Emeralds",30,"Male",1
"105","3","13",26,100,"A sheriff","Emeralds",30,"Male",1
"105","3","13",27,0,"A sheriff","Emeralds",30,"Male",1
"105","3","13",28,0,"A sheriff","Emeralds",30,"Male",1
"105","3","13",29,0,"A sheriff","Emeralds",30,"Male",1
"105","3","13",30,0,"A sheriff","Emeralds",30,"Male",1
"105","3","13",31,0,"A sheriff","Emeralds",30,"Male",1
"105","3","13",32,0,"A sheriff","Emeralds",30,"Male",1
"105","3","13",33,94,"A sheriff","Emeralds",30,"Male",1
"105","3","13",34,0,"A sheriff","Emeralds",30,"Male",1
"105","3","13",35,0,"A sheriff","Emeralds",30,"Male",1
"105","3","13",36,90,"A sheriff","Emeralds",30,"Male",1
"105","3","13",37,0,"A sheriff","Emeralds",30,"Male",1
"105","3","13",38,0,"A sheriff","Emeralds",30,"Male",1
"105","3","13",39,0,"A sheriff","Emeralds",30,"Male",1
"105","3","13",40,0,"A sheriff","Emeralds",30,"Male",1
"105","3","13",41,100,"A sheriff","Emeralds",30,"Male",1
"105","3","13",42,100,"A sheriff","Emeralds",30,"Male",1
"105","3","13",43,24,"A sheriff","Emeralds",30,"Male",1
"105","3","13",44,0,"A sheriff","Emeralds",30,"Male",1
"105","3","13",45,80,"A sheriff","Emeralds",30,"Male",1
"105","3","13",46,0,"A sheriff","Emeralds",30,"Male",1
"105","3","13",47,0,"A sheriff","Emeralds",30,"Male",1
"105","3","13",48,0,"A sheriff","Emeralds",30,"Male",1
"105","3","13",49,100,"A sheriff","Emeralds",30,"Male",1
"105","3","13",50,0,"A sheriff","Emeralds",30,"Male",1
"106","3","50",1,15,"A sheriff","Emeralds",22,"Male",1
"106","3","50",2,16,"A sheriff","Emeralds",22,"Male",1
"106","3","50",3,21,"A sheriff","Emeralds",22,"Male",1
"106","3","50",4,63,"A sheriff","Emeralds",22,"Male",1
"106","3","50",5,57,"A sheriff","Emeralds",22,"Male",1
"106","3","50",6,30,"A sheriff","Emeralds",22,"Male",1
"106","3","50",7,70,"A sheriff","Emeralds",22,"Male",1
"106","3","50",8,7,"A sheriff","Emeralds",22,"Male",1
"106","3","50",9,79,"A sheriff","Emeralds",22,"Male",1
"106","3","50",10,42,"A sheriff","Emeralds",22,"Male",1
"106","3","50",11,21,"A sheriff","Emeralds",22,"Male",1
"106","3","50",12,32,"A sheriff","Emeralds",22,"Male",1
"106","3","50",13,69,"A sheriff","Emeralds",22,"Male",1
"106","3","50",14,68,"A sheriff","Emeralds",22,"Male",1
"106","3","50",15,20,"A sheriff","Emeralds",22,"Male",1
"106","3","50",16,55,"A sheriff","Emeralds",22,"Male",1
"106","3","50",17,88,"A sheriff","Emeralds",22,"Male",1
"106","3","50",18,62,"A sheriff","Emeralds",22,"Male",1
"106","3","50",19,73,"A sheriff","Emeralds",22,"Male",1
"106","3","50",20,22,"A sheriff","Emeralds",22,"Male",1
"106","3","50",21,69,"A sheriff","Emeralds",22,"Male",1
"106","3","50",22,70,"A sheriff","Emeralds",22,"Male",1
"106","3","50",23,79,"A sheriff","Emeralds",22,"Male",1
"106","3","50",24,63,"A sheriff","Emeralds",22,"Male",1
"106","3","50",25,11,"A sheriff","Emeralds",22,"Male",1
"106","3","50",26,12,"A sheriff","Emeralds",22,"Male",1
"106","3","50",27,2,"A sheriff","Emeralds",22,"Male",1
"106","3","50",28,28,"A sheriff","Emeralds",22,"Male",1
"106","3","50",29,56,"A sheriff","Emeralds",22,"Male",1
"106","3","50",30,81,"A sheriff","Emeralds",22,"Male",1
"106","3","50",31,45,"A sheriff","Emeralds",22,"Male",1
"106","3","50",32,23,"A sheriff","Emeralds",22,"Male",1
"106","3","50",33,5,"A sheriff","Emeralds",22,"Male",1
"106","3","50",34,77,"A sheriff","Emeralds",22,"Male",1
"106","3","50",35,35,"A sheriff","Emeralds",22,"Male",1
"106","3","50",36,76,"A sheriff","Emeralds",22,"Male",1
"106","3","50",37,64,"A sheriff","Emeralds",22,"Male",1
"106","3","50",38,18,"A sheriff","Emeralds",22,"Male",1
"106","3","50",39,78,"A sheriff","Emeralds",22,"Male",1
"106","3","50",40,10,"A sheriff","Emeralds",22,"Male",1
"106","3","50",41,61,"A sheriff","Emeralds",22,"Male",1
"106","3","50",42,20,"A sheriff","Emeralds",22,"Male",1
"106","3","50",43,20,"A sheriff","Emeralds",22,"Male",1
"106","3","50",44,3,"A sheriff","Emeralds",22,"Male",1
"106","3","50",45,54,"A sheriff","Emeralds",22,"Male",1
"106","3","50",46,17,"A sheriff","Emeralds",22,"Male",1
"106","3","50",47,18,"A sheriff","Emeralds",22,"Male",1
"106","3","50",48,17,"A sheriff","Emeralds",22,"Male",1
"106","3","50",49,85,"A sheriff","Emeralds",22,"Male",1
"106","3","50",50,33,"A sheriff","Emeralds",22,"Male",1
"107","3","71",1,100,"A sheriff","Emeralds",57,"Male",1
"107","3","71",2,100,"A sheriff","Emeralds",57,"Male",1
"107","3","71",3,100,"A sheriff","Emeralds",57,"Male",1
"107","3","71",4,100,"A sheriff","Emeralds",57,"Male",1
"107","3","71",5,100,"A sheriff","Emeralds",57,"Male",1
"107","3","71",6,82,"A sheriff","Emeralds",57,"Male",1
"107","3","71",7,99,"A sheriff","Emeralds",57,"Male",1
"107","3","71",8,79,"A sheriff","Emeralds",57,"Male",1
"107","3","71",9,93,"A sheriff","Emeralds",57,"Male",1
"107","3","71",10,91,"A sheriff","Emeralds",57,"Male",1
"107","3","71",11,85,"A sheriff","Emeralds",57,"Male",1
"107","3","71",12,92,"A sheriff","Emeralds",57,"Male",1
"107","3","71",13,100,"A sheriff","Emeralds",57,"Male",1
"107","3","71",14,87,"A sheriff","Emeralds",57,"Male",1
"107","3","71",15,58,"A sheriff","Emeralds",57,"Male",1
"107","3","71",16,66,"A sheriff","Emeralds",57,"Male",1
"107","3","71",17,86,"A sheriff","Emeralds",57,"Male",1
"107","3","71",18,97,"A sheriff","Emeralds",57,"Male",1
"107","3","71",19,78,"A sheriff","Emeralds",57,"Male",1
"107","3","71",20,100,"A sheriff","Emeralds",57,"Male",1
"107","3","71",21,96,"A sheriff","Emeralds",57,"Male",1
"107","3","71",22,82,"A sheriff","Emeralds",57,"Male",1
"107","3","71",23,94,"A sheriff","Emeralds",57,"Male",1
"107","3","71",24,91,"A sheriff","Emeralds",57,"Male",1
"107","3","71",25,82,"A sheriff","Emeralds",57,"Male",1
"107","3","71",26,83,"A sheriff","Emeralds",57,"Male",1
"107","3","71",27,77,"A sheriff","Emeralds",57,"Male",1
"107","3","71",28,73,"A sheriff","Emeralds",57,"Male",1
"107","3","71",29,96,"A sheriff","Emeralds",57,"Male",1
"107","3","71",30,72,"A sheriff","Emeralds",57,"Male",1
"107","3","71",31,57,"A sheriff","Emeralds",57,"Male",1
"107","3","71",32,57,"A sheriff","Emeralds",57,"Male",1
"107","3","71",33,69,"A sheriff","Emeralds",57,"Male",1
"107","3","71",34,60,"A sheriff","Emeralds",57,"Male",1
"107","3","71",35,72,"A sheriff","Emeralds",57,"Male",1
"107","3","71",36,81,"A sheriff","Emeralds",57,"Male",1
"107","3","71",37,82,"A sheriff","Emeralds",57,"Male",1
"107","3","71",38,79,"A sheriff","Emeralds",57,"Male",1
"107","3","71",39,91,"A sheriff","Emeralds",57,"Male",1
"107","3","71",40,66,"A sheriff","Emeralds",57,"Male",1
"107","3","71",41,69,"A sheriff","Emeralds",57,"Male",1
"107","3","71",42,83,"A sheriff","Emeralds",57,"Male",1
"107","3","71",43,85,"A sheriff","Emeralds",57,"Male",1
"107","3","71",44,76,"A sheriff","Emeralds",57,"Male",1
"107","3","71",45,71,"A sheriff","Emeralds",57,"Male",1
"107","3","71",46,60,"A sheriff","Emeralds",57,"Male",1
"107","3","71",47,78,"A sheriff","Emeralds",57,"Male",1
"107","3","71",48,89,"A sheriff","Emeralds",57,"Male",1
"107","3","71",49,75,"A sheriff","Emeralds",57,"Male",1
"107","3","71",50,58,"A sheriff","Emeralds",57,"Male",1
"108","2","32",1,0,"A tycoon","Emeralds",48,"Female",1
"108","2","32",2,87,"A tycoon","Emeralds",48,"Female",1
"108","2","32",3,0,"A tycoon","Emeralds",48,"Female",1
"108","2","32",4,100,"A tycoon","Emeralds",48,"Female",1
"108","2","32",5,89,"A tycoon","Emeralds",48,"Female",1
"108","2","32",6,78,"A tycoon","Emeralds",48,"Female",1
"108","2","32",7,70,"A tycoon","Emeralds",48,"Female",1
"108","2","32",8,56,"A tycoon","Emeralds",48,"Female",1
"108","2","32",9,0,"A tycoon","Emeralds",48,"Female",1
"108","2","32",10,0,"A tycoon","Emeralds",48,"Female",1
"108","2","32",11,0,"A tycoon","Emeralds",48,"Female",1
"108","2","32",12,0,"A tycoon","Emeralds",48,"Female",1
"108","2","32",13,0,"A tycoon","Emeralds",48,"Female",1
"108","2","32",14,0,"A tycoon","Emeralds",48,"Female",1
"108","2","32",15,88,"A tycoon","Emeralds",48,"Female",1
"108","2","32",16,0,"A tycoon","Emeralds",48,"Female",1
"108","2","32",17,88,"A tycoon","Emeralds",48,"Female",1
"108","2","32",18,75,"A tycoon","Emeralds",48,"Female",1
"108","2","32",19,70,"A tycoon","Emeralds",48,"Female",1
"108","2","32",20,63,"A tycoon","Emeralds",48,"Female",1
"108","2","32",21,61,"A tycoon","Emeralds",48,"Female",1
"108","2","32",22,0,"A tycoon","Emeralds",48,"Female",1
"108","2","32",23,69,"A tycoon","Emeralds",48,"Female",1
"108","2","32",24,67,"A tycoon","Emeralds",48,"Female",1
"108","2","32",25,0,"A tycoon","Emeralds",48,"Female",1
"108","2","32",26,76,"A tycoon","Emeralds",48,"Female",1
"108","2","32",27,74,"A tycoon","Emeralds",48,"Female",1
"108","2","32",28,61,"A tycoon","Emeralds",48,"Female",1
"108","2","32",29,57,"A tycoon","Emeralds",48,"Female",1
"108","2","32",30,0,"A tycoon","Emeralds",48,"Female",1
"108","2","32",31,68,"A tycoon","Emeralds",48,"Female",1
"108","2","32",32,69,"A tycoon","Emeralds",48,"Female",1
"108","2","32",33,0,"A tycoon","Emeralds",48,"Female",1
"108","2","32",34,64,"A tycoon","Emeralds",48,"Female",1
"108","2","32",35,60,"A tycoon","Emeralds",48,"Female",1
"108","2","32",36,59,"A tycoon","Emeralds",48,"Female",1
"108","2","32",37,53,"A tycoon","Emeralds",48,"Female",1
"108","2","32",38,53,"A tycoon","Emeralds",48,"Female",1
"108","2","32",39,53,"A tycoon","Emeralds",48,"Female",1
"108","2","32",40,48,"A tycoon","Emeralds",48,"Female",1
"108","2","32",41,47,"A tycoon","Emeralds",48,"Female",1
"108","2","32",42,47,"A tycoon","Emeralds",48,"Female",1
"108","2","32",43,0,"A tycoon","Emeralds",48,"Female",1
"108","2","32",44,47,"A tycoon","Emeralds",48,"Female",1
"108","2","32",45,44,"A tycoon","Emeralds",48,"Female",1
"108","2","32",46,43,"A tycoon","Emeralds",48,"Female",1
"108","2","32",47,43,"A tycoon","Emeralds",48,"Female",1
"108","2","32",48,43,"A tycoon","Emeralds",48,"Female",1
"108","2","32",49,44,"A tycoon","Emeralds",48,"Female",1
"108","2","32",50,38,"A tycoon","Emeralds",48,"Female",1
"109","2","46",1,30,"A tycoon","Emeralds",42,"Male",1
"109","2","46",2,39,"A tycoon","Emeralds",42,"Male",1
"109","2","46",3,62,"A tycoon","Emeralds",42,"Male",1
"109","2","46",4,0,"A tycoon","Emeralds",42,"Male",1
"109","2","46",5,100,"A tycoon","Emeralds",42,"Male",1
"109","2","46",6,36,"A tycoon","Emeralds",42,"Male",1
"109","2","46",7,75,"A tycoon","Emeralds",42,"Male",1
"109","2","46",8,99,"A tycoon","Emeralds",42,"Male",1
"109","2","46",9,0,"A tycoon","Emeralds",42,"Male",1
"109","2","46",10,0,"A tycoon","Emeralds",42,"Male",1
"109","2","46",11,0,"A tycoon","Emeralds",42,"Male",1
"109","2","46",12,100,"A tycoon","Emeralds",42,"Male",1
"109","2","46",13,0,"A tycoon","Emeralds",42,"Male",1
"109","2","46",14,70,"A tycoon","Emeralds",42,"Male",1
"109","2","46",15,0,"A tycoon","Emeralds",42,"Male",1
"109","2","46",16,100,"A tycoon","Emeralds",42,"Male",1
"109","2","46",17,0,"A tycoon","Emeralds",42,"Male",1
"109","2","46",18,100,"A tycoon","Emeralds",42,"Male",1
"109","2","46",19,68,"A tycoon","Emeralds",42,"Male",1
"109","2","46",20,37,"A tycoon","Emeralds",42,"Male",1
"109","2","46",21,73,"A tycoon","Emeralds",42,"Male",1
"109","2","46",22,41,"A tycoon","Emeralds",42,"Male",1
"109","2","46",23,61,"A tycoon","Emeralds",42,"Male",1
"109","2","46",24,52,"A tycoon","Emeralds",42,"Male",1
"109","2","46",25,40,"A tycoon","Emeralds",42,"Male",1
"109","2","46",26,69,"A tycoon","Emeralds",42,"Male",1
"109","2","46",27,0,"A tycoon","Emeralds",42,"Male",1
"109","2","46",28,0,"A tycoon","Emeralds",42,"Male",1
"109","2","46",29,44,"A tycoon","Emeralds",42,"Male",1
"109","2","46",30,64,"A tycoon","Emeralds",42,"Male",1
"109","2","46",31,92,"A tycoon","Emeralds",42,"Male",1
"109","2","46",32,60,"A tycoon","Emeralds",42,"Male",1
"109","2","46",33,53,"A tycoon","Emeralds",42,"Male",1
"109","2","46",34,45,"A tycoon","Emeralds",42,"Male",1
"109","2","46",35,41,"A tycoon","Emeralds",42,"Male",1
"109","2","46",36,54,"A tycoon","Emeralds",42,"Male",1
"109","2","46",37,69,"A tycoon","Emeralds",42,"Male",1
"109","2","46",38,0,"A tycoon","Emeralds",42,"Male",1
"109","2","46",39,0,"A tycoon","Emeralds",42,"Male",1
"109","2","46",40,26,"A tycoon","Emeralds",42,"Male",1
"109","2","46",41,31,"A tycoon","Emeralds",42,"Male",1
"109","2","46",42,54,"A tycoon","Emeralds",42,"Male",1
"109","2","46",43,67,"A tycoon","Emeralds",42,"Male",1
"109","2","46",44,0,"A tycoon","Emeralds",42,"Male",1
"109","2","46",45,36,"A tycoon","Emeralds",42,"Male",1
"109","2","46",46,35,"A tycoon","Emeralds",42,"Male",1
"109","2","46",47,71,"A tycoon","Emeralds",42,"Male",1
"109","2","46",48,54,"A tycoon","Emeralds",42,"Male",1
"109","2","46",49,59,"A tycoon","Emeralds",42,"Male",1
"109","2","46",50,46,"A tycoon","Emeralds",42,"Male",1
"110","1","67",1,62,"A bandit","Emeralds",58,"Female",1
"110","1","67",2,0,"A bandit","Emeralds",58,"Female",1
"110","1","67",3,64,"A bandit","Emeralds",58,"Female",1
"110","1","67",4,0,"A bandit","Emeralds",58,"Female",1
"110","1","67",5,45,"A bandit","Emeralds",58,"Female",1
"110","1","67",6,64,"A bandit","Emeralds",58,"Female",1
"110","1","67",7,0,"A bandit","Emeralds",58,"Female",1
"110","1","67",8,63,"A bandit","Emeralds",58,"Female",1
"110","1","67",9,32,"A bandit","Emeralds",58,"Female",1
"110","1","67",10,54,"A bandit","Emeralds",58,"Female",1
"110","1","67",11,0,"A bandit","Emeralds",58,"Female",1
"110","1","67",12,0,"A bandit","Emeralds",58,"Female",1
"110","1","67",13,55,"A bandit","Emeralds",58,"Female",1
"110","1","67",14,0,"A bandit","Emeralds",58,"Female",1
"110","1","67",15,44,"A bandit","Emeralds",58,"Female",1
"110","1","67",16,0,"A bandit","Emeralds",58,"Female",1
"110","1","67",17,0,"A bandit","Emeralds",58,"Female",1
"110","1","67",18,0,"A bandit","Emeralds",58,"Female",1
"110","1","67",19,0,"A bandit","Emeralds",58,"Female",1
"110","1","67",20,54,"A bandit","Emeralds",58,"Female",1
"110","1","67",21,50,"A bandit","Emeralds",58,"Female",1
"110","1","67",22,0,"A bandit","Emeralds",58,"Female",1
"110","1","67",23,54,"A bandit","Emeralds",58,"Female",1
"110","1","67",24,46,"A bandit","Emeralds",58,"Female",1
"110","1","67",25,42,"A bandit","Emeralds",58,"Female",1
"110","1","67",26,0,"A bandit","Emeralds",58,"Female",1
"110","1","67",27,42,"A bandit","Emeralds",58,"Female",1
"110","1","67",28,42,"A bandit","Emeralds",58,"Female",1
"110","1","67",29,0,"A bandit","Emeralds",58,"Female",1
"110","1","67",30,0,"A bandit","Emeralds",58,"Female",1
"110","1","67",31,54,"A bandit","Emeralds",58,"Female",1
"110","1","67",32,38,"A bandit","Emeralds",58,"Female",1
"110","1","67",33,35,"A bandit","Emeralds",58,"Female",1
"110","1","67",34,0,"A bandit","Emeralds",58,"Female",1
"110","1","67",35,28,"A bandit","Emeralds",58,"Female",1
"110","1","67",36,51,"A bandit","Emeralds",58,"Female",1
"110","1","67",37,39,"A bandit","Emeralds",58,"Female",1
"110","1","67",38,31,"A bandit","Emeralds",58,"Female",1
"110","1","67",39,0,"A bandit","Emeralds",58,"Female",1
"110","1","67",40,20,"A bandit","Emeralds",58,"Female",1
"110","1","67",41,33,"A bandit","Emeralds",58,"Female",1
"110","1","67",42,15,"A bandit","Emeralds",58,"Female",1
"110","1","67",43,23,"A bandit","Emeralds",58,"Female",1
"110","1","67",44,5,"A bandit","Emeralds",58,"Female",1
"110","1","67",45,0,"A bandit","Emeralds",58,"Female",1
"110","1","67",46,0,"A bandit","Emeralds",58,"Female",1
"110","1","67",47,0,"A bandit","Emeralds",58,"Female",1
"110","1","67",48,0,"A bandit","Emeralds",58,"Female",1
"110","1","67",49,13,"A bandit","Emeralds",58,"Female",1
"110","1","67",50,0,"A bandit","Emeralds",58,"Female",1
"111","1","29",1,76,"A bandit","Emeralds",67,"Prefer not to specify",1
"111","1","29",2,76,"A bandit","Emeralds",67,"Prefer not to specify",1
"111","1","29",3,76,"A bandit","Emeralds",67,"Prefer not to specify",1
"111","1","29",4,86,"A bandit","Emeralds",67,"Prefer not to specify",1
"111","1","29",5,73,"A bandit","Emeralds",67,"Prefer not to specify",1
"111","1","29",6,75,"A bandit","Emeralds",67,"Prefer not to specify",1
"111","1","29",7,77,"A bandit","Emeralds",67,"Prefer not to specify",1
"111","1","29",8,0,"A bandit","Emeralds",67,"Prefer not to specify",1
"111","1","29",9,73,"A bandit","Emeralds",67,"Prefer not to specify",1
"111","1","29",10,71,"A bandit","Emeralds",67,"Prefer not to specify",1
"111","1","29",11,74,"A bandit","Emeralds",67,"Prefer not to specify",1
"111","1","29",12,75,"A bandit","Emeralds",67,"Prefer not to specify",1
"111","1","29",13,77,"A bandit","Emeralds",67,"Prefer not to specify",1
"111","1","29",14,0,"A bandit","Emeralds",67,"Prefer not to specify",1
"111","1","29",15,77,"A bandit","Emeralds",67,"Prefer not to specify",1
"111","1","29",16,0,"A bandit","Emeralds",67,"Prefer not to specify",1
"111","1","29",17,0,"A bandit","Emeralds",67,"Prefer not to specify",1
"111","1","29",18,0,"A bandit","Emeralds",67,"Prefer not to specify",1
"111","1","29",19,50,"A bandit","Emeralds",67,"Prefer not to specify",1
"111","1","29",20,24,"A bandit","Emeralds",67,"Prefer not to specify",1
"111","1","29",21,0,"A bandit","Emeralds",67,"Prefer not to specify",1
"111","1","29",22,0,"A bandit","Emeralds",67,"Prefer not to specify",1
"111","1","29",23,0,"A bandit","Emeralds",67,"Prefer not to specify",1
"111","1","29",24,0,"A bandit","Emeralds",67,"Prefer not to specify",1
"111","1","29",25,0,"A bandit","Emeralds",67,"Prefer not to specify",1
"111","1","29",26,0,"A bandit","Emeralds",67,"Prefer not to specify",1
"111","1","29",27,0,"A bandit","Emeralds",67,"Prefer not to specify",1
"111","1","29",28,1,"A bandit","Emeralds",67,"Prefer not to specify",1
"111","1","29",29,76,"A bandit","Emeralds",67,"Prefer not to specify",1
"111","1","29",30,0,"A bandit","Emeralds",67,"Prefer not to specify",1
"111","1","29",31,0,"A bandit","Emeralds",67,"Prefer not to specify",1
"111","1","29",32,78,"A bandit","Emeralds",67,"Prefer not to specify",1
"111","1","29",33,0,"A bandit","Emeralds",67,"Prefer not to specify",1
"111","1","29",34,76,"A bandit","Emeralds",67,"Prefer not to specify",1
"111","1","29",35,49,"A bandit","Emeralds",67,"Prefer not to specify",1
"111","1","29",36,48,"A bandit","Emeralds",67,"Prefer not to specify",1
"111","1","29",37,0,"A bandit","Emeralds",67,"Prefer not to specify",1
"111","1","29",38,0,"A bandit","Emeralds",67,"Prefer not to specify",1
"111","1","29",39,0,"A bandit","Emeralds",67,"Prefer not to specify",1
"111","1","29",40,48,"A bandit","Emeralds",67,"Prefer not to specify",1
"111","1","29",41,50,"A bandit","Emeralds",67,"Prefer not to specify",1
"111","1","29",42,49,"A bandit","Emeralds",67,"Prefer not to specify",1
"111","1","29",43,49,"A bandit","Emeralds",67,"Prefer not to specify",1
"111","1","29",44,0,"A bandit","Emeralds",67,"Prefer not to specify",1
"111","1","29",45,0,"A bandit","Emeralds",67,"Prefer not to specify",1
"111","1","29",46,49,"A bandit","Emeralds",67,"Prefer not to specify",1
"111","1","29",47,0,"A bandit","Emeralds",67,"Prefer not to specify",1
"111","1","29",48,0,"A bandit","Emeralds",67,"Prefer not to specify",1
"111","1","29",49,50,"A bandit","Emeralds",67,"Prefer not to specify",1
"111","1","29",50,49,"A bandit","Emeralds",67,"Prefer not to specify",1
"112","3","16",1,55,"A sheriff","Emeralds",34,"Non-binary",1
"112","3","16",2,68,"A sheriff","Emeralds",34,"Non-binary",1
"112","3","16",3,64,"A sheriff","Emeralds",34,"Non-binary",1
"112","3","16",4,68,"A sheriff","Emeralds",34,"Non-binary",1
"112","3","16",5,84,"A sheriff","Emeralds",34,"Non-binary",1
"112","3","16",6,75,"A sheriff","Emeralds",34,"Non-binary",1
"112","3","16",7,35,"A sheriff","Emeralds",34,"Non-binary",1
"112","3","16",8,60,"A sheriff","Emeralds",34,"Non-binary",1
"112","3","16",9,56,"A sheriff","Emeralds",34,"Non-binary",1
"112","3","16",10,45,"A sheriff","Emeralds",34,"Non-binary",1
"112","3","16",11,64,"A sheriff","Emeralds",34,"Non-binary",1
"112","3","16",12,66,"A sheriff","Emeralds",34,"Non-binary",1
"112","3","16",13,25,"A sheriff","Emeralds",34,"Non-binary",1
"112","3","16",14,37,"A sheriff","Emeralds",34,"Non-binary",1
"112","3","16",15,71,"A sheriff","Emeralds",34,"Non-binary",1
"112","3","16",16,16,"A sheriff","Emeralds",34,"Non-binary",1
"112","3","16",17,32,"A sheriff","Emeralds",34,"Non-binary",1
"112","3","16",18,68,"A sheriff","Emeralds",34,"Non-binary",1
"112","3","16",19,36,"A sheriff","Emeralds",34,"Non-binary",1
"112","3","16",20,71,"A sheriff","Emeralds",34,"Non-binary",1
"112","3","16",21,12,"A sheriff","Emeralds",34,"Non-binary",1
"112","3","16",22,22,"A sheriff","Emeralds",34,"Non-binary",1
"112","3","16",23,18,"A sheriff","Emeralds",34,"Non-binary",1
"112","3","16",24,19,"A sheriff","Emeralds",34,"Non-binary",1
"112","3","16",25,18,"A sheriff","Emeralds",34,"Non-binary",1
"112","3","16",26,64,"A sheriff","Emeralds",34,"Non-binary",1
"112","3","16",27,28,"A sheriff","Emeralds",34,"Non-binary",1
"112","3","16",28,12,"A sheriff","Emeralds",34,"Non-binary",1
"112","3","16",29,73,"A sheriff","Emeralds",34,"Non-binary",1
"112","3","16",30,7,"A sheriff","Emeralds",34,"Non-binary",1
"112","3","16",31,13,"A sheriff","Emeralds",34,"Non-binary",1
"112","3","16",32,11,"A sheriff","Emeralds",34,"Non-binary",1
"112","3","16",33,39,"A sheriff","Emeralds",34,"Non-binary",1
"112","3","16",34,26,"A sheriff","Emeralds",34,"Non-binary",1
"112","3","16",35,25,"A sheriff","Emeralds",34,"Non-binary",1
"112","3","16",36,17,"A sheriff","Emeralds",34,"Non-binary",1
"112","3","16",37,24,"A sheriff","Emeralds",34,"Non-binary",1
"112","3","16",38,44,"A sheriff","Emeralds",34,"Non-binary",1
"112","3","16",39,73,"A sheriff","Emeralds",34,"Non-binary",1
"112","3","16",40,33,"A sheriff","Emeralds",34,"Non-binary",1
"112","3","16",41,13,"A sheriff","Emeralds",34,"Non-binary",1
"112","3","16",42,68,"A sheriff","Emeralds",34,"Non-binary",1
"112","3","16",43,29,"A sheriff","Emeralds",34,"Non-binary",1
"112","3","16",44,63,"A sheriff","Emeralds",34,"Non-binary",1
"112","3","16",45,23,"A sheriff","Emeralds",34,"Non-binary",1
"112","3","16",46,34,"A sheriff","Emeralds",34,"Non-binary",1
"112","3","16",47,13,"A sheriff","Emeralds",34,"Non-binary",1
"112","3","16",48,20,"A sheriff","Emeralds",34,"Non-binary",1
"112","3","16",49,19,"A sheriff","Emeralds",34,"Non-binary",1
"112","3","16",50,12,"A sheriff","Emeralds",34,"Non-binary",1
"113","2","56",1,88,"A tycoon","Emeralds",29,"Male",1
"113","2","56",2,96,"A tycoon","Emeralds",29,"Male",1
"113","2","56",3,100,"A tycoon","Emeralds",29,"Male",1
"113","2","56",4,100,"A tycoon","Emeralds",29,"Male",1
"113","2","56",5,95,"A tycoon","Emeralds",29,"Male",1
"113","2","56",6,94,"A tycoon","Emeralds",29,"Male",1
"113","2","56",7,94,"A tycoon","Emeralds",29,"Male",1
"113","2","56",8,96,"A tycoon","Emeralds",29,"Male",1
"113","2","56",9,12,"A tycoon","Emeralds",29,"Male",1
"113","2","56",10,94,"A tycoon","Emeralds",29,"Male",1
"113","2","56",11,96,"A tycoon","Emeralds",29,"Male",1
"113","2","56",12,94,"A tycoon","Emeralds",29,"Male",1
"113","2","56",13,6,"A tycoon","Emeralds",29,"Male",1
"113","2","56",14,96,"A tycoon","Emeralds",29,"Male",1
"113","2","56",15,7,"A tycoon","Emeralds",29,"Male",1
"113","2","56",16,95,"A tycoon","Emeralds",29,"Male",1
"113","2","56",17,6,"A tycoon","Emeralds",29,"Male",1
"113","2","56",18,6,"A tycoon","Emeralds",29,"Male",1
"113","2","56",19,100,"A tycoon","Emeralds",29,"Male",1
"113","2","56",20,6,"A tycoon","Emeralds",29,"Male",1
"113","2","56",21,95,"A tycoon","Emeralds",29,"Male",1
"113","2","56",22,96,"A tycoon","Emeralds",29,"Male",1
"113","2","56",23,6,"A tycoon","Emeralds",29,"Male",1
"113","2","56",24,93,"A tycoon","Emeralds",29,"Male",1
"113","2","56",25,95,"A tycoon","Emeralds",29,"Male",1
"113","2","56",26,94,"A tycoon","Emeralds",29,"Male",1
"113","2","56",27,98,"A tycoon","Emeralds",29,"Male",1
"113","2","56",28,100,"A tycoon","Emeralds",29,"Male",1
"113","2","56",29,2,"A tycoon","Emeralds",29,"Male",1
"113","2","56",30,96,"A tycoon","Emeralds",29,"Male",1
"113","2","56",31,96,"A tycoon","Emeralds",29,"Male",1
"113","2","56",32,4,"A tycoon","Emeralds",29,"Male",1
"113","2","56",33,95,"A tycoon","Emeralds",29,"Male",1
"113","2","56",34,95,"A tycoon","Emeralds",29,"Male",1
"113","2","56",35,94,"A tycoon","Emeralds",29,"Male",1
"113","2","56",36,94,"A tycoon","Emeralds",29,"Male",1
"113","2","56",37,95,"A tycoon","Emeralds",29,"Male",1
"113","2","56",38,94,"A tycoon","Emeralds",29,"Male",1
"113","2","56",39,96,"A tycoon","Emeralds",29,"Male",1
"113","2","56",40,97,"A tycoon","Emeralds",29,"Male",1
"113","2","56",41,94,"A tycoon","Emeralds",29,"Male",1
"113","2","56",42,96,"A tycoon","Emeralds",29,"Male",1
"113","2","56",43,94,"A tycoon","Emeralds",29,"Male",1
"113","2","56",44,4,"A tycoon","Emeralds",29,"Male",1
"113","2","56",45,4,"A tycoon","Emeralds",29,"Male",1
"113","2","56",46,95,"A tycoon","Emeralds",29,"Male",1
"113","2","56",47,7,"A tycoon","Emeralds",29,"Male",1
"113","2","56",48,93,"A tycoon","Emeralds",29,"Male",1
"113","2","56",49,5,"A tycoon","Emeralds",29,"Male",1
"113","2","56",50,94,"A tycoon","Emeralds",29,"Male",1
"114","3","10",1,60,"A sheriff","Emeralds",44,"Female",1
"114","3","10",2,80,"A sheriff","Emeralds",44,"Female",1
"114","3","10",3,28,"A sheriff","Emeralds",44,"Female",1
"114","3","10",4,68,"A sheriff","Emeralds",44,"Female",1
"114","3","10",5,35,"A sheriff","Emeralds",44,"Female",1
"114","3","10",6,0,"A sheriff","Emeralds",44,"Female",1
"114","3","10",7,59,"A sheriff","Emeralds",44,"Female",1
"114","3","10",8,72,"A sheriff","Emeralds",44,"Female",1
"114","3","10",9,36,"A sheriff","Emeralds",44,"Female",1
"114","3","10",10,0,"A sheriff","Emeralds",44,"Female",1
"114","3","10",11,72,"A sheriff","Emeralds",44,"Female",1
"114","3","10",12,53,"A sheriff","Emeralds",44,"Female",1
"114","3","10",13,31,"A sheriff","Emeralds",44,"Female",1
"114","3","10",14,0,"A sheriff","Emeralds",44,"Female",1
"114","3","10",15,85,"A sheriff","Emeralds",44,"Female",1
"114","3","10",16,71,"A sheriff","Emeralds",44,"Female",1
"114","3","10",17,12,"A sheriff","Emeralds",44,"Female",1
"114","3","10",18,71,"A sheriff","Emeralds",44,"Female",1
"114","3","10",19,59,"A sheriff","Emeralds",44,"Female",1
"114","3","10",20,0,"A sheriff","Emeralds",44,"Female",1
"114","3","10",21,85,"A sheriff","Emeralds",44,"Female",1
"114","3","10",22,100,"A sheriff","Emeralds",44,"Female",1
"114","3","10",23,100,"A sheriff","Emeralds",44,"Female",1
"114","3","10",24,79,"A sheriff","Emeralds",44,"Female",1
"114","3","10",25,36,"A sheriff","Emeralds",44,"Female",1
"114","3","10",26,9,"A sheriff","Emeralds",44,"Female",1
"114","3","10",27,9,"A sheriff","Emeralds",44,"Female",1
"114","3","10",28,0,"A sheriff","Emeralds",44,"Female",1
"114","3","10",29,93,"A sheriff","Emeralds",44,"Female",1
"114","3","10",30,0,"A sheriff","Emeralds",44,"Female",1
"114","3","10",31,100,"A sheriff","Emeralds",44,"Female",1
"114","3","10",32,0,"A sheriff","Emeralds",44,"Female",1
"114","3","10",33,99,"A sheriff","Emeralds",44,"Female",1
"114","3","10",34,5,"A sheriff","Emeralds",44,"Female",1
"114","3","10",35,96,"A sheriff","Emeralds",44,"Female",1
"114","3","10",36,0,"A sheriff","Emeralds",44,"Female",1
"114","3","10",37,0,"A sheriff","Emeralds",44,"Female",1
"114","3","10",38,94,"A sheriff","Emeralds",44,"Female",1
"114","3","10",39,0,"A sheriff","Emeralds",44,"Female",1
"114","3","10",40,0,"A sheriff","Emeralds",44,"Female",1
"114","3","10",41,100,"A sheriff","Emeralds",44,"Female",1
"114","3","10",42,100,"A sheriff","Emeralds",44,"Female",1
"114","3","10",43,14,"A sheriff","Emeralds",44,"Female",1
"114","3","10",44,87,"A sheriff","Emeralds",44,"Female",1
"114","3","10",45,88,"A sheriff","Emeralds",44,"Female",1
"114","3","10",46,43,"A sheriff","Emeralds",44,"Female",1
"114","3","10",47,86,"A sheriff","Emeralds",44,"Female",1
"114","3","10",48,0,"A sheriff","Emeralds",44,"Female",1
"114","3","10",49,0,"A sheriff","Emeralds",44,"Female",1
"114","3","10",50,4,"A sheriff","Emeralds",44,"Female",1
"115","3","62",1,74,"A sheriff","Emeralds",27,"Female",1
"115","3","62",2,41,"A sheriff","Emeralds",27,"Female",1
"115","3","62",3,61,"A sheriff","Emeralds",27,"Female",1
"115","3","62",4,59,"A sheriff","Emeralds",27,"Female",1
"115","3","62",5,40,"A sheriff","Emeralds",27,"Female",1
"115","3","62",6,63,"A sheriff","Emeralds",27,"Female",1
"115","3","62",7,43,"A sheriff","Emeralds",27,"Female",1
"115","3","62",8,54,"A sheriff","Emeralds",27,"Female",1
"115","3","62",9,58,"A sheriff","Emeralds",27,"Female",1
"115","3","62",10,59,"A sheriff","Emeralds",27,"Female",1
"115","3","62",11,53,"A sheriff","Emeralds",27,"Female",1
"115","3","62",12,61,"A sheriff","Emeralds",27,"Female",1
"115","3","62",13,51,"A sheriff","Emeralds",27,"Female",1
"115","3","62",14,44,"A sheriff","Emeralds",27,"Female",1
"115","3","62",15,43,"A sheriff","Emeralds",27,"Female",1
"115","3","62",16,34,"A sheriff","Emeralds",27,"Female",1
"115","3","62",17,42,"A sheriff","Emeralds",27,"Female",1
"115","3","62",18,43,"A sheriff","Emeralds",27,"Female",1
"115","3","62",19,31,"A sheriff","Emeralds",27,"Female",1
"115","3","62",20,33,"A sheriff","Emeralds",27,"Female",1
"115","3","62",21,27,"A sheriff","Emeralds",27,"Female",1
"115","3","62",22,21,"A sheriff","Emeralds",27,"Female",1
"115","3","62",23,22,"A sheriff","Emeralds",27,"Female",1
"115","3","62",24,17,"A sheriff","Emeralds",27,"Female",1
"115","3","62",25,14,"A sheriff","Emeralds",27,"Female",1
"115","3","62",26,13,"A sheriff","Emeralds",27,"Female",1
"115","3","62",27,11,"A sheriff","Emeralds",27,"Female",1
"115","3","62",28,21,"A sheriff","Emeralds",27,"Female",1
"115","3","62",29,13,"A sheriff","Emeralds",27,"Female",1
"115","3","62",30,29,"A sheriff","Emeralds",27,"Female",1
"115","3","62",31,36,"A sheriff","Emeralds",27,"Female",1
"115","3","62",32,12,"A sheriff","Emeralds",27,"Female",1
"115","3","62",33,26,"A sheriff","Emeralds",27,"Female",1
"115","3","62",34,24,"A sheriff","Emeralds",27,"Female",1
"115","3","62",35,16,"A sheriff","Emeralds",27,"Female",1
"115","3","62",36,19,"A sheriff","Emeralds",27,"Female",1
"115","3","62",37,26,"A sheriff","Emeralds",27,"Female",1
"115","3","62",38,23,"A sheriff","Emeralds",27,"Female",1
"115","3","62",39,7,"A sheriff","Emeralds",27,"Female",1
"115","3","62",40,6,"A sheriff","Emeralds",27,"Female",1
"115","3","62",41,7,"A sheriff","Emeralds",27,"Female",1
"115","3","62",42,9,"A sheriff","Emeralds",27,"Female",1
"115","3","62",43,6,"A sheriff","Emeralds",27,"Female",1
"115","3","62",44,17,"A sheriff","Emeralds",27,"Female",1
"115","3","62",45,15,"A sheriff","Emeralds",27,"Female",1
"115","3","62",46,13,"A sheriff","Emeralds",27,"Female",1
"115","3","62",47,12,"A sheriff","Emeralds",27,"Female",1
"115","3","62",48,13,"A sheriff","Emeralds",27,"Female",1
"115","3","62",49,6,"A sheriff","Emeralds",27,"Female",1
"115","3","62",50,5,"A sheriff","Emeralds",27,"Female",1
"116","3","56",1,79,"A sheriff","Rocks",31,"Male",0
"116","3","56",2,58,"A sheriff","Rocks",31,"Male",0
"116","3","56",3,89,"A sheriff","Rocks",31,"Male",0
"116","3","56",4,31,"A sheriff","Rocks",31,"Male",0
"116","3","56",5,69,"A sheriff","Rocks",31,"Male",0
"116","3","56",6,77,"A sheriff","Rocks",31,"Male",0
"116","3","56",7,90,"A sheriff","Rocks",31,"Male",0
"116","3","56",8,89,"A sheriff","Rocks",31,"Male",0
"116","3","56",9,81,"A sheriff","Rocks",31,"Male",0
"116","3","56",10,84,"A sheriff","Rocks",31,"Male",0
"116","3","56",11,38,"A sheriff","Rocks",31,"Male",0
"116","3","56",12,85,"A sheriff","Rocks",31,"Male",0
"116","3","56",13,87,"A sheriff","Rocks",31,"Male",0
"116","3","56",14,92,"A sheriff","Rocks",31,"Male",0
"116","3","56",15,69,"A sheriff","Rocks",31,"Male",0
"116","3","56",16,85,"A sheriff","Rocks",31,"Male",0
"116","3","56",17,89,"A sheriff","Rocks",31,"Male",0
"116","3","56",18,92,"A sheriff","Rocks",31,"Male",0
"116","3","56",19,85,"A sheriff","Rocks",31,"Male",0
"116","3","56",20,80,"A sheriff","Rocks",31,"Male",0
"116","3","56",21,89,"A sheriff","Rocks",31,"Male",0
"116","3","56",22,92,"A sheriff","Rocks",31,"Male",0
"116","3","56",23,89,"A sheriff","Rocks",31,"Male",0
"116","3","56",24,84,"A sheriff","Rocks",31,"Male",0
"116","3","56",25,71,"A sheriff","Rocks",31,"Male",0
"116","3","56",26,89,"A sheriff","Rocks",31,"Male",0
"116","3","56",27,93,"A sheriff","Rocks",31,"Male",0
"116","3","56",28,79,"A sheriff","Rocks",31,"Male",0
"116","3","56",29,71,"A sheriff","Rocks",31,"Male",0
"116","3","56",30,83,"A sheriff","Rocks",31,"Male",0
"116","3","56",31,80,"A sheriff","Rocks",31,"Male",0
"116","3","56",32,86,"A sheriff","Rocks",31,"Male",0
"116","3","56",33,85,"A sheriff","Rocks",31,"Male",0
"116","3","56",34,76,"A sheriff","Rocks",31,"Male",0
"116","3","56",35,73,"A sheriff","Rocks",31,"Male",0
"116","3","56",36,74,"A sheriff","Rocks",31,"Male",0
"116","3","56",37,70,"A sheriff","Rocks",31,"Male",0
"116","3","56",38,78,"A sheriff","Rocks",31,"Male",0
"116","3","56",39,70,"A sheriff","Rocks",31,"Male",0
"116","3","56",40,60,"A sheriff","Rocks",31,"Male",0
"116","3","56",41,65,"A sheriff","Rocks",31,"Male",0
"116","3","56",42,68,"A sheriff","Rocks",31,"Male",0
"116","3","56",43,71,"A sheriff","Rocks",31,"Male",0
"116","3","56",44,64,"A sheriff","Rocks",31,"Male",0
"116","3","56",45,59,"A sheriff","Rocks",31,"Male",0
"116","3","56",46,38,"A sheriff","Rocks",31,"Male",0
"116","3","56",47,61,"A sheriff","Rocks",31,"Male",0
"116","3","56",48,60,"A sheriff","Rocks",31,"Male",0
"116","3","56",49,64,"A sheriff","Rocks",31,"Male",0
"116","3","56",50,34,"A sheriff","Rocks",31,"Male",0
"117","3","2",1,98,"A sheriff","Emeralds",48,"Female",1
"117","3","2",2,97,"A sheriff","Emeralds",48,"Female",1
"117","3","2",3,77,"A sheriff","Emeralds",48,"Female",1
"117","3","2",4,88,"A sheriff","Emeralds",48,"Female",1
"117","3","2",5,79,"A sheriff","Emeralds",48,"Female",1
"117","3","2",6,95,"A sheriff","Emeralds",48,"Female",1
"117","3","2",7,61,"A sheriff","Emeralds",48,"Female",1
"117","3","2",8,85,"A sheriff","Emeralds",48,"Female",1
"117","3","2",9,92,"A sheriff","Emeralds",48,"Female",1
"117","3","2",10,76,"A sheriff","Emeralds",48,"Female",1
"117","3","2",11,66,"A sheriff","Emeralds",48,"Female",1
"117","3","2",12,61,"A sheriff","Emeralds",48,"Female",1
"117","3","2",13,61,"A sheriff","Emeralds",48,"Female",1
"117","3","2",14,60,"A sheriff","Emeralds",48,"Female",1
"117","3","2",15,60,"A sheriff","Emeralds",48,"Female",1
"117","3","2",16,58,"A sheriff","Emeralds",48,"Female",1
"117","3","2",17,61,"A sheriff","Emeralds",48,"Female",1
"117","3","2",18,58,"A sheriff","Emeralds",48,"Female",1
"117","3","2",19,79,"A sheriff","Emeralds",48,"Female",1
"117","3","2",20,63,"A sheriff","Emeralds",48,"Female",1
"117","3","2",21,77,"A sheriff","Emeralds",48,"Female",1
"117","3","2",22,61,"A sheriff","Emeralds",48,"Female",1
"117","3","2",23,62,"A sheriff","Emeralds",48,"Female",1
"117","3","2",24,85,"A sheriff","Emeralds",48,"Female",1
"117","3","2",25,80,"A sheriff","Emeralds",48,"Female",1
"117","3","2",26,65,"A sheriff","Emeralds",48,"Female",1
"117","3","2",27,81,"A sheriff","Emeralds",48,"Female",1
"117","3","2",28,68,"A sheriff","Emeralds",48,"Female",1
"117","3","2",29,64,"A sheriff","Emeralds",48,"Female",1
"117","3","2",30,66,"A sheriff","Emeralds",48,"Female",1
"117","3","2",31,62,"A sheriff","Emeralds",48,"Female",1
"117","3","2",32,62,"A sheriff","Emeralds",48,"Female",1
"117","3","2",33,60,"A sheriff","Emeralds",48,"Female",1
"117","3","2",34,87,"A sheriff","Emeralds",48,"Female",1
"117","3","2",35,60,"A sheriff","Emeralds",48,"Female",1
"117","3","2",36,85,"A sheriff","Emeralds",48,"Female",1
"117","3","2",37,83,"A sheriff","Emeralds",48,"Female",1
"117","3","2",38,61,"A sheriff","Emeralds",48,"Female",1
"117","3","2",39,63,"A sheriff","Emeralds",48,"Female",1
"117","3","2",40,63,"A sheriff","Emeralds",48,"Female",1
"117","3","2",41,63,"A sheriff","Emeralds",48,"Female",1
"117","3","2",42,71,"A sheriff","Emeralds",48,"Female",1
"117","3","2",43,66,"A sheriff","Emeralds",48,"Female",1
"117","3","2",44,64,"A sheriff","Emeralds",48,"Female",1
"117","3","2",45,89,"A sheriff","Emeralds",48,"Female",1
"117","3","2",46,94,"A sheriff","Emeralds",48,"Female",1
"117","3","2",47,60,"A sheriff","Emeralds",48,"Female",1
"117","3","2",48,88,"A sheriff","Emeralds",48,"Female",1
"117","3","2",49,88,"A sheriff","Emeralds",48,"Female",1
"117","3","2",50,93,"A sheriff","Emeralds",48,"Female",1
"118","3","15",1,78,"A sheriff","Emeralds",33,"Male",1
"118","3","15",2,96,"A sheriff","Emeralds",33,"Male",1
"118","3","15",3,25,"A sheriff","Emeralds",33,"Male",1
"118","3","15",4,47,"A sheriff","Emeralds",33,"Male",1
"118","3","15",5,13,"A sheriff","Emeralds",33,"Male",1
"118","3","15",6,91,"A sheriff","Emeralds",33,"Male",1
"118","3","15",7,20,"A sheriff","Emeralds",33,"Male",1
"118","3","15",8,14,"A sheriff","Emeralds",33,"Male",1
"118","3","15",9,53,"A sheriff","Emeralds",33,"Male",1
"118","3","15",10,11,"A sheriff","Emeralds",33,"Male",1
"118","3","15",11,42,"A sheriff","Emeralds",33,"Male",1
"118","3","15",12,90,"A sheriff","Emeralds",33,"Male",1
"118","3","15",13,15,"A sheriff","Emeralds",33,"Male",1
"118","3","15",14,24,"A sheriff","Emeralds",33,"Male",1
"118","3","15",15,9,"A sheriff","Emeralds",33,"Male",1
"118","3","15",16,93,"A sheriff","Emeralds",33,"Male",1
"118","3","15",17,53,"A sheriff","Emeralds",33,"Male",1
"118","3","15",18,25,"A sheriff","Emeralds",33,"Male",1
"118","3","15",19,58,"A sheriff","Emeralds",33,"Male",1
"118","3","15",20,87,"A sheriff","Emeralds",33,"Male",1
"118","3","15",21,49,"A sheriff","Emeralds",33,"Male",1
"118","3","15",22,68,"A sheriff","Emeralds",33,"Male",1
"118","3","15",23,21,"A sheriff","Emeralds",33,"Male",1
"118","3","15",24,44,"A sheriff","Emeralds",33,"Male",1
"118","3","15",25,11,"A sheriff","Emeralds",33,"Male",1
"118","3","15",26,41,"A sheriff","Emeralds",33,"Male",1
"118","3","15",27,9,"A sheriff","Emeralds",33,"Male",1
"118","3","15",28,28,"A sheriff","Emeralds",33,"Male",1
"118","3","15",29,4,"A sheriff","Emeralds",33,"Male",1
"118","3","15",30,89,"A sheriff","Emeralds",33,"Male",1
"118","3","15",31,37,"A sheriff","Emeralds",33,"Male",1
"118","3","15",32,24,"A sheriff","Emeralds",33,"Male",1
"118","3","15",33,90,"A sheriff","Emeralds",33,"Male",1
"118","3","15",34,92,"A sheriff","Emeralds",33,"Male",1
"118","3","15",35,83,"A sheriff","Emeralds",33,"Male",1
"118","3","15",36,71,"A sheriff","Emeralds",33,"Male",1
"118","3","15",37,85,"A sheriff","Emeralds",33,"Male",1
"118","3","15",38,80,"A sheriff","Emeralds",33,"Male",1
"118","3","15",39,83,"A sheriff","Emeralds",33,"Male",1
"118","3","15",40,65,"A sheriff","Emeralds",33,"Male",1
"118","3","15",41,59,"A sheriff","Emeralds",33,"Male",1
"118","3","15",42,82,"A sheriff","Emeralds",33,"Male",1
"118","3","15",43,78,"A sheriff","Emeralds",33,"Male",1
"118","3","15",44,9,"A sheriff","Emeralds",33,"Male",1
"118","3","15",45,7,"A sheriff","Emeralds",33,"Male",1
"118","3","15",46,8,"A sheriff","Emeralds",33,"Male",1
"118","3","15",47,25,"A sheriff","Emeralds",33,"Male",1
"118","3","15",48,38,"A sheriff","Emeralds",33,"Male",1
"118","3","15",49,86,"A sheriff","Emeralds",33,"Male",1
"118","3","15",50,3,"A sheriff","Emeralds",33,"Male",1
"119","2","60",1,71,"None of the above","Emeralds",55,"Female",0
"119","2","60",2,13,"None of the above","Emeralds",55,"Female",0
"119","2","60",3,3,"None of the above","Emeralds",55,"Female",0
"119","2","60",4,0,"None of the above","Emeralds",55,"Female",0
"119","2","60",5,3,"None of the above","Emeralds",55,"Female",0
"119","2","60",6,27,"None of the above","Emeralds",55,"Female",0
"119","2","60",7,18,"None of the above","Emeralds",55,"Female",0
"119","2","60",8,6,"None of the above","Emeralds",55,"Female",0
"119","2","60",9,0,"None of the above","Emeralds",55,"Female",0
"119","2","60",10,3,"None of the above","Emeralds",55,"Female",0
"119","2","60",11,5,"None of the above","Emeralds",55,"Female",0
"119","2","60",12,4,"None of the above","Emeralds",55,"Female",0
"119","2","60",13,8,"None of the above","Emeralds",55,"Female",0
"119","2","60",14,2,"None of the above","Emeralds",55,"Female",0
"119","2","60",15,0,"None of the above","Emeralds",55,"Female",0
"119","2","60",16,10,"None of the above","Emeralds",55,"Female",0
"119","2","60",17,7,"None of the above","Emeralds",55,"Female",0
"119","2","60",18,94,"None of the above","Emeralds",55,"Female",0
"119","2","60",19,9,"None of the above","Emeralds",55,"Female",0
"119","2","60",20,5,"None of the above","Emeralds",55,"Female",0
"119","2","60",21,10,"None of the above","Emeralds",55,"Female",0
"119","2","60",22,8,"None of the above","Emeralds",55,"Female",0
"119","2","60",23,4,"None of the above","Emeralds",55,"Female",0
"119","2","60",24,1,"None of the above","Emeralds",55,"Female",0
"119","2","60",25,5,"None of the above","Emeralds",55,"Female",0
"119","2","60",26,3,"None of the above","Emeralds",55,"Female",0
"119","2","60",27,2,"None of the above","Emeralds",55,"Female",0
"119","2","60",28,3,"None of the above","Emeralds",55,"Female",0
"119","2","60",29,6,"None of the above","Emeralds",55,"Female",0
"119","2","60",30,4,"None of the above","Emeralds",55,"Female",0
"119","2","60",31,9,"None of the above","Emeralds",55,"Female",0
"119","2","60",32,4,"None of the above","Emeralds",55,"Female",0
"119","2","60",33,5,"None of the above","Emeralds",55,"Female",0
"119","2","60",34,2,"None of the above","Emeralds",55,"Female",0
"119","2","60",35,82,"None of the above","Emeralds",55,"Female",0
"119","2","60",36,8,"None of the above","Emeralds",55,"Female",0
"119","2","60",37,1,"None of the above","Emeralds",55,"Female",0
"119","2","60",38,2,"None of the above","Emeralds",55,"Female",0
"119","2","60",39,3,"None of the above","Emeralds",55,"Female",0
"119","2","60",40,6,"None of the above","Emeralds",55,"Female",0
"119","2","60",41,2,"None of the above","Emeralds",55,"Female",0
"119","2","60",42,6,"None of the above","Emeralds",55,"Female",0
"119","2","60",43,2,"None of the above","Emeralds",55,"Female",0
"119","2","60",44,7,"None of the above","Emeralds",55,"Female",0
"119","2","60",45,3,"None of the above","Emeralds",55,"Female",0
"119","2","60",46,9,"None of the above","Emeralds",55,"Female",0
"119","2","60",47,0,"None of the above","Emeralds",55,"Female",0
"119","2","60",48,1,"None of the above","Emeralds",55,"Female",0
"119","2","60",49,3,"None of the above","Emeralds",55,"Female",0
"119","2","60",50,1,"None of the above","Emeralds",55,"Female",0
"120","3","30",1,29,"A sheriff","Emeralds",31,"Female",1
"120","3","30",2,57,"A sheriff","Emeralds",31,"Female",1
"120","3","30",3,34,"A sheriff","Emeralds",31,"Female",1
"120","3","30",4,18,"A sheriff","Emeralds",31,"Female",1
"120","3","30",5,15,"A sheriff","Emeralds",31,"Female",1
"120","3","30",6,64,"A sheriff","Emeralds",31,"Female",1
"120","3","30",7,42,"A sheriff","Emeralds",31,"Female",1
"120","3","30",8,33,"A sheriff","Emeralds",31,"Female",1
"120","3","30",9,68,"A sheriff","Emeralds",31,"Female",1
"120","3","30",10,43,"A sheriff","Emeralds",31,"Female",1
"120","3","30",11,27,"A sheriff","Emeralds",31,"Female",1
"120","3","30",12,69,"A sheriff","Emeralds",31,"Female",1
"120","3","30",13,26,"A sheriff","Emeralds",31,"Female",1
"120","3","30",14,76,"A sheriff","Emeralds",31,"Female",1
"120","3","30",15,36,"A sheriff","Emeralds",31,"Female",1
"120","3","30",16,45,"A sheriff","Emeralds",31,"Female",1
"120","3","30",17,32,"A sheriff","Emeralds",31,"Female",1
"120","3","30",18,63,"A sheriff","Emeralds",31,"Female",1
"120","3","30",19,75,"A sheriff","Emeralds",31,"Female",1
"120","3","30",20,22,"A sheriff","Emeralds",31,"Female",1
"120","3","30",21,26,"A sheriff","Emeralds",31,"Female",1
"120","3","30",22,71,"A sheriff","Emeralds",31,"Female",1
"120","3","30",23,74,"A sheriff","Emeralds",31,"Female",1
"120","3","30",24,37,"A sheriff","Emeralds",31,"Female",1
"120","3","30",25,29,"A sheriff","Emeralds",31,"Female",1
"120","3","30",26,23,"A sheriff","Emeralds",31,"Female",1
"120","3","30",27,59,"A sheriff","Emeralds",31,"Female",1
"120","3","30",28,39,"A sheriff","Emeralds",31,"Female",1
"120","3","30",29,41,"A sheriff","Emeralds",31,"Female",1
"120","3","30",30,28,"A sheriff","Emeralds",31,"Female",1
"120","3","30",31,29,"A sheriff","Emeralds",31,"Female",1
"120","3","30",32,67,"A sheriff","Emeralds",31,"Female",1
"120","3","30",33,39,"A sheriff","Emeralds",31,"Female",1
"120","3","30",34,53,"A sheriff","Emeralds",31,"Female",1
"120","3","30",35,40,"A sheriff","Emeralds",31,"Female",1
"120","3","30",36,57,"A sheriff","Emeralds",31,"Female",1
"120","3","30",37,31,"A sheriff","Emeralds",31,"Female",1
"120","3","30",38,64,"A sheriff","Emeralds",31,"Female",1
"120","3","30",39,41,"A sheriff","Emeralds",31,"Female",1
"120","3","30",40,19,"A sheriff","Emeralds",31,"Female",1
"120","3","30",41,79,"A sheriff","Emeralds",31,"Female",1
"120","3","30",42,56,"A sheriff","Emeralds",31,"Female",1
"120","3","30",43,30,"A sheriff","Emeralds",31,"Female",1
"120","3","30",44,52,"A sheriff","Emeralds",31,"Female",1
"120","3","30",45,61,"A sheriff","Emeralds",31,"Female",1
"120","3","30",46,58,"A sheriff","Emeralds",31,"Female",1
"120","3","30",47,33,"A sheriff","Emeralds",31,"Female",1
"120","3","30",48,33,"A sheriff","Emeralds",31,"Female",1
"120","3","30",49,33,"A sheriff","Emeralds",31,"Female",1
"120","3","30",50,59,"A sheriff","Emeralds",31,"Female",1
"121","2","48",1,26,"A bandit","Emeralds",31,"Female",0
"121","2","48",2,54,"A bandit","Emeralds",31,"Female",0
"121","2","48",3,27,"A bandit","Emeralds",31,"Female",0
"121","2","48",4,31,"A bandit","Emeralds",31,"Female",0
"121","2","48",5,66,"A bandit","Emeralds",31,"Female",0
"121","2","48",6,65,"A bandit","Emeralds",31,"Female",0
"121","2","48",7,24,"A bandit","Emeralds",31,"Female",0
"121","2","48",8,70,"A bandit","Emeralds",31,"Female",0
"121","2","48",9,42,"A bandit","Emeralds",31,"Female",0
"121","2","48",10,10,"A bandit","Emeralds",31,"Female",0
"121","2","48",11,20,"A bandit","Emeralds",31,"Female",0
"121","2","48",12,76,"A bandit","Emeralds",31,"Female",0
"121","2","48",13,40,"A bandit","Emeralds",31,"Female",0
"121","2","48",14,28,"A bandit","Emeralds",31,"Female",0
"121","2","48",15,39,"A bandit","Emeralds",31,"Female",0
"121","2","48",16,22,"A bandit","Emeralds",31,"Female",0
"121","2","48",17,69,"A bandit","Emeralds",31,"Female",0
"121","2","48",18,19,"A bandit","Emeralds",31,"Female",0
"121","2","48",19,74,"A bandit","Emeralds",31,"Female",0
"121","2","48",20,26,"A bandit","Emeralds",31,"Female",0
"121","2","48",21,67,"A bandit","Emeralds",31,"Female",0
"121","2","48",22,27,"A bandit","Emeralds",31,"Female",0
"121","2","48",23,28,"A bandit","Emeralds",31,"Female",0
"121","2","48",24,20,"A bandit","Emeralds",31,"Female",0
"121","2","48",25,51,"A bandit","Emeralds",31,"Female",0
"121","2","48",26,21,"A bandit","Emeralds",31,"Female",0
"121","2","48",27,74,"A bandit","Emeralds",31,"Female",0
"121","2","48",28,28,"A bandit","Emeralds",31,"Female",0
"121","2","48",29,24,"A bandit","Emeralds",31,"Female",0
"121","2","48",30,25,"A bandit","Emeralds",31,"Female",0
"121","2","48",31,57,"A bandit","Emeralds",31,"Female",0
"121","2","48",32,22,"A bandit","Emeralds",31,"Female",0
"121","2","48",33,22,"A bandit","Emeralds",31,"Female",0
"121","2","48",34,32,"A bandit","Emeralds",31,"Female",0
"121","2","48",35,25,"A bandit","Emeralds",31,"Female",0
"121","2","48",36,82,"A bandit","Emeralds",31,"Female",0
"121","2","48",37,28,"A bandit","Emeralds",31,"Female",0
"121","2","48",38,22,"A bandit","Emeralds",31,"Female",0
"121","2","48",39,52,"A bandit","Emeralds",31,"Female",0
"121","2","48",40,28,"A bandit","Emeralds",31,"Female",0
"121","2","48",41,28,"A bandit","Emeralds",31,"Female",0
"121","2","48",42,66,"A bandit","Emeralds",31,"Female",0
"121","2","48",43,29,"A bandit","Emeralds",31,"Female",0
"121","2","48",44,19,"A bandit","Emeralds",31,"Female",0
"121","2","48",45,24,"A bandit","Emeralds",31,"Female",0
"121","2","48",46,31,"A bandit","Emeralds",31,"Female",0
"121","2","48",47,25,"A bandit","Emeralds",31,"Female",0
"121","2","48",48,74,"A bandit","Emeralds",31,"Female",0
"121","2","48",49,28,"A bandit","Emeralds",31,"Female",0
"121","2","48",50,13,"A bandit","Emeralds",31,"Female",0
"122","3","41",1,61,"A sheriff","Emeralds",39,"Male",1
"122","3","41",2,39,"A sheriff","Emeralds",39,"Male",1
"122","3","41",3,86,"A sheriff","Emeralds",39,"Male",1
"122","3","41",4,67,"A sheriff","Emeralds",39,"Male",1
"122","3","41",5,37,"A sheriff","Emeralds",39,"Male",1
"122","3","41",6,73,"A sheriff","Emeralds",39,"Male",1
"122","3","41",7,84,"A sheriff","Emeralds",39,"Male",1
"122","3","41",8,66,"A sheriff","Emeralds",39,"Male",1
"122","3","41",9,80,"A sheriff","Emeralds",39,"Male",1
"122","3","41",10,74,"A sheriff","Emeralds",39,"Male",1
"122","3","41",11,73,"A sheriff","Emeralds",39,"Male",1
"122","3","41",12,27,"A sheriff","Emeralds",39,"Male",1
"122","3","41",13,73,"A sheriff","Emeralds",39,"Male",1
"122","3","41",14,78,"A sheriff","Emeralds",39,"Male",1
"122","3","41",15,72,"A sheriff","Emeralds",39,"Male",1
"122","3","41",16,68,"A sheriff","Emeralds",39,"Male",1
"122","3","41",17,67,"A sheriff","Emeralds",39,"Male",1
"122","3","41",18,40,"A sheriff","Emeralds",39,"Male",1
"122","3","41",19,98,"A sheriff","Emeralds",39,"Male",1
"122","3","41",20,85,"A sheriff","Emeralds",39,"Male",1
"122","3","41",21,80,"A sheriff","Emeralds",39,"Male",1
"122","3","41",22,79,"A sheriff","Emeralds",39,"Male",1
"122","3","41",23,35,"A sheriff","Emeralds",39,"Male",1
"122","3","41",24,75,"A sheriff","Emeralds",39,"Male",1
"122","3","41",25,73,"A sheriff","Emeralds",39,"Male",1
"122","3","41",26,25,"A sheriff","Emeralds",39,"Male",1
"122","3","41",27,59,"A sheriff","Emeralds",39,"Male",1
"122","3","41",28,72,"A sheriff","Emeralds",39,"Male",1
"122","3","41",29,65,"A sheriff","Emeralds",39,"Male",1
"122","3","41",30,100,"A sheriff","Emeralds",39,"Male",1
"122","3","41",31,26,"A sheriff","Emeralds",39,"Male",1
"122","3","41",32,73,"A sheriff","Emeralds",39,"Male",1
"122","3","41",33,83,"A sheriff","Emeralds",39,"Male",1
"122","3","41",34,84,"A sheriff","Emeralds",39,"Male",1
"122","3","41",35,77,"A sheriff","Emeralds",39,"Male",1
"122","3","41",36,87,"A sheriff","Emeralds",39,"Male",1
"122","3","41",37,74,"A sheriff","Emeralds",39,"Male",1
"122","3","41",38,68,"A sheriff","Emeralds",39,"Male",1
"122","3","41",39,67,"A sheriff","Emeralds",39,"Male",1
"122","3","41",40,79,"A sheriff","Emeralds",39,"Male",1
"122","3","41",41,19,"A sheriff","Emeralds",39,"Male",1
"122","3","41",42,75,"A sheriff","Emeralds",39,"Male",1
"122","3","41",43,66,"A sheriff","Emeralds",39,"Male",1
"122","3","41",44,23,"A sheriff","Emeralds",39,"Male",1
"122","3","41",45,81,"A sheriff","Emeralds",39,"Male",1
"122","3","41",46,74,"A sheriff","Emeralds",39,"Male",1
"122","3","41",47,70,"A sheriff","Emeralds",39,"Male",1
"122","3","41",48,77,"A sheriff","Emeralds",39,"Male",1
"122","3","41",49,18,"A sheriff","Emeralds",39,"Male",1
"122","3","41",50,73,"A sheriff","Emeralds",39,"Male",1
"123","2","22",1,93,"A tycoon","Emeralds",61,"Male",1
"123","2","22",2,100,"A tycoon","Emeralds",61,"Male",1
"123","2","22",3,4,"A tycoon","Emeralds",61,"Male",1
"123","2","22",4,100,"A tycoon","Emeralds",61,"Male",1
"123","2","22",5,97,"A tycoon","Emeralds",61,"Male",1
"123","2","22",6,100,"A tycoon","Emeralds",61,"Male",1
"123","2","22",7,4,"A tycoon","Emeralds",61,"Male",1
"123","2","22",8,5,"A tycoon","Emeralds",61,"Male",1
"123","2","22",9,100,"A tycoon","Emeralds",61,"Male",1
"123","2","22",10,96,"A tycoon","Emeralds",61,"Male",1
"123","2","22",11,6,"A tycoon","Emeralds",61,"Male",1
"123","2","22",12,93,"A tycoon","Emeralds",61,"Male",1
"123","2","22",13,0,"A tycoon","Emeralds",61,"Male",1
"123","2","22",14,99,"A tycoon","Emeralds",61,"Male",1
"123","2","22",15,100,"A tycoon","Emeralds",61,"Male",1
"123","2","22",16,96,"A tycoon","Emeralds",61,"Male",1
"123","2","22",17,100,"A tycoon","Emeralds",61,"Male",1
"123","2","22",18,0,"A tycoon","Emeralds",61,"Male",1
"123","2","22",19,2,"A tycoon","Emeralds",61,"Male",1
"123","2","22",20,94,"A tycoon","Emeralds",61,"Male",1
"123","2","22",21,1,"A tycoon","Emeralds",61,"Male",1
"123","2","22",22,6,"A tycoon","Emeralds",61,"Male",1
"123","2","22",23,97,"A tycoon","Emeralds",61,"Male",1
"123","2","22",24,93,"A tycoon","Emeralds",61,"Male",1
"123","2","22",25,0,"A tycoon","Emeralds",61,"Male",1
"123","2","22",26,100,"A tycoon","Emeralds",61,"Male",1
"123","2","22",27,100,"A tycoon","Emeralds",61,"Male",1
"123","2","22",28,93,"A tycoon","Emeralds",61,"Male",1
"123","2","22",29,91,"A tycoon","Emeralds",61,"Male",1
"123","2","22",30,93,"A tycoon","Emeralds",61,"Male",1
"123","2","22",31,97,"A tycoon","Emeralds",61,"Male",1
"123","2","22",32,98,"A tycoon","Emeralds",61,"Male",1
"123","2","22",33,91,"A tycoon","Emeralds",61,"Male",1
"123","2","22",34,10,"A tycoon","Emeralds",61,"Male",1
"123","2","22",35,100,"A tycoon","Emeralds",61,"Male",1
"123","2","22",36,99,"A tycoon","Emeralds",61,"Male",1
"123","2","22",37,0,"A tycoon","Emeralds",61,"Male",1
"123","2","22",38,0,"A tycoon","Emeralds",61,"Male",1
"123","2","22",39,4,"A tycoon","Emeralds",61,"Male",1
"123","2","22",40,0,"A tycoon","Emeralds",61,"Male",1
"123","2","22",41,100,"A tycoon","Emeralds",61,"Male",1
"123","2","22",42,98,"A tycoon","Emeralds",61,"Male",1
"123","2","22",43,0,"A tycoon","Emeralds",61,"Male",1
"123","2","22",44,100,"A tycoon","Emeralds",61,"Male",1
"123","2","22",45,100,"A tycoon","Emeralds",61,"Male",1
"123","2","22",46,100,"A tycoon","Emeralds",61,"Male",1
"123","2","22",47,96,"A tycoon","Emeralds",61,"Male",1
"123","2","22",48,0,"A tycoon","Emeralds",61,"Male",1
"123","2","22",49,0,"A tycoon","Emeralds",61,"Male",1
"123","2","22",50,0,"A tycoon","Emeralds",61,"Male",1
"124","1","52",1,0,"A bandit","Emeralds",41,"Male",1
"124","1","52",2,100,"A bandit","Emeralds",41,"Male",1
"124","1","52",3,100,"A bandit","Emeralds",41,"Male",1
"124","1","52",4,100,"A bandit","Emeralds",41,"Male",1
"124","1","52",5,100,"A bandit","Emeralds",41,"Male",1
"124","1","52",6,0,"A bandit","Emeralds",41,"Male",1
"124","1","52",7,0,"A bandit","Emeralds",41,"Male",1
"124","1","52",8,0,"A bandit","Emeralds",41,"Male",1
"124","1","52",9,0,"A bandit","Emeralds",41,"Male",1
"124","1","52",10,100,"A bandit","Emeralds",41,"Male",1
"124","1","52",11,0,"A bandit","Emeralds",41,"Male",1
"124","1","52",12,0,"A bandit","Emeralds",41,"Male",1
"124","1","52",13,100,"A bandit","Emeralds",41,"Male",1
"124","1","52",14,100,"A bandit","Emeralds",41,"Male",1
"124","1","52",15,0,"A bandit","Emeralds",41,"Male",1
"124","1","52",16,100,"A bandit","Emeralds",41,"Male",1
"124","1","52",17,100,"A bandit","Emeralds",41,"Male",1
"124","1","52",18,0,"A bandit","Emeralds",41,"Male",1
"124","1","52",19,0,"A bandit","Emeralds",41,"Male",1
"124","1","52",20,100,"A bandit","Emeralds",41,"Male",1
"124","1","52",21,0,"A bandit","Emeralds",41,"Male",1
"124","1","52",22,100,"A bandit","Emeralds",41,"Male",1
"124","1","52",23,0,"A bandit","Emeralds",41,"Male",1
"124","1","52",24,0,"A bandit","Emeralds",41,"Male",1
"124","1","52",25,0,"A bandit","Emeralds",41,"Male",1
"124","1","52",26,100,"A bandit","Emeralds",41,"Male",1
"124","1","52",27,100,"A bandit","Emeralds",41,"Male",1
"124","1","52",28,100,"A bandit","Emeralds",41,"Male",1
"124","1","52",29,0,"A bandit","Emeralds",41,"Male",1
"124","1","52",30,0,"A bandit","Emeralds",41,"Male",1
"124","1","52",31,0,"A bandit","Emeralds",41,"Male",1
"124","1","52",32,0,"A bandit","Emeralds",41,"Male",1
"124","1","52",33,0,"A bandit","Emeralds",41,"Male",1
"124","1","52",34,0,"A bandit","Emeralds",41,"Male",1
"124","1","52",35,100,"A bandit","Emeralds",41,"Male",1
"124","1","52",36,100,"A bandit","Emeralds",41,"Male",1
"124","1","52",37,100,"A bandit","Emeralds",41,"Male",1
"124","1","52",38,0,"A bandit","Emeralds",41,"Male",1
"124","1","52",39,100,"A bandit","Emeralds",41,"Male",1
"124","1","52",40,100,"A bandit","Emeralds",41,"Male",1
"124","1","52",41,100,"A bandit","Emeralds",41,"Male",1
"124","1","52",42,0,"A bandit","Emeralds",41,"Male",1
"124","1","52",43,0,"A bandit","Emeralds",41,"Male",1
"124","1","52",44,100,"A bandit","Emeralds",41,"Male",1
"124","1","52",45,100,"A bandit","Emeralds",41,"Male",1
"124","1","52",46,100,"A bandit","Emeralds",41,"Male",1
"124","1","52",47,100,"A bandit","Emeralds",41,"Male",1
"124","1","52",48,0,"A bandit","Emeralds",41,"Male",1
"124","1","52",49,0,"A bandit","Emeralds",41,"Male",1
"124","1","52",50,0,"A bandit","Emeralds",41,"Male",1
"125","1","3",1,100,"A bandit","Emeralds",34,"Male",1
"125","1","3",2,0,"A bandit","Emeralds",34,"Male",1
"125","1","3",3,100,"A bandit","Emeralds",34,"Male",1
"125","1","3",4,0,"A bandit","Emeralds",34,"Male",1
"125","1","3",5,50,"A bandit","Emeralds",34,"Male",1
"125","1","3",6,0,"A bandit","Emeralds",34,"Male",1
"125","1","3",7,0,"A bandit","Emeralds",34,"Male",1
"125","1","3",8,100,"A bandit","Emeralds",34,"Male",1
"125","1","3",9,100,"A bandit","Emeralds",34,"Male",1
"125","1","3",10,0,"A bandit","Emeralds",34,"Male",1
"125","1","3",11,0,"A bandit","Emeralds",34,"Male",1
"125","1","3",12,0,"A bandit","Emeralds",34,"Male",1
"125","1","3",13,100,"A bandit","Emeralds",34,"Male",1
"125","1","3",14,100,"A bandit","Emeralds",34,"Male",1
"125","1","3",15,0,"A bandit","Emeralds",34,"Male",1
"125","1","3",16,0,"A bandit","Emeralds",34,"Male",1
"125","1","3",17,100,"A bandit","Emeralds",34,"Male",1
"125","1","3",18,100,"A bandit","Emeralds",34,"Male",1
"125","1","3",19,100,"A bandit","Emeralds",34,"Male",1
"125","1","3",20,100,"A bandit","Emeralds",34,"Male",1
"125","1","3",21,62,"A bandit","Emeralds",34,"Male",1
"125","1","3",22,0,"A bandit","Emeralds",34,"Male",1
"125","1","3",23,0,"A bandit","Emeralds",34,"Male",1
"125","1","3",24,100,"A bandit","Emeralds",34,"Male",1
"125","1","3",25,100,"A bandit","Emeralds",34,"Male",1
"125","1","3",26,0,"A bandit","Emeralds",34,"Male",1
"125","1","3",27,68,"A bandit","Emeralds",34,"Male",1
"125","1","3",28,81,"A bandit","Emeralds",34,"Male",1
"125","1","3",29,86,"A bandit","Emeralds",34,"Male",1
"125","1","3",30,83,"A bandit","Emeralds",34,"Male",1
"125","1","3",31,99,"A bandit","Emeralds",34,"Male",1
"125","1","3",32,92,"A bandit","Emeralds",34,"Male",1
"125","1","3",33,88,"A bandit","Emeralds",34,"Male",1
"125","1","3",34,79,"A bandit","Emeralds",34,"Male",1
"125","1","3",35,89,"A bandit","Emeralds",34,"Male",1
"125","1","3",36,92,"A bandit","Emeralds",34,"Male",1
"125","1","3",37,100,"A bandit","Emeralds",34,"Male",1
"125","1","3",38,92,"A bandit","Emeralds",34,"Male",1
"125","1","3",39,66,"A bandit","Emeralds",34,"Male",1
"125","1","3",40,100,"A bandit","Emeralds",34,"Male",1
"125","1","3",41,99,"A bandit","Emeralds",34,"Male",1
"125","1","3",42,100,"A bandit","Emeralds",34,"Male",1
"125","1","3",43,78,"A bandit","Emeralds",34,"Male",1
"125","1","3",44,100,"A bandit","Emeralds",34,"Male",1
"125","1","3",45,100,"A bandit","Emeralds",34,"Male",1
"125","1","3",46,100,"A bandit","Emeralds",34,"Male",1
"125","1","3",47,100,"A bandit","Emeralds",34,"Male",1
"125","1","3",48,100,"A bandit","Emeralds",34,"Male",1
"125","1","3",49,100,"A bandit","Emeralds",34,"Male",1
"125","1","3",50,100,"A bandit","Emeralds",34,"Male",1
"126","1","13",1,0,"A bandit","Emeralds",54,"Female",1
"126","1","13",2,0,"A bandit","Emeralds",54,"Female",1
"126","1","13",3,40,"A bandit","Emeralds",54,"Female",1
"126","1","13",4,57,"A bandit","Emeralds",54,"Female",1
"126","1","13",5,60,"A bandit","Emeralds",54,"Female",1
"126","1","13",6,25,"A bandit","Emeralds",54,"Female",1
"126","1","13",7,44,"A bandit","Emeralds",54,"Female",1
"126","1","13",8,0,"A bandit","Emeralds",54,"Female",1
"126","1","13",9,0,"A bandit","Emeralds",54,"Female",1
"126","1","13",10,0,"A bandit","Emeralds",54,"Female",1
"126","1","13",11,93,"A bandit","Emeralds",54,"Female",1
"126","1","13",12,0,"A bandit","Emeralds",54,"Female",1
"126","1","13",13,0,"A bandit","Emeralds",54,"Female",1
"126","1","13",14,92,"A bandit","Emeralds",54,"Female",1
"126","1","13",15,62,"A bandit","Emeralds",54,"Female",1
"126","1","13",16,56,"A bandit","Emeralds",54,"Female",1
"126","1","13",17,0,"A bandit","Emeralds",54,"Female",1
"126","1","13",18,0,"A bandit","Emeralds",54,"Female",1
"126","1","13",19,0,"A bandit","Emeralds",54,"Female",1
"126","1","13",20,87,"A bandit","Emeralds",54,"Female",1
"126","1","13",21,94,"A bandit","Emeralds",54,"Female",1
"126","1","13",22,71,"A bandit","Emeralds",54,"Female",1
"126","1","13",23,59,"A bandit","Emeralds",54,"Female",1
"126","1","13",24,74,"A bandit","Emeralds",54,"Female",1
"126","1","13",25,0,"A bandit","Emeralds",54,"Female",1
"126","1","13",26,97,"A bandit","Emeralds",54,"Female",1
"126","1","13",27,0,"A bandit","Emeralds",54,"Female",1
"126","1","13",28,0,"A bandit","Emeralds",54,"Female",1
"126","1","13",29,0,"A bandit","Emeralds",54,"Female",1
"126","1","13",30,0,"A bandit","Emeralds",54,"Female",1
"126","1","13",31,97,"A bandit","Emeralds",54,"Female",1
"126","1","13",32,87,"A bandit","Emeralds",54,"Female",1
"126","1","13",33,0,"A bandit","Emeralds",54,"Female",1
"126","1","13",34,0,"A bandit","Emeralds",54,"Female",1
"126","1","13",35,97,"A bandit","Emeralds",54,"Female",1
"126","1","13",36,94,"A bandit","Emeralds",54,"Female",1
"126","1","13",37,66,"A bandit","Emeralds",54,"Female",1
"126","1","13",38,59,"A bandit","Emeralds",54,"Female",1
"126","1","13",39,0,"A bandit","Emeralds",54,"Female",1
"126","1","13",40,0,"A bandit","Emeralds",54,"Female",1
"126","1","13",41,0,"A bandit","Emeralds",54,"Female",1
"126","1","13",42,0,"A bandit","Emeralds",54,"Female",1
"126","1","13",43,0,"A bandit","Emeralds",54,"Female",1
"126","1","13",44,96,"A bandit","Emeralds",54,"Female",1
"126","1","13",45,0,"A bandit","Emeralds",54,"Female",1
"126","1","13",46,92,"A bandit","Emeralds",54,"Female",1
"126","1","13",47,0,"A bandit","Emeralds",54,"Female",1
"126","1","13",48,0,"A bandit","Emeralds",54,"Female",1
"126","1","13",49,97,"A bandit","Emeralds",54,"Female",1
"126","1","13",50,94,"A bandit","Emeralds",54,"Female",1
"127","3","69",1,12,"A sheriff","Emeralds",21,"Female",1
"127","3","69",2,14,"A sheriff","Emeralds",21,"Female",1
"127","3","69",3,8,"A sheriff","Emeralds",21,"Female",1
"127","3","69",4,5,"A sheriff","Emeralds",21,"Female",1
"127","3","69",5,13,"A sheriff","Emeralds",21,"Female",1
"127","3","69",6,11,"A sheriff","Emeralds",21,"Female",1
"127","3","69",7,8,"A sheriff","Emeralds",21,"Female",1
"127","3","69",8,12,"A sheriff","Emeralds",21,"Female",1
"127","3","69",9,10,"A sheriff","Emeralds",21,"Female",1
"127","3","69",10,13,"A sheriff","Emeralds",21,"Female",1
"127","3","69",11,14,"A sheriff","Emeralds",21,"Female",1
"127","3","69",12,8,"A sheriff","Emeralds",21,"Female",1
"127","3","69",13,24,"A sheriff","Emeralds",21,"Female",1
"127","3","69",14,30,"A sheriff","Emeralds",21,"Female",1
"127","3","69",15,30,"A sheriff","Emeralds",21,"Female",1
"127","3","69",16,34,"A sheriff","Emeralds",21,"Female",1
"127","3","69",17,37,"A sheriff","Emeralds",21,"Female",1
"127","3","69",18,26,"A sheriff","Emeralds",21,"Female",1
"127","3","69",19,24,"A sheriff","Emeralds",21,"Female",1
"127","3","69",20,24,"A sheriff","Emeralds",21,"Female",1
"127","3","69",21,26,"A sheriff","Emeralds",21,"Female",1
"127","3","69",22,34,"A sheriff","Emeralds",21,"Female",1
"127","3","69",23,33,"A sheriff","Emeralds",21,"Female",1
"127","3","69",24,36,"A sheriff","Emeralds",21,"Female",1
"127","3","69",25,18,"A sheriff","Emeralds",21,"Female",1
"127","3","69",26,38,"A sheriff","Emeralds",21,"Female",1
"127","3","69",27,26,"A sheriff","Emeralds",21,"Female",1
"127","3","69",28,28,"A sheriff","Emeralds",21,"Female",1
"127","3","69",29,25,"A sheriff","Emeralds",21,"Female",1
"127","3","69",30,23,"A sheriff","Emeralds",21,"Female",1
"127","3","69",31,32,"A sheriff","Emeralds",21,"Female",1
"127","3","69",32,28,"A sheriff","Emeralds",21,"Female",1
"127","3","69",33,31,"A sheriff","Emeralds",21,"Female",1
"127","3","69",34,34,"A sheriff","Emeralds",21,"Female",1
"127","3","69",35,30,"A sheriff","Emeralds",21,"Female",1
"127","3","69",36,34,"A sheriff","Emeralds",21,"Female",1
"127","3","69",37,37,"A sheriff","Emeralds",21,"Female",1
"127","3","69",38,23,"A sheriff","Emeralds",21,"Female",1
"127","3","69",39,36,"A sheriff","Emeralds",21,"Female",1
"127","3","69",40,33,"A sheriff","Emeralds",21,"Female",1
"127","3","69",41,38,"A sheriff","Emeralds",21,"Female",1
"127","3","69",42,24,"A sheriff","Emeralds",21,"Female",1
"127","3","69",43,14,"A sheriff","Emeralds",21,"Female",1
"127","3","69",44,27,"A sheriff","Emeralds",21,"Female",1
"127","3","69",45,19,"A sheriff","Emeralds",21,"Female",1
"127","3","69",46,28,"A sheriff","Emeralds",21,"Female",1
"127","3","69",47,20,"A sheriff","Emeralds",21,"Female",1
"127","3","69",48,20,"A sheriff","Emeralds",21,"Female",1
"127","3","69",49,20,"A sheriff","Emeralds",21,"Female",1
"127","3","69",50,23,"A sheriff","Emeralds",21,"Female",1
"128","1","13",1,78,"A bandit","Emeralds",41,"Male",1
"128","1","13",2,87,"A bandit","Emeralds",41,"Male",1
"128","1","13",3,78,"A bandit","Emeralds",41,"Male",1
"128","1","13",4,83,"A bandit","Emeralds",41,"Male",1
"128","1","13",5,32,"A bandit","Emeralds",41,"Male",1
"128","1","13",6,80,"A bandit","Emeralds",41,"Male",1
"128","1","13",7,74,"A bandit","Emeralds",41,"Male",1
"128","1","13",8,71,"A bandit","Emeralds",41,"Male",1
"128","1","13",9,77,"A bandit","Emeralds",41,"Male",1
"128","1","13",10,85,"A bandit","Emeralds",41,"Male",1
"128","1","13",11,76,"A bandit","Emeralds",41,"Male",1
"128","1","13",12,78,"A bandit","Emeralds",41,"Male",1
"128","1","13",13,77,"A bandit","Emeralds",41,"Male",1
"128","1","13",14,84,"A bandit","Emeralds",41,"Male",1
"128","1","13",15,22,"A bandit","Emeralds",41,"Male",1
"128","1","13",16,88,"A bandit","Emeralds",41,"Male",1
"128","1","13",17,91,"A bandit","Emeralds",41,"Male",1
"128","1","13",18,88,"A bandit","Emeralds",41,"Male",1
"128","1","13",19,69,"A bandit","Emeralds",41,"Male",1
"128","1","13",20,80,"A bandit","Emeralds",41,"Male",1
"128","1","13",21,67,"A bandit","Emeralds",41,"Male",1
"128","1","13",22,88,"A bandit","Emeralds",41,"Male",1
"128","1","13",23,22,"A bandit","Emeralds",41,"Male",1
"128","1","13",24,82,"A bandit","Emeralds",41,"Male",1
"128","1","13",25,78,"A bandit","Emeralds",41,"Male",1
"128","1","13",26,73,"A bandit","Emeralds",41,"Male",1
"128","1","13",27,89,"A bandit","Emeralds",41,"Male",1
"128","1","13",28,82,"A bandit","Emeralds",41,"Male",1
"128","1","13",29,78,"A bandit","Emeralds",41,"Male",1
"128","1","13",30,82,"A bandit","Emeralds",41,"Male",1
"128","1","13",31,18,"A bandit","Emeralds",41,"Male",1
"128","1","13",32,22,"A bandit","Emeralds",41,"Male",1
"128","1","13",33,34,"A bandit","Emeralds",41,"Male",1
"128","1","13",34,91,"A bandit","Emeralds",41,"Male",1
"128","1","13",35,0,"A bandit","Emeralds",41,"Male",1
"128","1","13",36,18,"A bandit","Emeralds",41,"Male",1
"128","1","13",37,8,"A bandit","Emeralds",41,"Male",1
"128","1","13",38,14,"A bandit","Emeralds",41,"Male",1
"128","1","13",39,92,"A bandit","Emeralds",41,"Male",1
"128","1","13",40,100,"A bandit","Emeralds",41,"Male",1
"128","1","13",41,98,"A bandit","Emeralds",41,"Male",1
"128","1","13",42,100,"A bandit","Emeralds",41,"Male",1
"128","1","13",43,99,"A bandit","Emeralds",41,"Male",1
"128","1","13",44,12,"A bandit","Emeralds",41,"Male",1
"128","1","13",45,96,"A bandit","Emeralds",41,"Male",1
"128","1","13",46,6,"A bandit","Emeralds",41,"Male",1
"128","1","13",47,91,"A bandit","Emeralds",41,"Male",1
"128","1","13",48,97,"A bandit","Emeralds",41,"Male",1
"128","1","13",49,6,"A bandit","Emeralds",41,"Male",1
"128","1","13",50,7,"A bandit","Emeralds",41,"Male",1
"129","1","39",1,81,"A bandit","Emeralds",33,"Male",1
"129","1","39",2,84,"A bandit","Emeralds",33,"Male",1
"129","1","39",3,72,"A bandit","Emeralds",33,"Male",1
"129","1","39",4,70,"A bandit","Emeralds",33,"Male",1
"129","1","39",5,67,"A bandit","Emeralds",33,"Male",1
"129","1","39",6,86,"A bandit","Emeralds",33,"Male",1
"129","1","39",7,65,"A bandit","Emeralds",33,"Male",1
"129","1","39",8,66,"A bandit","Emeralds",33,"Male",1
"129","1","39",9,68,"A bandit","Emeralds",33,"Male",1
"129","1","39",10,66,"A bandit","Emeralds",33,"Male",1
"129","1","39",11,76,"A bandit","Emeralds",33,"Male",1
"129","1","39",12,69,"A bandit","Emeralds",33,"Male",1
"129","1","39",13,67,"A bandit","Emeralds",33,"Male",1
"129","1","39",14,66,"A bandit","Emeralds",33,"Male",1
"129","1","39",15,85,"A bandit","Emeralds",33,"Male",1
"129","1","39",16,76,"A bandit","Emeralds",33,"Male",1
"129","1","39",17,84,"A bandit","Emeralds",33,"Male",1
"129","1","39",18,97,"A bandit","Emeralds",33,"Male",1
"129","1","39",19,98,"A bandit","Emeralds",33,"Male",1
"129","1","39",20,94,"A bandit","Emeralds",33,"Male",1
"129","1","39",21,96,"A bandit","Emeralds",33,"Male",1
"129","1","39",22,43,"A bandit","Emeralds",33,"Male",1
"129","1","39",23,97,"A bandit","Emeralds",33,"Male",1
"129","1","39",24,100,"A bandit","Emeralds",33,"Male",1
"129","1","39",25,93,"A bandit","Emeralds",33,"Male",1
"129","1","39",26,89,"A bandit","Emeralds",33,"Male",1
"129","1","39",27,30,"A bandit","Emeralds",33,"Male",1
"129","1","39",28,79,"A bandit","Emeralds",33,"Male",1
"129","1","39",29,86,"A bandit","Emeralds",33,"Male",1
"129","1","39",30,79,"A bandit","Emeralds",33,"Male",1
"129","1","39",31,24,"A bandit","Emeralds",33,"Male",1
"129","1","39",32,93,"A bandit","Emeralds",33,"Male",1
"129","1","39",33,84,"A bandit","Emeralds",33,"Male",1
"129","1","39",34,5,"A bandit","Emeralds",33,"Male",1
"129","1","39",35,16,"A bandit","Emeralds",33,"Male",1
"129","1","39",36,94,"A bandit","Emeralds",33,"Male",1
"129","1","39",37,13,"A bandit","Emeralds",33,"Male",1
"129","1","39",38,9,"A bandit","Emeralds",33,"Male",1
"129","1","39",39,88,"A bandit","Emeralds",33,"Male",1
"129","1","39",40,26,"A bandit","Emeralds",33,"Male",1
"129","1","39",41,13,"A bandit","Emeralds",33,"Male",1
"129","1","39",42,8,"A bandit","Emeralds",33,"Male",1
"129","1","39",43,89,"A bandit","Emeralds",33,"Male",1
"129","1","39",44,83,"A bandit","Emeralds",33,"Male",1
"129","1","39",45,9,"A bandit","Emeralds",33,"Male",1
"129","1","39",46,91,"A bandit","Emeralds",33,"Male",1
"129","1","39",47,81,"A bandit","Emeralds",33,"Male",1
"129","1","39",48,76,"A bandit","Emeralds",33,"Male",1
"129","1","39",49,78,"A bandit","Emeralds",33,"Male",1
"129","1","39",50,91,"A bandit","Emeralds",33,"Male",1
"130","3","34",1,0,"A sheriff","Emeralds",51,"Female",1
"130","3","34",2,72,"A sheriff","Emeralds",51,"Female",1
"130","3","34",3,18,"A sheriff","Emeralds",51,"Female",1
"130","3","34",4,4,"A sheriff","Emeralds",51,"Female",1
"130","3","34",5,30,"A sheriff","Emeralds",51,"Female",1
"130","3","34",6,7,"A sheriff","Emeralds",51,"Female",1
"130","3","34",7,0,"A sheriff","Emeralds",51,"Female",1
"130","3","34",8,84,"A sheriff","Emeralds",51,"Female",1
"130","3","34",9,68,"A sheriff","Emeralds",51,"Female",1
"130","3","34",10,71,"A sheriff","Emeralds",51,"Female",1
"130","3","34",11,25,"A sheriff","Emeralds",51,"Female",1
"130","3","34",12,44,"A sheriff","Emeralds",51,"Female",1
"130","3","34",13,27,"A sheriff","Emeralds",51,"Female",1
"130","3","34",14,10,"A sheriff","Emeralds",51,"Female",1
"130","3","34",15,66,"A sheriff","Emeralds",51,"Female",1
"130","3","34",16,60,"A sheriff","Emeralds",51,"Female",1
"130","3","34",17,8,"A sheriff","Emeralds",51,"Female",1
"130","3","34",18,26,"A sheriff","Emeralds",51,"Female",1
"130","3","34",19,10,"A sheriff","Emeralds",51,"Female",1
"130","3","34",20,33,"A sheriff","Emeralds",51,"Female",1
"130","3","34",21,92,"A sheriff","Emeralds",51,"Female",1
"130","3","34",22,44,"A sheriff","Emeralds",51,"Female",1
"130","3","34",23,22,"A sheriff","Emeralds",51,"Female",1
"130","3","34",24,62,"A sheriff","Emeralds",51,"Female",1
"130","3","34",25,95,"A sheriff","Emeralds",51,"Female",1
"130","3","34",26,95,"A sheriff","Emeralds",51,"Female",1
"130","3","34",27,10,"A sheriff","Emeralds",51,"Female",1
"130","3","34",28,35,"A sheriff","Emeralds",51,"Female",1
"130","3","34",29,89,"A sheriff","Emeralds",51,"Female",1
"130","3","34",30,60,"A sheriff","Emeralds",51,"Female",1
"130","3","34",31,3,"A sheriff","Emeralds",51,"Female",1
"130","3","34",32,97,"A sheriff","Emeralds",51,"Female",1
"130","3","34",33,4,"A sheriff","Emeralds",51,"Female",1
"130","3","34",34,100,"A sheriff","Emeralds",51,"Female",1
"130","3","34",35,36,"A sheriff","Emeralds",51,"Female",1
"130","3","34",36,100,"A sheriff","Emeralds",51,"Female",1
"130","3","34",37,35,"A sheriff","Emeralds",51,"Female",1
"130","3","34",38,100,"A sheriff","Emeralds",51,"Female",1
"130","3","34",39,63,"A sheriff","Emeralds",51,"Female",1
"130","3","34",40,97,"A sheriff","Emeralds",51,"Female",1
"130","3","34",41,65,"A sheriff","Emeralds",51,"Female",1
"130","3","34",42,91,"A sheriff","Emeralds",51,"Female",1
"130","3","34",43,60,"A sheriff","Emeralds",51,"Female",1
"130","3","34",44,83,"A sheriff","Emeralds",51,"Female",1
"130","3","34",45,66,"A sheriff","Emeralds",51,"Female",1
"130","3","34",46,93,"A sheriff","Emeralds",51,"Female",1
"130","3","34",47,7,"A sheriff","Emeralds",51,"Female",1
"130","3","34",48,11,"A sheriff","Emeralds",51,"Female",1
"130","3","34",49,9,"A sheriff","Emeralds",51,"Female",1
"130","3","34",50,93,"A sheriff","Emeralds",51,"Female",1
"131","2","11",1,69,"A tycoon","Emeralds",33,"Male",1
"131","2","11",2,73,"A tycoon","Emeralds",33,"Male",1
"131","2","11",3,56,"A tycoon","Emeralds",33,"Male",1
"131","2","11",4,66,"A tycoon","Emeralds",33,"Male",1
"131","2","11",5,62,"A tycoon","Emeralds",33,"Male",1
"131","2","11",6,53,"A tycoon","Emeralds",33,"Male",1
"131","2","11",7,62,"A tycoon","Emeralds",33,"Male",1
"131","2","11",8,72,"A tycoon","Emeralds",33,"Male",1
"131","2","11",9,80,"A tycoon","Emeralds",33,"Male",1
"131","2","11",10,93,"A tycoon","Emeralds",33,"Male",1
"131","2","11",11,100,"A tycoon","Emeralds",33,"Male",1
"131","2","11",12,100,"A tycoon","Emeralds",33,"Male",1
"131","2","11",13,100,"A tycoon","Emeralds",33,"Male",1
"131","2","11",14,92,"A tycoon","Emeralds",33,"Male",1
"131","2","11",15,94,"A tycoon","Emeralds",33,"Male",1
"131","2","11",16,100,"A tycoon","Emeralds",33,"Male",1
"131","2","11",17,83,"A tycoon","Emeralds",33,"Male",1
"131","2","11",18,91,"A tycoon","Emeralds",33,"Male",1
"131","2","11",19,96,"A tycoon","Emeralds",33,"Male",1
"131","2","11",20,93,"A tycoon","Emeralds",33,"Male",1
"131","2","11",21,86,"A tycoon","Emeralds",33,"Male",1
"131","2","11",22,95,"A tycoon","Emeralds",33,"Male",1
"131","2","11",23,91,"A tycoon","Emeralds",33,"Male",1
"131","2","11",24,66,"A tycoon","Emeralds",33,"Male",1
"131","2","11",25,77,"A tycoon","Emeralds",33,"Male",1
"131","2","11",26,69,"A tycoon","Emeralds",33,"Male",1
"131","2","11",27,58,"A tycoon","Emeralds",33,"Male",1
"131","2","11",28,64,"A tycoon","Emeralds",33,"Male",1
"131","2","11",29,42,"A tycoon","Emeralds",33,"Male",1
"131","2","11",30,58,"A tycoon","Emeralds",33,"Male",1
"131","2","11",31,38,"A tycoon","Emeralds",33,"Male",1
"131","2","11",32,57,"A tycoon","Emeralds",33,"Male",1
"131","2","11",33,64,"A tycoon","Emeralds",33,"Male",1
"131","2","11",34,41,"A tycoon","Emeralds",33,"Male",1
"131","2","11",35,58,"A tycoon","Emeralds",33,"Male",1
"131","2","11",36,63,"A tycoon","Emeralds",33,"Male",1
"131","2","11",37,40,"A tycoon","Emeralds",33,"Male",1
"131","2","11",38,53,"A tycoon","Emeralds",33,"Male",1
"131","2","11",39,54,"A tycoon","Emeralds",33,"Male",1
"131","2","11",40,40,"A tycoon","Emeralds",33,"Male",1
"131","2","11",41,54,"A tycoon","Emeralds",33,"Male",1
"131","2","11",42,58,"A tycoon","Emeralds",33,"Male",1
"131","2","11",43,65,"A tycoon","Emeralds",33,"Male",1
"131","2","11",44,76,"A tycoon","Emeralds",33,"Male",1
"131","2","11",45,81,"A tycoon","Emeralds",33,"Male",1
"131","2","11",46,43,"A tycoon","Emeralds",33,"Male",1
"131","2","11",47,54,"A tycoon","Emeralds",33,"Male",1
"131","2","11",48,32,"A tycoon","Emeralds",33,"Male",1
"131","2","11",49,39,"A tycoon","Emeralds",33,"Male",1
"131","2","11",50,58,"A tycoon","Emeralds",33,"Male",1
"132","2","47",1,85,"A tycoon","Emeralds",36,"Male",1
"132","2","47",2,100,"A tycoon","Emeralds",36,"Male",1
"132","2","47",3,100,"A tycoon","Emeralds",36,"Male",1
"132","2","47",4,100,"A tycoon","Emeralds",36,"Male",1
"132","2","47",5,0,"A tycoon","Emeralds",36,"Male",1
"132","2","47",6,100,"A tycoon","Emeralds",36,"Male",1
"132","2","47",7,100,"A tycoon","Emeralds",36,"Male",1
"132","2","47",8,100,"A tycoon","Emeralds",36,"Male",1
"132","2","47",9,100,"A tycoon","Emeralds",36,"Male",1
"132","2","47",10,0,"A tycoon","Emeralds",36,"Male",1
"132","2","47",11,100,"A tycoon","Emeralds",36,"Male",1
"132","2","47",12,100,"A tycoon","Emeralds",36,"Male",1
"132","2","47",13,100,"A tycoon","Emeralds",36,"Male",1
"132","2","47",14,71,"A tycoon","Emeralds",36,"Male",1
"132","2","47",15,54,"A tycoon","Emeralds",36,"Male",1
"132","2","47",16,50,"A tycoon","Emeralds",36,"Male",1
"132","2","47",17,56,"A tycoon","Emeralds",36,"Male",1
"132","2","47",18,53,"A tycoon","Emeralds",36,"Male",1
"132","2","47",19,15,"A tycoon","Emeralds",36,"Male",1
"132","2","47",20,54,"A tycoon","Emeralds",36,"Male",1
"132","2","47",21,56,"A tycoon","Emeralds",36,"Male",1
"132","2","47",22,57,"A tycoon","Emeralds",36,"Male",1
"132","2","47",23,56,"A tycoon","Emeralds",36,"Male",1
"132","2","47",24,54,"A tycoon","Emeralds",36,"Male",1
"132","2","47",25,57,"A tycoon","Emeralds",36,"Male",1
"132","2","47",26,57,"A tycoon","Emeralds",36,"Male",1
"132","2","47",27,58,"A tycoon","Emeralds",36,"Male",1
"132","2","47",28,58,"A tycoon","Emeralds",36,"Male",1
"132","2","47",29,54,"A tycoon","Emeralds",36,"Male",1
"132","2","47",30,61,"A tycoon","Emeralds",36,"Male",1
"132","2","47",31,37,"A tycoon","Emeralds",36,"Male",1
"132","2","47",32,52,"A tycoon","Emeralds",36,"Male",1
"132","2","47",33,76,"A tycoon","Emeralds",36,"Male",1
"132","2","47",34,52,"A tycoon","Emeralds",36,"Male",1
"132","2","47",35,55,"A tycoon","Emeralds",36,"Male",1
"132","2","47",36,37,"A tycoon","Emeralds",36,"Male",1
"132","2","47",37,63,"A tycoon","Emeralds",36,"Male",1
"132","2","47",38,25,"A tycoon","Emeralds",36,"Male",1
"132","2","47",39,58,"A tycoon","Emeralds",36,"Male",1
"132","2","47",40,58,"A tycoon","Emeralds",36,"Male",1
"132","2","47",41,61,"A tycoon","Emeralds",36,"Male",1
"132","2","47",42,53,"A tycoon","Emeralds",36,"Male",1
"132","2","47",43,58,"A tycoon","Emeralds",36,"Male",1
"132","2","47",44,57,"A tycoon","Emeralds",36,"Male",1
"132","2","47",45,26,"A tycoon","Emeralds",36,"Male",1
"132","2","47",46,72,"A tycoon","Emeralds",36,"Male",1
"132","2","47",47,22,"A tycoon","Emeralds",36,"Male",1
"132","2","47",48,57,"A tycoon","Emeralds",36,"Male",1
"132","2","47",49,58,"A tycoon","Emeralds",36,"Male",1
"132","2","47",50,63,"A tycoon","Emeralds",36,"Male",1
"133","3","6",1,49,"A sheriff","Emeralds",23,"Male",1
"133","3","6",2,51,"A sheriff","Emeralds",23,"Male",1
"133","3","6",3,51,"A sheriff","Emeralds",23,"Male",1
"133","3","6",4,49,"A sheriff","Emeralds",23,"Male",1
"133","3","6",5,50,"A sheriff","Emeralds",23,"Male",1
"133","3","6",6,65,"A sheriff","Emeralds",23,"Male",1
"133","3","6",7,68,"A sheriff","Emeralds",23,"Male",1
"133","3","6",8,49,"A sheriff","Emeralds",23,"Male",1
"133","3","6",9,86,"A sheriff","Emeralds",23,"Male",1
"133","3","6",10,51,"A sheriff","Emeralds",23,"Male",1
"133","3","6",11,51,"A sheriff","Emeralds",23,"Male",1
"133","3","6",12,15,"A sheriff","Emeralds",23,"Male",1
"133","3","6",13,89,"A sheriff","Emeralds",23,"Male",1
"133","3","6",14,18,"A sheriff","Emeralds",23,"Male",1
"133","3","6",15,9,"A sheriff","Emeralds",23,"Male",1
"133","3","6",16,87,"A sheriff","Emeralds",23,"Male",1
"133","3","6",17,84,"A sheriff","Emeralds",23,"Male",1
"133","3","6",18,50,"A sheriff","Emeralds",23,"Male",1
"133","3","6",19,51,"A sheriff","Emeralds",23,"Male",1
"133","3","6",20,49,"A sheriff","Emeralds",23,"Male",1
"133","3","6",21,86,"A sheriff","Emeralds",23,"Male",1
"133","3","6",22,50,"A sheriff","Emeralds",23,"Male",1
"133","3","6",23,79,"A sheriff","Emeralds",23,"Male",1
"133","3","6",24,85,"A sheriff","Emeralds",23,"Male",1
"133","3","6",25,78,"A sheriff","Emeralds",23,"Male",1
"133","3","6",26,92,"A sheriff","Emeralds",23,"Male",1
"133","3","6",27,8,"A sheriff","Emeralds",23,"Male",1
"133","3","6",28,81,"A sheriff","Emeralds",23,"Male",1
"133","3","6",29,50,"A sheriff","Emeralds",23,"Male",1
"133","3","6",30,51,"A sheriff","Emeralds",23,"Male",1
"133","3","6",31,77,"A sheriff","Emeralds",23,"Male",1
"133","3","6",32,51,"A sheriff","Emeralds",23,"Male",1
"133","3","6",33,50,"A sheriff","Emeralds",23,"Male",1
"133","3","6",34,50,"A sheriff","Emeralds",23,"Male",1
"133","3","6",35,51,"A sheriff","Emeralds",23,"Male",1
"133","3","6",36,49,"A sheriff","Emeralds",23,"Male",1
"133","3","6",37,49,"A sheriff","Emeralds",23,"Male",1
"133","3","6",38,50,"A sheriff","Emeralds",23,"Male",1
"133","3","6",39,24,"A sheriff","Emeralds",23,"Male",1
"133","3","6",40,55,"A sheriff","Emeralds",23,"Male",1
"133","3","6",41,81,"A sheriff","Emeralds",23,"Male",1
"133","3","6",42,60,"A sheriff","Emeralds",23,"Male",1
"133","3","6",43,51,"A sheriff","Emeralds",23,"Male",1
"133","3","6",44,69,"A sheriff","Emeralds",23,"Male",1
"133","3","6",45,50,"A sheriff","Emeralds",23,"Male",1
"133","3","6",46,49,"A sheriff","Emeralds",23,"Male",1
"133","3","6",47,50,"A sheriff","Emeralds",23,"Male",1
"133","3","6",48,62,"A sheriff","Emeralds",23,"Male",1
"133","3","6",49,50,"A sheriff","Emeralds",23,"Male",1
"133","3","6",50,69,"A sheriff","Emeralds",23,"Male",1
"134","1","5",1,0,"A bandit","Emeralds",18,"Female",1
"134","1","5",2,25,"A bandit","Emeralds",18,"Female",1
"134","1","5",3,80,"A bandit","Emeralds",18,"Female",1
"134","1","5",4,8,"A bandit","Emeralds",18,"Female",1
"134","1","5",5,85,"A bandit","Emeralds",18,"Female",1
"134","1","5",6,90,"A bandit","Emeralds",18,"Female",1
"134","1","5",7,85,"A bandit","Emeralds",18,"Female",1
"134","1","5",8,70,"A bandit","Emeralds",18,"Female",1
"134","1","5",9,8,"A bandit","Emeralds",18,"Female",1
"134","1","5",10,70,"A bandit","Emeralds",18,"Female",1
"134","1","5",11,67,"A bandit","Emeralds",18,"Female",1
"134","1","5",12,58,"A bandit","Emeralds",18,"Female",1
"134","1","5",13,63,"A bandit","Emeralds",18,"Female",1
"134","1","5",14,76,"A bandit","Emeralds",18,"Female",1
"134","1","5",15,8,"A bandit","Emeralds",18,"Female",1
"134","1","5",16,74,"A bandit","Emeralds",18,"Female",1
"134","1","5",17,71,"A bandit","Emeralds",18,"Female",1
"134","1","5",18,76,"A bandit","Emeralds",18,"Female",1
"134","1","5",19,42,"A bandit","Emeralds",18,"Female",1
"134","1","5",20,5,"A bandit","Emeralds",18,"Female",1
"134","1","5",21,61,"A bandit","Emeralds",18,"Female",1
"134","1","5",22,43,"A bandit","Emeralds",18,"Female",1
"134","1","5",23,70,"A bandit","Emeralds",18,"Female",1
"134","1","5",24,65,"A bandit","Emeralds",18,"Female",1
"134","1","5",25,60,"A bandit","Emeralds",18,"Female",1
"134","1","5",26,64,"A bandit","Emeralds",18,"Female",1
"134","1","5",27,7,"A bandit","Emeralds",18,"Female",1
"134","1","5",28,61,"A bandit","Emeralds",18,"Female",1
"134","1","5",29,44,"A bandit","Emeralds",18,"Female",1
"134","1","5",30,71,"A bandit","Emeralds",18,"Female",1
"134","1","5",31,8,"A bandit","Emeralds",18,"Female",1
"134","1","5",32,68,"A bandit","Emeralds",18,"Female",1
"134","1","5",33,66,"A bandit","Emeralds",18,"Female",1
"134","1","5",34,5,"A bandit","Emeralds",18,"Female",1
"134","1","5",35,66,"A bandit","Emeralds",18,"Female",1
"134","1","5",36,35,"A bandit","Emeralds",18,"Female",1
"134","1","5",37,41,"A bandit","Emeralds",18,"Female",1
"134","1","5",38,66,"A bandit","Emeralds",18,"Female",1
"134","1","5",39,5,"A bandit","Emeralds",18,"Female",1
"134","1","5",40,67,"A bandit","Emeralds",18,"Female",1
"134","1","5",41,64,"A bandit","Emeralds",18,"Female",1
"134","1","5",42,38,"A bandit","Emeralds",18,"Female",1
"134","1","5",43,37,"A bandit","Emeralds",18,"Female",1
"134","1","5",44,5,"A bandit","Emeralds",18,"Female",1
"134","1","5",45,37,"A bandit","Emeralds",18,"Female",1
"134","1","5",46,40,"A bandit","Emeralds",18,"Female",1
"134","1","5",47,65,"A bandit","Emeralds",18,"Female",1
"134","1","5",48,5,"A bandit","Emeralds",18,"Female",1
"134","1","5",49,5,"A bandit","Emeralds",18,"Female",1
"134","1","5",50,5,"A bandit","Emeralds",18,"Female",1
"135","1","63",1,0,"A bandit","Emeralds",47,"Male",1
"135","1","63",2,60,"A bandit","Emeralds",47,"Male",1
"135","1","63",3,0,"A bandit","Emeralds",47,"Male",1
"135","1","63",4,78,"A bandit","Emeralds",47,"Male",1
"135","1","63",5,57,"A bandit","Emeralds",47,"Male",1
"135","1","63",6,43,"A bandit","Emeralds",47,"Male",1
"135","1","63",7,95,"A bandit","Emeralds",47,"Male",1
"135","1","63",8,0,"A bandit","Emeralds",47,"Male",1
"135","1","63",9,16,"A bandit","Emeralds",47,"Male",1
"135","1","63",10,78,"A bandit","Emeralds",47,"Male",1
"135","1","63",11,78,"A bandit","Emeralds",47,"Male",1
"135","1","63",12,53,"A bandit","Emeralds",47,"Male",1
"135","1","63",13,34,"A bandit","Emeralds",47,"Male",1
"135","1","63",14,17,"A bandit","Emeralds",47,"Male",1
"135","1","63",15,17,"A bandit","Emeralds",47,"Male",1
"135","1","63",16,0,"A bandit","Emeralds",47,"Male",1
"135","1","63",17,65,"A bandit","Emeralds",47,"Male",1
"135","1","63",18,0,"A bandit","Emeralds",47,"Male",1
"135","1","63",19,0,"A bandit","Emeralds",47,"Male",1
"135","1","63",20,0,"A bandit","Emeralds",47,"Male",1
"135","1","63",21,0,"A bandit","Emeralds",47,"Male",1
"135","1","63",22,0,"A bandit","Emeralds",47,"Male",1
"135","1","63",23,82,"A bandit","Emeralds",47,"Male",1
"135","1","63",24,0,"A bandit","Emeralds",47,"Male",1
"135","1","63",25,0,"A bandit","Emeralds",47,"Male",1
"135","1","63",26,0,"A bandit","Emeralds",47,"Male",1
"135","1","63",27,65,"A bandit","Emeralds",47,"Male",1
"135","1","63",28,0,"A bandit","Emeralds",47,"Male",1
"135","1","63",29,73,"A bandit","Emeralds",47,"Male",1
"135","1","63",30,73,"A bandit","Emeralds",47,"Male",1
"135","1","63",31,56,"A bandit","Emeralds",47,"Male",1
"135","1","63",32,83,"A bandit","Emeralds",47,"Male",1
"135","1","63",33,0,"A bandit","Emeralds",47,"Male",1
"135","1","63",34,76,"A bandit","Emeralds",47,"Male",1
"135","1","63",35,0,"A bandit","Emeralds",47,"Male",1
"135","1","63",36,55,"A bandit","Emeralds",47,"Male",1
"135","1","63",37,58,"A bandit","Emeralds",47,"Male",1
"135","1","63",38,40,"A bandit","Emeralds",47,"Male",1
"135","1","63",39,29,"A bandit","Emeralds",47,"Male",1
"135","1","63",40,19,"A bandit","Emeralds",47,"Male",1
"135","1","63",41,62,"A bandit","Emeralds",47,"Male",1
"135","1","63",42,0,"A bandit","Emeralds",47,"Male",1
"135","1","63",43,36,"A bandit","Emeralds",47,"Male",1
"135","1","63",44,29,"A bandit","Emeralds",47,"Male",1
"135","1","63",45,0,"A bandit","Emeralds",47,"Male",1
"135","1","63",46,24,"A bandit","Emeralds",47,"Male",1
"135","1","63",47,0,"A bandit","Emeralds",47,"Male",1
"135","1","63",48,40,"A bandit","Emeralds",47,"Male",1
"135","1","63",49,65,"A bandit","Emeralds",47,"Male",1
"135","1","63",50,47,"A bandit","Emeralds",47,"Male",1
"136","3","44",1,7,"A sheriff","Emeralds",34,"Male",1
"136","3","44",2,6,"A sheriff","Emeralds",34,"Male",1
"136","3","44",3,7,"A sheriff","Emeralds",34,"Male",1
"136","3","44",4,7,"A sheriff","Emeralds",34,"Male",1
"136","3","44",5,9,"A sheriff","Emeralds",34,"Male",1
"136","3","44",6,19,"A sheriff","Emeralds",34,"Male",1
"136","3","44",7,6,"A sheriff","Emeralds",34,"Male",1
"136","3","44",8,19,"A sheriff","Emeralds",34,"Male",1
"136","3","44",9,7,"A sheriff","Emeralds",34,"Male",1
"136","3","44",10,25,"A sheriff","Emeralds",34,"Male",1
"136","3","44",11,6,"A sheriff","Emeralds",34,"Male",1
"136","3","44",12,6,"A sheriff","Emeralds",34,"Male",1
"136","3","44",13,11,"A sheriff","Emeralds",34,"Male",1
"136","3","44",14,7,"A sheriff","Emeralds",34,"Male",1
"136","3","44",15,7,"A sheriff","Emeralds",34,"Male",1
"136","3","44",16,10,"A sheriff","Emeralds",34,"Male",1
"136","3","44",17,39,"A sheriff","Emeralds",34,"Male",1
"136","3","44",18,11,"A sheriff","Emeralds",34,"Male",1
"136","3","44",19,44,"A sheriff","Emeralds",34,"Male",1
"136","3","44",20,52,"A sheriff","Emeralds",34,"Male",1
"136","3","44",21,63,"A sheriff","Emeralds",34,"Male",1
"136","3","44",22,55,"A sheriff","Emeralds",34,"Male",1
"136","3","44",23,10,"A sheriff","Emeralds",34,"Male",1
"136","3","44",24,42,"A sheriff","Emeralds",34,"Male",1
"136","3","44",25,52,"A sheriff","Emeralds",34,"Male",1
"136","3","44",26,58,"A sheriff","Emeralds",34,"Male",1
"136","3","44",27,8,"A sheriff","Emeralds",34,"Male",1
"136","3","44",28,53,"A sheriff","Emeralds",34,"Male",1
"136","3","44",29,6,"A sheriff","Emeralds",34,"Male",1
"136","3","44",30,7,"A sheriff","Emeralds",34,"Male",1
"136","3","44",31,16,"A sheriff","Emeralds",34,"Male",1
"136","3","44",32,21,"A sheriff","Emeralds",34,"Male",1
"136","3","44",33,24,"A sheriff","Emeralds",34,"Male",1
"136","3","44",34,34,"A sheriff","Emeralds",34,"Male",1
"136","3","44",35,51,"A sheriff","Emeralds",34,"Male",1
"136","3","44",36,12,"A sheriff","Emeralds",34,"Male",1
"136","3","44",37,44,"A sheriff","Emeralds",34,"Male",1
"136","3","44",38,13,"A sheriff","Emeralds",34,"Male",1
"136","3","44",39,13,"A sheriff","Emeralds",34,"Male",1
"136","3","44",40,14,"A sheriff","Emeralds",34,"Male",1
"136","3","44",41,19,"A sheriff","Emeralds",34,"Male",1
"136","3","44",42,9,"A sheriff","Emeralds",34,"Male",1
"136","3","44",43,15,"A sheriff","Emeralds",34,"Male",1
"136","3","44",44,37,"A sheriff","Emeralds",34,"Male",1
"136","3","44",45,10,"A sheriff","Emeralds",34,"Male",1
"136","3","44",46,37,"A sheriff","Emeralds",34,"Male",1
"136","3","44",47,51,"A sheriff","Emeralds",34,"Male",1
"136","3","44",48,9,"A sheriff","Emeralds",34,"Male",1
"136","3","44",49,46,"A sheriff","Emeralds",34,"Male",1
"136","3","44",50,14,"A sheriff","Emeralds",34,"Male",1
"137","2","37",1,75,"A tycoon","Emeralds",49,"Male",1
"137","2","37",2,96,"A tycoon","Emeralds",49,"Male",1
"137","2","37",3,81,"A tycoon","Emeralds",49,"Male",1
"137","2","37",4,7,"A tycoon","Emeralds",49,"Male",1
"137","2","37",5,0,"A tycoon","Emeralds",49,"Male",1
"137","2","37",6,84,"A tycoon","Emeralds",49,"Male",1
"137","2","37",7,98,"A tycoon","Emeralds",49,"Male",1
"137","2","37",8,4,"A tycoon","Emeralds",49,"Male",1
"137","2","37",9,0,"A tycoon","Emeralds",49,"Male",1
"137","2","37",10,95,"A tycoon","Emeralds",49,"Male",1
"137","2","37",11,0,"A tycoon","Emeralds",49,"Male",1
"137","2","37",12,96,"A tycoon","Emeralds",49,"Male",1
"137","2","37",13,0,"A tycoon","Emeralds",49,"Male",1
"137","2","37",14,100,"A tycoon","Emeralds",49,"Male",1
"137","2","37",15,100,"A tycoon","Emeralds",49,"Male",1
"137","2","37",16,100,"A tycoon","Emeralds",49,"Male",1
"137","2","37",17,100,"A tycoon","Emeralds",49,"Male",1
"137","2","37",18,11,"A tycoon","Emeralds",49,"Male",1
"137","2","37",19,87,"A tycoon","Emeralds",49,"Male",1
"137","2","37",20,100,"A tycoon","Emeralds",49,"Male",1
"137","2","37",21,100,"A tycoon","Emeralds",49,"Male",1
"137","2","37",22,100,"A tycoon","Emeralds",49,"Male",1
"137","2","37",23,100,"A tycoon","Emeralds",49,"Male",1
"137","2","37",24,94,"A tycoon","Emeralds",49,"Male",1
"137","2","37",25,100,"A tycoon","Emeralds",49,"Male",1
"137","2","37",26,12,"A tycoon","Emeralds",49,"Male",1
"137","2","37",27,94,"A tycoon","Emeralds",49,"Male",1
"137","2","37",28,84,"A tycoon","Emeralds",49,"Male",1
"137","2","37",29,98,"A tycoon","Emeralds",49,"Male",1
"137","2","37",30,0,"A tycoon","Emeralds",49,"Male",1
"137","2","37",31,100,"A tycoon","Emeralds",49,"Male",1
"137","2","37",32,100,"A tycoon","Emeralds",49,"Male",1
"137","2","37",33,100,"A tycoon","Emeralds",49,"Male",1
"137","2","37",34,99,"A tycoon","Emeralds",49,"Male",1
"137","2","37",35,100,"A tycoon","Emeralds",49,"Male",1
"137","2","37",36,100,"A tycoon","Emeralds",49,"Male",1
"137","2","37",37,0,"A tycoon","Emeralds",49,"Male",1
"137","2","37",38,100,"A tycoon","Emeralds",49,"Male",1
"137","2","37",39,100,"A tycoon","Emeralds",49,"Male",1
"137","2","37",40,100,"A tycoon","Emeralds",49,"Male",1
"137","2","37",41,0,"A tycoon","Emeralds",49,"Male",1
"137","2","37",42,100,"A tycoon","Emeralds",49,"Male",1
"137","2","37",43,0,"A tycoon","Emeralds",49,"Male",1
"137","2","37",44,100,"A tycoon","Emeralds",49,"Male",1
"137","2","37",45,0,"A tycoon","Emeralds",49,"Male",1
"137","2","37",46,100,"A tycoon","Emeralds",49,"Male",1
"137","2","37",47,0,"A tycoon","Emeralds",49,"Male",1
"137","2","37",48,100,"A tycoon","Emeralds",49,"Male",1
"137","2","37",49,100,"A tycoon","Emeralds",49,"Male",1
"137","2","37",50,0,"A tycoon","Emeralds",49,"Male",1
"138","3","20",1,0,"A sheriff","Emeralds",36,"Male",1
"138","3","20",2,0,"A sheriff","Emeralds",36,"Male",1
"138","3","20",3,100,"A sheriff","Emeralds",36,"Male",1
"138","3","20",4,100,"A sheriff","Emeralds",36,"Male",1
"138","3","20",5,0,"A sheriff","Emeralds",36,"Male",1
"138","3","20",6,100,"A sheriff","Emeralds",36,"Male",1
"138","3","20",7,0,"A sheriff","Emeralds",36,"Male",1
"138","3","20",8,0,"A sheriff","Emeralds",36,"Male",1
"138","3","20",9,0,"A sheriff","Emeralds",36,"Male",1
"138","3","20",10,100,"A sheriff","Emeralds",36,"Male",1
"138","3","20",11,100,"A sheriff","Emeralds",36,"Male",1
"138","3","20",12,0,"A sheriff","Emeralds",36,"Male",1
"138","3","20",13,0,"A sheriff","Emeralds",36,"Male",1
"138","3","20",14,0,"A sheriff","Emeralds",36,"Male",1
"138","3","20",15,0,"A sheriff","Emeralds",36,"Male",1
"138","3","20",16,0,"A sheriff","Emeralds",36,"Male",1
"138","3","20",17,0,"A sheriff","Emeralds",36,"Male",1
"138","3","20",18,100,"A sheriff","Emeralds",36,"Male",1
"138","3","20",19,0,"A sheriff","Emeralds",36,"Male",1
"138","3","20",20,0,"A sheriff","Emeralds",36,"Male",1
"138","3","20",21,64,"A sheriff","Emeralds",36,"Male",1
"138","3","20",22,0,"A sheriff","Emeralds",36,"Male",1
"138","3","20",23,0,"A sheriff","Emeralds",36,"Male",1
"138","3","20",24,0,"A sheriff","Emeralds",36,"Male",1
"138","3","20",25,0,"A sheriff","Emeralds",36,"Male",1
"138","3","20",26,0,"A sheriff","Emeralds",36,"Male",1
"138","3","20",27,0,"A sheriff","Emeralds",36,"Male",1
"138","3","20",28,0,"A sheriff","Emeralds",36,"Male",1
"138","3","20",29,45,"A sheriff","Emeralds",36,"Male",1
"138","3","20",30,0,"A sheriff","Emeralds",36,"Male",1
"138","3","20",31,3,"A sheriff","Emeralds",36,"Male",1
"138","3","20",32,61,"A sheriff","Emeralds",36,"Male",1
"138","3","20",33,2,"A sheriff","Emeralds",36,"Male",1
"138","3","20",34,0,"A sheriff","Emeralds",36,"Male",1
"138","3","20",35,3,"A sheriff","Emeralds",36,"Male",1
"138","3","20",36,51,"A sheriff","Emeralds",36,"Male",1
"138","3","20",37,53,"A sheriff","Emeralds",36,"Male",1
"138","3","20",38,2,"A sheriff","Emeralds",36,"Male",1
"138","3","20",39,54,"A sheriff","Emeralds",36,"Male",1
"138","3","20",40,62,"A sheriff","Emeralds",36,"Male",1
"138","3","20",41,71,"A sheriff","Emeralds",36,"Male",1
"138","3","20",42,3,"A sheriff","Emeralds",36,"Male",1
"138","3","20",43,85,"A sheriff","Emeralds",36,"Male",1
"138","3","20",44,79,"A sheriff","Emeralds",36,"Male",1
"138","3","20",45,67,"A sheriff","Emeralds",36,"Male",1
"138","3","20",46,68,"A sheriff","Emeralds",36,"Male",1
"138","3","20",47,0,"A sheriff","Emeralds",36,"Male",1
"138","3","20",48,77,"A sheriff","Emeralds",36,"Male",1
"138","3","20",49,2,"A sheriff","Emeralds",36,"Male",1
"138","3","20",50,51,"A sheriff","Emeralds",36,"Male",1
"139","1","28",1,17,"A bandit","Emeralds",45,"Female",1
"139","1","28",2,61,"A bandit","Emeralds",45,"Female",1
"139","1","28",3,62,"A bandit","Emeralds",45,"Female",1
"139","1","28",4,79,"A bandit","Emeralds",45,"Female",1
"139","1","28",5,84,"A bandit","Emeralds",45,"Female",1
"139","1","28",6,21,"A bandit","Emeralds",45,"Female",1
"139","1","28",7,21,"A bandit","Emeralds",45,"Female",1
"139","1","28",8,20,"A bandit","Emeralds",45,"Female",1
"139","1","28",9,69,"A bandit","Emeralds",45,"Female",1
"139","1","28",10,68,"A bandit","Emeralds",45,"Female",1
"139","1","28",11,22,"A bandit","Emeralds",45,"Female",1
"139","1","28",12,15,"A bandit","Emeralds",45,"Female",1
"139","1","28",13,31,"A bandit","Emeralds",45,"Female",1
"139","1","28",14,31,"A bandit","Emeralds",45,"Female",1
"139","1","28",15,15,"A bandit","Emeralds",45,"Female",1
"139","1","28",16,15,"A bandit","Emeralds",45,"Female",1
"139","1","28",17,22,"A bandit","Emeralds",45,"Female",1
"139","1","28",18,20,"A bandit","Emeralds",45,"Female",1
"139","1","28",19,24,"A bandit","Emeralds",45,"Female",1
"139","1","28",20,26,"A bandit","Emeralds",45,"Female",1
"139","1","28",21,23,"A bandit","Emeralds",45,"Female",1
"139","1","28",22,23,"A bandit","Emeralds",45,"Female",1
"139","1","28",23,10,"A bandit","Emeralds",45,"Female",1
"139","1","28",24,12,"A bandit","Emeralds",45,"Female",1
"139","1","28",25,9,"A bandit","Emeralds",45,"Female",1
"139","1","28",26,8,"A bandit","Emeralds",45,"Female",1
"139","1","28",27,9,"A bandit","Emeralds",45,"Female",1
"139","1","28",28,18,"A bandit","Emeralds",45,"Female",1
"139","1","28",29,21,"A bandit","Emeralds",45,"Female",1
"139","1","28",30,27,"A bandit","Emeralds",45,"Female",1
"139","1","28",31,51,"A bandit","Emeralds",45,"Female",1
"139","1","28",32,11,"A bandit","Emeralds",45,"Female",1
"139","1","28",33,18,"A bandit","Emeralds",45,"Female",1
"139","1","28",34,12,"A bandit","Emeralds",45,"Female",1
"139","1","28",35,10,"A bandit","Emeralds",45,"Female",1
"139","1","28",36,6,"A bandit","Emeralds",45,"Female",1
"139","1","28",37,11,"A bandit","Emeralds",45,"Female",1
"139","1","28",38,18,"A bandit","Emeralds",45,"Female",1
"139","1","28",39,3,"A bandit","Emeralds",45,"Female",1
"139","1","28",40,4,"A bandit","Emeralds",45,"Female",1
"139","1","28",41,15,"A bandit","Emeralds",45,"Female",1
"139","1","28",42,16,"A bandit","Emeralds",45,"Female",1
"139","1","28",43,14,"A bandit","Emeralds",45,"Female",1
"139","1","28",44,47,"A bandit","Emeralds",45,"Female",1
"139","1","28",45,9,"A bandit","Emeralds",45,"Female",1
"139","1","28",46,6,"A bandit","Emeralds",45,"Female",1
"139","1","28",47,6,"A bandit","Emeralds",45,"Female",1
"139","1","28",48,7,"A bandit","Emeralds",45,"Female",1
"139","1","28",49,7,"A bandit","Emeralds",45,"Female",1
"139","1","28",50,8,"A bandit","Emeralds",45,"Female",1
"140","3","66",1,0,"A sheriff","Emeralds",26,"Male",1
"140","3","66",2,57,"A sheriff","Emeralds",26,"Male",1
"140","3","66",3,56,"A sheriff","Emeralds",26,"Male",1
"140","3","66",4,30,"A sheriff","Emeralds",26,"Male",1
"140","3","66",5,36,"A sheriff","Emeralds",26,"Male",1
"140","3","66",6,13,"A sheriff","Emeralds",26,"Male",1
"140","3","66",7,25,"A sheriff","Emeralds",26,"Male",1
"140","3","66",8,57,"A sheriff","Emeralds",26,"Male",1
"140","3","66",9,13,"A sheriff","Emeralds",26,"Male",1
"140","3","66",10,2,"A sheriff","Emeralds",26,"Male",1
"140","3","66",11,4,"A sheriff","Emeralds",26,"Male",1
"140","3","66",12,0,"A sheriff","Emeralds",26,"Male",1
"140","3","66",13,0,"A sheriff","Emeralds",26,"Male",1
"140","3","66",14,0,"A sheriff","Emeralds",26,"Male",1
"140","3","66",15,0,"A sheriff","Emeralds",26,"Male",1
"140","3","66",16,16,"A sheriff","Emeralds",26,"Male",1
"140","3","66",17,6,"A sheriff","Emeralds",26,"Male",1
"140","3","66",18,32,"A sheriff","Emeralds",26,"Male",1
"140","3","66",19,0,"A sheriff","Emeralds",26,"Male",1
"140","3","66",20,0,"A sheriff","Emeralds",26,"Male",1
"140","3","66",21,0,"A sheriff","Emeralds",26,"Male",1
"140","3","66",22,23,"A sheriff","Emeralds",26,"Male",1
"140","3","66",23,49,"A sheriff","Emeralds",26,"Male",1
"140","3","66",24,46,"A sheriff","Emeralds",26,"Male",1
"140","3","66",25,44,"A sheriff","Emeralds",26,"Male",1
"140","3","66",26,74,"A sheriff","Emeralds",26,"Male",1
"140","3","66",27,49,"A sheriff","Emeralds",26,"Male",1
"140","3","66",28,19,"A sheriff","Emeralds",26,"Male",1
"140","3","66",29,17,"A sheriff","Emeralds",26,"Male",1
"140","3","66",30,26,"A sheriff","Emeralds",26,"Male",1
"140","3","66",31,9,"A sheriff","Emeralds",26,"Male",1
"140","3","66",32,44,"A sheriff","Emeralds",26,"Male",1
"140","3","66",33,57,"A sheriff","Emeralds",26,"Male",1
"140","3","66",34,51,"A sheriff","Emeralds",26,"Male",1
"140","3","66",35,70,"A sheriff","Emeralds",26,"Male",1
"140","3","66",36,56,"A sheriff","Emeralds",26,"Male",1
"140","3","66",37,11,"A sheriff","Emeralds",26,"Male",1
"140","3","66",38,3,"A sheriff","Emeralds",26,"Male",1
"140","3","66",39,47,"A sheriff","Emeralds",26,"Male",1
"140","3","66",40,20,"A sheriff","Emeralds",26,"Male",1
"140","3","66",41,5,"A sheriff","Emeralds",26,"Male",1
"140","3","66",42,47,"A sheriff","Emeralds",26,"Male",1
"140","3","66",43,5,"A sheriff","Emeralds",26,"Male",1
"140","3","66",44,80,"A sheriff","Emeralds",26,"Male",1
"140","3","66",45,72,"A sheriff","Emeralds",26,"Male",1
"140","3","66",46,53,"A sheriff","Emeralds",26,"Male",1
"140","3","66",47,71,"A sheriff","Emeralds",26,"Male",1
"140","3","66",48,54,"A sheriff","Emeralds",26,"Male",1
"140","3","66",49,64,"A sheriff","Emeralds",26,"Male",1
"140","3","66",50,63,"A sheriff","Emeralds",26,"Male",1
"141","2","48",1,54,"A tycoon","Emeralds",43,"Female",1
"141","2","48",2,25,"A tycoon","Emeralds",43,"Female",1
"141","2","48",3,6,"A tycoon","Emeralds",43,"Female",1
"141","2","48",4,3,"A tycoon","Emeralds",43,"Female",1
"141","2","48",5,0,"A tycoon","Emeralds",43,"Female",1
"141","2","48",6,1,"A tycoon","Emeralds",43,"Female",1
"141","2","48",7,0,"A tycoon","Emeralds",43,"Female",1
"141","2","48",8,1,"A tycoon","Emeralds",43,"Female",1
"141","2","48",9,53,"A tycoon","Emeralds",43,"Female",1
"141","2","48",10,1,"A tycoon","Emeralds",43,"Female",1
"141","2","48",11,1,"A tycoon","Emeralds",43,"Female",1
"141","2","48",12,1,"A tycoon","Emeralds",43,"Female",1
"141","2","48",13,0,"A tycoon","Emeralds",43,"Female",1
"141","2","48",14,60,"A tycoon","Emeralds",43,"Female",1
"141","2","48",15,14,"A tycoon","Emeralds",43,"Female",1
"141","2","48",16,0,"A tycoon","Emeralds",43,"Female",1
"141","2","48",17,70,"A tycoon","Emeralds",43,"Female",1
"141","2","48",18,0,"A tycoon","Emeralds",43,"Female",1
"141","2","48",19,91,"A tycoon","Emeralds",43,"Female",1
"141","2","48",20,0,"A tycoon","Emeralds",43,"Female",1
"141","2","48",21,0,"A tycoon","Emeralds",43,"Female",1
"141","2","48",22,80,"A tycoon","Emeralds",43,"Female",1
"141","2","48",23,28,"A tycoon","Emeralds",43,"Female",1
"141","2","48",24,5,"A tycoon","Emeralds",43,"Female",1
"141","2","48",25,9,"A tycoon","Emeralds",43,"Female",1
"141","2","48",26,0,"A tycoon","Emeralds",43,"Female",1
"141","2","48",27,80,"A tycoon","Emeralds",43,"Female",1
"141","2","48",28,35,"A tycoon","Emeralds",43,"Female",1
"141","2","48",29,30,"A tycoon","Emeralds",43,"Female",1
"141","2","48",30,8,"A tycoon","Emeralds",43,"Female",1
"141","2","48",31,0,"A tycoon","Emeralds",43,"Female",1
"141","2","48",32,65,"A tycoon","Emeralds",43,"Female",1
"141","2","48",33,0,"A tycoon","Emeralds",43,"Female",1
"141","2","48",34,62,"A tycoon","Emeralds",43,"Female",1
"141","2","48",35,25,"A tycoon","Emeralds",43,"Female",1
"141","2","48",36,17,"A tycoon","Emeralds",43,"Female",1
"141","2","48",37,18,"A tycoon","Emeralds",43,"Female",1
"141","2","48",38,0,"A tycoon","Emeralds",43,"Female",1
"141","2","48",39,62,"A tycoon","Emeralds",43,"Female",1
"141","2","48",40,28,"A tycoon","Emeralds",43,"Female",1
"141","2","48",41,16,"A tycoon","Emeralds",43,"Female",1
"141","2","48",42,11,"A tycoon","Emeralds",43,"Female",1
"141","2","48",43,14,"A tycoon","Emeralds",43,"Female",1
"141","2","48",44,0,"A tycoon","Emeralds",43,"Female",1
"141","2","48",45,0,"A tycoon","Emeralds",43,"Female",1
"141","2","48",46,65,"A tycoon","Emeralds",43,"Female",1
"141","2","48",47,36,"A tycoon","Emeralds",43,"Female",1
"141","2","48",48,19,"A tycoon","Emeralds",43,"Female",1
"141","2","48",49,10,"A tycoon","Emeralds",43,"Female",1
"141","2","48",50,10,"A tycoon","Emeralds",43,"Female",1
"142","2","42",1,0,"A tycoon","Emeralds",35,"Non-binary",1
"142","2","42",2,100,"A tycoon","Emeralds",35,"Non-binary",1
"142","2","42",3,71,"A tycoon","Emeralds",35,"Non-binary",1
"142","2","42",4,0,"A tycoon","Emeralds",35,"Non-binary",1
"142","2","42",5,69,"A tycoon","Emeralds",35,"Non-binary",1
"142","2","42",6,0,"A tycoon","Emeralds",35,"Non-binary",1
"142","2","42",7,100,"A tycoon","Emeralds",35,"Non-binary",1
"142","2","42",8,0,"A tycoon","Emeralds",35,"Non-binary",1
"142","2","42",9,0,"A tycoon","Emeralds",35,"Non-binary",1
"142","2","42",10,67,"A tycoon","Emeralds",35,"Non-binary",1
"142","2","42",11,61,"A tycoon","Emeralds",35,"Non-binary",1
"142","2","42",12,50,"A tycoon","Emeralds",35,"Non-binary",1
"142","2","42",13,36,"A tycoon","Emeralds",35,"Non-binary",1
"142","2","42",14,25,"A tycoon","Emeralds",35,"Non-binary",1
"142","2","42",15,0,"A tycoon","Emeralds",35,"Non-binary",1
"142","2","42",16,23,"A tycoon","Emeralds",35,"Non-binary",1
"142","2","42",17,10,"A tycoon","Emeralds",35,"Non-binary",1
"142","2","42",18,5,"A tycoon","Emeralds",35,"Non-binary",1
"142","2","42",19,0,"A tycoon","Emeralds",35,"Non-binary",1
"142","2","42",20,0,"A tycoon","Emeralds",35,"Non-binary",1
"142","2","42",21,0,"A tycoon","Emeralds",35,"Non-binary",1
"142","2","42",22,0,"A tycoon","Emeralds",35,"Non-binary",1
"142","2","42",23,0,"A tycoon","Emeralds",35,"Non-binary",1
"142","2","42",24,0,"A tycoon","Emeralds",35,"Non-binary",1
"142","2","42",25,0,"A tycoon","Emeralds",35,"Non-binary",1
"142","2","42",26,0,"A tycoon","Emeralds",35,"Non-binary",1
"142","2","42",27,0,"A tycoon","Emeralds",35,"Non-binary",1
"142","2","42",28,0,"A tycoon","Emeralds",35,"Non-binary",1
"142","2","42",29,0,"A tycoon","Emeralds",35,"Non-binary",1
"142","2","42",30,0,"A tycoon","Emeralds",35,"Non-binary",1
"142","2","42",31,0,"A tycoon","Emeralds",35,"Non-binary",1
"142","2","42",32,0,"A tycoon","Emeralds",35,"Non-binary",1
"142","2","42",33,0,"A tycoon","Emeralds",35,"Non-binary",1
"142","2","42",34,0,"A tycoon","Emeralds",35,"Non-binary",1
"142","2","42",35,0,"A tycoon","Emeralds",35,"Non-binary",1
"142","2","42",36,0,"A tycoon","Emeralds",35,"Non-binary",1
"142","2","42",37,0,"A tycoon","Emeralds",35,"Non-binary",1
"142","2","42",38,0,"A tycoon","Emeralds",35,"Non-binary",1
"142","2","42",39,0,"A tycoon","Emeralds",35,"Non-binary",1
"142","2","42",40,0,"A tycoon","Emeralds",35,"Non-binary",1
"142","2","42",41,0,"A tycoon","Emeralds",35,"Non-binary",1
"142","2","42",42,0,"A tycoon","Emeralds",35,"Non-binary",1
"142","2","42",43,0,"A tycoon","Emeralds",35,"Non-binary",1
"142","2","42",44,0,"A tycoon","Emeralds",35,"Non-binary",1
"142","2","42",45,0,"A tycoon","Emeralds",35,"Non-binary",1
"142","2","42",46,0,"A tycoon","Emeralds",35,"Non-binary",1
"142","2","42",47,0,"A tycoon","Emeralds",35,"Non-binary",1
"142","2","42",48,0,"A tycoon","Emeralds",35,"Non-binary",1
"142","2","42",49,0,"A tycoon","Emeralds",35,"Non-binary",1
"142","2","42",50,0,"A tycoon","Emeralds",35,"Non-binary",1
"143","1","39",1,0,"A bandit","Emeralds",40,"Female",1
"143","1","39",2,0,"A bandit","Emeralds",40,"Female",1
"143","1","39",3,10,"A bandit","Emeralds",40,"Female",1
"143","1","39",4,23,"A bandit","Emeralds",40,"Female",1
"143","1","39",5,6,"A bandit","Emeralds",40,"Female",1
"143","1","39",6,9,"A bandit","Emeralds",40,"Female",1
"143","1","39",7,55,"A bandit","Emeralds",40,"Female",1
"143","1","39",8,4,"A bandit","Emeralds",40,"Female",1
"143","1","39",9,40,"A bandit","Emeralds",40,"Female",1
"143","1","39",10,70,"A bandit","Emeralds",40,"Female",1
"143","1","39",11,88,"A bandit","Emeralds",40,"Female",1
"143","1","39",12,93,"A bandit","Emeralds",40,"Female",1
"143","1","39",13,100,"A bandit","Emeralds",40,"Female",1
"143","1","39",14,100,"A bandit","Emeralds",40,"Female",1
"143","1","39",15,79,"A bandit","Emeralds",40,"Female",1
"143","1","39",16,7,"A bandit","Emeralds",40,"Female",1
"143","1","39",17,7,"A bandit","Emeralds",40,"Female",1
"143","1","39",18,56,"A bandit","Emeralds",40,"Female",1
"143","1","39",19,24,"A bandit","Emeralds",40,"Female",1
"143","1","39",20,55,"A bandit","Emeralds",40,"Female",1
"143","1","39",21,80,"A bandit","Emeralds",40,"Female",1
"143","1","39",22,12,"A bandit","Emeralds",40,"Female",1
"143","1","39",23,44,"A bandit","Emeralds",40,"Female",1
"143","1","39",24,35,"A bandit","Emeralds",40,"Female",1
"143","1","39",25,39,"A bandit","Emeralds",40,"Female",1
"143","1","39",26,59,"A bandit","Emeralds",40,"Female",1
"143","1","39",27,22,"A bandit","Emeralds",40,"Female",1
"143","1","39",28,79,"A bandit","Emeralds",40,"Female",1
"143","1","39",29,34,"A bandit","Emeralds",40,"Female",1
"143","1","39",30,57,"A bandit","Emeralds",40,"Female",1
"143","1","39",31,22,"A bandit","Emeralds",40,"Female",1
"143","1","39",32,15,"A bandit","Emeralds",40,"Female",1
"143","1","39",33,42,"A bandit","Emeralds",40,"Female",1
"143","1","39",34,6,"A bandit","Emeralds",40,"Female",1
"143","1","39",35,22,"A bandit","Emeralds",40,"Female",1
"143","1","39",36,90,"A bandit","Emeralds",40,"Female",1
"143","1","39",37,4,"A bandit","Emeralds",40,"Female",1
"143","1","39",38,0,"A bandit","Emeralds",40,"Female",1
"143","1","39",39,7,"A bandit","Emeralds",40,"Female",1
"143","1","39",40,4,"A bandit","Emeralds",40,"Female",1
"143","1","39",41,0,"A bandit","Emeralds",40,"Female",1
"143","1","39",42,0,"A bandit","Emeralds",40,"Female",1
"143","1","39",43,13,"A bandit","Emeralds",40,"Female",1
"143","1","39",44,14,"A bandit","Emeralds",40,"Female",1
"143","1","39",45,0,"A bandit","Emeralds",40,"Female",1
"143","1","39",46,35,"A bandit","Emeralds",40,"Female",1
"143","1","39",47,58,"A bandit","Emeralds",40,"Female",1
"143","1","39",48,94,"A bandit","Emeralds",40,"Female",1
"143","1","39",49,100,"A bandit","Emeralds",40,"Female",1
"143","1","39",50,34,"A bandit","Emeralds",40,"Female",1
"144","3","49",1,84,"A sheriff","Emeralds",61,"Female",1
"144","3","49",2,90,"A sheriff","Emeralds",61,"Female",1
"144","3","49",3,59,"A sheriff","Emeralds",61,"Female",1
"144","3","49",4,68,"A sheriff","Emeralds",61,"Female",1
"144","3","49",5,26,"A sheriff","Emeralds",61,"Female",1
"144","3","49",6,33,"A sheriff","Emeralds",61,"Female",1
"144","3","49",7,40,"A sheriff","Emeralds",61,"Female",1
"144","3","49",8,60,"A sheriff","Emeralds",61,"Female",1
"144","3","49",9,58,"A sheriff","Emeralds",61,"Female",1
"144","3","49",10,66,"A sheriff","Emeralds",61,"Female",1
"144","3","49",11,58,"A sheriff","Emeralds",61,"Female",1
"144","3","49",12,56,"A sheriff","Emeralds",61,"Female",1
"144","3","49",13,34,"A sheriff","Emeralds",61,"Female",1
"144","3","49",14,76,"A sheriff","Emeralds",61,"Female",1
"144","3","49",15,62,"A sheriff","Emeralds",61,"Female",1
"144","3","49",16,33,"A sheriff","Emeralds",61,"Female",1
"144","3","49",17,59,"A sheriff","Emeralds",61,"Female",1
"144","3","49",18,30,"A sheriff","Emeralds",61,"Female",1
"144","3","49",19,66,"A sheriff","Emeralds",61,"Female",1
"144","3","49",20,71,"A sheriff","Emeralds",61,"Female",1
"144","3","49",21,21,"A sheriff","Emeralds",61,"Female",1
"144","3","49",22,68,"A sheriff","Emeralds",61,"Female",1
"144","3","49",23,73,"A sheriff","Emeralds",61,"Female",1
"144","3","49",24,20,"A sheriff","Emeralds",61,"Female",1
"144","3","49",25,24,"A sheriff","Emeralds",61,"Female",1
"144","3","49",26,32,"A sheriff","Emeralds",61,"Female",1
"144","3","49",27,30,"A sheriff","Emeralds",61,"Female",1
"144","3","49",28,0,"A sheriff","Emeralds",61,"Female",1
"144","3","49",29,6,"A sheriff","Emeralds",61,"Female",1
"144","3","49",30,69,"A sheriff","Emeralds",61,"Female",1
"144","3","49",31,62,"A sheriff","Emeralds",61,"Female",1
"144","3","49",32,68,"A sheriff","Emeralds",61,"Female",1
"144","3","49",33,68,"A sheriff","Emeralds",61,"Female",1
"144","3","49",34,25,"A sheriff","Emeralds",61,"Female",1
"144","3","49",35,78,"A sheriff","Emeralds",61,"Female",1
"144","3","49",36,32,"A sheriff","Emeralds",61,"Female",1
"144","3","49",37,75,"A sheriff","Emeralds",61,"Female",1
"144","3","49",38,77,"A sheriff","Emeralds",61,"Female",1
"144","3","49",39,19,"A sheriff","Emeralds",61,"Female",1
"144","3","49",40,10,"A sheriff","Emeralds",61,"Female",1
"144","3","49",41,80,"A sheriff","Emeralds",61,"Female",1
"144","3","49",42,100,"A sheriff","Emeralds",61,"Female",1
"144","3","49",43,63,"A sheriff","Emeralds",61,"Female",1
"144","3","49",44,12,"A sheriff","Emeralds",61,"Female",1
"144","3","49",45,89,"A sheriff","Emeralds",61,"Female",1
"144","3","49",46,99,"A sheriff","Emeralds",61,"Female",1
"144","3","49",47,81,"A sheriff","Emeralds",61,"Female",1
"144","3","49",48,93,"A sheriff","Emeralds",61,"Female",1
"144","3","49",49,12,"A sheriff","Emeralds",61,"Female",1
"144","3","49",50,93,"A sheriff","Emeralds",61,"Female",1
"145","1","7",1,17,"A bandit","Emeralds",32,"Male",1
"145","1","7",2,33,"A bandit","Emeralds",32,"Male",1
"145","1","7",3,24,"A bandit","Emeralds",32,"Male",1
"145","1","7",4,48,"A bandit","Emeralds",32,"Male",1
"145","1","7",5,12,"A bandit","Emeralds",32,"Male",1
"145","1","7",6,8,"A bandit","Emeralds",32,"Male",1
"145","1","7",7,61,"A bandit","Emeralds",32,"Male",1
"145","1","7",8,63,"A bandit","Emeralds",32,"Male",1
"145","1","7",9,11,"A bandit","Emeralds",32,"Male",1
"145","1","7",10,12,"A bandit","Emeralds",32,"Male",1
"145","1","7",11,65,"A bandit","Emeralds",32,"Male",1
"145","1","7",12,8,"A bandit","Emeralds",32,"Male",1
"145","1","7",13,9,"A bandit","Emeralds",32,"Male",1
"145","1","7",14,65,"A bandit","Emeralds",32,"Male",1
"145","1","7",15,65,"A bandit","Emeralds",32,"Male",1
"145","1","7",16,10,"A bandit","Emeralds",32,"Male",1
"145","1","7",17,10,"A bandit","Emeralds",32,"Male",1
"145","1","7",18,10,"A bandit","Emeralds",32,"Male",1
"145","1","7",19,61,"A bandit","Emeralds",32,"Male",1
"145","1","7",20,4,"A bandit","Emeralds",32,"Male",1
"145","1","7",21,3,"A bandit","Emeralds",32,"Male",1
"145","1","7",22,54,"A bandit","Emeralds",32,"Male",1
"145","1","7",23,2,"A bandit","Emeralds",32,"Male",1
"145","1","7",24,7,"A bandit","Emeralds",32,"Male",1
"145","1","7",25,6,"A bandit","Emeralds",32,"Male",1
"145","1","7",26,49,"A bandit","Emeralds",32,"Male",1
"145","1","7",27,2,"A bandit","Emeralds",32,"Male",1
"145","1","7",28,0,"A bandit","Emeralds",32,"Male",1
"145","1","7",29,44,"A bandit","Emeralds",32,"Male",1
"145","1","7",30,45,"A bandit","Emeralds",32,"Male",1
"145","1","7",31,2,"A bandit","Emeralds",32,"Male",1
"145","1","7",32,40,"A bandit","Emeralds",32,"Male",1
"145","1","7",33,1,"A bandit","Emeralds",32,"Male",1
"145","1","7",34,44,"A bandit","Emeralds",32,"Male",1
"145","1","7",35,26,"A bandit","Emeralds",32,"Male",1
"145","1","7",36,1,"A bandit","Emeralds",32,"Male",1
"145","1","7",37,35,"A bandit","Emeralds",32,"Male",1
"145","1","7",38,1,"A bandit","Emeralds",32,"Male",1
"145","1","7",39,43,"A bandit","Emeralds",32,"Male",1
"145","1","7",40,29,"A bandit","Emeralds",32,"Male",1
"145","1","7",41,0,"A bandit","Emeralds",32,"Male",1
"145","1","7",42,1,"A bandit","Emeralds",32,"Male",1
"145","1","7",43,53,"A bandit","Emeralds",32,"Male",1
"145","1","7",44,0,"A bandit","Emeralds",32,"Male",1
"145","1","7",45,47,"A bandit","Emeralds",32,"Male",1
"145","1","7",46,32,"A bandit","Emeralds",32,"Male",1
"145","1","7",47,53,"A bandit","Emeralds",32,"Male",1
"145","1","7",48,1,"A bandit","Emeralds",32,"Male",1
"145","1","7",49,1,"A bandit","Emeralds",32,"Male",1
"145","1","7",50,1,"A bandit","Emeralds",32,"Male",1
"146","2","58",1,0,"A tycoon","Emeralds",39,"Male",1
"146","2","58",2,30,"A tycoon","Emeralds",39,"Male",1
"146","2","58",3,15,"A tycoon","Emeralds",39,"Male",1
"146","2","58",4,0,"A tycoon","Emeralds",39,"Male",1
"146","2","58",5,0,"A tycoon","Emeralds",39,"Male",1
"146","2","58",6,58,"A tycoon","Emeralds",39,"Male",1
"146","2","58",7,34,"A tycoon","Emeralds",39,"Male",1
"146","2","58",8,62,"A tycoon","Emeralds",39,"Male",1
"146","2","58",9,67,"A tycoon","Emeralds",39,"Male",1
"146","2","58",10,38,"A tycoon","Emeralds",39,"Male",1
"146","2","58",11,16,"A tycoon","Emeralds",39,"Male",1
"146","2","58",12,0,"A tycoon","Emeralds",39,"Male",1
"146","2","58",13,0,"A tycoon","Emeralds",39,"Male",1
"146","2","58",14,0,"A tycoon","Emeralds",39,"Male",1
"146","2","58",15,13,"A tycoon","Emeralds",39,"Male",1
"146","2","58",16,10,"A tycoon","Emeralds",39,"Male",1
"146","2","58",17,65,"A tycoon","Emeralds",39,"Male",1
"146","2","58",18,80,"A tycoon","Emeralds",39,"Male",1
"146","2","58",19,75,"A tycoon","Emeralds",39,"Male",1
"146","2","58",20,75,"A tycoon","Emeralds",39,"Male",1
"146","2","58",21,12,"A tycoon","Emeralds",39,"Male",1
"146","2","58",22,15,"A tycoon","Emeralds",39,"Male",1
"146","2","58",23,30,"A tycoon","Emeralds",39,"Male",1
"146","2","58",24,0,"A tycoon","Emeralds",39,"Male",1
"146","2","58",25,0,"A tycoon","Emeralds",39,"Male",1
"146","2","58",26,0,"A tycoon","Emeralds",39,"Male",1
"146","2","58",27,0,"A tycoon","Emeralds",39,"Male",1
"146","2","58",28,33,"A tycoon","Emeralds",39,"Male",1
"146","2","58",29,66,"A tycoon","Emeralds",39,"Male",1
"146","2","58",30,95,"A tycoon","Emeralds",39,"Male",1
"146","2","58",31,94,"A tycoon","Emeralds",39,"Male",1
"146","2","58",32,99,"A tycoon","Emeralds",39,"Male",1
"146","2","58",33,100,"A tycoon","Emeralds",39,"Male",1
"146","2","58",34,100,"A tycoon","Emeralds",39,"Male",1
"146","2","58",35,100,"A tycoon","Emeralds",39,"Male",1
"146","2","58",36,0,"A tycoon","Emeralds",39,"Male",1
"146","2","58",37,24,"A tycoon","Emeralds",39,"Male",1
"146","2","58",38,72,"A tycoon","Emeralds",39,"Male",1
"146","2","58",39,77,"A tycoon","Emeralds",39,"Male",1
"146","2","58",40,0,"A tycoon","Emeralds",39,"Male",1
"146","2","58",41,28,"A tycoon","Emeralds",39,"Male",1
"146","2","58",42,51,"A tycoon","Emeralds",39,"Male",1
"146","2","58",43,60,"A tycoon","Emeralds",39,"Male",1
"146","2","58",44,79,"A tycoon","Emeralds",39,"Male",1
"146","2","58",45,74,"A tycoon","Emeralds",39,"Male",1
"146","2","58",46,76,"A tycoon","Emeralds",39,"Male",1
"146","2","58",47,0,"A tycoon","Emeralds",39,"Male",1
"146","2","58",48,82,"A tycoon","Emeralds",39,"Male",1
"146","2","58",49,81,"A tycoon","Emeralds",39,"Male",1
"146","2","58",50,16,"A tycoon","Emeralds",39,"Male",1
"147","1","2",1,64,"A bandit","Emeralds",42,"Non-binary",1
"147","1","2",2,0,"A bandit","Emeralds",42,"Non-binary",1
"147","1","2",3,72,"A bandit","Emeralds",42,"Non-binary",1
"147","1","2",4,72,"A bandit","Emeralds",42,"Non-binary",1
"147","1","2",5,84,"A bandit","Emeralds",42,"Non-binary",1
"147","1","2",6,0,"A bandit","Emeralds",42,"Non-binary",1
"147","1","2",7,56,"A bandit","Emeralds",42,"Non-binary",1
"147","1","2",8,0,"A bandit","Emeralds",42,"Non-binary",1
"147","1","2",9,62,"A bandit","Emeralds",42,"Non-binary",1
"147","1","2",10,67,"A bandit","Emeralds",42,"Non-binary",1
"147","1","2",11,58,"A bandit","Emeralds",42,"Non-binary",1
"147","1","2",12,47,"A bandit","Emeralds",42,"Non-binary",1
"147","1","2",13,0,"A bandit","Emeralds",42,"Non-binary",1
"147","1","2",14,60,"A bandit","Emeralds",42,"Non-binary",1
"147","1","2",15,0,"A bandit","Emeralds",42,"Non-binary",1
"147","1","2",16,0,"A bandit","Emeralds",42,"Non-binary",1
"147","1","2",17,0,"A bandit","Emeralds",42,"Non-binary",1
"147","1","2",18,79,"A bandit","Emeralds",42,"Non-binary",1
"147","1","2",19,0,"A bandit","Emeralds",42,"Non-binary",1
"147","1","2",20,74,"A bandit","Emeralds",42,"Non-binary",1
"147","1","2",21,84,"A bandit","Emeralds",42,"Non-binary",1
"147","1","2",22,83,"A bandit","Emeralds",42,"Non-binary",1
"147","1","2",23,0,"A bandit","Emeralds",42,"Non-binary",1
"147","1","2",24,73,"A bandit","Emeralds",42,"Non-binary",1
"147","1","2",25,65,"A bandit","Emeralds",42,"Non-binary",1
"147","1","2",26,60,"A bandit","Emeralds",42,"Non-binary",1
"147","1","2",27,52,"A bandit","Emeralds",42,"Non-binary",1
"147","1","2",28,0,"A bandit","Emeralds",42,"Non-binary",1
"147","1","2",29,55,"A bandit","Emeralds",42,"Non-binary",1
"147","1","2",30,0,"A bandit","Emeralds",42,"Non-binary",1
"147","1","2",31,57,"A bandit","Emeralds",42,"Non-binary",1
"147","1","2",32,0,"A bandit","Emeralds",42,"Non-binary",1
"147","1","2",33,0,"A bandit","Emeralds",42,"Non-binary",1
"147","1","2",34,0,"A bandit","Emeralds",42,"Non-binary",1
"147","1","2",35,0,"A bandit","Emeralds",42,"Non-binary",1
"147","1","2",36,60,"A bandit","Emeralds",42,"Non-binary",1
"147","1","2",37,60,"A bandit","Emeralds",42,"Non-binary",1
"147","1","2",38,0,"A bandit","Emeralds",42,"Non-binary",1
"147","1","2",39,60,"A bandit","Emeralds",42,"Non-binary",1
"147","1","2",40,0,"A bandit","Emeralds",42,"Non-binary",1
"147","1","2",41,0,"A bandit","Emeralds",42,"Non-binary",1
"147","1","2",42,62,"A bandit","Emeralds",42,"Non-binary",1
"147","1","2",43,0,"A bandit","Emeralds",42,"Non-binary",1
"147","1","2",44,64,"A bandit","Emeralds",42,"Non-binary",1
"147","1","2",45,59,"A bandit","Emeralds",42,"Non-binary",1
"147","1","2",46,0,"A bandit","Emeralds",42,"Non-binary",1
"147","1","2",47,0,"A bandit","Emeralds",42,"Non-binary",1
"147","1","2",48,63,"A bandit","Emeralds",42,"Non-binary",1
"147","1","2",49,62,"A bandit","Emeralds",42,"Non-binary",1
"147","1","2",50,52,"A bandit","Emeralds",42,"Non-binary",1
"148","1","42",1,91,"A bandit","Emeralds",44,"Male",1
"148","1","42",2,91,"A bandit","Emeralds",44,"Male",1
"148","1","42",3,0,"A bandit","Emeralds",44,"Male",1
"148","1","42",4,0,"A bandit","Emeralds",44,"Male",1
"148","1","42",5,72,"A bandit","Emeralds",44,"Male",1
"148","1","42",6,0,"A bandit","Emeralds",44,"Male",1
"148","1","42",7,64,"A bandit","Emeralds",44,"Male",1
"148","1","42",8,57,"A bandit","Emeralds",44,"Male",1
"148","1","42",9,43,"A bandit","Emeralds",44,"Male",1
"148","1","42",10,68,"A bandit","Emeralds",44,"Male",1
"148","1","42",11,0,"A bandit","Emeralds",44,"Male",1
"148","1","42",12,37,"A bandit","Emeralds",44,"Male",1
"148","1","42",13,0,"A bandit","Emeralds",44,"Male",1
"148","1","42",14,0,"A bandit","Emeralds",44,"Male",1
"148","1","42",15,0,"A bandit","Emeralds",44,"Male",1
"148","1","42",16,0,"A bandit","Emeralds",44,"Male",1
"148","1","42",17,59,"A bandit","Emeralds",44,"Male",1
"148","1","42",18,0,"A bandit","Emeralds",44,"Male",1
"148","1","42",19,0,"A bandit","Emeralds",44,"Male",1
"148","1","42",20,0,"A bandit","Emeralds",44,"Male",1
"148","1","42",21,46,"A bandit","Emeralds",44,"Male",1
"148","1","42",22,0,"A bandit","Emeralds",44,"Male",1
"148","1","42",23,34,"A bandit","Emeralds",44,"Male",1
"148","1","42",24,0,"A bandit","Emeralds",44,"Male",1
"148","1","42",25,39,"A bandit","Emeralds",44,"Male",1
"148","1","42",26,37,"A bandit","Emeralds",44,"Male",1
"148","1","42",27,0,"A bandit","Emeralds",44,"Male",1
"148","1","42",28,0,"A bandit","Emeralds",44,"Male",1
"148","1","42",29,0,"A bandit","Emeralds",44,"Male",1
"148","1","42",30,37,"A bandit","Emeralds",44,"Male",1
"148","1","42",31,30,"A bandit","Emeralds",44,"Male",1
"148","1","42",32,31,"A bandit","Emeralds",44,"Male",1
"148","1","42",33,31,"A bandit","Emeralds",44,"Male",1
"148","1","42",34,27,"A bandit","Emeralds",44,"Male",1
"148","1","42",35,26,"A bandit","Emeralds",44,"Male",1
"148","1","42",36,75,"A bandit","Emeralds",44,"Male",1
"148","1","42",37,0,"A bandit","Emeralds",44,"Male",1
"148","1","42",38,24,"A bandit","Emeralds",44,"Male",1
"148","1","42",39,0,"A bandit","Emeralds",44,"Male",1
"148","1","42",40,0,"A bandit","Emeralds",44,"Male",1
"148","1","42",41,25,"A bandit","Emeralds",44,"Male",1
"148","1","42",42,0,"A bandit","Emeralds",44,"Male",1
"148","1","42",43,0,"A bandit","Emeralds",44,"Male",1
"148","1","42",44,0,"A bandit","Emeralds",44,"Male",1
"148","1","42",45,0,"A bandit","Emeralds",44,"Male",1
"148","1","42",46,0,"A bandit","Emeralds",44,"Male",1
"148","1","42",47,0,"A bandit","Emeralds",44,"Male",1
"148","1","42",48,0,"A bandit","Emeralds",44,"Male",1
"148","1","42",49,0,"A bandit","Emeralds",44,"Male",1
"148","1","42",50,15,"A bandit","Emeralds",44,"Male",1
"149","2","15",1,0,"A tycoon","Emeralds",37,"Male",1
"149","2","15",2,6,"A tycoon","Emeralds",37,"Male",1
"149","2","15",3,0,"A tycoon","Emeralds",37,"Male",1
"149","2","15",4,0,"A tycoon","Emeralds",37,"Male",1
"149","2","15",5,10,"A tycoon","Emeralds",37,"Male",1
"149","2","15",6,11,"A tycoon","Emeralds",37,"Male",1
"149","2","15",7,20,"A tycoon","Emeralds",37,"Male",1
"149","2","15",8,0,"A tycoon","Emeralds",37,"Male",1
"149","2","15",9,12,"A tycoon","Emeralds",37,"Male",1
"149","2","15",10,0,"A tycoon","Emeralds",37,"Male",1
"149","2","15",11,8,"A tycoon","Emeralds",37,"Male",1
"149","2","15",12,7,"A tycoon","Emeralds",37,"Male",1
"149","2","15",13,7,"A tycoon","Emeralds",37,"Male",1
"149","2","15",14,17,"A tycoon","Emeralds",37,"Male",1
"149","2","15",15,11,"A tycoon","Emeralds",37,"Male",1
"149","2","15",16,6,"A tycoon","Emeralds",37,"Male",1
"149","2","15",17,3,"A tycoon","Emeralds",37,"Male",1
"149","2","15",18,3,"A tycoon","Emeralds",37,"Male",1
"149","2","15",19,0,"A tycoon","Emeralds",37,"Male",1
"149","2","15",20,0,"A tycoon","Emeralds",37,"Male",1
"149","2","15",21,16,"A tycoon","Emeralds",37,"Male",1
"149","2","15",22,0,"A tycoon","Emeralds",37,"Male",1
"149","2","15",23,5,"A tycoon","Emeralds",37,"Male",1
"149","2","15",24,5,"A tycoon","Emeralds",37,"Male",1
"149","2","15",25,18,"A tycoon","Emeralds",37,"Male",1
"149","2","15",26,5,"A tycoon","Emeralds",37,"Male",1
"149","2","15",27,4,"A tycoon","Emeralds",37,"Male",1
"149","2","15",28,0,"A tycoon","Emeralds",37,"Male",1
"149","2","15",29,0,"A tycoon","Emeralds",37,"Male",1
"149","2","15",30,0,"A tycoon","Emeralds",37,"Male",1
"149","2","15",31,0,"A tycoon","Emeralds",37,"Male",1
"149","2","15",32,0,"A tycoon","Emeralds",37,"Male",1
"149","2","15",33,7,"A tycoon","Emeralds",37,"Male",1
"149","2","15",34,0,"A tycoon","Emeralds",37,"Male",1
"149","2","15",35,0,"A tycoon","Emeralds",37,"Male",1
"149","2","15",36,0,"A tycoon","Emeralds",37,"Male",1
"149","2","15",37,0,"A tycoon","Emeralds",37,"Male",1
"149","2","15",38,0,"A tycoon","Emeralds",37,"Male",1
"149","2","15",39,0,"A tycoon","Emeralds",37,"Male",1
"149","2","15",40,0,"A tycoon","Emeralds",37,"Male",1
"149","2","15",41,0,"A tycoon","Emeralds",37,"Male",1
"149","2","15",42,0,"A tycoon","Emeralds",37,"Male",1
"149","2","15",43,0,"A tycoon","Emeralds",37,"Male",1
"149","2","15",44,8,"A tycoon","Emeralds",37,"Male",1
"149","2","15",45,0,"A tycoon","Emeralds",37,"Male",1
"149","2","15",46,0,"A tycoon","Emeralds",37,"Male",1
"149","2","15",47,6,"A tycoon","Emeralds",37,"Male",1
"149","2","15",48,14,"A tycoon","Emeralds",37,"Male",1
"149","2","15",49,4,"A tycoon","Emeralds",37,"Male",1
"149","2","15",50,3,"A tycoon","Emeralds",37,"Male",1
"150","2","63",1,0,"A tycoon","Emeralds",54,"Male",1
"150","2","63",2,13,"A tycoon","Emeralds",54,"Male",1
"150","2","63",3,8,"A tycoon","Emeralds",54,"Male",1
"150","2","63",4,4,"A tycoon","Emeralds",54,"Male",1
"150","2","63",5,0,"A tycoon","Emeralds",54,"Male",1
"150","2","63",6,13,"A tycoon","Emeralds",54,"Male",1
"150","2","63",7,0,"A tycoon","Emeralds",54,"Male",1
"150","2","63",8,11,"A tycoon","Emeralds",54,"Male",1
"150","2","63",9,10,"A tycoon","Emeralds",54,"Male",1
"150","2","63",10,4,"A tycoon","Emeralds",54,"Male",1
"150","2","63",11,1,"A tycoon","Emeralds",54,"Male",1
"150","2","63",12,1,"A tycoon","Emeralds",54,"Male",1
"150","2","63",13,0,"A tycoon","Emeralds",54,"Male",1
"150","2","63",14,0,"A tycoon","Emeralds",54,"Male",1
"150","2","63",15,0,"A tycoon","Emeralds",54,"Male",1
"150","2","63",16,0,"A tycoon","Emeralds",54,"Male",1
"150","2","63",17,0,"A tycoon","Emeralds",54,"Male",1
"150","2","63",18,61,"A tycoon","Emeralds",54,"Male",1
"150","2","63",19,0,"A tycoon","Emeralds",54,"Male",1
"150","2","63",20,6,"A tycoon","Emeralds",54,"Male",1
"150","2","63",21,0,"A tycoon","Emeralds",54,"Male",1
"150","2","63",22,0,"A tycoon","Emeralds",54,"Male",1
"150","2","63",23,0,"A tycoon","Emeralds",54,"Male",1
"150","2","63",24,0,"A tycoon","Emeralds",54,"Male",1
"150","2","63",25,0,"A tycoon","Emeralds",54,"Male",1
"150","2","63",26,0,"A tycoon","Emeralds",54,"Male",1
"150","2","63",27,0,"A tycoon","Emeralds",54,"Male",1
"150","2","63",28,0,"A tycoon","Emeralds",54,"Male",1
"150","2","63",29,0,"A tycoon","Emeralds",54,"Male",1
"150","2","63",30,0,"A tycoon","Emeralds",54,"Male",1
"150","2","63",31,76,"A tycoon","Emeralds",54,"Male",1
"150","2","63",32,0,"A tycoon","Emeralds",54,"Male",1
"150","2","63",33,9,"A tycoon","Emeralds",54,"Male",1
"150","2","63",34,0,"A tycoon","Emeralds",54,"Male",1
"150","2","63",35,0,"A tycoon","Emeralds",54,"Male",1
"150","2","63",36,0,"A tycoon","Emeralds",54,"Male",1
"150","2","63",37,0,"A tycoon","Emeralds",54,"Male",1
"150","2","63",38,0,"A tycoon","Emeralds",54,"Male",1
"150","2","63",39,0,"A tycoon","Emeralds",54,"Male",1
"150","2","63",40,0,"A tycoon","Emeralds",54,"Male",1
"150","2","63",41,0,"A tycoon","Emeralds",54,"Male",1
"150","2","63",42,0,"A tycoon","Emeralds",54,"Male",1
"150","2","63",43,0,"A tycoon","Emeralds",54,"Male",1
"150","2","63",44,0,"A tycoon","Emeralds",54,"Male",1
"150","2","63",45,0,"A tycoon","Emeralds",54,"Male",1
"150","2","63",46,0,"A tycoon","Emeralds",54,"Male",1
"150","2","63",47,0,"A tycoon","Emeralds",54,"Male",1
"150","2","63",48,0,"A tycoon","Emeralds",54,"Male",1
"150","2","63",49,0,"A tycoon","Emeralds",54,"Male",1
"150","2","63",50,0,"A tycoon","Emeralds",54,"Male",1
"151","3","31",1,86,"A sheriff","Emeralds",59,"Female",1
"151","3","31",2,86,"A sheriff","Emeralds",59,"Female",1
"151","3","31",3,94,"A sheriff","Emeralds",59,"Female",1
"151","3","31",4,94,"A sheriff","Emeralds",59,"Female",1
"151","3","31",5,47,"A sheriff","Emeralds",59,"Female",1
"151","3","31",6,54,"A sheriff","Emeralds",59,"Female",1
"151","3","31",7,61,"A sheriff","Emeralds",59,"Female",1
"151","3","31",8,76,"A sheriff","Emeralds",59,"Female",1
"151","3","31",9,46,"A sheriff","Emeralds",59,"Female",1
"151","3","31",10,74,"A sheriff","Emeralds",59,"Female",1
"151","3","31",11,45,"A sheriff","Emeralds",59,"Female",1
"151","3","31",12,45,"A sheriff","Emeralds",59,"Female",1
"151","3","31",13,71,"A sheriff","Emeralds",59,"Female",1
"151","3","31",14,72,"A sheriff","Emeralds",59,"Female",1
"151","3","31",15,83,"A sheriff","Emeralds",59,"Female",1
"151","3","31",16,44,"A sheriff","Emeralds",59,"Female",1
"151","3","31",17,47,"A sheriff","Emeralds",59,"Female",1
"151","3","31",18,47,"A sheriff","Emeralds",59,"Female",1
"151","3","31",19,78,"A sheriff","Emeralds",59,"Female",1
"151","3","31",20,45,"A sheriff","Emeralds",59,"Female",1
"151","3","31",21,75,"A sheriff","Emeralds",59,"Female",1
"151","3","31",22,39,"A sheriff","Emeralds",59,"Female",1
"151","3","31",23,87,"A sheriff","Emeralds",59,"Female",1
"151","3","31",24,80,"A sheriff","Emeralds",59,"Female",1
"151","3","31",25,91,"A sheriff","Emeralds",59,"Female",1
"151","3","31",26,68,"A sheriff","Emeralds",59,"Female",1
"151","3","31",27,78,"A sheriff","Emeralds",59,"Female",1
"151","3","31",28,77,"A sheriff","Emeralds",59,"Female",1
"151","3","31",29,87,"A sheriff","Emeralds",59,"Female",1
"151","3","31",30,43,"A sheriff","Emeralds",59,"Female",1
"151","3","31",31,87,"A sheriff","Emeralds",59,"Female",1
"151","3","31",32,43,"A sheriff","Emeralds",59,"Female",1
"151","3","31",33,78,"A sheriff","Emeralds",59,"Female",1
"151","3","31",34,81,"A sheriff","Emeralds",59,"Female",1
"151","3","31",35,46,"A sheriff","Emeralds",59,"Female",1
"151","3","31",36,85,"A sheriff","Emeralds",59,"Female",1
"151","3","31",37,81,"A sheriff","Emeralds",59,"Female",1
"151","3","31",38,85,"A sheriff","Emeralds",59,"Female",1
"151","3","31",39,43,"A sheriff","Emeralds",59,"Female",1
"151","3","31",40,33,"A sheriff","Emeralds",59,"Female",1
"151","3","31",41,92,"A sheriff","Emeralds",59,"Female",1
"151","3","31",42,41,"A sheriff","Emeralds",59,"Female",1
"151","3","31",43,44,"A sheriff","Emeralds",59,"Female",1
"151","3","31",44,92,"A sheriff","Emeralds",59,"Female",1
"151","3","31",45,89,"A sheriff","Emeralds",59,"Female",1
"151","3","31",46,93,"A sheriff","Emeralds",59,"Female",1
"151","3","31",47,89,"A sheriff","Emeralds",59,"Female",1
"151","3","31",48,91,"A sheriff","Emeralds",59,"Female",1
"151","3","31",49,38,"A sheriff","Emeralds",59,"Female",1
"151","3","31",50,39,"A sheriff","Emeralds",59,"Female",1
"152","3","19",1,100,"A sheriff","Gold",24,"Female",0
"152","3","19",2,47,"A sheriff","Gold",24,"Female",0
"152","3","19",3,69,"A sheriff","Gold",24,"Female",0
"152","3","19",4,65,"A sheriff","Gold",24,"Female",0
"152","3","19",5,70,"A sheriff","Gold",24,"Female",0
"152","3","19",6,72,"A sheriff","Gold",24,"Female",0
"152","3","19",7,71,"A sheriff","Gold",24,"Female",0
"152","3","19",8,60,"A sheriff","Gold",24,"Female",0
"152","3","19",9,61,"A sheriff","Gold",24,"Female",0
"152","3","19",10,65,"A sheriff","Gold",24,"Female",0
"152","3","19",11,50,"A sheriff","Gold",24,"Female",0
"152","3","19",12,57,"A sheriff","Gold",24,"Female",0
"152","3","19",13,60,"A sheriff","Gold",24,"Female",0
"152","3","19",14,80,"A sheriff","Gold",24,"Female",0
"152","3","19",15,66,"A sheriff","Gold",24,"Female",0
"152","3","19",16,72,"A sheriff","Gold",24,"Female",0
"152","3","19",17,65,"A sheriff","Gold",24,"Female",0
"152","3","19",18,65,"A sheriff","Gold",24,"Female",0
"152","3","19",19,59,"A sheriff","Gold",24,"Female",0
"152","3","19",20,66,"A sheriff","Gold",24,"Female",0
"152","3","19",21,69,"A sheriff","Gold",24,"Female",0
"152","3","19",22,68,"A sheriff","Gold",24,"Female",0
"152","3","19",23,67,"A sheriff","Gold",24,"Female",0
"152","3","19",24,63,"A sheriff","Gold",24,"Female",0
"152","3","19",25,75,"A sheriff","Gold",24,"Female",0
"152","3","19",26,67,"A sheriff","Gold",24,"Female",0
"152","3","19",27,83,"A sheriff","Gold",24,"Female",0
"152","3","19",28,70,"A sheriff","Gold",24,"Female",0
"152","3","19",29,69,"A sheriff","Gold",24,"Female",0
"152","3","19",30,66,"A sheriff","Gold",24,"Female",0
"152","3","19",31,64,"A sheriff","Gold",24,"Female",0
"152","3","19",32,76,"A sheriff","Gold",24,"Female",0
"152","3","19",33,100,"A sheriff","Gold",24,"Female",0
"152","3","19",34,65,"A sheriff","Gold",24,"Female",0
"152","3","19",35,74,"A sheriff","Gold",24,"Female",0
"152","3","19",36,77,"A sheriff","Gold",24,"Female",0
"152","3","19",37,73,"A sheriff","Gold",24,"Female",0
"152","3","19",38,88,"A sheriff","Gold",24,"Female",0
"152","3","19",39,72,"A sheriff","Gold",24,"Female",0
"152","3","19",40,69,"A sheriff","Gold",24,"Female",0
"152","3","19",41,64,"A sheriff","Gold",24,"Female",0
"152","3","19",42,76,"A sheriff","Gold",24,"Female",0
"152","3","19",43,72,"A sheriff","Gold",24,"Female",0
"152","3","19",44,68,"A sheriff","Gold",24,"Female",0
"152","3","19",45,71,"A sheriff","Gold",24,"Female",0
"152","3","19",46,68,"A sheriff","Gold",24,"Female",0
"152","3","19",47,75,"A sheriff","Gold",24,"Female",0
"152","3","19",48,75,"A sheriff","Gold",24,"Female",0
"152","3","19",49,73,"A sheriff","Gold",24,"Female",0
"152","3","19",50,72,"A sheriff","Gold",24,"Female",0
"153","2","43",1,75,"A tycoon","Emeralds",71,"Female",1
"153","2","43",2,27,"A tycoon","Emeralds",71,"Female",1
"153","2","43",3,77,"A tycoon","Emeralds",71,"Female",1
"153","2","43",4,76,"A tycoon","Emeralds",71,"Female",1
"153","2","43",5,77,"A tycoon","Emeralds",71,"Female",1
"153","2","43",6,21,"A tycoon","Emeralds",71,"Female",1
"153","2","43",7,72,"A tycoon","Emeralds",71,"Female",1
"153","2","43",8,14,"A tycoon","Emeralds",71,"Female",1
"153","2","43",9,73,"A tycoon","Emeralds",71,"Female",1
"153","2","43",10,88,"A tycoon","Emeralds",71,"Female",1
"153","2","43",11,83,"A tycoon","Emeralds",71,"Female",1
"153","2","43",12,77,"A tycoon","Emeralds",71,"Female",1
"153","2","43",13,79,"A tycoon","Emeralds",71,"Female",1
"153","2","43",14,14,"A tycoon","Emeralds",71,"Female",1
"153","2","43",15,80,"A tycoon","Emeralds",71,"Female",1
"153","2","43",16,76,"A tycoon","Emeralds",71,"Female",1
"153","2","43",17,78,"A tycoon","Emeralds",71,"Female",1
"153","2","43",18,78,"A tycoon","Emeralds",71,"Female",1
"153","2","43",19,78,"A tycoon","Emeralds",71,"Female",1
"153","2","43",20,77,"A tycoon","Emeralds",71,"Female",1
"153","2","43",21,78,"A tycoon","Emeralds",71,"Female",1
"153","2","43",22,77,"A tycoon","Emeralds",71,"Female",1
"153","2","43",23,80,"A tycoon","Emeralds",71,"Female",1
"153","2","43",24,8,"A tycoon","Emeralds",71,"Female",1
"153","2","43",25,93,"A tycoon","Emeralds",71,"Female",1
"153","2","43",26,89,"A tycoon","Emeralds",71,"Female",1
"153","2","43",27,91,"A tycoon","Emeralds",71,"Female",1
"153","2","43",28,90,"A tycoon","Emeralds",71,"Female",1
"153","2","43",29,4,"A tycoon","Emeralds",71,"Female",1
"153","2","43",30,88,"A tycoon","Emeralds",71,"Female",1
"153","2","43",31,87,"A tycoon","Emeralds",71,"Female",1
"153","2","43",32,11,"A tycoon","Emeralds",71,"Female",1
"153","2","43",33,8,"A tycoon","Emeralds",71,"Female",1
"153","2","43",34,90,"A tycoon","Emeralds",71,"Female",1
"153","2","43",35,91,"A tycoon","Emeralds",71,"Female",1
"153","2","43",36,89,"A tycoon","Emeralds",71,"Female",1
"153","2","43",37,87,"A tycoon","Emeralds",71,"Female",1
"153","2","43",38,93,"A tycoon","Emeralds",71,"Female",1
"153","2","43",39,92,"A tycoon","Emeralds",71,"Female",1
"153","2","43",40,6,"A tycoon","Emeralds",71,"Female",1
"153","2","43",41,88,"A tycoon","Emeralds",71,"Female",1
"153","2","43",42,92,"A tycoon","Emeralds",71,"Female",1
"153","2","43",43,93,"A tycoon","Emeralds",71,"Female",1
"153","2","43",44,96,"A tycoon","Emeralds",71,"Female",1
"153","2","43",45,92,"A tycoon","Emeralds",71,"Female",1
"153","2","43",46,91,"A tycoon","Emeralds",71,"Female",1
"153","2","43",47,4,"A tycoon","Emeralds",71,"Female",1
"153","2","43",48,94,"A tycoon","Emeralds",71,"Female",1
"153","2","43",49,93,"A tycoon","Emeralds",71,"Female",1
"153","2","43",50,92,"A tycoon","Emeralds",71,"Female",1
"154","2","16",1,64,"A tycoon","Emeralds",58,"Female",1
"154","2","16",2,50,"A tycoon","Emeralds",58,"Female",1
"154","2","16",3,82,"A tycoon","Emeralds",58,"Female",1
"154","2","16",4,81,"A tycoon","Emeralds",58,"Female",1
"154","2","16",5,25,"A tycoon","Emeralds",58,"Female",1
"154","2","16",6,5,"A tycoon","Emeralds",58,"Female",1
"154","2","16",7,60,"A tycoon","Emeralds",58,"Female",1
"154","2","16",8,73,"A tycoon","Emeralds",58,"Female",1
"154","2","16",9,77,"A tycoon","Emeralds",58,"Female",1
"154","2","16",10,1,"A tycoon","Emeralds",58,"Female",1
"154","2","16",11,73,"A tycoon","Emeralds",58,"Female",1
"154","2","16",12,86,"A tycoon","Emeralds",58,"Female",1
"154","2","16",13,93,"A tycoon","Emeralds",58,"Female",1
"154","2","16",14,94,"A tycoon","Emeralds",58,"Female",1
"154","2","16",15,98,"A tycoon","Emeralds",58,"Female",1
"154","2","16",16,99,"A tycoon","Emeralds",58,"Female",1
"154","2","16",17,1,"A tycoon","Emeralds",58,"Female",1
"154","2","16",18,81,"A tycoon","Emeralds",58,"Female",1
"154","2","16",19,1,"A tycoon","Emeralds",58,"Female",1
"154","2","16",20,72,"A tycoon","Emeralds",58,"Female",1
"154","2","16",21,1,"A tycoon","Emeralds",58,"Female",1
"154","2","16",22,0,"A tycoon","Emeralds",58,"Female",1
"154","2","16",23,75,"A tycoon","Emeralds",58,"Female",1
"154","2","16",24,1,"A tycoon","Emeralds",58,"Female",1
"154","2","16",25,0,"A tycoon","Emeralds",58,"Female",1
"154","2","16",26,0,"A tycoon","Emeralds",58,"Female",1
"154","2","16",27,65,"A tycoon","Emeralds",58,"Female",1
"154","2","16",28,2,"A tycoon","Emeralds",58,"Female",1
"154","2","16",29,0,"A tycoon","Emeralds",58,"Female",1
"154","2","16",30,75,"A tycoon","Emeralds",58,"Female",1
"154","2","16",31,1,"A tycoon","Emeralds",58,"Female",1
"154","2","16",32,86,"A tycoon","Emeralds",58,"Female",1
"154","2","16",33,83,"A tycoon","Emeralds",58,"Female",1
"154","2","16",34,82,"A tycoon","Emeralds",58,"Female",1
"154","2","16",35,80,"A tycoon","Emeralds",58,"Female",1
"154","2","16",36,87,"A tycoon","Emeralds",58,"Female",1
"154","2","16",37,89,"A tycoon","Emeralds",58,"Female",1
"154","2","16",38,92,"A tycoon","Emeralds",58,"Female",1
"154","2","16",39,69,"A tycoon","Emeralds",58,"Female",1
"154","2","16",40,72,"A tycoon","Emeralds",58,"Female",1
"154","2","16",41,0,"A tycoon","Emeralds",58,"Female",1
"154","2","16",42,68,"A tycoon","Emeralds",58,"Female",1
"154","2","16",43,0,"A tycoon","Emeralds",58,"Female",1
"154","2","16",44,68,"A tycoon","Emeralds",58,"Female",1
"154","2","16",45,69,"A tycoon","Emeralds",58,"Female",1
"154","2","16",46,69,"A tycoon","Emeralds",58,"Female",1
"154","2","16",47,1,"A tycoon","Emeralds",58,"Female",1
"154","2","16",48,65,"A tycoon","Emeralds",58,"Female",1
"154","2","16",49,57,"A tycoon","Emeralds",58,"Female",1
"154","2","16",50,50,"A tycoon","Emeralds",58,"Female",1
"155","1","66",1,82,"A bandit","Emeralds",29,"Male",1
"155","1","66",2,89,"A bandit","Emeralds",29,"Male",1
"155","1","66",3,90,"A bandit","Emeralds",29,"Male",1
"155","1","66",4,27,"A bandit","Emeralds",29,"Male",1
"155","1","66",5,73,"A bandit","Emeralds",29,"Male",1
"155","1","66",6,21,"A bandit","Emeralds",29,"Male",1
"155","1","66",7,75,"A bandit","Emeralds",29,"Male",1
"155","1","66",8,35,"A bandit","Emeralds",29,"Male",1
"155","1","66",9,65,"A bandit","Emeralds",29,"Male",1
"155","1","66",10,85,"A bandit","Emeralds",29,"Male",1
"155","1","66",11,28,"A bandit","Emeralds",29,"Male",1
"155","1","66",12,87,"A bandit","Emeralds",29,"Male",1
"155","1","66",13,94,"A bandit","Emeralds",29,"Male",1
"155","1","66",14,35,"A bandit","Emeralds",29,"Male",1
"155","1","66",15,87,"A bandit","Emeralds",29,"Male",1
"155","1","66",16,34,"A bandit","Emeralds",29,"Male",1
"155","1","66",17,21,"A bandit","Emeralds",29,"Male",1
"155","1","66",18,82,"A bandit","Emeralds",29,"Male",1
"155","1","66",19,26,"A bandit","Emeralds",29,"Male",1
"155","1","66",20,75,"A bandit","Emeralds",29,"Male",1
"155","1","66",21,19,"A bandit","Emeralds",29,"Male",1
"155","1","66",22,78,"A bandit","Emeralds",29,"Male",1
"155","1","66",23,20,"A bandit","Emeralds",29,"Male",1
"155","1","66",24,85,"A bandit","Emeralds",29,"Male",1
"155","1","66",25,86,"A bandit","Emeralds",29,"Male",1
"155","1","66",26,86,"A bandit","Emeralds",29,"Male",1
"155","1","66",27,88,"A bandit","Emeralds",29,"Male",1
"155","1","66",28,13,"A bandit","Emeralds",29,"Male",1
"155","1","66",29,84,"A bandit","Emeralds",29,"Male",1
"155","1","66",30,84,"A bandit","Emeralds",29,"Male",1
"155","1","66",31,17,"A bandit","Emeralds",29,"Male",1
"155","1","66",32,91,"A bandit","Emeralds",29,"Male",1
"155","1","66",33,88,"A bandit","Emeralds",29,"Male",1
"155","1","66",34,12,"A bandit","Emeralds",29,"Male",1
"155","1","66",35,84,"A bandit","Emeralds",29,"Male",1
"155","1","66",36,11,"A bandit","Emeralds",29,"Male",1
"155","1","66",37,10,"A bandit","Emeralds",29,"Male",1
"155","1","66",38,90,"A bandit","Emeralds",29,"Male",1
"155","1","66",39,5,"A bandit","Emeralds",29,"Male",1
"155","1","66",40,90,"A bandit","Emeralds",29,"Male",1
"155","1","66",41,90,"A bandit","Emeralds",29,"Male",1
"155","1","66",42,91,"A bandit","Emeralds",29,"Male",1
"155","1","66",43,92,"A bandit","Emeralds",29,"Male",1
"155","1","66",44,10,"A bandit","Emeralds",29,"Male",1
"155","1","66",45,9,"A bandit","Emeralds",29,"Male",1
"155","1","66",46,89,"A bandit","Emeralds",29,"Male",1
"155","1","66",47,85,"A bandit","Emeralds",29,"Male",1
"155","1","66",48,9,"A bandit","Emeralds",29,"Male",1
"155","1","66",49,87,"A bandit","Emeralds",29,"Male",1
"155","1","66",50,86,"A bandit","Emeralds",29,"Male",1
"156","1","47",1,35,"A bandit","Emeralds",64,"Male",1
"156","1","47",2,73,"A bandit","Emeralds",64,"Male",1
"156","1","47",3,0,"A bandit","Emeralds",64,"Male",1
"156","1","47",4,100,"A bandit","Emeralds",64,"Male",1
"156","1","47",5,100,"A bandit","Emeralds",64,"Male",1
"156","1","47",6,100,"A bandit","Emeralds",64,"Male",1
"156","1","47",7,100,"A bandit","Emeralds",64,"Male",1
"156","1","47",8,100,"A bandit","Emeralds",64,"Male",1
"156","1","47",9,0,"A bandit","Emeralds",64,"Male",1
"156","1","47",10,0,"A bandit","Emeralds",64,"Male",1
"156","1","47",11,0,"A bandit","Emeralds",64,"Male",1
"156","1","47",12,0,"A bandit","Emeralds",64,"Male",1
"156","1","47",13,98,"A bandit","Emeralds",64,"Male",1
"156","1","47",14,100,"A bandit","Emeralds",64,"Male",1
"156","1","47",15,0,"A bandit","Emeralds",64,"Male",1
"156","1","47",16,100,"A bandit","Emeralds",64,"Male",1
"156","1","47",17,100,"A bandit","Emeralds",64,"Male",1
"156","1","47",18,0,"A bandit","Emeralds",64,"Male",1
"156","1","47",19,0,"A bandit","Emeralds",64,"Male",1
"156","1","47",20,98,"A bandit","Emeralds",64,"Male",1
"156","1","47",21,100,"A bandit","Emeralds",64,"Male",1
"156","1","47",22,100,"A bandit","Emeralds",64,"Male",1
"156","1","47",23,0,"A bandit","Emeralds",64,"Male",1
"156","1","47",24,100,"A bandit","Emeralds",64,"Male",1
"156","1","47",25,0,"A bandit","Emeralds",64,"Male",1
"156","1","47",26,100,"A bandit","Emeralds",64,"Male",1
"156","1","47",27,100,"A bandit","Emeralds",64,"Male",1
"156","1","47",28,0,"A bandit","Emeralds",64,"Male",1
"156","1","47",29,0,"A bandit","Emeralds",64,"Male",1
"156","1","47",30,0,"A bandit","Emeralds",64,"Male",1
"156","1","47",31,100,"A bandit","Emeralds",64,"Male",1
"156","1","47",32,0,"A bandit","Emeralds",64,"Male",1
"156","1","47",33,0,"A bandit","Emeralds",64,"Male",1
"156","1","47",34,0,"A bandit","Emeralds",64,"Male",1
"156","1","47",35,0,"A bandit","Emeralds",64,"Male",1
"156","1","47",36,100,"A bandit","Emeralds",64,"Male",1
"156","1","47",37,100,"A bandit","Emeralds",64,"Male",1
"156","1","47",38,100,"A bandit","Emeralds",64,"Male",1
"156","1","47",39,90,"A bandit","Emeralds",64,"Male",1
"156","1","47",40,100,"A bandit","Emeralds",64,"Male",1
"156","1","47",41,0,"A bandit","Emeralds",64,"Male",1
"156","1","47",42,0,"A bandit","Emeralds",64,"Male",1
"156","1","47",43,0,"A bandit","Emeralds",64,"Male",1
"156","1","47",44,100,"A bandit","Emeralds",64,"Male",1
"156","1","47",45,0,"A bandit","Emeralds",64,"Male",1
"156","1","47",46,0,"A bandit","Emeralds",64,"Male",1
"156","1","47",47,100,"A bandit","Emeralds",64,"Male",1
"156","1","47",48,100,"A bandit","Emeralds",64,"Male",1
"156","1","47",49,100,"A bandit","Emeralds",64,"Male",1
"156","1","47",50,100,"A bandit","Emeralds",64,"Male",1
"157","2","1",1,89,"A tycoon","Emeralds",50,"Female",1
"157","2","1",2,65,"A tycoon","Emeralds",50,"Female",1
"157","2","1",3,50,"A tycoon","Emeralds",50,"Female",1
"157","2","1",4,88,"A tycoon","Emeralds",50,"Female",1
"157","2","1",5,19,"A tycoon","Emeralds",50,"Female",1
"157","2","1",6,40,"A tycoon","Emeralds",50,"Female",1
"157","2","1",7,40,"A tycoon","Emeralds",50,"Female",1
"157","2","1",8,37,"A tycoon","Emeralds",50,"Female",1
"157","2","1",9,28,"A tycoon","Emeralds",50,"Female",1
"157","2","1",10,7,"A tycoon","Emeralds",50,"Female",1
"157","2","1",11,20,"A tycoon","Emeralds",50,"Female",1
"157","2","1",12,88,"A tycoon","Emeralds",50,"Female",1
"157","2","1",13,82,"A tycoon","Emeralds",50,"Female",1
"157","2","1",14,66,"A tycoon","Emeralds",50,"Female",1
"157","2","1",15,17,"A tycoon","Emeralds",50,"Female",1
"157","2","1",16,17,"A tycoon","Emeralds",50,"Female",1
"157","2","1",17,8,"A tycoon","Emeralds",50,"Female",1
"157","2","1",18,8,"A tycoon","Emeralds",50,"Female",1
"157","2","1",19,4,"A tycoon","Emeralds",50,"Female",1
"157","2","1",20,4,"A tycoon","Emeralds",50,"Female",1
"157","2","1",21,0,"A tycoon","Emeralds",50,"Female",1
"157","2","1",22,13,"A tycoon","Emeralds",50,"Female",1
"157","2","1",23,2,"A tycoon","Emeralds",50,"Female",1
"157","2","1",24,1,"A tycoon","Emeralds",50,"Female",1
"157","2","1",25,2,"A tycoon","Emeralds",50,"Female",1
"157","2","1",26,93,"A tycoon","Emeralds",50,"Female",1
"157","2","1",27,87,"A tycoon","Emeralds",50,"Female",1
"157","2","1",28,91,"A tycoon","Emeralds",50,"Female",1
"157","2","1",29,1,"A tycoon","Emeralds",50,"Female",1
"157","2","1",30,87,"A tycoon","Emeralds",50,"Female",1
"157","2","1",31,86,"A tycoon","Emeralds",50,"Female",1
"157","2","1",32,91,"A tycoon","Emeralds",50,"Female",1
"157","2","1",33,87,"A tycoon","Emeralds",50,"Female",1
"157","2","1",34,95,"A tycoon","Emeralds",50,"Female",1
"157","2","1",35,0,"A tycoon","Emeralds",50,"Female",1
"157","2","1",36,14,"A tycoon","Emeralds",50,"Female",1
"157","2","1",37,3,"A tycoon","Emeralds",50,"Female",1
"157","2","1",38,0,"A tycoon","Emeralds",50,"Female",1
"157","2","1",39,0,"A tycoon","Emeralds",50,"Female",1
"157","2","1",40,8,"A tycoon","Emeralds",50,"Female",1
"157","2","1",41,1,"A tycoon","Emeralds",50,"Female",1
"157","2","1",42,1,"A tycoon","Emeralds",50,"Female",1
"157","2","1",43,87,"A tycoon","Emeralds",50,"Female",1
"157","2","1",44,90,"A tycoon","Emeralds",50,"Female",1
"157","2","1",45,87,"A tycoon","Emeralds",50,"Female",1
"157","2","1",46,0,"A tycoon","Emeralds",50,"Female",1
"157","2","1",47,0,"A tycoon","Emeralds",50,"Female",1
"157","2","1",48,1,"A tycoon","Emeralds",50,"Female",1
"157","2","1",49,0,"A tycoon","Emeralds",50,"Female",1
"157","2","1",50,3,"A tycoon","Emeralds",50,"Female",1
"158","2","22",1,51,"A tycoon","Emeralds",34,"Male",1
"158","2","22",2,40,"A tycoon","Emeralds",34,"Male",1
"158","2","22",3,53,"A tycoon","Emeralds",34,"Male",1
"158","2","22",4,70,"A tycoon","Emeralds",34,"Male",1
"158","2","22",5,90,"A tycoon","Emeralds",34,"Male",1
"158","2","22",6,89,"A tycoon","Emeralds",34,"Male",1
"158","2","22",7,88,"A tycoon","Emeralds",34,"Male",1
"158","2","22",8,17,"A tycoon","Emeralds",34,"Male",1
"158","2","22",9,82,"A tycoon","Emeralds",34,"Male",1
"158","2","22",10,66,"A tycoon","Emeralds",34,"Male",1
"158","2","22",11,17,"A tycoon","Emeralds",34,"Male",1
"158","2","22",12,84,"A tycoon","Emeralds",34,"Male",1
"158","2","22",13,83,"A tycoon","Emeralds",34,"Male",1
"158","2","22",14,93,"A tycoon","Emeralds",34,"Male",1
"158","2","22",15,85,"A tycoon","Emeralds",34,"Male",1
"158","2","22",16,85,"A tycoon","Emeralds",34,"Male",1
"158","2","22",17,85,"A tycoon","Emeralds",34,"Male",1
"158","2","22",18,15,"A tycoon","Emeralds",34,"Male",1
"158","2","22",19,11,"A tycoon","Emeralds",34,"Male",1
"158","2","22",20,90,"A tycoon","Emeralds",34,"Male",1
"158","2","22",21,3,"A tycoon","Emeralds",34,"Male",1
"158","2","22",22,9,"A tycoon","Emeralds",34,"Male",1
"158","2","22",23,93,"A tycoon","Emeralds",34,"Male",1
"158","2","22",24,81,"A tycoon","Emeralds",34,"Male",1
"158","2","22",25,23,"A tycoon","Emeralds",34,"Male",1
"158","2","22",26,71,"A tycoon","Emeralds",34,"Male",1
"158","2","22",27,72,"A tycoon","Emeralds",34,"Male",1
"158","2","22",28,73,"A tycoon","Emeralds",34,"Male",1
"158","2","22",29,85,"A tycoon","Emeralds",34,"Male",1
"158","2","22",30,18,"A tycoon","Emeralds",34,"Male",1
"158","2","22",31,85,"A tycoon","Emeralds",34,"Male",1
"158","2","22",32,75,"A tycoon","Emeralds",34,"Male",1
"158","2","22",33,82,"A tycoon","Emeralds",34,"Male",1
"158","2","22",34,26,"A tycoon","Emeralds",34,"Male",1
"158","2","22",35,87,"A tycoon","Emeralds",34,"Male",1
"158","2","22",36,74,"A tycoon","Emeralds",34,"Male",1
"158","2","22",37,15,"A tycoon","Emeralds",34,"Male",1
"158","2","22",38,15,"A tycoon","Emeralds",34,"Male",1
"158","2","22",39,11,"A tycoon","Emeralds",34,"Male",1
"158","2","22",40,7,"A tycoon","Emeralds",34,"Male",1
"158","2","22",41,61,"A tycoon","Emeralds",34,"Male",1
"158","2","22",42,59,"A tycoon","Emeralds",34,"Male",1
"158","2","22",43,65,"A tycoon","Emeralds",34,"Male",1
"158","2","22",44,36,"A tycoon","Emeralds",34,"Male",1
"158","2","22",45,55,"A tycoon","Emeralds",34,"Male",1
"158","2","22",46,39,"A tycoon","Emeralds",34,"Male",1
"158","2","22",47,81,"A tycoon","Emeralds",34,"Male",1
"158","2","22",48,57,"A tycoon","Emeralds",34,"Male",1
"158","2","22",49,57,"A tycoon","Emeralds",34,"Male",1
"158","2","22",50,58,"A tycoon","Emeralds",34,"Male",1
"159","2","22",1,0,"A tycoon","Emeralds",37,"Female",1
"159","2","22",2,100,"A tycoon","Emeralds",37,"Female",1
"159","2","22",3,13,"A tycoon","Emeralds",37,"Female",1
"159","2","22",4,100,"A tycoon","Emeralds",37,"Female",1
"159","2","22",5,100,"A tycoon","Emeralds",37,"Female",1
"159","2","22",6,14,"A tycoon","Emeralds",37,"Female",1
"159","2","22",7,41,"A tycoon","Emeralds",37,"Female",1
"159","2","22",8,14,"A tycoon","Emeralds",37,"Female",1
"159","2","22",9,100,"A tycoon","Emeralds",37,"Female",1
"159","2","22",10,78,"A tycoon","Emeralds",37,"Female",1
"159","2","22",11,16,"A tycoon","Emeralds",37,"Female",1
"159","2","22",12,65,"A tycoon","Emeralds",37,"Female",1
"159","2","22",13,11,"A tycoon","Emeralds",37,"Female",1
"159","2","22",14,68,"A tycoon","Emeralds",37,"Female",1
"159","2","22",15,69,"A tycoon","Emeralds",37,"Female",1
"159","2","22",16,62,"A tycoon","Emeralds",37,"Female",1
"159","2","22",17,60,"A tycoon","Emeralds",37,"Female",1
"159","2","22",18,10,"A tycoon","Emeralds",37,"Female",1
"159","2","22",19,0,"A tycoon","Emeralds",37,"Female",1
"159","2","22",20,100,"A tycoon","Emeralds",37,"Female",1
"159","2","22",21,14,"A tycoon","Emeralds",37,"Female",1
"159","2","22",22,32,"A tycoon","Emeralds",37,"Female",1
"159","2","22",23,66,"A tycoon","Emeralds",37,"Female",1
"159","2","22",24,0,"A tycoon","Emeralds",37,"Female",1
"159","2","22",25,7,"A tycoon","Emeralds",37,"Female",1
"159","2","22",26,100,"A tycoon","Emeralds",37,"Female",1
"159","2","22",27,100,"A tycoon","Emeralds",37,"Female",1
"159","2","22",28,92,"A tycoon","Emeralds",37,"Female",1
"159","2","22",29,90,"A tycoon","Emeralds",37,"Female",1
"159","2","22",30,0,"A tycoon","Emeralds",37,"Female",1
"159","2","22",31,80,"A tycoon","Emeralds",37,"Female",1
"159","2","22",32,76,"A tycoon","Emeralds",37,"Female",1
"159","2","22",33,63,"A tycoon","Emeralds",37,"Female",1
"159","2","22",34,0,"A tycoon","Emeralds",37,"Female",1
"159","2","22",35,65,"A tycoon","Emeralds",37,"Female",1
"159","2","22",36,64,"A tycoon","Emeralds",37,"Female",1
"159","2","22",37,0,"A tycoon","Emeralds",37,"Female",1
"159","2","22",38,0,"A tycoon","Emeralds",37,"Female",1
"159","2","22",39,0,"A tycoon","Emeralds",37,"Female",1
"159","2","22",40,0,"A tycoon","Emeralds",37,"Female",1
"159","2","22",41,62,"A tycoon","Emeralds",37,"Female",1
"159","2","22",42,60,"A tycoon","Emeralds",37,"Female",1
"159","2","22",43,0,"A tycoon","Emeralds",37,"Female",1
"159","2","22",44,42,"A tycoon","Emeralds",37,"Female",1
"159","2","22",45,38,"A tycoon","Emeralds",37,"Female",1
"159","2","22",46,35,"A tycoon","Emeralds",37,"Female",1
"159","2","22",47,0,"A tycoon","Emeralds",37,"Female",1
"159","2","22",48,0,"A tycoon","Emeralds",37,"Female",1
"159","2","22",49,0,"A tycoon","Emeralds",37,"Female",1
"159","2","22",50,0,"A tycoon","Emeralds",37,"Female",1
"160","3","30",1,80,"A sheriff","Emeralds",33,"Female",1
"160","3","30",2,75,"A sheriff","Emeralds",33,"Female",1
"160","3","30",3,24,"A sheriff","Emeralds",33,"Female",1
"160","3","30",4,0,"A sheriff","Emeralds",33,"Female",1
"160","3","30",5,0,"A sheriff","Emeralds",33,"Female",1
"160","3","30",6,57,"A sheriff","Emeralds",33,"Female",1
"160","3","30",7,0,"A sheriff","Emeralds",33,"Female",1
"160","3","30",8,0,"A sheriff","Emeralds",33,"Female",1
"160","3","30",9,63,"A sheriff","Emeralds",33,"Female",1
"160","3","30",10,2,"A sheriff","Emeralds",33,"Female",1
"160","3","30",11,1,"A sheriff","Emeralds",33,"Female",1
"160","3","30",12,55,"A sheriff","Emeralds",33,"Female",1
"160","3","30",13,1,"A sheriff","Emeralds",33,"Female",1
"160","3","30",14,59,"A sheriff","Emeralds",33,"Female",1
"160","3","30",15,19,"A sheriff","Emeralds",33,"Female",1
"160","3","30",16,12,"A sheriff","Emeralds",33,"Female",1
"160","3","30",17,5,"A sheriff","Emeralds",33,"Female",1
"160","3","30",18,44,"A sheriff","Emeralds",33,"Female",1
"160","3","30",19,74,"A sheriff","Emeralds",33,"Female",1
"160","3","30",20,37,"A sheriff","Emeralds",33,"Female",1
"160","3","30",21,8,"A sheriff","Emeralds",33,"Female",1
"160","3","30",22,59,"A sheriff","Emeralds",33,"Female",1
"160","3","30",23,60,"A sheriff","Emeralds",33,"Female",1
"160","3","30",24,27,"A sheriff","Emeralds",33,"Female",1
"160","3","30",25,13,"A sheriff","Emeralds",33,"Female",1
"160","3","30",26,1,"A sheriff","Emeralds",33,"Female",1
"160","3","30",27,52,"A sheriff","Emeralds",33,"Female",1
"160","3","30",28,0,"A sheriff","Emeralds",33,"Female",1
"160","3","30",29,0,"A sheriff","Emeralds",33,"Female",1
"160","3","30",30,0,"A sheriff","Emeralds",33,"Female",1
"160","3","30",31,1,"A sheriff","Emeralds",33,"Female",1
"160","3","30",32,44,"A sheriff","Emeralds",33,"Female",1
"160","3","30",33,0,"A sheriff","Emeralds",33,"Female",1
"160","3","30",34,1,"A sheriff","Emeralds",33,"Female",1
"160","3","30",35,0,"A sheriff","Emeralds",33,"Female",1
"160","3","30",36,33,"A sheriff","Emeralds",33,"Female",1
"160","3","30",37,0,"A sheriff","Emeralds",33,"Female",1
"160","3","30",38,46,"A sheriff","Emeralds",33,"Female",1
"160","3","30",39,53,"A sheriff","Emeralds",33,"Female",1
"160","3","30",40,1,"A sheriff","Emeralds",33,"Female",1
"160","3","30",41,59,"A sheriff","Emeralds",33,"Female",1
"160","3","30",42,87,"A sheriff","Emeralds",33,"Female",1
"160","3","30",43,0,"A sheriff","Emeralds",33,"Female",1
"160","3","30",44,0,"A sheriff","Emeralds",33,"Female",1
"160","3","30",45,95,"A sheriff","Emeralds",33,"Female",1
"160","3","30",46,2,"A sheriff","Emeralds",33,"Female",1
"160","3","30",47,0,"A sheriff","Emeralds",33,"Female",1
"160","3","30",48,0,"A sheriff","Emeralds",33,"Female",1
"160","3","30",49,1,"A sheriff","Emeralds",33,"Female",1
"160","3","30",50,70,"A sheriff","Emeralds",33,"Female",1
"161","3","40",1,87,"A sheriff","Emeralds",35,"Female",1
"161","3","40",2,100,"A sheriff","Emeralds",35,"Female",1
"161","3","40",3,95,"A sheriff","Emeralds",35,"Female",1
"161","3","40",4,20,"A sheriff","Emeralds",35,"Female",1
"161","3","40",5,60,"A sheriff","Emeralds",35,"Female",1
"161","3","40",6,36,"A sheriff","Emeralds",35,"Female",1
"161","3","40",7,40,"A sheriff","Emeralds",35,"Female",1
"161","3","40",8,76,"A sheriff","Emeralds",35,"Female",1
"161","3","40",9,100,"A sheriff","Emeralds",35,"Female",1
"161","3","40",10,63,"A sheriff","Emeralds",35,"Female",1
"161","3","40",11,49,"A sheriff","Emeralds",35,"Female",1
"161","3","40",12,66,"A sheriff","Emeralds",35,"Female",1
"161","3","40",13,91,"A sheriff","Emeralds",35,"Female",1
"161","3","40",14,0,"A sheriff","Emeralds",35,"Female",1
"161","3","40",15,22,"A sheriff","Emeralds",35,"Female",1
"161","3","40",16,74,"A sheriff","Emeralds",35,"Female",1
"161","3","40",17,74,"A sheriff","Emeralds",35,"Female",1
"161","3","40",18,6,"A sheriff","Emeralds",35,"Female",1
"161","3","40",19,76,"A sheriff","Emeralds",35,"Female",1
"161","3","40",20,82,"A sheriff","Emeralds",35,"Female",1
"161","3","40",21,92,"A sheriff","Emeralds",35,"Female",1
"161","3","40",22,45,"A sheriff","Emeralds",35,"Female",1
"161","3","40",23,63,"A sheriff","Emeralds",35,"Female",1
"161","3","40",24,64,"A sheriff","Emeralds",35,"Female",1
"161","3","40",25,60,"A sheriff","Emeralds",35,"Female",1
"161","3","40",26,70,"A sheriff","Emeralds",35,"Female",1
"161","3","40",27,74,"A sheriff","Emeralds",35,"Female",1
"161","3","40",28,77,"A sheriff","Emeralds",35,"Female",1
"161","3","40",29,35,"A sheriff","Emeralds",35,"Female",1
"161","3","40",30,38,"A sheriff","Emeralds",35,"Female",1
"161","3","40",31,28,"A sheriff","Emeralds",35,"Female",1
"161","3","40",32,79,"A sheriff","Emeralds",35,"Female",1
"161","3","40",33,19,"A sheriff","Emeralds",35,"Female",1
"161","3","40",34,73,"A sheriff","Emeralds",35,"Female",1
"161","3","40",35,68,"A sheriff","Emeralds",35,"Female",1
"161","3","40",36,81,"A sheriff","Emeralds",35,"Female",1
"161","3","40",37,69,"A sheriff","Emeralds",35,"Female",1
"161","3","40",38,78,"A sheriff","Emeralds",35,"Female",1
"161","3","40",39,77,"A sheriff","Emeralds",35,"Female",1
"161","3","40",40,77,"A sheriff","Emeralds",35,"Female",1
"161","3","40",41,44,"A sheriff","Emeralds",35,"Female",1
"161","3","40",42,13,"A sheriff","Emeralds",35,"Female",1
"161","3","40",43,82,"A sheriff","Emeralds",35,"Female",1
"161","3","40",44,38,"A sheriff","Emeralds",35,"Female",1
"161","3","40",45,44,"A sheriff","Emeralds",35,"Female",1
"161","3","40",46,62,"A sheriff","Emeralds",35,"Female",1
"161","3","40",47,44,"A sheriff","Emeralds",35,"Female",1
"161","3","40",48,73,"A sheriff","Emeralds",35,"Female",1
"161","3","40",49,31,"A sheriff","Emeralds",35,"Female",1
"161","3","40",50,54,"A sheriff","Emeralds",35,"Female",1
"162","1","62",1,76,"A bandit","Emeralds",37,"Female",1
"162","1","62",2,70,"A bandit","Emeralds",37,"Female",1
"162","1","62",3,23,"A bandit","Emeralds",37,"Female",1
"162","1","62",4,9,"A bandit","Emeralds",37,"Female",1
"162","1","62",5,12,"A bandit","Emeralds",37,"Female",1
"162","1","62",6,5,"A bandit","Emeralds",37,"Female",1
"162","1","62",7,2,"A bandit","Emeralds",37,"Female",1
"162","1","62",8,0,"A bandit","Emeralds",37,"Female",1
"162","1","62",9,26,"A bandit","Emeralds",37,"Female",1
"162","1","62",10,0,"A bandit","Emeralds",37,"Female",1
"162","1","62",11,1,"A bandit","Emeralds",37,"Female",1
"162","1","62",12,0,"A bandit","Emeralds",37,"Female",1
"162","1","62",13,61,"A bandit","Emeralds",37,"Female",1
"162","1","62",14,71,"A bandit","Emeralds",37,"Female",1
"162","1","62",15,0,"A bandit","Emeralds",37,"Female",1
"162","1","62",16,64,"A bandit","Emeralds",37,"Female",1
"162","1","62",17,1,"A bandit","Emeralds",37,"Female",1
"162","1","62",18,66,"A bandit","Emeralds",37,"Female",1
"162","1","62",19,1,"A bandit","Emeralds",37,"Female",1
"162","1","62",20,1,"A bandit","Emeralds",37,"Female",1
"162","1","62",21,1,"A bandit","Emeralds",37,"Female",1
"162","1","62",22,88,"A bandit","Emeralds",37,"Female",1
"162","1","62",23,0,"A bandit","Emeralds",37,"Female",1
"162","1","62",24,70,"A bandit","Emeralds",37,"Female",1
"162","1","62",25,80,"A bandit","Emeralds",37,"Female",1
"162","1","62",26,2,"A bandit","Emeralds",37,"Female",1
"162","1","62",27,81,"A bandit","Emeralds",37,"Female",1
"162","1","62",28,74,"A bandit","Emeralds",37,"Female",1
"162","1","62",29,0,"A bandit","Emeralds",37,"Female",1
"162","1","62",30,74,"A bandit","Emeralds",37,"Female",1
"162","1","62",31,71,"A bandit","Emeralds",37,"Female",1
"162","1","62",32,82,"A bandit","Emeralds",37,"Female",1
"162","1","62",33,2,"A bandit","Emeralds",37,"Female",1
"162","1","62",34,1,"A bandit","Emeralds",37,"Female",1
"162","1","62",35,1,"A bandit","Emeralds",37,"Female",1
"162","1","62",36,82,"A bandit","Emeralds",37,"Female",1
"162","1","62",37,76,"A bandit","Emeralds",37,"Female",1
"162","1","62",38,1,"A bandit","Emeralds",37,"Female",1
"162","1","62",39,1,"A bandit","Emeralds",37,"Female",1
"162","1","62",40,1,"A bandit","Emeralds",37,"Female",1
"162","1","62",41,82,"A bandit","Emeralds",37,"Female",1
"162","1","62",42,83,"A bandit","Emeralds",37,"Female",1
"162","1","62",43,86,"A bandit","Emeralds",37,"Female",1
"162","1","62",44,2,"A bandit","Emeralds",37,"Female",1
"162","1","62",45,1,"A bandit","Emeralds",37,"Female",1
"162","1","62",46,1,"A bandit","Emeralds",37,"Female",1
"162","1","62",47,75,"A bandit","Emeralds",37,"Female",1
"162","1","62",48,0,"A bandit","Emeralds",37,"Female",1
"162","1","62",49,1,"A bandit","Emeralds",37,"Female",1
"162","1","62",50,92,"A bandit","Emeralds",37,"Female",1
"163","2","37",1,9,"A tycoon","Emeralds",33,"Male",1
"163","2","37",2,26,"A tycoon","Emeralds",33,"Male",1
"163","2","37",3,28,"A tycoon","Emeralds",33,"Male",1
"163","2","37",4,17,"A tycoon","Emeralds",33,"Male",1
"163","2","37",5,0,"A tycoon","Emeralds",33,"Male",1
"163","2","37",6,15,"A tycoon","Emeralds",33,"Male",1
"163","2","37",7,18,"A tycoon","Emeralds",33,"Male",1
"163","2","37",8,0,"A tycoon","Emeralds",33,"Male",1
"163","2","37",9,0,"A tycoon","Emeralds",33,"Male",1
"163","2","37",10,61,"A tycoon","Emeralds",33,"Male",1
"163","2","37",11,10,"A tycoon","Emeralds",33,"Male",1
"163","2","37",12,57,"A tycoon","Emeralds",33,"Male",1
"163","2","37",13,22,"A tycoon","Emeralds",33,"Male",1
"163","2","37",14,79,"A tycoon","Emeralds",33,"Male",1
"163","2","37",15,71,"A tycoon","Emeralds",33,"Male",1
"163","2","37",16,70,"A tycoon","Emeralds",33,"Male",1
"163","2","37",17,59,"A tycoon","Emeralds",33,"Male",1
"163","2","37",18,26,"A tycoon","Emeralds",33,"Male",1
"163","2","37",19,64,"A tycoon","Emeralds",33,"Male",1
"163","2","37",20,82,"A tycoon","Emeralds",33,"Male",1
"163","2","37",21,79,"A tycoon","Emeralds",33,"Male",1
"163","2","37",22,88,"A tycoon","Emeralds",33,"Male",1
"163","2","37",23,87,"A tycoon","Emeralds",33,"Male",1
"163","2","37",24,82,"A tycoon","Emeralds",33,"Male",1
"163","2","37",25,88,"A tycoon","Emeralds",33,"Male",1
"163","2","37",26,67,"A tycoon","Emeralds",33,"Male",1
"163","2","37",27,27,"A tycoon","Emeralds",33,"Male",1
"163","2","37",28,19,"A tycoon","Emeralds",33,"Male",1
"163","2","37",29,18,"A tycoon","Emeralds",33,"Male",1
"163","2","37",30,64,"A tycoon","Emeralds",33,"Male",1
"163","2","37",31,75,"A tycoon","Emeralds",33,"Male",1
"163","2","37",32,20,"A tycoon","Emeralds",33,"Male",1
"163","2","37",33,14,"A tycoon","Emeralds",33,"Male",1
"163","2","37",34,20,"A tycoon","Emeralds",33,"Male",1
"163","2","37",35,11,"A tycoon","Emeralds",33,"Male",1
"163","2","37",36,0,"A tycoon","Emeralds",33,"Male",1
"163","2","37",37,6,"A tycoon","Emeralds",33,"Male",1
"163","2","37",38,13,"A tycoon","Emeralds",33,"Male",1
"163","2","37",39,6,"A tycoon","Emeralds",33,"Male",1
"163","2","37",40,7,"A tycoon","Emeralds",33,"Male",1
"163","2","37",41,23,"A tycoon","Emeralds",33,"Male",1
"163","2","37",42,9,"A tycoon","Emeralds",33,"Male",1
"163","2","37",43,14,"A tycoon","Emeralds",33,"Male",1
"163","2","37",44,11,"A tycoon","Emeralds",33,"Male",1
"163","2","37",45,24,"A tycoon","Emeralds",33,"Male",1
"163","2","37",46,5,"A tycoon","Emeralds",33,"Male",1
"163","2","37",47,23,"A tycoon","Emeralds",33,"Male",1
"163","2","37",48,15,"A tycoon","Emeralds",33,"Male",1
"163","2","37",49,14,"A tycoon","Emeralds",33,"Male",1
"163","2","37",50,9,"A tycoon","Emeralds",33,"Male",1
"164","3","30",1,50,"A sheriff","Emeralds",28,"Male",1
"164","3","30",2,50,"A sheriff","Emeralds",28,"Male",1
"164","3","30",3,50,"A sheriff","Emeralds",28,"Male",1
"164","3","30",4,50,"A sheriff","Emeralds",28,"Male",1
"164","3","30",5,0,"A sheriff","Emeralds",28,"Male",1
"164","3","30",6,83,"A sheriff","Emeralds",28,"Male",1
"164","3","30",7,28,"A sheriff","Emeralds",28,"Male",1
"164","3","30",8,25,"A sheriff","Emeralds",28,"Male",1
"164","3","30",9,83,"A sheriff","Emeralds",28,"Male",1
"164","3","30",10,15,"A sheriff","Emeralds",28,"Male",1
"164","3","30",11,24,"A sheriff","Emeralds",28,"Male",1
"164","3","30",12,72,"A sheriff","Emeralds",28,"Male",1
"164","3","30",13,26,"A sheriff","Emeralds",28,"Male",1
"164","3","30",14,50,"A sheriff","Emeralds",28,"Male",1
"164","3","30",15,18,"A sheriff","Emeralds",28,"Male",1
"164","3","30",16,26,"A sheriff","Emeralds",28,"Male",1
"164","3","30",17,20,"A sheriff","Emeralds",28,"Male",1
"164","3","30",18,66,"A sheriff","Emeralds",28,"Male",1
"164","3","30",19,75,"A sheriff","Emeralds",28,"Male",1
"164","3","30",20,58,"A sheriff","Emeralds",28,"Male",1
"164","3","30",21,28,"A sheriff","Emeralds",28,"Male",1
"164","3","30",22,46,"A sheriff","Emeralds",28,"Male",1
"164","3","30",23,40,"A sheriff","Emeralds",28,"Male",1
"164","3","30",24,41,"A sheriff","Emeralds",28,"Male",1
"164","3","30",25,25,"A sheriff","Emeralds",28,"Male",1
"164","3","30",26,32,"A sheriff","Emeralds",28,"Male",1
"164","3","30",27,44,"A sheriff","Emeralds",28,"Male",1
"164","3","30",28,21,"A sheriff","Emeralds",28,"Male",1
"164","3","30",29,23,"A sheriff","Emeralds",28,"Male",1
"164","3","30",30,27,"A sheriff","Emeralds",28,"Male",1
"164","3","30",31,28,"A sheriff","Emeralds",28,"Male",1
"164","3","30",32,39,"A sheriff","Emeralds",28,"Male",1
"164","3","30",33,23,"A sheriff","Emeralds",28,"Male",1
"164","3","30",34,17,"A sheriff","Emeralds",28,"Male",1
"164","3","30",35,19,"A sheriff","Emeralds",28,"Male",1
"164","3","30",36,36,"A sheriff","Emeralds",28,"Male",1
"164","3","30",37,13,"A sheriff","Emeralds",28,"Male",1
"164","3","30",38,65,"A sheriff","Emeralds",28,"Male",1
"164","3","30",39,76,"A sheriff","Emeralds",28,"Male",1
"164","3","30",40,25,"A sheriff","Emeralds",28,"Male",1
"164","3","30",41,61,"A sheriff","Emeralds",28,"Male",1
"164","3","30",42,69,"A sheriff","Emeralds",28,"Male",1
"164","3","30",43,62,"A sheriff","Emeralds",28,"Male",1
"164","3","30",44,23,"A sheriff","Emeralds",28,"Male",1
"164","3","30",45,34,"A sheriff","Emeralds",28,"Male",1
"164","3","30",46,4,"A sheriff","Emeralds",28,"Male",1
"164","3","30",47,12,"A sheriff","Emeralds",28,"Male",1
"164","3","30",48,21,"A sheriff","Emeralds",28,"Male",1
"164","3","30",49,11,"A sheriff","Emeralds",28,"Male",1
"164","3","30",50,19,"A sheriff","Emeralds",28,"Male",1
"165","2","36",1,100,"A tycoon","Emeralds",46,"Male",1
"165","2","36",2,0,"A tycoon","Emeralds",46,"Male",1
"165","2","36",3,0,"A tycoon","Emeralds",46,"Male",1
"165","2","36",4,100,"A tycoon","Emeralds",46,"Male",1
"165","2","36",5,79,"A tycoon","Emeralds",46,"Male",1
"165","2","36",6,77,"A tycoon","Emeralds",46,"Male",1
"165","2","36",7,32,"A tycoon","Emeralds",46,"Male",1
"165","2","36",8,0,"A tycoon","Emeralds",46,"Male",1
"165","2","36",9,0,"A tycoon","Emeralds",46,"Male",1
"165","2","36",10,0,"A tycoon","Emeralds",46,"Male",1
"165","2","36",11,73,"A tycoon","Emeralds",46,"Male",1
"165","2","36",12,71,"A tycoon","Emeralds",46,"Male",1
"165","2","36",13,0,"A tycoon","Emeralds",46,"Male",1
"165","2","36",14,63,"A tycoon","Emeralds",46,"Male",1
"165","2","36",15,0,"A tycoon","Emeralds",46,"Male",1
"165","2","36",16,54,"A tycoon","Emeralds",46,"Male",1
"165","2","36",17,33,"A tycoon","Emeralds",46,"Male",1
"165","2","36",18,26,"A tycoon","Emeralds",46,"Male",1
"165","2","36",19,21,"A tycoon","Emeralds",46,"Male",1
"165","2","36",20,16,"A tycoon","Emeralds",46,"Male",1
"165","2","36",21,0,"A tycoon","Emeralds",46,"Male",1
"165","2","36",22,0,"A tycoon","Emeralds",46,"Male",1
"165","2","36",23,58,"A tycoon","Emeralds",46,"Male",1
"165","2","36",24,0,"A tycoon","Emeralds",46,"Male",1
"165","2","36",25,77,"A tycoon","Emeralds",46,"Male",1
"165","2","36",26,55,"A tycoon","Emeralds",46,"Male",1
"165","2","36",27,35,"A tycoon","Emeralds",46,"Male",1
"165","2","36",28,62,"A tycoon","Emeralds",46,"Male",1
"165","2","36",29,9,"A tycoon","Emeralds",46,"Male",1
"165","2","36",30,0,"A tycoon","Emeralds",46,"Male",1
"165","2","36",31,44,"A tycoon","Emeralds",46,"Male",1
"165","2","36",32,23,"A tycoon","Emeralds",46,"Male",1
"165","2","36",33,12,"A tycoon","Emeralds",46,"Male",1
"165","2","36",34,16,"A tycoon","Emeralds",46,"Male",1
"165","2","36",35,14,"A tycoon","Emeralds",46,"Male",1
"165","2","36",36,14,"A tycoon","Emeralds",46,"Male",1
"165","2","36",37,0,"A tycoon","Emeralds",46,"Male",1
"165","2","36",38,0,"A tycoon","Emeralds",46,"Male",1
"165","2","36",39,33,"A tycoon","Emeralds",46,"Male",1
"165","2","36",40,58,"A tycoon","Emeralds",46,"Male",1
"165","2","36",41,47,"A tycoon","Emeralds",46,"Male",1
"165","2","36",42,34,"A tycoon","Emeralds",46,"Male",1
"165","2","36",43,61,"A tycoon","Emeralds",46,"Male",1
"165","2","36",44,0,"A tycoon","Emeralds",46,"Male",1
"165","2","36",45,55,"A tycoon","Emeralds",46,"Male",1
"165","2","36",46,38,"A tycoon","Emeralds",46,"Male",1
"165","2","36",47,0,"A tycoon","Emeralds",46,"Male",1
"165","2","36",48,0,"A tycoon","Emeralds",46,"Male",1
"165","2","36",49,0,"A tycoon","Emeralds",46,"Male",1
"165","2","36",50,56,"A tycoon","Emeralds",46,"Male",1
"166","3","6",1,83,"A sheriff","Emeralds",31,"Male",1
"166","3","6",2,37,"A sheriff","Emeralds",31,"Male",1
"166","3","6",3,80,"A sheriff","Emeralds",31,"Male",1
"166","3","6",4,58,"A sheriff","Emeralds",31,"Male",1
"166","3","6",5,80,"A sheriff","Emeralds",31,"Male",1
"166","3","6",6,80,"A sheriff","Emeralds",31,"Male",1
"166","3","6",7,73,"A sheriff","Emeralds",31,"Male",1
"166","3","6",8,91,"A sheriff","Emeralds",31,"Male",1
"166","3","6",9,86,"A sheriff","Emeralds",31,"Male",1
"166","3","6",10,60,"A sheriff","Emeralds",31,"Male",1
"166","3","6",11,83,"A sheriff","Emeralds",31,"Male",1
"166","3","6",12,93,"A sheriff","Emeralds",31,"Male",1
"166","3","6",13,62,"A sheriff","Emeralds",31,"Male",1
"166","3","6",14,76,"A sheriff","Emeralds",31,"Male",1
"166","3","6",15,46,"A sheriff","Emeralds",31,"Male",1
"166","3","6",16,81,"A sheriff","Emeralds",31,"Male",1
"166","3","6",17,75,"A sheriff","Emeralds",31,"Male",1
"166","3","6",18,75,"A sheriff","Emeralds",31,"Male",1
"166","3","6",19,64,"A sheriff","Emeralds",31,"Male",1
"166","3","6",20,82,"A sheriff","Emeralds",31,"Male",1
"166","3","6",21,56,"A sheriff","Emeralds",31,"Male",1
"166","3","6",22,46,"A sheriff","Emeralds",31,"Male",1
"166","3","6",23,26,"A sheriff","Emeralds",31,"Male",1
"166","3","6",24,22,"A sheriff","Emeralds",31,"Male",1
"166","3","6",25,29,"A sheriff","Emeralds",31,"Male",1
"166","3","6",26,18,"A sheriff","Emeralds",31,"Male",1
"166","3","6",27,38,"A sheriff","Emeralds",31,"Male",1
"166","3","6",28,21,"A sheriff","Emeralds",31,"Male",1
"166","3","6",29,22,"A sheriff","Emeralds",31,"Male",1
"166","3","6",30,40,"A sheriff","Emeralds",31,"Male",1
"166","3","6",31,63,"A sheriff","Emeralds",31,"Male",1
"166","3","6",32,74,"A sheriff","Emeralds",31,"Male",1
"166","3","6",33,88,"A sheriff","Emeralds",31,"Male",1
"166","3","6",34,96,"A sheriff","Emeralds",31,"Male",1
"166","3","6",35,100,"A sheriff","Emeralds",31,"Male",1
"166","3","6",36,73,"A sheriff","Emeralds",31,"Male",1
"166","3","6",37,83,"A sheriff","Emeralds",31,"Male",1
"166","3","6",38,93,"A sheriff","Emeralds",31,"Male",1
"166","3","6",39,72,"A sheriff","Emeralds",31,"Male",1
"166","3","6",40,81,"A sheriff","Emeralds",31,"Male",1
"166","3","6",41,92,"A sheriff","Emeralds",31,"Male",1
"166","3","6",42,88,"A sheriff","Emeralds",31,"Male",1
"166","3","6",43,66,"A sheriff","Emeralds",31,"Male",1
"166","3","6",44,81,"A sheriff","Emeralds",31,"Male",1
"166","3","6",45,61,"A sheriff","Emeralds",31,"Male",1
"166","3","6",46,56,"A sheriff","Emeralds",31,"Male",1
"166","3","6",47,61,"A sheriff","Emeralds",31,"Male",1
"166","3","6",48,83,"A sheriff","Emeralds",31,"Male",1
"166","3","6",49,77,"A sheriff","Emeralds",31,"Male",1
"166","3","6",50,92,"A sheriff","Emeralds",31,"Male",1
"167","2","31",1,15,"A tycoon","Emeralds",43,"Male",1
"167","2","31",2,0,"A tycoon","Emeralds",43,"Male",1
"167","2","31",3,36,"A tycoon","Emeralds",43,"Male",1
"167","2","31",4,43,"A tycoon","Emeralds",43,"Male",1
"167","2","31",5,69,"A tycoon","Emeralds",43,"Male",1
"167","2","31",6,61,"A tycoon","Emeralds",43,"Male",1
"167","2","31",7,59,"A tycoon","Emeralds",43,"Male",1
"167","2","31",8,65,"A tycoon","Emeralds",43,"Male",1
"167","2","31",9,73,"A tycoon","Emeralds",43,"Male",1
"167","2","31",10,70,"A tycoon","Emeralds",43,"Male",1
"167","2","31",11,67,"A tycoon","Emeralds",43,"Male",1
"167","2","31",12,69,"A tycoon","Emeralds",43,"Male",1
"167","2","31",13,21,"A tycoon","Emeralds",43,"Male",1
"167","2","31",14,32,"A tycoon","Emeralds",43,"Male",1
"167","2","31",15,31,"A tycoon","Emeralds",43,"Male",1
"167","2","31",16,76,"A tycoon","Emeralds",43,"Male",1
"167","2","31",17,66,"A tycoon","Emeralds",43,"Male",1
"167","2","31",18,70,"A tycoon","Emeralds",43,"Male",1
"167","2","31",19,66,"A tycoon","Emeralds",43,"Male",1
"167","2","31",20,94,"A tycoon","Emeralds",43,"Male",1
"167","2","31",21,34,"A tycoon","Emeralds",43,"Male",1
"167","2","31",22,90,"A tycoon","Emeralds",43,"Male",1
"167","2","31",23,77,"A tycoon","Emeralds",43,"Male",1
"167","2","31",24,83,"A tycoon","Emeralds",43,"Male",1
"167","2","31",25,83,"A tycoon","Emeralds",43,"Male",1
"167","2","31",26,72,"A tycoon","Emeralds",43,"Male",1
"167","2","31",27,31,"A tycoon","Emeralds",43,"Male",1
"167","2","31",28,100,"A tycoon","Emeralds",43,"Male",1
"167","2","31",29,92,"A tycoon","Emeralds",43,"Male",1
"167","2","31",30,18,"A tycoon","Emeralds",43,"Male",1
"167","2","31",31,100,"A tycoon","Emeralds",43,"Male",1
"167","2","31",32,91,"A tycoon","Emeralds",43,"Male",1
"167","2","31",33,20,"A tycoon","Emeralds",43,"Male",1
"167","2","31",34,100,"A tycoon","Emeralds",43,"Male",1
"167","2","31",35,98,"A tycoon","Emeralds",43,"Male",1
"167","2","31",36,100,"A tycoon","Emeralds",43,"Male",1
"167","2","31",37,98,"A tycoon","Emeralds",43,"Male",1
"167","2","31",38,100,"A tycoon","Emeralds",43,"Male",1
"167","2","31",39,100,"A tycoon","Emeralds",43,"Male",1
"167","2","31",40,12,"A tycoon","Emeralds",43,"Male",1
"167","2","31",41,100,"A tycoon","Emeralds",43,"Male",1
"167","2","31",42,11,"A tycoon","Emeralds",43,"Male",1
"167","2","31",43,100,"A tycoon","Emeralds",43,"Male",1
"167","2","31",44,100,"A tycoon","Emeralds",43,"Male",1
"167","2","31",45,100,"A tycoon","Emeralds",43,"Male",1
"167","2","31",46,15,"A tycoon","Emeralds",43,"Male",1
"167","2","31",47,100,"A tycoon","Emeralds",43,"Male",1
"167","2","31",48,100,"A tycoon","Emeralds",43,"Male",1
"167","2","31",49,13,"A tycoon","Emeralds",43,"Male",1
"167","2","31",50,100,"A tycoon","Emeralds",43,"Male",1
"168","2","45",1,90,"A tycoon","Emeralds",34,"Male",1
"168","2","45",2,5,"A tycoon","Emeralds",34,"Male",1
"168","2","45",3,97,"A tycoon","Emeralds",34,"Male",1
"168","2","45",4,0,"A tycoon","Emeralds",34,"Male",1
"168","2","45",5,1,"A tycoon","Emeralds",34,"Male",1
"168","2","45",6,0,"A tycoon","Emeralds",34,"Male",1
"168","2","45",7,0,"A tycoon","Emeralds",34,"Male",1
"168","2","45",8,0,"A tycoon","Emeralds",34,"Male",1
"168","2","45",9,100,"A tycoon","Emeralds",34,"Male",1
"168","2","45",10,100,"A tycoon","Emeralds",34,"Male",1
"168","2","45",11,0,"A tycoon","Emeralds",34,"Male",1
"168","2","45",12,100,"A tycoon","Emeralds",34,"Male",1
"168","2","45",13,100,"A tycoon","Emeralds",34,"Male",1
"168","2","45",14,100,"A tycoon","Emeralds",34,"Male",1
"168","2","45",15,0,"A tycoon","Emeralds",34,"Male",1
"168","2","45",16,100,"A tycoon","Emeralds",34,"Male",1
"168","2","45",17,100,"A tycoon","Emeralds",34,"Male",1
"168","2","45",18,98,"A tycoon","Emeralds",34,"Male",1
"168","2","45",19,100,"A tycoon","Emeralds",34,"Male",1
"168","2","45",20,100,"A tycoon","Emeralds",34,"Male",1
"168","2","45",21,100,"A tycoon","Emeralds",34,"Male",1
"168","2","45",22,100,"A tycoon","Emeralds",34,"Male",1
"168","2","45",23,0,"A tycoon","Emeralds",34,"Male",1
"168","2","45",24,98,"A tycoon","Emeralds",34,"Male",1
"168","2","45",25,0,"A tycoon","Emeralds",34,"Male",1
"168","2","45",26,0,"A tycoon","Emeralds",34,"Male",1
"168","2","45",27,100,"A tycoon","Emeralds",34,"Male",1
"168","2","45",28,100,"A tycoon","Emeralds",34,"Male",1
"168","2","45",29,100,"A tycoon","Emeralds",34,"Male",1
"168","2","45",30,100,"A tycoon","Emeralds",34,"Male",1
"168","2","45",31,100,"A tycoon","Emeralds",34,"Male",1
"168","2","45",32,100,"A tycoon","Emeralds",34,"Male",1
"168","2","45",33,99,"A tycoon","Emeralds",34,"Male",1
"168","2","45",34,100,"A tycoon","Emeralds",34,"Male",1
"168","2","45",35,100,"A tycoon","Emeralds",34,"Male",1
"168","2","45",36,96,"A tycoon","Emeralds",34,"Male",1
"168","2","45",37,98,"A tycoon","Emeralds",34,"Male",1
"168","2","45",38,96,"A tycoon","Emeralds",34,"Male",1
"168","2","45",39,100,"A tycoon","Emeralds",34,"Male",1
"168","2","45",40,100,"A tycoon","Emeralds",34,"Male",1
"168","2","45",41,95,"A tycoon","Emeralds",34,"Male",1
"168","2","45",42,0,"A tycoon","Emeralds",34,"Male",1
"168","2","45",43,100,"A tycoon","Emeralds",34,"Male",1
"168","2","45",44,100,"A tycoon","Emeralds",34,"Male",1
"168","2","45",45,98,"A tycoon","Emeralds",34,"Male",1
"168","2","45",46,100,"A tycoon","Emeralds",34,"Male",1
"168","2","45",47,77,"A tycoon","Emeralds",34,"Male",1
"168","2","45",48,85,"A tycoon","Emeralds",34,"Male",1
"168","2","45",49,72,"A tycoon","Emeralds",34,"Male",1
"168","2","45",50,2,"A tycoon","Emeralds",34,"Male",1
"169","3","72",1,62,"A sheriff","Emeralds",25,"Female",1
"169","3","72",2,44,"A sheriff","Emeralds",25,"Female",1
"169","3","72",3,60,"A sheriff","Emeralds",25,"Female",1
"169","3","72",4,43,"A sheriff","Emeralds",25,"Female",1
"169","3","72",5,92,"A sheriff","Emeralds",25,"Female",1
"169","3","72",6,8,"A sheriff","Emeralds",25,"Female",1
"169","3","72",7,77,"A sheriff","Emeralds",25,"Female",1
"169","3","72",8,6,"A sheriff","Emeralds",25,"Female",1
"169","3","72",9,0,"A sheriff","Emeralds",25,"Female",1
"169","3","72",10,2,"A sheriff","Emeralds",25,"Female",1
"169","3","72",11,0,"A sheriff","Emeralds",25,"Female",1
"169","3","72",12,90,"A sheriff","Emeralds",25,"Female",1
"169","3","72",13,2,"A sheriff","Emeralds",25,"Female",1
"169","3","72",14,1,"A sheriff","Emeralds",25,"Female",1
"169","3","72",15,70,"A sheriff","Emeralds",25,"Female",1
"169","3","72",16,82,"A sheriff","Emeralds",25,"Female",1
"169","3","72",17,2,"A sheriff","Emeralds",25,"Female",1
"169","3","72",18,2,"A sheriff","Emeralds",25,"Female",1
"169","3","72",19,0,"A sheriff","Emeralds",25,"Female",1
"169","3","72",20,90,"A sheriff","Emeralds",25,"Female",1
"169","3","72",21,93,"A sheriff","Emeralds",25,"Female",1
"169","3","72",22,79,"A sheriff","Emeralds",25,"Female",1
"169","3","72",23,6,"A sheriff","Emeralds",25,"Female",1
"169","3","72",24,61,"A sheriff","Emeralds",25,"Female",1
"169","3","72",25,21,"A sheriff","Emeralds",25,"Female",1
"169","3","72",26,71,"A sheriff","Emeralds",25,"Female",1
"169","3","72",27,43,"A sheriff","Emeralds",25,"Female",1
"169","3","72",28,8,"A sheriff","Emeralds",25,"Female",1
"169","3","72",29,63,"A sheriff","Emeralds",25,"Female",1
"169","3","72",30,45,"A sheriff","Emeralds",25,"Female",1
"169","3","72",31,22,"A sheriff","Emeralds",25,"Female",1
"169","3","72",32,62,"A sheriff","Emeralds",25,"Female",1
"169","3","72",33,9,"A sheriff","Emeralds",25,"Female",1
"169","3","72",34,8,"A sheriff","Emeralds",25,"Female",1
"169","3","72",35,3,"A sheriff","Emeralds",25,"Female",1
"169","3","72",36,5,"A sheriff","Emeralds",25,"Female",1
"169","3","72",37,69,"A sheriff","Emeralds",25,"Female",1
"169","3","72",38,69,"A sheriff","Emeralds",25,"Female",1
"169","3","72",39,80,"A sheriff","Emeralds",25,"Female",1
"169","3","72",40,8,"A sheriff","Emeralds",25,"Female",1
"169","3","72",41,69,"A sheriff","Emeralds",25,"Female",1
"169","3","72",42,41,"A sheriff","Emeralds",25,"Female",1
"169","3","72",43,72,"A sheriff","Emeralds",25,"Female",1
"169","3","72",44,25,"A sheriff","Emeralds",25,"Female",1
"169","3","72",45,10,"A sheriff","Emeralds",25,"Female",1
"169","3","72",46,36,"A sheriff","Emeralds",25,"Female",1
"169","3","72",47,11,"A sheriff","Emeralds",25,"Female",1
"169","3","72",48,6,"A sheriff","Emeralds",25,"Female",1
"169","3","72",49,4,"A sheriff","Emeralds",25,"Female",1
"169","3","72",50,6,"A sheriff","Emeralds",25,"Female",1
"170","3","59",1,0,"A sheriff","Emeralds",39,"Female",1
"170","3","59",2,0,"A sheriff","Emeralds",39,"Female",1
"170","3","59",3,5,"A sheriff","Emeralds",39,"Female",1
"170","3","59",4,0,"A sheriff","Emeralds",39,"Female",1
"170","3","59",5,0,"A sheriff","Emeralds",39,"Female",1
"170","3","59",6,2,"A sheriff","Emeralds",39,"Female",1
"170","3","59",7,0,"A sheriff","Emeralds",39,"Female",1
"170","3","59",8,0,"A sheriff","Emeralds",39,"Female",1
"170","3","59",9,2,"A sheriff","Emeralds",39,"Female",1
"170","3","59",10,12,"A sheriff","Emeralds",39,"Female",1
"170","3","59",11,25,"A sheriff","Emeralds",39,"Female",1
"170","3","59",12,8,"A sheriff","Emeralds",39,"Female",1
"170","3","59",13,0,"A sheriff","Emeralds",39,"Female",1
"170","3","59",14,0,"A sheriff","Emeralds",39,"Female",1
"170","3","59",15,4,"A sheriff","Emeralds",39,"Female",1
"170","3","59",16,9,"A sheriff","Emeralds",39,"Female",1
"170","3","59",17,0,"A sheriff","Emeralds",39,"Female",1
"170","3","59",18,0,"A sheriff","Emeralds",39,"Female",1
"170","3","59",19,7,"A sheriff","Emeralds",39,"Female",1
"170","3","59",20,0,"A sheriff","Emeralds",39,"Female",1
"170","3","59",21,11,"A sheriff","Emeralds",39,"Female",1
"170","3","59",22,8,"A sheriff","Emeralds",39,"Female",1
"170","3","59",23,13,"A sheriff","Emeralds",39,"Female",1
"170","3","59",24,10,"A sheriff","Emeralds",39,"Female",1
"170","3","59",25,19,"A sheriff","Emeralds",39,"Female",1
"170","3","59",26,15,"A sheriff","Emeralds",39,"Female",1
"170","3","59",27,32,"A sheriff","Emeralds",39,"Female",1
"170","3","59",28,7,"A sheriff","Emeralds",39,"Female",1
"170","3","59",29,5,"A sheriff","Emeralds",39,"Female",1
"170","3","59",30,2,"A sheriff","Emeralds",39,"Female",1
"170","3","59",31,8,"A sheriff","Emeralds",39,"Female",1
"170","3","59",32,5,"A sheriff","Emeralds",39,"Female",1
"170","3","59",33,14,"A sheriff","Emeralds",39,"Female",1
"170","3","59",34,15,"A sheriff","Emeralds",39,"Female",1
"170","3","59",35,7,"A sheriff","Emeralds",39,"Female",1
"170","3","59",36,3,"A sheriff","Emeralds",39,"Female",1
"170","3","59",37,5,"A sheriff","Emeralds",39,"Female",1
"170","3","59",38,11,"A sheriff","Emeralds",39,"Female",1
"170","3","59",39,32,"A sheriff","Emeralds",39,"Female",1
"170","3","59",40,52,"A sheriff","Emeralds",39,"Female",1
"170","3","59",41,73,"A sheriff","Emeralds",39,"Female",1
"170","3","59",42,90,"A sheriff","Emeralds",39,"Female",1
"170","3","59",43,41,"A sheriff","Emeralds",39,"Female",1
"170","3","59",44,26,"A sheriff","Emeralds",39,"Female",1
"170","3","59",45,15,"A sheriff","Emeralds",39,"Female",1
"170","3","59",46,19,"A sheriff","Emeralds",39,"Female",1
"170","3","59",47,17,"A sheriff","Emeralds",39,"Female",1
"170","3","59",48,19,"A sheriff","Emeralds",39,"Female",1
"170","3","59",49,10,"A sheriff","Emeralds",39,"Female",1
"170","3","59",50,7,"A sheriff","Emeralds",39,"Female",1
"171","3","18",1,76,"A sheriff","Emeralds",78,"Male",1
"171","3","18",2,33,"A sheriff","Emeralds",78,"Male",1
"171","3","18",3,26,"A sheriff","Emeralds",78,"Male",1
"171","3","18",4,85,"A sheriff","Emeralds",78,"Male",1
"171","3","18",5,68,"A sheriff","Emeralds",78,"Male",1
"171","3","18",6,30,"A sheriff","Emeralds",78,"Male",1
"171","3","18",7,68,"A sheriff","Emeralds",78,"Male",1
"171","3","18",8,20,"A sheriff","Emeralds",78,"Male",1
"171","3","18",9,82,"A sheriff","Emeralds",78,"Male",1
"171","3","18",10,68,"A sheriff","Emeralds",78,"Male",1
"171","3","18",11,29,"A sheriff","Emeralds",78,"Male",1
"171","3","18",12,17,"A sheriff","Emeralds",78,"Male",1
"171","3","18",13,22,"A sheriff","Emeralds",78,"Male",1
"171","3","18",14,23,"A sheriff","Emeralds",78,"Male",1
"171","3","18",15,22,"A sheriff","Emeralds",78,"Male",1
"171","3","18",16,77,"A sheriff","Emeralds",78,"Male",1
"171","3","18",17,29,"A sheriff","Emeralds",78,"Male",1
"171","3","18",18,70,"A sheriff","Emeralds",78,"Male",1
"171","3","18",19,29,"A sheriff","Emeralds",78,"Male",1
"171","3","18",20,80,"A sheriff","Emeralds",78,"Male",1
"171","3","18",21,37,"A sheriff","Emeralds",78,"Male",1
"171","3","18",22,77,"A sheriff","Emeralds",78,"Male",1
"171","3","18",23,34,"A sheriff","Emeralds",78,"Male",1
"171","3","18",24,31,"A sheriff","Emeralds",78,"Male",1
"171","3","18",25,64,"A sheriff","Emeralds",78,"Male",1
"171","3","18",26,65,"A sheriff","Emeralds",78,"Male",1
"171","3","18",27,40,"A sheriff","Emeralds",78,"Male",1
"171","3","18",28,32,"A sheriff","Emeralds",78,"Male",1
"171","3","18",29,61,"A sheriff","Emeralds",78,"Male",1
"171","3","18",30,25,"A sheriff","Emeralds",78,"Male",1
"171","3","18",31,33,"A sheriff","Emeralds",78,"Male",1
"171","3","18",32,23,"A sheriff","Emeralds",78,"Male",1
"171","3","18",33,22,"A sheriff","Emeralds",78,"Male",1
"171","3","18",34,26,"A sheriff","Emeralds",78,"Male",1
"171","3","18",35,26,"A sheriff","Emeralds",78,"Male",1
"171","3","18",36,20,"A sheriff","Emeralds",78,"Male",1
"171","3","18",37,13,"A sheriff","Emeralds",78,"Male",1
"171","3","18",38,15,"A sheriff","Emeralds",78,"Male",1
"171","3","18",39,12,"A sheriff","Emeralds",78,"Male",1
"171","3","18",40,9,"A sheriff","Emeralds",78,"Male",1
"171","3","18",41,22,"A sheriff","Emeralds",78,"Male",1
"171","3","18",42,67,"A sheriff","Emeralds",78,"Male",1
"171","3","18",43,60,"A sheriff","Emeralds",78,"Male",1
"171","3","18",44,40,"A sheriff","Emeralds",78,"Male",1
"171","3","18",45,72,"A sheriff","Emeralds",78,"Male",1
"171","3","18",46,31,"A sheriff","Emeralds",78,"Male",1
"171","3","18",47,58,"A sheriff","Emeralds",78,"Male",1
"171","3","18",48,20,"A sheriff","Emeralds",78,"Male",1
"171","3","18",49,73,"A sheriff","Emeralds",78,"Male",1
"171","3","18",50,26,"A sheriff","Emeralds",78,"Male",1
"172","1","23",1,87,"A bandit","Emeralds",57,"Female",1
"172","1","23",2,30,"A bandit","Emeralds",57,"Female",1
"172","1","23",3,100,"A bandit","Emeralds",57,"Female",1
"172","1","23",4,100,"A bandit","Emeralds",57,"Female",1
"172","1","23",5,100,"A bandit","Emeralds",57,"Female",1
"172","1","23",6,100,"A bandit","Emeralds",57,"Female",1
"172","1","23",7,11,"A bandit","Emeralds",57,"Female",1
"172","1","23",8,100,"A bandit","Emeralds",57,"Female",1
"172","1","23",9,86,"A bandit","Emeralds",57,"Female",1
"172","1","23",10,71,"A bandit","Emeralds",57,"Female",1
"172","1","23",11,100,"A bandit","Emeralds",57,"Female",1
"172","1","23",12,68,"A bandit","Emeralds",57,"Female",1
"172","1","23",13,100,"A bandit","Emeralds",57,"Female",1
"172","1","23",14,89,"A bandit","Emeralds",57,"Female",1
"172","1","23",15,95,"A bandit","Emeralds",57,"Female",1
"172","1","23",16,100,"A bandit","Emeralds",57,"Female",1
"172","1","23",17,100,"A bandit","Emeralds",57,"Female",1
"172","1","23",18,100,"A bandit","Emeralds",57,"Female",1
"172","1","23",19,100,"A bandit","Emeralds",57,"Female",1
"172","1","23",20,19,"A bandit","Emeralds",57,"Female",1
"172","1","23",21,100,"A bandit","Emeralds",57,"Female",1
"172","1","23",22,100,"A bandit","Emeralds",57,"Female",1
"172","1","23",23,28,"A bandit","Emeralds",57,"Female",1
"172","1","23",24,100,"A bandit","Emeralds",57,"Female",1
"172","1","23",25,16,"A bandit","Emeralds",57,"Female",1
"172","1","23",26,26,"A bandit","Emeralds",57,"Female",1
"172","1","23",27,100,"A bandit","Emeralds",57,"Female",1
"172","1","23",28,100,"A bandit","Emeralds",57,"Female",1
"172","1","23",29,100,"A bandit","Emeralds",57,"Female",1
"172","1","23",30,100,"A bandit","Emeralds",57,"Female",1
"172","1","23",31,0,"A bandit","Emeralds",57,"Female",1
"172","1","23",32,100,"A bandit","Emeralds",57,"Female",1
"172","1","23",33,100,"A bandit","Emeralds",57,"Female",1
"172","1","23",34,100,"A bandit","Emeralds",57,"Female",1
"172","1","23",35,100,"A bandit","Emeralds",57,"Female",1
"172","1","23",36,1,"A bandit","Emeralds",57,"Female",1
"172","1","23",37,100,"A bandit","Emeralds",57,"Female",1
"172","1","23",38,100,"A bandit","Emeralds",57,"Female",1
"172","1","23",39,100,"A bandit","Emeralds",57,"Female",1
"172","1","23",40,100,"A bandit","Emeralds",57,"Female",1
"172","1","23",41,0,"A bandit","Emeralds",57,"Female",1
"172","1","23",42,0,"A bandit","Emeralds",57,"Female",1
"172","1","23",43,0,"A bandit","Emeralds",57,"Female",1
"172","1","23",44,0,"A bandit","Emeralds",57,"Female",1
"172","1","23",45,100,"A bandit","Emeralds",57,"Female",1
"172","1","23",46,100,"A bandit","Emeralds",57,"Female",1
"172","1","23",47,100,"A bandit","Emeralds",57,"Female",1
"172","1","23",48,0,"A bandit","Emeralds",57,"Female",1
"172","1","23",49,100,"A bandit","Emeralds",57,"Female",1
"172","1","23",50,0,"A bandit","Emeralds",57,"Female",1
