"oid","condition","trial_num","curiosity","subj_choice","chosen_mine_prob","feedback","latent_agent","attn1","attn2","age","gender","Include"
"1","1",1,0,1,0.7,1,0,"A bandit","Emeralds",23,"Male",1
"1","1",2,60,1,0.7,0,1,"A bandit","Emeralds",23,"Male",1
"1","1",3,60,1,0.7,0,0,"A bandit","Emeralds",23,"Male",1
"1","1",4,0,1,0.7,1,0,"A bandit","Emeralds",23,"Male",1
"1","1",5,0,1,0.7,1,0,"A bandit","Emeralds",23,"Male",1
"1","1",6,0,1,0.7,1,0,"A bandit","Emeralds",23,"Male",1
"1","1",7,64,1,0.7,0,1,"A bandit","Emeralds",23,"Male",1
"1","1",8,0,1,0.7,1,0,"A bandit","Emeralds",23,"Male",1
"1","1",9,0,1,0.7,1,0,"A bandit","Emeralds",23,"Male",1
"1","1",10,79,1,0.7,0,1,"A bandit","Emeralds",23,"Male",1
"1","1",11,0,1,0.7,1,0,"A bandit","Emeralds",23,"Male",1
"1","1",12,72,1,0.7,0,1,"A bandit","Emeralds",23,"Male",1
"1","1",13,85,2,0.3,0,0,"A bandit","Emeralds",23,"Male",1
"1","1",14,70,2,0.3,0,0,"A bandit","Emeralds",23,"Male",1
"1","1",15,4,2,0.3,0,0,"A bandit","Emeralds",23,"Male",1
"1","1",16,69,1,0.7,0,1,"A bandit","Emeralds",23,"Male",1
"1","1",17,69,1,0.7,0,1,"A bandit","Emeralds",23,"Male",1
"1","1",18,0,1,0.7,0,1,"A bandit","Emeralds",23,"Male",1
"1","1",19,0,2,0.3,1,0,"A bandit","Emeralds",23,"Male",1
"1","1",20,69,2,0.3,0,0,"A bandit","Emeralds",23,"Male",1
"1","1",21,66,2,0.3,0,0,"A bandit","Emeralds",23,"Male",1
"1","1",22,0,2,0.3,1,0,"A bandit","Emeralds",23,"Male",1
"1","1",23,62,2,0.3,0,0,"A bandit","Emeralds",23,"Male",1
"1","1",24,72,2,0.3,0,0,"A bandit","Emeralds",23,"Male",1
"1","1",25,72,2,0.3,0,1,"A bandit","Emeralds",23,"Male",1
"1","1",26,0,1,0.7,1,0,"A bandit","Emeralds",23,"Male",1
"1","1",27,68,1,0.7,0,1,"A bandit","Emeralds",23,"Male",1
"1","1",28,0,1,0.7,1,0,"A bandit","Emeralds",23,"Male",1
"1","1",29,64,1,0.7,0,1,"A bandit","Emeralds",23,"Male",1
"1","1",30,70,1,0.7,0,1,"A bandit","Emeralds",23,"Male",1
"1","1",31,67,1,0.7,0,0,"A bandit","Emeralds",23,"Male",1
"1","1",32,78,1,0.7,0,1,"A bandit","Emeralds",23,"Male",1
"1","1",33,0,1,0.7,0,0,"A bandit","Emeralds",23,"Male",1
"1","1",34,0,2,0.3,1,0,"A bandit","Emeralds",23,"Male",1
"1","1",35,73,2,0.3,0,0,"A bandit","Emeralds",23,"Male",1
"1","1",36,0,2,0.3,1,0,"A bandit","Emeralds",23,"Male",1
"1","1",37,0,2,0.3,1,0,"A bandit","Emeralds",23,"Male",1
"1","1",38,70,2,0.3,0,0,"A bandit","Emeralds",23,"Male",1
"1","1",39,0,2,0.3,1,0,"A bandit","Emeralds",23,"Male",1
"1","1",40,0,2,0.3,0,0,"A bandit","Emeralds",23,"Male",1
"1","1",41,0,2,0.3,0,0,"A bandit","Emeralds",23,"Male",1
"1","1",42,0,2,0.3,0,0,"A bandit","Emeralds",23,"Male",1
"1","1",43,0,2,0.3,0,0,"A bandit","Emeralds",23,"Male",1
"1","1",44,0,2,0.3,1,0,"A bandit","Emeralds",23,"Male",1
"1","1",45,0,2,0.3,0,0,"A bandit","Emeralds",23,"Male",1
"1","1",46,0,2,0.3,0,1,"A bandit","Emeralds",23,"Male",1
"1","1",47,0,2,0.3,0,0,"A bandit","Emeralds",23,"Male",1
"1","1",48,76,2,0.3,0,1,"A bandit","Emeralds",23,"Male",1
"1","1",49,0,2,0.3,1,0,"A bandit","Emeralds",23,"Male",1
"1","1",50,0,2,0.3,0,1,"A bandit","Emeralds",23,"Male",1
"2","3",1,88,2,0.7,1,1,"A sheriff","Emeralds",21,"Female",1
"2","3",2,86,2,0.7,1,0,"A sheriff","Emeralds",21,"Female",1
"2","3",3,87,2,0.7,1,0,"A sheriff","Emeralds",21,"Female",1
"2","3",4,62,2,0.7,1,1,"A sheriff","Emeralds",21,"Female",1
"2","3",5,100,2,0.7,0,1,"A sheriff","Emeralds",21,"Female",1
"2","3",6,84,2,0.7,0,0,"A sheriff","Emeralds",21,"Female",1
"2","3",7,82,2,0.7,0,1,"A sheriff","Emeralds",21,"Female",1
"2","3",8,70,2,0.7,0,0,"A sheriff","Emeralds",21,"Female",1
"2","3",9,27,1,0.3,0,0,"A sheriff","Emeralds",21,"Female",1
"2","3",10,81,2,0.7,0,0,"A sheriff","Emeralds",21,"Female",1
"2","3",11,9,2,0.7,1,0,"A sheriff","Emeralds",21,"Female",1
"2","3",12,7,2,0.7,1,1,"A sheriff","Emeralds",21,"Female",1
"2","3",13,6,2,0.7,1,0,"A sheriff","Emeralds",21,"Female",1
"2","3",14,94,2,0.7,0,1,"A sheriff","Emeralds",21,"Female",1
"2","3",15,7,2,0.7,1,1,"A sheriff","Emeralds",21,"Female",1
"2","3",16,35,2,0.7,1,0,"A sheriff","Emeralds",21,"Female",1
"2","3",17,25,2,0.7,1,1,"A sheriff","Emeralds",21,"Female",1
"2","3",18,24,2,0.7,1,1,"A sheriff","Emeralds",21,"Female",1
"2","3",19,28,2,0.7,1,0,"A sheriff","Emeralds",21,"Female",1
"2","3",20,0,1,0.3,0,0,"A sheriff","Emeralds",21,"Female",1
"2","3",21,33,2,0.7,1,0,"A sheriff","Emeralds",21,"Female",1
"2","3",22,67,2,0.7,0,1,"A sheriff","Emeralds",21,"Female",1
"2","3",23,63,2,0.7,0,0,"A sheriff","Emeralds",21,"Female",1
"2","3",24,0,2,0.7,1,1,"A sheriff","Emeralds",21,"Female",1
"2","3",25,61,2,0.7,0,0,"A sheriff","Emeralds",21,"Female",1
"2","3",26,67,2,0.7,0,0,"A sheriff","Emeralds",21,"Female",1
"2","3",27,0,2,0.7,1,0,"A sheriff","Emeralds",21,"Female",1
"2","3",28,39,2,0.7,0,1,"A sheriff","Emeralds",21,"Female",1
"2","3",29,0,2,0.7,1,0,"A sheriff","Emeralds",21,"Female",1
"2","3",30,0,2,0.7,1,0,"A sheriff","Emeralds",21,"Female",1
"2","3",31,0,2,0.7,1,1,"A sheriff","Emeralds",21,"Female",1
"2","3",32,0,2,0.7,1,1,"A sheriff","Emeralds",21,"Female",1
"2","3",33,0,2,0.7,1,0,"A sheriff","Emeralds",21,"Female",1
"2","3",34,16,2,0.7,0,0,"A sheriff","Emeralds",21,"Female",1
"2","3",35,0,2,0.7,1,0,"A sheriff","Emeralds",21,"Female",1
"2","3",36,0,2,0.7,1,0,"A sheriff","Emeralds",21,"Female",1
"2","3",37,100,1,0.3,1,0,"A sheriff","Emeralds",21,"Female",1
"2","3",38,92,1,0.3,1,0,"A sheriff","Emeralds",21,"Female",1
"2","3",39,78,1,0.3,0,0,"A sheriff","Emeralds",21,"Female",1
"2","3",40,84,1,0.3,0,0,"A sheriff","Emeralds",21,"Female",1
"2","3",41,86,2,0.7,1,0,"A sheriff","Emeralds",21,"Female",1
"2","3",42,0,2,0.7,1,1,"A sheriff","Emeralds",21,"Female",1
"2","3",43,0,1,0.3,0,0,"A sheriff","Emeralds",21,"Female",1
"2","3",44,0,2,0.7,1,0,"A sheriff","Emeralds",21,"Female",1
"2","3",45,1,2,0.7,1,0,"A sheriff","Emeralds",21,"Female",1
"2","3",46,0,2,0.7,1,0,"A sheriff","Emeralds",21,"Female",1
"2","3",47,26,2,0.7,0,0,"A sheriff","Emeralds",21,"Female",1
"2","3",48,97,1,0.3,1,0,"A sheriff","Emeralds",21,"Female",1
"2","3",49,0,2,0.7,1,0,"A sheriff","Emeralds",21,"Female",1
"2","3",50,97,1,0.3,1,0,"A sheriff","Emeralds",21,"Female",1
"3","3",1,100,2,0.3,0,1,"A sheriff","Emeralds",43,"Male",1
"3","3",2,100,1,0.7,1,0,"A sheriff","Emeralds",43,"Male",1
"3","3",3,100,1,0.7,1,0,"A sheriff","Emeralds",43,"Male",1
"3","3",4,100,1,0.7,1,0,"A sheriff","Emeralds",43,"Male",1
"3","3",5,0,1,0.7,0,0,"A sheriff","Emeralds",43,"Male",1
"3","3",6,100,1,0.7,1,1,"A sheriff","Emeralds",43,"Male",1
"3","3",7,100,1,0.7,1,0,"A sheriff","Emeralds",43,"Male",1
"3","3",8,100,1,0.7,1,0,"A sheriff","Emeralds",43,"Male",1
"3","3",9,0,1,0.7,0,1,"A sheriff","Emeralds",43,"Male",1
"3","3",10,100,1,0.7,1,1,"A sheriff","Emeralds",43,"Male",1
"3","3",11,100,1,0.7,1,0,"A sheriff","Emeralds",43,"Male",1
"3","3",12,100,1,0.7,1,1,"A sheriff","Emeralds",43,"Male",1
"3","3",13,100,1,0.7,1,0,"A sheriff","Emeralds",43,"Male",1
"3","3",14,0,1,0.7,0,1,"A sheriff","Emeralds",43,"Male",1
"3","3",15,100,1,0.7,1,1,"A sheriff","Emeralds",43,"Male",1
"3","3",16,100,1,0.7,1,0,"A sheriff","Emeralds",43,"Male",1
"3","3",17,0,1,0.7,0,0,"A sheriff","Emeralds",43,"Male",1
"3","3",18,100,1,0.7,1,0,"A sheriff","Emeralds",43,"Male",1
"3","3",19,0,1,0.7,0,1,"A sheriff","Emeralds",43,"Male",1
"3","3",20,100,1,0.7,1,1,"A sheriff","Emeralds",43,"Male",1
"3","3",21,100,1,0.7,1,0,"A sheriff","Emeralds",43,"Male",1
"3","3",22,100,1,0.7,1,0,"A sheriff","Emeralds",43,"Male",1
"3","3",23,0,1,0.7,0,0,"A sheriff","Emeralds",43,"Male",1
"3","3",24,0,1,0.7,0,1,"A sheriff","Emeralds",43,"Male",1
"3","3",25,100,1,0.7,1,0,"A sheriff","Emeralds",43,"Male",1
"3","3",26,100,1,0.7,1,0,"A sheriff","Emeralds",43,"Male",1
"3","3",27,0,1,0.7,0,0,"A sheriff","Emeralds",43,"Male",1
"3","3",28,0,1,0.7,0,1,"A sheriff","Emeralds",43,"Male",1
"3","3",29,0,1,0.7,0,0,"A sheriff","Emeralds",43,"Male",1
"3","3",30,100,1,0.7,1,0,"A sheriff","Emeralds",43,"Male",1
"3","3",31,100,1,0.7,1,0,"A sheriff","Emeralds",43,"Male",1
"3","3",32,100,1,0.7,1,0,"A sheriff","Emeralds",43,"Male",1
"3","3",33,0,1,0.7,0,1,"A sheriff","Emeralds",43,"Male",1
"3","3",34,100,1,0.7,1,0,"A sheriff","Emeralds",43,"Male",1
"3","3",35,100,1,0.7,1,1,"A sheriff","Emeralds",43,"Male",1
"3","3",36,100,1,0.7,1,0,"A sheriff","Emeralds",43,"Male",1
"3","3",37,0,1,0.7,0,1,"A sheriff","Emeralds",43,"Male",1
"3","3",38,0,1,0.7,0,0,"A sheriff","Emeralds",43,"Male",1
"3","3",39,100,1,0.7,1,0,"A sheriff","Emeralds",43,"Male",1
"3","3",40,0,1,0.7,0,1,"A sheriff","Emeralds",43,"Male",1
"3","3",41,100,1,0.7,1,0,"A sheriff","Emeralds",43,"Male",1
"3","3",42,100,1,0.7,1,0,"A sheriff","Emeralds",43,"Male",1
"3","3",43,100,1,0.7,1,0,"A sheriff","Emeralds",43,"Male",1
"3","3",44,100,1,0.7,1,0,"A sheriff","Emeralds",43,"Male",1
"3","3",45,0,1,0.7,0,0,"A sheriff","Emeralds",43,"Male",1
"3","3",46,100,1,0.7,1,0,"A sheriff","Emeralds",43,"Male",1
"3","3",47,100,1,0.7,1,0,"A sheriff","Emeralds",43,"Male",1
"3","3",48,100,1,0.7,1,0,"A sheriff","Emeralds",43,"Male",1
"3","3",49,100,1,0.7,1,0,"A sheriff","Emeralds",43,"Male",1
"3","3",50,100,1,0.7,1,0,"A sheriff","Emeralds",43,"Male",1
"4","2",1,10,1,0.3,0,0,"A tycoon","Emeralds",28,"Male",1
"4","2",2,6,2,0.7,1,0,"A tycoon","Emeralds",28,"Male",1
"4","2",3,9,2,0.7,0,0,"A tycoon","Emeralds",28,"Male",1
"4","2",4,5,2,0.7,1,1,"A tycoon","Emeralds",28,"Male",1
"4","2",5,4,2,0.7,1,0,"A tycoon","Emeralds",28,"Male",1
"4","2",6,3,2,0.7,1,1,"A tycoon","Emeralds",28,"Male",1
"4","2",7,4,2,0.7,1,1,"A tycoon","Emeralds",28,"Male",1
"4","2",8,6,2,0.7,0,0,"A tycoon","Emeralds",28,"Male",1
"4","2",9,3,2,0.7,0,0,"A tycoon","Emeralds",28,"Male",1
"4","2",10,4,2,0.7,1,0,"A tycoon","Emeralds",28,"Male",1
"4","2",11,5,2,0.7,1,0,"A tycoon","Emeralds",28,"Male",1
"4","2",12,6,2,0.7,1,1,"A tycoon","Emeralds",28,"Male",1
"4","2",13,5,2,0.7,1,0,"A tycoon","Emeralds",28,"Male",1
"4","2",14,5,2,0.7,1,1,"A tycoon","Emeralds",28,"Male",1
"4","2",15,3,2,0.7,1,1,"A tycoon","Emeralds",28,"Male",1
"4","2",16,3,2,0.7,1,1,"A tycoon","Emeralds",28,"Male",1
"4","2",17,4,2,0.7,1,0,"A tycoon","Emeralds",28,"Male",1
"4","2",18,3,2,0.7,1,0,"A tycoon","Emeralds",28,"Male",1
"4","2",19,6,2,0.7,1,0,"A tycoon","Emeralds",28,"Male",1
"4","2",20,6,2,0.7,1,0,"A tycoon","Emeralds",28,"Male",1
"4","2",21,6,2,0.7,1,0,"A tycoon","Emeralds",28,"Male",1
"4","2",22,4,2,0.7,1,0,"A tycoon","Emeralds",28,"Male",1
"4","2",23,2,2,0.7,1,1,"A tycoon","Emeralds",28,"Male",1
"4","2",24,4,2,0.7,1,0,"A tycoon","Emeralds",28,"Male",1
"4","2",25,2,2,0.7,0,0,"A tycoon","Emeralds",28,"Male",1
"4","2",26,5,2,0.7,1,0,"A tycoon","Emeralds",28,"Male",1
"4","2",27,4,2,0.7,1,1,"A tycoon","Emeralds",28,"Male",1
"4","2",28,4,2,0.7,1,1,"A tycoon","Emeralds",28,"Male",1
"4","2",29,5,2,0.7,1,0,"A tycoon","Emeralds",28,"Male",1
"4","2",30,5,2,0.7,1,0,"A tycoon","Emeralds",28,"Male",1
"4","2",31,5,2,0.7,1,0,"A tycoon","Emeralds",28,"Male",1
"4","2",32,6,2,0.7,1,0,"A tycoon","Emeralds",28,"Male",1
"4","2",33,3,2,0.7,1,0,"A tycoon","Emeralds",28,"Male",1
"4","2",34,8,2,0.7,1,0,"A tycoon","Emeralds",28,"Male",1
"4","2",35,4,2,0.7,1,0,"A tycoon","Emeralds",28,"Male",1
"4","2",36,5,2,0.7,1,1,"A tycoon","Emeralds",28,"Male",1
"4","2",37,6,2,0.7,0,0,"A tycoon","Emeralds",28,"Male",1
"4","2",38,5,2,0.7,1,0,"A tycoon","Emeralds",28,"Male",1
"4","2",39,7,2,0.7,1,0,"A tycoon","Emeralds",28,"Male",1
"4","2",40,3,2,0.7,1,0,"A tycoon","Emeralds",28,"Male",1
"4","2",41,3,2,0.7,1,1,"A tycoon","Emeralds",28,"Male",1
"4","2",42,4,2,0.7,1,0,"A tycoon","Emeralds",28,"Male",1
"4","2",43,3,2,0.7,1,0,"A tycoon","Emeralds",28,"Male",1
"4","2",44,6,2,0.7,1,0,"A tycoon","Emeralds",28,"Male",1
"4","2",45,4,2,0.7,1,1,"A tycoon","Emeralds",28,"Male",1
"4","2",46,4,2,0.7,1,0,"A tycoon","Emeralds",28,"Male",1
"4","2",47,5,2,0.7,1,1,"A tycoon","Emeralds",28,"Male",1
"4","2",48,3,2,0.7,1,1,"A tycoon","Emeralds",28,"Male",1
"4","2",49,3,2,0.7,1,0,"A tycoon","Emeralds",28,"Male",1
"4","2",50,4,2,0.7,1,0,"A tycoon","Emeralds",28,"Male",1
"5","1",1,35,1,0.3,1,0,"A bandit","Emeralds",33,"Female",1
"5","1",2,27,2,0.7,1,0,"A bandit","Emeralds",33,"Female",1
"5","1",3,78,1,0.3,0,0,"A bandit","Emeralds",33,"Female",1
"5","1",4,69,1,0.3,0,1,"A bandit","Emeralds",33,"Female",1
"5","1",5,71,2,0.7,0,1,"A bandit","Emeralds",33,"Female",1
"5","1",6,82,1,0.3,0,1,"A bandit","Emeralds",33,"Female",1
"5","1",7,81,1,0.3,0,0,"A bandit","Emeralds",33,"Female",1
"5","1",8,74,2,0.7,0,1,"A bandit","Emeralds",33,"Female",1
"5","1",9,24,2,0.7,1,0,"A bandit","Emeralds",33,"Female",1
"5","1",10,22,2,0.7,1,0,"A bandit","Emeralds",33,"Female",1
"5","1",11,29,2,0.7,1,0,"A bandit","Emeralds",33,"Female",1
"5","1",12,33,2,0.7,1,0,"A bandit","Emeralds",33,"Female",1
"5","1",13,31,2,0.7,0,1,"A bandit","Emeralds",33,"Female",1
"5","1",14,71,1,0.3,0,1,"A bandit","Emeralds",33,"Female",1
"5","1",15,66,2,0.7,0,0,"A bandit","Emeralds",33,"Female",1
"5","1",16,21,2,0.7,1,0,"A bandit","Emeralds",33,"Female",1
"5","1",17,27,1,0.3,1,0,"A bandit","Emeralds",33,"Female",1
"5","1",18,75,1,0.3,0,0,"A bandit","Emeralds",33,"Female",1
"5","1",19,67,2,0.7,0,0,"A bandit","Emeralds",33,"Female",1
"5","1",20,67,2,0.7,1,0,"A bandit","Emeralds",33,"Female",1
"5","1",21,26,2,0.7,1,0,"A bandit","Emeralds",33,"Female",1
"5","1",22,30,2,0.7,1,0,"A bandit","Emeralds",33,"Female",1
"5","1",23,20,1,0.3,0,0,"A bandit","Emeralds",33,"Female",1
"5","1",24,68,2,0.7,0,1,"A bandit","Emeralds",33,"Female",1
"5","1",25,23,2,0.7,0,0,"A bandit","Emeralds",33,"Female",1
"5","1",26,81,1,0.3,0,1,"A bandit","Emeralds",33,"Female",1
"5","1",27,29,2,0.7,1,0,"A bandit","Emeralds",33,"Female",1
"5","1",28,26,2,0.7,1,0,"A bandit","Emeralds",33,"Female",1
"5","1",29,31,2,0.7,1,0,"A bandit","Emeralds",33,"Female",1
"5","1",30,27,2,0.7,1,0,"A bandit","Emeralds",33,"Female",1
"5","1",31,22,2,0.7,1,0,"A bandit","Emeralds",33,"Female",1
"5","1",32,25,2,0.7,1,0,"A bandit","Emeralds",33,"Female",1
"5","1",33,28,2,0.7,1,0,"A bandit","Emeralds",33,"Female",1
"5","1",34,27,2,0.7,1,0,"A bandit","Emeralds",33,"Female",1
"5","1",35,29,2,0.7,1,0,"A bandit","Emeralds",33,"Female",1
"5","1",36,25,2,0.7,1,0,"A bandit","Emeralds",33,"Female",1
"5","1",37,25,2,0.7,0,0,"A bandit","Emeralds",33,"Female",1
"5","1",38,31,1,0.3,1,0,"A bandit","Emeralds",33,"Female",1
"5","1",39,28,1,0.3,0,1,"A bandit","Emeralds",33,"Female",1
"5","1",40,71,2,0.7,1,0,"A bandit","Emeralds",33,"Female",1
"5","1",41,22,2,0.7,0,0,"A bandit","Emeralds",33,"Female",1
"5","1",42,20,2,0.7,0,1,"A bandit","Emeralds",33,"Female",1
"5","1",43,35,2,0.7,0,0,"A bandit","Emeralds",33,"Female",1
"5","1",44,31,2,0.7,0,1,"A bandit","Emeralds",33,"Female",1
"5","1",45,34,1,0.3,1,0,"A bandit","Emeralds",33,"Female",1
"5","1",46,21,1,0.3,1,0,"A bandit","Emeralds",33,"Female",1
"5","1",47,68,1,0.3,0,1,"A bandit","Emeralds",33,"Female",1
"5","1",48,66,2,0.7,0,1,"A bandit","Emeralds",33,"Female",1
"5","1",49,63,2,0.7,0,1,"A bandit","Emeralds",33,"Female",1
"5","1",50,66,1,0.3,0,1,"A bandit","Emeralds",33,"Female",1
"6","2",1,5,1,0.7,1,0,"A tycoon","Emeralds",33,"Male",1
"6","2",2,8,2,0.3,1,0,"A tycoon","Emeralds",33,"Male",1
"6","2",3,6,1,0.7,1,1,"A tycoon","Emeralds",33,"Male",1
"6","2",4,9,1,0.7,1,1,"A tycoon","Emeralds",33,"Male",1
"6","2",5,5,2,0.3,1,1,"A tycoon","Emeralds",33,"Male",1
"6","2",6,8,2,0.3,1,1,"A tycoon","Emeralds",33,"Male",1
"6","2",7,3,1,0.7,1,1,"A tycoon","Emeralds",33,"Male",1
"6","2",8,2,1,0.7,1,1,"A tycoon","Emeralds",33,"Male",1
"6","2",9,2,2,0.3,1,0,"A tycoon","Emeralds",33,"Male",1
"6","2",10,7,2,0.3,1,1,"A tycoon","Emeralds",33,"Male",1
"6","2",11,5,1,0.7,1,0,"A tycoon","Emeralds",33,"Male",1
"6","2",12,6,1,0.7,1,0,"A tycoon","Emeralds",33,"Male",1
"6","2",13,84,2,0.3,0,0,"A tycoon","Emeralds",33,"Male",1
"6","2",14,93,2,0.3,0,0,"A tycoon","Emeralds",33,"Male",1
"6","2",15,92,1,0.7,0,0,"A tycoon","Emeralds",33,"Male",1
"6","2",16,6,1,0.7,1,1,"A tycoon","Emeralds",33,"Male",1
"6","2",17,9,2,0.3,0,0,"A tycoon","Emeralds",33,"Male",1
"6","2",18,9,1,0.7,1,0,"A tycoon","Emeralds",33,"Male",1
"6","2",19,83,1,0.7,0,0,"A tycoon","Emeralds",33,"Male",1
"6","2",20,79,2,0.3,0,0,"A tycoon","Emeralds",33,"Male",1
"6","2",21,4,1,0.7,1,0,"A tycoon","Emeralds",33,"Male",1
"6","2",22,90,1,0.7,0,0,"A tycoon","Emeralds",33,"Male",1
"6","2",23,10,2,0.3,1,0,"A tycoon","Emeralds",33,"Male",1
"6","2",24,4,1,0.7,1,0,"A tycoon","Emeralds",33,"Male",1
"6","2",25,10,1,0.7,1,0,"A tycoon","Emeralds",33,"Male",1
"6","2",26,8,1,0.7,1,0,"A tycoon","Emeralds",33,"Male",1
"6","2",27,7,2,0.3,1,0,"A tycoon","Emeralds",33,"Male",1
"6","2",28,4,2,0.3,1,0,"A tycoon","Emeralds",33,"Male",1
"6","2",29,85,2,0.3,0,0,"A tycoon","Emeralds",33,"Male",1
"6","2",30,7,1,0.7,1,1,"A tycoon","Emeralds",33,"Male",1
"6","2",31,9,1,0.7,1,1,"A tycoon","Emeralds",33,"Male",1
"6","2",32,8,1,0.7,1,1,"A tycoon","Emeralds",33,"Male",1
"6","2",33,7,1,0.7,1,0,"A tycoon","Emeralds",33,"Male",1
"6","2",34,8,1,0.7,1,0,"A tycoon","Emeralds",33,"Male",1
"6","2",35,7,1,0.7,1,1,"A tycoon","Emeralds",33,"Male",1
"6","2",36,7,1,0.7,1,1,"A tycoon","Emeralds",33,"Male",1
"6","2",37,6,1,0.7,1,0,"A tycoon","Emeralds",33,"Male",1
"6","2",38,92,1,0.7,0,0,"A tycoon","Emeralds",33,"Male",1
"6","2",39,7,1,0.7,1,1,"A tycoon","Emeralds",33,"Male",1
"6","2",40,8,1,0.7,1,0,"A tycoon","Emeralds",33,"Male",1
"6","2",41,9,1,0.7,1,0,"A tycoon","Emeralds",33,"Male",1
"6","2",42,8,2,0.3,1,1,"A tycoon","Emeralds",33,"Male",1
"6","2",43,82,1,0.7,0,0,"A tycoon","Emeralds",33,"Male",1
"6","2",44,84,1,0.7,0,0,"A tycoon","Emeralds",33,"Male",1
"6","2",45,90,1,0.7,0,0,"A tycoon","Emeralds",33,"Male",1
"6","2",46,4,1,0.7,1,0,"A tycoon","Emeralds",33,"Male",1
"6","2",47,87,1,0.7,0,0,"A tycoon","Emeralds",33,"Male",1
"6","2",48,89,2,0.3,0,0,"A tycoon","Emeralds",33,"Male",1
"6","2",49,8,1,0.7,1,0,"A tycoon","Emeralds",33,"Male",1
"6","2",50,3,1,0.7,1,0,"A tycoon","Emeralds",33,"Male",1
"7","1",1,25,1,0.7,0,1,"A bandit","Emeralds",35,"Male",1
"7","1",2,19,2,0.3,0,1,"A bandit","Emeralds",35,"Male",1
"7","1",3,68,1,0.7,1,0,"A bandit","Emeralds",35,"Male",1
"7","1",4,20,1,0.7,0,1,"A bandit","Emeralds",35,"Male",1
"7","1",5,21,1,0.7,1,0,"A bandit","Emeralds",35,"Male",1
"7","1",6,9,1,0.7,1,0,"A bandit","Emeralds",35,"Male",1
"7","1",7,40,1,0.7,0,1,"A bandit","Emeralds",35,"Male",1
"7","1",8,33,1,0.7,0,0,"A bandit","Emeralds",35,"Male",1
"7","1",9,37,2,0.3,1,0,"A bandit","Emeralds",35,"Male",1
"7","1",10,28,2,0.3,0,0,"A bandit","Emeralds",35,"Male",1
"7","1",11,29,1,0.7,0,1,"A bandit","Emeralds",35,"Male",1
"7","1",12,27,2,0.3,0,0,"A bandit","Emeralds",35,"Male",1
"7","1",13,25,1,0.7,1,0,"A bandit","Emeralds",35,"Male",1
"7","1",14,26,1,0.7,1,0,"A bandit","Emeralds",35,"Male",1
"7","1",15,23,1,0.7,1,0,"A bandit","Emeralds",35,"Male",1
"7","1",16,28,1,0.7,0,1,"A bandit","Emeralds",35,"Male",1
"7","1",17,39,1,0.7,0,0,"A bandit","Emeralds",35,"Male",1
"7","1",18,29,1,0.7,0,1,"A bandit","Emeralds",35,"Male",1
"7","1",19,56,2,0.3,1,0,"A bandit","Emeralds",35,"Male",1
"7","1",20,18,2,0.3,1,0,"A bandit","Emeralds",35,"Male",1
"7","1",21,47,2,0.3,0,0,"A bandit","Emeralds",35,"Male",1
"7","1",22,27,2,0.3,0,1,"A bandit","Emeralds",35,"Male",1
"7","1",23,25,1,0.7,0,0,"A bandit","Emeralds",35,"Male",1
"7","1",24,40,2,0.3,0,0,"A bandit","Emeralds",35,"Male",1
"7","1",25,25,1,0.7,0,0,"A bandit","Emeralds",35,"Male",1
"7","1",26,22,2,0.3,0,0,"A bandit","Emeralds",35,"Male",1
"7","1",27,11,1,0.7,1,0,"A bandit","Emeralds",35,"Male",1
"7","1",28,39,1,0.7,0,1,"A bandit","Emeralds",35,"Male",1
"7","1",29,20,1,0.7,0,1,"A bandit","Emeralds",35,"Male",1
"7","1",30,18,1,0.7,0,1,"A bandit","Emeralds",35,"Male",1
"7","1",31,24,2,0.3,0,1,"A bandit","Emeralds",35,"Male",1
"7","1",32,19,2,0.3,0,0,"A bandit","Emeralds",35,"Male",1
"7","1",33,38,1,0.7,0,1,"A bandit","Emeralds",35,"Male",1
"7","1",34,46,1,0.7,0,0,"A bandit","Emeralds",35,"Male",1
"7","1",35,12,1,0.7,1,0,"A bandit","Emeralds",35,"Male",1
"7","1",36,33,1,0.7,0,1,"A bandit","Emeralds",35,"Male",1
"7","1",37,22,2,0.3,0,0,"A bandit","Emeralds",35,"Male",1
"7","1",38,14,1,0.7,0,0,"A bandit","Emeralds",35,"Male",1
"7","1",39,7,1,0.7,1,0,"A bandit","Emeralds",35,"Male",1
"7","1",40,8,1,0.7,1,0,"A bandit","Emeralds",35,"Male",1
"7","1",41,42,1,0.7,0,0,"A bandit","Emeralds",35,"Male",1
"7","1",42,7,1,0.7,1,0,"A bandit","Emeralds",35,"Male",1
"7","1",43,26,1,0.7,0,0,"A bandit","Emeralds",35,"Male",1
"7","1",44,26,1,0.7,0,0,"A bandit","Emeralds",35,"Male",1
"7","1",45,42,1,0.7,0,0,"A bandit","Emeralds",35,"Male",1
"7","1",46,7,1,0.7,1,0,"A bandit","Emeralds",35,"Male",1
"7","1",47,7,1,0.7,1,0,"A bandit","Emeralds",35,"Male",1
"7","1",48,56,1,0.7,0,1,"A bandit","Emeralds",35,"Male",1
"7","1",49,12,1,0.7,1,0,"A bandit","Emeralds",35,"Male",1
"7","1",50,8,1,0.7,1,0,"A bandit","Emeralds",35,"Male",1
"8","2",1,100,1,0.7,1,1,"A tycoon","Emeralds",27,"Female",1
"8","2",2,100,1,0.7,0,0,"A tycoon","Emeralds",27,"Female",1
"8","2",3,100,1,0.7,1,0,"A tycoon","Emeralds",27,"Female",1
"8","2",4,100,1,0.7,1,0,"A tycoon","Emeralds",27,"Female",1
"8","2",5,100,1,0.7,0,0,"A tycoon","Emeralds",27,"Female",1
"8","2",6,100,1,0.7,1,1,"A tycoon","Emeralds",27,"Female",1
"8","2",7,100,1,0.7,1,0,"A tycoon","Emeralds",27,"Female",1
"8","2",8,100,1,0.7,1,0,"A tycoon","Emeralds",27,"Female",1
"8","2",9,100,1,0.7,0,0,"A tycoon","Emeralds",27,"Female",1
"8","2",10,100,1,0.7,1,0,"A tycoon","Emeralds",27,"Female",1
"8","2",11,100,1,0.7,1,1,"A tycoon","Emeralds",27,"Female",1
"8","2",12,100,1,0.7,1,0,"A tycoon","Emeralds",27,"Female",1
"8","2",13,100,1,0.7,0,0,"A tycoon","Emeralds",27,"Female",1
"8","2",14,100,1,0.7,1,1,"A tycoon","Emeralds",27,"Female",1
"8","2",15,100,1,0.7,1,0,"A tycoon","Emeralds",27,"Female",1
"8","2",16,96,1,0.7,0,0,"A tycoon","Emeralds",27,"Female",1
"8","2",17,91,1,0.7,1,0,"A tycoon","Emeralds",27,"Female",1
"8","2",18,98,1,0.7,1,1,"A tycoon","Emeralds",27,"Female",1
"8","2",19,100,1,0.7,1,0,"A tycoon","Emeralds",27,"Female",1
"8","2",20,100,1,0.7,1,1,"A tycoon","Emeralds",27,"Female",1
"8","2",21,100,1,0.7,1,1,"A tycoon","Emeralds",27,"Female",1
"8","2",22,100,1,0.7,1,0,"A tycoon","Emeralds",27,"Female",1
"8","2",23,100,1,0.7,1,0,"A tycoon","Emeralds",27,"Female",1
"8","2",24,100,1,0.7,1,0,"A tycoon","Emeralds",27,"Female",1
"8","2",25,70,1,0.7,0,0,"A tycoon","Emeralds",27,"Female",1
"8","2",26,100,1,0.7,1,0,"A tycoon","Emeralds",27,"Female",1
"8","2",27,100,1,0.7,1,0,"A tycoon","Emeralds",27,"Female",1
"8","2",28,100,1,0.7,1,1,"A tycoon","Emeralds",27,"Female",1
"8","2",29,100,1,0.7,1,1,"A tycoon","Emeralds",27,"Female",1
"8","2",30,100,1,0.7,1,0,"A tycoon","Emeralds",27,"Female",1
"8","2",31,100,1,0.7,1,1,"A tycoon","Emeralds",27,"Female",1
"8","2",32,100,1,0.7,1,1,"A tycoon","Emeralds",27,"Female",1
"8","2",33,100,1,0.7,1,0,"A tycoon","Emeralds",27,"Female",1
"8","2",34,100,1,0.7,1,0,"A tycoon","Emeralds",27,"Female",1
"8","2",35,100,1,0.7,1,1,"A tycoon","Emeralds",27,"Female",1
"8","2",36,100,1,0.7,1,0,"A tycoon","Emeralds",27,"Female",1
"8","2",37,100,1,0.7,1,1,"A tycoon","Emeralds",27,"Female",1
"8","2",38,100,1,0.7,1,0,"A tycoon","Emeralds",27,"Female",1
"8","2",39,100,1,0.7,1,0,"A tycoon","Emeralds",27,"Female",1
"8","2",40,75,1,0.7,0,0,"A tycoon","Emeralds",27,"Female",1
"8","2",41,100,1,0.7,1,1,"A tycoon","Emeralds",27,"Female",1
"8","2",42,100,1,0.7,1,0,"A tycoon","Emeralds",27,"Female",1
"8","2",43,70,1,0.7,0,0,"A tycoon","Emeralds",27,"Female",1
"8","2",44,100,1,0.7,1,0,"A tycoon","Emeralds",27,"Female",1
"8","2",45,100,1,0.7,1,0,"A tycoon","Emeralds",27,"Female",1
"8","2",46,100,1,0.7,1,0,"A tycoon","Emeralds",27,"Female",1
"8","2",47,100,1,0.7,1,0,"A tycoon","Emeralds",27,"Female",1
"8","2",48,0,1,0.7,0,0,"A tycoon","Emeralds",27,"Female",1
"8","2",49,100,1,0.7,1,1,"A tycoon","Emeralds",27,"Female",1
"8","2",50,100,1,0.7,1,0,"A tycoon","Emeralds",27,"Female",1
"9","3",1,49,2,0.3,0,0,"A sheriff","Emeralds",37,"Male",1
"9","3",2,13,2,0.3,0,0,"A sheriff","Emeralds",37,"Male",1
"9","3",3,62,2,0.3,0,0,"A sheriff","Emeralds",37,"Male",1
"9","3",4,23,1,0.7,0,0,"A sheriff","Emeralds",37,"Male",1
"9","3",5,0,1,0.7,1,0,"A sheriff","Emeralds",37,"Male",1
"9","3",6,8,1,0.7,1,1,"A sheriff","Emeralds",37,"Male",1
"9","3",7,7,1,0.7,1,0,"A sheriff","Emeralds",37,"Male",1
"9","3",8,0,1,0.7,1,0,"A sheriff","Emeralds",37,"Male",1
"9","3",9,0,1,0.7,1,1,"A sheriff","Emeralds",37,"Male",1
"9","3",10,0,1,0.7,1,1,"A sheriff","Emeralds",37,"Male",1
"9","3",11,0,1,0.7,1,0,"A sheriff","Emeralds",37,"Male",1
"9","3",12,0,1,0.7,1,0,"A sheriff","Emeralds",37,"Male",1
"9","3",13,2,1,0.7,1,0,"A sheriff","Emeralds",37,"Male",1
"9","3",14,88,1,0.7,0,0,"A sheriff","Emeralds",37,"Male",1
"9","3",15,92,1,0.7,0,0,"A sheriff","Emeralds",37,"Male",1
"9","3",16,0,1,0.7,1,1,"A sheriff","Emeralds",37,"Male",1
"9","3",17,4,1,0.7,1,0,"A sheriff","Emeralds",37,"Male",1
"9","3",18,1,1,0.7,1,0,"A sheriff","Emeralds",37,"Male",1
"9","3",19,2,1,0.7,1,0,"A sheriff","Emeralds",37,"Male",1
"9","3",20,2,1,0.7,1,1,"A sheriff","Emeralds",37,"Male",1
"9","3",21,0,1,0.7,1,0,"A sheriff","Emeralds",37,"Male",1
"9","3",22,1,1,0.7,1,0,"A sheriff","Emeralds",37,"Male",1
"9","3",23,94,1,0.7,0,1,"A sheriff","Emeralds",37,"Male",1
"9","3",24,93,1,0.7,0,0,"A sheriff","Emeralds",37,"Male",1
"9","3",25,89,1,0.7,0,0,"A sheriff","Emeralds",37,"Male",1
"9","3",26,4,1,0.7,1,1,"A sheriff","Emeralds",37,"Male",1
"9","3",27,4,1,0.7,1,1,"A sheriff","Emeralds",37,"Male",1
"9","3",28,0,1,0.7,1,0,"A sheriff","Emeralds",37,"Male",1
"9","3",29,88,1,0.7,0,0,"A sheriff","Emeralds",37,"Male",1
"9","3",30,4,1,0.7,1,0,"A sheriff","Emeralds",37,"Male",1
"9","3",31,92,1,0.7,0,0,"A sheriff","Emeralds",37,"Male",1
"9","3",32,7,1,0.7,1,0,"A sheriff","Emeralds",37,"Male",1
"9","3",33,4,1,0.7,1,0,"A sheriff","Emeralds",37,"Male",1
"9","3",34,95,1,0.7,0,0,"A sheriff","Emeralds",37,"Male",1
"9","3",35,2,1,0.7,1,1,"A sheriff","Emeralds",37,"Male",1
"9","3",36,88,1,0.7,0,0,"A sheriff","Emeralds",37,"Male",1
"9","3",37,64,2,0.3,0,0,"A sheriff","Emeralds",37,"Male",1
"9","3",38,92,1,0.7,0,1,"A sheriff","Emeralds",37,"Male",1
"9","3",39,92,1,0.7,0,1,"A sheriff","Emeralds",37,"Male",1
"9","3",40,89,1,0.7,0,0,"A sheriff","Emeralds",37,"Male",1
"9","3",41,67,1,0.7,0,1,"A sheriff","Emeralds",37,"Male",1
"9","3",42,84,1,0.7,0,1,"A sheriff","Emeralds",37,"Male",1
"9","3",43,0,2,0.3,1,0,"A sheriff","Emeralds",37,"Male",1
"9","3",44,0,2,0.3,1,1,"A sheriff","Emeralds",37,"Male",1
"9","3",45,0,2,0.3,1,0,"A sheriff","Emeralds",37,"Male",1
"9","3",46,88,2,0.3,0,0,"A sheriff","Emeralds",37,"Male",1
"9","3",47,91,2,0.3,0,0,"A sheriff","Emeralds",37,"Male",1
"9","3",48,0,2,0.3,1,0,"A sheriff","Emeralds",37,"Male",1
"9","3",49,67,2,0.3,0,0,"A sheriff","Emeralds",37,"Male",1
"9","3",50,2,1,0.7,1,1,"A sheriff","Emeralds",37,"Male",1
"10","2",1,60,2,0.7,0,0,"A tycoon","Emeralds",36,"Male",1
"10","2",2,36,1,0.3,1,1,"A tycoon","Emeralds",36,"Male",1
"10","2",3,34,1,0.3,0,0,"A tycoon","Emeralds",36,"Male",1
"10","2",4,63,2,0.7,1,1,"A tycoon","Emeralds",36,"Male",1
"10","2",5,65,2,0.7,1,1,"A tycoon","Emeralds",36,"Male",1
"10","2",6,38,1,0.3,0,0,"A tycoon","Emeralds",36,"Male",1
"10","2",7,24,1,0.3,1,0,"A tycoon","Emeralds",36,"Male",1
"10","2",8,22,2,0.7,1,1,"A tycoon","Emeralds",36,"Male",1
"10","2",9,71,2,0.7,1,1,"A tycoon","Emeralds",36,"Male",1
"10","2",10,71,2,0.7,1,0,"A tycoon","Emeralds",36,"Male",1
"10","2",11,32,2,0.7,1,0,"A tycoon","Emeralds",36,"Male",1
"10","2",12,30,1,0.3,1,0,"A tycoon","Emeralds",36,"Male",1
"10","2",13,61,2,0.7,1,0,"A tycoon","Emeralds",36,"Male",1
"10","2",14,33,1,0.3,0,0,"A tycoon","Emeralds",36,"Male",1
"10","2",15,70,2,0.7,1,0,"A tycoon","Emeralds",36,"Male",1
"10","2",16,59,2,0.7,1,0,"A tycoon","Emeralds",36,"Male",1
"10","2",17,30,1,0.3,1,1,"A tycoon","Emeralds",36,"Male",1
"10","2",18,27,1,0.3,1,1,"A tycoon","Emeralds",36,"Male",1
"10","2",19,71,2,0.7,1,0,"A tycoon","Emeralds",36,"Male",1
"10","2",20,58,2,0.7,1,0,"A tycoon","Emeralds",36,"Male",1
"10","2",21,73,2,0.7,1,0,"A tycoon","Emeralds",36,"Male",1
"10","2",22,72,2,0.7,1,0,"A tycoon","Emeralds",36,"Male",1
"10","2",23,66,2,0.7,1,1,"A tycoon","Emeralds",36,"Male",1
"10","2",24,66,2,0.7,1,0,"A tycoon","Emeralds",36,"Male",1
"10","2",25,62,2,0.7,1,0,"A tycoon","Emeralds",36,"Male",1
"10","2",26,42,2,0.7,1,0,"A tycoon","Emeralds",36,"Male",1
"10","2",27,59,2,0.7,1,1,"A tycoon","Emeralds",36,"Male",1
"10","2",28,74,2,0.7,1,0,"A tycoon","Emeralds",36,"Male",1
"10","2",29,70,2,0.7,1,0,"A tycoon","Emeralds",36,"Male",1
"10","2",30,58,2,0.7,1,0,"A tycoon","Emeralds",36,"Male",1
"10","2",31,73,2,0.7,1,0,"A tycoon","Emeralds",36,"Male",1
"10","2",32,61,2,0.7,1,0,"A tycoon","Emeralds",36,"Male",1
"10","2",33,70,2,0.7,1,1,"A tycoon","Emeralds",36,"Male",1
"10","2",34,58,2,0.7,1,1,"A tycoon","Emeralds",36,"Male",1
"10","2",35,74,2,0.7,1,0,"A tycoon","Emeralds",36,"Male",1
"10","2",36,68,2,0.7,0,0,"A tycoon","Emeralds",36,"Male",1
"10","2",37,62,2,0.7,0,0,"A tycoon","Emeralds",36,"Male",1
"10","2",38,54,2,0.7,1,1,"A tycoon","Emeralds",36,"Male",1
"10","2",39,60,2,0.7,1,1,"A tycoon","Emeralds",36,"Male",1
"10","2",40,37,2,0.7,1,0,"A tycoon","Emeralds",36,"Male",1
"10","2",41,28,2,0.7,1,0,"A tycoon","Emeralds",36,"Male",1
"10","2",42,31,2,0.7,1,0,"A tycoon","Emeralds",36,"Male",1
"10","2",43,28,2,0.7,1,0,"A tycoon","Emeralds",36,"Male",1
"10","2",44,40,2,0.7,1,0,"A tycoon","Emeralds",36,"Male",1
"10","2",45,39,2,0.7,1,1,"A tycoon","Emeralds",36,"Male",1
"10","2",46,24,2,0.7,1,0,"A tycoon","Emeralds",36,"Male",1
"10","2",47,40,2,0.7,0,0,"A tycoon","Emeralds",36,"Male",1
"10","2",48,43,2,0.7,1,0,"A tycoon","Emeralds",36,"Male",1
"10","2",49,65,2,0.7,1,1,"A tycoon","Emeralds",36,"Male",1
"10","2",50,66,2,0.7,0,0,"A tycoon","Emeralds",36,"Male",1
"11","3",1,13,2,0.3,0,0,"A sheriff","Emeralds",34,"Male",1
"11","3",2,7,1,0.7,1,0,"A sheriff","Emeralds",34,"Male",1
"11","3",3,13,1,0.7,1,0,"A sheriff","Emeralds",34,"Male",1
"11","3",4,12,1,0.7,1,0,"A sheriff","Emeralds",34,"Male",1
"11","3",5,14,1,0.7,1,0,"A sheriff","Emeralds",34,"Male",1
"11","3",6,77,1,0.7,0,1,"A sheriff","Emeralds",34,"Male",1
"11","3",7,37,2,0.3,1,1,"A sheriff","Emeralds",34,"Male",1
"11","3",8,70,2,0.3,0,0,"A sheriff","Emeralds",34,"Male",1
"11","3",9,59,1,0.7,1,1,"A sheriff","Emeralds",34,"Male",1
"11","3",10,9,1,0.7,1,0,"A sheriff","Emeralds",34,"Male",1
"11","3",11,8,1,0.7,1,0,"A sheriff","Emeralds",34,"Male",1
"11","3",12,9,1,0.7,1,0,"A sheriff","Emeralds",34,"Male",1
"11","3",13,8,1,0.7,1,0,"A sheriff","Emeralds",34,"Male",1
"11","3",14,74,1,0.7,0,1,"A sheriff","Emeralds",34,"Male",1
"11","3",15,16,2,0.3,1,0,"A sheriff","Emeralds",34,"Male",1
"11","3",16,62,2,0.3,0,0,"A sheriff","Emeralds",34,"Male",1
"11","3",17,15,1,0.7,1,1,"A sheriff","Emeralds",34,"Male",1
"11","3",18,8,1,0.7,1,0,"A sheriff","Emeralds",34,"Male",1
"11","3",19,70,1,0.7,0,0,"A sheriff","Emeralds",34,"Male",1
"11","3",20,65,2,0.3,1,0,"A sheriff","Emeralds",34,"Male",1
"11","3",21,39,2,0.3,1,1,"A sheriff","Emeralds",34,"Male",1
"11","3",22,70,2,0.3,0,0,"A sheriff","Emeralds",34,"Male",1
"11","3",23,76,1,0.7,0,0,"A sheriff","Emeralds",34,"Male",1
"11","3",24,71,2,0.3,1,0,"A sheriff","Emeralds",34,"Male",1
"11","3",25,72,2,0.3,0,1,"A sheriff","Emeralds",34,"Male",1
"11","3",26,26,1,0.7,1,1,"A sheriff","Emeralds",34,"Male",1
"11","3",27,15,1,0.7,1,0,"A sheriff","Emeralds",34,"Male",1
"11","3",28,11,1,0.7,1,0,"A sheriff","Emeralds",34,"Male",1
"11","3",29,13,1,0.7,1,1,"A sheriff","Emeralds",34,"Male",1
"11","3",30,65,1,0.7,0,0,"A sheriff","Emeralds",34,"Male",1
"11","3",31,60,2,0.3,0,1,"A sheriff","Emeralds",34,"Male",1
"11","3",32,65,2,0.3,1,0,"A sheriff","Emeralds",34,"Male",1
"11","3",33,17,2,0.3,0,1,"A sheriff","Emeralds",34,"Male",1
"11","3",34,68,1,0.7,0,1,"A sheriff","Emeralds",34,"Male",1
"11","3",35,34,2,0.3,0,0,"A sheriff","Emeralds",34,"Male",1
"11","3",36,14,1,0.7,1,0,"A sheriff","Emeralds",34,"Male",1
"11","3",37,70,1,0.7,0,1,"A sheriff","Emeralds",34,"Male",1
"11","3",38,68,1,0.7,0,0,"A sheriff","Emeralds",34,"Male",1
"11","3",39,20,1,0.7,0,0,"A sheriff","Emeralds",34,"Male",1
"11","3",40,23,2,0.3,0,0,"A sheriff","Emeralds",34,"Male",1
"11","3",41,16,1,0.7,1,0,"A sheriff","Emeralds",34,"Male",1
"11","3",42,17,1,0.7,1,1,"A sheriff","Emeralds",34,"Male",1
"11","3",43,14,1,0.7,1,0,"A sheriff","Emeralds",34,"Male",1
"11","3",44,69,2,0.3,1,0,"A sheriff","Emeralds",34,"Male",1
"11","3",45,24,2,0.3,1,1,"A sheriff","Emeralds",34,"Male",1
"11","3",46,12,1,0.7,1,0,"A sheriff","Emeralds",34,"Male",1
"11","3",47,14,1,0.7,1,0,"A sheriff","Emeralds",34,"Male",1
"11","3",48,14,1,0.7,1,0,"A sheriff","Emeralds",34,"Male",1
"11","3",49,20,2,0.3,0,0,"A sheriff","Emeralds",34,"Male",1
"11","3",50,16,1,0.7,1,0,"A sheriff","Emeralds",34,"Male",1
"12","3",1,2,2,0.3,1,0,"A sheriff","Emeralds",35,"Female",1
"12","3",2,0,2,0.3,1,0,"A sheriff","Emeralds",35,"Female",1
"12","3",3,0,2,0.3,1,1,"A sheriff","Emeralds",35,"Female",1
"12","3",4,76,2,0.3,0,0,"A sheriff","Emeralds",35,"Female",1
"12","3",5,68,2,0.3,0,0,"A sheriff","Emeralds",35,"Female",1
"12","3",6,94,2,0.3,0,0,"A sheriff","Emeralds",35,"Female",1
"12","3",7,6,2,0.3,1,0,"A sheriff","Emeralds",35,"Female",1
"12","3",8,83,2,0.3,0,0,"A sheriff","Emeralds",35,"Female",1
"12","3",9,97,2,0.3,0,0,"A sheriff","Emeralds",35,"Female",1
"12","3",10,3,1,0.7,1,0,"A sheriff","Emeralds",35,"Female",1
"12","3",11,2,1,0.7,1,0,"A sheriff","Emeralds",35,"Female",1
"12","3",12,0,1,0.7,1,1,"A sheriff","Emeralds",35,"Female",1
"12","3",13,1,1,0.7,1,0,"A sheriff","Emeralds",35,"Female",1
"12","3",14,55,1,0.7,0,0,"A sheriff","Emeralds",35,"Female",1
"12","3",15,76,1,0.7,0,1,"A sheriff","Emeralds",35,"Female",1
"12","3",16,27,2,0.3,0,1,"A sheriff","Emeralds",35,"Female",1
"12","3",17,3,1,0.7,1,0,"A sheriff","Emeralds",35,"Female",1
"12","3",18,1,1,0.7,1,0,"A sheriff","Emeralds",35,"Female",1
"12","3",19,0,1,0.7,1,0,"A sheriff","Emeralds",35,"Female",1
"12","3",20,77,1,0.7,0,1,"A sheriff","Emeralds",35,"Female",1
"12","3",21,2,1,0.7,1,0,"A sheriff","Emeralds",35,"Female",1
"12","3",22,88,1,0.7,0,1,"A sheriff","Emeralds",35,"Female",1
"12","3",23,58,2,0.3,0,0,"A sheriff","Emeralds",35,"Female",1
"12","3",24,8,1,0.7,1,1,"A sheriff","Emeralds",35,"Female",1
"12","3",25,80,1,0.7,0,0,"A sheriff","Emeralds",35,"Female",1
"12","3",26,52,2,0.3,0,0,"A sheriff","Emeralds",35,"Female",1
"12","3",27,1,1,0.7,1,0,"A sheriff","Emeralds",35,"Female",1
"12","3",28,1,1,0.7,1,0,"A sheriff","Emeralds",35,"Female",1
"12","3",29,0,1,0.7,1,1,"A sheriff","Emeralds",35,"Female",1
"12","3",30,0,1,0.7,1,0,"A sheriff","Emeralds",35,"Female",1
"12","3",31,0,1,0.7,1,0,"A sheriff","Emeralds",35,"Female",1
"12","3",32,1,1,0.7,1,0,"A sheriff","Emeralds",35,"Female",1
"12","3",33,79,1,0.7,0,1,"A sheriff","Emeralds",35,"Female",1
"12","3",34,2,2,0.3,1,0,"A sheriff","Emeralds",35,"Female",1
"12","3",35,70,2,0.3,0,0,"A sheriff","Emeralds",35,"Female",1
"12","3",36,0,1,0.7,1,0,"A sheriff","Emeralds",35,"Female",1
"12","3",37,74,1,0.7,0,1,"A sheriff","Emeralds",35,"Female",1
"12","3",38,42,2,0.3,0,0,"A sheriff","Emeralds",35,"Female",1
"12","3",39,2,1,0.7,1,0,"A sheriff","Emeralds",35,"Female",1
"12","3",40,2,1,0.7,1,1,"A sheriff","Emeralds",35,"Female",1
"12","3",41,77,1,0.7,0,0,"A sheriff","Emeralds",35,"Female",1
"12","3",42,1,1,0.7,1,0,"A sheriff","Emeralds",35,"Female",1
"12","3",43,65,1,0.7,0,1,"A sheriff","Emeralds",35,"Female",1
"12","3",44,87,1,0.7,0,0,"A sheriff","Emeralds",35,"Female",1
"12","3",45,28,2,0.3,0,0,"A sheriff","Emeralds",35,"Female",1
"12","3",46,1,2,0.3,1,1,"A sheriff","Emeralds",35,"Female",1
"12","3",47,0,2,0.3,1,0,"A sheriff","Emeralds",35,"Female",1
"12","3",48,60,2,0.3,0,0,"A sheriff","Emeralds",35,"Female",1
"12","3",49,2,1,0.7,1,1,"A sheriff","Emeralds",35,"Female",1
"12","3",50,75,1,0.7,0,1,"A sheriff","Emeralds",35,"Female",1
"13","3",1,4,1,0.7,0,1,"A sheriff","Emeralds",44,"Female",1
"13","3",2,15,1,0.7,1,0,"A sheriff","Emeralds",44,"Female",1
"13","3",3,10,1,0.7,1,0,"A sheriff","Emeralds",44,"Female",1
"13","3",4,6,1,0.7,1,0,"A sheriff","Emeralds",44,"Female",1
"13","3",5,13,1,0.7,1,1,"A sheriff","Emeralds",44,"Female",1
"13","3",6,12,1,0.7,1,0,"A sheriff","Emeralds",44,"Female",1
"13","3",7,94,1,0.7,0,0,"A sheriff","Emeralds",44,"Female",1
"13","3",8,8,1,0.7,1,1,"A sheriff","Emeralds",44,"Female",1
"13","3",9,10,1,0.7,1,1,"A sheriff","Emeralds",44,"Female",1
"13","3",10,0,1,0.7,1,0,"A sheriff","Emeralds",44,"Female",1
"13","3",11,0,1,0.7,0,0,"A sheriff","Emeralds",44,"Female",1
"13","3",12,0,1,0.7,1,1,"A sheriff","Emeralds",44,"Female",1
"13","3",13,1,1,0.7,0,1,"A sheriff","Emeralds",44,"Female",1
"13","3",14,92,1,0.7,0,0,"A sheriff","Emeralds",44,"Female",1
"13","3",15,2,1,0.7,1,0,"A sheriff","Emeralds",44,"Female",1
"13","3",16,92,1,0.7,0,1,"A sheriff","Emeralds",44,"Female",1
"13","3",17,88,1,0.7,0,0,"A sheriff","Emeralds",44,"Female",1
"13","3",18,15,2,0.3,0,0,"A sheriff","Emeralds",44,"Female",1
"13","3",19,5,1,0.7,1,1,"A sheriff","Emeralds",44,"Female",1
"13","3",20,3,1,0.7,1,0,"A sheriff","Emeralds",44,"Female",1
"13","3",21,2,2,0.3,0,0,"A sheriff","Emeralds",44,"Female",1
"13","3",22,3,1,0.7,1,1,"A sheriff","Emeralds",44,"Female",1
"13","3",23,4,1,0.7,1,0,"A sheriff","Emeralds",44,"Female",1
"13","3",24,6,1,0.7,1,0,"A sheriff","Emeralds",44,"Female",1
"13","3",25,5,2,0.3,1,0,"A sheriff","Emeralds",44,"Female",1
"13","3",26,76,1,0.7,0,1,"A sheriff","Emeralds",44,"Female",1
"13","3",27,5,2,0.3,0,0,"A sheriff","Emeralds",44,"Female",1
"13","3",28,85,1,0.7,0,0,"A sheriff","Emeralds",44,"Female",1
"13","3",29,83,1,0.7,0,0,"A sheriff","Emeralds",44,"Female",1
"13","3",30,87,1,0.7,0,1,"A sheriff","Emeralds",44,"Female",1
"13","3",31,82,2,0.3,0,0,"A sheriff","Emeralds",44,"Female",1
"13","3",32,12,2,0.3,0,0,"A sheriff","Emeralds",44,"Female",1
"13","3",33,79,1,0.7,0,1,"A sheriff","Emeralds",44,"Female",1
"13","3",34,2,1,0.7,1,0,"A sheriff","Emeralds",44,"Female",1
"13","3",35,56,1,0.7,0,0,"A sheriff","Emeralds",44,"Female",1
"13","3",36,6,1,0.7,1,0,"A sheriff","Emeralds",44,"Female",1
"13","3",37,5,2,0.3,1,0,"A sheriff","Emeralds",44,"Female",1
"13","3",38,3,2,0.3,0,0,"A sheriff","Emeralds",44,"Female",1
"13","3",39,6,1,0.7,0,0,"A sheriff","Emeralds",44,"Female",1
"13","3",40,3,1,0.7,1,1,"A sheriff","Emeralds",44,"Female",1
"13","3",41,3,1,0.7,1,1,"A sheriff","Emeralds",44,"Female",1
"13","3",42,2,1,0.7,1,0,"A sheriff","Emeralds",44,"Female",1
"13","3",43,5,2,0.3,0,0,"A sheriff","Emeralds",44,"Female",1
"13","3",44,1,2,0.3,1,0,"A sheriff","Emeralds",44,"Female",1
"13","3",45,2,2,0.3,1,1,"A sheriff","Emeralds",44,"Female",1
"13","3",46,1,1,0.7,0,0,"A sheriff","Emeralds",44,"Female",1
"13","3",47,2,1,0.7,1,0,"A sheriff","Emeralds",44,"Female",1
"13","3",48,1,1,0.7,1,0,"A sheriff","Emeralds",44,"Female",1
"13","3",49,5,1,0.7,1,0,"A sheriff","Emeralds",44,"Female",1
"13","3",50,1,2,0.3,0,0,"A sheriff","Emeralds",44,"Female",1
"14","2",1,0,1,0.3,0,0,"A bandit","Emeralds",31,"Male",0
"14","2",2,0,2,0.7,1,1,"A bandit","Emeralds",31,"Male",0
"14","2",3,7,2,0.7,1,0,"A bandit","Emeralds",31,"Male",0
"14","2",4,54,2,0.7,0,0,"A bandit","Emeralds",31,"Male",0
"14","2",5,5,2,0.7,1,0,"A bandit","Emeralds",31,"Male",0
"14","2",6,3,2,0.7,1,1,"A bandit","Emeralds",31,"Male",0
"14","2",7,3,2,0.7,1,0,"A bandit","Emeralds",31,"Male",0
"14","2",8,8,2,0.7,1,1,"A bandit","Emeralds",31,"Male",0
"14","2",9,40,2,0.7,1,0,"A bandit","Emeralds",31,"Male",0
"14","2",10,56,2,0.7,1,0,"A bandit","Emeralds",31,"Male",0
"14","2",11,60,2,0.7,1,0,"A bandit","Emeralds",31,"Male",0
"14","2",12,62,2,0.7,1,1,"A bandit","Emeralds",31,"Male",0
"14","2",13,63,2,0.7,1,1,"A bandit","Emeralds",31,"Male",0
"14","2",14,73,2,0.7,1,1,"A bandit","Emeralds",31,"Male",0
"14","2",15,82,2,0.7,1,0,"A bandit","Emeralds",31,"Male",0
"14","2",16,10,2,0.7,0,0,"A bandit","Emeralds",31,"Male",0
"14","2",17,29,2,0.7,1,0,"A bandit","Emeralds",31,"Male",0
"14","2",18,66,2,0.7,1,0,"A bandit","Emeralds",31,"Male",0
"14","2",19,9,2,0.7,0,0,"A bandit","Emeralds",31,"Male",0
"14","2",20,32,2,0.7,1,1,"A bandit","Emeralds",31,"Male",0
"14","2",21,37,2,0.7,1,0,"A bandit","Emeralds",31,"Male",0
"14","2",22,6,2,0.7,0,0,"A bandit","Emeralds",31,"Male",0
"14","2",23,18,2,0.7,1,1,"A bandit","Emeralds",31,"Male",0
"14","2",24,43,2,0.7,1,0,"A bandit","Emeralds",31,"Male",0
"14","2",25,56,2,0.7,1,1,"A bandit","Emeralds",31,"Male",0
"14","2",26,65,2,0.7,1,0,"A bandit","Emeralds",31,"Male",0
"14","2",27,11,2,0.7,0,0,"A bandit","Emeralds",31,"Male",0
"14","2",28,2,2,0.7,0,0,"A bandit","Emeralds",31,"Male",0
"14","2",29,12,2,0.7,1,1,"A bandit","Emeralds",31,"Male",0
"14","2",30,42,2,0.7,1,0,"A bandit","Emeralds",31,"Male",0
"14","2",31,3,2,0.7,0,0,"A bandit","Emeralds",31,"Male",0
"14","2",32,12,2,0.7,1,0,"A bandit","Emeralds",31,"Male",0
"14","2",33,42,2,0.7,1,0,"A bandit","Emeralds",31,"Male",0
"14","2",34,2,2,0.7,0,0,"A bandit","Emeralds",31,"Male",0
"14","2",35,1,2,0.7,0,0,"A bandit","Emeralds",31,"Male",0
"14","2",36,33,2,0.7,1,1,"A bandit","Emeralds",31,"Male",0
"14","2",37,43,2,0.7,1,1,"A bandit","Emeralds",31,"Male",0
"14","2",38,1,2,0.7,0,0,"A bandit","Emeralds",31,"Male",0
"14","2",39,3,2,0.7,0,0,"A bandit","Emeralds",31,"Male",0
"14","2",40,22,2,0.7,1,0,"A bandit","Emeralds",31,"Male",0
"14","2",41,22,2,0.7,1,0,"A bandit","Emeralds",31,"Male",0
"14","2",42,38,2,0.7,1,1,"A bandit","Emeralds",31,"Male",0
"14","2",43,56,2,0.7,1,1,"A bandit","Emeralds",31,"Male",0
"14","2",44,69,2,0.7,1,0,"A bandit","Emeralds",31,"Male",0
"14","2",45,75,2,0.7,1,0,"A bandit","Emeralds",31,"Male",0
"14","2",46,81,2,0.7,1,0,"A bandit","Emeralds",31,"Male",0
"14","2",47,86,2,0.7,1,0,"A bandit","Emeralds",31,"Male",0
"14","2",48,0,2,0.7,0,0,"A bandit","Emeralds",31,"Male",0
"14","2",49,10,2,0.7,1,0,"A bandit","Emeralds",31,"Male",0
"14","2",50,33,2,0.7,1,1,"A bandit","Emeralds",31,"Male",0
"15","2",1,51,1,0.7,1,1,"A tycoon","Emeralds",41,"Male",1
"15","2",2,50,1,0.7,0,0,"A tycoon","Emeralds",41,"Male",1
"15","2",3,48,2,0.3,1,1,"A tycoon","Emeralds",41,"Male",1
"15","2",4,47,2,0.3,0,0,"A tycoon","Emeralds",41,"Male",1
"15","2",5,37,2,0.3,0,0,"A tycoon","Emeralds",41,"Male",1
"15","2",6,0,1,0.7,1,1,"A tycoon","Emeralds",41,"Male",1
"15","2",7,0,1,0.7,0,0,"A tycoon","Emeralds",41,"Male",1
"15","2",8,0,1,0.7,0,0,"A tycoon","Emeralds",41,"Male",1
"15","2",9,0,2,0.3,1,1,"A tycoon","Emeralds",41,"Male",1
"15","2",10,0,2,0.3,0,0,"A tycoon","Emeralds",41,"Male",1
"15","2",11,0,1,0.7,1,1,"A tycoon","Emeralds",41,"Male",1
"15","2",12,0,2,0.3,0,0,"A tycoon","Emeralds",41,"Male",1
"15","2",13,0,2,0.3,0,0,"A tycoon","Emeralds",41,"Male",1
"15","2",14,0,1,0.7,1,1,"A tycoon","Emeralds",41,"Male",1
"15","2",15,0,1,0.7,1,1,"A tycoon","Emeralds",41,"Male",1
"15","2",16,0,1,0.7,1,0,"A tycoon","Emeralds",41,"Male",1
"15","2",17,0,1,0.7,1,1,"A tycoon","Emeralds",41,"Male",1
"15","2",18,0,1,0.7,0,0,"A tycoon","Emeralds",41,"Male",1
"15","2",19,0,1,0.7,1,0,"A tycoon","Emeralds",41,"Male",1
"15","2",20,0,1,0.7,1,0,"A tycoon","Emeralds",41,"Male",1
"15","2",21,0,1,0.7,1,0,"A tycoon","Emeralds",41,"Male",1
"15","2",22,0,1,0.7,0,0,"A tycoon","Emeralds",41,"Male",1
"15","2",23,0,1,0.7,1,1,"A tycoon","Emeralds",41,"Male",1
"15","2",24,0,1,0.7,1,0,"A tycoon","Emeralds",41,"Male",1
"15","2",25,0,1,0.7,1,1,"A tycoon","Emeralds",41,"Male",1
"15","2",26,0,1,0.7,1,0,"A tycoon","Emeralds",41,"Male",1
"15","2",27,0,1,0.7,1,0,"A tycoon","Emeralds",41,"Male",1
"15","2",28,0,1,0.7,1,0,"A tycoon","Emeralds",41,"Male",1
"15","2",29,0,1,0.7,1,0,"A tycoon","Emeralds",41,"Male",1
"15","2",30,0,1,0.7,0,0,"A tycoon","Emeralds",41,"Male",1
"15","2",31,0,1,0.7,0,0,"A tycoon","Emeralds",41,"Male",1
"15","2",32,0,1,0.7,1,0,"A tycoon","Emeralds",41,"Male",1
"15","2",33,0,1,0.7,1,0,"A tycoon","Emeralds",41,"Male",1
"15","2",34,0,1,0.7,1,0,"A tycoon","Emeralds",41,"Male",1
"15","2",35,0,1,0.7,1,1,"A tycoon","Emeralds",41,"Male",1
"15","2",36,0,1,0.7,1,1,"A tycoon","Emeralds",41,"Male",1
"15","2",37,0,1,0.7,1,0,"A tycoon","Emeralds",41,"Male",1
"15","2",38,0,1,0.7,1,0,"A tycoon","Emeralds",41,"Male",1
"15","2",39,0,1,0.7,1,1,"A tycoon","Emeralds",41,"Male",1
"15","2",40,0,1,0.7,1,0,"A tycoon","Emeralds",41,"Male",1
"15","2",41,0,1,0.7,1,0,"A tycoon","Emeralds",41,"Male",1
"15","2",42,0,1,0.7,0,0,"A tycoon","Emeralds",41,"Male",1
"15","2",43,0,1,0.7,1,0,"A tycoon","Emeralds",41,"Male",1
"15","2",44,0,1,0.7,1,0,"A tycoon","Emeralds",41,"Male",1
"15","2",45,0,1,0.7,0,0,"A tycoon","Emeralds",41,"Male",1
"15","2",46,0,1,0.7,1,1,"A tycoon","Emeralds",41,"Male",1
"15","2",47,0,1,0.7,1,1,"A tycoon","Emeralds",41,"Male",1
"15","2",48,0,1,0.7,1,0,"A tycoon","Emeralds",41,"Male",1
"15","2",49,0,1,0.7,1,0,"A tycoon","Emeralds",41,"Male",1
"15","2",50,0,1,0.7,1,0,"A tycoon","Emeralds",41,"Male",1
"16","1",1,0,2,0.3,1,0,"A bandit","Emeralds",43,"Male",1
"16","1",2,100,2,0.3,0,0,"A bandit","Emeralds",43,"Male",1
"16","1",3,0,2,0.3,1,0,"A bandit","Emeralds",43,"Male",1
"16","1",4,0,2,0.3,1,0,"A bandit","Emeralds",43,"Male",1
"16","1",5,0,2,0.3,1,0,"A bandit","Emeralds",43,"Male",1
"16","1",6,0,2,0.3,1,0,"A bandit","Emeralds",43,"Male",1
"16","1",7,71,2,0.3,0,0,"A bandit","Emeralds",43,"Male",1
"16","1",8,94,2,0.3,0,0,"A bandit","Emeralds",43,"Male",1
"16","1",9,50,2,0.3,0,0,"A bandit","Emeralds",43,"Male",1
"16","1",10,100,1,0.7,0,0,"A bandit","Emeralds",43,"Male",1
"16","1",11,69,1,0.7,0,0,"A bandit","Emeralds",43,"Male",1
"16","1",12,0,1,0.7,1,0,"A bandit","Emeralds",43,"Male",1
"16","1",13,22,1,0.7,0,0,"A bandit","Emeralds",43,"Male",1
"16","1",14,84,2,0.3,0,1,"A bandit","Emeralds",43,"Male",1
"16","1",15,79,2,0.3,0,0,"A bandit","Emeralds",43,"Male",1
"16","1",16,0,2,0.3,1,0,"A bandit","Emeralds",43,"Male",1
"16","1",17,29,2,0.3,0,0,"A bandit","Emeralds",43,"Male",1
"16","1",18,19,2,0.3,0,1,"A bandit","Emeralds",43,"Male",1
"16","1",19,0,1,0.7,1,0,"A bandit","Emeralds",43,"Male",1
"16","1",20,21,1,0.7,0,1,"A bandit","Emeralds",43,"Male",1
"16","1",21,8,1,0.7,0,0,"A bandit","Emeralds",43,"Male",1
"16","1",22,0,2,0.3,1,0,"A bandit","Emeralds",43,"Male",1
"16","1",23,15,2,0.3,0,1,"A bandit","Emeralds",43,"Male",1
"16","1",24,14,2,0.3,0,0,"A bandit","Emeralds",43,"Male",1
"16","1",25,0,2,0.3,1,0,"A bandit","Emeralds",43,"Male",1
"16","1",26,13,2,0.3,0,1,"A bandit","Emeralds",43,"Male",1
"16","1",27,12,2,0.3,0,1,"A bandit","Emeralds",43,"Male",1
"16","1",28,11,2,0.3,0,1,"A bandit","Emeralds",43,"Male",1
"16","1",29,9,2,0.3,0,0,"A bandit","Emeralds",43,"Male",1
"16","1",30,0,1,0.7,0,0,"A bandit","Emeralds",43,"Male",1
"16","1",31,7,2,0.3,0,0,"A bandit","Emeralds",43,"Male",1
"16","1",32,8,2,0.3,0,1,"A bandit","Emeralds",43,"Male",1
"16","1",33,0,2,0.3,0,1,"A bandit","Emeralds",43,"Male",1
"16","1",34,0,2,0.3,0,1,"A bandit","Emeralds",43,"Male",1
"16","1",35,0,2,0.3,0,0,"A bandit","Emeralds",43,"Male",1
"16","1",36,0,1,0.7,1,0,"A bandit","Emeralds",43,"Male",1
"16","1",37,6,1,0.7,0,1,"A bandit","Emeralds",43,"Male",1
"16","1",38,0,2,0.3,0,0,"A bandit","Emeralds",43,"Male",1
"16","1",39,0,2,0.3,0,1,"A bandit","Emeralds",43,"Male",1
"16","1",40,0,1,0.7,1,0,"A bandit","Emeralds",43,"Male",1
"16","1",41,3,1,0.7,0,0,"A bandit","Emeralds",43,"Male",1
"16","1",42,3,1,0.7,0,1,"A bandit","Emeralds",43,"Male",1
"16","1",43,4,2,0.3,0,0,"A bandit","Emeralds",43,"Male",1
"16","1",44,0,1,0.7,1,0,"A bandit","Emeralds",43,"Male",1
"16","1",45,3,1,0.7,0,0,"A bandit","Emeralds",43,"Male",1
"16","1",46,3,1,0.7,0,0,"A bandit","Emeralds",43,"Male",1
"16","1",47,3,2,0.3,0,1,"A bandit","Emeralds",43,"Male",1
"16","1",48,0,1,0.7,0,1,"A bandit","Emeralds",43,"Male",1
"16","1",49,0,2,0.3,0,0,"A bandit","Emeralds",43,"Male",1
"16","1",50,0,1,0.7,0,0,"A bandit","Emeralds",43,"Male",1
"17","1",1,100,1,0.3,0,0,"A bandit","Emeralds",44,"Female",1
"17","1",2,100,2,0.7,0,0,"A bandit","Emeralds",44,"Female",1
"17","1",3,100,2,0.7,1,0,"A bandit","Emeralds",44,"Female",1
"17","1",4,100,2,0.7,0,0,"A bandit","Emeralds",44,"Female",1
"17","1",5,100,2,0.7,1,0,"A bandit","Emeralds",44,"Female",1
"17","1",6,100,2,0.7,1,0,"A bandit","Emeralds",44,"Female",1
"17","1",7,100,2,0.7,0,0,"A bandit","Emeralds",44,"Female",1
"17","1",8,100,2,0.7,0,0,"A bandit","Emeralds",44,"Female",1
"17","1",9,100,2,0.7,0,1,"A bandit","Emeralds",44,"Female",1
"17","1",10,100,1,0.3,0,0,"A bandit","Emeralds",44,"Female",1
"17","1",11,100,1,0.3,0,0,"A bandit","Emeralds",44,"Female",1
"17","1",12,100,1,0.3,0,1,"A bandit","Emeralds",44,"Female",1
"17","1",13,100,1,0.3,1,0,"A bandit","Emeralds",44,"Female",1
"17","1",14,100,1,0.3,0,1,"A bandit","Emeralds",44,"Female",1
"17","1",15,100,1,0.3,0,0,"A bandit","Emeralds",44,"Female",1
"17","1",16,100,2,0.7,0,0,"A bandit","Emeralds",44,"Female",1
"17","1",17,100,2,0.7,0,0,"A bandit","Emeralds",44,"Female",1
"17","1",18,100,2,0.7,1,0,"A bandit","Emeralds",44,"Female",1
"17","1",19,100,2,0.7,0,1,"A bandit","Emeralds",44,"Female",1
"17","1",20,100,2,0.7,0,1,"A bandit","Emeralds",44,"Female",1
"17","1",21,96,2,0.7,1,0,"A bandit","Emeralds",44,"Female",1
"17","1",22,90,1,0.3,0,0,"A bandit","Emeralds",44,"Female",1
"17","1",23,87,2,0.7,0,1,"A bandit","Emeralds",44,"Female",1
"17","1",24,90,2,0.7,0,1,"A bandit","Emeralds",44,"Female",1
"17","1",25,94,2,0.7,0,0,"A bandit","Emeralds",44,"Female",1
"17","1",26,85,2,0.7,0,1,"A bandit","Emeralds",44,"Female",1
"17","1",27,85,2,0.7,1,0,"A bandit","Emeralds",44,"Female",1
"17","1",28,88,2,0.7,0,1,"A bandit","Emeralds",44,"Female",1
"17","1",29,90,1,0.3,0,1,"A bandit","Emeralds",44,"Female",1
"17","1",30,82,1,0.3,0,1,"A bandit","Emeralds",44,"Female",1
"17","1",31,85,1,0.3,1,0,"A bandit","Emeralds",44,"Female",1
"17","1",32,80,1,0.3,0,1,"A bandit","Emeralds",44,"Female",1
"17","1",33,78,1,0.3,0,0,"A bandit","Emeralds",44,"Female",1
"17","1",34,78,1,0.3,0,0,"A bandit","Emeralds",44,"Female",1
"17","1",35,78,1,0.3,0,0,"A bandit","Emeralds",44,"Female",1
"17","1",36,78,1,0.3,1,0,"A bandit","Emeralds",44,"Female",1
"17","1",37,82,1,0.3,0,0,"A bandit","Emeralds",44,"Female",1
"17","1",38,83,1,0.3,0,0,"A bandit","Emeralds",44,"Female",1
"17","1",39,84,1,0.3,1,0,"A bandit","Emeralds",44,"Female",1
"17","1",40,80,1,0.3,1,0,"A bandit","Emeralds",44,"Female",1
"17","1",41,84,1,0.3,1,0,"A bandit","Emeralds",44,"Female",1
"17","1",42,81,1,0.3,0,0,"A bandit","Emeralds",44,"Female",1
"17","1",43,82,1,0.3,0,1,"A bandit","Emeralds",44,"Female",1
"17","1",44,84,1,0.3,1,0,"A bandit","Emeralds",44,"Female",1
"17","1",45,82,1,0.3,1,0,"A bandit","Emeralds",44,"Female",1
"17","1",46,80,1,0.3,0,1,"A bandit","Emeralds",44,"Female",1
"17","1",47,71,1,0.3,0,0,"A bandit","Emeralds",44,"Female",1
"17","1",48,76,1,0.3,0,0,"A bandit","Emeralds",44,"Female",1
"17","1",49,74,1,0.3,0,1,"A bandit","Emeralds",44,"Female",1
"17","1",50,67,1,0.3,0,0,"A bandit","Emeralds",44,"Female",1
"18","1",1,100,1,0.7,0,1,"A bandit","Emeralds",34,"Male",1
"18","1",2,99,1,0.7,0,0,"A bandit","Emeralds",34,"Male",1
"18","1",3,44,1,0.7,1,0,"A bandit","Emeralds",34,"Male",1
"18","1",4,68,1,0.7,0,0,"A bandit","Emeralds",34,"Male",1
"18","1",5,63,1,0.7,0,1,"A bandit","Emeralds",34,"Male",1
"18","1",6,31,1,0.7,1,0,"A bandit","Emeralds",34,"Male",1
"18","1",7,69,1,0.7,0,1,"A bandit","Emeralds",34,"Male",1
"18","1",8,23,1,0.7,1,0,"A bandit","Emeralds",34,"Male",1
"18","1",9,92,2,0.3,0,0,"A bandit","Emeralds",34,"Male",1
"18","1",10,76,2,0.3,1,0,"A bandit","Emeralds",34,"Male",1
"18","1",11,67,2,0.3,1,0,"A bandit","Emeralds",34,"Male",1
"18","1",12,92,2,0.3,0,1,"A bandit","Emeralds",34,"Male",1
"18","1",13,78,2,0.3,0,0,"A bandit","Emeralds",34,"Male",1
"18","1",14,72,2,0.3,0,0,"A bandit","Emeralds",34,"Male",1
"18","1",15,64,2,0.3,0,0,"A bandit","Emeralds",34,"Male",1
"18","1",16,44,2,0.3,1,0,"A bandit","Emeralds",34,"Male",1
"18","1",17,60,2,0.3,0,0,"A bandit","Emeralds",34,"Male",1
"18","1",18,20,1,0.7,1,0,"A bandit","Emeralds",34,"Male",1
"18","1",19,22,1,0.7,1,0,"A bandit","Emeralds",34,"Male",1
"18","1",20,52,1,0.7,0,0,"A bandit","Emeralds",34,"Male",1
"18","1",21,55,1,0.7,0,1,"A bandit","Emeralds",34,"Male",1
"18","1",22,60,1,0.7,0,1,"A bandit","Emeralds",34,"Male",1
"18","1",23,73,1,0.7,0,0,"A bandit","Emeralds",34,"Male",1
"18","1",24,43,1,0.7,1,0,"A bandit","Emeralds",34,"Male",1
"18","1",25,72,2,0.3,0,0,"A bandit","Emeralds",34,"Male",1
"18","1",26,60,2,0.3,0,0,"A bandit","Emeralds",34,"Male",1
"18","1",27,62,2,0.3,0,0,"A bandit","Emeralds",34,"Male",1
"18","1",28,74,2,0.3,0,0,"A bandit","Emeralds",34,"Male",1
"18","1",29,51,1,0.7,0,0,"A bandit","Emeralds",34,"Male",1
"18","1",30,23,1,0.7,1,0,"A bandit","Emeralds",34,"Male",1
"18","1",31,15,1,0.7,1,0,"A bandit","Emeralds",34,"Male",1
"18","1",32,53,1,0.7,0,1,"A bandit","Emeralds",34,"Male",1
"18","1",33,22,1,0.7,1,0,"A bandit","Emeralds",34,"Male",1
"18","1",34,56,1,0.7,0,1,"A bandit","Emeralds",34,"Male",1
"18","1",35,13,1,0.7,1,0,"A bandit","Emeralds",34,"Male",1
"18","1",36,49,1,0.7,0,1,"A bandit","Emeralds",34,"Male",1
"18","1",37,16,1,0.7,1,0,"A bandit","Emeralds",34,"Male",1
"18","1",38,5,1,0.7,1,0,"A bandit","Emeralds",34,"Male",1
"18","1",39,3,1,0.7,1,0,"A bandit","Emeralds",34,"Male",1
"18","1",40,35,1,0.7,0,1,"A bandit","Emeralds",34,"Male",1
"18","1",41,51,1,0.7,0,1,"A bandit","Emeralds",34,"Male",1
"18","1",42,58,1,0.7,0,1,"A bandit","Emeralds",34,"Male",1
"18","1",43,61,1,0.7,0,1,"A bandit","Emeralds",34,"Male",1
"18","1",44,67,1,0.7,0,1,"A bandit","Emeralds",34,"Male",1
"18","1",45,73,1,0.7,0,0,"A bandit","Emeralds",34,"Male",1
"18","1",46,59,2,0.3,0,0,"A bandit","Emeralds",34,"Male",1
"18","1",47,74,2,0.3,0,0,"A bandit","Emeralds",34,"Male",1
"18","1",48,48,2,0.3,1,0,"A bandit","Emeralds",34,"Male",1
"18","1",49,76,2,0.3,0,0,"A bandit","Emeralds",34,"Male",1
"18","1",50,68,2,0.3,0,1,"A bandit","Emeralds",34,"Male",1
"19","1",1,100,1,0.7,0,1,"A bandit","Emeralds",27,"Male",1
"19","1",2,100,2,0.3,0,0,"A bandit","Emeralds",27,"Male",1
"19","1",3,100,2,0.3,0,1,"A bandit","Emeralds",27,"Male",1
"19","1",4,100,1,0.7,0,1,"A bandit","Emeralds",27,"Male",1
"19","1",5,100,1,0.7,0,0,"A bandit","Emeralds",27,"Male",1
"19","1",6,100,2,0.3,0,0,"A bandit","Emeralds",27,"Male",1
"19","1",7,0,1,0.7,0,1,"A bandit","Emeralds",27,"Male",1
"19","1",8,0,1,0.7,1,0,"A bandit","Emeralds",27,"Male",1
"19","1",9,0,1,0.7,1,0,"A bandit","Emeralds",27,"Male",1
"19","1",10,0,1,0.7,1,0,"A bandit","Emeralds",27,"Male",1
"19","1",11,100,1,0.7,0,0,"A bandit","Emeralds",27,"Male",1
"19","1",12,100,1,0.7,0,0,"A bandit","Emeralds",27,"Male",1
"19","1",13,0,2,0.3,1,0,"A bandit","Emeralds",27,"Male",1
"19","1",14,0,2,0.3,1,0,"A bandit","Emeralds",27,"Male",1
"19","1",15,100,2,0.3,0,0,"A bandit","Emeralds",27,"Male",1
"19","1",16,0,1,0.7,1,0,"A bandit","Emeralds",27,"Male",1
"19","1",17,100,1,0.7,0,1,"A bandit","Emeralds",27,"Male",1
"19","1",18,0,1,0.7,1,0,"A bandit","Emeralds",27,"Male",1
"19","1",19,100,2,0.3,0,0,"A bandit","Emeralds",27,"Male",1
"19","1",20,0,2,0.3,1,0,"A bandit","Emeralds",27,"Male",1
"19","1",21,0,1,0.7,1,0,"A bandit","Emeralds",27,"Male",1
"19","1",22,100,2,0.3,0,0,"A bandit","Emeralds",27,"Male",1
"19","1",23,100,1,0.7,0,1,"A bandit","Emeralds",27,"Male",1
"19","1",24,100,1,0.7,0,0,"A bandit","Emeralds",27,"Male",1
"19","1",25,0,2,0.3,1,0,"A bandit","Emeralds",27,"Male",1
"19","1",26,100,2,0.3,0,1,"A bandit","Emeralds",27,"Male",1
"19","1",27,100,1,0.7,0,0,"A bandit","Emeralds",27,"Male",1
"19","1",28,0,2,0.3,1,0,"A bandit","Emeralds",27,"Male",1
"19","1",29,0,2,0.3,1,0,"A bandit","Emeralds",27,"Male",1
"19","1",30,100,2,0.3,0,0,"A bandit","Emeralds",27,"Male",1
"19","1",31,0,1,0.7,1,0,"A bandit","Emeralds",27,"Male",1
"19","1",32,100,1,0.7,0,1,"A bandit","Emeralds",27,"Male",1
"19","1",33,0,1,0.7,1,0,"A bandit","Emeralds",27,"Male",1
"19","1",34,100,1,0.7,0,1,"A bandit","Emeralds",27,"Male",1
"19","1",35,100,2,0.3,0,1,"A bandit","Emeralds",27,"Male",1
"19","1",36,100,1,0.7,0,1,"A bandit","Emeralds",27,"Male",1
"19","1",37,100,1,0.7,0,1,"A bandit","Emeralds",27,"Male",1
"19","1",38,100,2,0.3,0,0,"A bandit","Emeralds",27,"Male",1
"19","1",39,100,2,0.3,0,0,"A bandit","Emeralds",27,"Male",1
"19","1",40,100,1,0.7,0,0,"A bandit","Emeralds",27,"Male",1
"19","1",41,100,1,0.7,0,1,"A bandit","Emeralds",27,"Male",1
"19","1",42,0,2,0.3,1,0,"A bandit","Emeralds",27,"Male",1
"19","1",43,100,2,0.3,0,1,"A bandit","Emeralds",27,"Male",1
"19","1",44,100,1,0.7,0,1,"A bandit","Emeralds",27,"Male",1
"19","1",45,0,1,0.7,1,0,"A bandit","Emeralds",27,"Male",1
"19","1",46,100,1,0.7,0,0,"A bandit","Emeralds",27,"Male",1
"19","1",47,100,2,0.3,0,0,"A bandit","Emeralds",27,"Male",1
"19","1",48,0,1,0.7,1,0,"A bandit","Emeralds",27,"Male",1
"19","1",49,0,1,0.7,1,0,"A bandit","Emeralds",27,"Male",1
"19","1",50,0,1,0.7,1,0,"A bandit","Emeralds",27,"Male",1
"20","2",1,21,2,0.7,1,0,"A tycoon","Emeralds",39,"Male",1
"20","2",2,0,2,0.7,0,0,"A tycoon","Emeralds",39,"Male",1
"20","2",3,0,2,0.7,0,0,"A tycoon","Emeralds",39,"Male",1
"20","2",4,0,1,0.3,0,0,"A tycoon","Emeralds",39,"Male",1
"20","2",5,36,1,0.3,1,0,"A tycoon","Emeralds",39,"Male",1
"20","2",6,0,1,0.3,0,0,"A tycoon","Emeralds",39,"Male",1
"20","2",7,39,2,0.7,1,0,"A tycoon","Emeralds",39,"Male",1
"20","2",8,63,2,0.7,1,0,"A tycoon","Emeralds",39,"Male",1
"20","2",9,0,1,0.3,0,0,"A tycoon","Emeralds",39,"Male",1
"20","2",10,80,2,0.7,1,1,"A tycoon","Emeralds",39,"Male",1
"20","2",11,62,2,0.7,1,0,"A tycoon","Emeralds",39,"Male",1
"20","2",12,0,1,0.3,0,0,"A tycoon","Emeralds",39,"Male",1
"20","2",13,38,2,0.7,1,0,"A tycoon","Emeralds",39,"Male",1
"20","2",14,17,2,0.7,1,0,"A tycoon","Emeralds",39,"Male",1
"20","2",15,0,1,0.3,0,0,"A tycoon","Emeralds",39,"Male",1
"20","2",16,0,2,0.7,0,0,"A tycoon","Emeralds",39,"Male",1
"20","2",17,28,2,0.7,1,0,"A tycoon","Emeralds",39,"Male",1
"20","2",18,11,2,0.7,1,1,"A tycoon","Emeralds",39,"Male",1
"20","2",19,4,2,0.7,1,0,"A tycoon","Emeralds",39,"Male",1
"20","2",20,0,2,0.7,1,1,"A tycoon","Emeralds",39,"Male",1
"20","2",21,0,2,0.7,1,1,"A tycoon","Emeralds",39,"Male",1
"20","2",22,0,2,0.7,1,1,"A tycoon","Emeralds",39,"Male",1
"20","2",23,0,2,0.7,0,0,"A tycoon","Emeralds",39,"Male",1
"20","2",24,0,2,0.7,0,0,"A tycoon","Emeralds",39,"Male",1
"20","2",25,0,1,0.3,0,0,"A tycoon","Emeralds",39,"Male",1
"20","2",26,0,2,0.7,0,0,"A tycoon","Emeralds",39,"Male",1
"20","2",27,0,1,0.3,0,0,"A tycoon","Emeralds",39,"Male",1
"20","2",28,0,1,0.3,0,0,"A tycoon","Emeralds",39,"Male",1
"20","2",29,0,1,0.3,0,0,"A tycoon","Emeralds",39,"Male",1
"20","2",30,19,2,0.7,1,1,"A tycoon","Emeralds",39,"Male",1
"20","2",31,10,2,0.7,1,0,"A tycoon","Emeralds",39,"Male",1
"20","2",32,3,2,0.7,1,0,"A tycoon","Emeralds",39,"Male",1
"20","2",33,0,2,0.7,1,1,"A tycoon","Emeralds",39,"Male",1
"20","2",34,0,2,0.7,1,0,"A tycoon","Emeralds",39,"Male",1
"20","2",35,0,2,0.7,1,1,"A tycoon","Emeralds",39,"Male",1
"20","2",36,0,2,0.7,1,1,"A tycoon","Emeralds",39,"Male",1
"20","2",37,0,2,0.7,1,1,"A tycoon","Emeralds",39,"Male",1
"20","2",38,0,2,0.7,1,1,"A tycoon","Emeralds",39,"Male",1
"20","2",39,0,2,0.7,1,1,"A tycoon","Emeralds",39,"Male",1
"20","2",40,0,2,0.7,1,0,"A tycoon","Emeralds",39,"Male",1
"20","2",41,0,2,0.7,1,0,"A tycoon","Emeralds",39,"Male",1
"20","2",42,0,2,0.7,0,0,"A tycoon","Emeralds",39,"Male",1
"20","2",43,0,2,0.7,1,1,"A tycoon","Emeralds",39,"Male",1
"20","2",44,61,1,0.3,1,0,"A tycoon","Emeralds",39,"Male",1
"20","2",45,0,1,0.3,0,0,"A tycoon","Emeralds",39,"Male",1
"20","2",46,0,1,0.3,0,0,"A tycoon","Emeralds",39,"Male",1
"20","2",47,0,2,0.7,1,1,"A tycoon","Emeralds",39,"Male",1
"20","2",48,0,2,0.7,1,0,"A tycoon","Emeralds",39,"Male",1
"20","2",49,0,2,0.7,0,0,"A tycoon","Emeralds",39,"Male",1
"20","2",50,21,2,0.7,1,1,"A tycoon","Emeralds",39,"Male",1
"21","1",1,100,1,0.3,0,0,"A bandit","Emeralds",44,"Male",1
"21","1",2,0,1,0.3,1,0,"A bandit","Emeralds",44,"Male",1
"21","1",3,100,1,0.3,0,1,"A bandit","Emeralds",44,"Male",1
"21","1",4,0,1,0.3,1,0,"A bandit","Emeralds",44,"Male",1
"21","1",5,0,2,0.7,1,0,"A bandit","Emeralds",44,"Male",1
"21","1",6,100,2,0.7,0,0,"A bandit","Emeralds",44,"Male",1
"21","1",7,79,2,0.7,0,1,"A bandit","Emeralds",44,"Male",1
"21","1",8,0,2,0.7,1,0,"A bandit","Emeralds",44,"Male",1
"21","1",9,0,2,0.7,1,0,"A bandit","Emeralds",44,"Male",1
"21","1",10,0,2,0.7,1,0,"A bandit","Emeralds",44,"Male",1
"21","1",11,0,2,0.7,1,0,"A bandit","Emeralds",44,"Male",1
"21","1",12,100,2,0.7,0,0,"A bandit","Emeralds",44,"Male",1
"21","1",13,0,2,0.7,1,0,"A bandit","Emeralds",44,"Male",1
"21","1",14,0,2,0.7,1,0,"A bandit","Emeralds",44,"Male",1
"21","1",15,0,2,0.7,1,0,"A bandit","Emeralds",44,"Male",1
"21","1",16,43,2,0.7,0,1,"A bandit","Emeralds",44,"Male",1
"21","1",17,59,2,0.7,0,0,"A bandit","Emeralds",44,"Male",1
"21","1",18,0,2,0.7,1,0,"A bandit","Emeralds",44,"Male",1
"21","1",19,0,2,0.7,1,0,"A bandit","Emeralds",44,"Male",1
"21","1",20,73,2,0.7,0,1,"A bandit","Emeralds",44,"Male",1
"21","1",21,73,2,0.7,0,0,"A bandit","Emeralds",44,"Male",1
"21","1",22,79,1,0.3,0,0,"A bandit","Emeralds",44,"Male",1
"21","1",23,30,1,0.3,0,1,"A bandit","Emeralds",44,"Male",1
"21","1",24,77,2,0.7,0,1,"A bandit","Emeralds",44,"Male",1
"21","1",25,0,2,0.7,1,0,"A bandit","Emeralds",44,"Male",1
"21","1",26,3,2,0.7,1,0,"A bandit","Emeralds",44,"Male",1
"21","1",27,63,2,0.7,0,1,"A bandit","Emeralds",44,"Male",1
"21","1",28,69,2,0.7,0,1,"A bandit","Emeralds",44,"Male",1
"21","1",29,0,2,0.7,1,0,"A bandit","Emeralds",44,"Male",1
"21","1",30,64,2,0.7,0,1,"A bandit","Emeralds",44,"Male",1
"21","1",31,0,2,0.7,1,0,"A bandit","Emeralds",44,"Male",1
"21","1",32,0,2,0.7,1,0,"A bandit","Emeralds",44,"Male",1
"21","1",33,59,2,0.7,0,1,"A bandit","Emeralds",44,"Male",1
"21","1",34,0,2,0.7,1,0,"A bandit","Emeralds",44,"Male",1
"21","1",35,56,2,0.7,0,0,"A bandit","Emeralds",44,"Male",1
"21","1",36,0,2,0.7,1,0,"A bandit","Emeralds",44,"Male",1
"21","1",37,54,2,0.7,0,1,"A bandit","Emeralds",44,"Male",1
"21","1",38,0,2,0.7,1,0,"A bandit","Emeralds",44,"Male",1
"21","1",39,53,2,0.7,0,0,"A bandit","Emeralds",44,"Male",1
"21","1",40,0,2,0.7,1,0,"A bandit","Emeralds",44,"Male",1
"21","1",41,54,2,0.7,0,1,"A bandit","Emeralds",44,"Male",1
"21","1",42,58,2,0.7,0,0,"A bandit","Emeralds",44,"Male",1
"21","1",43,54,2,0.7,0,0,"A bandit","Emeralds",44,"Male",1
"21","1",44,0,2,0.7,1,0,"A bandit","Emeralds",44,"Male",1
"21","1",45,0,2,0.7,1,0,"A bandit","Emeralds",44,"Male",1
"21","1",46,0,1,0.3,1,0,"A bandit","Emeralds",44,"Male",1
"21","1",47,55,2,0.7,0,0,"A bandit","Emeralds",44,"Male",1
"21","1",48,53,1,0.3,0,1,"A bandit","Emeralds",44,"Male",1
"21","1",49,54,1,0.3,0,1,"A bandit","Emeralds",44,"Male",1
"21","1",50,64,2,0.7,0,1,"A bandit","Emeralds",44,"Male",1
"22","3",1,84,1,0.3,0,1,"A sheriff","Emeralds",53,"Female",1
"22","3",2,14,2,0.7,1,0,"A sheriff","Emeralds",53,"Female",1
"22","3",3,18,2,0.7,1,0,"A sheriff","Emeralds",53,"Female",1
"22","3",4,7,2,0.7,1,0,"A sheriff","Emeralds",53,"Female",1
"22","3",5,83,2,0.7,0,0,"A sheriff","Emeralds",53,"Female",1
"22","3",6,7,2,0.7,1,0,"A sheriff","Emeralds",53,"Female",1
"22","3",7,14,2,0.7,1,0,"A sheriff","Emeralds",53,"Female",1
"22","3",8,85,2,0.7,0,0,"A sheriff","Emeralds",53,"Female",1
"22","3",9,68,2,0.7,0,1,"A sheriff","Emeralds",53,"Female",1
"22","3",10,46,1,0.3,0,1,"A sheriff","Emeralds",53,"Female",1
"22","3",11,13,2,0.7,1,0,"A sheriff","Emeralds",53,"Female",1
"22","3",12,16,2,0.7,1,1,"A sheriff","Emeralds",53,"Female",1
"22","3",13,97,2,0.7,0,1,"A sheriff","Emeralds",53,"Female",1
"22","3",14,95,2,0.7,0,1,"A sheriff","Emeralds",53,"Female",1
"22","3",15,19,2,0.7,1,0,"A sheriff","Emeralds",53,"Female",1
"22","3",16,4,2,0.7,1,0,"A sheriff","Emeralds",53,"Female",1
"22","3",17,6,1,0.3,0,0,"A sheriff","Emeralds",53,"Female",1
"22","3",18,92,2,0.7,0,0,"A sheriff","Emeralds",53,"Female",1
"22","3",19,99,2,0.7,0,0,"A sheriff","Emeralds",53,"Female",1
"22","3",20,2,2,0.7,1,0,"A sheriff","Emeralds",53,"Female",1
"22","3",21,6,2,0.7,1,0,"A sheriff","Emeralds",53,"Female",1
"22","3",22,93,1,0.3,1,0,"A sheriff","Emeralds",53,"Female",1
"22","3",23,85,2,0.7,0,1,"A sheriff","Emeralds",53,"Female",1
"22","3",24,96,2,0.7,0,1,"A sheriff","Emeralds",53,"Female",1
"22","3",25,6,1,0.3,0,0,"A sheriff","Emeralds",53,"Female",1
"22","3",26,12,2,0.7,1,0,"A sheriff","Emeralds",53,"Female",1
"22","3",27,80,2,0.7,0,1,"A sheriff","Emeralds",53,"Female",1
"22","3",28,97,2,0.7,0,1,"A sheriff","Emeralds",53,"Female",1
"22","3",29,8,1,0.3,0,1,"A sheriff","Emeralds",53,"Female",1
"22","3",30,8,2,0.7,1,0,"A sheriff","Emeralds",53,"Female",1
"22","3",31,8,1,0.3,0,0,"A sheriff","Emeralds",53,"Female",1
"22","3",32,10,2,0.7,1,0,"A sheriff","Emeralds",53,"Female",1
"22","3",33,3,2,0.7,1,0,"A sheriff","Emeralds",53,"Female",1
"22","3",34,7,1,0.3,0,0,"A sheriff","Emeralds",53,"Female",1
"22","3",35,6,2,0.7,1,0,"A sheriff","Emeralds",53,"Female",1
"22","3",36,89,2,0.7,0,0,"A sheriff","Emeralds",53,"Female",1
"22","3",37,96,2,0.7,0,1,"A sheriff","Emeralds",53,"Female",1
"22","3",38,6,2,0.7,1,0,"A sheriff","Emeralds",53,"Female",1
"22","3",39,11,2,0.7,1,0,"A sheriff","Emeralds",53,"Female",1
"22","3",40,9,1,0.3,0,0,"A sheriff","Emeralds",53,"Female",1
"22","3",41,8,2,0.7,1,0,"A sheriff","Emeralds",53,"Female",1
"22","3",42,5,1,0.3,0,0,"A sheriff","Emeralds",53,"Female",1
"22","3",43,4,1,0.3,0,0,"A sheriff","Emeralds",53,"Female",1
"22","3",44,8,2,0.7,1,0,"A sheriff","Emeralds",53,"Female",1
"22","3",45,1,2,0.7,1,0,"A sheriff","Emeralds",53,"Female",1
"22","3",46,95,1,0.3,1,1,"A sheriff","Emeralds",53,"Female",1
"22","3",47,6,2,0.7,1,1,"A sheriff","Emeralds",53,"Female",1
"22","3",48,2,2,0.7,1,0,"A sheriff","Emeralds",53,"Female",1
"22","3",49,3,2,0.7,1,0,"A sheriff","Emeralds",53,"Female",1
"22","3",50,5,2,0.7,1,1,"A sheriff","Emeralds",53,"Female",1
"23","1",1,100,2,0.7,0,1,"A bandit","Emeralds",34,"Female",1
"23","1",2,100,1,0.3,0,0,"A bandit","Emeralds",34,"Female",1
"23","1",3,100,1,0.3,0,0,"A bandit","Emeralds",34,"Female",1
"23","1",4,100,2,0.7,0,0,"A bandit","Emeralds",34,"Female",1
"23","1",5,58,2,0.7,0,1,"A bandit","Emeralds",34,"Female",1
"23","1",6,58,1,0.3,0,0,"A bandit","Emeralds",34,"Female",1
"23","1",7,66,1,0.3,0,1,"A bandit","Emeralds",34,"Female",1
"23","1",8,67,2,0.7,0,0,"A bandit","Emeralds",34,"Female",1
"23","1",9,74,1,0.3,0,0,"A bandit","Emeralds",34,"Female",1
"23","1",10,91,1,0.3,0,1,"A bandit","Emeralds",34,"Female",1
"23","1",11,88,1,0.3,0,0,"A bandit","Emeralds",34,"Female",1
"23","1",12,67,2,0.7,1,0,"A bandit","Emeralds",34,"Female",1
"23","1",13,77,2,0.7,1,0,"A bandit","Emeralds",34,"Female",1
"23","1",14,100,1,0.3,0,0,"A bandit","Emeralds",34,"Female",1
"23","1",15,100,2,0.7,0,0,"A bandit","Emeralds",34,"Female",1
"23","1",16,85,1,0.3,0,1,"A bandit","Emeralds",34,"Female",1
"23","1",17,79,1,0.3,0,0,"A bandit","Emeralds",34,"Female",1
"23","1",18,79,1,0.3,0,0,"A bandit","Emeralds",34,"Female",1
"23","1",19,100,2,0.7,1,0,"A bandit","Emeralds",34,"Female",1
"23","1",20,37,1,0.3,0,1,"A bandit","Emeralds",34,"Female",1
"23","1",21,94,1,0.3,1,0,"A bandit","Emeralds",34,"Female",1
"23","1",22,80,1,0.3,0,0,"A bandit","Emeralds",34,"Female",1
"23","1",23,89,2,0.7,1,0,"A bandit","Emeralds",34,"Female",1
"23","1",24,91,2,0.7,1,0,"A bandit","Emeralds",34,"Female",1
"23","1",25,89,2,0.7,1,0,"A bandit","Emeralds",34,"Female",1
"23","1",26,60,2,0.7,0,1,"A bandit","Emeralds",34,"Female",1
"23","1",27,28,1,0.3,0,1,"A bandit","Emeralds",34,"Female",1
"23","1",28,82,1,0.3,0,0,"A bandit","Emeralds",34,"Female",1
"23","1",29,57,2,0.7,1,0,"A bandit","Emeralds",34,"Female",1
"23","1",30,78,1,0.3,1,0,"A bandit","Emeralds",34,"Female",1
"23","1",31,63,2,0.7,0,1,"A bandit","Emeralds",34,"Female",1
"23","1",32,29,1,0.3,0,1,"A bandit","Emeralds",34,"Female",1
"23","1",33,34,2,0.7,0,0,"A bandit","Emeralds",34,"Female",1
"23","1",34,32,1,0.3,0,1,"A bandit","Emeralds",34,"Female",1
"23","1",35,80,2,0.7,1,0,"A bandit","Emeralds",34,"Female",1
"23","1",36,29,1,0.3,0,0,"A bandit","Emeralds",34,"Female",1
"23","1",37,74,2,0.7,1,0,"A bandit","Emeralds",34,"Female",1
"23","1",38,31,1,0.3,0,0,"A bandit","Emeralds",34,"Female",1
"23","1",39,31,2,0.7,0,1,"A bandit","Emeralds",34,"Female",1
"23","1",40,81,1,0.3,1,0,"A bandit","Emeralds",34,"Female",1
"23","1",41,26,2,0.7,0,1,"A bandit","Emeralds",34,"Female",1
"23","1",42,31,1,0.3,0,0,"A bandit","Emeralds",34,"Female",1
"23","1",43,28,2,0.7,0,0,"A bandit","Emeralds",34,"Female",1
"23","1",44,27,2,0.7,0,1,"A bandit","Emeralds",34,"Female",1
"23","1",45,21,2,0.7,0,0,"A bandit","Emeralds",34,"Female",1
"23","1",46,23,2,0.7,0,1,"A bandit","Emeralds",34,"Female",1
"23","1",47,30,1,0.3,0,0,"A bandit","Emeralds",34,"Female",1
"23","1",48,22,2,0.7,0,0,"A bandit","Emeralds",34,"Female",1
"23","1",49,34,1,0.3,0,0,"A bandit","Emeralds",34,"Female",1
"23","1",50,66,2,0.7,1,0,"A bandit","Emeralds",34,"Female",1
"24","3",1,19,2,0.3,0,0,"A sheriff","Emeralds",31,"Female",1
"24","3",2,71,1,0.7,1,1,"A sheriff","Emeralds",31,"Female",1
"24","3",3,72,2,0.3,1,1,"A sheriff","Emeralds",31,"Female",1
"24","3",4,75,2,0.3,0,0,"A sheriff","Emeralds",31,"Female",1
"24","3",5,22,1,0.7,1,1,"A sheriff","Emeralds",31,"Female",1
"24","3",6,47,1,0.7,1,0,"A sheriff","Emeralds",31,"Female",1
"24","3",7,23,2,0.3,1,0,"A sheriff","Emeralds",31,"Female",1
"24","3",8,96,2,0.3,0,1,"A sheriff","Emeralds",31,"Female",1
"24","3",9,18,1,0.7,1,0,"A sheriff","Emeralds",31,"Female",1
"24","3",10,99,1,0.7,0,0,"A sheriff","Emeralds",31,"Female",1
"24","3",11,89,2,0.3,0,0,"A sheriff","Emeralds",31,"Female",1
"24","3",12,10,1,0.7,1,0,"A sheriff","Emeralds",31,"Female",1
"24","3",13,93,2,0.3,0,0,"A sheriff","Emeralds",31,"Female",1
"24","3",14,5,1,0.7,1,0,"A sheriff","Emeralds",31,"Female",1
"24","3",15,2,1,0.7,1,0,"A sheriff","Emeralds",31,"Female",1
"24","3",16,1,2,0.3,1,0,"A sheriff","Emeralds",31,"Female",1
"24","3",17,1,2,0.3,1,0,"A sheriff","Emeralds",31,"Female",1
"24","3",18,100,2,0.3,0,0,"A sheriff","Emeralds",31,"Female",1
"24","3",19,2,1,0.7,1,0,"A sheriff","Emeralds",31,"Female",1
"24","3",20,0,1,0.7,1,0,"A sheriff","Emeralds",31,"Female",1
"24","3",21,0,1,0.7,1,0,"A sheriff","Emeralds",31,"Female",1
"24","3",22,90,1,0.7,0,0,"A sheriff","Emeralds",31,"Female",1
"24","3",23,97,2,0.3,0,0,"A sheriff","Emeralds",31,"Female",1
"24","3",24,1,1,0.7,1,0,"A sheriff","Emeralds",31,"Female",1
"24","3",25,99,1,0.7,0,0,"A sheriff","Emeralds",31,"Female",1
"24","3",26,100,2,0.3,0,0,"A sheriff","Emeralds",31,"Female",1
"24","3",27,93,2,0.3,0,1,"A sheriff","Emeralds",31,"Female",1
"24","3",28,90,1,0.7,0,1,"A sheriff","Emeralds",31,"Female",1
"24","3",29,93,2,0.3,0,1,"A sheriff","Emeralds",31,"Female",1
"24","3",30,2,1,0.7,1,1,"A sheriff","Emeralds",31,"Female",1
"24","3",31,4,1,0.7,1,0,"A sheriff","Emeralds",31,"Female",1
"24","3",32,98,2,0.3,0,1,"A sheriff","Emeralds",31,"Female",1
"24","3",33,3,1,0.7,1,0,"A sheriff","Emeralds",31,"Female",1
"24","3",34,3,1,0.7,1,1,"A sheriff","Emeralds",31,"Female",1
"24","3",35,94,2,0.3,0,0,"A sheriff","Emeralds",31,"Female",1
"24","3",36,100,1,0.7,0,1,"A sheriff","Emeralds",31,"Female",1
"24","3",37,98,2,0.3,0,1,"A sheriff","Emeralds",31,"Female",1
"24","3",38,1,1,0.7,1,0,"A sheriff","Emeralds",31,"Female",1
"24","3",39,1,1,0.7,1,0,"A sheriff","Emeralds",31,"Female",1
"24","3",40,2,1,0.7,1,0,"A sheriff","Emeralds",31,"Female",1
"24","3",41,98,1,0.7,0,1,"A sheriff","Emeralds",31,"Female",1
"24","3",42,99,2,0.3,0,0,"A sheriff","Emeralds",31,"Female",1
"24","3",43,0,1,0.7,1,0,"A sheriff","Emeralds",31,"Female",1
"24","3",44,1,1,0.7,1,1,"A sheriff","Emeralds",31,"Female",1
"24","3",45,0,1,0.7,1,0,"A sheriff","Emeralds",31,"Female",1
"24","3",46,0,1,0.7,1,0,"A sheriff","Emeralds",31,"Female",1
"24","3",47,0,1,0.7,1,0,"A sheriff","Emeralds",31,"Female",1
"24","3",48,0,1,0.7,1,0,"A sheriff","Emeralds",31,"Female",1
"24","3",49,0,1,0.7,1,0,"A sheriff","Emeralds",31,"Female",1
"24","3",50,0,1,0.7,1,1,"A sheriff","Emeralds",31,"Female",1
"25","3",1,42,2,0.3,1,0,"A sheriff","Emeralds",47,"Male",1
"25","3",2,72,2,0.3,0,0,"A sheriff","Emeralds",47,"Male",1
"25","3",3,60,2,0.3,1,0,"A sheriff","Emeralds",47,"Male",1
"25","3",4,43,2,0.3,1,1,"A sheriff","Emeralds",47,"Male",1
"25","3",5,57,2,0.3,1,0,"A sheriff","Emeralds",47,"Male",1
"25","3",6,45,2,0.3,1,0,"A sheriff","Emeralds",47,"Male",1
"25","3",7,39,2,0.3,1,0,"A sheriff","Emeralds",47,"Male",1
"25","3",8,70,2,0.3,0,1,"A sheriff","Emeralds",47,"Male",1
"25","3",9,57,2,0.3,0,0,"A sheriff","Emeralds",47,"Male",1
"25","3",10,82,2,0.3,0,0,"A sheriff","Emeralds",47,"Male",1
"25","3",11,71,2,0.3,0,0,"A sheriff","Emeralds",47,"Male",1
"25","3",12,63,2,0.3,1,0,"A sheriff","Emeralds",47,"Male",1
"25","3",13,62,2,0.3,0,1,"A sheriff","Emeralds",47,"Male",1
"25","3",14,34,2,0.3,1,1,"A sheriff","Emeralds",47,"Male",1
"25","3",15,73,2,0.3,0,0,"A sheriff","Emeralds",47,"Male",1
"25","3",16,74,2,0.3,0,1,"A sheriff","Emeralds",47,"Male",1
"25","3",17,77,2,0.3,0,0,"A sheriff","Emeralds",47,"Male",1
"25","3",18,68,2,0.3,1,0,"A sheriff","Emeralds",47,"Male",1
"25","3",19,69,2,0.3,0,1,"A sheriff","Emeralds",47,"Male",1
"25","3",20,58,2,0.3,1,0,"A sheriff","Emeralds",47,"Male",1
"25","3",21,71,2,0.3,0,0,"A sheriff","Emeralds",47,"Male",1
"25","3",22,59,2,0.3,1,0,"A sheriff","Emeralds",47,"Male",1
"25","3",23,77,2,0.3,0,1,"A sheriff","Emeralds",47,"Male",1
"25","3",24,42,1,0.7,0,0,"A sheriff","Emeralds",47,"Male",1
"25","3",25,64,1,0.7,1,0,"A sheriff","Emeralds",47,"Male",1
"25","3",26,46,1,0.7,1,1,"A sheriff","Emeralds",47,"Male",1
"25","3",27,57,1,0.7,1,0,"A sheriff","Emeralds",47,"Male",1
"25","3",28,61,1,0.7,1,0,"A sheriff","Emeralds",47,"Male",1
"25","3",29,64,1,0.7,1,0,"A sheriff","Emeralds",47,"Male",1
"25","3",30,69,1,0.7,1,0,"A sheriff","Emeralds",47,"Male",1
"25","3",31,68,1,0.7,1,0,"A sheriff","Emeralds",47,"Male",1
"25","3",32,42,1,0.7,1,0,"A sheriff","Emeralds",47,"Male",1
"25","3",33,72,1,0.7,0,0,"A sheriff","Emeralds",47,"Male",1
"25","3",34,44,1,0.7,1,1,"A sheriff","Emeralds",47,"Male",1
"25","3",35,44,1,0.7,1,0,"A sheriff","Emeralds",47,"Male",1
"25","3",36,40,1,0.7,1,0,"A sheriff","Emeralds",47,"Male",1
"25","3",37,39,1,0.7,1,0,"A sheriff","Emeralds",47,"Male",1
"25","3",38,40,1,0.7,1,0,"A sheriff","Emeralds",47,"Male",1
"25","3",39,63,1,0.7,0,1,"A sheriff","Emeralds",47,"Male",1
"25","3",40,59,1,0.7,0,1,"A sheriff","Emeralds",47,"Male",1
"25","3",41,41,1,0.7,1,0,"A sheriff","Emeralds",47,"Male",1
"25","3",42,41,1,0.7,1,1,"A sheriff","Emeralds",47,"Male",1
"25","3",43,72,1,0.7,0,1,"A sheriff","Emeralds",47,"Male",1
"25","3",44,76,1,0.7,0,1,"A sheriff","Emeralds",47,"Male",1
"25","3",45,63,1,0.7,0,0,"A sheriff","Emeralds",47,"Male",1
"25","3",46,54,1,0.7,0,1,"A sheriff","Emeralds",47,"Male",1
"25","3",47,58,1,0.7,1,0,"A sheriff","Emeralds",47,"Male",1
"25","3",48,56,1,0.7,1,0,"A sheriff","Emeralds",47,"Male",1
"25","3",49,46,1,0.7,1,0,"A sheriff","Emeralds",47,"Male",1
"25","3",50,38,1,0.7,1,0,"A sheriff","Emeralds",47,"Male",1
"26","2",1,33,2,0.7,1,0,"A tycoon","Emeralds",22,"Female",1
"26","2",2,32,1,0.3,1,0,"A tycoon","Emeralds",22,"Female",1
"26","2",3,44,1,0.3,0,0,"A tycoon","Emeralds",22,"Female",1
"26","2",4,39,1,0.3,0,0,"A tycoon","Emeralds",22,"Female",1
"26","2",5,57,2,0.7,1,0,"A tycoon","Emeralds",22,"Female",1
"26","2",6,63,2,0.7,1,1,"A tycoon","Emeralds",22,"Female",1
"26","2",7,59,1,0.3,1,1,"A tycoon","Emeralds",22,"Female",1
"26","2",8,61,2,0.7,1,1,"A tycoon","Emeralds",22,"Female",1
"26","2",9,29,1,0.3,0,0,"A tycoon","Emeralds",22,"Female",1
"26","2",10,33,2,0.7,0,0,"A tycoon","Emeralds",22,"Female",1
"26","2",11,64,2,0.7,1,0,"A tycoon","Emeralds",22,"Female",1
"26","2",12,65,2,0.7,1,1,"A tycoon","Emeralds",22,"Female",1
"26","2",13,70,1,0.3,1,1,"A tycoon","Emeralds",22,"Female",1
"26","2",14,67,2,0.7,1,0,"A tycoon","Emeralds",22,"Female",1
"26","2",15,15,2,0.7,0,0,"A tycoon","Emeralds",22,"Female",1
"26","2",16,7,2,0.7,0,0,"A tycoon","Emeralds",22,"Female",1
"26","2",17,77,2,0.7,1,0,"A tycoon","Emeralds",22,"Female",1
"26","2",18,81,2,0.7,1,1,"A tycoon","Emeralds",22,"Female",1
"26","2",19,63,1,0.3,1,0,"A tycoon","Emeralds",22,"Female",1
"26","2",20,77,2,0.7,1,0,"A tycoon","Emeralds",22,"Female",1
"26","2",21,83,2,0.7,1,1,"A tycoon","Emeralds",22,"Female",1
"26","2",22,7,1,0.3,0,0,"A tycoon","Emeralds",22,"Female",1
"26","2",23,83,2,0.7,1,0,"A tycoon","Emeralds",22,"Female",1
"26","2",24,78,2,0.7,1,0,"A tycoon","Emeralds",22,"Female",1
"26","2",25,7,1,0.3,0,0,"A tycoon","Emeralds",22,"Female",1
"26","2",26,84,2,0.7,1,0,"A tycoon","Emeralds",22,"Female",1
"26","2",27,86,2,0.7,1,0,"A tycoon","Emeralds",22,"Female",1
"26","2",28,84,1,0.3,1,1,"A tycoon","Emeralds",22,"Female",1
"26","2",29,8,1,0.3,0,0,"A tycoon","Emeralds",22,"Female",1
"26","2",30,74,2,0.7,1,0,"A tycoon","Emeralds",22,"Female",1
"26","2",31,77,2,0.7,1,0,"A tycoon","Emeralds",22,"Female",1
"26","2",32,83,1,0.3,1,1,"A tycoon","Emeralds",22,"Female",1
"26","2",33,82,2,0.7,1,0,"A tycoon","Emeralds",22,"Female",1
"26","2",34,83,2,0.7,1,1,"A tycoon","Emeralds",22,"Female",1
"26","2",35,82,1,0.3,1,0,"A tycoon","Emeralds",22,"Female",1
"26","2",36,79,2,0.7,1,1,"A tycoon","Emeralds",22,"Female",1
"26","2",37,81,2,0.7,1,0,"A tycoon","Emeralds",22,"Female",1
"26","2",38,93,1,0.3,1,0,"A tycoon","Emeralds",22,"Female",1
"26","2",39,88,2,0.7,1,1,"A tycoon","Emeralds",22,"Female",1
"26","2",40,90,2,0.7,1,0,"A tycoon","Emeralds",22,"Female",1
"26","2",41,24,1,0.3,0,0,"A tycoon","Emeralds",22,"Female",1
"26","2",42,7,2,0.7,0,0,"A tycoon","Emeralds",22,"Female",1
"26","2",43,83,2,0.7,1,0,"A tycoon","Emeralds",22,"Female",1
"26","2",44,83,2,0.7,1,0,"A tycoon","Emeralds",22,"Female",1
"26","2",45,11,1,0.3,0,0,"A tycoon","Emeralds",22,"Female",1
"26","2",46,7,2,0.7,0,0,"A tycoon","Emeralds",22,"Female",1
"26","2",47,82,2,0.7,1,1,"A tycoon","Emeralds",22,"Female",1
"26","2",48,88,2,0.7,1,1,"A tycoon","Emeralds",22,"Female",1
"26","2",49,80,1,0.3,1,1,"A tycoon","Emeralds",22,"Female",1
"26","2",50,87,2,0.7,1,0,"A tycoon","Emeralds",22,"Female",1
"27","1",1,7,1,0.3,1,0,"A bandit","Emeralds",47,"Male",1
"27","1",2,71,1,0.3,0,0,"A bandit","Emeralds",47,"Male",1
"27","1",3,75,1,0.3,0,1,"A bandit","Emeralds",47,"Male",1
"27","1",4,50,2,0.7,1,0,"A bandit","Emeralds",47,"Male",1
"27","1",5,71,2,0.7,0,0,"A bandit","Emeralds",47,"Male",1
"27","1",6,51,2,0.7,1,0,"A bandit","Emeralds",47,"Male",1
"27","1",7,67,2,0.7,0,1,"A bandit","Emeralds",47,"Male",1
"27","1",8,55,2,0.7,1,0,"A bandit","Emeralds",47,"Male",1
"27","1",9,70,2,0.7,0,1,"A bandit","Emeralds",47,"Male",1
"27","1",10,74,2,0.7,0,0,"A bandit","Emeralds",47,"Male",1
"27","1",11,55,2,0.7,1,0,"A bandit","Emeralds",47,"Male",1
"27","1",12,71,2,0.7,0,1,"A bandit","Emeralds",47,"Male",1
"27","1",13,59,2,0.7,1,0,"A bandit","Emeralds",47,"Male",1
"27","1",14,64,2,0.7,0,0,"A bandit","Emeralds",47,"Male",1
"27","1",15,57,2,0.7,1,0,"A bandit","Emeralds",47,"Male",1
"27","1",16,48,2,0.7,1,0,"A bandit","Emeralds",47,"Male",1
"27","1",17,33,2,0.7,1,0,"A bandit","Emeralds",47,"Male",1
"27","1",18,21,2,0.7,1,0,"A bandit","Emeralds",47,"Male",1
"27","1",19,29,2,0.7,0,0,"A bandit","Emeralds",47,"Male",1
"27","1",20,47,2,0.7,0,1,"A bandit","Emeralds",47,"Male",1
"27","1",21,66,2,0.7,0,1,"A bandit","Emeralds",47,"Male",1
"27","1",22,51,2,0.7,1,0,"A bandit","Emeralds",47,"Male",1
"27","1",23,41,2,0.7,1,0,"A bandit","Emeralds",47,"Male",1
"27","1",24,53,2,0.7,0,1,"A bandit","Emeralds",47,"Male",1
"27","1",25,34,2,0.7,1,0,"A bandit","Emeralds",47,"Male",1
"27","1",26,53,2,0.7,0,1,"A bandit","Emeralds",47,"Male",1
"27","1",27,57,2,0.7,0,0,"A bandit","Emeralds",47,"Male",1
"27","1",28,37,2,0.7,1,0,"A bandit","Emeralds",47,"Male",1
"27","1",29,57,2,0.7,0,1,"A bandit","Emeralds",47,"Male",1
"27","1",30,72,2,0.7,0,1,"A bandit","Emeralds",47,"Male",1
"27","1",31,69,1,0.3,0,0,"A bandit","Emeralds",47,"Male",1
"27","1",32,70,1,0.3,0,0,"A bandit","Emeralds",47,"Male",1
"27","1",33,31,1,0.3,0,1,"A bandit","Emeralds",47,"Male",1
"27","1",34,14,2,0.7,1,0,"A bandit","Emeralds",47,"Male",1
"27","1",35,3,2,0.7,1,0,"A bandit","Emeralds",47,"Male",1
"27","1",36,0,2,0.7,1,0,"A bandit","Emeralds",47,"Male",1
"27","1",37,0,2,0.7,1,0,"A bandit","Emeralds",47,"Male",1
"27","1",38,0,2,0.7,1,0,"A bandit","Emeralds",47,"Male",1
"27","1",39,3,2,0.7,0,1,"A bandit","Emeralds",47,"Male",1
"27","1",40,0,2,0.7,1,0,"A bandit","Emeralds",47,"Male",1
"27","1",41,0,2,0.7,1,0,"A bandit","Emeralds",47,"Male",1
"27","1",42,0,2,0.7,1,0,"A bandit","Emeralds",47,"Male",1
"27","1",43,2,2,0.7,0,1,"A bandit","Emeralds",47,"Male",1
"27","1",44,3,2,0.7,0,1,"A bandit","Emeralds",47,"Male",1
"27","1",45,1,2,0.7,1,0,"A bandit","Emeralds",47,"Male",1
"27","1",46,6,2,0.7,0,1,"A bandit","Emeralds",47,"Male",1
"27","1",47,7,2,0.7,0,0,"A bandit","Emeralds",47,"Male",1
"27","1",48,2,2,0.7,1,0,"A bandit","Emeralds",47,"Male",1
"27","1",49,4,2,0.7,1,0,"A bandit","Emeralds",47,"Male",1
"27","1",50,4,2,0.7,0,0,"A bandit","Emeralds",47,"Male",1
"28","2",1,0,2,0.3,0,0,"A tycoon","Emeralds",35,"Male",1
"28","2",2,100,1,0.7,1,0,"A tycoon","Emeralds",35,"Male",1
"28","2",3,70,1,0.7,1,0,"A tycoon","Emeralds",35,"Male",1
"28","2",4,49,1,0.7,1,0,"A tycoon","Emeralds",35,"Male",1
"28","2",5,30,1,0.7,1,0,"A tycoon","Emeralds",35,"Male",1
"28","2",6,20,1,0.7,1,1,"A tycoon","Emeralds",35,"Male",1
"28","2",7,11,1,0.7,1,0,"A tycoon","Emeralds",35,"Male",1
"28","2",8,0,1,0.7,1,0,"A tycoon","Emeralds",35,"Male",1
"28","2",9,0,1,0.7,1,1,"A tycoon","Emeralds",35,"Male",1
"28","2",10,0,1,0.7,1,1,"A tycoon","Emeralds",35,"Male",1
"28","2",11,22,1,0.7,0,0,"A tycoon","Emeralds",35,"Male",1
"28","2",12,0,1,0.7,0,0,"A tycoon","Emeralds",35,"Male",1
"28","2",13,0,2,0.3,0,0,"A tycoon","Emeralds",35,"Male",1
"28","2",14,100,1,0.7,1,1,"A tycoon","Emeralds",35,"Male",1
"28","2",15,0,1,0.7,0,0,"A tycoon","Emeralds",35,"Male",1
"28","2",16,50,1,0.7,1,1,"A tycoon","Emeralds",35,"Male",1
"28","2",17,41,1,0.7,0,0,"A tycoon","Emeralds",35,"Male",1
"28","2",18,16,2,0.3,0,0,"A tycoon","Emeralds",35,"Male",1
"28","2",19,59,1,0.7,1,1,"A tycoon","Emeralds",35,"Male",1
"28","2",20,68,1,0.7,1,1,"A tycoon","Emeralds",35,"Male",1
"28","2",21,56,1,0.7,1,1,"A tycoon","Emeralds",35,"Male",1
"28","2",22,31,1,0.7,1,0,"A tycoon","Emeralds",35,"Male",1
"28","2",23,18,1,0.7,1,1,"A tycoon","Emeralds",35,"Male",1
"28","2",24,11,1,0.7,0,0,"A tycoon","Emeralds",35,"Male",1
"28","2",25,5,1,0.7,0,0,"A tycoon","Emeralds",35,"Male",1
"28","2",26,63,1,0.7,1,1,"A tycoon","Emeralds",35,"Male",1
"28","2",27,3,1,0.7,0,0,"A tycoon","Emeralds",35,"Male",1
"28","2",28,72,1,0.7,1,0,"A tycoon","Emeralds",35,"Male",1
"28","2",29,83,1,0.7,1,0,"A tycoon","Emeralds",35,"Male",1
"28","2",30,57,1,0.7,1,0,"A tycoon","Emeralds",35,"Male",1
"28","2",31,71,1,0.7,1,1,"A tycoon","Emeralds",35,"Male",1
"28","2",32,70,1,0.7,1,0,"A tycoon","Emeralds",35,"Male",1
"28","2",33,73,1,0.7,1,1,"A tycoon","Emeralds",35,"Male",1
"28","2",34,40,1,0.7,1,0,"A tycoon","Emeralds",35,"Male",1
"28","2",35,11,1,0.7,0,0,"A tycoon","Emeralds",35,"Male",1
"28","2",36,60,1,0.7,1,0,"A tycoon","Emeralds",35,"Male",1
"28","2",37,48,1,0.7,1,0,"A tycoon","Emeralds",35,"Male",1
"28","2",38,38,1,0.7,1,1,"A tycoon","Emeralds",35,"Male",1
"28","2",39,39,1,0.7,1,0,"A tycoon","Emeralds",35,"Male",1
"28","2",40,10,1,0.7,0,0,"A tycoon","Emeralds",35,"Male",1
"28","2",41,57,1,0.7,1,0,"A tycoon","Emeralds",35,"Male",1
"28","2",42,62,1,0.7,1,1,"A tycoon","Emeralds",35,"Male",1
"28","2",43,44,1,0.7,1,0,"A tycoon","Emeralds",35,"Male",1
"28","2",44,6,1,0.7,0,0,"A tycoon","Emeralds",35,"Male",1
"28","2",45,60,1,0.7,1,1,"A tycoon","Emeralds",35,"Male",1
"28","2",46,11,1,0.7,1,0,"A tycoon","Emeralds",35,"Male",1
"28","2",47,8,1,0.7,1,0,"A tycoon","Emeralds",35,"Male",1
"28","2",48,14,1,0.7,0,0,"A tycoon","Emeralds",35,"Male",1
"28","2",49,17,1,0.7,1,0,"A tycoon","Emeralds",35,"Male",1
"28","2",50,24,1,0.7,1,0,"A tycoon","Emeralds",35,"Male",1
"29","3",1,100,1,0.7,0,1,"A sheriff","Emeralds",37,"Female",1
"29","3",2,100,2,0.3,0,1,"A sheriff","Emeralds",37,"Female",1
"29","3",3,86,2,0.3,0,0,"A sheriff","Emeralds",37,"Female",1
"29","3",4,100,1,0.7,0,1,"A sheriff","Emeralds",37,"Female",1
"29","3",5,100,1,0.7,0,1,"A sheriff","Emeralds",37,"Female",1
"29","3",6,75,1,0.7,1,0,"A sheriff","Emeralds",37,"Female",1
"29","3",7,100,1,0.7,1,0,"A sheriff","Emeralds",37,"Female",1
"29","3",8,100,2,0.3,0,0,"A sheriff","Emeralds",37,"Female",1
"29","3",9,100,1,0.7,1,0,"A sheriff","Emeralds",37,"Female",1
"29","3",10,58,1,0.7,0,1,"A sheriff","Emeralds",37,"Female",1
"29","3",11,100,2,0.3,0,1,"A sheriff","Emeralds",37,"Female",1
"29","3",12,89,1,0.7,1,0,"A sheriff","Emeralds",37,"Female",1
"29","3",13,100,1,0.7,0,0,"A sheriff","Emeralds",37,"Female",1
"29","3",14,100,1,0.7,0,0,"A sheriff","Emeralds",37,"Female",1
"29","3",15,100,2,0.3,1,0,"A sheriff","Emeralds",37,"Female",1
"29","3",16,100,2,0.3,1,0,"A sheriff","Emeralds",37,"Female",1
"29","3",17,100,2,0.3,1,0,"A sheriff","Emeralds",37,"Female",1
"29","3",18,100,2,0.3,0,0,"A sheriff","Emeralds",37,"Female",1
"29","3",19,100,1,0.7,0,0,"A sheriff","Emeralds",37,"Female",1
"29","3",20,100,1,0.7,0,1,"A sheriff","Emeralds",37,"Female",1
"29","3",21,100,2,0.3,0,0,"A sheriff","Emeralds",37,"Female",1
"29","3",22,100,2,0.3,0,0,"A sheriff","Emeralds",37,"Female",1
"29","3",23,100,1,0.7,1,0,"A sheriff","Emeralds",37,"Female",1
"29","3",24,100,1,0.7,1,0,"A sheriff","Emeralds",37,"Female",1
"29","3",25,100,1,0.7,1,0,"A sheriff","Emeralds",37,"Female",1
"29","3",26,100,1,0.7,0,0,"A sheriff","Emeralds",37,"Female",1
"29","3",27,100,1,0.7,1,1,"A sheriff","Emeralds",37,"Female",1
"29","3",28,99,1,0.7,1,0,"A sheriff","Emeralds",37,"Female",1
"29","3",29,100,1,0.7,1,0,"A sheriff","Emeralds",37,"Female",1
"29","3",30,100,1,0.7,1,1,"A sheriff","Emeralds",37,"Female",1
"29","3",31,100,1,0.7,1,0,"A sheriff","Emeralds",37,"Female",1
"29","3",32,100,1,0.7,1,0,"A sheriff","Emeralds",37,"Female",1
"29","3",33,100,1,0.7,1,1,"A sheriff","Emeralds",37,"Female",1
"29","3",34,100,1,0.7,1,0,"A sheriff","Emeralds",37,"Female",1
"29","3",35,100,1,0.7,0,1,"A sheriff","Emeralds",37,"Female",1
"29","3",36,100,1,0.7,0,0,"A sheriff","Emeralds",37,"Female",1
"29","3",37,95,1,0.7,0,0,"A sheriff","Emeralds",37,"Female",1
"29","3",38,100,2,0.3,0,0,"A sheriff","Emeralds",37,"Female",1
"29","3",39,100,1,0.7,1,0,"A sheriff","Emeralds",37,"Female",1
"29","3",40,100,1,0.7,1,1,"A sheriff","Emeralds",37,"Female",1
"29","3",41,100,1,0.7,0,0,"A sheriff","Emeralds",37,"Female",1
"29","3",42,100,1,0.7,1,0,"A sheriff","Emeralds",37,"Female",1
"29","3",43,100,1,0.7,1,1,"A sheriff","Emeralds",37,"Female",1
"29","3",44,100,1,0.7,1,0,"A sheriff","Emeralds",37,"Female",1
"29","3",45,100,1,0.7,1,0,"A sheriff","Emeralds",37,"Female",1
"29","3",46,100,1,0.7,1,1,"A sheriff","Emeralds",37,"Female",1
"29","3",47,100,1,0.7,1,0,"A sheriff","Emeralds",37,"Female",1
"29","3",48,100,1,0.7,0,0,"A sheriff","Emeralds",37,"Female",1
"29","3",49,100,1,0.7,0,0,"A sheriff","Emeralds",37,"Female",1
"29","3",50,100,1,0.7,1,1,"A sheriff","Emeralds",37,"Female",1
"30","1",1,68,2,0.3,1,0,"A bandit","Emeralds",54,"Male",1
"30","1",2,74,1,0.7,1,0,"A bandit","Emeralds",54,"Male",1
"30","1",3,65,1,0.7,0,1,"A bandit","Emeralds",54,"Male",1
"30","1",4,54,1,0.7,0,1,"A bandit","Emeralds",54,"Male",1
"30","1",5,70,2,0.3,0,0,"A bandit","Emeralds",54,"Male",1
"30","1",6,56,2,0.3,0,0,"A bandit","Emeralds",54,"Male",1
"30","1",7,79,1,0.7,1,0,"A bandit","Emeralds",54,"Male",1
"30","1",8,72,1,0.7,1,0,"A bandit","Emeralds",54,"Male",1
"30","1",9,69,2,0.3,0,0,"A bandit","Emeralds",54,"Male",1
"30","1",10,74,1,0.7,1,0,"A bandit","Emeralds",54,"Male",1
"30","1",11,71,1,0.7,0,1,"A bandit","Emeralds",54,"Male",1
"30","1",12,65,1,0.7,0,1,"A bandit","Emeralds",54,"Male",1
"30","1",13,61,2,0.3,0,0,"A bandit","Emeralds",54,"Male",1
"30","1",14,62,1,0.7,0,1,"A bandit","Emeralds",54,"Male",1
"30","1",15,68,1,0.7,1,0,"A bandit","Emeralds",54,"Male",1
"30","1",16,67,1,0.7,0,1,"A bandit","Emeralds",54,"Male",1
"30","1",17,67,2,0.3,0,0,"A bandit","Emeralds",54,"Male",1
"30","1",18,67,1,0.7,1,0,"A bandit","Emeralds",54,"Male",1
"30","1",19,74,1,0.7,1,0,"A bandit","Emeralds",54,"Male",1
"30","1",20,76,1,0.7,1,0,"A bandit","Emeralds",54,"Male",1
"30","1",21,74,1,0.7,1,0,"A bandit","Emeralds",54,"Male",1
"30","1",22,70,2,0.3,0,0,"A bandit","Emeralds",54,"Male",1
"30","1",23,79,1,0.7,1,0,"A bandit","Emeralds",54,"Male",1
"30","1",24,68,1,0.7,0,1,"A bandit","Emeralds",54,"Male",1
"30","1",25,70,2,0.3,0,0,"A bandit","Emeralds",54,"Male",1
"30","1",26,64,1,0.7,0,1,"A bandit","Emeralds",54,"Male",1
"30","1",27,65,1,0.7,0,0,"A bandit","Emeralds",54,"Male",1
"30","1",28,69,2,0.3,0,0,"A bandit","Emeralds",54,"Male",1
"30","1",29,60,1,0.7,1,0,"A bandit","Emeralds",54,"Male",1
"30","1",30,71,1,0.7,0,1,"A bandit","Emeralds",54,"Male",1
"30","1",31,67,1,0.7,0,1,"A bandit","Emeralds",54,"Male",1
"30","1",32,78,2,0.3,0,0,"A bandit","Emeralds",54,"Male",1
"30","1",33,63,1,0.7,0,0,"A bandit","Emeralds",54,"Male",1
"30","1",34,79,1,0.7,1,0,"A bandit","Emeralds",54,"Male",1
"30","1",35,74,1,0.7,1,0,"A bandit","Emeralds",54,"Male",1
"30","1",36,73,1,0.7,0,1,"A bandit","Emeralds",54,"Male",1
"30","1",37,79,2,0.3,1,0,"A bandit","Emeralds",54,"Male",1
"30","1",38,81,2,0.3,0,1,"A bandit","Emeralds",54,"Male",1
"30","1",39,74,1,0.7,0,1,"A bandit","Emeralds",54,"Male",1
"30","1",40,77,1,0.7,1,0,"A bandit","Emeralds",54,"Male",1
"30","1",41,76,1,0.7,1,0,"A bandit","Emeralds",54,"Male",1
"30","1",42,71,2,0.3,0,1,"A bandit","Emeralds",54,"Male",1
"30","1",43,67,1,0.7,1,0,"A bandit","Emeralds",54,"Male",1
"30","1",44,70,1,0.7,1,0,"A bandit","Emeralds",54,"Male",1
"30","1",45,79,1,0.7,1,0,"A bandit","Emeralds",54,"Male",1
"30","1",46,74,2,0.3,1,0,"A bandit","Emeralds",54,"Male",1
"30","1",47,76,2,0.3,1,0,"A bandit","Emeralds",54,"Male",1
"30","1",48,72,1,0.7,1,0,"A bandit","Emeralds",54,"Male",1
"30","1",49,74,1,0.7,0,1,"A bandit","Emeralds",54,"Male",1
"30","1",50,61,2,0.3,0,0,"A bandit","Emeralds",54,"Male",1
"31","2",1,73,2,0.7,1,1,"A tycoon","Emeralds",32,"Male",1
"31","2",2,63,2,0.7,1,0,"A tycoon","Emeralds",32,"Male",1
"31","2",3,72,2,0.7,1,0,"A tycoon","Emeralds",32,"Male",1
"31","2",4,72,2,0.7,1,0,"A tycoon","Emeralds",32,"Male",1
"31","2",5,70,2,0.7,1,0,"A tycoon","Emeralds",32,"Male",1
"31","2",6,74,2,0.7,1,1,"A tycoon","Emeralds",32,"Male",1
"31","2",7,71,2,0.7,1,1,"A tycoon","Emeralds",32,"Male",1
"31","2",8,19,2,0.7,0,0,"A tycoon","Emeralds",32,"Male",1
"31","2",9,24,2,0.7,0,0,"A tycoon","Emeralds",32,"Male",1
"31","2",10,68,1,0.3,1,0,"A tycoon","Emeralds",32,"Male",1
"31","2",11,60,1,0.3,1,0,"A tycoon","Emeralds",32,"Male",1
"31","2",12,66,1,0.3,1,0,"A tycoon","Emeralds",32,"Male",1
"31","2",13,44,1,0.3,0,0,"A tycoon","Emeralds",32,"Male",1
"31","2",14,87,2,0.7,1,1,"A tycoon","Emeralds",32,"Male",1
"31","2",15,83,2,0.7,1,0,"A tycoon","Emeralds",32,"Male",1
"31","2",16,75,2,0.7,1,1,"A tycoon","Emeralds",32,"Male",1
"31","2",17,72,2,0.7,1,0,"A tycoon","Emeralds",32,"Male",1
"31","2",18,63,2,0.7,1,1,"A tycoon","Emeralds",32,"Male",1
"31","2",19,62,2,0.7,1,0,"A tycoon","Emeralds",32,"Male",1
"31","2",20,64,2,0.7,1,1,"A tycoon","Emeralds",32,"Male",1
"31","2",21,57,2,0.7,1,0,"A tycoon","Emeralds",32,"Male",1
"31","2",22,57,2,0.7,1,0,"A tycoon","Emeralds",32,"Male",1
"31","2",23,35,2,0.7,0,0,"A tycoon","Emeralds",32,"Male",1
"31","2",24,90,1,0.3,1,1,"A tycoon","Emeralds",32,"Male",1
"31","2",25,76,1,0.3,1,1,"A tycoon","Emeralds",32,"Male",1
"31","2",26,46,1,0.3,0,0,"A tycoon","Emeralds",32,"Male",1
"31","2",27,19,1,0.3,0,0,"A tycoon","Emeralds",32,"Male",1
"31","2",28,71,2,0.7,1,0,"A tycoon","Emeralds",32,"Male",1
"31","2",29,70,2,0.7,1,0,"A tycoon","Emeralds",32,"Male",1
"31","2",30,71,2,0.7,1,1,"A tycoon","Emeralds",32,"Male",1
"31","2",31,58,2,0.7,1,0,"A tycoon","Emeralds",32,"Male",1
"31","2",32,58,2,0.7,1,1,"A tycoon","Emeralds",32,"Male",1
"31","2",33,58,2,0.7,1,0,"A tycoon","Emeralds",32,"Male",1
"31","2",34,58,2,0.7,1,1,"A tycoon","Emeralds",32,"Male",1
"31","2",35,58,2,0.7,1,0,"A tycoon","Emeralds",32,"Male",1
"31","2",36,58,2,0.7,1,1,"A tycoon","Emeralds",32,"Male",1
"31","2",37,54,2,0.7,1,0,"A tycoon","Emeralds",32,"Male",1
"31","2",38,43,2,0.7,1,0,"A tycoon","Emeralds",32,"Male",1
"31","2",39,27,2,0.7,0,0,"A tycoon","Emeralds",32,"Male",1
"31","2",40,28,1,0.3,0,0,"A tycoon","Emeralds",32,"Male",1
"31","2",41,73,2,0.7,1,1,"A tycoon","Emeralds",32,"Male",1
"31","2",42,65,2,0.7,1,0,"A tycoon","Emeralds",32,"Male",1
"31","2",43,65,2,0.7,1,0,"A tycoon","Emeralds",32,"Male",1
"31","2",44,62,2,0.7,1,0,"A tycoon","Emeralds",32,"Male",1
"31","2",45,37,2,0.7,0,0,"A tycoon","Emeralds",32,"Male",1
"31","2",46,7,1,0.3,0,0,"A tycoon","Emeralds",32,"Male",1
"31","2",47,75,2,0.7,1,0,"A tycoon","Emeralds",32,"Male",1
"31","2",48,66,2,0.7,1,0,"A tycoon","Emeralds",32,"Male",1
"31","2",49,61,2,0.7,1,1,"A tycoon","Emeralds",32,"Male",1
"31","2",50,57,2,0.7,1,0,"A tycoon","Emeralds",32,"Male",1
"32","2",1,67,1,0.7,1,0,"A tycoon","Emeralds",51,"Male",1
"32","2",2,50,1,0.7,0,0,"A tycoon","Emeralds",51,"Male",1
"32","2",3,65,1,0.7,1,1,"A tycoon","Emeralds",51,"Male",1
"32","2",4,59,1,0.7,1,0,"A tycoon","Emeralds",51,"Male",1
"32","2",5,55,1,0.7,1,1,"A tycoon","Emeralds",51,"Male",1
"32","2",6,45,1,0.7,1,0,"A tycoon","Emeralds",51,"Male",1
"32","2",7,33,1,0.7,1,1,"A tycoon","Emeralds",51,"Male",1
"32","2",8,35,1,0.7,1,0,"A tycoon","Emeralds",51,"Male",1
"32","2",9,30,1,0.7,1,1,"A tycoon","Emeralds",51,"Male",1
"32","2",10,21,1,0.7,1,1,"A tycoon","Emeralds",51,"Male",1
"32","2",11,19,1,0.7,1,1,"A tycoon","Emeralds",51,"Male",1
"32","2",12,25,1,0.7,1,0,"A tycoon","Emeralds",51,"Male",1
"32","2",13,38,1,0.7,0,0,"A tycoon","Emeralds",51,"Male",1
"32","2",14,23,1,0.7,1,0,"A tycoon","Emeralds",51,"Male",1
"32","2",15,38,1,0.7,0,0,"A tycoon","Emeralds",51,"Male",1
"32","2",16,31,1,0.7,1,0,"A tycoon","Emeralds",51,"Male",1
"32","2",17,22,1,0.7,1,0,"A tycoon","Emeralds",51,"Male",1
"32","2",18,22,1,0.7,0,0,"A tycoon","Emeralds",51,"Male",1
"32","2",19,28,1,0.7,1,0,"A tycoon","Emeralds",51,"Male",1
"32","2",20,14,1,0.7,1,1,"A tycoon","Emeralds",51,"Male",1
"32","2",21,28,1,0.7,1,1,"A tycoon","Emeralds",51,"Male",1
"32","2",22,28,1,0.7,1,1,"A tycoon","Emeralds",51,"Male",1
"32","2",23,45,1,0.7,0,0,"A tycoon","Emeralds",51,"Male",1
"32","2",24,28,1,0.7,0,0,"A tycoon","Emeralds",51,"Male",1
"32","2",25,38,1,0.7,1,0,"A tycoon","Emeralds",51,"Male",1
"32","2",26,43,1,0.7,0,0,"A tycoon","Emeralds",51,"Male",1
"32","2",27,29,1,0.7,1,0,"A tycoon","Emeralds",51,"Male",1
"32","2",28,33,1,0.7,1,0,"A tycoon","Emeralds",51,"Male",1
"32","2",29,39,1,0.7,1,1,"A tycoon","Emeralds",51,"Male",1
"32","2",30,43,1,0.7,0,0,"A tycoon","Emeralds",51,"Male",1
"32","2",31,25,1,0.7,1,1,"A tycoon","Emeralds",51,"Male",1
"32","2",32,25,1,0.7,1,0,"A tycoon","Emeralds",51,"Male",1
"32","2",33,38,1,0.7,1,0,"A tycoon","Emeralds",51,"Male",1
"32","2",34,30,1,0.7,1,1,"A tycoon","Emeralds",51,"Male",1
"32","2",35,42,1,0.7,1,0,"A tycoon","Emeralds",51,"Male",1
"32","2",36,40,1,0.7,1,0,"A tycoon","Emeralds",51,"Male",1
"32","2",37,30,1,0.7,1,0,"A tycoon","Emeralds",51,"Male",1
"32","2",38,43,1,0.7,1,1,"A tycoon","Emeralds",51,"Male",1
"32","2",39,35,1,0.7,0,0,"A tycoon","Emeralds",51,"Male",1
"32","2",40,37,1,0.7,0,0,"A tycoon","Emeralds",51,"Male",1
"32","2",41,53,2,0.3,0,0,"A tycoon","Emeralds",51,"Male",1
"32","2",42,59,2,0.3,0,0,"A tycoon","Emeralds",51,"Male",1
"32","2",43,54,1,0.7,0,0,"A tycoon","Emeralds",51,"Male",1
"32","2",44,28,1,0.7,1,1,"A tycoon","Emeralds",51,"Male",1
"32","2",45,40,1,0.7,1,0,"A tycoon","Emeralds",51,"Male",1
"32","2",46,25,1,0.7,1,0,"A tycoon","Emeralds",51,"Male",1
"32","2",47,39,1,0.7,0,0,"A tycoon","Emeralds",51,"Male",1
"32","2",48,42,1,0.7,1,0,"A tycoon","Emeralds",51,"Male",1
"32","2",49,39,1,0.7,0,0,"A tycoon","Emeralds",51,"Male",1
"32","2",50,35,1,0.7,1,1,"A tycoon","Emeralds",51,"Male",1
"33","2",1,75,1,0.7,1,0,"A tycoon","Emeralds",45,"Female",1
"33","2",2,34,1,0.7,0,0,"A tycoon","Emeralds",45,"Female",1
"33","2",3,59,2,0.3,0,0,"A tycoon","Emeralds",45,"Female",1
"33","2",4,69,1,0.7,1,0,"A tycoon","Emeralds",45,"Female",1
"33","2",5,59,1,0.7,1,0,"A tycoon","Emeralds",45,"Female",1
"33","2",6,58,1,0.7,0,0,"A tycoon","Emeralds",45,"Female",1
"33","2",7,67,2,0.3,0,0,"A tycoon","Emeralds",45,"Female",1
"33","2",8,76,1,0.7,1,0,"A tycoon","Emeralds",45,"Female",1
"33","2",9,69,1,0.7,1,1,"A tycoon","Emeralds",45,"Female",1
"33","2",10,72,2,0.3,1,0,"A tycoon","Emeralds",45,"Female",1
"33","2",11,69,1,0.7,1,1,"A tycoon","Emeralds",45,"Female",1
"33","2",12,23,2,0.3,1,1,"A tycoon","Emeralds",45,"Female",1
"33","2",13,74,1,0.7,1,0,"A tycoon","Emeralds",45,"Female",1
"33","2",14,33,1,0.7,1,1,"A tycoon","Emeralds",45,"Female",1
"33","2",15,58,2,0.3,0,0,"A tycoon","Emeralds",45,"Female",1
"33","2",16,70,1,0.7,1,1,"A tycoon","Emeralds",45,"Female",1
"33","2",17,37,2,0.3,0,0,"A tycoon","Emeralds",45,"Female",1
"33","2",18,32,1,0.7,1,1,"A tycoon","Emeralds",45,"Female",1
"33","2",19,66,2,0.3,1,1,"A tycoon","Emeralds",45,"Female",1
"33","2",20,29,1,0.7,0,0,"A tycoon","Emeralds",45,"Female",1
"33","2",21,31,2,0.3,0,0,"A tycoon","Emeralds",45,"Female",1
"33","2",22,39,2,0.3,0,0,"A tycoon","Emeralds",45,"Female",1
"33","2",23,38,1,0.7,1,0,"A tycoon","Emeralds",45,"Female",1
"33","2",24,69,1,0.7,1,0,"A tycoon","Emeralds",45,"Female",1
"33","2",25,31,2,0.3,0,0,"A tycoon","Emeralds",45,"Female",1
"33","2",26,52,1,0.7,1,1,"A tycoon","Emeralds",45,"Female",1
"33","2",27,30,2,0.3,0,0,"A tycoon","Emeralds",45,"Female",1
"33","2",28,82,1,0.7,1,0,"A tycoon","Emeralds",45,"Female",1
"33","2",29,35,2,0.3,1,0,"A tycoon","Emeralds",45,"Female",1
"33","2",30,62,1,0.7,1,0,"A tycoon","Emeralds",45,"Female",1
"33","2",31,58,2,0.3,0,0,"A tycoon","Emeralds",45,"Female",1
"33","2",32,34,2,0.3,0,0,"A tycoon","Emeralds",45,"Female",1
"33","2",33,36,1,0.7,1,0,"A tycoon","Emeralds",45,"Female",1
"33","2",34,32,2,0.3,1,0,"A tycoon","Emeralds",45,"Female",1
"33","2",35,68,1,0.7,1,1,"A tycoon","Emeralds",45,"Female",1
"33","2",36,29,1,0.7,0,0,"A tycoon","Emeralds",45,"Female",1
"33","2",37,70,2,0.3,1,0,"A tycoon","Emeralds",45,"Female",1
"33","2",38,29,1,0.7,1,1,"A tycoon","Emeralds",45,"Female",1
"33","2",39,80,2,0.3,1,0,"A tycoon","Emeralds",45,"Female",1
"33","2",40,29,1,0.7,1,1,"A tycoon","Emeralds",45,"Female",1
"33","2",41,37,2,0.3,0,0,"A tycoon","Emeralds",45,"Female",1
"33","2",42,61,2,0.3,1,1,"A tycoon","Emeralds",45,"Female",1
"33","2",43,67,1,0.7,0,0,"A tycoon","Emeralds",45,"Female",1
"33","2",44,84,1,0.7,1,0,"A tycoon","Emeralds",45,"Female",1
"33","2",45,38,1,0.7,1,0,"A tycoon","Emeralds",45,"Female",1
"33","2",46,57,1,0.7,0,0,"A tycoon","Emeralds",45,"Female",1
"33","2",47,66,1,0.7,1,1,"A tycoon","Emeralds",45,"Female",1
"33","2",48,34,2,0.3,0,0,"A tycoon","Emeralds",45,"Female",1
"33","2",49,84,1,0.7,1,1,"A tycoon","Emeralds",45,"Female",1
"33","2",50,21,1,0.7,1,1,"A tycoon","Emeralds",45,"Female",1
"34","1",1,6,1,0.7,0,1,"A bandit","Emeralds",35,"Female",1
"34","1",2,9,1,0.7,0,1,"A bandit","Emeralds",35,"Female",1
"34","1",3,3,2,0.3,0,0,"A bandit","Emeralds",35,"Female",1
"34","1",4,7,1,0.7,1,0,"A bandit","Emeralds",35,"Female",1
"34","1",5,9,1,0.7,1,0,"A bandit","Emeralds",35,"Female",1
"34","1",6,30,1,0.7,0,0,"A bandit","Emeralds",35,"Female",1
"34","1",7,32,1,0.7,0,1,"A bandit","Emeralds",35,"Female",1
"34","1",8,41,1,0.7,0,0,"A bandit","Emeralds",35,"Female",1
"34","1",9,63,1,0.7,0,0,"A bandit","Emeralds",35,"Female",1
"34","1",10,14,2,0.3,0,0,"A bandit","Emeralds",35,"Female",1
"34","1",11,26,2,0.3,0,0,"A bandit","Emeralds",35,"Female",1
"34","1",12,24,2,0.3,1,0,"A bandit","Emeralds",35,"Female",1
"34","1",13,24,2,0.3,0,0,"A bandit","Emeralds",35,"Female",1
"34","1",14,45,1,0.7,1,0,"A bandit","Emeralds",35,"Female",1
"34","1",15,26,1,0.7,1,0,"A bandit","Emeralds",35,"Female",1
"34","1",16,37,1,0.7,0,1,"A bandit","Emeralds",35,"Female",1
"34","1",17,28,1,0.7,1,0,"A bandit","Emeralds",35,"Female",1
"34","1",18,22,1,0.7,1,0,"A bandit","Emeralds",35,"Female",1
"34","1",19,13,1,0.7,1,0,"A bandit","Emeralds",35,"Female",1
"34","1",20,21,1,0.7,0,0,"A bandit","Emeralds",35,"Female",1
"34","1",21,16,1,0.7,1,0,"A bandit","Emeralds",35,"Female",1
"34","1",22,14,1,0.7,1,0,"A bandit","Emeralds",35,"Female",1
"34","1",23,19,1,0.7,0,1,"A bandit","Emeralds",35,"Female",1
"34","1",24,32,2,0.3,0,0,"A bandit","Emeralds",35,"Female",1
"34","1",25,59,2,0.3,0,0,"A bandit","Emeralds",35,"Female",1
"34","1",26,15,1,0.7,1,0,"A bandit","Emeralds",35,"Female",1
"34","1",27,20,1,0.7,0,1,"A bandit","Emeralds",35,"Female",1
"34","1",28,12,1,0.7,1,0,"A bandit","Emeralds",35,"Female",1
"34","1",29,17,1,0.7,0,1,"A bandit","Emeralds",35,"Female",1
"34","1",30,14,1,0.7,1,0,"A bandit","Emeralds",35,"Female",1
"34","1",31,63,2,0.3,0,0,"A bandit","Emeralds",35,"Female",1
"34","1",32,81,2,0.3,0,0,"A bandit","Emeralds",35,"Female",1
"34","1",33,82,2,0.3,0,1,"A bandit","Emeralds",35,"Female",1
"34","1",34,24,1,0.7,0,1,"A bandit","Emeralds",35,"Female",1
"34","1",35,39,1,0.7,0,1,"A bandit","Emeralds",35,"Female",1
"34","1",36,35,1,0.7,1,0,"A bandit","Emeralds",35,"Female",1
"34","1",37,21,1,0.7,1,0,"A bandit","Emeralds",35,"Female",1
"34","1",38,30,1,0.7,0,1,"A bandit","Emeralds",35,"Female",1
"34","1",39,86,2,0.3,0,1,"A bandit","Emeralds",35,"Female",1
"34","1",40,37,1,0.7,0,1,"A bandit","Emeralds",35,"Female",1
"34","1",41,57,1,0.7,0,1,"A bandit","Emeralds",35,"Female",1
"34","1",42,67,1,0.7,0,0,"A bandit","Emeralds",35,"Female",1
"34","1",43,55,1,0.7,1,0,"A bandit","Emeralds",35,"Female",1
"34","1",44,61,1,0.7,0,1,"A bandit","Emeralds",35,"Female",1
"34","1",45,51,1,0.7,1,0,"A bandit","Emeralds",35,"Female",1
"34","1",46,58,2,0.3,1,0,"A bandit","Emeralds",35,"Female",1
"34","1",47,63,2,0.3,0,0,"A bandit","Emeralds",35,"Female",1
"34","1",48,72,2,0.3,0,0,"A bandit","Emeralds",35,"Female",1
"34","1",49,47,1,0.7,1,0,"A bandit","Emeralds",35,"Female",1
"34","1",50,46,1,0.7,1,0,"A bandit","Emeralds",35,"Female",1
"35","3",1,83,2,0.7,1,0,"A sheriff","Emeralds",69,"Male",1
"35","3",2,34,1,0.3,0,0,"A sheriff","Emeralds",69,"Male",1
"35","3",3,68,2,0.7,1,1,"A sheriff","Emeralds",69,"Male",1
"35","3",4,77,2,0.7,0,1,"A sheriff","Emeralds",69,"Male",1
"35","3",5,75,1,0.3,0,0,"A sheriff","Emeralds",69,"Male",1
"35","3",6,24,1,0.3,0,0,"A sheriff","Emeralds",69,"Male",1
"35","3",7,74,2,0.7,0,1,"A sheriff","Emeralds",69,"Male",1
"35","3",8,76,2,0.7,0,0,"A sheriff","Emeralds",69,"Male",1
"35","3",9,26,2,0.7,1,1,"A sheriff","Emeralds",69,"Male",1
"35","3",10,28,2,0.7,1,0,"A sheriff","Emeralds",69,"Male",1
"35","3",11,25,2,0.7,1,0,"A sheriff","Emeralds",69,"Male",1
"35","3",12,17,2,0.7,1,0,"A sheriff","Emeralds",69,"Male",1
"35","3",13,81,2,0.7,0,1,"A sheriff","Emeralds",69,"Male",1
"35","3",14,27,2,0.7,1,0,"A sheriff","Emeralds",69,"Male",1
"35","3",15,20,2,0.7,1,0,"A sheriff","Emeralds",69,"Male",1
"35","3",16,14,2,0.7,0,0,"A sheriff","Emeralds",69,"Male",1
"35","3",17,23,2,0.7,1,1,"A sheriff","Emeralds",69,"Male",1
"35","3",18,74,2,0.7,0,0,"A sheriff","Emeralds",69,"Male",1
"35","3",19,74,2,0.7,0,1,"A sheriff","Emeralds",69,"Male",1
"35","3",20,27,2,0.7,1,0,"A sheriff","Emeralds",69,"Male",1
"35","3",21,24,2,0.7,1,0,"A sheriff","Emeralds",69,"Male",1
"35","3",22,14,2,0.7,1,0,"A sheriff","Emeralds",69,"Male",1
"35","3",23,18,2,0.7,1,0,"A sheriff","Emeralds",69,"Male",1
"35","3",24,74,2,0.7,0,0,"A sheriff","Emeralds",69,"Male",1
"35","3",25,28,1,0.3,0,0,"A sheriff","Emeralds",69,"Male",1
"35","3",26,19,2,0.7,1,0,"A sheriff","Emeralds",69,"Male",1
"35","3",27,33,2,0.7,0,0,"A sheriff","Emeralds",69,"Male",1
"35","3",28,71,1,0.3,1,0,"A sheriff","Emeralds",69,"Male",1
"35","3",29,72,1,0.3,0,0,"A sheriff","Emeralds",69,"Male",1
"35","3",30,33,1,0.3,0,1,"A sheriff","Emeralds",69,"Male",1
"35","3",31,28,2,0.7,1,0,"A sheriff","Emeralds",69,"Male",1
"35","3",32,22,2,0.7,1,0,"A sheriff","Emeralds",69,"Male",1
"35","3",33,17,2,0.7,1,0,"A sheriff","Emeralds",69,"Male",1
"35","3",34,75,2,0.7,0,1,"A sheriff","Emeralds",69,"Male",1
"35","3",35,18,1,0.3,0,0,"A sheriff","Emeralds",69,"Male",1
"35","3",36,14,2,0.7,1,0,"A sheriff","Emeralds",69,"Male",1
"35","3",37,74,2,0.7,0,0,"A sheriff","Emeralds",69,"Male",1
"35","3",38,13,2,0.7,1,0,"A sheriff","Emeralds",69,"Male",1
"35","3",39,9,2,0.7,1,1,"A sheriff","Emeralds",69,"Male",1
"35","3",40,29,1,0.3,0,0,"A sheriff","Emeralds",69,"Male",1
"35","3",41,17,2,0.7,1,0,"A sheriff","Emeralds",69,"Male",1
"35","3",42,70,2,0.7,0,0,"A sheriff","Emeralds",69,"Male",1
"35","3",43,18,2,0.7,1,1,"A sheriff","Emeralds",69,"Male",1
"35","3",44,16,2,0.7,1,0,"A sheriff","Emeralds",69,"Male",1
"35","3",45,17,2,0.7,1,1,"A sheriff","Emeralds",69,"Male",1
"35","3",46,9,2,0.7,1,0,"A sheriff","Emeralds",69,"Male",1
"35","3",47,13,2,0.7,1,0,"A sheriff","Emeralds",69,"Male",1
"35","3",48,60,2,0.7,0,1,"A sheriff","Emeralds",69,"Male",1
"35","3",49,67,2,0.7,0,1,"A sheriff","Emeralds",69,"Male",1
"35","3",50,19,1,0.3,0,1,"A sheriff","Emeralds",69,"Male",1
"36","3",1,66,1,0.7,0,1,"A sheriff","Emeralds",35,"Female",1
"36","3",2,91,1,0.7,1,0,"A sheriff","Emeralds",35,"Female",1
"36","3",3,100,2,0.3,0,0,"A sheriff","Emeralds",35,"Female",1
"36","3",4,5,1,0.7,1,0,"A sheriff","Emeralds",35,"Female",1
"36","3",5,100,1,0.7,0,1,"A sheriff","Emeralds",35,"Female",1
"36","3",6,100,1,0.7,1,0,"A sheriff","Emeralds",35,"Female",1
"36","3",7,100,1,0.7,0,0,"A sheriff","Emeralds",35,"Female",1
"36","3",8,100,2,0.3,0,0,"A sheriff","Emeralds",35,"Female",1
"36","3",9,78,2,0.3,1,1,"A sheriff","Emeralds",35,"Female",1
"36","3",10,58,1,0.7,1,0,"A sheriff","Emeralds",35,"Female",1
"36","3",11,83,1,0.7,0,1,"A sheriff","Emeralds",35,"Female",1
"36","3",12,74,2,0.3,1,0,"A sheriff","Emeralds",35,"Female",1
"36","3",13,67,2,0.3,0,0,"A sheriff","Emeralds",35,"Female",1
"36","3",14,89,2,0.3,0,0,"A sheriff","Emeralds",35,"Female",1
"36","3",15,76,2,0.3,0,1,"A sheriff","Emeralds",35,"Female",1
"36","3",16,100,2,0.3,0,0,"A sheriff","Emeralds",35,"Female",1
"36","3",17,100,2,0.3,0,1,"A sheriff","Emeralds",35,"Female",1
"36","3",18,12,1,0.7,1,0,"A sheriff","Emeralds",35,"Female",1
"36","3",19,7,2,0.3,1,1,"A sheriff","Emeralds",35,"Female",1
"36","3",20,100,2,0.3,0,1,"A sheriff","Emeralds",35,"Female",1
"36","3",21,32,1,0.7,1,0,"A sheriff","Emeralds",35,"Female",1
"36","3",22,22,1,0.7,1,0,"A sheriff","Emeralds",35,"Female",1
"36","3",23,100,2,0.3,0,0,"A sheriff","Emeralds",35,"Female",1
"36","3",24,17,1,0.7,1,1,"A sheriff","Emeralds",35,"Female",1
"36","3",25,68,1,0.7,1,0,"A sheriff","Emeralds",35,"Female",1
"36","3",26,100,2,0.3,0,0,"A sheriff","Emeralds",35,"Female",1
"36","3",27,100,2,0.3,0,0,"A sheriff","Emeralds",35,"Female",1
"36","3",28,100,1,0.7,0,0,"A sheriff","Emeralds",35,"Female",1
"36","3",29,100,2,0.3,0,1,"A sheriff","Emeralds",35,"Female",1
"36","3",30,92,2,0.3,0,0,"A sheriff","Emeralds",35,"Female",1
"36","3",31,55,1,0.7,1,0,"A sheriff","Emeralds",35,"Female",1
"36","3",32,84,2,0.3,0,0,"A sheriff","Emeralds",35,"Female",1
"36","3",33,96,2,0.3,0,0,"A sheriff","Emeralds",35,"Female",1
"36","3",34,100,2,0.3,0,0,"A sheriff","Emeralds",35,"Female",1
"36","3",35,56,1,0.7,1,1,"A sheriff","Emeralds",35,"Female",1
"36","3",36,35,1,0.7,1,0,"A sheriff","Emeralds",35,"Female",1
"36","3",37,100,1,0.7,0,1,"A sheriff","Emeralds",35,"Female",1
"36","3",38,73,1,0.7,0,0,"A sheriff","Emeralds",35,"Female",1
"36","3",39,19,2,0.3,1,0,"A sheriff","Emeralds",35,"Female",1
"36","3",40,100,1,0.7,0,0,"A sheriff","Emeralds",35,"Female",1
"36","3",41,12,1,0.7,1,0,"A sheriff","Emeralds",35,"Female",1
"36","3",42,97,1,0.7,0,0,"A sheriff","Emeralds",35,"Female",1
"36","3",43,100,2,0.3,0,0,"A sheriff","Emeralds",35,"Female",1
"36","3",44,8,1,0.7,1,1,"A sheriff","Emeralds",35,"Female",1
"36","3",45,100,2,0.3,0,0,"A sheriff","Emeralds",35,"Female",1
"36","3",46,0,1,0.7,1,0,"A sheriff","Emeralds",35,"Female",1
"36","3",47,97,1,0.7,0,1,"A sheriff","Emeralds",35,"Female",1
"36","3",48,100,1,0.7,0,0,"A sheriff","Emeralds",35,"Female",1
"36","3",49,0,2,0.3,1,1,"A sheriff","Emeralds",35,"Female",1
"36","3",50,100,2,0.3,0,0,"A sheriff","Emeralds",35,"Female",1
"37","2",1,0,1,0.7,0,0,"A tycoon","Emeralds",22,"Male",1
"37","2",2,0,2,0.3,0,0,"A tycoon","Emeralds",22,"Male",1
"37","2",3,0,1,0.7,0,0,"A tycoon","Emeralds",22,"Male",1
"37","2",4,62,1,0.7,1,1,"A tycoon","Emeralds",22,"Male",1
"37","2",5,68,1,0.7,1,1,"A tycoon","Emeralds",22,"Male",1
"37","2",6,36,1,0.7,1,0,"A tycoon","Emeralds",22,"Male",1
"37","2",7,0,1,0.7,0,0,"A tycoon","Emeralds",22,"Male",1
"37","2",8,0,1,0.7,0,0,"A tycoon","Emeralds",22,"Male",1
"37","2",9,90,2,0.3,1,1,"A tycoon","Emeralds",22,"Male",1
"37","2",10,79,2,0.3,1,1,"A tycoon","Emeralds",22,"Male",1
"37","2",11,9,2,0.3,0,0,"A tycoon","Emeralds",22,"Male",1
"37","2",12,64,2,0.3,1,0,"A tycoon","Emeralds",22,"Male",1
"37","2",13,0,2,0.3,0,0,"A tycoon","Emeralds",22,"Male",1
"37","2",14,45,2,0.3,1,0,"A tycoon","Emeralds",22,"Male",1
"37","2",15,0,2,0.3,0,0,"A tycoon","Emeralds",22,"Male",1
"37","2",16,0,2,0.3,0,0,"A tycoon","Emeralds",22,"Male",1
"37","2",17,0,2,0.3,0,0,"A tycoon","Emeralds",22,"Male",1
"37","2",18,0,2,0.3,0,0,"A tycoon","Emeralds",22,"Male",1
"37","2",19,31,2,0.3,1,0,"A tycoon","Emeralds",22,"Male",1
"37","2",20,42,2,0.3,1,1,"A tycoon","Emeralds",22,"Male",1
"37","2",21,0,2,0.3,0,0,"A tycoon","Emeralds",22,"Male",1
"37","2",22,0,2,0.3,0,0,"A tycoon","Emeralds",22,"Male",1
"37","2",23,0,2,0.3,0,0,"A tycoon","Emeralds",22,"Male",1
"37","2",24,85,1,0.7,1,1,"A tycoon","Emeralds",22,"Male",1
"37","2",25,0,2,0.3,0,0,"A tycoon","Emeralds",22,"Male",1
"37","2",26,86,1,0.7,1,1,"A tycoon","Emeralds",22,"Male",1
"37","2",27,63,1,0.7,1,0,"A tycoon","Emeralds",22,"Male",1
"37","2",28,36,1,0.7,1,1,"A tycoon","Emeralds",22,"Male",1
"37","2",29,31,1,0.7,1,1,"A tycoon","Emeralds",22,"Male",1
"37","2",30,16,1,0.7,1,0,"A tycoon","Emeralds",22,"Male",1
"37","2",31,8,1,0.7,1,1,"A tycoon","Emeralds",22,"Male",1
"37","2",32,12,1,0.7,1,0,"A tycoon","Emeralds",22,"Male",1
"37","2",33,17,1,0.7,1,0,"A tycoon","Emeralds",22,"Male",1
"37","2",34,17,1,0.7,1,0,"A tycoon","Emeralds",22,"Male",1
"37","2",35,16,1,0.7,1,0,"A tycoon","Emeralds",22,"Male",1
"37","2",36,17,1,0.7,1,0,"A tycoon","Emeralds",22,"Male",1
"37","2",37,14,1,0.7,1,1,"A tycoon","Emeralds",22,"Male",1
"37","2",38,0,1,0.7,1,0,"A tycoon","Emeralds",22,"Male",1
"37","2",39,0,1,0.7,1,0,"A tycoon","Emeralds",22,"Male",1
"37","2",40,0,1,0.7,1,0,"A tycoon","Emeralds",22,"Male",1
"37","2",41,0,1,0.7,1,0,"A tycoon","Emeralds",22,"Male",1
"37","2",42,0,1,0.7,1,1,"A tycoon","Emeralds",22,"Male",1
"37","2",43,24,1,0.7,0,0,"A tycoon","Emeralds",22,"Male",1
"37","2",44,18,1,0.7,1,1,"A tycoon","Emeralds",22,"Male",1
"37","2",45,5,1,0.7,0,0,"A tycoon","Emeralds",22,"Male",1
"37","2",46,7,1,0.7,1,1,"A tycoon","Emeralds",22,"Male",1
"37","2",47,10,1,0.7,1,1,"A tycoon","Emeralds",22,"Male",1
"37","2",48,2,1,0.7,0,0,"A tycoon","Emeralds",22,"Male",1
"37","2",49,3,1,0.7,0,0,"A tycoon","Emeralds",22,"Male",1
"37","2",50,6,1,0.7,1,0,"A tycoon","Emeralds",22,"Male",1
"38","2",1,64,1,0.7,1,1,"A tycoon","Emeralds",49,"Female",1
"38","2",2,64,1,0.7,1,0,"A tycoon","Emeralds",49,"Female",1
"38","2",3,60,2,0.3,1,1,"A tycoon","Emeralds",49,"Female",1
"38","2",4,50,2,0.3,0,0,"A tycoon","Emeralds",49,"Female",1
"38","2",5,54,1,0.7,0,0,"A tycoon","Emeralds",49,"Female",1
"38","2",6,63,1,0.7,1,1,"A tycoon","Emeralds",49,"Female",1
"38","2",7,50,1,0.7,0,0,"A tycoon","Emeralds",49,"Female",1
"38","2",8,68,1,0.7,1,0,"A tycoon","Emeralds",49,"Female",1
"38","2",9,64,2,0.3,1,1,"A tycoon","Emeralds",49,"Female",1
"38","2",10,58,2,0.3,1,1,"A tycoon","Emeralds",49,"Female",1
"38","2",11,65,1,0.7,1,0,"A tycoon","Emeralds",49,"Female",1
"38","2",12,57,1,0.7,1,0,"A tycoon","Emeralds",49,"Female",1
"38","2",13,56,2,0.3,0,0,"A tycoon","Emeralds",49,"Female",1
"38","2",14,50,2,0.3,1,1,"A tycoon","Emeralds",49,"Female",1
"38","2",15,58,1,0.7,1,0,"A tycoon","Emeralds",49,"Female",1
"38","2",16,52,2,0.3,0,0,"A tycoon","Emeralds",49,"Female",1
"38","2",17,26,1,0.7,0,0,"A tycoon","Emeralds",49,"Female",1
"38","2",18,37,2,0.3,0,0,"A tycoon","Emeralds",49,"Female",1
"38","2",19,39,2,0.3,0,0,"A tycoon","Emeralds",49,"Female",1
"38","2",20,38,2,0.3,0,0,"A tycoon","Emeralds",49,"Female",1
"38","2",21,35,2,0.3,0,0,"A tycoon","Emeralds",49,"Female",1
"38","2",22,29,1,0.7,0,0,"A tycoon","Emeralds",49,"Female",1
"38","2",23,26,2,0.3,0,0,"A tycoon","Emeralds",49,"Female",1
"38","2",24,62,1,0.7,1,1,"A tycoon","Emeralds",49,"Female",1
"38","2",25,59,2,0.3,1,1,"A tycoon","Emeralds",49,"Female",1
"38","2",26,55,1,0.7,1,0,"A tycoon","Emeralds",49,"Female",1
"38","2",27,55,2,0.3,1,0,"A tycoon","Emeralds",49,"Female",1
"38","2",28,57,1,0.7,1,0,"A tycoon","Emeralds",49,"Female",1
"38","2",29,35,2,0.3,0,0,"A tycoon","Emeralds",49,"Female",1
"38","2",30,58,2,0.3,1,1,"A tycoon","Emeralds",49,"Female",1
"38","2",31,70,1,0.7,1,0,"A tycoon","Emeralds",49,"Female",1
"38","2",32,56,2,0.3,1,1,"A tycoon","Emeralds",49,"Female",1
"38","2",33,51,1,0.7,1,1,"A tycoon","Emeralds",49,"Female",1
"38","2",34,29,2,0.3,0,0,"A tycoon","Emeralds",49,"Female",1
"38","2",35,55,1,0.7,1,0,"A tycoon","Emeralds",49,"Female",1
"38","2",36,57,1,0.7,1,0,"A tycoon","Emeralds",49,"Female",1
"38","2",37,55,2,0.3,1,1,"A tycoon","Emeralds",49,"Female",1
"38","2",38,42,1,0.7,1,0,"A tycoon","Emeralds",49,"Female",1
"38","2",39,44,2,0.3,1,1,"A tycoon","Emeralds",49,"Female",1
"38","2",40,54,1,0.7,1,0,"A tycoon","Emeralds",49,"Female",1
"38","2",41,43,2,0.3,1,0,"A tycoon","Emeralds",49,"Female",1
"38","2",42,49,1,0.7,0,0,"A tycoon","Emeralds",49,"Female",1
"38","2",43,24,2,0.3,0,0,"A tycoon","Emeralds",49,"Female",1
"38","2",44,44,2,0.3,0,0,"A tycoon","Emeralds",49,"Female",1
"38","2",45,59,1,0.7,1,0,"A tycoon","Emeralds",49,"Female",1
"38","2",46,27,1,0.7,0,0,"A tycoon","Emeralds",49,"Female",1
"38","2",47,54,2,0.3,1,1,"A tycoon","Emeralds",49,"Female",1
"38","2",48,54,1,0.7,1,1,"A tycoon","Emeralds",49,"Female",1
"38","2",49,25,2,0.3,0,0,"A tycoon","Emeralds",49,"Female",1
"38","2",50,31,2,0.3,0,0,"A tycoon","Emeralds",49,"Female",1
"39","1",1,63,2,0.7,0,1,"A bandit","Emeralds",26,"Male",1
"39","1",2,55,2,0.7,0,1,"A bandit","Emeralds",26,"Male",1
"39","1",3,62,1,0.3,0,1,"A bandit","Emeralds",26,"Male",1
"39","1",4,56,1,0.3,0,1,"A bandit","Emeralds",26,"Male",1
"39","1",5,43,2,0.7,1,0,"A bandit","Emeralds",26,"Male",1
"39","1",6,55,2,0.7,1,0,"A bandit","Emeralds",26,"Male",1
"39","1",7,56,2,0.7,1,0,"A bandit","Emeralds",26,"Male",1
"39","1",8,63,2,0.7,0,1,"A bandit","Emeralds",26,"Male",1
"39","1",9,57,1,0.3,0,0,"A bandit","Emeralds",26,"Male",1
"39","1",10,58,2,0.7,1,0,"A bandit","Emeralds",26,"Male",1
"39","1",11,56,2,0.7,1,0,"A bandit","Emeralds",26,"Male",1
"39","1",12,57,2,0.7,1,0,"A bandit","Emeralds",26,"Male",1
"39","1",13,57,2,0.7,1,0,"A bandit","Emeralds",26,"Male",1
"39","1",14,55,2,0.7,1,0,"A bandit","Emeralds",26,"Male",1
"39","1",15,54,2,0.7,1,0,"A bandit","Emeralds",26,"Male",1
"39","1",16,65,2,0.7,0,1,"A bandit","Emeralds",26,"Male",1
"39","1",17,57,2,0.7,1,0,"A bandit","Emeralds",26,"Male",1
"39","1",18,64,2,0.7,0,0,"A bandit","Emeralds",26,"Male",1
"39","1",19,55,2,0.7,1,0,"A bandit","Emeralds",26,"Male",1
"39","1",20,55,2,0.7,1,0,"A bandit","Emeralds",26,"Male",1
"39","1",21,57,2,0.7,1,0,"A bandit","Emeralds",26,"Male",1
"39","1",22,55,2,0.7,1,0,"A bandit","Emeralds",26,"Male",1
"39","1",23,55,2,0.7,0,1,"A bandit","Emeralds",26,"Male",1
"39","1",24,55,2,0.7,1,0,"A bandit","Emeralds",26,"Male",1
"39","1",25,57,2,0.7,0,1,"A bandit","Emeralds",26,"Male",1
"39","1",26,54,2,0.7,0,0,"A bandit","Emeralds",26,"Male",1
"39","1",27,46,1,0.3,0,0,"A bandit","Emeralds",26,"Male",1
"39","1",28,61,1,0.3,1,0,"A bandit","Emeralds",26,"Male",1
"39","1",29,57,2,0.7,1,0,"A bandit","Emeralds",26,"Male",1
"39","1",30,57,2,0.7,1,0,"A bandit","Emeralds",26,"Male",1
"39","1",31,55,2,0.7,1,0,"A bandit","Emeralds",26,"Male",1
"39","1",32,54,2,0.7,0,0,"A bandit","Emeralds",26,"Male",1
"39","1",33,48,1,0.3,0,1,"A bandit","Emeralds",26,"Male",1
"39","1",34,48,2,0.7,0,1,"A bandit","Emeralds",26,"Male",1
"39","1",35,49,2,0.7,0,0,"A bandit","Emeralds",26,"Male",1
"39","1",36,48,1,0.3,0,1,"A bandit","Emeralds",26,"Male",1
"39","1",37,55,2,0.7,1,0,"A bandit","Emeralds",26,"Male",1
"39","1",38,55,2,0.7,1,0,"A bandit","Emeralds",26,"Male",1
"39","1",39,51,2,0.7,0,0,"A bandit","Emeralds",26,"Male",1
"39","1",40,52,2,0.7,1,0,"A bandit","Emeralds",26,"Male",1
"39","1",41,46,2,0.7,0,1,"A bandit","Emeralds",26,"Male",1
"39","1",42,53,2,0.7,0,1,"A bandit","Emeralds",26,"Male",1
"39","1",43,48,2,0.7,0,1,"A bandit","Emeralds",26,"Male",1
"39","1",44,49,1,0.3,0,0,"A bandit","Emeralds",26,"Male",1
"39","1",45,48,2,0.7,0,0,"A bandit","Emeralds",26,"Male",1
"39","1",46,48,2,0.7,0,1,"A bandit","Emeralds",26,"Male",1
"39","1",47,48,2,0.7,0,0,"A bandit","Emeralds",26,"Male",1
"39","1",48,47,2,0.7,0,0,"A bandit","Emeralds",26,"Male",1
"39","1",49,49,1,0.3,0,0,"A bandit","Emeralds",26,"Male",1
"39","1",50,53,2,0.7,1,0,"A bandit","Emeralds",26,"Male",1
"40","2",1,39,2,0.3,0,0,"A tycoon","Emeralds",56,"Female",1
"40","2",2,70,2,0.3,0,0,"A tycoon","Emeralds",56,"Female",1
"40","2",3,71,1,0.7,1,0,"A tycoon","Emeralds",56,"Female",1
"40","2",4,12,2,0.3,0,0,"A tycoon","Emeralds",56,"Female",1
"40","2",5,80,2,0.3,1,1,"A tycoon","Emeralds",56,"Female",1
"40","2",6,21,2,0.3,0,0,"A tycoon","Emeralds",56,"Female",1
"40","2",7,20,2,0.3,0,0,"A tycoon","Emeralds",56,"Female",1
"40","2",8,74,1,0.7,1,0,"A tycoon","Emeralds",56,"Female",1
"40","2",9,76,1,0.7,1,1,"A tycoon","Emeralds",56,"Female",1
"40","2",10,72,1,0.7,1,1,"A tycoon","Emeralds",56,"Female",1
"40","2",11,81,1,0.7,1,1,"A tycoon","Emeralds",56,"Female",1
"40","2",12,87,1,0.7,1,1,"A tycoon","Emeralds",56,"Female",1
"40","2",13,12,1,0.7,0,0,"A tycoon","Emeralds",56,"Female",1
"40","2",14,78,1,0.7,1,1,"A tycoon","Emeralds",56,"Female",1
"40","2",15,89,1,0.7,1,0,"A tycoon","Emeralds",56,"Female",1
"40","2",16,92,1,0.7,1,0,"A tycoon","Emeralds",56,"Female",1
"40","2",17,89,1,0.7,1,1,"A tycoon","Emeralds",56,"Female",1
"40","2",18,89,1,0.7,1,1,"A tycoon","Emeralds",56,"Female",1
"40","2",19,89,1,0.7,1,0,"A tycoon","Emeralds",56,"Female",1
"40","2",20,86,1,0.7,1,0,"A tycoon","Emeralds",56,"Female",1
"40","2",21,58,1,0.7,1,0,"A tycoon","Emeralds",56,"Female",1
"40","2",22,62,1,0.7,1,1,"A tycoon","Emeralds",56,"Female",1
"40","2",23,14,1,0.7,0,0,"A tycoon","Emeralds",56,"Female",1
"40","2",24,26,2,0.3,0,0,"A tycoon","Emeralds",56,"Female",1
"40","2",25,84,1,0.7,1,0,"A tycoon","Emeralds",56,"Female",1
"40","2",26,62,1,0.7,1,0,"A tycoon","Emeralds",56,"Female",1
"40","2",27,80,1,0.7,1,0,"A tycoon","Emeralds",56,"Female",1
"40","2",28,87,1,0.7,1,0,"A tycoon","Emeralds",56,"Female",1
"40","2",29,86,1,0.7,1,0,"A tycoon","Emeralds",56,"Female",1
"40","2",30,83,1,0.7,1,0,"A tycoon","Emeralds",56,"Female",1
"40","2",31,85,1,0.7,1,0,"A tycoon","Emeralds",56,"Female",1
"40","2",32,88,1,0.7,1,1,"A tycoon","Emeralds",56,"Female",1
"40","2",33,77,1,0.7,1,0,"A tycoon","Emeralds",56,"Female",1
"40","2",34,70,1,0.7,1,0,"A tycoon","Emeralds",56,"Female",1
"40","2",35,23,1,0.7,0,0,"A tycoon","Emeralds",56,"Female",1
"40","2",36,81,1,0.7,1,1,"A tycoon","Emeralds",56,"Female",1
"40","2",37,82,1,0.7,1,1,"A tycoon","Emeralds",56,"Female",1
"40","2",38,8,1,0.7,0,0,"A tycoon","Emeralds",56,"Female",1
"40","2",39,80,1,0.7,1,0,"A tycoon","Emeralds",56,"Female",1
"40","2",40,87,1,0.7,1,0,"A tycoon","Emeralds",56,"Female",1
"40","2",41,78,1,0.7,1,0,"A tycoon","Emeralds",56,"Female",1
"40","2",42,75,1,0.7,1,0,"A tycoon","Emeralds",56,"Female",1
"40","2",43,80,1,0.7,1,1,"A tycoon","Emeralds",56,"Female",1
"40","2",44,77,1,0.7,1,0,"A tycoon","Emeralds",56,"Female",1
"40","2",45,67,1,0.7,1,0,"A tycoon","Emeralds",56,"Female",1
"40","2",46,14,1,0.7,0,0,"A tycoon","Emeralds",56,"Female",1
"40","2",47,75,1,0.7,1,1,"A tycoon","Emeralds",56,"Female",1
"40","2",48,66,1,0.7,1,0,"A tycoon","Emeralds",56,"Female",1
"40","2",49,60,1,0.7,1,0,"A tycoon","Emeralds",56,"Female",1
"40","2",50,63,1,0.7,1,1,"A tycoon","Emeralds",56,"Female",1
"41","1",1,93,1,0.3,0,0,"A bandit","Emeralds",34,"Female",1
"41","1",2,68,2,0.7,0,1,"A bandit","Emeralds",34,"Female",1
"41","1",3,10,1,0.3,1,0,"A bandit","Emeralds",34,"Female",1
"41","1",4,18,2,0.7,0,0,"A bandit","Emeralds",34,"Female",1
"41","1",5,19,1,0.3,1,0,"A bandit","Emeralds",34,"Female",1
"41","1",6,14,1,0.3,1,0,"A bandit","Emeralds",34,"Female",1
"41","1",7,9,1,0.3,1,0,"A bandit","Emeralds",34,"Female",1
"41","1",8,84,1,0.3,0,1,"A bandit","Emeralds",34,"Female",1
"41","1",9,99,1,0.3,0,1,"A bandit","Emeralds",34,"Female",1
"41","1",10,9,2,0.7,1,0,"A bandit","Emeralds",34,"Female",1
"41","1",11,60,2,0.7,0,0,"A bandit","Emeralds",34,"Female",1
"41","1",12,60,1,0.3,1,0,"A bandit","Emeralds",34,"Female",1
"41","1",13,69,1,0.3,0,0,"A bandit","Emeralds",34,"Female",1
"41","1",14,63,2,0.7,1,0,"A bandit","Emeralds",34,"Female",1
"41","1",15,23,1,0.3,0,0,"A bandit","Emeralds",34,"Female",1
"41","1",16,72,2,0.7,1,0,"A bandit","Emeralds",34,"Female",1
"41","1",17,73,2,0.7,1,0,"A bandit","Emeralds",34,"Female",1
"41","1",18,18,2,0.7,0,1,"A bandit","Emeralds",34,"Female",1
"41","1",19,82,1,0.3,1,0,"A bandit","Emeralds",34,"Female",1
"41","1",20,25,2,0.7,0,1,"A bandit","Emeralds",34,"Female",1
"41","1",21,85,1,0.3,1,0,"A bandit","Emeralds",34,"Female",1
"41","1",22,80,2,0.7,0,1,"A bandit","Emeralds",34,"Female",1
"41","1",23,71,1,0.3,1,0,"A bandit","Emeralds",34,"Female",1
"41","1",24,68,2,0.7,0,1,"A bandit","Emeralds",34,"Female",1
"41","1",25,65,1,0.3,0,1,"A bandit","Emeralds",34,"Female",1
"41","1",26,67,2,0.7,1,0,"A bandit","Emeralds",34,"Female",1
"41","1",27,62,1,0.3,0,0,"A bandit","Emeralds",34,"Female",1
"41","1",28,76,2,0.7,1,0,"A bandit","Emeralds",34,"Female",1
"41","1",29,29,1,0.3,0,0,"A bandit","Emeralds",34,"Female",1
"41","1",30,20,1,0.3,1,0,"A bandit","Emeralds",34,"Female",1
"41","1",31,72,1,0.3,0,1,"A bandit","Emeralds",34,"Female",1
"41","1",32,14,2,0.7,1,0,"A bandit","Emeralds",34,"Female",1
"41","1",33,77,2,0.7,0,1,"A bandit","Emeralds",34,"Female",1
"41","1",34,9,1,0.3,1,0,"A bandit","Emeralds",34,"Female",1
"41","1",35,12,2,0.7,1,0,"A bandit","Emeralds",34,"Female",1
"41","1",36,78,2,0.7,0,0,"A bandit","Emeralds",34,"Female",1
"41","1",37,88,1,0.3,0,0,"A bandit","Emeralds",34,"Female",1
"41","1",38,0,2,0.7,1,0,"A bandit","Emeralds",34,"Female",1
"41","1",39,90,2,0.7,0,1,"A bandit","Emeralds",34,"Female",1
"41","1",40,72,1,0.3,0,1,"A bandit","Emeralds",34,"Female",1
"41","1",41,77,2,0.7,0,0,"A bandit","Emeralds",34,"Female",1
"41","1",42,91,1,0.3,0,0,"A bandit","Emeralds",34,"Female",1
"41","1",43,6,2,0.7,1,0,"A bandit","Emeralds",34,"Female",1
"41","1",44,12,2,0.7,0,1,"A bandit","Emeralds",34,"Female",1
"41","1",45,94,1,0.3,0,0,"A bandit","Emeralds",34,"Female",1
"41","1",46,12,2,0.7,1,0,"A bandit","Emeralds",34,"Female",1
"41","1",47,5,2,0.7,1,0,"A bandit","Emeralds",34,"Female",1
"41","1",48,73,1,0.3,0,1,"A bandit","Emeralds",34,"Female",1
"41","1",49,89,2,0.7,0,1,"A bandit","Emeralds",34,"Female",1
"41","1",50,7,2,0.7,1,0,"A bandit","Emeralds",34,"Female",1
"42","3",1,12,2,0.7,0,0,"A sheriff","Emeralds",66,"Male",1
"42","3",2,13,1,0.3,1,0,"A sheriff","Emeralds",66,"Male",1
"42","3",3,8,1,0.3,1,0,"A sheriff","Emeralds",66,"Male",1
"42","3",4,18,1,0.3,0,0,"A sheriff","Emeralds",66,"Male",1
"42","3",5,22,1,0.3,0,0,"A sheriff","Emeralds",66,"Male",1
"42","3",6,4,1,0.3,1,0,"A sheriff","Emeralds",66,"Male",1
"42","3",7,17,1,0.3,0,1,"A sheriff","Emeralds",66,"Male",1
"42","3",8,19,2,0.7,1,0,"A sheriff","Emeralds",66,"Male",1
"42","3",9,15,2,0.7,0,1,"A sheriff","Emeralds",66,"Male",1
"42","3",10,10,1,0.3,1,0,"A sheriff","Emeralds",66,"Male",1
"42","3",11,22,1,0.3,0,0,"A sheriff","Emeralds",66,"Male",1
"42","3",12,44,1,0.3,0,0,"A sheriff","Emeralds",66,"Male",1
"42","3",13,10,2,0.7,1,0,"A sheriff","Emeralds",66,"Male",1
"42","3",14,13,2,0.7,1,1,"A sheriff","Emeralds",66,"Male",1
"42","3",15,12,2,0.7,1,0,"A sheriff","Emeralds",66,"Male",1
"42","3",16,6,2,0.7,1,0,"A sheriff","Emeralds",66,"Male",1
"42","3",17,7,2,0.7,1,0,"A sheriff","Emeralds",66,"Male",1
"42","3",18,24,2,0.7,0,1,"A sheriff","Emeralds",66,"Male",1
"42","3",19,9,2,0.7,1,0,"A sheriff","Emeralds",66,"Male",1
"42","3",20,43,2,0.7,0,0,"A sheriff","Emeralds",66,"Male",1
"42","3",21,47,2,0.7,0,0,"A sheriff","Emeralds",66,"Male",1
"42","3",22,60,2,0.7,0,0,"A sheriff","Emeralds",66,"Male",1
"42","3",23,10,1,0.3,1,1,"A sheriff","Emeralds",66,"Male",1
"42","3",24,18,1,0.3,1,1,"A sheriff","Emeralds",66,"Male",1
"42","3",25,27,1,0.3,0,1,"A sheriff","Emeralds",66,"Male",1
"42","3",26,13,2,0.7,1,1,"A sheriff","Emeralds",66,"Male",1
"42","3",27,30,2,0.7,0,1,"A sheriff","Emeralds",66,"Male",1
"42","3",28,40,1,0.3,0,1,"A sheriff","Emeralds",66,"Male",1
"42","3",29,47,2,0.7,0,0,"A sheriff","Emeralds",66,"Male",1
"42","3",30,9,2,0.7,1,0,"A sheriff","Emeralds",66,"Male",1
"42","3",31,14,2,0.7,1,0,"A sheriff","Emeralds",66,"Male",1
"42","3",32,12,2,0.7,1,0,"A sheriff","Emeralds",66,"Male",1
"42","3",33,14,2,0.7,0,1,"A sheriff","Emeralds",66,"Male",1
"42","3",34,13,1,0.3,1,0,"A sheriff","Emeralds",66,"Male",1
"42","3",35,28,1,0.3,0,0,"A sheriff","Emeralds",66,"Male",1
"42","3",36,9,2,0.7,1,1,"A sheriff","Emeralds",66,"Male",1
"42","3",37,39,2,0.7,0,1,"A sheriff","Emeralds",66,"Male",1
"42","3",38,7,1,0.3,1,0,"A sheriff","Emeralds",66,"Male",1
"42","3",39,56,1,0.3,0,1,"A sheriff","Emeralds",66,"Male",1
"42","3",40,16,2,0.7,1,0,"A sheriff","Emeralds",66,"Male",1
"42","3",41,14,2,0.7,1,0,"A sheriff","Emeralds",66,"Male",1
"42","3",42,33,2,0.7,0,1,"A sheriff","Emeralds",66,"Male",1
"42","3",43,28,1,0.3,0,0,"A sheriff","Emeralds",66,"Male",1
"42","3",44,54,2,0.7,0,0,"A sheriff","Emeralds",66,"Male",1
"42","3",45,27,1,0.3,1,0,"A sheriff","Emeralds",66,"Male",1
"42","3",46,16,2,0.7,1,0,"A sheriff","Emeralds",66,"Male",1
"42","3",47,11,2,0.7,1,0,"A sheriff","Emeralds",66,"Male",1
"42","3",48,41,2,0.7,0,0,"A sheriff","Emeralds",66,"Male",1
"42","3",49,17,1,0.3,0,0,"A sheriff","Emeralds",66,"Male",1
"42","3",50,11,2,0.7,1,0,"A sheriff","Emeralds",66,"Male",1
"43","2",1,0,2,0.7,0,0,"A tycoon","Emeralds",53,"Female",1
"43","2",2,90,2,0.7,1,1,"A tycoon","Emeralds",53,"Female",1
"43","2",3,100,2,0.7,1,0,"A tycoon","Emeralds",53,"Female",1
"43","2",4,100,2,0.7,1,0,"A tycoon","Emeralds",53,"Female",1
"43","2",5,100,2,0.7,0,0,"A tycoon","Emeralds",53,"Female",1
"43","2",6,100,2,0.7,1,1,"A tycoon","Emeralds",53,"Female",1
"43","2",7,83,2,0.7,1,0,"A tycoon","Emeralds",53,"Female",1
"43","2",8,78,2,0.7,1,0,"A tycoon","Emeralds",53,"Female",1
"43","2",9,55,2,0.7,1,0,"A tycoon","Emeralds",53,"Female",1
"43","2",10,39,2,0.7,1,0,"A tycoon","Emeralds",53,"Female",1
"43","2",11,42,2,0.7,1,1,"A tycoon","Emeralds",53,"Female",1
"43","2",12,36,2,0.7,1,1,"A tycoon","Emeralds",53,"Female",1
"43","2",13,28,2,0.7,1,1,"A tycoon","Emeralds",53,"Female",1
"43","2",14,4,2,0.7,1,0,"A tycoon","Emeralds",53,"Female",1
"43","2",15,3,2,0.7,0,0,"A tycoon","Emeralds",53,"Female",1
"43","2",16,58,2,0.7,1,1,"A tycoon","Emeralds",53,"Female",1
"43","2",17,64,2,0.7,1,0,"A tycoon","Emeralds",53,"Female",1
"43","2",18,69,2,0.7,1,1,"A tycoon","Emeralds",53,"Female",1
"43","2",19,96,2,0.7,0,0,"A tycoon","Emeralds",53,"Female",1
"43","2",20,73,2,0.7,1,1,"A tycoon","Emeralds",53,"Female",1
"43","2",21,90,2,0.7,0,0,"A tycoon","Emeralds",53,"Female",1
"43","2",22,89,2,0.7,1,0,"A tycoon","Emeralds",53,"Female",1
"43","2",23,96,2,0.7,0,0,"A tycoon","Emeralds",53,"Female",1
"43","2",24,46,1,0.3,1,1,"A tycoon","Emeralds",53,"Female",1
"43","2",25,59,1,0.3,0,0,"A tycoon","Emeralds",53,"Female",1
"43","2",26,78,1,0.3,1,1,"A tycoon","Emeralds",53,"Female",1
"43","2",27,76,1,0.3,1,1,"A tycoon","Emeralds",53,"Female",1
"43","2",28,93,1,0.3,0,0,"A tycoon","Emeralds",53,"Female",1
"43","2",29,98,1,0.3,0,0,"A tycoon","Emeralds",53,"Female",1
"43","2",30,82,1,0.3,0,0,"A tycoon","Emeralds",53,"Female",1
"43","2",31,35,2,0.7,1,0,"A tycoon","Emeralds",53,"Female",1
"43","2",32,71,2,0.7,1,0,"A tycoon","Emeralds",53,"Female",1
"43","2",33,81,2,0.7,0,0,"A tycoon","Emeralds",53,"Female",1
"43","2",34,84,2,0.7,1,0,"A tycoon","Emeralds",53,"Female",1
"43","2",35,91,2,0.7,1,0,"A tycoon","Emeralds",53,"Female",1
"43","2",36,91,2,0.7,0,0,"A tycoon","Emeralds",53,"Female",1
"43","2",37,86,2,0.7,1,0,"A tycoon","Emeralds",53,"Female",1
"43","2",38,95,2,0.7,1,0,"A tycoon","Emeralds",53,"Female",1
"43","2",39,83,2,0.7,1,1,"A tycoon","Emeralds",53,"Female",1
"43","2",40,64,2,0.7,1,0,"A tycoon","Emeralds",53,"Female",1
"43","2",41,58,2,0.7,1,0,"A tycoon","Emeralds",53,"Female",1
"43","2",42,50,2,0.7,1,1,"A tycoon","Emeralds",53,"Female",1
"43","2",43,50,2,0.7,1,0,"A tycoon","Emeralds",53,"Female",1
"43","2",44,50,2,0.7,1,0,"A tycoon","Emeralds",53,"Female",1
"43","2",45,44,2,0.7,1,1,"A tycoon","Emeralds",53,"Female",1
"43","2",46,42,2,0.7,0,0,"A tycoon","Emeralds",53,"Female",1
"43","2",47,66,2,0.7,1,1,"A tycoon","Emeralds",53,"Female",1
"43","2",48,67,2,0.7,0,0,"A tycoon","Emeralds",53,"Female",1
"43","2",49,67,2,0.7,1,0,"A tycoon","Emeralds",53,"Female",1
"43","2",50,85,2,0.7,1,0,"A tycoon","Emeralds",53,"Female",1
"44","2",1,62,2,0.3,1,1,"A tycoon","Emeralds",33,"Male",1
"44","2",2,53,2,0.3,1,0,"A tycoon","Emeralds",33,"Male",1
"44","2",3,69,1,0.7,1,0,"A tycoon","Emeralds",33,"Male",1
"44","2",4,39,2,0.3,0,0,"A tycoon","Emeralds",33,"Male",1
"44","2",5,72,1,0.7,1,1,"A tycoon","Emeralds",33,"Male",1
"44","2",6,42,1,0.7,1,0,"A tycoon","Emeralds",33,"Male",1
"44","2",7,78,2,0.3,1,1,"A tycoon","Emeralds",33,"Male",1
"44","2",8,42,2,0.3,1,1,"A tycoon","Emeralds",33,"Male",1
"44","2",9,35,2,0.3,1,1,"A tycoon","Emeralds",33,"Male",1
"44","2",10,51,2,0.3,1,1,"A tycoon","Emeralds",33,"Male",1
"44","2",11,73,2,0.3,1,1,"A tycoon","Emeralds",33,"Male",1
"44","2",12,72,1,0.7,1,0,"A tycoon","Emeralds",33,"Male",1
"44","2",13,53,1,0.7,1,0,"A tycoon","Emeralds",33,"Male",1
"44","2",14,36,2,0.3,0,0,"A tycoon","Emeralds",33,"Male",1
"44","2",15,48,2,0.3,0,0,"A tycoon","Emeralds",33,"Male",1
"44","2",16,35,1,0.7,0,0,"A tycoon","Emeralds",33,"Male",1
"44","2",17,44,2,0.3,0,0,"A tycoon","Emeralds",33,"Male",1
"44","2",18,55,1,0.7,1,1,"A tycoon","Emeralds",33,"Male",1
"44","2",19,45,1,0.7,0,0,"A tycoon","Emeralds",33,"Male",1
"44","2",20,63,1,0.7,1,0,"A tycoon","Emeralds",33,"Male",1
"44","2",21,66,1,0.7,1,0,"A tycoon","Emeralds",33,"Male",1
"44","2",22,70,1,0.7,1,0,"A tycoon","Emeralds",33,"Male",1
"44","2",23,38,2,0.3,0,0,"A tycoon","Emeralds",33,"Male",1
"44","2",24,63,1,0.7,1,1,"A tycoon","Emeralds",33,"Male",1
"44","2",25,70,1,0.7,1,1,"A tycoon","Emeralds",33,"Male",1
"44","2",26,51,1,0.7,1,0,"A tycoon","Emeralds",33,"Male",1
"44","2",27,41,1,0.7,1,1,"A tycoon","Emeralds",33,"Male",1
"44","2",28,47,1,0.7,1,0,"A tycoon","Emeralds",33,"Male",1
"44","2",29,56,1,0.7,1,0,"A tycoon","Emeralds",33,"Male",1
"44","2",30,39,1,0.7,1,0,"A tycoon","Emeralds",33,"Male",1
"44","2",31,39,1,0.7,1,0,"A tycoon","Emeralds",33,"Male",1
"44","2",32,64,2,0.3,1,1,"A tycoon","Emeralds",33,"Male",1
"44","2",33,66,2,0.3,1,0,"A tycoon","Emeralds",33,"Male",1
"44","2",34,60,2,0.3,1,1,"A tycoon","Emeralds",33,"Male",1
"44","2",35,43,2,0.3,0,0,"A tycoon","Emeralds",33,"Male",1
"44","2",36,56,1,0.7,1,0,"A tycoon","Emeralds",33,"Male",1
"44","2",37,63,1,0.7,1,0,"A tycoon","Emeralds",33,"Male",1
"44","2",38,48,1,0.7,1,1,"A tycoon","Emeralds",33,"Male",1
"44","2",39,42,1,0.7,1,0,"A tycoon","Emeralds",33,"Male",1
"44","2",40,44,1,0.7,1,1,"A tycoon","Emeralds",33,"Male",1
"44","2",41,61,1,0.7,0,0,"A tycoon","Emeralds",33,"Male",1
"44","2",42,55,2,0.3,0,0,"A tycoon","Emeralds",33,"Male",1
"44","2",43,44,1,0.7,1,0,"A tycoon","Emeralds",33,"Male",1
"44","2",44,66,1,0.7,1,0,"A tycoon","Emeralds",33,"Male",1
"44","2",45,45,1,0.7,1,0,"A tycoon","Emeralds",33,"Male",1
"44","2",46,38,1,0.7,1,0,"A tycoon","Emeralds",33,"Male",1
"44","2",47,55,1,0.7,1,0,"A tycoon","Emeralds",33,"Male",1
"44","2",48,40,1,0.7,1,0,"A tycoon","Emeralds",33,"Male",1
"44","2",49,39,1,0.7,1,0,"A tycoon","Emeralds",33,"Male",1
"44","2",50,57,1,0.7,1,0,"A tycoon","Emeralds",33,"Male",1
"45","1",1,34,2,0.3,0,0,"A bandit","Emeralds",33,"Male",1
"45","1",2,11,1,0.7,1,0,"A bandit","Emeralds",33,"Male",1
"45","1",3,24,2,0.3,0,1,"A bandit","Emeralds",33,"Male",1
"45","1",4,1,1,0.7,1,0,"A bandit","Emeralds",33,"Male",1
"45","1",5,27,2,0.3,0,1,"A bandit","Emeralds",33,"Male",1
"45","1",6,6,1,0.7,1,0,"A bandit","Emeralds",33,"Male",1
"45","1",7,26,2,0.3,0,0,"A bandit","Emeralds",33,"Male",1
"45","1",8,73,1,0.7,0,1,"A bandit","Emeralds",33,"Male",1
"45","1",9,64,1,0.7,0,0,"A bandit","Emeralds",33,"Male",1
"45","1",10,25,2,0.3,0,0,"A bandit","Emeralds",33,"Male",1
"45","1",11,39,1,0.7,0,1,"A bandit","Emeralds",33,"Male",1
"45","1",12,62,2,0.3,0,0,"A bandit","Emeralds",33,"Male",1
"45","1",13,83,1,0.7,0,1,"A bandit","Emeralds",33,"Male",1
"45","1",14,14,1,0.7,1,0,"A bandit","Emeralds",33,"Male",1
"45","1",15,26,2,0.3,0,0,"A bandit","Emeralds",33,"Male",1
"45","1",16,10,1,0.7,1,0,"A bandit","Emeralds",33,"Male",1
"45","1",17,2,1,0.7,0,1,"A bandit","Emeralds",33,"Male",1
"45","1",18,31,1,0.7,1,0,"A bandit","Emeralds",33,"Male",1
"45","1",19,15,1,0.7,1,0,"A bandit","Emeralds",33,"Male",1
"45","1",20,58,2,0.3,1,0,"A bandit","Emeralds",33,"Male",1
"45","1",21,21,1,0.7,0,0,"A bandit","Emeralds",33,"Male",1
"45","1",22,61,2,0.3,1,0,"A bandit","Emeralds",33,"Male",1
"45","1",23,9,1,0.7,0,1,"A bandit","Emeralds",33,"Male",1
"45","1",24,19,2,0.3,1,0,"A bandit","Emeralds",33,"Male",1
"45","1",25,13,1,0.7,0,1,"A bandit","Emeralds",33,"Male",1
"45","1",26,27,2,0.3,0,0,"A bandit","Emeralds",33,"Male",1
"45","1",27,5,2,0.3,0,0,"A bandit","Emeralds",33,"Male",1
"45","1",28,16,1,0.7,1,0,"A bandit","Emeralds",33,"Male",1
"45","1",29,14,1,0.7,1,0,"A bandit","Emeralds",33,"Male",1
"45","1",30,19,1,0.7,0,1,"A bandit","Emeralds",33,"Male",1
"45","1",31,12,1,0.7,1,0,"A bandit","Emeralds",33,"Male",1
"45","1",32,22,1,0.7,1,0,"A bandit","Emeralds",33,"Male",1
"45","1",33,12,1,0.7,1,0,"A bandit","Emeralds",33,"Male",1
"45","1",34,62,1,0.7,0,1,"A bandit","Emeralds",33,"Male",1
"45","1",35,14,2,0.3,0,0,"A bandit","Emeralds",33,"Male",1
"45","1",36,82,1,0.7,0,1,"A bandit","Emeralds",33,"Male",1
"45","1",37,25,1,0.7,0,1,"A bandit","Emeralds",33,"Male",1
"45","1",38,29,2,0.3,0,0,"A bandit","Emeralds",33,"Male",1
"45","1",39,52,1,0.7,0,1,"A bandit","Emeralds",33,"Male",1
"45","1",40,67,2,0.3,0,1,"A bandit","Emeralds",33,"Male",1
"45","1",41,22,1,0.7,0,0,"A bandit","Emeralds",33,"Male",1
"45","1",42,57,2,0.3,0,1,"A bandit","Emeralds",33,"Male",1
"45","1",43,20,1,0.7,1,0,"A bandit","Emeralds",33,"Male",1
"45","1",44,6,1,0.7,1,0,"A bandit","Emeralds",33,"Male",1
"45","1",45,17,1,0.7,1,0,"A bandit","Emeralds",33,"Male",1
"45","1",46,7,1,0.7,1,0,"A bandit","Emeralds",33,"Male",1
"45","1",47,28,2,0.3,0,0,"A bandit","Emeralds",33,"Male",1
"45","1",48,23,2,0.3,0,0,"A bandit","Emeralds",33,"Male",1
"45","1",49,8,1,0.7,1,0,"A bandit","Emeralds",33,"Male",1
"45","1",50,8,2,0.3,0,0,"A bandit","Emeralds",33,"Male",1
"46","2",1,29,2,0.7,1,1,"A tycoon","Emeralds",30,"Female",1
"46","2",2,67,2,0.7,1,0,"A tycoon","Emeralds",30,"Female",1
"46","2",3,62,2,0.7,1,1,"A tycoon","Emeralds",30,"Female",1
"46","2",4,31,2,0.7,1,0,"A tycoon","Emeralds",30,"Female",1
"46","2",5,41,2,0.7,1,0,"A tycoon","Emeralds",30,"Female",1
"46","2",6,22,2,0.7,1,1,"A tycoon","Emeralds",30,"Female",1
"46","2",7,30,2,0.7,1,0,"A tycoon","Emeralds",30,"Female",1
"46","2",8,2,2,0.7,0,0,"A tycoon","Emeralds",30,"Female",1
"46","2",9,60,2,0.7,1,0,"A tycoon","Emeralds",30,"Female",1
"46","2",10,0,1,0.3,0,0,"A tycoon","Emeralds",30,"Female",1
"46","2",11,84,1,0.3,1,0,"A tycoon","Emeralds",30,"Female",1
"46","2",12,75,1,0.3,1,0,"A tycoon","Emeralds",30,"Female",1
"46","2",13,13,1,0.3,0,0,"A tycoon","Emeralds",30,"Female",1
"46","2",14,36,2,0.7,0,0,"A tycoon","Emeralds",30,"Female",1
"46","2",15,84,2,0.7,1,0,"A tycoon","Emeralds",30,"Female",1
"46","2",16,81,1,0.3,1,1,"A tycoon","Emeralds",30,"Female",1
"46","2",17,54,1,0.3,1,0,"A tycoon","Emeralds",30,"Female",1
"46","2",18,63,1,0.3,1,1,"A tycoon","Emeralds",30,"Female",1
"46","2",19,81,1,0.3,1,0,"A tycoon","Emeralds",30,"Female",1
"46","2",20,25,1,0.3,0,0,"A tycoon","Emeralds",30,"Female",1
"46","2",21,34,1,0.3,0,0,"A tycoon","Emeralds",30,"Female",1
"46","2",22,76,1,0.3,1,1,"A tycoon","Emeralds",30,"Female",1
"46","2",23,84,1,0.3,1,0,"A tycoon","Emeralds",30,"Female",1
"46","2",24,65,1,0.3,1,1,"A tycoon","Emeralds",30,"Female",1
"46","2",25,78,1,0.3,1,0,"A tycoon","Emeralds",30,"Female",1
"46","2",26,81,1,0.3,1,1,"A tycoon","Emeralds",30,"Female",1
"46","2",27,31,1,0.3,0,0,"A tycoon","Emeralds",30,"Female",1
"46","2",28,42,2,0.7,1,1,"A tycoon","Emeralds",30,"Female",1
"46","2",29,66,2,0.7,1,0,"A tycoon","Emeralds",30,"Female",1
"46","2",30,70,2,0.7,1,0,"A tycoon","Emeralds",30,"Female",1
"46","2",31,75,2,0.7,1,0,"A tycoon","Emeralds",30,"Female",1
"46","2",32,22,2,0.7,0,0,"A tycoon","Emeralds",30,"Female",1
"46","2",33,58,2,0.7,1,1,"A tycoon","Emeralds",30,"Female",1
"46","2",34,79,1,0.3,1,0,"A tycoon","Emeralds",30,"Female",1
"46","2",35,80,1,0.3,1,1,"A tycoon","Emeralds",30,"Female",1
"46","2",36,19,1,0.3,0,0,"A tycoon","Emeralds",30,"Female",1
"46","2",37,60,1,0.3,1,1,"A tycoon","Emeralds",30,"Female",1
"46","2",38,22,1,0.3,0,0,"A tycoon","Emeralds",30,"Female",1
"46","2",39,30,1,0.3,0,0,"A tycoon","Emeralds",30,"Female",1
"46","2",40,23,1,0.3,0,0,"A tycoon","Emeralds",30,"Female",1
"46","2",41,66,2,0.7,1,0,"A tycoon","Emeralds",30,"Female",1
"46","2",42,76,2,0.7,1,1,"A tycoon","Emeralds",30,"Female",1
"46","2",43,19,2,0.7,0,0,"A tycoon","Emeralds",30,"Female",1
"46","2",44,62,2,0.7,1,1,"A tycoon","Emeralds",30,"Female",1
"46","2",45,73,1,0.3,1,0,"A tycoon","Emeralds",30,"Female",1
"46","2",46,73,1,0.3,1,0,"A tycoon","Emeralds",30,"Female",1
"46","2",47,81,1,0.3,1,0,"A tycoon","Emeralds",30,"Female",1
"46","2",48,58,1,0.3,1,0,"A tycoon","Emeralds",30,"Female",1
"46","2",49,24,2,0.7,0,0,"A tycoon","Emeralds",30,"Female",1
"46","2",50,70,2,0.7,1,1,"A tycoon","Emeralds",30,"Female",1
"47","1",1,100,2,0.7,0,0,"A bandit","Emeralds",39,"Male",1
"47","1",2,0,1,0.3,1,0,"A bandit","Emeralds",39,"Male",1
"47","1",3,100,1,0.3,0,0,"A bandit","Emeralds",39,"Male",1
"47","1",4,0,1,0.3,1,0,"A bandit","Emeralds",39,"Male",1
"47","1",5,68,2,0.7,0,1,"A bandit","Emeralds",39,"Male",1
"47","1",6,0,2,0.7,1,0,"A bandit","Emeralds",39,"Male",1
"47","1",7,100,1,0.3,0,0,"A bandit","Emeralds",39,"Male",1
"47","1",8,100,2,0.7,0,1,"A bandit","Emeralds",39,"Male",1
"47","1",9,0,1,0.3,1,0,"A bandit","Emeralds",39,"Male",1
"47","1",10,100,1,0.3,0,0,"A bandit","Emeralds",39,"Male",1
"47","1",11,100,1,0.3,0,0,"A bandit","Emeralds",39,"Male",1
"47","1",12,0,1,0.3,1,0,"A bandit","Emeralds",39,"Male",1
"47","1",13,100,2,0.7,0,1,"A bandit","Emeralds",39,"Male",1
"47","1",14,100,2,0.7,0,0,"A bandit","Emeralds",39,"Male",1
"47","1",15,100,1,0.3,0,0,"A bandit","Emeralds",39,"Male",1
"47","1",16,100,1,0.3,0,0,"A bandit","Emeralds",39,"Male",1
"47","1",17,100,2,0.7,0,1,"A bandit","Emeralds",39,"Male",1
"47","1",18,100,1,0.3,0,1,"A bandit","Emeralds",39,"Male",1
"47","1",19,100,1,0.3,0,0,"A bandit","Emeralds",39,"Male",1
"47","1",20,100,1,0.3,0,0,"A bandit","Emeralds",39,"Male",1
"47","1",21,100,1,0.3,0,1,"A bandit","Emeralds",39,"Male",1
"47","1",22,0,1,0.3,1,0,"A bandit","Emeralds",39,"Male",1
"47","1",23,100,1,0.3,0,0,"A bandit","Emeralds",39,"Male",1
"47","1",24,100,2,0.7,0,1,"A bandit","Emeralds",39,"Male",1
"47","1",25,100,1,0.3,0,0,"A bandit","Emeralds",39,"Male",1
"47","1",26,100,1,0.3,0,1,"A bandit","Emeralds",39,"Male",1
"47","1",27,0,1,0.3,1,0,"A bandit","Emeralds",39,"Male",1
"47","1",28,0,2,0.7,1,0,"A bandit","Emeralds",39,"Male",1
"47","1",29,0,2,0.7,1,0,"A bandit","Emeralds",39,"Male",1
"47","1",30,0,2,0.7,1,0,"A bandit","Emeralds",39,"Male",1
"47","1",31,100,1,0.3,0,0,"A bandit","Emeralds",39,"Male",1
"47","1",32,100,1,0.3,0,0,"A bandit","Emeralds",39,"Male",1
"47","1",33,0,2,0.7,1,0,"A bandit","Emeralds",39,"Male",1
"47","1",34,99,1,0.3,0,1,"A bandit","Emeralds",39,"Male",1
"47","1",35,0,2,0.7,1,0,"A bandit","Emeralds",39,"Male",1
"47","1",36,100,2,0.7,0,1,"A bandit","Emeralds",39,"Male",1
"47","1",37,100,1,0.3,0,1,"A bandit","Emeralds",39,"Male",1
"47","1",38,100,1,0.3,0,1,"A bandit","Emeralds",39,"Male",1
"47","1",39,0,2,0.7,1,0,"A bandit","Emeralds",39,"Male",1
"47","1",40,0,2,0.7,1,0,"A bandit","Emeralds",39,"Male",1
"47","1",41,0,2,0.7,1,0,"A bandit","Emeralds",39,"Male",1
"47","1",42,100,1,0.3,0,1,"A bandit","Emeralds",39,"Male",1
"47","1",43,100,2,0.7,0,1,"A bandit","Emeralds",39,"Male",1
"47","1",44,100,1,0.3,0,0,"A bandit","Emeralds",39,"Male",1
"47","1",45,0,2,0.7,1,0,"A bandit","Emeralds",39,"Male",1
"47","1",46,100,1,0.3,0,1,"A bandit","Emeralds",39,"Male",1
"47","1",47,0,1,0.3,1,0,"A bandit","Emeralds",39,"Male",1
"47","1",48,100,1,0.3,0,0,"A bandit","Emeralds",39,"Male",1
"47","1",49,0,2,0.7,1,0,"A bandit","Emeralds",39,"Male",1
"47","1",50,0,2,0.7,1,0,"A bandit","Emeralds",39,"Male",1
"48","1",1,52,1,0.3,0,1,"A bandit","Emeralds",32,"Prefer not to specify",1
"48","1",2,39,1,0.3,0,1,"A bandit","Emeralds",32,"Prefer not to specify",1
"48","1",3,25,2,0.7,1,0,"A bandit","Emeralds",32,"Prefer not to specify",1
"48","1",4,46,2,0.7,1,0,"A bandit","Emeralds",32,"Prefer not to specify",1
"48","1",5,78,2,0.7,0,1,"A bandit","Emeralds",32,"Prefer not to specify",1
"48","1",6,36,2,0.7,0,1,"A bandit","Emeralds",32,"Prefer not to specify",1
"48","1",7,38,2,0.7,1,0,"A bandit","Emeralds",32,"Prefer not to specify",1
"48","1",8,38,2,0.7,1,0,"A bandit","Emeralds",32,"Prefer not to specify",1
"48","1",9,36,2,0.7,1,0,"A bandit","Emeralds",32,"Prefer not to specify",1
"48","1",10,6,2,0.7,1,0,"A bandit","Emeralds",32,"Prefer not to specify",1
"48","1",11,25,2,0.7,1,0,"A bandit","Emeralds",32,"Prefer not to specify",1
"48","1",12,16,2,0.7,1,0,"A bandit","Emeralds",32,"Prefer not to specify",1
"48","1",13,87,2,0.7,0,1,"A bandit","Emeralds",32,"Prefer not to specify",1
"48","1",14,8,2,0.7,0,1,"A bandit","Emeralds",32,"Prefer not to specify",1
"48","1",15,86,2,0.7,0,1,"A bandit","Emeralds",32,"Prefer not to specify",1
"48","1",16,4,2,0.7,1,0,"A bandit","Emeralds",32,"Prefer not to specify",1
"48","1",17,8,2,0.7,1,0,"A bandit","Emeralds",32,"Prefer not to specify",1
"48","1",18,4,2,0.7,0,1,"A bandit","Emeralds",32,"Prefer not to specify",1
"48","1",19,4,2,0.7,0,1,"A bandit","Emeralds",32,"Prefer not to specify",1
"48","1",20,5,2,0.7,1,0,"A bandit","Emeralds",32,"Prefer not to specify",1
"48","1",21,5,2,0.7,1,0,"A bandit","Emeralds",32,"Prefer not to specify",1
"48","1",22,4,2,0.7,0,0,"A bandit","Emeralds",32,"Prefer not to specify",1
"48","1",23,4,2,0.7,1,0,"A bandit","Emeralds",32,"Prefer not to specify",1
"48","1",24,2,2,0.7,0,0,"A bandit","Emeralds",32,"Prefer not to specify",1
"48","1",25,2,2,0.7,0,1,"A bandit","Emeralds",32,"Prefer not to specify",1
"48","1",26,2,2,0.7,0,1,"A bandit","Emeralds",32,"Prefer not to specify",1
"48","1",27,4,2,0.7,1,0,"A bandit","Emeralds",32,"Prefer not to specify",1
"48","1",28,1,2,0.7,1,0,"A bandit","Emeralds",32,"Prefer not to specify",1
"48","1",29,1,2,0.7,0,0,"A bandit","Emeralds",32,"Prefer not to specify",1
"48","1",30,2,2,0.7,1,0,"A bandit","Emeralds",32,"Prefer not to specify",1
"48","1",31,4,2,0.7,1,0,"A bandit","Emeralds",32,"Prefer not to specify",1
"48","1",32,4,2,0.7,1,0,"A bandit","Emeralds",32,"Prefer not to specify",1
"48","1",33,75,2,0.7,0,0,"A bandit","Emeralds",32,"Prefer not to specify",1
"48","1",34,77,2,0.7,0,0,"A bandit","Emeralds",32,"Prefer not to specify",1
"48","1",35,6,2,0.7,1,0,"A bandit","Emeralds",32,"Prefer not to specify",1
"48","1",36,2,2,0.7,0,0,"A bandit","Emeralds",32,"Prefer not to specify",1
"48","1",37,1,2,0.7,1,0,"A bandit","Emeralds",32,"Prefer not to specify",1
"48","1",38,85,2,0.7,0,0,"A bandit","Emeralds",32,"Prefer not to specify",1
"48","1",39,2,2,0.7,1,0,"A bandit","Emeralds",32,"Prefer not to specify",1
"48","1",40,1,2,0.7,0,1,"A bandit","Emeralds",32,"Prefer not to specify",1
"48","1",41,2,2,0.7,1,0,"A bandit","Emeralds",32,"Prefer not to specify",1
"48","1",42,2,2,0.7,1,0,"A bandit","Emeralds",32,"Prefer not to specify",1
"48","1",43,3,2,0.7,1,0,"A bandit","Emeralds",32,"Prefer not to specify",1
"48","1",44,2,2,0.7,1,0,"A bandit","Emeralds",32,"Prefer not to specify",1
"48","1",45,82,2,0.7,0,1,"A bandit","Emeralds",32,"Prefer not to specify",1
"48","1",46,4,2,0.7,1,0,"A bandit","Emeralds",32,"Prefer not to specify",1
"48","1",47,5,2,0.7,0,1,"A bandit","Emeralds",32,"Prefer not to specify",1
"48","1",48,3,2,0.7,1,0,"A bandit","Emeralds",32,"Prefer not to specify",1
"48","1",49,5,2,0.7,0,1,"A bandit","Emeralds",32,"Prefer not to specify",1
"48","1",50,2,2,0.7,1,0,"A bandit","Emeralds",32,"Prefer not to specify",1
"49","3",1,64,2,0.7,0,1,"A sheriff","Emeralds",20,"Male",1
"49","3",2,69,1,0.3,0,0,"A sheriff","Emeralds",20,"Male",1
"49","3",3,73,2,0.7,1,0,"A sheriff","Emeralds",20,"Male",1
"49","3",4,71,2,0.7,1,1,"A sheriff","Emeralds",20,"Male",1
"49","3",5,70,2,0.7,1,1,"A sheriff","Emeralds",20,"Male",1
"49","3",6,93,2,0.7,0,0,"A sheriff","Emeralds",20,"Male",1
"49","3",7,69,2,0.7,1,0,"A sheriff","Emeralds",20,"Male",1
"49","3",8,37,2,0.7,0,0,"A sheriff","Emeralds",20,"Male",1
"49","3",9,72,2,0.7,1,0,"A sheriff","Emeralds",20,"Male",1
"49","3",10,65,2,0.7,1,0,"A sheriff","Emeralds",20,"Male",1
"49","3",11,75,2,0.7,1,0,"A sheriff","Emeralds",20,"Male",1
"49","3",12,71,2,0.7,1,0,"A sheriff","Emeralds",20,"Male",1
"49","3",13,74,2,0.7,1,0,"A sheriff","Emeralds",20,"Male",1
"49","3",14,74,2,0.7,1,1,"A sheriff","Emeralds",20,"Male",1
"49","3",15,12,2,0.7,1,0,"A sheriff","Emeralds",20,"Male",1
"49","3",16,70,2,0.7,0,0,"A sheriff","Emeralds",20,"Male",1
"49","3",17,20,2,0.7,0,1,"A sheriff","Emeralds",20,"Male",1
"49","3",18,5,2,0.7,1,0,"A sheriff","Emeralds",20,"Male",1
"49","3",19,8,2,0.7,1,0,"A sheriff","Emeralds",20,"Male",1
"49","3",20,15,2,0.7,1,0,"A sheriff","Emeralds",20,"Male",1
"49","3",21,8,2,0.7,0,1,"A sheriff","Emeralds",20,"Male",1
"49","3",22,19,2,0.7,1,0,"A sheriff","Emeralds",20,"Male",1
"49","3",23,16,2,0.7,1,0,"A sheriff","Emeralds",20,"Male",1
"49","3",24,74,2,0.7,0,1,"A sheriff","Emeralds",20,"Male",1
"49","3",25,13,2,0.7,1,0,"A sheriff","Emeralds",20,"Male",1
"49","3",26,11,2,0.7,0,0,"A sheriff","Emeralds",20,"Male",1
"49","3",27,15,2,0.7,1,0,"A sheriff","Emeralds",20,"Male",1
"49","3",28,6,2,0.7,1,1,"A sheriff","Emeralds",20,"Male",1
"49","3",29,8,2,0.7,1,0,"A sheriff","Emeralds",20,"Male",1
"49","3",30,8,2,0.7,1,0,"A sheriff","Emeralds",20,"Male",1
"49","3",31,10,2,0.7,0,0,"A sheriff","Emeralds",20,"Male",1
"49","3",32,7,2,0.7,0,0,"A sheriff","Emeralds",20,"Male",1
"49","3",33,9,2,0.7,1,1,"A sheriff","Emeralds",20,"Male",1
"49","3",34,13,2,0.7,1,0,"A sheriff","Emeralds",20,"Male",1
"49","3",35,9,2,0.7,1,0,"A sheriff","Emeralds",20,"Male",1
"49","3",36,8,2,0.7,1,1,"A sheriff","Emeralds",20,"Male",1
"49","3",37,11,2,0.7,1,0,"A sheriff","Emeralds",20,"Male",1
"49","3",38,8,2,0.7,0,0,"A sheriff","Emeralds",20,"Male",1
"49","3",39,11,2,0.7,1,0,"A sheriff","Emeralds",20,"Male",1
"49","3",40,12,2,0.7,0,0,"A sheriff","Emeralds",20,"Male",1
"49","3",41,8,2,0.7,0,1,"A sheriff","Emeralds",20,"Male",1
"49","3",42,9,2,0.7,1,0,"A sheriff","Emeralds",20,"Male",1
"49","3",43,13,2,0.7,1,0,"A sheriff","Emeralds",20,"Male",1
"49","3",44,13,2,0.7,0,1,"A sheriff","Emeralds",20,"Male",1
"49","3",45,8,2,0.7,1,1,"A sheriff","Emeralds",20,"Male",1
"49","3",46,9,2,0.7,1,0,"A sheriff","Emeralds",20,"Male",1
"49","3",47,11,2,0.7,1,0,"A sheriff","Emeralds",20,"Male",1
"49","3",48,3,2,0.7,1,0,"A sheriff","Emeralds",20,"Male",1
"49","3",49,6,2,0.7,1,1,"A sheriff","Emeralds",20,"Male",1
"49","3",50,8,2,0.7,1,1,"A sheriff","Emeralds",20,"Male",1
"50","3",1,40,2,0.7,1,1,"A sheriff","Emeralds",50,"Female",1
"50","3",2,40,2,0.7,1,0,"A sheriff","Emeralds",50,"Female",1
"50","3",3,40,1,0.3,1,0,"A sheriff","Emeralds",50,"Female",1
"50","3",4,39,1,0.3,0,0,"A sheriff","Emeralds",50,"Female",1
"50","3",5,42,2,0.7,0,0,"A sheriff","Emeralds",50,"Female",1
"50","3",6,41,1,0.3,0,0,"A sheriff","Emeralds",50,"Female",1
"50","3",7,41,1,0.3,1,0,"A sheriff","Emeralds",50,"Female",1
"50","3",8,40,1,0.3,1,1,"A sheriff","Emeralds",50,"Female",1
"50","3",9,41,1,0.3,1,1,"A sheriff","Emeralds",50,"Female",1
"50","3",10,39,1,0.3,0,0,"A sheriff","Emeralds",50,"Female",1
"50","3",11,40,1,0.3,0,1,"A sheriff","Emeralds",50,"Female",1
"50","3",12,41,2,0.7,1,0,"A sheriff","Emeralds",50,"Female",1
"50","3",13,40,2,0.7,1,0,"A sheriff","Emeralds",50,"Female",1
"50","3",14,41,1,0.3,0,0,"A sheriff","Emeralds",50,"Female",1
"50","3",15,39,1,0.3,0,1,"A sheriff","Emeralds",50,"Female",1
"50","3",16,39,2,0.7,1,1,"A sheriff","Emeralds",50,"Female",1
"50","3",17,39,2,0.7,1,0,"A sheriff","Emeralds",50,"Female",1
"50","3",18,41,1,0.3,1,0,"A sheriff","Emeralds",50,"Female",1
"50","3",19,41,1,0.3,0,0,"A sheriff","Emeralds",50,"Female",1
"50","3",20,39,2,0.7,0,0,"A sheriff","Emeralds",50,"Female",1
"50","3",21,40,2,0.7,1,0,"A sheriff","Emeralds",50,"Female",1
"50","3",22,40,2,0.7,1,0,"A sheriff","Emeralds",50,"Female",1
"50","3",23,40,1,0.3,1,0,"A sheriff","Emeralds",50,"Female",1
"50","3",24,38,1,0.3,0,0,"A sheriff","Emeralds",50,"Female",1
"50","3",25,43,2,0.7,1,0,"A sheriff","Emeralds",50,"Female",1
"50","3",26,41,2,0.7,1,0,"A sheriff","Emeralds",50,"Female",1
"50","3",27,44,1,0.3,1,1,"A sheriff","Emeralds",50,"Female",1
"50","3",28,38,1,0.3,1,1,"A sheriff","Emeralds",50,"Female",1
"50","3",29,44,1,0.3,0,1,"A sheriff","Emeralds",50,"Female",1
"50","3",30,47,2,0.7,1,1,"A sheriff","Emeralds",50,"Female",1
"50","3",31,46,2,0.7,1,0,"A sheriff","Emeralds",50,"Female",1
"50","3",32,44,1,0.3,0,0,"A sheriff","Emeralds",50,"Female",1
"50","3",33,45,2,0.7,0,0,"A sheriff","Emeralds",50,"Female",1
"50","3",34,48,1,0.3,1,1,"A sheriff","Emeralds",50,"Female",1
"50","3",35,46,2,0.7,0,0,"A sheriff","Emeralds",50,"Female",1
"50","3",36,45,1,0.3,0,1,"A sheriff","Emeralds",50,"Female",1
"50","3",37,45,2,0.7,1,1,"A sheriff","Emeralds",50,"Female",1
"50","3",38,46,2,0.7,1,0,"A sheriff","Emeralds",50,"Female",1
"50","3",39,47,2,0.7,0,0,"A sheriff","Emeralds",50,"Female",1
"50","3",40,44,1,0.3,0,0,"A sheriff","Emeralds",50,"Female",1
"50","3",41,44,2,0.7,0,0,"A sheriff","Emeralds",50,"Female",1
"50","3",42,45,2,0.7,1,1,"A sheriff","Emeralds",50,"Female",1
"50","3",43,46,2,0.7,1,0,"A sheriff","Emeralds",50,"Female",1
"50","3",44,47,1,0.3,0,0,"A sheriff","Emeralds",50,"Female",1
"50","3",45,45,1,0.3,1,1,"A sheriff","Emeralds",50,"Female",1
"50","3",46,46,1,0.3,0,0,"A sheriff","Emeralds",50,"Female",1
"50","3",47,46,2,0.7,1,0,"A sheriff","Emeralds",50,"Female",1
"50","3",48,46,2,0.7,1,0,"A sheriff","Emeralds",50,"Female",1
"50","3",49,47,1,0.3,0,0,"A sheriff","Emeralds",50,"Female",1
"50","3",50,47,2,0.7,0,0,"A sheriff","Emeralds",50,"Female",1
"51","3",1,63,2,0.3,0,0,"A sheriff","Emeralds",36,"Female",1
"51","3",2,56,2,0.3,0,1,"A sheriff","Emeralds",36,"Female",1
"51","3",3,8,1,0.7,1,0,"A sheriff","Emeralds",36,"Female",1
"51","3",4,65,2,0.3,0,0,"A sheriff","Emeralds",36,"Female",1
"51","3",5,63,1,0.7,0,0,"A sheriff","Emeralds",36,"Female",1
"51","3",6,65,1,0.7,0,1,"A sheriff","Emeralds",36,"Female",1
"51","3",7,67,1,0.7,0,1,"A sheriff","Emeralds",36,"Female",1
"51","3",8,8,1,0.7,1,0,"A sheriff","Emeralds",36,"Female",1
"51","3",9,69,2,0.3,0,0,"A sheriff","Emeralds",36,"Female",1
"51","3",10,17,1,0.7,1,0,"A sheriff","Emeralds",36,"Female",1
"51","3",11,77,1,0.7,0,0,"A sheriff","Emeralds",36,"Female",1
"51","3",12,68,1,0.7,0,0,"A sheriff","Emeralds",36,"Female",1
"51","3",13,13,1,0.7,1,1,"A sheriff","Emeralds",36,"Female",1
"51","3",14,13,2,0.3,1,1,"A sheriff","Emeralds",36,"Female",1
"51","3",15,80,1,0.7,0,1,"A sheriff","Emeralds",36,"Female",1
"51","3",16,11,1,0.7,1,0,"A sheriff","Emeralds",36,"Female",1
"51","3",17,77,2,0.3,0,0,"A sheriff","Emeralds",36,"Female",1
"51","3",18,7,2,0.3,1,1,"A sheriff","Emeralds",36,"Female",1
"51","3",19,9,1,0.7,1,0,"A sheriff","Emeralds",36,"Female",1
"51","3",20,7,2,0.3,1,0,"A sheriff","Emeralds",36,"Female",1
"51","3",21,9,1,0.7,1,0,"A sheriff","Emeralds",36,"Female",1
"51","3",22,84,2,0.3,0,0,"A sheriff","Emeralds",36,"Female",1
"51","3",23,84,2,0.3,0,0,"A sheriff","Emeralds",36,"Female",1
"51","3",24,87,2,0.3,0,1,"A sheriff","Emeralds",36,"Female",1
"51","3",25,87,2,0.3,0,0,"A sheriff","Emeralds",36,"Female",1
"51","3",26,76,1,0.7,0,1,"A sheriff","Emeralds",36,"Female",1
"51","3",27,10,1,0.7,1,0,"A sheriff","Emeralds",36,"Female",1
"51","3",28,12,1,0.7,1,0,"A sheriff","Emeralds",36,"Female",1
"51","3",29,72,2,0.3,0,0,"A sheriff","Emeralds",36,"Female",1
"51","3",30,13,1,0.7,1,0,"A sheriff","Emeralds",36,"Female",1
"51","3",31,9,1,0.7,1,0,"A sheriff","Emeralds",36,"Female",1
"51","3",32,80,2,0.3,0,0,"A sheriff","Emeralds",36,"Female",1
"51","3",33,80,1,0.7,0,1,"A sheriff","Emeralds",36,"Female",1
"51","3",34,78,1,0.7,1,1,"A sheriff","Emeralds",36,"Female",1
"51","3",35,7,2,0.3,1,0,"A sheriff","Emeralds",36,"Female",1
"51","3",36,42,1,0.7,0,0,"A sheriff","Emeralds",36,"Female",1
"51","3",37,8,1,0.7,1,0,"A sheriff","Emeralds",36,"Female",1
"51","3",38,63,2,0.3,0,1,"A sheriff","Emeralds",36,"Female",1
"51","3",39,71,2,0.3,0,0,"A sheriff","Emeralds",36,"Female",1
"51","3",40,16,1,0.7,0,0,"A sheriff","Emeralds",36,"Female",1
"51","3",41,72,2,0.3,0,0,"A sheriff","Emeralds",36,"Female",1
"51","3",42,100,2,0.3,0,0,"A sheriff","Emeralds",36,"Female",1
"51","3",43,45,1,0.7,1,1,"A sheriff","Emeralds",36,"Female",1
"51","3",44,68,1,0.7,0,1,"A sheriff","Emeralds",36,"Female",1
"51","3",45,27,1,0.7,1,0,"A sheriff","Emeralds",36,"Female",1
"51","3",46,89,2,0.3,0,0,"A sheriff","Emeralds",36,"Female",1
"51","3",47,62,1,0.7,0,0,"A sheriff","Emeralds",36,"Female",1
"51","3",48,71,2,0.3,0,0,"A sheriff","Emeralds",36,"Female",1
"51","3",49,28,2,0.3,1,1,"A sheriff","Emeralds",36,"Female",1
"51","3",50,13,2,0.3,1,0,"A sheriff","Emeralds",36,"Female",1
"52","3",1,71,2,0.7,1,0,"A sheriff","Emeralds",50,"Female",1
"52","3",2,74,2,0.7,1,0,"A sheriff","Emeralds",50,"Female",1
"52","3",3,17,1,0.3,0,0,"A sheriff","Emeralds",50,"Female",1
"52","3",4,83,2,0.7,1,1,"A sheriff","Emeralds",50,"Female",1
"52","3",5,14,2,0.7,0,0,"A sheriff","Emeralds",50,"Female",1
"52","3",6,4,1,0.3,0,0,"A sheriff","Emeralds",50,"Female",1
"52","3",7,13,2,0.7,0,1,"A sheriff","Emeralds",50,"Female",1
"52","3",8,8,1,0.3,0,0,"A sheriff","Emeralds",50,"Female",1
"52","3",9,83,1,0.3,1,1,"A sheriff","Emeralds",50,"Female",1
"52","3",10,87,2,0.7,1,0,"A sheriff","Emeralds",50,"Female",1
"52","3",11,93,2,0.7,1,0,"A sheriff","Emeralds",50,"Female",1
"52","3",12,8,1,0.3,0,0,"A sheriff","Emeralds",50,"Female",1
"52","3",13,21,2,0.7,0,1,"A sheriff","Emeralds",50,"Female",1
"52","3",14,11,1,0.3,0,0,"A sheriff","Emeralds",50,"Female",1
"52","3",15,90,2,0.7,1,0,"A sheriff","Emeralds",50,"Female",1
"52","3",16,94,2,0.7,1,0,"A sheriff","Emeralds",50,"Female",1
"52","3",17,3,2,0.7,0,1,"A sheriff","Emeralds",50,"Female",1
"52","3",18,85,1,0.3,1,1,"A sheriff","Emeralds",50,"Female",1
"52","3",19,93,1,0.3,1,0,"A sheriff","Emeralds",50,"Female",1
"52","3",20,87,1,0.3,1,0,"A sheriff","Emeralds",50,"Female",1
"52","3",21,2,1,0.3,0,0,"A sheriff","Emeralds",50,"Female",1
"52","3",22,87,2,0.7,1,0,"A sheriff","Emeralds",50,"Female",1
"52","3",23,80,2,0.7,1,0,"A sheriff","Emeralds",50,"Female",1
"52","3",24,86,2,0.7,1,0,"A sheriff","Emeralds",50,"Female",1
"52","3",25,9,1,0.3,0,0,"A sheriff","Emeralds",50,"Female",1
"52","3",26,92,2,0.7,1,0,"A sheriff","Emeralds",50,"Female",1
"52","3",27,12,2,0.7,0,0,"A sheriff","Emeralds",50,"Female",1
"52","3",28,85,1,0.3,1,1,"A sheriff","Emeralds",50,"Female",1
"52","3",29,91,2,0.7,1,0,"A sheriff","Emeralds",50,"Female",1
"52","3",30,92,1,0.3,1,0,"A sheriff","Emeralds",50,"Female",1
"52","3",31,15,1,0.3,0,0,"A sheriff","Emeralds",50,"Female",1
"52","3",32,82,2,0.7,1,0,"A sheriff","Emeralds",50,"Female",1
"52","3",33,10,2,0.7,0,0,"A sheriff","Emeralds",50,"Female",1
"52","3",34,5,2,0.7,0,1,"A sheriff","Emeralds",50,"Female",1
"52","3",35,85,1,0.3,1,0,"A sheriff","Emeralds",50,"Female",1
"52","3",36,18,1,0.3,0,0,"A sheriff","Emeralds",50,"Female",1
"52","3",37,10,2,0.7,0,1,"A sheriff","Emeralds",50,"Female",1
"52","3",38,89,1,0.3,1,1,"A sheriff","Emeralds",50,"Female",1
"52","3",39,9,1,0.3,0,0,"A sheriff","Emeralds",50,"Female",1
"52","3",40,80,2,0.7,1,0,"A sheriff","Emeralds",50,"Female",1
"52","3",41,87,2,0.7,1,0,"A sheriff","Emeralds",50,"Female",1
"52","3",42,89,2,0.7,1,0,"A sheriff","Emeralds",50,"Female",1
"52","3",43,8,2,0.7,0,1,"A sheriff","Emeralds",50,"Female",1
"52","3",44,16,1,0.3,0,0,"A sheriff","Emeralds",50,"Female",1
"52","3",45,84,2,0.7,1,1,"A sheriff","Emeralds",50,"Female",1
"52","3",46,77,2,0.7,1,0,"A sheriff","Emeralds",50,"Female",1
"52","3",47,8,2,0.7,0,1,"A sheriff","Emeralds",50,"Female",1
"52","3",48,82,1,0.3,1,1,"A sheriff","Emeralds",50,"Female",1
"52","3",49,85,1,0.3,1,0,"A sheriff","Emeralds",50,"Female",1
"52","3",50,86,1,0.3,1,1,"A sheriff","Emeralds",50,"Female",1
"53","3",1,6,2,0.7,1,0,"A sheriff","Emeralds",45,"Female",1
"53","3",2,0,2,0.7,1,1,"A sheriff","Emeralds",45,"Female",1
"53","3",3,0,2,0.7,1,1,"A sheriff","Emeralds",45,"Female",1
"53","3",4,0,2,0.7,1,1,"A sheriff","Emeralds",45,"Female",1
"53","3",5,24,1,0.3,0,1,"A sheriff","Emeralds",45,"Female",1
"53","3",6,1,2,0.7,1,0,"A sheriff","Emeralds",45,"Female",1
"53","3",7,89,2,0.7,0,0,"A sheriff","Emeralds",45,"Female",1
"53","3",8,0,2,0.7,1,0,"A sheriff","Emeralds",45,"Female",1
"53","3",9,0,2,0.7,1,0,"A sheriff","Emeralds",45,"Female",1
"53","3",10,67,2,0.7,0,1,"A sheriff","Emeralds",45,"Female",1
"53","3",11,0,2,0.7,1,0,"A sheriff","Emeralds",45,"Female",1
"53","3",12,74,1,0.3,1,1,"A sheriff","Emeralds",45,"Female",1
"53","3",13,0,2,0.7,1,0,"A sheriff","Emeralds",45,"Female",1
"53","3",14,0,2,0.7,1,0,"A sheriff","Emeralds",45,"Female",1
"53","3",15,0,2,0.7,1,1,"A sheriff","Emeralds",45,"Female",1
"53","3",16,0,2,0.7,1,1,"A sheriff","Emeralds",45,"Female",1
"53","3",17,0,2,0.7,1,0,"A sheriff","Emeralds",45,"Female",1
"53","3",18,0,2,0.7,1,0,"A sheriff","Emeralds",45,"Female",1
"53","3",19,0,2,0.7,0,1,"A sheriff","Emeralds",45,"Female",1
"53","3",20,0,2,0.7,1,0,"A sheriff","Emeralds",45,"Female",1
"53","3",21,0,2,0.7,1,0,"A sheriff","Emeralds",45,"Female",1
"53","3",22,0,2,0.7,0,1,"A sheriff","Emeralds",45,"Female",1
"53","3",23,0,2,0.7,1,0,"A sheriff","Emeralds",45,"Female",1
"53","3",24,0,2,0.7,1,0,"A sheriff","Emeralds",45,"Female",1
"53","3",25,0,2,0.7,0,0,"A sheriff","Emeralds",45,"Female",1
"53","3",26,0,2,0.7,1,0,"A sheriff","Emeralds",45,"Female",1
"53","3",27,0,2,0.7,0,0,"A sheriff","Emeralds",45,"Female",1
"53","3",28,0,2,0.7,1,0,"A sheriff","Emeralds",45,"Female",1
"53","3",29,0,2,0.7,1,0,"A sheriff","Emeralds",45,"Female",1
"53","3",30,0,2,0.7,0,0,"A sheriff","Emeralds",45,"Female",1
"53","3",31,0,2,0.7,1,0,"A sheriff","Emeralds",45,"Female",1
"53","3",32,0,2,0.7,1,0,"A sheriff","Emeralds",45,"Female",1
"53","3",33,0,2,0.7,1,0,"A sheriff","Emeralds",45,"Female",1
"53","3",34,0,2,0.7,0,0,"A sheriff","Emeralds",45,"Female",1
"53","3",35,0,2,0.7,0,1,"A sheriff","Emeralds",45,"Female",1
"53","3",36,0,2,0.7,1,0,"A sheriff","Emeralds",45,"Female",1
"53","3",37,0,2,0.7,0,0,"A sheriff","Emeralds",45,"Female",1
"53","3",38,0,2,0.7,1,0,"A sheriff","Emeralds",45,"Female",1
"53","3",39,0,2,0.7,1,0,"A sheriff","Emeralds",45,"Female",1
"53","3",40,0,2,0.7,1,1,"A sheriff","Emeralds",45,"Female",1
"53","3",41,0,2,0.7,0,0,"A sheriff","Emeralds",45,"Female",1
"53","3",42,0,2,0.7,1,0,"A sheriff","Emeralds",45,"Female",1
"53","3",43,1,1,0.3,0,0,"A sheriff","Emeralds",45,"Female",1
"53","3",44,0,2,0.7,1,0,"A sheriff","Emeralds",45,"Female",1
"53","3",45,0,2,0.7,0,1,"A sheriff","Emeralds",45,"Female",1
"53","3",46,0,2,0.7,1,0,"A sheriff","Emeralds",45,"Female",1
"53","3",47,0,2,0.7,1,0,"A sheriff","Emeralds",45,"Female",1
"53","3",48,0,2,0.7,0,1,"A sheriff","Emeralds",45,"Female",1
"53","3",49,0,2,0.7,0,0,"A sheriff","Emeralds",45,"Female",1
"53","3",50,0,2,0.7,1,1,"A sheriff","Emeralds",45,"Female",1
"54","1",1,53,1,0.7,0,1,"A bandit","Emeralds",45,"Female",1
"54","1",2,72,2,0.3,0,0,"A bandit","Emeralds",45,"Female",1
"54","1",3,23,2,0.3,1,0,"A bandit","Emeralds",45,"Female",1
"54","1",4,56,2,0.3,0,1,"A bandit","Emeralds",45,"Female",1
"54","1",5,37,1,0.7,1,0,"A bandit","Emeralds",45,"Female",1
"54","1",6,38,1,0.7,1,0,"A bandit","Emeralds",45,"Female",1
"54","1",7,80,1,0.7,0,1,"A bandit","Emeralds",45,"Female",1
"54","1",8,70,1,0.7,0,0,"A bandit","Emeralds",45,"Female",1
"54","1",9,69,1,0.7,0,1,"A bandit","Emeralds",45,"Female",1
"54","1",10,69,2,0.3,0,1,"A bandit","Emeralds",45,"Female",1
"54","1",11,62,1,0.7,0,0,"A bandit","Emeralds",45,"Female",1
"54","1",12,24,1,0.7,1,0,"A bandit","Emeralds",45,"Female",1
"54","1",13,32,1,0.7,1,0,"A bandit","Emeralds",45,"Female",1
"54","1",14,28,1,0.7,1,0,"A bandit","Emeralds",45,"Female",1
"54","1",15,21,1,0.7,1,0,"A bandit","Emeralds",45,"Female",1
"54","1",16,75,1,0.7,0,1,"A bandit","Emeralds",45,"Female",1
"54","1",17,28,1,0.7,1,0,"A bandit","Emeralds",45,"Female",1
"54","1",18,66,1,0.7,0,1,"A bandit","Emeralds",45,"Female",1
"54","1",19,19,2,0.3,1,0,"A bandit","Emeralds",45,"Female",1
"54","1",20,65,2,0.3,0,0,"A bandit","Emeralds",45,"Female",1
"54","1",21,61,1,0.7,0,1,"A bandit","Emeralds",45,"Female",1
"54","1",22,66,1,0.7,0,0,"A bandit","Emeralds",45,"Female",1
"54","1",23,59,2,0.3,0,0,"A bandit","Emeralds",45,"Female",1
"54","1",24,25,1,0.7,1,0,"A bandit","Emeralds",45,"Female",1
"54","1",25,57,1,0.7,0,0,"A bandit","Emeralds",45,"Female",1
"54","1",26,21,1,0.7,1,0,"A bandit","Emeralds",45,"Female",1
"54","1",27,58,1,0.7,0,1,"A bandit","Emeralds",45,"Female",1
"54","1",28,22,1,0.7,1,0,"A bandit","Emeralds",45,"Female",1
"54","1",29,19,1,0.7,0,1,"A bandit","Emeralds",45,"Female",1
"54","1",30,64,1,0.7,0,0,"A bandit","Emeralds",45,"Female",1
"54","1",31,23,1,0.7,1,0,"A bandit","Emeralds",45,"Female",1
"54","1",32,22,1,0.7,1,0,"A bandit","Emeralds",45,"Female",1
"54","1",33,23,1,0.7,1,0,"A bandit","Emeralds",45,"Female",1
"54","1",34,65,1,0.7,0,0,"A bandit","Emeralds",45,"Female",1
"54","1",35,62,1,0.7,0,1,"A bandit","Emeralds",45,"Female",1
"54","1",36,23,1,0.7,1,0,"A bandit","Emeralds",45,"Female",1
"54","1",37,23,1,0.7,1,0,"A bandit","Emeralds",45,"Female",1
"54","1",38,69,1,0.7,0,1,"A bandit","Emeralds",45,"Female",1
"54","1",39,20,1,0.7,1,0,"A bandit","Emeralds",45,"Female",1
"54","1",40,20,1,0.7,1,0,"A bandit","Emeralds",45,"Female",1
"54","1",41,61,1,0.7,0,1,"A bandit","Emeralds",45,"Female",1
"54","1",42,22,1,0.7,1,0,"A bandit","Emeralds",45,"Female",1
"54","1",43,21,1,0.7,1,0,"A bandit","Emeralds",45,"Female",1
"54","1",44,19,1,0.7,1,0,"A bandit","Emeralds",45,"Female",1
"54","1",45,19,1,0.7,1,0,"A bandit","Emeralds",45,"Female",1
"54","1",46,20,1,0.7,1,0,"A bandit","Emeralds",45,"Female",1
"54","1",47,66,1,0.7,0,1,"A bandit","Emeralds",45,"Female",1
"54","1",48,63,1,0.7,0,1,"A bandit","Emeralds",45,"Female",1
"54","1",49,64,1,0.7,0,0,"A bandit","Emeralds",45,"Female",1
"54","1",50,21,1,0.7,1,0,"A bandit","Emeralds",45,"Female",1
"55","2",1,19,1,0.7,0,0,"A tycoon","Emeralds",36,"Male",1
"55","2",2,73,1,0.7,1,0,"A tycoon","Emeralds",36,"Male",1
"55","2",3,57,1,0.7,1,0,"A tycoon","Emeralds",36,"Male",1
"55","2",4,31,1,0.7,0,0,"A tycoon","Emeralds",36,"Male",1
"55","2",5,68,1,0.7,1,1,"A tycoon","Emeralds",36,"Male",1
"55","2",6,53,1,0.7,1,0,"A tycoon","Emeralds",36,"Male",1
"55","2",7,27,1,0.7,1,1,"A tycoon","Emeralds",36,"Male",1
"55","2",8,17,1,0.7,1,0,"A tycoon","Emeralds",36,"Male",1
"55","2",9,13,1,0.7,1,0,"A tycoon","Emeralds",36,"Male",1
"55","2",10,18,1,0.7,1,1,"A tycoon","Emeralds",36,"Male",1
"55","2",11,9,1,0.7,1,0,"A tycoon","Emeralds",36,"Male",1
"55","2",12,12,1,0.7,1,0,"A tycoon","Emeralds",36,"Male",1
"55","2",13,11,1,0.7,1,1,"A tycoon","Emeralds",36,"Male",1
"55","2",14,14,1,0.7,1,0,"A tycoon","Emeralds",36,"Male",1
"55","2",15,8,1,0.7,1,1,"A tycoon","Emeralds",36,"Male",1
"55","2",16,16,1,0.7,1,0,"A tycoon","Emeralds",36,"Male",1
"55","2",17,12,1,0.7,1,0,"A tycoon","Emeralds",36,"Male",1
"55","2",18,5,1,0.7,0,0,"A tycoon","Emeralds",36,"Male",1
"55","2",19,14,1,0.7,1,1,"A tycoon","Emeralds",36,"Male",1
"55","2",20,10,1,0.7,0,0,"A tycoon","Emeralds",36,"Male",1
"55","2",21,11,1,0.7,1,0,"A tycoon","Emeralds",36,"Male",1
"55","2",22,8,1,0.7,0,0,"A tycoon","Emeralds",36,"Male",1
"55","2",23,9,1,0.7,1,0,"A tycoon","Emeralds",36,"Male",1
"55","2",24,15,1,0.7,1,1,"A tycoon","Emeralds",36,"Male",1
"55","2",25,12,1,0.7,1,0,"A tycoon","Emeralds",36,"Male",1
"55","2",26,9,1,0.7,1,1,"A tycoon","Emeralds",36,"Male",1
"55","2",27,9,1,0.7,1,0,"A tycoon","Emeralds",36,"Male",1
"55","2",28,8,1,0.7,1,0,"A tycoon","Emeralds",36,"Male",1
"55","2",29,10,1,0.7,1,1,"A tycoon","Emeralds",36,"Male",1
"55","2",30,8,1,0.7,1,0,"A tycoon","Emeralds",36,"Male",1
"55","2",31,15,1,0.7,0,0,"A tycoon","Emeralds",36,"Male",1
"55","2",32,11,1,0.7,1,0,"A tycoon","Emeralds",36,"Male",1
"55","2",33,11,1,0.7,1,0,"A tycoon","Emeralds",36,"Male",1
"55","2",34,3,1,0.7,1,1,"A tycoon","Emeralds",36,"Male",1
"55","2",35,17,1,0.7,0,0,"A tycoon","Emeralds",36,"Male",1
"55","2",36,1,1,0.7,1,0,"A tycoon","Emeralds",36,"Male",1
"55","2",37,1,1,0.7,1,0,"A tycoon","Emeralds",36,"Male",1
"55","2",38,2,1,0.7,1,1,"A tycoon","Emeralds",36,"Male",1
"55","2",39,1,1,0.7,1,0,"A tycoon","Emeralds",36,"Male",1
"55","2",40,2,1,0.7,1,0,"A tycoon","Emeralds",36,"Male",1
"55","2",41,1,1,0.7,1,0,"A tycoon","Emeralds",36,"Male",1
"55","2",42,3,1,0.7,0,0,"A tycoon","Emeralds",36,"Male",1
"55","2",43,2,1,0.7,1,1,"A tycoon","Emeralds",36,"Male",1
"55","2",44,1,1,0.7,1,1,"A tycoon","Emeralds",36,"Male",1
"55","2",45,0,1,0.7,1,0,"A tycoon","Emeralds",36,"Male",1
"55","2",46,0,1,0.7,1,0,"A tycoon","Emeralds",36,"Male",1
"55","2",47,0,1,0.7,0,0,"A tycoon","Emeralds",36,"Male",1
"55","2",48,0,1,0.7,1,0,"A tycoon","Emeralds",36,"Male",1
"55","2",49,0,1,0.7,1,1,"A tycoon","Emeralds",36,"Male",1
"55","2",50,0,1,0.7,1,1,"A tycoon","Emeralds",36,"Male",1
"56","1",1,35,2,0.3,0,0,"A bandit","Emeralds",25,"Male",1
"56","1",2,73,1,0.7,0,1,"A bandit","Emeralds",25,"Male",1
"56","1",3,30,1,0.7,1,0,"A bandit","Emeralds",25,"Male",1
"56","1",4,19,1,0.7,1,0,"A bandit","Emeralds",25,"Male",1
"56","1",5,69,1,0.7,0,0,"A bandit","Emeralds",25,"Male",1
"56","1",6,65,2,0.3,0,0,"A bandit","Emeralds",25,"Male",1
"56","1",7,38,1,0.7,1,0,"A bandit","Emeralds",25,"Male",1
"56","1",8,67,1,0.7,0,1,"A bandit","Emeralds",25,"Male",1
"56","1",9,38,2,0.3,0,0,"A bandit","Emeralds",25,"Male",1
"56","1",10,77,1,0.7,0,1,"A bandit","Emeralds",25,"Male",1
"56","1",11,46,1,0.7,1,0,"A bandit","Emeralds",25,"Male",1
"56","1",12,63,1,0.7,0,0,"A bandit","Emeralds",25,"Male",1
"56","1",13,38,1,0.7,1,0,"A bandit","Emeralds",25,"Male",1
"56","1",14,47,2,0.3,0,0,"A bandit","Emeralds",25,"Male",1
"56","1",15,11,2,0.3,0,1,"A bandit","Emeralds",25,"Male",1
"56","1",16,9,2,0.3,0,0,"A bandit","Emeralds",25,"Male",1
"56","1",17,72,1,0.7,0,0,"A bandit","Emeralds",25,"Male",1
"56","1",18,67,1,0.7,0,1,"A bandit","Emeralds",25,"Male",1
"56","1",19,41,1,0.7,1,0,"A bandit","Emeralds",25,"Male",1
"56","1",20,23,1,0.7,1,0,"A bandit","Emeralds",25,"Male",1
"56","1",21,32,1,0.7,1,0,"A bandit","Emeralds",25,"Male",1
"56","1",22,29,1,0.7,1,0,"A bandit","Emeralds",25,"Male",1
"56","1",23,28,1,0.7,1,0,"A bandit","Emeralds",25,"Male",1
"56","1",24,59,1,0.7,0,1,"A bandit","Emeralds",25,"Male",1
"56","1",25,80,2,0.3,1,0,"A bandit","Emeralds",25,"Male",1
"56","1",26,36,2,0.3,0,1,"A bandit","Emeralds",25,"Male",1
"56","1",27,19,2,0.3,0,0,"A bandit","Emeralds",25,"Male",1
"56","1",28,24,2,0.3,0,1,"A bandit","Emeralds",25,"Male",1
"56","1",29,70,1,0.7,0,0,"A bandit","Emeralds",25,"Male",1
"56","1",30,24,1,0.7,1,0,"A bandit","Emeralds",25,"Male",1
"56","1",31,81,1,0.7,0,1,"A bandit","Emeralds",25,"Male",1
"56","1",32,24,1,0.7,1,0,"A bandit","Emeralds",25,"Male",1
"56","1",33,81,1,0.7,0,1,"A bandit","Emeralds",25,"Male",1
"56","1",34,23,1,0.7,1,0,"A bandit","Emeralds",25,"Male",1
"56","1",35,84,1,0.7,0,0,"A bandit","Emeralds",25,"Male",1
"56","1",36,83,1,0.7,0,0,"A bandit","Emeralds",25,"Male",1
"56","1",37,82,1,0.7,0,1,"A bandit","Emeralds",25,"Male",1
"56","1",38,24,1,0.7,1,0,"A bandit","Emeralds",25,"Male",1
"56","1",39,83,1,0.7,0,1,"A bandit","Emeralds",25,"Male",1
"56","1",40,24,1,0.7,1,0,"A bandit","Emeralds",25,"Male",1
"56","1",41,83,1,0.7,0,1,"A bandit","Emeralds",25,"Male",1
"56","1",42,24,1,0.7,1,0,"A bandit","Emeralds",25,"Male",1
"56","1",43,24,1,0.7,1,0,"A bandit","Emeralds",25,"Male",1
"56","1",44,82,1,0.7,0,0,"A bandit","Emeralds",25,"Male",1
"56","1",45,83,1,0.7,0,1,"A bandit","Emeralds",25,"Male",1
"56","1",46,24,1,0.7,1,0,"A bandit","Emeralds",25,"Male",1
"56","1",47,25,1,0.7,1,0,"A bandit","Emeralds",25,"Male",1
"56","1",48,82,1,0.7,0,0,"A bandit","Emeralds",25,"Male",1
"56","1",49,23,2,0.3,0,1,"A bandit","Emeralds",25,"Male",1
"56","1",50,81,1,0.7,0,0,"A bandit","Emeralds",25,"Male",1
"57","1",1,77,1,0.3,0,1,"A bandit","Emeralds",23,"Male",1
"57","1",2,69,2,0.7,0,1,"A bandit","Emeralds",23,"Male",1
"57","1",3,23,1,0.3,0,1,"A bandit","Emeralds",23,"Male",1
"57","1",4,9,1,0.3,0,0,"A bandit","Emeralds",23,"Male",1
"57","1",5,69,2,0.7,0,1,"A bandit","Emeralds",23,"Male",1
"57","1",6,88,2,0.7,1,0,"A bandit","Emeralds",23,"Male",1
"57","1",7,79,2,0.7,0,1,"A bandit","Emeralds",23,"Male",1
"57","1",8,36,2,0.7,1,0,"A bandit","Emeralds",23,"Male",1
"57","1",9,79,2,0.7,0,1,"A bandit","Emeralds",23,"Male",1
"57","1",10,39,2,0.7,1,0,"A bandit","Emeralds",23,"Male",1
"57","1",11,55,2,0.7,1,0,"A bandit","Emeralds",23,"Male",1
"57","1",12,100,2,0.7,0,0,"A bandit","Emeralds",23,"Male",1
"57","1",13,40,2,0.7,1,0,"A bandit","Emeralds",23,"Male",1
"57","1",14,15,2,0.7,0,0,"A bandit","Emeralds",23,"Male",1
"57","1",15,22,2,0.7,0,1,"A bandit","Emeralds",23,"Male",1
"57","1",16,32,2,0.7,1,0,"A bandit","Emeralds",23,"Male",1
"57","1",17,32,2,0.7,1,0,"A bandit","Emeralds",23,"Male",1
"57","1",18,27,2,0.7,1,0,"A bandit","Emeralds",23,"Male",1
"57","1",19,24,2,0.7,0,0,"A bandit","Emeralds",23,"Male",1
"57","1",20,78,2,0.7,0,1,"A bandit","Emeralds",23,"Male",1
"57","1",21,28,2,0.7,0,1,"A bandit","Emeralds",23,"Male",1
"57","1",22,36,2,0.7,1,0,"A bandit","Emeralds",23,"Male",1
"57","1",23,29,2,0.7,0,0,"A bandit","Emeralds",23,"Male",1
"57","1",24,21,1,0.3,0,0,"A bandit","Emeralds",23,"Male",1
"57","1",25,17,1,0.3,0,0,"A bandit","Emeralds",23,"Male",1
"57","1",26,5,1,0.3,0,0,"A bandit","Emeralds",23,"Male",1
"57","1",27,25,1,0.3,1,0,"A bandit","Emeralds",23,"Male",1
"57","1",28,13,1,0.3,0,0,"A bandit","Emeralds",23,"Male",1
"57","1",29,28,2,0.7,1,0,"A bandit","Emeralds",23,"Male",1
"57","1",30,22,2,0.7,1,0,"A bandit","Emeralds",23,"Male",1
"57","1",31,23,2,0.7,0,1,"A bandit","Emeralds",23,"Male",1
"57","1",32,67,2,0.7,0,1,"A bandit","Emeralds",23,"Male",1
"57","1",33,8,2,0.7,1,0,"A bandit","Emeralds",23,"Male",1
"57","1",34,16,2,0.7,0,1,"A bandit","Emeralds",23,"Male",1
"57","1",35,7,2,0.7,0,1,"A bandit","Emeralds",23,"Male",1
"57","1",36,9,2,0.7,0,0,"A bandit","Emeralds",23,"Male",1
"57","1",37,13,2,0.7,1,0,"A bandit","Emeralds",23,"Male",1
"57","1",38,15,2,0.7,1,0,"A bandit","Emeralds",23,"Male",1
"57","1",39,62,2,0.7,0,1,"A bandit","Emeralds",23,"Male",1
"57","1",40,27,2,0.7,1,0,"A bandit","Emeralds",23,"Male",1
"57","1",41,20,2,0.7,1,0,"A bandit","Emeralds",23,"Male",1
"57","1",42,31,2,0.7,1,0,"A bandit","Emeralds",23,"Male",1
"57","1",43,14,2,0.7,1,0,"A bandit","Emeralds",23,"Male",1
"57","1",44,10,2,0.7,1,0,"A bandit","Emeralds",23,"Male",1
"57","1",45,87,2,0.7,0,1,"A bandit","Emeralds",23,"Male",1
"57","1",46,17,2,0.7,1,0,"A bandit","Emeralds",23,"Male",1
"57","1",47,18,2,0.7,1,0,"A bandit","Emeralds",23,"Male",1
"57","1",48,18,2,0.7,1,0,"A bandit","Emeralds",23,"Male",1
"57","1",49,10,2,0.7,1,0,"A bandit","Emeralds",23,"Male",1
"57","1",50,6,2,0.7,1,0,"A bandit","Emeralds",23,"Male",1
"58","1",1,0,1,0.7,1,0,"A bandit","Emeralds",34,"Female",1
"58","1",2,0,1,0.7,0,1,"A bandit","Emeralds",34,"Female",1
"58","1",3,0,1,0.7,1,0,"A bandit","Emeralds",34,"Female",1
"58","1",4,0,2,0.3,1,0,"A bandit","Emeralds",34,"Female",1
"58","1",5,0,2,0.3,0,1,"A bandit","Emeralds",34,"Female",1
"58","1",6,0,1,0.7,0,1,"A bandit","Emeralds",34,"Female",1
"58","1",7,0,2,0.3,0,0,"A bandit","Emeralds",34,"Female",1
"58","1",8,0,2,0.3,0,0,"A bandit","Emeralds",34,"Female",1
"58","1",9,0,1,0.7,1,0,"A bandit","Emeralds",34,"Female",1
"58","1",10,0,1,0.7,1,0,"A bandit","Emeralds",34,"Female",1
"58","1",11,0,1,0.7,0,1,"A bandit","Emeralds",34,"Female",1
"58","1",12,0,2,0.3,0,0,"A bandit","Emeralds",34,"Female",1
"58","1",13,0,2,0.3,1,0,"A bandit","Emeralds",34,"Female",1
"58","1",14,0,2,0.3,1,0,"A bandit","Emeralds",34,"Female",1
"58","1",15,0,2,0.3,0,0,"A bandit","Emeralds",34,"Female",1
"58","1",16,0,2,0.3,0,0,"A bandit","Emeralds",34,"Female",1
"58","1",17,0,1,0.7,1,0,"A bandit","Emeralds",34,"Female",1
"58","1",18,0,1,0.7,0,1,"A bandit","Emeralds",34,"Female",1
"58","1",19,0,1,0.7,1,0,"A bandit","Emeralds",34,"Female",1
"58","1",20,0,1,0.7,0,1,"A bandit","Emeralds",34,"Female",1
"58","1",21,0,1,0.7,1,0,"A bandit","Emeralds",34,"Female",1
"58","1",22,1,1,0.7,0,1,"A bandit","Emeralds",34,"Female",1
"58","1",23,0,1,0.7,1,0,"A bandit","Emeralds",34,"Female",1
"58","1",24,0,1,0.7,1,0,"A bandit","Emeralds",34,"Female",1
"58","1",25,0,1,0.7,1,0,"A bandit","Emeralds",34,"Female",1
"58","1",26,0,1,0.7,0,1,"A bandit","Emeralds",34,"Female",1
"58","1",27,0,1,0.7,1,0,"A bandit","Emeralds",34,"Female",1
"58","1",28,0,1,0.7,1,0,"A bandit","Emeralds",34,"Female",1
"58","1",29,0,1,0.7,0,1,"A bandit","Emeralds",34,"Female",1
"58","1",30,0,1,0.7,0,1,"A bandit","Emeralds",34,"Female",1
"58","1",31,0,1,0.7,0,1,"A bandit","Emeralds",34,"Female",1
"58","1",32,0,1,0.7,1,0,"A bandit","Emeralds",34,"Female",1
"58","1",33,1,1,0.7,1,0,"A bandit","Emeralds",34,"Female",1
"58","1",34,0,1,0.7,1,0,"A bandit","Emeralds",34,"Female",1
"58","1",35,0,1,0.7,1,0,"A bandit","Emeralds",34,"Female",1
"58","1",36,0,1,0.7,1,0,"A bandit","Emeralds",34,"Female",1
"58","1",37,0,1,0.7,0,0,"A bandit","Emeralds",34,"Female",1
"58","1",38,0,1,0.7,0,0,"A bandit","Emeralds",34,"Female",1
"58","1",39,1,1,0.7,1,0,"A bandit","Emeralds",34,"Female",1
"58","1",40,0,1,0.7,1,0,"A bandit","Emeralds",34,"Female",1
"58","1",41,0,1,0.7,1,0,"A bandit","Emeralds",34,"Female",1
"58","1",42,0,1,0.7,1,0,"A bandit","Emeralds",34,"Female",1
"58","1",43,0,1,0.7,1,0,"A bandit","Emeralds",34,"Female",1
"58","1",44,0,1,0.7,1,0,"A bandit","Emeralds",34,"Female",1
"58","1",45,0,1,0.7,1,0,"A bandit","Emeralds",34,"Female",1
"58","1",46,0,1,0.7,1,0,"A bandit","Emeralds",34,"Female",1
"58","1",47,1,1,0.7,0,1,"A bandit","Emeralds",34,"Female",1
"58","1",48,0,1,0.7,0,1,"A bandit","Emeralds",34,"Female",1
"58","1",49,0,1,0.7,0,1,"A bandit","Emeralds",34,"Female",1
"58","1",50,0,1,0.7,0,1,"A bandit","Emeralds",34,"Female",1
"59","3",1,13,1,0.7,1,0,"A sheriff","Emeralds",37,"Male",1
"59","3",2,20,1,0.7,1,0,"A sheriff","Emeralds",37,"Male",1
"59","3",3,18,1,0.7,1,0,"A sheriff","Emeralds",37,"Male",1
"59","3",4,26,1,0.7,1,1,"A sheriff","Emeralds",37,"Male",1
"59","3",5,22,1,0.7,1,1,"A sheriff","Emeralds",37,"Male",1
"59","3",6,13,1,0.7,1,0,"A sheriff","Emeralds",37,"Male",1
"59","3",7,15,1,0.7,1,0,"A sheriff","Emeralds",37,"Male",1
"59","3",8,17,1,0.7,0,0,"A sheriff","Emeralds",37,"Male",1
"59","3",9,15,1,0.7,1,0,"A sheriff","Emeralds",37,"Male",1
"59","3",10,16,1,0.7,1,0,"A sheriff","Emeralds",37,"Male",1
"59","3",11,16,1,0.7,1,0,"A sheriff","Emeralds",37,"Male",1
"59","3",12,17,1,0.7,1,0,"A sheriff","Emeralds",37,"Male",1
"59","3",13,14,1,0.7,1,0,"A sheriff","Emeralds",37,"Male",1
"59","3",14,16,1,0.7,1,0,"A sheriff","Emeralds",37,"Male",1
"59","3",15,19,1,0.7,1,1,"A sheriff","Emeralds",37,"Male",1
"59","3",16,20,1,0.7,1,0,"A sheriff","Emeralds",37,"Male",1
"59","3",17,16,1,0.7,1,0,"A sheriff","Emeralds",37,"Male",1
"59","3",18,35,1,0.7,0,1,"A sheriff","Emeralds",37,"Male",1
"59","3",19,27,1,0.7,1,0,"A sheriff","Emeralds",37,"Male",1
"59","3",20,23,1,0.7,1,0,"A sheriff","Emeralds",37,"Male",1
"59","3",21,20,1,0.7,1,0,"A sheriff","Emeralds",37,"Male",1
"59","3",22,22,1,0.7,1,0,"A sheriff","Emeralds",37,"Male",1
"59","3",23,18,1,0.7,1,0,"A sheriff","Emeralds",37,"Male",1
"59","3",24,20,1,0.7,1,0,"A sheriff","Emeralds",37,"Male",1
"59","3",25,21,1,0.7,1,0,"A sheriff","Emeralds",37,"Male",1
"59","3",26,23,1,0.7,0,1,"A sheriff","Emeralds",37,"Male",1
"59","3",27,22,1,0.7,1,0,"A sheriff","Emeralds",37,"Male",1
"59","3",28,27,1,0.7,0,1,"A sheriff","Emeralds",37,"Male",1
"59","3",29,22,1,0.7,1,0,"A sheriff","Emeralds",37,"Male",1
"59","3",30,23,1,0.7,1,0,"A sheriff","Emeralds",37,"Male",1
"59","3",31,26,1,0.7,1,0,"A sheriff","Emeralds",37,"Male",1
"59","3",32,25,1,0.7,0,0,"A sheriff","Emeralds",37,"Male",1
"59","3",33,23,1,0.7,0,0,"A sheriff","Emeralds",37,"Male",1
"59","3",34,23,1,0.7,1,1,"A sheriff","Emeralds",37,"Male",1
"59","3",35,29,1,0.7,0,1,"A sheriff","Emeralds",37,"Male",1
"59","3",36,31,1,0.7,0,1,"A sheriff","Emeralds",37,"Male",1
"59","3",37,25,1,0.7,1,1,"A sheriff","Emeralds",37,"Male",1
"59","3",38,40,1,0.7,0,1,"A sheriff","Emeralds",37,"Male",1
"59","3",39,26,2,0.3,0,0,"A sheriff","Emeralds",37,"Male",1
"59","3",40,24,1,0.7,1,0,"A sheriff","Emeralds",37,"Male",1
"59","3",41,36,1,0.7,0,0,"A sheriff","Emeralds",37,"Male",1
"59","3",42,28,2,0.3,0,0,"A sheriff","Emeralds",37,"Male",1
"59","3",43,22,1,0.7,1,0,"A sheriff","Emeralds",37,"Male",1
"59","3",44,27,1,0.7,1,0,"A sheriff","Emeralds",37,"Male",1
"59","3",45,26,1,0.7,1,1,"A sheriff","Emeralds",37,"Male",1
"59","3",46,26,1,0.7,1,1,"A sheriff","Emeralds",37,"Male",1
"59","3",47,44,1,0.7,0,0,"A sheriff","Emeralds",37,"Male",1
"59","3",48,27,1,0.7,0,1,"A sheriff","Emeralds",37,"Male",1
"59","3",49,30,1,0.7,1,1,"A sheriff","Emeralds",37,"Male",1
"59","3",50,25,1,0.7,1,0,"A sheriff","Emeralds",37,"Male",1
"60","3",1,7,2,0.7,0,1,"A sheriff","Emeralds",30,"Female",1
"60","3",2,8,2,0.7,1,0,"A sheriff","Emeralds",30,"Female",1
"60","3",3,9,2,0.7,0,0,"A sheriff","Emeralds",30,"Female",1
"60","3",4,7,2,0.7,0,1,"A sheriff","Emeralds",30,"Female",1
"60","3",5,12,2,0.7,1,1,"A sheriff","Emeralds",30,"Female",1
"60","3",6,10,2,0.7,0,1,"A sheriff","Emeralds",30,"Female",1
"60","3",7,8,2,0.7,1,0,"A sheriff","Emeralds",30,"Female",1
"60","3",8,8,2,0.7,0,1,"A sheriff","Emeralds",30,"Female",1
"60","3",9,12,1,0.3,0,0,"A sheriff","Emeralds",30,"Female",1
"60","3",10,9,2,0.7,0,1,"A sheriff","Emeralds",30,"Female",1
"60","3",11,23,2,0.7,0,0,"A sheriff","Emeralds",30,"Female",1
"60","3",12,3,2,0.7,1,0,"A sheriff","Emeralds",30,"Female",1
"60","3",13,19,2,0.7,0,0,"A sheriff","Emeralds",30,"Female",1
"60","3",14,28,2,0.7,0,0,"A sheriff","Emeralds",30,"Female",1
"60","3",15,33,2,0.7,0,0,"A sheriff","Emeralds",30,"Female",1
"60","3",16,45,2,0.7,0,1,"A sheriff","Emeralds",30,"Female",1
"60","3",17,3,2,0.7,1,0,"A sheriff","Emeralds",30,"Female",1
"60","3",18,27,2,0.7,0,0,"A sheriff","Emeralds",30,"Female",1
"60","3",19,3,2,0.7,1,0,"A sheriff","Emeralds",30,"Female",1
"60","3",20,12,2,0.7,0,1,"A sheriff","Emeralds",30,"Female",1
"60","3",21,4,2,0.7,1,0,"A sheriff","Emeralds",30,"Female",1
"60","3",22,2,2,0.7,1,0,"A sheriff","Emeralds",30,"Female",1
"60","3",23,15,2,0.7,0,1,"A sheriff","Emeralds",30,"Female",1
"60","3",24,11,2,0.7,0,0,"A sheriff","Emeralds",30,"Female",1
"60","3",25,21,2,0.7,0,1,"A sheriff","Emeralds",30,"Female",1
"60","3",26,3,2,0.7,1,0,"A sheriff","Emeralds",30,"Female",1
"60","3",27,7,2,0.7,0,0,"A sheriff","Emeralds",30,"Female",1
"60","3",28,1,2,0.7,1,0,"A sheriff","Emeralds",30,"Female",1
"60","3",29,2,2,0.7,1,0,"A sheriff","Emeralds",30,"Female",1
"60","3",30,6,2,0.7,0,0,"A sheriff","Emeralds",30,"Female",1
"60","3",31,7,2,0.7,0,1,"A sheriff","Emeralds",30,"Female",1
"60","3",32,0,2,0.7,1,0,"A sheriff","Emeralds",30,"Female",1
"60","3",33,2,2,0.7,1,0,"A sheriff","Emeralds",30,"Female",1
"60","3",34,25,2,0.7,1,0,"A sheriff","Emeralds",30,"Female",1
"60","3",35,42,2,0.7,1,0,"A sheriff","Emeralds",30,"Female",1
"60","3",36,55,2,0.7,1,0,"A sheriff","Emeralds",30,"Female",1
"60","3",37,70,2,0.7,1,1,"A sheriff","Emeralds",30,"Female",1
"60","3",38,84,2,0.7,1,1,"A sheriff","Emeralds",30,"Female",1
"60","3",39,50,2,0.7,0,0,"A sheriff","Emeralds",30,"Female",1
"60","3",40,8,2,0.7,1,0,"A sheriff","Emeralds",30,"Female",1
"60","3",41,14,2,0.7,1,0,"A sheriff","Emeralds",30,"Female",1
"60","3",42,16,2,0.7,1,0,"A sheriff","Emeralds",30,"Female",1
"60","3",43,4,2,0.7,0,1,"A sheriff","Emeralds",30,"Female",1
"60","3",44,5,2,0.7,1,1,"A sheriff","Emeralds",30,"Female",1
"60","3",45,4,2,0.7,0,0,"A sheriff","Emeralds",30,"Female",1
"60","3",46,1,2,0.7,1,0,"A sheriff","Emeralds",30,"Female",1
"60","3",47,5,2,0.7,0,0,"A sheriff","Emeralds",30,"Female",1
"60","3",48,3,2,0.7,1,0,"A sheriff","Emeralds",30,"Female",1
"60","3",49,4,2,0.7,1,0,"A sheriff","Emeralds",30,"Female",1
"60","3",50,14,2,0.7,1,0,"A sheriff","Emeralds",30,"Female",1
"61","1",1,86,1,0.7,1,0,"A bandit","Emeralds",35,"Male",1
"61","1",2,80,1,0.7,0,1,"A bandit","Emeralds",35,"Male",1
"61","1",3,81,1,0.7,1,0,"A bandit","Emeralds",35,"Male",1
"61","1",4,60,1,0.7,0,1,"A bandit","Emeralds",35,"Male",1
"61","1",5,87,1,0.7,0,1,"A bandit","Emeralds",35,"Male",1
"61","1",6,72,2,0.3,0,0,"A bandit","Emeralds",35,"Male",1
"61","1",7,68,1,0.7,1,0,"A bandit","Emeralds",35,"Male",1
"61","1",8,70,1,0.7,0,0,"A bandit","Emeralds",35,"Male",1
"61","1",9,43,2,0.3,1,0,"A bandit","Emeralds",35,"Male",1
"61","1",10,75,1,0.7,1,0,"A bandit","Emeralds",35,"Male",1
"61","1",11,66,1,0.7,0,1,"A bandit","Emeralds",35,"Male",1
"61","1",12,78,1,0.7,1,0,"A bandit","Emeralds",35,"Male",1
"61","1",13,79,1,0.7,1,0,"A bandit","Emeralds",35,"Male",1
"61","1",14,69,1,0.7,0,0,"A bandit","Emeralds",35,"Male",1
"61","1",15,77,1,0.7,0,1,"A bandit","Emeralds",35,"Male",1
"61","1",16,64,1,0.7,0,0,"A bandit","Emeralds",35,"Male",1
"61","1",17,79,1,0.7,1,0,"A bandit","Emeralds",35,"Male",1
"61","1",18,71,1,0.7,1,0,"A bandit","Emeralds",35,"Male",1
"61","1",19,74,1,0.7,0,1,"A bandit","Emeralds",35,"Male",1
"61","1",20,74,1,0.7,1,0,"A bandit","Emeralds",35,"Male",1
"61","1",21,73,1,0.7,1,0,"A bandit","Emeralds",35,"Male",1
"61","1",22,65,1,0.7,0,0,"A bandit","Emeralds",35,"Male",1
"61","1",23,78,1,0.7,0,1,"A bandit","Emeralds",35,"Male",1
"61","1",24,71,1,0.7,0,0,"A bandit","Emeralds",35,"Male",1
"61","1",25,92,1,0.7,1,0,"A bandit","Emeralds",35,"Male",1
"61","1",26,77,1,0.7,1,0,"A bandit","Emeralds",35,"Male",1
"61","1",27,69,1,0.7,1,0,"A bandit","Emeralds",35,"Male",1
"61","1",28,74,1,0.7,0,1,"A bandit","Emeralds",35,"Male",1
"61","1",29,76,2,0.3,0,1,"A bandit","Emeralds",35,"Male",1
"61","1",30,76,1,0.7,1,0,"A bandit","Emeralds",35,"Male",1
"61","1",31,82,1,0.7,0,1,"A bandit","Emeralds",35,"Male",1
"61","1",32,71,1,0.7,0,1,"A bandit","Emeralds",35,"Male",1
"61","1",33,81,1,0.7,0,1,"A bandit","Emeralds",35,"Male",1
"61","1",34,72,1,0.7,0,0,"A bandit","Emeralds",35,"Male",1
"61","1",35,75,1,0.7,0,1,"A bandit","Emeralds",35,"Male",1
"61","1",36,68,1,0.7,1,0,"A bandit","Emeralds",35,"Male",1
"61","1",37,76,1,0.7,1,0,"A bandit","Emeralds",35,"Male",1
"61","1",38,67,1,0.7,0,1,"A bandit","Emeralds",35,"Male",1
"61","1",39,65,1,0.7,0,0,"A bandit","Emeralds",35,"Male",1
"61","1",40,80,1,0.7,1,0,"A bandit","Emeralds",35,"Male",1
"61","1",41,77,2,0.3,1,0,"A bandit","Emeralds",35,"Male",1
"61","1",42,76,1,0.7,1,0,"A bandit","Emeralds",35,"Male",1
"61","1",43,72,1,0.7,0,1,"A bandit","Emeralds",35,"Male",1
"61","1",44,76,1,0.7,1,0,"A bandit","Emeralds",35,"Male",1
"61","1",45,80,1,0.7,0,0,"A bandit","Emeralds",35,"Male",1
"61","1",46,77,1,0.7,1,0,"A bandit","Emeralds",35,"Male",1
"61","1",47,70,1,0.7,0,0,"A bandit","Emeralds",35,"Male",1
"61","1",48,78,1,0.7,1,0,"A bandit","Emeralds",35,"Male",1
"61","1",49,65,1,0.7,1,0,"A bandit","Emeralds",35,"Male",1
"61","1",50,68,1,0.7,1,0,"A bandit","Emeralds",35,"Male",1
"62","2",1,63,2,0.7,1,0,"A tycoon","Emeralds",41,"Male",1
"62","2",2,74,2,0.7,1,1,"A tycoon","Emeralds",41,"Male",1
"62","2",3,83,2,0.7,1,1,"A tycoon","Emeralds",41,"Male",1
"62","2",4,26,2,0.7,0,0,"A tycoon","Emeralds",41,"Male",1
"62","2",5,68,2,0.7,1,0,"A tycoon","Emeralds",41,"Male",1
"62","2",6,6,2,0.7,0,0,"A tycoon","Emeralds",41,"Male",1
"62","2",7,88,2,0.7,1,1,"A tycoon","Emeralds",41,"Male",1
"62","2",8,85,2,0.7,1,0,"A tycoon","Emeralds",41,"Male",1
"62","2",9,43,2,0.7,1,1,"A tycoon","Emeralds",41,"Male",1
"62","2",10,1,2,0.7,0,0,"A tycoon","Emeralds",41,"Male",1
"62","2",11,34,2,0.7,1,1,"A tycoon","Emeralds",41,"Male",1
"62","2",12,17,2,0.7,1,1,"A tycoon","Emeralds",41,"Male",1
"62","2",13,8,2,0.7,1,0,"A tycoon","Emeralds",41,"Male",1
"62","2",14,1,2,0.7,1,1,"A tycoon","Emeralds",41,"Male",1
"62","2",15,0,2,0.7,0,0,"A tycoon","Emeralds",41,"Male",1
"62","2",16,0,2,0.7,1,0,"A tycoon","Emeralds",41,"Male",1
"62","2",17,0,2,0.7,1,1,"A tycoon","Emeralds",41,"Male",1
"62","2",18,0,2,0.7,0,0,"A tycoon","Emeralds",41,"Male",1
"62","2",19,0,2,0.7,1,0,"A tycoon","Emeralds",41,"Male",1
"62","2",20,0,2,0.7,1,0,"A tycoon","Emeralds",41,"Male",1
"62","2",21,0,2,0.7,1,0,"A tycoon","Emeralds",41,"Male",1
"62","2",22,0,2,0.7,1,0,"A tycoon","Emeralds",41,"Male",1
"62","2",23,0,2,0.7,1,0,"A tycoon","Emeralds",41,"Male",1
"62","2",24,0,2,0.7,0,0,"A tycoon","Emeralds",41,"Male",1
"62","2",25,0,2,0.7,1,1,"A tycoon","Emeralds",41,"Male",1
"62","2",26,0,2,0.7,1,0,"A tycoon","Emeralds",41,"Male",1
"62","2",27,0,2,0.7,1,0,"A tycoon","Emeralds",41,"Male",1
"62","2",28,0,2,0.7,1,0,"A tycoon","Emeralds",41,"Male",1
"62","2",29,0,2,0.7,1,1,"A tycoon","Emeralds",41,"Male",1
"62","2",30,0,2,0.7,1,0,"A tycoon","Emeralds",41,"Male",1
"62","2",31,0,2,0.7,1,0,"A tycoon","Emeralds",41,"Male",1
"62","2",32,0,2,0.7,1,0,"A tycoon","Emeralds",41,"Male",1
"62","2",33,0,2,0.7,1,1,"A tycoon","Emeralds",41,"Male",1
"62","2",34,0,2,0.7,1,0,"A tycoon","Emeralds",41,"Male",1
"62","2",35,0,2,0.7,1,1,"A tycoon","Emeralds",41,"Male",1
"62","2",36,0,2,0.7,1,0,"A tycoon","Emeralds",41,"Male",1
"62","2",37,0,2,0.7,1,1,"A tycoon","Emeralds",41,"Male",1
"62","2",38,0,2,0.7,1,0,"A tycoon","Emeralds",41,"Male",1
"62","2",39,0,2,0.7,0,0,"A tycoon","Emeralds",41,"Male",1
"62","2",40,0,2,0.7,1,0,"A tycoon","Emeralds",41,"Male",1
"62","2",41,0,2,0.7,0,0,"A tycoon","Emeralds",41,"Male",1
"62","2",42,0,2,0.7,1,0,"A tycoon","Emeralds",41,"Male",1
"62","2",43,0,2,0.7,0,0,"A tycoon","Emeralds",41,"Male",1
"62","2",44,0,2,0.7,1,0,"A tycoon","Emeralds",41,"Male",1
"62","2",45,0,2,0.7,1,0,"A tycoon","Emeralds",41,"Male",1
"62","2",46,0,2,0.7,1,1,"A tycoon","Emeralds",41,"Male",1
"62","2",47,0,2,0.7,1,0,"A tycoon","Emeralds",41,"Male",1
"62","2",48,0,2,0.7,1,0,"A tycoon","Emeralds",41,"Male",1
"62","2",49,0,2,0.7,1,1,"A tycoon","Emeralds",41,"Male",1
"62","2",50,0,2,0.7,0,0,"A tycoon","Emeralds",41,"Male",1
"63","3",1,15,2,0.3,0,0,"A sheriff","Emeralds",42,"Male",1
"63","3",2,29,1,0.7,1,0,"A sheriff","Emeralds",42,"Male",1
"63","3",3,29,1,0.7,1,1,"A sheriff","Emeralds",42,"Male",1
"63","3",4,2,1,0.7,1,0,"A sheriff","Emeralds",42,"Male",1
"63","3",5,3,1,0.7,1,0,"A sheriff","Emeralds",42,"Male",1
"63","3",6,0,1,0.7,1,1,"A sheriff","Emeralds",42,"Male",1
"63","3",7,0,1,0.7,1,1,"A sheriff","Emeralds",42,"Male",1
"63","3",8,0,1,0.7,1,0,"A sheriff","Emeralds",42,"Male",1
"63","3",9,60,1,0.7,0,0,"A sheriff","Emeralds",42,"Male",1
"63","3",10,9,1,0.7,1,0,"A sheriff","Emeralds",42,"Male",1
"63","3",11,71,1,0.7,0,0,"A sheriff","Emeralds",42,"Male",1
"63","3",12,46,1,0.7,1,0,"A sheriff","Emeralds",42,"Male",1
"63","3",13,54,1,0.7,1,1,"A sheriff","Emeralds",42,"Male",1
"63","3",14,81,1,0.7,0,1,"A sheriff","Emeralds",42,"Male",1
"63","3",15,76,1,0.7,0,1,"A sheriff","Emeralds",42,"Male",1
"63","3",16,53,1,0.7,1,0,"A sheriff","Emeralds",42,"Male",1
"63","3",17,41,1,0.7,1,0,"A sheriff","Emeralds",42,"Male",1
"63","3",18,18,1,0.7,1,1,"A sheriff","Emeralds",42,"Male",1
"63","3",19,0,1,0.7,1,0,"A sheriff","Emeralds",42,"Male",1
"63","3",20,0,1,0.7,1,0,"A sheriff","Emeralds",42,"Male",1
"63","3",21,0,1,0.7,1,0,"A sheriff","Emeralds",42,"Male",1
"63","3",22,35,1,0.7,0,0,"A sheriff","Emeralds",42,"Male",1
"63","3",23,2,1,0.7,1,0,"A sheriff","Emeralds",42,"Male",1
"63","3",24,36,1,0.7,0,1,"A sheriff","Emeralds",42,"Male",1
"63","3",25,8,1,0.7,1,0,"A sheriff","Emeralds",42,"Male",1
"63","3",26,0,1,0.7,1,0,"A sheriff","Emeralds",42,"Male",1
"63","3",27,0,1,0.7,1,0,"A sheriff","Emeralds",42,"Male",1
"63","3",28,0,1,0.7,0,0,"A sheriff","Emeralds",42,"Male",1
"63","3",29,0,1,0.7,1,0,"A sheriff","Emeralds",42,"Male",1
"63","3",30,0,1,0.7,1,1,"A sheriff","Emeralds",42,"Male",1
"63","3",31,0,1,0.7,1,0,"A sheriff","Emeralds",42,"Male",1
"63","3",32,0,1,0.7,0,1,"A sheriff","Emeralds",42,"Male",1
"63","3",33,16,1,0.7,0,1,"A sheriff","Emeralds",42,"Male",1
"63","3",34,28,1,0.7,0,0,"A sheriff","Emeralds",42,"Male",1
"63","3",35,71,1,0.7,0,0,"A sheriff","Emeralds",42,"Male",1
"63","3",36,24,1,0.7,1,0,"A sheriff","Emeralds",42,"Male",1
"63","3",37,0,1,0.7,1,0,"A sheriff","Emeralds",42,"Male",1
"63","3",38,0,1,0.7,0,1,"A sheriff","Emeralds",42,"Male",1
"63","3",39,10,1,0.7,0,0,"A sheriff","Emeralds",42,"Male",1
"63","3",40,31,1,0.7,0,1,"A sheriff","Emeralds",42,"Male",1
"63","3",41,21,1,0.7,1,0,"A sheriff","Emeralds",42,"Male",1
"63","3",42,4,1,0.7,1,0,"A sheriff","Emeralds",42,"Male",1
"63","3",43,0,1,0.7,1,0,"A sheriff","Emeralds",42,"Male",1
"63","3",44,0,1,0.7,1,0,"A sheriff","Emeralds",42,"Male",1
"63","3",45,0,1,0.7,1,1,"A sheriff","Emeralds",42,"Male",1
"63","3",46,0,1,0.7,1,0,"A sheriff","Emeralds",42,"Male",1
"63","3",47,0,1,0.7,0,0,"A sheriff","Emeralds",42,"Male",1
"63","3",48,0,1,0.7,0,0,"A sheriff","Emeralds",42,"Male",1
"63","3",49,20,1,0.7,0,1,"A sheriff","Emeralds",42,"Male",1
"63","3",50,35,1,0.7,0,0,"A sheriff","Emeralds",42,"Male",1
"64","3",1,59,2,0.3,1,1,"A sheriff","Emeralds",56,"Female",1
"64","3",2,89,1,0.7,1,0,"A sheriff","Emeralds",56,"Female",1
"64","3",3,100,1,0.7,1,1,"A sheriff","Emeralds",56,"Female",1
"64","3",4,93,1,0.7,1,0,"A sheriff","Emeralds",56,"Female",1
"64","3",5,89,2,0.3,1,1,"A sheriff","Emeralds",56,"Female",1
"64","3",6,70,1,0.7,1,0,"A sheriff","Emeralds",56,"Female",1
"64","3",7,85,2,0.3,0,1,"A sheriff","Emeralds",56,"Female",1
"64","3",8,86,1,0.7,1,0,"A sheriff","Emeralds",56,"Female",1
"64","3",9,86,2,0.3,1,0,"A sheriff","Emeralds",56,"Female",1
"64","3",10,91,2,0.3,1,0,"A sheriff","Emeralds",56,"Female",1
"64","3",11,88,1,0.7,1,0,"A sheriff","Emeralds",56,"Female",1
"64","3",12,82,1,0.7,0,0,"A sheriff","Emeralds",56,"Female",1
"64","3",13,86,2,0.3,0,0,"A sheriff","Emeralds",56,"Female",1
"64","3",14,81,1,0.7,1,1,"A sheriff","Emeralds",56,"Female",1
"64","3",15,81,2,0.3,0,0,"A sheriff","Emeralds",56,"Female",1
"64","3",16,82,1,0.7,1,1,"A sheriff","Emeralds",56,"Female",1
"64","3",17,78,2,0.3,0,0,"A sheriff","Emeralds",56,"Female",1
"64","3",18,89,1,0.7,0,0,"A sheriff","Emeralds",56,"Female",1
"64","3",19,87,2,0.3,0,0,"A sheriff","Emeralds",56,"Female",1
"64","3",20,89,1,0.7,1,0,"A sheriff","Emeralds",56,"Female",1
"64","3",21,73,2,0.3,0,0,"A sheriff","Emeralds",56,"Female",1
"64","3",22,88,2,0.3,0,0,"A sheriff","Emeralds",56,"Female",1
"64","3",23,87,1,0.7,1,0,"A sheriff","Emeralds",56,"Female",1
"64","3",24,91,2,0.3,0,0,"A sheriff","Emeralds",56,"Female",1
"64","3",25,56,1,0.7,0,0,"A sheriff","Emeralds",56,"Female",1
"64","3",26,58,2,0.3,0,0,"A sheriff","Emeralds",56,"Female",1
"64","3",27,50,1,0.7,1,0,"A sheriff","Emeralds",56,"Female",1
"64","3",28,50,2,0.3,1,0,"A sheriff","Emeralds",56,"Female",1
"64","3",29,50,2,0.3,1,0,"A sheriff","Emeralds",56,"Female",1
"64","3",30,37,1,0.7,1,1,"A sheriff","Emeralds",56,"Female",1
"64","3",31,36,2,0.3,1,1,"A sheriff","Emeralds",56,"Female",1
"64","3",32,40,1,0.7,0,0,"A sheriff","Emeralds",56,"Female",1
"64","3",33,41,2,0.3,1,0,"A sheriff","Emeralds",56,"Female",1
"64","3",34,32,2,0.3,0,0,"A sheriff","Emeralds",56,"Female",1
"64","3",35,33,1,0.7,1,1,"A sheriff","Emeralds",56,"Female",1
"64","3",36,38,2,0.3,0,0,"A sheriff","Emeralds",56,"Female",1
"64","3",37,42,2,0.3,0,0,"A sheriff","Emeralds",56,"Female",1
"64","3",38,36,1,0.7,0,0,"A sheriff","Emeralds",56,"Female",1
"64","3",39,35,2,0.3,0,0,"A sheriff","Emeralds",56,"Female",1
"64","3",40,30,2,0.3,0,0,"A sheriff","Emeralds",56,"Female",1
"64","3",41,32,1,0.7,1,1,"A sheriff","Emeralds",56,"Female",1
"64","3",42,36,2,0.3,0,1,"A sheriff","Emeralds",56,"Female",1
"64","3",43,36,1,0.7,1,0,"A sheriff","Emeralds",56,"Female",1
"64","3",44,33,2,0.3,1,1,"A sheriff","Emeralds",56,"Female",1
"64","3",45,36,1,0.7,1,0,"A sheriff","Emeralds",56,"Female",1
"64","3",46,37,1,0.7,1,0,"A sheriff","Emeralds",56,"Female",1
"64","3",47,27,1,0.7,0,1,"A sheriff","Emeralds",56,"Female",1
"64","3",48,33,1,0.7,0,1,"A sheriff","Emeralds",56,"Female",1
"64","3",49,24,2,0.3,1,0,"A sheriff","Emeralds",56,"Female",1
"64","3",50,32,1,0.7,1,1,"A sheriff","Emeralds",56,"Female",1
"65","2",1,31,2,0.3,1,1,"A tycoon","Emeralds",38,"Male",1
"65","2",2,65,2,0.3,1,0,"A tycoon","Emeralds",38,"Male",1
"65","2",3,86,2,0.3,1,1,"A tycoon","Emeralds",38,"Male",1
"65","2",4,100,2,0.3,0,0,"A tycoon","Emeralds",38,"Male",1
"65","2",5,90,2,0.3,0,0,"A tycoon","Emeralds",38,"Male",1
"65","2",6,100,2,0.3,1,1,"A tycoon","Emeralds",38,"Male",1
"65","2",7,100,2,0.3,1,0,"A tycoon","Emeralds",38,"Male",1
"65","2",8,100,2,0.3,1,1,"A tycoon","Emeralds",38,"Male",1
"65","2",9,100,2,0.3,1,1,"A tycoon","Emeralds",38,"Male",1
"65","2",10,100,2,0.3,1,0,"A tycoon","Emeralds",38,"Male",1
"65","2",11,100,2,0.3,0,0,"A tycoon","Emeralds",38,"Male",1
"65","2",12,100,2,0.3,0,0,"A tycoon","Emeralds",38,"Male",1
"65","2",13,100,2,0.3,1,0,"A tycoon","Emeralds",38,"Male",1
"65","2",14,59,2,0.3,1,1,"A tycoon","Emeralds",38,"Male",1
"65","2",15,33,2,0.3,0,0,"A tycoon","Emeralds",38,"Male",1
"65","2",16,9,2,0.3,1,1,"A tycoon","Emeralds",38,"Male",1
"65","2",17,27,2,0.3,1,1,"A tycoon","Emeralds",38,"Male",1
"65","2",18,10,2,0.3,0,0,"A tycoon","Emeralds",38,"Male",1
"65","2",19,12,2,0.3,0,0,"A tycoon","Emeralds",38,"Male",1
"65","2",20,64,2,0.3,1,1,"A tycoon","Emeralds",38,"Male",1
"65","2",21,0,2,0.3,0,0,"A tycoon","Emeralds",38,"Male",1
"65","2",22,0,2,0.3,0,0,"A tycoon","Emeralds",38,"Male",1
"65","2",23,0,2,0.3,0,0,"A tycoon","Emeralds",38,"Male",1
"65","2",24,90,2,0.3,1,1,"A tycoon","Emeralds",38,"Male",1
"65","2",25,82,2,0.3,1,0,"A tycoon","Emeralds",38,"Male",1
"65","2",26,81,2,0.3,1,0,"A tycoon","Emeralds",38,"Male",1
"65","2",27,11,2,0.3,0,0,"A tycoon","Emeralds",38,"Male",1
"65","2",28,83,2,0.3,1,0,"A tycoon","Emeralds",38,"Male",1
"65","2",29,24,2,0.3,0,0,"A tycoon","Emeralds",38,"Male",1
"65","2",30,74,2,0.3,1,1,"A tycoon","Emeralds",38,"Male",1
"65","2",31,67,2,0.3,1,1,"A tycoon","Emeralds",38,"Male",1
"65","2",32,0,2,0.3,0,0,"A tycoon","Emeralds",38,"Male",1
"65","2",33,0,2,0.3,0,0,"A tycoon","Emeralds",38,"Male",1
"65","2",34,0,2,0.3,0,0,"A tycoon","Emeralds",38,"Male",1
"65","2",35,0,2,0.3,0,0,"A tycoon","Emeralds",38,"Male",1
"65","2",36,0,2,0.3,0,0,"A tycoon","Emeralds",38,"Male",1
"65","2",37,86,2,0.3,1,0,"A tycoon","Emeralds",38,"Male",1
"65","2",38,0,2,0.3,0,0,"A tycoon","Emeralds",38,"Male",1
"65","2",39,0,2,0.3,0,0,"A tycoon","Emeralds",38,"Male",1
"65","2",40,78,2,0.3,1,1,"A tycoon","Emeralds",38,"Male",1
"65","2",41,11,2,0.3,0,0,"A tycoon","Emeralds",38,"Male",1
"65","2",42,7,2,0.3,0,0,"A tycoon","Emeralds",38,"Male",1
"65","2",43,81,2,0.3,1,0,"A tycoon","Emeralds",38,"Male",1
"65","2",44,86,2,0.3,1,1,"A tycoon","Emeralds",38,"Male",1
"65","2",45,10,2,0.3,0,0,"A tycoon","Emeralds",38,"Male",1
"65","2",46,8,2,0.3,0,0,"A tycoon","Emeralds",38,"Male",1
"65","2",47,9,2,0.3,0,0,"A tycoon","Emeralds",38,"Male",1
"65","2",48,6,2,0.3,0,0,"A tycoon","Emeralds",38,"Male",1
"65","2",49,82,2,0.3,1,1,"A tycoon","Emeralds",38,"Male",1
"65","2",50,8,2,0.3,0,0,"A tycoon","Emeralds",38,"Male",1
"66","1",1,71,2,0.3,0,1,"A bandit","Emeralds",43,"Male",1
"66","1",2,24,1,0.7,1,0,"A bandit","Emeralds",43,"Male",1
"66","1",3,89,1,0.7,0,0,"A bandit","Emeralds",43,"Male",1
"66","1",4,19,2,0.3,1,0,"A bandit","Emeralds",43,"Male",1
"66","1",5,94,2,0.3,0,0,"A bandit","Emeralds",43,"Male",1
"66","1",6,97,1,0.7,0,1,"A bandit","Emeralds",43,"Male",1
"66","1",7,94,1,0.7,0,0,"A bandit","Emeralds",43,"Male",1
"66","1",8,97,2,0.3,0,0,"A bandit","Emeralds",43,"Male",1
"66","1",9,41,1,0.7,0,1,"A bandit","Emeralds",43,"Male",1
"66","1",10,100,2,0.3,0,1,"A bandit","Emeralds",43,"Male",1
"66","1",11,7,2,0.3,1,0,"A bandit","Emeralds",43,"Male",1
"66","1",12,95,2,0.3,0,1,"A bandit","Emeralds",43,"Male",1
"66","1",13,98,2,0.3,0,1,"A bandit","Emeralds",43,"Male",1
"66","1",14,88,1,0.7,1,0,"A bandit","Emeralds",43,"Male",1
"66","1",15,100,1,0.7,0,0,"A bandit","Emeralds",43,"Male",1
"66","1",16,90,1,0.7,0,1,"A bandit","Emeralds",43,"Male",1
"66","1",17,72,2,0.3,0,0,"A bandit","Emeralds",43,"Male",1
"66","1",18,36,2,0.3,0,0,"A bandit","Emeralds",43,"Male",1
"66","1",19,6,1,0.7,1,0,"A bandit","Emeralds",43,"Male",1
"66","1",20,82,1,0.7,0,1,"A bandit","Emeralds",43,"Male",1
"66","1",21,71,2,0.3,0,0,"A bandit","Emeralds",43,"Male",1
"66","1",22,98,2,0.3,0,0,"A bandit","Emeralds",43,"Male",1
"66","1",23,69,1,0.7,0,1,"A bandit","Emeralds",43,"Male",1
"66","1",24,6,1,0.7,1,0,"A bandit","Emeralds",43,"Male",1
"66","1",25,7,1,0.7,1,0,"A bandit","Emeralds",43,"Male",1
"66","1",26,2,1,0.7,1,0,"A bandit","Emeralds",43,"Male",1
"66","1",27,96,1,0.7,0,0,"A bandit","Emeralds",43,"Male",1
"66","1",28,99,2,0.3,0,1,"A bandit","Emeralds",43,"Male",1
"66","1",29,100,1,0.7,0,1,"A bandit","Emeralds",43,"Male",1
"66","1",30,90,1,0.7,0,0,"A bandit","Emeralds",43,"Male",1
"66","1",31,7,1,0.7,1,0,"A bandit","Emeralds",43,"Male",1
"66","1",32,6,1,0.7,1,0,"A bandit","Emeralds",43,"Male",1
"66","1",33,11,1,0.7,1,0,"A bandit","Emeralds",43,"Male",1
"66","1",34,4,1,0.7,1,0,"A bandit","Emeralds",43,"Male",1
"66","1",35,11,1,0.7,1,0,"A bandit","Emeralds",43,"Male",1
"66","1",36,92,1,0.7,1,0,"A bandit","Emeralds",43,"Male",1
"66","1",37,58,1,0.7,0,1,"A bandit","Emeralds",43,"Male",1
"66","1",38,80,1,0.7,1,0,"A bandit","Emeralds",43,"Male",1
"66","1",39,85,1,0.7,1,0,"A bandit","Emeralds",43,"Male",1
"66","1",40,100,1,0.7,0,0,"A bandit","Emeralds",43,"Male",1
"66","1",41,96,1,0.7,0,1,"A bandit","Emeralds",43,"Male",1
"66","1",42,48,1,0.7,1,0,"A bandit","Emeralds",43,"Male",1
"66","1",43,14,1,0.7,1,0,"A bandit","Emeralds",43,"Male",1
"66","1",44,86,1,0.7,1,0,"A bandit","Emeralds",43,"Male",1
"66","1",45,87,1,0.7,0,0,"A bandit","Emeralds",43,"Male",1
"66","1",46,91,1,0.7,0,0,"A bandit","Emeralds",43,"Male",1
"66","1",47,100,2,0.3,0,1,"A bandit","Emeralds",43,"Male",1
"66","1",48,33,1,0.7,1,0,"A bandit","Emeralds",43,"Male",1
"66","1",49,78,1,0.7,1,0,"A bandit","Emeralds",43,"Male",1
"66","1",50,93,1,0.7,0,1,"A bandit","Emeralds",43,"Male",1
"67","1",1,84,2,0.7,0,1,"A bandit","Emeralds",34,"Female",1
"67","1",2,57,1,0.3,0,0,"A bandit","Emeralds",34,"Female",1
"67","1",3,14,1,0.3,0,0,"A bandit","Emeralds",34,"Female",1
"67","1",4,10,2,0.7,1,0,"A bandit","Emeralds",34,"Female",1
"67","1",5,13,2,0.7,1,0,"A bandit","Emeralds",34,"Female",1
"67","1",6,55,1,0.3,0,1,"A bandit","Emeralds",34,"Female",1
"67","1",7,35,1,0.3,0,0,"A bandit","Emeralds",34,"Female",1
"67","1",8,22,1,0.3,0,0,"A bandit","Emeralds",34,"Female",1
"67","1",9,17,2,0.7,1,0,"A bandit","Emeralds",34,"Female",1
"67","1",10,75,2,0.7,0,1,"A bandit","Emeralds",34,"Female",1
"67","1",11,73,2,0.7,0,0,"A bandit","Emeralds",34,"Female",1
"67","1",12,74,1,0.3,0,0,"A bandit","Emeralds",34,"Female",1
"67","1",13,54,1,0.3,0,0,"A bandit","Emeralds",34,"Female",1
"67","1",14,15,2,0.7,1,0,"A bandit","Emeralds",34,"Female",1
"67","1",15,33,2,0.7,0,0,"A bandit","Emeralds",34,"Female",1
"67","1",16,65,2,0.7,1,0,"A bandit","Emeralds",34,"Female",1
"67","1",17,17,2,0.7,0,0,"A bandit","Emeralds",34,"Female",1
"67","1",18,37,2,0.7,0,0,"A bandit","Emeralds",34,"Female",1
"67","1",19,27,1,0.3,0,1,"A bandit","Emeralds",34,"Female",1
"67","1",20,23,1,0.3,0,0,"A bandit","Emeralds",34,"Female",1
"67","1",21,21,1,0.3,0,0,"A bandit","Emeralds",34,"Female",1
"67","1",22,67,2,0.7,1,0,"A bandit","Emeralds",34,"Female",1
"67","1",23,64,2,0.7,1,0,"A bandit","Emeralds",34,"Female",1
"67","1",24,34,2,0.7,0,1,"A bandit","Emeralds",34,"Female",1
"67","1",25,23,1,0.3,0,0,"A bandit","Emeralds",34,"Female",1
"67","1",26,19,1,0.3,0,0,"A bandit","Emeralds",34,"Female",1
"67","1",27,35,1,0.3,0,1,"A bandit","Emeralds",34,"Female",1
"67","1",28,23,1,0.3,0,0,"A bandit","Emeralds",34,"Female",1
"67","1",29,17,1,0.3,0,0,"A bandit","Emeralds",34,"Female",1
"67","1",30,74,2,0.7,1,0,"A bandit","Emeralds",34,"Female",1
"67","1",31,81,2,0.7,0,0,"A bandit","Emeralds",34,"Female",1
"67","1",32,36,2,0.7,0,1,"A bandit","Emeralds",34,"Female",1
"67","1",33,72,2,0.7,1,0,"A bandit","Emeralds",34,"Female",1
"67","1",34,32,2,0.7,0,0,"A bandit","Emeralds",34,"Female",1
"67","1",35,33,2,0.7,0,1,"A bandit","Emeralds",34,"Female",1
"67","1",36,66,2,0.7,1,0,"A bandit","Emeralds",34,"Female",1
"67","1",37,27,2,0.7,1,0,"A bandit","Emeralds",34,"Female",1
"67","1",38,22,2,0.7,0,1,"A bandit","Emeralds",34,"Female",1
"67","1",39,26,1,0.3,0,1,"A bandit","Emeralds",34,"Female",1
"67","1",40,39,2,0.7,0,0,"A bandit","Emeralds",34,"Female",1
"67","1",41,21,1,0.3,0,0,"A bandit","Emeralds",34,"Female",1
"67","1",42,53,2,0.7,1,0,"A bandit","Emeralds",34,"Female",1
"67","1",43,30,2,0.7,0,1,"A bandit","Emeralds",34,"Female",1
"67","1",44,71,2,0.7,1,0,"A bandit","Emeralds",34,"Female",1
"67","1",45,27,2,0.7,0,1,"A bandit","Emeralds",34,"Female",1
"67","1",46,15,1,0.3,0,1,"A bandit","Emeralds",34,"Female",1
"67","1",47,15,1,0.3,0,1,"A bandit","Emeralds",34,"Female",1
"67","1",48,75,2,0.7,0,0,"A bandit","Emeralds",34,"Female",1
"67","1",49,77,2,0.7,0,1,"A bandit","Emeralds",34,"Female",1
"67","1",50,75,1,0.3,0,0,"A bandit","Emeralds",34,"Female",1
"68","3",1,25,1,0.7,1,0,"A sheriff","Emeralds",42,"Male",1
"68","3",2,16,1,0.7,1,0,"A sheriff","Emeralds",42,"Male",1
"68","3",3,18,1,0.7,1,0,"A sheriff","Emeralds",42,"Male",1
"68","3",4,20,1,0.7,1,1,"A sheriff","Emeralds",42,"Male",1
"68","3",5,42,1,0.7,0,0,"A sheriff","Emeralds",42,"Male",1
"68","3",6,35,1,0.7,0,1,"A sheriff","Emeralds",42,"Male",1
"68","3",7,41,2,0.3,1,0,"A sheriff","Emeralds",42,"Male",1
"68","3",8,38,2,0.3,0,0,"A sheriff","Emeralds",42,"Male",1
"68","3",9,34,1,0.7,0,1,"A sheriff","Emeralds",42,"Male",1
"68","3",10,36,2,0.3,0,0,"A sheriff","Emeralds",42,"Male",1
"68","3",11,41,2,0.3,1,0,"A sheriff","Emeralds",42,"Male",1
"68","3",12,44,2,0.3,0,0,"A sheriff","Emeralds",42,"Male",1
"68","3",13,45,2,0.3,0,1,"A sheriff","Emeralds",42,"Male",1
"68","3",14,47,1,0.7,1,1,"A sheriff","Emeralds",42,"Male",1
"68","3",15,44,1,0.7,1,0,"A sheriff","Emeralds",42,"Male",1
"68","3",16,20,1,0.7,1,0,"A sheriff","Emeralds",42,"Male",1
"68","3",17,39,1,0.7,0,1,"A sheriff","Emeralds",42,"Male",1
"68","3",18,44,2,0.3,0,0,"A sheriff","Emeralds",42,"Male",1
"68","3",19,42,1,0.7,0,0,"A sheriff","Emeralds",42,"Male",1
"68","3",20,43,1,0.7,1,1,"A sheriff","Emeralds",42,"Male",1
"68","3",21,39,1,0.7,1,0,"A sheriff","Emeralds",42,"Male",1
"68","3",22,23,1,0.7,1,0,"A sheriff","Emeralds",42,"Male",1
"68","3",23,9,1,0.7,1,1,"A sheriff","Emeralds",42,"Male",1
"68","3",24,29,1,0.7,0,0,"A sheriff","Emeralds",42,"Male",1
"68","3",25,38,1,0.7,0,0,"A sheriff","Emeralds",42,"Male",1
"68","3",26,23,1,0.7,1,0,"A sheriff","Emeralds",42,"Male",1
"68","3",27,19,1,0.7,1,0,"A sheriff","Emeralds",42,"Male",1
"68","3",28,11,1,0.7,1,0,"A sheriff","Emeralds",42,"Male",1
"68","3",29,31,2,0.3,0,0,"A sheriff","Emeralds",42,"Male",1
"68","3",30,24,2,0.3,1,0,"A sheriff","Emeralds",42,"Male",1
"68","3",31,24,2,0.3,1,1,"A sheriff","Emeralds",42,"Male",1
"68","3",32,30,1,0.7,1,1,"A sheriff","Emeralds",42,"Male",1
"68","3",33,34,1,0.7,0,1,"A sheriff","Emeralds",42,"Male",1
"68","3",34,38,1,0.7,0,0,"A sheriff","Emeralds",42,"Male",1
"68","3",35,38,1,0.7,0,0,"A sheriff","Emeralds",42,"Male",1
"68","3",36,50,2,0.3,0,1,"A sheriff","Emeralds",42,"Male",1
"68","3",37,48,2,0.3,0,0,"A sheriff","Emeralds",42,"Male",1
"68","3",38,36,1,0.7,1,0,"A sheriff","Emeralds",42,"Male",1
"68","3",39,33,1,0.7,1,0,"A sheriff","Emeralds",42,"Male",1
"68","3",40,20,1,0.7,1,0,"A sheriff","Emeralds",42,"Male",1
"68","3",41,13,1,0.7,1,0,"A sheriff","Emeralds",42,"Male",1
"68","3",42,5,1,0.7,1,1,"A sheriff","Emeralds",42,"Male",1
"68","3",43,3,1,0.7,1,0,"A sheriff","Emeralds",42,"Male",1
"68","3",44,1,1,0.7,1,0,"A sheriff","Emeralds",42,"Male",1
"68","3",45,0,1,0.7,1,1,"A sheriff","Emeralds",42,"Male",1
"68","3",46,0,1,0.7,1,0,"A sheriff","Emeralds",42,"Male",1
"68","3",47,0,1,0.7,1,0,"A sheriff","Emeralds",42,"Male",1
"68","3",48,0,1,0.7,1,0,"A sheriff","Emeralds",42,"Male",1
"68","3",49,0,1,0.7,1,1,"A sheriff","Emeralds",42,"Male",1
"68","3",50,11,1,0.7,0,0,"A sheriff","Emeralds",42,"Male",1
"69","3",1,80,2,0.7,0,0,"A sheriff","Emeralds",32,"Male",1
"69","3",2,72,1,0.3,0,0,"A sheriff","Emeralds",32,"Male",1
"69","3",3,88,1,0.3,0,1,"A sheriff","Emeralds",32,"Male",1
"69","3",4,17,2,0.7,1,0,"A sheriff","Emeralds",32,"Male",1
"69","3",5,72,1,0.3,0,0,"A sheriff","Emeralds",32,"Male",1
"69","3",6,81,1,0.3,1,0,"A sheriff","Emeralds",32,"Male",1
"69","3",7,64,2,0.7,1,0,"A sheriff","Emeralds",32,"Male",1
"69","3",8,78,2,0.7,1,1,"A sheriff","Emeralds",32,"Male",1
"69","3",9,36,2,0.7,0,0,"A sheriff","Emeralds",32,"Male",1
"69","3",10,79,1,0.3,1,1,"A sheriff","Emeralds",32,"Male",1
"69","3",11,80,1,0.3,1,0,"A sheriff","Emeralds",32,"Male",1
"69","3",12,73,2,0.7,1,0,"A sheriff","Emeralds",32,"Male",1
"69","3",13,71,1,0.3,1,0,"A sheriff","Emeralds",32,"Male",1
"69","3",14,92,2,0.7,1,0,"A sheriff","Emeralds",32,"Male",1
"69","3",15,98,2,0.7,0,1,"A sheriff","Emeralds",32,"Male",1
"69","3",16,94,1,0.3,0,0,"A sheriff","Emeralds",32,"Male",1
"69","3",17,55,2,0.7,1,0,"A sheriff","Emeralds",32,"Male",1
"69","3",18,75,2,0.7,1,0,"A sheriff","Emeralds",32,"Male",1
"69","3",19,96,1,0.3,0,0,"A sheriff","Emeralds",32,"Male",1
"69","3",20,86,2,0.7,1,0,"A sheriff","Emeralds",32,"Male",1
"69","3",21,91,2,0.7,1,1,"A sheriff","Emeralds",32,"Male",1
"69","3",22,97,2,0.7,1,1,"A sheriff","Emeralds",32,"Male",1
"69","3",23,64,2,0.7,0,1,"A sheriff","Emeralds",32,"Male",1
"69","3",24,71,1,0.3,0,0,"A sheriff","Emeralds",32,"Male",1
"69","3",25,87,2,0.7,1,0,"A sheriff","Emeralds",32,"Male",1
"69","3",26,90,2,0.7,1,0,"A sheriff","Emeralds",32,"Male",1
"69","3",27,93,2,0.7,1,1,"A sheriff","Emeralds",32,"Male",1
"69","3",28,22,1,0.3,0,0,"A sheriff","Emeralds",32,"Male",1
"69","3",29,87,2,0.7,1,1,"A sheriff","Emeralds",32,"Male",1
"69","3",30,91,2,0.7,1,1,"A sheriff","Emeralds",32,"Male",1
"69","3",31,94,2,0.7,1,0,"A sheriff","Emeralds",32,"Male",1
"69","3",32,100,2,0.7,1,1,"A sheriff","Emeralds",32,"Male",1
"69","3",33,99,2,0.7,1,1,"A sheriff","Emeralds",32,"Male",1
"69","3",34,98,2,0.7,1,0,"A sheriff","Emeralds",32,"Male",1
"69","3",35,66,2,0.7,0,0,"A sheriff","Emeralds",32,"Male",1
"69","3",36,99,2,0.7,1,1,"A sheriff","Emeralds",32,"Male",1
"69","3",37,56,2,0.7,0,0,"A sheriff","Emeralds",32,"Male",1
"69","3",38,60,2,0.7,0,0,"A sheriff","Emeralds",32,"Male",1
"69","3",39,89,1,0.3,0,0,"A sheriff","Emeralds",32,"Male",1
"69","3",40,99,1,0.3,0,0,"A sheriff","Emeralds",32,"Male",1
"69","3",41,86,2,0.7,0,1,"A sheriff","Emeralds",32,"Male",1
"69","3",42,100,2,0.7,1,0,"A sheriff","Emeralds",32,"Male",1
"69","3",43,99,2,0.7,1,0,"A sheriff","Emeralds",32,"Male",1
"69","3",44,86,2,0.7,1,0,"A sheriff","Emeralds",32,"Male",1
"69","3",45,69,1,0.3,0,0,"A sheriff","Emeralds",32,"Male",1
"69","3",46,87,2,0.7,1,0,"A sheriff","Emeralds",32,"Male",1
"69","3",47,96,2,0.7,1,0,"A sheriff","Emeralds",32,"Male",1
"69","3",48,66,2,0.7,0,0,"A sheriff","Emeralds",32,"Male",1
"69","3",49,81,2,0.7,1,1,"A sheriff","Emeralds",32,"Male",1
"69","3",50,92,2,0.7,1,0,"A sheriff","Emeralds",32,"Male",1
"70","1",1,32,1,0.3,0,1,"A bandit","Emeralds",47,"Female",1
"70","1",2,24,1,0.3,0,0,"A bandit","Emeralds",47,"Female",1
"70","1",3,63,2,0.7,1,0,"A bandit","Emeralds",47,"Female",1
"70","1",4,25,2,0.7,0,1,"A bandit","Emeralds",47,"Female",1
"70","1",5,21,1,0.3,0,0,"A bandit","Emeralds",47,"Female",1
"70","1",6,59,1,0.3,1,0,"A bandit","Emeralds",47,"Female",1
"70","1",7,88,1,0.3,0,0,"A bandit","Emeralds",47,"Female",1
"70","1",8,65,2,0.7,0,0,"A bandit","Emeralds",47,"Female",1
"70","1",9,66,1,0.3,0,0,"A bandit","Emeralds",47,"Female",1
"70","1",10,33,2,0.7,1,0,"A bandit","Emeralds",47,"Female",1
"70","1",11,31,2,0.7,1,0,"A bandit","Emeralds",47,"Female",1
"70","1",12,75,2,0.7,0,1,"A bandit","Emeralds",47,"Female",1
"70","1",13,29,2,0.7,1,0,"A bandit","Emeralds",47,"Female",1
"70","1",14,15,2,0.7,1,0,"A bandit","Emeralds",47,"Female",1
"70","1",15,74,1,0.3,0,0,"A bandit","Emeralds",47,"Female",1
"70","1",16,16,2,0.7,1,0,"A bandit","Emeralds",47,"Female",1
"70","1",17,8,2,0.7,1,0,"A bandit","Emeralds",47,"Female",1
"70","1",18,15,2,0.7,1,0,"A bandit","Emeralds",47,"Female",1
"70","1",19,81,2,0.7,0,1,"A bandit","Emeralds",47,"Female",1
"70","1",20,83,1,0.3,0,1,"A bandit","Emeralds",47,"Female",1
"70","1",21,14,2,0.7,1,0,"A bandit","Emeralds",47,"Female",1
"70","1",22,8,2,0.7,1,0,"A bandit","Emeralds",47,"Female",1
"70","1",23,3,2,0.7,1,0,"A bandit","Emeralds",47,"Female",1
"70","1",24,84,2,0.7,0,1,"A bandit","Emeralds",47,"Female",1
"70","1",25,89,2,0.7,0,0,"A bandit","Emeralds",47,"Female",1
"70","1",26,93,2,0.7,0,1,"A bandit","Emeralds",47,"Female",1
"70","1",27,28,1,0.3,0,1,"A bandit","Emeralds",47,"Female",1
"70","1",28,83,2,0.7,0,1,"A bandit","Emeralds",47,"Female",1
"70","1",29,76,2,0.7,0,0,"A bandit","Emeralds",47,"Female",1
"70","1",30,20,1,0.3,0,0,"A bandit","Emeralds",47,"Female",1
"70","1",31,81,2,0.7,0,1,"A bandit","Emeralds",47,"Female",1
"70","1",32,78,2,0.7,0,1,"A bandit","Emeralds",47,"Female",1
"70","1",33,21,1,0.3,0,0,"A bandit","Emeralds",47,"Female",1
"70","1",34,22,2,0.7,1,0,"A bandit","Emeralds",47,"Female",1
"70","1",35,61,2,0.7,0,0,"A bandit","Emeralds",47,"Female",1
"70","1",36,64,2,0.7,0,0,"A bandit","Emeralds",47,"Female",1
"70","1",37,24,1,0.3,0,0,"A bandit","Emeralds",47,"Female",1
"70","1",38,64,2,0.7,0,1,"A bandit","Emeralds",47,"Female",1
"70","1",39,69,2,0.7,0,0,"A bandit","Emeralds",47,"Female",1
"70","1",40,61,2,0.7,0,0,"A bandit","Emeralds",47,"Female",1
"70","1",41,33,1,0.3,0,0,"A bandit","Emeralds",47,"Female",1
"70","1",42,33,2,0.7,1,0,"A bandit","Emeralds",47,"Female",1
"70","1",43,61,2,0.7,0,1,"A bandit","Emeralds",47,"Female",1
"70","1",44,64,2,0.7,0,0,"A bandit","Emeralds",47,"Female",1
"70","1",45,22,1,0.3,0,0,"A bandit","Emeralds",47,"Female",1
"70","1",46,62,2,0.7,0,1,"A bandit","Emeralds",47,"Female",1
"70","1",47,20,2,0.7,1,0,"A bandit","Emeralds",47,"Female",1
"70","1",48,34,2,0.7,1,0,"A bandit","Emeralds",47,"Female",1
"70","1",49,61,2,0.7,0,0,"A bandit","Emeralds",47,"Female",1
"70","1",50,22,2,0.7,0,1,"A bandit","Emeralds",47,"Female",1
"71","2",1,5,1,0.3,1,0,"A tycoon","Emeralds",35,"Male",1
"71","2",2,0,2,0.7,1,0,"A tycoon","Emeralds",35,"Male",1
"71","2",3,17,1,0.3,1,0,"A tycoon","Emeralds",35,"Male",1
"71","2",4,22,1,0.3,1,1,"A tycoon","Emeralds",35,"Male",1
"71","2",5,23,1,0.3,1,0,"A tycoon","Emeralds",35,"Male",1
"71","2",6,10,1,0.3,0,0,"A tycoon","Emeralds",35,"Male",1
"71","2",7,13,1,0.3,1,1,"A tycoon","Emeralds",35,"Male",1
"71","2",8,15,1,0.3,1,0,"A tycoon","Emeralds",35,"Male",1
"71","2",9,13,1,0.3,0,0,"A tycoon","Emeralds",35,"Male",1
"71","2",10,13,1,0.3,1,1,"A tycoon","Emeralds",35,"Male",1
"71","2",11,13,1,0.3,1,0,"A tycoon","Emeralds",35,"Male",1
"71","2",12,15,1,0.3,1,1,"A tycoon","Emeralds",35,"Male",1
"71","2",13,13,1,0.3,1,1,"A tycoon","Emeralds",35,"Male",1
"71","2",14,8,1,0.3,0,0,"A tycoon","Emeralds",35,"Male",1
"71","2",15,11,1,0.3,0,0,"A tycoon","Emeralds",35,"Male",1
"71","2",16,9,1,0.3,1,1,"A tycoon","Emeralds",35,"Male",1
"71","2",17,10,1,0.3,1,1,"A tycoon","Emeralds",35,"Male",1
"71","2",18,6,1,0.3,1,1,"A tycoon","Emeralds",35,"Male",1
"71","2",19,11,1,0.3,1,0,"A tycoon","Emeralds",35,"Male",1
"71","2",20,11,1,0.3,0,0,"A tycoon","Emeralds",35,"Male",1
"71","2",21,11,1,0.3,1,1,"A tycoon","Emeralds",35,"Male",1
"71","2",22,7,1,0.3,0,0,"A tycoon","Emeralds",35,"Male",1
"71","2",23,12,1,0.3,1,0,"A tycoon","Emeralds",35,"Male",1
"71","2",24,15,1,0.3,1,0,"A tycoon","Emeralds",35,"Male",1
"71","2",25,21,2,0.7,1,1,"A tycoon","Emeralds",35,"Male",1
"71","2",26,10,2,0.7,1,0,"A tycoon","Emeralds",35,"Male",1
"71","2",27,13,1,0.3,0,0,"A tycoon","Emeralds",35,"Male",1
"71","2",28,16,1,0.3,1,0,"A tycoon","Emeralds",35,"Male",1
"71","2",29,16,1,0.3,0,0,"A tycoon","Emeralds",35,"Male",1
"71","2",30,14,1,0.3,1,0,"A tycoon","Emeralds",35,"Male",1
"71","2",31,10,1,0.3,0,0,"A tycoon","Emeralds",35,"Male",1
"71","2",32,12,1,0.3,0,0,"A tycoon","Emeralds",35,"Male",1
"71","2",33,11,1,0.3,1,1,"A tycoon","Emeralds",35,"Male",1
"71","2",34,11,1,0.3,1,0,"A tycoon","Emeralds",35,"Male",1
"71","2",35,10,1,0.3,1,0,"A tycoon","Emeralds",35,"Male",1
"71","2",36,12,1,0.3,1,1,"A tycoon","Emeralds",35,"Male",1
"71","2",37,12,1,0.3,1,0,"A tycoon","Emeralds",35,"Male",1
"71","2",38,12,1,0.3,0,0,"A tycoon","Emeralds",35,"Male",1
"71","2",39,16,1,0.3,0,0,"A tycoon","Emeralds",35,"Male",1
"71","2",40,9,1,0.3,1,1,"A tycoon","Emeralds",35,"Male",1
"71","2",41,14,1,0.3,0,0,"A tycoon","Emeralds",35,"Male",1
"71","2",42,12,1,0.3,0,0,"A tycoon","Emeralds",35,"Male",1
"71","2",43,9,1,0.3,0,0,"A tycoon","Emeralds",35,"Male",1
"71","2",44,9,1,0.3,0,0,"A tycoon","Emeralds",35,"Male",1
"71","2",45,19,1,0.3,0,0,"A tycoon","Emeralds",35,"Male",1
"71","2",46,19,2,0.7,1,1,"A tycoon","Emeralds",35,"Male",1
"71","2",47,9,1,0.3,0,0,"A tycoon","Emeralds",35,"Male",1
"71","2",48,16,1,0.3,1,1,"A tycoon","Emeralds",35,"Male",1
"71","2",49,17,1,0.3,0,0,"A tycoon","Emeralds",35,"Male",1
"71","2",50,18,1,0.3,0,0,"A tycoon","Emeralds",35,"Male",1
"72","3",1,78,1,0.3,0,0,"A sheriff","Emeralds",29,"Female",1
"72","3",2,50,2,0.7,1,0,"A sheriff","Emeralds",29,"Female",1
"72","3",3,84,2,0.7,0,0,"A sheriff","Emeralds",29,"Female",1
"72","3",4,50,2,0.7,1,1,"A sheriff","Emeralds",29,"Female",1
"72","3",5,63,2,0.7,0,0,"A sheriff","Emeralds",29,"Female",1
"72","3",6,59,2,0.7,0,0,"A sheriff","Emeralds",29,"Female",1
"72","3",7,43,1,0.3,1,1,"A sheriff","Emeralds",29,"Female",1
"72","3",8,78,1,0.3,0,0,"A sheriff","Emeralds",29,"Female",1
"72","3",9,29,1,0.3,0,0,"A sheriff","Emeralds",29,"Female",1
"72","3",10,17,2,0.7,1,0,"A sheriff","Emeralds",29,"Female",1
"72","3",11,18,2,0.7,1,0,"A sheriff","Emeralds",29,"Female",1
"72","3",12,5,2,0.7,1,0,"A sheriff","Emeralds",29,"Female",1
"72","3",13,14,2,0.7,0,1,"A sheriff","Emeralds",29,"Female",1
"72","3",14,3,2,0.7,1,0,"A sheriff","Emeralds",29,"Female",1
"72","3",15,7,2,0.7,0,0,"A sheriff","Emeralds",29,"Female",1
"72","3",16,3,2,0.7,1,0,"A sheriff","Emeralds",29,"Female",1
"72","3",17,2,2,0.7,1,0,"A sheriff","Emeralds",29,"Female",1
"72","3",18,3,2,0.7,1,0,"A sheriff","Emeralds",29,"Female",1
"72","3",19,5,2,0.7,1,0,"A sheriff","Emeralds",29,"Female",1
"72","3",20,0,2,0.7,1,1,"A sheriff","Emeralds",29,"Female",1
"72","3",21,0,1,0.3,0,0,"A sheriff","Emeralds",29,"Female",1
"72","3",22,1,2,0.7,1,1,"A sheriff","Emeralds",29,"Female",1
"72","3",23,0,2,0.7,1,0,"A sheriff","Emeralds",29,"Female",1
"72","3",24,0,2,0.7,1,0,"A sheriff","Emeralds",29,"Female",1
"72","3",25,0,2,0.7,1,0,"A sheriff","Emeralds",29,"Female",1
"72","3",26,0,2,0.7,0,0,"A sheriff","Emeralds",29,"Female",1
"72","3",27,0,2,0.7,0,1,"A sheriff","Emeralds",29,"Female",1
"72","3",28,0,2,0.7,1,1,"A sheriff","Emeralds",29,"Female",1
"72","3",29,0,2,0.7,1,0,"A sheriff","Emeralds",29,"Female",1
"72","3",30,0,2,0.7,1,0,"A sheriff","Emeralds",29,"Female",1
"72","3",31,0,2,0.7,1,0,"A sheriff","Emeralds",29,"Female",1
"72","3",32,0,2,0.7,0,0,"A sheriff","Emeralds",29,"Female",1
"72","3",33,0,2,0.7,1,0,"A sheriff","Emeralds",29,"Female",1
"72","3",34,0,2,0.7,1,0,"A sheriff","Emeralds",29,"Female",1
"72","3",35,0,2,0.7,1,1,"A sheriff","Emeralds",29,"Female",1
"72","3",36,0,2,0.7,1,0,"A sheriff","Emeralds",29,"Female",1
"72","3",37,0,2,0.7,1,0,"A sheriff","Emeralds",29,"Female",1
"72","3",38,0,2,0.7,0,1,"A sheriff","Emeralds",29,"Female",1
"72","3",39,0,2,0.7,1,0,"A sheriff","Emeralds",29,"Female",1
"72","3",40,0,2,0.7,1,0,"A sheriff","Emeralds",29,"Female",1
"72","3",41,1,2,0.7,0,0,"A sheriff","Emeralds",29,"Female",1
"72","3",42,0,2,0.7,1,1,"A sheriff","Emeralds",29,"Female",1
"72","3",43,0,2,0.7,0,1,"A sheriff","Emeralds",29,"Female",1
"72","3",44,0,2,0.7,0,0,"A sheriff","Emeralds",29,"Female",1
"72","3",45,0,2,0.7,1,1,"A sheriff","Emeralds",29,"Female",1
"72","3",46,1,2,0.7,1,1,"A sheriff","Emeralds",29,"Female",1
"72","3",47,0,2,0.7,0,0,"A sheriff","Emeralds",29,"Female",1
"72","3",48,1,2,0.7,0,1,"A sheriff","Emeralds",29,"Female",1
"72","3",49,20,2,0.7,0,1,"A sheriff","Emeralds",29,"Female",1
"72","3",50,50,1,0.3,1,0,"A sheriff","Emeralds",29,"Female",1
"73","2",1,24,1,0.3,0,0,"A tycoon","Emeralds",30,"Male",1
"73","2",2,63,2,0.7,1,0,"A tycoon","Emeralds",30,"Male",1
"73","2",3,82,2,0.7,1,0,"A tycoon","Emeralds",30,"Male",1
"73","2",4,77,2,0.7,1,1,"A tycoon","Emeralds",30,"Male",1
"73","2",5,81,2,0.7,1,0,"A tycoon","Emeralds",30,"Male",1
"73","2",6,73,2,0.7,1,1,"A tycoon","Emeralds",30,"Male",1
"73","2",7,94,2,0.7,1,0,"A tycoon","Emeralds",30,"Male",1
"73","2",8,30,2,0.7,1,0,"A tycoon","Emeralds",30,"Male",1
"73","2",9,37,2,0.7,1,1,"A tycoon","Emeralds",30,"Male",1
"73","2",10,63,2,0.7,1,0,"A tycoon","Emeralds",30,"Male",1
"73","2",11,32,2,0.7,1,1,"A tycoon","Emeralds",30,"Male",1
"73","2",12,64,2,0.7,1,1,"A tycoon","Emeralds",30,"Male",1
"73","2",13,13,2,0.7,0,0,"A tycoon","Emeralds",30,"Male",1
"73","2",14,74,2,0.7,1,0,"A tycoon","Emeralds",30,"Male",1
"73","2",15,63,2,0.7,1,0,"A tycoon","Emeralds",30,"Male",1
"73","2",16,10,2,0.7,0,0,"A tycoon","Emeralds",30,"Male",1
"73","2",17,74,2,0.7,1,0,"A tycoon","Emeralds",30,"Male",1
"73","2",18,65,2,0.7,1,1,"A tycoon","Emeralds",30,"Male",1
"73","2",19,56,2,0.7,1,1,"A tycoon","Emeralds",30,"Male",1
"73","2",20,3,2,0.7,0,0,"A tycoon","Emeralds",30,"Male",1
"73","2",21,64,2,0.7,1,0,"A tycoon","Emeralds",30,"Male",1
"73","2",22,92,2,0.7,1,0,"A tycoon","Emeralds",30,"Male",1
"73","2",23,69,2,0.7,1,1,"A tycoon","Emeralds",30,"Male",1
"73","2",24,63,2,0.7,1,1,"A tycoon","Emeralds",30,"Male",1
"73","2",25,86,2,0.7,1,1,"A tycoon","Emeralds",30,"Male",1
"73","2",26,22,2,0.7,0,0,"A tycoon","Emeralds",30,"Male",1
"73","2",27,81,2,0.7,1,0,"A tycoon","Emeralds",30,"Male",1
"73","2",28,66,2,0.7,1,0,"A tycoon","Emeralds",30,"Male",1
"73","2",29,14,2,0.7,0,0,"A tycoon","Emeralds",30,"Male",1
"73","2",30,66,2,0.7,1,1,"A tycoon","Emeralds",30,"Male",1
"73","2",31,67,2,0.7,1,0,"A tycoon","Emeralds",30,"Male",1
"73","2",32,71,2,0.7,1,0,"A tycoon","Emeralds",30,"Male",1
"73","2",33,75,2,0.7,1,0,"A tycoon","Emeralds",30,"Male",1
"73","2",34,65,2,0.7,1,1,"A tycoon","Emeralds",30,"Male",1
"73","2",35,71,2,0.7,1,0,"A tycoon","Emeralds",30,"Male",1
"73","2",36,23,2,0.7,0,0,"A tycoon","Emeralds",30,"Male",1
"73","2",37,68,2,0.7,1,0,"A tycoon","Emeralds",30,"Male",1
"73","2",38,74,2,0.7,1,0,"A tycoon","Emeralds",30,"Male",1
"73","2",39,73,2,0.7,1,1,"A tycoon","Emeralds",30,"Male",1
"73","2",40,77,2,0.7,1,0,"A tycoon","Emeralds",30,"Male",1
"73","2",41,8,2,0.7,0,0,"A tycoon","Emeralds",30,"Male",1
"73","2",42,66,2,0.7,1,0,"A tycoon","Emeralds",30,"Male",1
"73","2",43,76,2,0.7,0,0,"A tycoon","Emeralds",30,"Male",1
"73","2",44,86,2,0.7,1,0,"A tycoon","Emeralds",30,"Male",1
"73","2",45,67,2,0.7,1,0,"A tycoon","Emeralds",30,"Male",1
"73","2",46,62,2,0.7,1,0,"A tycoon","Emeralds",30,"Male",1
"73","2",47,77,2,0.7,1,0,"A tycoon","Emeralds",30,"Male",1
"73","2",48,72,2,0.7,1,1,"A tycoon","Emeralds",30,"Male",1
"73","2",49,64,2,0.7,1,0,"A tycoon","Emeralds",30,"Male",1
"73","2",50,89,2,0.7,1,1,"A tycoon","Emeralds",30,"Male",1
"74","2",1,80,1,0.7,1,0,"A tycoon","Emeralds",48,"Female",1
"74","2",2,88,1,0.7,1,0,"A tycoon","Emeralds",48,"Female",1
"74","2",3,43,1,0.7,1,1,"A tycoon","Emeralds",48,"Female",1
"74","2",4,15,1,0.7,1,0,"A tycoon","Emeralds",48,"Female",1
"74","2",5,11,1,0.7,1,1,"A tycoon","Emeralds",48,"Female",1
"74","2",6,4,1,0.7,1,1,"A tycoon","Emeralds",48,"Female",1
"74","2",7,8,1,0.7,1,0,"A tycoon","Emeralds",48,"Female",1
"74","2",8,11,1,0.7,1,0,"A tycoon","Emeralds",48,"Female",1
"74","2",9,2,1,0.7,1,0,"A tycoon","Emeralds",48,"Female",1
"74","2",10,7,1,0.7,1,0,"A tycoon","Emeralds",48,"Female",1
"74","2",11,5,1,0.7,1,0,"A tycoon","Emeralds",48,"Female",1
"74","2",12,5,1,0.7,1,0,"A tycoon","Emeralds",48,"Female",1
"74","2",13,4,1,0.7,1,0,"A tycoon","Emeralds",48,"Female",1
"74","2",14,6,1,0.7,1,0,"A tycoon","Emeralds",48,"Female",1
"74","2",15,5,1,0.7,1,0,"A tycoon","Emeralds",48,"Female",1
"74","2",16,6,1,0.7,0,0,"A tycoon","Emeralds",48,"Female",1
"74","2",17,4,1,0.7,1,0,"A tycoon","Emeralds",48,"Female",1
"74","2",18,4,1,0.7,1,1,"A tycoon","Emeralds",48,"Female",1
"74","2",19,6,1,0.7,1,1,"A tycoon","Emeralds",48,"Female",1
"74","2",20,6,1,0.7,1,0,"A tycoon","Emeralds",48,"Female",1
"74","2",21,4,1,0.7,1,0,"A tycoon","Emeralds",48,"Female",1
"74","2",22,1,1,0.7,1,1,"A tycoon","Emeralds",48,"Female",1
"74","2",23,7,1,0.7,0,0,"A tycoon","Emeralds",48,"Female",1
"74","2",24,5,1,0.7,1,0,"A tycoon","Emeralds",48,"Female",1
"74","2",25,6,1,0.7,1,0,"A tycoon","Emeralds",48,"Female",1
"74","2",26,6,1,0.7,1,1,"A tycoon","Emeralds",48,"Female",1
"74","2",27,5,1,0.7,1,1,"A tycoon","Emeralds",48,"Female",1
"74","2",28,7,1,0.7,0,0,"A tycoon","Emeralds",48,"Female",1
"74","2",29,3,1,0.7,1,0,"A tycoon","Emeralds",48,"Female",1
"74","2",30,7,1,0.7,0,0,"A tycoon","Emeralds",48,"Female",1
"74","2",31,6,1,0.7,1,1,"A tycoon","Emeralds",48,"Female",1
"74","2",32,7,1,0.7,1,1,"A tycoon","Emeralds",48,"Female",1
"74","2",33,8,1,0.7,1,0,"A tycoon","Emeralds",48,"Female",1
"74","2",34,8,1,0.7,1,1,"A tycoon","Emeralds",48,"Female",1
"74","2",35,8,1,0.7,1,0,"A tycoon","Emeralds",48,"Female",1
"74","2",36,10,1,0.7,1,1,"A tycoon","Emeralds",48,"Female",1
"74","2",37,6,1,0.7,1,0,"A tycoon","Emeralds",48,"Female",1
"74","2",38,4,1,0.7,0,0,"A tycoon","Emeralds",48,"Female",1
"74","2",39,7,1,0.7,1,1,"A tycoon","Emeralds",48,"Female",1
"74","2",40,7,1,0.7,1,1,"A tycoon","Emeralds",48,"Female",1
"74","2",41,4,1,0.7,0,0,"A tycoon","Emeralds",48,"Female",1
"74","2",42,7,1,0.7,0,0,"A tycoon","Emeralds",48,"Female",1
"74","2",43,4,1,0.7,1,0,"A tycoon","Emeralds",48,"Female",1
"74","2",44,9,1,0.7,1,0,"A tycoon","Emeralds",48,"Female",1
"74","2",45,6,1,0.7,1,0,"A tycoon","Emeralds",48,"Female",1
"74","2",46,7,1,0.7,1,0,"A tycoon","Emeralds",48,"Female",1
"74","2",47,5,1,0.7,1,0,"A tycoon","Emeralds",48,"Female",1
"74","2",48,7,1,0.7,1,0,"A tycoon","Emeralds",48,"Female",1
"74","2",49,8,1,0.7,1,0,"A tycoon","Emeralds",48,"Female",1
"74","2",50,6,1,0.7,1,1,"A tycoon","Emeralds",48,"Female",1
"75","3",1,42,1,0.3,1,1,"A sheriff","Gold",25,"Female",0
"75","3",2,32,2,0.7,1,0,"A sheriff","Gold",25,"Female",0
"75","3",3,29,1,0.3,1,0,"A sheriff","Gold",25,"Female",0
"75","3",4,26,1,0.3,1,0,"A sheriff","Gold",25,"Female",0
"75","3",5,22,1,0.3,0,0,"A sheriff","Gold",25,"Female",0
"75","3",6,27,1,0.3,0,1,"A sheriff","Gold",25,"Female",0
"75","3",7,22,2,0.7,1,0,"A sheriff","Gold",25,"Female",0
"75","3",8,28,2,0.7,0,0,"A sheriff","Gold",25,"Female",0
"75","3",9,32,1,0.3,0,1,"A sheriff","Gold",25,"Female",0
"75","3",10,25,2,0.7,0,1,"A sheriff","Gold",25,"Female",0
"75","3",11,22,2,0.7,1,0,"A sheriff","Gold",25,"Female",0
"75","3",12,24,1,0.3,1,0,"A sheriff","Gold",25,"Female",0
"75","3",13,33,2,0.7,0,1,"A sheriff","Gold",25,"Female",0
"75","3",14,26,2,0.7,1,0,"A sheriff","Gold",25,"Female",0
"75","3",15,30,1,0.3,0,0,"A sheriff","Gold",25,"Female",0
"75","3",16,29,2,0.7,1,0,"A sheriff","Gold",25,"Female",0
"75","3",17,19,2,0.7,0,0,"A sheriff","Gold",25,"Female",0
"75","3",18,18,2,0.7,0,1,"A sheriff","Gold",25,"Female",0
"75","3",19,32,1,0.3,1,0,"A sheriff","Gold",25,"Female",0
"75","3",20,27,1,0.3,1,0,"A sheriff","Gold",25,"Female",0
"75","3",21,25,1,0.3,0,0,"A sheriff","Gold",25,"Female",0
"75","3",22,26,1,0.3,1,1,"A sheriff","Gold",25,"Female",0
"75","3",23,21,1,0.3,0,0,"A sheriff","Gold",25,"Female",0
"75","3",24,25,2,0.7,1,0,"A sheriff","Gold",25,"Female",0
"75","3",25,22,1,0.3,1,0,"A sheriff","Gold",25,"Female",0
"75","3",26,23,1,0.3,1,1,"A sheriff","Gold",25,"Female",0
"75","3",27,35,2,0.7,0,0,"A sheriff","Gold",25,"Female",0
"75","3",28,20,2,0.7,0,0,"A sheriff","Gold",25,"Female",0
"75","3",29,18,1,0.3,0,0,"A sheriff","Gold",25,"Female",0
"75","3",30,24,1,0.3,0,0,"A sheriff","Gold",25,"Female",0
"75","3",31,20,1,0.3,0,0,"A sheriff","Gold",25,"Female",0
"75","3",32,28,1,0.3,1,0,"A sheriff","Gold",25,"Female",0
"75","3",33,27,1,0.3,0,1,"A sheriff","Gold",25,"Female",0
"75","3",34,31,1,0.3,0,0,"A sheriff","Gold",25,"Female",0
"75","3",35,29,2,0.7,1,0,"A sheriff","Gold",25,"Female",0
"75","3",36,24,2,0.7,0,0,"A sheriff","Gold",25,"Female",0
"75","3",37,27,1,0.3,0,0,"A sheriff","Gold",25,"Female",0
"75","3",38,34,2,0.7,1,1,"A sheriff","Gold",25,"Female",0
"75","3",39,31,1,0.3,0,0,"A sheriff","Gold",25,"Female",0
"75","3",40,18,2,0.7,1,1,"A sheriff","Gold",25,"Female",0
"75","3",41,19,1,0.3,0,1,"A sheriff","Gold",25,"Female",0
"75","3",42,30,1,0.3,0,0,"A sheriff","Gold",25,"Female",0
"75","3",43,17,2,0.7,0,0,"A sheriff","Gold",25,"Female",0
"75","3",44,20,1,0.3,0,0,"A sheriff","Gold",25,"Female",0
"75","3",45,25,1,0.3,1,0,"A sheriff","Gold",25,"Female",0
"75","3",46,28,1,0.3,1,1,"A sheriff","Gold",25,"Female",0
"75","3",47,26,1,0.3,0,1,"A sheriff","Gold",25,"Female",0
"75","3",48,32,2,0.7,1,1,"A sheriff","Gold",25,"Female",0
"75","3",49,32,1,0.3,1,0,"A sheriff","Gold",25,"Female",0
"75","3",50,26,2,0.7,1,0,"A sheriff","Gold",25,"Female",0
"76","3",1,73,1,0.3,1,1,"A sheriff","Emeralds",38,"Male",1
"76","3",2,18,2,0.7,0,1,"A sheriff","Emeralds",38,"Male",1
"76","3",3,79,1,0.3,0,0,"A sheriff","Emeralds",38,"Male",1
"76","3",4,80,1,0.3,0,0,"A sheriff","Emeralds",38,"Male",1
"76","3",5,18,2,0.7,1,0,"A sheriff","Emeralds",38,"Male",1
"76","3",6,22,2,0.7,1,0,"A sheriff","Emeralds",38,"Male",1
"76","3",7,23,2,0.7,0,0,"A sheriff","Emeralds",38,"Male",1
"76","3",8,26,1,0.3,1,1,"A sheriff","Emeralds",38,"Male",1
"76","3",9,23,1,0.3,0,0,"A sheriff","Emeralds",38,"Male",1
"76","3",10,19,2,0.7,1,1,"A sheriff","Emeralds",38,"Male",1
"76","3",11,23,2,0.7,1,0,"A sheriff","Emeralds",38,"Male",1
"76","3",12,18,1,0.3,0,1,"A sheriff","Emeralds",38,"Male",1
"76","3",13,17,2,0.7,0,1,"A sheriff","Emeralds",38,"Male",1
"76","3",14,19,1,0.3,1,1,"A sheriff","Emeralds",38,"Male",1
"76","3",15,19,1,0.3,1,0,"A sheriff","Emeralds",38,"Male",1
"76","3",16,18,2,0.7,0,1,"A sheriff","Emeralds",38,"Male",1
"76","3",17,87,1,0.3,0,0,"A sheriff","Emeralds",38,"Male",1
"76","3",18,21,2,0.7,1,0,"A sheriff","Emeralds",38,"Male",1
"76","3",19,24,2,0.7,1,0,"A sheriff","Emeralds",38,"Male",1
"76","3",20,27,2,0.7,1,1,"A sheriff","Emeralds",38,"Male",1
"76","3",21,20,1,0.3,0,0,"A sheriff","Emeralds",38,"Male",1
"76","3",22,25,2,0.7,0,0,"A sheriff","Emeralds",38,"Male",1
"76","3",23,21,1,0.3,0,0,"A sheriff","Emeralds",38,"Male",1
"76","3",24,29,2,0.7,1,0,"A sheriff","Emeralds",38,"Male",1
"76","3",25,19,2,0.7,1,0,"A sheriff","Emeralds",38,"Male",1
"76","3",26,21,2,0.7,1,1,"A sheriff","Emeralds",38,"Male",1
"76","3",27,29,2,0.7,1,0,"A sheriff","Emeralds",38,"Male",1
"76","3",28,14,2,0.7,1,0,"A sheriff","Emeralds",38,"Male",1
"76","3",29,77,2,0.7,1,0,"A sheriff","Emeralds",38,"Male",1
"76","3",30,24,2,0.7,1,0,"A sheriff","Emeralds",38,"Male",1
"76","3",31,27,2,0.7,1,0,"A sheriff","Emeralds",38,"Male",1
"76","3",32,86,2,0.7,1,0,"A sheriff","Emeralds",38,"Male",1
"76","3",33,16,2,0.7,0,0,"A sheriff","Emeralds",38,"Male",1
"76","3",34,18,1,0.3,1,0,"A sheriff","Emeralds",38,"Male",1
"76","3",35,22,1,0.3,0,0,"A sheriff","Emeralds",38,"Male",1
"76","3",36,23,2,0.7,0,0,"A sheriff","Emeralds",38,"Male",1
"76","3",37,22,2,0.7,1,0,"A sheriff","Emeralds",38,"Male",1
"76","3",38,17,2,0.7,1,0,"A sheriff","Emeralds",38,"Male",1
"76","3",39,15,2,0.7,1,1,"A sheriff","Emeralds",38,"Male",1
"76","3",40,87,2,0.7,1,0,"A sheriff","Emeralds",38,"Male",1
"76","3",41,13,2,0.7,1,0,"A sheriff","Emeralds",38,"Male",1
"76","3",42,19,2,0.7,1,1,"A sheriff","Emeralds",38,"Male",1
"76","3",43,19,2,0.7,0,1,"A sheriff","Emeralds",38,"Male",1
"76","3",44,14,2,0.7,1,1,"A sheriff","Emeralds",38,"Male",1
"76","3",45,83,2,0.7,0,1,"A sheriff","Emeralds",38,"Male",1
"76","3",46,12,2,0.7,1,0,"A sheriff","Emeralds",38,"Male",1
"76","3",47,82,2,0.7,1,0,"A sheriff","Emeralds",38,"Male",1
"76","3",48,15,2,0.7,0,0,"A sheriff","Emeralds",38,"Male",1
"76","3",49,88,2,0.7,1,0,"A sheriff","Emeralds",38,"Male",1
"76","3",50,16,2,0.7,0,0,"A sheriff","Emeralds",38,"Male",1
"77","1",1,10,2,0.7,1,0,"A bandit","Emeralds",28,"Male",1
"77","1",2,62,2,0.7,0,1,"A bandit","Emeralds",28,"Male",1
"77","1",3,26,2,0.7,1,0,"A bandit","Emeralds",28,"Male",1
"77","1",4,71,2,0.7,0,1,"A bandit","Emeralds",28,"Male",1
"77","1",5,9,1,0.3,0,0,"A bandit","Emeralds",28,"Male",1
"77","1",6,56,2,0.7,0,0,"A bandit","Emeralds",28,"Male",1
"77","1",7,42,2,0.7,0,1,"A bandit","Emeralds",28,"Male",1
"77","1",8,48,1,0.3,0,0,"A bandit","Emeralds",28,"Male",1
"77","1",9,56,1,0.3,1,0,"A bandit","Emeralds",28,"Male",1
"77","1",10,25,1,0.3,0,0,"A bandit","Emeralds",28,"Male",1
"77","1",11,23,2,0.7,1,0,"A bandit","Emeralds",28,"Male",1
"77","1",12,26,2,0.7,1,0,"A bandit","Emeralds",28,"Male",1
"77","1",13,82,2,0.7,0,0,"A bandit","Emeralds",28,"Male",1
"77","1",14,55,2,0.7,0,1,"A bandit","Emeralds",28,"Male",1
"77","1",15,60,2,0.7,0,0,"A bandit","Emeralds",28,"Male",1
"77","1",16,38,2,0.7,0,0,"A bandit","Emeralds",28,"Male",1
"77","1",17,45,2,0.7,1,0,"A bandit","Emeralds",28,"Male",1
"77","1",18,31,2,0.7,0,1,"A bandit","Emeralds",28,"Male",1
"77","1",19,33,1,0.3,0,1,"A bandit","Emeralds",28,"Male",1
"77","1",20,39,1,0.3,0,0,"A bandit","Emeralds",28,"Male",1
"77","1",21,25,1,0.3,1,0,"A bandit","Emeralds",28,"Male",1
"77","1",22,13,1,0.3,1,0,"A bandit","Emeralds",28,"Male",1
"77","1",23,61,1,0.3,0,1,"A bandit","Emeralds",28,"Male",1
"77","1",24,19,1,0.3,1,0,"A bandit","Emeralds",28,"Male",1
"77","1",25,43,1,0.3,0,0,"A bandit","Emeralds",28,"Male",1
"77","1",26,34,1,0.3,0,0,"A bandit","Emeralds",28,"Male",1
"77","1",27,23,1,0.3,0,0,"A bandit","Emeralds",28,"Male",1
"77","1",28,20,2,0.7,0,1,"A bandit","Emeralds",28,"Male",1
"77","1",29,14,2,0.7,1,0,"A bandit","Emeralds",28,"Male",1
"77","1",30,16,2,0.7,1,0,"A bandit","Emeralds",28,"Male",1
"77","1",31,20,2,0.7,0,1,"A bandit","Emeralds",28,"Male",1
"77","1",32,34,1,0.3,0,0,"A bandit","Emeralds",28,"Male",1
"77","1",33,30,1,0.3,0,1,"A bandit","Emeralds",28,"Male",1
"77","1",34,13,2,0.7,0,0,"A bandit","Emeralds",28,"Male",1
"77","1",35,19,2,0.7,1,0,"A bandit","Emeralds",28,"Male",1
"77","1",36,29,2,0.7,1,0,"A bandit","Emeralds",28,"Male",1
"77","1",37,67,2,0.7,0,1,"A bandit","Emeralds",28,"Male",1
"77","1",38,54,2,0.7,0,1,"A bandit","Emeralds",28,"Male",1
"77","1",39,20,2,0.7,1,0,"A bandit","Emeralds",28,"Male",1
"77","1",40,53,2,0.7,0,1,"A bandit","Emeralds",28,"Male",1
"77","1",41,20,2,0.7,1,0,"A bandit","Emeralds",28,"Male",1
"77","1",42,54,2,0.7,0,1,"A bandit","Emeralds",28,"Male",1
"77","1",43,39,2,0.7,0,1,"A bandit","Emeralds",28,"Male",1
"77","1",44,18,2,0.7,1,0,"A bandit","Emeralds",28,"Male",1
"77","1",45,39,2,0.7,0,0,"A bandit","Emeralds",28,"Male",1
"77","1",46,8,2,0.7,1,0,"A bandit","Emeralds",28,"Male",1
"77","1",47,11,2,0.7,1,0,"A bandit","Emeralds",28,"Male",1
"77","1",48,10,2,0.7,1,0,"A bandit","Emeralds",28,"Male",1
"77","1",49,8,2,0.7,1,0,"A bandit","Emeralds",28,"Male",1
"77","1",50,23,2,0.7,0,0,"A bandit","Emeralds",28,"Male",1
"78","2",1,60,1,0.7,1,0,"A sheriff","Emeralds",60,"Female",0
"78","2",2,52,2,0.3,1,0,"A sheriff","Emeralds",60,"Female",0
"78","2",3,54,2,0.3,1,1,"A sheriff","Emeralds",60,"Female",0
"78","2",4,53,1,0.7,1,1,"A sheriff","Emeralds",60,"Female",0
"78","2",5,59,2,0.3,1,1,"A sheriff","Emeralds",60,"Female",0
"78","2",6,53,2,0.3,1,1,"A sheriff","Emeralds",60,"Female",0
"78","2",7,39,1,0.7,1,1,"A sheriff","Emeralds",60,"Female",0
"78","2",8,38,2,0.3,1,0,"A sheriff","Emeralds",60,"Female",0
"78","2",9,43,1,0.7,0,0,"A sheriff","Emeralds",60,"Female",0
"78","2",10,64,2,0.3,1,1,"A sheriff","Emeralds",60,"Female",0
"78","2",11,55,2,0.3,0,0,"A sheriff","Emeralds",60,"Female",0
"78","2",12,58,1,0.7,1,0,"A sheriff","Emeralds",60,"Female",0
"78","2",13,61,1,0.7,1,1,"A sheriff","Emeralds",60,"Female",0
"78","2",14,57,2,0.3,1,0,"A sheriff","Emeralds",60,"Female",0
"78","2",15,56,2,0.3,0,0,"A sheriff","Emeralds",60,"Female",0
"78","2",16,56,2,0.3,1,1,"A sheriff","Emeralds",60,"Female",0
"78","2",17,61,1,0.7,0,0,"A sheriff","Emeralds",60,"Female",0
"78","2",18,59,1,0.7,1,0,"A sheriff","Emeralds",60,"Female",0
"78","2",19,57,2,0.3,0,0,"A sheriff","Emeralds",60,"Female",0
"78","2",20,55,1,0.7,1,0,"A sheriff","Emeralds",60,"Female",0
"78","2",21,58,2,0.3,0,0,"A sheriff","Emeralds",60,"Female",0
"78","2",22,58,1,0.7,1,0,"A sheriff","Emeralds",60,"Female",0
"78","2",23,54,2,0.3,1,1,"A sheriff","Emeralds",60,"Female",0
"78","2",24,58,2,0.3,0,0,"A sheriff","Emeralds",60,"Female",0
"78","2",25,59,2,0.3,1,1,"A sheriff","Emeralds",60,"Female",0
"78","2",26,55,1,0.7,1,0,"A sheriff","Emeralds",60,"Female",0
"78","2",27,55,1,0.7,1,1,"A sheriff","Emeralds",60,"Female",0
"78","2",28,55,2,0.3,1,1,"A sheriff","Emeralds",60,"Female",0
"78","2",29,58,1,0.7,1,0,"A sheriff","Emeralds",60,"Female",0
"78","2",30,56,2,0.3,0,0,"A sheriff","Emeralds",60,"Female",0
"78","2",31,57,1,0.7,1,0,"A sheriff","Emeralds",60,"Female",0
"78","2",32,55,1,0.7,1,0,"A sheriff","Emeralds",60,"Female",0
"78","2",33,56,2,0.3,1,0,"A sheriff","Emeralds",60,"Female",0
"78","2",34,58,2,0.3,0,0,"A sheriff","Emeralds",60,"Female",0
"78","2",35,59,1,0.7,0,0,"A sheriff","Emeralds",60,"Female",0
"78","2",36,55,1,0.7,1,0,"A sheriff","Emeralds",60,"Female",0
"78","2",37,53,2,0.3,0,0,"A sheriff","Emeralds",60,"Female",0
"78","2",38,58,1,0.7,1,0,"A sheriff","Emeralds",60,"Female",0
"78","2",39,58,1,0.7,1,0,"A sheriff","Emeralds",60,"Female",0
"78","2",40,55,2,0.3,0,0,"A sheriff","Emeralds",60,"Female",0
"78","2",41,59,1,0.7,1,0,"A sheriff","Emeralds",60,"Female",0
"78","2",42,57,1,0.7,0,0,"A sheriff","Emeralds",60,"Female",0
"78","2",43,57,2,0.3,0,0,"A sheriff","Emeralds",60,"Female",0
"78","2",44,60,1,0.7,1,1,"A sheriff","Emeralds",60,"Female",0
"78","2",45,54,2,0.3,0,0,"A sheriff","Emeralds",60,"Female",0
"78","2",46,55,2,0.3,1,1,"A sheriff","Emeralds",60,"Female",0
"78","2",47,54,1,0.7,1,0,"A sheriff","Emeralds",60,"Female",0
"78","2",48,55,2,0.3,1,0,"A sheriff","Emeralds",60,"Female",0
"78","2",49,57,1,0.7,1,0,"A sheriff","Emeralds",60,"Female",0
"78","2",50,56,2,0.3,1,1,"A sheriff","Emeralds",60,"Female",0
"79","2",1,69,1,0.7,1,0,"A tycoon","Emeralds",32,"Female",1
"79","2",2,80,1,0.7,1,0,"A tycoon","Emeralds",32,"Female",1
"79","2",3,77,1,0.7,1,1,"A tycoon","Emeralds",32,"Female",1
"79","2",4,85,1,0.7,1,1,"A tycoon","Emeralds",32,"Female",1
"79","2",5,78,1,0.7,1,0,"A tycoon","Emeralds",32,"Female",1
"79","2",6,69,1,0.7,1,1,"A tycoon","Emeralds",32,"Female",1
"79","2",7,71,1,0.7,1,0,"A tycoon","Emeralds",32,"Female",1
"79","2",8,71,1,0.7,1,0,"A tycoon","Emeralds",32,"Female",1
"79","2",9,66,1,0.7,1,1,"A tycoon","Emeralds",32,"Female",1
"79","2",10,72,1,0.7,1,0,"A tycoon","Emeralds",32,"Female",1
"79","2",11,70,1,0.7,1,0,"A tycoon","Emeralds",32,"Female",1
"79","2",12,65,1,0.7,1,1,"A tycoon","Emeralds",32,"Female",1
"79","2",13,56,1,0.7,1,1,"A tycoon","Emeralds",32,"Female",1
"79","2",14,63,1,0.7,1,0,"A tycoon","Emeralds",32,"Female",1
"79","2",15,62,1,0.7,1,0,"A tycoon","Emeralds",32,"Female",1
"79","2",16,0,1,0.7,0,0,"A tycoon","Emeralds",32,"Female",1
"79","2",17,60,1,0.7,1,0,"A tycoon","Emeralds",32,"Female",1
"79","2",18,61,1,0.7,1,1,"A tycoon","Emeralds",32,"Female",1
"79","2",19,59,1,0.7,1,1,"A tycoon","Emeralds",32,"Female",1
"79","2",20,57,1,0.7,1,0,"A tycoon","Emeralds",32,"Female",1
"79","2",21,56,1,0.7,1,0,"A tycoon","Emeralds",32,"Female",1
"79","2",22,58,1,0.7,1,0,"A tycoon","Emeralds",32,"Female",1
"79","2",23,0,1,0.7,0,0,"A tycoon","Emeralds",32,"Female",1
"79","2",24,58,1,0.7,1,0,"A tycoon","Emeralds",32,"Female",1
"79","2",25,0,1,0.7,0,0,"A tycoon","Emeralds",32,"Female",1
"79","2",26,54,1,0.7,1,1,"A tycoon","Emeralds",32,"Female",1
"79","2",27,54,1,0.7,1,0,"A tycoon","Emeralds",32,"Female",1
"79","2",28,53,1,0.7,1,0,"A tycoon","Emeralds",32,"Female",1
"79","2",29,54,1,0.7,1,1,"A tycoon","Emeralds",32,"Female",1
"79","2",30,54,1,0.7,1,1,"A tycoon","Emeralds",32,"Female",1
"79","2",31,54,1,0.7,1,0,"A tycoon","Emeralds",32,"Female",1
"79","2",32,53,1,0.7,1,0,"A tycoon","Emeralds",32,"Female",1
"79","2",33,54,1,0.7,1,0,"A tycoon","Emeralds",32,"Female",1
"79","2",34,54,1,0.7,1,0,"A tycoon","Emeralds",32,"Female",1
"79","2",35,54,1,0.7,1,0,"A tycoon","Emeralds",32,"Female",1
"79","2",36,0,1,0.7,0,0,"A tycoon","Emeralds",32,"Female",1
"79","2",37,54,1,0.7,1,0,"A tycoon","Emeralds",32,"Female",1
"79","2",38,53,1,0.7,1,0,"A tycoon","Emeralds",32,"Female",1
"79","2",39,0,1,0.7,0,0,"A tycoon","Emeralds",32,"Female",1
"79","2",40,0,1,0.7,0,0,"A tycoon","Emeralds",32,"Female",1
"79","2",41,55,1,0.7,1,1,"A tycoon","Emeralds",32,"Female",1
"79","2",42,54,1,0.7,1,0,"A tycoon","Emeralds",32,"Female",1
"79","2",43,55,1,0.7,1,1,"A tycoon","Emeralds",32,"Female",1
"79","2",44,57,1,0.7,1,1,"A tycoon","Emeralds",32,"Female",1
"79","2",45,0,1,0.7,0,0,"A tycoon","Emeralds",32,"Female",1
"79","2",46,54,1,0.7,1,1,"A tycoon","Emeralds",32,"Female",1
"79","2",47,53,1,0.7,1,0,"A tycoon","Emeralds",32,"Female",1
"79","2",48,55,1,0.7,1,0,"A tycoon","Emeralds",32,"Female",1
"79","2",49,54,1,0.7,1,0,"A tycoon","Emeralds",32,"Female",1
"79","2",50,53,1,0.7,1,0,"A tycoon","Emeralds",32,"Female",1
"80","3",1,33,1,0.3,0,0,"A sheriff","Emeralds",45,"Female",1
"80","3",2,41,2,0.7,0,0,"A sheriff","Emeralds",45,"Female",1
"80","3",3,41,1,0.3,0,1,"A sheriff","Emeralds",45,"Female",1
"80","3",4,36,1,0.3,0,0,"A sheriff","Emeralds",45,"Female",1
"80","3",5,61,1,0.3,1,1,"A sheriff","Emeralds",45,"Female",1
"80","3",6,51,1,0.3,0,0,"A sheriff","Emeralds",45,"Female",1
"80","3",7,44,1,0.3,0,1,"A sheriff","Emeralds",45,"Female",1
"80","3",8,61,2,0.7,1,0,"A sheriff","Emeralds",45,"Female",1
"80","3",9,52,2,0.7,1,1,"A sheriff","Emeralds",45,"Female",1
"80","3",10,64,2,0.7,1,0,"A sheriff","Emeralds",45,"Female",1
"80","3",11,80,2,0.7,1,0,"A sheriff","Emeralds",45,"Female",1
"80","3",12,87,2,0.7,0,0,"A sheriff","Emeralds",45,"Female",1
"80","3",13,70,2,0.7,1,0,"A sheriff","Emeralds",45,"Female",1
"80","3",14,72,2,0.7,1,0,"A sheriff","Emeralds",45,"Female",1
"80","3",15,68,2,0.7,1,1,"A sheriff","Emeralds",45,"Female",1
"80","3",16,91,2,0.7,0,0,"A sheriff","Emeralds",45,"Female",1
"80","3",17,47,2,0.7,1,1,"A sheriff","Emeralds",45,"Female",1
"80","3",18,48,2,0.7,1,0,"A sheriff","Emeralds",45,"Female",1
"80","3",19,65,2,0.7,0,0,"A sheriff","Emeralds",45,"Female",1
"80","3",20,63,2,0.7,0,0,"A sheriff","Emeralds",45,"Female",1
"80","3",21,55,2,0.7,1,0,"A sheriff","Emeralds",45,"Female",1
"80","3",22,63,2,0.7,1,0,"A sheriff","Emeralds",45,"Female",1
"80","3",23,37,1,0.3,0,0,"A sheriff","Emeralds",45,"Female",1
"80","3",24,41,2,0.7,1,0,"A sheriff","Emeralds",45,"Female",1
"80","3",25,63,2,0.7,0,1,"A sheriff","Emeralds",45,"Female",1
"80","3",26,59,2,0.7,1,0,"A sheriff","Emeralds",45,"Female",1
"80","3",27,61,2,0.7,1,0,"A sheriff","Emeralds",45,"Female",1
"80","3",28,62,2,0.7,1,1,"A sheriff","Emeralds",45,"Female",1
"80","3",29,46,2,0.7,1,0,"A sheriff","Emeralds",45,"Female",1
"80","3",30,42,2,0.7,1,0,"A sheriff","Emeralds",45,"Female",1
"80","3",31,43,2,0.7,1,0,"A sheriff","Emeralds",45,"Female",1
"80","3",32,75,2,0.7,0,0,"A sheriff","Emeralds",45,"Female",1
"80","3",33,61,2,0.7,0,1,"A sheriff","Emeralds",45,"Female",1
"80","3",34,56,2,0.7,1,0,"A sheriff","Emeralds",45,"Female",1
"80","3",35,56,2,0.7,1,0,"A sheriff","Emeralds",45,"Female",1
"80","3",36,55,2,0.7,1,0,"A sheriff","Emeralds",45,"Female",1
"80","3",37,58,2,0.7,0,0,"A sheriff","Emeralds",45,"Female",1
"80","3",38,47,2,0.7,1,1,"A sheriff","Emeralds",45,"Female",1
"80","3",39,49,2,0.7,1,1,"A sheriff","Emeralds",45,"Female",1
"80","3",40,48,2,0.7,1,1,"A sheriff","Emeralds",45,"Female",1
"80","3",41,36,2,0.7,1,0,"A sheriff","Emeralds",45,"Female",1
"80","3",42,29,2,0.7,1,1,"A sheriff","Emeralds",45,"Female",1
"80","3",43,13,2,0.7,1,0,"A sheriff","Emeralds",45,"Female",1
"80","3",44,8,2,0.7,1,0,"A sheriff","Emeralds",45,"Female",1
"80","3",45,69,2,0.7,0,0,"A sheriff","Emeralds",45,"Female",1
"80","3",46,65,2,0.7,0,0,"A sheriff","Emeralds",45,"Female",1
"80","3",47,45,2,0.7,1,0,"A sheriff","Emeralds",45,"Female",1
"80","3",48,56,2,0.7,0,1,"A sheriff","Emeralds",45,"Female",1
"80","3",49,59,2,0.7,0,1,"A sheriff","Emeralds",45,"Female",1
"80","3",50,61,2,0.7,0,0,"A sheriff","Emeralds",45,"Female",1
"81","2",1,48,2,0.3,0,0,"A tycoon","Emeralds",29,"Female",1
"81","2",2,48,2,0.3,1,1,"A tycoon","Emeralds",29,"Female",1
"81","2",3,54,2,0.3,1,0,"A tycoon","Emeralds",29,"Female",1
"81","2",4,45,2,0.3,0,0,"A tycoon","Emeralds",29,"Female",1
"81","2",5,48,1,0.7,1,0,"A tycoon","Emeralds",29,"Female",1
"81","2",6,52,2,0.3,1,1,"A tycoon","Emeralds",29,"Female",1
"81","2",7,46,2,0.3,1,0,"A tycoon","Emeralds",29,"Female",1
"81","2",8,53,2,0.3,0,0,"A tycoon","Emeralds",29,"Female",1
"81","2",9,52,1,0.7,1,0,"A tycoon","Emeralds",29,"Female",1
"81","2",10,47,2,0.3,0,0,"A tycoon","Emeralds",29,"Female",1
"81","2",11,52,1,0.7,0,0,"A tycoon","Emeralds",29,"Female",1
"81","2",12,54,2,0.3,1,1,"A tycoon","Emeralds",29,"Female",1
"81","2",13,53,2,0.3,1,0,"A tycoon","Emeralds",29,"Female",1
"81","2",14,54,2,0.3,1,1,"A tycoon","Emeralds",29,"Female",1
"81","2",15,54,2,0.3,0,0,"A tycoon","Emeralds",29,"Female",1
"81","2",16,46,2,0.3,0,0,"A tycoon","Emeralds",29,"Female",1
"81","2",17,57,2,0.3,1,0,"A tycoon","Emeralds",29,"Female",1
"81","2",18,55,2,0.3,1,0,"A tycoon","Emeralds",29,"Female",1
"81","2",19,52,2,0.3,1,1,"A tycoon","Emeralds",29,"Female",1
"81","2",20,52,2,0.3,0,0,"A tycoon","Emeralds",29,"Female",1
"81","2",21,52,1,0.7,1,1,"A tycoon","Emeralds",29,"Female",1
"81","2",22,54,2,0.3,1,1,"A tycoon","Emeralds",29,"Female",1
"81","2",23,54,2,0.3,1,1,"A tycoon","Emeralds",29,"Female",1
"81","2",24,54,2,0.3,1,0,"A tycoon","Emeralds",29,"Female",1
"81","2",25,56,2,0.3,1,0,"A tycoon","Emeralds",29,"Female",1
"81","2",26,54,2,0.3,1,1,"A tycoon","Emeralds",29,"Female",1
"81","2",27,53,2,0.3,1,1,"A tycoon","Emeralds",29,"Female",1
"81","2",28,56,2,0.3,1,0,"A tycoon","Emeralds",29,"Female",1
"81","2",29,55,2,0.3,0,0,"A tycoon","Emeralds",29,"Female",1
"81","2",30,52,1,0.7,1,0,"A tycoon","Emeralds",29,"Female",1
"81","2",31,54,2,0.3,1,1,"A tycoon","Emeralds",29,"Female",1
"81","2",32,53,1,0.7,1,1,"A tycoon","Emeralds",29,"Female",1
"81","2",33,53,2,0.3,1,0,"A tycoon","Emeralds",29,"Female",1
"81","2",34,52,2,0.3,0,0,"A tycoon","Emeralds",29,"Female",1
"81","2",35,52,1,0.7,0,0,"A tycoon","Emeralds",29,"Female",1
"81","2",36,52,2,0.3,0,0,"A tycoon","Emeralds",29,"Female",1
"81","2",37,47,2,0.3,0,0,"A tycoon","Emeralds",29,"Female",1
"81","2",38,56,1,0.7,1,0,"A tycoon","Emeralds",29,"Female",1
"81","2",39,55,2,0.3,1,1,"A tycoon","Emeralds",29,"Female",1
"81","2",40,53,2,0.3,0,0,"A tycoon","Emeralds",29,"Female",1
"81","2",41,54,1,0.7,0,0,"A tycoon","Emeralds",29,"Female",1
"81","2",42,52,2,0.3,1,0,"A tycoon","Emeralds",29,"Female",1
"81","2",43,52,1,0.7,1,0,"A tycoon","Emeralds",29,"Female",1
"81","2",44,53,2,0.3,0,0,"A tycoon","Emeralds",29,"Female",1
"81","2",45,52,1,0.7,1,0,"A tycoon","Emeralds",29,"Female",1
"81","2",46,53,1,0.7,1,1,"A tycoon","Emeralds",29,"Female",1
"81","2",47,55,2,0.3,1,1,"A tycoon","Emeralds",29,"Female",1
"81","2",48,54,1,0.7,0,0,"A tycoon","Emeralds",29,"Female",1
"81","2",49,53,2,0.3,1,0,"A tycoon","Emeralds",29,"Female",1
"81","2",50,52,1,0.7,1,0,"A tycoon","Emeralds",29,"Female",1
"82","2",1,41,2,0.3,0,0,"A tycoon","Emeralds",44,"Male",1
"82","2",2,54,2,0.3,1,0,"A tycoon","Emeralds",44,"Male",1
"82","2",3,54,2,0.3,1,1,"A tycoon","Emeralds",44,"Male",1
"82","2",4,49,2,0.3,0,0,"A tycoon","Emeralds",44,"Male",1
"82","2",5,47,1,0.7,1,0,"A tycoon","Emeralds",44,"Male",1
"82","2",6,52,2,0.3,1,1,"A tycoon","Emeralds",44,"Male",1
"82","2",7,55,2,0.3,0,0,"A tycoon","Emeralds",44,"Male",1
"82","2",8,53,1,0.7,1,0,"A tycoon","Emeralds",44,"Male",1
"82","2",9,48,2,0.3,1,1,"A tycoon","Emeralds",44,"Male",1
"82","2",10,49,2,0.3,1,0,"A tycoon","Emeralds",44,"Male",1
"82","2",11,55,2,0.3,1,1,"A tycoon","Emeralds",44,"Male",1
"82","2",12,53,2,0.3,0,0,"A tycoon","Emeralds",44,"Male",1
"82","2",13,53,1,0.7,1,0,"A tycoon","Emeralds",44,"Male",1
"82","2",14,56,2,0.3,0,0,"A tycoon","Emeralds",44,"Male",1
"82","2",15,52,2,0.3,1,0,"A tycoon","Emeralds",44,"Male",1
"82","2",16,54,2,0.3,1,0,"A tycoon","Emeralds",44,"Male",1
"82","2",17,55,2,0.3,1,1,"A tycoon","Emeralds",44,"Male",1
"82","2",18,52,2,0.3,0,0,"A tycoon","Emeralds",44,"Male",1
"82","2",19,52,1,0.7,1,1,"A tycoon","Emeralds",44,"Male",1
"82","2",20,53,2,0.3,1,1,"A tycoon","Emeralds",44,"Male",1
"82","2",21,55,2,0.3,0,0,"A tycoon","Emeralds",44,"Male",1
"82","2",22,54,1,0.7,1,1,"A tycoon","Emeralds",44,"Male",1
"82","2",23,53,2,0.3,1,0,"A tycoon","Emeralds",44,"Male",1
"82","2",24,56,2,0.3,0,0,"A tycoon","Emeralds",44,"Male",1
"82","2",25,56,2,0.3,1,1,"A tycoon","Emeralds",44,"Male",1
"82","2",26,55,2,0.3,0,0,"A tycoon","Emeralds",44,"Male",1
"82","2",27,54,1,0.7,1,0,"A tycoon","Emeralds",44,"Male",1
"82","2",28,55,2,0.3,1,1,"A tycoon","Emeralds",44,"Male",1
"82","2",29,53,2,0.3,1,1,"A tycoon","Emeralds",44,"Male",1
"82","2",30,53,2,0.3,1,0,"A tycoon","Emeralds",44,"Male",1
"82","2",31,52,1,0.7,1,1,"A tycoon","Emeralds",44,"Male",1
"82","2",32,53,2,0.3,1,0,"A tycoon","Emeralds",44,"Male",1
"82","2",33,53,2,0.3,1,1,"A tycoon","Emeralds",44,"Male",1
"82","2",34,52,2,0.3,0,0,"A tycoon","Emeralds",44,"Male",1
"82","2",35,51,1,0.7,1,1,"A tycoon","Emeralds",44,"Male",1
"82","2",36,52,2,0.3,0,0,"A tycoon","Emeralds",44,"Male",1
"82","2",37,53,1,0.7,1,0,"A tycoon","Emeralds",44,"Male",1
"82","2",38,56,2,0.3,1,0,"A tycoon","Emeralds",44,"Male",1
"82","2",39,53,2,0.3,0,0,"A tycoon","Emeralds",44,"Male",1
"82","2",40,53,1,0.7,0,0,"A tycoon","Emeralds",44,"Male",1
"82","2",41,52,2,0.3,0,0,"A tycoon","Emeralds",44,"Male",1
"82","2",42,52,1,0.7,1,0,"A tycoon","Emeralds",44,"Male",1
"82","2",43,52,2,0.3,0,0,"A tycoon","Emeralds",44,"Male",1
"82","2",44,53,1,0.7,1,0,"A tycoon","Emeralds",44,"Male",1
"82","2",45,52,1,0.7,1,0,"A tycoon","Emeralds",44,"Male",1
"82","2",46,47,2,0.3,0,0,"A tycoon","Emeralds",44,"Male",1
"82","2",47,52,1,0.7,1,0,"A tycoon","Emeralds",44,"Male",1
"82","2",48,51,2,0.3,1,0,"A tycoon","Emeralds",44,"Male",1
"82","2",49,52,1,0.7,1,0,"A tycoon","Emeralds",44,"Male",1
"82","2",50,52,2,0.3,1,1,"A tycoon","Emeralds",44,"Male",1
"83","1",1,5,1,0.7,0,0,"A bandit","Emeralds",26,"Female",1
"83","1",2,10,1,0.7,1,0,"A bandit","Emeralds",26,"Female",1
"83","1",3,1,1,0.7,1,0,"A bandit","Emeralds",26,"Female",1
"83","1",4,75,1,0.7,0,1,"A bandit","Emeralds",26,"Female",1
"83","1",5,69,1,0.7,0,1,"A bandit","Emeralds",26,"Female",1
"83","1",6,82,1,0.7,0,0,"A bandit","Emeralds",26,"Female",1
"83","1",7,0,1,0.7,1,0,"A bandit","Emeralds",26,"Female",1
"83","1",8,79,1,0.7,0,1,"A bandit","Emeralds",26,"Female",1
"83","1",9,94,2,0.3,0,1,"A bandit","Emeralds",26,"Female",1
"83","1",10,100,2,0.3,0,1,"A bandit","Emeralds",26,"Female",1
"83","1",11,100,2,0.3,0,1,"A bandit","Emeralds",26,"Female",1
"83","1",12,90,2,0.3,1,0,"A bandit","Emeralds",26,"Female",1
"83","1",13,85,2,0.3,0,0,"A bandit","Emeralds",26,"Female",1
"83","1",14,72,1,0.7,0,1,"A bandit","Emeralds",26,"Female",1
"83","1",15,1,1,0.7,1,0,"A bandit","Emeralds",26,"Female",1
"83","1",16,10,1,0.7,1,0,"A bandit","Emeralds",26,"Female",1
"83","1",17,33,1,0.7,0,1,"A bandit","Emeralds",26,"Female",1
"83","1",18,43,1,0.7,1,0,"A bandit","Emeralds",26,"Female",1
"83","1",19,1,1,0.7,0,0,"A bandit","Emeralds",26,"Female",1
"83","1",20,62,1,0.7,1,0,"A bandit","Emeralds",26,"Female",1
"83","1",21,27,1,0.7,0,1,"A bandit","Emeralds",26,"Female",1
"83","1",22,0,1,0.7,1,0,"A bandit","Emeralds",26,"Female",1
"83","1",23,11,1,0.7,1,0,"A bandit","Emeralds",26,"Female",1
"83","1",24,0,1,0.7,1,0,"A bandit","Emeralds",26,"Female",1
"83","1",25,49,1,0.7,0,1,"A bandit","Emeralds",26,"Female",1
"83","1",26,21,1,0.7,0,0,"A bandit","Emeralds",26,"Female",1
"83","1",27,4,1,0.7,0,1,"A bandit","Emeralds",26,"Female",1
"83","1",28,5,1,0.7,0,1,"A bandit","Emeralds",26,"Female",1
"83","1",29,6,1,0.7,1,0,"A bandit","Emeralds",26,"Female",1
"83","1",30,13,1,0.7,1,0,"A bandit","Emeralds",26,"Female",1
"83","1",31,8,1,0.7,1,0,"A bandit","Emeralds",26,"Female",1
"83","1",32,8,1,0.7,0,0,"A bandit","Emeralds",26,"Female",1
"83","1",33,34,1,0.7,0,1,"A bandit","Emeralds",26,"Female",1
"83","1",34,38,1,0.7,0,1,"A bandit","Emeralds",26,"Female",1
"83","1",35,71,1,0.7,0,0,"A bandit","Emeralds",26,"Female",1
"83","1",36,7,1,0.7,1,0,"A bandit","Emeralds",26,"Female",1
"83","1",37,14,1,0.7,0,1,"A bandit","Emeralds",26,"Female",1
"83","1",38,14,1,0.7,1,0,"A bandit","Emeralds",26,"Female",1
"83","1",39,6,1,0.7,1,0,"A bandit","Emeralds",26,"Female",1
"83","1",40,36,1,0.7,1,0,"A bandit","Emeralds",26,"Female",1
"83","1",41,23,1,0.7,1,0,"A bandit","Emeralds",26,"Female",1
"83","1",42,7,1,0.7,1,0,"A bandit","Emeralds",26,"Female",1
"83","1",43,13,1,0.7,0,0,"A bandit","Emeralds",26,"Female",1
"83","1",44,30,1,0.7,1,0,"A bandit","Emeralds",26,"Female",1
"83","1",45,70,2,0.3,0,0,"A bandit","Emeralds",26,"Female",1
"83","1",46,9,1,0.7,1,0,"A bandit","Emeralds",26,"Female",1
"83","1",47,16,1,0.7,0,0,"A bandit","Emeralds",26,"Female",1
"83","1",48,31,1,0.7,1,0,"A bandit","Emeralds",26,"Female",1
"83","1",49,18,1,0.7,0,0,"A bandit","Emeralds",26,"Female",1
"83","1",50,8,1,0.7,1,0,"A bandit","Emeralds",26,"Female",1
"84","2",1,1,1,0.3,0,0,"A tycoon","Emeralds",28,"Male",1
"84","2",2,61,2,0.7,1,1,"A tycoon","Emeralds",28,"Male",1
"84","2",3,0,2,0.7,0,0,"A tycoon","Emeralds",28,"Male",1
"84","2",4,0,2,0.7,0,0,"A tycoon","Emeralds",28,"Male",1
"84","2",5,1,1,0.3,0,0,"A tycoon","Emeralds",28,"Male",1
"84","2",6,91,2,0.7,1,1,"A tycoon","Emeralds",28,"Male",1
"84","2",7,49,2,0.7,1,1,"A tycoon","Emeralds",28,"Male",1
"84","2",8,0,2,0.7,0,0,"A tycoon","Emeralds",28,"Male",1
"84","2",9,28,2,0.7,1,0,"A tycoon","Emeralds",28,"Male",1
"84","2",10,22,2,0.7,1,1,"A tycoon","Emeralds",28,"Male",1
"84","2",11,0,2,0.7,0,0,"A tycoon","Emeralds",28,"Male",1
"84","2",12,0,1,0.3,0,0,"A tycoon","Emeralds",28,"Male",1
"84","2",13,7,2,0.7,1,1,"A tycoon","Emeralds",28,"Male",1
"84","2",14,8,2,0.7,1,0,"A tycoon","Emeralds",28,"Male",1
"84","2",15,7,2,0.7,1,0,"A tycoon","Emeralds",28,"Male",1
"84","2",16,11,2,0.7,1,1,"A tycoon","Emeralds",28,"Male",1
"84","2",17,3,2,0.7,0,0,"A tycoon","Emeralds",28,"Male",1
"84","2",18,9,2,0.7,1,0,"A tycoon","Emeralds",28,"Male",1
"84","2",19,5,2,0.7,0,0,"A tycoon","Emeralds",28,"Male",1
"84","2",20,8,2,0.7,1,1,"A tycoon","Emeralds",28,"Male",1
"84","2",21,7,2,0.7,1,1,"A tycoon","Emeralds",28,"Male",1
"84","2",22,4,2,0.7,1,0,"A tycoon","Emeralds",28,"Male",1
"84","2",23,0,2,0.7,1,0,"A tycoon","Emeralds",28,"Male",1
"84","2",24,7,2,0.7,1,1,"A tycoon","Emeralds",28,"Male",1
"84","2",25,4,2,0.7,1,0,"A tycoon","Emeralds",28,"Male",1
"84","2",26,1,2,0.7,0,0,"A tycoon","Emeralds",28,"Male",1
"84","2",27,3,2,0.7,1,0,"A tycoon","Emeralds",28,"Male",1
"84","2",28,3,2,0.7,0,0,"A tycoon","Emeralds",28,"Male",1
"84","2",29,2,2,0.7,1,0,"A tycoon","Emeralds",28,"Male",1
"84","2",30,1,2,0.7,1,1,"A tycoon","Emeralds",28,"Male",1
"84","2",31,3,2,0.7,1,0,"A tycoon","Emeralds",28,"Male",1
"84","2",32,5,2,0.7,0,0,"A tycoon","Emeralds",28,"Male",1
"84","2",33,1,2,0.7,0,0,"A tycoon","Emeralds",28,"Male",1
"84","2",34,5,2,0.7,1,0,"A tycoon","Emeralds",28,"Male",1
"84","2",35,6,2,0.7,1,1,"A tycoon","Emeralds",28,"Male",1
"84","2",36,0,2,0.7,0,0,"A tycoon","Emeralds",28,"Male",1
"84","2",37,1,2,0.7,1,0,"A tycoon","Emeralds",28,"Male",1
"84","2",38,0,2,0.7,1,0,"A tycoon","Emeralds",28,"Male",1
"84","2",39,1,2,0.7,0,0,"A tycoon","Emeralds",28,"Male",1
"84","2",40,0,2,0.7,1,0,"A tycoon","Emeralds",28,"Male",1
"84","2",41,0,2,0.7,1,0,"A tycoon","Emeralds",28,"Male",1
"84","2",42,0,2,0.7,0,0,"A tycoon","Emeralds",28,"Male",1
"84","2",43,0,2,0.7,1,0,"A tycoon","Emeralds",28,"Male",1
"84","2",44,0,2,0.7,1,1,"A tycoon","Emeralds",28,"Male",1
"84","2",45,0,2,0.7,1,0,"A tycoon","Emeralds",28,"Male",1
"84","2",46,0,2,0.7,1,1,"A tycoon","Emeralds",28,"Male",1
"84","2",47,1,2,0.7,1,0,"A tycoon","Emeralds",28,"Male",1
"84","2",48,1,2,0.7,1,1,"A tycoon","Emeralds",28,"Male",1
"84","2",49,1,2,0.7,0,0,"A tycoon","Emeralds",28,"Male",1
"84","2",50,2,2,0.7,1,1,"A tycoon","Emeralds",28,"Male",1
"85","1",1,1,1,0.7,1,0,"A bandit","Emeralds",62,"Female",1
"85","1",2,50,1,0.7,0,0,"A bandit","Emeralds",62,"Female",1
"85","1",3,1,1,0.7,1,0,"A bandit","Emeralds",62,"Female",1
"85","1",4,0,1,0.7,1,0,"A bandit","Emeralds",62,"Female",1
"85","1",5,1,1,0.7,1,0,"A bandit","Emeralds",62,"Female",1
"85","1",6,1,1,0.7,1,0,"A bandit","Emeralds",62,"Female",1
"85","1",7,0,1,0.7,1,0,"A bandit","Emeralds",62,"Female",1
"85","1",8,1,1,0.7,1,0,"A bandit","Emeralds",62,"Female",1
"85","1",9,1,1,0.7,1,0,"A bandit","Emeralds",62,"Female",1
"85","1",10,51,1,0.7,0,0,"A bandit","Emeralds",62,"Female",1
"85","1",11,1,1,0.7,1,0,"A bandit","Emeralds",62,"Female",1
"85","1",12,0,1,0.7,1,0,"A bandit","Emeralds",62,"Female",1
"85","1",13,1,1,0.7,1,0,"A bandit","Emeralds",62,"Female",1
"85","1",14,1,1,0.7,1,0,"A bandit","Emeralds",62,"Female",1
"85","1",15,1,1,0.7,1,0,"A bandit","Emeralds",62,"Female",1
"85","1",16,50,1,0.7,0,1,"A bandit","Emeralds",62,"Female",1
"85","1",17,68,1,0.7,0,0,"A bandit","Emeralds",62,"Female",1
"85","1",18,89,1,0.7,0,1,"A bandit","Emeralds",62,"Female",1
"85","1",19,1,1,0.7,1,0,"A bandit","Emeralds",62,"Female",1
"85","1",20,1,1,0.7,1,0,"A bandit","Emeralds",62,"Female",1
"85","1",21,1,1,0.7,1,0,"A bandit","Emeralds",62,"Female",1
"85","1",22,1,1,0.7,1,0,"A bandit","Emeralds",62,"Female",1
"85","1",23,0,1,0.7,1,0,"A bandit","Emeralds",62,"Female",1
"85","1",24,2,1,0.7,1,0,"A bandit","Emeralds",62,"Female",1
"85","1",25,50,1,0.7,0,1,"A bandit","Emeralds",62,"Female",1
"85","1",26,0,1,0.7,1,0,"A bandit","Emeralds",62,"Female",1
"85","1",27,66,1,0.7,0,0,"A bandit","Emeralds",62,"Female",1
"85","1",28,86,1,0.7,0,1,"A bandit","Emeralds",62,"Female",1
"85","1",29,100,1,0.7,0,1,"A bandit","Emeralds",62,"Female",1
"85","1",30,50,2,0.3,0,0,"A bandit","Emeralds",62,"Female",1
"85","1",31,98,1,0.7,0,1,"A bandit","Emeralds",62,"Female",1
"85","1",32,2,1,0.7,1,0,"A bandit","Emeralds",62,"Female",1
"85","1",33,73,1,0.7,0,1,"A bandit","Emeralds",62,"Female",1
"85","1",34,87,1,0.7,0,1,"A bandit","Emeralds",62,"Female",1
"85","1",35,100,1,0.7,0,1,"A bandit","Emeralds",62,"Female",1
"85","1",36,66,2,0.3,0,0,"A bandit","Emeralds",62,"Female",1
"85","1",37,97,2,0.3,0,1,"A bandit","Emeralds",62,"Female",1
"85","1",38,3,1,0.7,1,0,"A bandit","Emeralds",62,"Female",1
"85","1",39,81,1,0.7,0,0,"A bandit","Emeralds",62,"Female",1
"85","1",40,100,1,0.7,0,0,"A bandit","Emeralds",62,"Female",1
"85","1",41,1,1,0.7,1,0,"A bandit","Emeralds",62,"Female",1
"85","1",42,90,1,0.7,0,1,"A bandit","Emeralds",62,"Female",1
"85","1",43,100,1,0.7,0,1,"A bandit","Emeralds",62,"Female",1
"85","1",44,100,1,0.7,0,1,"A bandit","Emeralds",62,"Female",1
"85","1",45,100,1,0.7,0,0,"A bandit","Emeralds",62,"Female",1
"85","1",46,100,1,0.7,0,1,"A bandit","Emeralds",62,"Female",1
"85","1",47,100,1,0.7,0,0,"A bandit","Emeralds",62,"Female",1
"85","1",48,99,1,0.7,0,1,"A bandit","Emeralds",62,"Female",1
"85","1",49,100,1,0.7,0,0,"A bandit","Emeralds",62,"Female",1
"85","1",50,0,1,0.7,1,0,"A bandit","Emeralds",62,"Female",1
"86","3",1,87,2,0.3,0,1,"A sheriff","Emeralds",39,"Female",1
"86","3",2,89,1,0.7,1,0,"A sheriff","Emeralds",39,"Female",1
"86","3",3,24,1,0.7,1,0,"A sheriff","Emeralds",39,"Female",1
"86","3",4,29,1,0.7,1,0,"A sheriff","Emeralds",39,"Female",1
"86","3",5,18,1,0.7,1,0,"A sheriff","Emeralds",39,"Female",1
"86","3",6,18,1,0.7,1,0,"A sheriff","Emeralds",39,"Female",1
"86","3",7,97,1,0.7,0,1,"A sheriff","Emeralds",39,"Female",1
"86","3",8,78,1,0.7,0,0,"A sheriff","Emeralds",39,"Female",1
"86","3",9,85,1,0.7,0,1,"A sheriff","Emeralds",39,"Female",1
"86","3",10,100,2,0.3,0,0,"A sheriff","Emeralds",39,"Female",1
"86","3",11,77,1,0.7,0,1,"A sheriff","Emeralds",39,"Female",1
"86","3",12,95,1,0.7,0,1,"A sheriff","Emeralds",39,"Female",1
"86","3",13,77,1,0.7,1,0,"A sheriff","Emeralds",39,"Female",1
"86","3",14,98,1,0.7,0,1,"A sheriff","Emeralds",39,"Female",1
"86","3",15,96,1,0.7,1,1,"A sheriff","Emeralds",39,"Female",1
"86","3",16,35,1,0.7,1,0,"A sheriff","Emeralds",39,"Female",1
"86","3",17,18,1,0.7,1,1,"A sheriff","Emeralds",39,"Female",1
"86","3",18,91,1,0.7,0,0,"A sheriff","Emeralds",39,"Female",1
"86","3",19,87,2,0.3,1,1,"A sheriff","Emeralds",39,"Female",1
"86","3",20,93,2,0.3,1,1,"A sheriff","Emeralds",39,"Female",1
"86","3",21,73,2,0.3,0,0,"A sheriff","Emeralds",39,"Female",1
"86","3",22,95,1,0.7,0,0,"A sheriff","Emeralds",39,"Female",1
"86","3",23,96,1,0.7,0,1,"A sheriff","Emeralds",39,"Female",1
"86","3",24,75,1,0.7,1,0,"A sheriff","Emeralds",39,"Female",1
"86","3",25,88,1,0.7,0,0,"A sheriff","Emeralds",39,"Female",1
"86","3",26,90,2,0.3,1,1,"A sheriff","Emeralds",39,"Female",1
"86","3",27,38,2,0.3,1,0,"A sheriff","Emeralds",39,"Female",1
"86","3",28,84,2,0.3,0,0,"A sheriff","Emeralds",39,"Female",1
"86","3",29,77,2,0.3,0,1,"A sheriff","Emeralds",39,"Female",1
"86","3",30,92,1,0.7,1,0,"A sheriff","Emeralds",39,"Female",1
"86","3",31,87,1,0.7,1,1,"A sheriff","Emeralds",39,"Female",1
"86","3",32,83,1,0.7,0,0,"A sheriff","Emeralds",39,"Female",1
"86","3",33,91,2,0.3,1,0,"A sheriff","Emeralds",39,"Female",1
"86","3",34,94,1,0.7,1,0,"A sheriff","Emeralds",39,"Female",1
"86","3",35,71,2,0.3,0,0,"A sheriff","Emeralds",39,"Female",1
"86","3",36,42,1,0.7,1,0,"A sheriff","Emeralds",39,"Female",1
"86","3",37,26,1,0.7,1,0,"A sheriff","Emeralds",39,"Female",1
"86","3",38,26,1,0.7,1,0,"A sheriff","Emeralds",39,"Female",1
"86","3",39,23,2,0.3,1,0,"A sheriff","Emeralds",39,"Female",1
"86","3",40,92,2,0.3,0,0,"A sheriff","Emeralds",39,"Female",1
"86","3",41,76,1,0.7,1,0,"A sheriff","Emeralds",39,"Female",1
"86","3",42,84,1,0.7,1,0,"A sheriff","Emeralds",39,"Female",1
"86","3",43,98,1,0.7,0,0,"A sheriff","Emeralds",39,"Female",1
"86","3",44,87,2,0.3,1,0,"A sheriff","Emeralds",39,"Female",1
"86","3",45,91,2,0.3,1,1,"A sheriff","Emeralds",39,"Female",1
"86","3",46,88,1,0.7,1,0,"A sheriff","Emeralds",39,"Female",1
"86","3",47,100,1,0.7,0,0,"A sheriff","Emeralds",39,"Female",1
"86","3",48,81,2,0.3,1,0,"A sheriff","Emeralds",39,"Female",1
"86","3",49,85,2,0.3,1,0,"A sheriff","Emeralds",39,"Female",1
"86","3",50,95,2,0.3,0,0,"A sheriff","Emeralds",39,"Female",1
"87","2",1,74,1,0.3,1,1,"A tycoon","Emeralds",24,"Male",1
"87","2",2,80,1,0.3,1,0,"A tycoon","Emeralds",24,"Male",1
"87","2",3,83,2,0.7,1,0,"A tycoon","Emeralds",24,"Male",1
"87","2",4,83,1,0.3,1,0,"A tycoon","Emeralds",24,"Male",1
"87","2",5,82,1,0.3,1,1,"A tycoon","Emeralds",24,"Male",1
"87","2",6,76,2,0.7,1,0,"A tycoon","Emeralds",24,"Male",1
"87","2",7,5,2,0.7,0,0,"A tycoon","Emeralds",24,"Male",1
"87","2",8,9,1,0.3,0,0,"A tycoon","Emeralds",24,"Male",1
"87","2",9,8,1,0.3,0,0,"A tycoon","Emeralds",24,"Male",1
"87","2",10,8,1,0.3,0,0,"A tycoon","Emeralds",24,"Male",1
"87","2",11,100,1,0.3,1,1,"A tycoon","Emeralds",24,"Male",1
"87","2",12,2,1,0.3,0,0,"A tycoon","Emeralds",24,"Male",1
"87","2",13,83,2,0.7,1,0,"A tycoon","Emeralds",24,"Male",1
"87","2",14,10,1,0.3,0,0,"A tycoon","Emeralds",24,"Male",1
"87","2",15,94,2,0.7,1,1,"A tycoon","Emeralds",24,"Male",1
"87","2",16,6,2,0.7,0,0,"A tycoon","Emeralds",24,"Male",1
"87","2",17,100,2,0.7,1,1,"A tycoon","Emeralds",24,"Male",1
"87","2",18,97,2,0.7,1,0,"A tycoon","Emeralds",24,"Male",1
"87","2",19,3,1,0.3,0,0,"A tycoon","Emeralds",24,"Male",1
"87","2",20,3,2,0.7,0,0,"A tycoon","Emeralds",24,"Male",1
"87","2",21,95,2,0.7,1,0,"A tycoon","Emeralds",24,"Male",1
"87","2",22,3,1,0.3,0,0,"A tycoon","Emeralds",24,"Male",1
"87","2",23,99,2,0.7,1,0,"A tycoon","Emeralds",24,"Male",1
"87","2",24,95,1,0.3,1,1,"A tycoon","Emeralds",24,"Male",1
"87","2",25,97,1,0.3,1,1,"A tycoon","Emeralds",24,"Male",1
"87","2",26,91,2,0.7,1,0,"A tycoon","Emeralds",24,"Male",1
"87","2",27,3,1,0.3,0,0,"A tycoon","Emeralds",24,"Male",1
"87","2",28,5,1,0.3,0,0,"A tycoon","Emeralds",24,"Male",1
"87","2",29,100,2,0.7,1,1,"A tycoon","Emeralds",24,"Male",1
"87","2",30,3,1,0.3,0,0,"A tycoon","Emeralds",24,"Male",1
"87","2",31,100,2,0.7,1,0,"A tycoon","Emeralds",24,"Male",1
"87","2",32,100,1,0.3,1,1,"A tycoon","Emeralds",24,"Male",1
"87","2",33,0,1,0.3,0,0,"A tycoon","Emeralds",24,"Male",1
"87","2",34,100,2,0.7,1,0,"A tycoon","Emeralds",24,"Male",1
"87","2",35,100,2,0.7,1,1,"A tycoon","Emeralds",24,"Male",1
"87","2",36,0,1,0.3,0,0,"A tycoon","Emeralds",24,"Male",1
"87","2",37,99,1,0.3,1,1,"A tycoon","Emeralds",24,"Male",1
"87","2",38,0,1,0.3,0,0,"A tycoon","Emeralds",24,"Male",1
"87","2",39,100,1,0.3,1,1,"A tycoon","Emeralds",24,"Male",1
"87","2",40,100,2,0.7,1,1,"A tycoon","Emeralds",24,"Male",1
"87","2",41,100,2,0.7,1,0,"A tycoon","Emeralds",24,"Male",1
"87","2",42,100,1,0.3,1,1,"A tycoon","Emeralds",24,"Male",1
"87","2",43,97,2,0.7,1,0,"A tycoon","Emeralds",24,"Male",1
"87","2",44,100,1,0.3,1,0,"A tycoon","Emeralds",24,"Male",1
"87","2",45,5,1,0.3,0,0,"A tycoon","Emeralds",24,"Male",1
"87","2",46,0,1,0.3,0,0,"A tycoon","Emeralds",24,"Male",1
"87","2",47,100,2,0.7,1,1,"A tycoon","Emeralds",24,"Male",1
"87","2",48,0,1,0.3,0,0,"A tycoon","Emeralds",24,"Male",1
"87","2",49,0,1,0.3,0,0,"A tycoon","Emeralds",24,"Male",1
"87","2",50,0,1,0.3,0,0,"A tycoon","Emeralds",24,"Male",1
"88","1",1,61,2,0.7,0,1,"A bandit","Emeralds",32,"Male",1
"88","1",2,76,2,0.7,0,0,"A bandit","Emeralds",32,"Male",1
"88","1",3,80,1,0.3,0,0,"A bandit","Emeralds",32,"Male",1
"88","1",4,81,1,0.3,0,0,"A bandit","Emeralds",32,"Male",1
"88","1",5,80,2,0.7,0,1,"A bandit","Emeralds",32,"Male",1
"88","1",6,22,2,0.7,1,0,"A bandit","Emeralds",32,"Male",1
"88","1",7,61,2,0.7,0,1,"A bandit","Emeralds",32,"Male",1
"88","1",8,31,2,0.7,1,0,"A bandit","Emeralds",32,"Male",1
"88","1",9,68,1,0.3,0,0,"A bandit","Emeralds",32,"Male",1
"88","1",10,75,2,0.7,0,1,"A bandit","Emeralds",32,"Male",1
"88","1",11,75,2,0.7,0,0,"A bandit","Emeralds",32,"Male",1
"88","1",12,63,2,0.7,1,0,"A bandit","Emeralds",32,"Male",1
"88","1",13,38,2,0.7,0,1,"A bandit","Emeralds",32,"Male",1
"88","1",14,23,2,0.7,1,0,"A bandit","Emeralds",32,"Male",1
"88","1",15,20,2,0.7,1,0,"A bandit","Emeralds",32,"Male",1
"88","1",16,68,1,0.3,0,0,"A bandit","Emeralds",32,"Male",1
"88","1",17,60,2,0.7,0,1,"A bandit","Emeralds",32,"Male",1
"88","1",18,68,2,0.7,0,0,"A bandit","Emeralds",32,"Male",1
"88","1",19,76,2,0.7,0,1,"A bandit","Emeralds",32,"Male",1
"88","1",20,62,2,0.7,0,1,"A bandit","Emeralds",32,"Male",1
"88","1",21,66,2,0.7,0,1,"A bandit","Emeralds",32,"Male",1
"88","1",22,59,2,0.7,1,0,"A bandit","Emeralds",32,"Male",1
"88","1",23,77,2,0.7,0,1,"A bandit","Emeralds",32,"Male",1
"88","1",24,65,2,0.7,1,0,"A bandit","Emeralds",32,"Male",1
"88","1",25,58,2,0.7,1,0,"A bandit","Emeralds",32,"Male",1
"88","1",26,73,2,0.7,0,0,"A bandit","Emeralds",32,"Male",1
"88","1",27,62,2,0.7,1,0,"A bandit","Emeralds",32,"Male",1
"88","1",28,66,2,0.7,1,0,"A bandit","Emeralds",32,"Male",1
"88","1",29,63,2,0.7,1,0,"A bandit","Emeralds",32,"Male",1
"88","1",30,60,2,0.7,0,0,"A bandit","Emeralds",32,"Male",1
"88","1",31,61,2,0.7,0,0,"A bandit","Emeralds",32,"Male",1
"88","1",32,61,2,0.7,0,1,"A bandit","Emeralds",32,"Male",1
"88","1",33,57,2,0.7,1,0,"A bandit","Emeralds",32,"Male",1
"88","1",34,57,2,0.7,0,0,"A bandit","Emeralds",32,"Male",1
"88","1",35,63,2,0.7,0,0,"A bandit","Emeralds",32,"Male",1
"88","1",36,64,2,0.7,1,0,"A bandit","Emeralds",32,"Male",1
"88","1",37,58,2,0.7,0,0,"A bandit","Emeralds",32,"Male",1
"88","1",38,62,2,0.7,1,0,"A bandit","Emeralds",32,"Male",1
"88","1",39,63,2,0.7,0,1,"A bandit","Emeralds",32,"Male",1
"88","1",40,60,2,0.7,1,0,"A bandit","Emeralds",32,"Male",1
"88","1",41,60,2,0.7,0,1,"A bandit","Emeralds",32,"Male",1
"88","1",42,63,2,0.7,1,0,"A bandit","Emeralds",32,"Male",1
"88","1",43,56,2,0.7,0,0,"A bandit","Emeralds",32,"Male",1
"88","1",44,57,2,0.7,0,1,"A bandit","Emeralds",32,"Male",1
"88","1",45,58,2,0.7,0,0,"A bandit","Emeralds",32,"Male",1
"88","1",46,21,2,0.7,1,0,"A bandit","Emeralds",32,"Male",1
"88","1",47,51,2,0.7,0,1,"A bandit","Emeralds",32,"Male",1
"88","1",48,16,2,0.7,1,0,"A bandit","Emeralds",32,"Male",1
"88","1",49,36,2,0.7,0,0,"A bandit","Emeralds",32,"Male",1
"88","1",50,19,2,0.7,1,0,"A bandit","Emeralds",32,"Male",1
"89","2",1,11,1,0.7,1,0,"A tycoon","Emeralds",42,"Male",1
"89","2",2,0,2,0.3,0,0,"A tycoon","Emeralds",42,"Male",1
"89","2",3,81,1,0.7,0,0,"A tycoon","Emeralds",42,"Male",1
"89","2",4,0,1,0.7,1,1,"A tycoon","Emeralds",42,"Male",1
"89","2",5,0,1,0.7,1,1,"A tycoon","Emeralds",42,"Male",1
"89","2",6,0,1,0.7,1,1,"A tycoon","Emeralds",42,"Male",1
"89","2",7,0,1,0.7,1,0,"A tycoon","Emeralds",42,"Male",1
"89","2",8,0,1,0.7,1,1,"A tycoon","Emeralds",42,"Male",1
"89","2",9,0,1,0.7,1,0,"A tycoon","Emeralds",42,"Male",1
"89","2",10,0,1,0.7,1,0,"A tycoon","Emeralds",42,"Male",1
"89","2",11,0,1,0.7,1,0,"A tycoon","Emeralds",42,"Male",1
"89","2",12,0,1,0.7,1,0,"A tycoon","Emeralds",42,"Male",1
"89","2",13,0,1,0.7,1,0,"A tycoon","Emeralds",42,"Male",1
"89","2",14,0,1,0.7,1,0,"A tycoon","Emeralds",42,"Male",1
"89","2",15,0,1,0.7,1,0,"A tycoon","Emeralds",42,"Male",1
"89","2",16,0,1,0.7,1,0,"A tycoon","Emeralds",42,"Male",1
"89","2",17,100,1,0.7,0,0,"A tycoon","Emeralds",42,"Male",1
"89","2",18,0,1,0.7,1,1,"A tycoon","Emeralds",42,"Male",1
"89","2",19,100,1,0.7,0,0,"A tycoon","Emeralds",42,"Male",1
"89","2",20,0,1,0.7,1,0,"A tycoon","Emeralds",42,"Male",1
"89","2",21,0,1,0.7,1,0,"A tycoon","Emeralds",42,"Male",1
"89","2",22,0,1,0.7,1,0,"A tycoon","Emeralds",42,"Male",1
"89","2",23,100,1,0.7,0,0,"A tycoon","Emeralds",42,"Male",1
"89","2",24,0,1,0.7,1,1,"A tycoon","Emeralds",42,"Male",1
"89","2",25,0,1,0.7,1,1,"A tycoon","Emeralds",42,"Male",1
"89","2",26,0,1,0.7,1,0,"A tycoon","Emeralds",42,"Male",1
"89","2",27,100,1,0.7,0,0,"A tycoon","Emeralds",42,"Male",1
"89","2",28,0,1,0.7,1,0,"A tycoon","Emeralds",42,"Male",1
"89","2",29,0,1,0.7,1,1,"A tycoon","Emeralds",42,"Male",1
"89","2",30,0,1,0.7,1,0,"A tycoon","Emeralds",42,"Male",1
"89","2",31,0,1,0.7,1,0,"A tycoon","Emeralds",42,"Male",1
"89","2",32,0,1,0.7,1,0,"A tycoon","Emeralds",42,"Male",1
"89","2",33,100,1,0.7,0,0,"A tycoon","Emeralds",42,"Male",1
"89","2",34,0,1,0.7,1,1,"A tycoon","Emeralds",42,"Male",1
"89","2",35,0,1,0.7,1,0,"A tycoon","Emeralds",42,"Male",1
"89","2",36,0,1,0.7,1,0,"A tycoon","Emeralds",42,"Male",1
"89","2",37,0,1,0.7,1,1,"A tycoon","Emeralds",42,"Male",1
"89","2",38,0,1,0.7,1,0,"A tycoon","Emeralds",42,"Male",1
"89","2",39,0,1,0.7,1,1,"A tycoon","Emeralds",42,"Male",1
"89","2",40,0,1,0.7,1,1,"A tycoon","Emeralds",42,"Male",1
"89","2",41,0,1,0.7,1,1,"A tycoon","Emeralds",42,"Male",1
"89","2",42,100,1,0.7,0,0,"A tycoon","Emeralds",42,"Male",1
"89","2",43,0,1,0.7,1,0,"A tycoon","Emeralds",42,"Male",1
"89","2",44,0,1,0.7,1,0,"A tycoon","Emeralds",42,"Male",1
"89","2",45,0,2,0.3,1,1,"A tycoon","Emeralds",42,"Male",1
"89","2",46,0,2,0.3,1,1,"A tycoon","Emeralds",42,"Male",1
"89","2",47,0,1,0.7,1,0,"A tycoon","Emeralds",42,"Male",1
"89","2",48,100,2,0.3,0,0,"A tycoon","Emeralds",42,"Male",1
"89","2",49,100,1,0.7,0,0,"A tycoon","Emeralds",42,"Male",1
"89","2",50,100,1,0.7,0,0,"A tycoon","Emeralds",42,"Male",1
"90","2",1,25,1,0.3,0,0,"A tycoon","Emeralds",33,"Male",1
"90","2",2,17,2,0.7,0,0,"A tycoon","Emeralds",33,"Male",1
"90","2",3,29,1,0.3,0,0,"A tycoon","Emeralds",33,"Male",1
"90","2",4,70,1,0.3,1,0,"A tycoon","Emeralds",33,"Male",1
"90","2",5,76,1,0.3,1,0,"A tycoon","Emeralds",33,"Male",1
"90","2",6,32,1,0.3,0,0,"A tycoon","Emeralds",33,"Male",1
"90","2",7,76,1,0.3,1,0,"A tycoon","Emeralds",33,"Male",1
"90","2",8,68,1,0.3,1,1,"A tycoon","Emeralds",33,"Male",1
"90","2",9,30,1,0.3,0,0,"A tycoon","Emeralds",33,"Male",1
"90","2",10,80,2,0.7,1,0,"A tycoon","Emeralds",33,"Male",1
"90","2",11,74,2,0.7,1,1,"A tycoon","Emeralds",33,"Male",1
"90","2",12,77,2,0.7,1,0,"A tycoon","Emeralds",33,"Male",1
"90","2",13,29,2,0.7,0,0,"A tycoon","Emeralds",33,"Male",1
"90","2",14,75,2,0.7,1,1,"A tycoon","Emeralds",33,"Male",1
"90","2",15,83,2,0.7,1,1,"A tycoon","Emeralds",33,"Male",1
"90","2",16,23,2,0.7,0,0,"A tycoon","Emeralds",33,"Male",1
"90","2",17,76,2,0.7,1,1,"A tycoon","Emeralds",33,"Male",1
"90","2",18,74,2,0.7,1,0,"A tycoon","Emeralds",33,"Male",1
"90","2",19,75,2,0.7,1,0,"A tycoon","Emeralds",33,"Male",1
"90","2",20,73,2,0.7,1,1,"A tycoon","Emeralds",33,"Male",1
"90","2",21,75,2,0.7,1,0,"A tycoon","Emeralds",33,"Male",1
"90","2",22,38,2,0.7,0,0,"A tycoon","Emeralds",33,"Male",1
"90","2",23,82,2,0.7,1,0,"A tycoon","Emeralds",33,"Male",1
"90","2",24,84,2,0.7,1,1,"A tycoon","Emeralds",33,"Male",1
"90","2",25,83,2,0.7,1,0,"A tycoon","Emeralds",33,"Male",1
"90","2",26,81,2,0.7,1,0,"A tycoon","Emeralds",33,"Male",1
"90","2",27,79,2,0.7,1,1,"A tycoon","Emeralds",33,"Male",1
"90","2",28,79,2,0.7,1,0,"A tycoon","Emeralds",33,"Male",1
"90","2",29,81,2,0.7,1,0,"A tycoon","Emeralds",33,"Male",1
"90","2",30,80,2,0.7,1,0,"A tycoon","Emeralds",33,"Male",1
"90","2",31,53,2,0.7,1,0,"A tycoon","Emeralds",33,"Male",1
"90","2",32,68,1,0.3,1,0,"A tycoon","Emeralds",33,"Male",1
"90","2",33,73,2,0.7,1,1,"A tycoon","Emeralds",33,"Male",1
"90","2",34,78,2,0.7,1,0,"A tycoon","Emeralds",33,"Male",1
"90","2",35,33,2,0.7,0,0,"A tycoon","Emeralds",33,"Male",1
"90","2",36,73,2,0.7,1,1,"A tycoon","Emeralds",33,"Male",1
"90","2",37,78,2,0.7,1,1,"A tycoon","Emeralds",33,"Male",1
"90","2",38,75,2,0.7,1,1,"A tycoon","Emeralds",33,"Male",1
"90","2",39,75,2,0.7,1,1,"A tycoon","Emeralds",33,"Male",1
"90","2",40,78,2,0.7,1,1,"A tycoon","Emeralds",33,"Male",1
"90","2",41,75,2,0.7,1,0,"A tycoon","Emeralds",33,"Male",1
"90","2",42,70,2,0.7,1,1,"A tycoon","Emeralds",33,"Male",1
"90","2",43,73,2,0.7,1,0,"A tycoon","Emeralds",33,"Male",1
"90","2",44,78,2,0.7,1,0,"A tycoon","Emeralds",33,"Male",1
"90","2",45,77,2,0.7,1,0,"A tycoon","Emeralds",33,"Male",1
"90","2",46,85,2,0.7,1,0,"A tycoon","Emeralds",33,"Male",1
"90","2",47,20,2,0.7,0,0,"A tycoon","Emeralds",33,"Male",1
"90","2",48,77,2,0.7,1,0,"A tycoon","Emeralds",33,"Male",1
"90","2",49,81,2,0.7,1,0,"A tycoon","Emeralds",33,"Male",1
"90","2",50,72,2,0.7,1,0,"A tycoon","Emeralds",33,"Male",1
"91","2",1,34,2,0.7,0,0,"A tycoon","Emeralds",37,"Male",1
"91","2",2,33,1,0.3,1,1,"A tycoon","Emeralds",37,"Male",1
"91","2",3,18,1,0.3,1,1,"A tycoon","Emeralds",37,"Male",1
"91","2",4,28,1,0.3,0,0,"A tycoon","Emeralds",37,"Male",1
"91","2",5,17,1,0.3,1,0,"A tycoon","Emeralds",37,"Male",1
"91","2",6,11,1,0.3,1,1,"A tycoon","Emeralds",37,"Male",1
"91","2",7,10,1,0.3,0,0,"A tycoon","Emeralds",37,"Male",1
"91","2",8,21,1,0.3,0,0,"A tycoon","Emeralds",37,"Male",1
"91","2",9,22,1,0.3,0,0,"A tycoon","Emeralds",37,"Male",1
"91","2",10,17,2,0.7,0,0,"A tycoon","Emeralds",37,"Male",1
"91","2",11,16,1,0.3,0,0,"A tycoon","Emeralds",37,"Male",1
"91","2",12,18,1,0.3,0,0,"A tycoon","Emeralds",37,"Male",1
"91","2",13,31,2,0.7,1,1,"A tycoon","Emeralds",37,"Male",1
"91","2",14,33,2,0.7,1,1,"A tycoon","Emeralds",37,"Male",1
"91","2",15,24,2,0.7,1,0,"A tycoon","Emeralds",37,"Male",1
"91","2",16,22,2,0.7,0,0,"A tycoon","Emeralds",37,"Male",1
"91","2",17,33,2,0.7,1,1,"A tycoon","Emeralds",37,"Male",1
"91","2",18,21,2,0.7,1,0,"A tycoon","Emeralds",37,"Male",1
"91","2",19,14,2,0.7,1,0,"A tycoon","Emeralds",37,"Male",1
"91","2",20,18,2,0.7,1,0,"A tycoon","Emeralds",37,"Male",1
"91","2",21,15,2,0.7,1,1,"A tycoon","Emeralds",37,"Male",1
"91","2",22,16,2,0.7,1,0,"A tycoon","Emeralds",37,"Male",1
"91","2",23,14,2,0.7,1,0,"A tycoon","Emeralds",37,"Male",1
"91","2",24,14,2,0.7,1,0,"A tycoon","Emeralds",37,"Male",1
"91","2",25,13,2,0.7,1,0,"A tycoon","Emeralds",37,"Male",1
"91","2",26,18,2,0.7,1,1,"A tycoon","Emeralds",37,"Male",1
"91","2",27,14,2,0.7,1,1,"A tycoon","Emeralds",37,"Male",1
"91","2",28,15,2,0.7,1,0,"A tycoon","Emeralds",37,"Male",1
"91","2",29,12,2,0.7,1,0,"A tycoon","Emeralds",37,"Male",1
"91","2",30,13,2,0.7,1,1,"A tycoon","Emeralds",37,"Male",1
"91","2",31,12,2,0.7,1,1,"A tycoon","Emeralds",37,"Male",1
"91","2",32,11,2,0.7,1,1,"A tycoon","Emeralds",37,"Male",1
"91","2",33,11,2,0.7,1,0,"A tycoon","Emeralds",37,"Male",1
"91","2",34,9,2,0.7,1,1,"A tycoon","Emeralds",37,"Male",1
"91","2",35,12,2,0.7,0,0,"A tycoon","Emeralds",37,"Male",1
"91","2",36,13,2,0.7,1,0,"A tycoon","Emeralds",37,"Male",1
"91","2",37,14,2,0.7,1,0,"A tycoon","Emeralds",37,"Male",1
"91","2",38,12,2,0.7,1,1,"A tycoon","Emeralds",37,"Male",1
"91","2",39,15,2,0.7,1,0,"A tycoon","Emeralds",37,"Male",1
"91","2",40,12,2,0.7,1,0,"A tycoon","Emeralds",37,"Male",1
"91","2",41,13,2,0.7,0,0,"A tycoon","Emeralds",37,"Male",1
"91","2",42,16,2,0.7,1,0,"A tycoon","Emeralds",37,"Male",1
"91","2",43,14,2,0.7,1,0,"A tycoon","Emeralds",37,"Male",1
"91","2",44,13,2,0.7,1,0,"A tycoon","Emeralds",37,"Male",1
"91","2",45,14,2,0.7,1,0,"A tycoon","Emeralds",37,"Male",1
"91","2",46,10,2,0.7,0,0,"A tycoon","Emeralds",37,"Male",1
"91","2",47,9,2,0.7,1,0,"A tycoon","Emeralds",37,"Male",1
"91","2",48,12,2,0.7,1,0,"A tycoon","Emeralds",37,"Male",1
"91","2",49,12,2,0.7,1,0,"A tycoon","Emeralds",37,"Male",1
"91","2",50,12,2,0.7,1,1,"A tycoon","Emeralds",37,"Male",1
"92","2",1,69,1,0.3,1,1,"A tycoon","Emeralds",24,"Female",1
"92","2",2,30,1,0.3,0,0,"A tycoon","Emeralds",24,"Female",1
"92","2",3,28,1,0.3,1,1,"A tycoon","Emeralds",24,"Female",1
"92","2",4,23,1,0.3,0,0,"A tycoon","Emeralds",24,"Female",1
"92","2",5,29,2,0.7,1,0,"A tycoon","Emeralds",24,"Female",1
"92","2",6,16,2,0.7,0,0,"A tycoon","Emeralds",24,"Female",1
"92","2",7,20,2,0.7,1,0,"A tycoon","Emeralds",24,"Female",1
"92","2",8,17,2,0.7,1,1,"A tycoon","Emeralds",24,"Female",1
"92","2",9,25,2,0.7,1,1,"A tycoon","Emeralds",24,"Female",1
"92","2",10,12,2,0.7,1,1,"A tycoon","Emeralds",24,"Female",1
"92","2",11,22,2,0.7,1,1,"A tycoon","Emeralds",24,"Female",1
"92","2",12,11,2,0.7,1,0,"A tycoon","Emeralds",24,"Female",1
"92","2",13,20,2,0.7,1,0,"A tycoon","Emeralds",24,"Female",1
"92","2",14,19,2,0.7,1,0,"A tycoon","Emeralds",24,"Female",1
"92","2",15,19,2,0.7,1,1,"A tycoon","Emeralds",24,"Female",1
"92","2",16,16,2,0.7,0,0,"A tycoon","Emeralds",24,"Female",1
"92","2",17,21,2,0.7,1,0,"A tycoon","Emeralds",24,"Female",1
"92","2",18,18,2,0.7,1,0,"A tycoon","Emeralds",24,"Female",1
"92","2",19,23,2,0.7,1,0,"A tycoon","Emeralds",24,"Female",1
"92","2",20,23,2,0.7,1,0,"A tycoon","Emeralds",24,"Female",1
"92","2",21,15,2,0.7,1,1,"A tycoon","Emeralds",24,"Female",1
"92","2",22,17,2,0.7,0,0,"A tycoon","Emeralds",24,"Female",1
"92","2",23,17,2,0.7,1,0,"A tycoon","Emeralds",24,"Female",1
"92","2",24,17,2,0.7,1,0,"A tycoon","Emeralds",24,"Female",1
"92","2",25,13,2,0.7,1,0,"A tycoon","Emeralds",24,"Female",1
"92","2",26,14,2,0.7,1,0,"A tycoon","Emeralds",24,"Female",1
"92","2",27,14,2,0.7,1,0,"A tycoon","Emeralds",24,"Female",1
"92","2",28,15,2,0.7,1,0,"A tycoon","Emeralds",24,"Female",1
"92","2",29,15,2,0.7,1,0,"A tycoon","Emeralds",24,"Female",1
"92","2",30,18,2,0.7,1,0,"A tycoon","Emeralds",24,"Female",1
"92","2",31,20,2,0.7,1,1,"A tycoon","Emeralds",24,"Female",1
"92","2",32,15,2,0.7,0,0,"A tycoon","Emeralds",24,"Female",1
"92","2",33,15,2,0.7,0,0,"A tycoon","Emeralds",24,"Female",1
"92","2",34,18,2,0.7,1,0,"A tycoon","Emeralds",24,"Female",1
"92","2",35,12,2,0.7,1,1,"A tycoon","Emeralds",24,"Female",1
"92","2",36,12,2,0.7,1,0,"A tycoon","Emeralds",24,"Female",1
"92","2",37,12,2,0.7,1,0,"A tycoon","Emeralds",24,"Female",1
"92","2",38,13,2,0.7,1,1,"A tycoon","Emeralds",24,"Female",1
"92","2",39,14,2,0.7,1,0,"A tycoon","Emeralds",24,"Female",1
"92","2",40,13,2,0.7,1,0,"A tycoon","Emeralds",24,"Female",1
"92","2",41,16,2,0.7,1,1,"A tycoon","Emeralds",24,"Female",1
"92","2",42,15,2,0.7,1,1,"A tycoon","Emeralds",24,"Female",1
"92","2",43,13,2,0.7,0,0,"A tycoon","Emeralds",24,"Female",1
"92","2",44,11,2,0.7,1,0,"A tycoon","Emeralds",24,"Female",1
"92","2",45,9,2,0.7,1,0,"A tycoon","Emeralds",24,"Female",1
"92","2",46,18,2,0.7,1,0,"A tycoon","Emeralds",24,"Female",1
"92","2",47,13,2,0.7,1,0,"A tycoon","Emeralds",24,"Female",1
"92","2",48,11,2,0.7,1,0,"A tycoon","Emeralds",24,"Female",1
"92","2",49,17,2,0.7,1,1,"A tycoon","Emeralds",24,"Female",1
"92","2",50,14,2,0.7,1,1,"A tycoon","Emeralds",24,"Female",1
"93","3",1,18,1,0.3,0,1,"A sheriff","Emeralds",34,"Male",1
"93","3",2,67,1,0.3,1,0,"A sheriff","Emeralds",34,"Male",1
"93","3",3,25,2,0.7,1,1,"A sheriff","Emeralds",34,"Male",1
"93","3",4,66,2,0.7,1,0,"A sheriff","Emeralds",34,"Male",1
"93","3",5,86,2,0.7,1,0,"A sheriff","Emeralds",34,"Male",1
"93","3",6,99,2,0.7,0,0,"A sheriff","Emeralds",34,"Male",1
"93","3",7,100,2,0.7,0,1,"A sheriff","Emeralds",34,"Male",1
"93","3",8,100,2,0.7,0,0,"A sheriff","Emeralds",34,"Male",1
"93","3",9,86,1,0.3,1,1,"A sheriff","Emeralds",34,"Male",1
"93","3",10,75,1,0.3,1,0,"A sheriff","Emeralds",34,"Male",1
"93","3",11,36,1,0.3,1,0,"A sheriff","Emeralds",34,"Male",1
"93","3",12,93,1,0.3,0,0,"A sheriff","Emeralds",34,"Male",1
"93","3",13,100,1,0.3,0,0,"A sheriff","Emeralds",34,"Male",1
"93","3",14,92,1,0.3,1,1,"A sheriff","Emeralds",34,"Male",1
"93","3",15,96,1,0.3,0,0,"A sheriff","Emeralds",34,"Male",1
"93","3",16,98,1,0.3,0,0,"A sheriff","Emeralds",34,"Male",1
"93","3",17,100,1,0.3,1,0,"A sheriff","Emeralds",34,"Male",1
"93","3",18,100,1,0.3,1,0,"A sheriff","Emeralds",34,"Male",1
"93","3",19,100,1,0.3,0,0,"A sheriff","Emeralds",34,"Male",1
"93","3",20,97,2,0.7,1,1,"A sheriff","Emeralds",34,"Male",1
"93","3",21,100,2,0.7,1,0,"A sheriff","Emeralds",34,"Male",1
"93","3",22,100,2,0.7,1,0,"A sheriff","Emeralds",34,"Male",1
"93","3",23,100,2,0.7,1,0,"A sheriff","Emeralds",34,"Male",1
"93","3",24,73,2,0.7,1,0,"A sheriff","Emeralds",34,"Male",1
"93","3",25,97,2,0.7,0,1,"A sheriff","Emeralds",34,"Male",1
"93","3",26,70,2,0.7,1,0,"A sheriff","Emeralds",34,"Male",1
"93","3",27,55,2,0.7,1,0,"A sheriff","Emeralds",34,"Male",1
"93","3",28,98,2,0.7,0,0,"A sheriff","Emeralds",34,"Male",1
"93","3",29,89,2,0.7,1,1,"A sheriff","Emeralds",34,"Male",1
"93","3",30,100,2,0.7,0,0,"A sheriff","Emeralds",34,"Male",1
"93","3",31,100,2,0.7,0,1,"A sheriff","Emeralds",34,"Male",1
"93","3",32,98,2,0.7,1,0,"A sheriff","Emeralds",34,"Male",1
"93","3",33,92,2,0.7,1,0,"A sheriff","Emeralds",34,"Male",1
"93","3",34,97,1,0.3,1,0,"A sheriff","Emeralds",34,"Male",1
"93","3",35,63,2,0.7,1,0,"A sheriff","Emeralds",34,"Male",1
"93","3",36,94,2,0.7,0,0,"A sheriff","Emeralds",34,"Male",1
"93","3",37,79,2,0.7,1,1,"A sheriff","Emeralds",34,"Male",1
"93","3",38,62,2,0.7,1,0,"A sheriff","Emeralds",34,"Male",1
"93","3",39,100,2,0.7,0,1,"A sheriff","Emeralds",34,"Male",1
"93","3",40,44,2,0.7,1,0,"A sheriff","Emeralds",34,"Male",1
"93","3",41,28,2,0.7,1,1,"A sheriff","Emeralds",34,"Male",1
"93","3",42,100,2,0.7,0,0,"A sheriff","Emeralds",34,"Male",1
"93","3",43,28,2,0.7,1,1,"A sheriff","Emeralds",34,"Male",1
"93","3",44,9,2,0.7,1,0,"A sheriff","Emeralds",34,"Male",1
"93","3",45,100,2,0.7,0,1,"A sheriff","Emeralds",34,"Male",1
"93","3",46,5,2,0.7,1,1,"A sheriff","Emeralds",34,"Male",1
"93","3",47,96,2,0.7,0,0,"A sheriff","Emeralds",34,"Male",1
"93","3",48,13,2,0.7,1,0,"A sheriff","Emeralds",34,"Male",1
"93","3",49,98,2,0.7,0,0,"A sheriff","Emeralds",34,"Male",1
"93","3",50,7,2,0.7,1,0,"A sheriff","Emeralds",34,"Male",1
"94","1",1,61,2,0.7,1,0,"A bandit","Emeralds",28,"Male",1
"94","1",2,66,2,0.7,1,0,"A bandit","Emeralds",28,"Male",1
"94","1",3,100,2,0.7,0,0,"A bandit","Emeralds",28,"Male",1
"94","1",4,49,2,0.7,1,0,"A bandit","Emeralds",28,"Male",1
"94","1",5,51,2,0.7,1,0,"A bandit","Emeralds",28,"Male",1
"94","1",6,100,2,0.7,0,0,"A bandit","Emeralds",28,"Male",1
"94","1",7,58,2,0.7,1,0,"A bandit","Emeralds",28,"Male",1
"94","1",8,54,2,0.7,1,0,"A bandit","Emeralds",28,"Male",1
"94","1",9,55,2,0.7,1,0,"A bandit","Emeralds",28,"Male",1
"94","1",10,72,2,0.7,0,1,"A bandit","Emeralds",28,"Male",1
"94","1",11,64,2,0.7,1,0,"A bandit","Emeralds",28,"Male",1
"94","1",12,29,1,0.3,0,0,"A bandit","Emeralds",28,"Male",1
"94","1",13,70,2,0.7,1,0,"A bandit","Emeralds",28,"Male",1
"94","1",14,84,2,0.7,0,0,"A bandit","Emeralds",28,"Male",1
"94","1",15,93,2,0.7,0,0,"A bandit","Emeralds",28,"Male",1
"94","1",16,73,2,0.7,0,1,"A bandit","Emeralds",28,"Male",1
"94","1",17,37,2,0.7,1,0,"A bandit","Emeralds",28,"Male",1
"94","1",18,70,2,0.7,0,0,"A bandit","Emeralds",28,"Male",1
"94","1",19,62,1,0.3,0,1,"A bandit","Emeralds",28,"Male",1
"94","1",20,56,2,0.7,1,0,"A bandit","Emeralds",28,"Male",1
"94","1",21,56,2,0.7,0,1,"A bandit","Emeralds",28,"Male",1
"94","1",22,63,2,0.7,1,0,"A bandit","Emeralds",28,"Male",1
"94","1",23,71,2,0.7,1,0,"A bandit","Emeralds",28,"Male",1
"94","1",24,38,2,0.7,0,1,"A bandit","Emeralds",28,"Male",1
"94","1",25,44,2,0.7,0,1,"A bandit","Emeralds",28,"Male",1
"94","1",26,59,2,0.7,1,0,"A bandit","Emeralds",28,"Male",1
"94","1",27,43,2,0.7,0,1,"A bandit","Emeralds",28,"Male",1
"94","1",28,65,2,0.7,1,0,"A bandit","Emeralds",28,"Male",1
"94","1",29,39,2,0.7,0,1,"A bandit","Emeralds",28,"Male",1
"94","1",30,41,2,0.7,0,0,"A bandit","Emeralds",28,"Male",1
"94","1",31,44,2,0.7,0,0,"A bandit","Emeralds",28,"Male",1
"94","1",32,70,2,0.7,1,0,"A bandit","Emeralds",28,"Male",1
"94","1",33,33,2,0.7,0,1,"A bandit","Emeralds",28,"Male",1
"94","1",34,62,2,0.7,0,0,"A bandit","Emeralds",28,"Male",1
"94","1",35,68,2,0.7,1,0,"A bandit","Emeralds",28,"Male",1
"94","1",36,74,2,0.7,1,0,"A bandit","Emeralds",28,"Male",1
"94","1",37,78,2,0.7,1,0,"A bandit","Emeralds",28,"Male",1
"94","1",38,45,2,0.7,0,1,"A bandit","Emeralds",28,"Male",1
"94","1",39,73,2,0.7,1,0,"A bandit","Emeralds",28,"Male",1
"94","1",40,71,2,0.7,1,0,"A bandit","Emeralds",28,"Male",1
"94","1",41,52,2,0.7,0,1,"A bandit","Emeralds",28,"Male",1
"94","1",42,72,2,0.7,1,0,"A bandit","Emeralds",28,"Male",1
"94","1",43,55,2,0.7,0,1,"A bandit","Emeralds",28,"Male",1
"94","1",44,40,2,0.7,0,1,"A bandit","Emeralds",28,"Male",1
"94","1",45,75,2,0.7,1,0,"A bandit","Emeralds",28,"Male",1
"94","1",46,52,2,0.7,0,1,"A bandit","Emeralds",28,"Male",1
"94","1",47,35,2,0.7,0,0,"A bandit","Emeralds",28,"Male",1
"94","1",48,44,2,0.7,0,1,"A bandit","Emeralds",28,"Male",1
"94","1",49,64,2,0.7,0,0,"A bandit","Emeralds",28,"Male",1
"94","1",50,87,2,0.7,1,0,"A bandit","Emeralds",28,"Male",1
"95","1",1,64,1,0.7,0,1,"A bandit","Emeralds",27,"Female",1
"95","1",2,66,2,0.3,0,0,"A bandit","Emeralds",27,"Female",1
"95","1",3,27,2,0.3,1,0,"A bandit","Emeralds",27,"Female",1
"95","1",4,58,2,0.3,0,0,"A bandit","Emeralds",27,"Female",1
"95","1",5,71,2,0.3,0,0,"A bandit","Emeralds",27,"Female",1
"95","1",6,24,2,0.3,1,0,"A bandit","Emeralds",27,"Female",1
"95","1",7,26,1,0.7,1,0,"A bandit","Emeralds",27,"Female",1
"95","1",8,32,1,0.7,1,0,"A bandit","Emeralds",27,"Female",1
"95","1",9,20,1,0.7,1,0,"A bandit","Emeralds",27,"Female",1
"95","1",10,20,1,0.7,1,0,"A bandit","Emeralds",27,"Female",1
"95","1",11,81,1,0.7,0,1,"A bandit","Emeralds",27,"Female",1
"95","1",12,83,1,0.7,0,1,"A bandit","Emeralds",27,"Female",1
"95","1",13,16,1,0.7,1,0,"A bandit","Emeralds",27,"Female",1
"95","1",14,76,1,0.7,0,1,"A bandit","Emeralds",27,"Female",1
"95","1",15,68,2,0.3,0,0,"A bandit","Emeralds",27,"Female",1
"95","1",16,78,1,0.7,0,0,"A bandit","Emeralds",27,"Female",1
"95","1",17,14,1,0.7,1,0,"A bandit","Emeralds",27,"Female",1
"95","1",18,17,1,0.7,1,0,"A bandit","Emeralds",27,"Female",1
"95","1",19,13,1,0.7,1,0,"A bandit","Emeralds",27,"Female",1
"95","1",20,21,1,0.7,1,0,"A bandit","Emeralds",27,"Female",1
"95","1",21,17,1,0.7,1,0,"A bandit","Emeralds",27,"Female",1
"95","1",22,19,1,0.7,0,0,"A bandit","Emeralds",27,"Female",1
"95","1",23,16,1,0.7,0,1,"A bandit","Emeralds",27,"Female",1
"95","1",24,16,1,0.7,1,0,"A bandit","Emeralds",27,"Female",1
"95","1",25,17,1,0.7,0,0,"A bandit","Emeralds",27,"Female",1
"95","1",26,18,1,0.7,0,1,"A bandit","Emeralds",27,"Female",1
"95","1",27,21,1,0.7,0,1,"A bandit","Emeralds",27,"Female",1
"95","1",28,20,1,0.7,0,0,"A bandit","Emeralds",27,"Female",1
"95","1",29,17,1,0.7,0,1,"A bandit","Emeralds",27,"Female",1
"95","1",30,17,1,0.7,0,1,"A bandit","Emeralds",27,"Female",1
"95","1",31,21,1,0.7,0,1,"A bandit","Emeralds",27,"Female",1
"95","1",32,17,1,0.7,1,0,"A bandit","Emeralds",27,"Female",1
"95","1",33,84,1,0.7,0,0,"A bandit","Emeralds",27,"Female",1
"95","1",34,76,1,0.7,0,1,"A bandit","Emeralds",27,"Female",1
"95","1",35,20,1,0.7,1,0,"A bandit","Emeralds",27,"Female",1
"95","1",36,26,1,0.7,1,0,"A bandit","Emeralds",27,"Female",1
"95","1",37,79,1,0.7,0,1,"A bandit","Emeralds",27,"Female",1
"95","1",38,79,1,0.7,0,0,"A bandit","Emeralds",27,"Female",1
"95","1",39,77,2,0.3,0,1,"A bandit","Emeralds",27,"Female",1
"95","1",40,73,2,0.3,0,1,"A bandit","Emeralds",27,"Female",1
"95","1",41,80,1,0.7,0,0,"A bandit","Emeralds",27,"Female",1
"95","1",42,12,1,0.7,1,0,"A bandit","Emeralds",27,"Female",1
"95","1",43,26,1,0.7,1,0,"A bandit","Emeralds",27,"Female",1
"95","1",44,20,1,0.7,1,0,"A bandit","Emeralds",27,"Female",1
"95","1",45,20,1,0.7,1,0,"A bandit","Emeralds",27,"Female",1
"95","1",46,79,1,0.7,0,1,"A bandit","Emeralds",27,"Female",1
"95","1",47,17,1,0.7,1,0,"A bandit","Emeralds",27,"Female",1
"95","1",48,15,1,0.7,1,0,"A bandit","Emeralds",27,"Female",1
"95","1",49,67,1,0.7,0,0,"A bandit","Emeralds",27,"Female",1
"95","1",50,28,1,0.7,0,0,"A bandit","Emeralds",27,"Female",1
"96","3",1,64,2,0.7,1,0,"A sheriff","Emeralds",27,"Male",1
"96","3",2,52,1,0.3,0,0,"A sheriff","Emeralds",27,"Male",1
"96","3",3,28,2,0.7,1,0,"A sheriff","Emeralds",27,"Male",1
"96","3",4,10,2,0.7,1,0,"A sheriff","Emeralds",27,"Male",1
"96","3",5,13,2,0.7,1,0,"A sheriff","Emeralds",27,"Male",1
"96","3",6,4,2,0.7,1,0,"A sheriff","Emeralds",27,"Male",1
"96","3",7,73,2,0.7,0,0,"A sheriff","Emeralds",27,"Male",1
"96","3",8,17,2,0.7,1,0,"A sheriff","Emeralds",27,"Male",1
"96","3",9,54,2,0.7,0,0,"A sheriff","Emeralds",27,"Male",1
"96","3",10,44,2,0.7,1,0,"A sheriff","Emeralds",27,"Male",1
"96","3",11,30,2,0.7,1,0,"A sheriff","Emeralds",27,"Male",1
"96","3",12,29,2,0.7,1,0,"A sheriff","Emeralds",27,"Male",1
"96","3",13,8,2,0.7,1,0,"A sheriff","Emeralds",27,"Male",1
"96","3",14,5,2,0.7,1,1,"A sheriff","Emeralds",27,"Male",1
"96","3",15,13,2,0.7,1,0,"A sheriff","Emeralds",27,"Male",1
"96","3",16,11,1,0.3,0,0,"A sheriff","Emeralds",27,"Male",1
"96","3",17,10,2,0.7,1,0,"A sheriff","Emeralds",27,"Male",1
"96","3",18,91,2,0.7,0,0,"A sheriff","Emeralds",27,"Male",1
"96","3",19,25,2,0.7,1,0,"A sheriff","Emeralds",27,"Male",1
"96","3",20,8,2,0.7,1,1,"A sheriff","Emeralds",27,"Male",1
"96","3",21,36,2,0.7,0,0,"A sheriff","Emeralds",27,"Male",1
"96","3",22,8,2,0.7,1,1,"A sheriff","Emeralds",27,"Male",1
"96","3",23,42,2,0.7,0,0,"A sheriff","Emeralds",27,"Male",1
"96","3",24,10,2,0.7,1,0,"A sheriff","Emeralds",27,"Male",1
"96","3",25,38,2,0.7,0,1,"A sheriff","Emeralds",27,"Male",1
"96","3",26,55,2,0.7,0,1,"A sheriff","Emeralds",27,"Male",1
"96","3",27,13,2,0.7,1,0,"A sheriff","Emeralds",27,"Male",1
"96","3",28,34,2,0.7,1,1,"A sheriff","Emeralds",27,"Male",1
"96","3",29,30,2,0.7,1,0,"A sheriff","Emeralds",27,"Male",1
"96","3",30,14,2,0.7,1,0,"A sheriff","Emeralds",27,"Male",1
"96","3",31,40,2,0.7,0,1,"A sheriff","Emeralds",27,"Male",1
"96","3",32,63,2,0.7,0,1,"A sheriff","Emeralds",27,"Male",1
"96","3",33,40,2,0.7,1,0,"A sheriff","Emeralds",27,"Male",1
"96","3",34,71,2,0.7,0,0,"A sheriff","Emeralds",27,"Male",1
"96","3",35,66,2,0.7,0,0,"A sheriff","Emeralds",27,"Male",1
"96","3",36,87,2,0.7,0,0,"A sheriff","Emeralds",27,"Male",1
"96","3",37,72,1,0.3,1,1,"A sheriff","Emeralds",27,"Male",1
"96","3",38,78,1,0.3,1,0,"A sheriff","Emeralds",27,"Male",1
"96","3",39,73,2,0.7,0,1,"A sheriff","Emeralds",27,"Male",1
"96","3",40,14,1,0.3,1,1,"A sheriff","Emeralds",27,"Male",1
"96","3",41,41,1,0.3,1,1,"A sheriff","Emeralds",27,"Male",1
"96","3",42,58,1,0.3,0,0,"A sheriff","Emeralds",27,"Male",1
"96","3",43,55,1,0.3,0,0,"A sheriff","Emeralds",27,"Male",1
"96","3",44,59,1,0.3,1,1,"A sheriff","Emeralds",27,"Male",1
"96","3",45,58,1,0.3,0,1,"A sheriff","Emeralds",27,"Male",1
"96","3",46,30,1,0.3,0,1,"A sheriff","Emeralds",27,"Male",1
"96","3",47,81,1,0.3,1,0,"A sheriff","Emeralds",27,"Male",1
"96","3",48,43,1,0.3,0,0,"A sheriff","Emeralds",27,"Male",1
"96","3",49,25,2,0.7,1,0,"A sheriff","Emeralds",27,"Male",1
"96","3",50,24,2,0.7,1,0,"A sheriff","Emeralds",27,"Male",1
"97","1",1,79,2,0.7,1,0,"A bandit","Emeralds",45,"Male",1
"97","1",2,80,2,0.7,1,0,"A bandit","Emeralds",45,"Male",1
"97","1",3,34,1,0.3,0,0,"A bandit","Emeralds",45,"Male",1
"97","1",4,81,1,0.3,0,0,"A bandit","Emeralds",45,"Male",1
"97","1",5,27,1,0.3,0,0,"A bandit","Emeralds",45,"Male",1
"97","1",6,32,2,0.7,0,1,"A bandit","Emeralds",45,"Male",1
"97","1",7,78,1,0.3,1,0,"A bandit","Emeralds",45,"Male",1
"97","1",8,14,2,0.7,1,0,"A bandit","Emeralds",45,"Male",1
"97","1",9,16,1,0.3,1,0,"A bandit","Emeralds",45,"Male",1
"97","1",10,77,2,0.7,1,0,"A bandit","Emeralds",45,"Male",1
"97","1",11,18,1,0.3,0,0,"A bandit","Emeralds",45,"Male",1
"97","1",12,4,2,0.7,0,1,"A bandit","Emeralds",45,"Male",1
"97","1",13,79,1,0.3,1,0,"A bandit","Emeralds",45,"Male",1
"97","1",14,68,1,0.3,0,0,"A bandit","Emeralds",45,"Male",1
"97","1",15,31,2,0.7,0,0,"A bandit","Emeralds",45,"Male",1
"97","1",16,86,2,0.7,0,0,"A bandit","Emeralds",45,"Male",1
"97","1",17,20,1,0.3,0,0,"A bandit","Emeralds",45,"Male",1
"97","1",18,10,1,0.3,0,1,"A bandit","Emeralds",45,"Male",1
"97","1",19,74,2,0.7,0,1,"A bandit","Emeralds",45,"Male",1
"97","1",20,14,1,0.3,0,1,"A bandit","Emeralds",45,"Male",1
"97","1",21,82,2,0.7,1,0,"A bandit","Emeralds",45,"Male",1
"97","1",22,77,2,0.7,1,0,"A bandit","Emeralds",45,"Male",1
"97","1",23,6,2,0.7,0,0,"A bandit","Emeralds",45,"Male",1
"97","1",24,10,1,0.3,0,0,"A bandit","Emeralds",45,"Male",1
"97","1",25,62,1,0.3,1,0,"A bandit","Emeralds",45,"Male",1
"97","1",26,64,2,0.7,0,1,"A bandit","Emeralds",45,"Male",1
"97","1",27,24,1,0.3,0,0,"A bandit","Emeralds",45,"Male",1
"97","1",28,8,1,0.3,0,1,"A bandit","Emeralds",45,"Male",1
"97","1",29,76,2,0.7,0,1,"A bandit","Emeralds",45,"Male",1
"97","1",30,75,1,0.3,0,0,"A bandit","Emeralds",45,"Male",1
"97","1",31,5,2,0.7,1,0,"A bandit","Emeralds",45,"Male",1
"97","1",32,59,1,0.3,0,0,"A bandit","Emeralds",45,"Male",1
"97","1",33,64,1,0.3,0,1,"A bandit","Emeralds",45,"Male",1
"97","1",34,67,1,0.3,1,0,"A bandit","Emeralds",45,"Male",1
"97","1",35,70,2,0.7,1,0,"A bandit","Emeralds",45,"Male",1
"97","1",36,64,2,0.7,0,1,"A bandit","Emeralds",45,"Male",1
"97","1",37,70,2,0.7,1,0,"A bandit","Emeralds",45,"Male",1
"97","1",38,35,1,0.3,0,0,"A bandit","Emeralds",45,"Male",1
"97","1",39,71,2,0.7,0,1,"A bandit","Emeralds",45,"Male",1
"97","1",40,33,1,0.3,0,1,"A bandit","Emeralds",45,"Male",1
"97","1",41,30,1,0.3,0,1,"A bandit","Emeralds",45,"Male",1
"97","1",42,33,2,0.7,1,0,"A bandit","Emeralds",45,"Male",1
"97","1",43,82,1,0.3,1,0,"A bandit","Emeralds",45,"Male",1
"97","1",44,67,2,0.7,1,0,"A bandit","Emeralds",45,"Male",1
"97","1",45,17,2,0.7,1,0,"A bandit","Emeralds",45,"Male",1
"97","1",46,21,1,0.3,0,0,"A bandit","Emeralds",45,"Male",1
"97","1",47,46,1,0.3,0,0,"A bandit","Emeralds",45,"Male",1
"97","1",48,46,2,0.7,0,1,"A bandit","Emeralds",45,"Male",1
"97","1",49,62,1,0.3,0,1,"A bandit","Emeralds",45,"Male",1
"97","1",50,36,2,0.7,0,0,"A bandit","Emeralds",45,"Male",1
"98","3",1,0,2,0.3,0,0,"A sheriff","Emeralds",42,"Female",1
"98","3",2,0,2,0.3,1,1,"A sheriff","Emeralds",42,"Female",1
"98","3",3,0,2,0.3,1,1,"A sheriff","Emeralds",42,"Female",1
"98","3",4,0,2,0.3,1,0,"A sheriff","Emeralds",42,"Female",1
"98","3",5,10,2,0.3,0,0,"A sheriff","Emeralds",42,"Female",1
"98","3",6,6,1,0.7,1,0,"A sheriff","Emeralds",42,"Female",1
"98","3",7,2,1,0.7,1,0,"A sheriff","Emeralds",42,"Female",1
"98","3",8,14,1,0.7,1,0,"A sheriff","Emeralds",42,"Female",1
"98","3",9,13,1,0.7,0,1,"A sheriff","Emeralds",42,"Female",1
"98","3",10,15,2,0.3,0,0,"A sheriff","Emeralds",42,"Female",1
"98","3",11,8,1,0.7,1,0,"A sheriff","Emeralds",42,"Female",1
"98","3",12,4,1,0.7,1,0,"A sheriff","Emeralds",42,"Female",1
"98","3",13,4,1,0.7,1,0,"A sheriff","Emeralds",42,"Female",1
"98","3",14,1,1,0.7,1,0,"A sheriff","Emeralds",42,"Female",1
"98","3",15,1,1,0.7,1,0,"A sheriff","Emeralds",42,"Female",1
"98","3",16,2,1,0.7,1,0,"A sheriff","Emeralds",42,"Female",1
"98","3",17,2,1,0.7,1,0,"A sheriff","Emeralds",42,"Female",1
"98","3",18,1,1,0.7,1,0,"A sheriff","Emeralds",42,"Female",1
"98","3",19,12,1,0.7,0,0,"A sheriff","Emeralds",42,"Female",1
"98","3",20,4,1,0.7,0,1,"A sheriff","Emeralds",42,"Female",1
"98","3",21,12,2,0.3,0,1,"A sheriff","Emeralds",42,"Female",1
"98","3",22,5,2,0.3,1,0,"A sheriff","Emeralds",42,"Female",1
"98","3",23,6,1,0.7,1,0,"A sheriff","Emeralds",42,"Female",1
"98","3",24,9,2,0.3,0,0,"A sheriff","Emeralds",42,"Female",1
"98","3",25,5,2,0.3,0,0,"A sheriff","Emeralds",42,"Female",1
"98","3",26,6,1,0.7,0,0,"A sheriff","Emeralds",42,"Female",1
"98","3",27,20,1,0.7,0,1,"A sheriff","Emeralds",42,"Female",1
"98","3",28,4,1,0.7,1,1,"A sheriff","Emeralds",42,"Female",1
"98","3",29,1,1,0.7,1,1,"A sheriff","Emeralds",42,"Female",1
"98","3",30,0,1,0.7,1,0,"A sheriff","Emeralds",42,"Female",1
"98","3",31,6,1,0.7,0,0,"A sheriff","Emeralds",42,"Female",1
"98","3",32,2,1,0.7,1,0,"A sheriff","Emeralds",42,"Female",1
"98","3",33,4,1,0.7,0,1,"A sheriff","Emeralds",42,"Female",1
"98","3",34,0,1,0.7,1,1,"A sheriff","Emeralds",42,"Female",1
"98","3",35,0,1,0.7,1,1,"A sheriff","Emeralds",42,"Female",1
"98","3",36,7,1,0.7,0,0,"A sheriff","Emeralds",42,"Female",1
"98","3",37,0,1,0.7,1,0,"A sheriff","Emeralds",42,"Female",1
"98","3",38,0,1,0.7,1,0,"A sheriff","Emeralds",42,"Female",1
"98","3",39,0,1,0.7,1,1,"A sheriff","Emeralds",42,"Female",1
"98","3",40,13,1,0.7,0,0,"A sheriff","Emeralds",42,"Female",1
"98","3",41,17,1,0.7,0,0,"A sheriff","Emeralds",42,"Female",1
"98","3",42,8,2,0.3,0,1,"A sheriff","Emeralds",42,"Female",1
"98","3",43,5,1,0.7,0,0,"A sheriff","Emeralds",42,"Female",1
"98","3",44,14,1,0.7,0,1,"A sheriff","Emeralds",42,"Female",1
"98","3",45,10,2,0.3,0,1,"A sheriff","Emeralds",42,"Female",1
"98","3",46,9,2,0.3,0,0,"A sheriff","Emeralds",42,"Female",1
"98","3",47,0,1,0.7,1,0,"A sheriff","Emeralds",42,"Female",1
"98","3",48,5,1,0.7,0,0,"A sheriff","Emeralds",42,"Female",1
"98","3",49,1,1,0.7,1,0,"A sheriff","Emeralds",42,"Female",1
"98","3",50,0,1,0.7,1,0,"A sheriff","Emeralds",42,"Female",1
"99","3",1,88,2,0.3,1,0,"A sheriff","Emeralds",30,"Male",1
"99","3",2,95,2,0.3,1,0,"A sheriff","Emeralds",30,"Male",1
"99","3",3,12,2,0.3,0,0,"A sheriff","Emeralds",30,"Male",1
"99","3",4,78,1,0.7,0,1,"A sheriff","Emeralds",30,"Male",1
"99","3",5,93,2,0.3,1,1,"A sheriff","Emeralds",30,"Male",1
"99","3",6,85,2,0.3,0,0,"A sheriff","Emeralds",30,"Male",1
"99","3",7,78,1,0.7,0,0,"A sheriff","Emeralds",30,"Male",1
"99","3",8,61,1,0.7,1,1,"A sheriff","Emeralds",30,"Male",1
"99","3",9,62,2,0.3,0,0,"A sheriff","Emeralds",30,"Male",1
"99","3",10,62,1,0.7,1,0,"A sheriff","Emeralds",30,"Male",1
"99","3",11,64,1,0.7,0,1,"A sheriff","Emeralds",30,"Male",1
"99","3",12,59,2,0.3,0,0,"A sheriff","Emeralds",30,"Male",1
"99","3",13,62,2,0.3,0,0,"A sheriff","Emeralds",30,"Male",1
"99","3",14,56,2,0.3,0,0,"A sheriff","Emeralds",30,"Male",1
"99","3",15,84,1,0.7,1,0,"A sheriff","Emeralds",30,"Male",1
"99","3",16,66,2,0.3,1,1,"A sheriff","Emeralds",30,"Male",1
"99","3",17,67,1,0.7,0,0,"A sheriff","Emeralds",30,"Male",1
"99","3",18,70,2,0.3,1,0,"A sheriff","Emeralds",30,"Male",1
"99","3",19,59,2,0.3,0,1,"A sheriff","Emeralds",30,"Male",1
"99","3",20,65,1,0.7,1,1,"A sheriff","Emeralds",30,"Male",1
"99","3",21,62,2,0.3,0,0,"A sheriff","Emeralds",30,"Male",1
"99","3",22,63,1,0.7,0,0,"A sheriff","Emeralds",30,"Male",1
"99","3",23,63,1,0.7,1,0,"A sheriff","Emeralds",30,"Male",1
"99","3",24,75,1,0.7,1,0,"A sheriff","Emeralds",30,"Male",1
"99","3",25,70,2,0.3,0,0,"A sheriff","Emeralds",30,"Male",1
"99","3",26,59,1,0.7,0,1,"A sheriff","Emeralds",30,"Male",1
"99","3",27,64,2,0.3,0,1,"A sheriff","Emeralds",30,"Male",1
"99","3",28,66,1,0.7,0,0,"A sheriff","Emeralds",30,"Male",1
"99","3",29,70,1,0.7,1,1,"A sheriff","Emeralds",30,"Male",1
"99","3",30,56,1,0.7,1,0,"A sheriff","Emeralds",30,"Male",1
"99","3",31,31,2,0.3,0,1,"A sheriff","Emeralds",30,"Male",1
"99","3",32,75,1,0.7,1,0,"A sheriff","Emeralds",30,"Male",1
"99","3",33,13,1,0.7,0,0,"A sheriff","Emeralds",30,"Male",1
"99","3",34,72,1,0.7,1,0,"A sheriff","Emeralds",30,"Male",1
"99","3",35,63,1,0.7,1,0,"A sheriff","Emeralds",30,"Male",1
"99","3",36,17,1,0.7,0,1,"A sheriff","Emeralds",30,"Male",1
"99","3",37,14,1,0.7,0,0,"A sheriff","Emeralds",30,"Male",1
"99","3",38,81,1,0.7,1,0,"A sheriff","Emeralds",30,"Male",1
"99","3",39,72,1,0.7,1,1,"A sheriff","Emeralds",30,"Male",1
"99","3",40,21,1,0.7,0,0,"A sheriff","Emeralds",30,"Male",1
"99","3",41,23,1,0.7,1,0,"A sheriff","Emeralds",30,"Male",1
"99","3",42,77,1,0.7,1,0,"A sheriff","Emeralds",30,"Male",1
"99","3",43,24,2,0.3,0,1,"A sheriff","Emeralds",30,"Male",1
"99","3",44,10,1,0.7,0,0,"A sheriff","Emeralds",30,"Male",1
"99","3",45,17,2,0.3,0,0,"A sheriff","Emeralds",30,"Male",1
"99","3",46,16,2,0.3,0,0,"A sheriff","Emeralds",30,"Male",1
"99","3",47,82,1,0.7,1,0,"A sheriff","Emeralds",30,"Male",1
"99","3",48,13,1,0.7,0,1,"A sheriff","Emeralds",30,"Male",1
"99","3",49,16,2,0.3,0,0,"A sheriff","Emeralds",30,"Male",1
"99","3",50,69,1,0.7,1,0,"A sheriff","Emeralds",30,"Male",1
"100","3",1,50,1,0.7,1,1,"A sheriff","Emeralds",27,"Male",1
"100","3",2,50,1,0.7,0,1,"A sheriff","Emeralds",27,"Male",1
"100","3",3,50,1,0.7,1,0,"A sheriff","Emeralds",27,"Male",1
"100","3",4,50,1,0.7,0,0,"A sheriff","Emeralds",27,"Male",1
"100","3",5,50,1,0.7,1,0,"A sheriff","Emeralds",27,"Male",1
"100","3",6,50,1,0.7,0,0,"A sheriff","Emeralds",27,"Male",1
"100","3",7,50,2,0.3,0,1,"A sheriff","Emeralds",27,"Male",1
"100","3",8,50,2,0.3,0,0,"A sheriff","Emeralds",27,"Male",1
"100","3",9,50,2,0.3,0,0,"A sheriff","Emeralds",27,"Male",1
"100","3",10,51,1,0.7,1,0,"A sheriff","Emeralds",27,"Male",1
"100","3",11,50,1,0.7,1,0,"A sheriff","Emeralds",27,"Male",1
"100","3",12,50,1,0.7,0,1,"A sheriff","Emeralds",27,"Male",1
"100","3",13,100,1,0.7,0,1,"A sheriff","Emeralds",27,"Male",1
"100","3",14,50,1,0.7,1,0,"A sheriff","Emeralds",27,"Male",1
"100","3",15,50,1,0.7,1,0,"A sheriff","Emeralds",27,"Male",1
"100","3",16,50,1,0.7,1,1,"A sheriff","Emeralds",27,"Male",1
"100","3",17,50,1,0.7,1,1,"A sheriff","Emeralds",27,"Male",1
"100","3",18,50,1,0.7,1,0,"A sheriff","Emeralds",27,"Male",1
"100","3",19,50,1,0.7,1,1,"A sheriff","Emeralds",27,"Male",1
"100","3",20,50,1,0.7,1,0,"A sheriff","Emeralds",27,"Male",1
"100","3",21,50,1,0.7,0,0,"A sheriff","Emeralds",27,"Male",1
"100","3",22,50,1,0.7,1,0,"A sheriff","Emeralds",27,"Male",1
"100","3",23,50,1,0.7,0,0,"A sheriff","Emeralds",27,"Male",1
"100","3",24,50,1,0.7,1,0,"A sheriff","Emeralds",27,"Male",1
"100","3",25,50,1,0.7,1,0,"A sheriff","Emeralds",27,"Male",1
"100","3",26,50,1,0.7,1,0,"A sheriff","Emeralds",27,"Male",1
"100","3",27,50,1,0.7,1,1,"A sheriff","Emeralds",27,"Male",1
"100","3",28,50,1,0.7,1,0,"A sheriff","Emeralds",27,"Male",1
"100","3",29,50,1,0.7,1,0,"A sheriff","Emeralds",27,"Male",1
"100","3",30,50,1,0.7,1,0,"A sheriff","Emeralds",27,"Male",1
"100","3",31,50,1,0.7,1,0,"A sheriff","Emeralds",27,"Male",1
"100","3",32,50,1,0.7,0,0,"A sheriff","Emeralds",27,"Male",1
"100","3",33,50,1,0.7,1,1,"A sheriff","Emeralds",27,"Male",1
"100","3",34,50,1,0.7,1,0,"A sheriff","Emeralds",27,"Male",1
"100","3",35,50,1,0.7,0,1,"A sheriff","Emeralds",27,"Male",1
"100","3",36,50,1,0.7,1,0,"A sheriff","Emeralds",27,"Male",1
"100","3",37,50,1,0.7,1,0,"A sheriff","Emeralds",27,"Male",1
"100","3",38,50,1,0.7,1,1,"A sheriff","Emeralds",27,"Male",1
"100","3",39,50,1,0.7,0,1,"A sheriff","Emeralds",27,"Male",1
"100","3",40,50,1,0.7,1,0,"A sheriff","Emeralds",27,"Male",1
"100","3",41,50,1,0.7,1,0,"A sheriff","Emeralds",27,"Male",1
"100","3",42,50,1,0.7,1,0,"A sheriff","Emeralds",27,"Male",1
"100","3",43,50,1,0.7,1,0,"A sheriff","Emeralds",27,"Male",1
"100","3",44,50,1,0.7,0,1,"A sheriff","Emeralds",27,"Male",1
"100","3",45,50,1,0.7,1,0,"A sheriff","Emeralds",27,"Male",1
"100","3",46,50,1,0.7,1,1,"A sheriff","Emeralds",27,"Male",1
"100","3",47,50,1,0.7,1,0,"A sheriff","Emeralds",27,"Male",1
"100","3",48,50,1,0.7,1,0,"A sheriff","Emeralds",27,"Male",1
"100","3",49,50,1,0.7,0,0,"A sheriff","Emeralds",27,"Male",1
"100","3",50,50,1,0.7,1,0,"A sheriff","Emeralds",27,"Male",1
"101","1",1,56,2,0.7,1,0,"A bandit","Emeralds",37,"Male",1
"101","1",2,85,1,0.3,0,0,"A bandit","Emeralds",37,"Male",1
"101","1",3,95,2,0.7,0,0,"A bandit","Emeralds",37,"Male",1
"101","1",4,72,1,0.3,0,0,"A bandit","Emeralds",37,"Male",1
"101","1",5,57,1,0.3,1,0,"A bandit","Emeralds",37,"Male",1
"101","1",6,58,1,0.3,0,1,"A bandit","Emeralds",37,"Male",1
"101","1",7,26,2,0.7,1,0,"A bandit","Emeralds",37,"Male",1
"101","1",8,80,1,0.3,0,1,"A bandit","Emeralds",37,"Male",1
"101","1",9,78,2,0.7,1,0,"A bandit","Emeralds",37,"Male",1
"101","1",10,79,2,0.7,0,0,"A bandit","Emeralds",37,"Male",1
"101","1",11,12,2,0.7,1,0,"A bandit","Emeralds",37,"Male",1
"101","1",12,2,2,0.7,1,0,"A bandit","Emeralds",37,"Male",1
"101","1",13,2,2,0.7,0,1,"A bandit","Emeralds",37,"Male",1
"101","1",14,81,2,0.7,0,0,"A bandit","Emeralds",37,"Male",1
"101","1",15,82,1,0.3,0,1,"A bandit","Emeralds",37,"Male",1
"101","1",16,85,2,0.7,0,0,"A bandit","Emeralds",37,"Male",1
"101","1",17,82,2,0.7,0,1,"A bandit","Emeralds",37,"Male",1
"101","1",18,4,2,0.7,1,0,"A bandit","Emeralds",37,"Male",1
"101","1",19,13,2,0.7,0,1,"A bandit","Emeralds",37,"Male",1
"101","1",20,19,2,0.7,1,0,"A bandit","Emeralds",37,"Male",1
"101","1",21,68,2,0.7,0,1,"A bandit","Emeralds",37,"Male",1
"101","1",22,8,2,0.7,1,0,"A bandit","Emeralds",37,"Male",1
"101","1",23,4,2,0.7,1,0,"A bandit","Emeralds",37,"Male",1
"101","1",24,3,2,0.7,0,0,"A bandit","Emeralds",37,"Male",1
"101","1",25,30,2,0.7,1,0,"A bandit","Emeralds",37,"Male",1
"101","1",26,78,2,0.7,1,0,"A bandit","Emeralds",37,"Male",1
"101","1",27,14,2,0.7,0,1,"A bandit","Emeralds",37,"Male",1
"101","1",28,80,2,0.7,0,0,"A bandit","Emeralds",37,"Male",1
"101","1",29,10,2,0.7,0,0,"A bandit","Emeralds",37,"Male",1
"101","1",30,82,2,0.7,1,0,"A bandit","Emeralds",37,"Male",1
"101","1",31,20,2,0.7,1,0,"A bandit","Emeralds",37,"Male",1
"101","1",32,8,2,0.7,0,0,"A bandit","Emeralds",37,"Male",1
"101","1",33,69,2,0.7,0,1,"A bandit","Emeralds",37,"Male",1
"101","1",34,17,2,0.7,0,1,"A bandit","Emeralds",37,"Male",1
"101","1",35,87,2,0.7,0,1,"A bandit","Emeralds",37,"Male",1
"101","1",36,75,2,0.7,0,1,"A bandit","Emeralds",37,"Male",1
"101","1",37,14,2,0.7,1,0,"A bandit","Emeralds",37,"Male",1
"101","1",38,10,2,0.7,0,0,"A bandit","Emeralds",37,"Male",1
"101","1",39,19,2,0.7,1,0,"A bandit","Emeralds",37,"Male",1
"101","1",40,16,2,0.7,1,0,"A bandit","Emeralds",37,"Male",1
"101","1",41,4,2,0.7,1,0,"A bandit","Emeralds",37,"Male",1
"101","1",42,24,2,0.7,1,0,"A bandit","Emeralds",37,"Male",1
"101","1",43,18,2,0.7,1,0,"A bandit","Emeralds",37,"Male",1
"101","1",44,73,1,0.3,0,0,"A bandit","Emeralds",37,"Male",1
"101","1",45,13,2,0.7,1,0,"A bandit","Emeralds",37,"Male",1
"101","1",46,76,2,0.7,0,1,"A bandit","Emeralds",37,"Male",1
"101","1",47,77,2,0.7,0,0,"A bandit","Emeralds",37,"Male",1
"101","1",48,16,2,0.7,1,0,"A bandit","Emeralds",37,"Male",1
"101","1",49,69,2,0.7,0,1,"A bandit","Emeralds",37,"Male",1
"101","1",50,15,1,0.3,0,1,"A bandit","Emeralds",37,"Male",1
"102","3",1,80,1,0.3,0,0,"A sheriff","Emeralds",45,"Female",1
"102","3",2,23,2,0.7,1,0,"A sheriff","Emeralds",45,"Female",1
"102","3",3,6,2,0.7,1,0,"A sheriff","Emeralds",45,"Female",1
"102","3",4,2,2,0.7,1,1,"A sheriff","Emeralds",45,"Female",1
"102","3",5,2,2,0.7,1,1,"A sheriff","Emeralds",45,"Female",1
"102","3",6,100,2,0.7,0,1,"A sheriff","Emeralds",45,"Female",1
"102","3",7,100,2,0.7,0,1,"A sheriff","Emeralds",45,"Female",1
"102","3",8,99,2,0.7,0,0,"A sheriff","Emeralds",45,"Female",1
"102","3",9,81,2,0.7,0,0,"A sheriff","Emeralds",45,"Female",1
"102","3",10,91,1,0.3,0,0,"A sheriff","Emeralds",45,"Female",1
"102","3",11,30,2,0.7,0,0,"A sheriff","Emeralds",45,"Female",1
"102","3",12,68,1,0.3,1,0,"A sheriff","Emeralds",45,"Female",1
"102","3",13,30,1,0.3,1,0,"A sheriff","Emeralds",45,"Female",1
"102","3",14,84,1,0.3,0,0,"A sheriff","Emeralds",45,"Female",1
"102","3",15,90,1,0.3,0,0,"A sheriff","Emeralds",45,"Female",1
"102","3",16,74,2,0.7,1,0,"A sheriff","Emeralds",45,"Female",1
"102","3",17,34,2,0.7,1,1,"A sheriff","Emeralds",45,"Female",1
"102","3",18,13,2,0.7,1,0,"A sheriff","Emeralds",45,"Female",1
"102","3",19,0,2,0.7,1,0,"A sheriff","Emeralds",45,"Female",1
"102","3",20,0,2,0.7,1,0,"A sheriff","Emeralds",45,"Female",1
"102","3",21,90,2,0.7,0,0,"A sheriff","Emeralds",45,"Female",1
"102","3",22,65,2,0.7,1,0,"A sheriff","Emeralds",45,"Female",1
"102","3",23,21,2,0.7,1,0,"A sheriff","Emeralds",45,"Female",1
"102","3",24,92,2,0.7,0,1,"A sheriff","Emeralds",45,"Female",1
"102","3",25,26,2,0.7,1,1,"A sheriff","Emeralds",45,"Female",1
"102","3",26,72,2,0.7,0,1,"A sheriff","Emeralds",45,"Female",1
"102","3",27,50,2,0.7,1,0,"A sheriff","Emeralds",45,"Female",1
"102","3",28,25,2,0.7,1,0,"A sheriff","Emeralds",45,"Female",1
"102","3",29,73,2,0.7,0,0,"A sheriff","Emeralds",45,"Female",1
"102","3",30,62,2,0.7,0,0,"A sheriff","Emeralds",45,"Female",1
"102","3",31,51,2,0.7,0,1,"A sheriff","Emeralds",45,"Female",1
"102","3",32,77,1,0.3,1,0,"A sheriff","Emeralds",45,"Female",1
"102","3",33,59,1,0.3,1,1,"A sheriff","Emeralds",45,"Female",1
"102","3",34,79,1,0.3,0,0,"A sheriff","Emeralds",45,"Female",1
"102","3",35,49,2,0.7,1,0,"A sheriff","Emeralds",45,"Female",1
"102","3",36,75,2,0.7,0,0,"A sheriff","Emeralds",45,"Female",1
"102","3",37,58,1,0.3,0,0,"A sheriff","Emeralds",45,"Female",1
"102","3",38,60,2,0.7,1,0,"A sheriff","Emeralds",45,"Female",1
"102","3",39,30,2,0.7,1,1,"A sheriff","Emeralds",45,"Female",1
"102","3",40,13,2,0.7,1,1,"A sheriff","Emeralds",45,"Female",1
"102","3",41,2,2,0.7,1,0,"A sheriff","Emeralds",45,"Female",1
"102","3",42,0,2,0.7,1,1,"A sheriff","Emeralds",45,"Female",1
"102","3",43,0,2,0.7,1,0,"A sheriff","Emeralds",45,"Female",1
"102","3",44,0,2,0.7,1,0,"A sheriff","Emeralds",45,"Female",1
"102","3",45,97,2,0.7,0,1,"A sheriff","Emeralds",45,"Female",1
"102","3",46,75,2,0.7,1,0,"A sheriff","Emeralds",45,"Female",1
"102","3",47,27,2,0.7,1,0,"A sheriff","Emeralds",45,"Female",1
"102","3",48,89,2,0.7,0,1,"A sheriff","Emeralds",45,"Female",1
"102","3",49,50,2,0.7,1,0,"A sheriff","Emeralds",45,"Female",1
"102","3",50,25,2,0.7,1,0,"A sheriff","Emeralds",45,"Female",1
"103","1",1,67,1,0.7,1,0,"A tycoon","Rocks",39,"Male",0
"103","1",2,72,1,0.7,0,1,"A tycoon","Rocks",39,"Male",0
"103","1",3,64,2,0.3,1,0,"A tycoon","Rocks",39,"Male",0
"103","1",4,78,1,0.7,1,0,"A tycoon","Rocks",39,"Male",0
"103","1",5,65,2,0.3,0,1,"A tycoon","Rocks",39,"Male",0
"103","1",6,63,1,0.7,1,0,"A tycoon","Rocks",39,"Male",0
"103","1",7,64,2,0.3,0,0,"A tycoon","Rocks",39,"Male",0
"103","1",8,76,2,0.3,0,1,"A tycoon","Rocks",39,"Male",0
"103","1",9,71,1,0.7,1,0,"A tycoon","Rocks",39,"Male",0
"103","1",10,74,1,0.7,0,1,"A tycoon","Rocks",39,"Male",0
"103","1",11,64,2,0.3,0,0,"A tycoon","Rocks",39,"Male",0
"103","1",12,72,1,0.7,1,0,"A tycoon","Rocks",39,"Male",0
"103","1",13,66,2,0.3,0,1,"A tycoon","Rocks",39,"Male",0
"103","1",14,61,1,0.7,1,0,"A tycoon","Rocks",39,"Male",0
"103","1",15,68,2,0.3,0,0,"A tycoon","Rocks",39,"Male",0
"103","1",16,76,1,0.7,0,1,"A tycoon","Rocks",39,"Male",0
"103","1",17,73,2,0.3,0,0,"A tycoon","Rocks",39,"Male",0
"103","1",18,62,1,0.7,0,0,"A tycoon","Rocks",39,"Male",0
"103","1",19,70,2,0.3,0,1,"A tycoon","Rocks",39,"Male",0
"103","1",20,69,1,0.7,1,0,"A tycoon","Rocks",39,"Male",0
"103","1",21,79,2,0.3,0,0,"A tycoon","Rocks",39,"Male",0
"103","1",22,65,1,0.7,1,0,"A tycoon","Rocks",39,"Male",0
"103","1",23,72,2,0.3,0,0,"A tycoon","Rocks",39,"Male",0
"103","1",24,87,1,0.7,0,1,"A tycoon","Rocks",39,"Male",0
"103","1",25,62,2,0.3,1,0,"A tycoon","Rocks",39,"Male",0
"103","1",26,69,1,0.7,1,0,"A tycoon","Rocks",39,"Male",0
"103","1",27,70,2,0.3,0,0,"A tycoon","Rocks",39,"Male",0
"103","1",28,77,1,0.7,0,1,"A tycoon","Rocks",39,"Male",0
"103","1",29,82,2,0.3,0,1,"A tycoon","Rocks",39,"Male",0
"103","1",30,61,2,0.3,1,0,"A tycoon","Rocks",39,"Male",0
"103","1",31,73,1,0.7,1,0,"A tycoon","Rocks",39,"Male",0
"103","1",32,67,2,0.3,1,0,"A tycoon","Rocks",39,"Male",0
"103","1",33,72,1,0.7,1,0,"A tycoon","Rocks",39,"Male",0
"103","1",34,69,2,0.3,1,0,"A tycoon","Rocks",39,"Male",0
"103","1",35,82,1,0.7,0,0,"A tycoon","Rocks",39,"Male",0
"103","1",36,73,1,0.7,0,0,"A tycoon","Rocks",39,"Male",0
"103","1",37,63,2,0.3,0,1,"A tycoon","Rocks",39,"Male",0
"103","1",38,70,2,0.3,0,0,"A tycoon","Rocks",39,"Male",0
"103","1",39,63,1,0.7,0,0,"A tycoon","Rocks",39,"Male",0
"103","1",40,72,2,0.3,0,1,"A tycoon","Rocks",39,"Male",0
"103","1",41,58,1,0.7,1,0,"A tycoon","Rocks",39,"Male",0
"103","1",42,63,2,0.3,0,1,"A tycoon","Rocks",39,"Male",0
"103","1",43,68,1,0.7,1,0,"A tycoon","Rocks",39,"Male",0
"103","1",44,69,2,0.3,0,0,"A tycoon","Rocks",39,"Male",0
"103","1",45,69,1,0.7,0,0,"A tycoon","Rocks",39,"Male",0
"103","1",46,72,1,0.7,0,0,"A tycoon","Rocks",39,"Male",0
"103","1",47,63,2,0.3,1,0,"A tycoon","Rocks",39,"Male",0
"103","1",48,72,1,0.7,0,1,"A tycoon","Rocks",39,"Male",0
"103","1",49,69,2,0.3,0,1,"A tycoon","Rocks",39,"Male",0
"103","1",50,58,1,0.7,1,0,"A tycoon","Rocks",39,"Male",0
"104","1",1,74,1,0.3,0,0,"A bandit","Emeralds",31,"Female",1
"104","1",2,74,1,0.3,0,1,"A bandit","Emeralds",31,"Female",1
"104","1",3,79,1,0.3,0,0,"A bandit","Emeralds",31,"Female",1
"104","1",4,82,1,0.3,1,0,"A bandit","Emeralds",31,"Female",1
"104","1",5,66,1,0.3,1,0,"A bandit","Emeralds",31,"Female",1
"104","1",6,67,1,0.3,0,1,"A bandit","Emeralds",31,"Female",1
"104","1",7,62,1,0.3,0,0,"A bandit","Emeralds",31,"Female",1
"104","1",8,71,1,0.3,0,1,"A bandit","Emeralds",31,"Female",1
"104","1",9,76,1,0.3,0,0,"A bandit","Emeralds",31,"Female",1
"104","1",10,71,1,0.3,0,0,"A bandit","Emeralds",31,"Female",1
"104","1",11,68,1,0.3,1,0,"A bandit","Emeralds",31,"Female",1
"104","1",12,77,1,0.3,0,0,"A bandit","Emeralds",31,"Female",1
"104","1",13,80,1,0.3,0,1,"A bandit","Emeralds",31,"Female",1
"104","1",14,77,1,0.3,1,0,"A bandit","Emeralds",31,"Female",1
"104","1",15,77,1,0.3,0,0,"A bandit","Emeralds",31,"Female",1
"104","1",16,64,1,0.3,0,0,"A bandit","Emeralds",31,"Female",1
"104","1",17,71,1,0.3,0,0,"A bandit","Emeralds",31,"Female",1
"104","1",18,68,1,0.3,0,1,"A bandit","Emeralds",31,"Female",1
"104","1",19,65,1,0.3,0,0,"A bandit","Emeralds",31,"Female",1
"104","1",20,73,1,0.3,0,1,"A bandit","Emeralds",31,"Female",1
"104","1",21,77,1,0.3,0,0,"A bandit","Emeralds",31,"Female",1
"104","1",22,75,1,0.3,1,0,"A bandit","Emeralds",31,"Female",1
"104","1",23,78,2,0.7,0,0,"A bandit","Emeralds",31,"Female",1
"104","1",24,65,2,0.7,0,1,"A bandit","Emeralds",31,"Female",1
"104","1",25,61,2,0.7,1,0,"A bandit","Emeralds",31,"Female",1
"104","1",26,77,1,0.3,0,0,"A bandit","Emeralds",31,"Female",1
"104","1",27,73,1,0.3,0,0,"A bandit","Emeralds",31,"Female",1
"104","1",28,71,1,0.3,0,1,"A bandit","Emeralds",31,"Female",1
"104","1",29,76,1,0.3,0,1,"A bandit","Emeralds",31,"Female",1
"104","1",30,70,1,0.3,0,0,"A bandit","Emeralds",31,"Female",1
"104","1",31,75,1,0.3,0,0,"A bandit","Emeralds",31,"Female",1
"104","1",32,74,1,0.3,0,1,"A bandit","Emeralds",31,"Female",1
"104","1",33,68,1,0.3,0,0,"A bandit","Emeralds",31,"Female",1
"104","1",34,79,1,0.3,0,0,"A bandit","Emeralds",31,"Female",1
"104","1",35,79,1,0.3,1,0,"A bandit","Emeralds",31,"Female",1
"104","1",36,69,1,0.3,0,0,"A bandit","Emeralds",31,"Female",1
"104","1",37,72,1,0.3,0,0,"A bandit","Emeralds",31,"Female",1
"104","1",38,78,1,0.3,0,0,"A bandit","Emeralds",31,"Female",1
"104","1",39,72,1,0.3,0,1,"A bandit","Emeralds",31,"Female",1
"104","1",40,76,1,0.3,0,0,"A bandit","Emeralds",31,"Female",1
"104","1",41,68,1,0.3,0,0,"A bandit","Emeralds",31,"Female",1
"104","1",42,69,1,0.3,0,0,"A bandit","Emeralds",31,"Female",1
"104","1",43,73,1,0.3,0,1,"A bandit","Emeralds",31,"Female",1
"104","1",44,71,1,0.3,0,0,"A bandit","Emeralds",31,"Female",1
"104","1",45,71,1,0.3,0,1,"A bandit","Emeralds",31,"Female",1
"104","1",46,79,1,0.3,0,1,"A bandit","Emeralds",31,"Female",1
"104","1",47,68,1,0.3,0,0,"A bandit","Emeralds",31,"Female",1
"104","1",48,75,1,0.3,0,0,"A bandit","Emeralds",31,"Female",1
"104","1",49,78,1,0.3,0,1,"A bandit","Emeralds",31,"Female",1
"104","1",50,72,1,0.3,1,0,"A bandit","Emeralds",31,"Female",1
"105","1",1,70,1,0.3,1,0,"A bandit","Emeralds",33,"Male",1
"105","1",2,55,2,0.7,0,1,"A bandit","Emeralds",33,"Male",1
"105","1",3,64,1,0.3,0,0,"A bandit","Emeralds",33,"Male",1
"105","1",4,85,1,0.3,0,0,"A bandit","Emeralds",33,"Male",1
"105","1",5,84,1,0.3,0,1,"A bandit","Emeralds",33,"Male",1
"105","1",6,45,1,0.3,0,0,"A bandit","Emeralds",33,"Male",1
"105","1",7,73,2,0.7,0,0,"A bandit","Emeralds",33,"Male",1
"105","1",8,66,1,0.3,0,0,"A bandit","Emeralds",33,"Male",1
"105","1",9,56,1,0.3,0,0,"A bandit","Emeralds",33,"Male",1
"105","1",10,64,1,0.3,0,1,"A bandit","Emeralds",33,"Male",1
"105","1",11,91,1,0.3,1,0,"A bandit","Emeralds",33,"Male",1
"105","1",12,41,2,0.7,0,1,"A bandit","Emeralds",33,"Male",1
"105","1",13,55,2,0.7,1,0,"A bandit","Emeralds",33,"Male",1
"105","1",14,38,1,0.3,0,1,"A bandit","Emeralds",33,"Male",1
"105","1",15,33,1,0.3,0,0,"A bandit","Emeralds",33,"Male",1
"105","1",16,72,2,0.7,1,0,"A bandit","Emeralds",33,"Male",1
"105","1",17,45,2,0.7,0,0,"A bandit","Emeralds",33,"Male",1
"105","1",18,32,1,0.3,0,0,"A bandit","Emeralds",33,"Male",1
"105","1",19,54,2,0.7,1,0,"A bandit","Emeralds",33,"Male",1
"105","1",20,58,2,0.7,0,0,"A bandit","Emeralds",33,"Male",1
"105","1",21,42,1,0.3,1,0,"A bandit","Emeralds",33,"Male",1
"105","1",22,38,1,0.3,0,1,"A bandit","Emeralds",33,"Male",1
"105","1",23,25,1,0.3,1,0,"A bandit","Emeralds",33,"Male",1
"105","1",24,37,2,0.7,0,1,"A bandit","Emeralds",33,"Male",1
"105","1",25,31,1,0.3,0,1,"A bandit","Emeralds",33,"Male",1
"105","1",26,32,1,0.3,1,0,"A bandit","Emeralds",33,"Male",1
"105","1",27,36,2,0.7,0,1,"A bandit","Emeralds",33,"Male",1
"105","1",28,24,1,0.3,1,0,"A bandit","Emeralds",33,"Male",1
"105","1",29,32,1,0.3,1,0,"A bandit","Emeralds",33,"Male",1
"105","1",30,23,1,0.3,1,0,"A bandit","Emeralds",33,"Male",1
"105","1",31,27,1,0.3,0,0,"A bandit","Emeralds",33,"Male",1
"105","1",32,20,1,0.3,1,0,"A bandit","Emeralds",33,"Male",1
"105","1",33,44,2,0.7,0,1,"A bandit","Emeralds",33,"Male",1
"105","1",34,43,1,0.3,0,1,"A bandit","Emeralds",33,"Male",1
"105","1",35,35,1,0.3,0,1,"A bandit","Emeralds",33,"Male",1
"105","1",36,56,2,0.7,0,0,"A bandit","Emeralds",33,"Male",1
"105","1",37,37,1,0.3,0,0,"A bandit","Emeralds",33,"Male",1
"105","1",38,77,2,0.7,1,0,"A bandit","Emeralds",33,"Male",1
"105","1",39,68,2,0.7,1,0,"A bandit","Emeralds",33,"Male",1
"105","1",40,41,2,0.7,0,0,"A bandit","Emeralds",33,"Male",1
"105","1",41,28,2,0.7,0,1,"A bandit","Emeralds",33,"Male",1
"105","1",42,27,2,0.7,0,1,"A bandit","Emeralds",33,"Male",1
"105","1",43,29,2,0.7,0,0,"A bandit","Emeralds",33,"Male",1
"105","1",44,24,1,0.3,0,0,"A bandit","Emeralds",33,"Male",1
"105","1",45,24,1,0.3,0,0,"A bandit","Emeralds",33,"Male",1
"105","1",46,22,1,0.3,0,0,"A bandit","Emeralds",33,"Male",1
"105","1",47,39,1,0.3,0,1,"A bandit","Emeralds",33,"Male",1
"105","1",48,21,1,0.3,0,0,"A bandit","Emeralds",33,"Male",1
"105","1",49,20,1,0.3,0,0,"A bandit","Emeralds",33,"Male",1
"105","1",50,28,1,0.3,0,0,"A bandit","Emeralds",33,"Male",1
"106","2",1,6,1,0.3,0,0,"A tycoon","Emeralds",42,"Male",1
"106","2",2,85,2,0.7,1,0,"A tycoon","Emeralds",42,"Male",1
"106","2",3,94,2,0.7,1,0,"A tycoon","Emeralds",42,"Male",1
"106","2",4,88,2,0.7,1,0,"A tycoon","Emeralds",42,"Male",1
"106","2",5,95,2,0.7,1,0,"A tycoon","Emeralds",42,"Male",1
"106","2",6,2,2,0.7,0,0,"A tycoon","Emeralds",42,"Male",1
"106","2",7,63,2,0.7,1,0,"A tycoon","Emeralds",42,"Male",1
"106","2",8,68,2,0.7,1,0,"A tycoon","Emeralds",42,"Male",1
"106","2",9,73,2,0.7,1,0,"A tycoon","Emeralds",42,"Male",1
"106","2",10,28,2,0.7,0,0,"A tycoon","Emeralds",42,"Male",1
"106","2",11,57,2,0.7,1,1,"A tycoon","Emeralds",42,"Male",1
"106","2",12,13,2,0.7,0,0,"A tycoon","Emeralds",42,"Male",1
"106","2",13,33,1,0.3,0,0,"A tycoon","Emeralds",42,"Male",1
"106","2",14,81,1,0.3,1,1,"A tycoon","Emeralds",42,"Male",1
"106","2",15,95,1,0.3,1,1,"A tycoon","Emeralds",42,"Male",1
"106","2",16,94,1,0.3,1,0,"A tycoon","Emeralds",42,"Male",1
"106","2",17,77,1,0.3,1,1,"A tycoon","Emeralds",42,"Male",1
"106","2",18,81,2,0.7,1,0,"A tycoon","Emeralds",42,"Male",1
"106","2",19,80,1,0.3,1,0,"A tycoon","Emeralds",42,"Male",1
"106","2",20,2,1,0.3,0,0,"A tycoon","Emeralds",42,"Male",1
"106","2",21,78,2,0.7,1,0,"A tycoon","Emeralds",42,"Male",1
"106","2",22,3,1,0.3,0,0,"A tycoon","Emeralds",42,"Male",1
"106","2",23,79,2,0.7,1,1,"A tycoon","Emeralds",42,"Male",1
"106","2",24,77,1,0.3,1,0,"A tycoon","Emeralds",42,"Male",1
"106","2",25,54,2,0.7,1,1,"A tycoon","Emeralds",42,"Male",1
"106","2",26,4,1,0.3,0,0,"A tycoon","Emeralds",42,"Male",1
"106","2",27,86,2,0.7,1,0,"A tycoon","Emeralds",42,"Male",1
"106","2",28,4,1,0.3,0,0,"A tycoon","Emeralds",42,"Male",1
"106","2",29,8,2,0.7,0,0,"A tycoon","Emeralds",42,"Male",1
"106","2",30,83,2,0.7,1,0,"A tycoon","Emeralds",42,"Male",1
"106","2",31,89,1,0.3,1,1,"A tycoon","Emeralds",42,"Male",1
"106","2",32,85,2,0.7,1,1,"A tycoon","Emeralds",42,"Male",1
"106","2",33,2,2,0.7,0,0,"A tycoon","Emeralds",42,"Male",1
"106","2",34,69,2,0.7,1,1,"A tycoon","Emeralds",42,"Male",1
"106","2",35,84,1,0.3,1,0,"A tycoon","Emeralds",42,"Male",1
"106","2",36,83,2,0.7,1,0,"A tycoon","Emeralds",42,"Male",1
"106","2",37,86,2,0.7,1,0,"A tycoon","Emeralds",42,"Male",1
"106","2",38,80,1,0.3,1,0,"A tycoon","Emeralds",42,"Male",1
"106","2",39,82,2,0.7,1,1,"A tycoon","Emeralds",42,"Male",1
"106","2",40,77,2,0.7,1,1,"A tycoon","Emeralds",42,"Male",1
"106","2",41,88,2,0.7,1,0,"A tycoon","Emeralds",42,"Male",1
"106","2",42,63,2,0.7,1,0,"A tycoon","Emeralds",42,"Male",1
"106","2",43,79,2,0.7,1,0,"A tycoon","Emeralds",42,"Male",1
"106","2",44,1,2,0.7,0,0,"A tycoon","Emeralds",42,"Male",1
"106","2",45,75,2,0.7,1,0,"A tycoon","Emeralds",42,"Male",1
"106","2",46,80,1,0.3,1,1,"A tycoon","Emeralds",42,"Male",1
"106","2",47,82,2,0.7,1,1,"A tycoon","Emeralds",42,"Male",1
"106","2",48,75,1,0.3,1,0,"A tycoon","Emeralds",42,"Male",1
"106","2",49,83,2,0.7,1,1,"A tycoon","Emeralds",42,"Male",1
"106","2",50,68,2,0.7,1,1,"A tycoon","Emeralds",42,"Male",1
"107","3",1,17,2,0.7,0,0,"A sheriff","Emeralds",32,"Female",1
"107","3",2,31,2,0.7,0,1,"A sheriff","Emeralds",32,"Female",1
"107","3",3,68,1,0.3,1,1,"A sheriff","Emeralds",32,"Female",1
"107","3",4,50,1,0.3,0,0,"A sheriff","Emeralds",32,"Female",1
"107","3",5,30,1,0.3,0,0,"A sheriff","Emeralds",32,"Female",1
"107","3",6,16,1,0.3,1,1,"A sheriff","Emeralds",32,"Female",1
"107","3",7,24,1,0.3,0,0,"A sheriff","Emeralds",32,"Female",1
"107","3",8,68,2,0.7,1,0,"A sheriff","Emeralds",32,"Female",1
"107","3",9,40,1,0.3,1,0,"A sheriff","Emeralds",32,"Female",1
"107","3",10,31,1,0.3,1,0,"A sheriff","Emeralds",32,"Female",1
"107","3",11,63,2,0.7,0,1,"A sheriff","Emeralds",32,"Female",1
"107","3",12,20,2,0.7,1,0,"A sheriff","Emeralds",32,"Female",1
"107","3",13,28,2,0.7,0,0,"A sheriff","Emeralds",32,"Female",1
"107","3",14,70,1,0.3,0,0,"A sheriff","Emeralds",32,"Female",1
"107","3",15,65,1,0.3,0,0,"A sheriff","Emeralds",32,"Female",1
"107","3",16,4,1,0.3,1,1,"A sheriff","Emeralds",32,"Female",1
"107","3",17,15,1,0.3,1,0,"A sheriff","Emeralds",32,"Female",1
"107","3",18,20,1,0.3,0,0,"A sheriff","Emeralds",32,"Female",1
"107","3",19,15,1,0.3,0,1,"A sheriff","Emeralds",32,"Female",1
"107","3",20,19,1,0.3,1,0,"A sheriff","Emeralds",32,"Female",1
"107","3",21,73,1,0.3,0,0,"A sheriff","Emeralds",32,"Female",1
"107","3",22,88,1,0.3,0,0,"A sheriff","Emeralds",32,"Female",1
"107","3",23,9,1,0.3,1,1,"A sheriff","Emeralds",32,"Female",1
"107","3",24,0,1,0.3,0,0,"A sheriff","Emeralds",32,"Female",1
"107","3",25,13,1,0.3,1,0,"A sheriff","Emeralds",32,"Female",1
"107","3",26,20,1,0.3,1,0,"A sheriff","Emeralds",32,"Female",1
"107","3",27,18,1,0.3,0,1,"A sheriff","Emeralds",32,"Female",1
"107","3",28,13,2,0.7,1,0,"A sheriff","Emeralds",32,"Female",1
"107","3",29,40,1,0.3,0,0,"A sheriff","Emeralds",32,"Female",1
"107","3",30,28,1,0.3,1,0,"A sheriff","Emeralds",32,"Female",1
"107","3",31,77,1,0.3,0,0,"A sheriff","Emeralds",32,"Female",1
"107","3",32,32,1,0.3,1,1,"A sheriff","Emeralds",32,"Female",1
"107","3",33,66,1,0.3,0,0,"A sheriff","Emeralds",32,"Female",1
"107","3",34,41,2,0.7,0,0,"A sheriff","Emeralds",32,"Female",1
"107","3",35,21,1,0.3,0,0,"A sheriff","Emeralds",32,"Female",1
"107","3",36,24,1,0.3,0,0,"A sheriff","Emeralds",32,"Female",1
"107","3",37,73,1,0.3,1,0,"A sheriff","Emeralds",32,"Female",1
"107","3",38,26,1,0.3,0,0,"A sheriff","Emeralds",32,"Female",1
"107","3",39,26,1,0.3,0,0,"A sheriff","Emeralds",32,"Female",1
"107","3",40,20,1,0.3,1,0,"A sheriff","Emeralds",32,"Female",1
"107","3",41,27,1,0.3,1,0,"A sheriff","Emeralds",32,"Female",1
"107","3",42,43,1,0.3,0,1,"A sheriff","Emeralds",32,"Female",1
"107","3",43,12,1,0.3,0,0,"A sheriff","Emeralds",32,"Female",1
"107","3",44,17,1,0.3,0,1,"A sheriff","Emeralds",32,"Female",1
"107","3",45,38,1,0.3,1,1,"A sheriff","Emeralds",32,"Female",1
"107","3",46,39,2,0.7,0,1,"A sheriff","Emeralds",32,"Female",1
"107","3",47,34,2,0.7,1,0,"A sheriff","Emeralds",32,"Female",1
"107","3",48,23,1,0.3,0,1,"A sheriff","Emeralds",32,"Female",1
"107","3",49,44,1,0.3,1,0,"A sheriff","Emeralds",32,"Female",1
"107","3",50,29,1,0.3,0,1,"A sheriff","Emeralds",32,"Female",1
"108","2",1,14,2,0.3,1,0,"A tycoon","Emeralds",24,"Male",1
"108","2",2,34,2,0.3,1,1,"A tycoon","Emeralds",24,"Male",1
"108","2",3,29,2,0.3,1,0,"A tycoon","Emeralds",24,"Male",1
"108","2",4,63,2,0.3,0,0,"A tycoon","Emeralds",24,"Male",1
"108","2",5,32,2,0.3,0,0,"A tycoon","Emeralds",24,"Male",1
"108","2",6,57,1,0.7,1,0,"A tycoon","Emeralds",24,"Male",1
"108","2",7,70,1,0.7,1,1,"A tycoon","Emeralds",24,"Male",1
"108","2",8,38,1,0.7,1,1,"A tycoon","Emeralds",24,"Male",1
"108","2",9,37,1,0.7,1,1,"A tycoon","Emeralds",24,"Male",1
"108","2",10,34,1,0.7,1,0,"A tycoon","Emeralds",24,"Male",1
"108","2",11,25,1,0.7,1,0,"A tycoon","Emeralds",24,"Male",1
"108","2",12,21,1,0.7,1,0,"A tycoon","Emeralds",24,"Male",1
"108","2",13,62,1,0.7,0,0,"A tycoon","Emeralds",24,"Male",1
"108","2",14,75,1,0.7,0,0,"A tycoon","Emeralds",24,"Male",1
"108","2",15,60,2,0.3,1,0,"A tycoon","Emeralds",24,"Male",1
"108","2",16,76,2,0.3,1,1,"A tycoon","Emeralds",24,"Male",1
"108","2",17,30,1,0.7,1,1,"A tycoon","Emeralds",24,"Male",1
"108","2",18,16,1,0.7,1,0,"A tycoon","Emeralds",24,"Male",1
"108","2",19,31,1,0.7,1,0,"A tycoon","Emeralds",24,"Male",1
"108","2",20,75,1,0.7,0,0,"A tycoon","Emeralds",24,"Male",1
"108","2",21,25,2,0.3,0,0,"A tycoon","Emeralds",24,"Male",1
"108","2",22,35,1,0.7,1,0,"A tycoon","Emeralds",24,"Male",1
"108","2",23,54,1,0.7,1,0,"A tycoon","Emeralds",24,"Male",1
"108","2",24,40,1,0.7,1,1,"A tycoon","Emeralds",24,"Male",1
"108","2",25,25,1,0.7,1,0,"A tycoon","Emeralds",24,"Male",1
"108","2",26,24,1,0.7,1,0,"A tycoon","Emeralds",24,"Male",1
"108","2",27,18,1,0.7,1,1,"A tycoon","Emeralds",24,"Male",1
"108","2",28,15,1,0.7,1,0,"A tycoon","Emeralds",24,"Male",1
"108","2",29,38,1,0.7,1,1,"A tycoon","Emeralds",24,"Male",1
"108","2",30,19,1,0.7,1,0,"A tycoon","Emeralds",24,"Male",1
"108","2",31,11,1,0.7,1,0,"A tycoon","Emeralds",24,"Male",1
"108","2",32,85,1,0.7,0,0,"A tycoon","Emeralds",24,"Male",1
"108","2",33,34,2,0.3,1,0,"A tycoon","Emeralds",24,"Male",1
"108","2",34,64,2,0.3,0,0,"A tycoon","Emeralds",24,"Male",1
"108","2",35,31,2,0.3,1,1,"A tycoon","Emeralds",24,"Male",1
"108","2",36,64,2,0.3,0,0,"A tycoon","Emeralds",24,"Male",1
"108","2",37,39,1,0.7,1,1,"A tycoon","Emeralds",24,"Male",1
"108","2",38,40,1,0.7,1,1,"A tycoon","Emeralds",24,"Male",1
"108","2",39,26,1,0.7,1,0,"A tycoon","Emeralds",24,"Male",1
"108","2",40,20,1,0.7,1,0,"A tycoon","Emeralds",24,"Male",1
"108","2",41,65,2,0.3,1,0,"A tycoon","Emeralds",24,"Male",1
"108","2",42,26,1,0.7,1,1,"A tycoon","Emeralds",24,"Male",1
"108","2",43,28,1,0.7,1,0,"A tycoon","Emeralds",24,"Male",1
"108","2",44,22,1,0.7,1,0,"A tycoon","Emeralds",24,"Male",1
"108","2",45,12,1,0.7,1,0,"A tycoon","Emeralds",24,"Male",1
"108","2",46,9,1,0.7,1,1,"A tycoon","Emeralds",24,"Male",1
"108","2",47,4,1,0.7,1,0,"A tycoon","Emeralds",24,"Male",1
"108","2",48,5,1,0.7,1,0,"A tycoon","Emeralds",24,"Male",1
"108","2",49,4,1,0.7,1,0,"A tycoon","Emeralds",24,"Male",1
"108","2",50,10,1,0.7,1,1,"A tycoon","Emeralds",24,"Male",1
"109","2",1,52,2,0.3,0,0,"A tycoon","Emeralds",26,"Male",1
"109","2",2,52,1,0.7,1,0,"A tycoon","Emeralds",26,"Male",1
"109","2",3,53,2,0.3,0,0,"A tycoon","Emeralds",26,"Male",1
"109","2",4,54,2,0.3,0,0,"A tycoon","Emeralds",26,"Male",1
"109","2",5,53,1,0.7,1,0,"A tycoon","Emeralds",26,"Male",1
"109","2",6,52,2,0.3,1,1,"A tycoon","Emeralds",26,"Male",1
"109","2",7,53,2,0.3,1,1,"A tycoon","Emeralds",26,"Male",1
"109","2",8,52,1,0.7,1,0,"A tycoon","Emeralds",26,"Male",1
"109","2",9,53,1,0.7,1,1,"A tycoon","Emeralds",26,"Male",1
"109","2",10,53,2,0.3,0,0,"A tycoon","Emeralds",26,"Male",1
"109","2",11,53,2,0.3,0,0,"A tycoon","Emeralds",26,"Male",1
"109","2",12,52,2,0.3,1,1,"A tycoon","Emeralds",26,"Male",1
"109","2",13,53,2,0.3,1,0,"A tycoon","Emeralds",26,"Male",1
"109","2",14,54,1,0.7,1,1,"A tycoon","Emeralds",26,"Male",1
"109","2",15,52,2,0.3,0,0,"A tycoon","Emeralds",26,"Male",1
"109","2",16,54,2,0.3,1,0,"A tycoon","Emeralds",26,"Male",1
"109","2",17,52,2,0.3,1,1,"A tycoon","Emeralds",26,"Male",1
"109","2",18,52,1,0.7,0,0,"A tycoon","Emeralds",26,"Male",1
"109","2",19,52,1,0.7,1,1,"A tycoon","Emeralds",26,"Male",1
"109","2",20,51,1,0.7,0,0,"A tycoon","Emeralds",26,"Male",1
"109","2",21,48,2,0.3,0,0,"A tycoon","Emeralds",26,"Male",1
"109","2",22,48,1,0.7,0,0,"A tycoon","Emeralds",26,"Male",1
"109","2",23,52,2,0.3,1,0,"A tycoon","Emeralds",26,"Male",1
"109","2",24,47,2,0.3,0,0,"A tycoon","Emeralds",26,"Male",1
"109","2",25,52,2,0.3,1,1,"A tycoon","Emeralds",26,"Male",1
"109","2",26,47,2,0.3,0,0,"A tycoon","Emeralds",26,"Male",1
"109","2",27,53,2,0.3,1,1,"A tycoon","Emeralds",26,"Male",1
"109","2",28,47,2,0.3,0,0,"A tycoon","Emeralds",26,"Male",1
"109","2",29,53,2,0.3,1,1,"A tycoon","Emeralds",26,"Male",1
"109","2",30,53,1,0.7,1,0,"A tycoon","Emeralds",26,"Male",1
"109","2",31,52,2,0.3,1,1,"A tycoon","Emeralds",26,"Male",1
"109","2",32,46,1,0.7,1,0,"A tycoon","Emeralds",26,"Male",1
"109","2",33,49,2,0.3,0,0,"A tycoon","Emeralds",26,"Male",1
"109","2",34,48,2,0.3,0,0,"A tycoon","Emeralds",26,"Male",1
"109","2",35,52,1,0.7,1,1,"A tycoon","Emeralds",26,"Male",1
"109","2",36,45,2,0.3,0,0,"A tycoon","Emeralds",26,"Male",1
"109","2",37,53,1,0.7,1,0,"A tycoon","Emeralds",26,"Male",1
"109","2",38,47,2,0.3,0,0,"A tycoon","Emeralds",26,"Male",1
"109","2",39,48,1,0.7,0,0,"A tycoon","Emeralds",26,"Male",1
"109","2",40,53,2,0.3,1,1,"A tycoon","Emeralds",26,"Male",1
"109","2",41,47,2,0.3,0,0,"A tycoon","Emeralds",26,"Male",1
"109","2",42,52,1,0.7,1,1,"A tycoon","Emeralds",26,"Male",1
"109","2",43,48,2,0.3,0,0,"A tycoon","Emeralds",26,"Male",1
"109","2",44,53,1,0.7,1,0,"A tycoon","Emeralds",26,"Male",1
"109","2",45,47,1,0.7,0,0,"A tycoon","Emeralds",26,"Male",1
"109","2",46,47,1,0.7,1,0,"A tycoon","Emeralds",26,"Male",1
"109","2",47,52,1,0.7,1,1,"A tycoon","Emeralds",26,"Male",1
"109","2",48,53,1,0.7,1,0,"A tycoon","Emeralds",26,"Male",1
"109","2",49,52,1,0.7,0,0,"A tycoon","Emeralds",26,"Male",1
"109","2",50,57,1,0.7,1,0,"A tycoon","Emeralds",26,"Male",1
"110","2",1,89,2,0.7,1,0,"A tycoon","Emeralds",32,"Male",1
"110","2",2,94,2,0.7,1,0,"A tycoon","Emeralds",32,"Male",1
"110","2",3,94,2,0.7,1,0,"A tycoon","Emeralds",32,"Male",1
"110","2",4,84,2,0.7,0,0,"A tycoon","Emeralds",32,"Male",1
"110","2",5,82,2,0.7,1,0,"A tycoon","Emeralds",32,"Male",1
"110","2",6,89,2,0.7,1,0,"A tycoon","Emeralds",32,"Male",1
"110","2",7,90,2,0.7,1,0,"A tycoon","Emeralds",32,"Male",1
"110","2",8,83,2,0.7,1,1,"A tycoon","Emeralds",32,"Male",1
"110","2",9,86,2,0.7,0,0,"A tycoon","Emeralds",32,"Male",1
"110","2",10,87,2,0.7,1,1,"A tycoon","Emeralds",32,"Male",1
"110","2",11,81,2,0.7,1,1,"A tycoon","Emeralds",32,"Male",1
"110","2",12,11,2,0.7,1,1,"A tycoon","Emeralds",32,"Male",1
"110","2",13,78,2,0.7,0,0,"A tycoon","Emeralds",32,"Male",1
"110","2",14,25,2,0.7,1,0,"A tycoon","Emeralds",32,"Male",1
"110","2",15,69,2,0.7,1,0,"A tycoon","Emeralds",32,"Male",1
"110","2",16,72,2,0.7,1,1,"A tycoon","Emeralds",32,"Male",1
"110","2",17,69,2,0.7,1,0,"A tycoon","Emeralds",32,"Male",1
"110","2",18,71,2,0.7,0,0,"A tycoon","Emeralds",32,"Male",1
"110","2",19,19,2,0.7,1,1,"A tycoon","Emeralds",32,"Male",1
"110","2",20,14,2,0.7,1,0,"A tycoon","Emeralds",32,"Male",1
"110","2",21,100,2,0.7,0,0,"A tycoon","Emeralds",32,"Male",1
"110","2",22,89,2,0.7,0,0,"A tycoon","Emeralds",32,"Male",1
"110","2",23,0,2,0.7,1,0,"A tycoon","Emeralds",32,"Male",1
"110","2",24,81,2,0.7,0,0,"A tycoon","Emeralds",32,"Male",1
"110","2",25,79,2,0.7,1,0,"A tycoon","Emeralds",32,"Male",1
"110","2",26,87,2,0.7,1,1,"A tycoon","Emeralds",32,"Male",1
"110","2",27,5,2,0.7,1,0,"A tycoon","Emeralds",32,"Male",1
"110","2",28,84,2,0.7,0,0,"A tycoon","Emeralds",32,"Male",1
"110","2",29,19,2,0.7,1,0,"A tycoon","Emeralds",32,"Male",1
"110","2",30,1,2,0.7,1,0,"A tycoon","Emeralds",32,"Male",1
"110","2",31,2,2,0.7,1,0,"A tycoon","Emeralds",32,"Male",1
"110","2",32,10,2,0.7,0,0,"A tycoon","Emeralds",32,"Male",1
"110","2",33,13,2,0.7,1,1,"A tycoon","Emeralds",32,"Male",1
"110","2",34,10,2,0.7,1,1,"A tycoon","Emeralds",32,"Male",1
"110","2",35,8,2,0.7,1,1,"A tycoon","Emeralds",32,"Male",1
"110","2",36,11,2,0.7,1,0,"A tycoon","Emeralds",32,"Male",1
"110","2",37,3,2,0.7,0,0,"A tycoon","Emeralds",32,"Male",1
"110","2",38,5,2,0.7,1,0,"A tycoon","Emeralds",32,"Male",1
"110","2",39,0,2,0.7,1,1,"A tycoon","Emeralds",32,"Male",1
"110","2",40,10,2,0.7,1,0,"A tycoon","Emeralds",32,"Male",1
"110","2",41,0,2,0.7,1,1,"A tycoon","Emeralds",32,"Male",1
"110","2",42,0,2,0.7,1,0,"A tycoon","Emeralds",32,"Male",1
"110","2",43,0,2,0.7,0,0,"A tycoon","Emeralds",32,"Male",1
"110","2",44,1,2,0.7,1,0,"A tycoon","Emeralds",32,"Male",1
"110","2",45,0,2,0.7,1,1,"A tycoon","Emeralds",32,"Male",1
"110","2",46,77,2,0.7,0,0,"A tycoon","Emeralds",32,"Male",1
"110","2",47,0,2,0.7,1,1,"A tycoon","Emeralds",32,"Male",1
"110","2",48,0,2,0.7,0,0,"A tycoon","Emeralds",32,"Male",1
"110","2",49,0,2,0.7,1,0,"A tycoon","Emeralds",32,"Male",1
"110","2",50,0,2,0.7,1,1,"A tycoon","Emeralds",32,"Male",1
"111","1",1,36,1,0.3,0,0,"A bandit","Emeralds",20,"Female",1
"111","1",2,1,1,0.3,1,0,"A bandit","Emeralds",20,"Female",1
"111","1",3,64,2,0.7,0,1,"A bandit","Emeralds",20,"Female",1
"111","1",4,60,1,0.3,0,1,"A bandit","Emeralds",20,"Female",1
"111","1",5,12,1,0.3,0,0,"A bandit","Emeralds",20,"Female",1
"111","1",6,59,2,0.7,0,0,"A bandit","Emeralds",20,"Female",1
"111","1",7,35,2,0.7,0,1,"A bandit","Emeralds",20,"Female",1
"111","1",8,61,1,0.3,0,0,"A bandit","Emeralds",20,"Female",1
"111","1",9,22,1,0.3,0,0,"A bandit","Emeralds",20,"Female",1
"111","1",10,25,1,0.3,0,0,"A bandit","Emeralds",20,"Female",1
"111","1",11,58,2,0.7,0,0,"A bandit","Emeralds",20,"Female",1
"111","1",12,0,1,0.3,1,0,"A bandit","Emeralds",20,"Female",1
"111","1",13,0,1,0.3,1,0,"A bandit","Emeralds",20,"Female",1
"111","1",14,0,2,0.7,1,0,"A bandit","Emeralds",20,"Female",1
"111","1",15,0,1,0.3,1,0,"A bandit","Emeralds",20,"Female",1
"111","1",16,57,1,0.3,0,1,"A bandit","Emeralds",20,"Female",1
"111","1",17,0,2,0.7,1,0,"A bandit","Emeralds",20,"Female",1
"111","1",18,0,2,0.7,1,0,"A bandit","Emeralds",20,"Female",1
"111","1",19,58,1,0.3,0,1,"A bandit","Emeralds",20,"Female",1
"111","1",20,28,1,0.3,0,1,"A bandit","Emeralds",20,"Female",1
"111","1",21,2,2,0.7,1,0,"A bandit","Emeralds",20,"Female",1
"111","1",22,54,2,0.7,0,1,"A bandit","Emeralds",20,"Female",1
"111","1",23,21,1,0.3,0,0,"A bandit","Emeralds",20,"Female",1
"111","1",24,59,1,0.3,0,0,"A bandit","Emeralds",20,"Female",1
"111","1",25,28,2,0.7,0,1,"A bandit","Emeralds",20,"Female",1
"111","1",26,0,2,0.7,1,0,"A bandit","Emeralds",20,"Female",1
"111","1",27,58,1,0.3,0,0,"A bandit","Emeralds",20,"Female",1
"111","1",28,0,1,0.3,1,0,"A bandit","Emeralds",20,"Female",1
"111","1",29,0,1,0.3,1,0,"A bandit","Emeralds",20,"Female",1
"111","1",30,60,2,0.7,0,1,"A bandit","Emeralds",20,"Female",1
"111","1",31,56,1,0.3,0,1,"A bandit","Emeralds",20,"Female",1
"111","1",32,42,1,0.3,0,1,"A bandit","Emeralds",20,"Female",1
"111","1",33,0,2,0.7,1,0,"A bandit","Emeralds",20,"Female",1
"111","1",34,60,1,0.3,0,0,"A bandit","Emeralds",20,"Female",1
"111","1",35,52,2,0.7,0,0,"A bandit","Emeralds",20,"Female",1
"111","1",36,55,1,0.3,0,1,"A bandit","Emeralds",20,"Female",1
"111","1",37,45,1,0.3,0,0,"A bandit","Emeralds",20,"Female",1
"111","1",38,1,2,0.7,1,0,"A bandit","Emeralds",20,"Female",1
"111","1",39,0,2,0.7,1,0,"A bandit","Emeralds",20,"Female",1
"111","1",40,59,1,0.3,0,0,"A bandit","Emeralds",20,"Female",1
"111","1",41,18,1,0.3,0,1,"A bandit","Emeralds",20,"Female",1
"111","1",42,61,2,0.7,0,0,"A bandit","Emeralds",20,"Female",1
"111","1",43,0,2,0.7,1,0,"A bandit","Emeralds",20,"Female",1
"111","1",44,0,2,0.7,1,0,"A bandit","Emeralds",20,"Female",1
"111","1",45,71,1,0.3,0,0,"A bandit","Emeralds",20,"Female",1
"111","1",46,21,1,0.3,0,1,"A bandit","Emeralds",20,"Female",1
"111","1",47,0,2,0.7,1,0,"A bandit","Emeralds",20,"Female",1
"111","1",48,38,2,0.7,0,1,"A bandit","Emeralds",20,"Female",1
"111","1",49,61,1,0.3,0,0,"A bandit","Emeralds",20,"Female",1
"111","1",50,41,1,0.3,0,0,"A bandit","Emeralds",20,"Female",1
"112","2",1,2,1,0.3,0,0,"A tycoon","Emeralds",57,"Male",1
"112","2",2,76,2,0.7,1,0,"A tycoon","Emeralds",57,"Male",1
"112","2",3,72,2,0.7,1,1,"A tycoon","Emeralds",57,"Male",1
"112","2",4,55,2,0.7,1,0,"A tycoon","Emeralds",57,"Male",1
"112","2",5,42,2,0.7,1,1,"A tycoon","Emeralds",57,"Male",1
"112","2",6,31,2,0.7,1,1,"A tycoon","Emeralds",57,"Male",1
"112","2",7,25,2,0.7,1,0,"A tycoon","Emeralds",57,"Male",1
"112","2",8,18,2,0.7,1,1,"A tycoon","Emeralds",57,"Male",1
"112","2",9,10,2,0.7,1,0,"A tycoon","Emeralds",57,"Male",1
"112","2",10,9,2,0.7,1,1,"A tycoon","Emeralds",57,"Male",1
"112","2",11,0,2,0.7,0,0,"A tycoon","Emeralds",57,"Male",1
"112","2",12,16,2,0.7,1,1,"A tycoon","Emeralds",57,"Male",1
"112","2",13,0,2,0.7,0,0,"A tycoon","Emeralds",57,"Male",1
"112","2",14,10,2,0.7,1,0,"A tycoon","Emeralds",57,"Male",1
"112","2",15,5,2,0.7,1,0,"A tycoon","Emeralds",57,"Male",1
"112","2",16,2,2,0.7,1,0,"A tycoon","Emeralds",57,"Male",1
"112","2",17,2,2,0.7,1,0,"A tycoon","Emeralds",57,"Male",1
"112","2",18,3,2,0.7,1,0,"A tycoon","Emeralds",57,"Male",1
"112","2",19,4,2,0.7,1,1,"A tycoon","Emeralds",57,"Male",1
"112","2",20,0,2,0.7,0,0,"A tycoon","Emeralds",57,"Male",1
"112","2",21,6,2,0.7,1,0,"A tycoon","Emeralds",57,"Male",1
"112","2",22,0,2,0.7,0,0,"A tycoon","Emeralds",57,"Male",1
"112","2",23,5,2,0.7,1,0,"A tycoon","Emeralds",57,"Male",1
"112","2",24,9,2,0.7,1,1,"A tycoon","Emeralds",57,"Male",1
"112","2",25,0,1,0.3,0,0,"A tycoon","Emeralds",57,"Male",1
"112","2",26,7,2,0.7,1,1,"A tycoon","Emeralds",57,"Male",1
"112","2",27,7,2,0.7,1,1,"A tycoon","Emeralds",57,"Male",1
"112","2",28,7,2,0.7,1,1,"A tycoon","Emeralds",57,"Male",1
"112","2",29,5,2,0.7,1,1,"A tycoon","Emeralds",57,"Male",1
"112","2",30,4,2,0.7,1,0,"A tycoon","Emeralds",57,"Male",1
"112","2",31,5,2,0.7,1,0,"A tycoon","Emeralds",57,"Male",1
"112","2",32,0,2,0.7,0,0,"A tycoon","Emeralds",57,"Male",1
"112","2",33,0,2,0.7,1,0,"A tycoon","Emeralds",57,"Male",1
"112","2",34,12,2,0.7,1,0,"A tycoon","Emeralds",57,"Male",1
"112","2",35,4,2,0.7,1,0,"A tycoon","Emeralds",57,"Male",1
"112","2",36,4,2,0.7,1,0,"A tycoon","Emeralds",57,"Male",1
"112","2",37,0,2,0.7,0,0,"A tycoon","Emeralds",57,"Male",1
"112","2",38,5,2,0.7,1,0,"A tycoon","Emeralds",57,"Male",1
"112","2",39,0,2,0.7,0,0,"A tycoon","Emeralds",57,"Male",1
"112","2",40,6,2,0.7,1,0,"A tycoon","Emeralds",57,"Male",1
"112","2",41,4,2,0.7,1,0,"A tycoon","Emeralds",57,"Male",1
"112","2",42,2,2,0.7,1,1,"A tycoon","Emeralds",57,"Male",1
"112","2",43,4,2,0.7,1,0,"A tycoon","Emeralds",57,"Male",1
"112","2",44,0,2,0.7,0,0,"A tycoon","Emeralds",57,"Male",1
"112","2",45,3,2,0.7,1,1,"A tycoon","Emeralds",57,"Male",1
"112","2",46,5,2,0.7,1,0,"A tycoon","Emeralds",57,"Male",1
"112","2",47,0,2,0.7,0,0,"A tycoon","Emeralds",57,"Male",1
"112","2",48,5,2,0.7,1,0,"A tycoon","Emeralds",57,"Male",1
"112","2",49,3,2,0.7,1,1,"A tycoon","Emeralds",57,"Male",1
"112","2",50,0,2,0.7,0,0,"A tycoon","Emeralds",57,"Male",1
"113","1",1,0,1,0.7,1,0,"A bandit","Emeralds",45,"Male",1
"113","1",2,72,2,0.3,0,0,"A bandit","Emeralds",45,"Male",1
"113","1",3,0,1,0.7,1,0,"A bandit","Emeralds",45,"Male",1
"113","1",4,0,1,0.7,1,0,"A bandit","Emeralds",45,"Male",1
"113","1",5,19,2,0.3,0,0,"A bandit","Emeralds",45,"Male",1
"113","1",6,86,2,0.3,0,0,"A bandit","Emeralds",45,"Male",1
"113","1",7,14,1,0.7,0,1,"A bandit","Emeralds",45,"Male",1
"113","1",8,69,2,0.3,0,1,"A bandit","Emeralds",45,"Male",1
"113","1",9,86,1,0.7,0,1,"A bandit","Emeralds",45,"Male",1
"113","1",10,17,2,0.3,0,0,"A bandit","Emeralds",45,"Male",1
"113","1",11,0,1,0.7,1,0,"A bandit","Emeralds",45,"Male",1
"113","1",12,67,1,0.7,0,0,"A bandit","Emeralds",45,"Male",1
"113","1",13,7,1,0.7,0,1,"A bandit","Emeralds",45,"Male",1
"113","1",14,64,2,0.3,0,0,"A bandit","Emeralds",45,"Male",1
"113","1",15,0,2,0.3,1,0,"A bandit","Emeralds",45,"Male",1
"113","1",16,22,2,0.3,0,0,"A bandit","Emeralds",45,"Male",1
"113","1",17,23,1,0.7,0,0,"A bandit","Emeralds",45,"Male",1
"113","1",18,0,2,0.3,1,0,"A bandit","Emeralds",45,"Male",1
"113","1",19,24,2,0.3,0,0,"A bandit","Emeralds",45,"Male",1
"113","1",20,89,1,0.7,0,1,"A bandit","Emeralds",45,"Male",1
"113","1",21,0,1,0.7,1,0,"A bandit","Emeralds",45,"Male",1
"113","1",22,0,1,0.7,1,0,"A bandit","Emeralds",45,"Male",1
"113","1",23,100,1,0.7,0,0,"A bandit","Emeralds",45,"Male",1
"113","1",24,27,2,0.3,0,1,"A bandit","Emeralds",45,"Male",1
"113","1",25,20,1,0.7,0,0,"A bandit","Emeralds",45,"Male",1
"113","1",26,20,2,0.3,0,0,"A bandit","Emeralds",45,"Male",1
"113","1",27,100,1,0.7,0,1,"A bandit","Emeralds",45,"Male",1
"113","1",28,17,1,0.7,0,1,"A bandit","Emeralds",45,"Male",1
"113","1",29,37,2,0.3,0,0,"A bandit","Emeralds",45,"Male",1
"113","1",30,0,1,0.7,1,0,"A bandit","Emeralds",45,"Male",1
"113","1",31,0,1,0.7,1,0,"A bandit","Emeralds",45,"Male",1
"113","1",32,71,2,0.3,0,0,"A bandit","Emeralds",45,"Male",1
"113","1",33,19,2,0.3,0,0,"A bandit","Emeralds",45,"Male",1
"113","1",34,0,1,0.7,1,0,"A bandit","Emeralds",45,"Male",1
"113","1",35,0,1,0.7,1,0,"A bandit","Emeralds",45,"Male",1
"113","1",36,0,1,0.7,1,0,"A bandit","Emeralds",45,"Male",1
"113","1",37,0,1,0.7,1,0,"A bandit","Emeralds",45,"Male",1
"113","1",38,100,1,0.7,0,1,"A bandit","Emeralds",45,"Male",1
"113","1",39,0,2,0.3,1,0,"A bandit","Emeralds",45,"Male",1
"113","1",40,21,2,0.3,0,1,"A bandit","Emeralds",45,"Male",1
"113","1",41,68,1,0.7,0,1,"A bandit","Emeralds",45,"Male",1
"113","1",42,23,2,0.3,0,0,"A bandit","Emeralds",45,"Male",1
"113","1",43,0,1,0.7,1,0,"A bandit","Emeralds",45,"Male",1
"113","1",44,34,1,0.7,0,1,"A bandit","Emeralds",45,"Male",1
"113","1",45,0,1,0.7,1,0,"A bandit","Emeralds",45,"Male",1
"113","1",46,27,1,0.7,0,1,"A bandit","Emeralds",45,"Male",1
"113","1",47,87,1,0.7,0,1,"A bandit","Emeralds",45,"Male",1
"113","1",48,19,2,0.3,0,1,"A bandit","Emeralds",45,"Male",1
"113","1",49,0,1,0.7,1,0,"A bandit","Emeralds",45,"Male",1
"113","1",50,0,1,0.7,1,0,"A bandit","Emeralds",45,"Male",1
"114","1",1,100,1,0.3,0,0,"A bandit","Emeralds",29,"Male",1
"114","1",2,0,2,0.7,1,0,"A bandit","Emeralds",29,"Male",1
"114","1",3,0,2,0.7,1,0,"A bandit","Emeralds",29,"Male",1
"114","1",4,0,2,0.7,1,0,"A bandit","Emeralds",29,"Male",1
"114","1",5,100,2,0.7,0,1,"A bandit","Emeralds",29,"Male",1
"114","1",6,0,2,0.7,1,0,"A bandit","Emeralds",29,"Male",1
"114","1",7,0,2,0.7,1,0,"A bandit","Emeralds",29,"Male",1
"114","1",8,0,2,0.7,1,0,"A bandit","Emeralds",29,"Male",1
"114","1",9,100,2,0.7,0,0,"A bandit","Emeralds",29,"Male",1
"114","1",10,0,2,0.7,1,0,"A bandit","Emeralds",29,"Male",1
"114","1",11,0,2,0.7,1,0,"A bandit","Emeralds",29,"Male",1
"114","1",12,100,2,0.7,0,0,"A bandit","Emeralds",29,"Male",1
"114","1",13,0,2,0.7,1,0,"A bandit","Emeralds",29,"Male",1
"114","1",14,100,2,0.7,0,1,"A bandit","Emeralds",29,"Male",1
"114","1",15,0,2,0.7,1,0,"A bandit","Emeralds",29,"Male",1
"114","1",16,100,1,0.3,0,1,"A bandit","Emeralds",29,"Male",1
"114","1",17,0,2,0.7,0,1,"A bandit","Emeralds",29,"Male",1
"114","1",18,0,2,0.7,1,0,"A bandit","Emeralds",29,"Male",1
"114","1",19,0,2,0.7,1,0,"A bandit","Emeralds",29,"Male",1
"114","1",20,0,2,0.7,1,0,"A bandit","Emeralds",29,"Male",1
"114","1",21,100,2,0.7,0,0,"A bandit","Emeralds",29,"Male",1
"114","1",22,100,2,0.7,0,1,"A bandit","Emeralds",29,"Male",1
"114","1",23,100,2,0.7,0,0,"A bandit","Emeralds",29,"Male",1
"114","1",24,0,2,0.7,1,0,"A bandit","Emeralds",29,"Male",1
"114","1",25,100,2,0.7,0,0,"A bandit","Emeralds",29,"Male",1
"114","1",26,100,1,0.3,0,0,"A bandit","Emeralds",29,"Male",1
"114","1",27,100,1,0.3,0,1,"A bandit","Emeralds",29,"Male",1
"114","1",28,100,2,0.7,0,1,"A bandit","Emeralds",29,"Male",1
"114","1",29,100,2,0.7,0,0,"A bandit","Emeralds",29,"Male",1
"114","1",30,0,2,0.7,1,0,"A bandit","Emeralds",29,"Male",1
"114","1",31,100,2,0.7,0,1,"A bandit","Emeralds",29,"Male",1
"114","1",32,100,2,0.7,0,1,"A bandit","Emeralds",29,"Male",1
"114","1",33,0,2,0.7,1,0,"A bandit","Emeralds",29,"Male",1
"114","1",34,100,2,0.7,0,0,"A bandit","Emeralds",29,"Male",1
"114","1",35,100,2,0.7,0,0,"A bandit","Emeralds",29,"Male",1
"114","1",36,0,2,0.7,1,0,"A bandit","Emeralds",29,"Male",1
"114","1",37,100,1,0.3,0,1,"A bandit","Emeralds",29,"Male",1
"114","1",38,100,1,0.3,0,0,"A bandit","Emeralds",29,"Male",1
"114","1",39,0,2,0.7,1,0,"A bandit","Emeralds",29,"Male",1
"114","1",40,100,2,0.7,0,1,"A bandit","Emeralds",29,"Male",1
"114","1",41,100,1,0.3,0,0,"A bandit","Emeralds",29,"Male",1
"114","1",42,0,2,0.7,1,0,"A bandit","Emeralds",29,"Male",1
"114","1",43,0,2,0.7,1,0,"A bandit","Emeralds",29,"Male",1
"114","1",44,0,2,0.7,1,0,"A bandit","Emeralds",29,"Male",1
"114","1",45,100,2,0.7,0,1,"A bandit","Emeralds",29,"Male",1
"114","1",46,100,2,0.7,0,1,"A bandit","Emeralds",29,"Male",1
"114","1",47,100,2,0.7,0,1,"A bandit","Emeralds",29,"Male",1
"114","1",48,0,2,0.7,1,0,"A bandit","Emeralds",29,"Male",1
"114","1",49,0,2,0.7,1,0,"A bandit","Emeralds",29,"Male",1
"114","1",50,100,2,0.7,0,1,"A bandit","Emeralds",29,"Male",1
"115","3",1,74,2,0.7,1,0,"A sheriff","Emeralds",39,"Female",1
"115","3",2,2,1,0.3,0,0,"A sheriff","Emeralds",39,"Female",1
"115","3",3,3,1,0.3,0,0,"A sheriff","Emeralds",39,"Female",1
"115","3",4,1,2,0.7,0,0,"A sheriff","Emeralds",39,"Female",1
"115","3",5,95,2,0.7,1,0,"A sheriff","Emeralds",39,"Female",1
"115","3",6,90,2,0.7,1,0,"A sheriff","Emeralds",39,"Female",1
"115","3",7,88,2,0.7,1,0,"A sheriff","Emeralds",39,"Female",1
"115","3",8,91,2,0.7,1,0,"A sheriff","Emeralds",39,"Female",1
"115","3",9,7,2,0.7,0,1,"A sheriff","Emeralds",39,"Female",1
"115","3",10,13,2,0.7,0,0,"A sheriff","Emeralds",39,"Female",1
"115","3",11,10,2,0.7,0,0,"A sheriff","Emeralds",39,"Female",1
"115","3",12,84,2,0.7,1,1,"A sheriff","Emeralds",39,"Female",1
"115","3",13,6,1,0.3,0,0,"A sheriff","Emeralds",39,"Female",1
"115","3",14,14,1,0.3,0,1,"A sheriff","Emeralds",39,"Female",1
"115","3",15,7,1,0.3,0,0,"A sheriff","Emeralds",39,"Female",1
"115","3",16,86,2,0.7,1,1,"A sheriff","Emeralds",39,"Female",1
"115","3",17,92,2,0.7,1,0,"A sheriff","Emeralds",39,"Female",1
"115","3",18,8,2,0.7,0,0,"A sheriff","Emeralds",39,"Female",1
"115","3",19,79,2,0.7,1,0,"A sheriff","Emeralds",39,"Female",1
"115","3",20,91,2,0.7,1,0,"A sheriff","Emeralds",39,"Female",1
"115","3",21,1,2,0.7,0,0,"A sheriff","Emeralds",39,"Female",1
"115","3",22,89,2,0.7,1,0,"A sheriff","Emeralds",39,"Female",1
"115","3",23,92,2,0.7,1,0,"A sheriff","Emeralds",39,"Female",1
"115","3",24,78,2,0.7,1,0,"A sheriff","Emeralds",39,"Female",1
"115","3",25,2,2,0.7,0,0,"A sheriff","Emeralds",39,"Female",1
"115","3",26,68,2,0.7,1,0,"A sheriff","Emeralds",39,"Female",1
"115","3",27,73,2,0.7,1,0,"A sheriff","Emeralds",39,"Female",1
"115","3",28,80,2,0.7,1,1,"A sheriff","Emeralds",39,"Female",1
"115","3",29,0,2,0.7,0,1,"A sheriff","Emeralds",39,"Female",1
"115","3",30,1,2,0.7,0,0,"A sheriff","Emeralds",39,"Female",1
"115","3",31,1,2,0.7,0,1,"A sheriff","Emeralds",39,"Female",1
"115","3",32,90,1,0.3,1,0,"A sheriff","Emeralds",39,"Female",1
"115","3",33,4,1,0.3,0,0,"A sheriff","Emeralds",39,"Female",1
"115","3",34,86,1,0.3,1,1,"A sheriff","Emeralds",39,"Female",1
"115","3",35,4,1,0.3,0,0,"A sheriff","Emeralds",39,"Female",1
"115","3",36,95,2,0.7,1,1,"A sheriff","Emeralds",39,"Female",1
"115","3",37,4,1,0.3,0,0,"A sheriff","Emeralds",39,"Female",1
"115","3",38,8,1,0.3,0,0,"A sheriff","Emeralds",39,"Female",1
"115","3",39,79,2,0.7,1,0,"A sheriff","Emeralds",39,"Female",1
"115","3",40,4,2,0.7,0,1,"A sheriff","Emeralds",39,"Female",1
"115","3",41,5,2,0.7,0,1,"A sheriff","Emeralds",39,"Female",1
"115","3",42,1,1,0.3,0,0,"A sheriff","Emeralds",39,"Female",1
"115","3",43,94,2,0.7,1,0,"A sheriff","Emeralds",39,"Female",1
"115","3",44,6,1,0.3,0,0,"A sheriff","Emeralds",39,"Female",1
"115","3",45,90,2,0.7,1,1,"A sheriff","Emeralds",39,"Female",1
"115","3",46,81,2,0.7,1,1,"A sheriff","Emeralds",39,"Female",1
"115","3",47,84,2,0.7,1,1,"A sheriff","Emeralds",39,"Female",1
"115","3",48,5,2,0.7,0,0,"A sheriff","Emeralds",39,"Female",1
"115","3",49,87,1,0.3,1,1,"A sheriff","Emeralds",39,"Female",1
"115","3",50,4,1,0.3,0,0,"A sheriff","Emeralds",39,"Female",1
"116","3",1,67,2,0.7,1,0,"A sheriff","Emeralds",28,"Male",1
"116","3",2,67,1,0.3,0,1,"A sheriff","Emeralds",28,"Male",1
"116","3",3,65,1,0.3,0,0,"A sheriff","Emeralds",28,"Male",1
"116","3",4,70,2,0.7,1,0,"A sheriff","Emeralds",28,"Male",1
"116","3",5,23,2,0.7,1,0,"A sheriff","Emeralds",28,"Male",1
"116","3",6,83,2,0.7,1,1,"A sheriff","Emeralds",28,"Male",1
"116","3",7,79,1,0.3,0,1,"A sheriff","Emeralds",28,"Male",1
"116","3",8,91,2,0.7,0,0,"A sheriff","Emeralds",28,"Male",1
"116","3",9,90,1,0.3,1,1,"A sheriff","Emeralds",28,"Male",1
"116","3",10,89,2,0.7,0,1,"A sheriff","Emeralds",28,"Male",1
"116","3",11,83,1,0.3,1,0,"A sheriff","Emeralds",28,"Male",1
"116","3",12,79,1,0.3,1,0,"A sheriff","Emeralds",28,"Male",1
"116","3",13,84,2,0.7,0,1,"A sheriff","Emeralds",28,"Male",1
"116","3",14,88,2,0.7,1,0,"A sheriff","Emeralds",28,"Male",1
"116","3",15,81,2,0.7,1,0,"A sheriff","Emeralds",28,"Male",1
"116","3",16,86,2,0.7,1,0,"A sheriff","Emeralds",28,"Male",1
"116","3",17,83,1,0.3,0,0,"A sheriff","Emeralds",28,"Male",1
"116","3",18,80,2,0.7,0,0,"A sheriff","Emeralds",28,"Male",1
"116","3",19,38,2,0.7,1,1,"A sheriff","Emeralds",28,"Male",1
"116","3",20,86,2,0.7,1,0,"A sheriff","Emeralds",28,"Male",1
"116","3",21,83,1,0.3,1,1,"A sheriff","Emeralds",28,"Male",1
"116","3",22,81,2,0.7,0,0,"A sheriff","Emeralds",28,"Male",1
"116","3",23,78,2,0.7,1,0,"A sheriff","Emeralds",28,"Male",1
"116","3",24,83,1,0.3,0,0,"A sheriff","Emeralds",28,"Male",1
"116","3",25,84,2,0.7,0,0,"A sheriff","Emeralds",28,"Male",1
"116","3",26,74,2,0.7,1,1,"A sheriff","Emeralds",28,"Male",1
"116","3",27,74,2,0.7,1,1,"A sheriff","Emeralds",28,"Male",1
"116","3",28,83,1,0.3,0,0,"A sheriff","Emeralds",28,"Male",1
"116","3",29,80,2,0.7,1,0,"A sheriff","Emeralds",28,"Male",1
"116","3",30,99,2,0.7,0,1,"A sheriff","Emeralds",28,"Male",1
"116","3",31,84,2,0.7,1,1,"A sheriff","Emeralds",28,"Male",1
"116","3",32,85,1,0.3,0,1,"A sheriff","Emeralds",28,"Male",1
"116","3",33,87,2,0.7,1,0,"A sheriff","Emeralds",28,"Male",1
"116","3",34,83,2,0.7,1,0,"A sheriff","Emeralds",28,"Male",1
"116","3",35,62,2,0.7,1,0,"A sheriff","Emeralds",28,"Male",1
"116","3",36,83,2,0.7,1,0,"A sheriff","Emeralds",28,"Male",1
"116","3",37,44,2,0.7,0,0,"A sheriff","Emeralds",28,"Male",1
"116","3",38,83,2,0.7,0,1,"A sheriff","Emeralds",28,"Male",1
"116","3",39,82,1,0.3,0,0,"A sheriff","Emeralds",28,"Male",1
"116","3",40,79,2,0.7,0,0,"A sheriff","Emeralds",28,"Male",1
"116","3",41,80,2,0.7,0,1,"A sheriff","Emeralds",28,"Male",1
"116","3",42,79,1,0.3,0,0,"A sheriff","Emeralds",28,"Male",1
"116","3",43,73,2,0.7,1,0,"A sheriff","Emeralds",28,"Male",1
"116","3",44,77,2,0.7,1,0,"A sheriff","Emeralds",28,"Male",1
"116","3",45,83,2,0.7,1,0,"A sheriff","Emeralds",28,"Male",1
"116","3",46,83,2,0.7,1,0,"A sheriff","Emeralds",28,"Male",1
"116","3",47,90,2,0.7,1,0,"A sheriff","Emeralds",28,"Male",1
"116","3",48,73,2,0.7,1,0,"A sheriff","Emeralds",28,"Male",1
"116","3",49,79,1,0.3,0,0,"A sheriff","Emeralds",28,"Male",1
"116","3",50,71,2,0.7,0,0,"A sheriff","Emeralds",28,"Male",1
"117","2",1,0,2,0.3,0,0,"A tycoon","Emeralds",28,"Male",1
"117","2",2,92,2,0.3,1,1,"A tycoon","Emeralds",28,"Male",1
"117","2",3,99,2,0.3,1,0,"A tycoon","Emeralds",28,"Male",1
"117","2",4,38,2,0.3,1,1,"A tycoon","Emeralds",28,"Male",1
"117","2",5,37,2,0.3,0,0,"A tycoon","Emeralds",28,"Male",1
"117","2",6,74,2,0.3,1,0,"A tycoon","Emeralds",28,"Male",1
"117","2",7,13,2,0.3,0,0,"A tycoon","Emeralds",28,"Male",1
"117","2",8,24,2,0.3,0,0,"A tycoon","Emeralds",28,"Male",1
"117","2",9,16,2,0.3,0,0,"A tycoon","Emeralds",28,"Male",1
"117","2",10,89,1,0.7,1,0,"A tycoon","Emeralds",28,"Male",1
"117","2",11,78,1,0.7,1,0,"A tycoon","Emeralds",28,"Male",1
"117","2",12,96,1,0.7,1,1,"A tycoon","Emeralds",28,"Male",1
"117","2",13,3,1,0.7,0,0,"A tycoon","Emeralds",28,"Male",1
"117","2",14,80,1,0.7,1,1,"A tycoon","Emeralds",28,"Male",1
"117","2",15,61,1,0.7,1,0,"A tycoon","Emeralds",28,"Male",1
"117","2",16,80,1,0.7,1,0,"A tycoon","Emeralds",28,"Male",1
"117","2",17,71,1,0.7,1,0,"A tycoon","Emeralds",28,"Male",1
"117","2",18,37,1,0.7,1,0,"A tycoon","Emeralds",28,"Male",1
"117","2",19,23,1,0.7,0,0,"A tycoon","Emeralds",28,"Male",1
"117","2",20,82,1,0.7,1,0,"A tycoon","Emeralds",28,"Male",1
"117","2",21,64,1,0.7,1,1,"A tycoon","Emeralds",28,"Male",1
"117","2",22,69,1,0.7,1,1,"A tycoon","Emeralds",28,"Male",1
"117","2",23,55,1,0.7,0,0,"A tycoon","Emeralds",28,"Male",1
"117","2",24,71,1,0.7,1,0,"A tycoon","Emeralds",28,"Male",1
"117","2",25,66,1,0.7,1,0,"A tycoon","Emeralds",28,"Male",1
"117","2",26,39,1,0.7,1,0,"A tycoon","Emeralds",28,"Male",1
"117","2",27,36,1,0.7,1,0,"A tycoon","Emeralds",28,"Male",1
"117","2",28,37,1,0.7,1,0,"A tycoon","Emeralds",28,"Male",1
"117","2",29,22,1,0.7,1,1,"A tycoon","Emeralds",28,"Male",1
"117","2",30,12,1,0.7,1,1,"A tycoon","Emeralds",28,"Male",1
"117","2",31,16,1,0.7,1,0,"A tycoon","Emeralds",28,"Male",1
"117","2",32,24,1,0.7,1,1,"A tycoon","Emeralds",28,"Male",1
"117","2",33,9,1,0.7,1,0,"A tycoon","Emeralds",28,"Male",1
"117","2",34,3,1,0.7,1,1,"A tycoon","Emeralds",28,"Male",1
"117","2",35,8,1,0.7,1,0,"A tycoon","Emeralds",28,"Male",1
"117","2",36,5,1,0.7,1,0,"A tycoon","Emeralds",28,"Male",1
"117","2",37,11,1,0.7,1,0,"A tycoon","Emeralds",28,"Male",1
"117","2",38,22,1,0.7,1,0,"A tycoon","Emeralds",28,"Male",1
"117","2",39,5,1,0.7,1,0,"A tycoon","Emeralds",28,"Male",1
"117","2",40,34,1,0.7,0,0,"A tycoon","Emeralds",28,"Male",1
"117","2",41,16,1,0.7,1,1,"A tycoon","Emeralds",28,"Male",1
"117","2",42,11,1,0.7,1,1,"A tycoon","Emeralds",28,"Male",1
"117","2",43,16,1,0.7,1,0,"A tycoon","Emeralds",28,"Male",1
"117","2",44,13,1,0.7,1,1,"A tycoon","Emeralds",28,"Male",1
"117","2",45,10,1,0.7,1,0,"A tycoon","Emeralds",28,"Male",1
"117","2",46,11,1,0.7,1,1,"A tycoon","Emeralds",28,"Male",1
"117","2",47,9,1,0.7,1,0,"A tycoon","Emeralds",28,"Male",1
"117","2",48,15,1,0.7,0,0,"A tycoon","Emeralds",28,"Male",1
"117","2",49,9,1,0.7,1,1,"A tycoon","Emeralds",28,"Male",1
"117","2",50,8,1,0.7,1,0,"A tycoon","Emeralds",28,"Male",1
"118","3",1,0,1,0.7,0,1,"A sheriff","Emeralds",25,"Female",1
"118","3",2,0,1,0.7,1,0,"A sheriff","Emeralds",25,"Female",1
"118","3",3,0,1,0.7,1,1,"A sheriff","Emeralds",25,"Female",1
"118","3",4,0,1,0.7,1,0,"A sheriff","Emeralds",25,"Female",1
"118","3",5,100,2,0.3,1,0,"A sheriff","Emeralds",25,"Female",1
"118","3",6,19,1,0.7,1,0,"A sheriff","Emeralds",25,"Female",1
"118","3",7,25,1,0.7,1,0,"A sheriff","Emeralds",25,"Female",1
"118","3",8,10,1,0.7,1,0,"A sheriff","Emeralds",25,"Female",1
"118","3",9,1,1,0.7,1,0,"A sheriff","Emeralds",25,"Female",1
"118","3",10,0,1,0.7,0,1,"A sheriff","Emeralds",25,"Female",1
"118","3",11,0,1,0.7,0,0,"A sheriff","Emeralds",25,"Female",1
"118","3",12,0,2,0.3,0,0,"A sheriff","Emeralds",25,"Female",1
"118","3",13,20,2,0.3,1,1,"A sheriff","Emeralds",25,"Female",1
"118","3",14,20,2,0.3,0,0,"A sheriff","Emeralds",25,"Female",1
"118","3",15,17,2,0.3,0,0,"A sheriff","Emeralds",25,"Female",1
"118","3",16,19,1,0.7,0,0,"A sheriff","Emeralds",25,"Female",1
"118","3",17,16,1,0.7,1,0,"A sheriff","Emeralds",25,"Female",1
"118","3",18,9,2,0.3,0,0,"A sheriff","Emeralds",25,"Female",1
"118","3",19,10,1,0.7,1,0,"A sheriff","Emeralds",25,"Female",1
"118","3",20,63,1,0.7,1,0,"A sheriff","Emeralds",25,"Female",1
"118","3",21,21,2,0.3,0,0,"A sheriff","Emeralds",25,"Female",1
"118","3",22,52,1,0.7,1,1,"A sheriff","Emeralds",25,"Female",1
"118","3",23,100,2,0.3,0,0,"A sheriff","Emeralds",25,"Female",1
"118","3",24,55,2,0.3,0,0,"A sheriff","Emeralds",25,"Female",1
"118","3",25,27,1,0.7,0,0,"A sheriff","Emeralds",25,"Female",1
"118","3",26,72,2,0.3,1,1,"A sheriff","Emeralds",25,"Female",1
"118","3",27,21,2,0.3,1,0,"A sheriff","Emeralds",25,"Female",1
"118","3",28,21,2,0.3,0,0,"A sheriff","Emeralds",25,"Female",1
"118","3",29,79,1,0.7,1,1,"A sheriff","Emeralds",25,"Female",1
"118","3",30,28,2,0.3,0,1,"A sheriff","Emeralds",25,"Female",1
"118","3",31,0,1,0.7,0,1,"A sheriff","Emeralds",25,"Female",1
"118","3",32,31,2,0.3,0,0,"A sheriff","Emeralds",25,"Female",1
"118","3",33,84,1,0.7,1,0,"A sheriff","Emeralds",25,"Female",1
"118","3",34,92,1,0.7,0,0,"A sheriff","Emeralds",25,"Female",1
"118","3",35,31,2,0.3,0,1,"A sheriff","Emeralds",25,"Female",1
"118","3",36,76,1,0.7,1,0,"A sheriff","Emeralds",25,"Female",1
"118","3",37,0,2,0.3,1,0,"A sheriff","Emeralds",25,"Female",1
"118","3",38,0,2,0.3,0,0,"A sheriff","Emeralds",25,"Female",1
"118","3",39,23,1,0.7,0,0,"A sheriff","Emeralds",25,"Female",1
"118","3",40,100,2,0.3,1,0,"A sheriff","Emeralds",25,"Female",1
"118","3",41,1,2,0.3,0,1,"A sheriff","Emeralds",25,"Female",1
"118","3",42,74,2,0.3,1,1,"A sheriff","Emeralds",25,"Female",1
"118","3",43,75,2,0.3,0,0,"A sheriff","Emeralds",25,"Female",1
"118","3",44,25,2,0.3,0,0,"A sheriff","Emeralds",25,"Female",1
"118","3",45,100,2,0.3,1,0,"A sheriff","Emeralds",25,"Female",1
"118","3",46,0,1,0.7,0,0,"A sheriff","Emeralds",25,"Female",1
"118","3",47,32,1,0.7,1,0,"A sheriff","Emeralds",25,"Female",1
"118","3",48,32,1,0.7,1,1,"A sheriff","Emeralds",25,"Female",1
"118","3",49,25,1,0.7,1,1,"A sheriff","Emeralds",25,"Female",1
"118","3",50,60,2,0.3,1,1,"A sheriff","Emeralds",25,"Female",1
"119","3",1,67,1,0.3,0,0,"A sheriff","Emeralds",42,"Male",1
"119","3",2,71,2,0.7,1,1,"A sheriff","Emeralds",42,"Male",1
"119","3",3,68,1,0.3,0,1,"A sheriff","Emeralds",42,"Male",1
"119","3",4,85,2,0.7,1,0,"A sheriff","Emeralds",42,"Male",1
"119","3",5,71,2,0.7,0,0,"A sheriff","Emeralds",42,"Male",1
"119","3",6,76,1,0.3,1,0,"A sheriff","Emeralds",42,"Male",1
"119","3",7,100,1,0.3,1,1,"A sheriff","Emeralds",42,"Male",1
"119","3",8,51,1,0.3,0,0,"A sheriff","Emeralds",42,"Male",1
"119","3",9,86,2,0.7,1,0,"A sheriff","Emeralds",42,"Male",1
"119","3",10,78,2,0.7,0,0,"A sheriff","Emeralds",42,"Male",1
"119","3",11,93,2,0.7,1,1,"A sheriff","Emeralds",42,"Male",1
"119","3",12,100,2,0.7,1,1,"A sheriff","Emeralds",42,"Male",1
"119","3",13,95,2,0.7,1,0,"A sheriff","Emeralds",42,"Male",1
"119","3",14,93,2,0.7,0,1,"A sheriff","Emeralds",42,"Male",1
"119","3",15,91,2,0.7,1,0,"A sheriff","Emeralds",42,"Male",1
"119","3",16,94,2,0.7,1,0,"A sheriff","Emeralds",42,"Male",1
"119","3",17,92,2,0.7,0,0,"A sheriff","Emeralds",42,"Male",1
"119","3",18,90,2,0.7,0,1,"A sheriff","Emeralds",42,"Male",1
"119","3",19,100,1,0.3,1,0,"A sheriff","Emeralds",42,"Male",1
"119","3",20,100,1,0.3,0,0,"A sheriff","Emeralds",42,"Male",1
"119","3",21,100,1,0.3,0,1,"A sheriff","Emeralds",42,"Male",1
"119","3",22,79,1,0.3,0,0,"A sheriff","Emeralds",42,"Male",1
"119","3",23,98,2,0.7,1,0,"A sheriff","Emeralds",42,"Male",1
"119","3",24,97,2,0.7,1,0,"A sheriff","Emeralds",42,"Male",1
"119","3",25,95,2,0.7,1,0,"A sheriff","Emeralds",42,"Male",1
"119","3",26,96,2,0.7,1,1,"A sheriff","Emeralds",42,"Male",1
"119","3",27,96,2,0.7,1,0,"A sheriff","Emeralds",42,"Male",1
"119","3",28,96,2,0.7,1,0,"A sheriff","Emeralds",42,"Male",1
"119","3",29,97,2,0.7,1,0,"A sheriff","Emeralds",42,"Male",1
"119","3",30,98,2,0.7,1,0,"A sheriff","Emeralds",42,"Male",1
"119","3",31,98,2,0.7,1,1,"A sheriff","Emeralds",42,"Male",1
"119","3",32,97,2,0.7,1,1,"A sheriff","Emeralds",42,"Male",1
"119","3",33,98,2,0.7,1,0,"A sheriff","Emeralds",42,"Male",1
"119","3",34,98,2,0.7,1,0,"A sheriff","Emeralds",42,"Male",1
"119","3",35,100,2,0.7,1,1,"A sheriff","Emeralds",42,"Male",1
"119","3",36,100,2,0.7,1,1,"A sheriff","Emeralds",42,"Male",1
"119","3",37,100,2,0.7,1,0,"A sheriff","Emeralds",42,"Male",1
"119","3",38,100,2,0.7,0,0,"A sheriff","Emeralds",42,"Male",1
"119","3",39,100,2,0.7,1,1,"A sheriff","Emeralds",42,"Male",1
"119","3",40,100,2,0.7,1,0,"A sheriff","Emeralds",42,"Male",1
"119","3",41,100,2,0.7,1,0,"A sheriff","Emeralds",42,"Male",1
"119","3",42,100,2,0.7,0,0,"A sheriff","Emeralds",42,"Male",1
"119","3",43,100,2,0.7,1,0,"A sheriff","Emeralds",42,"Male",1
"119","3",44,100,2,0.7,0,0,"A sheriff","Emeralds",42,"Male",1
"119","3",45,100,2,0.7,1,0,"A sheriff","Emeralds",42,"Male",1
"119","3",46,100,2,0.7,1,0,"A sheriff","Emeralds",42,"Male",1
"119","3",47,100,2,0.7,1,0,"A sheriff","Emeralds",42,"Male",1
"119","3",48,100,2,0.7,1,1,"A sheriff","Emeralds",42,"Male",1
"119","3",49,100,2,0.7,0,0,"A sheriff","Emeralds",42,"Male",1
"119","3",50,100,2,0.7,1,0,"A sheriff","Emeralds",42,"Male",1
"120","3",1,74,2,0.7,1,1,"A sheriff","Emeralds",49,"Female",1
"120","3",2,65,2,0.7,1,1,"A sheriff","Emeralds",49,"Female",1
"120","3",3,89,2,0.7,0,1,"A sheriff","Emeralds",49,"Female",1
"120","3",4,79,2,0.7,1,0,"A sheriff","Emeralds",49,"Female",1
"120","3",5,60,2,0.7,1,0,"A sheriff","Emeralds",49,"Female",1
"120","3",6,58,2,0.7,1,0,"A sheriff","Emeralds",49,"Female",1
"120","3",7,45,2,0.7,1,0,"A sheriff","Emeralds",49,"Female",1
"120","3",8,43,2,0.7,1,0,"A sheriff","Emeralds",49,"Female",1
"120","3",9,39,2,0.7,1,0,"A sheriff","Emeralds",49,"Female",1
"120","3",10,26,2,0.7,1,0,"A sheriff","Emeralds",49,"Female",1
"120","3",11,22,2,0.7,1,1,"A sheriff","Emeralds",49,"Female",1
"120","3",12,82,2,0.7,0,1,"A sheriff","Emeralds",49,"Female",1
"120","3",13,33,2,0.7,1,0,"A sheriff","Emeralds",49,"Female",1
"120","3",14,84,2,0.7,0,1,"A sheriff","Emeralds",49,"Female",1
"120","3",15,59,2,0.7,1,0,"A sheriff","Emeralds",49,"Female",1
"120","3",16,41,2,0.7,1,0,"A sheriff","Emeralds",49,"Female",1
"120","3",17,33,2,0.7,1,0,"A sheriff","Emeralds",49,"Female",1
"120","3",18,26,2,0.7,1,0,"A sheriff","Emeralds",49,"Female",1
"120","3",19,27,2,0.7,1,0,"A sheriff","Emeralds",49,"Female",1
"120","3",20,87,2,0.7,0,1,"A sheriff","Emeralds",49,"Female",1
"120","3",21,59,2,0.7,1,0,"A sheriff","Emeralds",49,"Female",1
"120","3",22,37,2,0.7,1,0,"A sheriff","Emeralds",49,"Female",1
"120","3",23,82,2,0.7,0,0,"A sheriff","Emeralds",49,"Female",1
"120","3",24,65,2,0.7,1,1,"A sheriff","Emeralds",49,"Female",1
"120","3",25,44,2,0.7,1,1,"A sheriff","Emeralds",49,"Female",1
"120","3",26,38,2,0.7,1,1,"A sheriff","Emeralds",49,"Female",1
"120","3",27,33,2,0.7,1,0,"A sheriff","Emeralds",49,"Female",1
"120","3",28,32,2,0.7,1,0,"A sheriff","Emeralds",49,"Female",1
"120","3",29,82,2,0.7,0,0,"A sheriff","Emeralds",49,"Female",1
"120","3",30,55,2,0.7,1,0,"A sheriff","Emeralds",49,"Female",1
"120","3",31,87,2,0.7,0,1,"A sheriff","Emeralds",49,"Female",1
"120","3",32,59,2,0.7,1,0,"A sheriff","Emeralds",49,"Female",1
"120","3",33,43,2,0.7,1,0,"A sheriff","Emeralds",49,"Female",1
"120","3",34,36,2,0.7,1,0,"A sheriff","Emeralds",49,"Female",1
"120","3",35,34,2,0.7,1,1,"A sheriff","Emeralds",49,"Female",1
"120","3",36,85,2,0.7,0,0,"A sheriff","Emeralds",49,"Female",1
"120","3",37,59,2,0.7,1,0,"A sheriff","Emeralds",49,"Female",1
"120","3",38,38,2,0.7,1,1,"A sheriff","Emeralds",49,"Female",1
"120","3",39,36,2,0.7,1,1,"A sheriff","Emeralds",49,"Female",1
"120","3",40,85,2,0.7,0,0,"A sheriff","Emeralds",49,"Female",1
"120","3",41,55,2,0.7,1,0,"A sheriff","Emeralds",49,"Female",1
"120","3",42,39,2,0.7,1,0,"A sheriff","Emeralds",49,"Female",1
"120","3",43,84,2,0.7,0,0,"A sheriff","Emeralds",49,"Female",1
"120","3",44,42,2,0.7,1,0,"A sheriff","Emeralds",49,"Female",1
"120","3",45,85,2,0.7,0,0,"A sheriff","Emeralds",49,"Female",1
"120","3",46,53,2,0.7,1,0,"A sheriff","Emeralds",49,"Female",1
"120","3",47,85,2,0.7,0,1,"A sheriff","Emeralds",49,"Female",1
"120","3",48,56,2,0.7,1,0,"A sheriff","Emeralds",49,"Female",1
"120","3",49,53,2,0.7,1,0,"A sheriff","Emeralds",49,"Female",1
"120","3",50,38,2,0.7,1,0,"A sheriff","Emeralds",49,"Female",1
"121","1",1,87,2,0.7,1,0,"A bandit","Emeralds",32,"Male",1
"121","1",2,89,1,0.3,0,0,"A bandit","Emeralds",32,"Male",1
"121","1",3,81,1,0.3,0,0,"A bandit","Emeralds",32,"Male",1
"121","1",4,80,2,0.7,1,0,"A bandit","Emeralds",32,"Male",1
"121","1",5,82,1,0.3,0,0,"A bandit","Emeralds",32,"Male",1
"121","1",6,78,2,0.7,0,0,"A bandit","Emeralds",32,"Male",1
"121","1",7,36,1,0.3,0,0,"A bandit","Emeralds",32,"Male",1
"121","1",8,72,2,0.7,0,1,"A bandit","Emeralds",32,"Male",1
"121","1",9,79,2,0.7,0,0,"A bandit","Emeralds",32,"Male",1
"121","1",10,82,2,0.7,1,0,"A bandit","Emeralds",32,"Male",1
"121","1",11,76,1,0.3,0,1,"A bandit","Emeralds",32,"Male",1
"121","1",12,84,2,0.7,0,0,"A bandit","Emeralds",32,"Male",1
"121","1",13,78,1,0.3,0,0,"A bandit","Emeralds",32,"Male",1
"121","1",14,83,2,0.7,0,1,"A bandit","Emeralds",32,"Male",1
"121","1",15,79,1,0.3,0,0,"A bandit","Emeralds",32,"Male",1
"121","1",16,71,2,0.7,1,0,"A bandit","Emeralds",32,"Male",1
"121","1",17,82,2,0.7,1,0,"A bandit","Emeralds",32,"Male",1
"121","1",18,73,2,0.7,0,1,"A bandit","Emeralds",32,"Male",1
"121","1",19,83,1,0.3,0,0,"A bandit","Emeralds",32,"Male",1
"121","1",20,71,2,0.7,0,1,"A bandit","Emeralds",32,"Male",1
"121","1",21,74,2,0.7,1,0,"A bandit","Emeralds",32,"Male",1
"121","1",22,70,2,0.7,0,1,"A bandit","Emeralds",32,"Male",1
"121","1",23,71,2,0.7,1,0,"A bandit","Emeralds",32,"Male",1
"121","1",24,71,2,0.7,1,0,"A bandit","Emeralds",32,"Male",1
"121","1",25,78,2,0.7,1,0,"A bandit","Emeralds",32,"Male",1
"121","1",26,77,2,0.7,0,1,"A bandit","Emeralds",32,"Male",1
"121","1",27,70,2,0.7,0,1,"A bandit","Emeralds",32,"Male",1
"121","1",28,75,1,0.3,0,1,"A bandit","Emeralds",32,"Male",1
"121","1",29,75,2,0.7,1,0,"A bandit","Emeralds",32,"Male",1
"121","1",30,80,2,0.7,1,0,"A bandit","Emeralds",32,"Male",1
"121","1",31,83,2,0.7,1,0,"A bandit","Emeralds",32,"Male",1
"121","1",32,73,1,0.3,1,0,"A bandit","Emeralds",32,"Male",1
"121","1",33,77,2,0.7,0,0,"A bandit","Emeralds",32,"Male",1
"121","1",34,82,1,0.3,0,0,"A bandit","Emeralds",32,"Male",1
"121","1",35,78,2,0.7,0,0,"A bandit","Emeralds",32,"Male",1
"121","1",36,73,2,0.7,0,1,"A bandit","Emeralds",32,"Male",1
"121","1",37,74,2,0.7,0,1,"A bandit","Emeralds",32,"Male",1
"121","1",38,76,1,0.3,0,1,"A bandit","Emeralds",32,"Male",1
"121","1",39,86,2,0.7,1,0,"A bandit","Emeralds",32,"Male",1
"121","1",40,87,2,0.7,1,0,"A bandit","Emeralds",32,"Male",1
"121","1",41,79,2,0.7,1,0,"A bandit","Emeralds",32,"Male",1
"121","1",42,78,2,0.7,0,0,"A bandit","Emeralds",32,"Male",1
"121","1",43,78,2,0.7,0,1,"A bandit","Emeralds",32,"Male",1
"121","1",44,80,2,0.7,1,0,"A bandit","Emeralds",32,"Male",1
"121","1",45,84,2,0.7,1,0,"A bandit","Emeralds",32,"Male",1
"121","1",46,85,2,0.7,0,1,"A bandit","Emeralds",32,"Male",1
"121","1",47,83,2,0.7,0,1,"A bandit","Emeralds",32,"Male",1
"121","1",48,82,1,0.3,1,0,"A bandit","Emeralds",32,"Male",1
"121","1",49,78,2,0.7,1,0,"A bandit","Emeralds",32,"Male",1
"121","1",50,81,1,0.3,1,0,"A bandit","Emeralds",32,"Male",1
"122","2",1,87,1,0.7,1,0,"A tycoon","Emeralds",27,"Female",1
"122","2",2,71,1,0.7,1,1,"A tycoon","Emeralds",27,"Female",1
"122","2",3,53,1,0.7,1,1,"A tycoon","Emeralds",27,"Female",1
"122","2",4,54,1,0.7,1,1,"A tycoon","Emeralds",27,"Female",1
"122","2",5,48,1,0.7,1,0,"A tycoon","Emeralds",27,"Female",1
"122","2",6,38,1,0.7,1,0,"A tycoon","Emeralds",27,"Female",1
"122","2",7,32,1,0.7,1,1,"A tycoon","Emeralds",27,"Female",1
"122","2",8,0,1,0.7,0,0,"A tycoon","Emeralds",27,"Female",1
"122","2",9,0,1,0.7,0,0,"A tycoon","Emeralds",27,"Female",1
"122","2",10,0,2,0.3,0,0,"A tycoon","Emeralds",27,"Female",1
"122","2",11,0,2,0.3,0,0,"A tycoon","Emeralds",27,"Female",1
"122","2",12,98,2,0.3,1,1,"A tycoon","Emeralds",27,"Female",1
"122","2",13,65,2,0.3,1,0,"A tycoon","Emeralds",27,"Female",1
"122","2",14,0,2,0.3,0,0,"A tycoon","Emeralds",27,"Female",1
"122","2",15,94,1,0.7,1,0,"A tycoon","Emeralds",27,"Female",1
"122","2",16,71,1,0.7,1,0,"A tycoon","Emeralds",27,"Female",1
"122","2",17,64,1,0.7,1,1,"A tycoon","Emeralds",27,"Female",1
"122","2",18,45,1,0.7,1,0,"A tycoon","Emeralds",27,"Female",1
"122","2",19,38,1,0.7,1,1,"A tycoon","Emeralds",27,"Female",1
"122","2",20,43,1,0.7,1,0,"A tycoon","Emeralds",27,"Female",1
"122","2",21,40,1,0.7,1,1,"A tycoon","Emeralds",27,"Female",1
"122","2",22,0,1,0.7,0,0,"A tycoon","Emeralds",27,"Female",1
"122","2",23,72,1,0.7,1,0,"A tycoon","Emeralds",27,"Female",1
"122","2",24,58,1,0.7,1,0,"A tycoon","Emeralds",27,"Female",1
"122","2",25,46,1,0.7,1,1,"A tycoon","Emeralds",27,"Female",1
"122","2",26,42,1,0.7,1,1,"A tycoon","Emeralds",27,"Female",1
"122","2",27,41,1,0.7,1,0,"A tycoon","Emeralds",27,"Female",1
"122","2",28,44,1,0.7,0,0,"A tycoon","Emeralds",27,"Female",1
"122","2",29,29,1,0.7,1,0,"A tycoon","Emeralds",27,"Female",1
"122","2",30,28,1,0.7,1,1,"A tycoon","Emeralds",27,"Female",1
"122","2",31,27,1,0.7,1,0,"A tycoon","Emeralds",27,"Female",1
"122","2",32,25,1,0.7,1,0,"A tycoon","Emeralds",27,"Female",1
"122","2",33,23,1,0.7,1,0,"A tycoon","Emeralds",27,"Female",1
"122","2",34,1,1,0.7,0,0,"A tycoon","Emeralds",27,"Female",1
"122","2",35,59,1,0.7,1,1,"A tycoon","Emeralds",27,"Female",1
"122","2",36,60,1,0.7,1,0,"A tycoon","Emeralds",27,"Female",1
"122","2",37,60,1,0.7,1,0,"A tycoon","Emeralds",27,"Female",1
"122","2",38,54,1,0.7,1,0,"A tycoon","Emeralds",27,"Female",1
"122","2",39,31,1,0.7,1,0,"A tycoon","Emeralds",27,"Female",1
"122","2",40,22,1,0.7,1,0,"A tycoon","Emeralds",27,"Female",1
"122","2",41,27,1,0.7,1,0,"A tycoon","Emeralds",27,"Female",1
"122","2",42,1,1,0.7,0,0,"A tycoon","Emeralds",27,"Female",1
"122","2",43,18,1,0.7,1,0,"A tycoon","Emeralds",27,"Female",1
"122","2",44,1,1,0.7,0,0,"A tycoon","Emeralds",27,"Female",1
"122","2",45,60,1,0.7,1,0,"A tycoon","Emeralds",27,"Female",1
"122","2",46,58,1,0.7,1,0,"A tycoon","Emeralds",27,"Female",1
"122","2",47,61,1,0.7,1,1,"A tycoon","Emeralds",27,"Female",1
"122","2",48,63,1,0.7,1,1,"A tycoon","Emeralds",27,"Female",1
"122","2",49,61,1,0.7,1,1,"A tycoon","Emeralds",27,"Female",1
"122","2",50,0,1,0.7,0,0,"A tycoon","Emeralds",27,"Female",1
"123","1",1,50,1,0.3,0,0,"A bandit","Emeralds",35,"Male",1
"123","1",2,50,1,0.3,0,1,"A bandit","Emeralds",35,"Male",1
"123","1",3,0,2,0.7,1,0,"A bandit","Emeralds",35,"Male",1
"123","1",4,0,2,0.7,1,0,"A bandit","Emeralds",35,"Male",1
"123","1",5,0,2,0.7,1,0,"A bandit","Emeralds",35,"Male",1
"123","1",6,0,2,0.7,1,0,"A bandit","Emeralds",35,"Male",1
"123","1",7,100,2,0.7,0,1,"A bandit","Emeralds",35,"Male",1
"123","1",8,100,2,0.7,0,1,"A bandit","Emeralds",35,"Male",1
"123","1",9,0,2,0.7,1,0,"A bandit","Emeralds",35,"Male",1
"123","1",10,100,2,0.7,0,0,"A bandit","Emeralds",35,"Male",1
"123","1",11,0,2,0.7,1,0,"A bandit","Emeralds",35,"Male",1
"123","1",12,0,2,0.7,1,0,"A bandit","Emeralds",35,"Male",1
"123","1",13,50,2,0.7,0,1,"A bandit","Emeralds",35,"Male",1
"123","1",14,50,2,0.7,0,0,"A bandit","Emeralds",35,"Male",1
"123","1",15,0,2,0.7,1,0,"A bandit","Emeralds",35,"Male",1
"123","1",16,0,2,0.7,1,0,"A bandit","Emeralds",35,"Male",1
"123","1",17,0,2,0.7,1,0,"A bandit","Emeralds",35,"Male",1
"123","1",18,0,2,0.7,1,0,"A bandit","Emeralds",35,"Male",1
"123","1",19,0,2,0.7,1,0,"A bandit","Emeralds",35,"Male",1
"123","1",20,0,2,0.7,1,0,"A bandit","Emeralds",35,"Male",1
"123","1",21,50,2,0.7,0,0,"A bandit","Emeralds",35,"Male",1
"123","1",22,51,2,0.7,0,0,"A bandit","Emeralds",35,"Male",1
"123","1",23,100,2,0.7,0,1,"A bandit","Emeralds",35,"Male",1
"123","1",24,100,2,0.7,0,0,"A bandit","Emeralds",35,"Male",1
"123","1",25,0,2,0.7,1,0,"A bandit","Emeralds",35,"Male",1
"123","1",26,50,2,0.7,0,0,"A bandit","Emeralds",35,"Male",1
"123","1",27,100,2,0.7,0,1,"A bandit","Emeralds",35,"Male",1
"123","1",28,100,1,0.3,0,1,"A bandit","Emeralds",35,"Male",1
"123","1",29,100,1,0.3,0,0,"A bandit","Emeralds",35,"Male",1
"123","1",30,100,1,0.3,0,1,"A bandit","Emeralds",35,"Male",1
"123","1",31,50,2,0.7,1,0,"A bandit","Emeralds",35,"Male",1
"123","1",32,100,2,0.7,0,0,"A bandit","Emeralds",35,"Male",1
"123","1",33,0,2,0.7,1,0,"A bandit","Emeralds",35,"Male",1
"123","1",34,0,2,0.7,1,0,"A bandit","Emeralds",35,"Male",1
"123","1",35,50,2,0.7,0,1,"A bandit","Emeralds",35,"Male",1
"123","1",36,0,2,0.7,1,0,"A bandit","Emeralds",35,"Male",1
"123","1",37,50,2,0.7,0,1,"A bandit","Emeralds",35,"Male",1
"123","1",38,50,2,0.7,0,1,"A bandit","Emeralds",35,"Male",1
"123","1",39,100,2,0.7,0,0,"A bandit","Emeralds",35,"Male",1
"123","1",40,100,2,0.7,0,0,"A bandit","Emeralds",35,"Male",1
"123","1",41,100,2,0.7,0,1,"A bandit","Emeralds",35,"Male",1
"123","1",42,50,2,0.7,1,0,"A bandit","Emeralds",35,"Male",1
"123","1",43,50,2,0.7,0,1,"A bandit","Emeralds",35,"Male",1
"123","1",44,0,2,0.7,1,0,"A bandit","Emeralds",35,"Male",1
"123","1",45,0,2,0.7,1,0,"A bandit","Emeralds",35,"Male",1
"123","1",46,50,2,0.7,0,1,"A bandit","Emeralds",35,"Male",1
"123","1",47,50,2,0.7,0,0,"A bandit","Emeralds",35,"Male",1
"123","1",48,100,2,0.7,0,1,"A bandit","Emeralds",35,"Male",1
"123","1",49,100,2,0.7,0,0,"A bandit","Emeralds",35,"Male",1
"123","1",50,100,2,0.7,0,0,"A bandit","Emeralds",35,"Male",1
"124","2",1,100,1,0.7,0,0,"A tycoon","Emeralds",53,"Female",1
"124","2",2,100,2,0.3,1,0,"A tycoon","Emeralds",53,"Female",1
"124","2",3,0,2,0.3,0,0,"A tycoon","Emeralds",53,"Female",1
"124","2",4,100,1,0.7,1,1,"A tycoon","Emeralds",53,"Female",1
"124","2",5,100,2,0.3,1,1,"A tycoon","Emeralds",53,"Female",1
"124","2",6,0,1,0.7,0,0,"A tycoon","Emeralds",53,"Female",1
"124","2",7,100,1,0.7,1,1,"A tycoon","Emeralds",53,"Female",1
"124","2",8,0,1,0.7,0,0,"A tycoon","Emeralds",53,"Female",1
"124","2",9,100,1,0.7,1,0,"A tycoon","Emeralds",53,"Female",1
"124","2",10,0,2,0.3,0,0,"A tycoon","Emeralds",53,"Female",1
"124","2",11,0,1,0.7,0,0,"A tycoon","Emeralds",53,"Female",1
"124","2",12,100,1,0.7,1,0,"A tycoon","Emeralds",53,"Female",1
"124","2",13,100,2,0.3,1,0,"A tycoon","Emeralds",53,"Female",1
"124","2",14,100,1,0.7,1,0,"A tycoon","Emeralds",53,"Female",1
"124","2",15,100,2,0.3,1,1,"A tycoon","Emeralds",53,"Female",1
"124","2",16,100,2,0.3,1,1,"A tycoon","Emeralds",53,"Female",1
"124","2",17,100,1,0.7,1,0,"A tycoon","Emeralds",53,"Female",1
"124","2",18,100,1,0.7,1,0,"A tycoon","Emeralds",53,"Female",1
"124","2",19,100,2,0.3,1,1,"A tycoon","Emeralds",53,"Female",1
"124","2",20,100,2,0.3,1,1,"A tycoon","Emeralds",53,"Female",1
"124","2",21,100,1,0.7,1,0,"A tycoon","Emeralds",53,"Female",1
"124","2",22,100,1,0.7,1,0,"A tycoon","Emeralds",53,"Female",1
"124","2",23,0,2,0.3,0,0,"A tycoon","Emeralds",53,"Female",1
"124","2",24,100,1,0.7,1,0,"A tycoon","Emeralds",53,"Female",1
"124","2",25,100,1,0.7,1,0,"A tycoon","Emeralds",53,"Female",1
"124","2",26,100,2,0.3,1,1,"A tycoon","Emeralds",53,"Female",1
"124","2",27,100,1,0.7,1,0,"A tycoon","Emeralds",53,"Female",1
"124","2",28,100,1,0.7,1,0,"A tycoon","Emeralds",53,"Female",1
"124","2",29,50,2,0.3,0,0,"A tycoon","Emeralds",53,"Female",1
"124","2",30,100,1,0.7,1,1,"A tycoon","Emeralds",53,"Female",1
"124","2",31,100,1,0.7,1,1,"A tycoon","Emeralds",53,"Female",1
"124","2",32,100,2,0.3,1,1,"A tycoon","Emeralds",53,"Female",1
"124","2",33,0,1,0.7,0,0,"A tycoon","Emeralds",53,"Female",1
"124","2",34,0,2,0.3,0,0,"A tycoon","Emeralds",53,"Female",1
"124","2",35,100,1,0.7,1,1,"A tycoon","Emeralds",53,"Female",1
"124","2",36,100,1,0.7,1,1,"A tycoon","Emeralds",53,"Female",1
"124","2",37,100,1,0.7,1,0,"A tycoon","Emeralds",53,"Female",1
"124","2",38,100,2,0.3,1,1,"A tycoon","Emeralds",53,"Female",1
"124","2",39,0,2,0.3,0,0,"A tycoon","Emeralds",53,"Female",1
"124","2",40,100,1,0.7,1,0,"A tycoon","Emeralds",53,"Female",1
"124","2",41,100,1,0.7,1,0,"A tycoon","Emeralds",53,"Female",1
"124","2",42,0,2,0.3,0,0,"A tycoon","Emeralds",53,"Female",1
"124","2",43,100,1,0.7,1,0,"A tycoon","Emeralds",53,"Female",1
"124","2",44,0,1,0.7,0,0,"A tycoon","Emeralds",53,"Female",1
"124","2",45,0,2,0.3,0,0,"A tycoon","Emeralds",53,"Female",1
"124","2",46,100,1,0.7,1,1,"A tycoon","Emeralds",53,"Female",1
"124","2",47,100,1,0.7,1,0,"A tycoon","Emeralds",53,"Female",1
"124","2",48,0,2,0.3,0,0,"A tycoon","Emeralds",53,"Female",1
"124","2",49,100,1,0.7,1,0,"A tycoon","Emeralds",53,"Female",1
"124","2",50,100,1,0.7,1,0,"A tycoon","Emeralds",53,"Female",1
"125","1",1,89,2,0.7,1,0,"A bandit","Emeralds",NA,"Male",1
"125","1",2,94,2,0.7,0,1,"A bandit","Emeralds",NA,"Male",1
"125","1",3,95,2,0.7,1,0,"A bandit","Emeralds",NA,"Male",1
"125","1",4,92,2,0.7,1,0,"A bandit","Emeralds",NA,"Male",1
"125","1",5,96,2,0.7,1,0,"A bandit","Emeralds",NA,"Male",1
"125","1",6,97,2,0.7,0,0,"A bandit","Emeralds",NA,"Male",1
"125","1",7,93,2,0.7,0,1,"A bandit","Emeralds",NA,"Male",1
"125","1",8,86,2,0.7,1,0,"A bandit","Emeralds",NA,"Male",1
"125","1",9,89,2,0.7,0,1,"A bandit","Emeralds",NA,"Male",1
"125","1",10,86,2,0.7,1,0,"A bandit","Emeralds",NA,"Male",1
"125","1",11,84,2,0.7,0,0,"A bandit","Emeralds",NA,"Male",1
"125","1",12,64,2,0.7,1,0,"A bandit","Emeralds",NA,"Male",1
"125","1",13,81,2,0.7,0,0,"A bandit","Emeralds",NA,"Male",1
"125","1",14,75,2,0.7,1,0,"A bandit","Emeralds",NA,"Male",1
"125","1",15,74,1,0.3,0,0,"A bandit","Emeralds",NA,"Male",1
"125","1",16,94,2,0.7,0,1,"A bandit","Emeralds",NA,"Male",1
"125","1",17,61,1,0.3,0,0,"A bandit","Emeralds",NA,"Male",1
"125","1",18,79,1,0.3,0,1,"A bandit","Emeralds",NA,"Male",1
"125","1",19,80,1,0.3,0,0,"A bandit","Emeralds",NA,"Male",1
"125","1",20,90,1,0.3,0,0,"A bandit","Emeralds",NA,"Male",1
"125","1",21,92,1,0.3,1,0,"A bandit","Emeralds",NA,"Male",1
"125","1",22,84,1,0.3,0,0,"A bandit","Emeralds",NA,"Male",1
"125","1",23,84,1,0.3,0,0,"A bandit","Emeralds",NA,"Male",1
"125","1",24,92,1,0.3,0,0,"A bandit","Emeralds",NA,"Male",1
"125","1",25,92,1,0.3,0,0,"A bandit","Emeralds",NA,"Male",1
"125","1",26,68,2,0.7,1,0,"A bandit","Emeralds",NA,"Male",1
"125","1",27,89,2,0.7,1,0,"A bandit","Emeralds",NA,"Male",1
"125","1",28,87,2,0.7,1,0,"A bandit","Emeralds",NA,"Male",1
"125","1",29,96,1,0.3,0,1,"A bandit","Emeralds",NA,"Male",1
"125","1",30,93,1,0.3,0,0,"A bandit","Emeralds",NA,"Male",1
"125","1",31,81,1,0.3,0,0,"A bandit","Emeralds",NA,"Male",1
"125","1",32,89,2,0.7,0,0,"A bandit","Emeralds",NA,"Male",1
"125","1",33,96,2,0.7,0,1,"A bandit","Emeralds",NA,"Male",1
"125","1",34,81,2,0.7,0,1,"A bandit","Emeralds",NA,"Male",1
"125","1",35,80,1,0.3,0,0,"A bandit","Emeralds",NA,"Male",1
"125","1",36,88,1,0.3,0,1,"A bandit","Emeralds",NA,"Male",1
"125","1",37,96,1,0.3,0,1,"A bandit","Emeralds",NA,"Male",1
"125","1",38,85,1,0.3,0,0,"A bandit","Emeralds",NA,"Male",1
"125","1",39,88,2,0.7,0,0,"A bandit","Emeralds",NA,"Male",1
"125","1",40,96,1,0.3,0,0,"A bandit","Emeralds",NA,"Male",1
"125","1",41,67,2,0.7,0,1,"A bandit","Emeralds",NA,"Male",1
"125","1",42,95,2,0.7,1,0,"A bandit","Emeralds",NA,"Male",1
"125","1",43,91,2,0.7,0,1,"A bandit","Emeralds",NA,"Male",1
"125","1",44,98,2,0.7,0,0,"A bandit","Emeralds",NA,"Male",1
"125","1",45,82,1,0.3,0,0,"A bandit","Emeralds",NA,"Male",1
"125","1",46,99,2,0.7,1,0,"A bandit","Emeralds",NA,"Male",1
"125","1",47,94,1,0.3,0,0,"A bandit","Emeralds",NA,"Male",1
"125","1",48,87,2,0.7,0,1,"A bandit","Emeralds",NA,"Male",1
"125","1",49,86,2,0.7,0,1,"A bandit","Emeralds",NA,"Male",1
"125","1",50,90,2,0.7,0,1,"A bandit","Emeralds",NA,"Male",1
"126","3",1,50,1,0.7,0,1,"A sheriff","Emeralds",38,"Male",1
"126","3",2,50,1,0.7,1,0,"A sheriff","Emeralds",38,"Male",1
"126","3",3,51,1,0.7,1,0,"A sheriff","Emeralds",38,"Male",1
"126","3",4,50,1,0.7,1,0,"A sheriff","Emeralds",38,"Male",1
"126","3",5,76,1,0.7,0,0,"A sheriff","Emeralds",38,"Male",1
"126","3",6,71,1,0.7,1,0,"A sheriff","Emeralds",38,"Male",1
"126","3",7,50,1,0.7,1,0,"A sheriff","Emeralds",38,"Male",1
"126","3",8,65,1,0.7,0,1,"A sheriff","Emeralds",38,"Male",1
"126","3",9,27,1,0.7,1,0,"A sheriff","Emeralds",38,"Male",1
"126","3",10,20,1,0.7,1,0,"A sheriff","Emeralds",38,"Male",1
"126","3",11,70,1,0.7,0,1,"A sheriff","Emeralds",38,"Male",1
"126","3",12,66,2,0.3,0,0,"A sheriff","Emeralds",38,"Male",1
"126","3",13,75,2,0.3,0,0,"A sheriff","Emeralds",38,"Male",1
"126","3",14,4,1,0.7,1,1,"A sheriff","Emeralds",38,"Male",1
"126","3",15,0,1,0.7,1,0,"A sheriff","Emeralds",38,"Male",1
"126","3",16,79,1,0.7,0,0,"A sheriff","Emeralds",38,"Male",1
"126","3",17,90,1,0.7,0,1,"A sheriff","Emeralds",38,"Male",1
"126","3",18,13,1,0.7,1,0,"A sheriff","Emeralds",38,"Male",1
"126","3",19,3,1,0.7,1,1,"A sheriff","Emeralds",38,"Male",1
"126","3",20,89,1,0.7,0,0,"A sheriff","Emeralds",38,"Male",1
"126","3",21,84,1,0.7,0,1,"A sheriff","Emeralds",38,"Male",1
"126","3",22,7,1,0.7,1,0,"A sheriff","Emeralds",38,"Male",1
"126","3",23,17,1,0.7,1,0,"A sheriff","Emeralds",38,"Male",1
"126","3",24,9,1,0.7,1,1,"A sheriff","Emeralds",38,"Male",1
"126","3",25,6,1,0.7,1,0,"A sheriff","Emeralds",38,"Male",1
"126","3",26,82,1,0.7,0,1,"A sheriff","Emeralds",38,"Male",1
"126","3",27,8,1,0.7,1,1,"A sheriff","Emeralds",38,"Male",1
"126","3",28,14,1,0.7,1,1,"A sheriff","Emeralds",38,"Male",1
"126","3",29,13,1,0.7,1,0,"A sheriff","Emeralds",38,"Male",1
"126","3",30,9,1,0.7,1,0,"A sheriff","Emeralds",38,"Male",1
"126","3",31,6,1,0.7,1,0,"A sheriff","Emeralds",38,"Male",1
"126","3",32,89,1,0.7,0,1,"A sheriff","Emeralds",38,"Male",1
"126","3",33,11,1,0.7,1,0,"A sheriff","Emeralds",38,"Male",1
"126","3",34,13,1,0.7,1,0,"A sheriff","Emeralds",38,"Male",1
"126","3",35,8,1,0.7,1,0,"A sheriff","Emeralds",38,"Male",1
"126","3",36,86,1,0.7,0,0,"A sheriff","Emeralds",38,"Male",1
"126","3",37,9,1,0.7,1,0,"A sheriff","Emeralds",38,"Male",1
"126","3",38,10,1,0.7,1,0,"A sheriff","Emeralds",38,"Male",1
"126","3",39,85,1,0.7,0,1,"A sheriff","Emeralds",38,"Male",1
"126","3",40,7,1,0.7,1,1,"A sheriff","Emeralds",38,"Male",1
"126","3",41,9,1,0.7,1,0,"A sheriff","Emeralds",38,"Male",1
"126","3",42,9,1,0.7,1,0,"A sheriff","Emeralds",38,"Male",1
"126","3",43,9,1,0.7,1,0,"A sheriff","Emeralds",38,"Male",1
"126","3",44,93,1,0.7,0,0,"A sheriff","Emeralds",38,"Male",1
"126","3",45,11,1,0.7,1,0,"A sheriff","Emeralds",38,"Male",1
"126","3",46,8,1,0.7,1,0,"A sheriff","Emeralds",38,"Male",1
"126","3",47,11,1,0.7,1,0,"A sheriff","Emeralds",38,"Male",1
"126","3",48,4,1,0.7,1,0,"A sheriff","Emeralds",38,"Male",1
"126","3",49,3,1,0.7,1,1,"A sheriff","Emeralds",38,"Male",1
"126","3",50,2,1,0.7,1,0,"A sheriff","Emeralds",38,"Male",1
"127","3",1,50,2,0.7,0,0,"A sheriff","Emeralds",55,"Female",1
"127","3",2,5,2,0.7,1,0,"A sheriff","Emeralds",55,"Female",1
"127","3",3,7,2,0.7,0,0,"A sheriff","Emeralds",55,"Female",1
"127","3",4,0,2,0.7,1,0,"A sheriff","Emeralds",55,"Female",1
"127","3",5,9,2,0.7,0,0,"A sheriff","Emeralds",55,"Female",1
"127","3",6,6,2,0.7,1,0,"A sheriff","Emeralds",55,"Female",1
"127","3",7,3,2,0.7,1,1,"A sheriff","Emeralds",55,"Female",1
"127","3",8,3,2,0.7,1,1,"A sheriff","Emeralds",55,"Female",1
"127","3",9,2,2,0.7,0,1,"A sheriff","Emeralds",55,"Female",1
"127","3",10,0,2,0.7,1,0,"A sheriff","Emeralds",55,"Female",1
"127","3",11,0,2,0.7,1,0,"A sheriff","Emeralds",55,"Female",1
"127","3",12,0,2,0.7,1,0,"A sheriff","Emeralds",55,"Female",1
"127","3",13,0,2,0.7,1,0,"A sheriff","Emeralds",55,"Female",1
"127","3",14,0,2,0.7,1,0,"A sheriff","Emeralds",55,"Female",1
"127","3",15,0,2,0.7,1,0,"A sheriff","Emeralds",55,"Female",1
"127","3",16,0,2,0.7,1,1,"A sheriff","Emeralds",55,"Female",1
"127","3",17,0,2,0.7,1,0,"A sheriff","Emeralds",55,"Female",1
"127","3",18,0,2,0.7,1,0,"A sheriff","Emeralds",55,"Female",1
"127","3",19,0,2,0.7,1,0,"A sheriff","Emeralds",55,"Female",1
"127","3",20,0,2,0.7,1,0,"A sheriff","Emeralds",55,"Female",1
"127","3",21,0,2,0.7,1,0,"A sheriff","Emeralds",55,"Female",1
"127","3",22,0,2,0.7,1,0,"A sheriff","Emeralds",55,"Female",1
"127","3",23,0,2,0.7,0,1,"A sheriff","Emeralds",55,"Female",1
"127","3",24,0,2,0.7,1,0,"A sheriff","Emeralds",55,"Female",1
"127","3",25,0,2,0.7,0,1,"A sheriff","Emeralds",55,"Female",1
"127","3",26,0,2,0.7,0,1,"A sheriff","Emeralds",55,"Female",1
"127","3",27,0,2,0.7,0,1,"A sheriff","Emeralds",55,"Female",1
"127","3",28,0,2,0.7,1,0,"A sheriff","Emeralds",55,"Female",1
"127","3",29,0,2,0.7,1,0,"A sheriff","Emeralds",55,"Female",1
"127","3",30,0,2,0.7,0,1,"A sheriff","Emeralds",55,"Female",1
"127","3",31,0,2,0.7,1,0,"A sheriff","Emeralds",55,"Female",1
"127","3",32,0,2,0.7,1,0,"A sheriff","Emeralds",55,"Female",1
"127","3",33,0,2,0.7,0,1,"A sheriff","Emeralds",55,"Female",1
"127","3",34,0,2,0.7,0,1,"A sheriff","Emeralds",55,"Female",1
"127","3",35,0,2,0.7,1,0,"A sheriff","Emeralds",55,"Female",1
"127","3",36,0,2,0.7,1,1,"A sheriff","Emeralds",55,"Female",1
"127","3",37,0,2,0.7,1,1,"A sheriff","Emeralds",55,"Female",1
"127","3",38,0,2,0.7,0,0,"A sheriff","Emeralds",55,"Female",1
"127","3",39,0,2,0.7,1,1,"A sheriff","Emeralds",55,"Female",1
"127","3",40,0,2,0.7,0,0,"A sheriff","Emeralds",55,"Female",1
"127","3",41,0,2,0.7,1,0,"A sheriff","Emeralds",55,"Female",1
"127","3",42,0,2,0.7,1,0,"A sheriff","Emeralds",55,"Female",1
"127","3",43,0,2,0.7,1,0,"A sheriff","Emeralds",55,"Female",1
"127","3",44,0,2,0.7,1,0,"A sheriff","Emeralds",55,"Female",1
"127","3",45,0,2,0.7,1,0,"A sheriff","Emeralds",55,"Female",1
"127","3",46,0,2,0.7,0,1,"A sheriff","Emeralds",55,"Female",1
"127","3",47,0,2,0.7,1,0,"A sheriff","Emeralds",55,"Female",1
"127","3",48,0,2,0.7,0,0,"A sheriff","Emeralds",55,"Female",1
"127","3",49,0,2,0.7,1,0,"A sheriff","Emeralds",55,"Female",1
"127","3",50,0,2,0.7,0,0,"A sheriff","Emeralds",55,"Female",1
"128","1",1,10,2,0.7,1,0,"A bandit","Emeralds",36,"Female",1
"128","1",2,12,1,0.3,1,0,"A bandit","Emeralds",36,"Female",1
"128","1",3,89,1,0.3,0,0,"A bandit","Emeralds",36,"Female",1
"128","1",4,96,1,0.3,0,1,"A bandit","Emeralds",36,"Female",1
"128","1",5,100,2,0.7,0,1,"A bandit","Emeralds",36,"Female",1
"128","1",6,100,2,0.7,0,0,"A bandit","Emeralds",36,"Female",1
"128","1",7,68,2,0.7,1,0,"A bandit","Emeralds",36,"Female",1
"128","1",8,16,1,0.3,1,0,"A bandit","Emeralds",36,"Female",1
"128","1",9,9,2,0.7,1,0,"A bandit","Emeralds",36,"Female",1
"128","1",10,7,2,0.7,1,0,"A bandit","Emeralds",36,"Female",1
"128","1",11,66,1,0.3,0,1,"A bandit","Emeralds",36,"Female",1
"128","1",12,79,1,0.3,0,1,"A bandit","Emeralds",36,"Female",1
"128","1",13,100,1,0.3,0,0,"A bandit","Emeralds",36,"Female",1
"128","1",14,67,1,0.3,1,0,"A bandit","Emeralds",36,"Female",1
"128","1",15,74,2,0.7,0,0,"A bandit","Emeralds",36,"Female",1
"128","1",16,36,2,0.7,1,0,"A bandit","Emeralds",36,"Female",1
"128","1",17,66,2,0.7,0,1,"A bandit","Emeralds",36,"Female",1
"128","1",18,78,2,0.7,0,1,"A bandit","Emeralds",36,"Female",1
"128","1",19,87,1,0.3,0,0,"A bandit","Emeralds",36,"Female",1
"128","1",20,100,1,0.3,0,0,"A bandit","Emeralds",36,"Female",1
"128","1",21,100,2,0.7,0,1,"A bandit","Emeralds",36,"Female",1
"128","1",22,64,2,0.7,1,0,"A bandit","Emeralds",36,"Female",1
"128","1",23,74,2,0.7,1,0,"A bandit","Emeralds",36,"Female",1
"128","1",24,30,2,0.7,0,1,"A bandit","Emeralds",36,"Female",1
"128","1",25,91,1,0.3,0,0,"A bandit","Emeralds",36,"Female",1
"128","1",26,91,2,0.7,0,1,"A bandit","Emeralds",36,"Female",1
"128","1",27,40,2,0.7,1,0,"A bandit","Emeralds",36,"Female",1
"128","1",28,24,2,0.7,1,0,"A bandit","Emeralds",36,"Female",1
"128","1",29,73,1,0.3,0,0,"A bandit","Emeralds",36,"Female",1
"128","1",30,85,2,0.7,0,1,"A bandit","Emeralds",36,"Female",1
"128","1",31,34,2,0.7,1,0,"A bandit","Emeralds",36,"Female",1
"128","1",32,20,2,0.7,1,0,"A bandit","Emeralds",36,"Female",1
"128","1",33,64,2,0.7,0,0,"A bandit","Emeralds",36,"Female",1
"128","1",34,21,2,0.7,1,0,"A bandit","Emeralds",36,"Female",1
"128","1",35,59,2,0.7,0,1,"A bandit","Emeralds",36,"Female",1
"128","1",36,10,2,0.7,1,0,"A bandit","Emeralds",36,"Female",1
"128","1",37,68,2,0.7,0,0,"A bandit","Emeralds",36,"Female",1
"128","1",38,10,2,0.7,1,0,"A bandit","Emeralds",36,"Female",1
"128","1",39,78,2,0.7,0,1,"A bandit","Emeralds",36,"Female",1
"128","1",40,68,1,0.3,1,0,"A bandit","Emeralds",36,"Female",1
"128","1",41,93,2,0.7,0,0,"A bandit","Emeralds",36,"Female",1
"128","1",42,32,2,0.7,1,0,"A bandit","Emeralds",36,"Female",1
"128","1",43,8,2,0.7,0,1,"A bandit","Emeralds",36,"Female",1
"128","1",44,88,1,0.3,0,0,"A bandit","Emeralds",36,"Female",1
"128","1",45,100,1,0.3,0,1,"A bandit","Emeralds",36,"Female",1
"128","1",46,10,2,0.7,1,0,"A bandit","Emeralds",36,"Female",1
"128","1",47,89,2,0.7,0,1,"A bandit","Emeralds",36,"Female",1
"128","1",48,100,2,0.7,0,0,"A bandit","Emeralds",36,"Female",1
"128","1",49,18,2,0.7,1,0,"A bandit","Emeralds",36,"Female",1
"128","1",50,100,1,0.3,0,0,"A bandit","Emeralds",36,"Female",1
"129","1",1,69,2,0.3,0,0,"A bandit","Emeralds",34,"Male",1
"129","1",2,1,1,0.7,1,0,"A bandit","Emeralds",34,"Male",1
"129","1",3,61,2,0.3,0,1,"A bandit","Emeralds",34,"Male",1
"129","1",4,78,1,0.7,0,1,"A bandit","Emeralds",34,"Male",1
"129","1",5,74,1,0.7,0,0,"A bandit","Emeralds",34,"Male",1
"129","1",6,63,1,0.7,1,0,"A bandit","Emeralds",34,"Male",1
"129","1",7,77,1,0.7,0,0,"A bandit","Emeralds",34,"Male",1
"129","1",8,78,2,0.3,0,0,"A bandit","Emeralds",34,"Male",1
"129","1",9,65,2,0.3,0,1,"A bandit","Emeralds",34,"Male",1
"129","1",10,53,2,0.3,0,0,"A bandit","Emeralds",34,"Male",1
"129","1",11,50,2,0.3,0,0,"A bandit","Emeralds",34,"Male",1
"129","1",12,44,2,0.3,0,0,"A bandit","Emeralds",34,"Male",1
"129","1",13,1,1,0.7,1,0,"A bandit","Emeralds",34,"Male",1
"129","1",14,56,1,0.7,0,1,"A bandit","Emeralds",34,"Male",1
"129","1",15,61,1,0.7,0,1,"A bandit","Emeralds",34,"Male",1
"129","1",16,3,1,0.7,1,0,"A bandit","Emeralds",34,"Male",1
"129","1",17,1,1,0.7,1,0,"A bandit","Emeralds",34,"Male",1
"129","1",18,0,1,0.7,1,0,"A bandit","Emeralds",34,"Male",1
"129","1",19,77,1,0.7,0,1,"A bandit","Emeralds",34,"Male",1
"129","1",20,0,1,0.7,1,0,"A bandit","Emeralds",34,"Male",1
"129","1",21,76,1,0.7,0,1,"A bandit","Emeralds",34,"Male",1
"129","1",22,1,1,0.7,1,0,"A bandit","Emeralds",34,"Male",1
"129","1",23,46,2,0.3,0,0,"A bandit","Emeralds",34,"Male",1
"129","1",24,42,2,0.3,0,0,"A bandit","Emeralds",34,"Male",1
"129","1",25,21,2,0.3,1,0,"A bandit","Emeralds",34,"Male",1
"129","1",26,23,2,0.3,0,1,"A bandit","Emeralds",34,"Male",1
"129","1",27,2,1,0.7,1,0,"A bandit","Emeralds",34,"Male",1
"129","1",28,1,1,0.7,1,0,"A bandit","Emeralds",34,"Male",1
"129","1",29,73,1,0.7,0,1,"A bandit","Emeralds",34,"Male",1
"129","1",30,73,1,0.7,0,1,"A bandit","Emeralds",34,"Male",1
"129","1",31,1,1,0.7,1,0,"A bandit","Emeralds",34,"Male",1
"129","1",32,1,1,0.7,1,0,"A bandit","Emeralds",34,"Male",1
"129","1",33,1,1,0.7,1,0,"A bandit","Emeralds",34,"Male",1
"129","1",34,72,1,0.7,0,1,"A bandit","Emeralds",34,"Male",1
"129","1",35,74,1,0.7,0,1,"A bandit","Emeralds",34,"Male",1
"129","1",36,84,1,0.7,0,1,"A bandit","Emeralds",34,"Male",1
"129","1",37,2,1,0.7,1,0,"A bandit","Emeralds",34,"Male",1
"129","1",38,76,1,0.7,0,0,"A bandit","Emeralds",34,"Male",1
"129","1",39,2,1,0.7,1,0,"A bandit","Emeralds",34,"Male",1
"129","1",40,1,1,0.7,1,0,"A bandit","Emeralds",34,"Male",1
"129","1",41,78,1,0.7,0,1,"A bandit","Emeralds",34,"Male",1
"129","1",42,87,1,0.7,0,0,"A bandit","Emeralds",34,"Male",1
"129","1",43,1,1,0.7,1,0,"A bandit","Emeralds",34,"Male",1
"129","1",44,1,1,0.7,1,0,"A bandit","Emeralds",34,"Male",1
"129","1",45,38,2,0.3,0,0,"A bandit","Emeralds",34,"Male",1
"129","1",46,32,2,0.3,0,0,"A bandit","Emeralds",34,"Male",1
"129","1",47,28,2,0.3,0,0,"A bandit","Emeralds",34,"Male",1
"129","1",48,21,2,0.3,0,0,"A bandit","Emeralds",34,"Male",1
"129","1",49,1,2,0.3,1,0,"A bandit","Emeralds",34,"Male",1
"129","1",50,79,1,0.7,0,1,"A bandit","Emeralds",34,"Male",1
"130","2",1,21,2,0.7,1,0,"A tycoon","Emeralds",33,"Male",1
"130","2",2,60,2,0.7,0,0,"A tycoon","Emeralds",33,"Male",1
"130","2",3,58,2,0.7,1,1,"A tycoon","Emeralds",33,"Male",1
"130","2",4,39,2,0.7,1,0,"A tycoon","Emeralds",33,"Male",1
"130","2",5,26,2,0.7,1,0,"A tycoon","Emeralds",33,"Male",1
"130","2",6,13,2,0.7,1,1,"A tycoon","Emeralds",33,"Male",1
"130","2",7,2,2,0.7,1,0,"A tycoon","Emeralds",33,"Male",1
"130","2",8,0,1,0.3,0,0,"A tycoon","Emeralds",33,"Male",1
"130","2",9,58,2,0.7,0,0,"A tycoon","Emeralds",33,"Male",1
"130","2",10,62,2,0.7,1,0,"A tycoon","Emeralds",33,"Male",1
"130","2",11,55,2,0.7,1,0,"A tycoon","Emeralds",33,"Male",1
"130","2",12,70,2,0.7,1,0,"A tycoon","Emeralds",33,"Male",1
"130","2",13,72,2,0.7,1,0,"A tycoon","Emeralds",33,"Male",1
"130","2",14,69,2,0.7,0,0,"A tycoon","Emeralds",33,"Male",1
"130","2",15,80,1,0.3,1,1,"A tycoon","Emeralds",33,"Male",1
"130","2",16,51,2,0.7,1,0,"A tycoon","Emeralds",33,"Male",1
"130","2",17,22,2,0.7,1,0,"A tycoon","Emeralds",33,"Male",1
"130","2",18,92,2,0.7,0,0,"A tycoon","Emeralds",33,"Male",1
"130","2",19,70,2,0.7,1,1,"A tycoon","Emeralds",33,"Male",1
"130","2",20,90,1,0.3,1,1,"A tycoon","Emeralds",33,"Male",1
"130","2",21,79,2,0.7,0,0,"A tycoon","Emeralds",33,"Male",1
"130","2",22,94,1,0.3,1,1,"A tycoon","Emeralds",33,"Male",1
"130","2",23,82,1,0.3,1,1,"A tycoon","Emeralds",33,"Male",1
"130","2",24,41,2,0.7,1,0,"A tycoon","Emeralds",33,"Male",1
"130","2",25,35,2,0.7,1,0,"A tycoon","Emeralds",33,"Male",1
"130","2",26,90,2,0.7,0,0,"A tycoon","Emeralds",33,"Male",1
"130","2",27,83,1,0.3,0,0,"A tycoon","Emeralds",33,"Male",1
"130","2",28,64,2,0.7,1,1,"A tycoon","Emeralds",33,"Male",1
"130","2",29,63,2,0.7,1,0,"A tycoon","Emeralds",33,"Male",1
"130","2",30,64,2,0.7,1,0,"A tycoon","Emeralds",33,"Male",1
"130","2",31,73,2,0.7,1,0,"A tycoon","Emeralds",33,"Male",1
"130","2",32,57,2,0.7,1,1,"A tycoon","Emeralds",33,"Male",1
"130","2",33,72,2,0.7,1,0,"A tycoon","Emeralds",33,"Male",1
"130","2",34,54,2,0.7,1,1,"A tycoon","Emeralds",33,"Male",1
"130","2",35,91,1,0.3,0,0,"A tycoon","Emeralds",33,"Male",1
"130","2",36,82,1,0.3,1,0,"A tycoon","Emeralds",33,"Male",1
"130","2",37,84,1,0.3,1,1,"A tycoon","Emeralds",33,"Male",1
"130","2",38,63,2,0.7,1,1,"A tycoon","Emeralds",33,"Male",1
"130","2",39,62,2,0.7,1,1,"A tycoon","Emeralds",33,"Male",1
"130","2",40,65,2,0.7,1,0,"A tycoon","Emeralds",33,"Male",1
"130","2",41,57,2,0.7,1,0,"A tycoon","Emeralds",33,"Male",1
"130","2",42,89,1,0.3,0,0,"A tycoon","Emeralds",33,"Male",1
"130","2",43,95,1,0.3,1,1,"A tycoon","Emeralds",33,"Male",1
"130","2",44,74,2,0.7,1,0,"A tycoon","Emeralds",33,"Male",1
"130","2",45,80,2,0.7,1,1,"A tycoon","Emeralds",33,"Male",1
"130","2",46,74,2,0.7,1,0,"A tycoon","Emeralds",33,"Male",1
"130","2",47,87,1,0.3,0,0,"A tycoon","Emeralds",33,"Male",1
"130","2",48,97,1,0.3,0,0,"A tycoon","Emeralds",33,"Male",1
"130","2",49,63,2,0.7,1,0,"A tycoon","Emeralds",33,"Male",1
"130","2",50,55,2,0.7,1,0,"A tycoon","Emeralds",33,"Male",1
"131","2",1,100,2,0.7,1,1,"A tycoon","Emeralds",38,"Male",1
"131","2",2,100,2,0.7,1,1,"A tycoon","Emeralds",38,"Male",1
"131","2",3,0,1,0.3,0,0,"A tycoon","Emeralds",38,"Male",1
"131","2",4,100,1,0.3,1,0,"A tycoon","Emeralds",38,"Male",1
"131","2",5,1,1,0.3,0,0,"A tycoon","Emeralds",38,"Male",1
"131","2",6,100,2,0.7,1,0,"A tycoon","Emeralds",38,"Male",1
"131","2",7,100,2,0.7,1,0,"A tycoon","Emeralds",38,"Male",1
"131","2",8,100,2,0.7,1,1,"A tycoon","Emeralds",38,"Male",1
"131","2",9,100,2,0.7,1,1,"A tycoon","Emeralds",38,"Male",1
"131","2",10,100,2,0.7,1,0,"A tycoon","Emeralds",38,"Male",1
"131","2",11,100,2,0.7,1,0,"A tycoon","Emeralds",38,"Male",1
"131","2",12,100,2,0.7,1,1,"A tycoon","Emeralds",38,"Male",1
"131","2",13,100,2,0.7,1,0,"A tycoon","Emeralds",38,"Male",1
"131","2",14,50,2,0.7,1,1,"A tycoon","Emeralds",38,"Male",1
"131","2",15,51,2,0.7,1,0,"A tycoon","Emeralds",38,"Male",1
"131","2",16,0,2,0.7,0,0,"A tycoon","Emeralds",38,"Male",1
"131","2",17,84,2,0.7,1,0,"A tycoon","Emeralds",38,"Male",1
"131","2",18,89,2,0.7,1,0,"A tycoon","Emeralds",38,"Male",1
"131","2",19,83,2,0.7,1,0,"A tycoon","Emeralds",38,"Male",1
"131","2",20,90,2,0.7,1,1,"A tycoon","Emeralds",38,"Male",1
"131","2",21,0,2,0.7,0,0,"A tycoon","Emeralds",38,"Male",1
"131","2",22,83,2,0.7,1,0,"A tycoon","Emeralds",38,"Male",1
"131","2",23,85,2,0.7,1,1,"A tycoon","Emeralds",38,"Male",1
"131","2",24,84,2,0.7,1,0,"A tycoon","Emeralds",38,"Male",1
"131","2",25,87,2,0.7,1,0,"A tycoon","Emeralds",38,"Male",1
"131","2",26,87,2,0.7,1,0,"A tycoon","Emeralds",38,"Male",1
"131","2",27,85,2,0.7,1,0,"A tycoon","Emeralds",38,"Male",1
"131","2",28,0,2,0.7,0,0,"A tycoon","Emeralds",38,"Male",1
"131","2",29,80,2,0.7,1,0,"A tycoon","Emeralds",38,"Male",1
"131","2",30,0,2,0.7,0,0,"A tycoon","Emeralds",38,"Male",1
"131","2",31,0,2,0.7,0,0,"A tycoon","Emeralds",38,"Male",1
"131","2",32,90,2,0.7,1,0,"A tycoon","Emeralds",38,"Male",1
"131","2",33,77,2,0.7,1,1,"A tycoon","Emeralds",38,"Male",1
"131","2",34,0,2,0.7,0,0,"A tycoon","Emeralds",38,"Male",1
"131","2",35,87,2,0.7,1,0,"A tycoon","Emeralds",38,"Male",1
"131","2",36,0,2,0.7,0,0,"A tycoon","Emeralds",38,"Male",1
"131","2",37,100,1,0.3,1,0,"A tycoon","Emeralds",38,"Male",1
"131","2",38,7,1,0.3,0,0,"A tycoon","Emeralds",38,"Male",1
"131","2",39,87,2,0.7,1,0,"A tycoon","Emeralds",38,"Male",1
"131","2",40,81,2,0.7,1,0,"A tycoon","Emeralds",38,"Male",1
"131","2",41,9,2,0.7,0,0,"A tycoon","Emeralds",38,"Male",1
"131","2",42,88,2,0.7,1,1,"A tycoon","Emeralds",38,"Male",1
"131","2",43,89,2,0.7,1,1,"A tycoon","Emeralds",38,"Male",1
"131","2",44,81,2,0.7,1,1,"A tycoon","Emeralds",38,"Male",1
"131","2",45,7,2,0.7,0,0,"A tycoon","Emeralds",38,"Male",1
"131","2",46,91,2,0.7,1,1,"A tycoon","Emeralds",38,"Male",1
"131","2",47,87,2,0.7,1,1,"A tycoon","Emeralds",38,"Male",1
"131","2",48,84,2,0.7,1,0,"A tycoon","Emeralds",38,"Male",1
"131","2",49,92,2,0.7,1,1,"A tycoon","Emeralds",38,"Male",1
"131","2",50,2,2,0.7,0,0,"A tycoon","Emeralds",38,"Male",1
"132","3",1,17,1,0.7,0,0,"A sheriff","Emeralds",35,"Male",1
"132","3",2,13,2,0.3,0,1,"A sheriff","Emeralds",35,"Male",1
"132","3",3,10,2,0.3,0,0,"A sheriff","Emeralds",35,"Male",1
"132","3",4,25,2,0.3,1,0,"A sheriff","Emeralds",35,"Male",1
"132","3",5,14,2,0.3,0,0,"A sheriff","Emeralds",35,"Male",1
"132","3",6,10,1,0.7,1,0,"A sheriff","Emeralds",35,"Male",1
"132","3",7,62,1,0.7,0,1,"A sheriff","Emeralds",35,"Male",1
"132","3",8,48,1,0.7,0,1,"A sheriff","Emeralds",35,"Male",1
"132","3",9,35,1,0.7,0,0,"A sheriff","Emeralds",35,"Male",1
"132","3",10,51,1,0.7,1,0,"A sheriff","Emeralds",35,"Male",1
"132","3",11,45,1,0.7,1,0,"A sheriff","Emeralds",35,"Male",1
"132","3",12,66,1,0.7,0,0,"A sheriff","Emeralds",35,"Male",1
"132","3",13,18,1,0.7,1,0,"A sheriff","Emeralds",35,"Male",1
"132","3",14,77,1,0.7,0,1,"A sheriff","Emeralds",35,"Male",1
"132","3",15,7,1,0.7,1,0,"A sheriff","Emeralds",35,"Male",1
"132","3",16,11,1,0.7,1,1,"A sheriff","Emeralds",35,"Male",1
"132","3",17,10,1,0.7,1,0,"A sheriff","Emeralds",35,"Male",1
"132","3",18,12,1,0.7,1,0,"A sheriff","Emeralds",35,"Male",1
"132","3",19,11,1,0.7,1,0,"A sheriff","Emeralds",35,"Male",1
"132","3",20,85,1,0.7,0,0,"A sheriff","Emeralds",35,"Male",1
"132","3",21,82,1,0.7,0,0,"A sheriff","Emeralds",35,"Male",1
"132","3",22,8,1,0.7,1,0,"A sheriff","Emeralds",35,"Male",1
"132","3",23,87,1,0.7,0,0,"A sheriff","Emeralds",35,"Male",1
"132","3",24,11,1,0.7,0,0,"A sheriff","Emeralds",35,"Male",1
"132","3",25,2,1,0.7,1,1,"A sheriff","Emeralds",35,"Male",1
"132","3",26,7,1,0.7,1,0,"A sheriff","Emeralds",35,"Male",1
"132","3",27,85,1,0.7,0,1,"A sheriff","Emeralds",35,"Male",1
"132","3",28,4,1,0.7,1,0,"A sheriff","Emeralds",35,"Male",1
"132","3",29,7,1,0.7,0,1,"A sheriff","Emeralds",35,"Male",1
"132","3",30,8,1,0.7,1,0,"A sheriff","Emeralds",35,"Male",1
"132","3",31,6,1,0.7,1,0,"A sheriff","Emeralds",35,"Male",1
"132","3",32,7,1,0.7,1,1,"A sheriff","Emeralds",35,"Male",1
"132","3",33,98,1,0.7,0,0,"A sheriff","Emeralds",35,"Male",1
"132","3",34,89,1,0.7,0,1,"A sheriff","Emeralds",35,"Male",1
"132","3",35,79,1,0.7,0,0,"A sheriff","Emeralds",35,"Male",1
"132","3",36,25,1,0.7,1,1,"A sheriff","Emeralds",35,"Male",1
"132","3",37,94,1,0.7,0,0,"A sheriff","Emeralds",35,"Male",1
"132","3",38,18,1,0.7,1,0,"A sheriff","Emeralds",35,"Male",1
"132","3",39,8,1,0.7,1,0,"A sheriff","Emeralds",35,"Male",1
"132","3",40,10,1,0.7,1,0,"A sheriff","Emeralds",35,"Male",1
"132","3",41,84,1,0.7,0,0,"A sheriff","Emeralds",35,"Male",1
"132","3",42,91,1,0.7,0,0,"A sheriff","Emeralds",35,"Male",1
"132","3",43,100,1,0.7,0,0,"A sheriff","Emeralds",35,"Male",1
"132","3",44,22,1,0.7,1,0,"A sheriff","Emeralds",35,"Male",1
"132","3",45,10,1,0.7,1,1,"A sheriff","Emeralds",35,"Male",1
"132","3",46,69,1,0.7,0,1,"A sheriff","Emeralds",35,"Male",1
"132","3",47,7,1,0.7,1,1,"A sheriff","Emeralds",35,"Male",1
"132","3",48,17,1,0.7,1,0,"A sheriff","Emeralds",35,"Male",1
"132","3",49,12,1,0.7,1,0,"A sheriff","Emeralds",35,"Male",1
"132","3",50,6,1,0.7,1,1,"A sheriff","Emeralds",35,"Male",1
"133","1",1,11,2,0.7,0,0,"A bandit","Emeralds",65,"Male",1
"133","1",2,20,2,0.7,0,1,"A bandit","Emeralds",65,"Male",1
"133","1",3,16,2,0.7,1,0,"A bandit","Emeralds",65,"Male",1
"133","1",4,18,2,0.7,1,0,"A bandit","Emeralds",65,"Male",1
"133","1",5,14,2,0.7,0,0,"A bandit","Emeralds",65,"Male",1
"133","1",6,16,2,0.7,1,0,"A bandit","Emeralds",65,"Male",1
"133","1",7,16,2,0.7,0,0,"A bandit","Emeralds",65,"Male",1
"133","1",8,22,2,0.7,0,0,"A bandit","Emeralds",65,"Male",1
"133","1",9,16,2,0.7,1,0,"A bandit","Emeralds",65,"Male",1
"133","1",10,20,2,0.7,0,1,"A bandit","Emeralds",65,"Male",1
"133","1",11,19,2,0.7,0,1,"A bandit","Emeralds",65,"Male",1
"133","1",12,13,2,0.7,1,0,"A bandit","Emeralds",65,"Male",1
"133","1",13,8,2,0.7,1,0,"A bandit","Emeralds",65,"Male",1
"133","1",14,17,2,0.7,1,0,"A bandit","Emeralds",65,"Male",1
"133","1",15,21,2,0.7,0,0,"A bandit","Emeralds",65,"Male",1
"133","1",16,8,2,0.7,1,0,"A bandit","Emeralds",65,"Male",1
"133","1",17,22,2,0.7,0,1,"A bandit","Emeralds",65,"Male",1
"133","1",18,4,2,0.7,0,0,"A bandit","Emeralds",65,"Male",1
"133","1",19,24,2,0.7,0,1,"A bandit","Emeralds",65,"Male",1
"133","1",20,20,2,0.7,1,0,"A bandit","Emeralds",65,"Male",1
"133","1",21,24,2,0.7,0,1,"A bandit","Emeralds",65,"Male",1
"133","1",22,4,2,0.7,1,0,"A bandit","Emeralds",65,"Male",1
"133","1",23,24,2,0.7,0,1,"A bandit","Emeralds",65,"Male",1
"133","1",24,23,2,0.7,0,1,"A bandit","Emeralds",65,"Male",1
"133","1",25,23,2,0.7,0,0,"A bandit","Emeralds",65,"Male",1
"133","1",26,21,1,0.3,0,0,"A bandit","Emeralds",65,"Male",1
"133","1",27,24,1,0.3,0,1,"A bandit","Emeralds",65,"Male",1
"133","1",28,3,1,0.3,1,0,"A bandit","Emeralds",65,"Male",1
"133","1",29,22,1,0.3,0,1,"A bandit","Emeralds",65,"Male",1
"133","1",30,21,1,0.3,0,1,"A bandit","Emeralds",65,"Male",1
"133","1",31,4,2,0.7,1,0,"A bandit","Emeralds",65,"Male",1
"133","1",32,6,2,0.7,1,0,"A bandit","Emeralds",65,"Male",1
"133","1",33,6,2,0.7,1,0,"A bandit","Emeralds",65,"Male",1
"133","1",34,22,2,0.7,0,0,"A bandit","Emeralds",65,"Male",1
"133","1",35,5,2,0.7,1,0,"A bandit","Emeralds",65,"Male",1
"133","1",36,24,2,0.7,0,1,"A bandit","Emeralds",65,"Male",1
"133","1",37,23,2,0.7,0,0,"A bandit","Emeralds",65,"Male",1
"133","1",38,4,2,0.7,1,0,"A bandit","Emeralds",65,"Male",1
"133","1",39,20,2,0.7,0,1,"A bandit","Emeralds",65,"Male",1
"133","1",40,3,2,0.7,1,0,"A bandit","Emeralds",65,"Male",1
"133","1",41,6,2,0.7,1,0,"A bandit","Emeralds",65,"Male",1
"133","1",42,4,2,0.7,1,0,"A bandit","Emeralds",65,"Male",1
"133","1",43,3,2,0.7,1,0,"A bandit","Emeralds",65,"Male",1
"133","1",44,4,2,0.7,1,0,"A bandit","Emeralds",65,"Male",1
"133","1",45,5,2,0.7,0,0,"A bandit","Emeralds",65,"Male",1
"133","1",46,5,2,0.7,1,0,"A bandit","Emeralds",65,"Male",1
"133","1",47,2,2,0.7,1,0,"A bandit","Emeralds",65,"Male",1
"133","1",48,27,2,0.7,0,0,"A bandit","Emeralds",65,"Male",1
"133","1",49,22,2,0.7,0,1,"A bandit","Emeralds",65,"Male",1
"133","1",50,19,2,0.7,0,1,"A bandit","Emeralds",65,"Male",1
"134","3",1,11,1,0.3,0,0,"A sheriff","Emeralds",29,"Male",1
"134","3",2,78,1,0.3,1,1,"A sheriff","Emeralds",29,"Male",1
"134","3",3,34,1,0.3,0,0,"A sheriff","Emeralds",29,"Male",1
"134","3",4,82,1,0.3,1,0,"A sheriff","Emeralds",29,"Male",1
"134","3",5,76,1,0.3,0,0,"A sheriff","Emeralds",29,"Male",1
"134","3",6,82,1,0.3,1,0,"A sheriff","Emeralds",29,"Male",1
"134","3",7,91,2,0.7,0,0,"A sheriff","Emeralds",29,"Male",1
"134","3",8,26,2,0.7,0,1,"A sheriff","Emeralds",29,"Male",1
"134","3",9,13,2,0.7,0,0,"A sheriff","Emeralds",29,"Male",1
"134","3",10,88,1,0.3,1,0,"A sheriff","Emeralds",29,"Male",1
"134","3",11,26,1,0.3,0,1,"A sheriff","Emeralds",29,"Male",1
"134","3",12,30,1,0.3,0,0,"A sheriff","Emeralds",29,"Male",1
"134","3",13,13,1,0.3,0,1,"A sheriff","Emeralds",29,"Male",1
"134","3",14,89,1,0.3,1,1,"A sheriff","Emeralds",29,"Male",1
"134","3",15,95,1,0.3,1,1,"A sheriff","Emeralds",29,"Male",1
"134","3",16,32,1,0.3,0,0,"A sheriff","Emeralds",29,"Male",1
"134","3",17,88,2,0.7,1,0,"A sheriff","Emeralds",29,"Male",1
"134","3",18,70,2,0.7,0,1,"A sheriff","Emeralds",29,"Male",1
"134","3",19,67,2,0.7,0,0,"A sheriff","Emeralds",29,"Male",1
"134","3",20,90,2,0.7,1,1,"A sheriff","Emeralds",29,"Male",1
"134","3",21,27,1,0.3,0,1,"A sheriff","Emeralds",29,"Male",1
"134","3",22,15,1,0.3,0,0,"A sheriff","Emeralds",29,"Male",1
"134","3",23,16,1,0.3,0,0,"A sheriff","Emeralds",29,"Male",1
"134","3",24,83,2,0.7,1,1,"A sheriff","Emeralds",29,"Male",1
"134","3",25,69,2,0.7,1,0,"A sheriff","Emeralds",29,"Male",1
"134","3",26,37,2,0.7,0,0,"A sheriff","Emeralds",29,"Male",1
"134","3",27,79,2,0.7,1,0,"A sheriff","Emeralds",29,"Male",1
"134","3",28,29,2,0.7,0,0,"A sheriff","Emeralds",29,"Male",1
"134","3",29,66,2,0.7,1,0,"A sheriff","Emeralds",29,"Male",1
"134","3",30,80,2,0.7,1,0,"A sheriff","Emeralds",29,"Male",1
"134","3",31,95,1,0.3,1,1,"A sheriff","Emeralds",29,"Male",1
"134","3",32,31,2,0.7,1,0,"A sheriff","Emeralds",29,"Male",1
"134","3",33,32,2,0.7,1,0,"A sheriff","Emeralds",29,"Male",1
"134","3",34,89,2,0.7,0,0,"A sheriff","Emeralds",29,"Male",1
"134","3",35,23,2,0.7,1,0,"A sheriff","Emeralds",29,"Male",1
"134","3",36,18,2,0.7,1,0,"A sheriff","Emeralds",29,"Male",1
"134","3",37,13,2,0.7,1,0,"A sheriff","Emeralds",29,"Male",1
"134","3",38,17,2,0.7,1,0,"A sheriff","Emeralds",29,"Male",1
"134","3",39,19,2,0.7,1,1,"A sheriff","Emeralds",29,"Male",1
"134","3",40,12,2,0.7,1,1,"A sheriff","Emeralds",29,"Male",1
"134","3",41,11,2,0.7,1,0,"A sheriff","Emeralds",29,"Male",1
"134","3",42,94,2,0.7,0,1,"A sheriff","Emeralds",29,"Male",1
"134","3",43,31,2,0.7,1,0,"A sheriff","Emeralds",29,"Male",1
"134","3",44,16,2,0.7,1,0,"A sheriff","Emeralds",29,"Male",1
"134","3",45,20,2,0.7,1,0,"A sheriff","Emeralds",29,"Male",1
"134","3",46,12,2,0.7,1,0,"A sheriff","Emeralds",29,"Male",1
"134","3",47,7,2,0.7,1,0,"A sheriff","Emeralds",29,"Male",1
"134","3",48,11,2,0.7,1,1,"A sheriff","Emeralds",29,"Male",1
"134","3",49,89,2,0.7,0,0,"A sheriff","Emeralds",29,"Male",1
"134","3",50,88,2,0.7,0,0,"A sheriff","Emeralds",29,"Male",1
"135","3",1,68,1,0.3,1,1,"A sheriff","Emeralds",47,"Male",1
"135","3",2,77,2,0.7,1,1,"A sheriff","Emeralds",47,"Male",1
"135","3",3,40,1,0.3,0,0,"A sheriff","Emeralds",47,"Male",1
"135","3",4,71,2,0.7,1,0,"A sheriff","Emeralds",47,"Male",1
"135","3",5,73,2,0.7,1,0,"A sheriff","Emeralds",47,"Male",1
"135","3",6,75,1,0.3,1,1,"A sheriff","Emeralds",47,"Male",1
"135","3",7,44,2,0.7,0,1,"A sheriff","Emeralds",47,"Male",1
"135","3",8,80,2,0.7,1,0,"A sheriff","Emeralds",47,"Male",1
"135","3",9,73,2,0.7,1,0,"A sheriff","Emeralds",47,"Male",1
"135","3",10,66,2,0.7,1,1,"A sheriff","Emeralds",47,"Male",1
"135","3",11,35,1,0.3,0,1,"A sheriff","Emeralds",47,"Male",1
"135","3",12,26,2,0.7,0,0,"A sheriff","Emeralds",47,"Male",1
"135","3",13,80,2,0.7,1,0,"A sheriff","Emeralds",47,"Male",1
"135","3",14,36,1,0.3,0,0,"A sheriff","Emeralds",47,"Male",1
"135","3",15,80,2,0.7,1,1,"A sheriff","Emeralds",47,"Male",1
"135","3",16,73,2,0.7,1,0,"A sheriff","Emeralds",47,"Male",1
"135","3",17,27,2,0.7,0,0,"A sheriff","Emeralds",47,"Male",1
"135","3",18,33,1,0.3,0,0,"A sheriff","Emeralds",47,"Male",1
"135","3",19,76,2,0.7,1,0,"A sheriff","Emeralds",47,"Male",1
"135","3",20,75,2,0.7,1,0,"A sheriff","Emeralds",47,"Male",1
"135","3",21,76,1,0.3,1,1,"A sheriff","Emeralds",47,"Male",1
"135","3",22,27,2,0.7,0,1,"A sheriff","Emeralds",47,"Male",1
"135","3",23,76,2,0.7,1,0,"A sheriff","Emeralds",47,"Male",1
"135","3",24,30,1,0.3,0,0,"A sheriff","Emeralds",47,"Male",1
"135","3",25,28,2,0.7,0,1,"A sheriff","Emeralds",47,"Male",1
"135","3",26,78,2,0.7,1,0,"A sheriff","Emeralds",47,"Male",1
"135","3",27,29,1,0.3,0,0,"A sheriff","Emeralds",47,"Male",1
"135","3",28,76,2,0.7,1,0,"A sheriff","Emeralds",47,"Male",1
"135","3",29,85,2,0.7,1,0,"A sheriff","Emeralds",47,"Male",1
"135","3",30,26,2,0.7,0,0,"A sheriff","Emeralds",47,"Male",1
"135","3",31,43,1,0.3,0,0,"A sheriff","Emeralds",47,"Male",1
"135","3",32,71,2,0.7,1,0,"A sheriff","Emeralds",47,"Male",1
"135","3",33,66,2,0.7,1,0,"A sheriff","Emeralds",47,"Male",1
"135","3",34,31,1,0.3,0,0,"A sheriff","Emeralds",47,"Male",1
"135","3",35,73,1,0.3,1,0,"A sheriff","Emeralds",47,"Male",1
"135","3",36,74,2,0.7,1,1,"A sheriff","Emeralds",47,"Male",1
"135","3",37,76,2,0.7,1,0,"A sheriff","Emeralds",47,"Male",1
"135","3",38,38,2,0.7,0,0,"A sheriff","Emeralds",47,"Male",1
"135","3",39,75,2,0.7,1,0,"A sheriff","Emeralds",47,"Male",1
"135","3",40,74,2,0.7,1,1,"A sheriff","Emeralds",47,"Male",1
"135","3",41,31,1,0.3,0,0,"A sheriff","Emeralds",47,"Male",1
"135","3",42,71,2,0.7,1,1,"A sheriff","Emeralds",47,"Male",1
"135","3",43,76,2,0.7,1,0,"A sheriff","Emeralds",47,"Male",1
"135","3",44,40,2,0.7,0,0,"A sheriff","Emeralds",47,"Male",1
"135","3",45,77,1,0.3,1,1,"A sheriff","Emeralds",47,"Male",1
"135","3",46,78,2,0.7,1,0,"A sheriff","Emeralds",47,"Male",1
"135","3",47,41,1,0.3,0,0,"A sheriff","Emeralds",47,"Male",1
"135","3",48,77,2,0.7,1,1,"A sheriff","Emeralds",47,"Male",1
"135","3",49,41,2,0.7,0,0,"A sheriff","Emeralds",47,"Male",1
"135","3",50,73,2,0.7,1,0,"A sheriff","Emeralds",47,"Male",1
"136","2",1,34,1,0.3,0,0,"A tycoon","Emeralds",41,"Female",1
"136","2",2,77,1,0.3,1,1,"A tycoon","Emeralds",41,"Female",1
"136","2",3,71,1,0.3,1,0,"A tycoon","Emeralds",41,"Female",1
"136","2",4,53,1,0.3,1,1,"A tycoon","Emeralds",41,"Female",1
"136","2",5,41,1,0.3,1,0,"A tycoon","Emeralds",41,"Female",1
"136","2",6,49,1,0.3,0,0,"A tycoon","Emeralds",41,"Female",1
"136","2",7,57,1,0.3,0,0,"A tycoon","Emeralds",41,"Female",1
"136","2",8,57,1,0.3,1,1,"A tycoon","Emeralds",41,"Female",1
"136","2",9,67,1,0.3,0,0,"A tycoon","Emeralds",41,"Female",1
"136","2",10,59,1,0.3,1,0,"A tycoon","Emeralds",41,"Female",1
"136","2",11,66,1,0.3,0,0,"A tycoon","Emeralds",41,"Female",1
"136","2",12,49,2,0.7,1,0,"A tycoon","Emeralds",41,"Female",1
"136","2",13,64,2,0.7,0,0,"A tycoon","Emeralds",41,"Female",1
"136","2",14,73,2,0.7,1,0,"A tycoon","Emeralds",41,"Female",1
"136","2",15,33,2,0.7,1,1,"A tycoon","Emeralds",41,"Female",1
"136","2",16,46,2,0.7,0,0,"A tycoon","Emeralds",41,"Female",1
"136","2",17,58,2,0.7,1,0,"A tycoon","Emeralds",41,"Female",1
"136","2",18,58,2,0.7,1,1,"A tycoon","Emeralds",41,"Female",1
"136","2",19,56,2,0.7,0,0,"A tycoon","Emeralds",41,"Female",1
"136","2",20,63,2,0.7,1,1,"A tycoon","Emeralds",41,"Female",1
"136","2",21,38,2,0.7,1,0,"A tycoon","Emeralds",41,"Female",1
"136","2",22,31,2,0.7,1,0,"A tycoon","Emeralds",41,"Female",1
"136","2",23,23,2,0.7,1,1,"A tycoon","Emeralds",41,"Female",1
"136","2",24,16,2,0.7,1,0,"A tycoon","Emeralds",41,"Female",1
"136","2",25,8,2,0.7,1,0,"A tycoon","Emeralds",41,"Female",1
"136","2",26,20,2,0.7,1,1,"A tycoon","Emeralds",41,"Female",1
"136","2",27,13,2,0.7,1,0,"A tycoon","Emeralds",41,"Female",1
"136","2",28,21,2,0.7,1,1,"A tycoon","Emeralds",41,"Female",1
"136","2",29,3,2,0.7,1,1,"A tycoon","Emeralds",41,"Female",1
"136","2",30,0,2,0.7,1,1,"A tycoon","Emeralds",41,"Female",1
"136","2",31,0,2,0.7,1,1,"A tycoon","Emeralds",41,"Female",1
"136","2",32,0,2,0.7,0,0,"A tycoon","Emeralds",41,"Female",1
"136","2",33,0,2,0.7,1,0,"A tycoon","Emeralds",41,"Female",1
"136","2",34,0,2,0.7,1,1,"A tycoon","Emeralds",41,"Female",1
"136","2",35,0,2,0.7,0,0,"A tycoon","Emeralds",41,"Female",1
"136","2",36,4,2,0.7,0,0,"A tycoon","Emeralds",41,"Female",1
"136","2",37,5,2,0.7,1,0,"A tycoon","Emeralds",41,"Female",1
"136","2",38,0,2,0.7,1,1,"A tycoon","Emeralds",41,"Female",1
"136","2",39,0,2,0.7,0,0,"A tycoon","Emeralds",41,"Female",1
"136","2",40,0,2,0.7,1,1,"A tycoon","Emeralds",41,"Female",1
"136","2",41,0,2,0.7,1,0,"A tycoon","Emeralds",41,"Female",1
"136","2",42,0,2,0.7,1,0,"A tycoon","Emeralds",41,"Female",1
"136","2",43,0,2,0.7,1,0,"A tycoon","Emeralds",41,"Female",1
"136","2",44,0,2,0.7,1,0,"A tycoon","Emeralds",41,"Female",1
"136","2",45,0,2,0.7,1,0,"A tycoon","Emeralds",41,"Female",1
"136","2",46,0,2,0.7,1,0,"A tycoon","Emeralds",41,"Female",1
"136","2",47,0,2,0.7,0,0,"A tycoon","Emeralds",41,"Female",1
"136","2",48,0,2,0.7,0,0,"A tycoon","Emeralds",41,"Female",1
"136","2",49,0,2,0.7,1,0,"A tycoon","Emeralds",41,"Female",1
"136","2",50,0,2,0.7,0,0,"A tycoon","Emeralds",41,"Female",1
"137","1",1,4,2,0.7,1,0,"A bandit","Emeralds",62,"Female",1
"137","1",2,1,2,0.7,1,0,"A bandit","Emeralds",62,"Female",1
"137","1",3,2,2,0.7,1,0,"A bandit","Emeralds",62,"Female",1
"137","1",4,1,2,0.7,1,0,"A bandit","Emeralds",62,"Female",1
"137","1",5,1,2,0.7,1,0,"A bandit","Emeralds",62,"Female",1
"137","1",6,82,2,0.7,0,0,"A bandit","Emeralds",62,"Female",1
"137","1",7,2,2,0.7,1,0,"A bandit","Emeralds",62,"Female",1
"137","1",8,1,2,0.7,1,0,"A bandit","Emeralds",62,"Female",1
"137","1",9,81,2,0.7,0,1,"A bandit","Emeralds",62,"Female",1
"137","1",10,96,2,0.7,0,0,"A bandit","Emeralds",62,"Female",1
"137","1",11,1,2,0.7,1,0,"A bandit","Emeralds",62,"Female",1
"137","1",12,91,2,0.7,0,0,"A bandit","Emeralds",62,"Female",1
"137","1",13,89,1,0.3,0,1,"A bandit","Emeralds",62,"Female",1
"137","1",14,2,2,0.7,1,0,"A bandit","Emeralds",62,"Female",1
"137","1",15,90,2,0.7,0,1,"A bandit","Emeralds",62,"Female",1
"137","1",16,88,2,0.7,0,0,"A bandit","Emeralds",62,"Female",1
"137","1",17,61,1,0.3,0,1,"A bandit","Emeralds",62,"Female",1
"137","1",18,85,2,0.7,0,0,"A bandit","Emeralds",62,"Female",1
"137","1",19,65,1,0.3,0,1,"A bandit","Emeralds",62,"Female",1
"137","1",20,1,2,0.7,1,0,"A bandit","Emeralds",62,"Female",1
"137","1",21,83,2,0.7,0,1,"A bandit","Emeralds",62,"Female",1
"137","1",22,1,2,0.7,1,0,"A bandit","Emeralds",62,"Female",1
"137","1",23,2,2,0.7,1,0,"A bandit","Emeralds",62,"Female",1
"137","1",24,0,2,0.7,1,0,"A bandit","Emeralds",62,"Female",1
"137","1",25,1,2,0.7,1,0,"A bandit","Emeralds",62,"Female",1
"137","1",26,0,2,0.7,1,0,"A bandit","Emeralds",62,"Female",1
"137","1",27,1,2,0.7,1,0,"A bandit","Emeralds",62,"Female",1
"137","1",28,80,2,0.7,0,0,"A bandit","Emeralds",62,"Female",1
"137","1",29,59,2,0.7,0,1,"A bandit","Emeralds",62,"Female",1
"137","1",30,94,2,0.7,0,1,"A bandit","Emeralds",62,"Female",1
"137","1",31,86,2,0.7,0,1,"A bandit","Emeralds",62,"Female",1
"137","1",32,1,2,0.7,1,0,"A bandit","Emeralds",62,"Female",1
"137","1",33,81,2,0.7,0,1,"A bandit","Emeralds",62,"Female",1
"137","1",34,1,2,0.7,1,0,"A bandit","Emeralds",62,"Female",1
"137","1",35,74,2,0.7,0,1,"A bandit","Emeralds",62,"Female",1
"137","1",36,90,2,0.7,0,1,"A bandit","Emeralds",62,"Female",1
"137","1",37,89,2,0.7,0,0,"A bandit","Emeralds",62,"Female",1
"137","1",38,60,1,0.3,0,0,"A bandit","Emeralds",62,"Female",1
"137","1",39,77,2,0.7,0,0,"A bandit","Emeralds",62,"Female",1
"137","1",40,1,2,0.7,1,0,"A bandit","Emeralds",62,"Female",1
"137","1",41,74,2,0.7,0,1,"A bandit","Emeralds",62,"Female",1
"137","1",42,89,2,0.7,0,1,"A bandit","Emeralds",62,"Female",1
"137","1",43,0,2,0.7,1,0,"A bandit","Emeralds",62,"Female",1
"137","1",44,72,2,0.7,0,0,"A bandit","Emeralds",62,"Female",1
"137","1",45,1,2,0.7,1,0,"A bandit","Emeralds",62,"Female",1
"137","1",46,1,2,0.7,1,0,"A bandit","Emeralds",62,"Female",1
"137","1",47,80,2,0.7,0,1,"A bandit","Emeralds",62,"Female",1
"137","1",48,1,2,0.7,1,0,"A bandit","Emeralds",62,"Female",1
"137","1",49,1,2,0.7,1,0,"A bandit","Emeralds",62,"Female",1
"137","1",50,1,2,0.7,1,0,"A bandit","Emeralds",62,"Female",1
"138","3",1,14,2,0.7,1,1,"A sheriff","Emeralds",46,"Female",1
"138","3",2,75,2,0.7,0,0,"A sheriff","Emeralds",46,"Female",1
"138","3",3,72,1,0.3,0,1,"A sheriff","Emeralds",46,"Female",1
"138","3",4,21,1,0.3,1,1,"A sheriff","Emeralds",46,"Female",1
"138","3",5,24,2,0.7,0,1,"A sheriff","Emeralds",46,"Female",1
"138","3",6,98,2,0.7,1,0,"A sheriff","Emeralds",46,"Female",1
"138","3",7,60,1,0.3,0,0,"A sheriff","Emeralds",46,"Female",1
"138","3",8,13,1,0.3,0,0,"A sheriff","Emeralds",46,"Female",1
"138","3",9,30,2,0.7,0,1,"A sheriff","Emeralds",46,"Female",1
"138","3",10,88,2,0.7,1,0,"A sheriff","Emeralds",46,"Female",1
"138","3",11,39,2,0.7,0,0,"A sheriff","Emeralds",46,"Female",1
"138","3",12,14,2,0.7,0,0,"A sheriff","Emeralds",46,"Female",1
"138","3",13,64,1,0.3,0,0,"A sheriff","Emeralds",46,"Female",1
"138","3",14,14,1,0.3,0,0,"A sheriff","Emeralds",46,"Female",1
"138","3",15,17,1,0.3,0,0,"A sheriff","Emeralds",46,"Female",1
"138","3",16,1,1,0.3,0,0,"A sheriff","Emeralds",46,"Female",1
"138","3",17,23,2,0.7,1,0,"A sheriff","Emeralds",46,"Female",1
"138","3",18,69,2,0.7,1,0,"A sheriff","Emeralds",46,"Female",1
"138","3",19,92,2,0.7,1,0,"A sheriff","Emeralds",46,"Female",1
"138","3",20,33,2,0.7,1,0,"A sheriff","Emeralds",46,"Female",1
"138","3",21,17,2,0.7,1,0,"A sheriff","Emeralds",46,"Female",1
"138","3",22,36,2,0.7,1,0,"A sheriff","Emeralds",46,"Female",1
"138","3",23,65,2,0.7,1,1,"A sheriff","Emeralds",46,"Female",1
"138","3",24,3,2,0.7,1,0,"A sheriff","Emeralds",46,"Female",1
"138","3",25,100,2,0.7,0,0,"A sheriff","Emeralds",46,"Female",1
"138","3",26,99,2,0.7,0,0,"A sheriff","Emeralds",46,"Female",1
"138","3",27,83,2,0.7,1,0,"A sheriff","Emeralds",46,"Female",1
"138","3",28,91,2,0.7,1,0,"A sheriff","Emeralds",46,"Female",1
"138","3",29,78,2,0.7,1,0,"A sheriff","Emeralds",46,"Female",1
"138","3",30,46,2,0.7,1,0,"A sheriff","Emeralds",46,"Female",1
"138","3",31,99,2,0.7,0,0,"A sheriff","Emeralds",46,"Female",1
"138","3",32,37,2,0.7,1,1,"A sheriff","Emeralds",46,"Female",1
"138","3",33,25,2,0.7,1,0,"A sheriff","Emeralds",46,"Female",1
"138","3",34,100,2,0.7,0,1,"A sheriff","Emeralds",46,"Female",1
"138","3",35,43,2,0.7,1,0,"A sheriff","Emeralds",46,"Female",1
"138","3",36,100,2,0.7,0,1,"A sheriff","Emeralds",46,"Female",1
"138","3",37,44,2,0.7,1,1,"A sheriff","Emeralds",46,"Female",1
"138","3",38,98,2,0.7,0,1,"A sheriff","Emeralds",46,"Female",1
"138","3",39,45,2,0.7,1,0,"A sheriff","Emeralds",46,"Female",1
"138","3",40,39,2,0.7,1,0,"A sheriff","Emeralds",46,"Female",1
"138","3",41,99,2,0.7,0,0,"A sheriff","Emeralds",46,"Female",1
"138","3",42,98,2,0.7,0,0,"A sheriff","Emeralds",46,"Female",1
"138","3",43,42,2,0.7,1,0,"A sheriff","Emeralds",46,"Female",1
"138","3",44,97,2,0.7,0,0,"A sheriff","Emeralds",46,"Female",1
"138","3",45,100,2,0.7,0,0,"A sheriff","Emeralds",46,"Female",1
"138","3",46,55,2,0.7,1,1,"A sheriff","Emeralds",46,"Female",1
"138","3",47,57,2,0.7,1,1,"A sheriff","Emeralds",46,"Female",1
"138","3",48,55,2,0.7,1,1,"A sheriff","Emeralds",46,"Female",1
"138","3",49,81,2,0.7,0,0,"A sheriff","Emeralds",46,"Female",1
"138","3",50,83,2,0.7,1,1,"A sheriff","Emeralds",46,"Female",1
"139","1",1,55,1,0.3,0,1,"A bandit","Emeralds",30,"Female",1
"139","1",2,52,2,0.7,1,0,"A bandit","Emeralds",30,"Female",1
"139","1",3,32,2,0.7,0,0,"A bandit","Emeralds",30,"Female",1
"139","1",4,52,1,0.3,0,0,"A bandit","Emeralds",30,"Female",1
"139","1",5,56,1,0.3,0,0,"A bandit","Emeralds",30,"Female",1
"139","1",6,56,2,0.7,0,0,"A bandit","Emeralds",30,"Female",1
"139","1",7,40,1,0.3,0,0,"A bandit","Emeralds",30,"Female",1
"139","1",8,55,2,0.7,1,0,"A bandit","Emeralds",30,"Female",1
"139","1",9,55,2,0.7,0,1,"A bandit","Emeralds",30,"Female",1
"139","1",10,54,2,0.7,1,0,"A bandit","Emeralds",30,"Female",1
"139","1",11,44,2,0.7,0,1,"A bandit","Emeralds",30,"Female",1
"139","1",12,53,2,0.7,0,1,"A bandit","Emeralds",30,"Female",1
"139","1",13,54,2,0.7,0,0,"A bandit","Emeralds",30,"Female",1
"139","1",14,53,2,0.7,1,0,"A bandit","Emeralds",30,"Female",1
"139","1",15,51,2,0.7,1,0,"A bandit","Emeralds",30,"Female",1
"139","1",16,56,2,0.7,1,0,"A bandit","Emeralds",30,"Female",1
"139","1",17,53,2,0.7,0,0,"A bandit","Emeralds",30,"Female",1
"139","1",18,55,2,0.7,1,0,"A bandit","Emeralds",30,"Female",1
"139","1",19,54,2,0.7,0,0,"A bandit","Emeralds",30,"Female",1
"139","1",20,55,2,0.7,0,1,"A bandit","Emeralds",30,"Female",1
"139","1",21,42,2,0.7,0,1,"A bandit","Emeralds",30,"Female",1
"139","1",22,56,2,0.7,1,0,"A bandit","Emeralds",30,"Female",1
"139","1",23,54,2,0.7,0,1,"A bandit","Emeralds",30,"Female",1
"139","1",24,57,2,0.7,1,0,"A bandit","Emeralds",30,"Female",1
"139","1",25,58,2,0.7,1,0,"A bandit","Emeralds",30,"Female",1
"139","1",26,57,2,0.7,1,0,"A bandit","Emeralds",30,"Female",1
"139","1",27,46,2,0.7,0,1,"A bandit","Emeralds",30,"Female",1
"139","1",28,54,2,0.7,1,0,"A bandit","Emeralds",30,"Female",1
"139","1",29,46,2,0.7,0,1,"A bandit","Emeralds",30,"Female",1
"139","1",30,54,2,0.7,1,0,"A bandit","Emeralds",30,"Female",1
"139","1",31,55,2,0.7,1,0,"A bandit","Emeralds",30,"Female",1
"139","1",32,53,2,0.7,1,0,"A bandit","Emeralds",30,"Female",1
"139","1",33,54,2,0.7,0,0,"A bandit","Emeralds",30,"Female",1
"139","1",34,52,2,0.7,0,1,"A bandit","Emeralds",30,"Female",1
"139","1",35,54,2,0.7,1,0,"A bandit","Emeralds",30,"Female",1
"139","1",36,54,2,0.7,1,0,"A bandit","Emeralds",30,"Female",1
"139","1",37,53,2,0.7,1,0,"A bandit","Emeralds",30,"Female",1
"139","1",38,53,2,0.7,1,0,"A bandit","Emeralds",30,"Female",1
"139","1",39,52,2,0.7,1,0,"A bandit","Emeralds",30,"Female",1
"139","1",40,54,2,0.7,1,0,"A bandit","Emeralds",30,"Female",1
"139","1",41,53,2,0.7,1,0,"A bandit","Emeralds",30,"Female",1
"139","1",42,52,2,0.7,0,1,"A bandit","Emeralds",30,"Female",1
"139","1",43,54,2,0.7,1,0,"A bandit","Emeralds",30,"Female",1
"139","1",44,52,2,0.7,0,1,"A bandit","Emeralds",30,"Female",1
"139","1",45,55,2,0.7,1,0,"A bandit","Emeralds",30,"Female",1
"139","1",46,55,2,0.7,1,0,"A bandit","Emeralds",30,"Female",1
"139","1",47,53,2,0.7,1,0,"A bandit","Emeralds",30,"Female",1
"139","1",48,52,2,0.7,0,1,"A bandit","Emeralds",30,"Female",1
"139","1",49,53,2,0.7,0,1,"A bandit","Emeralds",30,"Female",1
"139","1",50,52,2,0.7,0,1,"A bandit","Emeralds",30,"Female",1
"140","2",1,84,1,0.7,1,0,"A tycoon","Emeralds",59,"Female",1
"140","2",2,74,1,0.7,1,0,"A tycoon","Emeralds",59,"Female",1
"140","2",3,78,2,0.3,1,1,"A tycoon","Emeralds",59,"Female",1
"140","2",4,76,1,0.7,1,0,"A tycoon","Emeralds",59,"Female",1
"140","2",5,27,1,0.7,1,0,"A tycoon","Emeralds",59,"Female",1
"140","2",6,73,2,0.3,0,0,"A tycoon","Emeralds",59,"Female",1
"140","2",7,73,2,0.3,0,0,"A tycoon","Emeralds",59,"Female",1
"140","2",8,78,1,0.7,0,0,"A tycoon","Emeralds",59,"Female",1
"140","2",9,77,2,0.3,0,0,"A tycoon","Emeralds",59,"Female",1
"140","2",10,40,2,0.3,1,1,"A tycoon","Emeralds",59,"Female",1
"140","2",11,72,2,0.3,1,0,"A tycoon","Emeralds",59,"Female",1
"140","2",12,100,1,0.7,1,0,"A tycoon","Emeralds",59,"Female",1
"140","2",13,78,1,0.7,1,0,"A tycoon","Emeralds",59,"Female",1
"140","2",14,76,2,0.3,1,0,"A tycoon","Emeralds",59,"Female",1
"140","2",15,14,2,0.3,0,0,"A tycoon","Emeralds",59,"Female",1
"140","2",16,21,1,0.7,0,0,"A tycoon","Emeralds",59,"Female",1
"140","2",17,58,1,0.7,1,0,"A tycoon","Emeralds",59,"Female",1
"140","2",18,100,1,0.7,1,1,"A tycoon","Emeralds",59,"Female",1
"140","2",19,14,2,0.3,0,0,"A tycoon","Emeralds",59,"Female",1
"140","2",20,100,1,0.7,1,0,"A tycoon","Emeralds",59,"Female",1
"140","2",21,99,1,0.7,1,0,"A tycoon","Emeralds",59,"Female",1
"140","2",22,100,1,0.7,1,1,"A tycoon","Emeralds",59,"Female",1
"140","2",23,11,1,0.7,0,0,"A tycoon","Emeralds",59,"Female",1
"140","2",24,100,1,0.7,1,1,"A tycoon","Emeralds",59,"Female",1
"140","2",25,99,1,0.7,1,1,"A tycoon","Emeralds",59,"Female",1
"140","2",26,7,1,0.7,0,0,"A tycoon","Emeralds",59,"Female",1
"140","2",27,100,1,0.7,1,1,"A tycoon","Emeralds",59,"Female",1
"140","2",28,99,1,0.7,1,1,"A tycoon","Emeralds",59,"Female",1
"140","2",29,8,1,0.7,0,0,"A tycoon","Emeralds",59,"Female",1
"140","2",30,100,1,0.7,1,0,"A tycoon","Emeralds",59,"Female",1
"140","2",31,99,1,0.7,1,0,"A tycoon","Emeralds",59,"Female",1
"140","2",32,100,2,0.3,1,1,"A tycoon","Emeralds",59,"Female",1
"140","2",33,100,1,0.7,1,0,"A tycoon","Emeralds",59,"Female",1
"140","2",34,100,1,0.7,1,0,"A tycoon","Emeralds",59,"Female",1
"140","2",35,100,1,0.7,1,1,"A tycoon","Emeralds",59,"Female",1
"140","2",36,100,1,0.7,1,0,"A tycoon","Emeralds",59,"Female",1
"140","2",37,0,1,0.7,0,0,"A tycoon","Emeralds",59,"Female",1
"140","2",38,0,2,0.3,0,0,"A tycoon","Emeralds",59,"Female",1
"140","2",39,0,1,0.7,0,0,"A tycoon","Emeralds",59,"Female",1
"140","2",40,100,1,0.7,1,1,"A tycoon","Emeralds",59,"Female",1
"140","2",41,100,1,0.7,1,1,"A tycoon","Emeralds",59,"Female",1
"140","2",42,100,2,0.3,1,1,"A tycoon","Emeralds",59,"Female",1
"140","2",43,100,1,0.7,1,0,"A tycoon","Emeralds",59,"Female",1
"140","2",44,100,1,0.7,1,1,"A tycoon","Emeralds",59,"Female",1
"140","2",45,0,2,0.3,0,0,"A tycoon","Emeralds",59,"Female",1
"140","2",46,100,1,0.7,1,0,"A tycoon","Emeralds",59,"Female",1
"140","2",47,100,1,0.7,1,0,"A tycoon","Emeralds",59,"Female",1
"140","2",48,100,1,0.7,1,1,"A tycoon","Emeralds",59,"Female",1
"140","2",49,99,1,0.7,1,0,"A tycoon","Emeralds",59,"Female",1
"140","2",50,100,1,0.7,1,0,"A tycoon","Emeralds",59,"Female",1
"141","3",1,100,2,0.7,0,0,"A sheriff","Emeralds",46,"Female",1
"141","3",2,100,2,0.7,1,0,"A sheriff","Emeralds",46,"Female",1
"141","3",3,100,2,0.7,0,0,"A sheriff","Emeralds",46,"Female",1
"141","3",4,100,2,0.7,1,0,"A sheriff","Emeralds",46,"Female",1
"141","3",5,72,2,0.7,1,0,"A sheriff","Emeralds",46,"Female",1
"141","3",6,77,2,0.7,1,0,"A sheriff","Emeralds",46,"Female",1
"141","3",7,77,2,0.7,1,1,"A sheriff","Emeralds",46,"Female",1
"141","3",8,53,2,0.7,1,0,"A sheriff","Emeralds",46,"Female",1
"141","3",9,50,2,0.7,1,0,"A sheriff","Emeralds",46,"Female",1
"141","3",10,51,2,0.7,1,0,"A sheriff","Emeralds",46,"Female",1
"141","3",11,50,2,0.7,1,0,"A sheriff","Emeralds",46,"Female",1
"141","3",12,52,2,0.7,1,1,"A sheriff","Emeralds",46,"Female",1
"141","3",13,51,2,0.7,0,1,"A sheriff","Emeralds",46,"Female",1
"141","3",14,50,2,0.7,1,0,"A sheriff","Emeralds",46,"Female",1
"141","3",15,51,2,0.7,1,0,"A sheriff","Emeralds",46,"Female",1
"141","3",16,50,2,0.7,0,0,"A sheriff","Emeralds",46,"Female",1
"141","3",17,50,2,0.7,1,0,"A sheriff","Emeralds",46,"Female",1
"141","3",18,28,2,0.7,1,0,"A sheriff","Emeralds",46,"Female",1
"141","3",19,28,2,0.7,1,0,"A sheriff","Emeralds",46,"Female",1
"141","3",20,25,2,0.7,1,0,"A sheriff","Emeralds",46,"Female",1
"141","3",21,24,2,0.7,1,0,"A sheriff","Emeralds",46,"Female",1
"141","3",22,25,2,0.7,1,1,"A sheriff","Emeralds",46,"Female",1
"141","3",23,27,2,0.7,0,0,"A sheriff","Emeralds",46,"Female",1
"141","3",24,27,2,0.7,1,0,"A sheriff","Emeralds",46,"Female",1
"141","3",25,30,2,0.7,0,0,"A sheriff","Emeralds",46,"Female",1
"141","3",26,30,2,0.7,1,0,"A sheriff","Emeralds",46,"Female",1
"141","3",27,32,2,0.7,1,0,"A sheriff","Emeralds",46,"Female",1
"141","3",28,25,2,0.7,1,0,"A sheriff","Emeralds",46,"Female",1
"141","3",29,26,2,0.7,1,0,"A sheriff","Emeralds",46,"Female",1
"141","3",30,26,2,0.7,0,0,"A sheriff","Emeralds",46,"Female",1
"141","3",31,21,2,0.7,1,0,"A sheriff","Emeralds",46,"Female",1
"141","3",32,25,2,0.7,1,1,"A sheriff","Emeralds",46,"Female",1
"141","3",33,24,2,0.7,0,1,"A sheriff","Emeralds",46,"Female",1
"141","3",34,26,2,0.7,1,0,"A sheriff","Emeralds",46,"Female",1
"141","3",35,26,2,0.7,1,0,"A sheriff","Emeralds",46,"Female",1
"141","3",36,30,2,0.7,1,1,"A sheriff","Emeralds",46,"Female",1
"141","3",37,18,2,0.7,0,1,"A sheriff","Emeralds",46,"Female",1
"141","3",38,25,2,0.7,1,1,"A sheriff","Emeralds",46,"Female",1
"141","3",39,25,2,0.7,0,0,"A sheriff","Emeralds",46,"Female",1
"141","3",40,22,2,0.7,0,0,"A sheriff","Emeralds",46,"Female",1
"141","3",41,29,2,0.7,0,1,"A sheriff","Emeralds",46,"Female",1
"141","3",42,22,2,0.7,1,1,"A sheriff","Emeralds",46,"Female",1
"141","3",43,23,2,0.7,1,0,"A sheriff","Emeralds",46,"Female",1
"141","3",44,25,2,0.7,0,1,"A sheriff","Emeralds",46,"Female",1
"141","3",45,24,2,0.7,0,1,"A sheriff","Emeralds",46,"Female",1
"141","3",46,26,2,0.7,0,0,"A sheriff","Emeralds",46,"Female",1
"141","3",47,27,2,0.7,1,1,"A sheriff","Emeralds",46,"Female",1
"141","3",48,27,2,0.7,1,0,"A sheriff","Emeralds",46,"Female",1
"141","3",49,25,2,0.7,1,1,"A sheriff","Emeralds",46,"Female",1
"141","3",50,22,2,0.7,1,0,"A sheriff","Emeralds",46,"Female",1
"142","1",1,27,1,0.7,1,0,"A bandit","Emeralds",34,"Non-binary",1
"142","1",2,59,1,0.7,0,1,"A bandit","Emeralds",34,"Non-binary",1
"142","1",3,59,1,0.7,1,0,"A bandit","Emeralds",34,"Non-binary",1
"142","1",4,56,2,0.3,1,0,"A bandit","Emeralds",34,"Non-binary",1
"142","1",5,69,2,0.3,0,0,"A bandit","Emeralds",34,"Non-binary",1
"142","1",6,62,2,0.3,0,1,"A bandit","Emeralds",34,"Non-binary",1
"142","1",7,64,2,0.3,1,0,"A bandit","Emeralds",34,"Non-binary",1
"142","1",8,39,2,0.3,0,0,"A bandit","Emeralds",34,"Non-binary",1
"142","1",9,69,1,0.7,0,0,"A bandit","Emeralds",34,"Non-binary",1
"142","1",10,25,1,0.7,0,1,"A bandit","Emeralds",34,"Non-binary",1
"142","1",11,68,1,0.7,0,1,"A bandit","Emeralds",34,"Non-binary",1
"142","1",12,59,2,0.3,0,0,"A bandit","Emeralds",34,"Non-binary",1
"142","1",13,64,2,0.3,1,0,"A bandit","Emeralds",34,"Non-binary",1
"142","1",14,38,2,0.3,1,0,"A bandit","Emeralds",34,"Non-binary",1
"142","1",15,28,2,0.3,0,1,"A bandit","Emeralds",34,"Non-binary",1
"142","1",16,61,2,0.3,0,0,"A bandit","Emeralds",34,"Non-binary",1
"142","1",17,38,2,0.3,0,1,"A bandit","Emeralds",34,"Non-binary",1
"142","1",18,38,1,0.7,0,1,"A bandit","Emeralds",34,"Non-binary",1
"142","1",19,61,2,0.3,0,0,"A bandit","Emeralds",34,"Non-binary",1
"142","1",20,30,1,0.7,0,0,"A bandit","Emeralds",34,"Non-binary",1
"142","1",21,22,1,0.7,0,0,"A bandit","Emeralds",34,"Non-binary",1
"142","1",22,57,1,0.7,1,0,"A bandit","Emeralds",34,"Non-binary",1
"142","1",23,21,1,0.7,0,1,"A bandit","Emeralds",34,"Non-binary",1
"142","1",24,42,1,0.7,1,0,"A bandit","Emeralds",34,"Non-binary",1
"142","1",25,60,1,0.7,0,1,"A bandit","Emeralds",34,"Non-binary",1
"142","1",26,56,1,0.7,0,1,"A bandit","Emeralds",34,"Non-binary",1
"142","1",27,33,1,0.7,1,0,"A bandit","Emeralds",34,"Non-binary",1
"142","1",28,60,1,0.7,0,1,"A bandit","Emeralds",34,"Non-binary",1
"142","1",29,17,1,0.7,1,0,"A bandit","Emeralds",34,"Non-binary",1
"142","1",30,8,1,0.7,1,0,"A bandit","Emeralds",34,"Non-binary",1
"142","1",31,15,1,0.7,0,1,"A bandit","Emeralds",34,"Non-binary",1
"142","1",32,21,1,0.7,1,0,"A bandit","Emeralds",34,"Non-binary",1
"142","1",33,31,1,0.7,1,0,"A bandit","Emeralds",34,"Non-binary",1
"142","1",34,10,1,0.7,1,0,"A bandit","Emeralds",34,"Non-binary",1
"142","1",35,14,1,0.7,1,0,"A bandit","Emeralds",34,"Non-binary",1
"142","1",36,8,1,0.7,1,0,"A bandit","Emeralds",34,"Non-binary",1
"142","1",37,5,1,0.7,1,0,"A bandit","Emeralds",34,"Non-binary",1
"142","1",38,12,1,0.7,0,1,"A bandit","Emeralds",34,"Non-binary",1
"142","1",39,14,1,0.7,0,1,"A bandit","Emeralds",34,"Non-binary",1
"142","1",40,10,1,0.7,1,0,"A bandit","Emeralds",34,"Non-binary",1
"142","1",41,13,1,0.7,1,0,"A bandit","Emeralds",34,"Non-binary",1
"142","1",42,57,1,0.7,0,0,"A bandit","Emeralds",34,"Non-binary",1
"142","1",43,15,1,0.7,1,0,"A bandit","Emeralds",34,"Non-binary",1
"142","1",44,15,1,0.7,1,0,"A bandit","Emeralds",34,"Non-binary",1
"142","1",45,11,1,0.7,1,0,"A bandit","Emeralds",34,"Non-binary",1
"142","1",46,12,1,0.7,1,0,"A bandit","Emeralds",34,"Non-binary",1
"142","1",47,11,1,0.7,1,0,"A bandit","Emeralds",34,"Non-binary",1
"142","1",48,14,1,0.7,1,0,"A bandit","Emeralds",34,"Non-binary",1
"142","1",49,10,1,0.7,1,0,"A bandit","Emeralds",34,"Non-binary",1
"142","1",50,9,1,0.7,0,1,"A bandit","Emeralds",34,"Non-binary",1
"143","3",1,11,2,0.7,1,0,"A sheriff","Emeralds",57,"Male",1
"143","3",2,43,2,0.7,1,0,"A sheriff","Emeralds",57,"Male",1
"143","3",3,33,2,0.7,1,1,"A sheriff","Emeralds",57,"Male",1
"143","3",4,100,2,0.7,0,0,"A sheriff","Emeralds",57,"Male",1
"143","3",5,75,2,0.7,1,0,"A sheriff","Emeralds",57,"Male",1
"143","3",6,92,1,0.3,0,0,"A sheriff","Emeralds",57,"Male",1
"143","3",7,86,2,0.7,1,0,"A sheriff","Emeralds",57,"Male",1
"143","3",8,83,2,0.7,1,1,"A sheriff","Emeralds",57,"Male",1
"143","3",9,58,2,0.7,1,0,"A sheriff","Emeralds",57,"Male",1
"143","3",10,100,2,0.7,0,0,"A sheriff","Emeralds",57,"Male",1
"143","3",11,62,2,0.7,1,0,"A sheriff","Emeralds",57,"Male",1
"143","3",12,98,2,0.7,0,1,"A sheriff","Emeralds",57,"Male",1
"143","3",13,100,2,0.7,0,0,"A sheriff","Emeralds",57,"Male",1
"143","3",14,100,2,0.7,1,1,"A sheriff","Emeralds",57,"Male",1
"143","3",15,94,1,0.3,0,0,"A sheriff","Emeralds",57,"Male",1
"143","3",16,100,2,0.7,0,1,"A sheriff","Emeralds",57,"Male",1
"143","3",17,81,2,0.7,1,0,"A sheriff","Emeralds",57,"Male",1
"143","3",18,91,2,0.7,0,0,"A sheriff","Emeralds",57,"Male",1
"143","3",19,86,2,0.7,0,0,"A sheriff","Emeralds",57,"Male",1
"143","3",20,80,2,0.7,1,0,"A sheriff","Emeralds",57,"Male",1
"143","3",21,100,2,0.7,0,0,"A sheriff","Emeralds",57,"Male",1
"143","3",22,13,1,0.3,0,0,"A sheriff","Emeralds",57,"Male",1
"143","3",23,49,2,0.7,1,1,"A sheriff","Emeralds",57,"Male",1
"143","3",24,67,2,0.7,1,0,"A sheriff","Emeralds",57,"Male",1
"143","3",25,100,2,0.7,0,1,"A sheriff","Emeralds",57,"Male",1
"143","3",26,91,2,0.7,0,1,"A sheriff","Emeralds",57,"Male",1
"143","3",27,97,2,0.7,0,0,"A sheriff","Emeralds",57,"Male",1
"143","3",28,22,1,0.3,1,1,"A sheriff","Emeralds",57,"Male",1
"143","3",29,78,1,0.3,1,1,"A sheriff","Emeralds",57,"Male",1
"143","3",30,64,1,0.3,1,0,"A sheriff","Emeralds",57,"Male",1
"143","3",31,100,1,0.3,0,0,"A sheriff","Emeralds",57,"Male",1
"143","3",32,100,1,0.3,0,0,"A sheriff","Emeralds",57,"Male",1
"143","3",33,99,1,0.3,0,1,"A sheriff","Emeralds",57,"Male",1
"143","3",34,67,2,0.7,1,1,"A sheriff","Emeralds",57,"Male",1
"143","3",35,69,2,0.7,1,0,"A sheriff","Emeralds",57,"Male",1
"143","3",36,7,2,0.7,1,0,"A sheriff","Emeralds",57,"Male",1
"143","3",37,66,2,0.7,1,0,"A sheriff","Emeralds",57,"Male",1
"143","3",38,100,2,0.7,0,0,"A sheriff","Emeralds",57,"Male",1
"143","3",39,31,2,0.7,1,0,"A sheriff","Emeralds",57,"Male",1
"143","3",40,100,2,0.7,0,0,"A sheriff","Emeralds",57,"Male",1
"143","3",41,25,2,0.7,1,0,"A sheriff","Emeralds",57,"Male",1
"143","3",42,0,2,0.7,1,1,"A sheriff","Emeralds",57,"Male",1
"143","3",43,4,2,0.7,1,0,"A sheriff","Emeralds",57,"Male",1
"143","3",44,0,2,0.7,1,0,"A sheriff","Emeralds",57,"Male",1
"143","3",45,0,2,0.7,1,0,"A sheriff","Emeralds",57,"Male",1
"143","3",46,100,2,0.7,0,0,"A sheriff","Emeralds",57,"Male",1
"143","3",47,0,2,0.7,1,0,"A sheriff","Emeralds",57,"Male",1
"143","3",48,4,2,0.7,1,0,"A sheriff","Emeralds",57,"Male",1
"143","3",49,100,2,0.7,0,1,"A sheriff","Emeralds",57,"Male",1
"143","3",50,100,2,0.7,0,1,"A sheriff","Emeralds",57,"Male",1
"144","2",1,34,2,0.7,0,0,"A tycoon","Emeralds",34,"Female",1
"144","2",2,7,1,0.3,0,0,"A tycoon","Emeralds",34,"Female",1
"144","2",3,75,2,0.7,1,0,"A tycoon","Emeralds",34,"Female",1
"144","2",4,88,2,0.7,1,0,"A tycoon","Emeralds",34,"Female",1
"144","2",5,97,2,0.7,1,0,"A tycoon","Emeralds",34,"Female",1
"144","2",6,64,2,0.7,1,0,"A tycoon","Emeralds",34,"Female",1
"144","2",7,21,2,0.7,0,0,"A tycoon","Emeralds",34,"Female",1
"144","2",8,85,2,0.7,1,1,"A tycoon","Emeralds",34,"Female",1
"144","2",9,33,1,0.3,0,0,"A tycoon","Emeralds",34,"Female",1
"144","2",10,100,1,0.3,1,1,"A tycoon","Emeralds",34,"Female",1
"144","2",11,85,1,0.3,1,0,"A tycoon","Emeralds",34,"Female",1
"144","2",12,94,1,0.3,1,0,"A tycoon","Emeralds",34,"Female",1
"144","2",13,100,1,0.3,1,1,"A tycoon","Emeralds",34,"Female",1
"144","2",14,100,1,0.3,1,0,"A tycoon","Emeralds",34,"Female",1
"144","2",15,33,1,0.3,0,0,"A tycoon","Emeralds",34,"Female",1
"144","2",16,73,2,0.7,1,0,"A tycoon","Emeralds",34,"Female",1
"144","2",17,85,2,0.7,1,1,"A tycoon","Emeralds",34,"Female",1
"144","2",18,84,2,0.7,1,0,"A tycoon","Emeralds",34,"Female",1
"144","2",19,59,2,0.7,0,0,"A tycoon","Emeralds",34,"Female",1
"144","2",20,68,1,0.3,0,0,"A tycoon","Emeralds",34,"Female",1
"144","2",21,84,1,0.3,1,1,"A tycoon","Emeralds",34,"Female",1
"144","2",22,15,1,0.3,1,0,"A tycoon","Emeralds",34,"Female",1
"144","2",23,34,1,0.3,1,1,"A tycoon","Emeralds",34,"Female",1
"144","2",24,79,1,0.3,1,0,"A tycoon","Emeralds",34,"Female",1
"144","2",25,0,1,0.3,0,0,"A tycoon","Emeralds",34,"Female",1
"144","2",26,92,2,0.7,1,0,"A tycoon","Emeralds",34,"Female",1
"144","2",27,20,2,0.7,0,0,"A tycoon","Emeralds",34,"Female",1
"144","2",28,40,1,0.3,0,0,"A tycoon","Emeralds",34,"Female",1
"144","2",29,56,1,0.3,0,0,"A tycoon","Emeralds",34,"Female",1
"144","2",30,94,1,0.3,1,1,"A tycoon","Emeralds",34,"Female",1
"144","2",31,80,2,0.7,1,0,"A tycoon","Emeralds",34,"Female",1
"144","2",32,88,1,0.3,1,1,"A tycoon","Emeralds",34,"Female",1
"144","2",33,96,2,0.7,1,1,"A tycoon","Emeralds",34,"Female",1
"144","2",34,35,1,0.3,0,0,"A tycoon","Emeralds",34,"Female",1
"144","2",35,100,2,0.7,1,0,"A tycoon","Emeralds",34,"Female",1
"144","2",36,93,2,0.7,1,0,"A tycoon","Emeralds",34,"Female",1
"144","2",37,93,2,0.7,1,1,"A tycoon","Emeralds",34,"Female",1
"144","2",38,93,2,0.7,1,1,"A tycoon","Emeralds",34,"Female",1
"144","2",39,83,2,0.7,1,0,"A tycoon","Emeralds",34,"Female",1
"144","2",40,53,2,0.7,0,0,"A tycoon","Emeralds",34,"Female",1
"144","2",41,80,2,0.7,1,1,"A tycoon","Emeralds",34,"Female",1
"144","2",42,75,2,0.7,1,0,"A tycoon","Emeralds",34,"Female",1
"144","2",43,72,1,0.3,1,1,"A tycoon","Emeralds",34,"Female",1
"144","2",44,90,1,0.3,1,0,"A tycoon","Emeralds",34,"Female",1
"144","2",45,27,1,0.3,0,0,"A tycoon","Emeralds",34,"Female",1
"144","2",46,69,1,0.3,1,1,"A tycoon","Emeralds",34,"Female",1
"144","2",47,80,2,0.7,1,0,"A tycoon","Emeralds",34,"Female",1
"144","2",48,1,2,0.7,0,0,"A tycoon","Emeralds",34,"Female",1
"144","2",49,68,2,0.7,1,1,"A tycoon","Emeralds",34,"Female",1
"144","2",50,80,2,0.7,1,0,"A tycoon","Emeralds",34,"Female",1
"145","1",1,51,1,0.7,1,0,"A bandit","Emeralds",58,"Male",1
"145","1",2,44,1,0.7,0,1,"A bandit","Emeralds",58,"Male",1
"145","1",3,48,2,0.3,0,0,"A bandit","Emeralds",58,"Male",1
"145","1",4,46,1,0.7,0,1,"A bandit","Emeralds",58,"Male",1
"145","1",5,48,1,0.7,1,0,"A bandit","Emeralds",58,"Male",1
"145","1",6,45,2,0.3,0,0,"A bandit","Emeralds",58,"Male",1
"145","1",7,49,1,0.7,0,0,"A bandit","Emeralds",58,"Male",1
"145","1",8,47,1,0.7,1,0,"A bandit","Emeralds",58,"Male",1
"145","1",9,50,2,0.3,0,1,"A bandit","Emeralds",58,"Male",1
"145","1",10,49,2,0.3,0,0,"A bandit","Emeralds",58,"Male",1
"145","1",11,49,2,0.3,0,0,"A bandit","Emeralds",58,"Male",1
"145","1",12,47,1,0.7,0,1,"A bandit","Emeralds",58,"Male",1
"145","1",13,50,1,0.7,1,0,"A bandit","Emeralds",58,"Male",1
"145","1",14,45,2,0.3,0,0,"A bandit","Emeralds",58,"Male",1
"145","1",15,50,2,0.3,0,0,"A bandit","Emeralds",58,"Male",1
"145","1",16,44,1,0.7,1,0,"A bandit","Emeralds",58,"Male",1
"145","1",17,48,1,0.7,0,1,"A bandit","Emeralds",58,"Male",1
"145","1",18,48,1,0.7,1,0,"A bandit","Emeralds",58,"Male",1
"145","1",19,46,1,0.7,1,0,"A bandit","Emeralds",58,"Male",1
"145","1",20,47,2,0.3,0,0,"A bandit","Emeralds",58,"Male",1
"145","1",21,48,1,0.7,0,1,"A bandit","Emeralds",58,"Male",1
"145","1",22,46,1,0.7,0,1,"A bandit","Emeralds",58,"Male",1
"145","1",23,45,2,0.3,0,0,"A bandit","Emeralds",58,"Male",1
"145","1",24,45,1,0.7,1,0,"A bandit","Emeralds",58,"Male",1
"145","1",25,42,1,0.7,1,0,"A bandit","Emeralds",58,"Male",1
"145","1",26,44,1,0.7,0,1,"A bandit","Emeralds",58,"Male",1
"145","1",27,44,1,0.7,0,1,"A bandit","Emeralds",58,"Male",1
"145","1",28,43,2,0.3,0,1,"A bandit","Emeralds",58,"Male",1
"145","1",29,47,2,0.3,0,0,"A bandit","Emeralds",58,"Male",1
"145","1",30,44,1,0.7,0,0,"A bandit","Emeralds",58,"Male",1
"145","1",31,45,1,0.7,1,0,"A bandit","Emeralds",58,"Male",1
"145","1",32,45,2,0.3,1,0,"A bandit","Emeralds",58,"Male",1
"145","1",33,47,1,0.7,1,0,"A bandit","Emeralds",58,"Male",1
"145","1",34,46,1,0.7,0,0,"A bandit","Emeralds",58,"Male",1
"145","1",35,45,1,0.7,0,1,"A bandit","Emeralds",58,"Male",1
"145","1",36,38,1,0.7,1,0,"A bandit","Emeralds",58,"Male",1
"145","1",37,43,1,0.7,0,1,"A bandit","Emeralds",58,"Male",1
"145","1",38,40,1,0.7,0,1,"A bandit","Emeralds",58,"Male",1
"145","1",39,44,1,0.7,0,1,"A bandit","Emeralds",58,"Male",1
"145","1",40,45,1,0.7,1,0,"A bandit","Emeralds",58,"Male",1
"145","1",41,45,1,0.7,1,0,"A bandit","Emeralds",58,"Male",1
"145","1",42,46,1,0.7,1,0,"A bandit","Emeralds",58,"Male",1
"145","1",43,48,1,0.7,1,0,"A bandit","Emeralds",58,"Male",1
"145","1",44,40,1,0.7,0,0,"A bandit","Emeralds",58,"Male",1
"145","1",45,49,1,0.7,1,0,"A bandit","Emeralds",58,"Male",1
"145","1",46,44,2,0.3,0,0,"A bandit","Emeralds",58,"Male",1
"145","1",47,45,1,0.7,1,0,"A bandit","Emeralds",58,"Male",1
"145","1",48,48,1,0.7,0,1,"A bandit","Emeralds",58,"Male",1
"145","1",49,47,2,0.3,1,0,"A bandit","Emeralds",58,"Male",1
"145","1",50,42,1,0.7,0,0,"A bandit","Emeralds",58,"Male",1
"146","2",1,4,2,0.3,0,0,"A tycoon","Emeralds",36,"Female",1
"146","2",2,77,1,0.7,1,0,"A tycoon","Emeralds",36,"Female",1
"146","2",3,87,1,0.7,1,0,"A tycoon","Emeralds",36,"Female",1
"146","2",4,87,1,0.7,1,0,"A tycoon","Emeralds",36,"Female",1
"146","2",5,86,1,0.7,1,0,"A tycoon","Emeralds",36,"Female",1
"146","2",6,1,1,0.7,0,0,"A tycoon","Emeralds",36,"Female",1
"146","2",7,5,1,0.7,0,0,"A tycoon","Emeralds",36,"Female",1
"146","2",8,83,1,0.7,1,0,"A tycoon","Emeralds",36,"Female",1
"146","2",9,85,1,0.7,1,0,"A tycoon","Emeralds",36,"Female",1
"146","2",10,86,1,0.7,1,0,"A tycoon","Emeralds",36,"Female",1
"146","2",11,86,2,0.3,1,1,"A tycoon","Emeralds",36,"Female",1
"146","2",12,2,1,0.7,0,0,"A tycoon","Emeralds",36,"Female",1
"146","2",13,1,1,0.7,0,0,"A tycoon","Emeralds",36,"Female",1
"146","2",14,1,2,0.3,0,0,"A tycoon","Emeralds",36,"Female",1
"146","2",15,0,1,0.7,0,0,"A tycoon","Emeralds",36,"Female",1
"146","2",16,1,2,0.3,0,0,"A tycoon","Emeralds",36,"Female",1
"146","2",17,64,1,0.7,1,1,"A tycoon","Emeralds",36,"Female",1
"146","2",18,74,1,0.7,1,0,"A tycoon","Emeralds",36,"Female",1
"146","2",19,3,1,0.7,0,0,"A tycoon","Emeralds",36,"Female",1
"146","2",20,77,1,0.7,1,0,"A tycoon","Emeralds",36,"Female",1
"146","2",21,80,1,0.7,1,0,"A tycoon","Emeralds",36,"Female",1
"146","2",22,79,1,0.7,1,1,"A tycoon","Emeralds",36,"Female",1
"146","2",23,82,1,0.7,1,0,"A tycoon","Emeralds",36,"Female",1
"146","2",24,77,1,0.7,1,0,"A tycoon","Emeralds",36,"Female",1
"146","2",25,79,1,0.7,1,0,"A tycoon","Emeralds",36,"Female",1
"146","2",26,82,1,0.7,1,1,"A tycoon","Emeralds",36,"Female",1
"146","2",27,83,1,0.7,1,1,"A tycoon","Emeralds",36,"Female",1
"146","2",28,80,1,0.7,1,1,"A tycoon","Emeralds",36,"Female",1
"146","2",29,76,1,0.7,1,0,"A tycoon","Emeralds",36,"Female",1
"146","2",30,80,1,0.7,1,0,"A tycoon","Emeralds",36,"Female",1
"146","2",31,80,1,0.7,1,0,"A tycoon","Emeralds",36,"Female",1
"146","2",32,83,1,0.7,1,1,"A tycoon","Emeralds",36,"Female",1
"146","2",33,82,1,0.7,1,1,"A tycoon","Emeralds",36,"Female",1
"146","2",34,5,1,0.7,0,0,"A tycoon","Emeralds",36,"Female",1
"146","2",35,82,1,0.7,1,0,"A tycoon","Emeralds",36,"Female",1
"146","2",36,81,1,0.7,1,1,"A tycoon","Emeralds",36,"Female",1
"146","2",37,81,1,0.7,1,0,"A tycoon","Emeralds",36,"Female",1
"146","2",38,77,1,0.7,1,1,"A tycoon","Emeralds",36,"Female",1
"146","2",39,82,1,0.7,1,1,"A tycoon","Emeralds",36,"Female",1
"146","2",40,78,1,0.7,1,0,"A tycoon","Emeralds",36,"Female",1
"146","2",41,78,1,0.7,1,1,"A tycoon","Emeralds",36,"Female",1
"146","2",42,7,1,0.7,0,0,"A tycoon","Emeralds",36,"Female",1
"146","2",43,77,1,0.7,1,0,"A tycoon","Emeralds",36,"Female",1
"146","2",44,81,1,0.7,1,1,"A tycoon","Emeralds",36,"Female",1
"146","2",45,77,1,0.7,1,0,"A tycoon","Emeralds",36,"Female",1
"146","2",46,79,1,0.7,1,1,"A tycoon","Emeralds",36,"Female",1
"146","2",47,4,1,0.7,0,0,"A tycoon","Emeralds",36,"Female",1
"146","2",48,78,1,0.7,1,1,"A tycoon","Emeralds",36,"Female",1
"146","2",49,6,1,0.7,0,0,"A tycoon","Emeralds",36,"Female",1
"146","2",50,10,1,0.7,0,0,"A tycoon","Emeralds",36,"Female",1
"147","3",1,100,2,0.7,1,0,"A sheriff","Emeralds",24,"Male",1
"147","3",2,100,2,0.7,1,1,"A sheriff","Emeralds",24,"Male",1
"147","3",3,100,2,0.7,0,0,"A sheriff","Emeralds",24,"Male",1
"147","3",4,100,2,0.7,0,0,"A sheriff","Emeralds",24,"Male",1
"147","3",5,100,1,0.3,0,0,"A sheriff","Emeralds",24,"Male",1
"147","3",6,100,1,0.3,1,1,"A sheriff","Emeralds",24,"Male",1
"147","3",7,100,1,0.3,0,1,"A sheriff","Emeralds",24,"Male",1
"147","3",8,100,1,0.3,0,0,"A sheriff","Emeralds",24,"Male",1
"147","3",9,100,2,0.7,1,0,"A sheriff","Emeralds",24,"Male",1
"147","3",10,100,2,0.7,1,0,"A sheriff","Emeralds",24,"Male",1
"147","3",11,100,2,0.7,1,0,"A sheriff","Emeralds",24,"Male",1
"147","3",12,100,2,0.7,1,0,"A sheriff","Emeralds",24,"Male",1
"147","3",13,100,2,0.7,0,0,"A sheriff","Emeralds",24,"Male",1
"147","3",14,100,2,0.7,1,0,"A sheriff","Emeralds",24,"Male",1
"147","3",15,100,2,0.7,0,0,"A sheriff","Emeralds",24,"Male",1
"147","3",16,100,2,0.7,1,0,"A sheriff","Emeralds",24,"Male",1
"147","3",17,100,2,0.7,0,0,"A sheriff","Emeralds",24,"Male",1
"147","3",18,100,2,0.7,1,1,"A sheriff","Emeralds",24,"Male",1
"147","3",19,100,2,0.7,1,1,"A sheriff","Emeralds",24,"Male",1
"147","3",20,100,2,0.7,0,1,"A sheriff","Emeralds",24,"Male",1
"147","3",21,100,2,0.7,0,0,"A sheriff","Emeralds",24,"Male",1
"147","3",22,100,1,0.3,0,0,"A sheriff","Emeralds",24,"Male",1
"147","3",23,100,1,0.3,0,0,"A sheriff","Emeralds",24,"Male",1
"147","3",24,100,2,0.7,1,0,"A sheriff","Emeralds",24,"Male",1
"147","3",25,100,2,0.7,0,1,"A sheriff","Emeralds",24,"Male",1
"147","3",26,100,2,0.7,1,0,"A sheriff","Emeralds",24,"Male",1
"147","3",27,100,2,0.7,0,0,"A sheriff","Emeralds",24,"Male",1
"147","3",28,100,2,0.7,1,0,"A sheriff","Emeralds",24,"Male",1
"147","3",29,100,2,0.7,1,1,"A sheriff","Emeralds",24,"Male",1
"147","3",30,100,2,0.7,1,0,"A sheriff","Emeralds",24,"Male",1
"147","3",31,100,2,0.7,1,0,"A sheriff","Emeralds",24,"Male",1
"147","3",32,47,2,0.7,1,0,"A sheriff","Emeralds",24,"Male",1
"147","3",33,100,2,0.7,1,0,"A sheriff","Emeralds",24,"Male",1
"147","3",34,100,2,0.7,0,1,"A sheriff","Emeralds",24,"Male",1
"147","3",35,100,2,0.7,1,0,"A sheriff","Emeralds",24,"Male",1
"147","3",36,100,2,0.7,0,0,"A sheriff","Emeralds",24,"Male",1
"147","3",37,100,2,0.7,0,1,"A sheriff","Emeralds",24,"Male",1
"147","3",38,100,1,0.3,1,0,"A sheriff","Emeralds",24,"Male",1
"147","3",39,100,1,0.3,0,0,"A sheriff","Emeralds",24,"Male",1
"147","3",40,100,1,0.3,1,1,"A sheriff","Emeralds",24,"Male",1
"147","3",41,100,1,0.3,0,0,"A sheriff","Emeralds",24,"Male",1
"147","3",42,100,1,0.3,0,0,"A sheriff","Emeralds",24,"Male",1
"147","3",43,100,2,0.7,1,1,"A sheriff","Emeralds",24,"Male",1
"147","3",44,100,2,0.7,1,1,"A sheriff","Emeralds",24,"Male",1
"147","3",45,100,2,0.7,0,1,"A sheriff","Emeralds",24,"Male",1
"147","3",46,100,2,0.7,1,0,"A sheriff","Emeralds",24,"Male",1
"147","3",47,100,2,0.7,1,0,"A sheriff","Emeralds",24,"Male",1
"147","3",48,100,2,0.7,0,1,"A sheriff","Emeralds",24,"Male",1
"147","3",49,100,2,0.7,1,0,"A sheriff","Emeralds",24,"Male",1
"147","3",50,100,2,0.7,1,0,"A sheriff","Emeralds",24,"Male",1
"148","2",1,72,2,0.7,1,0,"A tycoon","Emeralds",37,"Female",1
"148","2",2,85,2,0.7,1,1,"A tycoon","Emeralds",37,"Female",1
"148","2",3,96,2,0.7,1,0,"A tycoon","Emeralds",37,"Female",1
"148","2",4,93,2,0.7,1,1,"A tycoon","Emeralds",37,"Female",1
"148","2",5,100,2,0.7,1,1,"A tycoon","Emeralds",37,"Female",1
"148","2",6,100,2,0.7,1,0,"A tycoon","Emeralds",37,"Female",1
"148","2",7,100,2,0.7,1,1,"A tycoon","Emeralds",37,"Female",1
"148","2",8,99,2,0.7,1,0,"A tycoon","Emeralds",37,"Female",1
"148","2",9,90,2,0.7,1,0,"A tycoon","Emeralds",37,"Female",1
"148","2",10,76,2,0.7,1,0,"A tycoon","Emeralds",37,"Female",1
"148","2",11,69,2,0.7,1,0,"A tycoon","Emeralds",37,"Female",1
"148","2",12,48,2,0.7,1,0,"A tycoon","Emeralds",37,"Female",1
"148","2",13,86,2,0.7,0,0,"A tycoon","Emeralds",37,"Female",1
"148","2",14,87,2,0.7,1,0,"A tycoon","Emeralds",37,"Female",1
"148","2",15,76,2,0.7,1,0,"A tycoon","Emeralds",37,"Female",1
"148","2",16,64,2,0.7,1,1,"A tycoon","Emeralds",37,"Female",1
"148","2",17,56,2,0.7,1,0,"A tycoon","Emeralds",37,"Female",1
"148","2",18,44,2,0.7,1,0,"A tycoon","Emeralds",37,"Female",1
"148","2",19,30,2,0.7,1,1,"A tycoon","Emeralds",37,"Female",1
"148","2",20,62,2,0.7,0,0,"A tycoon","Emeralds",37,"Female",1
"148","2",21,67,2,0.7,1,0,"A tycoon","Emeralds",37,"Female",1
"148","2",22,77,2,0.7,1,0,"A tycoon","Emeralds",37,"Female",1
"148","2",23,66,2,0.7,1,0,"A tycoon","Emeralds",37,"Female",1
"148","2",24,57,2,0.7,1,1,"A tycoon","Emeralds",37,"Female",1
"148","2",25,43,2,0.7,1,1,"A tycoon","Emeralds",37,"Female",1
"148","2",26,31,2,0.7,1,0,"A tycoon","Emeralds",37,"Female",1
"148","2",27,22,2,0.7,0,0,"A tycoon","Emeralds",37,"Female",1
"148","2",28,36,2,0.7,1,1,"A tycoon","Emeralds",37,"Female",1
"148","2",29,41,2,0.7,1,0,"A tycoon","Emeralds",37,"Female",1
"148","2",30,31,2,0.7,1,0,"A tycoon","Emeralds",37,"Female",1
"148","2",31,19,2,0.7,1,0,"A tycoon","Emeralds",37,"Female",1
"148","2",32,65,2,0.7,1,0,"A tycoon","Emeralds",37,"Female",1
"148","2",33,31,2,0.7,0,0,"A tycoon","Emeralds",37,"Female",1
"148","2",34,16,2,0.7,1,1,"A tycoon","Emeralds",37,"Female",1
"148","2",35,8,2,0.7,1,0,"A tycoon","Emeralds",37,"Female",1
"148","2",36,2,2,0.7,1,0,"A tycoon","Emeralds",37,"Female",1
"148","2",37,0,2,0.7,1,1,"A tycoon","Emeralds",37,"Female",1
"148","2",38,0,2,0.7,1,1,"A tycoon","Emeralds",37,"Female",1
"148","2",39,0,2,0.7,1,1,"A tycoon","Emeralds",37,"Female",1
"148","2",40,4,2,0.7,1,1,"A tycoon","Emeralds",37,"Female",1
"148","2",41,4,2,0.7,1,0,"A tycoon","Emeralds",37,"Female",1
"148","2",42,5,2,0.7,1,0,"A tycoon","Emeralds",37,"Female",1
"148","2",43,2,2,0.7,1,1,"A tycoon","Emeralds",37,"Female",1
"148","2",44,1,2,0.7,1,0,"A tycoon","Emeralds",37,"Female",1
"148","2",45,1,2,0.7,1,0,"A tycoon","Emeralds",37,"Female",1
"148","2",46,25,2,0.7,0,0,"A tycoon","Emeralds",37,"Female",1
"148","2",47,34,2,0.7,1,0,"A tycoon","Emeralds",37,"Female",1
"148","2",48,36,2,0.7,1,0,"A tycoon","Emeralds",37,"Female",1
"148","2",49,34,2,0.7,1,0,"A tycoon","Emeralds",37,"Female",1
"148","2",50,33,2,0.7,1,0,"A tycoon","Emeralds",37,"Female",1
"149","1",1,3,1,0.7,1,0,"A bandit","Emeralds",47,"Male",1
"149","1",2,0,1,0.7,1,0,"A bandit","Emeralds",47,"Male",1
"149","1",3,0,1,0.7,1,0,"A bandit","Emeralds",47,"Male",1
"149","1",4,0,2,0.3,1,0,"A bandit","Emeralds",47,"Male",1
"149","1",5,67,2,0.3,0,0,"A bandit","Emeralds",47,"Male",1
"149","1",6,91,1,0.7,0,0,"A bandit","Emeralds",47,"Male",1
"149","1",7,0,1,0.7,1,0,"A bandit","Emeralds",47,"Male",1
"149","1",8,59,1,0.7,0,0,"A bandit","Emeralds",47,"Male",1
"149","1",9,89,1,0.7,0,1,"A bandit","Emeralds",47,"Male",1
"149","1",10,0,1,0.7,1,0,"A bandit","Emeralds",47,"Male",1
"149","1",11,67,2,0.3,0,1,"A bandit","Emeralds",47,"Male",1
"149","1",12,83,2,0.3,0,0,"A bandit","Emeralds",47,"Male",1
"149","1",13,35,2,0.3,0,0,"A bandit","Emeralds",47,"Male",1
"149","1",14,59,1,0.7,0,1,"A bandit","Emeralds",47,"Male",1
"149","1",15,73,1,0.7,0,0,"A bandit","Emeralds",47,"Male",1
"149","1",16,0,1,0.7,1,0,"A bandit","Emeralds",47,"Male",1
"149","1",17,0,1,0.7,1,0,"A bandit","Emeralds",47,"Male",1
"149","1",18,0,1,0.7,1,0,"A bandit","Emeralds",47,"Male",1
"149","1",19,54,1,0.7,0,1,"A bandit","Emeralds",47,"Male",1
"149","1",20,0,1,0.7,1,0,"A bandit","Emeralds",47,"Male",1
"149","1",21,0,1,0.7,1,0,"A bandit","Emeralds",47,"Male",1
"149","1",22,43,1,0.7,0,1,"A bandit","Emeralds",47,"Male",1
"149","1",23,56,1,0.7,0,1,"A bandit","Emeralds",47,"Male",1
"149","1",24,75,1,0.7,0,0,"A bandit","Emeralds",47,"Male",1
"149","1",25,0,1,0.7,1,0,"A bandit","Emeralds",47,"Male",1
"149","1",26,36,1,0.7,0,0,"A bandit","Emeralds",47,"Male",1
"149","1",27,0,1,0.7,1,0,"A bandit","Emeralds",47,"Male",1
"149","1",28,0,2,0.3,1,0,"A bandit","Emeralds",47,"Male",1
"149","1",29,0,2,0.3,1,0,"A bandit","Emeralds",47,"Male",1
"149","1",30,19,2,0.3,0,0,"A bandit","Emeralds",47,"Male",1
"149","1",31,38,2,0.3,0,1,"A bandit","Emeralds",47,"Male",1
"149","1",32,38,2,0.3,0,1,"A bandit","Emeralds",47,"Male",1
"149","1",33,0,2,0.3,1,0,"A bandit","Emeralds",47,"Male",1
"149","1",34,76,1,0.7,0,1,"A bandit","Emeralds",47,"Male",1
"149","1",35,0,1,0.7,1,0,"A bandit","Emeralds",47,"Male",1
"149","1",36,20,1,0.7,0,1,"A bandit","Emeralds",47,"Male",1
"149","1",37,0,1,0.7,1,0,"A bandit","Emeralds",47,"Male",1
"149","1",38,23,1,0.7,0,1,"A bandit","Emeralds",47,"Male",1
"149","1",39,56,1,0.7,0,1,"A bandit","Emeralds",47,"Male",1
"149","1",40,68,1,0.7,0,0,"A bandit","Emeralds",47,"Male",1
"149","1",41,88,1,0.7,0,1,"A bandit","Emeralds",47,"Male",1
"149","1",42,100,1,0.7,0,0,"A bandit","Emeralds",47,"Male",1
"149","1",43,45,2,0.3,0,1,"A bandit","Emeralds",47,"Male",1
"149","1",44,87,2,0.3,0,0,"A bandit","Emeralds",47,"Male",1
"149","1",45,98,2,0.3,0,1,"A bandit","Emeralds",47,"Male",1
"149","1",46,0,1,0.7,1,0,"A bandit","Emeralds",47,"Male",1
"149","1",47,0,1,0.7,1,0,"A bandit","Emeralds",47,"Male",1
"149","1",48,0,1,0.7,1,0,"A bandit","Emeralds",47,"Male",1
"149","1",49,0,1,0.7,1,0,"A bandit","Emeralds",47,"Male",1
"149","1",50,0,1,0.7,1,0,"A bandit","Emeralds",47,"Male",1
"150","3",1,90,1,0.7,1,1,"A sheriff","Emeralds",44,"Male",1
"150","3",2,75,1,0.7,1,0,"A sheriff","Emeralds",44,"Male",1
"150","3",3,89,1,0.7,0,1,"A sheriff","Emeralds",44,"Male",1
"150","3",4,74,1,0.7,0,0,"A sheriff","Emeralds",44,"Male",1
"150","3",5,41,2,0.3,1,0,"A sheriff","Emeralds",44,"Male",1
"150","3",6,65,2,0.3,0,1,"A sheriff","Emeralds",44,"Male",1
"150","3",7,19,1,0.7,1,0,"A sheriff","Emeralds",44,"Male",1
"150","3",8,14,2,0.3,0,0,"A sheriff","Emeralds",44,"Male",1
"150","3",9,12,1,0.7,1,1,"A sheriff","Emeralds",44,"Male",1
"150","3",10,8,1,0.7,1,1,"A sheriff","Emeralds",44,"Male",1
"150","3",11,5,1,0.7,1,0,"A sheriff","Emeralds",44,"Male",1
"150","3",12,4,1,0.7,1,1,"A sheriff","Emeralds",44,"Male",1
"150","3",13,13,1,0.7,0,1,"A sheriff","Emeralds",44,"Male",1
"150","3",14,2,1,0.7,1,0,"A sheriff","Emeralds",44,"Male",1
"150","3",15,2,1,0.7,1,0,"A sheriff","Emeralds",44,"Male",1
"150","3",16,21,1,0.7,0,0,"A sheriff","Emeralds",44,"Male",1
"150","3",17,66,1,0.7,0,0,"A sheriff","Emeralds",44,"Male",1
"150","3",18,17,1,0.7,1,0,"A sheriff","Emeralds",44,"Male",1
"150","3",19,67,1,0.7,0,0,"A sheriff","Emeralds",44,"Male",1
"150","3",20,33,1,0.7,0,0,"A sheriff","Emeralds",44,"Male",1
"150","3",21,70,1,0.7,0,0,"A sheriff","Emeralds",44,"Male",1
"150","3",22,14,1,0.7,0,0,"A sheriff","Emeralds",44,"Male",1
"150","3",23,68,2,0.3,0,0,"A sheriff","Emeralds",44,"Male",1
"150","3",24,24,2,0.3,0,0,"A sheriff","Emeralds",44,"Male",1
"150","3",25,14,2,0.3,0,1,"A sheriff","Emeralds",44,"Male",1
"150","3",26,9,2,0.3,0,1,"A sheriff","Emeralds",44,"Male",1
"150","3",27,10,2,0.3,0,0,"A sheriff","Emeralds",44,"Male",1
"150","3",28,13,1,0.7,1,0,"A sheriff","Emeralds",44,"Male",1
"150","3",29,13,1,0.7,0,1,"A sheriff","Emeralds",44,"Male",1
"150","3",30,8,1,0.7,1,1,"A sheriff","Emeralds",44,"Male",1
"150","3",31,1,1,0.7,1,1,"A sheriff","Emeralds",44,"Male",1
"150","3",32,0,1,0.7,1,0,"A sheriff","Emeralds",44,"Male",1
"150","3",33,4,1,0.7,0,0,"A sheriff","Emeralds",44,"Male",1
"150","3",34,6,1,0.7,0,0,"A sheriff","Emeralds",44,"Male",1
"150","3",35,1,1,0.7,1,0,"A sheriff","Emeralds",44,"Male",1
"150","3",36,14,1,0.7,0,1,"A sheriff","Emeralds",44,"Male",1
"150","3",37,16,1,0.7,0,0,"A sheriff","Emeralds",44,"Male",1
"150","3",38,9,1,0.7,0,0,"A sheriff","Emeralds",44,"Male",1
"150","3",39,3,1,0.7,1,0,"A sheriff","Emeralds",44,"Male",1
"150","3",40,5,1,0.7,1,0,"A sheriff","Emeralds",44,"Male",1
"150","3",41,6,1,0.7,0,0,"A sheriff","Emeralds",44,"Male",1
"150","3",42,5,1,0.7,1,0,"A sheriff","Emeralds",44,"Male",1
"150","3",43,4,1,0.7,1,1,"A sheriff","Emeralds",44,"Male",1
"150","3",44,5,1,0.7,1,1,"A sheriff","Emeralds",44,"Male",1
"150","3",45,4,1,0.7,1,0,"A sheriff","Emeralds",44,"Male",1
"150","3",46,5,1,0.7,1,0,"A sheriff","Emeralds",44,"Male",1
"150","3",47,2,1,0.7,1,0,"A sheriff","Emeralds",44,"Male",1
"150","3",48,3,1,0.7,0,0,"A sheriff","Emeralds",44,"Male",1
"150","3",49,2,1,0.7,1,0,"A sheriff","Emeralds",44,"Male",1
"150","3",50,1,1,0.7,0,0,"A sheriff","Emeralds",44,"Male",1
"151","1",1,0,2,0.7,1,0,"A bandit","Emeralds",54,"Male",1
"151","1",2,0,2,0.7,1,0,"A bandit","Emeralds",54,"Male",1
"151","1",3,0,2,0.7,1,0,"A bandit","Emeralds",54,"Male",1
"151","1",4,0,2,0.7,1,0,"A bandit","Emeralds",54,"Male",1
"151","1",5,0,2,0.7,1,0,"A bandit","Emeralds",54,"Male",1
"151","1",6,100,2,0.7,0,1,"A bandit","Emeralds",54,"Male",1
"151","1",7,0,2,0.7,1,0,"A bandit","Emeralds",54,"Male",1
"151","1",8,0,2,0.7,1,0,"A bandit","Emeralds",54,"Male",1
"151","1",9,88,2,0.7,0,0,"A bandit","Emeralds",54,"Male",1
"151","1",10,0,2,0.7,1,0,"A bandit","Emeralds",54,"Male",1
"151","1",11,75,2,0.7,0,1,"A bandit","Emeralds",54,"Male",1
"151","1",12,100,2,0.7,0,1,"A bandit","Emeralds",54,"Male",1
"151","1",13,22,2,0.7,0,1,"A bandit","Emeralds",54,"Male",1
"151","1",14,100,1,0.3,0,0,"A bandit","Emeralds",54,"Male",1
"151","1",15,100,1,0.3,0,1,"A bandit","Emeralds",54,"Male",1
"151","1",16,0,2,0.7,1,0,"A bandit","Emeralds",54,"Male",1
"151","1",17,78,2,0.7,0,1,"A bandit","Emeralds",54,"Male",1
"151","1",18,0,2,0.7,1,0,"A bandit","Emeralds",54,"Male",1
"151","1",19,0,2,0.7,1,0,"A bandit","Emeralds",54,"Male",1
"151","1",20,24,2,0.7,0,1,"A bandit","Emeralds",54,"Male",1
"151","1",21,0,2,0.7,1,0,"A bandit","Emeralds",54,"Male",1
"151","1",22,75,2,0.7,0,1,"A bandit","Emeralds",54,"Male",1
"151","1",23,0,2,0.7,1,0,"A bandit","Emeralds",54,"Male",1
"151","1",24,0,2,0.7,1,0,"A bandit","Emeralds",54,"Male",1
"151","1",25,0,2,0.7,1,0,"A bandit","Emeralds",54,"Male",1
"151","1",26,0,2,0.7,1,0,"A bandit","Emeralds",54,"Male",1
"151","1",27,0,2,0.7,1,0,"A bandit","Emeralds",54,"Male",1
"151","1",28,85,2,0.7,0,1,"A bandit","Emeralds",54,"Male",1
"151","1",29,100,2,0.7,0,1,"A bandit","Emeralds",54,"Male",1
"151","1",30,0,2,0.7,1,0,"A bandit","Emeralds",54,"Male",1
"151","1",31,0,2,0.7,1,0,"A bandit","Emeralds",54,"Male",1
"151","1",32,0,2,0.7,1,0,"A bandit","Emeralds",54,"Male",1
"151","1",33,0,2,0.7,1,0,"A bandit","Emeralds",54,"Male",1
"151","1",34,0,2,0.7,1,0,"A bandit","Emeralds",54,"Male",1
"151","1",35,76,2,0.7,0,0,"A bandit","Emeralds",54,"Male",1
"151","1",36,0,2,0.7,1,0,"A bandit","Emeralds",54,"Male",1
"151","1",37,88,2,0.7,0,0,"A bandit","Emeralds",54,"Male",1
"151","1",38,76,2,0.7,0,1,"A bandit","Emeralds",54,"Male",1
"151","1",39,88,2,0.7,0,1,"A bandit","Emeralds",54,"Male",1
"151","1",40,100,2,0.7,0,1,"A bandit","Emeralds",54,"Male",1
"151","1",41,0,2,0.7,1,0,"A bandit","Emeralds",54,"Male",1
"151","1",42,100,2,0.7,0,1,"A bandit","Emeralds",54,"Male",1
"151","1",43,0,2,0.7,1,0,"A bandit","Emeralds",54,"Male",1
"151","1",44,100,2,0.7,0,0,"A bandit","Emeralds",54,"Male",1
"151","1",45,0,2,0.7,1,0,"A bandit","Emeralds",54,"Male",1
"151","1",46,0,2,0.7,1,0,"A bandit","Emeralds",54,"Male",1
"151","1",47,0,2,0.7,1,0,"A bandit","Emeralds",54,"Male",1
"151","1",48,77,2,0.7,0,0,"A bandit","Emeralds",54,"Male",1
"151","1",49,100,2,0.7,0,1,"A bandit","Emeralds",54,"Male",1
"151","1",50,0,2,0.7,1,0,"A bandit","Emeralds",54,"Male",1
"152","2",1,0,1,0.3,0,0,"A tycoon","Emeralds",38,"Male",1
"152","2",2,46,1,0.3,1,1,"A tycoon","Emeralds",38,"Male",1
"152","2",3,0,1,0.3,0,0,"A tycoon","Emeralds",38,"Male",1
"152","2",4,0,1,0.3,0,0,"A tycoon","Emeralds",38,"Male",1
"152","2",5,36,1,0.3,1,1,"A tycoon","Emeralds",38,"Male",1
"152","2",6,34,1,0.3,1,0,"A tycoon","Emeralds",38,"Male",1
"152","2",7,0,1,0.3,0,0,"A tycoon","Emeralds",38,"Male",1
"152","2",8,0,2,0.7,0,0,"A tycoon","Emeralds",38,"Male",1
"152","2",9,36,2,0.7,1,0,"A tycoon","Emeralds",38,"Male",1
"152","2",10,0,2,0.7,0,0,"A tycoon","Emeralds",38,"Male",1
"152","2",11,37,2,0.7,1,0,"A tycoon","Emeralds",38,"Male",1
"152","2",12,39,2,0.7,1,1,"A tycoon","Emeralds",38,"Male",1
"152","2",13,40,2,0.7,1,0,"A tycoon","Emeralds",38,"Male",1
"152","2",14,0,2,0.7,0,0,"A tycoon","Emeralds",38,"Male",1
"152","2",15,38,2,0.7,1,0,"A tycoon","Emeralds",38,"Male",1
"152","2",16,34,2,0.7,1,1,"A tycoon","Emeralds",38,"Male",1
"152","2",17,34,2,0.7,1,0,"A tycoon","Emeralds",38,"Male",1
"152","2",18,39,1,0.3,1,1,"A tycoon","Emeralds",38,"Male",1
"152","2",19,0,1,0.3,0,0,"A tycoon","Emeralds",38,"Male",1
"152","2",20,40,2,0.7,1,0,"A tycoon","Emeralds",38,"Male",1
"152","2",21,41,1,0.3,1,1,"A tycoon","Emeralds",38,"Male",1
"152","2",22,0,1,0.3,0,0,"A tycoon","Emeralds",38,"Male",1
"152","2",23,0,1,0.3,0,0,"A tycoon","Emeralds",38,"Male",1
"152","2",24,0,2,0.7,0,0,"A tycoon","Emeralds",38,"Male",1
"152","2",25,38,2,0.7,1,0,"A tycoon","Emeralds",38,"Male",1
"152","2",26,39,2,0.7,1,0,"A tycoon","Emeralds",38,"Male",1
"152","2",27,34,2,0.7,1,0,"A tycoon","Emeralds",38,"Male",1
"152","2",28,40,2,0.7,1,1,"A tycoon","Emeralds",38,"Male",1
"152","2",29,37,2,0.7,1,0,"A tycoon","Emeralds",38,"Male",1
"152","2",30,36,2,0.7,1,1,"A tycoon","Emeralds",38,"Male",1
"152","2",31,0,2,0.7,0,0,"A tycoon","Emeralds",38,"Male",1
"152","2",32,0,2,0.7,0,0,"A tycoon","Emeralds",38,"Male",1
"152","2",33,37,2,0.7,1,0,"A tycoon","Emeralds",38,"Male",1
"152","2",34,37,2,0.7,1,1,"A tycoon","Emeralds",38,"Male",1
"152","2",35,31,2,0.7,1,1,"A tycoon","Emeralds",38,"Male",1
"152","2",36,0,2,0.7,0,0,"A tycoon","Emeralds",38,"Male",1
"152","2",37,0,2,0.7,0,0,"A tycoon","Emeralds",38,"Male",1
"152","2",38,0,2,0.7,0,0,"A tycoon","Emeralds",38,"Male",1
"152","2",39,0,1,0.3,0,0,"A tycoon","Emeralds",38,"Male",1
"152","2",40,36,1,0.3,1,1,"A tycoon","Emeralds",38,"Male",1
"152","2",41,0,1,0.3,0,0,"A tycoon","Emeralds",38,"Male",1
"152","2",42,38,1,0.3,1,1,"A tycoon","Emeralds",38,"Male",1
"152","2",43,38,2,0.7,1,0,"A tycoon","Emeralds",38,"Male",1
"152","2",44,37,2,0.7,1,0,"A tycoon","Emeralds",38,"Male",1
"152","2",45,0,1,0.3,0,0,"A tycoon","Emeralds",38,"Male",1
"152","2",46,33,2,0.7,1,0,"A tycoon","Emeralds",38,"Male",1
"152","2",47,37,2,0.7,1,1,"A tycoon","Emeralds",38,"Male",1
"152","2",48,35,2,0.7,1,1,"A tycoon","Emeralds",38,"Male",1
"152","2",49,34,2,0.7,1,1,"A tycoon","Emeralds",38,"Male",1
"152","2",50,0,2,0.7,0,0,"A tycoon","Emeralds",38,"Male",1
"153","2",1,7,2,0.7,1,1,"A tycoon","Emeralds",56,"Female",1
"153","2",2,8,2,0.7,1,1,"A tycoon","Emeralds",56,"Female",1
"153","2",3,12,1,0.3,1,0,"A tycoon","Emeralds",56,"Female",1
"153","2",4,13,1,0.3,1,0,"A tycoon","Emeralds",56,"Female",1
"153","2",5,12,2,0.7,1,0,"A tycoon","Emeralds",56,"Female",1
"153","2",6,7,2,0.7,1,0,"A tycoon","Emeralds",56,"Female",1
"153","2",7,11,1,0.3,1,0,"A tycoon","Emeralds",56,"Female",1
"153","2",8,12,1,0.3,0,0,"A tycoon","Emeralds",56,"Female",1
"153","2",9,0,2,0.7,0,0,"A tycoon","Emeralds",56,"Female",1
"153","2",10,5,1,0.3,1,1,"A tycoon","Emeralds",56,"Female",1
"153","2",11,0,1,0.3,0,0,"A tycoon","Emeralds",56,"Female",1
"153","2",12,7,2,0.7,1,0,"A tycoon","Emeralds",56,"Female",1
"153","2",13,13,2,0.7,1,0,"A tycoon","Emeralds",56,"Female",1
"153","2",14,10,2,0.7,1,0,"A tycoon","Emeralds",56,"Female",1
"153","2",15,10,2,0.7,1,1,"A tycoon","Emeralds",56,"Female",1
"153","2",16,0,2,0.7,0,0,"A tycoon","Emeralds",56,"Female",1
"153","2",17,7,1,0.3,1,0,"A tycoon","Emeralds",56,"Female",1
"153","2",18,0,1,0.3,0,0,"A tycoon","Emeralds",56,"Female",1
"153","2",19,10,2,0.7,1,1,"A tycoon","Emeralds",56,"Female",1
"153","2",20,0,2,0.7,0,0,"A tycoon","Emeralds",56,"Female",1
"153","2",21,10,1,0.3,1,1,"A tycoon","Emeralds",56,"Female",1
"153","2",22,0,1,0.3,0,0,"A tycoon","Emeralds",56,"Female",1
"153","2",23,7,2,0.7,1,1,"A tycoon","Emeralds",56,"Female",1
"153","2",24,12,2,0.7,1,0,"A tycoon","Emeralds",56,"Female",1
"153","2",25,10,2,0.7,1,0,"A tycoon","Emeralds",56,"Female",1
"153","2",26,11,2,0.7,1,1,"A tycoon","Emeralds",56,"Female",1
"153","2",27,11,2,0.7,1,1,"A tycoon","Emeralds",56,"Female",1
"153","2",28,12,2,0.7,1,0,"A tycoon","Emeralds",56,"Female",1
"153","2",29,11,2,0.7,1,0,"A tycoon","Emeralds",56,"Female",1
"153","2",30,10,2,0.7,1,0,"A tycoon","Emeralds",56,"Female",1
"153","2",31,12,2,0.7,1,0,"A tycoon","Emeralds",56,"Female",1
"153","2",32,9,2,0.7,1,1,"A tycoon","Emeralds",56,"Female",1
"153","2",33,9,2,0.7,1,1,"A tycoon","Emeralds",56,"Female",1
"153","2",34,0,2,0.7,0,0,"A tycoon","Emeralds",56,"Female",1
"153","2",35,13,2,0.7,1,0,"A tycoon","Emeralds",56,"Female",1
"153","2",36,6,2,0.7,1,0,"A tycoon","Emeralds",56,"Female",1
"153","2",37,7,2,0.7,1,0,"A tycoon","Emeralds",56,"Female",1
"153","2",38,10,2,0.7,1,1,"A tycoon","Emeralds",56,"Female",1
"153","2",39,7,2,0.7,1,1,"A tycoon","Emeralds",56,"Female",1
"153","2",40,9,2,0.7,1,0,"A tycoon","Emeralds",56,"Female",1
"153","2",41,9,2,0.7,1,0,"A tycoon","Emeralds",56,"Female",1
"153","2",42,9,2,0.7,1,0,"A tycoon","Emeralds",56,"Female",1
"153","2",43,10,2,0.7,1,0,"A tycoon","Emeralds",56,"Female",1
"153","2",44,9,2,0.7,1,1,"A tycoon","Emeralds",56,"Female",1
"153","2",45,9,2,0.7,1,0,"A tycoon","Emeralds",56,"Female",1
"153","2",46,10,2,0.7,1,1,"A tycoon","Emeralds",56,"Female",1
"153","2",47,11,2,0.7,1,0,"A tycoon","Emeralds",56,"Female",1
"153","2",48,13,2,0.7,1,0,"A tycoon","Emeralds",56,"Female",1
"153","2",49,10,2,0.7,1,0,"A tycoon","Emeralds",56,"Female",1
"153","2",50,10,2,0.7,1,0,"A tycoon","Emeralds",56,"Female",1
"154","2",1,99,2,0.3,0,0,"A tycoon","Emeralds",22,"Male",1
"154","2",2,100,1,0.7,1,0,"A tycoon","Emeralds",22,"Male",1
"154","2",3,17,1,0.7,1,0,"A tycoon","Emeralds",22,"Male",1
"154","2",4,15,1,0.7,1,0,"A tycoon","Emeralds",22,"Male",1
"154","2",5,0,1,0.7,1,1,"A tycoon","Emeralds",22,"Male",1
"154","2",6,100,1,0.7,0,0,"A tycoon","Emeralds",22,"Male",1
"154","2",7,100,2,0.3,1,1,"A tycoon","Emeralds",22,"Male",1
"154","2",8,0,2,0.3,0,0,"A tycoon","Emeralds",22,"Male",1
"154","2",9,100,1,0.7,1,1,"A tycoon","Emeralds",22,"Male",1
"154","2",10,50,1,0.7,1,1,"A tycoon","Emeralds",22,"Male",1
"154","2",11,49,1,0.7,1,1,"A tycoon","Emeralds",22,"Male",1
"154","2",12,0,1,0.7,1,0,"A tycoon","Emeralds",22,"Male",1
"154","2",13,0,1,0.7,1,1,"A tycoon","Emeralds",22,"Male",1
"154","2",14,0,1,0.7,1,0,"A tycoon","Emeralds",22,"Male",1
"154","2",15,0,1,0.7,1,0,"A tycoon","Emeralds",22,"Male",1
"154","2",16,0,1,0.7,1,1,"A tycoon","Emeralds",22,"Male",1
"154","2",17,0,1,0.7,1,0,"A tycoon","Emeralds",22,"Male",1
"154","2",18,0,1,0.7,1,0,"A tycoon","Emeralds",22,"Male",1
"154","2",19,99,1,0.7,0,0,"A tycoon","Emeralds",22,"Male",1
"154","2",20,50,2,0.3,0,0,"A tycoon","Emeralds",22,"Male",1
"154","2",21,50,1,0.7,1,1,"A tycoon","Emeralds",22,"Male",1
"154","2",22,60,1,0.7,1,1,"A tycoon","Emeralds",22,"Male",1
"154","2",23,97,1,0.7,0,0,"A tycoon","Emeralds",22,"Male",1
"154","2",24,100,1,0.7,1,0,"A tycoon","Emeralds",22,"Male",1
"154","2",25,86,1,0.7,1,1,"A tycoon","Emeralds",22,"Male",1
"154","2",26,92,1,0.7,1,1,"A tycoon","Emeralds",22,"Male",1
"154","2",27,0,1,0.7,1,0,"A tycoon","Emeralds",22,"Male",1
"154","2",28,71,1,0.7,0,0,"A tycoon","Emeralds",22,"Male",1
"154","2",29,17,1,0.7,1,0,"A tycoon","Emeralds",22,"Male",1
"154","2",30,52,1,0.7,1,0,"A tycoon","Emeralds",22,"Male",1
"154","2",31,61,1,0.7,1,0,"A tycoon","Emeralds",22,"Male",1
"154","2",32,60,1,0.7,1,0,"A tycoon","Emeralds",22,"Male",1
"154","2",33,80,1,0.7,1,0,"A tycoon","Emeralds",22,"Male",1
"154","2",34,52,1,0.7,1,0,"A tycoon","Emeralds",22,"Male",1
"154","2",35,51,1,0.7,0,0,"A tycoon","Emeralds",22,"Male",1
"154","2",36,60,1,0.7,1,0,"A tycoon","Emeralds",22,"Male",1
"154","2",37,63,1,0.7,1,0,"A tycoon","Emeralds",22,"Male",1
"154","2",38,62,1,0.7,1,0,"A tycoon","Emeralds",22,"Male",1
"154","2",39,0,1,0.7,1,1,"A tycoon","Emeralds",22,"Male",1
"154","2",40,0,1,0.7,1,0,"A tycoon","Emeralds",22,"Male",1
"154","2",41,27,1,0.7,1,0,"A tycoon","Emeralds",22,"Male",1
"154","2",42,14,1,0.7,1,1,"A tycoon","Emeralds",22,"Male",1
"154","2",43,21,1,0.7,1,0,"A tycoon","Emeralds",22,"Male",1
"154","2",44,0,2,0.3,0,0,"A tycoon","Emeralds",22,"Male",1
"154","2",45,0,1,0.7,0,0,"A tycoon","Emeralds",22,"Male",1
"154","2",46,100,1,0.7,1,1,"A tycoon","Emeralds",22,"Male",1
"154","2",47,48,1,0.7,1,1,"A tycoon","Emeralds",22,"Male",1
"154","2",48,49,1,0.7,1,0,"A tycoon","Emeralds",22,"Male",1
"154","2",49,50,1,0.7,1,0,"A tycoon","Emeralds",22,"Male",1
"154","2",50,50,1,0.7,1,0,"A tycoon","Emeralds",22,"Male",1
"155","3",1,0,1,0.3,0,0,"A sheriff","Emeralds",32,"Male",1
"155","3",2,0,1,0.3,0,1,"A sheriff","Emeralds",32,"Male",1
"155","3",3,0,2,0.7,0,1,"A sheriff","Emeralds",32,"Male",1
"155","3",4,6,2,0.7,1,1,"A sheriff","Emeralds",32,"Male",1
"155","3",5,7,2,0.7,1,0,"A sheriff","Emeralds",32,"Male",1
"155","3",6,10,2,0.7,0,0,"A sheriff","Emeralds",32,"Male",1
"155","3",7,0,2,0.7,1,0,"A sheriff","Emeralds",32,"Male",1
"155","3",8,4,2,0.7,1,0,"A sheriff","Emeralds",32,"Male",1
"155","3",9,1,2,0.7,1,1,"A sheriff","Emeralds",32,"Male",1
"155","3",10,3,2,0.7,1,0,"A sheriff","Emeralds",32,"Male",1
"155","3",11,22,2,0.7,0,0,"A sheriff","Emeralds",32,"Male",1
"155","3",12,0,2,0.7,1,1,"A sheriff","Emeralds",32,"Male",1
"155","3",13,0,2,0.7,1,0,"A sheriff","Emeralds",32,"Male",1
"155","3",14,0,2,0.7,0,0,"A sheriff","Emeralds",32,"Male",1
"155","3",15,5,2,0.7,1,0,"A sheriff","Emeralds",32,"Male",1
"155","3",16,0,2,0.7,1,0,"A sheriff","Emeralds",32,"Male",1
"155","3",17,0,2,0.7,1,0,"A sheriff","Emeralds",32,"Male",1
"155","3",18,18,2,0.7,0,0,"A sheriff","Emeralds",32,"Male",1
"155","3",19,0,2,0.7,1,1,"A sheriff","Emeralds",32,"Male",1
"155","3",20,0,2,0.7,1,0,"A sheriff","Emeralds",32,"Male",1
"155","3",21,0,2,0.7,0,1,"A sheriff","Emeralds",32,"Male",1
"155","3",22,19,2,0.7,0,0,"A sheriff","Emeralds",32,"Male",1
"155","3",23,15,2,0.7,0,1,"A sheriff","Emeralds",32,"Male",1
"155","3",24,0,2,0.7,1,0,"A sheriff","Emeralds",32,"Male",1
"155","3",25,23,2,0.7,0,1,"A sheriff","Emeralds",32,"Male",1
"155","3",26,0,2,0.7,1,1,"A sheriff","Emeralds",32,"Male",1
"155","3",27,0,2,0.7,1,0,"A sheriff","Emeralds",32,"Male",1
"155","3",28,0,2,0.7,1,0,"A sheriff","Emeralds",32,"Male",1
"155","3",29,22,2,0.7,0,0,"A sheriff","Emeralds",32,"Male",1
"155","3",30,12,2,0.7,0,1,"A sheriff","Emeralds",32,"Male",1
"155","3",31,0,2,0.7,1,0,"A sheriff","Emeralds",32,"Male",1
"155","3",32,0,2,0.7,1,0,"A sheriff","Emeralds",32,"Male",1
"155","3",33,21,2,0.7,0,0,"A sheriff","Emeralds",32,"Male",1
"155","3",34,24,2,0.7,0,0,"A sheriff","Emeralds",32,"Male",1
"155","3",35,0,2,0.7,1,0,"A sheriff","Emeralds",32,"Male",1
"155","3",36,0,2,0.7,1,0,"A sheriff","Emeralds",32,"Male",1
"155","3",37,0,2,0.7,1,1,"A sheriff","Emeralds",32,"Male",1
"155","3",38,0,2,0.7,1,0,"A sheriff","Emeralds",32,"Male",1
"155","3",39,19,2,0.7,0,0,"A sheriff","Emeralds",32,"Male",1
"155","3",40,19,2,0.7,0,1,"A sheriff","Emeralds",32,"Male",1
"155","3",41,0,2,0.7,1,0,"A sheriff","Emeralds",32,"Male",1
"155","3",42,0,2,0.7,1,0,"A sheriff","Emeralds",32,"Male",1
"155","3",43,0,2,0.7,1,0,"A sheriff","Emeralds",32,"Male",1
"155","3",44,23,2,0.7,0,0,"A sheriff","Emeralds",32,"Male",1
"155","3",45,0,2,0.7,1,0,"A sheriff","Emeralds",32,"Male",1
"155","3",46,0,2,0.7,1,1,"A sheriff","Emeralds",32,"Male",1
"155","3",47,21,2,0.7,0,1,"A sheriff","Emeralds",32,"Male",1
"155","3",48,0,2,0.7,1,0,"A sheriff","Emeralds",32,"Male",1
"155","3",49,0,2,0.7,1,0,"A sheriff","Emeralds",32,"Male",1
"155","3",50,0,2,0.7,1,0,"A sheriff","Emeralds",32,"Male",1
"156","1",1,60,1,0.7,1,0,"A bandit","Gold",48,"Male",0
"156","1",2,67,2,0.3,0,0,"A bandit","Gold",48,"Male",0
"156","1",3,70,1,0.7,0,1,"A bandit","Gold",48,"Male",0
"156","1",4,69,1,0.7,1,0,"A bandit","Gold",48,"Male",0
"156","1",5,75,2,0.3,0,0,"A bandit","Gold",48,"Male",0
"156","1",6,75,1,0.7,1,0,"A bandit","Gold",48,"Male",0
"156","1",7,79,1,0.7,1,0,"A bandit","Gold",48,"Male",0
"156","1",8,72,1,0.7,1,0,"A bandit","Gold",48,"Male",0
"156","1",9,72,2,0.3,0,1,"A bandit","Gold",48,"Male",0
"156","1",10,64,1,0.7,1,0,"A bandit","Gold",48,"Male",0
"156","1",11,77,1,0.7,1,0,"A bandit","Gold",48,"Male",0
"156","1",12,71,1,0.7,0,0,"A bandit","Gold",48,"Male",0
"156","1",13,70,2,0.3,1,0,"A bandit","Gold",48,"Male",0
"156","1",14,69,1,0.7,1,0,"A bandit","Gold",48,"Male",0
"156","1",15,65,2,0.3,0,1,"A bandit","Gold",48,"Male",0
"156","1",16,65,1,0.7,0,1,"A bandit","Gold",48,"Male",0
"156","1",17,62,2,0.3,1,0,"A bandit","Gold",48,"Male",0
"156","1",18,64,1,0.7,1,0,"A bandit","Gold",48,"Male",0
"156","1",19,65,2,0.3,1,0,"A bandit","Gold",48,"Male",0
"156","1",20,63,2,0.3,1,0,"A bandit","Gold",48,"Male",0
"156","1",21,67,1,0.7,1,0,"A bandit","Gold",48,"Male",0
"156","1",22,68,2,0.3,1,0,"A bandit","Gold",48,"Male",0
"156","1",23,67,1,0.7,1,0,"A bandit","Gold",48,"Male",0
"156","1",24,63,2,0.3,0,1,"A bandit","Gold",48,"Male",0
"156","1",25,67,2,0.3,0,0,"A bandit","Gold",48,"Male",0
"156","1",26,71,1,0.7,0,1,"A bandit","Gold",48,"Male",0
"156","1",27,64,2,0.3,1,0,"A bandit","Gold",48,"Male",0
"156","1",28,69,2,0.3,0,0,"A bandit","Gold",48,"Male",0
"156","1",29,67,1,0.7,0,0,"A bandit","Gold",48,"Male",0
"156","1",30,63,2,0.3,1,0,"A bandit","Gold",48,"Male",0
"156","1",31,64,1,0.7,1,0,"A bandit","Gold",48,"Male",0
"156","1",32,64,2,0.3,0,0,"A bandit","Gold",48,"Male",0
"156","1",33,60,2,0.3,0,1,"A bandit","Gold",48,"Male",0
"156","1",34,64,1,0.7,1,0,"A bandit","Gold",48,"Male",0
"156","1",35,67,2,0.3,0,1,"A bandit","Gold",48,"Male",0
"156","1",36,63,1,0.7,0,1,"A bandit","Gold",48,"Male",0
"156","1",37,68,1,0.7,1,0,"A bandit","Gold",48,"Male",0
"156","1",38,69,2,0.3,1,0,"A bandit","Gold",48,"Male",0
"156","1",39,71,1,0.7,1,0,"A bandit","Gold",48,"Male",0
"156","1",40,70,2,0.3,0,1,"A bandit","Gold",48,"Male",0
"156","1",41,66,2,0.3,0,0,"A bandit","Gold",48,"Male",0
"156","1",42,65,1,0.7,1,0,"A bandit","Gold",48,"Male",0
"156","1",43,68,1,0.7,0,1,"A bandit","Gold",48,"Male",0
"156","1",44,60,2,0.3,0,1,"A bandit","Gold",48,"Male",0
"156","1",45,68,1,0.7,0,1,"A bandit","Gold",48,"Male",0
"156","1",46,68,2,0.3,0,0,"A bandit","Gold",48,"Male",0
"156","1",47,65,1,0.7,0,0,"A bandit","Gold",48,"Male",0
"156","1",48,66,2,0.3,0,1,"A bandit","Gold",48,"Male",0
"156","1",49,63,1,0.7,0,1,"A bandit","Gold",48,"Male",0
"156","1",50,66,1,0.7,0,0,"A bandit","Gold",48,"Male",0
"157","3",1,100,1,0.3,1,0,"A sheriff","Emeralds",49,"Male",1
"157","3",2,100,1,0.3,0,0,"A sheriff","Emeralds",49,"Male",1
"157","3",3,100,1,0.3,1,1,"A sheriff","Emeralds",49,"Male",1
"157","3",4,100,1,0.3,0,0,"A sheriff","Emeralds",49,"Male",1
"157","3",5,100,1,0.3,0,0,"A sheriff","Emeralds",49,"Male",1
"157","3",6,100,1,0.3,0,0,"A sheriff","Emeralds",49,"Male",1
"157","3",7,100,2,0.7,0,0,"A sheriff","Emeralds",49,"Male",1
"157","3",8,100,2,0.7,0,1,"A sheriff","Emeralds",49,"Male",1
"157","3",9,100,2,0.7,1,0,"A sheriff","Emeralds",49,"Male",1
"157","3",10,100,2,0.7,1,0,"A sheriff","Emeralds",49,"Male",1
"157","3",11,100,2,0.7,1,1,"A sheriff","Emeralds",49,"Male",1
"157","3",12,100,2,0.7,0,0,"A sheriff","Emeralds",49,"Male",1
"157","3",13,100,2,0.7,0,0,"A sheriff","Emeralds",49,"Male",1
"157","3",14,100,1,0.3,1,1,"A sheriff","Emeralds",49,"Male",1
"157","3",15,100,1,0.3,0,0,"A sheriff","Emeralds",49,"Male",1
"157","3",16,100,1,0.3,0,0,"A sheriff","Emeralds",49,"Male",1
"157","3",17,100,1,0.3,0,0,"A sheriff","Emeralds",49,"Male",1
"157","3",18,100,2,0.7,0,0,"A sheriff","Emeralds",49,"Male",1
"157","3",19,100,2,0.7,0,1,"A sheriff","Emeralds",49,"Male",1
"157","3",20,100,2,0.7,1,0,"A sheriff","Emeralds",49,"Male",1
"157","3",21,100,2,0.7,1,0,"A sheriff","Emeralds",49,"Male",1
"157","3",22,100,2,0.7,0,0,"A sheriff","Emeralds",49,"Male",1
"157","3",23,100,2,0.7,0,1,"A sheriff","Emeralds",49,"Male",1
"157","3",24,100,2,0.7,1,1,"A sheriff","Emeralds",49,"Male",1
"157","3",25,100,2,0.7,1,0,"A sheriff","Emeralds",49,"Male",1
"157","3",26,58,2,0.7,0,0,"A sheriff","Emeralds",49,"Male",1
"157","3",27,40,2,0.7,0,1,"A sheriff","Emeralds",49,"Male",1
"157","3",28,77,2,0.7,1,1,"A sheriff","Emeralds",49,"Male",1
"157","3",29,19,2,0.7,0,1,"A sheriff","Emeralds",49,"Male",1
"157","3",30,74,2,0.7,1,0,"A sheriff","Emeralds",49,"Male",1
"157","3",31,77,2,0.7,1,1,"A sheriff","Emeralds",49,"Male",1
"157","3",32,89,2,0.7,1,0,"A sheriff","Emeralds",49,"Male",1
"157","3",33,20,2,0.7,1,0,"A sheriff","Emeralds",49,"Male",1
"157","3",34,29,2,0.7,1,0,"A sheriff","Emeralds",49,"Male",1
"157","3",35,0,2,0.7,0,1,"A sheriff","Emeralds",49,"Male",1
"157","3",36,0,2,0.7,1,1,"A sheriff","Emeralds",49,"Male",1
"157","3",37,0,2,0.7,1,0,"A sheriff","Emeralds",49,"Male",1
"157","3",38,0,2,0.7,0,0,"A sheriff","Emeralds",49,"Male",1
"157","3",39,0,2,0.7,1,0,"A sheriff","Emeralds",49,"Male",1
"157","3",40,0,2,0.7,0,0,"A sheriff","Emeralds",49,"Male",1
"157","3",41,76,2,0.7,0,1,"A sheriff","Emeralds",49,"Male",1
"157","3",42,0,2,0.7,1,0,"A sheriff","Emeralds",49,"Male",1
"157","3",43,0,2,0.7,1,0,"A sheriff","Emeralds",49,"Male",1
"157","3",44,0,2,0.7,1,0,"A sheriff","Emeralds",49,"Male",1
"157","3",45,0,2,0.7,0,0,"A sheriff","Emeralds",49,"Male",1
"157","3",46,0,2,0.7,1,0,"A sheriff","Emeralds",49,"Male",1
"157","3",47,0,2,0.7,1,1,"A sheriff","Emeralds",49,"Male",1
"157","3",48,0,2,0.7,1,0,"A sheriff","Emeralds",49,"Male",1
"157","3",49,0,2,0.7,1,0,"A sheriff","Emeralds",49,"Male",1
"157","3",50,0,2,0.7,0,0,"A sheriff","Emeralds",49,"Male",1
"158","1",1,66,1,0.7,1,0,"A bandit","Emeralds",45,"Male",1
"158","1",2,60,2,0.3,1,0,"A bandit","Emeralds",45,"Male",1
"158","1",3,82,2,0.3,0,1,"A bandit","Emeralds",45,"Male",1
"158","1",4,60,1,0.7,1,0,"A bandit","Emeralds",45,"Male",1
"158","1",5,62,1,0.7,0,1,"A bandit","Emeralds",45,"Male",1
"158","1",6,60,1,0.7,0,0,"A bandit","Emeralds",45,"Male",1
"158","1",7,67,2,0.3,0,0,"A bandit","Emeralds",45,"Male",1
"158","1",8,59,1,0.7,0,1,"A bandit","Emeralds",45,"Male",1
"158","1",9,60,1,0.7,0,0,"A bandit","Emeralds",45,"Male",1
"158","1",10,18,1,0.7,1,0,"A bandit","Emeralds",45,"Male",1
"158","1",11,70,1,0.7,0,1,"A bandit","Emeralds",45,"Male",1
"158","1",12,16,2,0.3,1,0,"A bandit","Emeralds",45,"Male",1
"158","1",13,65,2,0.3,0,1,"A bandit","Emeralds",45,"Male",1
"158","1",14,75,2,0.3,0,1,"A bandit","Emeralds",45,"Male",1
"158","1",15,65,1,0.7,0,0,"A bandit","Emeralds",45,"Male",1
"158","1",16,62,2,0.3,0,0,"A bandit","Emeralds",45,"Male",1
"158","1",17,58,2,0.3,0,1,"A bandit","Emeralds",45,"Male",1
"158","1",18,16,2,0.3,1,0,"A bandit","Emeralds",45,"Male",1
"158","1",19,61,2,0.3,0,0,"A bandit","Emeralds",45,"Male",1
"158","1",20,29,1,0.7,1,0,"A bandit","Emeralds",45,"Male",1
"158","1",21,74,1,0.7,0,1,"A bandit","Emeralds",45,"Male",1
"158","1",22,23,2,0.3,1,0,"A bandit","Emeralds",45,"Male",1
"158","1",23,75,2,0.3,0,1,"A bandit","Emeralds",45,"Male",1
"158","1",24,21,2,0.3,1,0,"A bandit","Emeralds",45,"Male",1
"158","1",25,60,2,0.3,0,0,"A bandit","Emeralds",45,"Male",1
"158","1",26,20,1,0.7,1,0,"A bandit","Emeralds",45,"Male",1
"158","1",27,15,1,0.7,1,0,"A bandit","Emeralds",45,"Male",1
"158","1",28,21,1,0.7,1,0,"A bandit","Emeralds",45,"Male",1
"158","1",29,79,2,0.3,0,0,"A bandit","Emeralds",45,"Male",1
"158","1",30,67,2,0.3,0,0,"A bandit","Emeralds",45,"Male",1
"158","1",31,19,1,0.7,1,0,"A bandit","Emeralds",45,"Male",1
"158","1",32,9,1,0.7,1,0,"A bandit","Emeralds",45,"Male",1
"158","1",33,86,1,0.7,0,0,"A bandit","Emeralds",45,"Male",1
"158","1",34,80,2,0.3,0,0,"A bandit","Emeralds",45,"Male",1
"158","1",35,73,1,0.7,0,0,"A bandit","Emeralds",45,"Male",1
"158","1",36,71,1,0.7,0,0,"A bandit","Emeralds",45,"Male",1
"158","1",37,73,2,0.3,0,1,"A bandit","Emeralds",45,"Male",1
"158","1",38,70,2,0.3,0,1,"A bandit","Emeralds",45,"Male",1
"158","1",39,60,2,0.3,0,1,"A bandit","Emeralds",45,"Male",1
"158","1",40,64,1,0.7,0,0,"A bandit","Emeralds",45,"Male",1
"158","1",41,13,1,0.7,1,0,"A bandit","Emeralds",45,"Male",1
"158","1",42,70,1,0.7,0,0,"A bandit","Emeralds",45,"Male",1
"158","1",43,20,2,0.3,1,0,"A bandit","Emeralds",45,"Male",1
"158","1",44,73,2,0.3,0,0,"A bandit","Emeralds",45,"Male",1
"158","1",45,16,1,0.7,1,0,"A bandit","Emeralds",45,"Male",1
"158","1",46,73,1,0.7,0,1,"A bandit","Emeralds",45,"Male",1
"158","1",47,71,2,0.3,0,0,"A bandit","Emeralds",45,"Male",1
"158","1",48,76,1,0.7,0,1,"A bandit","Emeralds",45,"Male",1
"158","1",49,70,2,0.3,0,0,"A bandit","Emeralds",45,"Male",1
"158","1",50,71,1,0.7,0,1,"A bandit","Emeralds",45,"Male",1
"159","1",1,100,2,0.3,0,1,"A bandit","Emeralds",62,"Female",1
"159","1",2,0,1,0.7,1,0,"A bandit","Emeralds",62,"Female",1
"159","1",3,100,1,0.7,0,0,"A bandit","Emeralds",62,"Female",1
"159","1",4,0,1,0.7,1,0,"A bandit","Emeralds",62,"Female",1
"159","1",5,0,1,0.7,1,0,"A bandit","Emeralds",62,"Female",1
"159","1",6,100,1,0.7,0,0,"A bandit","Emeralds",62,"Female",1
"159","1",7,0,1,0.7,1,0,"A bandit","Emeralds",62,"Female",1
"159","1",8,0,1,0.7,1,0,"A bandit","Emeralds",62,"Female",1
"159","1",9,100,2,0.3,0,0,"A bandit","Emeralds",62,"Female",1
"159","1",10,100,1,0.7,0,0,"A bandit","Emeralds",62,"Female",1
"159","1",11,100,1,0.7,0,0,"A bandit","Emeralds",62,"Female",1
"159","1",12,100,1,0.7,0,0,"A bandit","Emeralds",62,"Female",1
"159","1",13,100,2,0.3,0,0,"A bandit","Emeralds",62,"Female",1
"159","1",14,0,1,0.7,1,0,"A bandit","Emeralds",62,"Female",1
"159","1",15,0,1,0.7,1,0,"A bandit","Emeralds",62,"Female",1
"159","1",16,100,1,0.7,0,0,"A bandit","Emeralds",62,"Female",1
"159","1",17,100,1,0.7,0,1,"A bandit","Emeralds",62,"Female",1
"159","1",18,100,2,0.3,0,0,"A bandit","Emeralds",62,"Female",1
"159","1",19,100,1,0.7,0,1,"A bandit","Emeralds",62,"Female",1
"159","1",20,0,1,0.7,1,0,"A bandit","Emeralds",62,"Female",1
"159","1",21,100,1,0.7,0,1,"A bandit","Emeralds",62,"Female",1
"159","1",22,100,2,0.3,0,0,"A bandit","Emeralds",62,"Female",1
"159","1",23,0,1,0.7,1,0,"A bandit","Emeralds",62,"Female",1
"159","1",24,0,1,0.7,1,0,"A bandit","Emeralds",62,"Female",1
"159","1",25,0,1,0.7,1,0,"A bandit","Emeralds",62,"Female",1
"159","1",26,100,1,0.7,0,1,"A bandit","Emeralds",62,"Female",1
"159","1",27,100,1,0.7,0,1,"A bandit","Emeralds",62,"Female",1
"159","1",28,100,1,0.7,0,1,"A bandit","Emeralds",62,"Female",1
"159","1",29,0,1,0.7,1,0,"A bandit","Emeralds",62,"Female",1
"159","1",30,100,1,0.7,0,1,"A bandit","Emeralds",62,"Female",1
"159","1",31,100,1,0.7,0,0,"A bandit","Emeralds",62,"Female",1
"159","1",32,100,2,0.3,0,0,"A bandit","Emeralds",62,"Female",1
"159","1",33,0,1,0.7,1,0,"A bandit","Emeralds",62,"Female",1
"159","1",34,0,1,0.7,1,0,"A bandit","Emeralds",62,"Female",1
"159","1",35,100,1,0.7,0,1,"A bandit","Emeralds",62,"Female",1
"159","1",36,100,1,0.7,0,1,"A bandit","Emeralds",62,"Female",1
"159","1",37,0,1,0.7,1,0,"A bandit","Emeralds",62,"Female",1
"159","1",38,0,1,0.7,1,0,"A bandit","Emeralds",62,"Female",1
"159","1",39,0,1,0.7,1,0,"A bandit","Emeralds",62,"Female",1
"159","1",40,100,1,0.7,0,1,"A bandit","Emeralds",62,"Female",1
"159","1",41,100,1,0.7,0,0,"A bandit","Emeralds",62,"Female",1
"159","1",42,100,1,0.7,0,1,"A bandit","Emeralds",62,"Female",1
"159","1",43,0,1,0.7,1,0,"A bandit","Emeralds",62,"Female",1
"159","1",44,100,1,0.7,0,0,"A bandit","Emeralds",62,"Female",1
"159","1",45,100,1,0.7,0,0,"A bandit","Emeralds",62,"Female",1
"159","1",46,100,1,0.7,0,1,"A bandit","Emeralds",62,"Female",1
"159","1",47,0,1,0.7,1,0,"A bandit","Emeralds",62,"Female",1
"159","1",48,100,1,0.7,0,1,"A bandit","Emeralds",62,"Female",1
"159","1",49,100,1,0.7,0,0,"A bandit","Emeralds",62,"Female",1
"159","1",50,100,1,0.7,0,1,"A bandit","Emeralds",62,"Female",1
"160","3",1,95,1,0.7,1,0,"A sheriff","Emeralds",30,"Female",1
"160","3",2,94,2,0.3,0,0,"A sheriff","Emeralds",30,"Female",1
"160","3",3,99,1,0.7,1,0,"A sheriff","Emeralds",30,"Female",1
"160","3",4,100,1,0.7,1,0,"A sheriff","Emeralds",30,"Female",1
"160","3",5,92,1,0.7,1,0,"A sheriff","Emeralds",30,"Female",1
"160","3",6,90,2,0.3,1,0,"A sheriff","Emeralds",30,"Female",1
"160","3",7,99,2,0.3,0,0,"A sheriff","Emeralds",30,"Female",1
"160","3",8,99,1,0.7,1,0,"A sheriff","Emeralds",30,"Female",1
"160","3",9,56,1,0.7,1,0,"A sheriff","Emeralds",30,"Female",1
"160","3",10,79,1,0.7,1,0,"A sheriff","Emeralds",30,"Female",1
"160","3",11,100,1,0.7,0,1,"A sheriff","Emeralds",30,"Female",1
"160","3",12,88,1,0.7,1,0,"A sheriff","Emeralds",30,"Female",1
"160","3",13,96,2,0.3,0,0,"A sheriff","Emeralds",30,"Female",1
"160","3",14,88,1,0.7,1,1,"A sheriff","Emeralds",30,"Female",1
"160","3",15,92,1,0.7,1,1,"A sheriff","Emeralds",30,"Female",1
"160","3",16,77,1,0.7,1,0,"A sheriff","Emeralds",30,"Female",1
"160","3",17,100,1,0.7,0,0,"A sheriff","Emeralds",30,"Female",1
"160","3",18,100,1,0.7,0,1,"A sheriff","Emeralds",30,"Female",1
"160","3",19,96,1,0.7,1,1,"A sheriff","Emeralds",30,"Female",1
"160","3",20,97,1,0.7,1,0,"A sheriff","Emeralds",30,"Female",1
"160","3",21,98,1,0.7,1,0,"A sheriff","Emeralds",30,"Female",1
"160","3",22,73,1,0.7,1,0,"A sheriff","Emeralds",30,"Female",1
"160","3",23,88,1,0.7,1,0,"A sheriff","Emeralds",30,"Female",1
"160","3",24,91,1,0.7,1,1,"A sheriff","Emeralds",30,"Female",1
"160","3",25,93,1,0.7,1,0,"A sheriff","Emeralds",30,"Female",1
"160","3",26,91,1,0.7,1,1,"A sheriff","Emeralds",30,"Female",1
"160","3",27,96,1,0.7,1,0,"A sheriff","Emeralds",30,"Female",1
"160","3",28,100,1,0.7,0,0,"A sheriff","Emeralds",30,"Female",1
"160","3",29,99,2,0.3,0,0,"A sheriff","Emeralds",30,"Female",1
"160","3",30,95,1,0.7,1,0,"A sheriff","Emeralds",30,"Female",1
"160","3",31,96,1,0.7,0,1,"A sheriff","Emeralds",30,"Female",1
"160","3",32,100,1,0.7,0,0,"A sheriff","Emeralds",30,"Female",1
"160","3",33,99,1,0.7,1,1,"A sheriff","Emeralds",30,"Female",1
"160","3",34,44,1,0.7,0,0,"A sheriff","Emeralds",30,"Female",1
"160","3",35,47,1,0.7,0,0,"A sheriff","Emeralds",30,"Female",1
"160","3",36,94,1,0.7,0,0,"A sheriff","Emeralds",30,"Female",1
"160","3",37,44,2,0.3,0,1,"A sheriff","Emeralds",30,"Female",1
"160","3",38,67,1,0.7,0,0,"A sheriff","Emeralds",30,"Female",1
"160","3",39,53,1,0.7,1,0,"A sheriff","Emeralds",30,"Female",1
"160","3",40,84,1,0.7,1,0,"A sheriff","Emeralds",30,"Female",1
"160","3",41,86,1,0.7,1,1,"A sheriff","Emeralds",30,"Female",1
"160","3",42,98,1,0.7,0,1,"A sheriff","Emeralds",30,"Female",1
"160","3",43,92,1,0.7,1,0,"A sheriff","Emeralds",30,"Female",1
"160","3",44,97,1,0.7,0,0,"A sheriff","Emeralds",30,"Female",1
"160","3",45,93,1,0.7,1,1,"A sheriff","Emeralds",30,"Female",1
"160","3",46,91,1,0.7,1,0,"A sheriff","Emeralds",30,"Female",1
"160","3",47,77,1,0.7,1,0,"A sheriff","Emeralds",30,"Female",1
"160","3",48,91,1,0.7,1,1,"A sheriff","Emeralds",30,"Female",1
"160","3",49,100,1,0.7,0,0,"A sheriff","Emeralds",30,"Female",1
"160","3",50,98,1,0.7,1,1,"A sheriff","Emeralds",30,"Female",1
"161","2",1,75,1,0.3,1,1,"A tycoon","Emeralds",27,"Male",1
"161","2",2,69,2,0.7,1,1,"A tycoon","Emeralds",27,"Male",1
"161","2",3,78,1,0.3,0,0,"A tycoon","Emeralds",27,"Male",1
"161","2",4,34,2,0.7,1,0,"A tycoon","Emeralds",27,"Male",1
"161","2",5,46,1,0.3,0,0,"A tycoon","Emeralds",27,"Male",1
"161","2",6,45,2,0.7,0,0,"A tycoon","Emeralds",27,"Male",1
"161","2",7,13,1,0.3,0,0,"A tycoon","Emeralds",27,"Male",1
"161","2",8,64,1,0.3,1,1,"A tycoon","Emeralds",27,"Male",1
"161","2",9,67,2,0.7,1,0,"A tycoon","Emeralds",27,"Male",1
"161","2",10,13,1,0.3,0,0,"A tycoon","Emeralds",27,"Male",1
"161","2",11,74,2,0.7,1,1,"A tycoon","Emeralds",27,"Male",1
"161","2",12,80,1,0.3,0,0,"A tycoon","Emeralds",27,"Male",1
"161","2",13,31,1,0.3,0,0,"A tycoon","Emeralds",27,"Male",1
"161","2",14,34,1,0.3,0,0,"A tycoon","Emeralds",27,"Male",1
"161","2",15,36,1,0.3,1,0,"A tycoon","Emeralds",27,"Male",1
"161","2",16,63,2,0.7,1,0,"A tycoon","Emeralds",27,"Male",1
"161","2",17,38,1,0.3,1,1,"A tycoon","Emeralds",27,"Male",1
"161","2",18,39,2,0.7,1,0,"A tycoon","Emeralds",27,"Male",1
"161","2",19,16,2,0.7,0,0,"A tycoon","Emeralds",27,"Male",1
"161","2",20,73,1,0.3,1,1,"A tycoon","Emeralds",27,"Male",1
"161","2",21,10,1,0.3,0,0,"A tycoon","Emeralds",27,"Male",1
"161","2",22,71,2,0.7,0,0,"A tycoon","Emeralds",27,"Male",1
"161","2",23,10,1,0.3,0,0,"A tycoon","Emeralds",27,"Male",1
"161","2",24,59,2,0.7,1,1,"A tycoon","Emeralds",27,"Male",1
"161","2",25,42,1,0.3,1,0,"A tycoon","Emeralds",27,"Male",1
"161","2",26,40,2,0.7,1,1,"A tycoon","Emeralds",27,"Male",1
"161","2",27,52,1,0.3,0,0,"A tycoon","Emeralds",27,"Male",1
"161","2",28,55,2,0.7,0,0,"A tycoon","Emeralds",27,"Male",1
"161","2",29,38,1,0.3,1,1,"A tycoon","Emeralds",27,"Male",1
"161","2",30,34,1,0.3,1,1,"A tycoon","Emeralds",27,"Male",1
"161","2",31,45,2,0.7,1,1,"A tycoon","Emeralds",27,"Male",1
"161","2",32,36,1,0.3,0,0,"A tycoon","Emeralds",27,"Male",1
"161","2",33,23,2,0.7,0,0,"A tycoon","Emeralds",27,"Male",1
"161","2",34,30,1,0.3,1,0,"A tycoon","Emeralds",27,"Male",1
"161","2",35,67,1,0.3,1,1,"A tycoon","Emeralds",27,"Male",1
"161","2",36,37,2,0.7,1,0,"A tycoon","Emeralds",27,"Male",1
"161","2",37,70,2,0.7,1,0,"A tycoon","Emeralds",27,"Male",1
"161","2",38,62,2,0.7,1,1,"A tycoon","Emeralds",27,"Male",1
"161","2",39,25,1,0.3,0,0,"A tycoon","Emeralds",27,"Male",1
"161","2",40,8,1,0.3,0,0,"A tycoon","Emeralds",27,"Male",1
"161","2",41,22,1,0.3,1,0,"A tycoon","Emeralds",27,"Male",1
"161","2",42,16,1,0.3,0,0,"A tycoon","Emeralds",27,"Male",1
"161","2",43,70,2,0.7,1,0,"A tycoon","Emeralds",27,"Male",1
"161","2",44,31,1,0.3,1,1,"A tycoon","Emeralds",27,"Male",1
"161","2",45,74,2,0.7,1,0,"A tycoon","Emeralds",27,"Male",1
"161","2",46,37,1,0.3,1,1,"A tycoon","Emeralds",27,"Male",1
"161","2",47,64,2,0.7,1,0,"A tycoon","Emeralds",27,"Male",1
"161","2",48,41,1,0.3,1,0,"A tycoon","Emeralds",27,"Male",1
"161","2",49,37,1,0.3,0,0,"A tycoon","Emeralds",27,"Male",1
"161","2",50,24,1,0.3,0,0,"A tycoon","Emeralds",27,"Male",1
"162","3",1,0,2,0.7,1,0,"A sheriff","Emeralds",49,"Male",1
"162","3",2,10,2,0.7,1,0,"A sheriff","Emeralds",49,"Male",1
"162","3",3,62,2,0.7,0,1,"A sheriff","Emeralds",49,"Male",1
"162","3",4,62,2,0.7,0,0,"A sheriff","Emeralds",49,"Male",1
"162","3",5,20,1,0.3,1,0,"A sheriff","Emeralds",49,"Male",1
"162","3",6,34,1,0.3,1,0,"A sheriff","Emeralds",49,"Male",1
"162","3",7,32,1,0.3,1,1,"A sheriff","Emeralds",49,"Male",1
"162","3",8,53,1,0.3,0,1,"A sheriff","Emeralds",49,"Male",1
"162","3",9,43,1,0.3,0,1,"A sheriff","Emeralds",49,"Male",1
"162","3",10,56,2,0.7,1,0,"A sheriff","Emeralds",49,"Male",1
"162","3",11,44,2,0.7,0,1,"A sheriff","Emeralds",49,"Male",1
"162","3",12,42,1,0.3,1,1,"A sheriff","Emeralds",49,"Male",1
"162","3",13,55,1,0.3,0,1,"A sheriff","Emeralds",49,"Male",1
"162","3",14,70,2,0.7,0,1,"A sheriff","Emeralds",49,"Male",1
"162","3",15,30,2,0.7,1,0,"A sheriff","Emeralds",49,"Male",1
"162","3",16,66,1,0.3,0,0,"A sheriff","Emeralds",49,"Male",1
"162","3",17,17,2,0.7,1,0,"A sheriff","Emeralds",49,"Male",1
"162","3",18,18,2,0.7,1,0,"A sheriff","Emeralds",49,"Male",1
"162","3",19,22,2,0.7,1,0,"A sheriff","Emeralds",49,"Male",1
"162","3",20,20,2,0.7,1,0,"A sheriff","Emeralds",49,"Male",1
"162","3",21,24,1,0.3,1,1,"A sheriff","Emeralds",49,"Male",1
"162","3",22,54,1,0.3,0,0,"A sheriff","Emeralds",49,"Male",1
"162","3",23,31,2,0.7,1,0,"A sheriff","Emeralds",49,"Male",1
"162","3",24,28,2,0.7,1,0,"A sheriff","Emeralds",49,"Male",1
"162","3",25,25,2,0.7,1,0,"A sheriff","Emeralds",49,"Male",1
"162","3",26,60,2,0.7,0,0,"A sheriff","Emeralds",49,"Male",1
"162","3",27,30,1,0.3,1,0,"A sheriff","Emeralds",49,"Male",1
"162","3",28,32,1,0.3,1,1,"A sheriff","Emeralds",49,"Male",1
"162","3",29,64,2,0.7,0,0,"A sheriff","Emeralds",49,"Male",1
"162","3",30,66,2,0.7,0,1,"A sheriff","Emeralds",49,"Male",1
"162","3",31,15,1,0.3,1,0,"A sheriff","Emeralds",49,"Male",1
"162","3",32,28,1,0.3,1,1,"A sheriff","Emeralds",49,"Male",1
"162","3",33,24,1,0.3,1,0,"A sheriff","Emeralds",49,"Male",1
"162","3",34,68,2,0.7,0,0,"A sheriff","Emeralds",49,"Male",1
"162","3",35,21,1,0.3,1,1,"A sheriff","Emeralds",49,"Male",1
"162","3",36,59,1,0.3,0,0,"A sheriff","Emeralds",49,"Male",1
"162","3",37,67,2,0.7,0,0,"A sheriff","Emeralds",49,"Male",1
"162","3",38,61,2,0.7,0,1,"A sheriff","Emeralds",49,"Male",1
"162","3",39,85,2,0.7,0,0,"A sheriff","Emeralds",49,"Male",1
"162","3",40,38,1,0.3,1,0,"A sheriff","Emeralds",49,"Male",1
"162","3",41,66,1,0.3,0,0,"A sheriff","Emeralds",49,"Male",1
"162","3",42,11,2,0.7,1,0,"A sheriff","Emeralds",49,"Male",1
"162","3",43,65,2,0.7,0,0,"A sheriff","Emeralds",49,"Male",1
"162","3",44,64,2,0.7,0,0,"A sheriff","Emeralds",49,"Male",1
"162","3",45,61,1,0.3,0,0,"A sheriff","Emeralds",49,"Male",1
"162","3",46,64,2,0.7,0,0,"A sheriff","Emeralds",49,"Male",1
"162","3",47,16,2,0.7,1,0,"A sheriff","Emeralds",49,"Male",1
"162","3",48,23,2,0.7,1,1,"A sheriff","Emeralds",49,"Male",1
"162","3",49,24,2,0.7,1,0,"A sheriff","Emeralds",49,"Male",1
"162","3",50,21,2,0.7,1,0,"A sheriff","Emeralds",49,"Male",1
"163","2",1,88,1,0.3,1,0,"A tycoon","Emeralds",38,"Female",1
"163","2",2,36,1,0.3,0,0,"A tycoon","Emeralds",38,"Female",1
"163","2",3,65,2,0.7,1,1,"A tycoon","Emeralds",38,"Female",1
"163","2",4,79,2,0.7,1,1,"A tycoon","Emeralds",38,"Female",1
"163","2",5,85,2,0.7,1,1,"A tycoon","Emeralds",38,"Female",1
"163","2",6,63,2,0.7,1,0,"A tycoon","Emeralds",38,"Female",1
"163","2",7,67,1,0.3,1,0,"A tycoon","Emeralds",38,"Female",1
"163","2",8,74,2,0.7,1,1,"A tycoon","Emeralds",38,"Female",1
"163","2",9,27,1,0.3,0,0,"A tycoon","Emeralds",38,"Female",1
"163","2",10,15,2,0.7,0,0,"A tycoon","Emeralds",38,"Female",1
"163","2",11,71,2,0.7,1,0,"A tycoon","Emeralds",38,"Female",1
"163","2",12,75,2,0.7,1,0,"A tycoon","Emeralds",38,"Female",1
"163","2",13,20,2,0.7,0,0,"A tycoon","Emeralds",38,"Female",1
"163","2",14,10,1,0.3,0,0,"A tycoon","Emeralds",38,"Female",1
"163","2",15,70,2,0.7,1,0,"A tycoon","Emeralds",38,"Female",1
"163","2",16,27,2,0.7,0,0,"A tycoon","Emeralds",38,"Female",1
"163","2",17,73,1,0.3,1,0,"A tycoon","Emeralds",38,"Female",1
"163","2",18,32,1,0.3,0,0,"A tycoon","Emeralds",38,"Female",1
"163","2",19,73,2,0.7,1,1,"A tycoon","Emeralds",38,"Female",1
"163","2",20,79,2,0.7,1,0,"A tycoon","Emeralds",38,"Female",1
"163","2",21,73,2,0.7,1,0,"A tycoon","Emeralds",38,"Female",1
"163","2",22,79,2,0.7,1,0,"A tycoon","Emeralds",38,"Female",1
"163","2",23,84,2,0.7,1,0,"A tycoon","Emeralds",38,"Female",1
"163","2",24,84,2,0.7,1,0,"A tycoon","Emeralds",38,"Female",1
"163","2",25,21,2,0.7,0,0,"A tycoon","Emeralds",38,"Female",1
"163","2",26,11,2,0.7,0,0,"A tycoon","Emeralds",38,"Female",1
"163","2",27,86,1,0.3,1,1,"A tycoon","Emeralds",38,"Female",1
"163","2",28,89,1,0.3,1,0,"A tycoon","Emeralds",38,"Female",1
"163","2",29,8,2,0.7,0,0,"A tycoon","Emeralds",38,"Female",1
"163","2",30,13,1,0.3,0,0,"A tycoon","Emeralds",38,"Female",1
"163","2",31,9,1,0.3,0,0,"A tycoon","Emeralds",38,"Female",1
"163","2",32,83,2,0.7,1,0,"A tycoon","Emeralds",38,"Female",1
"163","2",33,84,2,0.7,1,1,"A tycoon","Emeralds",38,"Female",1
"163","2",34,10,2,0.7,0,0,"A tycoon","Emeralds",38,"Female",1
"163","2",35,25,1,0.3,0,0,"A tycoon","Emeralds",38,"Female",1
"163","2",36,50,2,0.7,1,1,"A tycoon","Emeralds",38,"Female",1
"163","2",37,78,2,0.7,1,0,"A tycoon","Emeralds",38,"Female",1
"163","2",38,79,1,0.3,1,1,"A tycoon","Emeralds",38,"Female",1
"163","2",39,82,1,0.3,1,1,"A tycoon","Emeralds",38,"Female",1
"163","2",40,59,2,0.7,1,0,"A tycoon","Emeralds",38,"Female",1
"163","2",41,67,2,0.7,1,0,"A tycoon","Emeralds",38,"Female",1
"163","2",42,68,1,0.3,1,0,"A tycoon","Emeralds",38,"Female",1
"163","2",43,63,1,0.3,1,0,"A tycoon","Emeralds",38,"Female",1
"163","2",44,75,2,0.7,1,1,"A tycoon","Emeralds",38,"Female",1
"163","2",45,75,2,0.7,1,1,"A tycoon","Emeralds",38,"Female",1
"163","2",46,74,2,0.7,1,1,"A tycoon","Emeralds",38,"Female",1
"163","2",47,78,2,0.7,1,0,"A tycoon","Emeralds",38,"Female",1
"163","2",48,79,1,0.3,1,1,"A tycoon","Emeralds",38,"Female",1
"163","2",49,66,1,0.3,1,1,"A tycoon","Emeralds",38,"Female",1
"163","2",50,78,2,0.7,1,0,"A tycoon","Emeralds",38,"Female",1
"164","1",1,0,2,0.7,1,0,"A bandit","Emeralds",35,"Female",1
"164","1",2,0,2,0.7,1,0,"A bandit","Emeralds",35,"Female",1
"164","1",3,0,2,0.7,1,0,"A bandit","Emeralds",35,"Female",1
"164","1",4,63,2,0.7,0,1,"A bandit","Emeralds",35,"Female",1
"164","1",5,75,1,0.3,0,0,"A bandit","Emeralds",35,"Female",1
"164","1",6,49,2,0.7,0,1,"A bandit","Emeralds",35,"Female",1
"164","1",7,56,2,0.7,0,0,"A bandit","Emeralds",35,"Female",1
"164","1",8,33,2,0.7,0,0,"A bandit","Emeralds",35,"Female",1
"164","1",9,1,1,0.3,0,0,"A bandit","Emeralds",35,"Female",1
"164","1",10,29,2,0.7,0,0,"A bandit","Emeralds",35,"Female",1
"164","1",11,11,2,0.7,0,1,"A bandit","Emeralds",35,"Female",1
"164","1",12,0,1,0.3,0,0,"A bandit","Emeralds",35,"Female",1
"164","1",13,0,2,0.7,1,0,"A bandit","Emeralds",35,"Female",1
"164","1",14,0,2,0.7,0,0,"A bandit","Emeralds",35,"Female",1
"164","1",15,5,2,0.7,0,1,"A bandit","Emeralds",35,"Female",1
"164","1",16,0,2,0.7,1,0,"A bandit","Emeralds",35,"Female",1
"164","1",17,3,2,0.7,0,0,"A bandit","Emeralds",35,"Female",1
"164","1",18,0,2,0.7,1,0,"A bandit","Emeralds",35,"Female",1
"164","1",19,6,2,0.7,0,0,"A bandit","Emeralds",35,"Female",1
"164","1",20,6,2,0.7,0,1,"A bandit","Emeralds",35,"Female",1
"164","1",21,5,2,0.7,0,1,"A bandit","Emeralds",35,"Female",1
"164","1",22,5,2,0.7,0,1,"A bandit","Emeralds",35,"Female",1
"164","1",23,0,1,0.3,0,0,"A bandit","Emeralds",35,"Female",1
"164","1",24,12,2,0.7,0,0,"A bandit","Emeralds",35,"Female",1
"164","1",25,8,2,0.7,0,1,"A bandit","Emeralds",35,"Female",1
"164","1",26,3,2,0.7,0,0,"A bandit","Emeralds",35,"Female",1
"164","1",27,8,2,0.7,0,1,"A bandit","Emeralds",35,"Female",1
"164","1",28,0,2,0.7,0,1,"A bandit","Emeralds",35,"Female",1
"164","1",29,0,2,0.7,1,0,"A bandit","Emeralds",35,"Female",1
"164","1",30,1,2,0.7,0,1,"A bandit","Emeralds",35,"Female",1
"164","1",31,1,2,0.7,1,0,"A bandit","Emeralds",35,"Female",1
"164","1",32,0,2,0.7,1,0,"A bandit","Emeralds",35,"Female",1
"164","1",33,3,2,0.7,0,0,"A bandit","Emeralds",35,"Female",1
"164","1",34,0,2,0.7,1,0,"A bandit","Emeralds",35,"Female",1
"164","1",35,0,2,0.7,1,0,"A bandit","Emeralds",35,"Female",1
"164","1",36,0,2,0.7,0,0,"A bandit","Emeralds",35,"Female",1
"164","1",37,8,2,0.7,0,0,"A bandit","Emeralds",35,"Female",1
"164","1",38,0,2,0.7,1,0,"A bandit","Emeralds",35,"Female",1
"164","1",39,7,2,0.7,0,0,"A bandit","Emeralds",35,"Female",1
"164","1",40,5,2,0.7,0,1,"A bandit","Emeralds",35,"Female",1
"164","1",41,0,2,0.7,1,0,"A bandit","Emeralds",35,"Female",1
"164","1",42,0,2,0.7,1,0,"A bandit","Emeralds",35,"Female",1
"164","1",43,0,2,0.7,1,0,"A bandit","Emeralds",35,"Female",1
"164","1",44,9,2,0.7,0,0,"A bandit","Emeralds",35,"Female",1
"164","1",45,7,2,0.7,0,1,"A bandit","Emeralds",35,"Female",1
"164","1",46,3,2,0.7,0,1,"A bandit","Emeralds",35,"Female",1
"164","1",47,7,2,0.7,0,0,"A bandit","Emeralds",35,"Female",1
"164","1",48,7,2,0.7,0,0,"A bandit","Emeralds",35,"Female",1
"164","1",49,0,2,0.7,1,0,"A bandit","Emeralds",35,"Female",1
"164","1",50,4,2,0.7,0,1,"A bandit","Emeralds",35,"Female",1
"165","2",1,64,2,0.7,1,1,"A sheriff","Emeralds",26,"Male",0
"165","2",2,63,1,0.3,1,1,"A sheriff","Emeralds",26,"Male",0
"165","2",3,58,1,0.3,0,0,"A sheriff","Emeralds",26,"Male",0
"165","2",4,62,2,0.7,1,0,"A sheriff","Emeralds",26,"Male",0
"165","2",5,67,2,0.7,1,1,"A sheriff","Emeralds",26,"Male",0
"165","2",6,62,2,0.7,1,0,"A sheriff","Emeralds",26,"Male",0
"165","2",7,60,2,0.7,1,0,"A sheriff","Emeralds",26,"Male",0
"165","2",8,57,2,0.7,0,0,"A sheriff","Emeralds",26,"Male",0
"165","2",9,5,2,0.7,1,1,"A sheriff","Emeralds",26,"Male",0
"165","2",10,30,2,0.7,1,0,"A sheriff","Emeralds",26,"Male",0
"165","2",11,46,2,0.7,0,0,"A sheriff","Emeralds",26,"Male",0
"165","2",12,38,2,0.7,1,0,"A sheriff","Emeralds",26,"Male",0
"165","2",13,38,2,0.7,1,1,"A sheriff","Emeralds",26,"Male",0
"165","2",14,46,2,0.7,1,0,"A sheriff","Emeralds",26,"Male",0
"165","2",15,62,2,0.7,1,1,"A sheriff","Emeralds",26,"Male",0
"165","2",16,62,2,0.7,1,1,"A sheriff","Emeralds",26,"Male",0
"165","2",17,60,2,0.7,1,1,"A sheriff","Emeralds",26,"Male",0
"165","2",18,71,2,0.7,1,0,"A sheriff","Emeralds",26,"Male",0
"165","2",19,31,2,0.7,1,1,"A sheriff","Emeralds",26,"Male",0
"165","2",20,67,2,0.7,1,1,"A sheriff","Emeralds",26,"Male",0
"165","2",21,62,2,0.7,1,0,"A sheriff","Emeralds",26,"Male",0
"165","2",22,59,2,0.7,0,0,"A sheriff","Emeralds",26,"Male",0
"165","2",23,62,2,0.7,1,0,"A sheriff","Emeralds",26,"Male",0
"165","2",24,57,2,0.7,1,0,"A sheriff","Emeralds",26,"Male",0
"165","2",25,55,2,0.7,0,0,"A sheriff","Emeralds",26,"Male",0
"165","2",26,55,2,0.7,1,1,"A sheriff","Emeralds",26,"Male",0
"165","2",27,60,2,0.7,1,0,"A sheriff","Emeralds",26,"Male",0
"165","2",28,57,2,0.7,0,0,"A sheriff","Emeralds",26,"Male",0
"165","2",29,59,2,0.7,1,0,"A sheriff","Emeralds",26,"Male",0
"165","2",30,59,2,0.7,1,1,"A sheriff","Emeralds",26,"Male",0
"165","2",31,60,2,0.7,0,0,"A sheriff","Emeralds",26,"Male",0
"165","2",32,64,2,0.7,1,1,"A sheriff","Emeralds",26,"Male",0
"165","2",33,65,2,0.7,1,0,"A sheriff","Emeralds",26,"Male",0
"165","2",34,48,2,0.7,1,0,"A sheriff","Emeralds",26,"Male",0
"165","2",35,63,2,0.7,1,0,"A sheriff","Emeralds",26,"Male",0
"165","2",36,56,2,0.7,0,0,"A sheriff","Emeralds",26,"Male",0
"165","2",37,55,2,0.7,1,0,"A sheriff","Emeralds",26,"Male",0
"165","2",38,66,2,0.7,1,0,"A sheriff","Emeralds",26,"Male",0
"165","2",39,62,2,0.7,1,0,"A sheriff","Emeralds",26,"Male",0
"165","2",40,58,2,0.7,1,0,"A sheriff","Emeralds",26,"Male",0
"165","2",41,66,2,0.7,1,0,"A sheriff","Emeralds",26,"Male",0
"165","2",42,58,2,0.7,1,0,"A sheriff","Emeralds",26,"Male",0
"165","2",43,66,2,0.7,1,0,"A sheriff","Emeralds",26,"Male",0
"165","2",44,62,2,0.7,0,0,"A sheriff","Emeralds",26,"Male",0
"165","2",45,64,2,0.7,1,1,"A sheriff","Emeralds",26,"Male",0
"165","2",46,58,2,0.7,1,0,"A sheriff","Emeralds",26,"Male",0
"165","2",47,55,2,0.7,0,0,"A sheriff","Emeralds",26,"Male",0
"165","2",48,62,2,0.7,0,0,"A sheriff","Emeralds",26,"Male",0
"165","2",49,56,2,0.7,1,1,"A sheriff","Emeralds",26,"Male",0
"165","2",50,57,2,0.7,0,0,"A sheriff","Emeralds",26,"Male",0
"166","2",1,2,1,0.7,1,1,"A tycoon","Emeralds",36,"Male",1
"166","2",2,3,1,0.7,1,1,"A tycoon","Emeralds",36,"Male",1
"166","2",3,2,2,0.3,1,0,"A tycoon","Emeralds",36,"Male",1
"166","2",4,4,2,0.3,1,1,"A tycoon","Emeralds",36,"Male",1
"166","2",5,0,1,0.7,0,0,"A tycoon","Emeralds",36,"Male",1
"166","2",6,0,2,0.3,0,0,"A tycoon","Emeralds",36,"Male",1
"166","2",7,0,2,0.3,1,1,"A tycoon","Emeralds",36,"Male",1
"166","2",8,0,1,0.7,0,0,"A tycoon","Emeralds",36,"Male",1
"166","2",9,1,1,0.7,1,1,"A tycoon","Emeralds",36,"Male",1
"166","2",10,1,2,0.3,0,0,"A tycoon","Emeralds",36,"Male",1
"166","2",11,1,1,0.7,0,0,"A tycoon","Emeralds",36,"Male",1
"166","2",12,1,1,0.7,1,0,"A tycoon","Emeralds",36,"Male",1
"166","2",13,1,1,0.7,0,0,"A tycoon","Emeralds",36,"Male",1
"166","2",14,1,1,0.7,1,1,"A tycoon","Emeralds",36,"Male",1
"166","2",15,0,1,0.7,1,1,"A tycoon","Emeralds",36,"Male",1
"166","2",16,0,1,0.7,1,0,"A tycoon","Emeralds",36,"Male",1
"166","2",17,1,1,0.7,1,0,"A tycoon","Emeralds",36,"Male",1
"166","2",18,2,1,0.7,1,0,"A tycoon","Emeralds",36,"Male",1
"166","2",19,0,1,0.7,1,0,"A tycoon","Emeralds",36,"Male",1
"166","2",20,1,2,0.3,0,0,"A tycoon","Emeralds",36,"Male",1
"166","2",21,0,1,0.7,1,0,"A tycoon","Emeralds",36,"Male",1
"166","2",22,1,1,0.7,1,0,"A tycoon","Emeralds",36,"Male",1
"166","2",23,0,1,0.7,1,0,"A tycoon","Emeralds",36,"Male",1
"166","2",24,0,1,0.7,0,0,"A tycoon","Emeralds",36,"Male",1
"166","2",25,0,1,0.7,0,0,"A tycoon","Emeralds",36,"Male",1
"166","2",26,1,1,0.7,1,0,"A tycoon","Emeralds",36,"Male",1
"166","2",27,1,1,0.7,0,0,"A tycoon","Emeralds",36,"Male",1
"166","2",28,2,2,0.3,1,0,"A tycoon","Emeralds",36,"Male",1
"166","2",29,1,2,0.3,1,1,"A tycoon","Emeralds",36,"Male",1
"166","2",30,0,2,0.3,1,0,"A tycoon","Emeralds",36,"Male",1
"166","2",31,1,2,0.3,1,1,"A tycoon","Emeralds",36,"Male",1
"166","2",32,0,2,0.3,0,0,"A tycoon","Emeralds",36,"Male",1
"166","2",33,1,2,0.3,1,1,"A tycoon","Emeralds",36,"Male",1
"166","2",34,0,2,0.3,1,1,"A tycoon","Emeralds",36,"Male",1
"166","2",35,0,2,0.3,1,0,"A tycoon","Emeralds",36,"Male",1
"166","2",36,1,2,0.3,0,0,"A tycoon","Emeralds",36,"Male",1
"166","2",37,0,1,0.7,0,0,"A tycoon","Emeralds",36,"Male",1
"166","2",38,0,2,0.3,0,0,"A tycoon","Emeralds",36,"Male",1
"166","2",39,0,1,0.7,1,1,"A tycoon","Emeralds",36,"Male",1
"166","2",40,1,1,0.7,0,0,"A tycoon","Emeralds",36,"Male",1
"166","2",41,2,1,0.7,1,0,"A tycoon","Emeralds",36,"Male",1
"166","2",42,1,1,0.7,1,1,"A tycoon","Emeralds",36,"Male",1
"166","2",43,2,1,0.7,1,0,"A tycoon","Emeralds",36,"Male",1
"166","2",44,0,1,0.7,1,1,"A tycoon","Emeralds",36,"Male",1
"166","2",45,1,1,0.7,0,0,"A tycoon","Emeralds",36,"Male",1
"166","2",46,0,1,0.7,0,0,"A tycoon","Emeralds",36,"Male",1
"166","2",47,0,2,0.3,1,1,"A tycoon","Emeralds",36,"Male",1
"166","2",48,1,2,0.3,0,0,"A tycoon","Emeralds",36,"Male",1
"166","2",49,0,1,0.7,1,0,"A tycoon","Emeralds",36,"Male",1
"166","2",50,0,1,0.7,1,0,"A tycoon","Emeralds",36,"Male",1
"167","1",1,73,1,0.7,1,0,"A bandit","Emeralds",49,"Male",1
"167","1",2,54,2,0.3,0,1,"A bandit","Emeralds",49,"Male",1
"167","1",3,56,1,0.7,0,1,"A bandit","Emeralds",49,"Male",1
"167","1",4,58,2,0.3,1,0,"A bandit","Emeralds",49,"Male",1
"167","1",5,58,1,0.7,1,0,"A bandit","Emeralds",49,"Male",1
"167","1",6,56,1,0.7,1,0,"A bandit","Emeralds",49,"Male",1
"167","1",7,55,1,0.7,1,0,"A bandit","Emeralds",49,"Male",1
"167","1",8,56,1,0.7,0,1,"A bandit","Emeralds",49,"Male",1
"167","1",9,61,2,0.3,0,1,"A bandit","Emeralds",49,"Male",1
"167","1",10,59,1,0.7,0,0,"A bandit","Emeralds",49,"Male",1
"167","1",11,57,2,0.3,0,1,"A bandit","Emeralds",49,"Male",1
"167","1",12,63,2,0.3,0,0,"A bandit","Emeralds",49,"Male",1
"167","1",13,63,1,0.7,1,0,"A bandit","Emeralds",49,"Male",1
"167","1",14,60,2,0.3,0,1,"A bandit","Emeralds",49,"Male",1
"167","1",15,60,1,0.7,0,1,"A bandit","Emeralds",49,"Male",1
"167","1",16,61,1,0.7,0,1,"A bandit","Emeralds",49,"Male",1
"167","1",17,57,1,0.7,0,0,"A bandit","Emeralds",49,"Male",1
"167","1",18,61,2,0.3,0,0,"A bandit","Emeralds",49,"Male",1
"167","1",19,54,1,0.7,0,0,"A bandit","Emeralds",49,"Male",1
"167","1",20,59,2,0.3,1,0,"A bandit","Emeralds",49,"Male",1
"167","1",21,66,1,0.7,0,1,"A bandit","Emeralds",49,"Male",1
"167","1",22,60,2,0.3,0,1,"A bandit","Emeralds",49,"Male",1
"167","1",23,60,1,0.7,0,0,"A bandit","Emeralds",49,"Male",1
"167","1",24,59,1,0.7,1,0,"A bandit","Emeralds",49,"Male",1
"167","1",25,62,1,0.7,1,0,"A bandit","Emeralds",49,"Male",1
"167","1",26,62,1,0.7,0,0,"A bandit","Emeralds",49,"Male",1
"167","1",27,62,2,0.3,1,0,"A bandit","Emeralds",49,"Male",1
"167","1",28,53,1,0.7,0,0,"A bandit","Emeralds",49,"Male",1
"167","1",29,62,1,0.7,1,0,"A bandit","Emeralds",49,"Male",1
"167","1",30,60,2,0.3,0,0,"A bandit","Emeralds",49,"Male",1
"167","1",31,63,1,0.7,1,0,"A bandit","Emeralds",49,"Male",1
"167","1",32,57,1,0.7,0,1,"A bandit","Emeralds",49,"Male",1
"167","1",33,54,2,0.3,0,0,"A bandit","Emeralds",49,"Male",1
"167","1",34,65,1,0.7,1,0,"A bandit","Emeralds",49,"Male",1
"167","1",35,57,1,0.7,1,0,"A bandit","Emeralds",49,"Male",1
"167","1",36,54,2,0.3,0,0,"A bandit","Emeralds",49,"Male",1
"167","1",37,56,1,0.7,0,1,"A bandit","Emeralds",49,"Male",1
"167","1",38,67,2,0.3,1,0,"A bandit","Emeralds",49,"Male",1
"167","1",39,68,1,0.7,1,0,"A bandit","Emeralds",49,"Male",1
"167","1",40,56,1,0.7,0,1,"A bandit","Emeralds",49,"Male",1
"167","1",41,62,2,0.3,0,0,"A bandit","Emeralds",49,"Male",1
"167","1",42,56,1,0.7,0,0,"A bandit","Emeralds",49,"Male",1
"167","1",43,53,1,0.7,1,0,"A bandit","Emeralds",49,"Male",1
"167","1",44,64,1,0.7,1,0,"A bandit","Emeralds",49,"Male",1
"167","1",45,61,1,0.7,1,0,"A bandit","Emeralds",49,"Male",1
"167","1",46,61,1,0.7,0,1,"A bandit","Emeralds",49,"Male",1
"167","1",47,61,1,0.7,1,0,"A bandit","Emeralds",49,"Male",1
"167","1",48,88,1,0.7,1,0,"A bandit","Emeralds",49,"Male",1
"167","1",49,88,1,0.7,1,0,"A bandit","Emeralds",49,"Male",1
"167","1",50,61,2,0.3,0,1,"A bandit","Emeralds",49,"Male",1
"168","3",1,18,1,0.7,1,0,"A sheriff","Emeralds",32,"Male",1
"168","3",2,54,1,0.7,0,0,"A sheriff","Emeralds",32,"Male",1
"168","3",3,47,2,0.3,0,0,"A sheriff","Emeralds",32,"Male",1
"168","3",4,80,1,0.7,0,1,"A sheriff","Emeralds",32,"Male",1
"168","3",5,61,1,0.7,0,0,"A sheriff","Emeralds",32,"Male",1
"168","3",6,41,2,0.3,1,0,"A sheriff","Emeralds",32,"Male",1
"168","3",7,13,2,0.3,1,1,"A sheriff","Emeralds",32,"Male",1
"168","3",8,68,2,0.3,0,1,"A sheriff","Emeralds",32,"Male",1
"168","3",9,11,2,0.3,1,1,"A sheriff","Emeralds",32,"Male",1
"168","3",10,77,2,0.3,0,0,"A sheriff","Emeralds",32,"Male",1
"168","3",11,60,2,0.3,0,0,"A sheriff","Emeralds",32,"Male",1
"168","3",12,27,2,0.3,1,0,"A sheriff","Emeralds",32,"Male",1
"168","3",13,89,2,0.3,0,1,"A sheriff","Emeralds",32,"Male",1
"168","3",14,78,1,0.7,1,0,"A sheriff","Emeralds",32,"Male",1
"168","3",15,72,2,0.3,0,0,"A sheriff","Emeralds",32,"Male",1
"168","3",16,47,1,0.7,1,0,"A sheriff","Emeralds",32,"Male",1
"168","3",17,26,1,0.7,1,1,"A sheriff","Emeralds",32,"Male",1
"168","3",18,71,1,0.7,0,0,"A sheriff","Emeralds",32,"Male",1
"168","3",19,12,1,0.7,1,0,"A sheriff","Emeralds",32,"Male",1
"168","3",20,14,1,0.7,1,1,"A sheriff","Emeralds",32,"Male",1
"168","3",21,5,1,0.7,1,0,"A sheriff","Emeralds",32,"Male",1
"168","3",22,78,1,0.7,0,0,"A sheriff","Emeralds",32,"Male",1
"168","3",23,6,1,0.7,1,0,"A sheriff","Emeralds",32,"Male",1
"168","3",24,90,1,0.7,0,1,"A sheriff","Emeralds",32,"Male",1
"168","3",25,5,1,0.7,1,0,"A sheriff","Emeralds",32,"Male",1
"168","3",26,2,1,0.7,1,0,"A sheriff","Emeralds",32,"Male",1
"168","3",27,93,1,0.7,0,1,"A sheriff","Emeralds",32,"Male",1
"168","3",28,49,2,0.3,0,0,"A sheriff","Emeralds",32,"Male",1
"168","3",29,90,1,0.7,0,1,"A sheriff","Emeralds",32,"Male",1
"168","3",30,6,1,0.7,1,0,"A sheriff","Emeralds",32,"Male",1
"168","3",31,88,1,0.7,1,0,"A sheriff","Emeralds",32,"Male",1
"168","3",32,7,1,0.7,0,0,"A sheriff","Emeralds",32,"Male",1
"168","3",33,75,1,0.7,0,0,"A sheriff","Emeralds",32,"Male",1
"168","3",34,98,1,0.7,0,0,"A sheriff","Emeralds",32,"Male",1
"168","3",35,5,1,0.7,1,0,"A sheriff","Emeralds",32,"Male",1
"168","3",36,2,1,0.7,1,0,"A sheriff","Emeralds",32,"Male",1
"168","3",37,97,1,0.7,0,1,"A sheriff","Emeralds",32,"Male",1
"168","3",38,28,2,0.3,0,0,"A sheriff","Emeralds",32,"Male",1
"168","3",39,99,1,0.7,0,0,"A sheriff","Emeralds",32,"Male",1
"168","3",40,98,1,0.7,0,0,"A sheriff","Emeralds",32,"Male",1
"168","3",41,2,1,0.7,1,0,"A sheriff","Emeralds",32,"Male",1
"168","3",42,2,1,0.7,1,1,"A sheriff","Emeralds",32,"Male",1
"168","3",43,3,1,0.7,1,1,"A sheriff","Emeralds",32,"Male",1
"168","3",44,2,1,0.7,1,1,"A sheriff","Emeralds",32,"Male",1
"168","3",45,1,1,0.7,1,0,"A sheriff","Emeralds",32,"Male",1
"168","3",46,1,1,0.7,1,0,"A sheriff","Emeralds",32,"Male",1
"168","3",47,2,1,0.7,1,0,"A sheriff","Emeralds",32,"Male",1
"168","3",48,98,1,0.7,0,1,"A sheriff","Emeralds",32,"Male",1
"168","3",49,98,1,0.7,0,0,"A sheriff","Emeralds",32,"Male",1
"168","3",50,100,1,0.7,0,0,"A sheriff","Emeralds",32,"Male",1
"169","3",1,30,1,0.7,0,0,"A sheriff","Emeralds",41,"Female",1
"169","3",2,55,2,0.3,0,0,"A sheriff","Emeralds",41,"Female",1
"169","3",3,35,2,0.3,1,1,"A sheriff","Emeralds",41,"Female",1
"169","3",4,60,2,0.3,0,0,"A sheriff","Emeralds",41,"Female",1
"169","3",5,32,1,0.7,0,1,"A sheriff","Emeralds",41,"Female",1
"169","3",6,60,2,0.3,0,1,"A sheriff","Emeralds",41,"Female",1
"169","3",7,57,2,0.3,0,0,"A sheriff","Emeralds",41,"Female",1
"169","3",8,35,1,0.7,1,1,"A sheriff","Emeralds",41,"Female",1
"169","3",9,27,1,0.7,1,0,"A sheriff","Emeralds",41,"Female",1
"169","3",10,21,1,0.7,1,0,"A sheriff","Emeralds",41,"Female",1
"169","3",11,21,1,0.7,1,0,"A sheriff","Emeralds",41,"Female",1
"169","3",12,16,1,0.7,1,0,"A sheriff","Emeralds",41,"Female",1
"169","3",13,67,1,0.7,0,0,"A sheriff","Emeralds",41,"Female",1
"169","3",14,19,1,0.7,1,0,"A sheriff","Emeralds",41,"Female",1
"169","3",15,65,1,0.7,0,0,"A sheriff","Emeralds",41,"Female",1
"169","3",16,23,1,0.7,1,0,"A sheriff","Emeralds",41,"Female",1
"169","3",17,28,1,0.7,1,0,"A sheriff","Emeralds",41,"Female",1
"169","3",18,73,1,0.7,0,1,"A sheriff","Emeralds",41,"Female",1
"169","3",19,21,1,0.7,1,0,"A sheriff","Emeralds",41,"Female",1
"169","3",20,65,1,0.7,0,1,"A sheriff","Emeralds",41,"Female",1
"169","3",21,21,1,0.7,1,0,"A sheriff","Emeralds",41,"Female",1
"169","3",22,71,1,0.7,0,0,"A sheriff","Emeralds",41,"Female",1
"169","3",23,69,1,0.7,0,1,"A sheriff","Emeralds",41,"Female",1
"169","3",24,19,1,0.7,1,0,"A sheriff","Emeralds",41,"Female",1
"169","3",25,16,1,0.7,1,0,"A sheriff","Emeralds",41,"Female",1
"169","3",26,9,1,0.7,1,0,"A sheriff","Emeralds",41,"Female",1
"169","3",27,9,1,0.7,1,0,"A sheriff","Emeralds",41,"Female",1
"169","3",28,74,1,0.7,0,0,"A sheriff","Emeralds",41,"Female",1
"169","3",29,70,1,0.7,0,0,"A sheriff","Emeralds",41,"Female",1
"169","3",30,9,1,0.7,1,0,"A sheriff","Emeralds",41,"Female",1
"169","3",31,11,1,0.7,1,0,"A sheriff","Emeralds",41,"Female",1
"169","3",32,8,1,0.7,1,0,"A sheriff","Emeralds",41,"Female",1
"169","3",33,78,1,0.7,0,1,"A sheriff","Emeralds",41,"Female",1
"169","3",34,84,1,0.7,0,1,"A sheriff","Emeralds",41,"Female",1
"169","3",35,5,1,0.7,1,0,"A sheriff","Emeralds",41,"Female",1
"169","3",36,77,1,0.7,0,1,"A sheriff","Emeralds",41,"Female",1
"169","3",37,80,1,0.7,0,0,"A sheriff","Emeralds",41,"Female",1
"169","3",38,10,1,0.7,1,1,"A sheriff","Emeralds",41,"Female",1
"169","3",39,11,1,0.7,1,0,"A sheriff","Emeralds",41,"Female",1
"169","3",40,7,1,0.7,1,1,"A sheriff","Emeralds",41,"Female",1
"169","3",41,7,1,0.7,1,0,"A sheriff","Emeralds",41,"Female",1
"169","3",42,6,1,0.7,1,1,"A sheriff","Emeralds",41,"Female",1
"169","3",43,80,1,0.7,0,0,"A sheriff","Emeralds",41,"Female",1
"169","3",44,80,1,0.7,0,1,"A sheriff","Emeralds",41,"Female",1
"169","3",45,6,1,0.7,1,0,"A sheriff","Emeralds",41,"Female",1
"169","3",46,7,1,0.7,1,1,"A sheriff","Emeralds",41,"Female",1
"169","3",47,83,1,0.7,0,0,"A sheriff","Emeralds",41,"Female",1
"169","3",48,87,1,0.7,0,0,"A sheriff","Emeralds",41,"Female",1
"169","3",49,10,1,0.7,1,0,"A sheriff","Emeralds",41,"Female",1
"169","3",50,9,1,0.7,1,0,"A sheriff","Emeralds",41,"Female",1
"170","1",1,16,1,0.7,1,0,"A bandit","Emeralds",32,"Female",1
"170","1",2,55,1,0.7,0,1,"A bandit","Emeralds",32,"Female",1
"170","1",3,56,2,0.3,0,0,"A bandit","Emeralds",32,"Female",1
"170","1",4,6,1,0.7,1,0,"A bandit","Emeralds",32,"Female",1
"170","1",5,9,1,0.7,1,0,"A bandit","Emeralds",32,"Female",1
"170","1",6,79,1,0.7,0,0,"A bandit","Emeralds",32,"Female",1
"170","1",7,39,2,0.3,0,1,"A bandit","Emeralds",32,"Female",1
"170","1",8,11,1,0.7,1,0,"A bandit","Emeralds",32,"Female",1
"170","1",9,7,1,0.7,1,0,"A bandit","Emeralds",32,"Female",1
"170","1",10,72,1,0.7,0,0,"A bandit","Emeralds",32,"Female",1
"170","1",11,76,1,0.7,1,0,"A bandit","Emeralds",32,"Female",1
"170","1",12,8,1,0.7,1,0,"A bandit","Emeralds",32,"Female",1
"170","1",13,6,1,0.7,1,0,"A bandit","Emeralds",32,"Female",1
"170","1",14,5,1,0.7,1,0,"A bandit","Emeralds",32,"Female",1
"170","1",15,74,1,0.7,0,1,"A bandit","Emeralds",32,"Female",1
"170","1",16,83,1,0.7,0,1,"A bandit","Emeralds",32,"Female",1
"170","1",17,84,1,0.7,0,0,"A bandit","Emeralds",32,"Female",1
"170","1",18,7,1,0.7,1,0,"A bandit","Emeralds",32,"Female",1
"170","1",19,9,1,0.7,1,0,"A bandit","Emeralds",32,"Female",1
"170","1",20,79,1,0.7,0,1,"A bandit","Emeralds",32,"Female",1
"170","1",21,7,1,0.7,1,0,"A bandit","Emeralds",32,"Female",1
"170","1",22,7,1,0.7,1,0,"A bandit","Emeralds",32,"Female",1
"170","1",23,6,1,0.7,1,0,"A bandit","Emeralds",32,"Female",1
"170","1",24,8,1,0.7,1,0,"A bandit","Emeralds",32,"Female",1
"170","1",25,80,1,0.7,0,1,"A bandit","Emeralds",32,"Female",1
"170","1",26,80,1,0.7,0,1,"A bandit","Emeralds",32,"Female",1
"170","1",27,7,1,0.7,1,0,"A bandit","Emeralds",32,"Female",1
"170","1",28,7,1,0.7,1,0,"A bandit","Emeralds",32,"Female",1
"170","1",29,11,1,0.7,1,0,"A bandit","Emeralds",32,"Female",1
"170","1",30,82,1,0.7,0,1,"A bandit","Emeralds",32,"Female",1
"170","1",31,88,1,0.7,0,0,"A bandit","Emeralds",32,"Female",1
"170","1",32,12,2,0.3,0,1,"A bandit","Emeralds",32,"Female",1
"170","1",33,8,2,0.3,0,1,"A bandit","Emeralds",32,"Female",1
"170","1",34,75,1,0.7,0,1,"A bandit","Emeralds",32,"Female",1
"170","1",35,6,1,0.7,1,0,"A bandit","Emeralds",32,"Female",1
"170","1",36,87,1,0.7,0,1,"A bandit","Emeralds",32,"Female",1
"170","1",37,5,1,0.7,1,0,"A bandit","Emeralds",32,"Female",1
"170","1",38,8,1,0.7,1,0,"A bandit","Emeralds",32,"Female",1
"170","1",39,8,1,0.7,1,0,"A bandit","Emeralds",32,"Female",1
"170","1",40,77,1,0.7,0,1,"A bandit","Emeralds",32,"Female",1
"170","1",41,82,1,0.7,0,1,"A bandit","Emeralds",32,"Female",1
"170","1",42,85,1,0.7,0,1,"A bandit","Emeralds",32,"Female",1
"170","1",43,6,1,0.7,1,0,"A bandit","Emeralds",32,"Female",1
"170","1",44,86,1,0.7,0,0,"A bandit","Emeralds",32,"Female",1
"170","1",45,85,1,0.7,0,0,"A bandit","Emeralds",32,"Female",1
"170","1",46,86,1,0.7,0,0,"A bandit","Emeralds",32,"Female",1
"170","1",47,85,1,0.7,0,0,"A bandit","Emeralds",32,"Female",1
"170","1",48,6,1,0.7,1,0,"A bandit","Emeralds",32,"Female",1
"170","1",49,88,1,0.7,0,0,"A bandit","Emeralds",32,"Female",1
"170","1",50,7,1,0.7,1,0,"A bandit","Emeralds",32,"Female",1
