"oid","agent_condition","rating_condition","yoked_participant","attn1","attn2","age","gender","Include","trial_num","globallearn","subj_choice","feedback"
1,"tycoon","GlobalLearn","61","A tycoon","Emeralds",43,"Man",1,"1",100,"1",1
1,"tycoon","GlobalLearn","61","A tycoon","Emeralds",43,"Man",1,"2",100,"1",0
1,"tycoon","GlobalLearn","61","A tycoon","Emeralds",43,"Man",1,"3",100,"1",1
1,"tycoon","GlobalLearn","61","A tycoon","Emeralds",43,"Man",1,"4",100,"1",1
1,"tycoon","GlobalLearn","61","A tycoon","Emeralds",43,"Man",1,"5",100,"1",1
1,"tycoon","GlobalLearn","61","A tycoon","Emeralds",43,"Man",1,"6",100,"1",1
1,"tycoon","GlobalLearn","61","A tycoon","Emeralds",43,"Man",1,"7",0,"1",0
1,"tycoon","GlobalLearn","61","A tycoon","Emeralds",43,"Man",1,"8",0,"1",0
1,"tycoon","GlobalLearn","61","A tycoon","Emeralds",43,"Man",1,"9",0,"0",0
1,"tycoon","GlobalLearn","61","A tycoon","Emeralds",43,"Man",1,"10",0,"0",0
1,"tycoon","GlobalLearn","61","A tycoon","Emeralds",43,"Man",1,"11",0,"1",1
1,"tycoon","GlobalLearn","61","A tycoon","Emeralds",43,"Man",1,"12",0,"1",1
1,"tycoon","GlobalLearn","61","A tycoon","Emeralds",43,"Man",1,"13",0,"1",1
1,"tycoon","GlobalLearn","61","A tycoon","Emeralds",43,"Man",1,"14",0,"1",1
1,"tycoon","GlobalLearn","61","A tycoon","Emeralds",43,"Man",1,"15",0,"1",1
1,"tycoon","GlobalLearn","61","A tycoon","Emeralds",43,"Man",1,"16",0,"1",1
1,"tycoon","GlobalLearn","61","A tycoon","Emeralds",43,"Man",1,"17",0,"1",1
1,"tycoon","GlobalLearn","61","A tycoon","Emeralds",43,"Man",1,"18",0,"1",1
1,"tycoon","GlobalLearn","61","A tycoon","Emeralds",43,"Man",1,"19",0,"1",1
1,"tycoon","GlobalLearn","61","A tycoon","Emeralds",43,"Man",1,"20",0,"1",1
1,"tycoon","GlobalLearn","61","A tycoon","Emeralds",43,"Man",1,"21",0,"1",1
1,"tycoon","GlobalLearn","61","A tycoon","Emeralds",43,"Man",1,"22",0,"1",1
1,"tycoon","GlobalLearn","61","A tycoon","Emeralds",43,"Man",1,"23",0,"1",0
1,"tycoon","GlobalLearn","61","A tycoon","Emeralds",43,"Man",1,"24",0,"1",1
1,"tycoon","GlobalLearn","61","A tycoon","Emeralds",43,"Man",1,"25",0,"1",1
1,"tycoon","GlobalLearn","61","A tycoon","Emeralds",43,"Man",1,"26",0,"1",1
1,"tycoon","GlobalLearn","61","A tycoon","Emeralds",43,"Man",1,"27",0,"1",1
1,"tycoon","GlobalLearn","61","A tycoon","Emeralds",43,"Man",1,"28",0,"1",1
1,"tycoon","GlobalLearn","61","A tycoon","Emeralds",43,"Man",1,"29",1,"1",1
1,"tycoon","GlobalLearn","61","A tycoon","Emeralds",43,"Man",1,"30",1,"1",1
1,"tycoon","GlobalLearn","61","A tycoon","Emeralds",43,"Man",1,"31",0,"1",0
1,"tycoon","GlobalLearn","61","A tycoon","Emeralds",43,"Man",1,"32",0,"1",1
1,"tycoon","GlobalLearn","61","A tycoon","Emeralds",43,"Man",1,"33",0,"1",1
1,"tycoon","GlobalLearn","61","A tycoon","Emeralds",43,"Man",1,"34",0,"1",1
1,"tycoon","GlobalLearn","61","A tycoon","Emeralds",43,"Man",1,"35",0,"1",1
1,"tycoon","GlobalLearn","61","A tycoon","Emeralds",43,"Man",1,"36",0,"1",0
1,"tycoon","GlobalLearn","61","A tycoon","Emeralds",43,"Man",1,"37",0,"1",1
1,"tycoon","GlobalLearn","61","A tycoon","Emeralds",43,"Man",1,"38",0,"1",1
1,"tycoon","GlobalLearn","61","A tycoon","Emeralds",43,"Man",1,"39",0,"1",1
1,"tycoon","GlobalLearn","61","A tycoon","Emeralds",43,"Man",1,"40",0,"1",0
1,"tycoon","GlobalLearn","61","A tycoon","Emeralds",43,"Man",1,"41",0,"1",1
1,"tycoon","GlobalLearn","61","A tycoon","Emeralds",43,"Man",1,"42",0,"1",1
1,"tycoon","GlobalLearn","61","A tycoon","Emeralds",43,"Man",1,"43",0,"1",1
1,"tycoon","GlobalLearn","61","A tycoon","Emeralds",43,"Man",1,"44",0,"1",0
1,"tycoon","GlobalLearn","61","A tycoon","Emeralds",43,"Man",1,"45",0,"1",1
1,"tycoon","GlobalLearn","61","A tycoon","Emeralds",43,"Man",1,"46",0,"1",1
1,"tycoon","GlobalLearn","61","A tycoon","Emeralds",43,"Man",1,"47",0,"1",1
1,"tycoon","GlobalLearn","61","A tycoon","Emeralds",43,"Man",1,"48",0,"1",1
1,"tycoon","GlobalLearn","61","A tycoon","Emeralds",43,"Man",1,"49",0,"1",1
1,"tycoon","GlobalLearn","61","A tycoon","Emeralds",43,"Man",1,"50",0,"1",1
2,"sheriff","GlobalLearn","46","A sheriff","Emeralds",50,"Woman",1,"1",77,"0",0
2,"sheriff","GlobalLearn","46","A sheriff","Emeralds",50,"Woman",1,"2",62,"0",0
2,"sheriff","GlobalLearn","46","A sheriff","Emeralds",50,"Woman",1,"3",79,"0",1
2,"sheriff","GlobalLearn","46","A sheriff","Emeralds",50,"Woman",1,"4",74,"0",1
2,"sheriff","GlobalLearn","46","A sheriff","Emeralds",50,"Woman",1,"5",60,"0",1
2,"sheriff","GlobalLearn","46","A sheriff","Emeralds",50,"Woman",1,"6",27,"0",1
2,"sheriff","GlobalLearn","46","A sheriff","Emeralds",50,"Woman",1,"7",15,"0",1
2,"sheriff","GlobalLearn","46","A sheriff","Emeralds",50,"Woman",1,"8",6,"0",1
2,"sheriff","GlobalLearn","46","A sheriff","Emeralds",50,"Woman",1,"9",6,"0",1
2,"sheriff","GlobalLearn","46","A sheriff","Emeralds",50,"Woman",1,"10",41,"0",0
2,"sheriff","GlobalLearn","46","A sheriff","Emeralds",50,"Woman",1,"11",77,"1",0
2,"sheriff","GlobalLearn","46","A sheriff","Emeralds",50,"Woman",1,"12",58,"1",0
2,"sheriff","GlobalLearn","46","A sheriff","Emeralds",50,"Woman",1,"13",68,"1",1
2,"sheriff","GlobalLearn","46","A sheriff","Emeralds",50,"Woman",1,"14",67,"1",0
2,"sheriff","GlobalLearn","46","A sheriff","Emeralds",50,"Woman",1,"15",81,"1",0
2,"sheriff","GlobalLearn","46","A sheriff","Emeralds",50,"Woman",1,"16",64,"1",0
2,"sheriff","GlobalLearn","46","A sheriff","Emeralds",50,"Woman",1,"17",67,"0",0
2,"sheriff","GlobalLearn","46","A sheriff","Emeralds",50,"Woman",1,"18",61,"0",0
2,"sheriff","GlobalLearn","46","A sheriff","Emeralds",50,"Woman",1,"19",69,"0",0
2,"sheriff","GlobalLearn","46","A sheriff","Emeralds",50,"Woman",1,"20",35,"0",1
2,"sheriff","GlobalLearn","46","A sheriff","Emeralds",50,"Woman",1,"21",28,"0",1
2,"sheriff","GlobalLearn","46","A sheriff","Emeralds",50,"Woman",1,"22",57,"0",0
2,"sheriff","GlobalLearn","46","A sheriff","Emeralds",50,"Woman",1,"23",35,"0",1
2,"sheriff","GlobalLearn","46","A sheriff","Emeralds",50,"Woman",1,"24",22,"0",1
2,"sheriff","GlobalLearn","46","A sheriff","Emeralds",50,"Woman",1,"25",21,"0",1
2,"sheriff","GlobalLearn","46","A sheriff","Emeralds",50,"Woman",1,"26",50,"0",0
2,"sheriff","GlobalLearn","46","A sheriff","Emeralds",50,"Woman",1,"27",50,"0",0
2,"sheriff","GlobalLearn","46","A sheriff","Emeralds",50,"Woman",1,"28",24,"0",1
2,"sheriff","GlobalLearn","46","A sheriff","Emeralds",50,"Woman",1,"29",40,"0",0
2,"sheriff","GlobalLearn","46","A sheriff","Emeralds",50,"Woman",1,"30",22,"0",1
2,"sheriff","GlobalLearn","46","A sheriff","Emeralds",50,"Woman",1,"31",32,"0",1
2,"sheriff","GlobalLearn","46","A sheriff","Emeralds",50,"Woman",1,"32",34,"0",0
2,"sheriff","GlobalLearn","46","A sheriff","Emeralds",50,"Woman",1,"33",25,"0",1
2,"sheriff","GlobalLearn","46","A sheriff","Emeralds",50,"Woman",1,"34",13,"0",1
2,"sheriff","GlobalLearn","46","A sheriff","Emeralds",50,"Woman",1,"35",43,"0",0
2,"sheriff","GlobalLearn","46","A sheriff","Emeralds",50,"Woman",1,"36",16,"0",1
2,"sheriff","GlobalLearn","46","A sheriff","Emeralds",50,"Woman",1,"37",20,"0",1
2,"sheriff","GlobalLearn","46","A sheriff","Emeralds",50,"Woman",1,"38",33,"0",0
2,"sheriff","GlobalLearn","46","A sheriff","Emeralds",50,"Woman",1,"39",29,"0",0
2,"sheriff","GlobalLearn","46","A sheriff","Emeralds",50,"Woman",1,"40",65,"1",0
2,"sheriff","GlobalLearn","46","A sheriff","Emeralds",50,"Woman",1,"41",67,"1",0
2,"sheriff","GlobalLearn","46","A sheriff","Emeralds",50,"Woman",1,"42",61,"1",0
2,"sheriff","GlobalLearn","46","A sheriff","Emeralds",50,"Woman",1,"43",20,"1",0
2,"sheriff","GlobalLearn","46","A sheriff","Emeralds",50,"Woman",1,"44",33,"1",0
2,"sheriff","GlobalLearn","46","A sheriff","Emeralds",50,"Woman",1,"45",29,"1",0
2,"sheriff","GlobalLearn","46","A sheriff","Emeralds",50,"Woman",1,"46",26,"0",1
2,"sheriff","GlobalLearn","46","A sheriff","Emeralds",50,"Woman",1,"47",21,"0",1
2,"sheriff","GlobalLearn","46","A sheriff","Emeralds",50,"Woman",1,"48",47,"0",0
2,"sheriff","GlobalLearn","46","A sheriff","Emeralds",50,"Woman",1,"49",22,"0",1
2,"sheriff","GlobalLearn","46","A sheriff","Emeralds",50,"Woman",1,"50",13,"0",1
3,"bandit","GlobalLearn","22","A bandit","Emeralds",53,"Woman",1,"1",0,"1",1
3,"bandit","GlobalLearn","22","A bandit","Emeralds",53,"Woman",1,"2",100,"1",0
3,"bandit","GlobalLearn","22","A bandit","Emeralds",53,"Woman",1,"3",8,"1",1
3,"bandit","GlobalLearn","22","A bandit","Emeralds",53,"Woman",1,"4",23,"1",1
3,"bandit","GlobalLearn","22","A bandit","Emeralds",53,"Woman",1,"5",74,"1",0
3,"bandit","GlobalLearn","22","A bandit","Emeralds",53,"Woman",1,"6",14,"1",1
3,"bandit","GlobalLearn","22","A bandit","Emeralds",53,"Woman",1,"7",82,"1",0
3,"bandit","GlobalLearn","22","A bandit","Emeralds",53,"Woman",1,"8",75,"1",0
3,"bandit","GlobalLearn","22","A bandit","Emeralds",53,"Woman",1,"9",82,"1",0
3,"bandit","GlobalLearn","22","A bandit","Emeralds",53,"Woman",1,"10",78,"1",0
3,"bandit","GlobalLearn","22","A bandit","Emeralds",53,"Woman",1,"11",100,"0",0
3,"bandit","GlobalLearn","22","A bandit","Emeralds",53,"Woman",1,"12",71,"1",0
3,"bandit","GlobalLearn","22","A bandit","Emeralds",53,"Woman",1,"13",12,"1",1
3,"bandit","GlobalLearn","22","A bandit","Emeralds",53,"Woman",1,"14",15,"1",1
3,"bandit","GlobalLearn","22","A bandit","Emeralds",53,"Woman",1,"15",78,"1",0
3,"bandit","GlobalLearn","22","A bandit","Emeralds",53,"Woman",1,"16",91,"0",0
3,"bandit","GlobalLearn","22","A bandit","Emeralds",53,"Woman",1,"17",10,"1",1
3,"bandit","GlobalLearn","22","A bandit","Emeralds",53,"Woman",1,"18",9,"1",1
3,"bandit","GlobalLearn","22","A bandit","Emeralds",53,"Woman",1,"19",68,"1",0
3,"bandit","GlobalLearn","22","A bandit","Emeralds",53,"Woman",1,"20",8,"1",1
3,"bandit","GlobalLearn","22","A bandit","Emeralds",53,"Woman",1,"21",71,"1",0
3,"bandit","GlobalLearn","22","A bandit","Emeralds",53,"Woman",1,"22",6,"1",1
3,"bandit","GlobalLearn","22","A bandit","Emeralds",53,"Woman",1,"23",80,"1",0
3,"bandit","GlobalLearn","22","A bandit","Emeralds",53,"Woman",1,"24",69,"1",0
3,"bandit","GlobalLearn","22","A bandit","Emeralds",53,"Woman",1,"25",15,"1",1
3,"bandit","GlobalLearn","22","A bandit","Emeralds",53,"Woman",1,"26",73,"1",0
3,"bandit","GlobalLearn","22","A bandit","Emeralds",53,"Woman",1,"27",78,"1",0
3,"bandit","GlobalLearn","22","A bandit","Emeralds",53,"Woman",1,"28",16,"1",1
3,"bandit","GlobalLearn","22","A bandit","Emeralds",53,"Woman",1,"29",16,"1",1
3,"bandit","GlobalLearn","22","A bandit","Emeralds",53,"Woman",1,"30",80,"1",0
3,"bandit","GlobalLearn","22","A bandit","Emeralds",53,"Woman",1,"31",6,"1",1
3,"bandit","GlobalLearn","22","A bandit","Emeralds",53,"Woman",1,"32",10,"1",1
3,"bandit","GlobalLearn","22","A bandit","Emeralds",53,"Woman",1,"33",78,"1",0
3,"bandit","GlobalLearn","22","A bandit","Emeralds",53,"Woman",1,"34",81,"1",0
3,"bandit","GlobalLearn","22","A bandit","Emeralds",53,"Woman",1,"35",14,"1",1
3,"bandit","GlobalLearn","22","A bandit","Emeralds",53,"Woman",1,"36",80,"1",0
3,"bandit","GlobalLearn","22","A bandit","Emeralds",53,"Woman",1,"37",83,"1",0
3,"bandit","GlobalLearn","22","A bandit","Emeralds",53,"Woman",1,"38",8,"0",1
3,"bandit","GlobalLearn","22","A bandit","Emeralds",53,"Woman",1,"39",86,"0",0
3,"bandit","GlobalLearn","22","A bandit","Emeralds",53,"Woman",1,"40",12,"0",1
3,"bandit","GlobalLearn","22","A bandit","Emeralds",53,"Woman",1,"41",92,"0",0
3,"bandit","GlobalLearn","22","A bandit","Emeralds",53,"Woman",1,"42",13,"0",1
3,"bandit","GlobalLearn","22","A bandit","Emeralds",53,"Woman",1,"43",9,"0",1
3,"bandit","GlobalLearn","22","A bandit","Emeralds",53,"Woman",1,"44",87,"0",0
3,"bandit","GlobalLearn","22","A bandit","Emeralds",53,"Woman",1,"45",11,"0",1
3,"bandit","GlobalLearn","22","A bandit","Emeralds",53,"Woman",1,"46",87,"0",0
3,"bandit","GlobalLearn","22","A bandit","Emeralds",53,"Woman",1,"47",83,"0",0
3,"bandit","GlobalLearn","22","A bandit","Emeralds",53,"Woman",1,"48",84,"0",0
3,"bandit","GlobalLearn","22","A bandit","Emeralds",53,"Woman",1,"49",21,"1",1
3,"bandit","GlobalLearn","22","A bandit","Emeralds",53,"Woman",1,"50",16,"1",1
4,"bandit","GlobalLearn","52","A bandit","Emeralds",43,"Woman",1,"1",2,"0",1
4,"bandit","GlobalLearn","52","A bandit","Emeralds",43,"Woman",1,"2",85,"1",0
4,"bandit","GlobalLearn","52","A bandit","Emeralds",43,"Woman",1,"3",63,"0",0
4,"bandit","GlobalLearn","52","A bandit","Emeralds",43,"Woman",1,"4",65,"0",0
4,"bandit","GlobalLearn","52","A bandit","Emeralds",43,"Woman",1,"5",70,"0",0
4,"bandit","GlobalLearn","52","A bandit","Emeralds",43,"Woman",1,"6",1,"0",1
4,"bandit","GlobalLearn","52","A bandit","Emeralds",43,"Woman",1,"7",0,"0",1
4,"bandit","GlobalLearn","52","A bandit","Emeralds",43,"Woman",1,"8",0,"0",1
4,"bandit","GlobalLearn","52","A bandit","Emeralds",43,"Woman",1,"9",0,"0",1
4,"bandit","GlobalLearn","52","A bandit","Emeralds",43,"Woman",1,"10",75,"0",0
4,"bandit","GlobalLearn","52","A bandit","Emeralds",43,"Woman",1,"11",0,"0",1
4,"bandit","GlobalLearn","52","A bandit","Emeralds",43,"Woman",1,"12",0,"0",1
4,"bandit","GlobalLearn","52","A bandit","Emeralds",43,"Woman",1,"13",76,"0",0
4,"bandit","GlobalLearn","52","A bandit","Emeralds",43,"Woman",1,"14",77,"0",0
4,"bandit","GlobalLearn","52","A bandit","Emeralds",43,"Woman",1,"15",2,"0",1
4,"bandit","GlobalLearn","52","A bandit","Emeralds",43,"Woman",1,"16",80,"0",0
4,"bandit","GlobalLearn","52","A bandit","Emeralds",43,"Woman",1,"17",78,"0",0
4,"bandit","GlobalLearn","52","A bandit","Emeralds",43,"Woman",1,"18",1,"0",1
4,"bandit","GlobalLearn","52","A bandit","Emeralds",43,"Woman",1,"19",1,"0",1
4,"bandit","GlobalLearn","52","A bandit","Emeralds",43,"Woman",1,"20",83,"0",0
4,"bandit","GlobalLearn","52","A bandit","Emeralds",43,"Woman",1,"21",2,"0",1
4,"bandit","GlobalLearn","52","A bandit","Emeralds",43,"Woman",1,"22",73,"0",0
4,"bandit","GlobalLearn","52","A bandit","Emeralds",43,"Woman",1,"23",0,"0",1
4,"bandit","GlobalLearn","52","A bandit","Emeralds",43,"Woman",1,"24",0,"0",1
4,"bandit","GlobalLearn","52","A bandit","Emeralds",43,"Woman",1,"25",0,"0",1
4,"bandit","GlobalLearn","52","A bandit","Emeralds",43,"Woman",1,"26",78,"0",0
4,"bandit","GlobalLearn","52","A bandit","Emeralds",43,"Woman",1,"27",87,"0",0
4,"bandit","GlobalLearn","52","A bandit","Emeralds",43,"Woman",1,"28",91,"0",0
4,"bandit","GlobalLearn","52","A bandit","Emeralds",43,"Woman",1,"29",0,"0",1
4,"bandit","GlobalLearn","52","A bandit","Emeralds",43,"Woman",1,"30",0,"0",1
4,"bandit","GlobalLearn","52","A bandit","Emeralds",43,"Woman",1,"31",0,"0",1
4,"bandit","GlobalLearn","52","A bandit","Emeralds",43,"Woman",1,"32",0,"0",1
4,"bandit","GlobalLearn","52","A bandit","Emeralds",43,"Woman",1,"33",2,"0",1
4,"bandit","GlobalLearn","52","A bandit","Emeralds",43,"Woman",1,"34",0,"0",1
4,"bandit","GlobalLearn","52","A bandit","Emeralds",43,"Woman",1,"35",92,"0",0
4,"bandit","GlobalLearn","52","A bandit","Emeralds",43,"Woman",1,"36",91,"0",0
4,"bandit","GlobalLearn","52","A bandit","Emeralds",43,"Woman",1,"37",93,"0",0
4,"bandit","GlobalLearn","52","A bandit","Emeralds",43,"Woman",1,"38",0,"0",1
4,"bandit","GlobalLearn","52","A bandit","Emeralds",43,"Woman",1,"39",91,"0",0
4,"bandit","GlobalLearn","52","A bandit","Emeralds",43,"Woman",1,"40",92,"0",0
4,"bandit","GlobalLearn","52","A bandit","Emeralds",43,"Woman",1,"41",94,"0",0
4,"bandit","GlobalLearn","52","A bandit","Emeralds",43,"Woman",1,"42",0,"0",1
4,"bandit","GlobalLearn","52","A bandit","Emeralds",43,"Woman",1,"43",0,"0",1
4,"bandit","GlobalLearn","52","A bandit","Emeralds",43,"Woman",1,"44",94,"0",0
4,"bandit","GlobalLearn","52","A bandit","Emeralds",43,"Woman",1,"45",91,"0",0
4,"bandit","GlobalLearn","52","A bandit","Emeralds",43,"Woman",1,"46",92,"0",0
4,"bandit","GlobalLearn","52","A bandit","Emeralds",43,"Woman",1,"47",83,"0",0
4,"bandit","GlobalLearn","52","A bandit","Emeralds",43,"Woman",1,"48",0,"0",1
4,"bandit","GlobalLearn","52","A bandit","Emeralds",43,"Woman",1,"49",0,"0",1
4,"bandit","GlobalLearn","52","A bandit","Emeralds",43,"Woman",1,"50",0,"0",1
5,"bandit","GlobalLearn","27","A bandit","Emeralds",37,"Woman",1,"1",23,"1",0
5,"bandit","GlobalLearn","27","A bandit","Emeralds",37,"Woman",1,"2",26,"1",0
5,"bandit","GlobalLearn","27","A bandit","Emeralds",37,"Woman",1,"3",0,"0",1
5,"bandit","GlobalLearn","27","A bandit","Emeralds",37,"Woman",1,"4",13,"0",0
5,"bandit","GlobalLearn","27","A bandit","Emeralds",37,"Woman",1,"5",35,"0",0
5,"bandit","GlobalLearn","27","A bandit","Emeralds",37,"Woman",1,"6",33,"0",0
5,"bandit","GlobalLearn","27","A bandit","Emeralds",37,"Woman",1,"7",24,"1",0
5,"bandit","GlobalLearn","27","A bandit","Emeralds",37,"Woman",1,"8",24,"0",0
5,"bandit","GlobalLearn","27","A bandit","Emeralds",37,"Woman",1,"9",1,"1",0
5,"bandit","GlobalLearn","27","A bandit","Emeralds",37,"Woman",1,"10",2,"1",0
5,"bandit","GlobalLearn","27","A bandit","Emeralds",37,"Woman",1,"11",28,"0",0
5,"bandit","GlobalLearn","27","A bandit","Emeralds",37,"Woman",1,"12",40,"0",1
5,"bandit","GlobalLearn","27","A bandit","Emeralds",37,"Woman",1,"13",35,"0",1
5,"bandit","GlobalLearn","27","A bandit","Emeralds",37,"Woman",1,"14",36,"0",0
5,"bandit","GlobalLearn","27","A bandit","Emeralds",37,"Woman",1,"15",35,"0",0
5,"bandit","GlobalLearn","27","A bandit","Emeralds",37,"Woman",1,"16",37,"0",1
5,"bandit","GlobalLearn","27","A bandit","Emeralds",37,"Woman",1,"17",36,"0",1
5,"bandit","GlobalLearn","27","A bandit","Emeralds",37,"Woman",1,"18",36,"0",0
5,"bandit","GlobalLearn","27","A bandit","Emeralds",37,"Woman",1,"19",36,"0",0
5,"bandit","GlobalLearn","27","A bandit","Emeralds",37,"Woman",1,"20",38,"0",0
5,"bandit","GlobalLearn","27","A bandit","Emeralds",37,"Woman",1,"21",37,"0",1
5,"bandit","GlobalLearn","27","A bandit","Emeralds",37,"Woman",1,"22",36,"0",0
5,"bandit","GlobalLearn","27","A bandit","Emeralds",37,"Woman",1,"23",35,"0",0
5,"bandit","GlobalLearn","27","A bandit","Emeralds",37,"Woman",1,"24",37,"0",1
5,"bandit","GlobalLearn","27","A bandit","Emeralds",37,"Woman",1,"25",36,"0",1
5,"bandit","GlobalLearn","27","A bandit","Emeralds",37,"Woman",1,"26",36,"0",1
5,"bandit","GlobalLearn","27","A bandit","Emeralds",37,"Woman",1,"27",33,"0",0
5,"bandit","GlobalLearn","27","A bandit","Emeralds",37,"Woman",1,"28",34,"0",0
5,"bandit","GlobalLearn","27","A bandit","Emeralds",37,"Woman",1,"29",34,"0",0
5,"bandit","GlobalLearn","27","A bandit","Emeralds",37,"Woman",1,"30",37,"0",0
5,"bandit","GlobalLearn","27","A bandit","Emeralds",37,"Woman",1,"31",38,"0",0
5,"bandit","GlobalLearn","27","A bandit","Emeralds",37,"Woman",1,"32",38,"0",1
5,"bandit","GlobalLearn","27","A bandit","Emeralds",37,"Woman",1,"33",38,"0",1
5,"bandit","GlobalLearn","27","A bandit","Emeralds",37,"Woman",1,"34",39,"0",1
5,"bandit","GlobalLearn","27","A bandit","Emeralds",37,"Woman",1,"35",39,"0",0
5,"bandit","GlobalLearn","27","A bandit","Emeralds",37,"Woman",1,"36",36,"0",1
5,"bandit","GlobalLearn","27","A bandit","Emeralds",37,"Woman",1,"37",38,"0",0
5,"bandit","GlobalLearn","27","A bandit","Emeralds",37,"Woman",1,"38",36,"0",1
5,"bandit","GlobalLearn","27","A bandit","Emeralds",37,"Woman",1,"39",39,"0",0
5,"bandit","GlobalLearn","27","A bandit","Emeralds",37,"Woman",1,"40",40,"0",1
5,"bandit","GlobalLearn","27","A bandit","Emeralds",37,"Woman",1,"41",41,"0",0
5,"bandit","GlobalLearn","27","A bandit","Emeralds",37,"Woman",1,"42",40,"0",1
5,"bandit","GlobalLearn","27","A bandit","Emeralds",37,"Woman",1,"43",39,"0",1
5,"bandit","GlobalLearn","27","A bandit","Emeralds",37,"Woman",1,"44",40,"0",1
5,"bandit","GlobalLearn","27","A bandit","Emeralds",37,"Woman",1,"45",41,"0",1
5,"bandit","GlobalLearn","27","A bandit","Emeralds",37,"Woman",1,"46",41,"0",0
5,"bandit","GlobalLearn","27","A bandit","Emeralds",37,"Woman",1,"47",38,"0",0
5,"bandit","GlobalLearn","27","A bandit","Emeralds",37,"Woman",1,"48",39,"0",1
5,"bandit","GlobalLearn","27","A bandit","Emeralds",37,"Woman",1,"49",39,"0",1
5,"bandit","GlobalLearn","27","A bandit","Emeralds",37,"Woman",1,"50",40,"0",0
6,"bandit","GlobalLearn","29","A bandit","Emeralds",28,"Woman",1,"1",89,"1",0
6,"bandit","GlobalLearn","29","A bandit","Emeralds",28,"Woman",1,"2",95,"0",0
6,"bandit","GlobalLearn","29","A bandit","Emeralds",28,"Woman",1,"3",98,"0",0
6,"bandit","GlobalLearn","29","A bandit","Emeralds",28,"Woman",1,"4",87,"0",0
6,"bandit","GlobalLearn","29","A bandit","Emeralds",28,"Woman",1,"5",93,"1",0
6,"bandit","GlobalLearn","29","A bandit","Emeralds",28,"Woman",1,"6",91,"1",0
6,"bandit","GlobalLearn","29","A bandit","Emeralds",28,"Woman",1,"7",74,"1",0
6,"bandit","GlobalLearn","29","A bandit","Emeralds",28,"Woman",1,"8",0,"1",1
6,"bandit","GlobalLearn","29","A bandit","Emeralds",28,"Woman",1,"9",61,"1",0
6,"bandit","GlobalLearn","29","A bandit","Emeralds",28,"Woman",1,"10",66,"0",0
6,"bandit","GlobalLearn","29","A bandit","Emeralds",28,"Woman",1,"11",62,"0",0
6,"bandit","GlobalLearn","29","A bandit","Emeralds",28,"Woman",1,"12",63,"0",0
6,"bandit","GlobalLearn","29","A bandit","Emeralds",28,"Woman",1,"13",66,"0",0
6,"bandit","GlobalLearn","29","A bandit","Emeralds",28,"Woman",1,"14",0,"1",1
6,"bandit","GlobalLearn","29","A bandit","Emeralds",28,"Woman",1,"15",61,"1",0
6,"bandit","GlobalLearn","29","A bandit","Emeralds",28,"Woman",1,"16",0,"1",1
6,"bandit","GlobalLearn","29","A bandit","Emeralds",28,"Woman",1,"17",0,"1",1
6,"bandit","GlobalLearn","29","A bandit","Emeralds",28,"Woman",1,"18",0,"1",1
6,"bandit","GlobalLearn","29","A bandit","Emeralds",28,"Woman",1,"19",59,"1",0
6,"bandit","GlobalLearn","29","A bandit","Emeralds",28,"Woman",1,"20",0,"1",1
6,"bandit","GlobalLearn","29","A bandit","Emeralds",28,"Woman",1,"21",0,"1",1
6,"bandit","GlobalLearn","29","A bandit","Emeralds",28,"Woman",1,"22",0,"1",1
6,"bandit","GlobalLearn","29","A bandit","Emeralds",28,"Woman",1,"23",0,"1",1
6,"bandit","GlobalLearn","29","A bandit","Emeralds",28,"Woman",1,"24",0,"1",1
6,"bandit","GlobalLearn","29","A bandit","Emeralds",28,"Woman",1,"25",0,"1",1
6,"bandit","GlobalLearn","29","A bandit","Emeralds",28,"Woman",1,"26",0,"1",1
6,"bandit","GlobalLearn","29","A bandit","Emeralds",28,"Woman",1,"27",70,"1",0
6,"bandit","GlobalLearn","29","A bandit","Emeralds",28,"Woman",1,"28",67,"1",0
6,"bandit","GlobalLearn","29","A bandit","Emeralds",28,"Woman",1,"29",72,"1",0
6,"bandit","GlobalLearn","29","A bandit","Emeralds",28,"Woman",1,"30",0,"1",1
6,"bandit","GlobalLearn","29","A bandit","Emeralds",28,"Woman",1,"31",0,"1",1
6,"bandit","GlobalLearn","29","A bandit","Emeralds",28,"Woman",1,"32",58,"1",0
6,"bandit","GlobalLearn","29","A bandit","Emeralds",28,"Woman",1,"33",0,"1",1
6,"bandit","GlobalLearn","29","A bandit","Emeralds",28,"Woman",1,"34",61,"1",0
6,"bandit","GlobalLearn","29","A bandit","Emeralds",28,"Woman",1,"35",42,"1",0
6,"bandit","GlobalLearn","29","A bandit","Emeralds",28,"Woman",1,"36",37,"1",0
6,"bandit","GlobalLearn","29","A bandit","Emeralds",28,"Woman",1,"37",0,"1",1
6,"bandit","GlobalLearn","29","A bandit","Emeralds",28,"Woman",1,"38",0,"1",1
6,"bandit","GlobalLearn","29","A bandit","Emeralds",28,"Woman",1,"39",0,"1",1
6,"bandit","GlobalLearn","29","A bandit","Emeralds",28,"Woman",1,"40",35,"1",0
6,"bandit","GlobalLearn","29","A bandit","Emeralds",28,"Woman",1,"41",29,"0",0
6,"bandit","GlobalLearn","29","A bandit","Emeralds",28,"Woman",1,"42",27,"1",0
6,"bandit","GlobalLearn","29","A bandit","Emeralds",28,"Woman",1,"43",29,"1",0
6,"bandit","GlobalLearn","29","A bandit","Emeralds",28,"Woman",1,"44",0,"1",1
6,"bandit","GlobalLearn","29","A bandit","Emeralds",28,"Woman",1,"45",0,"1",1
6,"bandit","GlobalLearn","29","A bandit","Emeralds",28,"Woman",1,"46",30,"1",0
6,"bandit","GlobalLearn","29","A bandit","Emeralds",28,"Woman",1,"47",0,"1",1
6,"bandit","GlobalLearn","29","A bandit","Emeralds",28,"Woman",1,"48",0,"1",1
6,"bandit","GlobalLearn","29","A bandit","Emeralds",28,"Woman",1,"49",24,"1",0
6,"bandit","GlobalLearn","29","A bandit","Emeralds",28,"Woman",1,"50",24,"1",0
7,"sheriff","GlobalLearn","20","A sheriff","Emeralds",29,"Woman",1,"1",100,"0",1
7,"sheriff","GlobalLearn","20","A sheriff","Emeralds",29,"Woman",1,"2",100,"0",1
7,"sheriff","GlobalLearn","20","A sheriff","Emeralds",29,"Woman",1,"3",100,"0",0
7,"sheriff","GlobalLearn","20","A sheriff","Emeralds",29,"Woman",1,"4",100,"0",0
7,"sheriff","GlobalLearn","20","A sheriff","Emeralds",29,"Woman",1,"5",100,"1",1
7,"sheriff","GlobalLearn","20","A sheriff","Emeralds",29,"Woman",1,"6",99,"1",0
7,"sheriff","GlobalLearn","20","A sheriff","Emeralds",29,"Woman",1,"7",100,"0",1
7,"sheriff","GlobalLearn","20","A sheriff","Emeralds",29,"Woman",1,"8",100,"1",1
7,"sheriff","GlobalLearn","20","A sheriff","Emeralds",29,"Woman",1,"9",100,"0",1
7,"sheriff","GlobalLearn","20","A sheriff","Emeralds",29,"Woman",1,"10",100,"1",0
7,"sheriff","GlobalLearn","20","A sheriff","Emeralds",29,"Woman",1,"11",94,"1",0
7,"sheriff","GlobalLearn","20","A sheriff","Emeralds",29,"Woman",1,"12",87,"0",1
7,"sheriff","GlobalLearn","20","A sheriff","Emeralds",29,"Woman",1,"13",80,"0",1
7,"sheriff","GlobalLearn","20","A sheriff","Emeralds",29,"Woman",1,"14",84,"0",1
7,"sheriff","GlobalLearn","20","A sheriff","Emeralds",29,"Woman",1,"15",50,"0",1
7,"sheriff","GlobalLearn","20","A sheriff","Emeralds",29,"Woman",1,"16",49,"0",1
7,"sheriff","GlobalLearn","20","A sheriff","Emeralds",29,"Woman",1,"17",0,"0",1
7,"sheriff","GlobalLearn","20","A sheriff","Emeralds",29,"Woman",1,"18",100,"0",0
7,"sheriff","GlobalLearn","20","A sheriff","Emeralds",29,"Woman",1,"19",100,"1",1
7,"sheriff","GlobalLearn","20","A sheriff","Emeralds",29,"Woman",1,"20",98,"1",1
7,"sheriff","GlobalLearn","20","A sheriff","Emeralds",29,"Woman",1,"21",54,"1",0
7,"sheriff","GlobalLearn","20","A sheriff","Emeralds",29,"Woman",1,"22",0,"0",1
7,"sheriff","GlobalLearn","20","A sheriff","Emeralds",29,"Woman",1,"23",0,"0",1
7,"sheriff","GlobalLearn","20","A sheriff","Emeralds",29,"Woman",1,"24",0,"0",1
7,"sheriff","GlobalLearn","20","A sheriff","Emeralds",29,"Woman",1,"25",0,"0",1
7,"sheriff","GlobalLearn","20","A sheriff","Emeralds",29,"Woman",1,"26",0,"0",1
7,"sheriff","GlobalLearn","20","A sheriff","Emeralds",29,"Woman",1,"27",0,"0",1
7,"sheriff","GlobalLearn","20","A sheriff","Emeralds",29,"Woman",1,"28",0,"0",1
7,"sheriff","GlobalLearn","20","A sheriff","Emeralds",29,"Woman",1,"29",86,"0",0
7,"sheriff","GlobalLearn","20","A sheriff","Emeralds",29,"Woman",1,"30",83,"1",1
7,"sheriff","GlobalLearn","20","A sheriff","Emeralds",29,"Woman",1,"31",82,"1",1
7,"sheriff","GlobalLearn","20","A sheriff","Emeralds",29,"Woman",1,"32",5,"1",0
7,"sheriff","GlobalLearn","20","A sheriff","Emeralds",29,"Woman",1,"33",0,"0",1
7,"sheriff","GlobalLearn","20","A sheriff","Emeralds",29,"Woman",1,"34",0,"0",1
7,"sheriff","GlobalLearn","20","A sheriff","Emeralds",29,"Woman",1,"35",0,"0",1
7,"sheriff","GlobalLearn","20","A sheriff","Emeralds",29,"Woman",1,"36",80,"0",0
7,"sheriff","GlobalLearn","20","A sheriff","Emeralds",29,"Woman",1,"37",28,"1",0
7,"sheriff","GlobalLearn","20","A sheriff","Emeralds",29,"Woman",1,"38",0,"0",1
7,"sheriff","GlobalLearn","20","A sheriff","Emeralds",29,"Woman",1,"39",76,"0",0
7,"sheriff","GlobalLearn","20","A sheriff","Emeralds",29,"Woman",1,"40",18,"1",0
7,"sheriff","GlobalLearn","20","A sheriff","Emeralds",29,"Woman",1,"41",84,"0",0
7,"sheriff","GlobalLearn","20","A sheriff","Emeralds",29,"Woman",1,"42",78,"1",1
7,"sheriff","GlobalLearn","20","A sheriff","Emeralds",29,"Woman",1,"43",77,"0",0
7,"sheriff","GlobalLearn","20","A sheriff","Emeralds",29,"Woman",1,"44",18,"1",0
7,"sheriff","GlobalLearn","20","A sheriff","Emeralds",29,"Woman",1,"45",78,"0",0
7,"sheriff","GlobalLearn","20","A sheriff","Emeralds",29,"Woman",1,"46",23,"1",0
7,"sheriff","GlobalLearn","20","A sheriff","Emeralds",29,"Woman",1,"47",0,"0",1
7,"sheriff","GlobalLearn","20","A sheriff","Emeralds",29,"Woman",1,"48",76,"0",0
7,"sheriff","GlobalLearn","20","A sheriff","Emeralds",29,"Woman",1,"49",0,"0",1
7,"sheriff","GlobalLearn","20","A sheriff","Emeralds",29,"Woman",1,"50",0,"1",0
8,"sheriff","GlobalLearn","2","A sheriff","Emeralds",30,"Man",1,"1",76,"0",0
8,"sheriff","GlobalLearn","2","A sheriff","Emeralds",30,"Man",1,"2",76,"1",0
8,"sheriff","GlobalLearn","2","A sheriff","Emeralds",30,"Man",1,"3",72,"0",0
8,"sheriff","GlobalLearn","2","A sheriff","Emeralds",30,"Man",1,"4",34,"1",1
8,"sheriff","GlobalLearn","2","A sheriff","Emeralds",30,"Man",1,"5",19,"1",1
8,"sheriff","GlobalLearn","2","A sheriff","Emeralds",30,"Man",1,"6",61,"1",0
8,"sheriff","GlobalLearn","2","A sheriff","Emeralds",30,"Man",1,"7",58,"0",0
8,"sheriff","GlobalLearn","2","A sheriff","Emeralds",30,"Man",1,"8",18,"1",1
8,"sheriff","GlobalLearn","2","A sheriff","Emeralds",30,"Man",1,"9",46,"1",0
8,"sheriff","GlobalLearn","2","A sheriff","Emeralds",30,"Man",1,"10",15,"1",1
8,"sheriff","GlobalLearn","2","A sheriff","Emeralds",30,"Man",1,"11",7,"1",1
8,"sheriff","GlobalLearn","2","A sheriff","Emeralds",30,"Man",1,"12",10,"1",1
8,"sheriff","GlobalLearn","2","A sheriff","Emeralds",30,"Man",1,"13",4,"1",1
8,"sheriff","GlobalLearn","2","A sheriff","Emeralds",30,"Man",1,"14",9,"1",1
8,"sheriff","GlobalLearn","2","A sheriff","Emeralds",30,"Man",1,"15",5,"1",1
8,"sheriff","GlobalLearn","2","A sheriff","Emeralds",30,"Man",1,"16",12,"1",1
8,"sheriff","GlobalLearn","2","A sheriff","Emeralds",30,"Man",1,"17",14,"1",1
8,"sheriff","GlobalLearn","2","A sheriff","Emeralds",30,"Man",1,"18",13,"1",1
8,"sheriff","GlobalLearn","2","A sheriff","Emeralds",30,"Man",1,"19",60,"1",0
8,"sheriff","GlobalLearn","2","A sheriff","Emeralds",30,"Man",1,"20",24,"1",1
8,"sheriff","GlobalLearn","2","A sheriff","Emeralds",30,"Man",1,"21",38,"1",0
8,"sheriff","GlobalLearn","2","A sheriff","Emeralds",30,"Man",1,"22",8,"1",1
8,"sheriff","GlobalLearn","2","A sheriff","Emeralds",30,"Man",1,"23",10,"1",1
8,"sheriff","GlobalLearn","2","A sheriff","Emeralds",30,"Man",1,"24",37,"1",0
8,"sheriff","GlobalLearn","2","A sheriff","Emeralds",30,"Man",1,"25",36,"1",0
8,"sheriff","GlobalLearn","2","A sheriff","Emeralds",30,"Man",1,"26",9,"1",1
8,"sheriff","GlobalLearn","2","A sheriff","Emeralds",30,"Man",1,"27",29,"1",0
8,"sheriff","GlobalLearn","2","A sheriff","Emeralds",30,"Man",1,"28",12,"1",1
8,"sheriff","GlobalLearn","2","A sheriff","Emeralds",30,"Man",1,"29",7,"1",1
8,"sheriff","GlobalLearn","2","A sheriff","Emeralds",30,"Man",1,"30",0,"1",1
8,"sheriff","GlobalLearn","2","A sheriff","Emeralds",30,"Man",1,"31",2,"1",1
8,"sheriff","GlobalLearn","2","A sheriff","Emeralds",30,"Man",1,"32",3,"1",1
8,"sheriff","GlobalLearn","2","A sheriff","Emeralds",30,"Man",1,"33",5,"1",1
8,"sheriff","GlobalLearn","2","A sheriff","Emeralds",30,"Man",1,"34",31,"1",0
8,"sheriff","GlobalLearn","2","A sheriff","Emeralds",30,"Man",1,"35",4,"1",1
8,"sheriff","GlobalLearn","2","A sheriff","Emeralds",30,"Man",1,"36",32,"1",0
8,"sheriff","GlobalLearn","2","A sheriff","Emeralds",30,"Man",1,"37",34,"1",0
8,"sheriff","GlobalLearn","2","A sheriff","Emeralds",30,"Man",1,"38",8,"1",1
8,"sheriff","GlobalLearn","2","A sheriff","Emeralds",30,"Man",1,"39",7,"1",1
8,"sheriff","GlobalLearn","2","A sheriff","Emeralds",30,"Man",1,"40",9,"1",1
8,"sheriff","GlobalLearn","2","A sheriff","Emeralds",30,"Man",1,"41",9,"1",1
8,"sheriff","GlobalLearn","2","A sheriff","Emeralds",30,"Man",1,"42",4,"1",1
8,"sheriff","GlobalLearn","2","A sheriff","Emeralds",30,"Man",1,"43",2,"1",1
8,"sheriff","GlobalLearn","2","A sheriff","Emeralds",30,"Man",1,"44",6,"1",1
8,"sheriff","GlobalLearn","2","A sheriff","Emeralds",30,"Man",1,"45",30,"1",0
8,"sheriff","GlobalLearn","2","A sheriff","Emeralds",30,"Man",1,"46",36,"0",1
8,"sheriff","GlobalLearn","2","A sheriff","Emeralds",30,"Man",1,"47",28,"1",1
8,"sheriff","GlobalLearn","2","A sheriff","Emeralds",30,"Man",1,"48",33,"1",0
8,"sheriff","GlobalLearn","2","A sheriff","Emeralds",30,"Man",1,"49",30,"1",0
8,"sheriff","GlobalLearn","2","A sheriff","Emeralds",30,"Man",1,"50",20,"0",1
9,"bandit","GlobalLearn","36","A bandit","Emeralds",43,"Woman",1,"1",74,"0",0
9,"bandit","GlobalLearn","36","A bandit","Emeralds",43,"Woman",1,"2",93,"0",0
9,"bandit","GlobalLearn","36","A bandit","Emeralds",43,"Woman",1,"3",21,"0",1
9,"bandit","GlobalLearn","36","A bandit","Emeralds",43,"Woman",1,"4",15,"0",1
9,"bandit","GlobalLearn","36","A bandit","Emeralds",43,"Woman",1,"5",28,"0",1
9,"bandit","GlobalLearn","36","A bandit","Emeralds",43,"Woman",1,"6",45,"0",1
9,"bandit","GlobalLearn","36","A bandit","Emeralds",43,"Woman",1,"7",58,"0",0
9,"bandit","GlobalLearn","36","A bandit","Emeralds",43,"Woman",1,"8",62,"0",0
9,"bandit","GlobalLearn","36","A bandit","Emeralds",43,"Woman",1,"9",73,"0",0
9,"bandit","GlobalLearn","36","A bandit","Emeralds",43,"Woman",1,"10",50,"1",0
9,"bandit","GlobalLearn","36","A bandit","Emeralds",43,"Woman",1,"11",57,"1",0
9,"bandit","GlobalLearn","36","A bandit","Emeralds",43,"Woman",1,"12",68,"1",0
9,"bandit","GlobalLearn","36","A bandit","Emeralds",43,"Woman",1,"13",50,"1",1
9,"bandit","GlobalLearn","36","A bandit","Emeralds",43,"Woman",1,"14",76,"1",0
9,"bandit","GlobalLearn","36","A bandit","Emeralds",43,"Woman",1,"15",50,"0",1
9,"bandit","GlobalLearn","36","A bandit","Emeralds",43,"Woman",1,"16",76,"0",0
9,"bandit","GlobalLearn","36","A bandit","Emeralds",43,"Woman",1,"17",50,"0",1
9,"bandit","GlobalLearn","36","A bandit","Emeralds",43,"Woman",1,"18",66,"0",0
9,"bandit","GlobalLearn","36","A bandit","Emeralds",43,"Woman",1,"19",79,"0",0
9,"bandit","GlobalLearn","36","A bandit","Emeralds",43,"Woman",1,"20",41,"0",1
9,"bandit","GlobalLearn","36","A bandit","Emeralds",43,"Woman",1,"21",41,"0",1
9,"bandit","GlobalLearn","36","A bandit","Emeralds",43,"Woman",1,"22",81,"0",0
9,"bandit","GlobalLearn","36","A bandit","Emeralds",43,"Woman",1,"23",47,"0",1
9,"bandit","GlobalLearn","36","A bandit","Emeralds",43,"Woman",1,"24",28,"0",1
9,"bandit","GlobalLearn","36","A bandit","Emeralds",43,"Woman",1,"25",60,"0",0
9,"bandit","GlobalLearn","36","A bandit","Emeralds",43,"Woman",1,"26",28,"0",1
9,"bandit","GlobalLearn","36","A bandit","Emeralds",43,"Woman",1,"27",84,"0",0
9,"bandit","GlobalLearn","36","A bandit","Emeralds",43,"Woman",1,"28",82,"0",0
9,"bandit","GlobalLearn","36","A bandit","Emeralds",43,"Woman",1,"29",27,"0",1
9,"bandit","GlobalLearn","36","A bandit","Emeralds",43,"Woman",1,"30",91,"1",0
9,"bandit","GlobalLearn","36","A bandit","Emeralds",43,"Woman",1,"31",85,"1",0
9,"bandit","GlobalLearn","36","A bandit","Emeralds",43,"Woman",1,"32",78,"0",0
9,"bandit","GlobalLearn","36","A bandit","Emeralds",43,"Woman",1,"33",38,"0",1
9,"bandit","GlobalLearn","36","A bandit","Emeralds",43,"Woman",1,"34",75,"0",0
9,"bandit","GlobalLearn","36","A bandit","Emeralds",43,"Woman",1,"35",76,"0",0
9,"bandit","GlobalLearn","36","A bandit","Emeralds",43,"Woman",1,"36",35,"0",1
9,"bandit","GlobalLearn","36","A bandit","Emeralds",43,"Woman",1,"37",37,"0",1
9,"bandit","GlobalLearn","36","A bandit","Emeralds",43,"Woman",1,"38",77,"0",0
9,"bandit","GlobalLearn","36","A bandit","Emeralds",43,"Woman",1,"39",72,"0",0
9,"bandit","GlobalLearn","36","A bandit","Emeralds",43,"Woman",1,"40",83,"0",0
9,"bandit","GlobalLearn","36","A bandit","Emeralds",43,"Woman",1,"41",74,"0",0
9,"bandit","GlobalLearn","36","A bandit","Emeralds",43,"Woman",1,"42",33,"1",1
9,"bandit","GlobalLearn","36","A bandit","Emeralds",43,"Woman",1,"43",34,"1",1
9,"bandit","GlobalLearn","36","A bandit","Emeralds",43,"Woman",1,"44",80,"1",0
9,"bandit","GlobalLearn","36","A bandit","Emeralds",43,"Woman",1,"45",71,"1",0
9,"bandit","GlobalLearn","36","A bandit","Emeralds",43,"Woman",1,"46",66,"1",0
9,"bandit","GlobalLearn","36","A bandit","Emeralds",43,"Woman",1,"47",42,"0",1
9,"bandit","GlobalLearn","36","A bandit","Emeralds",43,"Woman",1,"48",39,"0",1
9,"bandit","GlobalLearn","36","A bandit","Emeralds",43,"Woman",1,"49",65,"0",0
9,"bandit","GlobalLearn","36","A bandit","Emeralds",43,"Woman",1,"50",67,"0",0
10,"tycoon","GlobalLearn","48","A tycoon","Emeralds",26,"Man",1,"1",100,"0",1
10,"tycoon","GlobalLearn","48","A tycoon","Emeralds",26,"Man",1,"2",100,"0",1
10,"tycoon","GlobalLearn","48","A tycoon","Emeralds",26,"Man",1,"3",100,"0",1
10,"tycoon","GlobalLearn","48","A tycoon","Emeralds",26,"Man",1,"4",100,"0",1
10,"tycoon","GlobalLearn","48","A tycoon","Emeralds",26,"Man",1,"5",100,"0",1
10,"tycoon","GlobalLearn","48","A tycoon","Emeralds",26,"Man",1,"6",100,"0",1
10,"tycoon","GlobalLearn","48","A tycoon","Emeralds",26,"Man",1,"7",0,"0",0
10,"tycoon","GlobalLearn","48","A tycoon","Emeralds",26,"Man",1,"8",0,"0",0
10,"tycoon","GlobalLearn","48","A tycoon","Emeralds",26,"Man",1,"9",100,"0",1
10,"tycoon","GlobalLearn","48","A tycoon","Emeralds",26,"Man",1,"10",100,"0",1
10,"tycoon","GlobalLearn","48","A tycoon","Emeralds",26,"Man",1,"11",100,"0",1
10,"tycoon","GlobalLearn","48","A tycoon","Emeralds",26,"Man",1,"12",100,"0",1
10,"tycoon","GlobalLearn","48","A tycoon","Emeralds",26,"Man",1,"13",0,"0",0
10,"tycoon","GlobalLearn","48","A tycoon","Emeralds",26,"Man",1,"14",100,"0",1
10,"tycoon","GlobalLearn","48","A tycoon","Emeralds",26,"Man",1,"15",100,"0",1
10,"tycoon","GlobalLearn","48","A tycoon","Emeralds",26,"Man",1,"16",0,"0",0
10,"tycoon","GlobalLearn","48","A tycoon","Emeralds",26,"Man",1,"17",100,"0",1
10,"tycoon","GlobalLearn","48","A tycoon","Emeralds",26,"Man",1,"18",0,"0",0
10,"tycoon","GlobalLearn","48","A tycoon","Emeralds",26,"Man",1,"19",100,"0",1
10,"tycoon","GlobalLearn","48","A tycoon","Emeralds",26,"Man",1,"20",0,"1",0
10,"tycoon","GlobalLearn","48","A tycoon","Emeralds",26,"Man",1,"21",0,"1",0
10,"tycoon","GlobalLearn","48","A tycoon","Emeralds",26,"Man",1,"22",100,"0",1
10,"tycoon","GlobalLearn","48","A tycoon","Emeralds",26,"Man",1,"23",100,"0",1
10,"tycoon","GlobalLearn","48","A tycoon","Emeralds",26,"Man",1,"24",100,"0",1
10,"tycoon","GlobalLearn","48","A tycoon","Emeralds",26,"Man",1,"25",100,"0",1
10,"tycoon","GlobalLearn","48","A tycoon","Emeralds",26,"Man",1,"26",0,"0",0
10,"tycoon","GlobalLearn","48","A tycoon","Emeralds",26,"Man",1,"27",100,"0",1
10,"tycoon","GlobalLearn","48","A tycoon","Emeralds",26,"Man",1,"28",100,"0",1
10,"tycoon","GlobalLearn","48","A tycoon","Emeralds",26,"Man",1,"29",100,"0",1
10,"tycoon","GlobalLearn","48","A tycoon","Emeralds",26,"Man",1,"30",100,"0",1
10,"tycoon","GlobalLearn","48","A tycoon","Emeralds",26,"Man",1,"31",0,"0",0
10,"tycoon","GlobalLearn","48","A tycoon","Emeralds",26,"Man",1,"32",100,"0",1
10,"tycoon","GlobalLearn","48","A tycoon","Emeralds",26,"Man",1,"33",0,"0",0
10,"tycoon","GlobalLearn","48","A tycoon","Emeralds",26,"Man",1,"34",100,"0",1
10,"tycoon","GlobalLearn","48","A tycoon","Emeralds",26,"Man",1,"35",100,"0",1
10,"tycoon","GlobalLearn","48","A tycoon","Emeralds",26,"Man",1,"36",100,"0",1
10,"tycoon","GlobalLearn","48","A tycoon","Emeralds",26,"Man",1,"37",100,"0",1
10,"tycoon","GlobalLearn","48","A tycoon","Emeralds",26,"Man",1,"38",0,"0",0
10,"tycoon","GlobalLearn","48","A tycoon","Emeralds",26,"Man",1,"39",100,"0",1
10,"tycoon","GlobalLearn","48","A tycoon","Emeralds",26,"Man",1,"40",100,"0",1
10,"tycoon","GlobalLearn","48","A tycoon","Emeralds",26,"Man",1,"41",100,"0",1
10,"tycoon","GlobalLearn","48","A tycoon","Emeralds",26,"Man",1,"42",100,"0",1
10,"tycoon","GlobalLearn","48","A tycoon","Emeralds",26,"Man",1,"43",99,"0",1
10,"tycoon","GlobalLearn","48","A tycoon","Emeralds",26,"Man",1,"44",0,"0",0
10,"tycoon","GlobalLearn","48","A tycoon","Emeralds",26,"Man",1,"45",0,"0",0
10,"tycoon","GlobalLearn","48","A tycoon","Emeralds",26,"Man",1,"46",100,"0",1
10,"tycoon","GlobalLearn","48","A tycoon","Emeralds",26,"Man",1,"47",100,"0",1
10,"tycoon","GlobalLearn","48","A tycoon","Emeralds",26,"Man",1,"48",100,"0",1
10,"tycoon","GlobalLearn","48","A tycoon","Emeralds",26,"Man",1,"49",100,"0",1
10,"tycoon","GlobalLearn","48","A tycoon","Emeralds",26,"Man",1,"50",100,"0",1
11,"bandit","GlobalLearn","28","A bandit","Emeralds",33,"Woman",1,"1",19,"0",1
11,"bandit","GlobalLearn","28","A bandit","Emeralds",33,"Woman",1,"2",81,"0",0
11,"bandit","GlobalLearn","28","A bandit","Emeralds",33,"Woman",1,"3",85,"0",0
11,"bandit","GlobalLearn","28","A bandit","Emeralds",33,"Woman",1,"4",84,"0",0
11,"bandit","GlobalLearn","28","A bandit","Emeralds",33,"Woman",1,"5",69,"0",0
11,"bandit","GlobalLearn","28","A bandit","Emeralds",33,"Woman",1,"6",88,"1",0
11,"bandit","GlobalLearn","28","A bandit","Emeralds",33,"Woman",1,"7",84,"1",0
11,"bandit","GlobalLearn","28","A bandit","Emeralds",33,"Woman",1,"8",15,"1",1
11,"bandit","GlobalLearn","28","A bandit","Emeralds",33,"Woman",1,"9",82,"1",0
11,"bandit","GlobalLearn","28","A bandit","Emeralds",33,"Woman",1,"10",85,"1",0
11,"bandit","GlobalLearn","28","A bandit","Emeralds",33,"Woman",1,"11",15,"1",1
11,"bandit","GlobalLearn","28","A bandit","Emeralds",33,"Woman",1,"12",11,"1",1
11,"bandit","GlobalLearn","28","A bandit","Emeralds",33,"Woman",1,"13",82,"1",0
11,"bandit","GlobalLearn","28","A bandit","Emeralds",33,"Woman",1,"14",87,"1",0
11,"bandit","GlobalLearn","28","A bandit","Emeralds",33,"Woman",1,"15",13,"1",1
11,"bandit","GlobalLearn","28","A bandit","Emeralds",33,"Woman",1,"16",16,"1",1
11,"bandit","GlobalLearn","28","A bandit","Emeralds",33,"Woman",1,"17",11,"1",1
11,"bandit","GlobalLearn","28","A bandit","Emeralds",33,"Woman",1,"18",10,"1",1
11,"bandit","GlobalLearn","28","A bandit","Emeralds",33,"Woman",1,"19",84,"1",0
11,"bandit","GlobalLearn","28","A bandit","Emeralds",33,"Woman",1,"20",83,"1",0
11,"bandit","GlobalLearn","28","A bandit","Emeralds",33,"Woman",1,"21",90,"1",0
11,"bandit","GlobalLearn","28","A bandit","Emeralds",33,"Woman",1,"22",8,"1",1
11,"bandit","GlobalLearn","28","A bandit","Emeralds",33,"Woman",1,"23",13,"1",1
11,"bandit","GlobalLearn","28","A bandit","Emeralds",33,"Woman",1,"24",87,"1",0
11,"bandit","GlobalLearn","28","A bandit","Emeralds",33,"Woman",1,"25",88,"1",0
11,"bandit","GlobalLearn","28","A bandit","Emeralds",33,"Woman",1,"26",13,"1",1
11,"bandit","GlobalLearn","28","A bandit","Emeralds",33,"Woman",1,"27",13,"1",1
11,"bandit","GlobalLearn","28","A bandit","Emeralds",33,"Woman",1,"28",87,"1",0
11,"bandit","GlobalLearn","28","A bandit","Emeralds",33,"Woman",1,"29",88,"1",0
11,"bandit","GlobalLearn","28","A bandit","Emeralds",33,"Woman",1,"30",91,"1",0
11,"bandit","GlobalLearn","28","A bandit","Emeralds",33,"Woman",1,"31",90,"1",0
11,"bandit","GlobalLearn","28","A bandit","Emeralds",33,"Woman",1,"32",11,"1",1
11,"bandit","GlobalLearn","28","A bandit","Emeralds",33,"Woman",1,"33",83,"1",0
11,"bandit","GlobalLearn","28","A bandit","Emeralds",33,"Woman",1,"34",13,"1",1
11,"bandit","GlobalLearn","28","A bandit","Emeralds",33,"Woman",1,"35",10,"1",1
11,"bandit","GlobalLearn","28","A bandit","Emeralds",33,"Woman",1,"36",9,"1",1
11,"bandit","GlobalLearn","28","A bandit","Emeralds",33,"Woman",1,"37",9,"1",1
11,"bandit","GlobalLearn","28","A bandit","Emeralds",33,"Woman",1,"38",88,"1",0
11,"bandit","GlobalLearn","28","A bandit","Emeralds",33,"Woman",1,"39",8,"1",1
11,"bandit","GlobalLearn","28","A bandit","Emeralds",33,"Woman",1,"40",11,"1",1
11,"bandit","GlobalLearn","28","A bandit","Emeralds",33,"Woman",1,"41",88,"1",0
11,"bandit","GlobalLearn","28","A bandit","Emeralds",33,"Woman",1,"42",93,"1",0
11,"bandit","GlobalLearn","28","A bandit","Emeralds",33,"Woman",1,"43",91,"1",0
11,"bandit","GlobalLearn","28","A bandit","Emeralds",33,"Woman",1,"44",88,"1",0
11,"bandit","GlobalLearn","28","A bandit","Emeralds",33,"Woman",1,"45",8,"1",1
11,"bandit","GlobalLearn","28","A bandit","Emeralds",33,"Woman",1,"46",8,"1",1
11,"bandit","GlobalLearn","28","A bandit","Emeralds",33,"Woman",1,"47",8,"1",1
11,"bandit","GlobalLearn","28","A bandit","Emeralds",33,"Woman",1,"48",7,"1",1
11,"bandit","GlobalLearn","28","A bandit","Emeralds",33,"Woman",1,"49",7,"1",1
11,"bandit","GlobalLearn","28","A bandit","Emeralds",33,"Woman",1,"50",8,"1",1
12,"tycoon","GlobalLearn","1","A tycoon","Emeralds",38,"Man",1,"1",100,"1",1
12,"tycoon","GlobalLearn","1","A tycoon","Emeralds",38,"Man",1,"2",100,"1",1
12,"tycoon","GlobalLearn","1","A tycoon","Emeralds",38,"Man",1,"3",100,"1",1
12,"tycoon","GlobalLearn","1","A tycoon","Emeralds",38,"Man",1,"4",100,"0",1
12,"tycoon","GlobalLearn","1","A tycoon","Emeralds",38,"Man",1,"5",100,"0",0
12,"tycoon","GlobalLearn","1","A tycoon","Emeralds",38,"Man",1,"6",100,"1",1
12,"tycoon","GlobalLearn","1","A tycoon","Emeralds",38,"Man",1,"7",100,"1",1
12,"tycoon","GlobalLearn","1","A tycoon","Emeralds",38,"Man",1,"8",100,"1",1
12,"tycoon","GlobalLearn","1","A tycoon","Emeralds",38,"Man",1,"9",100,"1",1
12,"tycoon","GlobalLearn","1","A tycoon","Emeralds",38,"Man",1,"10",100,"1",0
12,"tycoon","GlobalLearn","1","A tycoon","Emeralds",38,"Man",1,"11",100,"1",1
12,"tycoon","GlobalLearn","1","A tycoon","Emeralds",38,"Man",1,"12",100,"0",1
12,"tycoon","GlobalLearn","1","A tycoon","Emeralds",38,"Man",1,"13",100,"0",1
12,"tycoon","GlobalLearn","1","A tycoon","Emeralds",38,"Man",1,"14",100,"0",1
12,"tycoon","GlobalLearn","1","A tycoon","Emeralds",38,"Man",1,"15",100,"0",0
12,"tycoon","GlobalLearn","1","A tycoon","Emeralds",38,"Man",1,"16",100,"0",0
12,"tycoon","GlobalLearn","1","A tycoon","Emeralds",38,"Man",1,"17",100,"1",1
12,"tycoon","GlobalLearn","1","A tycoon","Emeralds",38,"Man",1,"18",100,"1",1
12,"tycoon","GlobalLearn","1","A tycoon","Emeralds",38,"Man",1,"19",100,"1",1
12,"tycoon","GlobalLearn","1","A tycoon","Emeralds",38,"Man",1,"20",100,"1",1
12,"tycoon","GlobalLearn","1","A tycoon","Emeralds",38,"Man",1,"21",100,"1",0
12,"tycoon","GlobalLearn","1","A tycoon","Emeralds",38,"Man",1,"22",100,"1",1
12,"tycoon","GlobalLearn","1","A tycoon","Emeralds",38,"Man",1,"23",100,"1",0
12,"tycoon","GlobalLearn","1","A tycoon","Emeralds",38,"Man",1,"24",100,"1",1
12,"tycoon","GlobalLearn","1","A tycoon","Emeralds",38,"Man",1,"25",100,"0",0
12,"tycoon","GlobalLearn","1","A tycoon","Emeralds",38,"Man",1,"26",100,"0",1
12,"tycoon","GlobalLearn","1","A tycoon","Emeralds",38,"Man",1,"27",100,"0",1
12,"tycoon","GlobalLearn","1","A tycoon","Emeralds",38,"Man",1,"28",100,"0",1
12,"tycoon","GlobalLearn","1","A tycoon","Emeralds",38,"Man",1,"29",100,"0",0
12,"tycoon","GlobalLearn","1","A tycoon","Emeralds",38,"Man",1,"30",100,"0",1
12,"tycoon","GlobalLearn","1","A tycoon","Emeralds",38,"Man",1,"31",100,"0",1
12,"tycoon","GlobalLearn","1","A tycoon","Emeralds",38,"Man",1,"32",78,"0",1
12,"tycoon","GlobalLearn","1","A tycoon","Emeralds",38,"Man",1,"33",100,"0",1
12,"tycoon","GlobalLearn","1","A tycoon","Emeralds",38,"Man",1,"34",100,"0",1
12,"tycoon","GlobalLearn","1","A tycoon","Emeralds",38,"Man",1,"35",69,"0",0
12,"tycoon","GlobalLearn","1","A tycoon","Emeralds",38,"Man",1,"36",58,"1",1
12,"tycoon","GlobalLearn","1","A tycoon","Emeralds",38,"Man",1,"37",57,"1",1
12,"tycoon","GlobalLearn","1","A tycoon","Emeralds",38,"Man",1,"38",100,"1",0
12,"tycoon","GlobalLearn","1","A tycoon","Emeralds",38,"Man",1,"39",68,"1",1
12,"tycoon","GlobalLearn","1","A tycoon","Emeralds",38,"Man",1,"40",76,"1",1
12,"tycoon","GlobalLearn","1","A tycoon","Emeralds",38,"Man",1,"41",77,"1",1
12,"tycoon","GlobalLearn","1","A tycoon","Emeralds",38,"Man",1,"42",75,"1",1
12,"tycoon","GlobalLearn","1","A tycoon","Emeralds",38,"Man",1,"43",100,"0",1
12,"tycoon","GlobalLearn","1","A tycoon","Emeralds",38,"Man",1,"44",100,"0",1
12,"tycoon","GlobalLearn","1","A tycoon","Emeralds",38,"Man",1,"45",77,"0",1
12,"tycoon","GlobalLearn","1","A tycoon","Emeralds",38,"Man",1,"46",100,"0",0
12,"tycoon","GlobalLearn","1","A tycoon","Emeralds",38,"Man",1,"47",100,"1",1
12,"tycoon","GlobalLearn","1","A tycoon","Emeralds",38,"Man",1,"48",72,"1",1
12,"tycoon","GlobalLearn","1","A tycoon","Emeralds",38,"Man",1,"49",100,"1",0
12,"tycoon","GlobalLearn","1","A tycoon","Emeralds",38,"Man",1,"50",95,"1",1
13,"sheriff","GlobalLearn","61","A sheriff","Emeralds",31,"Man",1,"1",69,"0",1
13,"sheriff","GlobalLearn","61","A sheriff","Emeralds",31,"Man",1,"2",74,"0",1
13,"sheriff","GlobalLearn","61","A sheriff","Emeralds",31,"Man",1,"3",99,"0",0
13,"sheriff","GlobalLearn","61","A sheriff","Emeralds",31,"Man",1,"4",77,"0",0
13,"sheriff","GlobalLearn","61","A sheriff","Emeralds",31,"Man",1,"5",78,"0",1
13,"sheriff","GlobalLearn","61","A sheriff","Emeralds",31,"Man",1,"6",27,"0",0
13,"sheriff","GlobalLearn","61","A sheriff","Emeralds",31,"Man",1,"7",23,"0",0
13,"sheriff","GlobalLearn","61","A sheriff","Emeralds",31,"Man",1,"8",74,"0",1
13,"sheriff","GlobalLearn","61","A sheriff","Emeralds",31,"Man",1,"9",76,"0",1
13,"sheriff","GlobalLearn","61","A sheriff","Emeralds",31,"Man",1,"10",77,"0",0
13,"sheriff","GlobalLearn","61","A sheriff","Emeralds",31,"Man",1,"11",100,"1",0
13,"sheriff","GlobalLearn","61","A sheriff","Emeralds",31,"Man",1,"12",100,"1",1
13,"sheriff","GlobalLearn","61","A sheriff","Emeralds",31,"Man",1,"13",21,"1",0
13,"sheriff","GlobalLearn","61","A sheriff","Emeralds",31,"Man",1,"14",0,"1",0
13,"sheriff","GlobalLearn","61","A sheriff","Emeralds",31,"Man",1,"15",0,"1",0
13,"sheriff","GlobalLearn","61","A sheriff","Emeralds",31,"Man",1,"16",0,"1",0
13,"sheriff","GlobalLearn","61","A sheriff","Emeralds",31,"Man",1,"17",100,"1",1
13,"sheriff","GlobalLearn","61","A sheriff","Emeralds",31,"Man",1,"18",0,"1",0
13,"sheriff","GlobalLearn","61","A sheriff","Emeralds",31,"Man",1,"19",0,"1",0
13,"sheriff","GlobalLearn","61","A sheriff","Emeralds",31,"Man",1,"20",100,"1",1
13,"sheriff","GlobalLearn","61","A sheriff","Emeralds",31,"Man",1,"21",77,"1",1
13,"sheriff","GlobalLearn","61","A sheriff","Emeralds",31,"Man",1,"22",0,"1",0
13,"sheriff","GlobalLearn","61","A sheriff","Emeralds",31,"Man",1,"23",0,"1",0
13,"sheriff","GlobalLearn","61","A sheriff","Emeralds",31,"Man",1,"24",0,"1",0
13,"sheriff","GlobalLearn","61","A sheriff","Emeralds",31,"Man",1,"25",1,"1",0
13,"sheriff","GlobalLearn","61","A sheriff","Emeralds",31,"Man",1,"26",74,"0",1
13,"sheriff","GlobalLearn","61","A sheriff","Emeralds",31,"Man",1,"27",100,"0",0
13,"sheriff","GlobalLearn","61","A sheriff","Emeralds",31,"Man",1,"28",100,"0",0
13,"sheriff","GlobalLearn","61","A sheriff","Emeralds",31,"Man",1,"29",19,"0",1
13,"sheriff","GlobalLearn","61","A sheriff","Emeralds",31,"Man",1,"30",100,"0",0
13,"sheriff","GlobalLearn","61","A sheriff","Emeralds",31,"Man",1,"31",14,"0",1
13,"sheriff","GlobalLearn","61","A sheriff","Emeralds",31,"Man",1,"32",0,"0",1
13,"sheriff","GlobalLearn","61","A sheriff","Emeralds",31,"Man",1,"33",0,"0",1
13,"sheriff","GlobalLearn","61","A sheriff","Emeralds",31,"Man",1,"34",0,"0",1
13,"sheriff","GlobalLearn","61","A sheriff","Emeralds",31,"Man",1,"35",0,"0",1
13,"sheriff","GlobalLearn","61","A sheriff","Emeralds",31,"Man",1,"36",100,"0",0
13,"sheriff","GlobalLearn","61","A sheriff","Emeralds",31,"Man",1,"37",100,"0",0
13,"sheriff","GlobalLearn","61","A sheriff","Emeralds",31,"Man",1,"38",11,"0",1
13,"sheriff","GlobalLearn","61","A sheriff","Emeralds",31,"Man",1,"39",100,"0",0
13,"sheriff","GlobalLearn","61","A sheriff","Emeralds",31,"Man",1,"40",78,"0",0
13,"sheriff","GlobalLearn","61","A sheriff","Emeralds",31,"Man",1,"41",0,"0",1
13,"sheriff","GlobalLearn","61","A sheriff","Emeralds",31,"Man",1,"42",0,"0",1
13,"sheriff","GlobalLearn","61","A sheriff","Emeralds",31,"Man",1,"43",0,"0",1
13,"sheriff","GlobalLearn","61","A sheriff","Emeralds",31,"Man",1,"44",1,"0",1
13,"sheriff","GlobalLearn","61","A sheriff","Emeralds",31,"Man",1,"45",3,"0",1
13,"sheriff","GlobalLearn","61","A sheriff","Emeralds",31,"Man",1,"46",0,"0",1
13,"sheriff","GlobalLearn","61","A sheriff","Emeralds",31,"Man",1,"47",100,"0",0
13,"sheriff","GlobalLearn","61","A sheriff","Emeralds",31,"Man",1,"48",0,"0",1
13,"sheriff","GlobalLearn","61","A sheriff","Emeralds",31,"Man",1,"49",85,"0",0
13,"sheriff","GlobalLearn","61","A sheriff","Emeralds",31,"Man",1,"50",0,"0",1
14,"sheriff","GlobalLearn","38","A sheriff","Emeralds",63,"Man",1,"1",8,"0",1
14,"sheriff","GlobalLearn","38","A sheriff","Emeralds",63,"Man",1,"2",65,"1",1
14,"sheriff","GlobalLearn","38","A sheriff","Emeralds",63,"Man",1,"3",69,"1",0
14,"sheriff","GlobalLearn","38","A sheriff","Emeralds",63,"Man",1,"4",83,"0",1
14,"sheriff","GlobalLearn","38","A sheriff","Emeralds",63,"Man",1,"5",34,"0",1
14,"sheriff","GlobalLearn","38","A sheriff","Emeralds",63,"Man",1,"6",67,"0",0
14,"sheriff","GlobalLearn","38","A sheriff","Emeralds",63,"Man",1,"7",79,"0",1
14,"sheriff","GlobalLearn","38","A sheriff","Emeralds",63,"Man",1,"8",78,"1",0
14,"sheriff","GlobalLearn","38","A sheriff","Emeralds",63,"Man",1,"9",73,"1",1
14,"sheriff","GlobalLearn","38","A sheriff","Emeralds",63,"Man",1,"10",84,"1",1
14,"sheriff","GlobalLearn","38","A sheriff","Emeralds",63,"Man",1,"11",75,"1",1
14,"sheriff","GlobalLearn","38","A sheriff","Emeralds",63,"Man",1,"12",75,"1",1
14,"sheriff","GlobalLearn","38","A sheriff","Emeralds",63,"Man",1,"13",81,"1",1
14,"sheriff","GlobalLearn","38","A sheriff","Emeralds",63,"Man",1,"14",82,"1",1
14,"sheriff","GlobalLearn","38","A sheriff","Emeralds",63,"Man",1,"15",82,"1",1
14,"sheriff","GlobalLearn","38","A sheriff","Emeralds",63,"Man",1,"16",77,"1",0
14,"sheriff","GlobalLearn","38","A sheriff","Emeralds",63,"Man",1,"17",83,"1",0
14,"sheriff","GlobalLearn","38","A sheriff","Emeralds",63,"Man",1,"18",80,"1",1
14,"sheriff","GlobalLearn","38","A sheriff","Emeralds",63,"Man",1,"19",82,"1",0
14,"sheriff","GlobalLearn","38","A sheriff","Emeralds",63,"Man",1,"20",88,"1",0
14,"sheriff","GlobalLearn","38","A sheriff","Emeralds",63,"Man",1,"21",81,"1",1
14,"sheriff","GlobalLearn","38","A sheriff","Emeralds",63,"Man",1,"22",80,"1",1
14,"sheriff","GlobalLearn","38","A sheriff","Emeralds",63,"Man",1,"23",82,"1",0
14,"sheriff","GlobalLearn","38","A sheriff","Emeralds",63,"Man",1,"24",86,"1",0
14,"sheriff","GlobalLearn","38","A sheriff","Emeralds",63,"Man",1,"25",83,"0",0
14,"sheriff","GlobalLearn","38","A sheriff","Emeralds",63,"Man",1,"26",91,"0",1
14,"sheriff","GlobalLearn","38","A sheriff","Emeralds",63,"Man",1,"27",84,"0",1
14,"sheriff","GlobalLearn","38","A sheriff","Emeralds",63,"Man",1,"28",87,"0",0
14,"sheriff","GlobalLearn","38","A sheriff","Emeralds",63,"Man",1,"29",86,"0",0
14,"sheriff","GlobalLearn","38","A sheriff","Emeralds",63,"Man",1,"30",94,"0",0
14,"sheriff","GlobalLearn","38","A sheriff","Emeralds",63,"Man",1,"31",87,"0",0
14,"sheriff","GlobalLearn","38","A sheriff","Emeralds",63,"Man",1,"32",84,"1",0
14,"sheriff","GlobalLearn","38","A sheriff","Emeralds",63,"Man",1,"33",86,"1",1
14,"sheriff","GlobalLearn","38","A sheriff","Emeralds",63,"Man",1,"34",84,"1",1
14,"sheriff","GlobalLearn","38","A sheriff","Emeralds",63,"Man",1,"35",82,"1",0
14,"sheriff","GlobalLearn","38","A sheriff","Emeralds",63,"Man",1,"36",85,"1",0
14,"sheriff","GlobalLearn","38","A sheriff","Emeralds",63,"Man",1,"37",86,"1",0
14,"sheriff","GlobalLearn","38","A sheriff","Emeralds",63,"Man",1,"38",88,"1",0
14,"sheriff","GlobalLearn","38","A sheriff","Emeralds",63,"Man",1,"39",95,"1",1
14,"sheriff","GlobalLearn","38","A sheriff","Emeralds",63,"Man",1,"40",97,"1",0
14,"sheriff","GlobalLearn","38","A sheriff","Emeralds",63,"Man",1,"41",95,"1",1
14,"sheriff","GlobalLearn","38","A sheriff","Emeralds",63,"Man",1,"42",94,"1",1
14,"sheriff","GlobalLearn","38","A sheriff","Emeralds",63,"Man",1,"43",83,"1",1
14,"sheriff","GlobalLearn","38","A sheriff","Emeralds",63,"Man",1,"44",72,"1",0
14,"sheriff","GlobalLearn","38","A sheriff","Emeralds",63,"Man",1,"45",86,"1",0
14,"sheriff","GlobalLearn","38","A sheriff","Emeralds",63,"Man",1,"46",80,"1",1
14,"sheriff","GlobalLearn","38","A sheriff","Emeralds",63,"Man",1,"47",90,"1",0
14,"sheriff","GlobalLearn","38","A sheriff","Emeralds",63,"Man",1,"48",89,"1",0
14,"sheriff","GlobalLearn","38","A sheriff","Emeralds",63,"Man",1,"49",85,"0",1
14,"sheriff","GlobalLearn","38","A sheriff","Emeralds",63,"Man",1,"50",83,"0",1
15,"sheriff","GlobalLearn","41","A sheriff","Emeralds",27,"Man",1,"1",100,"1",0
15,"sheriff","GlobalLearn","41","A sheriff","Emeralds",27,"Man",1,"2",100,"1",0
15,"sheriff","GlobalLearn","41","A sheriff","Emeralds",27,"Man",1,"3",49,"0",1
15,"sheriff","GlobalLearn","41","A sheriff","Emeralds",27,"Man",1,"4",32,"0",1
15,"sheriff","GlobalLearn","41","A sheriff","Emeralds",27,"Man",1,"5",15,"0",1
15,"sheriff","GlobalLearn","41","A sheriff","Emeralds",27,"Man",1,"6",100,"0",0
15,"sheriff","GlobalLearn","41","A sheriff","Emeralds",27,"Man",1,"7",85,"1",1
15,"sheriff","GlobalLearn","41","A sheriff","Emeralds",27,"Man",1,"8",32,"1",0
15,"sheriff","GlobalLearn","41","A sheriff","Emeralds",27,"Man",1,"9",47,"0",1
15,"sheriff","GlobalLearn","41","A sheriff","Emeralds",27,"Man",1,"10",32,"0",1
15,"sheriff","GlobalLearn","41","A sheriff","Emeralds",27,"Man",1,"11",23,"0",1
15,"sheriff","GlobalLearn","41","A sheriff","Emeralds",27,"Man",1,"12",11,"0",1
15,"sheriff","GlobalLearn","41","A sheriff","Emeralds",27,"Man",1,"13",9,"0",1
15,"sheriff","GlobalLearn","41","A sheriff","Emeralds",27,"Man",1,"14",91,"0",0
15,"sheriff","GlobalLearn","41","A sheriff","Emeralds",27,"Man",1,"15",73,"1",1
15,"sheriff","GlobalLearn","41","A sheriff","Emeralds",27,"Man",1,"16",50,"1",1
15,"sheriff","GlobalLearn","41","A sheriff","Emeralds",27,"Man",1,"17",48,"1",0
15,"sheriff","GlobalLearn","41","A sheriff","Emeralds",27,"Man",1,"18",87,"0",0
15,"sheriff","GlobalLearn","41","A sheriff","Emeralds",27,"Man",1,"19",53,"1",0
15,"sheriff","GlobalLearn","41","A sheriff","Emeralds",27,"Man",1,"20",76,"0",0
15,"sheriff","GlobalLearn","41","A sheriff","Emeralds",27,"Man",1,"21",86,"1",1
15,"sheriff","GlobalLearn","41","A sheriff","Emeralds",27,"Man",1,"22",76,"1",0
15,"sheriff","GlobalLearn","41","A sheriff","Emeralds",27,"Man",1,"23",68,"0",1
15,"sheriff","GlobalLearn","41","A sheriff","Emeralds",27,"Man",1,"24",67,"0",1
15,"sheriff","GlobalLearn","41","A sheriff","Emeralds",27,"Man",1,"25",68,"0",0
15,"sheriff","GlobalLearn","41","A sheriff","Emeralds",27,"Man",1,"26",66,"0",0
15,"sheriff","GlobalLearn","41","A sheriff","Emeralds",27,"Man",1,"27",72,"1",0
15,"sheriff","GlobalLearn","41","A sheriff","Emeralds",27,"Man",1,"28",68,"1",0
15,"sheriff","GlobalLearn","41","A sheriff","Emeralds",27,"Man",1,"29",68,"0",1
15,"sheriff","GlobalLearn","41","A sheriff","Emeralds",27,"Man",1,"30",24,"0",1
15,"sheriff","GlobalLearn","41","A sheriff","Emeralds",27,"Man",1,"31",92,"0",0
15,"sheriff","GlobalLearn","41","A sheriff","Emeralds",27,"Man",1,"32",27,"0",1
15,"sheriff","GlobalLearn","41","A sheriff","Emeralds",27,"Man",1,"33",17,"0",1
15,"sheriff","GlobalLearn","41","A sheriff","Emeralds",27,"Man",1,"34",21,"0",1
15,"sheriff","GlobalLearn","41","A sheriff","Emeralds",27,"Man",1,"35",9,"0",1
15,"sheriff","GlobalLearn","41","A sheriff","Emeralds",27,"Man",1,"36",93,"0",0
15,"sheriff","GlobalLearn","41","A sheriff","Emeralds",27,"Man",1,"37",7,"0",1
15,"sheriff","GlobalLearn","41","A sheriff","Emeralds",27,"Man",1,"38",4,"0",1
15,"sheriff","GlobalLearn","41","A sheriff","Emeralds",27,"Man",1,"39",7,"0",1
15,"sheriff","GlobalLearn","41","A sheriff","Emeralds",27,"Man",1,"40",95,"0",0
15,"sheriff","GlobalLearn","41","A sheriff","Emeralds",27,"Man",1,"41",98,"0",0
15,"sheriff","GlobalLearn","41","A sheriff","Emeralds",27,"Man",1,"42",2,"0",1
15,"sheriff","GlobalLearn","41","A sheriff","Emeralds",27,"Man",1,"43",99,"0",0
15,"sheriff","GlobalLearn","41","A sheriff","Emeralds",27,"Man",1,"44",97,"0",0
15,"sheriff","GlobalLearn","41","A sheriff","Emeralds",27,"Man",1,"45",2,"0",1
15,"sheriff","GlobalLearn","41","A sheriff","Emeralds",27,"Man",1,"46",98,"0",0
15,"sheriff","GlobalLearn","41","A sheriff","Emeralds",27,"Man",1,"47",0,"0",1
15,"sheriff","GlobalLearn","41","A sheriff","Emeralds",27,"Man",1,"48",5,"0",1
15,"sheriff","GlobalLearn","41","A sheriff","Emeralds",27,"Man",1,"49",93,"0",0
15,"sheriff","GlobalLearn","41","A sheriff","Emeralds",27,"Man",1,"50",8,"0",1
16,"sheriff","GlobalLearn","18","A sheriff","Emeralds",30,"Man",1,"1",0,"1",1
16,"sheriff","GlobalLearn","18","A sheriff","Emeralds",30,"Man",1,"2",0,"1",1
16,"sheriff","GlobalLearn","18","A sheriff","Emeralds",30,"Man",1,"3",0,"1",1
16,"sheriff","GlobalLearn","18","A sheriff","Emeralds",30,"Man",1,"4",100,"1",0
16,"sheriff","GlobalLearn","18","A sheriff","Emeralds",30,"Man",1,"5",100,"0",0
16,"sheriff","GlobalLearn","18","A sheriff","Emeralds",30,"Man",1,"6",100,"1",0
16,"sheriff","GlobalLearn","18","A sheriff","Emeralds",30,"Man",1,"7",0,"1",1
16,"sheriff","GlobalLearn","18","A sheriff","Emeralds",30,"Man",1,"8",0,"1",1
16,"sheriff","GlobalLearn","18","A sheriff","Emeralds",30,"Man",1,"9",100,"1",0
16,"sheriff","GlobalLearn","18","A sheriff","Emeralds",30,"Man",1,"10",0,"1",1
16,"sheriff","GlobalLearn","18","A sheriff","Emeralds",30,"Man",1,"11",0,"1",1
16,"sheriff","GlobalLearn","18","A sheriff","Emeralds",30,"Man",1,"12",0,"1",1
16,"sheriff","GlobalLearn","18","A sheriff","Emeralds",30,"Man",1,"13",100,"0",0
16,"sheriff","GlobalLearn","18","A sheriff","Emeralds",30,"Man",1,"14",0,"1",1
16,"sheriff","GlobalLearn","18","A sheriff","Emeralds",30,"Man",1,"15",0,"1",1
16,"sheriff","GlobalLearn","18","A sheriff","Emeralds",30,"Man",1,"16",100,"1",0
16,"sheriff","GlobalLearn","18","A sheriff","Emeralds",30,"Man",1,"17",0,"1",1
16,"sheriff","GlobalLearn","18","A sheriff","Emeralds",30,"Man",1,"18",100,"1",0
16,"sheriff","GlobalLearn","18","A sheriff","Emeralds",30,"Man",1,"19",0,"1",1
16,"sheriff","GlobalLearn","18","A sheriff","Emeralds",30,"Man",1,"20",100,"1",0
16,"sheriff","GlobalLearn","18","A sheriff","Emeralds",30,"Man",1,"21",0,"1",1
16,"sheriff","GlobalLearn","18","A sheriff","Emeralds",30,"Man",1,"22",100,"1",0
16,"sheriff","GlobalLearn","18","A sheriff","Emeralds",30,"Man",1,"23",0,"1",1
16,"sheriff","GlobalLearn","18","A sheriff","Emeralds",30,"Man",1,"24",0,"1",1
16,"sheriff","GlobalLearn","18","A sheriff","Emeralds",30,"Man",1,"25",100,"1",0
16,"sheriff","GlobalLearn","18","A sheriff","Emeralds",30,"Man",1,"26",93,"1",0
16,"sheriff","GlobalLearn","18","A sheriff","Emeralds",30,"Man",1,"27",0,"1",1
16,"sheriff","GlobalLearn","18","A sheriff","Emeralds",30,"Man",1,"28",0,"1",1
16,"sheriff","GlobalLearn","18","A sheriff","Emeralds",30,"Man",1,"29",100,"1",0
16,"sheriff","GlobalLearn","18","A sheriff","Emeralds",30,"Man",1,"30",0,"1",1
16,"sheriff","GlobalLearn","18","A sheriff","Emeralds",30,"Man",1,"31",100,"1",0
16,"sheriff","GlobalLearn","18","A sheriff","Emeralds",30,"Man",1,"32",0,"1",1
16,"sheriff","GlobalLearn","18","A sheriff","Emeralds",30,"Man",1,"33",100,"0",0
16,"sheriff","GlobalLearn","18","A sheriff","Emeralds",30,"Man",1,"34",0,"1",1
16,"sheriff","GlobalLearn","18","A sheriff","Emeralds",30,"Man",1,"35",0,"1",1
16,"sheriff","GlobalLearn","18","A sheriff","Emeralds",30,"Man",1,"36",0,"1",1
16,"sheriff","GlobalLearn","18","A sheriff","Emeralds",30,"Man",1,"37",0,"1",1
16,"sheriff","GlobalLearn","18","A sheriff","Emeralds",30,"Man",1,"38",0,"1",1
16,"sheriff","GlobalLearn","18","A sheriff","Emeralds",30,"Man",1,"39",0,"1",1
16,"sheriff","GlobalLearn","18","A sheriff","Emeralds",30,"Man",1,"40",0,"1",1
16,"sheriff","GlobalLearn","18","A sheriff","Emeralds",30,"Man",1,"41",100,"1",0
16,"sheriff","GlobalLearn","18","A sheriff","Emeralds",30,"Man",1,"42",100,"1",0
16,"sheriff","GlobalLearn","18","A sheriff","Emeralds",30,"Man",1,"43",100,"1",0
16,"sheriff","GlobalLearn","18","A sheriff","Emeralds",30,"Man",1,"44",100,"0",0
16,"sheriff","GlobalLearn","18","A sheriff","Emeralds",30,"Man",1,"45",0,"1",1
16,"sheriff","GlobalLearn","18","A sheriff","Emeralds",30,"Man",1,"46",0,"1",1
16,"sheriff","GlobalLearn","18","A sheriff","Emeralds",30,"Man",1,"47",100,"1",0
16,"sheriff","GlobalLearn","18","A sheriff","Emeralds",30,"Man",1,"48",0,"1",1
16,"sheriff","GlobalLearn","18","A sheriff","Emeralds",30,"Man",1,"49",100,"1",0
16,"sheriff","GlobalLearn","18","A sheriff","Emeralds",30,"Man",1,"50",0,"1",1
17,"bandit","GlobalLearn","15","A bandit","Emeralds",30,"Woman",1,"1",84,"0",1
17,"bandit","GlobalLearn","15","A bandit","Emeralds",30,"Woman",1,"2",83,"1",0
17,"bandit","GlobalLearn","15","A bandit","Emeralds",30,"Woman",1,"3",89,"0",0
17,"bandit","GlobalLearn","15","A bandit","Emeralds",30,"Woman",1,"4",80,"1",0
17,"bandit","GlobalLearn","15","A bandit","Emeralds",30,"Woman",1,"5",83,"1",0
17,"bandit","GlobalLearn","15","A bandit","Emeralds",30,"Woman",1,"6",82,"1",0
17,"bandit","GlobalLearn","15","A bandit","Emeralds",30,"Woman",1,"7",81,"0",1
17,"bandit","GlobalLearn","15","A bandit","Emeralds",30,"Woman",1,"8",88,"0",1
17,"bandit","GlobalLearn","15","A bandit","Emeralds",30,"Woman",1,"9",81,"0",0
17,"bandit","GlobalLearn","15","A bandit","Emeralds",30,"Woman",1,"10",86,"0",0
17,"bandit","GlobalLearn","15","A bandit","Emeralds",30,"Woman",1,"11",81,"1",0
17,"bandit","GlobalLearn","15","A bandit","Emeralds",30,"Woman",1,"12",82,"0",0
17,"bandit","GlobalLearn","15","A bandit","Emeralds",30,"Woman",1,"13",79,"0",0
17,"bandit","GlobalLearn","15","A bandit","Emeralds",30,"Woman",1,"14",75,"1",0
17,"bandit","GlobalLearn","15","A bandit","Emeralds",30,"Woman",1,"15",82,"1",1
17,"bandit","GlobalLearn","15","A bandit","Emeralds",30,"Woman",1,"16",81,"1",0
17,"bandit","GlobalLearn","15","A bandit","Emeralds",30,"Woman",1,"17",84,"0",1
17,"bandit","GlobalLearn","15","A bandit","Emeralds",30,"Woman",1,"18",79,"1",0
17,"bandit","GlobalLearn","15","A bandit","Emeralds",30,"Woman",1,"19",80,"0",0
17,"bandit","GlobalLearn","15","A bandit","Emeralds",30,"Woman",1,"20",81,"1",0
17,"bandit","GlobalLearn","15","A bandit","Emeralds",30,"Woman",1,"21",84,"0",1
17,"bandit","GlobalLearn","15","A bandit","Emeralds",30,"Woman",1,"22",81,"0",0
17,"bandit","GlobalLearn","15","A bandit","Emeralds",30,"Woman",1,"23",89,"1",0
17,"bandit","GlobalLearn","15","A bandit","Emeralds",30,"Woman",1,"24",82,"0",1
17,"bandit","GlobalLearn","15","A bandit","Emeralds",30,"Woman",1,"25",83,"0",0
17,"bandit","GlobalLearn","15","A bandit","Emeralds",30,"Woman",1,"26",80,"1",0
17,"bandit","GlobalLearn","15","A bandit","Emeralds",30,"Woman",1,"27",81,"0",0
17,"bandit","GlobalLearn","15","A bandit","Emeralds",30,"Woman",1,"28",81,"0",0
17,"bandit","GlobalLearn","15","A bandit","Emeralds",30,"Woman",1,"29",76,"0",1
17,"bandit","GlobalLearn","15","A bandit","Emeralds",30,"Woman",1,"30",79,"1",0
17,"bandit","GlobalLearn","15","A bandit","Emeralds",30,"Woman",1,"31",82,"0",1
17,"bandit","GlobalLearn","15","A bandit","Emeralds",30,"Woman",1,"32",79,"0",0
17,"bandit","GlobalLearn","15","A bandit","Emeralds",30,"Woman",1,"33",81,"0",0
17,"bandit","GlobalLearn","15","A bandit","Emeralds",30,"Woman",1,"34",83,"0",0
17,"bandit","GlobalLearn","15","A bandit","Emeralds",30,"Woman",1,"35",80,"0",1
17,"bandit","GlobalLearn","15","A bandit","Emeralds",30,"Woman",1,"36",83,"0",0
17,"bandit","GlobalLearn","15","A bandit","Emeralds",30,"Woman",1,"37",81,"0",1
17,"bandit","GlobalLearn","15","A bandit","Emeralds",30,"Woman",1,"38",82,"0",1
17,"bandit","GlobalLearn","15","A bandit","Emeralds",30,"Woman",1,"39",76,"0",1
17,"bandit","GlobalLearn","15","A bandit","Emeralds",30,"Woman",1,"40",85,"0",1
17,"bandit","GlobalLearn","15","A bandit","Emeralds",30,"Woman",1,"41",82,"0",0
17,"bandit","GlobalLearn","15","A bandit","Emeralds",30,"Woman",1,"42",83,"0",0
17,"bandit","GlobalLearn","15","A bandit","Emeralds",30,"Woman",1,"43",82,"0",0
17,"bandit","GlobalLearn","15","A bandit","Emeralds",30,"Woman",1,"44",82,"0",1
17,"bandit","GlobalLearn","15","A bandit","Emeralds",30,"Woman",1,"45",81,"0",0
17,"bandit","GlobalLearn","15","A bandit","Emeralds",30,"Woman",1,"46",81,"0",1
17,"bandit","GlobalLearn","15","A bandit","Emeralds",30,"Woman",1,"47",80,"0",0
17,"bandit","GlobalLearn","15","A bandit","Emeralds",30,"Woman",1,"48",78,"0",0
17,"bandit","GlobalLearn","15","A bandit","Emeralds",30,"Woman",1,"49",76,"0",0
17,"bandit","GlobalLearn","15","A bandit","Emeralds",30,"Woman",1,"50",77,"0",1
18,"bandit","GlobalLearn","63","A bandit","Emeralds",34,"Woman",1,"1",8,"0",1
18,"bandit","GlobalLearn","63","A bandit","Emeralds",34,"Woman",1,"2",92,"0",0
18,"bandit","GlobalLearn","63","A bandit","Emeralds",34,"Woman",1,"3",23,"0",1
18,"bandit","GlobalLearn","63","A bandit","Emeralds",34,"Woman",1,"4",90,"0",0
18,"bandit","GlobalLearn","63","A bandit","Emeralds",34,"Woman",1,"5",91,"0",0
18,"bandit","GlobalLearn","63","A bandit","Emeralds",34,"Woman",1,"6",81,"0",0
18,"bandit","GlobalLearn","63","A bandit","Emeralds",34,"Woman",1,"7",86,"1",0
18,"bandit","GlobalLearn","63","A bandit","Emeralds",34,"Woman",1,"8",24,"0",1
18,"bandit","GlobalLearn","63","A bandit","Emeralds",34,"Woman",1,"9",92,"0",0
18,"bandit","GlobalLearn","63","A bandit","Emeralds",34,"Woman",1,"10",82,"1",0
18,"bandit","GlobalLearn","63","A bandit","Emeralds",34,"Woman",1,"11",89,"1",0
18,"bandit","GlobalLearn","63","A bandit","Emeralds",34,"Woman",1,"12",90,"1",0
18,"bandit","GlobalLearn","63","A bandit","Emeralds",34,"Woman",1,"13",89,"0",0
18,"bandit","GlobalLearn","63","A bandit","Emeralds",34,"Woman",1,"14",100,"0",0
18,"bandit","GlobalLearn","63","A bandit","Emeralds",34,"Woman",1,"15",100,"0",0
18,"bandit","GlobalLearn","63","A bandit","Emeralds",34,"Woman",1,"16",61,"1",1
18,"bandit","GlobalLearn","63","A bandit","Emeralds",34,"Woman",1,"17",100,"1",0
18,"bandit","GlobalLearn","63","A bandit","Emeralds",34,"Woman",1,"18",61,"1",1
18,"bandit","GlobalLearn","63","A bandit","Emeralds",34,"Woman",1,"19",66,"1",1
18,"bandit","GlobalLearn","63","A bandit","Emeralds",34,"Woman",1,"20",59,"1",1
18,"bandit","GlobalLearn","63","A bandit","Emeralds",34,"Woman",1,"21",63,"1",1
18,"bandit","GlobalLearn","63","A bandit","Emeralds",34,"Woman",1,"22",62,"1",1
18,"bandit","GlobalLearn","63","A bandit","Emeralds",34,"Woman",1,"23",99,"1",0
18,"bandit","GlobalLearn","63","A bandit","Emeralds",34,"Woman",1,"24",64,"1",1
18,"bandit","GlobalLearn","63","A bandit","Emeralds",34,"Woman",1,"25",65,"1",1
18,"bandit","GlobalLearn","63","A bandit","Emeralds",34,"Woman",1,"26",68,"1",1
18,"bandit","GlobalLearn","63","A bandit","Emeralds",34,"Woman",1,"27",99,"1",0
18,"bandit","GlobalLearn","63","A bandit","Emeralds",34,"Woman",1,"28",61,"1",1
18,"bandit","GlobalLearn","63","A bandit","Emeralds",34,"Woman",1,"29",100,"1",0
18,"bandit","GlobalLearn","63","A bandit","Emeralds",34,"Woman",1,"30",100,"1",0
18,"bandit","GlobalLearn","63","A bandit","Emeralds",34,"Woman",1,"31",100,"1",0
18,"bandit","GlobalLearn","63","A bandit","Emeralds",34,"Woman",1,"32",100,"0",0
18,"bandit","GlobalLearn","63","A bandit","Emeralds",34,"Woman",1,"33",68,"0",1
18,"bandit","GlobalLearn","63","A bandit","Emeralds",34,"Woman",1,"34",100,"0",0
18,"bandit","GlobalLearn","63","A bandit","Emeralds",34,"Woman",1,"35",63,"1",1
18,"bandit","GlobalLearn","63","A bandit","Emeralds",34,"Woman",1,"36",100,"1",0
18,"bandit","GlobalLearn","63","A bandit","Emeralds",34,"Woman",1,"37",100,"1",0
18,"bandit","GlobalLearn","63","A bandit","Emeralds",34,"Woman",1,"38",100,"1",0
18,"bandit","GlobalLearn","63","A bandit","Emeralds",34,"Woman",1,"39",100,"1",0
18,"bandit","GlobalLearn","63","A bandit","Emeralds",34,"Woman",1,"40",100,"1",0
18,"bandit","GlobalLearn","63","A bandit","Emeralds",34,"Woman",1,"41",100,"0",0
18,"bandit","GlobalLearn","63","A bandit","Emeralds",34,"Woman",1,"42",62,"1",1
18,"bandit","GlobalLearn","63","A bandit","Emeralds",34,"Woman",1,"43",100,"1",0
18,"bandit","GlobalLearn","63","A bandit","Emeralds",34,"Woman",1,"44",100,"1",0
18,"bandit","GlobalLearn","63","A bandit","Emeralds",34,"Woman",1,"45",66,"1",1
18,"bandit","GlobalLearn","63","A bandit","Emeralds",34,"Woman",1,"46",100,"1",0
18,"bandit","GlobalLearn","63","A bandit","Emeralds",34,"Woman",1,"47",64,"1",1
18,"bandit","GlobalLearn","63","A bandit","Emeralds",34,"Woman",1,"48",100,"1",0
18,"bandit","GlobalLearn","63","A bandit","Emeralds",34,"Woman",1,"49",100,"0",0
18,"bandit","GlobalLearn","63","A bandit","Emeralds",34,"Woman",1,"50",100,"0",0
19,"sheriff","GlobalLearn","30","A sheriff","Emeralds",24,"Woman",1,"1",100,"1",0
19,"sheriff","GlobalLearn","30","A sheriff","Emeralds",24,"Woman",1,"2",100,"0",1
19,"sheriff","GlobalLearn","30","A sheriff","Emeralds",24,"Woman",1,"3",18,"0",1
19,"sheriff","GlobalLearn","30","A sheriff","Emeralds",24,"Woman",1,"4",0,"0",1
19,"sheriff","GlobalLearn","30","A sheriff","Emeralds",24,"Woman",1,"5",0,"0",1
19,"sheriff","GlobalLearn","30","A sheriff","Emeralds",24,"Woman",1,"6",0,"0",0
19,"sheriff","GlobalLearn","30","A sheriff","Emeralds",24,"Woman",1,"7",0,"0",1
19,"sheriff","GlobalLearn","30","A sheriff","Emeralds",24,"Woman",1,"8",0,"0",1
19,"sheriff","GlobalLearn","30","A sheriff","Emeralds",24,"Woman",1,"9",0,"0",0
19,"sheriff","GlobalLearn","30","A sheriff","Emeralds",24,"Woman",1,"10",0,"0",1
19,"sheriff","GlobalLearn","30","A sheriff","Emeralds",24,"Woman",1,"11",0,"0",1
19,"sheriff","GlobalLearn","30","A sheriff","Emeralds",24,"Woman",1,"12",0,"0",0
19,"sheriff","GlobalLearn","30","A sheriff","Emeralds",24,"Woman",1,"13",0,"0",1
19,"sheriff","GlobalLearn","30","A sheriff","Emeralds",24,"Woman",1,"14",0,"0",0
19,"sheriff","GlobalLearn","30","A sheriff","Emeralds",24,"Woman",1,"15",0,"0",1
19,"sheriff","GlobalLearn","30","A sheriff","Emeralds",24,"Woman",1,"16",0,"0",1
19,"sheriff","GlobalLearn","30","A sheriff","Emeralds",24,"Woman",1,"17",0,"0",1
19,"sheriff","GlobalLearn","30","A sheriff","Emeralds",24,"Woman",1,"18",0,"0",0
19,"sheriff","GlobalLearn","30","A sheriff","Emeralds",24,"Woman",1,"19",0,"0",0
19,"sheriff","GlobalLearn","30","A sheriff","Emeralds",24,"Woman",1,"20",0,"0",1
19,"sheriff","GlobalLearn","30","A sheriff","Emeralds",24,"Woman",1,"21",0,"0",1
19,"sheriff","GlobalLearn","30","A sheriff","Emeralds",24,"Woman",1,"22",0,"0",0
19,"sheriff","GlobalLearn","30","A sheriff","Emeralds",24,"Woman",1,"23",0,"0",0
19,"sheriff","GlobalLearn","30","A sheriff","Emeralds",24,"Woman",1,"24",0,"0",1
19,"sheriff","GlobalLearn","30","A sheriff","Emeralds",24,"Woman",1,"25",0,"0",1
19,"sheriff","GlobalLearn","30","A sheriff","Emeralds",24,"Woman",1,"26",0,"0",1
19,"sheriff","GlobalLearn","30","A sheriff","Emeralds",24,"Woman",1,"27",0,"0",0
19,"sheriff","GlobalLearn","30","A sheriff","Emeralds",24,"Woman",1,"28",0,"0",1
19,"sheriff","GlobalLearn","30","A sheriff","Emeralds",24,"Woman",1,"29",0,"0",1
19,"sheriff","GlobalLearn","30","A sheriff","Emeralds",24,"Woman",1,"30",0,"0",1
19,"sheriff","GlobalLearn","30","A sheriff","Emeralds",24,"Woman",1,"31",0,"0",1
19,"sheriff","GlobalLearn","30","A sheriff","Emeralds",24,"Woman",1,"32",0,"0",0
19,"sheriff","GlobalLearn","30","A sheriff","Emeralds",24,"Woman",1,"33",0,"0",1
19,"sheriff","GlobalLearn","30","A sheriff","Emeralds",24,"Woman",1,"34",0,"0",1
19,"sheriff","GlobalLearn","30","A sheriff","Emeralds",24,"Woman",1,"35",0,"0",1
19,"sheriff","GlobalLearn","30","A sheriff","Emeralds",24,"Woman",1,"36",0,"0",0
19,"sheriff","GlobalLearn","30","A sheriff","Emeralds",24,"Woman",1,"37",0,"0",1
19,"sheriff","GlobalLearn","30","A sheriff","Emeralds",24,"Woman",1,"38",0,"0",0
19,"sheriff","GlobalLearn","30","A sheriff","Emeralds",24,"Woman",1,"39",0,"0",0
19,"sheriff","GlobalLearn","30","A sheriff","Emeralds",24,"Woman",1,"40",0,"0",1
19,"sheriff","GlobalLearn","30","A sheriff","Emeralds",24,"Woman",1,"41",0,"0",0
19,"sheriff","GlobalLearn","30","A sheriff","Emeralds",24,"Woman",1,"42",0,"0",0
19,"sheriff","GlobalLearn","30","A sheriff","Emeralds",24,"Woman",1,"43",0,"0",1
19,"sheriff","GlobalLearn","30","A sheriff","Emeralds",24,"Woman",1,"44",0,"0",1
19,"sheriff","GlobalLearn","30","A sheriff","Emeralds",24,"Woman",1,"45",0,"0",0
19,"sheriff","GlobalLearn","30","A sheriff","Emeralds",24,"Woman",1,"46",100,"1",0
19,"sheriff","GlobalLearn","30","A sheriff","Emeralds",24,"Woman",1,"47",21,"1",0
19,"sheriff","GlobalLearn","30","A sheriff","Emeralds",24,"Woman",1,"48",0,"0",1
19,"sheriff","GlobalLearn","30","A sheriff","Emeralds",24,"Woman",1,"49",0,"0",1
19,"sheriff","GlobalLearn","30","A sheriff","Emeralds",24,"Woman",1,"50",0,"0",0
20,"bandit","GlobalLearn","22","A bandit","Emeralds",30,"Man",1,"1",42,"1",1
20,"bandit","GlobalLearn","22","A bandit","Emeralds",30,"Man",1,"2",100,"1",0
20,"bandit","GlobalLearn","22","A bandit","Emeralds",30,"Man",1,"3",30,"1",1
20,"bandit","GlobalLearn","22","A bandit","Emeralds",30,"Man",1,"4",33,"1",1
20,"bandit","GlobalLearn","22","A bandit","Emeralds",30,"Man",1,"5",100,"1",0
20,"bandit","GlobalLearn","22","A bandit","Emeralds",30,"Man",1,"6",42,"1",1
20,"bandit","GlobalLearn","22","A bandit","Emeralds",30,"Man",1,"7",100,"1",0
20,"bandit","GlobalLearn","22","A bandit","Emeralds",30,"Man",1,"8",30,"1",0
20,"bandit","GlobalLearn","22","A bandit","Emeralds",30,"Man",1,"9",100,"1",0
20,"bandit","GlobalLearn","22","A bandit","Emeralds",30,"Man",1,"10",100,"1",0
20,"bandit","GlobalLearn","22","A bandit","Emeralds",30,"Man",1,"11",100,"0",0
20,"bandit","GlobalLearn","22","A bandit","Emeralds",30,"Man",1,"12",100,"1",0
20,"bandit","GlobalLearn","22","A bandit","Emeralds",30,"Man",1,"13",30,"1",1
20,"bandit","GlobalLearn","22","A bandit","Emeralds",30,"Man",1,"14",35,"1",1
20,"bandit","GlobalLearn","22","A bandit","Emeralds",30,"Man",1,"15",100,"1",0
20,"bandit","GlobalLearn","22","A bandit","Emeralds",30,"Man",1,"16",100,"0",0
20,"bandit","GlobalLearn","22","A bandit","Emeralds",30,"Man",1,"17",33,"1",1
20,"bandit","GlobalLearn","22","A bandit","Emeralds",30,"Man",1,"18",28,"1",1
20,"bandit","GlobalLearn","22","A bandit","Emeralds",30,"Man",1,"19",100,"1",0
20,"bandit","GlobalLearn","22","A bandit","Emeralds",30,"Man",1,"20",35,"1",1
20,"bandit","GlobalLearn","22","A bandit","Emeralds",30,"Man",1,"21",99,"1",0
20,"bandit","GlobalLearn","22","A bandit","Emeralds",30,"Man",1,"22",25,"1",1
20,"bandit","GlobalLearn","22","A bandit","Emeralds",30,"Man",1,"23",100,"1",0
20,"bandit","GlobalLearn","22","A bandit","Emeralds",30,"Man",1,"24",100,"1",0
20,"bandit","GlobalLearn","22","A bandit","Emeralds",30,"Man",1,"25",27,"1",1
20,"bandit","GlobalLearn","22","A bandit","Emeralds",30,"Man",1,"26",100,"1",0
20,"bandit","GlobalLearn","22","A bandit","Emeralds",30,"Man",1,"27",100,"1",0
20,"bandit","GlobalLearn","22","A bandit","Emeralds",30,"Man",1,"28",36,"1",1
20,"bandit","GlobalLearn","22","A bandit","Emeralds",30,"Man",1,"29",30,"1",1
20,"bandit","GlobalLearn","22","A bandit","Emeralds",30,"Man",1,"30",100,"1",0
20,"bandit","GlobalLearn","22","A bandit","Emeralds",30,"Man",1,"31",30,"1",1
20,"bandit","GlobalLearn","22","A bandit","Emeralds",30,"Man",1,"32",29,"1",1
20,"bandit","GlobalLearn","22","A bandit","Emeralds",30,"Man",1,"33",100,"1",0
20,"bandit","GlobalLearn","22","A bandit","Emeralds",30,"Man",1,"34",100,"1",0
20,"bandit","GlobalLearn","22","A bandit","Emeralds",30,"Man",1,"35",27,"1",1
20,"bandit","GlobalLearn","22","A bandit","Emeralds",30,"Man",1,"36",100,"1",0
20,"bandit","GlobalLearn","22","A bandit","Emeralds",30,"Man",1,"37",100,"1",0
20,"bandit","GlobalLearn","22","A bandit","Emeralds",30,"Man",1,"38",35,"0",1
20,"bandit","GlobalLearn","22","A bandit","Emeralds",30,"Man",1,"39",100,"0",0
20,"bandit","GlobalLearn","22","A bandit","Emeralds",30,"Man",1,"40",23,"0",1
20,"bandit","GlobalLearn","22","A bandit","Emeralds",30,"Man",1,"41",100,"0",0
20,"bandit","GlobalLearn","22","A bandit","Emeralds",30,"Man",1,"42",29,"0",1
20,"bandit","GlobalLearn","22","A bandit","Emeralds",30,"Man",1,"43",34,"0",1
20,"bandit","GlobalLearn","22","A bandit","Emeralds",30,"Man",1,"44",100,"0",0
20,"bandit","GlobalLearn","22","A bandit","Emeralds",30,"Man",1,"45",26,"0",1
20,"bandit","GlobalLearn","22","A bandit","Emeralds",30,"Man",1,"46",100,"0",0
20,"bandit","GlobalLearn","22","A bandit","Emeralds",30,"Man",1,"47",100,"0",0
20,"bandit","GlobalLearn","22","A bandit","Emeralds",30,"Man",1,"48",100,"0",0
20,"bandit","GlobalLearn","22","A bandit","Emeralds",30,"Man",1,"49",28,"1",1
20,"bandit","GlobalLearn","22","A bandit","Emeralds",30,"Man",1,"50",34,"1",1
21,"tycoon","GlobalLearn","66","A tycoon","Emeralds",33,"Man",1,"1",100,"0",1
21,"tycoon","GlobalLearn","66","A tycoon","Emeralds",33,"Man",1,"2",100,"0",0
21,"tycoon","GlobalLearn","66","A tycoon","Emeralds",33,"Man",1,"3",100,"1",1
21,"tycoon","GlobalLearn","66","A tycoon","Emeralds",33,"Man",1,"4",100,"1",1
21,"tycoon","GlobalLearn","66","A tycoon","Emeralds",33,"Man",1,"5",100,"1",1
21,"tycoon","GlobalLearn","66","A tycoon","Emeralds",33,"Man",1,"6",100,"1",1
21,"tycoon","GlobalLearn","66","A tycoon","Emeralds",33,"Man",1,"7",100,"1",1
21,"tycoon","GlobalLearn","66","A tycoon","Emeralds",33,"Man",1,"8",0,"1",0
21,"tycoon","GlobalLearn","66","A tycoon","Emeralds",33,"Man",1,"9",0,"1",0
21,"tycoon","GlobalLearn","66","A tycoon","Emeralds",33,"Man",1,"10",100,"0",1
21,"tycoon","GlobalLearn","66","A tycoon","Emeralds",33,"Man",1,"11",100,"0",1
21,"tycoon","GlobalLearn","66","A tycoon","Emeralds",33,"Man",1,"12",100,"0",1
21,"tycoon","GlobalLearn","66","A tycoon","Emeralds",33,"Man",1,"13",100,"0",1
21,"tycoon","GlobalLearn","66","A tycoon","Emeralds",33,"Man",1,"14",100,"0",1
21,"tycoon","GlobalLearn","66","A tycoon","Emeralds",33,"Man",1,"15",0,"0",0
21,"tycoon","GlobalLearn","66","A tycoon","Emeralds",33,"Man",1,"16",100,"0",1
21,"tycoon","GlobalLearn","66","A tycoon","Emeralds",33,"Man",1,"17",100,"0",1
21,"tycoon","GlobalLearn","66","A tycoon","Emeralds",33,"Man",1,"18",0,"0",0
21,"tycoon","GlobalLearn","66","A tycoon","Emeralds",33,"Man",1,"19",0,"1",0
21,"tycoon","GlobalLearn","66","A tycoon","Emeralds",33,"Man",1,"20",0,"1",0
21,"tycoon","GlobalLearn","66","A tycoon","Emeralds",33,"Man",1,"21",100,"0",1
21,"tycoon","GlobalLearn","66","A tycoon","Emeralds",33,"Man",1,"22",0,"0",0
21,"tycoon","GlobalLearn","66","A tycoon","Emeralds",33,"Man",1,"23",0,"0",0
21,"tycoon","GlobalLearn","66","A tycoon","Emeralds",33,"Man",1,"24",0,"0",0
21,"tycoon","GlobalLearn","66","A tycoon","Emeralds",33,"Man",1,"25",0,"1",0
21,"tycoon","GlobalLearn","66","A tycoon","Emeralds",33,"Man",1,"26",100,"0",1
21,"tycoon","GlobalLearn","66","A tycoon","Emeralds",33,"Man",1,"27",0,"0",0
21,"tycoon","GlobalLearn","66","A tycoon","Emeralds",33,"Man",1,"28",99,"1",1
21,"tycoon","GlobalLearn","66","A tycoon","Emeralds",33,"Man",1,"29",100,"1",1
21,"tycoon","GlobalLearn","66","A tycoon","Emeralds",33,"Man",1,"30",100,"1",1
21,"tycoon","GlobalLearn","66","A tycoon","Emeralds",33,"Man",1,"31",0,"1",0
21,"tycoon","GlobalLearn","66","A tycoon","Emeralds",33,"Man",1,"32",100,"1",1
21,"tycoon","GlobalLearn","66","A tycoon","Emeralds",33,"Man",1,"33",0,"1",0
21,"tycoon","GlobalLearn","66","A tycoon","Emeralds",33,"Man",1,"34",100,"0",1
21,"tycoon","GlobalLearn","66","A tycoon","Emeralds",33,"Man",1,"35",100,"0",1
21,"tycoon","GlobalLearn","66","A tycoon","Emeralds",33,"Man",1,"36",100,"0",1
21,"tycoon","GlobalLearn","66","A tycoon","Emeralds",33,"Man",1,"37",100,"0",1
21,"tycoon","GlobalLearn","66","A tycoon","Emeralds",33,"Man",1,"38",100,"0",1
21,"tycoon","GlobalLearn","66","A tycoon","Emeralds",33,"Man",1,"39",100,"0",1
21,"tycoon","GlobalLearn","66","A tycoon","Emeralds",33,"Man",1,"40",100,"0",1
21,"tycoon","GlobalLearn","66","A tycoon","Emeralds",33,"Man",1,"41",100,"0",1
21,"tycoon","GlobalLearn","66","A tycoon","Emeralds",33,"Man",1,"42",0,"0",0
21,"tycoon","GlobalLearn","66","A tycoon","Emeralds",33,"Man",1,"43",100,"0",1
21,"tycoon","GlobalLearn","66","A tycoon","Emeralds",33,"Man",1,"44",100,"0",1
21,"tycoon","GlobalLearn","66","A tycoon","Emeralds",33,"Man",1,"45",100,"0",1
21,"tycoon","GlobalLearn","66","A tycoon","Emeralds",33,"Man",1,"46",100,"0",1
21,"tycoon","GlobalLearn","66","A tycoon","Emeralds",33,"Man",1,"47",0,"0",0
21,"tycoon","GlobalLearn","66","A tycoon","Emeralds",33,"Man",1,"48",0,"0",0
21,"tycoon","GlobalLearn","66","A tycoon","Emeralds",33,"Man",1,"49",100,"0",1
21,"tycoon","GlobalLearn","66","A tycoon","Emeralds",33,"Man",1,"50",100,"0",1
22,"tycoon","GlobalLearn","27","A tycoon","Emeralds",36,"Man",1,"1",100,"0",1
22,"tycoon","GlobalLearn","27","A tycoon","Emeralds",36,"Man",1,"2",74,"0",1
22,"tycoon","GlobalLearn","27","A tycoon","Emeralds",36,"Man",1,"3",0,"0",1
22,"tycoon","GlobalLearn","27","A tycoon","Emeralds",36,"Man",1,"4",100,"1",1
22,"tycoon","GlobalLearn","27","A tycoon","Emeralds",36,"Man",1,"5",81,"1",1
22,"tycoon","GlobalLearn","27","A tycoon","Emeralds",36,"Man",1,"6",21,"1",0
22,"tycoon","GlobalLearn","27","A tycoon","Emeralds",36,"Man",1,"7",0,"0",1
22,"tycoon","GlobalLearn","27","A tycoon","Emeralds",36,"Man",1,"8",0,"0",1
22,"tycoon","GlobalLearn","27","A tycoon","Emeralds",36,"Man",1,"9",0,"0",1
22,"tycoon","GlobalLearn","27","A tycoon","Emeralds",36,"Man",1,"10",0,"0",1
22,"tycoon","GlobalLearn","27","A tycoon","Emeralds",36,"Man",1,"11",0,"0",1
22,"tycoon","GlobalLearn","27","A tycoon","Emeralds",36,"Man",1,"12",0,"0",0
22,"tycoon","GlobalLearn","27","A tycoon","Emeralds",36,"Man",1,"13",0,"0",1
22,"tycoon","GlobalLearn","27","A tycoon","Emeralds",36,"Man",1,"14",0,"0",1
22,"tycoon","GlobalLearn","27","A tycoon","Emeralds",36,"Man",1,"15",0,"0",1
22,"tycoon","GlobalLearn","27","A tycoon","Emeralds",36,"Man",1,"16",0,"0",1
22,"tycoon","GlobalLearn","27","A tycoon","Emeralds",36,"Man",1,"17",0,"0",1
22,"tycoon","GlobalLearn","27","A tycoon","Emeralds",36,"Man",1,"18",0,"0",1
22,"tycoon","GlobalLearn","27","A tycoon","Emeralds",36,"Man",1,"19",0,"0",1
22,"tycoon","GlobalLearn","27","A tycoon","Emeralds",36,"Man",1,"20",0,"0",1
22,"tycoon","GlobalLearn","27","A tycoon","Emeralds",36,"Man",1,"21",0,"0",0
22,"tycoon","GlobalLearn","27","A tycoon","Emeralds",36,"Man",1,"22",0,"0",1
22,"tycoon","GlobalLearn","27","A tycoon","Emeralds",36,"Man",1,"23",0,"0",1
22,"tycoon","GlobalLearn","27","A tycoon","Emeralds",36,"Man",1,"24",0,"0",1
22,"tycoon","GlobalLearn","27","A tycoon","Emeralds",36,"Man",1,"25",0,"0",0
22,"tycoon","GlobalLearn","27","A tycoon","Emeralds",36,"Man",1,"26",0,"0",0
22,"tycoon","GlobalLearn","27","A tycoon","Emeralds",36,"Man",1,"27",0,"0",1
22,"tycoon","GlobalLearn","27","A tycoon","Emeralds",36,"Man",1,"28",0,"0",1
22,"tycoon","GlobalLearn","27","A tycoon","Emeralds",36,"Man",1,"29",0,"0",0
22,"tycoon","GlobalLearn","27","A tycoon","Emeralds",36,"Man",1,"30",0,"0",1
22,"tycoon","GlobalLearn","27","A tycoon","Emeralds",36,"Man",1,"31",0,"0",1
22,"tycoon","GlobalLearn","27","A tycoon","Emeralds",36,"Man",1,"32",0,"0",1
22,"tycoon","GlobalLearn","27","A tycoon","Emeralds",36,"Man",1,"33",0,"0",1
22,"tycoon","GlobalLearn","27","A tycoon","Emeralds",36,"Man",1,"34",0,"0",0
22,"tycoon","GlobalLearn","27","A tycoon","Emeralds",36,"Man",1,"35",0,"0",1
22,"tycoon","GlobalLearn","27","A tycoon","Emeralds",36,"Man",1,"36",0,"0",0
22,"tycoon","GlobalLearn","27","A tycoon","Emeralds",36,"Man",1,"37",0,"0",0
22,"tycoon","GlobalLearn","27","A tycoon","Emeralds",36,"Man",1,"38",0,"1",0
22,"tycoon","GlobalLearn","27","A tycoon","Emeralds",36,"Man",1,"39",15,"1",1
22,"tycoon","GlobalLearn","27","A tycoon","Emeralds",36,"Man",1,"40",0,"1",0
22,"tycoon","GlobalLearn","27","A tycoon","Emeralds",36,"Man",1,"41",0,"0",1
22,"tycoon","GlobalLearn","27","A tycoon","Emeralds",36,"Man",1,"42",0,"0",1
22,"tycoon","GlobalLearn","27","A tycoon","Emeralds",36,"Man",1,"43",0,"0",1
22,"tycoon","GlobalLearn","27","A tycoon","Emeralds",36,"Man",1,"44",0,"0",1
22,"tycoon","GlobalLearn","27","A tycoon","Emeralds",36,"Man",1,"45",0,"0",1
22,"tycoon","GlobalLearn","27","A tycoon","Emeralds",36,"Man",1,"46",0,"0",0
22,"tycoon","GlobalLearn","27","A tycoon","Emeralds",36,"Man",1,"47",18,"0",0
22,"tycoon","GlobalLearn","27","A tycoon","Emeralds",36,"Man",1,"48",32,"0",0
22,"tycoon","GlobalLearn","27","A tycoon","Emeralds",36,"Man",1,"49",10,"0",1
22,"tycoon","GlobalLearn","27","A tycoon","Emeralds",36,"Man",1,"50",0,"0",1
23,"tycoon","GlobalLearn","28","A tycoon","Emeralds",28,"Man",1,"1",90,"0",1
23,"tycoon","GlobalLearn","28","A tycoon","Emeralds",28,"Man",1,"2",91,"0",1
23,"tycoon","GlobalLearn","28","A tycoon","Emeralds",28,"Man",1,"3",10,"0",0
23,"tycoon","GlobalLearn","28","A tycoon","Emeralds",28,"Man",1,"4",10,"0",0
23,"tycoon","GlobalLearn","28","A tycoon","Emeralds",28,"Man",1,"5",77,"0",1
23,"tycoon","GlobalLearn","28","A tycoon","Emeralds",28,"Man",1,"6",8,"1",0
23,"tycoon","GlobalLearn","28","A tycoon","Emeralds",28,"Man",1,"7",82,"1",1
23,"tycoon","GlobalLearn","28","A tycoon","Emeralds",28,"Man",1,"8",78,"1",1
23,"tycoon","GlobalLearn","28","A tycoon","Emeralds",28,"Man",1,"9",76,"1",1
23,"tycoon","GlobalLearn","28","A tycoon","Emeralds",28,"Man",1,"10",50,"1",1
23,"tycoon","GlobalLearn","28","A tycoon","Emeralds",28,"Man",1,"11",4,"1",1
23,"tycoon","GlobalLearn","28","A tycoon","Emeralds",28,"Man",1,"12",69,"1",0
23,"tycoon","GlobalLearn","28","A tycoon","Emeralds",28,"Man",1,"13",76,"1",0
23,"tycoon","GlobalLearn","28","A tycoon","Emeralds",28,"Man",1,"14",76,"1",1
23,"tycoon","GlobalLearn","28","A tycoon","Emeralds",28,"Man",1,"15",71,"1",1
23,"tycoon","GlobalLearn","28","A tycoon","Emeralds",28,"Man",1,"16",74,"1",1
23,"tycoon","GlobalLearn","28","A tycoon","Emeralds",28,"Man",1,"17",66,"1",0
23,"tycoon","GlobalLearn","28","A tycoon","Emeralds",28,"Man",1,"18",81,"1",1
23,"tycoon","GlobalLearn","28","A tycoon","Emeralds",28,"Man",1,"19",75,"1",1
23,"tycoon","GlobalLearn","28","A tycoon","Emeralds",28,"Man",1,"20",79,"1",1
23,"tycoon","GlobalLearn","28","A tycoon","Emeralds",28,"Man",1,"21",50,"1",1
23,"tycoon","GlobalLearn","28","A tycoon","Emeralds",28,"Man",1,"22",68,"1",0
23,"tycoon","GlobalLearn","28","A tycoon","Emeralds",28,"Man",1,"23",71,"1",1
23,"tycoon","GlobalLearn","28","A tycoon","Emeralds",28,"Man",1,"24",69,"1",1
23,"tycoon","GlobalLearn","28","A tycoon","Emeralds",28,"Man",1,"25",75,"1",1
23,"tycoon","GlobalLearn","28","A tycoon","Emeralds",28,"Man",1,"26",50,"1",1
23,"tycoon","GlobalLearn","28","A tycoon","Emeralds",28,"Man",1,"27",10,"1",0
23,"tycoon","GlobalLearn","28","A tycoon","Emeralds",28,"Man",1,"28",8,"1",0
23,"tycoon","GlobalLearn","28","A tycoon","Emeralds",28,"Man",1,"29",10,"1",1
23,"tycoon","GlobalLearn","28","A tycoon","Emeralds",28,"Man",1,"30",5,"1",1
23,"tycoon","GlobalLearn","28","A tycoon","Emeralds",28,"Man",1,"31",7,"1",1
23,"tycoon","GlobalLearn","28","A tycoon","Emeralds",28,"Man",1,"32",12,"1",1
23,"tycoon","GlobalLearn","28","A tycoon","Emeralds",28,"Man",1,"33",80,"1",1
23,"tycoon","GlobalLearn","28","A tycoon","Emeralds",28,"Man",1,"34",6,"1",0
23,"tycoon","GlobalLearn","28","A tycoon","Emeralds",28,"Man",1,"35",8,"1",0
23,"tycoon","GlobalLearn","28","A tycoon","Emeralds",28,"Man",1,"36",11,"1",1
23,"tycoon","GlobalLearn","28","A tycoon","Emeralds",28,"Man",1,"37",11,"1",0
23,"tycoon","GlobalLearn","28","A tycoon","Emeralds",28,"Man",1,"38",77,"1",1
23,"tycoon","GlobalLearn","28","A tycoon","Emeralds",28,"Man",1,"39",11,"1",1
23,"tycoon","GlobalLearn","28","A tycoon","Emeralds",28,"Man",1,"40",15,"1",1
23,"tycoon","GlobalLearn","28","A tycoon","Emeralds",28,"Man",1,"41",0,"1",1
23,"tycoon","GlobalLearn","28","A tycoon","Emeralds",28,"Man",1,"42",0,"1",1
23,"tycoon","GlobalLearn","28","A tycoon","Emeralds",28,"Man",1,"43",1,"1",1
23,"tycoon","GlobalLearn","28","A tycoon","Emeralds",28,"Man",1,"44",4,"1",0
23,"tycoon","GlobalLearn","28","A tycoon","Emeralds",28,"Man",1,"45",78,"1",1
23,"tycoon","GlobalLearn","28","A tycoon","Emeralds",28,"Man",1,"46",82,"1",1
23,"tycoon","GlobalLearn","28","A tycoon","Emeralds",28,"Man",1,"47",76,"1",1
23,"tycoon","GlobalLearn","28","A tycoon","Emeralds",28,"Man",1,"48",79,"1",1
23,"tycoon","GlobalLearn","28","A tycoon","Emeralds",28,"Man",1,"49",81,"1",1
23,"tycoon","GlobalLearn","28","A tycoon","Emeralds",28,"Man",1,"50",83,"1",1
24,"bandit","GlobalLearn","57","A bandit","Emeralds",28,"Man",1,"1",95,"1",1
24,"bandit","GlobalLearn","57","A bandit","Emeralds",28,"Man",1,"2",82,"1",0
24,"bandit","GlobalLearn","57","A bandit","Emeralds",28,"Man",1,"3",9,"1",1
24,"bandit","GlobalLearn","57","A bandit","Emeralds",28,"Man",1,"4",89,"1",0
24,"bandit","GlobalLearn","57","A bandit","Emeralds",28,"Man",1,"5",11,"1",1
24,"bandit","GlobalLearn","57","A bandit","Emeralds",28,"Man",1,"6",80,"1",0
24,"bandit","GlobalLearn","57","A bandit","Emeralds",28,"Man",1,"7",79,"1",0
24,"bandit","GlobalLearn","57","A bandit","Emeralds",28,"Man",1,"8",12,"1",1
24,"bandit","GlobalLearn","57","A bandit","Emeralds",28,"Man",1,"9",75,"1",0
24,"bandit","GlobalLearn","57","A bandit","Emeralds",28,"Man",1,"10",67,"0",0
24,"bandit","GlobalLearn","57","A bandit","Emeralds",28,"Man",1,"11",59,"0",0
24,"bandit","GlobalLearn","57","A bandit","Emeralds",28,"Man",1,"12",22,"0",0
24,"bandit","GlobalLearn","57","A bandit","Emeralds",28,"Man",1,"13",18,"1",1
24,"bandit","GlobalLearn","57","A bandit","Emeralds",28,"Man",1,"14",21,"1",1
24,"bandit","GlobalLearn","57","A bandit","Emeralds",28,"Man",1,"15",75,"1",0
24,"bandit","GlobalLearn","57","A bandit","Emeralds",28,"Man",1,"16",13,"1",1
24,"bandit","GlobalLearn","57","A bandit","Emeralds",28,"Man",1,"17",13,"1",1
24,"bandit","GlobalLearn","57","A bandit","Emeralds",28,"Man",1,"18",58,"1",0
24,"bandit","GlobalLearn","57","A bandit","Emeralds",28,"Man",1,"19",18,"1",1
24,"bandit","GlobalLearn","57","A bandit","Emeralds",28,"Man",1,"20",22,"1",1
24,"bandit","GlobalLearn","57","A bandit","Emeralds",28,"Man",1,"21",28,"1",0
24,"bandit","GlobalLearn","57","A bandit","Emeralds",28,"Man",1,"22",10,"1",1
24,"bandit","GlobalLearn","57","A bandit","Emeralds",28,"Man",1,"23",85,"1",0
24,"bandit","GlobalLearn","57","A bandit","Emeralds",28,"Man",1,"24",21,"1",1
24,"bandit","GlobalLearn","57","A bandit","Emeralds",28,"Man",1,"25",83,"1",0
24,"bandit","GlobalLearn","57","A bandit","Emeralds",28,"Man",1,"26",84,"1",0
24,"bandit","GlobalLearn","57","A bandit","Emeralds",28,"Man",1,"27",12,"1",1
24,"bandit","GlobalLearn","57","A bandit","Emeralds",28,"Man",1,"28",14,"1",1
24,"bandit","GlobalLearn","57","A bandit","Emeralds",28,"Man",1,"29",15,"1",1
24,"bandit","GlobalLearn","57","A bandit","Emeralds",28,"Man",1,"30",78,"1",0
24,"bandit","GlobalLearn","57","A bandit","Emeralds",28,"Man",1,"31",71,"1",0
24,"bandit","GlobalLearn","57","A bandit","Emeralds",28,"Man",1,"32",18,"1",1
24,"bandit","GlobalLearn","57","A bandit","Emeralds",28,"Man",1,"33",74,"1",0
24,"bandit","GlobalLearn","57","A bandit","Emeralds",28,"Man",1,"34",77,"1",0
24,"bandit","GlobalLearn","57","A bandit","Emeralds",28,"Man",1,"35",16,"1",1
24,"bandit","GlobalLearn","57","A bandit","Emeralds",28,"Man",1,"36",16,"1",1
24,"bandit","GlobalLearn","57","A bandit","Emeralds",28,"Man",1,"37",15,"1",1
24,"bandit","GlobalLearn","57","A bandit","Emeralds",28,"Man",1,"38",16,"1",1
24,"bandit","GlobalLearn","57","A bandit","Emeralds",28,"Man",1,"39",77,"1",0
24,"bandit","GlobalLearn","57","A bandit","Emeralds",28,"Man",1,"40",69,"1",0
24,"bandit","GlobalLearn","57","A bandit","Emeralds",28,"Man",1,"41",77,"1",0
24,"bandit","GlobalLearn","57","A bandit","Emeralds",28,"Man",1,"42",10,"1",1
24,"bandit","GlobalLearn","57","A bandit","Emeralds",28,"Man",1,"43",12,"1",1
24,"bandit","GlobalLearn","57","A bandit","Emeralds",28,"Man",1,"44",72,"1",0
24,"bandit","GlobalLearn","57","A bandit","Emeralds",28,"Man",1,"45",100,"0",0
24,"bandit","GlobalLearn","57","A bandit","Emeralds",28,"Man",1,"46",48,"1",0
24,"bandit","GlobalLearn","57","A bandit","Emeralds",28,"Man",1,"47",44,"1",0
24,"bandit","GlobalLearn","57","A bandit","Emeralds",28,"Man",1,"48",13,"1",1
24,"bandit","GlobalLearn","57","A bandit","Emeralds",28,"Man",1,"49",24,"1",1
24,"bandit","GlobalLearn","57","A bandit","Emeralds",28,"Man",1,"50",55,"1",0
25,"tycoon","GlobalLearn","72","A tycoon","Emeralds",41,"Woman",1,"1",0,"0",1
25,"tycoon","GlobalLearn","72","A tycoon","Emeralds",41,"Woman",1,"2",0,"0",1
25,"tycoon","GlobalLearn","72","A tycoon","Emeralds",41,"Woman",1,"3",7,"0",1
25,"tycoon","GlobalLearn","72","A tycoon","Emeralds",41,"Woman",1,"4",23,"0",1
25,"tycoon","GlobalLearn","72","A tycoon","Emeralds",41,"Woman",1,"5",30,"0",1
25,"tycoon","GlobalLearn","72","A tycoon","Emeralds",41,"Woman",1,"6",59,"0",1
25,"tycoon","GlobalLearn","72","A tycoon","Emeralds",41,"Woman",1,"7",74,"0",1
25,"tycoon","GlobalLearn","72","A tycoon","Emeralds",41,"Woman",1,"8",91,"0",0
25,"tycoon","GlobalLearn","72","A tycoon","Emeralds",41,"Woman",1,"9",81,"0",1
25,"tycoon","GlobalLearn","72","A tycoon","Emeralds",41,"Woman",1,"10",100,"0",1
25,"tycoon","GlobalLearn","72","A tycoon","Emeralds",41,"Woman",1,"11",65,"0",1
25,"tycoon","GlobalLearn","72","A tycoon","Emeralds",41,"Woman",1,"12",35,"0",1
25,"tycoon","GlobalLearn","72","A tycoon","Emeralds",41,"Woman",1,"13",18,"0",0
25,"tycoon","GlobalLearn","72","A tycoon","Emeralds",41,"Woman",1,"14",23,"0",0
25,"tycoon","GlobalLearn","72","A tycoon","Emeralds",41,"Woman",1,"15",13,"0",0
25,"tycoon","GlobalLearn","72","A tycoon","Emeralds",41,"Woman",1,"16",100,"1",1
25,"tycoon","GlobalLearn","72","A tycoon","Emeralds",41,"Woman",1,"17",92,"1",1
25,"tycoon","GlobalLearn","72","A tycoon","Emeralds",41,"Woman",1,"18",16,"1",0
25,"tycoon","GlobalLearn","72","A tycoon","Emeralds",41,"Woman",1,"19",89,"1",1
25,"tycoon","GlobalLearn","72","A tycoon","Emeralds",41,"Woman",1,"20",7,"1",0
25,"tycoon","GlobalLearn","72","A tycoon","Emeralds",41,"Woman",1,"21",83,"1",1
25,"tycoon","GlobalLearn","72","A tycoon","Emeralds",41,"Woman",1,"22",97,"1",1
25,"tycoon","GlobalLearn","72","A tycoon","Emeralds",41,"Woman",1,"23",6,"1",0
25,"tycoon","GlobalLearn","72","A tycoon","Emeralds",41,"Woman",1,"24",29,"0",1
25,"tycoon","GlobalLearn","72","A tycoon","Emeralds",41,"Woman",1,"25",10,"0",1
25,"tycoon","GlobalLearn","72","A tycoon","Emeralds",41,"Woman",1,"26",5,"0",1
25,"tycoon","GlobalLearn","72","A tycoon","Emeralds",41,"Woman",1,"27",7,"0",1
25,"tycoon","GlobalLearn","72","A tycoon","Emeralds",41,"Woman",1,"28",5,"0",1
25,"tycoon","GlobalLearn","72","A tycoon","Emeralds",41,"Woman",1,"29",2,"0",1
25,"tycoon","GlobalLearn","72","A tycoon","Emeralds",41,"Woman",1,"30",95,"0",0
25,"tycoon","GlobalLearn","72","A tycoon","Emeralds",41,"Woman",1,"31",10,"0",1
25,"tycoon","GlobalLearn","72","A tycoon","Emeralds",41,"Woman",1,"32",4,"0",1
25,"tycoon","GlobalLearn","72","A tycoon","Emeralds",41,"Woman",1,"33",2,"0",1
25,"tycoon","GlobalLearn","72","A tycoon","Emeralds",41,"Woman",1,"34",1,"0",1
25,"tycoon","GlobalLearn","72","A tycoon","Emeralds",41,"Woman",1,"35",97,"0",0
25,"tycoon","GlobalLearn","72","A tycoon","Emeralds",41,"Woman",1,"36",1,"0",1
25,"tycoon","GlobalLearn","72","A tycoon","Emeralds",41,"Woman",1,"37",1,"0",1
25,"tycoon","GlobalLearn","72","A tycoon","Emeralds",41,"Woman",1,"38",98,"0",0
25,"tycoon","GlobalLearn","72","A tycoon","Emeralds",41,"Woman",1,"39",2,"0",1
25,"tycoon","GlobalLearn","72","A tycoon","Emeralds",41,"Woman",1,"40",2,"0",1
25,"tycoon","GlobalLearn","72","A tycoon","Emeralds",41,"Woman",1,"41",1,"0",1
25,"tycoon","GlobalLearn","72","A tycoon","Emeralds",41,"Woman",1,"42",1,"0",1
25,"tycoon","GlobalLearn","72","A tycoon","Emeralds",41,"Woman",1,"43",1,"0",1
25,"tycoon","GlobalLearn","72","A tycoon","Emeralds",41,"Woman",1,"44",1,"0",1
25,"tycoon","GlobalLearn","72","A tycoon","Emeralds",41,"Woman",1,"45",1,"0",1
25,"tycoon","GlobalLearn","72","A tycoon","Emeralds",41,"Woman",1,"46",0,"0",1
25,"tycoon","GlobalLearn","72","A tycoon","Emeralds",41,"Woman",1,"47",0,"0",1
25,"tycoon","GlobalLearn","72","A tycoon","Emeralds",41,"Woman",1,"48",0,"0",1
25,"tycoon","GlobalLearn","72","A tycoon","Emeralds",41,"Woman",1,"49",0,"0",1
25,"tycoon","GlobalLearn","72","A tycoon","Emeralds",41,"Woman",1,"50",100,"0",0
26,"tycoon","GlobalLearn","18","A tycoon","Emeralds",38,"Man",1,"1",0,"0",1
26,"tycoon","GlobalLearn","18","A tycoon","Emeralds",38,"Man",1,"2",16,"0",1
26,"tycoon","GlobalLearn","18","A tycoon","Emeralds",38,"Man",1,"3",13,"0",1
26,"tycoon","GlobalLearn","18","A tycoon","Emeralds",38,"Man",1,"4",0,"0",1
26,"tycoon","GlobalLearn","18","A tycoon","Emeralds",38,"Man",1,"5",0,"0",1
26,"tycoon","GlobalLearn","18","A tycoon","Emeralds",38,"Man",1,"6",0,"0",1
26,"tycoon","GlobalLearn","18","A tycoon","Emeralds",38,"Man",1,"7",0,"0",0
26,"tycoon","GlobalLearn","18","A tycoon","Emeralds",38,"Man",1,"8",0,"0",1
26,"tycoon","GlobalLearn","18","A tycoon","Emeralds",38,"Man",1,"9",0,"0",1
26,"tycoon","GlobalLearn","18","A tycoon","Emeralds",38,"Man",1,"10",0,"0",1
26,"tycoon","GlobalLearn","18","A tycoon","Emeralds",38,"Man",1,"11",0,"0",0
26,"tycoon","GlobalLearn","18","A tycoon","Emeralds",38,"Man",1,"12",0,"0",1
26,"tycoon","GlobalLearn","18","A tycoon","Emeralds",38,"Man",1,"13",0,"0",1
26,"tycoon","GlobalLearn","18","A tycoon","Emeralds",38,"Man",1,"14",0,"0",1
26,"tycoon","GlobalLearn","18","A tycoon","Emeralds",38,"Man",1,"15",0,"0",0
26,"tycoon","GlobalLearn","18","A tycoon","Emeralds",38,"Man",1,"16",27,"1",1
26,"tycoon","GlobalLearn","18","A tycoon","Emeralds",38,"Man",1,"17",0,"1",0
26,"tycoon","GlobalLearn","18","A tycoon","Emeralds",38,"Man",1,"18",0,"1",0
26,"tycoon","GlobalLearn","18","A tycoon","Emeralds",38,"Man",1,"19",0,"0",1
26,"tycoon","GlobalLearn","18","A tycoon","Emeralds",38,"Man",1,"20",0,"0",0
26,"tycoon","GlobalLearn","18","A tycoon","Emeralds",38,"Man",1,"21",0,"0",1
26,"tycoon","GlobalLearn","18","A tycoon","Emeralds",38,"Man",1,"22",0,"0",0
26,"tycoon","GlobalLearn","18","A tycoon","Emeralds",38,"Man",1,"23",0,"0",1
26,"tycoon","GlobalLearn","18","A tycoon","Emeralds",38,"Man",1,"24",0,"0",1
26,"tycoon","GlobalLearn","18","A tycoon","Emeralds",38,"Man",1,"25",0,"0",0
26,"tycoon","GlobalLearn","18","A tycoon","Emeralds",38,"Man",1,"26",0,"1",0
26,"tycoon","GlobalLearn","18","A tycoon","Emeralds",38,"Man",1,"27",26,"1",1
26,"tycoon","GlobalLearn","18","A tycoon","Emeralds",38,"Man",1,"28",0,"0",0
26,"tycoon","GlobalLearn","18","A tycoon","Emeralds",38,"Man",1,"29",0,"0",1
26,"tycoon","GlobalLearn","18","A tycoon","Emeralds",38,"Man",1,"30",0,"1",0
26,"tycoon","GlobalLearn","18","A tycoon","Emeralds",38,"Man",1,"31",10,"0",1
26,"tycoon","GlobalLearn","18","A tycoon","Emeralds",38,"Man",1,"32",20,"0",1
26,"tycoon","GlobalLearn","18","A tycoon","Emeralds",38,"Man",1,"33",5,"0",0
26,"tycoon","GlobalLearn","18","A tycoon","Emeralds",38,"Man",1,"34",0,"1",0
26,"tycoon","GlobalLearn","18","A tycoon","Emeralds",38,"Man",1,"35",0,"0",1
26,"tycoon","GlobalLearn","18","A tycoon","Emeralds",38,"Man",1,"36",0,"0",1
26,"tycoon","GlobalLearn","18","A tycoon","Emeralds",38,"Man",1,"37",0,"0",1
26,"tycoon","GlobalLearn","18","A tycoon","Emeralds",38,"Man",1,"38",0,"0",0
26,"tycoon","GlobalLearn","18","A tycoon","Emeralds",38,"Man",1,"39",91,"1",1
26,"tycoon","GlobalLearn","18","A tycoon","Emeralds",38,"Man",1,"40",0,"1",0
26,"tycoon","GlobalLearn","18","A tycoon","Emeralds",38,"Man",1,"41",0,"0",0
26,"tycoon","GlobalLearn","18","A tycoon","Emeralds",38,"Man",1,"42",0,"0",1
26,"tycoon","GlobalLearn","18","A tycoon","Emeralds",38,"Man",1,"43",0,"0",0
26,"tycoon","GlobalLearn","18","A tycoon","Emeralds",38,"Man",1,"44",4,"0",1
26,"tycoon","GlobalLearn","18","A tycoon","Emeralds",38,"Man",1,"45",5,"0",1
26,"tycoon","GlobalLearn","18","A tycoon","Emeralds",38,"Man",1,"46",3,"0",1
26,"tycoon","GlobalLearn","18","A tycoon","Emeralds",38,"Man",1,"47",3,"0",1
26,"tycoon","GlobalLearn","18","A tycoon","Emeralds",38,"Man",1,"48",2,"0",1
26,"tycoon","GlobalLearn","18","A tycoon","Emeralds",38,"Man",1,"49",0,"0",0
26,"tycoon","GlobalLearn","18","A tycoon","Emeralds",38,"Man",1,"50",7,"0",1
27,"tycoon","GlobalLearn","45","A tycoon","Emeralds",32,"Man",1,"1",0,"0",0
27,"tycoon","GlobalLearn","45","A tycoon","Emeralds",32,"Man",1,"2",0,"1",0
27,"tycoon","GlobalLearn","45","A tycoon","Emeralds",32,"Man",1,"3",78,"1",1
27,"tycoon","GlobalLearn","45","A tycoon","Emeralds",32,"Man",1,"4",58,"1",0
27,"tycoon","GlobalLearn","45","A tycoon","Emeralds",32,"Man",1,"5",73,"1",0
27,"tycoon","GlobalLearn","45","A tycoon","Emeralds",32,"Man",1,"6",0,"0",0
27,"tycoon","GlobalLearn","45","A tycoon","Emeralds",32,"Man",1,"7",0,"0",0
27,"tycoon","GlobalLearn","45","A tycoon","Emeralds",32,"Man",1,"8",0,"0",0
27,"tycoon","GlobalLearn","45","A tycoon","Emeralds",32,"Man",1,"9",100,"0",1
27,"tycoon","GlobalLearn","45","A tycoon","Emeralds",32,"Man",1,"10",83,"0",1
27,"tycoon","GlobalLearn","45","A tycoon","Emeralds",32,"Man",1,"11",14,"0",0
27,"tycoon","GlobalLearn","45","A tycoon","Emeralds",32,"Man",1,"12",65,"1",1
27,"tycoon","GlobalLearn","45","A tycoon","Emeralds",32,"Man",1,"13",65,"1",1
27,"tycoon","GlobalLearn","45","A tycoon","Emeralds",32,"Man",1,"14",59,"1",1
27,"tycoon","GlobalLearn","45","A tycoon","Emeralds",32,"Man",1,"15",60,"1",0
27,"tycoon","GlobalLearn","45","A tycoon","Emeralds",32,"Man",1,"16",38,"1",1
27,"tycoon","GlobalLearn","45","A tycoon","Emeralds",32,"Man",1,"17",29,"1",1
27,"tycoon","GlobalLearn","45","A tycoon","Emeralds",32,"Man",1,"18",22,"1",1
27,"tycoon","GlobalLearn","45","A tycoon","Emeralds",32,"Man",1,"19",20,"1",1
27,"tycoon","GlobalLearn","45","A tycoon","Emeralds",32,"Man",1,"20",10,"1",1
27,"tycoon","GlobalLearn","45","A tycoon","Emeralds",32,"Man",1,"21",23,"1",1
27,"tycoon","GlobalLearn","45","A tycoon","Emeralds",32,"Man",1,"22",60,"1",1
27,"tycoon","GlobalLearn","45","A tycoon","Emeralds",32,"Man",1,"23",71,"1",0
27,"tycoon","GlobalLearn","45","A tycoon","Emeralds",32,"Man",1,"24",84,"1",1
27,"tycoon","GlobalLearn","45","A tycoon","Emeralds",32,"Man",1,"25",69,"1",0
27,"tycoon","GlobalLearn","45","A tycoon","Emeralds",32,"Man",1,"26",86,"1",0
27,"tycoon","GlobalLearn","45","A tycoon","Emeralds",32,"Man",1,"27",96,"1",1
27,"tycoon","GlobalLearn","45","A tycoon","Emeralds",32,"Man",1,"28",94,"1",1
27,"tycoon","GlobalLearn","45","A tycoon","Emeralds",32,"Man",1,"29",95,"1",1
27,"tycoon","GlobalLearn","45","A tycoon","Emeralds",32,"Man",1,"30",91,"1",1
27,"tycoon","GlobalLearn","45","A tycoon","Emeralds",32,"Man",1,"31",97,"1",1
27,"tycoon","GlobalLearn","45","A tycoon","Emeralds",32,"Man",1,"32",91,"1",1
27,"tycoon","GlobalLearn","45","A tycoon","Emeralds",32,"Man",1,"33",100,"1",1
27,"tycoon","GlobalLearn","45","A tycoon","Emeralds",32,"Man",1,"34",98,"1",1
27,"tycoon","GlobalLearn","45","A tycoon","Emeralds",32,"Man",1,"35",98,"1",1
27,"tycoon","GlobalLearn","45","A tycoon","Emeralds",32,"Man",1,"36",98,"1",1
27,"tycoon","GlobalLearn","45","A tycoon","Emeralds",32,"Man",1,"37",90,"1",1
27,"tycoon","GlobalLearn","45","A tycoon","Emeralds",32,"Man",1,"38",94,"1",1
27,"tycoon","GlobalLearn","45","A tycoon","Emeralds",32,"Man",1,"39",97,"1",1
27,"tycoon","GlobalLearn","45","A tycoon","Emeralds",32,"Man",1,"40",87,"1",1
27,"tycoon","GlobalLearn","45","A tycoon","Emeralds",32,"Man",1,"41",70,"1",1
27,"tycoon","GlobalLearn","45","A tycoon","Emeralds",32,"Man",1,"42",72,"1",0
27,"tycoon","GlobalLearn","45","A tycoon","Emeralds",32,"Man",1,"43",61,"1",1
27,"tycoon","GlobalLearn","45","A tycoon","Emeralds",32,"Man",1,"44",56,"1",1
27,"tycoon","GlobalLearn","45","A tycoon","Emeralds",32,"Man",1,"45",59,"1",1
27,"tycoon","GlobalLearn","45","A tycoon","Emeralds",32,"Man",1,"46",58,"1",1
27,"tycoon","GlobalLearn","45","A tycoon","Emeralds",32,"Man",1,"47",59,"1",1
27,"tycoon","GlobalLearn","45","A tycoon","Emeralds",32,"Man",1,"48",62,"1",1
27,"tycoon","GlobalLearn","45","A tycoon","Emeralds",32,"Man",1,"49",61,"1",1
27,"tycoon","GlobalLearn","45","A tycoon","Emeralds",32,"Man",1,"50",46,"1",0
28,"sheriff","GlobalLearn","46","A sheriff","Emeralds",26,"Man",1,"1",100,"0",0
28,"sheriff","GlobalLearn","46","A sheriff","Emeralds",26,"Man",1,"2",25,"0",0
28,"sheriff","GlobalLearn","46","A sheriff","Emeralds",26,"Man",1,"3",100,"0",1
28,"sheriff","GlobalLearn","46","A sheriff","Emeralds",26,"Man",1,"4",100,"0",1
28,"sheriff","GlobalLearn","46","A sheriff","Emeralds",26,"Man",1,"5",21,"0",1
28,"sheriff","GlobalLearn","46","A sheriff","Emeralds",26,"Man",1,"6",11,"0",1
28,"sheriff","GlobalLearn","46","A sheriff","Emeralds",26,"Man",1,"7",0,"0",1
28,"sheriff","GlobalLearn","46","A sheriff","Emeralds",26,"Man",1,"8",0,"0",1
28,"sheriff","GlobalLearn","46","A sheriff","Emeralds",26,"Man",1,"9",0,"0",1
28,"sheriff","GlobalLearn","46","A sheriff","Emeralds",26,"Man",1,"10",70,"0",0
28,"sheriff","GlobalLearn","46","A sheriff","Emeralds",26,"Man",1,"11",100,"1",0
28,"sheriff","GlobalLearn","46","A sheriff","Emeralds",26,"Man",1,"12",46,"1",0
28,"sheriff","GlobalLearn","46","A sheriff","Emeralds",26,"Man",1,"13",100,"1",1
28,"sheriff","GlobalLearn","46","A sheriff","Emeralds",26,"Man",1,"14",63,"1",0
28,"sheriff","GlobalLearn","46","A sheriff","Emeralds",26,"Man",1,"15",17,"1",0
28,"sheriff","GlobalLearn","46","A sheriff","Emeralds",26,"Man",1,"16",0,"1",0
28,"sheriff","GlobalLearn","46","A sheriff","Emeralds",26,"Man",1,"17",78,"0",0
28,"sheriff","GlobalLearn","46","A sheriff","Emeralds",26,"Man",1,"18",84,"0",0
28,"sheriff","GlobalLearn","46","A sheriff","Emeralds",26,"Man",1,"19",31,"0",0
28,"sheriff","GlobalLearn","46","A sheriff","Emeralds",26,"Man",1,"20",81,"0",1
28,"sheriff","GlobalLearn","46","A sheriff","Emeralds",26,"Man",1,"21",76,"0",1
28,"sheriff","GlobalLearn","46","A sheriff","Emeralds",26,"Man",1,"22",87,"0",0
28,"sheriff","GlobalLearn","46","A sheriff","Emeralds",26,"Man",1,"23",89,"0",1
28,"sheriff","GlobalLearn","46","A sheriff","Emeralds",26,"Man",1,"24",88,"0",1
28,"sheriff","GlobalLearn","46","A sheriff","Emeralds",26,"Man",1,"25",67,"0",1
28,"sheriff","GlobalLearn","46","A sheriff","Emeralds",26,"Man",1,"26",100,"0",0
28,"sheriff","GlobalLearn","46","A sheriff","Emeralds",26,"Man",1,"27",100,"0",0
28,"sheriff","GlobalLearn","46","A sheriff","Emeralds",26,"Man",1,"28",87,"0",1
28,"sheriff","GlobalLearn","46","A sheriff","Emeralds",26,"Man",1,"29",100,"0",0
28,"sheriff","GlobalLearn","46","A sheriff","Emeralds",26,"Man",1,"30",100,"0",1
28,"sheriff","GlobalLearn","46","A sheriff","Emeralds",26,"Man",1,"31",100,"0",1
28,"sheriff","GlobalLearn","46","A sheriff","Emeralds",26,"Man",1,"32",79,"0",0
28,"sheriff","GlobalLearn","46","A sheriff","Emeralds",26,"Man",1,"33",94,"0",1
28,"sheriff","GlobalLearn","46","A sheriff","Emeralds",26,"Man",1,"34",93,"0",1
28,"sheriff","GlobalLearn","46","A sheriff","Emeralds",26,"Man",1,"35",100,"0",0
28,"sheriff","GlobalLearn","46","A sheriff","Emeralds",26,"Man",1,"36",93,"0",1
28,"sheriff","GlobalLearn","46","A sheriff","Emeralds",26,"Man",1,"37",69,"0",1
28,"sheriff","GlobalLearn","46","A sheriff","Emeralds",26,"Man",1,"38",70,"0",0
28,"sheriff","GlobalLearn","46","A sheriff","Emeralds",26,"Man",1,"39",67,"0",0
28,"sheriff","GlobalLearn","46","A sheriff","Emeralds",26,"Man",1,"40",100,"1",0
28,"sheriff","GlobalLearn","46","A sheriff","Emeralds",26,"Man",1,"41",100,"1",0
28,"sheriff","GlobalLearn","46","A sheriff","Emeralds",26,"Man",1,"42",81,"1",0
28,"sheriff","GlobalLearn","46","A sheriff","Emeralds",26,"Man",1,"43",33,"1",0
28,"sheriff","GlobalLearn","46","A sheriff","Emeralds",26,"Man",1,"44",13,"1",0
28,"sheriff","GlobalLearn","46","A sheriff","Emeralds",26,"Man",1,"45",0,"1",0
28,"sheriff","GlobalLearn","46","A sheriff","Emeralds",26,"Man",1,"46",89,"0",1
28,"sheriff","GlobalLearn","46","A sheriff","Emeralds",26,"Man",1,"47",72,"0",1
28,"sheriff","GlobalLearn","46","A sheriff","Emeralds",26,"Man",1,"48",100,"0",0
28,"sheriff","GlobalLearn","46","A sheriff","Emeralds",26,"Man",1,"49",100,"0",1
28,"sheriff","GlobalLearn","46","A sheriff","Emeralds",26,"Man",1,"50",63,"0",1
29,"sheriff","GlobalLearn","26","A sheriff","Emeralds",23,"Woman",1,"1",26,"0",1
29,"sheriff","GlobalLearn","26","A sheriff","Emeralds",23,"Woman",1,"2",21,"0",1
29,"sheriff","GlobalLearn","26","A sheriff","Emeralds",23,"Woman",1,"3",100,"0",0
29,"sheriff","GlobalLearn","26","A sheriff","Emeralds",23,"Woman",1,"4",22,"0",1
29,"sheriff","GlobalLearn","26","A sheriff","Emeralds",23,"Woman",1,"5",100,"0",0
29,"sheriff","GlobalLearn","26","A sheriff","Emeralds",23,"Woman",1,"6",31,"0",1
29,"sheriff","GlobalLearn","26","A sheriff","Emeralds",23,"Woman",1,"7",96,"0",1
29,"sheriff","GlobalLearn","26","A sheriff","Emeralds",23,"Woman",1,"8",82,"0",1
29,"sheriff","GlobalLearn","26","A sheriff","Emeralds",23,"Woman",1,"9",66,"0",1
29,"sheriff","GlobalLearn","26","A sheriff","Emeralds",23,"Woman",1,"10",54,"0",1
29,"sheriff","GlobalLearn","26","A sheriff","Emeralds",23,"Woman",1,"11",100,"0",0
29,"sheriff","GlobalLearn","26","A sheriff","Emeralds",23,"Woman",1,"12",100,"0",1
29,"sheriff","GlobalLearn","26","A sheriff","Emeralds",23,"Woman",1,"13",100,"0",0
29,"sheriff","GlobalLearn","26","A sheriff","Emeralds",23,"Woman",1,"14",97,"0",1
29,"sheriff","GlobalLearn","26","A sheriff","Emeralds",23,"Woman",1,"15",99,"0",1
29,"sheriff","GlobalLearn","26","A sheriff","Emeralds",23,"Woman",1,"16",96,"0",0
29,"sheriff","GlobalLearn","26","A sheriff","Emeralds",23,"Woman",1,"17",57,"1",1
29,"sheriff","GlobalLearn","26","A sheriff","Emeralds",23,"Woman",1,"18",79,"1",1
29,"sheriff","GlobalLearn","26","A sheriff","Emeralds",23,"Woman",1,"19",74,"1",0
29,"sheriff","GlobalLearn","26","A sheriff","Emeralds",23,"Woman",1,"20",93,"1",0
29,"sheriff","GlobalLearn","26","A sheriff","Emeralds",23,"Woman",1,"21",97,"1",0
29,"sheriff","GlobalLearn","26","A sheriff","Emeralds",23,"Woman",1,"22",97,"0",1
29,"sheriff","GlobalLearn","26","A sheriff","Emeralds",23,"Woman",1,"23",100,"0",0
29,"sheriff","GlobalLearn","26","A sheriff","Emeralds",23,"Woman",1,"24",77,"0",0
29,"sheriff","GlobalLearn","26","A sheriff","Emeralds",23,"Woman",1,"25",75,"0",1
29,"sheriff","GlobalLearn","26","A sheriff","Emeralds",23,"Woman",1,"26",76,"0",1
29,"sheriff","GlobalLearn","26","A sheriff","Emeralds",23,"Woman",1,"27",21,"0",0
29,"sheriff","GlobalLearn","26","A sheriff","Emeralds",23,"Woman",1,"28",38,"0",1
29,"sheriff","GlobalLearn","26","A sheriff","Emeralds",23,"Woman",1,"29",59,"0",1
29,"sheriff","GlobalLearn","26","A sheriff","Emeralds",23,"Woman",1,"30",5,"0",0
29,"sheriff","GlobalLearn","26","A sheriff","Emeralds",23,"Woman",1,"31",76,"0",1
29,"sheriff","GlobalLearn","26","A sheriff","Emeralds",23,"Woman",1,"32",37,"0",0
29,"sheriff","GlobalLearn","26","A sheriff","Emeralds",23,"Woman",1,"33",71,"0",1
29,"sheriff","GlobalLearn","26","A sheriff","Emeralds",23,"Woman",1,"34",29,"0",0
29,"sheriff","GlobalLearn","26","A sheriff","Emeralds",23,"Woman",1,"35",84,"0",0
29,"sheriff","GlobalLearn","26","A sheriff","Emeralds",23,"Woman",1,"36",90,"1",0
29,"sheriff","GlobalLearn","26","A sheriff","Emeralds",23,"Woman",1,"37",80,"1",1
29,"sheriff","GlobalLearn","26","A sheriff","Emeralds",23,"Woman",1,"38",72,"1",1
29,"sheriff","GlobalLearn","26","A sheriff","Emeralds",23,"Woman",1,"39",26,"1",0
29,"sheriff","GlobalLearn","26","A sheriff","Emeralds",23,"Woman",1,"40",81,"1",1
29,"sheriff","GlobalLearn","26","A sheriff","Emeralds",23,"Woman",1,"41",28,"1",0
29,"sheriff","GlobalLearn","26","A sheriff","Emeralds",23,"Woman",1,"42",71,"1",1
29,"sheriff","GlobalLearn","26","A sheriff","Emeralds",23,"Woman",1,"43",82,"1",0
29,"sheriff","GlobalLearn","26","A sheriff","Emeralds",23,"Woman",1,"44",70,"0",1
29,"sheriff","GlobalLearn","26","A sheriff","Emeralds",23,"Woman",1,"45",69,"0",0
29,"sheriff","GlobalLearn","26","A sheriff","Emeralds",23,"Woman",1,"46",19,"0",1
29,"sheriff","GlobalLearn","26","A sheriff","Emeralds",23,"Woman",1,"47",80,"0",1
29,"sheriff","GlobalLearn","26","A sheriff","Emeralds",23,"Woman",1,"48",35,"0",1
29,"sheriff","GlobalLearn","26","A sheriff","Emeralds",23,"Woman",1,"49",77,"0",1
29,"sheriff","GlobalLearn","26","A sheriff","Emeralds",23,"Woman",1,"50",26,"0",1
30,"tycoon","GlobalLearn","17","A tycoon","Emeralds",26,"Man",1,"1",100,"1",0
30,"tycoon","GlobalLearn","17","A tycoon","Emeralds",26,"Man",1,"2",22,"0",1
30,"tycoon","GlobalLearn","17","A tycoon","Emeralds",26,"Man",1,"3",100,"1",0
30,"tycoon","GlobalLearn","17","A tycoon","Emeralds",26,"Man",1,"4",12,"0",1
30,"tycoon","GlobalLearn","17","A tycoon","Emeralds",26,"Man",1,"5",42,"0",1
30,"tycoon","GlobalLearn","17","A tycoon","Emeralds",26,"Man",1,"6",72,"0",0
30,"tycoon","GlobalLearn","17","A tycoon","Emeralds",26,"Man",1,"7",68,"0",1
30,"tycoon","GlobalLearn","17","A tycoon","Emeralds",26,"Man",1,"8",77,"0",1
30,"tycoon","GlobalLearn","17","A tycoon","Emeralds",26,"Man",1,"9",100,"0",1
30,"tycoon","GlobalLearn","17","A tycoon","Emeralds",26,"Man",1,"10",100,"0",0
30,"tycoon","GlobalLearn","17","A tycoon","Emeralds",26,"Man",1,"11",84,"1",1
30,"tycoon","GlobalLearn","17","A tycoon","Emeralds",26,"Man",1,"12",81,"1",1
30,"tycoon","GlobalLearn","17","A tycoon","Emeralds",26,"Man",1,"13",82,"1",0
30,"tycoon","GlobalLearn","17","A tycoon","Emeralds",26,"Man",1,"14",62,"0",1
30,"tycoon","GlobalLearn","17","A tycoon","Emeralds",26,"Man",1,"15",77,"1",1
30,"tycoon","GlobalLearn","17","A tycoon","Emeralds",26,"Man",1,"16",95,"1",1
30,"tycoon","GlobalLearn","17","A tycoon","Emeralds",26,"Man",1,"17",60,"1",0
30,"tycoon","GlobalLearn","17","A tycoon","Emeralds",26,"Man",1,"18",39,"0",0
30,"tycoon","GlobalLearn","17","A tycoon","Emeralds",26,"Man",1,"19",80,"1",1
30,"tycoon","GlobalLearn","17","A tycoon","Emeralds",26,"Man",1,"20",70,"1",1
30,"tycoon","GlobalLearn","17","A tycoon","Emeralds",26,"Man",1,"21",78,"1",1
30,"tycoon","GlobalLearn","17","A tycoon","Emeralds",26,"Man",1,"22",90,"1",1
30,"tycoon","GlobalLearn","17","A tycoon","Emeralds",26,"Man",1,"23",89,"1",1
30,"tycoon","GlobalLearn","17","A tycoon","Emeralds",26,"Man",1,"24",87,"1",1
30,"tycoon","GlobalLearn","17","A tycoon","Emeralds",26,"Man",1,"25",87,"1",1
30,"tycoon","GlobalLearn","17","A tycoon","Emeralds",26,"Man",1,"26",90,"1",1
30,"tycoon","GlobalLearn","17","A tycoon","Emeralds",26,"Man",1,"27",90,"1",1
30,"tycoon","GlobalLearn","17","A tycoon","Emeralds",26,"Man",1,"28",94,"1",1
30,"tycoon","GlobalLearn","17","A tycoon","Emeralds",26,"Man",1,"29",90,"1",1
30,"tycoon","GlobalLearn","17","A tycoon","Emeralds",26,"Man",1,"30",86,"1",1
30,"tycoon","GlobalLearn","17","A tycoon","Emeralds",26,"Man",1,"31",86,"1",1
30,"tycoon","GlobalLearn","17","A tycoon","Emeralds",26,"Man",1,"32",80,"1",1
30,"tycoon","GlobalLearn","17","A tycoon","Emeralds",26,"Man",1,"33",67,"1",1
30,"tycoon","GlobalLearn","17","A tycoon","Emeralds",26,"Man",1,"34",42,"1",1
30,"tycoon","GlobalLearn","17","A tycoon","Emeralds",26,"Man",1,"35",44,"1",0
30,"tycoon","GlobalLearn","17","A tycoon","Emeralds",26,"Man",1,"36",75,"0",1
30,"tycoon","GlobalLearn","17","A tycoon","Emeralds",26,"Man",1,"37",33,"1",1
30,"tycoon","GlobalLearn","17","A tycoon","Emeralds",26,"Man",1,"38",34,"1",1
30,"tycoon","GlobalLearn","17","A tycoon","Emeralds",26,"Man",1,"39",31,"1",1
30,"tycoon","GlobalLearn","17","A tycoon","Emeralds",26,"Man",1,"40",50,"1",0
30,"tycoon","GlobalLearn","17","A tycoon","Emeralds",26,"Man",1,"41",72,"0",1
30,"tycoon","GlobalLearn","17","A tycoon","Emeralds",26,"Man",1,"42",72,"0",0
30,"tycoon","GlobalLearn","17","A tycoon","Emeralds",26,"Man",1,"43",28,"1",1
30,"tycoon","GlobalLearn","17","A tycoon","Emeralds",26,"Man",1,"44",29,"1",1
30,"tycoon","GlobalLearn","17","A tycoon","Emeralds",26,"Man",1,"45",31,"1",1
30,"tycoon","GlobalLearn","17","A tycoon","Emeralds",26,"Man",1,"46",35,"1",1
30,"tycoon","GlobalLearn","17","A tycoon","Emeralds",26,"Man",1,"47",35,"1",1
30,"tycoon","GlobalLearn","17","A tycoon","Emeralds",26,"Man",1,"48",31,"1",1
30,"tycoon","GlobalLearn","17","A tycoon","Emeralds",26,"Man",1,"49",30,"1",1
30,"tycoon","GlobalLearn","17","A tycoon","Emeralds",26,"Man",1,"50",30,"1",1
31,"sheriff","GlobalLearn","70","A sheriff","Emeralds",52,"Woman",1,"1",70,"1",1
31,"sheriff","GlobalLearn","70","A sheriff","Emeralds",52,"Woman",1,"2",63,"0",1
31,"sheriff","GlobalLearn","70","A sheriff","Emeralds",52,"Woman",1,"3",63,"1",1
31,"sheriff","GlobalLearn","70","A sheriff","Emeralds",52,"Woman",1,"4",64,"0",1
31,"sheriff","GlobalLearn","70","A sheriff","Emeralds",52,"Woman",1,"5",67,"1",0
31,"sheriff","GlobalLearn","70","A sheriff","Emeralds",52,"Woman",1,"6",67,"0",1
31,"sheriff","GlobalLearn","70","A sheriff","Emeralds",52,"Woman",1,"7",66,"0",0
31,"sheriff","GlobalLearn","70","A sheriff","Emeralds",52,"Woman",1,"8",67,"1",0
31,"sheriff","GlobalLearn","70","A sheriff","Emeralds",52,"Woman",1,"9",72,"0",1
31,"sheriff","GlobalLearn","70","A sheriff","Emeralds",52,"Woman",1,"10",76,"0",1
31,"sheriff","GlobalLearn","70","A sheriff","Emeralds",52,"Woman",1,"11",76,"1",0
31,"sheriff","GlobalLearn","70","A sheriff","Emeralds",52,"Woman",1,"12",77,"0",1
31,"sheriff","GlobalLearn","70","A sheriff","Emeralds",52,"Woman",1,"13",78,"0",1
31,"sheriff","GlobalLearn","70","A sheriff","Emeralds",52,"Woman",1,"14",75,"1",0
31,"sheriff","GlobalLearn","70","A sheriff","Emeralds",52,"Woman",1,"15",75,"0",1
31,"sheriff","GlobalLearn","70","A sheriff","Emeralds",52,"Woman",1,"16",73,"0",0
31,"sheriff","GlobalLearn","70","A sheriff","Emeralds",52,"Woman",1,"17",78,"1",1
31,"sheriff","GlobalLearn","70","A sheriff","Emeralds",52,"Woman",1,"18",76,"0",0
31,"sheriff","GlobalLearn","70","A sheriff","Emeralds",52,"Woman",1,"19",75,"1",0
31,"sheriff","GlobalLearn","70","A sheriff","Emeralds",52,"Woman",1,"20",75,"0",0
31,"sheriff","GlobalLearn","70","A sheriff","Emeralds",52,"Woman",1,"21",76,"0",1
31,"sheriff","GlobalLearn","70","A sheriff","Emeralds",52,"Woman",1,"22",76,"0",0
31,"sheriff","GlobalLearn","70","A sheriff","Emeralds",52,"Woman",1,"23",75,"0",0
31,"sheriff","GlobalLearn","70","A sheriff","Emeralds",52,"Woman",1,"24",77,"1",0
31,"sheriff","GlobalLearn","70","A sheriff","Emeralds",52,"Woman",1,"25",78,"0",1
31,"sheriff","GlobalLearn","70","A sheriff","Emeralds",52,"Woman",1,"26",79,"0",1
31,"sheriff","GlobalLearn","70","A sheriff","Emeralds",52,"Woman",1,"27",82,"0",1
31,"sheriff","GlobalLearn","70","A sheriff","Emeralds",52,"Woman",1,"28",84,"0",1
31,"sheriff","GlobalLearn","70","A sheriff","Emeralds",52,"Woman",1,"29",89,"0",1
31,"sheriff","GlobalLearn","70","A sheriff","Emeralds",52,"Woman",1,"30",84,"0",0
31,"sheriff","GlobalLearn","70","A sheriff","Emeralds",52,"Woman",1,"31",81,"1",0
31,"sheriff","GlobalLearn","70","A sheriff","Emeralds",52,"Woman",1,"32",76,"0",1
31,"sheriff","GlobalLearn","70","A sheriff","Emeralds",52,"Woman",1,"33",84,"0",1
31,"sheriff","GlobalLearn","70","A sheriff","Emeralds",52,"Woman",1,"34",82,"0",1
31,"sheriff","GlobalLearn","70","A sheriff","Emeralds",52,"Woman",1,"35",82,"0",0
31,"sheriff","GlobalLearn","70","A sheriff","Emeralds",52,"Woman",1,"36",80,"1",1
31,"sheriff","GlobalLearn","70","A sheriff","Emeralds",52,"Woman",1,"37",78,"0",1
31,"sheriff","GlobalLearn","70","A sheriff","Emeralds",52,"Woman",1,"38",79,"1",0
31,"sheriff","GlobalLearn","70","A sheriff","Emeralds",52,"Woman",1,"39",75,"1",0
31,"sheriff","GlobalLearn","70","A sheriff","Emeralds",52,"Woman",1,"40",75,"1",0
31,"sheriff","GlobalLearn","70","A sheriff","Emeralds",52,"Woman",1,"41",78,"0",1
31,"sheriff","GlobalLearn","70","A sheriff","Emeralds",52,"Woman",1,"42",82,"0",1
31,"sheriff","GlobalLearn","70","A sheriff","Emeralds",52,"Woman",1,"43",77,"0",0
31,"sheriff","GlobalLearn","70","A sheriff","Emeralds",52,"Woman",1,"44",79,"1",1
31,"sheriff","GlobalLearn","70","A sheriff","Emeralds",52,"Woman",1,"45",74,"1",1
31,"sheriff","GlobalLearn","70","A sheriff","Emeralds",52,"Woman",1,"46",73,"1",0
31,"sheriff","GlobalLearn","70","A sheriff","Emeralds",52,"Woman",1,"47",77,"0",1
31,"sheriff","GlobalLearn","70","A sheriff","Emeralds",52,"Woman",1,"48",82,"0",1
31,"sheriff","GlobalLearn","70","A sheriff","Emeralds",52,"Woman",1,"49",79,"0",0
31,"sheriff","GlobalLearn","70","A sheriff","Emeralds",52,"Woman",1,"50",74,"1",0
32,"tycoon","GlobalLearn","33","A tycoon","Emeralds",70,"Woman",1,"1",22,"0",0
32,"tycoon","GlobalLearn","33","A tycoon","Emeralds",70,"Woman",1,"2",82,"1",1
32,"tycoon","GlobalLearn","33","A tycoon","Emeralds",70,"Woman",1,"3",28,"0",0
32,"tycoon","GlobalLearn","33","A tycoon","Emeralds",70,"Woman",1,"4",69,"1",1
32,"tycoon","GlobalLearn","33","A tycoon","Emeralds",70,"Woman",1,"5",77,"1",1
32,"tycoon","GlobalLearn","33","A tycoon","Emeralds",70,"Woman",1,"6",47,"1",1
32,"tycoon","GlobalLearn","33","A tycoon","Emeralds",70,"Woman",1,"7",60,"1",0
32,"tycoon","GlobalLearn","33","A tycoon","Emeralds",70,"Woman",1,"8",56,"1",1
32,"tycoon","GlobalLearn","33","A tycoon","Emeralds",70,"Woman",1,"9",62,"1",1
32,"tycoon","GlobalLearn","33","A tycoon","Emeralds",70,"Woman",1,"10",62,"1",1
32,"tycoon","GlobalLearn","33","A tycoon","Emeralds",70,"Woman",1,"11",39,"1",1
32,"tycoon","GlobalLearn","33","A tycoon","Emeralds",70,"Woman",1,"12",44,"1",1
32,"tycoon","GlobalLearn","33","A tycoon","Emeralds",70,"Woman",1,"13",40,"1",1
32,"tycoon","GlobalLearn","33","A tycoon","Emeralds",70,"Woman",1,"14",39,"1",1
32,"tycoon","GlobalLearn","33","A tycoon","Emeralds",70,"Woman",1,"15",40,"1",1
32,"tycoon","GlobalLearn","33","A tycoon","Emeralds",70,"Woman",1,"16",38,"1",1
32,"tycoon","GlobalLearn","33","A tycoon","Emeralds",70,"Woman",1,"17",12,"1",0
32,"tycoon","GlobalLearn","33","A tycoon","Emeralds",70,"Woman",1,"18",76,"1",1
32,"tycoon","GlobalLearn","33","A tycoon","Emeralds",70,"Woman",1,"19",62,"1",1
32,"tycoon","GlobalLearn","33","A tycoon","Emeralds",70,"Woman",1,"20",60,"1",1
32,"tycoon","GlobalLearn","33","A tycoon","Emeralds",70,"Woman",1,"21",66,"1",1
32,"tycoon","GlobalLearn","33","A tycoon","Emeralds",70,"Woman",1,"22",2,"1",0
32,"tycoon","GlobalLearn","33","A tycoon","Emeralds",70,"Woman",1,"23",62,"1",1
32,"tycoon","GlobalLearn","33","A tycoon","Emeralds",70,"Woman",1,"24",0,"1",0
32,"tycoon","GlobalLearn","33","A tycoon","Emeralds",70,"Woman",1,"25",65,"1",1
32,"tycoon","GlobalLearn","33","A tycoon","Emeralds",70,"Woman",1,"26",71,"1",1
32,"tycoon","GlobalLearn","33","A tycoon","Emeralds",70,"Woman",1,"27",74,"1",1
32,"tycoon","GlobalLearn","33","A tycoon","Emeralds",70,"Woman",1,"28",1,"1",0
32,"tycoon","GlobalLearn","33","A tycoon","Emeralds",70,"Woman",1,"29",0,"1",0
32,"tycoon","GlobalLearn","33","A tycoon","Emeralds",70,"Woman",1,"30",76,"1",1
32,"tycoon","GlobalLearn","33","A tycoon","Emeralds",70,"Woman",1,"31",77,"1",1
32,"tycoon","GlobalLearn","33","A tycoon","Emeralds",70,"Woman",1,"32",69,"1",1
32,"tycoon","GlobalLearn","33","A tycoon","Emeralds",70,"Woman",1,"33",74,"1",1
32,"tycoon","GlobalLearn","33","A tycoon","Emeralds",70,"Woman",1,"34",74,"1",1
32,"tycoon","GlobalLearn","33","A tycoon","Emeralds",70,"Woman",1,"35",71,"1",1
32,"tycoon","GlobalLearn","33","A tycoon","Emeralds",70,"Woman",1,"36",72,"1",1
32,"tycoon","GlobalLearn","33","A tycoon","Emeralds",70,"Woman",1,"37",83,"1",1
32,"tycoon","GlobalLearn","33","A tycoon","Emeralds",70,"Woman",1,"38",84,"1",1
32,"tycoon","GlobalLearn","33","A tycoon","Emeralds",70,"Woman",1,"39",17,"1",0
32,"tycoon","GlobalLearn","33","A tycoon","Emeralds",70,"Woman",1,"40",82,"1",1
32,"tycoon","GlobalLearn","33","A tycoon","Emeralds",70,"Woman",1,"41",82,"1",1
32,"tycoon","GlobalLearn","33","A tycoon","Emeralds",70,"Woman",1,"42",77,"1",1
32,"tycoon","GlobalLearn","33","A tycoon","Emeralds",70,"Woman",1,"43",62,"1",1
32,"tycoon","GlobalLearn","33","A tycoon","Emeralds",70,"Woman",1,"44",63,"1",1
32,"tycoon","GlobalLearn","33","A tycoon","Emeralds",70,"Woman",1,"45",61,"1",1
32,"tycoon","GlobalLearn","33","A tycoon","Emeralds",70,"Woman",1,"46",51,"1",1
32,"tycoon","GlobalLearn","33","A tycoon","Emeralds",70,"Woman",1,"47",50,"1",1
32,"tycoon","GlobalLearn","33","A tycoon","Emeralds",70,"Woman",1,"48",41,"1",1
32,"tycoon","GlobalLearn","33","A tycoon","Emeralds",70,"Woman",1,"49",0,"1",0
32,"tycoon","GlobalLearn","33","A tycoon","Emeralds",70,"Woman",1,"50",39,"1",1
33,"bandit","GlobalLearn","27","A bandit","Emeralds",58,"Man",1,"1",82,"1",0
33,"bandit","GlobalLearn","27","A bandit","Emeralds",58,"Man",1,"2",80,"1",0
33,"bandit","GlobalLearn","27","A bandit","Emeralds",58,"Man",1,"3",11,"0",1
33,"bandit","GlobalLearn","27","A bandit","Emeralds",58,"Man",1,"4",89,"0",0
33,"bandit","GlobalLearn","27","A bandit","Emeralds",58,"Man",1,"5",88,"0",0
33,"bandit","GlobalLearn","27","A bandit","Emeralds",58,"Man",1,"6",80,"0",0
33,"bandit","GlobalLearn","27","A bandit","Emeralds",58,"Man",1,"7",81,"1",0
33,"bandit","GlobalLearn","27","A bandit","Emeralds",58,"Man",1,"8",80,"0",0
33,"bandit","GlobalLearn","27","A bandit","Emeralds",58,"Man",1,"9",87,"1",0
33,"bandit","GlobalLearn","27","A bandit","Emeralds",58,"Man",1,"10",82,"1",0
33,"bandit","GlobalLearn","27","A bandit","Emeralds",58,"Man",1,"11",83,"0",0
33,"bandit","GlobalLearn","27","A bandit","Emeralds",58,"Man",1,"12",6,"0",1
33,"bandit","GlobalLearn","27","A bandit","Emeralds",58,"Man",1,"13",19,"0",1
33,"bandit","GlobalLearn","27","A bandit","Emeralds",58,"Man",1,"14",83,"0",0
33,"bandit","GlobalLearn","27","A bandit","Emeralds",58,"Man",1,"15",82,"0",0
33,"bandit","GlobalLearn","27","A bandit","Emeralds",58,"Man",1,"16",14,"0",1
33,"bandit","GlobalLearn","27","A bandit","Emeralds",58,"Man",1,"17",11,"0",1
33,"bandit","GlobalLearn","27","A bandit","Emeralds",58,"Man",1,"18",83,"0",0
33,"bandit","GlobalLearn","27","A bandit","Emeralds",58,"Man",1,"19",83,"0",0
33,"bandit","GlobalLearn","27","A bandit","Emeralds",58,"Man",1,"20",83,"0",0
33,"bandit","GlobalLearn","27","A bandit","Emeralds",58,"Man",1,"21",13,"0",1
33,"bandit","GlobalLearn","27","A bandit","Emeralds",58,"Man",1,"22",79,"0",0
33,"bandit","GlobalLearn","27","A bandit","Emeralds",58,"Man",1,"23",87,"0",0
33,"bandit","GlobalLearn","27","A bandit","Emeralds",58,"Man",1,"24",3,"0",1
33,"bandit","GlobalLearn","27","A bandit","Emeralds",58,"Man",1,"25",14,"0",1
33,"bandit","GlobalLearn","27","A bandit","Emeralds",58,"Man",1,"26",12,"0",1
33,"bandit","GlobalLearn","27","A bandit","Emeralds",58,"Man",1,"27",88,"0",0
33,"bandit","GlobalLearn","27","A bandit","Emeralds",58,"Man",1,"28",84,"0",0
33,"bandit","GlobalLearn","27","A bandit","Emeralds",58,"Man",1,"29",89,"0",0
33,"bandit","GlobalLearn","27","A bandit","Emeralds",58,"Man",1,"30",78,"0",0
33,"bandit","GlobalLearn","27","A bandit","Emeralds",58,"Man",1,"31",81,"0",0
33,"bandit","GlobalLearn","27","A bandit","Emeralds",58,"Man",1,"32",17,"0",1
33,"bandit","GlobalLearn","27","A bandit","Emeralds",58,"Man",1,"33",15,"0",1
33,"bandit","GlobalLearn","27","A bandit","Emeralds",58,"Man",1,"34",15,"0",1
33,"bandit","GlobalLearn","27","A bandit","Emeralds",58,"Man",1,"35",92,"0",0
33,"bandit","GlobalLearn","27","A bandit","Emeralds",58,"Man",1,"36",10,"0",1
33,"bandit","GlobalLearn","27","A bandit","Emeralds",58,"Man",1,"37",91,"0",0
33,"bandit","GlobalLearn","27","A bandit","Emeralds",58,"Man",1,"38",11,"0",1
33,"bandit","GlobalLearn","27","A bandit","Emeralds",58,"Man",1,"39",87,"0",0
33,"bandit","GlobalLearn","27","A bandit","Emeralds",58,"Man",1,"40",13,"0",1
33,"bandit","GlobalLearn","27","A bandit","Emeralds",58,"Man",1,"41",87,"0",0
33,"bandit","GlobalLearn","27","A bandit","Emeralds",58,"Man",1,"42",13,"0",1
33,"bandit","GlobalLearn","27","A bandit","Emeralds",58,"Man",1,"43",9,"0",1
33,"bandit","GlobalLearn","27","A bandit","Emeralds",58,"Man",1,"44",8,"0",1
33,"bandit","GlobalLearn","27","A bandit","Emeralds",58,"Man",1,"45",11,"0",1
33,"bandit","GlobalLearn","27","A bandit","Emeralds",58,"Man",1,"46",88,"0",0
33,"bandit","GlobalLearn","27","A bandit","Emeralds",58,"Man",1,"47",91,"0",0
33,"bandit","GlobalLearn","27","A bandit","Emeralds",58,"Man",1,"48",11,"0",1
33,"bandit","GlobalLearn","27","A bandit","Emeralds",58,"Man",1,"49",17,"0",1
33,"bandit","GlobalLearn","27","A bandit","Emeralds",58,"Man",1,"50",90,"0",0
34,"tycoon","GlobalLearn","7","A tycoon","Emeralds",35,"Woman",1,"1",28,"1",0
34,"tycoon","GlobalLearn","7","A tycoon","Emeralds",35,"Woman",1,"2",69,"0",1
34,"tycoon","GlobalLearn","7","A tycoon","Emeralds",35,"Woman",1,"3",57,"0",1
34,"tycoon","GlobalLearn","7","A tycoon","Emeralds",35,"Woman",1,"4",25,"0",1
34,"tycoon","GlobalLearn","7","A tycoon","Emeralds",35,"Woman",1,"5",22,"0",0
34,"tycoon","GlobalLearn","7","A tycoon","Emeralds",35,"Woman",1,"6",24,"1",0
34,"tycoon","GlobalLearn","7","A tycoon","Emeralds",35,"Woman",1,"7",23,"0",0
34,"tycoon","GlobalLearn","7","A tycoon","Emeralds",35,"Woman",1,"8",72,"0",1
34,"tycoon","GlobalLearn","7","A tycoon","Emeralds",35,"Woman",1,"9",76,"1",1
34,"tycoon","GlobalLearn","7","A tycoon","Emeralds",35,"Woman",1,"10",71,"0",1
34,"tycoon","GlobalLearn","7","A tycoon","Emeralds",35,"Woman",1,"11",75,"1",1
34,"tycoon","GlobalLearn","7","A tycoon","Emeralds",35,"Woman",1,"12",64,"0",1
34,"tycoon","GlobalLearn","7","A tycoon","Emeralds",35,"Woman",1,"13",18,"1",0
34,"tycoon","GlobalLearn","7","A tycoon","Emeralds",35,"Woman",1,"14",67,"0",1
34,"tycoon","GlobalLearn","7","A tycoon","Emeralds",35,"Woman",1,"15",67,"0",1
34,"tycoon","GlobalLearn","7","A tycoon","Emeralds",35,"Woman",1,"16",72,"0",1
34,"tycoon","GlobalLearn","7","A tycoon","Emeralds",35,"Woman",1,"17",65,"0",1
34,"tycoon","GlobalLearn","7","A tycoon","Emeralds",35,"Woman",1,"18",86,"1",1
34,"tycoon","GlobalLearn","7","A tycoon","Emeralds",35,"Woman",1,"19",30,"0",1
34,"tycoon","GlobalLearn","7","A tycoon","Emeralds",35,"Woman",1,"20",76,"1",1
34,"tycoon","GlobalLearn","7","A tycoon","Emeralds",35,"Woman",1,"21",13,"1",0
34,"tycoon","GlobalLearn","7","A tycoon","Emeralds",35,"Woman",1,"22",60,"0",1
34,"tycoon","GlobalLearn","7","A tycoon","Emeralds",35,"Woman",1,"23",38,"0",1
34,"tycoon","GlobalLearn","7","A tycoon","Emeralds",35,"Woman",1,"24",36,"0",1
34,"tycoon","GlobalLearn","7","A tycoon","Emeralds",35,"Woman",1,"25",31,"1",0
34,"tycoon","GlobalLearn","7","A tycoon","Emeralds",35,"Woman",1,"26",25,"0",0
34,"tycoon","GlobalLearn","7","A tycoon","Emeralds",35,"Woman",1,"27",30,"1",0
34,"tycoon","GlobalLearn","7","A tycoon","Emeralds",35,"Woman",1,"28",25,"0",0
34,"tycoon","GlobalLearn","7","A tycoon","Emeralds",35,"Woman",1,"29",51,"1",0
34,"tycoon","GlobalLearn","7","A tycoon","Emeralds",35,"Woman",1,"30",68,"0",1
34,"tycoon","GlobalLearn","7","A tycoon","Emeralds",35,"Woman",1,"31",70,"0",1
34,"tycoon","GlobalLearn","7","A tycoon","Emeralds",35,"Woman",1,"32",23,"0",0
34,"tycoon","GlobalLearn","7","A tycoon","Emeralds",35,"Woman",1,"33",68,"0",1
34,"tycoon","GlobalLearn","7","A tycoon","Emeralds",35,"Woman",1,"34",73,"0",1
34,"tycoon","GlobalLearn","7","A tycoon","Emeralds",35,"Woman",1,"35",71,"0",1
34,"tycoon","GlobalLearn","7","A tycoon","Emeralds",35,"Woman",1,"36",73,"0",1
34,"tycoon","GlobalLearn","7","A tycoon","Emeralds",35,"Woman",1,"37",26,"0",0
34,"tycoon","GlobalLearn","7","A tycoon","Emeralds",35,"Woman",1,"38",74,"0",1
34,"tycoon","GlobalLearn","7","A tycoon","Emeralds",35,"Woman",1,"39",71,"0",1
34,"tycoon","GlobalLearn","7","A tycoon","Emeralds",35,"Woman",1,"40",68,"0",1
34,"tycoon","GlobalLearn","7","A tycoon","Emeralds",35,"Woman",1,"41",73,"0",1
34,"tycoon","GlobalLearn","7","A tycoon","Emeralds",35,"Woman",1,"42",30,"0",0
34,"tycoon","GlobalLearn","7","A tycoon","Emeralds",35,"Woman",1,"43",59,"0",1
34,"tycoon","GlobalLearn","7","A tycoon","Emeralds",35,"Woman",1,"44",60,"0",1
34,"tycoon","GlobalLearn","7","A tycoon","Emeralds",35,"Woman",1,"45",69,"0",1
34,"tycoon","GlobalLearn","7","A tycoon","Emeralds",35,"Woman",1,"46",28,"0",0
34,"tycoon","GlobalLearn","7","A tycoon","Emeralds",35,"Woman",1,"47",35,"0",1
34,"tycoon","GlobalLearn","7","A tycoon","Emeralds",35,"Woman",1,"48",17,"0",0
34,"tycoon","GlobalLearn","7","A tycoon","Emeralds",35,"Woman",1,"49",25,"0",1
34,"tycoon","GlobalLearn","7","A tycoon","Emeralds",35,"Woman",1,"50",26,"0",1
35,"tycoon","GlobalLearn","69","A tycoon","Emeralds",45,"Woman",1,"1",99,"0",1
35,"tycoon","GlobalLearn","69","A tycoon","Emeralds",45,"Woman",1,"2",98,"0",1
35,"tycoon","GlobalLearn","69","A tycoon","Emeralds",45,"Woman",1,"3",99,"0",1
35,"tycoon","GlobalLearn","69","A tycoon","Emeralds",45,"Woman",1,"4",93,"0",1
35,"tycoon","GlobalLearn","69","A tycoon","Emeralds",45,"Woman",1,"5",96,"0",0
35,"tycoon","GlobalLearn","69","A tycoon","Emeralds",45,"Woman",1,"6",97,"0",1
35,"tycoon","GlobalLearn","69","A tycoon","Emeralds",45,"Woman",1,"7",75,"0",1
35,"tycoon","GlobalLearn","69","A tycoon","Emeralds",45,"Woman",1,"8",95,"0",0
35,"tycoon","GlobalLearn","69","A tycoon","Emeralds",45,"Woman",1,"9",100,"0",0
35,"tycoon","GlobalLearn","69","A tycoon","Emeralds",45,"Woman",1,"10",100,"0",0
35,"tycoon","GlobalLearn","69","A tycoon","Emeralds",45,"Woman",1,"11",98,"0",0
35,"tycoon","GlobalLearn","69","A tycoon","Emeralds",45,"Woman",1,"12",87,"0",0
35,"tycoon","GlobalLearn","69","A tycoon","Emeralds",45,"Woman",1,"13",98,"1",1
35,"tycoon","GlobalLearn","69","A tycoon","Emeralds",45,"Woman",1,"14",100,"1",1
35,"tycoon","GlobalLearn","69","A tycoon","Emeralds",45,"Woman",1,"15",100,"1",1
35,"tycoon","GlobalLearn","69","A tycoon","Emeralds",45,"Woman",1,"16",100,"1",1
35,"tycoon","GlobalLearn","69","A tycoon","Emeralds",45,"Woman",1,"17",100,"1",1
35,"tycoon","GlobalLearn","69","A tycoon","Emeralds",45,"Woman",1,"18",100,"1",0
35,"tycoon","GlobalLearn","69","A tycoon","Emeralds",45,"Woman",1,"19",99,"1",1
35,"tycoon","GlobalLearn","69","A tycoon","Emeralds",45,"Woman",1,"20",98,"1",1
35,"tycoon","GlobalLearn","69","A tycoon","Emeralds",45,"Woman",1,"21",94,"1",0
35,"tycoon","GlobalLearn","69","A tycoon","Emeralds",45,"Woman",1,"22",100,"1",0
35,"tycoon","GlobalLearn","69","A tycoon","Emeralds",45,"Woman",1,"23",100,"1",0
35,"tycoon","GlobalLearn","69","A tycoon","Emeralds",45,"Woman",1,"24",99,"1",1
35,"tycoon","GlobalLearn","69","A tycoon","Emeralds",45,"Woman",1,"25",96,"1",1
35,"tycoon","GlobalLearn","69","A tycoon","Emeralds",45,"Woman",1,"26",97,"1",1
35,"tycoon","GlobalLearn","69","A tycoon","Emeralds",45,"Woman",1,"27",100,"1",1
35,"tycoon","GlobalLearn","69","A tycoon","Emeralds",45,"Woman",1,"28",95,"1",1
35,"tycoon","GlobalLearn","69","A tycoon","Emeralds",45,"Woman",1,"29",96,"1",1
35,"tycoon","GlobalLearn","69","A tycoon","Emeralds",45,"Woman",1,"30",100,"1",1
35,"tycoon","GlobalLearn","69","A tycoon","Emeralds",45,"Woman",1,"31",100,"1",1
35,"tycoon","GlobalLearn","69","A tycoon","Emeralds",45,"Woman",1,"32",99,"1",1
35,"tycoon","GlobalLearn","69","A tycoon","Emeralds",45,"Woman",1,"33",27,"1",0
35,"tycoon","GlobalLearn","69","A tycoon","Emeralds",45,"Woman",1,"34",34,"1",0
35,"tycoon","GlobalLearn","69","A tycoon","Emeralds",45,"Woman",1,"35",24,"1",0
35,"tycoon","GlobalLearn","69","A tycoon","Emeralds",45,"Woman",1,"36",100,"1",1
35,"tycoon","GlobalLearn","69","A tycoon","Emeralds",45,"Woman",1,"37",100,"1",1
35,"tycoon","GlobalLearn","69","A tycoon","Emeralds",45,"Woman",1,"38",98,"1",1
35,"tycoon","GlobalLearn","69","A tycoon","Emeralds",45,"Woman",1,"39",99,"1",1
35,"tycoon","GlobalLearn","69","A tycoon","Emeralds",45,"Woman",1,"40",100,"1",1
35,"tycoon","GlobalLearn","69","A tycoon","Emeralds",45,"Woman",1,"41",97,"1",1
35,"tycoon","GlobalLearn","69","A tycoon","Emeralds",45,"Woman",1,"42",20,"1",0
35,"tycoon","GlobalLearn","69","A tycoon","Emeralds",45,"Woman",1,"43",92,"1",1
35,"tycoon","GlobalLearn","69","A tycoon","Emeralds",45,"Woman",1,"44",98,"1",1
35,"tycoon","GlobalLearn","69","A tycoon","Emeralds",45,"Woman",1,"45",100,"1",1
35,"tycoon","GlobalLearn","69","A tycoon","Emeralds",45,"Woman",1,"46",99,"1",1
35,"tycoon","GlobalLearn","69","A tycoon","Emeralds",45,"Woman",1,"47",100,"1",1
35,"tycoon","GlobalLearn","69","A tycoon","Emeralds",45,"Woman",1,"48",98,"1",1
35,"tycoon","GlobalLearn","69","A tycoon","Emeralds",45,"Woman",1,"49",99,"1",1
35,"tycoon","GlobalLearn","69","A tycoon","Emeralds",45,"Woman",1,"50",100,"1",1
36,"tycoon","GlobalLearn","39","A tycoon","Emeralds",66,"Woman",1,"1",79,"1",1
36,"tycoon","GlobalLearn","39","A tycoon","Emeralds",66,"Woman",1,"2",72,"1",0
36,"tycoon","GlobalLearn","39","A tycoon","Emeralds",66,"Woman",1,"3",80,"1",1
36,"tycoon","GlobalLearn","39","A tycoon","Emeralds",66,"Woman",1,"4",84,"1",1
36,"tycoon","GlobalLearn","39","A tycoon","Emeralds",66,"Woman",1,"5",83,"1",0
36,"tycoon","GlobalLearn","39","A tycoon","Emeralds",66,"Woman",1,"6",77,"1",0
36,"tycoon","GlobalLearn","39","A tycoon","Emeralds",66,"Woman",1,"7",84,"1",1
36,"tycoon","GlobalLearn","39","A tycoon","Emeralds",66,"Woman",1,"8",84,"1",1
36,"tycoon","GlobalLearn","39","A tycoon","Emeralds",66,"Woman",1,"9",82,"1",0
36,"tycoon","GlobalLearn","39","A tycoon","Emeralds",66,"Woman",1,"10",67,"0",1
36,"tycoon","GlobalLearn","39","A tycoon","Emeralds",66,"Woman",1,"11",75,"0",1
36,"tycoon","GlobalLearn","39","A tycoon","Emeralds",66,"Woman",1,"12",79,"0",0
36,"tycoon","GlobalLearn","39","A tycoon","Emeralds",66,"Woman",1,"13",78,"0",1
36,"tycoon","GlobalLearn","39","A tycoon","Emeralds",66,"Woman",1,"14",81,"1",1
36,"tycoon","GlobalLearn","39","A tycoon","Emeralds",66,"Woman",1,"15",77,"1",0
36,"tycoon","GlobalLearn","39","A tycoon","Emeralds",66,"Woman",1,"16",80,"0",1
36,"tycoon","GlobalLearn","39","A tycoon","Emeralds",66,"Woman",1,"17",80,"0",1
36,"tycoon","GlobalLearn","39","A tycoon","Emeralds",66,"Woman",1,"18",76,"0",0
36,"tycoon","GlobalLearn","39","A tycoon","Emeralds",66,"Woman",1,"19",75,"1",0
36,"tycoon","GlobalLearn","39","A tycoon","Emeralds",66,"Woman",1,"20",76,"1",1
36,"tycoon","GlobalLearn","39","A tycoon","Emeralds",66,"Woman",1,"21",89,"1",1
36,"tycoon","GlobalLearn","39","A tycoon","Emeralds",66,"Woman",1,"22",85,"1",0
36,"tycoon","GlobalLearn","39","A tycoon","Emeralds",66,"Woman",1,"23",81,"0",1
36,"tycoon","GlobalLearn","39","A tycoon","Emeralds",66,"Woman",1,"24",81,"0",1
36,"tycoon","GlobalLearn","39","A tycoon","Emeralds",66,"Woman",1,"25",84,"0",1
36,"tycoon","GlobalLearn","39","A tycoon","Emeralds",66,"Woman",1,"26",83,"0",1
36,"tycoon","GlobalLearn","39","A tycoon","Emeralds",66,"Woman",1,"27",83,"0",1
36,"tycoon","GlobalLearn","39","A tycoon","Emeralds",66,"Woman",1,"28",73,"0",0
36,"tycoon","GlobalLearn","39","A tycoon","Emeralds",66,"Woman",1,"29",72,"1",0
36,"tycoon","GlobalLearn","39","A tycoon","Emeralds",66,"Woman",1,"30",76,"1",1
36,"tycoon","GlobalLearn","39","A tycoon","Emeralds",66,"Woman",1,"31",84,"1",0
36,"tycoon","GlobalLearn","39","A tycoon","Emeralds",66,"Woman",1,"32",85,"0",1
36,"tycoon","GlobalLearn","39","A tycoon","Emeralds",66,"Woman",1,"33",85,"0",0
36,"tycoon","GlobalLearn","39","A tycoon","Emeralds",66,"Woman",1,"34",85,"1",0
36,"tycoon","GlobalLearn","39","A tycoon","Emeralds",66,"Woman",1,"35",85,"1",0
36,"tycoon","GlobalLearn","39","A tycoon","Emeralds",66,"Woman",1,"36",85,"0",1
36,"tycoon","GlobalLearn","39","A tycoon","Emeralds",66,"Woman",1,"37",81,"0",1
36,"tycoon","GlobalLearn","39","A tycoon","Emeralds",66,"Woman",1,"38",82,"0",1
36,"tycoon","GlobalLearn","39","A tycoon","Emeralds",66,"Woman",1,"39",87,"0",1
36,"tycoon","GlobalLearn","39","A tycoon","Emeralds",66,"Woman",1,"40",90,"0",1
36,"tycoon","GlobalLearn","39","A tycoon","Emeralds",66,"Woman",1,"41",85,"0",1
36,"tycoon","GlobalLearn","39","A tycoon","Emeralds",66,"Woman",1,"42",88,"0",1
36,"tycoon","GlobalLearn","39","A tycoon","Emeralds",66,"Woman",1,"43",94,"0",1
36,"tycoon","GlobalLearn","39","A tycoon","Emeralds",66,"Woman",1,"44",92,"0",1
36,"tycoon","GlobalLearn","39","A tycoon","Emeralds",66,"Woman",1,"45",94,"0",1
36,"tycoon","GlobalLearn","39","A tycoon","Emeralds",66,"Woman",1,"46",54,"0",1
36,"tycoon","GlobalLearn","39","A tycoon","Emeralds",66,"Woman",1,"47",56,"0",0
36,"tycoon","GlobalLearn","39","A tycoon","Emeralds",66,"Woman",1,"48",74,"1",0
36,"tycoon","GlobalLearn","39","A tycoon","Emeralds",66,"Woman",1,"49",61,"1",0
36,"tycoon","GlobalLearn","39","A tycoon","Emeralds",66,"Woman",1,"50",57,"0",0
37,"sheriff","GlobalLearn","65","A sheriff","Emeralds",27,"Non-binary",1,"1",68,"0",0
37,"sheriff","GlobalLearn","65","A sheriff","Emeralds",27,"Non-binary",1,"2",68,"0",1
37,"sheriff","GlobalLearn","65","A sheriff","Emeralds",27,"Non-binary",1,"3",70,"0",0
37,"sheriff","GlobalLearn","65","A sheriff","Emeralds",27,"Non-binary",1,"4",73,"0",0
37,"sheriff","GlobalLearn","65","A sheriff","Emeralds",27,"Non-binary",1,"5",100,"1",0
37,"sheriff","GlobalLearn","65","A sheriff","Emeralds",27,"Non-binary",1,"6",74,"1",0
37,"sheriff","GlobalLearn","65","A sheriff","Emeralds",27,"Non-binary",1,"7",59,"1",0
37,"sheriff","GlobalLearn","65","A sheriff","Emeralds",27,"Non-binary",1,"8",67,"1",0
37,"sheriff","GlobalLearn","65","A sheriff","Emeralds",27,"Non-binary",1,"9",70,"1",0
37,"sheriff","GlobalLearn","65","A sheriff","Emeralds",27,"Non-binary",1,"10",100,"1",1
37,"sheriff","GlobalLearn","65","A sheriff","Emeralds",27,"Non-binary",1,"11",100,"1",1
37,"sheriff","GlobalLearn","65","A sheriff","Emeralds",27,"Non-binary",1,"12",63,"1",0
37,"sheriff","GlobalLearn","65","A sheriff","Emeralds",27,"Non-binary",1,"13",74,"1",0
37,"sheriff","GlobalLearn","65","A sheriff","Emeralds",27,"Non-binary",1,"14",66,"0",0
37,"sheriff","GlobalLearn","65","A sheriff","Emeralds",27,"Non-binary",1,"15",70,"0",0
37,"sheriff","GlobalLearn","65","A sheriff","Emeralds",27,"Non-binary",1,"16",73,"0",0
37,"sheriff","GlobalLearn","65","A sheriff","Emeralds",27,"Non-binary",1,"17",69,"0",1
37,"sheriff","GlobalLearn","65","A sheriff","Emeralds",27,"Non-binary",1,"18",70,"0",0
37,"sheriff","GlobalLearn","65","A sheriff","Emeralds",27,"Non-binary",1,"19",76,"0",0
37,"sheriff","GlobalLearn","65","A sheriff","Emeralds",27,"Non-binary",1,"20",73,"0",0
37,"sheriff","GlobalLearn","65","A sheriff","Emeralds",27,"Non-binary",1,"21",74,"0",0
37,"sheriff","GlobalLearn","65","A sheriff","Emeralds",27,"Non-binary",1,"22",72,"0",0
37,"sheriff","GlobalLearn","65","A sheriff","Emeralds",27,"Non-binary",1,"23",70,"0",0
37,"sheriff","GlobalLearn","65","A sheriff","Emeralds",27,"Non-binary",1,"24",71,"0",0
37,"sheriff","GlobalLearn","65","A sheriff","Emeralds",27,"Non-binary",1,"25",100,"1",1
37,"sheriff","GlobalLearn","65","A sheriff","Emeralds",27,"Non-binary",1,"26",73,"1",1
37,"sheriff","GlobalLearn","65","A sheriff","Emeralds",27,"Non-binary",1,"27",89,"1",1
37,"sheriff","GlobalLearn","65","A sheriff","Emeralds",27,"Non-binary",1,"28",65,"1",1
37,"sheriff","GlobalLearn","65","A sheriff","Emeralds",27,"Non-binary",1,"29",67,"1",1
37,"sheriff","GlobalLearn","65","A sheriff","Emeralds",27,"Non-binary",1,"30",70,"1",1
37,"sheriff","GlobalLearn","65","A sheriff","Emeralds",27,"Non-binary",1,"31",100,"1",0
37,"sheriff","GlobalLearn","65","A sheriff","Emeralds",27,"Non-binary",1,"32",65,"1",0
37,"sheriff","GlobalLearn","65","A sheriff","Emeralds",27,"Non-binary",1,"33",67,"1",1
37,"sheriff","GlobalLearn","65","A sheriff","Emeralds",27,"Non-binary",1,"34",72,"1",1
37,"sheriff","GlobalLearn","65","A sheriff","Emeralds",27,"Non-binary",1,"35",100,"1",0
37,"sheriff","GlobalLearn","65","A sheriff","Emeralds",27,"Non-binary",1,"36",68,"1",1
37,"sheriff","GlobalLearn","65","A sheriff","Emeralds",27,"Non-binary",1,"37",70,"1",1
37,"sheriff","GlobalLearn","65","A sheriff","Emeralds",27,"Non-binary",1,"38",64,"1",1
37,"sheriff","GlobalLearn","65","A sheriff","Emeralds",27,"Non-binary",1,"39",60,"1",1
37,"sheriff","GlobalLearn","65","A sheriff","Emeralds",27,"Non-binary",1,"40",100,"1",0
37,"sheriff","GlobalLearn","65","A sheriff","Emeralds",27,"Non-binary",1,"41",68,"1",0
37,"sheriff","GlobalLearn","65","A sheriff","Emeralds",27,"Non-binary",1,"42",96,"1",1
37,"sheriff","GlobalLearn","65","A sheriff","Emeralds",27,"Non-binary",1,"43",63,"1",0
37,"sheriff","GlobalLearn","65","A sheriff","Emeralds",27,"Non-binary",1,"44",70,"1",1
37,"sheriff","GlobalLearn","65","A sheriff","Emeralds",27,"Non-binary",1,"45",66,"1",1
37,"sheriff","GlobalLearn","65","A sheriff","Emeralds",27,"Non-binary",1,"46",66,"1",1
37,"sheriff","GlobalLearn","65","A sheriff","Emeralds",27,"Non-binary",1,"47",68,"1",1
37,"sheriff","GlobalLearn","65","A sheriff","Emeralds",27,"Non-binary",1,"48",99,"1",0
37,"sheriff","GlobalLearn","65","A sheriff","Emeralds",27,"Non-binary",1,"49",69,"1",1
37,"sheriff","GlobalLearn","65","A sheriff","Emeralds",27,"Non-binary",1,"50",74,"1",1
38,"sheriff","GlobalLearn","48","A sheriff","Emeralds",27,"Man",1,"1",34,"0",1
38,"sheriff","GlobalLearn","48","A sheriff","Emeralds",27,"Man",1,"2",36,"0",1
38,"sheriff","GlobalLearn","48","A sheriff","Emeralds",27,"Man",1,"3",58,"0",1
38,"sheriff","GlobalLearn","48","A sheriff","Emeralds",27,"Man",1,"4",80,"0",1
38,"sheriff","GlobalLearn","48","A sheriff","Emeralds",27,"Man",1,"5",88,"0",0
38,"sheriff","GlobalLearn","48","A sheriff","Emeralds",27,"Man",1,"6",90,"0",0
38,"sheriff","GlobalLearn","48","A sheriff","Emeralds",27,"Man",1,"7",32,"1",0
38,"sheriff","GlobalLearn","48","A sheriff","Emeralds",27,"Man",1,"8",73,"0",0
38,"sheriff","GlobalLearn","48","A sheriff","Emeralds",27,"Man",1,"9",66,"0",1
38,"sheriff","GlobalLearn","48","A sheriff","Emeralds",27,"Man",1,"10",84,"0",0
38,"sheriff","GlobalLearn","48","A sheriff","Emeralds",27,"Man",1,"11",18,"1",0
38,"sheriff","GlobalLearn","48","A sheriff","Emeralds",27,"Man",1,"12",77,"0",1
38,"sheriff","GlobalLearn","48","A sheriff","Emeralds",27,"Man",1,"13",82,"0",0
38,"sheriff","GlobalLearn","48","A sheriff","Emeralds",27,"Man",1,"14",80,"0",0
38,"sheriff","GlobalLearn","48","A sheriff","Emeralds",27,"Man",1,"15",94,"1",1
38,"sheriff","GlobalLearn","48","A sheriff","Emeralds",27,"Man",1,"16",92,"1",0
38,"sheriff","GlobalLearn","48","A sheriff","Emeralds",27,"Man",1,"17",28,"0",1
38,"sheriff","GlobalLearn","48","A sheriff","Emeralds",27,"Man",1,"18",86,"0",0
38,"sheriff","GlobalLearn","48","A sheriff","Emeralds",27,"Man",1,"19",23,"1",0
38,"sheriff","GlobalLearn","48","A sheriff","Emeralds",27,"Man",1,"20",71,"0",0
38,"sheriff","GlobalLearn","48","A sheriff","Emeralds",27,"Man",1,"21",14,"1",0
38,"sheriff","GlobalLearn","48","A sheriff","Emeralds",27,"Man",1,"22",19,"1",0
38,"sheriff","GlobalLearn","48","A sheriff","Emeralds",27,"Man",1,"23",96,"0",1
38,"sheriff","GlobalLearn","48","A sheriff","Emeralds",27,"Man",1,"24",32,"0",1
38,"sheriff","GlobalLearn","48","A sheriff","Emeralds",27,"Man",1,"25",87,"0",0
38,"sheriff","GlobalLearn","48","A sheriff","Emeralds",27,"Man",1,"26",97,"1",1
38,"sheriff","GlobalLearn","48","A sheriff","Emeralds",27,"Man",1,"27",94,"0",1
38,"sheriff","GlobalLearn","48","A sheriff","Emeralds",27,"Man",1,"28",95,"0",1
38,"sheriff","GlobalLearn","48","A sheriff","Emeralds",27,"Man",1,"29",95,"0",1
38,"sheriff","GlobalLearn","48","A sheriff","Emeralds",27,"Man",1,"30",94,"0",1
38,"sheriff","GlobalLearn","48","A sheriff","Emeralds",27,"Man",1,"31",92,"0",1
38,"sheriff","GlobalLearn","48","A sheriff","Emeralds",27,"Man",1,"32",94,"0",1
38,"sheriff","GlobalLearn","48","A sheriff","Emeralds",27,"Man",1,"33",93,"0",0
38,"sheriff","GlobalLearn","48","A sheriff","Emeralds",27,"Man",1,"34",18,"1",0
38,"sheriff","GlobalLearn","48","A sheriff","Emeralds",27,"Man",1,"35",65,"0",1
38,"sheriff","GlobalLearn","48","A sheriff","Emeralds",27,"Man",1,"36",68,"0",1
38,"sheriff","GlobalLearn","48","A sheriff","Emeralds",27,"Man",1,"37",79,"0",0
38,"sheriff","GlobalLearn","48","A sheriff","Emeralds",27,"Man",1,"38",62,"0",0
38,"sheriff","GlobalLearn","48","A sheriff","Emeralds",27,"Man",1,"39",86,"0",1
38,"sheriff","GlobalLearn","48","A sheriff","Emeralds",27,"Man",1,"40",86,"0",1
38,"sheriff","GlobalLearn","48","A sheriff","Emeralds",27,"Man",1,"41",38,"0",0
38,"sheriff","GlobalLearn","48","A sheriff","Emeralds",27,"Man",1,"42",77,"0",1
38,"sheriff","GlobalLearn","48","A sheriff","Emeralds",27,"Man",1,"43",29,"0",0
38,"sheriff","GlobalLearn","48","A sheriff","Emeralds",27,"Man",1,"44",79,"0",1
38,"sheriff","GlobalLearn","48","A sheriff","Emeralds",27,"Man",1,"45",56,"0",0
38,"sheriff","GlobalLearn","48","A sheriff","Emeralds",27,"Man",1,"46",73,"0",1
38,"sheriff","GlobalLearn","48","A sheriff","Emeralds",27,"Man",1,"47",77,"0",1
38,"sheriff","GlobalLearn","48","A sheriff","Emeralds",27,"Man",1,"48",74,"0",1
38,"sheriff","GlobalLearn","48","A sheriff","Emeralds",27,"Man",1,"49",59,"0",1
38,"sheriff","GlobalLearn","48","A sheriff","Emeralds",27,"Man",1,"50",64,"0",1
39,"sheriff","GlobalLearn","2","A sheriff","Emeralds",28,"Woman",1,"1",83,"0",0
39,"sheriff","GlobalLearn","2","A sheriff","Emeralds",28,"Woman",1,"2",80,"1",0
39,"sheriff","GlobalLearn","2","A sheriff","Emeralds",28,"Woman",1,"3",45,"0",0
39,"sheriff","GlobalLearn","2","A sheriff","Emeralds",28,"Woman",1,"4",100,"1",1
39,"sheriff","GlobalLearn","2","A sheriff","Emeralds",28,"Woman",1,"5",100,"1",1
39,"sheriff","GlobalLearn","2","A sheriff","Emeralds",28,"Woman",1,"6",65,"1",0
39,"sheriff","GlobalLearn","2","A sheriff","Emeralds",28,"Woman",1,"7",31,"0",0
39,"sheriff","GlobalLearn","2","A sheriff","Emeralds",28,"Woman",1,"8",65,"1",1
39,"sheriff","GlobalLearn","2","A sheriff","Emeralds",28,"Woman",1,"9",59,"1",0
39,"sheriff","GlobalLearn","2","A sheriff","Emeralds",28,"Woman",1,"10",100,"1",1
39,"sheriff","GlobalLearn","2","A sheriff","Emeralds",28,"Woman",1,"11",100,"1",1
39,"sheriff","GlobalLearn","2","A sheriff","Emeralds",28,"Woman",1,"12",100,"1",1
39,"sheriff","GlobalLearn","2","A sheriff","Emeralds",28,"Woman",1,"13",33,"1",1
39,"sheriff","GlobalLearn","2","A sheriff","Emeralds",28,"Woman",1,"14",15,"1",1
39,"sheriff","GlobalLearn","2","A sheriff","Emeralds",28,"Woman",1,"15",3,"1",1
39,"sheriff","GlobalLearn","2","A sheriff","Emeralds",28,"Woman",1,"16",1,"1",1
39,"sheriff","GlobalLearn","2","A sheriff","Emeralds",28,"Woman",1,"17",0,"1",1
39,"sheriff","GlobalLearn","2","A sheriff","Emeralds",28,"Woman",1,"18",0,"1",1
39,"sheriff","GlobalLearn","2","A sheriff","Emeralds",28,"Woman",1,"19",85,"1",0
39,"sheriff","GlobalLearn","2","A sheriff","Emeralds",28,"Woman",1,"20",7,"1",1
39,"sheriff","GlobalLearn","2","A sheriff","Emeralds",28,"Woman",1,"21",76,"1",0
39,"sheriff","GlobalLearn","2","A sheriff","Emeralds",28,"Woman",1,"22",62,"1",1
39,"sheriff","GlobalLearn","2","A sheriff","Emeralds",28,"Woman",1,"23",13,"1",1
39,"sheriff","GlobalLearn","2","A sheriff","Emeralds",28,"Woman",1,"24",97,"1",0
39,"sheriff","GlobalLearn","2","A sheriff","Emeralds",28,"Woman",1,"25",67,"1",0
39,"sheriff","GlobalLearn","2","A sheriff","Emeralds",28,"Woman",1,"26",0,"1",1
39,"sheriff","GlobalLearn","2","A sheriff","Emeralds",28,"Woman",1,"27",19,"1",0
39,"sheriff","GlobalLearn","2","A sheriff","Emeralds",28,"Woman",1,"28",0,"1",1
39,"sheriff","GlobalLearn","2","A sheriff","Emeralds",28,"Woman",1,"29",7,"1",1
39,"sheriff","GlobalLearn","2","A sheriff","Emeralds",28,"Woman",1,"30",4,"1",1
39,"sheriff","GlobalLearn","2","A sheriff","Emeralds",28,"Woman",1,"31",0,"1",1
39,"sheriff","GlobalLearn","2","A sheriff","Emeralds",28,"Woman",1,"32",0,"1",1
39,"sheriff","GlobalLearn","2","A sheriff","Emeralds",28,"Woman",1,"33",0,"1",1
39,"sheriff","GlobalLearn","2","A sheriff","Emeralds",28,"Woman",1,"34",86,"1",0
39,"sheriff","GlobalLearn","2","A sheriff","Emeralds",28,"Woman",1,"35",0,"1",1
39,"sheriff","GlobalLearn","2","A sheriff","Emeralds",28,"Woman",1,"36",86,"1",0
39,"sheriff","GlobalLearn","2","A sheriff","Emeralds",28,"Woman",1,"37",80,"1",0
39,"sheriff","GlobalLearn","2","A sheriff","Emeralds",28,"Woman",1,"38",0,"1",1
39,"sheriff","GlobalLearn","2","A sheriff","Emeralds",28,"Woman",1,"39",0,"1",1
39,"sheriff","GlobalLearn","2","A sheriff","Emeralds",28,"Woman",1,"40",2,"1",1
39,"sheriff","GlobalLearn","2","A sheriff","Emeralds",28,"Woman",1,"41",0,"1",1
39,"sheriff","GlobalLearn","2","A sheriff","Emeralds",28,"Woman",1,"42",0,"1",1
39,"sheriff","GlobalLearn","2","A sheriff","Emeralds",28,"Woman",1,"43",0,"1",1
39,"sheriff","GlobalLearn","2","A sheriff","Emeralds",28,"Woman",1,"44",0,"1",1
39,"sheriff","GlobalLearn","2","A sheriff","Emeralds",28,"Woman",1,"45",81,"1",0
39,"sheriff","GlobalLearn","2","A sheriff","Emeralds",28,"Woman",1,"46",100,"0",1
39,"sheriff","GlobalLearn","2","A sheriff","Emeralds",28,"Woman",1,"47",34,"1",1
39,"sheriff","GlobalLearn","2","A sheriff","Emeralds",28,"Woman",1,"48",80,"1",0
39,"sheriff","GlobalLearn","2","A sheriff","Emeralds",28,"Woman",1,"49",90,"1",0
39,"sheriff","GlobalLearn","2","A sheriff","Emeralds",28,"Woman",1,"50",100,"0",1
40,"sheriff","GlobalLearn","67","A sheriff","Emeralds",30,"Woman",1,"1",75,"1",0
40,"sheriff","GlobalLearn","67","A sheriff","Emeralds",30,"Woman",1,"2",28,"1",0
40,"sheriff","GlobalLearn","67","A sheriff","Emeralds",30,"Woman",1,"3",81,"1",1
40,"sheriff","GlobalLearn","67","A sheriff","Emeralds",30,"Woman",1,"4",87,"1",1
40,"sheriff","GlobalLearn","67","A sheriff","Emeralds",30,"Woman",1,"5",64,"1",0
40,"sheriff","GlobalLearn","67","A sheriff","Emeralds",30,"Woman",1,"6",84,"1",1
40,"sheriff","GlobalLearn","67","A sheriff","Emeralds",30,"Woman",1,"7",63,"1",0
40,"sheriff","GlobalLearn","67","A sheriff","Emeralds",30,"Woman",1,"8",70,"0",1
40,"sheriff","GlobalLearn","67","A sheriff","Emeralds",30,"Woman",1,"9",78,"0",1
40,"sheriff","GlobalLearn","67","A sheriff","Emeralds",30,"Woman",1,"10",87,"0",1
40,"sheriff","GlobalLearn","67","A sheriff","Emeralds",30,"Woman",1,"11",80,"0",1
40,"sheriff","GlobalLearn","67","A sheriff","Emeralds",30,"Woman",1,"12",89,"0",1
40,"sheriff","GlobalLearn","67","A sheriff","Emeralds",30,"Woman",1,"13",82,"0",1
40,"sheriff","GlobalLearn","67","A sheriff","Emeralds",30,"Woman",1,"14",66,"0",0
40,"sheriff","GlobalLearn","67","A sheriff","Emeralds",30,"Woman",1,"15",86,"0",1
40,"sheriff","GlobalLearn","67","A sheriff","Emeralds",30,"Woman",1,"16",63,"0",0
40,"sheriff","GlobalLearn","67","A sheriff","Emeralds",30,"Woman",1,"17",61,"0",0
40,"sheriff","GlobalLearn","67","A sheriff","Emeralds",30,"Woman",1,"18",92,"0",1
40,"sheriff","GlobalLearn","67","A sheriff","Emeralds",30,"Woman",1,"19",85,"0",1
40,"sheriff","GlobalLearn","67","A sheriff","Emeralds",30,"Woman",1,"20",93,"0",1
40,"sheriff","GlobalLearn","67","A sheriff","Emeralds",30,"Woman",1,"21",65,"0",0
40,"sheriff","GlobalLearn","67","A sheriff","Emeralds",30,"Woman",1,"22",65,"0",0
40,"sheriff","GlobalLearn","67","A sheriff","Emeralds",30,"Woman",1,"23",90,"0",1
40,"sheriff","GlobalLearn","67","A sheriff","Emeralds",30,"Woman",1,"24",90,"0",1
40,"sheriff","GlobalLearn","67","A sheriff","Emeralds",30,"Woman",1,"25",61,"0",0
40,"sheriff","GlobalLearn","67","A sheriff","Emeralds",30,"Woman",1,"26",67,"1",0
40,"sheriff","GlobalLearn","67","A sheriff","Emeralds",30,"Woman",1,"27",70,"0",0
40,"sheriff","GlobalLearn","67","A sheriff","Emeralds",30,"Woman",1,"28",92,"0",1
40,"sheriff","GlobalLearn","67","A sheriff","Emeralds",30,"Woman",1,"29",64,"0",0
40,"sheriff","GlobalLearn","67","A sheriff","Emeralds",30,"Woman",1,"30",63,"0",0
40,"sheriff","GlobalLearn","67","A sheriff","Emeralds",30,"Woman",1,"31",93,"0",1
40,"sheriff","GlobalLearn","67","A sheriff","Emeralds",30,"Woman",1,"32",95,"0",1
40,"sheriff","GlobalLearn","67","A sheriff","Emeralds",30,"Woman",1,"33",93,"0",1
40,"sheriff","GlobalLearn","67","A sheriff","Emeralds",30,"Woman",1,"34",91,"0",1
40,"sheriff","GlobalLearn","67","A sheriff","Emeralds",30,"Woman",1,"35",92,"0",0
40,"sheriff","GlobalLearn","67","A sheriff","Emeralds",30,"Woman",1,"36",91,"0",1
40,"sheriff","GlobalLearn","67","A sheriff","Emeralds",30,"Woman",1,"37",94,"0",1
40,"sheriff","GlobalLearn","67","A sheriff","Emeralds",30,"Woman",1,"38",74,"0",0
40,"sheriff","GlobalLearn","67","A sheriff","Emeralds",30,"Woman",1,"39",70,"0",0
40,"sheriff","GlobalLearn","67","A sheriff","Emeralds",30,"Woman",1,"40",98,"0",1
40,"sheriff","GlobalLearn","67","A sheriff","Emeralds",30,"Woman",1,"41",95,"0",1
40,"sheriff","GlobalLearn","67","A sheriff","Emeralds",30,"Woman",1,"42",94,"0",1
40,"sheriff","GlobalLearn","67","A sheriff","Emeralds",30,"Woman",1,"43",95,"0",1
40,"sheriff","GlobalLearn","67","A sheriff","Emeralds",30,"Woman",1,"44",94,"0",1
40,"sheriff","GlobalLearn","67","A sheriff","Emeralds",30,"Woman",1,"45",92,"0",1
40,"sheriff","GlobalLearn","67","A sheriff","Emeralds",30,"Woman",1,"46",72,"0",0
40,"sheriff","GlobalLearn","67","A sheriff","Emeralds",30,"Woman",1,"47",96,"0",1
40,"sheriff","GlobalLearn","67","A sheriff","Emeralds",30,"Woman",1,"48",94,"0",1
40,"sheriff","GlobalLearn","67","A sheriff","Emeralds",30,"Woman",1,"49",64,"0",0
40,"sheriff","GlobalLearn","67","A sheriff","Emeralds",30,"Woman",1,"50",70,"0",0
41,"sheriff","GlobalLearn","55","A sheriff","Emeralds",56,"Woman",1,"1",93,"0",1
41,"sheriff","GlobalLearn","55","A sheriff","Emeralds",56,"Woman",1,"2",5,"0",1
41,"sheriff","GlobalLearn","55","A sheriff","Emeralds",56,"Woman",1,"3",0,"0",1
41,"sheriff","GlobalLearn","55","A sheriff","Emeralds",56,"Woman",1,"4",0,"0",1
41,"sheriff","GlobalLearn","55","A sheriff","Emeralds",56,"Woman",1,"5",0,"0",1
41,"sheriff","GlobalLearn","55","A sheriff","Emeralds",56,"Woman",1,"6",0,"0",1
41,"sheriff","GlobalLearn","55","A sheriff","Emeralds",56,"Woman",1,"7",0,"0",0
41,"sheriff","GlobalLearn","55","A sheriff","Emeralds",56,"Woman",1,"8",0,"0",1
41,"sheriff","GlobalLearn","55","A sheriff","Emeralds",56,"Woman",1,"9",0,"0",1
41,"sheriff","GlobalLearn","55","A sheriff","Emeralds",56,"Woman",1,"10",0,"0",1
41,"sheriff","GlobalLearn","55","A sheriff","Emeralds",56,"Woman",1,"11",0,"0",0
41,"sheriff","GlobalLearn","55","A sheriff","Emeralds",56,"Woman",1,"12",0,"0",0
41,"sheriff","GlobalLearn","55","A sheriff","Emeralds",56,"Woman",1,"13",0,"0",1
41,"sheriff","GlobalLearn","55","A sheriff","Emeralds",56,"Woman",1,"14",0,"0",0
41,"sheriff","GlobalLearn","55","A sheriff","Emeralds",56,"Woman",1,"15",100,"0",0
41,"sheriff","GlobalLearn","55","A sheriff","Emeralds",56,"Woman",1,"16",0,"0",1
41,"sheriff","GlobalLearn","55","A sheriff","Emeralds",56,"Woman",1,"17",100,"0",0
41,"sheriff","GlobalLearn","55","A sheriff","Emeralds",56,"Woman",1,"18",100,"1",1
41,"sheriff","GlobalLearn","55","A sheriff","Emeralds",56,"Woman",1,"19",0,"1",0
41,"sheriff","GlobalLearn","55","A sheriff","Emeralds",56,"Woman",1,"20",0,"0",0
41,"sheriff","GlobalLearn","55","A sheriff","Emeralds",56,"Woman",1,"21",0,"0",1
41,"sheriff","GlobalLearn","55","A sheriff","Emeralds",56,"Woman",1,"22",0,"0",1
41,"sheriff","GlobalLearn","55","A sheriff","Emeralds",56,"Woman",1,"23",0,"0",1
41,"sheriff","GlobalLearn","55","A sheriff","Emeralds",56,"Woman",1,"24",0,"0",1
41,"sheriff","GlobalLearn","55","A sheriff","Emeralds",56,"Woman",1,"25",100,"0",0
41,"sheriff","GlobalLearn","55","A sheriff","Emeralds",56,"Woman",1,"26",100,"0",0
41,"sheriff","GlobalLearn","55","A sheriff","Emeralds",56,"Woman",1,"27",100,"0",1
41,"sheriff","GlobalLearn","55","A sheriff","Emeralds",56,"Woman",1,"28",0,"0",1
41,"sheriff","GlobalLearn","55","A sheriff","Emeralds",56,"Woman",1,"29",0,"0",1
41,"sheriff","GlobalLearn","55","A sheriff","Emeralds",56,"Woman",1,"30",0,"0",1
41,"sheriff","GlobalLearn","55","A sheriff","Emeralds",56,"Woman",1,"31",100,"0",0
41,"sheriff","GlobalLearn","55","A sheriff","Emeralds",56,"Woman",1,"32",100,"1",1
41,"sheriff","GlobalLearn","55","A sheriff","Emeralds",56,"Woman",1,"33",100,"1",0
41,"sheriff","GlobalLearn","55","A sheriff","Emeralds",56,"Woman",1,"34",0,"1",0
41,"sheriff","GlobalLearn","55","A sheriff","Emeralds",56,"Woman",1,"35",0,"0",1
41,"sheriff","GlobalLearn","55","A sheriff","Emeralds",56,"Woman",1,"36",21,"0",0
41,"sheriff","GlobalLearn","55","A sheriff","Emeralds",56,"Woman",1,"37",100,"0",0
41,"sheriff","GlobalLearn","55","A sheriff","Emeralds",56,"Woman",1,"38",0,"0",1
41,"sheriff","GlobalLearn","55","A sheriff","Emeralds",56,"Woman",1,"39",0,"0",1
41,"sheriff","GlobalLearn","55","A sheriff","Emeralds",56,"Woman",1,"40",0,"0",1
41,"sheriff","GlobalLearn","55","A sheriff","Emeralds",56,"Woman",1,"41",100,"0",0
41,"sheriff","GlobalLearn","55","A sheriff","Emeralds",56,"Woman",1,"42",0,"0",1
41,"sheriff","GlobalLearn","55","A sheriff","Emeralds",56,"Woman",1,"43",0,"0",1
41,"sheriff","GlobalLearn","55","A sheriff","Emeralds",56,"Woman",1,"44",0,"0",1
41,"sheriff","GlobalLearn","55","A sheriff","Emeralds",56,"Woman",1,"45",0,"0",1
41,"sheriff","GlobalLearn","55","A sheriff","Emeralds",56,"Woman",1,"46",0,"0",1
41,"sheriff","GlobalLearn","55","A sheriff","Emeralds",56,"Woman",1,"47",100,"0",0
41,"sheriff","GlobalLearn","55","A sheriff","Emeralds",56,"Woman",1,"48",0,"0",1
41,"sheriff","GlobalLearn","55","A sheriff","Emeralds",56,"Woman",1,"49",0,"0",0
41,"sheriff","GlobalLearn","55","A sheriff","Emeralds",56,"Woman",1,"50",0,"1",0
42,"sheriff","GlobalLearn","56","A sheriff","Emeralds",34,"Man",1,"1",50,"0",0
42,"sheriff","GlobalLearn","56","A sheriff","Emeralds",34,"Man",1,"2",49,"1",0
42,"sheriff","GlobalLearn","56","A sheriff","Emeralds",34,"Man",1,"3",100,"0",0
42,"sheriff","GlobalLearn","56","A sheriff","Emeralds",34,"Man",1,"4",100,"0",1
42,"sheriff","GlobalLearn","56","A sheriff","Emeralds",34,"Man",1,"5",87,"0",1
42,"sheriff","GlobalLearn","56","A sheriff","Emeralds",34,"Man",1,"6",88,"0",0
42,"sheriff","GlobalLearn","56","A sheriff","Emeralds",34,"Man",1,"7",90,"0",1
42,"sheriff","GlobalLearn","56","A sheriff","Emeralds",34,"Man",1,"8",87,"0",0
42,"sheriff","GlobalLearn","56","A sheriff","Emeralds",34,"Man",1,"9",94,"1",1
42,"sheriff","GlobalLearn","56","A sheriff","Emeralds",34,"Man",1,"10",88,"1",0
42,"sheriff","GlobalLearn","56","A sheriff","Emeralds",34,"Man",1,"11",87,"1",0
42,"sheriff","GlobalLearn","56","A sheriff","Emeralds",34,"Man",1,"12",76,"0",1
42,"sheriff","GlobalLearn","56","A sheriff","Emeralds",34,"Man",1,"13",65,"0",1
42,"sheriff","GlobalLearn","56","A sheriff","Emeralds",34,"Man",1,"14",49,"0",1
42,"sheriff","GlobalLearn","56","A sheriff","Emeralds",34,"Man",1,"15",29,"0",1
42,"sheriff","GlobalLearn","56","A sheriff","Emeralds",34,"Man",1,"16",4,"0",1
42,"sheriff","GlobalLearn","56","A sheriff","Emeralds",34,"Man",1,"17",0,"0",0
42,"sheriff","GlobalLearn","56","A sheriff","Emeralds",34,"Man",1,"18",0,"0",1
42,"sheriff","GlobalLearn","56","A sheriff","Emeralds",34,"Man",1,"19",0,"0",1
42,"sheriff","GlobalLearn","56","A sheriff","Emeralds",34,"Man",1,"20",0,"0",1
42,"sheriff","GlobalLearn","56","A sheriff","Emeralds",34,"Man",1,"21",0,"0",1
42,"sheriff","GlobalLearn","56","A sheriff","Emeralds",34,"Man",1,"22",0,"0",0
42,"sheriff","GlobalLearn","56","A sheriff","Emeralds",34,"Man",1,"23",0,"0",0
42,"sheriff","GlobalLearn","56","A sheriff","Emeralds",34,"Man",1,"24",53,"1",0
42,"sheriff","GlobalLearn","56","A sheriff","Emeralds",34,"Man",1,"25",58,"1",0
42,"sheriff","GlobalLearn","56","A sheriff","Emeralds",34,"Man",1,"26",0,"0",1
42,"sheriff","GlobalLearn","56","A sheriff","Emeralds",34,"Man",1,"27",0,"0",1
42,"sheriff","GlobalLearn","56","A sheriff","Emeralds",34,"Man",1,"28",0,"0",1
42,"sheriff","GlobalLearn","56","A sheriff","Emeralds",34,"Man",1,"29",0,"0",1
42,"sheriff","GlobalLearn","56","A sheriff","Emeralds",34,"Man",1,"30",0,"0",0
42,"sheriff","GlobalLearn","56","A sheriff","Emeralds",34,"Man",1,"31",0,"0",0
42,"sheriff","GlobalLearn","56","A sheriff","Emeralds",34,"Man",1,"32",0,"0",0
42,"sheriff","GlobalLearn","56","A sheriff","Emeralds",34,"Man",1,"33",0,"0",1
42,"sheriff","GlobalLearn","56","A sheriff","Emeralds",34,"Man",1,"34",0,"0",1
42,"sheriff","GlobalLearn","56","A sheriff","Emeralds",34,"Man",1,"35",0,"0",1
42,"sheriff","GlobalLearn","56","A sheriff","Emeralds",34,"Man",1,"36",0,"0",1
42,"sheriff","GlobalLearn","56","A sheriff","Emeralds",34,"Man",1,"37",0,"0",1
42,"sheriff","GlobalLearn","56","A sheriff","Emeralds",34,"Man",1,"38",0,"0",1
42,"sheriff","GlobalLearn","56","A sheriff","Emeralds",34,"Man",1,"39",0,"0",1
42,"sheriff","GlobalLearn","56","A sheriff","Emeralds",34,"Man",1,"40",0,"0",0
42,"sheriff","GlobalLearn","56","A sheriff","Emeralds",34,"Man",1,"41",0,"0",0
42,"sheriff","GlobalLearn","56","A sheriff","Emeralds",34,"Man",1,"42",0,"0",0
42,"sheriff","GlobalLearn","56","A sheriff","Emeralds",34,"Man",1,"43",0,"0",1
42,"sheriff","GlobalLearn","56","A sheriff","Emeralds",34,"Man",1,"44",0,"0",1
42,"sheriff","GlobalLearn","56","A sheriff","Emeralds",34,"Man",1,"45",0,"0",1
42,"sheriff","GlobalLearn","56","A sheriff","Emeralds",34,"Man",1,"46",0,"0",1
42,"sheriff","GlobalLearn","56","A sheriff","Emeralds",34,"Man",1,"47",0,"0",0
42,"sheriff","GlobalLearn","56","A sheriff","Emeralds",34,"Man",1,"48",0,"0",0
42,"sheriff","GlobalLearn","56","A sheriff","Emeralds",34,"Man",1,"49",0,"0",1
42,"sheriff","GlobalLearn","56","A sheriff","Emeralds",34,"Man",1,"50",0,"0",1
43,"sheriff","GlobalLearn","26","A sheriff","Emeralds",51,"Woman",1,"1",100,"0",1
43,"sheriff","GlobalLearn","26","A sheriff","Emeralds",51,"Woman",1,"2",100,"0",1
43,"sheriff","GlobalLearn","26","A sheriff","Emeralds",51,"Woman",1,"3",0,"0",0
43,"sheriff","GlobalLearn","26","A sheriff","Emeralds",51,"Woman",1,"4",50,"0",1
43,"sheriff","GlobalLearn","26","A sheriff","Emeralds",51,"Woman",1,"5",100,"0",0
43,"sheriff","GlobalLearn","26","A sheriff","Emeralds",51,"Woman",1,"6",26,"0",1
43,"sheriff","GlobalLearn","26","A sheriff","Emeralds",51,"Woman",1,"7",15,"0",1
43,"sheriff","GlobalLearn","26","A sheriff","Emeralds",51,"Woman",1,"8",15,"0",1
43,"sheriff","GlobalLearn","26","A sheriff","Emeralds",51,"Woman",1,"9",20,"0",1
43,"sheriff","GlobalLearn","26","A sheriff","Emeralds",51,"Woman",1,"10",13,"0",1
43,"sheriff","GlobalLearn","26","A sheriff","Emeralds",51,"Woman",1,"11",88,"0",0
43,"sheriff","GlobalLearn","26","A sheriff","Emeralds",51,"Woman",1,"12",10,"0",1
43,"sheriff","GlobalLearn","26","A sheriff","Emeralds",51,"Woman",1,"13",100,"0",0
43,"sheriff","GlobalLearn","26","A sheriff","Emeralds",51,"Woman",1,"14",12,"0",1
43,"sheriff","GlobalLearn","26","A sheriff","Emeralds",51,"Woman",1,"15",12,"0",1
43,"sheriff","GlobalLearn","26","A sheriff","Emeralds",51,"Woman",1,"16",100,"0",0
43,"sheriff","GlobalLearn","26","A sheriff","Emeralds",51,"Woman",1,"17",14,"1",1
43,"sheriff","GlobalLearn","26","A sheriff","Emeralds",51,"Woman",1,"18",10,"1",1
43,"sheriff","GlobalLearn","26","A sheriff","Emeralds",51,"Woman",1,"19",100,"1",0
43,"sheriff","GlobalLearn","26","A sheriff","Emeralds",51,"Woman",1,"20",98,"1",0
43,"sheriff","GlobalLearn","26","A sheriff","Emeralds",51,"Woman",1,"21",99,"1",0
43,"sheriff","GlobalLearn","26","A sheriff","Emeralds",51,"Woman",1,"22",14,"0",1
43,"sheriff","GlobalLearn","26","A sheriff","Emeralds",51,"Woman",1,"23",100,"0",0
43,"sheriff","GlobalLearn","26","A sheriff","Emeralds",51,"Woman",1,"24",100,"0",0
43,"sheriff","GlobalLearn","26","A sheriff","Emeralds",51,"Woman",1,"25",15,"0",1
43,"sheriff","GlobalLearn","26","A sheriff","Emeralds",51,"Woman",1,"26",9,"0",1
43,"sheriff","GlobalLearn","26","A sheriff","Emeralds",51,"Woman",1,"27",100,"0",0
43,"sheriff","GlobalLearn","26","A sheriff","Emeralds",51,"Woman",1,"28",14,"0",1
43,"sheriff","GlobalLearn","26","A sheriff","Emeralds",51,"Woman",1,"29",12,"0",1
43,"sheriff","GlobalLearn","26","A sheriff","Emeralds",51,"Woman",1,"30",100,"0",0
43,"sheriff","GlobalLearn","26","A sheriff","Emeralds",51,"Woman",1,"31",13,"0",1
43,"sheriff","GlobalLearn","26","A sheriff","Emeralds",51,"Woman",1,"32",100,"0",0
43,"sheriff","GlobalLearn","26","A sheriff","Emeralds",51,"Woman",1,"33",13,"0",1
43,"sheriff","GlobalLearn","26","A sheriff","Emeralds",51,"Woman",1,"34",100,"0",0
43,"sheriff","GlobalLearn","26","A sheriff","Emeralds",51,"Woman",1,"35",100,"0",0
43,"sheriff","GlobalLearn","26","A sheriff","Emeralds",51,"Woman",1,"36",100,"1",0
43,"sheriff","GlobalLearn","26","A sheriff","Emeralds",51,"Woman",1,"37",13,"1",1
43,"sheriff","GlobalLearn","26","A sheriff","Emeralds",51,"Woman",1,"38",12,"1",1
43,"sheriff","GlobalLearn","26","A sheriff","Emeralds",51,"Woman",1,"39",100,"1",0
43,"sheriff","GlobalLearn","26","A sheriff","Emeralds",51,"Woman",1,"40",15,"1",1
43,"sheriff","GlobalLearn","26","A sheriff","Emeralds",51,"Woman",1,"41",100,"1",0
43,"sheriff","GlobalLearn","26","A sheriff","Emeralds",51,"Woman",1,"42",10,"1",1
43,"sheriff","GlobalLearn","26","A sheriff","Emeralds",51,"Woman",1,"43",100,"1",0
43,"sheriff","GlobalLearn","26","A sheriff","Emeralds",51,"Woman",1,"44",12,"0",1
43,"sheriff","GlobalLearn","26","A sheriff","Emeralds",51,"Woman",1,"45",100,"0",0
43,"sheriff","GlobalLearn","26","A sheriff","Emeralds",51,"Woman",1,"46",16,"0",1
43,"sheriff","GlobalLearn","26","A sheriff","Emeralds",51,"Woman",1,"47",15,"0",1
43,"sheriff","GlobalLearn","26","A sheriff","Emeralds",51,"Woman",1,"48",13,"0",1
43,"sheriff","GlobalLearn","26","A sheriff","Emeralds",51,"Woman",1,"49",15,"0",1
43,"sheriff","GlobalLearn","26","A sheriff","Emeralds",51,"Woman",1,"50",17,"0",1
44,"sheriff","GlobalLearn","63","A sheriff","Emeralds",74,"Man",1,"1",79,"1",1
44,"sheriff","GlobalLearn","63","A sheriff","Emeralds",74,"Man",1,"2",21,"1",1
44,"sheriff","GlobalLearn","63","A sheriff","Emeralds",74,"Man",1,"3",18,"1",0
44,"sheriff","GlobalLearn","63","A sheriff","Emeralds",74,"Man",1,"4",73,"0",1
44,"sheriff","GlobalLearn","63","A sheriff","Emeralds",74,"Man",1,"5",82,"0",0
44,"sheriff","GlobalLearn","63","A sheriff","Emeralds",74,"Man",1,"6",38,"1",0
44,"sheriff","GlobalLearn","63","A sheriff","Emeralds",74,"Man",1,"7",33,"0",0
44,"sheriff","GlobalLearn","63","A sheriff","Emeralds",74,"Man",1,"8",9,"0",0
44,"sheriff","GlobalLearn","63","A sheriff","Emeralds",74,"Man",1,"9",19,"1",1
44,"sheriff","GlobalLearn","63","A sheriff","Emeralds",74,"Man",1,"10",24,"1",0
44,"sheriff","GlobalLearn","63","A sheriff","Emeralds",74,"Man",1,"11",7,"1",1
44,"sheriff","GlobalLearn","63","A sheriff","Emeralds",74,"Man",1,"12",18,"0",0
44,"sheriff","GlobalLearn","63","A sheriff","Emeralds",74,"Man",1,"13",33,"1",0
44,"sheriff","GlobalLearn","63","A sheriff","Emeralds",74,"Man",1,"14",68,"1",0
44,"sheriff","GlobalLearn","63","A sheriff","Emeralds",74,"Man",1,"15",56,"0",1
44,"sheriff","GlobalLearn","63","A sheriff","Emeralds",74,"Man",1,"16",58,"0",1
44,"sheriff","GlobalLearn","63","A sheriff","Emeralds",74,"Man",1,"17",39,"0",1
44,"sheriff","GlobalLearn","63","A sheriff","Emeralds",74,"Man",1,"18",62,"1",0
44,"sheriff","GlobalLearn","63","A sheriff","Emeralds",74,"Man",1,"19",23,"0",1
44,"sheriff","GlobalLearn","63","A sheriff","Emeralds",74,"Man",1,"20",11,"0",1
44,"sheriff","GlobalLearn","63","A sheriff","Emeralds",74,"Man",1,"21",4,"0",1
44,"sheriff","GlobalLearn","63","A sheriff","Emeralds",74,"Man",1,"22",68,"1",1
44,"sheriff","GlobalLearn","63","A sheriff","Emeralds",74,"Man",1,"23",37,"1",0
44,"sheriff","GlobalLearn","63","A sheriff","Emeralds",74,"Man",1,"24",5,"0",1
44,"sheriff","GlobalLearn","63","A sheriff","Emeralds",74,"Man",1,"25",29,"1",0
44,"sheriff","GlobalLearn","63","A sheriff","Emeralds",74,"Man",1,"26",24,"0",0
44,"sheriff","GlobalLearn","63","A sheriff","Emeralds",74,"Man",1,"27",14,"1",0
44,"sheriff","GlobalLearn","63","A sheriff","Emeralds",74,"Man",1,"28",14,"0",1
44,"sheriff","GlobalLearn","63","A sheriff","Emeralds",74,"Man",1,"29",30,"0",0
44,"sheriff","GlobalLearn","63","A sheriff","Emeralds",74,"Man",1,"30",57,"1",1
44,"sheriff","GlobalLearn","63","A sheriff","Emeralds",74,"Man",1,"31",66,"1",1
44,"sheriff","GlobalLearn","63","A sheriff","Emeralds",74,"Man",1,"32",8,"0",1
44,"sheriff","GlobalLearn","63","A sheriff","Emeralds",74,"Man",1,"33",66,"1",1
44,"sheriff","GlobalLearn","63","A sheriff","Emeralds",74,"Man",1,"34",56,"1",0
44,"sheriff","GlobalLearn","63","A sheriff","Emeralds",74,"Man",1,"35",15,"0",1
44,"sheriff","GlobalLearn","63","A sheriff","Emeralds",74,"Man",1,"36",38,"1",0
44,"sheriff","GlobalLearn","63","A sheriff","Emeralds",74,"Man",1,"37",12,"0",1
44,"sheriff","GlobalLearn","63","A sheriff","Emeralds",74,"Man",1,"38",9,"0",1
44,"sheriff","GlobalLearn","63","A sheriff","Emeralds",74,"Man",1,"39",16,"0",0
44,"sheriff","GlobalLearn","63","A sheriff","Emeralds",74,"Man",1,"40",9,"0",1
44,"sheriff","GlobalLearn","63","A sheriff","Emeralds",74,"Man",1,"41",25,"0",0
44,"sheriff","GlobalLearn","63","A sheriff","Emeralds",74,"Man",1,"42",22,"1",0
44,"sheriff","GlobalLearn","63","A sheriff","Emeralds",74,"Man",1,"43",14,"0",1
44,"sheriff","GlobalLearn","63","A sheriff","Emeralds",74,"Man",1,"44",7,"0",1
44,"sheriff","GlobalLearn","63","A sheriff","Emeralds",74,"Man",1,"45",17,"1",0
44,"sheriff","GlobalLearn","63","A sheriff","Emeralds",74,"Man",1,"46",4,"0",1
44,"sheriff","GlobalLearn","63","A sheriff","Emeralds",74,"Man",1,"47",5,"0",1
44,"sheriff","GlobalLearn","63","A sheriff","Emeralds",74,"Man",1,"48",5,"0",1
44,"sheriff","GlobalLearn","63","A sheriff","Emeralds",74,"Man",1,"49",4,"0",1
44,"sheriff","GlobalLearn","63","A sheriff","Emeralds",74,"Man",1,"50",5,"0",1
45,"bandit","GlobalLearn","61","A bandit","Emeralds",55,"Woman",1,"1",99,"1",0
45,"bandit","GlobalLearn","61","A bandit","Emeralds",55,"Woman",1,"2",100,"1",0
45,"bandit","GlobalLearn","61","A bandit","Emeralds",55,"Woman",1,"3",87,"1",1
45,"bandit","GlobalLearn","61","A bandit","Emeralds",55,"Woman",1,"4",100,"1",0
45,"bandit","GlobalLearn","61","A bandit","Emeralds",55,"Woman",1,"5",89,"1",1
45,"bandit","GlobalLearn","61","A bandit","Emeralds",55,"Woman",1,"6",89,"1",1
45,"bandit","GlobalLearn","61","A bandit","Emeralds",55,"Woman",1,"7",91,"1",1
45,"bandit","GlobalLearn","61","A bandit","Emeralds",55,"Woman",1,"8",100,"1",0
45,"bandit","GlobalLearn","61","A bandit","Emeralds",55,"Woman",1,"9",100,"1",0
45,"bandit","GlobalLearn","61","A bandit","Emeralds",55,"Woman",1,"10",100,"1",0
45,"bandit","GlobalLearn","61","A bandit","Emeralds",55,"Woman",1,"11",100,"0",0
45,"bandit","GlobalLearn","61","A bandit","Emeralds",55,"Woman",1,"12",89,"0",1
45,"bandit","GlobalLearn","61","A bandit","Emeralds",55,"Woman",1,"13",90,"0",1
45,"bandit","GlobalLearn","61","A bandit","Emeralds",55,"Woman",1,"14",100,"0",0
45,"bandit","GlobalLearn","61","A bandit","Emeralds",55,"Woman",1,"15",100,"0",0
45,"bandit","GlobalLearn","61","A bandit","Emeralds",55,"Woman",1,"16",91,"0",1
45,"bandit","GlobalLearn","61","A bandit","Emeralds",55,"Woman",1,"17",90,"0",1
45,"bandit","GlobalLearn","61","A bandit","Emeralds",55,"Woman",1,"18",88,"0",1
45,"bandit","GlobalLearn","61","A bandit","Emeralds",55,"Woman",1,"19",100,"0",0
45,"bandit","GlobalLearn","61","A bandit","Emeralds",55,"Woman",1,"20",89,"0",1
45,"bandit","GlobalLearn","61","A bandit","Emeralds",55,"Woman",1,"21",89,"0",1
45,"bandit","GlobalLearn","61","A bandit","Emeralds",55,"Woman",1,"22",100,"0",0
45,"bandit","GlobalLearn","61","A bandit","Emeralds",55,"Woman",1,"23",100,"0",0
45,"bandit","GlobalLearn","61","A bandit","Emeralds",55,"Woman",1,"24",100,"0",0
45,"bandit","GlobalLearn","61","A bandit","Emeralds",55,"Woman",1,"25",100,"0",0
45,"bandit","GlobalLearn","61","A bandit","Emeralds",55,"Woman",1,"26",100,"0",0
45,"bandit","GlobalLearn","61","A bandit","Emeralds",55,"Woman",1,"27",91,"1",1
45,"bandit","GlobalLearn","61","A bandit","Emeralds",55,"Woman",1,"28",87,"1",1
45,"bandit","GlobalLearn","61","A bandit","Emeralds",55,"Woman",1,"29",86,"1",1
45,"bandit","GlobalLearn","61","A bandit","Emeralds",55,"Woman",1,"30",100,"1",0
45,"bandit","GlobalLearn","61","A bandit","Emeralds",55,"Woman",1,"31",100,"1",0
45,"bandit","GlobalLearn","61","A bandit","Emeralds",55,"Woman",1,"32",100,"1",0
45,"bandit","GlobalLearn","61","A bandit","Emeralds",55,"Woman",1,"33",100,"1",0
45,"bandit","GlobalLearn","61","A bandit","Emeralds",55,"Woman",1,"34",91,"0",1
45,"bandit","GlobalLearn","61","A bandit","Emeralds",55,"Woman",1,"35",90,"0",1
45,"bandit","GlobalLearn","61","A bandit","Emeralds",55,"Woman",1,"36",88,"0",1
45,"bandit","GlobalLearn","61","A bandit","Emeralds",55,"Woman",1,"37",100,"0",0
45,"bandit","GlobalLearn","61","A bandit","Emeralds",55,"Woman",1,"38",90,"0",1
45,"bandit","GlobalLearn","61","A bandit","Emeralds",55,"Woman",1,"39",86,"0",1
45,"bandit","GlobalLearn","61","A bandit","Emeralds",55,"Woman",1,"40",99,"0",0
45,"bandit","GlobalLearn","61","A bandit","Emeralds",55,"Woman",1,"41",86,"0",1
45,"bandit","GlobalLearn","61","A bandit","Emeralds",55,"Woman",1,"42",99,"0",0
45,"bandit","GlobalLearn","61","A bandit","Emeralds",55,"Woman",1,"43",99,"0",0
45,"bandit","GlobalLearn","61","A bandit","Emeralds",55,"Woman",1,"44",84,"0",1
45,"bandit","GlobalLearn","61","A bandit","Emeralds",55,"Woman",1,"45",100,"0",0
45,"bandit","GlobalLearn","61","A bandit","Emeralds",55,"Woman",1,"46",100,"0",0
45,"bandit","GlobalLearn","61","A bandit","Emeralds",55,"Woman",1,"47",84,"0",1
45,"bandit","GlobalLearn","61","A bandit","Emeralds",55,"Woman",1,"48",100,"0",0
45,"bandit","GlobalLearn","61","A bandit","Emeralds",55,"Woman",1,"49",99,"0",0
45,"bandit","GlobalLearn","61","A bandit","Emeralds",55,"Woman",1,"50",86,"0",1
46,"sheriff","GlobalLearn","25","A sheriff","Emeralds",46,"Man",1,"1",13,"0",1
46,"sheriff","GlobalLearn","25","A sheriff","Emeralds",46,"Man",1,"2",14,"0",1
46,"sheriff","GlobalLearn","25","A sheriff","Emeralds",46,"Man",1,"3",75,"0",0
46,"sheriff","GlobalLearn","25","A sheriff","Emeralds",46,"Man",1,"4",79,"0",1
46,"sheriff","GlobalLearn","25","A sheriff","Emeralds",46,"Man",1,"5",92,"0",1
46,"sheriff","GlobalLearn","25","A sheriff","Emeralds",46,"Man",1,"6",91,"0",1
46,"sheriff","GlobalLearn","25","A sheriff","Emeralds",46,"Man",1,"7",92,"0",0
46,"sheriff","GlobalLearn","25","A sheriff","Emeralds",46,"Man",1,"8",98,"0",1
46,"sheriff","GlobalLearn","25","A sheriff","Emeralds",46,"Man",1,"9",83,"0",1
46,"sheriff","GlobalLearn","25","A sheriff","Emeralds",46,"Man",1,"10",76,"0",1
46,"sheriff","GlobalLearn","25","A sheriff","Emeralds",46,"Man",1,"11",63,"0",1
46,"sheriff","GlobalLearn","25","A sheriff","Emeralds",46,"Man",1,"12",64,"0",1
46,"sheriff","GlobalLearn","25","A sheriff","Emeralds",46,"Man",1,"13",50,"0",1
46,"sheriff","GlobalLearn","25","A sheriff","Emeralds",46,"Man",1,"14",50,"0",0
46,"sheriff","GlobalLearn","25","A sheriff","Emeralds",46,"Man",1,"15",50,"0",1
46,"sheriff","GlobalLearn","25","A sheriff","Emeralds",46,"Man",1,"16",38,"0",1
46,"sheriff","GlobalLearn","25","A sheriff","Emeralds",46,"Man",1,"17",35,"0",1
46,"sheriff","GlobalLearn","25","A sheriff","Emeralds",46,"Man",1,"18",37,"0",1
46,"sheriff","GlobalLearn","25","A sheriff","Emeralds",46,"Man",1,"19",25,"0",1
46,"sheriff","GlobalLearn","25","A sheriff","Emeralds",46,"Man",1,"20",27,"0",1
46,"sheriff","GlobalLearn","25","A sheriff","Emeralds",46,"Man",1,"21",21,"1",0
46,"sheriff","GlobalLearn","25","A sheriff","Emeralds",46,"Man",1,"22",0,"0",1
46,"sheriff","GlobalLearn","25","A sheriff","Emeralds",46,"Man",1,"23",7,"0",0
46,"sheriff","GlobalLearn","25","A sheriff","Emeralds",46,"Man",1,"24",3,"0",0
46,"sheriff","GlobalLearn","25","A sheriff","Emeralds",46,"Man",1,"25",6,"0",1
46,"sheriff","GlobalLearn","25","A sheriff","Emeralds",46,"Man",1,"26",3,"0",1
46,"sheriff","GlobalLearn","25","A sheriff","Emeralds",46,"Man",1,"27",7,"0",1
46,"sheriff","GlobalLearn","25","A sheriff","Emeralds",46,"Man",1,"28",4,"0",1
46,"sheriff","GlobalLearn","25","A sheriff","Emeralds",46,"Man",1,"29",1,"0",1
46,"sheriff","GlobalLearn","25","A sheriff","Emeralds",46,"Man",1,"30",0,"0",1
46,"sheriff","GlobalLearn","25","A sheriff","Emeralds",46,"Man",1,"31",0,"0",0
46,"sheriff","GlobalLearn","25","A sheriff","Emeralds",46,"Man",1,"32",0,"0",0
46,"sheriff","GlobalLearn","25","A sheriff","Emeralds",46,"Man",1,"33",2,"0",0
46,"sheriff","GlobalLearn","25","A sheriff","Emeralds",46,"Man",1,"34",12,"1",0
46,"sheriff","GlobalLearn","25","A sheriff","Emeralds",46,"Man",1,"35",83,"1",1
46,"sheriff","GlobalLearn","25","A sheriff","Emeralds",46,"Man",1,"36",64,"1",0
46,"sheriff","GlobalLearn","25","A sheriff","Emeralds",46,"Man",1,"37",91,"1",1
46,"sheriff","GlobalLearn","25","A sheriff","Emeralds",46,"Man",1,"38",67,"1",0
46,"sheriff","GlobalLearn","25","A sheriff","Emeralds",46,"Man",1,"39",8,"0",0
46,"sheriff","GlobalLearn","25","A sheriff","Emeralds",46,"Man",1,"40",6,"0",0
46,"sheriff","GlobalLearn","25","A sheriff","Emeralds",46,"Man",1,"41",4,"1",0
46,"sheriff","GlobalLearn","25","A sheriff","Emeralds",46,"Man",1,"42",0,"0",0
46,"sheriff","GlobalLearn","25","A sheriff","Emeralds",46,"Man",1,"43",0,"1",0
46,"sheriff","GlobalLearn","25","A sheriff","Emeralds",46,"Man",1,"44",0,"1",0
46,"sheriff","GlobalLearn","25","A sheriff","Emeralds",46,"Man",1,"45",2,"0",0
46,"sheriff","GlobalLearn","25","A sheriff","Emeralds",46,"Man",1,"46",0,"0",1
46,"sheriff","GlobalLearn","25","A sheriff","Emeralds",46,"Man",1,"47",0,"0",0
46,"sheriff","GlobalLearn","25","A sheriff","Emeralds",46,"Man",1,"48",0,"0",1
46,"sheriff","GlobalLearn","25","A sheriff","Emeralds",46,"Man",1,"49",0,"0",0
46,"sheriff","GlobalLearn","25","A sheriff","Emeralds",46,"Man",1,"50",0,"0",1
47,"tycoon","GlobalLearn","5","A tycoon","Emeralds",37,"Man",1,"1",80,"1",1
47,"tycoon","GlobalLearn","5","A tycoon","Emeralds",37,"Man",1,"2",78,"1",1
47,"tycoon","GlobalLearn","5","A tycoon","Emeralds",37,"Man",1,"3",85,"1",1
47,"tycoon","GlobalLearn","5","A tycoon","Emeralds",37,"Man",1,"4",82,"1",1
47,"tycoon","GlobalLearn","5","A tycoon","Emeralds",37,"Man",1,"5",34,"1",1
47,"tycoon","GlobalLearn","5","A tycoon","Emeralds",37,"Man",1,"6",21,"1",1
47,"tycoon","GlobalLearn","5","A tycoon","Emeralds",37,"Man",1,"7",18,"1",1
47,"tycoon","GlobalLearn","5","A tycoon","Emeralds",37,"Man",1,"8",16,"1",1
47,"tycoon","GlobalLearn","5","A tycoon","Emeralds",37,"Man",1,"9",12,"1",0
47,"tycoon","GlobalLearn","5","A tycoon","Emeralds",37,"Man",1,"10",26,"1",0
47,"tycoon","GlobalLearn","5","A tycoon","Emeralds",37,"Man",1,"11",48,"1",0
47,"tycoon","GlobalLearn","5","A tycoon","Emeralds",37,"Man",1,"12",92,"0",0
47,"tycoon","GlobalLearn","5","A tycoon","Emeralds",37,"Man",1,"13",59,"0",0
47,"tycoon","GlobalLearn","5","A tycoon","Emeralds",37,"Man",1,"14",39,"1",1
47,"tycoon","GlobalLearn","5","A tycoon","Emeralds",37,"Man",1,"15",27,"1",1
47,"tycoon","GlobalLearn","5","A tycoon","Emeralds",37,"Man",1,"16",24,"1",1
47,"tycoon","GlobalLearn","5","A tycoon","Emeralds",37,"Man",1,"17",33,"1",1
47,"tycoon","GlobalLearn","5","A tycoon","Emeralds",37,"Man",1,"18",10,"1",1
47,"tycoon","GlobalLearn","5","A tycoon","Emeralds",37,"Man",1,"19",6,"1",1
47,"tycoon","GlobalLearn","5","A tycoon","Emeralds",37,"Man",1,"20",5,"1",1
47,"tycoon","GlobalLearn","5","A tycoon","Emeralds",37,"Man",1,"21",21,"1",0
47,"tycoon","GlobalLearn","5","A tycoon","Emeralds",37,"Man",1,"22",90,"0",1
47,"tycoon","GlobalLearn","5","A tycoon","Emeralds",37,"Man",1,"23",83,"0",0
47,"tycoon","GlobalLearn","5","A tycoon","Emeralds",37,"Man",1,"24",87,"0",1
47,"tycoon","GlobalLearn","5","A tycoon","Emeralds",37,"Man",1,"25",76,"0",1
47,"tycoon","GlobalLearn","5","A tycoon","Emeralds",37,"Man",1,"26",87,"0",0
47,"tycoon","GlobalLearn","5","A tycoon","Emeralds",37,"Man",1,"27",82,"0",0
47,"tycoon","GlobalLearn","5","A tycoon","Emeralds",37,"Man",1,"28",27,"1",1
47,"tycoon","GlobalLearn","5","A tycoon","Emeralds",37,"Man",1,"29",17,"1",1
47,"tycoon","GlobalLearn","5","A tycoon","Emeralds",37,"Man",1,"30",28,"1",0
47,"tycoon","GlobalLearn","5","A tycoon","Emeralds",37,"Man",1,"31",26,"1",1
47,"tycoon","GlobalLearn","5","A tycoon","Emeralds",37,"Man",1,"32",19,"1",1
47,"tycoon","GlobalLearn","5","A tycoon","Emeralds",37,"Man",1,"33",16,"1",1
47,"tycoon","GlobalLearn","5","A tycoon","Emeralds",37,"Man",1,"34",31,"1",0
47,"tycoon","GlobalLearn","5","A tycoon","Emeralds",37,"Man",1,"35",81,"0",1
47,"tycoon","GlobalLearn","5","A tycoon","Emeralds",37,"Man",1,"36",67,"0",1
47,"tycoon","GlobalLearn","5","A tycoon","Emeralds",37,"Man",1,"37",86,"0",0
47,"tycoon","GlobalLearn","5","A tycoon","Emeralds",37,"Man",1,"38",84,"0",1
47,"tycoon","GlobalLearn","5","A tycoon","Emeralds",37,"Man",1,"39",80,"0",0
47,"tycoon","GlobalLearn","5","A tycoon","Emeralds",37,"Man",1,"40",46,"1",0
47,"tycoon","GlobalLearn","5","A tycoon","Emeralds",37,"Man",1,"41",25,"1",1
47,"tycoon","GlobalLearn","5","A tycoon","Emeralds",37,"Man",1,"42",17,"1",1
47,"tycoon","GlobalLearn","5","A tycoon","Emeralds",37,"Man",1,"43",3,"1",1
47,"tycoon","GlobalLearn","5","A tycoon","Emeralds",37,"Man",1,"44",0,"1",1
47,"tycoon","GlobalLearn","5","A tycoon","Emeralds",37,"Man",1,"45",0,"1",1
47,"tycoon","GlobalLearn","5","A tycoon","Emeralds",37,"Man",1,"46",19,"1",0
47,"tycoon","GlobalLearn","5","A tycoon","Emeralds",37,"Man",1,"47",0,"1",1
47,"tycoon","GlobalLearn","5","A tycoon","Emeralds",37,"Man",1,"48",0,"1",1
47,"tycoon","GlobalLearn","5","A tycoon","Emeralds",37,"Man",1,"49",0,"1",1
47,"tycoon","GlobalLearn","5","A tycoon","Emeralds",37,"Man",1,"50",0,"1",1
48,"sheriff","GlobalLearn","20","A sheriff","Emeralds",42,"Woman",1,"1",71,"0",1
48,"sheriff","GlobalLearn","20","A sheriff","Emeralds",42,"Woman",1,"2",72,"0",1
48,"sheriff","GlobalLearn","20","A sheriff","Emeralds",42,"Woman",1,"3",0,"0",0
48,"sheriff","GlobalLearn","20","A sheriff","Emeralds",42,"Woman",1,"4",0,"0",0
48,"sheriff","GlobalLearn","20","A sheriff","Emeralds",42,"Woman",1,"5",78,"1",1
48,"sheriff","GlobalLearn","20","A sheriff","Emeralds",42,"Woman",1,"6",0,"1",0
48,"sheriff","GlobalLearn","20","A sheriff","Emeralds",42,"Woman",1,"7",72,"0",1
48,"sheriff","GlobalLearn","20","A sheriff","Emeralds",42,"Woman",1,"8",73,"1",1
48,"sheriff","GlobalLearn","20","A sheriff","Emeralds",42,"Woman",1,"9",76,"0",1
48,"sheriff","GlobalLearn","20","A sheriff","Emeralds",42,"Woman",1,"10",0,"1",0
48,"sheriff","GlobalLearn","20","A sheriff","Emeralds",42,"Woman",1,"11",0,"1",0
48,"sheriff","GlobalLearn","20","A sheriff","Emeralds",42,"Woman",1,"12",73,"0",1
48,"sheriff","GlobalLearn","20","A sheriff","Emeralds",42,"Woman",1,"13",69,"0",1
48,"sheriff","GlobalLearn","20","A sheriff","Emeralds",42,"Woman",1,"14",71,"0",1
48,"sheriff","GlobalLearn","20","A sheriff","Emeralds",42,"Woman",1,"15",75,"0",1
48,"sheriff","GlobalLearn","20","A sheriff","Emeralds",42,"Woman",1,"16",76,"0",1
48,"sheriff","GlobalLearn","20","A sheriff","Emeralds",42,"Woman",1,"17",75,"0",1
48,"sheriff","GlobalLearn","20","A sheriff","Emeralds",42,"Woman",1,"18",0,"0",0
48,"sheriff","GlobalLearn","20","A sheriff","Emeralds",42,"Woman",1,"19",71,"1",1
48,"sheriff","GlobalLearn","20","A sheriff","Emeralds",42,"Woman",1,"20",71,"1",1
48,"sheriff","GlobalLearn","20","A sheriff","Emeralds",42,"Woman",1,"21",0,"1",0
48,"sheriff","GlobalLearn","20","A sheriff","Emeralds",42,"Woman",1,"22",74,"0",1
48,"sheriff","GlobalLearn","20","A sheriff","Emeralds",42,"Woman",1,"23",73,"0",1
48,"sheriff","GlobalLearn","20","A sheriff","Emeralds",42,"Woman",1,"24",71,"0",1
48,"sheriff","GlobalLearn","20","A sheriff","Emeralds",42,"Woman",1,"25",74,"0",1
48,"sheriff","GlobalLearn","20","A sheriff","Emeralds",42,"Woman",1,"26",71,"0",1
48,"sheriff","GlobalLearn","20","A sheriff","Emeralds",42,"Woman",1,"27",70,"0",1
48,"sheriff","GlobalLearn","20","A sheriff","Emeralds",42,"Woman",1,"28",72,"0",1
48,"sheriff","GlobalLearn","20","A sheriff","Emeralds",42,"Woman",1,"29",0,"0",0
48,"sheriff","GlobalLearn","20","A sheriff","Emeralds",42,"Woman",1,"30",74,"1",1
48,"sheriff","GlobalLearn","20","A sheriff","Emeralds",42,"Woman",1,"31",77,"1",1
48,"sheriff","GlobalLearn","20","A sheriff","Emeralds",42,"Woman",1,"32",0,"1",0
48,"sheriff","GlobalLearn","20","A sheriff","Emeralds",42,"Woman",1,"33",75,"0",1
48,"sheriff","GlobalLearn","20","A sheriff","Emeralds",42,"Woman",1,"34",72,"0",1
48,"sheriff","GlobalLearn","20","A sheriff","Emeralds",42,"Woman",1,"35",71,"0",1
48,"sheriff","GlobalLearn","20","A sheriff","Emeralds",42,"Woman",1,"36",0,"0",0
48,"sheriff","GlobalLearn","20","A sheriff","Emeralds",42,"Woman",1,"37",0,"1",0
48,"sheriff","GlobalLearn","20","A sheriff","Emeralds",42,"Woman",1,"38",72,"0",1
48,"sheriff","GlobalLearn","20","A sheriff","Emeralds",42,"Woman",1,"39",0,"0",0
48,"sheriff","GlobalLearn","20","A sheriff","Emeralds",42,"Woman",1,"40",0,"1",0
48,"sheriff","GlobalLearn","20","A sheriff","Emeralds",42,"Woman",1,"41",0,"0",0
48,"sheriff","GlobalLearn","20","A sheriff","Emeralds",42,"Woman",1,"42",74,"1",1
48,"sheriff","GlobalLearn","20","A sheriff","Emeralds",42,"Woman",1,"43",0,"0",0
48,"sheriff","GlobalLearn","20","A sheriff","Emeralds",42,"Woman",1,"44",0,"1",0
48,"sheriff","GlobalLearn","20","A sheriff","Emeralds",42,"Woman",1,"45",0,"0",0
48,"sheriff","GlobalLearn","20","A sheriff","Emeralds",42,"Woman",1,"46",0,"1",0
48,"sheriff","GlobalLearn","20","A sheriff","Emeralds",42,"Woman",1,"47",73,"0",1
48,"sheriff","GlobalLearn","20","A sheriff","Emeralds",42,"Woman",1,"48",0,"0",0
48,"sheriff","GlobalLearn","20","A sheriff","Emeralds",42,"Woman",1,"49",70,"0",1
48,"sheriff","GlobalLearn","20","A sheriff","Emeralds",42,"Woman",1,"50",0,"1",0
49,"sheriff","GlobalLearn","25","A sheriff","Emeralds",20,"Woman",1,"1",83,"0",1
49,"sheriff","GlobalLearn","25","A sheriff","Emeralds",20,"Woman",1,"2",78,"0",1
49,"sheriff","GlobalLearn","25","A sheriff","Emeralds",20,"Woman",1,"3",74,"0",0
49,"sheriff","GlobalLearn","25","A sheriff","Emeralds",20,"Woman",1,"4",64,"0",1
49,"sheriff","GlobalLearn","25","A sheriff","Emeralds",20,"Woman",1,"5",67,"0",1
49,"sheriff","GlobalLearn","25","A sheriff","Emeralds",20,"Woman",1,"6",45,"0",1
49,"sheriff","GlobalLearn","25","A sheriff","Emeralds",20,"Woman",1,"7",63,"0",0
49,"sheriff","GlobalLearn","25","A sheriff","Emeralds",20,"Woman",1,"8",31,"0",1
49,"sheriff","GlobalLearn","25","A sheriff","Emeralds",20,"Woman",1,"9",24,"0",1
49,"sheriff","GlobalLearn","25","A sheriff","Emeralds",20,"Woman",1,"10",18,"0",1
49,"sheriff","GlobalLearn","25","A sheriff","Emeralds",20,"Woman",1,"11",10,"0",1
49,"sheriff","GlobalLearn","25","A sheriff","Emeralds",20,"Woman",1,"12",4,"0",1
49,"sheriff","GlobalLearn","25","A sheriff","Emeralds",20,"Woman",1,"13",0,"0",1
49,"sheriff","GlobalLearn","25","A sheriff","Emeralds",20,"Woman",1,"14",0,"0",0
49,"sheriff","GlobalLearn","25","A sheriff","Emeralds",20,"Woman",1,"15",0,"0",1
49,"sheriff","GlobalLearn","25","A sheriff","Emeralds",20,"Woman",1,"16",0,"0",1
49,"sheriff","GlobalLearn","25","A sheriff","Emeralds",20,"Woman",1,"17",0,"0",1
49,"sheriff","GlobalLearn","25","A sheriff","Emeralds",20,"Woman",1,"18",0,"0",1
49,"sheriff","GlobalLearn","25","A sheriff","Emeralds",20,"Woman",1,"19",0,"0",1
49,"sheriff","GlobalLearn","25","A sheriff","Emeralds",20,"Woman",1,"20",0,"0",1
49,"sheriff","GlobalLearn","25","A sheriff","Emeralds",20,"Woman",1,"21",36,"1",0
49,"sheriff","GlobalLearn","25","A sheriff","Emeralds",20,"Woman",1,"22",0,"0",1
49,"sheriff","GlobalLearn","25","A sheriff","Emeralds",20,"Woman",1,"23",46,"0",0
49,"sheriff","GlobalLearn","25","A sheriff","Emeralds",20,"Woman",1,"24",60,"0",0
49,"sheriff","GlobalLearn","25","A sheriff","Emeralds",20,"Woman",1,"25",54,"0",1
49,"sheriff","GlobalLearn","25","A sheriff","Emeralds",20,"Woman",1,"26",27,"0",1
49,"sheriff","GlobalLearn","25","A sheriff","Emeralds",20,"Woman",1,"27",0,"0",1
49,"sheriff","GlobalLearn","25","A sheriff","Emeralds",20,"Woman",1,"28",0,"0",1
49,"sheriff","GlobalLearn","25","A sheriff","Emeralds",20,"Woman",1,"29",0,"0",1
49,"sheriff","GlobalLearn","25","A sheriff","Emeralds",20,"Woman",1,"30",0,"0",1
49,"sheriff","GlobalLearn","25","A sheriff","Emeralds",20,"Woman",1,"31",2,"0",0
49,"sheriff","GlobalLearn","25","A sheriff","Emeralds",20,"Woman",1,"32",55,"0",0
49,"sheriff","GlobalLearn","25","A sheriff","Emeralds",20,"Woman",1,"33",63,"0",0
49,"sheriff","GlobalLearn","25","A sheriff","Emeralds",20,"Woman",1,"34",59,"1",0
49,"sheriff","GlobalLearn","25","A sheriff","Emeralds",20,"Woman",1,"35",61,"1",1
49,"sheriff","GlobalLearn","25","A sheriff","Emeralds",20,"Woman",1,"36",11,"1",0
49,"sheriff","GlobalLearn","25","A sheriff","Emeralds",20,"Woman",1,"37",60,"1",1
49,"sheriff","GlobalLearn","25","A sheriff","Emeralds",20,"Woman",1,"38",28,"1",0
49,"sheriff","GlobalLearn","25","A sheriff","Emeralds",20,"Woman",1,"39",57,"0",0
49,"sheriff","GlobalLearn","25","A sheriff","Emeralds",20,"Woman",1,"40",65,"0",0
49,"sheriff","GlobalLearn","25","A sheriff","Emeralds",20,"Woman",1,"41",30,"1",0
49,"sheriff","GlobalLearn","25","A sheriff","Emeralds",20,"Woman",1,"42",59,"0",0
49,"sheriff","GlobalLearn","25","A sheriff","Emeralds",20,"Woman",1,"43",43,"1",0
49,"sheriff","GlobalLearn","25","A sheriff","Emeralds",20,"Woman",1,"44",40,"1",0
49,"sheriff","GlobalLearn","25","A sheriff","Emeralds",20,"Woman",1,"45",54,"0",0
49,"sheriff","GlobalLearn","25","A sheriff","Emeralds",20,"Woman",1,"46",55,"0",1
49,"sheriff","GlobalLearn","25","A sheriff","Emeralds",20,"Woman",1,"47",58,"0",0
49,"sheriff","GlobalLearn","25","A sheriff","Emeralds",20,"Woman",1,"48",56,"0",1
49,"sheriff","GlobalLearn","25","A sheriff","Emeralds",20,"Woman",1,"49",59,"0",0
49,"sheriff","GlobalLearn","25","A sheriff","Emeralds",20,"Woman",1,"50",54,"0",1
50,"tycoon","GlobalLearn","11","A tycoon","Emeralds",36,"Man",1,"1",50,"0",1
50,"tycoon","GlobalLearn","11","A tycoon","Emeralds",36,"Man",1,"2",50,"0",1
50,"tycoon","GlobalLearn","11","A tycoon","Emeralds",36,"Man",1,"3",0,"0",0
50,"tycoon","GlobalLearn","11","A tycoon","Emeralds",36,"Man",1,"4",0,"0",0
50,"tycoon","GlobalLearn","11","A tycoon","Emeralds",36,"Man",1,"5",49,"1",1
50,"tycoon","GlobalLearn","11","A tycoon","Emeralds",36,"Man",1,"6",0,"1",0
50,"tycoon","GlobalLearn","11","A tycoon","Emeralds",36,"Man",1,"7",50,"1",1
50,"tycoon","GlobalLearn","11","A tycoon","Emeralds",36,"Man",1,"8",50,"1",1
50,"tycoon","GlobalLearn","11","A tycoon","Emeralds",36,"Man",1,"9",50,"1",1
50,"tycoon","GlobalLearn","11","A tycoon","Emeralds",36,"Man",1,"10",50,"1",1
50,"tycoon","GlobalLearn","11","A tycoon","Emeralds",36,"Man",1,"11",50,"1",1
50,"tycoon","GlobalLearn","11","A tycoon","Emeralds",36,"Man",1,"12",50,"1",1
50,"tycoon","GlobalLearn","11","A tycoon","Emeralds",36,"Man",1,"13",50,"1",1
50,"tycoon","GlobalLearn","11","A tycoon","Emeralds",36,"Man",1,"14",50,"1",1
50,"tycoon","GlobalLearn","11","A tycoon","Emeralds",36,"Man",1,"15",49,"1",1
50,"tycoon","GlobalLearn","11","A tycoon","Emeralds",36,"Man",1,"16",0,"1",0
50,"tycoon","GlobalLearn","11","A tycoon","Emeralds",36,"Man",1,"17",50,"1",1
50,"tycoon","GlobalLearn","11","A tycoon","Emeralds",36,"Man",1,"18",50,"1",1
50,"tycoon","GlobalLearn","11","A tycoon","Emeralds",36,"Man",1,"19",50,"1",1
50,"tycoon","GlobalLearn","11","A tycoon","Emeralds",36,"Man",1,"20",50,"1",1
50,"tycoon","GlobalLearn","11","A tycoon","Emeralds",36,"Man",1,"21",50,"1",1
50,"tycoon","GlobalLearn","11","A tycoon","Emeralds",36,"Man",1,"22",50,"1",1
50,"tycoon","GlobalLearn","11","A tycoon","Emeralds",36,"Man",1,"23",50,"1",1
50,"tycoon","GlobalLearn","11","A tycoon","Emeralds",36,"Man",1,"24",0,"1",0
50,"tycoon","GlobalLearn","11","A tycoon","Emeralds",36,"Man",1,"25",0,"1",0
50,"tycoon","GlobalLearn","11","A tycoon","Emeralds",36,"Man",1,"26",0,"1",0
50,"tycoon","GlobalLearn","11","A tycoon","Emeralds",36,"Man",1,"27",50,"0",1
50,"tycoon","GlobalLearn","11","A tycoon","Emeralds",36,"Man",1,"28",50,"0",1
50,"tycoon","GlobalLearn","11","A tycoon","Emeralds",36,"Man",1,"29",0,"0",0
50,"tycoon","GlobalLearn","11","A tycoon","Emeralds",36,"Man",1,"30",50,"0",1
50,"tycoon","GlobalLearn","11","A tycoon","Emeralds",36,"Man",1,"31",0,"0",0
50,"tycoon","GlobalLearn","11","A tycoon","Emeralds",36,"Man",1,"32",50,"1",1
50,"tycoon","GlobalLearn","11","A tycoon","Emeralds",36,"Man",1,"33",50,"1",1
50,"tycoon","GlobalLearn","11","A tycoon","Emeralds",36,"Man",1,"34",0,"1",0
50,"tycoon","GlobalLearn","11","A tycoon","Emeralds",36,"Man",1,"35",50,"1",1
50,"tycoon","GlobalLearn","11","A tycoon","Emeralds",36,"Man",1,"36",52,"1",1
50,"tycoon","GlobalLearn","11","A tycoon","Emeralds",36,"Man",1,"37",0,"1",0
50,"tycoon","GlobalLearn","11","A tycoon","Emeralds",36,"Man",1,"38",50,"1",1
50,"tycoon","GlobalLearn","11","A tycoon","Emeralds",36,"Man",1,"39",50,"1",1
50,"tycoon","GlobalLearn","11","A tycoon","Emeralds",36,"Man",1,"40",0,"1",0
50,"tycoon","GlobalLearn","11","A tycoon","Emeralds",36,"Man",1,"41",50,"1",1
50,"tycoon","GlobalLearn","11","A tycoon","Emeralds",36,"Man",1,"42",50,"1",1
50,"tycoon","GlobalLearn","11","A tycoon","Emeralds",36,"Man",1,"43",50,"1",1
50,"tycoon","GlobalLearn","11","A tycoon","Emeralds",36,"Man",1,"44",50,"1",1
50,"tycoon","GlobalLearn","11","A tycoon","Emeralds",36,"Man",1,"45",50,"1",1
50,"tycoon","GlobalLearn","11","A tycoon","Emeralds",36,"Man",1,"46",0,"1",0
50,"tycoon","GlobalLearn","11","A tycoon","Emeralds",36,"Man",1,"47",50,"1",1
50,"tycoon","GlobalLearn","11","A tycoon","Emeralds",36,"Man",1,"48",0,"1",0
50,"tycoon","GlobalLearn","11","A tycoon","Emeralds",36,"Man",1,"49",0,"0",0
50,"tycoon","GlobalLearn","11","A tycoon","Emeralds",36,"Man",1,"50",50,"1",1
51,"sheriff","GlobalLearn","67","A sheriff","Emeralds",51,"Woman",1,"1",82,"1",0
51,"sheriff","GlobalLearn","67","A sheriff","Emeralds",51,"Woman",1,"2",75,"1",0
51,"sheriff","GlobalLearn","67","A sheriff","Emeralds",51,"Woman",1,"3",80,"1",1
51,"sheriff","GlobalLearn","67","A sheriff","Emeralds",51,"Woman",1,"4",21,"1",1
51,"sheriff","GlobalLearn","67","A sheriff","Emeralds",51,"Woman",1,"5",98,"1",0
51,"sheriff","GlobalLearn","67","A sheriff","Emeralds",51,"Woman",1,"6",79,"1",1
51,"sheriff","GlobalLearn","67","A sheriff","Emeralds",51,"Woman",1,"7",100,"1",0
51,"sheriff","GlobalLearn","67","A sheriff","Emeralds",51,"Woman",1,"8",90,"0",1
51,"sheriff","GlobalLearn","67","A sheriff","Emeralds",51,"Woman",1,"9",61,"0",1
51,"sheriff","GlobalLearn","67","A sheriff","Emeralds",51,"Woman",1,"10",89,"0",1
51,"sheriff","GlobalLearn","67","A sheriff","Emeralds",51,"Woman",1,"11",100,"0",1
51,"sheriff","GlobalLearn","67","A sheriff","Emeralds",51,"Woman",1,"12",40,"0",1
51,"sheriff","GlobalLearn","67","A sheriff","Emeralds",51,"Woman",1,"13",100,"0",1
51,"sheriff","GlobalLearn","67","A sheriff","Emeralds",51,"Woman",1,"14",9,"0",0
51,"sheriff","GlobalLearn","67","A sheriff","Emeralds",51,"Woman",1,"15",100,"0",1
51,"sheriff","GlobalLearn","67","A sheriff","Emeralds",51,"Woman",1,"16",8,"0",0
51,"sheriff","GlobalLearn","67","A sheriff","Emeralds",51,"Woman",1,"17",26,"0",0
51,"sheriff","GlobalLearn","67","A sheriff","Emeralds",51,"Woman",1,"18",10,"0",1
51,"sheriff","GlobalLearn","67","A sheriff","Emeralds",51,"Woman",1,"19",88,"0",1
51,"sheriff","GlobalLearn","67","A sheriff","Emeralds",51,"Woman",1,"20",100,"0",1
51,"sheriff","GlobalLearn","67","A sheriff","Emeralds",51,"Woman",1,"21",41,"0",0
51,"sheriff","GlobalLearn","67","A sheriff","Emeralds",51,"Woman",1,"22",2,"0",0
51,"sheriff","GlobalLearn","67","A sheriff","Emeralds",51,"Woman",1,"23",100,"0",1
51,"sheriff","GlobalLearn","67","A sheriff","Emeralds",51,"Woman",1,"24",100,"0",1
51,"sheriff","GlobalLearn","67","A sheriff","Emeralds",51,"Woman",1,"25",63,"0",0
51,"sheriff","GlobalLearn","67","A sheriff","Emeralds",51,"Woman",1,"26",88,"1",0
51,"sheriff","GlobalLearn","67","A sheriff","Emeralds",51,"Woman",1,"27",100,"0",0
51,"sheriff","GlobalLearn","67","A sheriff","Emeralds",51,"Woman",1,"28",10,"0",1
51,"sheriff","GlobalLearn","67","A sheriff","Emeralds",51,"Woman",1,"29",38,"0",0
51,"sheriff","GlobalLearn","67","A sheriff","Emeralds",51,"Woman",1,"30",33,"0",0
51,"sheriff","GlobalLearn","67","A sheriff","Emeralds",51,"Woman",1,"31",100,"0",1
51,"sheriff","GlobalLearn","67","A sheriff","Emeralds",51,"Woman",1,"32",84,"0",1
51,"sheriff","GlobalLearn","67","A sheriff","Emeralds",51,"Woman",1,"33",81,"0",1
51,"sheriff","GlobalLearn","67","A sheriff","Emeralds",51,"Woman",1,"34",23,"0",1
51,"sheriff","GlobalLearn","67","A sheriff","Emeralds",51,"Woman",1,"35",0,"0",0
51,"sheriff","GlobalLearn","67","A sheriff","Emeralds",51,"Woman",1,"36",52,"0",1
51,"sheriff","GlobalLearn","67","A sheriff","Emeralds",51,"Woman",1,"37",33,"0",1
51,"sheriff","GlobalLearn","67","A sheriff","Emeralds",51,"Woman",1,"38",18,"0",0
51,"sheriff","GlobalLearn","67","A sheriff","Emeralds",51,"Woman",1,"39",18,"0",0
51,"sheriff","GlobalLearn","67","A sheriff","Emeralds",51,"Woman",1,"40",25,"0",1
51,"sheriff","GlobalLearn","67","A sheriff","Emeralds",51,"Woman",1,"41",66,"0",1
51,"sheriff","GlobalLearn","67","A sheriff","Emeralds",51,"Woman",1,"42",100,"0",1
51,"sheriff","GlobalLearn","67","A sheriff","Emeralds",51,"Woman",1,"43",100,"0",1
51,"sheriff","GlobalLearn","67","A sheriff","Emeralds",51,"Woman",1,"44",47,"0",1
51,"sheriff","GlobalLearn","67","A sheriff","Emeralds",51,"Woman",1,"45",64,"0",1
51,"sheriff","GlobalLearn","67","A sheriff","Emeralds",51,"Woman",1,"46",0,"0",0
51,"sheriff","GlobalLearn","67","A sheriff","Emeralds",51,"Woman",1,"47",100,"0",1
51,"sheriff","GlobalLearn","67","A sheriff","Emeralds",51,"Woman",1,"48",40,"0",1
51,"sheriff","GlobalLearn","67","A sheriff","Emeralds",51,"Woman",1,"49",0,"0",0
51,"sheriff","GlobalLearn","67","A sheriff","Emeralds",51,"Woman",1,"50",41,"0",0
52,"tycoon","GlobalLearn","5","A tycoon","Emeralds",27,"Man",1,"1",72,"1",1
52,"tycoon","GlobalLearn","5","A tycoon","Emeralds",27,"Man",1,"2",81,"1",1
52,"tycoon","GlobalLearn","5","A tycoon","Emeralds",27,"Man",1,"3",100,"1",1
52,"tycoon","GlobalLearn","5","A tycoon","Emeralds",27,"Man",1,"4",100,"1",1
52,"tycoon","GlobalLearn","5","A tycoon","Emeralds",27,"Man",1,"5",100,"1",1
52,"tycoon","GlobalLearn","5","A tycoon","Emeralds",27,"Man",1,"6",100,"1",1
52,"tycoon","GlobalLearn","5","A tycoon","Emeralds",27,"Man",1,"7",0,"1",1
52,"tycoon","GlobalLearn","5","A tycoon","Emeralds",27,"Man",1,"8",0,"1",1
52,"tycoon","GlobalLearn","5","A tycoon","Emeralds",27,"Man",1,"9",0,"1",0
52,"tycoon","GlobalLearn","5","A tycoon","Emeralds",27,"Man",1,"10",0,"1",0
52,"tycoon","GlobalLearn","5","A tycoon","Emeralds",27,"Man",1,"11",0,"1",0
52,"tycoon","GlobalLearn","5","A tycoon","Emeralds",27,"Man",1,"12",0,"0",0
52,"tycoon","GlobalLearn","5","A tycoon","Emeralds",27,"Man",1,"13",0,"0",0
52,"tycoon","GlobalLearn","5","A tycoon","Emeralds",27,"Man",1,"14",0,"1",1
52,"tycoon","GlobalLearn","5","A tycoon","Emeralds",27,"Man",1,"15",0,"1",1
52,"tycoon","GlobalLearn","5","A tycoon","Emeralds",27,"Man",1,"16",0,"1",1
52,"tycoon","GlobalLearn","5","A tycoon","Emeralds",27,"Man",1,"17",0,"1",1
52,"tycoon","GlobalLearn","5","A tycoon","Emeralds",27,"Man",1,"18",0,"1",1
52,"tycoon","GlobalLearn","5","A tycoon","Emeralds",27,"Man",1,"19",0,"1",1
52,"tycoon","GlobalLearn","5","A tycoon","Emeralds",27,"Man",1,"20",0,"1",1
52,"tycoon","GlobalLearn","5","A tycoon","Emeralds",27,"Man",1,"21",0,"1",0
52,"tycoon","GlobalLearn","5","A tycoon","Emeralds",27,"Man",1,"22",64,"0",1
52,"tycoon","GlobalLearn","5","A tycoon","Emeralds",27,"Man",1,"23",0,"0",0
52,"tycoon","GlobalLearn","5","A tycoon","Emeralds",27,"Man",1,"24",69,"0",1
52,"tycoon","GlobalLearn","5","A tycoon","Emeralds",27,"Man",1,"25",67,"0",1
52,"tycoon","GlobalLearn","5","A tycoon","Emeralds",27,"Man",1,"26",0,"0",0
52,"tycoon","GlobalLearn","5","A tycoon","Emeralds",27,"Man",1,"27",0,"0",0
52,"tycoon","GlobalLearn","5","A tycoon","Emeralds",27,"Man",1,"28",0,"1",1
52,"tycoon","GlobalLearn","5","A tycoon","Emeralds",27,"Man",1,"29",0,"1",1
52,"tycoon","GlobalLearn","5","A tycoon","Emeralds",27,"Man",1,"30",0,"1",0
52,"tycoon","GlobalLearn","5","A tycoon","Emeralds",27,"Man",1,"31",0,"1",1
52,"tycoon","GlobalLearn","5","A tycoon","Emeralds",27,"Man",1,"32",0,"1",1
52,"tycoon","GlobalLearn","5","A tycoon","Emeralds",27,"Man",1,"33",0,"1",1
52,"tycoon","GlobalLearn","5","A tycoon","Emeralds",27,"Man",1,"34",0,"1",0
52,"tycoon","GlobalLearn","5","A tycoon","Emeralds",27,"Man",1,"35",100,"0",1
52,"tycoon","GlobalLearn","5","A tycoon","Emeralds",27,"Man",1,"36",100,"0",1
52,"tycoon","GlobalLearn","5","A tycoon","Emeralds",27,"Man",1,"37",0,"0",0
52,"tycoon","GlobalLearn","5","A tycoon","Emeralds",27,"Man",1,"38",81,"0",1
52,"tycoon","GlobalLearn","5","A tycoon","Emeralds",27,"Man",1,"39",0,"0",0
52,"tycoon","GlobalLearn","5","A tycoon","Emeralds",27,"Man",1,"40",0,"1",0
52,"tycoon","GlobalLearn","5","A tycoon","Emeralds",27,"Man",1,"41",0,"1",1
52,"tycoon","GlobalLearn","5","A tycoon","Emeralds",27,"Man",1,"42",0,"1",1
52,"tycoon","GlobalLearn","5","A tycoon","Emeralds",27,"Man",1,"43",0,"1",1
52,"tycoon","GlobalLearn","5","A tycoon","Emeralds",27,"Man",1,"44",9,"1",1
52,"tycoon","GlobalLearn","5","A tycoon","Emeralds",27,"Man",1,"45",0,"1",1
52,"tycoon","GlobalLearn","5","A tycoon","Emeralds",27,"Man",1,"46",0,"1",0
52,"tycoon","GlobalLearn","5","A tycoon","Emeralds",27,"Man",1,"47",0,"1",1
52,"tycoon","GlobalLearn","5","A tycoon","Emeralds",27,"Man",1,"48",0,"1",1
52,"tycoon","GlobalLearn","5","A tycoon","Emeralds",27,"Man",1,"49",0,"1",1
52,"tycoon","GlobalLearn","5","A tycoon","Emeralds",27,"Man",1,"50",0,"1",1
53,"sheriff","GlobalLearn","58","A sheriff","Emeralds",46,"Woman",1,"1",75,"0",0
53,"sheriff","GlobalLearn","58","A sheriff","Emeralds",46,"Woman",1,"2",87,"1",0
53,"sheriff","GlobalLearn","58","A sheriff","Emeralds",46,"Woman",1,"3",33,"0",0
53,"sheriff","GlobalLearn","58","A sheriff","Emeralds",46,"Woman",1,"4",31,"0",0
53,"sheriff","GlobalLearn","58","A sheriff","Emeralds",46,"Woman",1,"5",89,"0",1
53,"sheriff","GlobalLearn","58","A sheriff","Emeralds",46,"Woman",1,"6",34,"0",0
53,"sheriff","GlobalLearn","58","A sheriff","Emeralds",46,"Woman",1,"7",79,"0",1
53,"sheriff","GlobalLearn","58","A sheriff","Emeralds",46,"Woman",1,"8",23,"0",0
53,"sheriff","GlobalLearn","58","A sheriff","Emeralds",46,"Woman",1,"9",86,"1",0
53,"sheriff","GlobalLearn","58","A sheriff","Emeralds",46,"Woman",1,"10",86,"1",1
53,"sheriff","GlobalLearn","58","A sheriff","Emeralds",46,"Woman",1,"11",35,"1",1
53,"sheriff","GlobalLearn","58","A sheriff","Emeralds",46,"Woman",1,"12",33,"1",1
53,"sheriff","GlobalLearn","58","A sheriff","Emeralds",46,"Woman",1,"13",25,"1",1
53,"sheriff","GlobalLearn","58","A sheriff","Emeralds",46,"Woman",1,"14",23,"1",1
53,"sheriff","GlobalLearn","58","A sheriff","Emeralds",46,"Woman",1,"15",70,"1",0
53,"sheriff","GlobalLearn","58","A sheriff","Emeralds",46,"Woman",1,"16",25,"1",1
53,"sheriff","GlobalLearn","58","A sheriff","Emeralds",46,"Woman",1,"17",17,"1",1
53,"sheriff","GlobalLearn","58","A sheriff","Emeralds",46,"Woman",1,"18",14,"1",1
53,"sheriff","GlobalLearn","58","A sheriff","Emeralds",46,"Woman",1,"19",58,"1",0
53,"sheriff","GlobalLearn","58","A sheriff","Emeralds",46,"Woman",1,"20",22,"1",1
53,"sheriff","GlobalLearn","58","A sheriff","Emeralds",46,"Woman",1,"21",26,"1",0
53,"sheriff","GlobalLearn","58","A sheriff","Emeralds",46,"Woman",1,"22",10,"1",1
53,"sheriff","GlobalLearn","58","A sheriff","Emeralds",46,"Woman",1,"23",4,"1",1
53,"sheriff","GlobalLearn","58","A sheriff","Emeralds",46,"Woman",1,"24",5,"1",1
53,"sheriff","GlobalLearn","58","A sheriff","Emeralds",46,"Woman",1,"25",12,"1",1
53,"sheriff","GlobalLearn","58","A sheriff","Emeralds",46,"Woman",1,"26",4,"1",0
53,"sheriff","GlobalLearn","58","A sheriff","Emeralds",46,"Woman",1,"27",4,"1",1
53,"sheriff","GlobalLearn","58","A sheriff","Emeralds",46,"Woman",1,"28",7,"1",0
53,"sheriff","GlobalLearn","58","A sheriff","Emeralds",46,"Woman",1,"29",64,"1",0
53,"sheriff","GlobalLearn","58","A sheriff","Emeralds",46,"Woman",1,"30",25,"1",1
53,"sheriff","GlobalLearn","58","A sheriff","Emeralds",46,"Woman",1,"31",58,"1",0
53,"sheriff","GlobalLearn","58","A sheriff","Emeralds",46,"Woman",1,"32",31,"1",0
53,"sheriff","GlobalLearn","58","A sheriff","Emeralds",46,"Woman",1,"33",24,"1",0
53,"sheriff","GlobalLearn","58","A sheriff","Emeralds",46,"Woman",1,"34",78,"1",1
53,"sheriff","GlobalLearn","58","A sheriff","Emeralds",46,"Woman",1,"35",34,"1",1
53,"sheriff","GlobalLearn","58","A sheriff","Emeralds",46,"Woman",1,"36",36,"1",0
53,"sheriff","GlobalLearn","58","A sheriff","Emeralds",46,"Woman",1,"37",54,"1",1
53,"sheriff","GlobalLearn","58","A sheriff","Emeralds",46,"Woman",1,"38",33,"1",1
53,"sheriff","GlobalLearn","58","A sheriff","Emeralds",46,"Woman",1,"39",23,"1",1
53,"sheriff","GlobalLearn","58","A sheriff","Emeralds",46,"Woman",1,"40",15,"1",1
53,"sheriff","GlobalLearn","58","A sheriff","Emeralds",46,"Woman",1,"41",16,"1",1
53,"sheriff","GlobalLearn","58","A sheriff","Emeralds",46,"Woman",1,"42",12,"1",1
53,"sheriff","GlobalLearn","58","A sheriff","Emeralds",46,"Woman",1,"43",80,"1",0
53,"sheriff","GlobalLearn","58","A sheriff","Emeralds",46,"Woman",1,"44",60,"1",0
53,"sheriff","GlobalLearn","58","A sheriff","Emeralds",46,"Woman",1,"45",59,"1",0
53,"sheriff","GlobalLearn","58","A sheriff","Emeralds",46,"Woman",1,"46",25,"1",0
53,"sheriff","GlobalLearn","58","A sheriff","Emeralds",46,"Woman",1,"47",64,"1",1
53,"sheriff","GlobalLearn","58","A sheriff","Emeralds",46,"Woman",1,"48",52,"1",1
53,"sheriff","GlobalLearn","58","A sheriff","Emeralds",46,"Woman",1,"49",20,"1",1
53,"sheriff","GlobalLearn","58","A sheriff","Emeralds",46,"Woman",1,"50",15,"1",1
54,"sheriff","GlobalLearn","4","A sheriff","Emeralds",48,"Man",1,"1",79,"0",1
54,"sheriff","GlobalLearn","4","A sheriff","Emeralds",48,"Man",1,"2",74,"1",1
54,"sheriff","GlobalLearn","4","A sheriff","Emeralds",48,"Man",1,"3",71,"1",0
54,"sheriff","GlobalLearn","4","A sheriff","Emeralds",48,"Man",1,"4",77,"1",0
54,"sheriff","GlobalLearn","4","A sheriff","Emeralds",48,"Man",1,"5",73,"1",1
54,"sheriff","GlobalLearn","4","A sheriff","Emeralds",48,"Man",1,"6",65,"1",0
54,"sheriff","GlobalLearn","4","A sheriff","Emeralds",48,"Man",1,"7",62,"1",1
54,"sheriff","GlobalLearn","4","A sheriff","Emeralds",48,"Man",1,"8",77,"0",0
54,"sheriff","GlobalLearn","4","A sheriff","Emeralds",48,"Man",1,"9",76,"0",1
54,"sheriff","GlobalLearn","4","A sheriff","Emeralds",48,"Man",1,"10",71,"0",0
54,"sheriff","GlobalLearn","4","A sheriff","Emeralds",48,"Man",1,"11",70,"0",1
54,"sheriff","GlobalLearn","4","A sheriff","Emeralds",48,"Man",1,"12",61,"0",0
54,"sheriff","GlobalLearn","4","A sheriff","Emeralds",48,"Man",1,"13",59,"0",1
54,"sheriff","GlobalLearn","4","A sheriff","Emeralds",48,"Man",1,"14",60,"0",0
54,"sheriff","GlobalLearn","4","A sheriff","Emeralds",48,"Man",1,"15",56,"0",1
54,"sheriff","GlobalLearn","4","A sheriff","Emeralds",48,"Man",1,"16",54,"0",0
54,"sheriff","GlobalLearn","4","A sheriff","Emeralds",48,"Man",1,"17",54,"0",1
54,"sheriff","GlobalLearn","4","A sheriff","Emeralds",48,"Man",1,"18",43,"0",1
54,"sheriff","GlobalLearn","4","A sheriff","Emeralds",48,"Man",1,"19",40,"0",1
54,"sheriff","GlobalLearn","4","A sheriff","Emeralds",48,"Man",1,"20",43,"0",0
54,"sheriff","GlobalLearn","4","A sheriff","Emeralds",48,"Man",1,"21",39,"0",0
54,"sheriff","GlobalLearn","4","A sheriff","Emeralds",48,"Man",1,"22",38,"0",1
54,"sheriff","GlobalLearn","4","A sheriff","Emeralds",48,"Man",1,"23",35,"0",0
54,"sheriff","GlobalLearn","4","A sheriff","Emeralds",48,"Man",1,"24",36,"0",1
54,"sheriff","GlobalLearn","4","A sheriff","Emeralds",48,"Man",1,"25",27,"0",0
54,"sheriff","GlobalLearn","4","A sheriff","Emeralds",48,"Man",1,"26",23,"0",0
54,"sheriff","GlobalLearn","4","A sheriff","Emeralds",48,"Man",1,"27",29,"0",1
54,"sheriff","GlobalLearn","4","A sheriff","Emeralds",48,"Man",1,"28",26,"0",0
54,"sheriff","GlobalLearn","4","A sheriff","Emeralds",48,"Man",1,"29",24,"0",1
54,"sheriff","GlobalLearn","4","A sheriff","Emeralds",48,"Man",1,"30",28,"0",0
54,"sheriff","GlobalLearn","4","A sheriff","Emeralds",48,"Man",1,"31",61,"1",0
54,"sheriff","GlobalLearn","4","A sheriff","Emeralds",48,"Man",1,"32",60,"1",0
54,"sheriff","GlobalLearn","4","A sheriff","Emeralds",48,"Man",1,"33",39,"0",1
54,"sheriff","GlobalLearn","4","A sheriff","Emeralds",48,"Man",1,"34",36,"0",1
54,"sheriff","GlobalLearn","4","A sheriff","Emeralds",48,"Man",1,"35",28,"0",1
54,"sheriff","GlobalLearn","4","A sheriff","Emeralds",48,"Man",1,"36",24,"0",1
54,"sheriff","GlobalLearn","4","A sheriff","Emeralds",48,"Man",1,"37",24,"0",1
54,"sheriff","GlobalLearn","4","A sheriff","Emeralds",48,"Man",1,"38",26,"0",0
54,"sheriff","GlobalLearn","4","A sheriff","Emeralds",48,"Man",1,"39",21,"0",1
54,"sheriff","GlobalLearn","4","A sheriff","Emeralds",48,"Man",1,"40",23,"0",1
54,"sheriff","GlobalLearn","4","A sheriff","Emeralds",48,"Man",1,"41",22,"0",0
54,"sheriff","GlobalLearn","4","A sheriff","Emeralds",48,"Man",1,"42",18,"0",0
54,"sheriff","GlobalLearn","4","A sheriff","Emeralds",48,"Man",1,"43",18,"0",1
54,"sheriff","GlobalLearn","4","A sheriff","Emeralds",48,"Man",1,"44",19,"0",1
54,"sheriff","GlobalLearn","4","A sheriff","Emeralds",48,"Man",1,"45",21,"0",1
54,"sheriff","GlobalLearn","4","A sheriff","Emeralds",48,"Man",1,"46",18,"0",0
54,"sheriff","GlobalLearn","4","A sheriff","Emeralds",48,"Man",1,"47",24,"0",1
54,"sheriff","GlobalLearn","4","A sheriff","Emeralds",48,"Man",1,"48",23,"0",1
54,"sheriff","GlobalLearn","4","A sheriff","Emeralds",48,"Man",1,"49",21,"0",1
54,"sheriff","GlobalLearn","4","A sheriff","Emeralds",48,"Man",1,"50",20,"0",1
55,"sheriff","GlobalLearn","20","A sheriff","Emeralds",30,"Woman",1,"1",74,"0",1
55,"sheriff","GlobalLearn","20","A sheriff","Emeralds",30,"Woman",1,"2",75,"0",1
55,"sheriff","GlobalLearn","20","A sheriff","Emeralds",30,"Woman",1,"3",46,"0",0
55,"sheriff","GlobalLearn","20","A sheriff","Emeralds",30,"Woman",1,"4",70,"0",0
55,"sheriff","GlobalLearn","20","A sheriff","Emeralds",30,"Woman",1,"5",97,"1",1
55,"sheriff","GlobalLearn","20","A sheriff","Emeralds",30,"Woman",1,"6",73,"1",0
55,"sheriff","GlobalLearn","20","A sheriff","Emeralds",30,"Woman",1,"7",42,"0",1
55,"sheriff","GlobalLearn","20","A sheriff","Emeralds",30,"Woman",1,"8",80,"1",1
55,"sheriff","GlobalLearn","20","A sheriff","Emeralds",30,"Woman",1,"9",75,"0",1
55,"sheriff","GlobalLearn","20","A sheriff","Emeralds",30,"Woman",1,"10",39,"1",0
55,"sheriff","GlobalLearn","20","A sheriff","Emeralds",30,"Woman",1,"11",76,"1",0
55,"sheriff","GlobalLearn","20","A sheriff","Emeralds",30,"Woman",1,"12",65,"0",1
55,"sheriff","GlobalLearn","20","A sheriff","Emeralds",30,"Woman",1,"13",32,"0",1
55,"sheriff","GlobalLearn","20","A sheriff","Emeralds",30,"Woman",1,"14",7,"0",1
55,"sheriff","GlobalLearn","20","A sheriff","Emeralds",30,"Woman",1,"15",5,"0",1
55,"sheriff","GlobalLearn","20","A sheriff","Emeralds",30,"Woman",1,"16",12,"0",1
55,"sheriff","GlobalLearn","20","A sheriff","Emeralds",30,"Woman",1,"17",65,"0",1
55,"sheriff","GlobalLearn","20","A sheriff","Emeralds",30,"Woman",1,"18",33,"0",0
55,"sheriff","GlobalLearn","20","A sheriff","Emeralds",30,"Woman",1,"19",78,"1",1
55,"sheriff","GlobalLearn","20","A sheriff","Emeralds",30,"Woman",1,"20",86,"1",1
55,"sheriff","GlobalLearn","20","A sheriff","Emeralds",30,"Woman",1,"21",12,"1",0
55,"sheriff","GlobalLearn","20","A sheriff","Emeralds",30,"Woman",1,"22",21,"0",1
55,"sheriff","GlobalLearn","20","A sheriff","Emeralds",30,"Woman",1,"23",28,"0",1
55,"sheriff","GlobalLearn","20","A sheriff","Emeralds",30,"Woman",1,"24",62,"0",1
55,"sheriff","GlobalLearn","20","A sheriff","Emeralds",30,"Woman",1,"25",23,"0",1
55,"sheriff","GlobalLearn","20","A sheriff","Emeralds",30,"Woman",1,"26",33,"0",1
55,"sheriff","GlobalLearn","20","A sheriff","Emeralds",30,"Woman",1,"27",27,"0",1
55,"sheriff","GlobalLearn","20","A sheriff","Emeralds",30,"Woman",1,"28",23,"0",1
55,"sheriff","GlobalLearn","20","A sheriff","Emeralds",30,"Woman",1,"29",80,"0",0
55,"sheriff","GlobalLearn","20","A sheriff","Emeralds",30,"Woman",1,"30",83,"1",1
55,"sheriff","GlobalLearn","20","A sheriff","Emeralds",30,"Woman",1,"31",85,"1",1
55,"sheriff","GlobalLearn","20","A sheriff","Emeralds",30,"Woman",1,"32",83,"1",0
55,"sheriff","GlobalLearn","20","A sheriff","Emeralds",30,"Woman",1,"33",26,"0",1
55,"sheriff","GlobalLearn","20","A sheriff","Emeralds",30,"Woman",1,"34",30,"0",1
55,"sheriff","GlobalLearn","20","A sheriff","Emeralds",30,"Woman",1,"35",11,"0",1
55,"sheriff","GlobalLearn","20","A sheriff","Emeralds",30,"Woman",1,"36",99,"0",0
55,"sheriff","GlobalLearn","20","A sheriff","Emeralds",30,"Woman",1,"37",26,"1",0
55,"sheriff","GlobalLearn","20","A sheriff","Emeralds",30,"Woman",1,"38",25,"0",1
55,"sheriff","GlobalLearn","20","A sheriff","Emeralds",30,"Woman",1,"39",80,"0",0
55,"sheriff","GlobalLearn","20","A sheriff","Emeralds",30,"Woman",1,"40",69,"1",0
55,"sheriff","GlobalLearn","20","A sheriff","Emeralds",30,"Woman",1,"41",63,"0",0
55,"sheriff","GlobalLearn","20","A sheriff","Emeralds",30,"Woman",1,"42",72,"1",1
55,"sheriff","GlobalLearn","20","A sheriff","Emeralds",30,"Woman",1,"43",84,"0",0
55,"sheriff","GlobalLearn","20","A sheriff","Emeralds",30,"Woman",1,"44",76,"1",0
55,"sheriff","GlobalLearn","20","A sheriff","Emeralds",30,"Woman",1,"45",86,"0",0
55,"sheriff","GlobalLearn","20","A sheriff","Emeralds",30,"Woman",1,"46",79,"1",0
55,"sheriff","GlobalLearn","20","A sheriff","Emeralds",30,"Woman",1,"47",25,"0",1
55,"sheriff","GlobalLearn","20","A sheriff","Emeralds",30,"Woman",1,"48",24,"0",0
55,"sheriff","GlobalLearn","20","A sheriff","Emeralds",30,"Woman",1,"49",66,"0",1
55,"sheriff","GlobalLearn","20","A sheriff","Emeralds",30,"Woman",1,"50",65,"1",0
56,"sheriff","GlobalLearn","17","A sheriff","Emeralds",31,"Man",1,"1",78,"1",0
56,"sheriff","GlobalLearn","17","A sheriff","Emeralds",31,"Man",1,"2",14,"0",1
56,"sheriff","GlobalLearn","17","A sheriff","Emeralds",31,"Man",1,"3",16,"0",1
56,"sheriff","GlobalLearn","17","A sheriff","Emeralds",31,"Man",1,"4",23,"0",1
56,"sheriff","GlobalLearn","17","A sheriff","Emeralds",31,"Man",1,"5",20,"0",1
56,"sheriff","GlobalLearn","17","A sheriff","Emeralds",31,"Man",1,"6",93,"0",0
56,"sheriff","GlobalLearn","17","A sheriff","Emeralds",31,"Man",1,"7",90,"0",0
56,"sheriff","GlobalLearn","17","A sheriff","Emeralds",31,"Man",1,"8",11,"0",1
56,"sheriff","GlobalLearn","17","A sheriff","Emeralds",31,"Man",1,"9",19,"0",1
56,"sheriff","GlobalLearn","17","A sheriff","Emeralds",31,"Man",1,"10",90,"0",0
56,"sheriff","GlobalLearn","17","A sheriff","Emeralds",31,"Man",1,"11",17,"0",1
56,"sheriff","GlobalLearn","17","A sheriff","Emeralds",31,"Man",1,"12",20,"0",1
56,"sheriff","GlobalLearn","17","A sheriff","Emeralds",31,"Man",1,"13",21,"0",0
56,"sheriff","GlobalLearn","17","A sheriff","Emeralds",31,"Man",1,"14",22,"0",1
56,"sheriff","GlobalLearn","17","A sheriff","Emeralds",31,"Man",1,"15",16,"0",1
56,"sheriff","GlobalLearn","17","A sheriff","Emeralds",31,"Man",1,"16",92,"0",0
56,"sheriff","GlobalLearn","17","A sheriff","Emeralds",31,"Man",1,"17",10,"0",1
56,"sheriff","GlobalLearn","17","A sheriff","Emeralds",31,"Man",1,"18",94,"0",0
56,"sheriff","GlobalLearn","17","A sheriff","Emeralds",31,"Man",1,"19",11,"0",1
56,"sheriff","GlobalLearn","17","A sheriff","Emeralds",31,"Man",1,"20",92,"0",0
56,"sheriff","GlobalLearn","17","A sheriff","Emeralds",31,"Man",1,"21",89,"0",0
56,"sheriff","GlobalLearn","17","A sheriff","Emeralds",31,"Man",1,"22",89,"0",0
56,"sheriff","GlobalLearn","17","A sheriff","Emeralds",31,"Man",1,"23",91,"0",0
56,"sheriff","GlobalLearn","17","A sheriff","Emeralds",31,"Man",1,"24",13,"0",1
56,"sheriff","GlobalLearn","17","A sheriff","Emeralds",31,"Man",1,"25",18,"0",1
56,"sheriff","GlobalLearn","17","A sheriff","Emeralds",31,"Man",1,"26",18,"0",1
56,"sheriff","GlobalLearn","17","A sheriff","Emeralds",31,"Man",1,"27",14,"0",1
56,"sheriff","GlobalLearn","17","A sheriff","Emeralds",31,"Man",1,"28",93,"0",0
56,"sheriff","GlobalLearn","17","A sheriff","Emeralds",31,"Man",1,"29",93,"0",0
56,"sheriff","GlobalLearn","17","A sheriff","Emeralds",31,"Man",1,"30",5,"0",1
56,"sheriff","GlobalLearn","17","A sheriff","Emeralds",31,"Man",1,"31",10,"0",1
56,"sheriff","GlobalLearn","17","A sheriff","Emeralds",31,"Man",1,"32",15,"0",1
56,"sheriff","GlobalLearn","17","A sheriff","Emeralds",31,"Man",1,"33",10,"0",1
56,"sheriff","GlobalLearn","17","A sheriff","Emeralds",31,"Man",1,"34",11,"0",1
56,"sheriff","GlobalLearn","17","A sheriff","Emeralds",31,"Man",1,"35",7,"0",1
56,"sheriff","GlobalLearn","17","A sheriff","Emeralds",31,"Man",1,"36",96,"0",0
56,"sheriff","GlobalLearn","17","A sheriff","Emeralds",31,"Man",1,"37",11,"0",1
56,"sheriff","GlobalLearn","17","A sheriff","Emeralds",31,"Man",1,"38",91,"0",0
56,"sheriff","GlobalLearn","17","A sheriff","Emeralds",31,"Man",1,"39",89,"0",0
56,"sheriff","GlobalLearn","17","A sheriff","Emeralds",31,"Man",1,"40",88,"0",0
56,"sheriff","GlobalLearn","17","A sheriff","Emeralds",31,"Man",1,"41",8,"0",1
56,"sheriff","GlobalLearn","17","A sheriff","Emeralds",31,"Man",1,"42",11,"0",1
56,"sheriff","GlobalLearn","17","A sheriff","Emeralds",31,"Man",1,"43",9,"0",1
56,"sheriff","GlobalLearn","17","A sheriff","Emeralds",31,"Man",1,"44",9,"0",1
56,"sheriff","GlobalLearn","17","A sheriff","Emeralds",31,"Man",1,"45",10,"0",1
56,"sheriff","GlobalLearn","17","A sheriff","Emeralds",31,"Man",1,"46",11,"0",1
56,"sheriff","GlobalLearn","17","A sheriff","Emeralds",31,"Man",1,"47",9,"0",1
56,"sheriff","GlobalLearn","17","A sheriff","Emeralds",31,"Man",1,"48",95,"0",0
56,"sheriff","GlobalLearn","17","A sheriff","Emeralds",31,"Man",1,"49",91,"0",0
56,"sheriff","GlobalLearn","17","A sheriff","Emeralds",31,"Man",1,"50",88,"0",0
57,"bandit","GlobalLearn","24","A bandit","Emeralds",73,"Man",1,"1",100,"0",1
57,"bandit","GlobalLearn","24","A bandit","Emeralds",73,"Man",1,"2",100,"0",0
57,"bandit","GlobalLearn","24","A bandit","Emeralds",73,"Man",1,"3",100,"0",0
57,"bandit","GlobalLearn","24","A bandit","Emeralds",73,"Man",1,"4",100,"1",1
57,"bandit","GlobalLearn","24","A bandit","Emeralds",73,"Man",1,"5",0,"1",1
57,"bandit","GlobalLearn","24","A bandit","Emeralds",73,"Man",1,"6",100,"1",0
57,"bandit","GlobalLearn","24","A bandit","Emeralds",73,"Man",1,"7",100,"1",0
57,"bandit","GlobalLearn","24","A bandit","Emeralds",73,"Man",1,"8",0,"1",1
57,"bandit","GlobalLearn","24","A bandit","Emeralds",73,"Man",1,"9",0,"1",1
57,"bandit","GlobalLearn","24","A bandit","Emeralds",73,"Man",1,"10",0,"1",1
57,"bandit","GlobalLearn","24","A bandit","Emeralds",73,"Man",1,"11",0,"1",1
57,"bandit","GlobalLearn","24","A bandit","Emeralds",73,"Man",1,"12",100,"1",0
57,"bandit","GlobalLearn","24","A bandit","Emeralds",73,"Man",1,"13",0,"1",1
57,"bandit","GlobalLearn","24","A bandit","Emeralds",73,"Man",1,"14",0,"1",1
57,"bandit","GlobalLearn","24","A bandit","Emeralds",73,"Man",1,"15",0,"1",0
57,"bandit","GlobalLearn","24","A bandit","Emeralds",73,"Man",1,"16",0,"1",1
57,"bandit","GlobalLearn","24","A bandit","Emeralds",73,"Man",1,"17",0,"1",1
57,"bandit","GlobalLearn","24","A bandit","Emeralds",73,"Man",1,"18",0,"1",1
57,"bandit","GlobalLearn","24","A bandit","Emeralds",73,"Man",1,"19",0,"1",0
57,"bandit","GlobalLearn","24","A bandit","Emeralds",73,"Man",1,"20",0,"1",0
57,"bandit","GlobalLearn","24","A bandit","Emeralds",73,"Man",1,"21",0,"1",1
57,"bandit","GlobalLearn","24","A bandit","Emeralds",73,"Man",1,"22",0,"1",1
57,"bandit","GlobalLearn","24","A bandit","Emeralds",73,"Man",1,"23",0,"1",1
57,"bandit","GlobalLearn","24","A bandit","Emeralds",73,"Man",1,"24",0,"1",0
57,"bandit","GlobalLearn","24","A bandit","Emeralds",73,"Man",1,"25",100,"1",0
57,"bandit","GlobalLearn","24","A bandit","Emeralds",73,"Man",1,"26",0,"1",1
57,"bandit","GlobalLearn","24","A bandit","Emeralds",73,"Man",1,"27",0,"1",1
57,"bandit","GlobalLearn","24","A bandit","Emeralds",73,"Man",1,"28",0,"1",1
57,"bandit","GlobalLearn","24","A bandit","Emeralds",73,"Man",1,"29",57,"1",0
57,"bandit","GlobalLearn","24","A bandit","Emeralds",73,"Man",1,"30",13,"1",0
57,"bandit","GlobalLearn","24","A bandit","Emeralds",73,"Man",1,"31",8,"1",1
57,"bandit","GlobalLearn","24","A bandit","Emeralds",73,"Man",1,"32",97,"1",0
57,"bandit","GlobalLearn","24","A bandit","Emeralds",73,"Man",1,"33",94,"1",0
57,"bandit","GlobalLearn","24","A bandit","Emeralds",73,"Man",1,"34",0,"1",1
57,"bandit","GlobalLearn","24","A bandit","Emeralds",73,"Man",1,"35",0,"1",1
57,"bandit","GlobalLearn","24","A bandit","Emeralds",73,"Man",1,"36",99,"1",0
57,"bandit","GlobalLearn","24","A bandit","Emeralds",73,"Man",1,"37",78,"1",1
57,"bandit","GlobalLearn","24","A bandit","Emeralds",73,"Man",1,"38",81,"1",0
57,"bandit","GlobalLearn","24","A bandit","Emeralds",73,"Man",1,"39",72,"1",0
57,"bandit","GlobalLearn","24","A bandit","Emeralds",73,"Man",1,"40",11,"1",1
57,"bandit","GlobalLearn","24","A bandit","Emeralds",73,"Man",1,"41",86,"1",0
57,"bandit","GlobalLearn","24","A bandit","Emeralds",73,"Man",1,"42",78,"1",0
57,"bandit","GlobalLearn","24","A bandit","Emeralds",73,"Man",1,"43",1,"1",1
57,"bandit","GlobalLearn","24","A bandit","Emeralds",73,"Man",1,"44",82,"1",0
57,"bandit","GlobalLearn","24","A bandit","Emeralds",73,"Man",1,"45",15,"1",1
57,"bandit","GlobalLearn","24","A bandit","Emeralds",73,"Man",1,"46",75,"1",0
57,"bandit","GlobalLearn","24","A bandit","Emeralds",73,"Man",1,"47",78,"1",1
57,"bandit","GlobalLearn","24","A bandit","Emeralds",73,"Man",1,"48",80,"1",0
57,"bandit","GlobalLearn","24","A bandit","Emeralds",73,"Man",1,"49",85,"1",0
57,"bandit","GlobalLearn","24","A bandit","Emeralds",73,"Man",1,"50",3,"1",0
58,"bandit","GlobalLearn","57","A bandit","Emeralds",49,"Woman",1,"1",0,"1",1
58,"bandit","GlobalLearn","57","A bandit","Emeralds",49,"Woman",1,"2",69,"1",0
58,"bandit","GlobalLearn","57","A bandit","Emeralds",49,"Woman",1,"3",0,"1",1
58,"bandit","GlobalLearn","57","A bandit","Emeralds",49,"Woman",1,"4",33,"1",0
58,"bandit","GlobalLearn","57","A bandit","Emeralds",49,"Woman",1,"5",0,"1",1
58,"bandit","GlobalLearn","57","A bandit","Emeralds",49,"Woman",1,"6",19,"1",0
58,"bandit","GlobalLearn","57","A bandit","Emeralds",49,"Woman",1,"7",29,"1",0
58,"bandit","GlobalLearn","57","A bandit","Emeralds",49,"Woman",1,"8",0,"1",1
58,"bandit","GlobalLearn","57","A bandit","Emeralds",49,"Woman",1,"9",41,"1",0
58,"bandit","GlobalLearn","57","A bandit","Emeralds",49,"Woman",1,"10",97,"0",0
58,"bandit","GlobalLearn","57","A bandit","Emeralds",49,"Woman",1,"11",100,"0",0
58,"bandit","GlobalLearn","57","A bandit","Emeralds",49,"Woman",1,"12",90,"0",0
58,"bandit","GlobalLearn","57","A bandit","Emeralds",49,"Woman",1,"13",0,"1",1
58,"bandit","GlobalLearn","57","A bandit","Emeralds",49,"Woman",1,"14",0,"1",1
58,"bandit","GlobalLearn","57","A bandit","Emeralds",49,"Woman",1,"15",9,"1",0
58,"bandit","GlobalLearn","57","A bandit","Emeralds",49,"Woman",1,"16",0,"1",1
58,"bandit","GlobalLearn","57","A bandit","Emeralds",49,"Woman",1,"17",0,"1",1
58,"bandit","GlobalLearn","57","A bandit","Emeralds",49,"Woman",1,"18",9,"1",0
58,"bandit","GlobalLearn","57","A bandit","Emeralds",49,"Woman",1,"19",0,"1",1
58,"bandit","GlobalLearn","57","A bandit","Emeralds",49,"Woman",1,"20",0,"1",1
58,"bandit","GlobalLearn","57","A bandit","Emeralds",49,"Woman",1,"21",33,"1",0
58,"bandit","GlobalLearn","57","A bandit","Emeralds",49,"Woman",1,"22",0,"1",1
58,"bandit","GlobalLearn","57","A bandit","Emeralds",49,"Woman",1,"23",33,"1",0
58,"bandit","GlobalLearn","57","A bandit","Emeralds",49,"Woman",1,"24",0,"1",1
58,"bandit","GlobalLearn","57","A bandit","Emeralds",49,"Woman",1,"25",26,"1",0
58,"bandit","GlobalLearn","57","A bandit","Emeralds",49,"Woman",1,"26",32,"1",0
58,"bandit","GlobalLearn","57","A bandit","Emeralds",49,"Woman",1,"27",0,"1",1
58,"bandit","GlobalLearn","57","A bandit","Emeralds",49,"Woman",1,"28",0,"1",1
58,"bandit","GlobalLearn","57","A bandit","Emeralds",49,"Woman",1,"29",0,"1",1
58,"bandit","GlobalLearn","57","A bandit","Emeralds",49,"Woman",1,"30",28,"1",0
58,"bandit","GlobalLearn","57","A bandit","Emeralds",49,"Woman",1,"31",17,"1",0
58,"bandit","GlobalLearn","57","A bandit","Emeralds",49,"Woman",1,"32",0,"1",1
58,"bandit","GlobalLearn","57","A bandit","Emeralds",49,"Woman",1,"33",37,"1",0
58,"bandit","GlobalLearn","57","A bandit","Emeralds",49,"Woman",1,"34",44,"1",0
58,"bandit","GlobalLearn","57","A bandit","Emeralds",49,"Woman",1,"35",0,"1",1
58,"bandit","GlobalLearn","57","A bandit","Emeralds",49,"Woman",1,"36",0,"1",1
58,"bandit","GlobalLearn","57","A bandit","Emeralds",49,"Woman",1,"37",0,"1",1
58,"bandit","GlobalLearn","57","A bandit","Emeralds",49,"Woman",1,"38",9,"1",1
58,"bandit","GlobalLearn","57","A bandit","Emeralds",49,"Woman",1,"39",39,"1",0
58,"bandit","GlobalLearn","57","A bandit","Emeralds",49,"Woman",1,"40",26,"1",0
58,"bandit","GlobalLearn","57","A bandit","Emeralds",49,"Woman",1,"41",17,"1",0
58,"bandit","GlobalLearn","57","A bandit","Emeralds",49,"Woman",1,"42",0,"1",1
58,"bandit","GlobalLearn","57","A bandit","Emeralds",49,"Woman",1,"43",0,"1",1
58,"bandit","GlobalLearn","57","A bandit","Emeralds",49,"Woman",1,"44",17,"1",0
58,"bandit","GlobalLearn","57","A bandit","Emeralds",49,"Woman",1,"45",67,"0",0
58,"bandit","GlobalLearn","57","A bandit","Emeralds",49,"Woman",1,"46",36,"1",0
58,"bandit","GlobalLearn","57","A bandit","Emeralds",49,"Woman",1,"47",37,"1",0
58,"bandit","GlobalLearn","57","A bandit","Emeralds",49,"Woman",1,"48",0,"1",1
58,"bandit","GlobalLearn","57","A bandit","Emeralds",49,"Woman",1,"49",0,"1",1
58,"bandit","GlobalLearn","57","A bandit","Emeralds",49,"Woman",1,"50",23,"1",0
59,"bandit","GlobalLearn","30","A bandit","Emeralds",34,"Man",1,"1",100,"0",0
59,"bandit","GlobalLearn","30","A bandit","Emeralds",34,"Man",1,"2",100,"0",0
59,"bandit","GlobalLearn","30","A bandit","Emeralds",34,"Man",1,"3",100,"1",0
59,"bandit","GlobalLearn","30","A bandit","Emeralds",34,"Man",1,"4",10,"1",1
59,"bandit","GlobalLearn","30","A bandit","Emeralds",34,"Man",1,"5",10,"1",1
59,"bandit","GlobalLearn","30","A bandit","Emeralds",34,"Man",1,"6",100,"1",0
59,"bandit","GlobalLearn","30","A bandit","Emeralds",34,"Man",1,"7",100,"1",0
59,"bandit","GlobalLearn","30","A bandit","Emeralds",34,"Man",1,"8",0,"1",1
59,"bandit","GlobalLearn","30","A bandit","Emeralds",34,"Man",1,"9",0,"1",1
59,"bandit","GlobalLearn","30","A bandit","Emeralds",34,"Man",1,"10",100,"1",0
59,"bandit","GlobalLearn","30","A bandit","Emeralds",34,"Man",1,"11",100,"1",0
59,"bandit","GlobalLearn","30","A bandit","Emeralds",34,"Man",1,"12",0,"1",1
59,"bandit","GlobalLearn","30","A bandit","Emeralds",34,"Man",1,"13",100,"1",0
59,"bandit","GlobalLearn","30","A bandit","Emeralds",34,"Man",1,"14",100,"1",0
59,"bandit","GlobalLearn","30","A bandit","Emeralds",34,"Man",1,"15",100,"1",0
59,"bandit","GlobalLearn","30","A bandit","Emeralds",34,"Man",1,"16",100,"1",0
59,"bandit","GlobalLearn","30","A bandit","Emeralds",34,"Man",1,"17",100,"1",0
59,"bandit","GlobalLearn","30","A bandit","Emeralds",34,"Man",1,"18",100,"1",0
59,"bandit","GlobalLearn","30","A bandit","Emeralds",34,"Man",1,"19",0,"0",1
59,"bandit","GlobalLearn","30","A bandit","Emeralds",34,"Man",1,"20",0,"0",1
59,"bandit","GlobalLearn","30","A bandit","Emeralds",34,"Man",1,"21",0,"0",1
59,"bandit","GlobalLearn","30","A bandit","Emeralds",34,"Man",1,"22",100,"0",0
59,"bandit","GlobalLearn","30","A bandit","Emeralds",34,"Man",1,"23",100,"0",0
59,"bandit","GlobalLearn","30","A bandit","Emeralds",34,"Man",1,"24",0,"1",1
59,"bandit","GlobalLearn","30","A bandit","Emeralds",34,"Man",1,"25",0,"1",1
59,"bandit","GlobalLearn","30","A bandit","Emeralds",34,"Man",1,"26",100,"1",0
59,"bandit","GlobalLearn","30","A bandit","Emeralds",34,"Man",1,"27",0,"0",1
59,"bandit","GlobalLearn","30","A bandit","Emeralds",34,"Man",1,"28",0,"0",1
59,"bandit","GlobalLearn","30","A bandit","Emeralds",34,"Man",1,"29",100,"0",0
59,"bandit","GlobalLearn","30","A bandit","Emeralds",34,"Man",1,"30",100,"1",0
59,"bandit","GlobalLearn","30","A bandit","Emeralds",34,"Man",1,"31",100,"1",0
59,"bandit","GlobalLearn","30","A bandit","Emeralds",34,"Man",1,"32",100,"1",0
59,"bandit","GlobalLearn","30","A bandit","Emeralds",34,"Man",1,"33",100,"0",0
59,"bandit","GlobalLearn","30","A bandit","Emeralds",34,"Man",1,"34",0,"0",1
59,"bandit","GlobalLearn","30","A bandit","Emeralds",34,"Man",1,"35",100,"0",0
59,"bandit","GlobalLearn","30","A bandit","Emeralds",34,"Man",1,"36",100,"0",0
59,"bandit","GlobalLearn","30","A bandit","Emeralds",34,"Man",1,"37",100,"1",0
59,"bandit","GlobalLearn","30","A bandit","Emeralds",34,"Man",1,"38",100,"1",0
59,"bandit","GlobalLearn","30","A bandit","Emeralds",34,"Man",1,"39",100,"1",0
59,"bandit","GlobalLearn","30","A bandit","Emeralds",34,"Man",1,"40",0,"0",1
59,"bandit","GlobalLearn","30","A bandit","Emeralds",34,"Man",1,"41",0,"0",1
59,"bandit","GlobalLearn","30","A bandit","Emeralds",34,"Man",1,"42",100,"0",0
59,"bandit","GlobalLearn","30","A bandit","Emeralds",34,"Man",1,"43",0,"0",1
59,"bandit","GlobalLearn","30","A bandit","Emeralds",34,"Man",1,"44",0,"0",1
59,"bandit","GlobalLearn","30","A bandit","Emeralds",34,"Man",1,"45",0,"0",1
59,"bandit","GlobalLearn","30","A bandit","Emeralds",34,"Man",1,"46",100,"0",0
59,"bandit","GlobalLearn","30","A bandit","Emeralds",34,"Man",1,"47",100,"0",0
59,"bandit","GlobalLearn","30","A bandit","Emeralds",34,"Man",1,"48",0,"0",1
59,"bandit","GlobalLearn","30","A bandit","Emeralds",34,"Man",1,"49",0,"0",1
59,"bandit","GlobalLearn","30","A bandit","Emeralds",34,"Man",1,"50",0,"0",1
60,"bandit","GlobalLearn","26","A bandit","Emeralds",37,"Woman",1,"1",53,"0",0
60,"bandit","GlobalLearn","26","A bandit","Emeralds",37,"Woman",1,"2",55,"0",1
60,"bandit","GlobalLearn","26","A bandit","Emeralds",37,"Woman",1,"3",55,"0",1
60,"bandit","GlobalLearn","26","A bandit","Emeralds",37,"Woman",1,"4",54,"0",0
60,"bandit","GlobalLearn","26","A bandit","Emeralds",37,"Woman",1,"5",56,"0",1
60,"bandit","GlobalLearn","26","A bandit","Emeralds",37,"Woman",1,"6",38,"0",0
60,"bandit","GlobalLearn","26","A bandit","Emeralds",37,"Woman",1,"7",37,"0",0
60,"bandit","GlobalLearn","26","A bandit","Emeralds",37,"Woman",1,"8",39,"1",0
60,"bandit","GlobalLearn","26","A bandit","Emeralds",37,"Woman",1,"9",43,"1",0
60,"bandit","GlobalLearn","26","A bandit","Emeralds",37,"Woman",1,"10",40,"1",1
60,"bandit","GlobalLearn","26","A bandit","Emeralds",37,"Woman",1,"11",59,"1",0
60,"bandit","GlobalLearn","26","A bandit","Emeralds",37,"Woman",1,"12",57,"1",1
60,"bandit","GlobalLearn","26","A bandit","Emeralds",37,"Woman",1,"13",55,"1",0
60,"bandit","GlobalLearn","26","A bandit","Emeralds",37,"Woman",1,"14",45,"0",1
60,"bandit","GlobalLearn","26","A bandit","Emeralds",37,"Woman",1,"15",59,"0",0
60,"bandit","GlobalLearn","26","A bandit","Emeralds",37,"Woman",1,"16",45,"0",1
60,"bandit","GlobalLearn","26","A bandit","Emeralds",37,"Woman",1,"17",58,"0",1
60,"bandit","GlobalLearn","26","A bandit","Emeralds",37,"Woman",1,"18",42,"0",0
60,"bandit","GlobalLearn","26","A bandit","Emeralds",37,"Woman",1,"19",58,"0",1
60,"bandit","GlobalLearn","26","A bandit","Emeralds",37,"Woman",1,"20",39,"0",1
60,"bandit","GlobalLearn","26","A bandit","Emeralds",37,"Woman",1,"21",57,"0",0
60,"bandit","GlobalLearn","26","A bandit","Emeralds",37,"Woman",1,"22",35,"0",1
60,"bandit","GlobalLearn","26","A bandit","Emeralds",37,"Woman",1,"23",65,"0",0
60,"bandit","GlobalLearn","26","A bandit","Emeralds",37,"Woman",1,"24",40,"0",1
60,"bandit","GlobalLearn","26","A bandit","Emeralds",37,"Woman",1,"25",64,"0",1
60,"bandit","GlobalLearn","26","A bandit","Emeralds",37,"Woman",1,"26",41,"0",0
60,"bandit","GlobalLearn","26","A bandit","Emeralds",37,"Woman",1,"27",60,"0",1
60,"bandit","GlobalLearn","26","A bandit","Emeralds",37,"Woman",1,"28",40,"0",1
60,"bandit","GlobalLearn","26","A bandit","Emeralds",37,"Woman",1,"29",61,"0",0
60,"bandit","GlobalLearn","26","A bandit","Emeralds",37,"Woman",1,"30",41,"0",0
60,"bandit","GlobalLearn","26","A bandit","Emeralds",37,"Woman",1,"31",59,"0",1
60,"bandit","GlobalLearn","26","A bandit","Emeralds",37,"Woman",1,"32",69,"0",1
60,"bandit","GlobalLearn","26","A bandit","Emeralds",37,"Woman",1,"33",61,"0",0
60,"bandit","GlobalLearn","26","A bandit","Emeralds",37,"Woman",1,"34",58,"0",0
60,"bandit","GlobalLearn","26","A bandit","Emeralds",37,"Woman",1,"35",57,"0",0
60,"bandit","GlobalLearn","26","A bandit","Emeralds",37,"Woman",1,"36",58,"1",1
60,"bandit","GlobalLearn","26","A bandit","Emeralds",37,"Woman",1,"37",58,"1",0
60,"bandit","GlobalLearn","26","A bandit","Emeralds",37,"Woman",1,"38",57,"1",0
60,"bandit","GlobalLearn","26","A bandit","Emeralds",37,"Woman",1,"39",38,"1",0
60,"bandit","GlobalLearn","26","A bandit","Emeralds",37,"Woman",1,"40",58,"0",0
60,"bandit","GlobalLearn","26","A bandit","Emeralds",37,"Woman",1,"41",41,"0",0
60,"bandit","GlobalLearn","26","A bandit","Emeralds",37,"Woman",1,"42",57,"0",1
60,"bandit","GlobalLearn","26","A bandit","Emeralds",37,"Woman",1,"43",45,"0",1
60,"bandit","GlobalLearn","26","A bandit","Emeralds",37,"Woman",1,"44",56,"0",0
60,"bandit","GlobalLearn","26","A bandit","Emeralds",37,"Woman",1,"45",44,"0",0
60,"bandit","GlobalLearn","26","A bandit","Emeralds",37,"Woman",1,"46",57,"0",1
60,"bandit","GlobalLearn","26","A bandit","Emeralds",37,"Woman",1,"47",44,"0",0
60,"bandit","GlobalLearn","26","A bandit","Emeralds",37,"Woman",1,"48",57,"0",1
60,"bandit","GlobalLearn","26","A bandit","Emeralds",37,"Woman",1,"49",54,"0",1
60,"bandit","GlobalLearn","26","A bandit","Emeralds",37,"Woman",1,"50",53,"0",1
61,"tycoon","GlobalLearn","48","A tycoon","Emeralds",34,"Man",1,"1",73,"0",1
61,"tycoon","GlobalLearn","48","A tycoon","Emeralds",34,"Man",1,"2",79,"0",1
61,"tycoon","GlobalLearn","48","A tycoon","Emeralds",34,"Man",1,"3",29,"0",1
61,"tycoon","GlobalLearn","48","A tycoon","Emeralds",34,"Man",1,"4",23,"0",1
61,"tycoon","GlobalLearn","48","A tycoon","Emeralds",34,"Man",1,"5",5,"0",1
61,"tycoon","GlobalLearn","48","A tycoon","Emeralds",34,"Man",1,"6",0,"0",1
61,"tycoon","GlobalLearn","48","A tycoon","Emeralds",34,"Man",1,"7",59,"0",0
61,"tycoon","GlobalLearn","48","A tycoon","Emeralds",34,"Man",1,"8",73,"0",0
61,"tycoon","GlobalLearn","48","A tycoon","Emeralds",34,"Man",1,"9",19,"0",1
61,"tycoon","GlobalLearn","48","A tycoon","Emeralds",34,"Man",1,"10",8,"0",1
61,"tycoon","GlobalLearn","48","A tycoon","Emeralds",34,"Man",1,"11",2,"0",1
61,"tycoon","GlobalLearn","48","A tycoon","Emeralds",34,"Man",1,"12",0,"0",1
61,"tycoon","GlobalLearn","48","A tycoon","Emeralds",34,"Man",1,"13",30,"0",0
61,"tycoon","GlobalLearn","48","A tycoon","Emeralds",34,"Man",1,"14",4,"0",1
61,"tycoon","GlobalLearn","48","A tycoon","Emeralds",34,"Man",1,"15",1,"0",1
61,"tycoon","GlobalLearn","48","A tycoon","Emeralds",34,"Man",1,"16",16,"0",0
61,"tycoon","GlobalLearn","48","A tycoon","Emeralds",34,"Man",1,"17",72,"0",1
61,"tycoon","GlobalLearn","48","A tycoon","Emeralds",34,"Man",1,"18",22,"0",0
61,"tycoon","GlobalLearn","48","A tycoon","Emeralds",34,"Man",1,"19",59,"0",1
61,"tycoon","GlobalLearn","48","A tycoon","Emeralds",34,"Man",1,"20",13,"1",0
61,"tycoon","GlobalLearn","48","A tycoon","Emeralds",34,"Man",1,"21",20,"1",0
61,"tycoon","GlobalLearn","48","A tycoon","Emeralds",34,"Man",1,"22",70,"0",1
61,"tycoon","GlobalLearn","48","A tycoon","Emeralds",34,"Man",1,"23",72,"0",1
61,"tycoon","GlobalLearn","48","A tycoon","Emeralds",34,"Man",1,"24",73,"0",1
61,"tycoon","GlobalLearn","48","A tycoon","Emeralds",34,"Man",1,"25",63,"0",1
61,"tycoon","GlobalLearn","48","A tycoon","Emeralds",34,"Man",1,"26",18,"0",0
61,"tycoon","GlobalLearn","48","A tycoon","Emeralds",34,"Man",1,"27",73,"0",1
61,"tycoon","GlobalLearn","48","A tycoon","Emeralds",34,"Man",1,"28",66,"0",1
61,"tycoon","GlobalLearn","48","A tycoon","Emeralds",34,"Man",1,"29",73,"0",1
61,"tycoon","GlobalLearn","48","A tycoon","Emeralds",34,"Man",1,"30",69,"0",1
61,"tycoon","GlobalLearn","48","A tycoon","Emeralds",34,"Man",1,"31",13,"0",0
61,"tycoon","GlobalLearn","48","A tycoon","Emeralds",34,"Man",1,"32",72,"0",1
61,"tycoon","GlobalLearn","48","A tycoon","Emeralds",34,"Man",1,"33",8,"0",0
61,"tycoon","GlobalLearn","48","A tycoon","Emeralds",34,"Man",1,"34",73,"0",1
61,"tycoon","GlobalLearn","48","A tycoon","Emeralds",34,"Man",1,"35",72,"0",1
61,"tycoon","GlobalLearn","48","A tycoon","Emeralds",34,"Man",1,"36",72,"0",1
61,"tycoon","GlobalLearn","48","A tycoon","Emeralds",34,"Man",1,"37",77,"0",1
61,"tycoon","GlobalLearn","48","A tycoon","Emeralds",34,"Man",1,"38",35,"0",0
61,"tycoon","GlobalLearn","48","A tycoon","Emeralds",34,"Man",1,"39",78,"0",1
61,"tycoon","GlobalLearn","48","A tycoon","Emeralds",34,"Man",1,"40",82,"0",1
61,"tycoon","GlobalLearn","48","A tycoon","Emeralds",34,"Man",1,"41",85,"0",1
61,"tycoon","GlobalLearn","48","A tycoon","Emeralds",34,"Man",1,"42",86,"0",1
61,"tycoon","GlobalLearn","48","A tycoon","Emeralds",34,"Man",1,"43",86,"0",1
61,"tycoon","GlobalLearn","48","A tycoon","Emeralds",34,"Man",1,"44",14,"0",0
61,"tycoon","GlobalLearn","48","A tycoon","Emeralds",34,"Man",1,"45",20,"0",0
61,"tycoon","GlobalLearn","48","A tycoon","Emeralds",34,"Man",1,"46",82,"0",1
61,"tycoon","GlobalLearn","48","A tycoon","Emeralds",34,"Man",1,"47",90,"0",1
61,"tycoon","GlobalLearn","48","A tycoon","Emeralds",34,"Man",1,"48",90,"0",1
61,"tycoon","GlobalLearn","48","A tycoon","Emeralds",34,"Man",1,"49",83,"0",1
61,"tycoon","GlobalLearn","48","A tycoon","Emeralds",34,"Man",1,"50",91,"0",1
62,"bandit","GlobalLearn","57","A bandit","Emeralds",33,"Man",1,"1",0,"1",1
62,"bandit","GlobalLearn","57","A bandit","Emeralds",33,"Man",1,"2",74,"1",0
62,"bandit","GlobalLearn","57","A bandit","Emeralds",33,"Man",1,"3",0,"1",1
62,"bandit","GlobalLearn","57","A bandit","Emeralds",33,"Man",1,"4",68,"1",0
62,"bandit","GlobalLearn","57","A bandit","Emeralds",33,"Man",1,"5",0,"1",1
62,"bandit","GlobalLearn","57","A bandit","Emeralds",33,"Man",1,"6",61,"1",0
62,"bandit","GlobalLearn","57","A bandit","Emeralds",33,"Man",1,"7",57,"1",0
62,"bandit","GlobalLearn","57","A bandit","Emeralds",33,"Man",1,"8",0,"1",1
62,"bandit","GlobalLearn","57","A bandit","Emeralds",33,"Man",1,"9",56,"1",0
62,"bandit","GlobalLearn","57","A bandit","Emeralds",33,"Man",1,"10",79,"0",0
62,"bandit","GlobalLearn","57","A bandit","Emeralds",33,"Man",1,"11",77,"0",0
62,"bandit","GlobalLearn","57","A bandit","Emeralds",33,"Man",1,"12",69,"0",0
62,"bandit","GlobalLearn","57","A bandit","Emeralds",33,"Man",1,"13",0,"1",1
62,"bandit","GlobalLearn","57","A bandit","Emeralds",33,"Man",1,"14",0,"1",1
62,"bandit","GlobalLearn","57","A bandit","Emeralds",33,"Man",1,"15",25,"1",0
62,"bandit","GlobalLearn","57","A bandit","Emeralds",33,"Man",1,"16",0,"1",1
62,"bandit","GlobalLearn","57","A bandit","Emeralds",33,"Man",1,"17",0,"1",1
62,"bandit","GlobalLearn","57","A bandit","Emeralds",33,"Man",1,"18",18,"1",0
62,"bandit","GlobalLearn","57","A bandit","Emeralds",33,"Man",1,"19",0,"1",1
62,"bandit","GlobalLearn","57","A bandit","Emeralds",33,"Man",1,"20",0,"1",1
62,"bandit","GlobalLearn","57","A bandit","Emeralds",33,"Man",1,"21",19,"1",0
62,"bandit","GlobalLearn","57","A bandit","Emeralds",33,"Man",1,"22",0,"1",1
62,"bandit","GlobalLearn","57","A bandit","Emeralds",33,"Man",1,"23",16,"1",0
62,"bandit","GlobalLearn","57","A bandit","Emeralds",33,"Man",1,"24",0,"1",1
62,"bandit","GlobalLearn","57","A bandit","Emeralds",33,"Man",1,"25",15,"1",0
62,"bandit","GlobalLearn","57","A bandit","Emeralds",33,"Man",1,"26",11,"1",0
62,"bandit","GlobalLearn","57","A bandit","Emeralds",33,"Man",1,"27",0,"1",1
62,"bandit","GlobalLearn","57","A bandit","Emeralds",33,"Man",1,"28",0,"1",1
62,"bandit","GlobalLearn","57","A bandit","Emeralds",33,"Man",1,"29",0,"1",1
62,"bandit","GlobalLearn","57","A bandit","Emeralds",33,"Man",1,"30",5,"1",0
62,"bandit","GlobalLearn","57","A bandit","Emeralds",33,"Man",1,"31",7,"1",0
62,"bandit","GlobalLearn","57","A bandit","Emeralds",33,"Man",1,"32",0,"1",1
62,"bandit","GlobalLearn","57","A bandit","Emeralds",33,"Man",1,"33",8,"1",0
62,"bandit","GlobalLearn","57","A bandit","Emeralds",33,"Man",1,"34",6,"1",0
62,"bandit","GlobalLearn","57","A bandit","Emeralds",33,"Man",1,"35",0,"1",1
62,"bandit","GlobalLearn","57","A bandit","Emeralds",33,"Man",1,"36",0,"1",1
62,"bandit","GlobalLearn","57","A bandit","Emeralds",33,"Man",1,"37",0,"1",1
62,"bandit","GlobalLearn","57","A bandit","Emeralds",33,"Man",1,"38",0,"1",1
62,"bandit","GlobalLearn","57","A bandit","Emeralds",33,"Man",1,"39",7,"1",0
62,"bandit","GlobalLearn","57","A bandit","Emeralds",33,"Man",1,"40",8,"1",0
62,"bandit","GlobalLearn","57","A bandit","Emeralds",33,"Man",1,"41",8,"1",0
62,"bandit","GlobalLearn","57","A bandit","Emeralds",33,"Man",1,"42",0,"1",1
62,"bandit","GlobalLearn","57","A bandit","Emeralds",33,"Man",1,"43",0,"1",1
62,"bandit","GlobalLearn","57","A bandit","Emeralds",33,"Man",1,"44",5,"1",0
62,"bandit","GlobalLearn","57","A bandit","Emeralds",33,"Man",1,"45",66,"0",0
62,"bandit","GlobalLearn","57","A bandit","Emeralds",33,"Man",1,"46",6,"1",0
62,"bandit","GlobalLearn","57","A bandit","Emeralds",33,"Man",1,"47",7,"1",0
62,"bandit","GlobalLearn","57","A bandit","Emeralds",33,"Man",1,"48",0,"1",1
62,"bandit","GlobalLearn","57","A bandit","Emeralds",33,"Man",1,"49",0,"1",1
62,"bandit","GlobalLearn","57","A bandit","Emeralds",33,"Man",1,"50",5,"1",0
63,"bandit","GlobalLearn","30","A bandit","Emeralds",43,"Woman",1,"1",100,"0",0
63,"bandit","GlobalLearn","30","A bandit","Emeralds",43,"Woman",1,"2",100,"0",0
63,"bandit","GlobalLearn","30","A bandit","Emeralds",43,"Woman",1,"3",100,"1",0
63,"bandit","GlobalLearn","30","A bandit","Emeralds",43,"Woman",1,"4",33,"1",1
63,"bandit","GlobalLearn","30","A bandit","Emeralds",43,"Woman",1,"5",27,"1",1
63,"bandit","GlobalLearn","30","A bandit","Emeralds",43,"Woman",1,"6",77,"1",0
63,"bandit","GlobalLearn","30","A bandit","Emeralds",43,"Woman",1,"7",78,"1",0
63,"bandit","GlobalLearn","30","A bandit","Emeralds",43,"Woman",1,"8",32,"1",1
63,"bandit","GlobalLearn","30","A bandit","Emeralds",43,"Woman",1,"9",30,"1",1
63,"bandit","GlobalLearn","30","A bandit","Emeralds",43,"Woman",1,"10",77,"1",0
63,"bandit","GlobalLearn","30","A bandit","Emeralds",43,"Woman",1,"11",86,"1",0
63,"bandit","GlobalLearn","30","A bandit","Emeralds",43,"Woman",1,"12",29,"1",1
63,"bandit","GlobalLearn","30","A bandit","Emeralds",43,"Woman",1,"13",74,"1",0
63,"bandit","GlobalLearn","30","A bandit","Emeralds",43,"Woman",1,"14",80,"1",0
63,"bandit","GlobalLearn","30","A bandit","Emeralds",43,"Woman",1,"15",79,"1",0
63,"bandit","GlobalLearn","30","A bandit","Emeralds",43,"Woman",1,"16",89,"1",0
63,"bandit","GlobalLearn","30","A bandit","Emeralds",43,"Woman",1,"17",82,"1",0
63,"bandit","GlobalLearn","30","A bandit","Emeralds",43,"Woman",1,"18",76,"1",0
63,"bandit","GlobalLearn","30","A bandit","Emeralds",43,"Woman",1,"19",34,"0",1
63,"bandit","GlobalLearn","30","A bandit","Emeralds",43,"Woman",1,"20",33,"0",1
63,"bandit","GlobalLearn","30","A bandit","Emeralds",43,"Woman",1,"21",30,"0",1
63,"bandit","GlobalLearn","30","A bandit","Emeralds",43,"Woman",1,"22",93,"0",0
63,"bandit","GlobalLearn","30","A bandit","Emeralds",43,"Woman",1,"23",82,"0",0
63,"bandit","GlobalLearn","30","A bandit","Emeralds",43,"Woman",1,"24",38,"1",1
63,"bandit","GlobalLearn","30","A bandit","Emeralds",43,"Woman",1,"25",34,"1",1
63,"bandit","GlobalLearn","30","A bandit","Emeralds",43,"Woman",1,"26",84,"1",0
63,"bandit","GlobalLearn","30","A bandit","Emeralds",43,"Woman",1,"27",33,"0",1
63,"bandit","GlobalLearn","30","A bandit","Emeralds",43,"Woman",1,"28",33,"0",1
63,"bandit","GlobalLearn","30","A bandit","Emeralds",43,"Woman",1,"29",73,"0",0
63,"bandit","GlobalLearn","30","A bandit","Emeralds",43,"Woman",1,"30",78,"1",0
63,"bandit","GlobalLearn","30","A bandit","Emeralds",43,"Woman",1,"31",83,"1",0
63,"bandit","GlobalLearn","30","A bandit","Emeralds",43,"Woman",1,"32",81,"1",0
63,"bandit","GlobalLearn","30","A bandit","Emeralds",43,"Woman",1,"33",84,"0",0
63,"bandit","GlobalLearn","30","A bandit","Emeralds",43,"Woman",1,"34",31,"0",1
63,"bandit","GlobalLearn","30","A bandit","Emeralds",43,"Woman",1,"35",86,"0",0
63,"bandit","GlobalLearn","30","A bandit","Emeralds",43,"Woman",1,"36",75,"0",0
63,"bandit","GlobalLearn","30","A bandit","Emeralds",43,"Woman",1,"37",82,"1",0
63,"bandit","GlobalLearn","30","A bandit","Emeralds",43,"Woman",1,"38",78,"1",0
63,"bandit","GlobalLearn","30","A bandit","Emeralds",43,"Woman",1,"39",76,"1",0
63,"bandit","GlobalLearn","30","A bandit","Emeralds",43,"Woman",1,"40",36,"0",1
63,"bandit","GlobalLearn","30","A bandit","Emeralds",43,"Woman",1,"41",34,"0",1
63,"bandit","GlobalLearn","30","A bandit","Emeralds",43,"Woman",1,"42",74,"0",0
63,"bandit","GlobalLearn","30","A bandit","Emeralds",43,"Woman",1,"43",34,"0",1
63,"bandit","GlobalLearn","30","A bandit","Emeralds",43,"Woman",1,"44",36,"0",1
63,"bandit","GlobalLearn","30","A bandit","Emeralds",43,"Woman",1,"45",30,"0",1
63,"bandit","GlobalLearn","30","A bandit","Emeralds",43,"Woman",1,"46",81,"0",0
63,"bandit","GlobalLearn","30","A bandit","Emeralds",43,"Woman",1,"47",78,"0",0
63,"bandit","GlobalLearn","30","A bandit","Emeralds",43,"Woman",1,"48",33,"0",1
63,"bandit","GlobalLearn","30","A bandit","Emeralds",43,"Woman",1,"49",21,"0",1
63,"bandit","GlobalLearn","30","A bandit","Emeralds",43,"Woman",1,"50",16,"0",1
64,"bandit","GlobalLearn","63","A bandit","Emeralds",23,"Woman",1,"1",12,"0",1
64,"bandit","GlobalLearn","63","A bandit","Emeralds",23,"Woman",1,"2",90,"0",0
64,"bandit","GlobalLearn","63","A bandit","Emeralds",23,"Woman",1,"3",12,"0",1
64,"bandit","GlobalLearn","63","A bandit","Emeralds",23,"Woman",1,"4",94,"0",0
64,"bandit","GlobalLearn","63","A bandit","Emeralds",23,"Woman",1,"5",86,"0",0
64,"bandit","GlobalLearn","63","A bandit","Emeralds",23,"Woman",1,"6",73,"0",0
64,"bandit","GlobalLearn","63","A bandit","Emeralds",23,"Woman",1,"7",77,"1",0
64,"bandit","GlobalLearn","63","A bandit","Emeralds",23,"Woman",1,"8",9,"0",1
64,"bandit","GlobalLearn","63","A bandit","Emeralds",23,"Woman",1,"9",64,"0",0
64,"bandit","GlobalLearn","63","A bandit","Emeralds",23,"Woman",1,"10",69,"1",0
64,"bandit","GlobalLearn","63","A bandit","Emeralds",23,"Woman",1,"11",75,"1",0
64,"bandit","GlobalLearn","63","A bandit","Emeralds",23,"Woman",1,"12",85,"1",0
64,"bandit","GlobalLearn","63","A bandit","Emeralds",23,"Woman",1,"13",73,"0",0
64,"bandit","GlobalLearn","63","A bandit","Emeralds",23,"Woman",1,"14",77,"0",0
64,"bandit","GlobalLearn","63","A bandit","Emeralds",23,"Woman",1,"15",93,"0",0
64,"bandit","GlobalLearn","63","A bandit","Emeralds",23,"Woman",1,"16",91,"1",1
64,"bandit","GlobalLearn","63","A bandit","Emeralds",23,"Woman",1,"17",88,"1",0
64,"bandit","GlobalLearn","63","A bandit","Emeralds",23,"Woman",1,"18",39,"1",1
64,"bandit","GlobalLearn","63","A bandit","Emeralds",23,"Woman",1,"19",36,"1",1
64,"bandit","GlobalLearn","63","A bandit","Emeralds",23,"Woman",1,"20",9,"1",1
64,"bandit","GlobalLearn","63","A bandit","Emeralds",23,"Woman",1,"21",20,"1",1
64,"bandit","GlobalLearn","63","A bandit","Emeralds",23,"Woman",1,"22",12,"1",1
64,"bandit","GlobalLearn","63","A bandit","Emeralds",23,"Woman",1,"23",89,"1",0
64,"bandit","GlobalLearn","63","A bandit","Emeralds",23,"Woman",1,"24",10,"1",1
64,"bandit","GlobalLearn","63","A bandit","Emeralds",23,"Woman",1,"25",8,"1",1
64,"bandit","GlobalLearn","63","A bandit","Emeralds",23,"Woman",1,"26",9,"1",1
64,"bandit","GlobalLearn","63","A bandit","Emeralds",23,"Woman",1,"27",96,"1",0
64,"bandit","GlobalLearn","63","A bandit","Emeralds",23,"Woman",1,"28",13,"1",1
64,"bandit","GlobalLearn","63","A bandit","Emeralds",23,"Woman",1,"29",93,"1",0
64,"bandit","GlobalLearn","63","A bandit","Emeralds",23,"Woman",1,"30",93,"1",0
64,"bandit","GlobalLearn","63","A bandit","Emeralds",23,"Woman",1,"31",89,"1",0
64,"bandit","GlobalLearn","63","A bandit","Emeralds",23,"Woman",1,"32",84,"0",0
64,"bandit","GlobalLearn","63","A bandit","Emeralds",23,"Woman",1,"33",13,"0",1
64,"bandit","GlobalLearn","63","A bandit","Emeralds",23,"Woman",1,"34",14,"0",0
64,"bandit","GlobalLearn","63","A bandit","Emeralds",23,"Woman",1,"35",13,"1",1
64,"bandit","GlobalLearn","63","A bandit","Emeralds",23,"Woman",1,"36",99,"1",0
64,"bandit","GlobalLearn","63","A bandit","Emeralds",23,"Woman",1,"37",89,"1",0
64,"bandit","GlobalLearn","63","A bandit","Emeralds",23,"Woman",1,"38",87,"1",0
64,"bandit","GlobalLearn","63","A bandit","Emeralds",23,"Woman",1,"39",77,"1",0
64,"bandit","GlobalLearn","63","A bandit","Emeralds",23,"Woman",1,"40",82,"1",0
64,"bandit","GlobalLearn","63","A bandit","Emeralds",23,"Woman",1,"41",87,"0",0
64,"bandit","GlobalLearn","63","A bandit","Emeralds",23,"Woman",1,"42",12,"1",1
64,"bandit","GlobalLearn","63","A bandit","Emeralds",23,"Woman",1,"43",68,"1",0
64,"bandit","GlobalLearn","63","A bandit","Emeralds",23,"Woman",1,"44",90,"1",0
64,"bandit","GlobalLearn","63","A bandit","Emeralds",23,"Woman",1,"45",18,"1",1
64,"bandit","GlobalLearn","63","A bandit","Emeralds",23,"Woman",1,"46",93,"1",0
64,"bandit","GlobalLearn","63","A bandit","Emeralds",23,"Woman",1,"47",16,"1",1
64,"bandit","GlobalLearn","63","A bandit","Emeralds",23,"Woman",1,"48",95,"1",0
64,"bandit","GlobalLearn","63","A bandit","Emeralds",23,"Woman",1,"49",86,"0",0
64,"bandit","GlobalLearn","63","A bandit","Emeralds",23,"Woman",1,"50",93,"0",0
65,"sheriff","GlobalLearn","17","A sheriff","Emeralds",35,"Man",1,"1",49,"1",0
65,"sheriff","GlobalLearn","17","A sheriff","Emeralds",35,"Man",1,"2",50,"0",1
65,"sheriff","GlobalLearn","17","A sheriff","Emeralds",35,"Man",1,"3",72,"0",1
65,"sheriff","GlobalLearn","17","A sheriff","Emeralds",35,"Man",1,"4",58,"0",1
65,"sheriff","GlobalLearn","17","A sheriff","Emeralds",35,"Man",1,"5",75,"0",1
65,"sheriff","GlobalLearn","17","A sheriff","Emeralds",35,"Man",1,"6",26,"0",0
65,"sheriff","GlobalLearn","17","A sheriff","Emeralds",35,"Man",1,"7",21,"0",0
65,"sheriff","GlobalLearn","17","A sheriff","Emeralds",35,"Man",1,"8",75,"0",1
65,"sheriff","GlobalLearn","17","A sheriff","Emeralds",35,"Man",1,"9",73,"0",1
65,"sheriff","GlobalLearn","17","A sheriff","Emeralds",35,"Man",1,"10",71,"0",0
65,"sheriff","GlobalLearn","17","A sheriff","Emeralds",35,"Man",1,"11",77,"0",1
65,"sheriff","GlobalLearn","17","A sheriff","Emeralds",35,"Man",1,"12",74,"0",1
65,"sheriff","GlobalLearn","17","A sheriff","Emeralds",35,"Man",1,"13",21,"0",0
65,"sheriff","GlobalLearn","17","A sheriff","Emeralds",35,"Man",1,"14",74,"0",1
65,"sheriff","GlobalLearn","17","A sheriff","Emeralds",35,"Man",1,"15",53,"0",1
65,"sheriff","GlobalLearn","17","A sheriff","Emeralds",35,"Man",1,"16",58,"0",0
65,"sheriff","GlobalLearn","17","A sheriff","Emeralds",35,"Man",1,"17",63,"0",1
65,"sheriff","GlobalLearn","17","A sheriff","Emeralds",35,"Man",1,"18",37,"0",0
65,"sheriff","GlobalLearn","17","A sheriff","Emeralds",35,"Man",1,"19",53,"0",1
65,"sheriff","GlobalLearn","17","A sheriff","Emeralds",35,"Man",1,"20",50,"0",0
65,"sheriff","GlobalLearn","17","A sheriff","Emeralds",35,"Man",1,"21",34,"0",0
65,"sheriff","GlobalLearn","17","A sheriff","Emeralds",35,"Man",1,"22",50,"0",0
65,"sheriff","GlobalLearn","17","A sheriff","Emeralds",35,"Man",1,"23",50,"0",0
65,"sheriff","GlobalLearn","17","A sheriff","Emeralds",35,"Man",1,"24",50,"0",1
65,"sheriff","GlobalLearn","17","A sheriff","Emeralds",35,"Man",1,"25",37,"0",1
65,"sheriff","GlobalLearn","17","A sheriff","Emeralds",35,"Man",1,"26",61,"0",1
65,"sheriff","GlobalLearn","17","A sheriff","Emeralds",35,"Man",1,"27",61,"0",1
65,"sheriff","GlobalLearn","17","A sheriff","Emeralds",35,"Man",1,"28",60,"0",0
65,"sheriff","GlobalLearn","17","A sheriff","Emeralds",35,"Man",1,"29",66,"0",0
65,"sheriff","GlobalLearn","17","A sheriff","Emeralds",35,"Man",1,"30",50,"0",1
65,"sheriff","GlobalLearn","17","A sheriff","Emeralds",35,"Man",1,"31",54,"0",1
65,"sheriff","GlobalLearn","17","A sheriff","Emeralds",35,"Man",1,"32",54,"0",1
65,"sheriff","GlobalLearn","17","A sheriff","Emeralds",35,"Man",1,"33",50,"0",1
65,"sheriff","GlobalLearn","17","A sheriff","Emeralds",35,"Man",1,"34",72,"0",1
65,"sheriff","GlobalLearn","17","A sheriff","Emeralds",35,"Man",1,"35",63,"0",1
65,"sheriff","GlobalLearn","17","A sheriff","Emeralds",35,"Man",1,"36",67,"0",0
65,"sheriff","GlobalLearn","17","A sheriff","Emeralds",35,"Man",1,"37",80,"0",1
65,"sheriff","GlobalLearn","17","A sheriff","Emeralds",35,"Man",1,"38",38,"0",0
65,"sheriff","GlobalLearn","17","A sheriff","Emeralds",35,"Man",1,"39",38,"0",0
65,"sheriff","GlobalLearn","17","A sheriff","Emeralds",35,"Man",1,"40",24,"0",0
65,"sheriff","GlobalLearn","17","A sheriff","Emeralds",35,"Man",1,"41",67,"0",1
65,"sheriff","GlobalLearn","17","A sheriff","Emeralds",35,"Man",1,"42",98,"0",1
65,"sheriff","GlobalLearn","17","A sheriff","Emeralds",35,"Man",1,"43",85,"0",1
65,"sheriff","GlobalLearn","17","A sheriff","Emeralds",35,"Man",1,"44",74,"0",1
65,"sheriff","GlobalLearn","17","A sheriff","Emeralds",35,"Man",1,"45",64,"0",1
65,"sheriff","GlobalLearn","17","A sheriff","Emeralds",35,"Man",1,"46",65,"0",1
65,"sheriff","GlobalLearn","17","A sheriff","Emeralds",35,"Man",1,"47",64,"0",1
65,"sheriff","GlobalLearn","17","A sheriff","Emeralds",35,"Man",1,"48",22,"0",0
65,"sheriff","GlobalLearn","17","A sheriff","Emeralds",35,"Man",1,"49",54,"0",0
65,"sheriff","GlobalLearn","17","A sheriff","Emeralds",35,"Man",1,"50",38,"0",0
66,"tycoon","GlobalLearn","24","A tycoon","Emeralds",21,"Woman",1,"1",67,"0",1
66,"tycoon","GlobalLearn","24","A tycoon","Emeralds",21,"Woman",1,"2",60,"0",1
66,"tycoon","GlobalLearn","24","A tycoon","Emeralds",21,"Woman",1,"3",61,"0",1
66,"tycoon","GlobalLearn","24","A tycoon","Emeralds",21,"Woman",1,"4",60,"0",1
66,"tycoon","GlobalLearn","24","A tycoon","Emeralds",21,"Woman",1,"5",62,"0",1
66,"tycoon","GlobalLearn","24","A tycoon","Emeralds",21,"Woman",1,"6",63,"0",1
66,"tycoon","GlobalLearn","24","A tycoon","Emeralds",21,"Woman",1,"7",63,"0",1
66,"tycoon","GlobalLearn","24","A tycoon","Emeralds",21,"Woman",1,"8",26,"0",1
66,"tycoon","GlobalLearn","24","A tycoon","Emeralds",21,"Woman",1,"9",31,"0",1
66,"tycoon","GlobalLearn","24","A tycoon","Emeralds",21,"Woman",1,"10",15,"0",1
66,"tycoon","GlobalLearn","24","A tycoon","Emeralds",21,"Woman",1,"11",33,"0",1
66,"tycoon","GlobalLearn","24","A tycoon","Emeralds",21,"Woman",1,"12",43,"0",0
66,"tycoon","GlobalLearn","24","A tycoon","Emeralds",21,"Woman",1,"13",26,"0",1
66,"tycoon","GlobalLearn","24","A tycoon","Emeralds",21,"Woman",1,"14",37,"0",1
66,"tycoon","GlobalLearn","24","A tycoon","Emeralds",21,"Woman",1,"15",39,"0",1
66,"tycoon","GlobalLearn","24","A tycoon","Emeralds",21,"Woman",1,"16",40,"0",1
66,"tycoon","GlobalLearn","24","A tycoon","Emeralds",21,"Woman",1,"17",37,"0",0
66,"tycoon","GlobalLearn","24","A tycoon","Emeralds",21,"Woman",1,"18",59,"0",1
66,"tycoon","GlobalLearn","24","A tycoon","Emeralds",21,"Woman",1,"19",35,"0",0
66,"tycoon","GlobalLearn","24","A tycoon","Emeralds",21,"Woman",1,"20",38,"0",0
66,"tycoon","GlobalLearn","24","A tycoon","Emeralds",21,"Woman",1,"21",58,"0",1
66,"tycoon","GlobalLearn","24","A tycoon","Emeralds",21,"Woman",1,"22",61,"0",1
66,"tycoon","GlobalLearn","24","A tycoon","Emeralds",21,"Woman",1,"23",58,"0",1
66,"tycoon","GlobalLearn","24","A tycoon","Emeralds",21,"Woman",1,"24",30,"0",0
66,"tycoon","GlobalLearn","24","A tycoon","Emeralds",21,"Woman",1,"25",58,"0",1
66,"tycoon","GlobalLearn","24","A tycoon","Emeralds",21,"Woman",1,"26",59,"0",1
66,"tycoon","GlobalLearn","24","A tycoon","Emeralds",21,"Woman",1,"27",61,"0",1
66,"tycoon","GlobalLearn","24","A tycoon","Emeralds",21,"Woman",1,"28",57,"0",1
66,"tycoon","GlobalLearn","24","A tycoon","Emeralds",21,"Woman",1,"29",59,"0",1
66,"tycoon","GlobalLearn","24","A tycoon","Emeralds",21,"Woman",1,"30",61,"0",1
66,"tycoon","GlobalLearn","24","A tycoon","Emeralds",21,"Woman",1,"31",58,"0",1
66,"tycoon","GlobalLearn","24","A tycoon","Emeralds",21,"Woman",1,"32",60,"0",1
66,"tycoon","GlobalLearn","24","A tycoon","Emeralds",21,"Woman",1,"33",63,"0",1
66,"tycoon","GlobalLearn","24","A tycoon","Emeralds",21,"Woman",1,"34",37,"0",0
66,"tycoon","GlobalLearn","24","A tycoon","Emeralds",21,"Woman",1,"35",36,"0",0
66,"tycoon","GlobalLearn","24","A tycoon","Emeralds",21,"Woman",1,"36",61,"0",1
66,"tycoon","GlobalLearn","24","A tycoon","Emeralds",21,"Woman",1,"37",62,"0",1
66,"tycoon","GlobalLearn","24","A tycoon","Emeralds",21,"Woman",1,"38",33,"0",0
66,"tycoon","GlobalLearn","24","A tycoon","Emeralds",21,"Woman",1,"39",57,"0",1
66,"tycoon","GlobalLearn","24","A tycoon","Emeralds",21,"Woman",1,"40",36,"0",0
66,"tycoon","GlobalLearn","24","A tycoon","Emeralds",21,"Woman",1,"41",67,"0",1
66,"tycoon","GlobalLearn","24","A tycoon","Emeralds",21,"Woman",1,"42",61,"0",1
66,"tycoon","GlobalLearn","24","A tycoon","Emeralds",21,"Woman",1,"43",56,"0",1
66,"tycoon","GlobalLearn","24","A tycoon","Emeralds",21,"Woman",1,"44",59,"0",1
66,"tycoon","GlobalLearn","24","A tycoon","Emeralds",21,"Woman",1,"45",60,"0",1
66,"tycoon","GlobalLearn","24","A tycoon","Emeralds",21,"Woman",1,"46",34,"0",0
66,"tycoon","GlobalLearn","24","A tycoon","Emeralds",21,"Woman",1,"47",59,"0",1
66,"tycoon","GlobalLearn","24","A tycoon","Emeralds",21,"Woman",1,"48",61,"0",1
66,"tycoon","GlobalLearn","24","A tycoon","Emeralds",21,"Woman",1,"49",50,"0",1
66,"tycoon","GlobalLearn","24","A tycoon","Emeralds",21,"Woman",1,"50",53,"0",1
67,"bandit","GlobalLearn","39","A bandit","Emeralds",23,"Woman",1,"1",0,"1",1
67,"bandit","GlobalLearn","39","A bandit","Emeralds",23,"Woman",1,"2",0,"1",1
67,"bandit","GlobalLearn","39","A bandit","Emeralds",23,"Woman",1,"3",100,"1",0
67,"bandit","GlobalLearn","39","A bandit","Emeralds",23,"Woman",1,"4",50,"0",0
67,"bandit","GlobalLearn","39","A bandit","Emeralds",23,"Woman",1,"5",0,"1",1
67,"bandit","GlobalLearn","39","A bandit","Emeralds",23,"Woman",1,"6",100,"1",0
67,"bandit","GlobalLearn","39","A bandit","Emeralds",23,"Woman",1,"7",100,"0",0
67,"bandit","GlobalLearn","39","A bandit","Emeralds",23,"Woman",1,"8",50,"1",0
67,"bandit","GlobalLearn","39","A bandit","Emeralds",23,"Woman",1,"9",100,"1",0
67,"bandit","GlobalLearn","39","A bandit","Emeralds",23,"Woman",1,"10",100,"0",0
67,"bandit","GlobalLearn","39","A bandit","Emeralds",23,"Woman",1,"11",50,"0",0
67,"bandit","GlobalLearn","39","A bandit","Emeralds",23,"Woman",1,"12",100,"1",0
67,"bandit","GlobalLearn","39","A bandit","Emeralds",23,"Woman",1,"13",50,"1",0
67,"bandit","GlobalLearn","39","A bandit","Emeralds",23,"Woman",1,"14",50,"1",0
67,"bandit","GlobalLearn","39","A bandit","Emeralds",23,"Woman",1,"15",0,"0",1
67,"bandit","GlobalLearn","39","A bandit","Emeralds",23,"Woman",1,"16",25,"0",0
67,"bandit","GlobalLearn","39","A bandit","Emeralds",23,"Woman",1,"17",25,"0",0
67,"bandit","GlobalLearn","39","A bandit","Emeralds",23,"Woman",1,"18",50,"1",0
67,"bandit","GlobalLearn","39","A bandit","Emeralds",23,"Woman",1,"19",25,"0",0
67,"bandit","GlobalLearn","39","A bandit","Emeralds",23,"Woman",1,"20",24,"1",0
67,"bandit","GlobalLearn","39","A bandit","Emeralds",23,"Woman",1,"21",25,"1",0
67,"bandit","GlobalLearn","39","A bandit","Emeralds",23,"Woman",1,"22",0,"1",1
67,"bandit","GlobalLearn","39","A bandit","Emeralds",23,"Woman",1,"23",23,"1",0
67,"bandit","GlobalLearn","39","A bandit","Emeralds",23,"Woman",1,"24",23,"1",0
67,"bandit","GlobalLearn","39","A bandit","Emeralds",23,"Woman",1,"25",26,"1",0
67,"bandit","GlobalLearn","39","A bandit","Emeralds",23,"Woman",1,"26",8,"1",0
67,"bandit","GlobalLearn","39","A bandit","Emeralds",23,"Woman",1,"27",0,"0",1
67,"bandit","GlobalLearn","39","A bandit","Emeralds",23,"Woman",1,"28",9,"0",0
67,"bandit","GlobalLearn","39","A bandit","Emeralds",23,"Woman",1,"29",0,"0",1
67,"bandit","GlobalLearn","39","A bandit","Emeralds",23,"Woman",1,"30",10,"0",0
67,"bandit","GlobalLearn","39","A bandit","Emeralds",23,"Woman",1,"31",0,"0",1
67,"bandit","GlobalLearn","39","A bandit","Emeralds",23,"Woman",1,"32",50,"0",0
67,"bandit","GlobalLearn","39","A bandit","Emeralds",23,"Woman",1,"33",50,"0",0
67,"bandit","GlobalLearn","39","A bandit","Emeralds",23,"Woman",1,"34",0,"0",1
67,"bandit","GlobalLearn","39","A bandit","Emeralds",23,"Woman",1,"35",0,"0",1
67,"bandit","GlobalLearn","39","A bandit","Emeralds",23,"Woman",1,"36",50,"0",0
67,"bandit","GlobalLearn","39","A bandit","Emeralds",23,"Woman",1,"37",0,"0",1
67,"bandit","GlobalLearn","39","A bandit","Emeralds",23,"Woman",1,"38",0,"0",1
67,"bandit","GlobalLearn","39","A bandit","Emeralds",23,"Woman",1,"39",100,"0",0
67,"bandit","GlobalLearn","39","A bandit","Emeralds",23,"Woman",1,"40",0,"0",1
67,"bandit","GlobalLearn","39","A bandit","Emeralds",23,"Woman",1,"41",0,"0",1
67,"bandit","GlobalLearn","39","A bandit","Emeralds",23,"Woman",1,"42",0,"0",1
67,"bandit","GlobalLearn","39","A bandit","Emeralds",23,"Woman",1,"43",100,"0",0
67,"bandit","GlobalLearn","39","A bandit","Emeralds",23,"Woman",1,"44",100,"0",0
67,"bandit","GlobalLearn","39","A bandit","Emeralds",23,"Woman",1,"45",0,"0",1
67,"bandit","GlobalLearn","39","A bandit","Emeralds",23,"Woman",1,"46",100,"0",0
67,"bandit","GlobalLearn","39","A bandit","Emeralds",23,"Woman",1,"47",100,"0",0
67,"bandit","GlobalLearn","39","A bandit","Emeralds",23,"Woman",1,"48",100,"0",0
67,"bandit","GlobalLearn","39","A bandit","Emeralds",23,"Woman",1,"49",76,"0",0
67,"bandit","GlobalLearn","39","A bandit","Emeralds",23,"Woman",1,"50",100,"1",0
68,"sheriff","GlobalLearn","25","A sheriff","Emeralds",39,"Woman",1,"1",88,"0",1
68,"sheriff","GlobalLearn","25","A sheriff","Emeralds",39,"Woman",1,"2",85,"0",1
68,"sheriff","GlobalLearn","25","A sheriff","Emeralds",39,"Woman",1,"3",94,"0",0
68,"sheriff","GlobalLearn","25","A sheriff","Emeralds",39,"Woman",1,"4",27,"0",1
68,"sheriff","GlobalLearn","25","A sheriff","Emeralds",39,"Woman",1,"5",19,"0",1
68,"sheriff","GlobalLearn","25","A sheriff","Emeralds",39,"Woman",1,"6",20,"0",1
68,"sheriff","GlobalLearn","25","A sheriff","Emeralds",39,"Woman",1,"7",73,"0",0
68,"sheriff","GlobalLearn","25","A sheriff","Emeralds",39,"Woman",1,"8",34,"0",1
68,"sheriff","GlobalLearn","25","A sheriff","Emeralds",39,"Woman",1,"9",19,"0",1
68,"sheriff","GlobalLearn","25","A sheriff","Emeralds",39,"Woman",1,"10",18,"0",1
68,"sheriff","GlobalLearn","25","A sheriff","Emeralds",39,"Woman",1,"11",19,"0",1
68,"sheriff","GlobalLearn","25","A sheriff","Emeralds",39,"Woman",1,"12",13,"0",1
68,"sheriff","GlobalLearn","25","A sheriff","Emeralds",39,"Woman",1,"13",11,"0",1
68,"sheriff","GlobalLearn","25","A sheriff","Emeralds",39,"Woman",1,"14",75,"0",0
68,"sheriff","GlobalLearn","25","A sheriff","Emeralds",39,"Woman",1,"15",24,"0",1
68,"sheriff","GlobalLearn","25","A sheriff","Emeralds",39,"Woman",1,"16",14,"0",1
68,"sheriff","GlobalLearn","25","A sheriff","Emeralds",39,"Woman",1,"17",17,"0",1
68,"sheriff","GlobalLearn","25","A sheriff","Emeralds",39,"Woman",1,"18",14,"0",1
68,"sheriff","GlobalLearn","25","A sheriff","Emeralds",39,"Woman",1,"19",17,"0",1
68,"sheriff","GlobalLearn","25","A sheriff","Emeralds",39,"Woman",1,"20",16,"0",1
68,"sheriff","GlobalLearn","25","A sheriff","Emeralds",39,"Woman",1,"21",8,"1",0
68,"sheriff","GlobalLearn","25","A sheriff","Emeralds",39,"Woman",1,"22",9,"0",1
68,"sheriff","GlobalLearn","25","A sheriff","Emeralds",39,"Woman",1,"23",70,"0",0
68,"sheriff","GlobalLearn","25","A sheriff","Emeralds",39,"Woman",1,"24",96,"0",0
68,"sheriff","GlobalLearn","25","A sheriff","Emeralds",39,"Woman",1,"25",22,"0",1
68,"sheriff","GlobalLearn","25","A sheriff","Emeralds",39,"Woman",1,"26",10,"0",1
68,"sheriff","GlobalLearn","25","A sheriff","Emeralds",39,"Woman",1,"27",12,"0",1
68,"sheriff","GlobalLearn","25","A sheriff","Emeralds",39,"Woman",1,"28",8,"0",1
68,"sheriff","GlobalLearn","25","A sheriff","Emeralds",39,"Woman",1,"29",7,"0",1
68,"sheriff","GlobalLearn","25","A sheriff","Emeralds",39,"Woman",1,"30",10,"0",1
68,"sheriff","GlobalLearn","25","A sheriff","Emeralds",39,"Woman",1,"31",67,"0",0
68,"sheriff","GlobalLearn","25","A sheriff","Emeralds",39,"Woman",1,"32",87,"0",0
68,"sheriff","GlobalLearn","25","A sheriff","Emeralds",39,"Woman",1,"33",31,"0",0
68,"sheriff","GlobalLearn","25","A sheriff","Emeralds",39,"Woman",1,"34",88,"1",0
68,"sheriff","GlobalLearn","25","A sheriff","Emeralds",39,"Woman",1,"35",100,"1",1
68,"sheriff","GlobalLearn","25","A sheriff","Emeralds",39,"Woman",1,"36",12,"1",0
68,"sheriff","GlobalLearn","25","A sheriff","Emeralds",39,"Woman",1,"37",74,"1",1
68,"sheriff","GlobalLearn","25","A sheriff","Emeralds",39,"Woman",1,"38",100,"1",0
68,"sheriff","GlobalLearn","25","A sheriff","Emeralds",39,"Woman",1,"39",84,"0",0
68,"sheriff","GlobalLearn","25","A sheriff","Emeralds",39,"Woman",1,"40",11,"0",0
68,"sheriff","GlobalLearn","25","A sheriff","Emeralds",39,"Woman",1,"41",22,"1",0
68,"sheriff","GlobalLearn","25","A sheriff","Emeralds",39,"Woman",1,"42",24,"0",0
68,"sheriff","GlobalLearn","25","A sheriff","Emeralds",39,"Woman",1,"43",22,"1",0
68,"sheriff","GlobalLearn","25","A sheriff","Emeralds",39,"Woman",1,"44",14,"1",0
68,"sheriff","GlobalLearn","25","A sheriff","Emeralds",39,"Woman",1,"45",65,"0",0
68,"sheriff","GlobalLearn","25","A sheriff","Emeralds",39,"Woman",1,"46",20,"0",1
68,"sheriff","GlobalLearn","25","A sheriff","Emeralds",39,"Woman",1,"47",31,"0",0
68,"sheriff","GlobalLearn","25","A sheriff","Emeralds",39,"Woman",1,"48",33,"0",1
68,"sheriff","GlobalLearn","25","A sheriff","Emeralds",39,"Woman",1,"49",66,"0",0
68,"sheriff","GlobalLearn","25","A sheriff","Emeralds",39,"Woman",1,"50",97,"0",1
69,"sheriff","GlobalLearn","37","A sheriff","Emeralds",34,"Woman",1,"1",8,"0",0
69,"sheriff","GlobalLearn","37","A sheriff","Emeralds",34,"Woman",1,"2",45,"1",0
69,"sheriff","GlobalLearn","37","A sheriff","Emeralds",34,"Woman",1,"3",37,"1",0
69,"sheriff","GlobalLearn","37","A sheriff","Emeralds",34,"Woman",1,"4",92,"0",1
69,"sheriff","GlobalLearn","37","A sheriff","Emeralds",34,"Woman",1,"5",73,"0",1
69,"sheriff","GlobalLearn","37","A sheriff","Emeralds",34,"Woman",1,"6",40,"0",1
69,"sheriff","GlobalLearn","37","A sheriff","Emeralds",34,"Woman",1,"7",90,"0",0
69,"sheriff","GlobalLearn","37","A sheriff","Emeralds",34,"Woman",1,"8",83,"0",0
69,"sheriff","GlobalLearn","37","A sheriff","Emeralds",34,"Woman",1,"9",40,"0",1
69,"sheriff","GlobalLearn","37","A sheriff","Emeralds",34,"Woman",1,"10",64,"0",0
69,"sheriff","GlobalLearn","37","A sheriff","Emeralds",34,"Woman",1,"11",39,"0",1
69,"sheriff","GlobalLearn","37","A sheriff","Emeralds",34,"Woman",1,"12",62,"0",0
69,"sheriff","GlobalLearn","37","A sheriff","Emeralds",34,"Woman",1,"13",43,"0",1
69,"sheriff","GlobalLearn","37","A sheriff","Emeralds",34,"Woman",1,"14",42,"0",1
69,"sheriff","GlobalLearn","37","A sheriff","Emeralds",34,"Woman",1,"15",59,"0",0
69,"sheriff","GlobalLearn","37","A sheriff","Emeralds",34,"Woman",1,"16",35,"0",1
69,"sheriff","GlobalLearn","37","A sheriff","Emeralds",34,"Woman",1,"17",38,"0",1
69,"sheriff","GlobalLearn","37","A sheriff","Emeralds",34,"Woman",1,"18",59,"0",0
69,"sheriff","GlobalLearn","37","A sheriff","Emeralds",34,"Woman",1,"19",38,"0",1
69,"sheriff","GlobalLearn","37","A sheriff","Emeralds",34,"Woman",1,"20",35,"0",1
69,"sheriff","GlobalLearn","37","A sheriff","Emeralds",34,"Woman",1,"21",55,"0",0
69,"sheriff","GlobalLearn","37","A sheriff","Emeralds",34,"Woman",1,"22",39,"0",1
69,"sheriff","GlobalLearn","37","A sheriff","Emeralds",34,"Woman",1,"23",31,"0",1
69,"sheriff","GlobalLearn","37","A sheriff","Emeralds",34,"Woman",1,"24",23,"0",1
69,"sheriff","GlobalLearn","37","A sheriff","Emeralds",34,"Woman",1,"25",57,"0",0
69,"sheriff","GlobalLearn","37","A sheriff","Emeralds",34,"Woman",1,"26",56,"0",0
69,"sheriff","GlobalLearn","37","A sheriff","Emeralds",34,"Woman",1,"27",42,"0",1
69,"sheriff","GlobalLearn","37","A sheriff","Emeralds",34,"Woman",1,"28",39,"0",1
69,"sheriff","GlobalLearn","37","A sheriff","Emeralds",34,"Woman",1,"29",36,"0",1
69,"sheriff","GlobalLearn","37","A sheriff","Emeralds",34,"Woman",1,"30",40,"0",1
69,"sheriff","GlobalLearn","37","A sheriff","Emeralds",34,"Woman",1,"31",42,"1",0
69,"sheriff","GlobalLearn","37","A sheriff","Emeralds",34,"Woman",1,"32",61,"0",0
69,"sheriff","GlobalLearn","37","A sheriff","Emeralds",34,"Woman",1,"33",31,"0",1
69,"sheriff","GlobalLearn","37","A sheriff","Emeralds",34,"Woman",1,"34",56,"0",0
69,"sheriff","GlobalLearn","37","A sheriff","Emeralds",34,"Woman",1,"35",41,"0",1
69,"sheriff","GlobalLearn","37","A sheriff","Emeralds",34,"Woman",1,"36",40,"0",1
69,"sheriff","GlobalLearn","37","A sheriff","Emeralds",34,"Woman",1,"37",44,"0",1
69,"sheriff","GlobalLearn","37","A sheriff","Emeralds",34,"Woman",1,"38",60,"0",0
69,"sheriff","GlobalLearn","37","A sheriff","Emeralds",34,"Woman",1,"39",60,"0",0
69,"sheriff","GlobalLearn","37","A sheriff","Emeralds",34,"Woman",1,"40",60,"0",0
69,"sheriff","GlobalLearn","37","A sheriff","Emeralds",34,"Woman",1,"41",64,"0",0
69,"sheriff","GlobalLearn","37","A sheriff","Emeralds",34,"Woman",1,"42",37,"0",1
69,"sheriff","GlobalLearn","37","A sheriff","Emeralds",34,"Woman",1,"43",63,"0",0
69,"sheriff","GlobalLearn","37","A sheriff","Emeralds",34,"Woman",1,"44",72,"0",0
69,"sheriff","GlobalLearn","37","A sheriff","Emeralds",34,"Woman",1,"45",62,"0",0
69,"sheriff","GlobalLearn","37","A sheriff","Emeralds",34,"Woman",1,"46",26,"0",1
69,"sheriff","GlobalLearn","37","A sheriff","Emeralds",34,"Woman",1,"47",22,"0",1
69,"sheriff","GlobalLearn","37","A sheriff","Emeralds",34,"Woman",1,"48",64,"0",0
69,"sheriff","GlobalLearn","37","A sheriff","Emeralds",34,"Woman",1,"49",45,"0",0
69,"sheriff","GlobalLearn","37","A sheriff","Emeralds",34,"Woman",1,"50",54,"0",0
70,"tycoon","GlobalLearn","24","A tycoon","Emeralds",30,"Man",1,"1",74,"0",1
70,"tycoon","GlobalLearn","24","A tycoon","Emeralds",30,"Man",1,"2",100,"0",1
70,"tycoon","GlobalLearn","24","A tycoon","Emeralds",30,"Man",1,"3",100,"0",1
70,"tycoon","GlobalLearn","24","A tycoon","Emeralds",30,"Man",1,"4",100,"0",1
70,"tycoon","GlobalLearn","24","A tycoon","Emeralds",30,"Man",1,"5",100,"0",1
70,"tycoon","GlobalLearn","24","A tycoon","Emeralds",30,"Man",1,"6",100,"0",1
70,"tycoon","GlobalLearn","24","A tycoon","Emeralds",30,"Man",1,"7",100,"0",1
70,"tycoon","GlobalLearn","24","A tycoon","Emeralds",30,"Man",1,"8",100,"0",1
70,"tycoon","GlobalLearn","24","A tycoon","Emeralds",30,"Man",1,"9",100,"0",1
70,"tycoon","GlobalLearn","24","A tycoon","Emeralds",30,"Man",1,"10",100,"0",1
70,"tycoon","GlobalLearn","24","A tycoon","Emeralds",30,"Man",1,"11",100,"0",1
70,"tycoon","GlobalLearn","24","A tycoon","Emeralds",30,"Man",1,"12",0,"0",0
70,"tycoon","GlobalLearn","24","A tycoon","Emeralds",30,"Man",1,"13",100,"0",1
70,"tycoon","GlobalLearn","24","A tycoon","Emeralds",30,"Man",1,"14",100,"0",1
70,"tycoon","GlobalLearn","24","A tycoon","Emeralds",30,"Man",1,"15",100,"0",1
70,"tycoon","GlobalLearn","24","A tycoon","Emeralds",30,"Man",1,"16",100,"0",1
70,"tycoon","GlobalLearn","24","A tycoon","Emeralds",30,"Man",1,"17",0,"0",0
70,"tycoon","GlobalLearn","24","A tycoon","Emeralds",30,"Man",1,"18",100,"0",1
70,"tycoon","GlobalLearn","24","A tycoon","Emeralds",30,"Man",1,"19",0,"0",0
70,"tycoon","GlobalLearn","24","A tycoon","Emeralds",30,"Man",1,"20",0,"0",0
70,"tycoon","GlobalLearn","24","A tycoon","Emeralds",30,"Man",1,"21",100,"0",1
70,"tycoon","GlobalLearn","24","A tycoon","Emeralds",30,"Man",1,"22",100,"0",1
70,"tycoon","GlobalLearn","24","A tycoon","Emeralds",30,"Man",1,"23",100,"0",1
70,"tycoon","GlobalLearn","24","A tycoon","Emeralds",30,"Man",1,"24",0,"0",0
70,"tycoon","GlobalLearn","24","A tycoon","Emeralds",30,"Man",1,"25",100,"0",1
70,"tycoon","GlobalLearn","24","A tycoon","Emeralds",30,"Man",1,"26",100,"0",1
70,"tycoon","GlobalLearn","24","A tycoon","Emeralds",30,"Man",1,"27",100,"0",1
70,"tycoon","GlobalLearn","24","A tycoon","Emeralds",30,"Man",1,"28",100,"0",1
70,"tycoon","GlobalLearn","24","A tycoon","Emeralds",30,"Man",1,"29",100,"0",1
70,"tycoon","GlobalLearn","24","A tycoon","Emeralds",30,"Man",1,"30",100,"0",1
70,"tycoon","GlobalLearn","24","A tycoon","Emeralds",30,"Man",1,"31",100,"0",1
70,"tycoon","GlobalLearn","24","A tycoon","Emeralds",30,"Man",1,"32",100,"0",1
70,"tycoon","GlobalLearn","24","A tycoon","Emeralds",30,"Man",1,"33",100,"0",1
70,"tycoon","GlobalLearn","24","A tycoon","Emeralds",30,"Man",1,"34",0,"0",0
70,"tycoon","GlobalLearn","24","A tycoon","Emeralds",30,"Man",1,"35",0,"0",0
70,"tycoon","GlobalLearn","24","A tycoon","Emeralds",30,"Man",1,"36",100,"0",1
70,"tycoon","GlobalLearn","24","A tycoon","Emeralds",30,"Man",1,"37",100,"0",1
70,"tycoon","GlobalLearn","24","A tycoon","Emeralds",30,"Man",1,"38",0,"0",0
70,"tycoon","GlobalLearn","24","A tycoon","Emeralds",30,"Man",1,"39",100,"0",1
70,"tycoon","GlobalLearn","24","A tycoon","Emeralds",30,"Man",1,"40",0,"0",0
70,"tycoon","GlobalLearn","24","A tycoon","Emeralds",30,"Man",1,"41",100,"0",1
70,"tycoon","GlobalLearn","24","A tycoon","Emeralds",30,"Man",1,"42",100,"0",1
70,"tycoon","GlobalLearn","24","A tycoon","Emeralds",30,"Man",1,"43",100,"0",1
70,"tycoon","GlobalLearn","24","A tycoon","Emeralds",30,"Man",1,"44",100,"0",1
70,"tycoon","GlobalLearn","24","A tycoon","Emeralds",30,"Man",1,"45",100,"0",1
70,"tycoon","GlobalLearn","24","A tycoon","Emeralds",30,"Man",1,"46",0,"0",0
70,"tycoon","GlobalLearn","24","A tycoon","Emeralds",30,"Man",1,"47",100,"0",1
70,"tycoon","GlobalLearn","24","A tycoon","Emeralds",30,"Man",1,"48",100,"0",1
70,"tycoon","GlobalLearn","24","A tycoon","Emeralds",30,"Man",1,"49",100,"0",1
70,"tycoon","GlobalLearn","24","A tycoon","Emeralds",30,"Man",1,"50",100,"0",1
71,"bandit","GlobalLearn","24","A bandit","Emeralds",28,"Man",1,"1",100,"0",1
71,"bandit","GlobalLearn","24","A bandit","Emeralds",28,"Man",1,"2",100,"0",0
71,"bandit","GlobalLearn","24","A bandit","Emeralds",28,"Man",1,"3",100,"0",0
71,"bandit","GlobalLearn","24","A bandit","Emeralds",28,"Man",1,"4",0,"1",1
71,"bandit","GlobalLearn","24","A bandit","Emeralds",28,"Man",1,"5",0,"1",1
71,"bandit","GlobalLearn","24","A bandit","Emeralds",28,"Man",1,"6",100,"1",0
71,"bandit","GlobalLearn","24","A bandit","Emeralds",28,"Man",1,"7",100,"1",0
71,"bandit","GlobalLearn","24","A bandit","Emeralds",28,"Man",1,"8",0,"1",1
71,"bandit","GlobalLearn","24","A bandit","Emeralds",28,"Man",1,"9",0,"1",1
71,"bandit","GlobalLearn","24","A bandit","Emeralds",28,"Man",1,"10",0,"1",1
71,"bandit","GlobalLearn","24","A bandit","Emeralds",28,"Man",1,"11",0,"1",1
71,"bandit","GlobalLearn","24","A bandit","Emeralds",28,"Man",1,"12",100,"1",0
71,"bandit","GlobalLearn","24","A bandit","Emeralds",28,"Man",1,"13",0,"1",1
71,"bandit","GlobalLearn","24","A bandit","Emeralds",28,"Man",1,"14",0,"1",1
71,"bandit","GlobalLearn","24","A bandit","Emeralds",28,"Man",1,"15",0,"1",0
71,"bandit","GlobalLearn","24","A bandit","Emeralds",28,"Man",1,"16",100,"1",1
71,"bandit","GlobalLearn","24","A bandit","Emeralds",28,"Man",1,"17",0,"1",1
71,"bandit","GlobalLearn","24","A bandit","Emeralds",28,"Man",1,"18",0,"1",1
71,"bandit","GlobalLearn","24","A bandit","Emeralds",28,"Man",1,"19",0,"1",0
71,"bandit","GlobalLearn","24","A bandit","Emeralds",28,"Man",1,"20",100,"1",0
71,"bandit","GlobalLearn","24","A bandit","Emeralds",28,"Man",1,"21",100,"1",1
71,"bandit","GlobalLearn","24","A bandit","Emeralds",28,"Man",1,"22",0,"1",1
71,"bandit","GlobalLearn","24","A bandit","Emeralds",28,"Man",1,"23",1,"1",1
71,"bandit","GlobalLearn","24","A bandit","Emeralds",28,"Man",1,"24",100,"1",0
71,"bandit","GlobalLearn","24","A bandit","Emeralds",28,"Man",1,"25",100,"1",0
71,"bandit","GlobalLearn","24","A bandit","Emeralds",28,"Man",1,"26",0,"1",1
71,"bandit","GlobalLearn","24","A bandit","Emeralds",28,"Man",1,"27",0,"1",1
71,"bandit","GlobalLearn","24","A bandit","Emeralds",28,"Man",1,"28",0,"1",1
71,"bandit","GlobalLearn","24","A bandit","Emeralds",28,"Man",1,"29",100,"1",0
71,"bandit","GlobalLearn","24","A bandit","Emeralds",28,"Man",1,"30",100,"1",0
71,"bandit","GlobalLearn","24","A bandit","Emeralds",28,"Man",1,"31",0,"1",1
71,"bandit","GlobalLearn","24","A bandit","Emeralds",28,"Man",1,"32",100,"1",0
71,"bandit","GlobalLearn","24","A bandit","Emeralds",28,"Man",1,"33",0,"1",0
71,"bandit","GlobalLearn","24","A bandit","Emeralds",28,"Man",1,"34",49,"1",1
71,"bandit","GlobalLearn","24","A bandit","Emeralds",28,"Man",1,"35",0,"1",1
71,"bandit","GlobalLearn","24","A bandit","Emeralds",28,"Man",1,"36",100,"1",0
71,"bandit","GlobalLearn","24","A bandit","Emeralds",28,"Man",1,"37",0,"1",1
71,"bandit","GlobalLearn","24","A bandit","Emeralds",28,"Man",1,"38",0,"1",0
71,"bandit","GlobalLearn","24","A bandit","Emeralds",28,"Man",1,"39",0,"1",0
71,"bandit","GlobalLearn","24","A bandit","Emeralds",28,"Man",1,"40",42,"1",1
71,"bandit","GlobalLearn","24","A bandit","Emeralds",28,"Man",1,"41",100,"1",0
71,"bandit","GlobalLearn","24","A bandit","Emeralds",28,"Man",1,"42",100,"1",0
71,"bandit","GlobalLearn","24","A bandit","Emeralds",28,"Man",1,"43",0,"1",1
71,"bandit","GlobalLearn","24","A bandit","Emeralds",28,"Man",1,"44",100,"1",0
71,"bandit","GlobalLearn","24","A bandit","Emeralds",28,"Man",1,"45",0,"1",1
71,"bandit","GlobalLearn","24","A bandit","Emeralds",28,"Man",1,"46",100,"1",0
71,"bandit","GlobalLearn","24","A bandit","Emeralds",28,"Man",1,"47",0,"1",1
71,"bandit","GlobalLearn","24","A bandit","Emeralds",28,"Man",1,"48",95,"1",0
71,"bandit","GlobalLearn","24","A bandit","Emeralds",28,"Man",1,"49",100,"1",0
71,"bandit","GlobalLearn","24","A bandit","Emeralds",28,"Man",1,"50",100,"1",0
72,"sheriff","GlobalLearn","36","A sheriff","Emeralds",24,"Woman",1,"1",37,"0",0
72,"sheriff","GlobalLearn","36","A sheriff","Emeralds",24,"Woman",1,"2",38,"0",0
72,"sheriff","GlobalLearn","36","A sheriff","Emeralds",24,"Woman",1,"3",72,"0",0
72,"sheriff","GlobalLearn","36","A sheriff","Emeralds",24,"Woman",1,"4",85,"1",1
72,"sheriff","GlobalLearn","36","A sheriff","Emeralds",24,"Woman",1,"5",61,"1",0
72,"sheriff","GlobalLearn","36","A sheriff","Emeralds",24,"Woman",1,"6",60,"1",0
72,"sheriff","GlobalLearn","36","A sheriff","Emeralds",24,"Woman",1,"7",64,"1",1
72,"sheriff","GlobalLearn","36","A sheriff","Emeralds",24,"Woman",1,"8",45,"1",0
72,"sheriff","GlobalLearn","36","A sheriff","Emeralds",24,"Woman",1,"9",77,"1",1
72,"sheriff","GlobalLearn","36","A sheriff","Emeralds",24,"Woman",1,"10",62,"1",1
72,"sheriff","GlobalLearn","36","A sheriff","Emeralds",24,"Woman",1,"11",45,"1",0
72,"sheriff","GlobalLearn","36","A sheriff","Emeralds",24,"Woman",1,"12",61,"1",1
72,"sheriff","GlobalLearn","36","A sheriff","Emeralds",24,"Woman",1,"13",74,"1",1
72,"sheriff","GlobalLearn","36","A sheriff","Emeralds",24,"Woman",1,"14",70,"1",1
72,"sheriff","GlobalLearn","36","A sheriff","Emeralds",24,"Woman",1,"15",63,"1",0
72,"sheriff","GlobalLearn","36","A sheriff","Emeralds",24,"Woman",1,"16",70,"1",1
72,"sheriff","GlobalLearn","36","A sheriff","Emeralds",24,"Woman",1,"17",78,"1",1
72,"sheriff","GlobalLearn","36","A sheriff","Emeralds",24,"Woman",1,"18",37,"1",1
72,"sheriff","GlobalLearn","36","A sheriff","Emeralds",24,"Woman",1,"19",53,"1",0
72,"sheriff","GlobalLearn","36","A sheriff","Emeralds",24,"Woman",1,"20",40,"1",1
72,"sheriff","GlobalLearn","36","A sheriff","Emeralds",24,"Woman",1,"21",47,"1",1
72,"sheriff","GlobalLearn","36","A sheriff","Emeralds",24,"Woman",1,"22",40,"1",1
72,"sheriff","GlobalLearn","36","A sheriff","Emeralds",24,"Woman",1,"23",55,"1",0
72,"sheriff","GlobalLearn","36","A sheriff","Emeralds",24,"Woman",1,"24",42,"1",1
72,"sheriff","GlobalLearn","36","A sheriff","Emeralds",24,"Woman",1,"25",36,"1",1
72,"sheriff","GlobalLearn","36","A sheriff","Emeralds",24,"Woman",1,"26",55,"1",0
72,"sheriff","GlobalLearn","36","A sheriff","Emeralds",24,"Woman",1,"27",32,"1",1
72,"sheriff","GlobalLearn","36","A sheriff","Emeralds",24,"Woman",1,"28",30,"1",1
72,"sheriff","GlobalLearn","36","A sheriff","Emeralds",24,"Woman",1,"29",32,"1",1
72,"sheriff","GlobalLearn","36","A sheriff","Emeralds",24,"Woman",1,"30",50,"1",0
72,"sheriff","GlobalLearn","36","A sheriff","Emeralds",24,"Woman",1,"31",54,"1",0
72,"sheriff","GlobalLearn","36","A sheriff","Emeralds",24,"Woman",1,"32",41,"1",1
72,"sheriff","GlobalLearn","36","A sheriff","Emeralds",24,"Woman",1,"33",44,"1",1
72,"sheriff","GlobalLearn","36","A sheriff","Emeralds",24,"Woman",1,"34",31,"1",1
72,"sheriff","GlobalLearn","36","A sheriff","Emeralds",24,"Woman",1,"35",55,"1",0
72,"sheriff","GlobalLearn","36","A sheriff","Emeralds",24,"Woman",1,"36",54,"1",0
72,"sheriff","GlobalLearn","36","A sheriff","Emeralds",24,"Woman",1,"37",27,"1",1
72,"sheriff","GlobalLearn","36","A sheriff","Emeralds",24,"Woman",1,"38",53,"1",0
72,"sheriff","GlobalLearn","36","A sheriff","Emeralds",24,"Woman",1,"39",28,"1",1
72,"sheriff","GlobalLearn","36","A sheriff","Emeralds",24,"Woman",1,"40",29,"1",1
72,"sheriff","GlobalLearn","36","A sheriff","Emeralds",24,"Woman",1,"41",61,"0",0
72,"sheriff","GlobalLearn","36","A sheriff","Emeralds",24,"Woman",1,"42",28,"0",0
72,"sheriff","GlobalLearn","36","A sheriff","Emeralds",24,"Woman",1,"43",31,"0",0
72,"sheriff","GlobalLearn","36","A sheriff","Emeralds",24,"Woman",1,"44",56,"1",1
72,"sheriff","GlobalLearn","36","A sheriff","Emeralds",24,"Woman",1,"45",58,"1",1
72,"sheriff","GlobalLearn","36","A sheriff","Emeralds",24,"Woman",1,"46",54,"1",0
72,"sheriff","GlobalLearn","36","A sheriff","Emeralds",24,"Woman",1,"47",56,"1",1
72,"sheriff","GlobalLearn","36","A sheriff","Emeralds",24,"Woman",1,"48",32,"1",0
72,"sheriff","GlobalLearn","36","A sheriff","Emeralds",24,"Woman",1,"49",43,"1",1
72,"sheriff","GlobalLearn","36","A sheriff","Emeralds",24,"Woman",1,"50",33,"1",1
73,"tycoon","GlobalLearn","39","A tycoon","Emeralds",20,"Man",1,"1",100,"1",1
73,"tycoon","GlobalLearn","39","A tycoon","Emeralds",20,"Man",1,"2",0,"1",0
73,"tycoon","GlobalLearn","39","A tycoon","Emeralds",20,"Man",1,"3",100,"1",1
73,"tycoon","GlobalLearn","39","A tycoon","Emeralds",20,"Man",1,"4",78,"1",1
73,"tycoon","GlobalLearn","39","A tycoon","Emeralds",20,"Man",1,"5",0,"1",0
73,"tycoon","GlobalLearn","39","A tycoon","Emeralds",20,"Man",1,"6",0,"1",0
73,"tycoon","GlobalLearn","39","A tycoon","Emeralds",20,"Man",1,"7",76,"1",1
73,"tycoon","GlobalLearn","39","A tycoon","Emeralds",20,"Man",1,"8",70,"1",1
73,"tycoon","GlobalLearn","39","A tycoon","Emeralds",20,"Man",1,"9",0,"1",0
73,"tycoon","GlobalLearn","39","A tycoon","Emeralds",20,"Man",1,"10",100,"0",1
73,"tycoon","GlobalLearn","39","A tycoon","Emeralds",20,"Man",1,"11",100,"0",1
73,"tycoon","GlobalLearn","39","A tycoon","Emeralds",20,"Man",1,"12",0,"0",0
73,"tycoon","GlobalLearn","39","A tycoon","Emeralds",20,"Man",1,"13",93,"0",1
73,"tycoon","GlobalLearn","39","A tycoon","Emeralds",20,"Man",1,"14",77,"1",1
73,"tycoon","GlobalLearn","39","A tycoon","Emeralds",20,"Man",1,"15",0,"1",0
73,"tycoon","GlobalLearn","39","A tycoon","Emeralds",20,"Man",1,"16",83,"0",1
73,"tycoon","GlobalLearn","39","A tycoon","Emeralds",20,"Man",1,"17",82,"0",1
73,"tycoon","GlobalLearn","39","A tycoon","Emeralds",20,"Man",1,"18",0,"0",0
73,"tycoon","GlobalLearn","39","A tycoon","Emeralds",20,"Man",1,"19",0,"1",0
73,"tycoon","GlobalLearn","39","A tycoon","Emeralds",20,"Man",1,"20",76,"1",1
73,"tycoon","GlobalLearn","39","A tycoon","Emeralds",20,"Man",1,"21",78,"1",1
73,"tycoon","GlobalLearn","39","A tycoon","Emeralds",20,"Man",1,"22",0,"1",0
73,"tycoon","GlobalLearn","39","A tycoon","Emeralds",20,"Man",1,"23",75,"0",1
73,"tycoon","GlobalLearn","39","A tycoon","Emeralds",20,"Man",1,"24",75,"0",1
73,"tycoon","GlobalLearn","39","A tycoon","Emeralds",20,"Man",1,"25",79,"0",1
73,"tycoon","GlobalLearn","39","A tycoon","Emeralds",20,"Man",1,"26",68,"0",1
73,"tycoon","GlobalLearn","39","A tycoon","Emeralds",20,"Man",1,"27",60,"0",1
73,"tycoon","GlobalLearn","39","A tycoon","Emeralds",20,"Man",1,"28",0,"0",0
73,"tycoon","GlobalLearn","39","A tycoon","Emeralds",20,"Man",1,"29",0,"1",0
73,"tycoon","GlobalLearn","39","A tycoon","Emeralds",20,"Man",1,"30",64,"1",1
73,"tycoon","GlobalLearn","39","A tycoon","Emeralds",20,"Man",1,"31",0,"1",0
73,"tycoon","GlobalLearn","39","A tycoon","Emeralds",20,"Man",1,"32",54,"0",1
73,"tycoon","GlobalLearn","39","A tycoon","Emeralds",20,"Man",1,"33",0,"0",0
73,"tycoon","GlobalLearn","39","A tycoon","Emeralds",20,"Man",1,"34",0,"1",0
73,"tycoon","GlobalLearn","39","A tycoon","Emeralds",20,"Man",1,"35",0,"1",0
73,"tycoon","GlobalLearn","39","A tycoon","Emeralds",20,"Man",1,"36",46,"0",1
73,"tycoon","GlobalLearn","39","A tycoon","Emeralds",20,"Man",1,"37",42,"0",1
73,"tycoon","GlobalLearn","39","A tycoon","Emeralds",20,"Man",1,"38",38,"0",1
73,"tycoon","GlobalLearn","39","A tycoon","Emeralds",20,"Man",1,"39",39,"0",1
73,"tycoon","GlobalLearn","39","A tycoon","Emeralds",20,"Man",1,"40",32,"0",1
73,"tycoon","GlobalLearn","39","A tycoon","Emeralds",20,"Man",1,"41",27,"0",1
73,"tycoon","GlobalLearn","39","A tycoon","Emeralds",20,"Man",1,"42",27,"0",1
73,"tycoon","GlobalLearn","39","A tycoon","Emeralds",20,"Man",1,"43",26,"0",1
73,"tycoon","GlobalLearn","39","A tycoon","Emeralds",20,"Man",1,"44",30,"0",1
73,"tycoon","GlobalLearn","39","A tycoon","Emeralds",20,"Man",1,"45",25,"0",1
73,"tycoon","GlobalLearn","39","A tycoon","Emeralds",20,"Man",1,"46",23,"0",1
73,"tycoon","GlobalLearn","39","A tycoon","Emeralds",20,"Man",1,"47",0,"0",0
73,"tycoon","GlobalLearn","39","A tycoon","Emeralds",20,"Man",1,"48",0,"1",0
73,"tycoon","GlobalLearn","39","A tycoon","Emeralds",20,"Man",1,"49",0,"1",0
73,"tycoon","GlobalLearn","39","A tycoon","Emeralds",20,"Man",1,"50",0,"0",0
74,"bandit","GlobalLearn","29","A bandit","Emeralds",41,"Woman",1,"1",86,"1",0
74,"bandit","GlobalLearn","29","A bandit","Emeralds",41,"Woman",1,"2",88,"0",0
74,"bandit","GlobalLearn","29","A bandit","Emeralds",41,"Woman",1,"3",94,"0",0
74,"bandit","GlobalLearn","29","A bandit","Emeralds",41,"Woman",1,"4",98,"0",0
74,"bandit","GlobalLearn","29","A bandit","Emeralds",41,"Woman",1,"5",95,"1",0
74,"bandit","GlobalLearn","29","A bandit","Emeralds",41,"Woman",1,"6",97,"1",0
74,"bandit","GlobalLearn","29","A bandit","Emeralds",41,"Woman",1,"7",98,"1",0
74,"bandit","GlobalLearn","29","A bandit","Emeralds",41,"Woman",1,"8",46,"1",1
74,"bandit","GlobalLearn","29","A bandit","Emeralds",41,"Woman",1,"9",93,"1",0
74,"bandit","GlobalLearn","29","A bandit","Emeralds",41,"Woman",1,"10",93,"0",0
74,"bandit","GlobalLearn","29","A bandit","Emeralds",41,"Woman",1,"11",68,"0",0
74,"bandit","GlobalLearn","29","A bandit","Emeralds",41,"Woman",1,"12",63,"0",0
74,"bandit","GlobalLearn","29","A bandit","Emeralds",41,"Woman",1,"13",67,"0",0
74,"bandit","GlobalLearn","29","A bandit","Emeralds",41,"Woman",1,"14",66,"1",1
74,"bandit","GlobalLearn","29","A bandit","Emeralds",41,"Woman",1,"15",55,"1",0
74,"bandit","GlobalLearn","29","A bandit","Emeralds",41,"Woman",1,"16",61,"1",1
74,"bandit","GlobalLearn","29","A bandit","Emeralds",41,"Woman",1,"17",65,"1",1
74,"bandit","GlobalLearn","29","A bandit","Emeralds",41,"Woman",1,"18",66,"1",1
74,"bandit","GlobalLearn","29","A bandit","Emeralds",41,"Woman",1,"19",64,"1",0
74,"bandit","GlobalLearn","29","A bandit","Emeralds",41,"Woman",1,"20",58,"1",1
74,"bandit","GlobalLearn","29","A bandit","Emeralds",41,"Woman",1,"21",65,"1",1
74,"bandit","GlobalLearn","29","A bandit","Emeralds",41,"Woman",1,"22",55,"1",1
74,"bandit","GlobalLearn","29","A bandit","Emeralds",41,"Woman",1,"23",52,"1",1
74,"bandit","GlobalLearn","29","A bandit","Emeralds",41,"Woman",1,"24",55,"1",1
74,"bandit","GlobalLearn","29","A bandit","Emeralds",41,"Woman",1,"25",63,"1",1
74,"bandit","GlobalLearn","29","A bandit","Emeralds",41,"Woman",1,"26",59,"1",1
74,"bandit","GlobalLearn","29","A bandit","Emeralds",41,"Woman",1,"27",72,"1",0
74,"bandit","GlobalLearn","29","A bandit","Emeralds",41,"Woman",1,"28",72,"1",0
74,"bandit","GlobalLearn","29","A bandit","Emeralds",41,"Woman",1,"29",88,"1",0
74,"bandit","GlobalLearn","29","A bandit","Emeralds",41,"Woman",1,"30",60,"1",1
74,"bandit","GlobalLearn","29","A bandit","Emeralds",41,"Woman",1,"31",60,"1",1
74,"bandit","GlobalLearn","29","A bandit","Emeralds",41,"Woman",1,"32",85,"1",0
74,"bandit","GlobalLearn","29","A bandit","Emeralds",41,"Woman",1,"33",57,"1",1
74,"bandit","GlobalLearn","29","A bandit","Emeralds",41,"Woman",1,"34",79,"1",0
74,"bandit","GlobalLearn","29","A bandit","Emeralds",41,"Woman",1,"35",78,"1",0
74,"bandit","GlobalLearn","29","A bandit","Emeralds",41,"Woman",1,"36",88,"1",0
74,"bandit","GlobalLearn","29","A bandit","Emeralds",41,"Woman",1,"37",61,"1",1
74,"bandit","GlobalLearn","29","A bandit","Emeralds",41,"Woman",1,"38",62,"1",1
74,"bandit","GlobalLearn","29","A bandit","Emeralds",41,"Woman",1,"39",60,"1",1
74,"bandit","GlobalLearn","29","A bandit","Emeralds",41,"Woman",1,"40",90,"1",0
74,"bandit","GlobalLearn","29","A bandit","Emeralds",41,"Woman",1,"41",54,"0",0
74,"bandit","GlobalLearn","29","A bandit","Emeralds",41,"Woman",1,"42",94,"1",0
74,"bandit","GlobalLearn","29","A bandit","Emeralds",41,"Woman",1,"43",94,"1",0
74,"bandit","GlobalLearn","29","A bandit","Emeralds",41,"Woman",1,"44",94,"1",1
74,"bandit","GlobalLearn","29","A bandit","Emeralds",41,"Woman",1,"45",96,"1",1
74,"bandit","GlobalLearn","29","A bandit","Emeralds",41,"Woman",1,"46",94,"1",0
74,"bandit","GlobalLearn","29","A bandit","Emeralds",41,"Woman",1,"47",59,"1",1
74,"bandit","GlobalLearn","29","A bandit","Emeralds",41,"Woman",1,"48",63,"1",1
74,"bandit","GlobalLearn","29","A bandit","Emeralds",41,"Woman",1,"49",88,"1",0
74,"bandit","GlobalLearn","29","A bandit","Emeralds",41,"Woman",1,"50",95,"1",0
75,"bandit","GlobalLearn","23","A bandit","Emeralds",50,"Man",1,"1",53,"0",0
75,"bandit","GlobalLearn","23","A bandit","Emeralds",50,"Man",1,"2",23,"1",1
75,"bandit","GlobalLearn","23","A bandit","Emeralds",50,"Man",1,"3",88,"1",0
75,"bandit","GlobalLearn","23","A bandit","Emeralds",50,"Man",1,"4",11,"1",1
75,"bandit","GlobalLearn","23","A bandit","Emeralds",50,"Man",1,"5",0,"0",0
75,"bandit","GlobalLearn","23","A bandit","Emeralds",50,"Man",1,"6",0,"0",0
75,"bandit","GlobalLearn","23","A bandit","Emeralds",50,"Man",1,"7",0,"1",1
75,"bandit","GlobalLearn","23","A bandit","Emeralds",50,"Man",1,"8",74,"1",0
75,"bandit","GlobalLearn","23","A bandit","Emeralds",50,"Man",1,"9",0,"1",1
75,"bandit","GlobalLearn","23","A bandit","Emeralds",50,"Man",1,"10",12,"1",0
75,"bandit","GlobalLearn","23","A bandit","Emeralds",50,"Man",1,"11",36,"1",0
75,"bandit","GlobalLearn","23","A bandit","Emeralds",50,"Man",1,"12",0,"1",1
75,"bandit","GlobalLearn","23","A bandit","Emeralds",50,"Man",1,"13",48,"1",0
75,"bandit","GlobalLearn","23","A bandit","Emeralds",50,"Man",1,"14",0,"0",0
75,"bandit","GlobalLearn","23","A bandit","Emeralds",50,"Man",1,"15",0,"0",0
75,"bandit","GlobalLearn","23","A bandit","Emeralds",50,"Man",1,"16",0,"1",1
75,"bandit","GlobalLearn","23","A bandit","Emeralds",50,"Man",1,"17",29,"1",0
75,"bandit","GlobalLearn","23","A bandit","Emeralds",50,"Man",1,"18",35,"1",0
75,"bandit","GlobalLearn","23","A bandit","Emeralds",50,"Man",1,"19",49,"1",0
75,"bandit","GlobalLearn","23","A bandit","Emeralds",50,"Man",1,"20",28,"1",1
75,"bandit","GlobalLearn","23","A bandit","Emeralds",50,"Man",1,"21",29,"1",0
75,"bandit","GlobalLearn","23","A bandit","Emeralds",50,"Man",1,"22",11,"1",1
75,"bandit","GlobalLearn","23","A bandit","Emeralds",50,"Man",1,"23",0,"1",1
75,"bandit","GlobalLearn","23","A bandit","Emeralds",50,"Man",1,"24",36,"1",0
75,"bandit","GlobalLearn","23","A bandit","Emeralds",50,"Man",1,"25",0,"1",1
75,"bandit","GlobalLearn","23","A bandit","Emeralds",50,"Man",1,"26",0,"1",1
75,"bandit","GlobalLearn","23","A bandit","Emeralds",50,"Man",1,"27",46,"1",0
75,"bandit","GlobalLearn","23","A bandit","Emeralds",50,"Man",1,"28",0,"0",0
75,"bandit","GlobalLearn","23","A bandit","Emeralds",50,"Man",1,"29",51,"1",0
75,"bandit","GlobalLearn","23","A bandit","Emeralds",50,"Man",1,"30",53,"1",0
75,"bandit","GlobalLearn","23","A bandit","Emeralds",50,"Man",1,"31",0,"1",1
75,"bandit","GlobalLearn","23","A bandit","Emeralds",50,"Man",1,"32",37,"1",0
75,"bandit","GlobalLearn","23","A bandit","Emeralds",50,"Man",1,"33",51,"1",0
75,"bandit","GlobalLearn","23","A bandit","Emeralds",50,"Man",1,"34",48,"1",0
75,"bandit","GlobalLearn","23","A bandit","Emeralds",50,"Man",1,"35",19,"1",1
75,"bandit","GlobalLearn","23","A bandit","Emeralds",50,"Man",1,"36",4,"1",1
75,"bandit","GlobalLearn","23","A bandit","Emeralds",50,"Man",1,"37",47,"1",0
75,"bandit","GlobalLearn","23","A bandit","Emeralds",50,"Man",1,"38",46,"1",0
75,"bandit","GlobalLearn","23","A bandit","Emeralds",50,"Man",1,"39",47,"1",0
75,"bandit","GlobalLearn","23","A bandit","Emeralds",50,"Man",1,"40",0,"1",1
75,"bandit","GlobalLearn","23","A bandit","Emeralds",50,"Man",1,"41",0,"1",1
75,"bandit","GlobalLearn","23","A bandit","Emeralds",50,"Man",1,"42",0,"1",1
75,"bandit","GlobalLearn","23","A bandit","Emeralds",50,"Man",1,"43",0,"1",1
75,"bandit","GlobalLearn","23","A bandit","Emeralds",50,"Man",1,"44",0,"1",1
75,"bandit","GlobalLearn","23","A bandit","Emeralds",50,"Man",1,"45",20,"1",0
75,"bandit","GlobalLearn","23","A bandit","Emeralds",50,"Man",1,"46",36,"1",0
75,"bandit","GlobalLearn","23","A bandit","Emeralds",50,"Man",1,"47",36,"1",0
75,"bandit","GlobalLearn","23","A bandit","Emeralds",50,"Man",1,"48",0,"1",1
75,"bandit","GlobalLearn","23","A bandit","Emeralds",50,"Man",1,"49",20,"1",0
75,"bandit","GlobalLearn","23","A bandit","Emeralds",50,"Man",1,"50",0,"1",1
76,"bandit","GlobalLearn","30","A bandit","Emeralds",37,"Woman",1,"1",91,"0",0
76,"bandit","GlobalLearn","30","A bandit","Emeralds",37,"Woman",1,"2",97,"0",0
76,"bandit","GlobalLearn","30","A bandit","Emeralds",37,"Woman",1,"3",100,"1",0
76,"bandit","GlobalLearn","30","A bandit","Emeralds",37,"Woman",1,"4",100,"1",1
76,"bandit","GlobalLearn","30","A bandit","Emeralds",37,"Woman",1,"5",100,"1",1
76,"bandit","GlobalLearn","30","A bandit","Emeralds",37,"Woman",1,"6",100,"1",0
76,"bandit","GlobalLearn","30","A bandit","Emeralds",37,"Woman",1,"7",96,"1",0
76,"bandit","GlobalLearn","30","A bandit","Emeralds",37,"Woman",1,"8",100,"1",1
76,"bandit","GlobalLearn","30","A bandit","Emeralds",37,"Woman",1,"9",100,"1",1
76,"bandit","GlobalLearn","30","A bandit","Emeralds",37,"Woman",1,"10",100,"1",0
76,"bandit","GlobalLearn","30","A bandit","Emeralds",37,"Woman",1,"11",100,"1",0
76,"bandit","GlobalLearn","30","A bandit","Emeralds",37,"Woman",1,"12",100,"1",1
76,"bandit","GlobalLearn","30","A bandit","Emeralds",37,"Woman",1,"13",92,"1",0
76,"bandit","GlobalLearn","30","A bandit","Emeralds",37,"Woman",1,"14",91,"1",0
76,"bandit","GlobalLearn","30","A bandit","Emeralds",37,"Woman",1,"15",93,"1",0
76,"bandit","GlobalLearn","30","A bandit","Emeralds",37,"Woman",1,"16",99,"1",0
76,"bandit","GlobalLearn","30","A bandit","Emeralds",37,"Woman",1,"17",67,"1",0
76,"bandit","GlobalLearn","30","A bandit","Emeralds",37,"Woman",1,"18",62,"1",0
76,"bandit","GlobalLearn","30","A bandit","Emeralds",37,"Woman",1,"19",100,"0",1
76,"bandit","GlobalLearn","30","A bandit","Emeralds",37,"Woman",1,"20",100,"0",1
76,"bandit","GlobalLearn","30","A bandit","Emeralds",37,"Woman",1,"21",59,"0",1
76,"bandit","GlobalLearn","30","A bandit","Emeralds",37,"Woman",1,"22",100,"0",0
76,"bandit","GlobalLearn","30","A bandit","Emeralds",37,"Woman",1,"23",100,"0",0
76,"bandit","GlobalLearn","30","A bandit","Emeralds",37,"Woman",1,"24",58,"1",1
76,"bandit","GlobalLearn","30","A bandit","Emeralds",37,"Woman",1,"25",56,"1",1
76,"bandit","GlobalLearn","30","A bandit","Emeralds",37,"Woman",1,"26",100,"1",0
76,"bandit","GlobalLearn","30","A bandit","Emeralds",37,"Woman",1,"27",57,"0",1
76,"bandit","GlobalLearn","30","A bandit","Emeralds",37,"Woman",1,"28",55,"0",1
76,"bandit","GlobalLearn","30","A bandit","Emeralds",37,"Woman",1,"29",97,"0",0
76,"bandit","GlobalLearn","30","A bandit","Emeralds",37,"Woman",1,"30",97,"1",0
76,"bandit","GlobalLearn","30","A bandit","Emeralds",37,"Woman",1,"31",97,"1",0
76,"bandit","GlobalLearn","30","A bandit","Emeralds",37,"Woman",1,"32",99,"1",0
76,"bandit","GlobalLearn","30","A bandit","Emeralds",37,"Woman",1,"33",97,"0",0
76,"bandit","GlobalLearn","30","A bandit","Emeralds",37,"Woman",1,"34",33,"0",1
76,"bandit","GlobalLearn","30","A bandit","Emeralds",37,"Woman",1,"35",33,"0",0
76,"bandit","GlobalLearn","30","A bandit","Emeralds",37,"Woman",1,"36",98,"0",0
76,"bandit","GlobalLearn","30","A bandit","Emeralds",37,"Woman",1,"37",99,"1",0
76,"bandit","GlobalLearn","30","A bandit","Emeralds",37,"Woman",1,"38",97,"1",0
76,"bandit","GlobalLearn","30","A bandit","Emeralds",37,"Woman",1,"39",100,"1",0
76,"bandit","GlobalLearn","30","A bandit","Emeralds",37,"Woman",1,"40",8,"0",1
76,"bandit","GlobalLearn","30","A bandit","Emeralds",37,"Woman",1,"41",4,"0",1
76,"bandit","GlobalLearn","30","A bandit","Emeralds",37,"Woman",1,"42",97,"0",0
76,"bandit","GlobalLearn","30","A bandit","Emeralds",37,"Woman",1,"43",5,"0",1
76,"bandit","GlobalLearn","30","A bandit","Emeralds",37,"Woman",1,"44",10,"0",1
76,"bandit","GlobalLearn","30","A bandit","Emeralds",37,"Woman",1,"45",0,"0",1
76,"bandit","GlobalLearn","30","A bandit","Emeralds",37,"Woman",1,"46",100,"0",0
76,"bandit","GlobalLearn","30","A bandit","Emeralds",37,"Woman",1,"47",99,"0",0
76,"bandit","GlobalLearn","30","A bandit","Emeralds",37,"Woman",1,"48",0,"0",1
76,"bandit","GlobalLearn","30","A bandit","Emeralds",37,"Woman",1,"49",1,"0",1
76,"bandit","GlobalLearn","30","A bandit","Emeralds",37,"Woman",1,"50",1,"0",1
77,"sheriff","GlobalLearn","64","A sheriff","Emeralds",59,"Woman",1,"1",100,"1",1
77,"sheriff","GlobalLearn","64","A sheriff","Emeralds",59,"Woman",1,"2",100,"1",1
77,"sheriff","GlobalLearn","64","A sheriff","Emeralds",59,"Woman",1,"3",100,"1",0
77,"sheriff","GlobalLearn","64","A sheriff","Emeralds",59,"Woman",1,"4",100,"1",0
77,"sheriff","GlobalLearn","64","A sheriff","Emeralds",59,"Woman",1,"5",100,"1",1
77,"sheriff","GlobalLearn","64","A sheriff","Emeralds",59,"Woman",1,"6",100,"1",1
77,"sheriff","GlobalLearn","64","A sheriff","Emeralds",59,"Woman",1,"7",100,"1",1
77,"sheriff","GlobalLearn","64","A sheriff","Emeralds",59,"Woman",1,"8",100,"1",1
77,"sheriff","GlobalLearn","64","A sheriff","Emeralds",59,"Woman",1,"9",100,"1",1
77,"sheriff","GlobalLearn","64","A sheriff","Emeralds",59,"Woman",1,"10",100,"1",1
77,"sheriff","GlobalLearn","64","A sheriff","Emeralds",59,"Woman",1,"11",100,"1",1
77,"sheriff","GlobalLearn","64","A sheriff","Emeralds",59,"Woman",1,"12",100,"1",1
77,"sheriff","GlobalLearn","64","A sheriff","Emeralds",59,"Woman",1,"13",100,"1",1
77,"sheriff","GlobalLearn","64","A sheriff","Emeralds",59,"Woman",1,"14",100,"1",1
77,"sheriff","GlobalLearn","64","A sheriff","Emeralds",59,"Woman",1,"15",100,"1",1
77,"sheriff","GlobalLearn","64","A sheriff","Emeralds",59,"Woman",1,"16",100,"1",1
77,"sheriff","GlobalLearn","64","A sheriff","Emeralds",59,"Woman",1,"17",100,"1",1
77,"sheriff","GlobalLearn","64","A sheriff","Emeralds",59,"Woman",1,"18",100,"1",0
77,"sheriff","GlobalLearn","64","A sheriff","Emeralds",59,"Woman",1,"19",100,"1",1
77,"sheriff","GlobalLearn","64","A sheriff","Emeralds",59,"Woman",1,"20",100,"1",1
77,"sheriff","GlobalLearn","64","A sheriff","Emeralds",59,"Woman",1,"21",100,"1",1
77,"sheriff","GlobalLearn","64","A sheriff","Emeralds",59,"Woman",1,"22",100,"1",1
77,"sheriff","GlobalLearn","64","A sheriff","Emeralds",59,"Woman",1,"23",100,"1",1
77,"sheriff","GlobalLearn","64","A sheriff","Emeralds",59,"Woman",1,"24",100,"1",1
77,"sheriff","GlobalLearn","64","A sheriff","Emeralds",59,"Woman",1,"25",100,"1",1
77,"sheriff","GlobalLearn","64","A sheriff","Emeralds",59,"Woman",1,"26",100,"1",1
77,"sheriff","GlobalLearn","64","A sheriff","Emeralds",59,"Woman",1,"27",100,"1",0
77,"sheriff","GlobalLearn","64","A sheriff","Emeralds",59,"Woman",1,"28",100,"1",1
77,"sheriff","GlobalLearn","64","A sheriff","Emeralds",59,"Woman",1,"29",100,"1",1
77,"sheriff","GlobalLearn","64","A sheriff","Emeralds",59,"Woman",1,"30",100,"1",1
77,"sheriff","GlobalLearn","64","A sheriff","Emeralds",59,"Woman",1,"31",100,"1",0
77,"sheriff","GlobalLearn","64","A sheriff","Emeralds",59,"Woman",1,"32",100,"1",0
77,"sheriff","GlobalLearn","64","A sheriff","Emeralds",59,"Woman",1,"33",100,"1",0
77,"sheriff","GlobalLearn","64","A sheriff","Emeralds",59,"Woman",1,"34",100,"1",1
77,"sheriff","GlobalLearn","64","A sheriff","Emeralds",59,"Woman",1,"35",100,"1",1
77,"sheriff","GlobalLearn","64","A sheriff","Emeralds",59,"Woman",1,"36",100,"1",1
77,"sheriff","GlobalLearn","64","A sheriff","Emeralds",59,"Woman",1,"37",100,"1",0
77,"sheriff","GlobalLearn","64","A sheriff","Emeralds",59,"Woman",1,"38",100,"1",1
77,"sheriff","GlobalLearn","64","A sheriff","Emeralds",59,"Woman",1,"39",100,"1",0
77,"sheriff","GlobalLearn","64","A sheriff","Emeralds",59,"Woman",1,"40",100,"1",0
77,"sheriff","GlobalLearn","64","A sheriff","Emeralds",59,"Woman",1,"41",100,"1",0
77,"sheriff","GlobalLearn","64","A sheriff","Emeralds",59,"Woman",1,"42",100,"1",0
77,"sheriff","GlobalLearn","64","A sheriff","Emeralds",59,"Woman",1,"43",100,"1",1
77,"sheriff","GlobalLearn","64","A sheriff","Emeralds",59,"Woman",1,"44",100,"1",0
77,"sheriff","GlobalLearn","64","A sheriff","Emeralds",59,"Woman",1,"45",100,"1",0
77,"sheriff","GlobalLearn","64","A sheriff","Emeralds",59,"Woman",1,"46",50,"1",1
77,"sheriff","GlobalLearn","64","A sheriff","Emeralds",59,"Woman",1,"47",100,"1",0
77,"sheriff","GlobalLearn","64","A sheriff","Emeralds",59,"Woman",1,"48",100,"1",0
77,"sheriff","GlobalLearn","64","A sheriff","Emeralds",59,"Woman",1,"49",100,"1",0
77,"sheriff","GlobalLearn","64","A sheriff","Emeralds",59,"Woman",1,"50",100,"1",1
78,"bandit","GlobalLearn","39","A bandit","Emeralds",31,"Man",1,"1",82,"1",1
78,"bandit","GlobalLearn","39","A bandit","Emeralds",31,"Man",1,"2",94,"1",1
78,"bandit","GlobalLearn","39","A bandit","Emeralds",31,"Man",1,"3",91,"1",0
78,"bandit","GlobalLearn","39","A bandit","Emeralds",31,"Man",1,"4",40,"0",0
78,"bandit","GlobalLearn","39","A bandit","Emeralds",31,"Man",1,"5",33,"1",1
78,"bandit","GlobalLearn","39","A bandit","Emeralds",31,"Man",1,"6",84,"1",0
78,"bandit","GlobalLearn","39","A bandit","Emeralds",31,"Man",1,"7",84,"0",0
78,"bandit","GlobalLearn","39","A bandit","Emeralds",31,"Man",1,"8",93,"1",0
78,"bandit","GlobalLearn","39","A bandit","Emeralds",31,"Man",1,"9",93,"1",0
78,"bandit","GlobalLearn","39","A bandit","Emeralds",31,"Man",1,"10",73,"0",0
78,"bandit","GlobalLearn","39","A bandit","Emeralds",31,"Man",1,"11",31,"0",0
78,"bandit","GlobalLearn","39","A bandit","Emeralds",31,"Man",1,"12",87,"1",0
78,"bandit","GlobalLearn","39","A bandit","Emeralds",31,"Man",1,"13",85,"1",0
78,"bandit","GlobalLearn","39","A bandit","Emeralds",31,"Man",1,"14",85,"1",0
78,"bandit","GlobalLearn","39","A bandit","Emeralds",31,"Man",1,"15",92,"0",1
78,"bandit","GlobalLearn","39","A bandit","Emeralds",31,"Man",1,"16",26,"0",0
78,"bandit","GlobalLearn","39","A bandit","Emeralds",31,"Man",1,"17",21,"0",0
78,"bandit","GlobalLearn","39","A bandit","Emeralds",31,"Man",1,"18",90,"1",0
78,"bandit","GlobalLearn","39","A bandit","Emeralds",31,"Man",1,"19",32,"0",0
78,"bandit","GlobalLearn","39","A bandit","Emeralds",31,"Man",1,"20",95,"1",0
78,"bandit","GlobalLearn","39","A bandit","Emeralds",31,"Man",1,"21",89,"1",0
78,"bandit","GlobalLearn","39","A bandit","Emeralds",31,"Man",1,"22",36,"1",1
78,"bandit","GlobalLearn","39","A bandit","Emeralds",31,"Man",1,"23",86,"1",0
78,"bandit","GlobalLearn","39","A bandit","Emeralds",31,"Man",1,"24",75,"1",0
78,"bandit","GlobalLearn","39","A bandit","Emeralds",31,"Man",1,"25",82,"1",0
78,"bandit","GlobalLearn","39","A bandit","Emeralds",31,"Man",1,"26",79,"1",0
78,"bandit","GlobalLearn","39","A bandit","Emeralds",31,"Man",1,"27",82,"0",1
78,"bandit","GlobalLearn","39","A bandit","Emeralds",31,"Man",1,"28",86,"0",0
78,"bandit","GlobalLearn","39","A bandit","Emeralds",31,"Man",1,"29",92,"0",1
78,"bandit","GlobalLearn","39","A bandit","Emeralds",31,"Man",1,"30",33,"0",0
78,"bandit","GlobalLearn","39","A bandit","Emeralds",31,"Man",1,"31",84,"0",1
78,"bandit","GlobalLearn","39","A bandit","Emeralds",31,"Man",1,"32",78,"0",0
78,"bandit","GlobalLearn","39","A bandit","Emeralds",31,"Man",1,"33",73,"0",0
78,"bandit","GlobalLearn","39","A bandit","Emeralds",31,"Man",1,"34",93,"0",1
78,"bandit","GlobalLearn","39","A bandit","Emeralds",31,"Man",1,"35",91,"0",1
78,"bandit","GlobalLearn","39","A bandit","Emeralds",31,"Man",1,"36",67,"0",0
78,"bandit","GlobalLearn","39","A bandit","Emeralds",31,"Man",1,"37",93,"0",1
78,"bandit","GlobalLearn","39","A bandit","Emeralds",31,"Man",1,"38",90,"0",1
78,"bandit","GlobalLearn","39","A bandit","Emeralds",31,"Man",1,"39",73,"0",0
78,"bandit","GlobalLearn","39","A bandit","Emeralds",31,"Man",1,"40",98,"0",1
78,"bandit","GlobalLearn","39","A bandit","Emeralds",31,"Man",1,"41",89,"0",1
78,"bandit","GlobalLearn","39","A bandit","Emeralds",31,"Man",1,"42",94,"0",1
78,"bandit","GlobalLearn","39","A bandit","Emeralds",31,"Man",1,"43",30,"0",0
78,"bandit","GlobalLearn","39","A bandit","Emeralds",31,"Man",1,"44",82,"0",0
78,"bandit","GlobalLearn","39","A bandit","Emeralds",31,"Man",1,"45",84,"0",1
78,"bandit","GlobalLearn","39","A bandit","Emeralds",31,"Man",1,"46",29,"0",0
78,"bandit","GlobalLearn","39","A bandit","Emeralds",31,"Man",1,"47",78,"0",0
78,"bandit","GlobalLearn","39","A bandit","Emeralds",31,"Man",1,"48",82,"0",0
78,"bandit","GlobalLearn","39","A bandit","Emeralds",31,"Man",1,"49",33,"0",0
78,"bandit","GlobalLearn","39","A bandit","Emeralds",31,"Man",1,"50",33,"1",0
79,"bandit","GlobalLearn","28","A bandit","Emeralds",32,"Man",1,"1",100,"0",1
79,"bandit","GlobalLearn","28","A bandit","Emeralds",32,"Man",1,"2",100,"0",0
79,"bandit","GlobalLearn","28","A bandit","Emeralds",32,"Man",1,"3",100,"0",0
79,"bandit","GlobalLearn","28","A bandit","Emeralds",32,"Man",1,"4",82,"0",0
79,"bandit","GlobalLearn","28","A bandit","Emeralds",32,"Man",1,"5",100,"0",0
79,"bandit","GlobalLearn","28","A bandit","Emeralds",32,"Man",1,"6",100,"1",0
79,"bandit","GlobalLearn","28","A bandit","Emeralds",32,"Man",1,"7",100,"1",0
79,"bandit","GlobalLearn","28","A bandit","Emeralds",32,"Man",1,"8",27,"1",1
79,"bandit","GlobalLearn","28","A bandit","Emeralds",32,"Man",1,"9",99,"1",0
79,"bandit","GlobalLearn","28","A bandit","Emeralds",32,"Man",1,"10",100,"1",0
79,"bandit","GlobalLearn","28","A bandit","Emeralds",32,"Man",1,"11",50,"1",1
79,"bandit","GlobalLearn","28","A bandit","Emeralds",32,"Man",1,"12",33,"1",1
79,"bandit","GlobalLearn","28","A bandit","Emeralds",32,"Man",1,"13",100,"1",0
79,"bandit","GlobalLearn","28","A bandit","Emeralds",32,"Man",1,"14",100,"1",0
79,"bandit","GlobalLearn","28","A bandit","Emeralds",32,"Man",1,"15",24,"1",1
79,"bandit","GlobalLearn","28","A bandit","Emeralds",32,"Man",1,"16",28,"1",1
79,"bandit","GlobalLearn","28","A bandit","Emeralds",32,"Man",1,"17",29,"1",1
79,"bandit","GlobalLearn","28","A bandit","Emeralds",32,"Man",1,"18",26,"1",1
79,"bandit","GlobalLearn","28","A bandit","Emeralds",32,"Man",1,"19",100,"1",0
79,"bandit","GlobalLearn","28","A bandit","Emeralds",32,"Man",1,"20",100,"1",0
79,"bandit","GlobalLearn","28","A bandit","Emeralds",32,"Man",1,"21",100,"1",0
79,"bandit","GlobalLearn","28","A bandit","Emeralds",32,"Man",1,"22",17,"1",1
79,"bandit","GlobalLearn","28","A bandit","Emeralds",32,"Man",1,"23",32,"1",1
79,"bandit","GlobalLearn","28","A bandit","Emeralds",32,"Man",1,"24",100,"1",0
79,"bandit","GlobalLearn","28","A bandit","Emeralds",32,"Man",1,"25",95,"1",0
79,"bandit","GlobalLearn","28","A bandit","Emeralds",32,"Man",1,"26",67,"1",1
79,"bandit","GlobalLearn","28","A bandit","Emeralds",32,"Man",1,"27",66,"1",1
79,"bandit","GlobalLearn","28","A bandit","Emeralds",32,"Man",1,"28",100,"1",0
79,"bandit","GlobalLearn","28","A bandit","Emeralds",32,"Man",1,"29",100,"1",0
79,"bandit","GlobalLearn","28","A bandit","Emeralds",32,"Man",1,"30",100,"1",0
79,"bandit","GlobalLearn","28","A bandit","Emeralds",32,"Man",1,"31",100,"1",0
79,"bandit","GlobalLearn","28","A bandit","Emeralds",32,"Man",1,"32",43,"1",1
79,"bandit","GlobalLearn","28","A bandit","Emeralds",32,"Man",1,"33",100,"1",0
79,"bandit","GlobalLearn","28","A bandit","Emeralds",32,"Man",1,"34",37,"1",1
79,"bandit","GlobalLearn","28","A bandit","Emeralds",32,"Man",1,"35",5,"1",1
79,"bandit","GlobalLearn","28","A bandit","Emeralds",32,"Man",1,"36",100,"1",1
79,"bandit","GlobalLearn","28","A bandit","Emeralds",32,"Man",1,"37",87,"1",1
79,"bandit","GlobalLearn","28","A bandit","Emeralds",32,"Man",1,"38",100,"1",0
79,"bandit","GlobalLearn","28","A bandit","Emeralds",32,"Man",1,"39",91,"1",1
79,"bandit","GlobalLearn","28","A bandit","Emeralds",32,"Man",1,"40",76,"1",1
79,"bandit","GlobalLearn","28","A bandit","Emeralds",32,"Man",1,"41",72,"1",0
79,"bandit","GlobalLearn","28","A bandit","Emeralds",32,"Man",1,"42",98,"1",0
79,"bandit","GlobalLearn","28","A bandit","Emeralds",32,"Man",1,"43",98,"1",0
79,"bandit","GlobalLearn","28","A bandit","Emeralds",32,"Man",1,"44",98,"1",0
79,"bandit","GlobalLearn","28","A bandit","Emeralds",32,"Man",1,"45",28,"1",1
79,"bandit","GlobalLearn","28","A bandit","Emeralds",32,"Man",1,"46",42,"1",1
79,"bandit","GlobalLearn","28","A bandit","Emeralds",32,"Man",1,"47",28,"1",1
79,"bandit","GlobalLearn","28","A bandit","Emeralds",32,"Man",1,"48",100,"1",1
79,"bandit","GlobalLearn","28","A bandit","Emeralds",32,"Man",1,"49",73,"1",1
79,"bandit","GlobalLearn","28","A bandit","Emeralds",32,"Man",1,"50",55,"1",1
80,"tycoon","GlobalLearn","16","A tycoon","Emeralds",42,"Woman",1,"1",56,"1",1
80,"tycoon","GlobalLearn","16","A tycoon","Emeralds",42,"Woman",1,"2",58,"1",1
80,"tycoon","GlobalLearn","16","A tycoon","Emeralds",42,"Woman",1,"3",65,"1",1
80,"tycoon","GlobalLearn","16","A tycoon","Emeralds",42,"Woman",1,"4",72,"1",1
80,"tycoon","GlobalLearn","16","A tycoon","Emeralds",42,"Woman",1,"5",52,"0",1
80,"tycoon","GlobalLearn","16","A tycoon","Emeralds",42,"Woman",1,"6",50,"1",0
80,"tycoon","GlobalLearn","16","A tycoon","Emeralds",42,"Woman",1,"7",67,"1",1
80,"tycoon","GlobalLearn","16","A tycoon","Emeralds",42,"Woman",1,"8",66,"1",1
80,"tycoon","GlobalLearn","16","A tycoon","Emeralds",42,"Woman",1,"9",74,"1",1
80,"tycoon","GlobalLearn","16","A tycoon","Emeralds",42,"Woman",1,"10",53,"1",0
80,"tycoon","GlobalLearn","16","A tycoon","Emeralds",42,"Woman",1,"11",78,"1",1
80,"tycoon","GlobalLearn","16","A tycoon","Emeralds",42,"Woman",1,"12",79,"1",1
80,"tycoon","GlobalLearn","16","A tycoon","Emeralds",42,"Woman",1,"13",84,"1",1
80,"tycoon","GlobalLearn","16","A tycoon","Emeralds",42,"Woman",1,"14",84,"1",1
80,"tycoon","GlobalLearn","16","A tycoon","Emeralds",42,"Woman",1,"15",89,"1",1
80,"tycoon","GlobalLearn","16","A tycoon","Emeralds",42,"Woman",1,"16",91,"1",1
80,"tycoon","GlobalLearn","16","A tycoon","Emeralds",42,"Woman",1,"17",58,"1",0
80,"tycoon","GlobalLearn","16","A tycoon","Emeralds",42,"Woman",1,"18",93,"1",1
80,"tycoon","GlobalLearn","16","A tycoon","Emeralds",42,"Woman",1,"19",59,"1",0
80,"tycoon","GlobalLearn","16","A tycoon","Emeralds",42,"Woman",1,"20",94,"1",1
80,"tycoon","GlobalLearn","16","A tycoon","Emeralds",42,"Woman",1,"21",61,"1",0
80,"tycoon","GlobalLearn","16","A tycoon","Emeralds",42,"Woman",1,"22",64,"1",0
80,"tycoon","GlobalLearn","16","A tycoon","Emeralds",42,"Woman",1,"23",95,"1",1
80,"tycoon","GlobalLearn","16","A tycoon","Emeralds",42,"Woman",1,"24",65,"1",0
80,"tycoon","GlobalLearn","16","A tycoon","Emeralds",42,"Woman",1,"25",68,"1",0
80,"tycoon","GlobalLearn","16","A tycoon","Emeralds",42,"Woman",1,"26",65,"1",0
80,"tycoon","GlobalLearn","16","A tycoon","Emeralds",42,"Woman",1,"27",96,"1",1
80,"tycoon","GlobalLearn","16","A tycoon","Emeralds",42,"Woman",1,"28",68,"1",0
80,"tycoon","GlobalLearn","16","A tycoon","Emeralds",42,"Woman",1,"29",71,"1",0
80,"tycoon","GlobalLearn","16","A tycoon","Emeralds",42,"Woman",1,"30",53,"0",1
80,"tycoon","GlobalLearn","16","A tycoon","Emeralds",42,"Woman",1,"31",50,"0",0
80,"tycoon","GlobalLearn","16","A tycoon","Emeralds",42,"Woman",1,"32",55,"0",1
80,"tycoon","GlobalLearn","16","A tycoon","Emeralds",42,"Woman",1,"33",60,"0",1
80,"tycoon","GlobalLearn","16","A tycoon","Emeralds",42,"Woman",1,"34",63,"0",1
80,"tycoon","GlobalLearn","16","A tycoon","Emeralds",42,"Woman",1,"35",63,"0",1
80,"tycoon","GlobalLearn","16","A tycoon","Emeralds",42,"Woman",1,"36",67,"0",1
80,"tycoon","GlobalLearn","16","A tycoon","Emeralds",42,"Woman",1,"37",68,"0",1
80,"tycoon","GlobalLearn","16","A tycoon","Emeralds",42,"Woman",1,"38",71,"0",1
80,"tycoon","GlobalLearn","16","A tycoon","Emeralds",42,"Woman",1,"39",76,"0",1
80,"tycoon","GlobalLearn","16","A tycoon","Emeralds",42,"Woman",1,"40",79,"0",1
80,"tycoon","GlobalLearn","16","A tycoon","Emeralds",42,"Woman",1,"41",61,"0",0
80,"tycoon","GlobalLearn","16","A tycoon","Emeralds",42,"Woman",1,"42",83,"0",1
80,"tycoon","GlobalLearn","16","A tycoon","Emeralds",42,"Woman",1,"43",68,"0",0
80,"tycoon","GlobalLearn","16","A tycoon","Emeralds",42,"Woman",1,"44",87,"0",1
80,"tycoon","GlobalLearn","16","A tycoon","Emeralds",42,"Woman",1,"45",90,"0",1
80,"tycoon","GlobalLearn","16","A tycoon","Emeralds",42,"Woman",1,"46",93,"0",1
80,"tycoon","GlobalLearn","16","A tycoon","Emeralds",42,"Woman",1,"47",72,"0",0
80,"tycoon","GlobalLearn","16","A tycoon","Emeralds",42,"Woman",1,"48",93,"0",1
80,"tycoon","GlobalLearn","16","A tycoon","Emeralds",42,"Woman",1,"49",96,"0",1
80,"tycoon","GlobalLearn","16","A tycoon","Emeralds",42,"Woman",1,"50",97,"0",1
81,"tycoon","GlobalLearn","6","A tycoon","Emeralds",24,"Woman",1,"1",71,"1",1
81,"tycoon","GlobalLearn","6","A tycoon","Emeralds",24,"Woman",1,"2",75,"1",1
81,"tycoon","GlobalLearn","6","A tycoon","Emeralds",24,"Woman",1,"3",47,"1",1
81,"tycoon","GlobalLearn","6","A tycoon","Emeralds",24,"Woman",1,"4",34,"1",1
81,"tycoon","GlobalLearn","6","A tycoon","Emeralds",24,"Woman",1,"5",23,"1",0
81,"tycoon","GlobalLearn","6","A tycoon","Emeralds",24,"Woman",1,"6",36,"1",0
81,"tycoon","GlobalLearn","6","A tycoon","Emeralds",24,"Woman",1,"7",93,"0",1
81,"tycoon","GlobalLearn","6","A tycoon","Emeralds",24,"Woman",1,"8",93,"0",1
81,"tycoon","GlobalLearn","6","A tycoon","Emeralds",24,"Woman",1,"9",67,"0",1
81,"tycoon","GlobalLearn","6","A tycoon","Emeralds",24,"Woman",1,"10",85,"0",1
81,"tycoon","GlobalLearn","6","A tycoon","Emeralds",24,"Woman",1,"11",62,"0",1
81,"tycoon","GlobalLearn","6","A tycoon","Emeralds",24,"Woman",1,"12",30,"0",0
81,"tycoon","GlobalLearn","6","A tycoon","Emeralds",24,"Woman",1,"13",62,"1",1
81,"tycoon","GlobalLearn","6","A tycoon","Emeralds",24,"Woman",1,"14",83,"1",1
81,"tycoon","GlobalLearn","6","A tycoon","Emeralds",24,"Woman",1,"15",74,"1",1
81,"tycoon","GlobalLearn","6","A tycoon","Emeralds",24,"Woman",1,"16",77,"1",1
81,"tycoon","GlobalLearn","6","A tycoon","Emeralds",24,"Woman",1,"17",39,"1",0
81,"tycoon","GlobalLearn","6","A tycoon","Emeralds",24,"Woman",1,"18",11,"0",0
81,"tycoon","GlobalLearn","6","A tycoon","Emeralds",24,"Woman",1,"19",35,"1",0
81,"tycoon","GlobalLearn","6","A tycoon","Emeralds",24,"Woman",1,"20",63,"1",1
81,"tycoon","GlobalLearn","6","A tycoon","Emeralds",24,"Woman",1,"21",77,"1",1
81,"tycoon","GlobalLearn","6","A tycoon","Emeralds",24,"Woman",1,"22",71,"1",1
81,"tycoon","GlobalLearn","6","A tycoon","Emeralds",24,"Woman",1,"23",12,"1",0
81,"tycoon","GlobalLearn","6","A tycoon","Emeralds",24,"Woman",1,"24",88,"0",1
81,"tycoon","GlobalLearn","6","A tycoon","Emeralds",24,"Woman",1,"25",79,"0",1
81,"tycoon","GlobalLearn","6","A tycoon","Emeralds",24,"Woman",1,"26",26,"0",0
81,"tycoon","GlobalLearn","6","A tycoon","Emeralds",24,"Woman",1,"27",94,"0",1
81,"tycoon","GlobalLearn","6","A tycoon","Emeralds",24,"Woman",1,"28",74,"0",1
81,"tycoon","GlobalLearn","6","A tycoon","Emeralds",24,"Woman",1,"29",68,"0",1
81,"tycoon","GlobalLearn","6","A tycoon","Emeralds",24,"Woman",1,"30",86,"0",1
81,"tycoon","GlobalLearn","6","A tycoon","Emeralds",24,"Woman",1,"31",64,"0",1
81,"tycoon","GlobalLearn","6","A tycoon","Emeralds",24,"Woman",1,"32",70,"0",1
81,"tycoon","GlobalLearn","6","A tycoon","Emeralds",24,"Woman",1,"33",57,"0",1
81,"tycoon","GlobalLearn","6","A tycoon","Emeralds",24,"Woman",1,"34",85,"0",1
81,"tycoon","GlobalLearn","6","A tycoon","Emeralds",24,"Woman",1,"35",41,"0",1
81,"tycoon","GlobalLearn","6","A tycoon","Emeralds",24,"Woman",1,"36",5,"0",0
81,"tycoon","GlobalLearn","6","A tycoon","Emeralds",24,"Woman",1,"37",65,"0",1
81,"tycoon","GlobalLearn","6","A tycoon","Emeralds",24,"Woman",1,"38",14,"0",0
81,"tycoon","GlobalLearn","6","A tycoon","Emeralds",24,"Woman",1,"39",62,"0",1
81,"tycoon","GlobalLearn","6","A tycoon","Emeralds",24,"Woman",1,"40",55,"0",1
81,"tycoon","GlobalLearn","6","A tycoon","Emeralds",24,"Woman",1,"41",62,"0",1
81,"tycoon","GlobalLearn","6","A tycoon","Emeralds",24,"Woman",1,"42",46,"0",1
81,"tycoon","GlobalLearn","6","A tycoon","Emeralds",24,"Woman",1,"43",43,"0",1
81,"tycoon","GlobalLearn","6","A tycoon","Emeralds",24,"Woman",1,"44",21,"0",0
81,"tycoon","GlobalLearn","6","A tycoon","Emeralds",24,"Woman",1,"45",65,"0",1
81,"tycoon","GlobalLearn","6","A tycoon","Emeralds",24,"Woman",1,"46",81,"0",1
81,"tycoon","GlobalLearn","6","A tycoon","Emeralds",24,"Woman",1,"47",63,"0",1
81,"tycoon","GlobalLearn","6","A tycoon","Emeralds",24,"Woman",1,"48",65,"0",1
81,"tycoon","GlobalLearn","6","A tycoon","Emeralds",24,"Woman",1,"49",35,"0",1
81,"tycoon","GlobalLearn","6","A tycoon","Emeralds",24,"Woman",1,"50",59,"0",1
82,"bandit","GlobalLearn","26","A bandit","Emeralds",24,"Woman",1,"1",72,"0",0
82,"bandit","GlobalLearn","26","A bandit","Emeralds",24,"Woman",1,"2",0,"0",1
82,"bandit","GlobalLearn","26","A bandit","Emeralds",24,"Woman",1,"3",0,"0",1
82,"bandit","GlobalLearn","26","A bandit","Emeralds",24,"Woman",1,"4",67,"0",0
82,"bandit","GlobalLearn","26","A bandit","Emeralds",24,"Woman",1,"5",0,"0",1
82,"bandit","GlobalLearn","26","A bandit","Emeralds",24,"Woman",1,"6",72,"0",0
82,"bandit","GlobalLearn","26","A bandit","Emeralds",24,"Woman",1,"7",79,"0",0
82,"bandit","GlobalLearn","26","A bandit","Emeralds",24,"Woman",1,"8",94,"1",0
82,"bandit","GlobalLearn","26","A bandit","Emeralds",24,"Woman",1,"9",80,"1",0
82,"bandit","GlobalLearn","26","A bandit","Emeralds",24,"Woman",1,"10",0,"1",1
82,"bandit","GlobalLearn","26","A bandit","Emeralds",24,"Woman",1,"11",81,"1",0
82,"bandit","GlobalLearn","26","A bandit","Emeralds",24,"Woman",1,"12",0,"1",1
82,"bandit","GlobalLearn","26","A bandit","Emeralds",24,"Woman",1,"13",85,"1",0
82,"bandit","GlobalLearn","26","A bandit","Emeralds",24,"Woman",1,"14",0,"0",1
82,"bandit","GlobalLearn","26","A bandit","Emeralds",24,"Woman",1,"15",86,"0",0
82,"bandit","GlobalLearn","26","A bandit","Emeralds",24,"Woman",1,"16",0,"0",1
82,"bandit","GlobalLearn","26","A bandit","Emeralds",24,"Woman",1,"17",0,"0",1
82,"bandit","GlobalLearn","26","A bandit","Emeralds",24,"Woman",1,"18",77,"0",0
82,"bandit","GlobalLearn","26","A bandit","Emeralds",24,"Woman",1,"19",0,"0",1
82,"bandit","GlobalLearn","26","A bandit","Emeralds",24,"Woman",1,"20",0,"0",1
82,"bandit","GlobalLearn","26","A bandit","Emeralds",24,"Woman",1,"21",83,"0",0
82,"bandit","GlobalLearn","26","A bandit","Emeralds",24,"Woman",1,"22",0,"0",1
82,"bandit","GlobalLearn","26","A bandit","Emeralds",24,"Woman",1,"23",65,"0",0
82,"bandit","GlobalLearn","26","A bandit","Emeralds",24,"Woman",1,"24",0,"0",1
82,"bandit","GlobalLearn","26","A bandit","Emeralds",24,"Woman",1,"25",0,"0",1
82,"bandit","GlobalLearn","26","A bandit","Emeralds",24,"Woman",1,"26",71,"0",0
82,"bandit","GlobalLearn","26","A bandit","Emeralds",24,"Woman",1,"27",0,"0",1
82,"bandit","GlobalLearn","26","A bandit","Emeralds",24,"Woman",1,"28",0,"0",1
82,"bandit","GlobalLearn","26","A bandit","Emeralds",24,"Woman",1,"29",75,"0",0
82,"bandit","GlobalLearn","26","A bandit","Emeralds",24,"Woman",1,"30",74,"0",0
82,"bandit","GlobalLearn","26","A bandit","Emeralds",24,"Woman",1,"31",0,"0",1
82,"bandit","GlobalLearn","26","A bandit","Emeralds",24,"Woman",1,"32",0,"0",1
82,"bandit","GlobalLearn","26","A bandit","Emeralds",24,"Woman",1,"33",73,"0",0
82,"bandit","GlobalLearn","26","A bandit","Emeralds",24,"Woman",1,"34",76,"0",0
82,"bandit","GlobalLearn","26","A bandit","Emeralds",24,"Woman",1,"35",91,"0",0
82,"bandit","GlobalLearn","26","A bandit","Emeralds",24,"Woman",1,"36",0,"1",1
82,"bandit","GlobalLearn","26","A bandit","Emeralds",24,"Woman",1,"37",78,"1",0
82,"bandit","GlobalLearn","26","A bandit","Emeralds",24,"Woman",1,"38",82,"1",0
82,"bandit","GlobalLearn","26","A bandit","Emeralds",24,"Woman",1,"39",90,"1",0
82,"bandit","GlobalLearn","26","A bandit","Emeralds",24,"Woman",1,"40",76,"0",0
82,"bandit","GlobalLearn","26","A bandit","Emeralds",24,"Woman",1,"41",90,"0",0
82,"bandit","GlobalLearn","26","A bandit","Emeralds",24,"Woman",1,"42",0,"0",1
82,"bandit","GlobalLearn","26","A bandit","Emeralds",24,"Woman",1,"43",0,"0",1
82,"bandit","GlobalLearn","26","A bandit","Emeralds",24,"Woman",1,"44",72,"0",0
82,"bandit","GlobalLearn","26","A bandit","Emeralds",24,"Woman",1,"45",82,"0",0
82,"bandit","GlobalLearn","26","A bandit","Emeralds",24,"Woman",1,"46",0,"0",1
82,"bandit","GlobalLearn","26","A bandit","Emeralds",24,"Woman",1,"47",81,"0",0
82,"bandit","GlobalLearn","26","A bandit","Emeralds",24,"Woman",1,"48",0,"0",1
82,"bandit","GlobalLearn","26","A bandit","Emeralds",24,"Woman",1,"49",0,"0",1
82,"bandit","GlobalLearn","26","A bandit","Emeralds",24,"Woman",1,"50",0,"0",1
83,"tycoon","GlobalLearn","61","A tycoon","Emeralds",35,"Man",1,"1",100,"1",1
83,"tycoon","GlobalLearn","61","A tycoon","Emeralds",35,"Man",1,"2",0,"1",0
83,"tycoon","GlobalLearn","61","A tycoon","Emeralds",35,"Man",1,"3",100,"1",1
83,"tycoon","GlobalLearn","61","A tycoon","Emeralds",35,"Man",1,"4",100,"1",1
83,"tycoon","GlobalLearn","61","A tycoon","Emeralds",35,"Man",1,"5",100,"1",1
83,"tycoon","GlobalLearn","61","A tycoon","Emeralds",35,"Man",1,"6",50,"1",1
83,"tycoon","GlobalLearn","61","A tycoon","Emeralds",35,"Man",1,"7",0,"1",0
83,"tycoon","GlobalLearn","61","A tycoon","Emeralds",35,"Man",1,"8",0,"1",0
83,"tycoon","GlobalLearn","61","A tycoon","Emeralds",35,"Man",1,"9",0,"0",0
83,"tycoon","GlobalLearn","61","A tycoon","Emeralds",35,"Man",1,"10",0,"0",0
83,"tycoon","GlobalLearn","61","A tycoon","Emeralds",35,"Man",1,"11",50,"1",1
83,"tycoon","GlobalLearn","61","A tycoon","Emeralds",35,"Man",1,"12",50,"1",1
83,"tycoon","GlobalLearn","61","A tycoon","Emeralds",35,"Man",1,"13",50,"1",1
83,"tycoon","GlobalLearn","61","A tycoon","Emeralds",35,"Man",1,"14",50,"1",1
83,"tycoon","GlobalLearn","61","A tycoon","Emeralds",35,"Man",1,"15",50,"1",1
83,"tycoon","GlobalLearn","61","A tycoon","Emeralds",35,"Man",1,"16",50,"1",1
83,"tycoon","GlobalLearn","61","A tycoon","Emeralds",35,"Man",1,"17",50,"1",1
83,"tycoon","GlobalLearn","61","A tycoon","Emeralds",35,"Man",1,"18",50,"1",1
83,"tycoon","GlobalLearn","61","A tycoon","Emeralds",35,"Man",1,"19",50,"1",1
83,"tycoon","GlobalLearn","61","A tycoon","Emeralds",35,"Man",1,"20",50,"1",1
83,"tycoon","GlobalLearn","61","A tycoon","Emeralds",35,"Man",1,"21",50,"1",1
83,"tycoon","GlobalLearn","61","A tycoon","Emeralds",35,"Man",1,"22",51,"1",1
83,"tycoon","GlobalLearn","61","A tycoon","Emeralds",35,"Man",1,"23",0,"1",0
83,"tycoon","GlobalLearn","61","A tycoon","Emeralds",35,"Man",1,"24",50,"1",1
83,"tycoon","GlobalLearn","61","A tycoon","Emeralds",35,"Man",1,"25",50,"1",1
83,"tycoon","GlobalLearn","61","A tycoon","Emeralds",35,"Man",1,"26",50,"1",1
83,"tycoon","GlobalLearn","61","A tycoon","Emeralds",35,"Man",1,"27",50,"1",1
83,"tycoon","GlobalLearn","61","A tycoon","Emeralds",35,"Man",1,"28",50,"1",1
83,"tycoon","GlobalLearn","61","A tycoon","Emeralds",35,"Man",1,"29",50,"1",1
83,"tycoon","GlobalLearn","61","A tycoon","Emeralds",35,"Man",1,"30",50,"1",1
83,"tycoon","GlobalLearn","61","A tycoon","Emeralds",35,"Man",1,"31",0,"1",0
83,"tycoon","GlobalLearn","61","A tycoon","Emeralds",35,"Man",1,"32",50,"1",1
83,"tycoon","GlobalLearn","61","A tycoon","Emeralds",35,"Man",1,"33",50,"1",1
83,"tycoon","GlobalLearn","61","A tycoon","Emeralds",35,"Man",1,"34",50,"1",1
83,"tycoon","GlobalLearn","61","A tycoon","Emeralds",35,"Man",1,"35",50,"1",1
83,"tycoon","GlobalLearn","61","A tycoon","Emeralds",35,"Man",1,"36",0,"1",0
83,"tycoon","GlobalLearn","61","A tycoon","Emeralds",35,"Man",1,"37",50,"1",1
83,"tycoon","GlobalLearn","61","A tycoon","Emeralds",35,"Man",1,"38",50,"1",1
83,"tycoon","GlobalLearn","61","A tycoon","Emeralds",35,"Man",1,"39",50,"1",1
83,"tycoon","GlobalLearn","61","A tycoon","Emeralds",35,"Man",1,"40",0,"1",0
83,"tycoon","GlobalLearn","61","A tycoon","Emeralds",35,"Man",1,"41",50,"1",1
83,"tycoon","GlobalLearn","61","A tycoon","Emeralds",35,"Man",1,"42",50,"1",1
83,"tycoon","GlobalLearn","61","A tycoon","Emeralds",35,"Man",1,"43",50,"1",1
83,"tycoon","GlobalLearn","61","A tycoon","Emeralds",35,"Man",1,"44",0,"1",0
83,"tycoon","GlobalLearn","61","A tycoon","Emeralds",35,"Man",1,"45",50,"1",1
83,"tycoon","GlobalLearn","61","A tycoon","Emeralds",35,"Man",1,"46",50,"1",1
83,"tycoon","GlobalLearn","61","A tycoon","Emeralds",35,"Man",1,"47",50,"1",1
83,"tycoon","GlobalLearn","61","A tycoon","Emeralds",35,"Man",1,"48",50,"1",1
83,"tycoon","GlobalLearn","61","A tycoon","Emeralds",35,"Man",1,"49",50,"1",1
83,"tycoon","GlobalLearn","61","A tycoon","Emeralds",35,"Man",1,"50",50,"1",1
84,"tycoon","GlobalLearn","6","A tycoon","Emeralds",21,"Man",1,"1",77,"1",1
84,"tycoon","GlobalLearn","6","A tycoon","Emeralds",21,"Man",1,"2",38,"1",1
84,"tycoon","GlobalLearn","6","A tycoon","Emeralds",21,"Man",1,"3",17,"1",1
84,"tycoon","GlobalLearn","6","A tycoon","Emeralds",21,"Man",1,"4",10,"1",1
84,"tycoon","GlobalLearn","6","A tycoon","Emeralds",21,"Man",1,"5",0,"1",0
84,"tycoon","GlobalLearn","6","A tycoon","Emeralds",21,"Man",1,"6",1,"1",0
84,"tycoon","GlobalLearn","6","A tycoon","Emeralds",21,"Man",1,"7",82,"0",1
84,"tycoon","GlobalLearn","6","A tycoon","Emeralds",21,"Man",1,"8",65,"0",1
84,"tycoon","GlobalLearn","6","A tycoon","Emeralds",21,"Man",1,"9",39,"0",1
84,"tycoon","GlobalLearn","6","A tycoon","Emeralds",21,"Man",1,"10",30,"0",1
84,"tycoon","GlobalLearn","6","A tycoon","Emeralds",21,"Man",1,"11",17,"0",1
84,"tycoon","GlobalLearn","6","A tycoon","Emeralds",21,"Man",1,"12",0,"0",0
84,"tycoon","GlobalLearn","6","A tycoon","Emeralds",21,"Man",1,"13",62,"1",1
84,"tycoon","GlobalLearn","6","A tycoon","Emeralds",21,"Man",1,"14",43,"1",1
84,"tycoon","GlobalLearn","6","A tycoon","Emeralds",21,"Man",1,"15",28,"1",1
84,"tycoon","GlobalLearn","6","A tycoon","Emeralds",21,"Man",1,"16",24,"1",1
84,"tycoon","GlobalLearn","6","A tycoon","Emeralds",21,"Man",1,"17",0,"1",0
84,"tycoon","GlobalLearn","6","A tycoon","Emeralds",21,"Man",1,"18",0,"0",0
84,"tycoon","GlobalLearn","6","A tycoon","Emeralds",21,"Man",1,"19",0,"1",0
84,"tycoon","GlobalLearn","6","A tycoon","Emeralds",21,"Man",1,"20",27,"1",1
84,"tycoon","GlobalLearn","6","A tycoon","Emeralds",21,"Man",1,"21",14,"1",1
84,"tycoon","GlobalLearn","6","A tycoon","Emeralds",21,"Man",1,"22",23,"1",1
84,"tycoon","GlobalLearn","6","A tycoon","Emeralds",21,"Man",1,"23",0,"1",0
84,"tycoon","GlobalLearn","6","A tycoon","Emeralds",21,"Man",1,"24",72,"0",1
84,"tycoon","GlobalLearn","6","A tycoon","Emeralds",21,"Man",1,"25",65,"0",1
84,"tycoon","GlobalLearn","6","A tycoon","Emeralds",21,"Man",1,"26",0,"0",0
84,"tycoon","GlobalLearn","6","A tycoon","Emeralds",21,"Man",1,"27",64,"0",1
84,"tycoon","GlobalLearn","6","A tycoon","Emeralds",21,"Man",1,"28",61,"0",1
84,"tycoon","GlobalLearn","6","A tycoon","Emeralds",21,"Man",1,"29",34,"0",1
84,"tycoon","GlobalLearn","6","A tycoon","Emeralds",21,"Man",1,"30",28,"0",1
84,"tycoon","GlobalLearn","6","A tycoon","Emeralds",21,"Man",1,"31",23,"0",1
84,"tycoon","GlobalLearn","6","A tycoon","Emeralds",21,"Man",1,"32",19,"0",1
84,"tycoon","GlobalLearn","6","A tycoon","Emeralds",21,"Man",1,"33",58,"0",1
84,"tycoon","GlobalLearn","6","A tycoon","Emeralds",21,"Man",1,"34",63,"0",1
84,"tycoon","GlobalLearn","6","A tycoon","Emeralds",21,"Man",1,"35",20,"0",1
84,"tycoon","GlobalLearn","6","A tycoon","Emeralds",21,"Man",1,"36",0,"0",0
84,"tycoon","GlobalLearn","6","A tycoon","Emeralds",21,"Man",1,"37",65,"0",1
84,"tycoon","GlobalLearn","6","A tycoon","Emeralds",21,"Man",1,"38",0,"0",0
84,"tycoon","GlobalLearn","6","A tycoon","Emeralds",21,"Man",1,"39",71,"0",1
84,"tycoon","GlobalLearn","6","A tycoon","Emeralds",21,"Man",1,"40",72,"0",1
84,"tycoon","GlobalLearn","6","A tycoon","Emeralds",21,"Man",1,"41",46,"0",1
84,"tycoon","GlobalLearn","6","A tycoon","Emeralds",21,"Man",1,"42",28,"0",1
84,"tycoon","GlobalLearn","6","A tycoon","Emeralds",21,"Man",1,"43",20,"0",1
84,"tycoon","GlobalLearn","6","A tycoon","Emeralds",21,"Man",1,"44",0,"0",0
84,"tycoon","GlobalLearn","6","A tycoon","Emeralds",21,"Man",1,"45",37,"0",1
84,"tycoon","GlobalLearn","6","A tycoon","Emeralds",21,"Man",1,"46",61,"0",1
84,"tycoon","GlobalLearn","6","A tycoon","Emeralds",21,"Man",1,"47",29,"0",1
84,"tycoon","GlobalLearn","6","A tycoon","Emeralds",21,"Man",1,"48",18,"0",1
84,"tycoon","GlobalLearn","6","A tycoon","Emeralds",21,"Man",1,"49",15,"0",1
84,"tycoon","GlobalLearn","6","A tycoon","Emeralds",21,"Man",1,"50",14,"0",1
85,"bandit","GlobalLearn","34","A bandit","Emeralds",37,"Man",1,"1",79,"0",0
85,"bandit","GlobalLearn","34","A bandit","Emeralds",37,"Man",1,"2",28,"1",1
85,"bandit","GlobalLearn","34","A bandit","Emeralds",37,"Man",1,"3",76,"1",0
85,"bandit","GlobalLearn","34","A bandit","Emeralds",37,"Man",1,"4",65,"1",0
85,"bandit","GlobalLearn","34","A bandit","Emeralds",37,"Man",1,"5",84,"0",0
85,"bandit","GlobalLearn","34","A bandit","Emeralds",37,"Man",1,"6",72,"1",0
85,"bandit","GlobalLearn","34","A bandit","Emeralds",37,"Man",1,"7",73,"0",0
85,"bandit","GlobalLearn","34","A bandit","Emeralds",37,"Man",1,"8",73,"0",1
85,"bandit","GlobalLearn","34","A bandit","Emeralds",37,"Man",1,"9",77,"0",1
85,"bandit","GlobalLearn","34","A bandit","Emeralds",37,"Man",1,"10",34,"0",1
85,"bandit","GlobalLearn","34","A bandit","Emeralds",37,"Man",1,"11",22,"0",1
85,"bandit","GlobalLearn","34","A bandit","Emeralds",37,"Man",1,"12",22,"0",1
85,"bandit","GlobalLearn","34","A bandit","Emeralds",37,"Man",1,"13",18,"0",1
85,"bandit","GlobalLearn","34","A bandit","Emeralds",37,"Man",1,"14",16,"0",1
85,"bandit","GlobalLearn","34","A bandit","Emeralds",37,"Man",1,"15",74,"0",0
85,"bandit","GlobalLearn","34","A bandit","Emeralds",37,"Man",1,"16",79,"0",0
85,"bandit","GlobalLearn","34","A bandit","Emeralds",37,"Man",1,"17",69,"1",0
85,"bandit","GlobalLearn","34","A bandit","Emeralds",37,"Man",1,"18",31,"0",1
85,"bandit","GlobalLearn","34","A bandit","Emeralds",37,"Man",1,"19",66,"0",0
85,"bandit","GlobalLearn","34","A bandit","Emeralds",37,"Man",1,"20",38,"0",1
85,"bandit","GlobalLearn","34","A bandit","Emeralds",37,"Man",1,"21",48,"0",1
85,"bandit","GlobalLearn","34","A bandit","Emeralds",37,"Man",1,"22",58,"0",0
85,"bandit","GlobalLearn","34","A bandit","Emeralds",37,"Man",1,"23",65,"0",0
85,"bandit","GlobalLearn","34","A bandit","Emeralds",37,"Man",1,"24",28,"1",0
85,"bandit","GlobalLearn","34","A bandit","Emeralds",37,"Man",1,"25",71,"1",1
85,"bandit","GlobalLearn","34","A bandit","Emeralds",37,"Man",1,"26",72,"1",0
85,"bandit","GlobalLearn","34","A bandit","Emeralds",37,"Man",1,"27",34,"0",1
85,"bandit","GlobalLearn","34","A bandit","Emeralds",37,"Man",1,"28",27,"0",0
85,"bandit","GlobalLearn","34","A bandit","Emeralds",37,"Man",1,"29",76,"0",0
85,"bandit","GlobalLearn","34","A bandit","Emeralds",37,"Man",1,"30",79,"0",0
85,"bandit","GlobalLearn","34","A bandit","Emeralds",37,"Man",1,"31",74,"0",0
85,"bandit","GlobalLearn","34","A bandit","Emeralds",37,"Man",1,"32",83,"0",0
85,"bandit","GlobalLearn","34","A bandit","Emeralds",37,"Man",1,"33",77,"0",0
85,"bandit","GlobalLearn","34","A bandit","Emeralds",37,"Man",1,"34",76,"1",0
85,"bandit","GlobalLearn","34","A bandit","Emeralds",37,"Man",1,"35",81,"1",0
85,"bandit","GlobalLearn","34","A bandit","Emeralds",37,"Man",1,"36",86,"1",0
85,"bandit","GlobalLearn","34","A bandit","Emeralds",37,"Man",1,"37",84,"0",0
85,"bandit","GlobalLearn","34","A bandit","Emeralds",37,"Man",1,"38",23,"1",1
85,"bandit","GlobalLearn","34","A bandit","Emeralds",37,"Man",1,"39",24,"1",0
85,"bandit","GlobalLearn","34","A bandit","Emeralds",37,"Man",1,"40",64,"1",0
85,"bandit","GlobalLearn","34","A bandit","Emeralds",37,"Man",1,"41",89,"1",0
85,"bandit","GlobalLearn","34","A bandit","Emeralds",37,"Man",1,"42",79,"1",0
85,"bandit","GlobalLearn","34","A bandit","Emeralds",37,"Man",1,"43",81,"1",0
85,"bandit","GlobalLearn","34","A bandit","Emeralds",37,"Man",1,"44",75,"0",0
85,"bandit","GlobalLearn","34","A bandit","Emeralds",37,"Man",1,"45",22,"0",1
85,"bandit","GlobalLearn","34","A bandit","Emeralds",37,"Man",1,"46",76,"0",0
85,"bandit","GlobalLearn","34","A bandit","Emeralds",37,"Man",1,"47",72,"0",1
85,"bandit","GlobalLearn","34","A bandit","Emeralds",37,"Man",1,"48",82,"0",0
85,"bandit","GlobalLearn","34","A bandit","Emeralds",37,"Man",1,"49",79,"0",1
85,"bandit","GlobalLearn","34","A bandit","Emeralds",37,"Man",1,"50",25,"0",0
86,"sheriff","GlobalLearn","38","A sheriff","Emeralds",49,"Woman",1,"1",29,"0",1
86,"sheriff","GlobalLearn","38","A sheriff","Emeralds",49,"Woman",1,"2",42,"1",1
86,"sheriff","GlobalLearn","38","A sheriff","Emeralds",49,"Woman",1,"3",77,"1",0
86,"sheriff","GlobalLearn","38","A sheriff","Emeralds",49,"Woman",1,"4",32,"0",1
86,"sheriff","GlobalLearn","38","A sheriff","Emeralds",49,"Woman",1,"5",16,"0",1
86,"sheriff","GlobalLearn","38","A sheriff","Emeralds",49,"Woman",1,"6",95,"0",0
86,"sheriff","GlobalLearn","38","A sheriff","Emeralds",49,"Woman",1,"7",7,"0",1
86,"sheriff","GlobalLearn","38","A sheriff","Emeralds",49,"Woman",1,"8",46,"1",0
86,"sheriff","GlobalLearn","38","A sheriff","Emeralds",49,"Woman",1,"9",91,"1",1
86,"sheriff","GlobalLearn","38","A sheriff","Emeralds",49,"Woman",1,"10",73,"1",1
86,"sheriff","GlobalLearn","38","A sheriff","Emeralds",49,"Woman",1,"11",38,"1",1
86,"sheriff","GlobalLearn","38","A sheriff","Emeralds",49,"Woman",1,"12",30,"1",1
86,"sheriff","GlobalLearn","38","A sheriff","Emeralds",49,"Woman",1,"13",9,"1",1
86,"sheriff","GlobalLearn","38","A sheriff","Emeralds",49,"Woman",1,"14",1,"1",1
86,"sheriff","GlobalLearn","38","A sheriff","Emeralds",49,"Woman",1,"15",0,"1",1
86,"sheriff","GlobalLearn","38","A sheriff","Emeralds",49,"Woman",1,"16",52,"1",0
86,"sheriff","GlobalLearn","38","A sheriff","Emeralds",49,"Woman",1,"17",51,"1",0
86,"sheriff","GlobalLearn","38","A sheriff","Emeralds",49,"Woman",1,"18",8,"1",1
86,"sheriff","GlobalLearn","38","A sheriff","Emeralds",49,"Woman",1,"19",42,"1",0
86,"sheriff","GlobalLearn","38","A sheriff","Emeralds",49,"Woman",1,"20",62,"1",0
86,"sheriff","GlobalLearn","38","A sheriff","Emeralds",49,"Woman",1,"21",13,"1",1
86,"sheriff","GlobalLearn","38","A sheriff","Emeralds",49,"Woman",1,"22",5,"1",1
86,"sheriff","GlobalLearn","38","A sheriff","Emeralds",49,"Woman",1,"23",40,"1",0
86,"sheriff","GlobalLearn","38","A sheriff","Emeralds",49,"Woman",1,"24",47,"1",0
86,"sheriff","GlobalLearn","38","A sheriff","Emeralds",49,"Woman",1,"25",54,"0",0
86,"sheriff","GlobalLearn","38","A sheriff","Emeralds",49,"Woman",1,"26",54,"0",1
86,"sheriff","GlobalLearn","38","A sheriff","Emeralds",49,"Woman",1,"27",47,"0",1
86,"sheriff","GlobalLearn","38","A sheriff","Emeralds",49,"Woman",1,"28",57,"0",0
86,"sheriff","GlobalLearn","38","A sheriff","Emeralds",49,"Woman",1,"29",55,"0",0
86,"sheriff","GlobalLearn","38","A sheriff","Emeralds",49,"Woman",1,"30",40,"0",0
86,"sheriff","GlobalLearn","38","A sheriff","Emeralds",49,"Woman",1,"31",11,"0",0
86,"sheriff","GlobalLearn","38","A sheriff","Emeralds",49,"Woman",1,"32",57,"1",0
86,"sheriff","GlobalLearn","38","A sheriff","Emeralds",49,"Woman",1,"33",59,"1",1
86,"sheriff","GlobalLearn","38","A sheriff","Emeralds",49,"Woman",1,"34",47,"1",1
86,"sheriff","GlobalLearn","38","A sheriff","Emeralds",49,"Woman",1,"35",63,"1",0
86,"sheriff","GlobalLearn","38","A sheriff","Emeralds",49,"Woman",1,"36",55,"1",0
86,"sheriff","GlobalLearn","38","A sheriff","Emeralds",49,"Woman",1,"37",7,"1",0
86,"sheriff","GlobalLearn","38","A sheriff","Emeralds",49,"Woman",1,"38",3,"1",0
86,"sheriff","GlobalLearn","38","A sheriff","Emeralds",49,"Woman",1,"39",10,"1",1
86,"sheriff","GlobalLearn","38","A sheriff","Emeralds",49,"Woman",1,"40",58,"1",0
86,"sheriff","GlobalLearn","38","A sheriff","Emeralds",49,"Woman",1,"41",34,"1",1
86,"sheriff","GlobalLearn","38","A sheriff","Emeralds",49,"Woman",1,"42",60,"1",1
86,"sheriff","GlobalLearn","38","A sheriff","Emeralds",49,"Woman",1,"43",58,"1",1
86,"sheriff","GlobalLearn","38","A sheriff","Emeralds",49,"Woman",1,"44",47,"1",0
86,"sheriff","GlobalLearn","38","A sheriff","Emeralds",49,"Woman",1,"45",42,"1",0
86,"sheriff","GlobalLearn","38","A sheriff","Emeralds",49,"Woman",1,"46",55,"1",1
86,"sheriff","GlobalLearn","38","A sheriff","Emeralds",49,"Woman",1,"47",39,"1",0
86,"sheriff","GlobalLearn","38","A sheriff","Emeralds",49,"Woman",1,"48",19,"1",0
86,"sheriff","GlobalLearn","38","A sheriff","Emeralds",49,"Woman",1,"49",100,"0",1
86,"sheriff","GlobalLearn","38","A sheriff","Emeralds",49,"Woman",1,"50",78,"0",1
87,"tycoon","GlobalLearn","38","A tycoon","Emeralds",51,"Woman",1,"1",0,"0",0
87,"tycoon","GlobalLearn","38","A tycoon","Emeralds",51,"Woman",1,"2",49,"0",1
87,"tycoon","GlobalLearn","38","A tycoon","Emeralds",51,"Woman",1,"3",0,"1",0
87,"tycoon","GlobalLearn","38","A tycoon","Emeralds",51,"Woman",1,"4",0,"1",0
87,"tycoon","GlobalLearn","38","A tycoon","Emeralds",51,"Woman",1,"5",0,"1",0
87,"tycoon","GlobalLearn","38","A tycoon","Emeralds",51,"Woman",1,"6",50,"1",1
87,"tycoon","GlobalLearn","38","A tycoon","Emeralds",51,"Woman",1,"7",0,"1",0
87,"tycoon","GlobalLearn","38","A tycoon","Emeralds",51,"Woman",1,"8",0,"0",0
87,"tycoon","GlobalLearn","38","A tycoon","Emeralds",51,"Woman",1,"9",0,"0",0
87,"tycoon","GlobalLearn","38","A tycoon","Emeralds",51,"Woman",1,"10",0,"0",0
87,"tycoon","GlobalLearn","38","A tycoon","Emeralds",51,"Woman",1,"11",0,"0",0
87,"tycoon","GlobalLearn","38","A tycoon","Emeralds",51,"Woman",1,"12",0,"0",1
87,"tycoon","GlobalLearn","38","A tycoon","Emeralds",51,"Woman",1,"13",0,"0",0
87,"tycoon","GlobalLearn","38","A tycoon","Emeralds",51,"Woman",1,"14",0,"0",0
87,"tycoon","GlobalLearn","38","A tycoon","Emeralds",51,"Woman",1,"15",0,"0",1
87,"tycoon","GlobalLearn","38","A tycoon","Emeralds",51,"Woman",1,"16",0,"1",1
87,"tycoon","GlobalLearn","38","A tycoon","Emeralds",51,"Woman",1,"17",0,"1",1
87,"tycoon","GlobalLearn","38","A tycoon","Emeralds",51,"Woman",1,"18",0,"1",1
87,"tycoon","GlobalLearn","38","A tycoon","Emeralds",51,"Woman",1,"19",0,"1",1
87,"tycoon","GlobalLearn","38","A tycoon","Emeralds",51,"Woman",1,"20",0,"1",1
87,"tycoon","GlobalLearn","38","A tycoon","Emeralds",51,"Woman",1,"21",0,"1",1
87,"tycoon","GlobalLearn","38","A tycoon","Emeralds",51,"Woman",1,"22",0,"1",1
87,"tycoon","GlobalLearn","38","A tycoon","Emeralds",51,"Woman",1,"23",0,"1",0
87,"tycoon","GlobalLearn","38","A tycoon","Emeralds",51,"Woman",1,"24",0,"1",1
87,"tycoon","GlobalLearn","38","A tycoon","Emeralds",51,"Woman",1,"25",0,"1",1
87,"tycoon","GlobalLearn","38","A tycoon","Emeralds",51,"Woman",1,"26",0,"1",1
87,"tycoon","GlobalLearn","38","A tycoon","Emeralds",51,"Woman",1,"27",0,"1",1
87,"tycoon","GlobalLearn","38","A tycoon","Emeralds",51,"Woman",1,"28",0,"1",0
87,"tycoon","GlobalLearn","38","A tycoon","Emeralds",51,"Woman",1,"29",0,"1",0
87,"tycoon","GlobalLearn","38","A tycoon","Emeralds",51,"Woman",1,"30",0,"1",1
87,"tycoon","GlobalLearn","38","A tycoon","Emeralds",51,"Woman",1,"31",0,"1",1
87,"tycoon","GlobalLearn","38","A tycoon","Emeralds",51,"Woman",1,"32",0,"1",1
87,"tycoon","GlobalLearn","38","A tycoon","Emeralds",51,"Woman",1,"33",0,"1",1
87,"tycoon","GlobalLearn","38","A tycoon","Emeralds",51,"Woman",1,"34",0,"1",1
87,"tycoon","GlobalLearn","38","A tycoon","Emeralds",51,"Woman",1,"35",0,"1",1
87,"tycoon","GlobalLearn","38","A tycoon","Emeralds",51,"Woman",1,"36",0,"1",1
87,"tycoon","GlobalLearn","38","A tycoon","Emeralds",51,"Woman",1,"37",0,"1",1
87,"tycoon","GlobalLearn","38","A tycoon","Emeralds",51,"Woman",1,"38",0,"1",1
87,"tycoon","GlobalLearn","38","A tycoon","Emeralds",51,"Woman",1,"39",0,"1",1
87,"tycoon","GlobalLearn","38","A tycoon","Emeralds",51,"Woman",1,"40",0,"1",1
87,"tycoon","GlobalLearn","38","A tycoon","Emeralds",51,"Woman",1,"41",0,"1",1
87,"tycoon","GlobalLearn","38","A tycoon","Emeralds",51,"Woman",1,"42",0,"1",0
87,"tycoon","GlobalLearn","38","A tycoon","Emeralds",51,"Woman",1,"43",0,"1",1
87,"tycoon","GlobalLearn","38","A tycoon","Emeralds",51,"Woman",1,"44",0,"1",1
87,"tycoon","GlobalLearn","38","A tycoon","Emeralds",51,"Woman",1,"45",0,"1",1
87,"tycoon","GlobalLearn","38","A tycoon","Emeralds",51,"Woman",1,"46",0,"1",0
87,"tycoon","GlobalLearn","38","A tycoon","Emeralds",51,"Woman",1,"47",0,"1",1
87,"tycoon","GlobalLearn","38","A tycoon","Emeralds",51,"Woman",1,"48",0,"1",0
87,"tycoon","GlobalLearn","38","A tycoon","Emeralds",51,"Woman",1,"49",0,"1",1
87,"tycoon","GlobalLearn","38","A tycoon","Emeralds",51,"Woman",1,"50",0,"1",1
88,"bandit","GlobalLearn","70","A bandit","Emeralds",31,"Woman",1,"1",33,"1",0
88,"bandit","GlobalLearn","70","A bandit","Emeralds",31,"Woman",1,"2",59,"0",0
88,"bandit","GlobalLearn","70","A bandit","Emeralds",31,"Woman",1,"3",62,"1",0
88,"bandit","GlobalLearn","70","A bandit","Emeralds",31,"Woman",1,"4",77,"0",0
88,"bandit","GlobalLearn","70","A bandit","Emeralds",31,"Woman",1,"5",35,"1",1
88,"bandit","GlobalLearn","70","A bandit","Emeralds",31,"Woman",1,"6",67,"1",0
88,"bandit","GlobalLearn","70","A bandit","Emeralds",31,"Woman",1,"7",67,"1",0
88,"bandit","GlobalLearn","70","A bandit","Emeralds",31,"Woman",1,"8",71,"0",0
88,"bandit","GlobalLearn","70","A bandit","Emeralds",31,"Woman",1,"9",82,"1",0
88,"bandit","GlobalLearn","70","A bandit","Emeralds",31,"Woman",1,"10",92,"0",1
88,"bandit","GlobalLearn","70","A bandit","Emeralds",31,"Woman",1,"11",81,"0",1
88,"bandit","GlobalLearn","70","A bandit","Emeralds",31,"Woman",1,"12",66,"1",0
88,"bandit","GlobalLearn","70","A bandit","Emeralds",31,"Woman",1,"13",87,"0",1
88,"bandit","GlobalLearn","70","A bandit","Emeralds",31,"Woman",1,"14",70,"0",0
88,"bandit","GlobalLearn","70","A bandit","Emeralds",31,"Woman",1,"15",77,"0",0
88,"bandit","GlobalLearn","70","A bandit","Emeralds",31,"Woman",1,"16",46,"1",0
88,"bandit","GlobalLearn","70","A bandit","Emeralds",31,"Woman",1,"17",86,"0",1
88,"bandit","GlobalLearn","70","A bandit","Emeralds",31,"Woman",1,"18",87,"0",1
88,"bandit","GlobalLearn","70","A bandit","Emeralds",31,"Woman",1,"19",77,"0",0
88,"bandit","GlobalLearn","70","A bandit","Emeralds",31,"Woman",1,"20",93,"1",0
88,"bandit","GlobalLearn","70","A bandit","Emeralds",31,"Woman",1,"21",89,"0",1
88,"bandit","GlobalLearn","70","A bandit","Emeralds",31,"Woman",1,"22",93,"0",1
88,"bandit","GlobalLearn","70","A bandit","Emeralds",31,"Woman",1,"23",92,"0",1
88,"bandit","GlobalLearn","70","A bandit","Emeralds",31,"Woman",1,"24",57,"0",0
88,"bandit","GlobalLearn","70","A bandit","Emeralds",31,"Woman",1,"25",63,"1",0
88,"bandit","GlobalLearn","70","A bandit","Emeralds",31,"Woman",1,"26",90,"0",1
88,"bandit","GlobalLearn","70","A bandit","Emeralds",31,"Woman",1,"27",93,"0",0
88,"bandit","GlobalLearn","70","A bandit","Emeralds",31,"Woman",1,"28",90,"0",0
88,"bandit","GlobalLearn","70","A bandit","Emeralds",31,"Woman",1,"29",91,"0",0
88,"bandit","GlobalLearn","70","A bandit","Emeralds",31,"Woman",1,"30",54,"0",1
88,"bandit","GlobalLearn","70","A bandit","Emeralds",31,"Woman",1,"31",51,"0",1
88,"bandit","GlobalLearn","70","A bandit","Emeralds",31,"Woman",1,"32",66,"0",1
88,"bandit","GlobalLearn","70","A bandit","Emeralds",31,"Woman",1,"33",57,"0",0
88,"bandit","GlobalLearn","70","A bandit","Emeralds",31,"Woman",1,"34",74,"0",1
88,"bandit","GlobalLearn","70","A bandit","Emeralds",31,"Woman",1,"35",73,"0",1
88,"bandit","GlobalLearn","70","A bandit","Emeralds",31,"Woman",1,"36",71,"0",1
88,"bandit","GlobalLearn","70","A bandit","Emeralds",31,"Woman",1,"37",37,"1",0
88,"bandit","GlobalLearn","70","A bandit","Emeralds",31,"Woman",1,"38",61,"0",0
88,"bandit","GlobalLearn","70","A bandit","Emeralds",31,"Woman",1,"39",41,"1",0
88,"bandit","GlobalLearn","70","A bandit","Emeralds",31,"Woman",1,"40",61,"0",1
88,"bandit","GlobalLearn","70","A bandit","Emeralds",31,"Woman",1,"41",50,"0",0
88,"bandit","GlobalLearn","70","A bandit","Emeralds",31,"Woman",1,"42",50,"0",0
88,"bandit","GlobalLearn","70","A bandit","Emeralds",31,"Woman",1,"43",69,"0",1
88,"bandit","GlobalLearn","70","A bandit","Emeralds",31,"Woman",1,"44",62,"0",1
88,"bandit","GlobalLearn","70","A bandit","Emeralds",31,"Woman",1,"45",62,"0",1
88,"bandit","GlobalLearn","70","A bandit","Emeralds",31,"Woman",1,"46",61,"0",0
88,"bandit","GlobalLearn","70","A bandit","Emeralds",31,"Woman",1,"47",62,"0",1
88,"bandit","GlobalLearn","70","A bandit","Emeralds",31,"Woman",1,"48",69,"0",1
88,"bandit","GlobalLearn","70","A bandit","Emeralds",31,"Woman",1,"49",68,"0",1
88,"bandit","GlobalLearn","70","A bandit","Emeralds",31,"Woman",1,"50",51,"0",0
89,"tycoon","GlobalLearn","7","A tycoon","Emeralds",34,"Woman",1,"1",97,"1",0
89,"tycoon","GlobalLearn","7","A tycoon","Emeralds",34,"Woman",1,"2",100,"0",1
89,"tycoon","GlobalLearn","7","A tycoon","Emeralds",34,"Woman",1,"3",100,"0",1
89,"tycoon","GlobalLearn","7","A tycoon","Emeralds",34,"Woman",1,"4",62,"0",1
89,"tycoon","GlobalLearn","7","A tycoon","Emeralds",34,"Woman",1,"5",84,"0",0
89,"tycoon","GlobalLearn","7","A tycoon","Emeralds",34,"Woman",1,"6",79,"1",0
89,"tycoon","GlobalLearn","7","A tycoon","Emeralds",34,"Woman",1,"7",86,"0",0
89,"tycoon","GlobalLearn","7","A tycoon","Emeralds",34,"Woman",1,"8",88,"0",1
89,"tycoon","GlobalLearn","7","A tycoon","Emeralds",34,"Woman",1,"9",88,"1",1
89,"tycoon","GlobalLearn","7","A tycoon","Emeralds",34,"Woman",1,"10",81,"0",1
89,"tycoon","GlobalLearn","7","A tycoon","Emeralds",34,"Woman",1,"11",86,"1",1
89,"tycoon","GlobalLearn","7","A tycoon","Emeralds",34,"Woman",1,"12",76,"0",1
89,"tycoon","GlobalLearn","7","A tycoon","Emeralds",34,"Woman",1,"13",83,"1",0
89,"tycoon","GlobalLearn","7","A tycoon","Emeralds",34,"Woman",1,"14",69,"0",1
89,"tycoon","GlobalLearn","7","A tycoon","Emeralds",34,"Woman",1,"15",72,"0",1
89,"tycoon","GlobalLearn","7","A tycoon","Emeralds",34,"Woman",1,"16",70,"0",1
89,"tycoon","GlobalLearn","7","A tycoon","Emeralds",34,"Woman",1,"17",73,"0",1
89,"tycoon","GlobalLearn","7","A tycoon","Emeralds",34,"Woman",1,"18",77,"1",1
89,"tycoon","GlobalLearn","7","A tycoon","Emeralds",34,"Woman",1,"19",73,"0",1
89,"tycoon","GlobalLearn","7","A tycoon","Emeralds",34,"Woman",1,"20",65,"1",1
89,"tycoon","GlobalLearn","7","A tycoon","Emeralds",34,"Woman",1,"21",77,"1",0
89,"tycoon","GlobalLearn","7","A tycoon","Emeralds",34,"Woman",1,"22",82,"0",1
89,"tycoon","GlobalLearn","7","A tycoon","Emeralds",34,"Woman",1,"23",75,"0",1
89,"tycoon","GlobalLearn","7","A tycoon","Emeralds",34,"Woman",1,"24",82,"0",1
89,"tycoon","GlobalLearn","7","A tycoon","Emeralds",34,"Woman",1,"25",90,"1",0
89,"tycoon","GlobalLearn","7","A tycoon","Emeralds",34,"Woman",1,"26",93,"0",0
89,"tycoon","GlobalLearn","7","A tycoon","Emeralds",34,"Woman",1,"27",90,"1",0
89,"tycoon","GlobalLearn","7","A tycoon","Emeralds",34,"Woman",1,"28",88,"0",0
89,"tycoon","GlobalLearn","7","A tycoon","Emeralds",34,"Woman",1,"29",83,"1",0
89,"tycoon","GlobalLearn","7","A tycoon","Emeralds",34,"Woman",1,"30",85,"0",1
89,"tycoon","GlobalLearn","7","A tycoon","Emeralds",34,"Woman",1,"31",72,"0",1
89,"tycoon","GlobalLearn","7","A tycoon","Emeralds",34,"Woman",1,"32",91,"0",0
89,"tycoon","GlobalLearn","7","A tycoon","Emeralds",34,"Woman",1,"33",78,"0",1
89,"tycoon","GlobalLearn","7","A tycoon","Emeralds",34,"Woman",1,"34",68,"0",1
89,"tycoon","GlobalLearn","7","A tycoon","Emeralds",34,"Woman",1,"35",60,"0",1
89,"tycoon","GlobalLearn","7","A tycoon","Emeralds",34,"Woman",1,"36",58,"0",1
89,"tycoon","GlobalLearn","7","A tycoon","Emeralds",34,"Woman",1,"37",88,"0",0
89,"tycoon","GlobalLearn","7","A tycoon","Emeralds",34,"Woman",1,"38",73,"0",1
89,"tycoon","GlobalLearn","7","A tycoon","Emeralds",34,"Woman",1,"39",63,"0",1
89,"tycoon","GlobalLearn","7","A tycoon","Emeralds",34,"Woman",1,"40",66,"0",1
89,"tycoon","GlobalLearn","7","A tycoon","Emeralds",34,"Woman",1,"41",60,"0",1
89,"tycoon","GlobalLearn","7","A tycoon","Emeralds",34,"Woman",1,"42",85,"0",0
89,"tycoon","GlobalLearn","7","A tycoon","Emeralds",34,"Woman",1,"43",68,"0",1
89,"tycoon","GlobalLearn","7","A tycoon","Emeralds",34,"Woman",1,"44",59,"0",1
89,"tycoon","GlobalLearn","7","A tycoon","Emeralds",34,"Woman",1,"45",58,"0",1
89,"tycoon","GlobalLearn","7","A tycoon","Emeralds",34,"Woman",1,"46",86,"0",0
89,"tycoon","GlobalLearn","7","A tycoon","Emeralds",34,"Woman",1,"47",62,"0",1
89,"tycoon","GlobalLearn","7","A tycoon","Emeralds",34,"Woman",1,"48",85,"0",0
89,"tycoon","GlobalLearn","7","A tycoon","Emeralds",34,"Woman",1,"49",61,"0",1
89,"tycoon","GlobalLearn","7","A tycoon","Emeralds",34,"Woman",1,"50",59,"0",1
90,"tycoon","GlobalLearn","61","A tycoon","Emeralds",33,"Man",1,"1",100,"1",1
90,"tycoon","GlobalLearn","61","A tycoon","Emeralds",33,"Man",1,"2",32,"1",0
90,"tycoon","GlobalLearn","61","A tycoon","Emeralds",33,"Man",1,"3",100,"1",1
90,"tycoon","GlobalLearn","61","A tycoon","Emeralds",33,"Man",1,"4",100,"1",1
90,"tycoon","GlobalLearn","61","A tycoon","Emeralds",33,"Man",1,"5",100,"1",1
90,"tycoon","GlobalLearn","61","A tycoon","Emeralds",33,"Man",1,"6",100,"1",1
90,"tycoon","GlobalLearn","61","A tycoon","Emeralds",33,"Man",1,"7",21,"1",0
90,"tycoon","GlobalLearn","61","A tycoon","Emeralds",33,"Man",1,"8",21,"1",0
90,"tycoon","GlobalLearn","61","A tycoon","Emeralds",33,"Man",1,"9",17,"0",0
90,"tycoon","GlobalLearn","61","A tycoon","Emeralds",33,"Man",1,"10",19,"0",0
90,"tycoon","GlobalLearn","61","A tycoon","Emeralds",33,"Man",1,"11",100,"1",1
90,"tycoon","GlobalLearn","61","A tycoon","Emeralds",33,"Man",1,"12",100,"1",1
90,"tycoon","GlobalLearn","61","A tycoon","Emeralds",33,"Man",1,"13",100,"1",1
90,"tycoon","GlobalLearn","61","A tycoon","Emeralds",33,"Man",1,"14",100,"1",1
90,"tycoon","GlobalLearn","61","A tycoon","Emeralds",33,"Man",1,"15",100,"1",1
90,"tycoon","GlobalLearn","61","A tycoon","Emeralds",33,"Man",1,"16",100,"1",1
90,"tycoon","GlobalLearn","61","A tycoon","Emeralds",33,"Man",1,"17",100,"1",1
90,"tycoon","GlobalLearn","61","A tycoon","Emeralds",33,"Man",1,"18",100,"1",1
90,"tycoon","GlobalLearn","61","A tycoon","Emeralds",33,"Man",1,"19",100,"1",1
90,"tycoon","GlobalLearn","61","A tycoon","Emeralds",33,"Man",1,"20",100,"1",1
90,"tycoon","GlobalLearn","61","A tycoon","Emeralds",33,"Man",1,"21",100,"1",1
90,"tycoon","GlobalLearn","61","A tycoon","Emeralds",33,"Man",1,"22",100,"1",1
90,"tycoon","GlobalLearn","61","A tycoon","Emeralds",33,"Man",1,"23",21,"1",0
90,"tycoon","GlobalLearn","61","A tycoon","Emeralds",33,"Man",1,"24",100,"1",1
90,"tycoon","GlobalLearn","61","A tycoon","Emeralds",33,"Man",1,"25",100,"1",1
90,"tycoon","GlobalLearn","61","A tycoon","Emeralds",33,"Man",1,"26",100,"1",1
90,"tycoon","GlobalLearn","61","A tycoon","Emeralds",33,"Man",1,"27",100,"1",1
90,"tycoon","GlobalLearn","61","A tycoon","Emeralds",33,"Man",1,"28",100,"1",1
90,"tycoon","GlobalLearn","61","A tycoon","Emeralds",33,"Man",1,"29",100,"1",1
90,"tycoon","GlobalLearn","61","A tycoon","Emeralds",33,"Man",1,"30",100,"1",1
90,"tycoon","GlobalLearn","61","A tycoon","Emeralds",33,"Man",1,"31",31,"1",0
90,"tycoon","GlobalLearn","61","A tycoon","Emeralds",33,"Man",1,"32",100,"1",1
90,"tycoon","GlobalLearn","61","A tycoon","Emeralds",33,"Man",1,"33",100,"1",1
90,"tycoon","GlobalLearn","61","A tycoon","Emeralds",33,"Man",1,"34",100,"1",1
90,"tycoon","GlobalLearn","61","A tycoon","Emeralds",33,"Man",1,"35",100,"1",1
90,"tycoon","GlobalLearn","61","A tycoon","Emeralds",33,"Man",1,"36",25,"1",0
90,"tycoon","GlobalLearn","61","A tycoon","Emeralds",33,"Man",1,"37",100,"1",1
90,"tycoon","GlobalLearn","61","A tycoon","Emeralds",33,"Man",1,"38",100,"1",1
90,"tycoon","GlobalLearn","61","A tycoon","Emeralds",33,"Man",1,"39",100,"1",1
90,"tycoon","GlobalLearn","61","A tycoon","Emeralds",33,"Man",1,"40",25,"1",0
90,"tycoon","GlobalLearn","61","A tycoon","Emeralds",33,"Man",1,"41",100,"1",1
90,"tycoon","GlobalLearn","61","A tycoon","Emeralds",33,"Man",1,"42",100,"1",1
90,"tycoon","GlobalLearn","61","A tycoon","Emeralds",33,"Man",1,"43",100,"1",1
90,"tycoon","GlobalLearn","61","A tycoon","Emeralds",33,"Man",1,"44",26,"1",0
90,"tycoon","GlobalLearn","61","A tycoon","Emeralds",33,"Man",1,"45",100,"1",1
90,"tycoon","GlobalLearn","61","A tycoon","Emeralds",33,"Man",1,"46",100,"1",1
90,"tycoon","GlobalLearn","61","A tycoon","Emeralds",33,"Man",1,"47",100,"1",1
90,"tycoon","GlobalLearn","61","A tycoon","Emeralds",33,"Man",1,"48",100,"1",1
90,"tycoon","GlobalLearn","61","A tycoon","Emeralds",33,"Man",1,"49",100,"1",1
90,"tycoon","GlobalLearn","61","A tycoon","Emeralds",33,"Man",1,"50",100,"1",1
91,"tycoon","GlobalLearn","33","A tycoon","Emeralds",22,"Woman",1,"1",0,"0",0
91,"tycoon","GlobalLearn","33","A tycoon","Emeralds",22,"Woman",1,"2",100,"1",1
91,"tycoon","GlobalLearn","33","A tycoon","Emeralds",22,"Woman",1,"3",22,"0",0
91,"tycoon","GlobalLearn","33","A tycoon","Emeralds",22,"Woman",1,"4",100,"1",1
91,"tycoon","GlobalLearn","33","A tycoon","Emeralds",22,"Woman",1,"5",100,"1",1
91,"tycoon","GlobalLearn","33","A tycoon","Emeralds",22,"Woman",1,"6",100,"1",1
91,"tycoon","GlobalLearn","33","A tycoon","Emeralds",22,"Woman",1,"7",67,"1",0
91,"tycoon","GlobalLearn","33","A tycoon","Emeralds",22,"Woman",1,"8",89,"1",1
91,"tycoon","GlobalLearn","33","A tycoon","Emeralds",22,"Woman",1,"9",75,"1",1
91,"tycoon","GlobalLearn","33","A tycoon","Emeralds",22,"Woman",1,"10",89,"1",1
91,"tycoon","GlobalLearn","33","A tycoon","Emeralds",22,"Woman",1,"11",86,"1",1
91,"tycoon","GlobalLearn","33","A tycoon","Emeralds",22,"Woman",1,"12",92,"1",1
91,"tycoon","GlobalLearn","33","A tycoon","Emeralds",22,"Woman",1,"13",75,"1",1
91,"tycoon","GlobalLearn","33","A tycoon","Emeralds",22,"Woman",1,"14",61,"1",1
91,"tycoon","GlobalLearn","33","A tycoon","Emeralds",22,"Woman",1,"15",36,"1",1
91,"tycoon","GlobalLearn","33","A tycoon","Emeralds",22,"Woman",1,"16",40,"1",1
91,"tycoon","GlobalLearn","33","A tycoon","Emeralds",22,"Woman",1,"17",56,"1",0
91,"tycoon","GlobalLearn","33","A tycoon","Emeralds",22,"Woman",1,"18",44,"1",1
91,"tycoon","GlobalLearn","33","A tycoon","Emeralds",22,"Woman",1,"19",39,"1",1
91,"tycoon","GlobalLearn","33","A tycoon","Emeralds",22,"Woman",1,"20",24,"1",1
91,"tycoon","GlobalLearn","33","A tycoon","Emeralds",22,"Woman",1,"21",23,"1",1
91,"tycoon","GlobalLearn","33","A tycoon","Emeralds",22,"Woman",1,"22",27,"1",0
91,"tycoon","GlobalLearn","33","A tycoon","Emeralds",22,"Woman",1,"23",28,"1",1
91,"tycoon","GlobalLearn","33","A tycoon","Emeralds",22,"Woman",1,"24",39,"1",0
91,"tycoon","GlobalLearn","33","A tycoon","Emeralds",22,"Woman",1,"25",43,"1",1
91,"tycoon","GlobalLearn","33","A tycoon","Emeralds",22,"Woman",1,"26",39,"1",1
91,"tycoon","GlobalLearn","33","A tycoon","Emeralds",22,"Woman",1,"27",28,"1",1
91,"tycoon","GlobalLearn","33","A tycoon","Emeralds",22,"Woman",1,"28",0,"1",0
91,"tycoon","GlobalLearn","33","A tycoon","Emeralds",22,"Woman",1,"29",0,"1",0
91,"tycoon","GlobalLearn","33","A tycoon","Emeralds",22,"Woman",1,"30",70,"1",1
91,"tycoon","GlobalLearn","33","A tycoon","Emeralds",22,"Woman",1,"31",43,"1",1
91,"tycoon","GlobalLearn","33","A tycoon","Emeralds",22,"Woman",1,"32",57,"1",1
91,"tycoon","GlobalLearn","33","A tycoon","Emeralds",22,"Woman",1,"33",59,"1",1
91,"tycoon","GlobalLearn","33","A tycoon","Emeralds",22,"Woman",1,"34",60,"1",1
91,"tycoon","GlobalLearn","33","A tycoon","Emeralds",22,"Woman",1,"35",61,"1",1
91,"tycoon","GlobalLearn","33","A tycoon","Emeralds",22,"Woman",1,"36",59,"1",1
91,"tycoon","GlobalLearn","33","A tycoon","Emeralds",22,"Woman",1,"37",57,"1",1
91,"tycoon","GlobalLearn","33","A tycoon","Emeralds",22,"Woman",1,"38",64,"1",1
91,"tycoon","GlobalLearn","33","A tycoon","Emeralds",22,"Woman",1,"39",0,"1",0
91,"tycoon","GlobalLearn","33","A tycoon","Emeralds",22,"Woman",1,"40",76,"1",1
91,"tycoon","GlobalLearn","33","A tycoon","Emeralds",22,"Woman",1,"41",90,"1",1
91,"tycoon","GlobalLearn","33","A tycoon","Emeralds",22,"Woman",1,"42",80,"1",1
91,"tycoon","GlobalLearn","33","A tycoon","Emeralds",22,"Woman",1,"43",67,"1",1
91,"tycoon","GlobalLearn","33","A tycoon","Emeralds",22,"Woman",1,"44",68,"1",1
91,"tycoon","GlobalLearn","33","A tycoon","Emeralds",22,"Woman",1,"45",0,"1",1
91,"tycoon","GlobalLearn","33","A tycoon","Emeralds",22,"Woman",1,"46",0,"1",1
91,"tycoon","GlobalLearn","33","A tycoon","Emeralds",22,"Woman",1,"47",0,"1",1
91,"tycoon","GlobalLearn","33","A tycoon","Emeralds",22,"Woman",1,"48",0,"1",1
91,"tycoon","GlobalLearn","33","A tycoon","Emeralds",22,"Woman",1,"49",0,"1",0
91,"tycoon","GlobalLearn","33","A tycoon","Emeralds",22,"Woman",1,"50",0,"1",1
92,"tycoon","GlobalLearn","39","A tycoon","Emeralds",40,"Woman",1,"1",14,"1",1
92,"tycoon","GlobalLearn","39","A tycoon","Emeralds",40,"Woman",1,"2",21,"1",0
92,"tycoon","GlobalLearn","39","A tycoon","Emeralds",40,"Woman",1,"3",21,"1",1
92,"tycoon","GlobalLearn","39","A tycoon","Emeralds",40,"Woman",1,"4",16,"1",1
92,"tycoon","GlobalLearn","39","A tycoon","Emeralds",40,"Woman",1,"5",77,"1",0
92,"tycoon","GlobalLearn","39","A tycoon","Emeralds",40,"Woman",1,"6",59,"1",0
92,"tycoon","GlobalLearn","39","A tycoon","Emeralds",40,"Woman",1,"7",26,"1",1
92,"tycoon","GlobalLearn","39","A tycoon","Emeralds",40,"Woman",1,"8",25,"1",1
92,"tycoon","GlobalLearn","39","A tycoon","Emeralds",40,"Woman",1,"9",28,"1",0
92,"tycoon","GlobalLearn","39","A tycoon","Emeralds",40,"Woman",1,"10",73,"0",1
92,"tycoon","GlobalLearn","39","A tycoon","Emeralds",40,"Woman",1,"11",62,"0",1
92,"tycoon","GlobalLearn","39","A tycoon","Emeralds",40,"Woman",1,"12",10,"0",0
92,"tycoon","GlobalLearn","39","A tycoon","Emeralds",40,"Woman",1,"13",72,"0",1
92,"tycoon","GlobalLearn","39","A tycoon","Emeralds",40,"Woman",1,"14",24,"1",1
92,"tycoon","GlobalLearn","39","A tycoon","Emeralds",40,"Woman",1,"15",40,"1",0
92,"tycoon","GlobalLearn","39","A tycoon","Emeralds",40,"Woman",1,"16",59,"0",1
92,"tycoon","GlobalLearn","39","A tycoon","Emeralds",40,"Woman",1,"17",61,"0",1
92,"tycoon","GlobalLearn","39","A tycoon","Emeralds",40,"Woman",1,"18",39,"0",0
92,"tycoon","GlobalLearn","39","A tycoon","Emeralds",40,"Woman",1,"19",35,"1",0
92,"tycoon","GlobalLearn","39","A tycoon","Emeralds",40,"Woman",1,"20",32,"1",1
92,"tycoon","GlobalLearn","39","A tycoon","Emeralds",40,"Woman",1,"21",25,"1",1
92,"tycoon","GlobalLearn","39","A tycoon","Emeralds",40,"Woman",1,"22",34,"1",0
92,"tycoon","GlobalLearn","39","A tycoon","Emeralds",40,"Woman",1,"23",75,"0",1
92,"tycoon","GlobalLearn","39","A tycoon","Emeralds",40,"Woman",1,"24",76,"0",1
92,"tycoon","GlobalLearn","39","A tycoon","Emeralds",40,"Woman",1,"25",57,"0",1
92,"tycoon","GlobalLearn","39","A tycoon","Emeralds",40,"Woman",1,"26",61,"0",1
92,"tycoon","GlobalLearn","39","A tycoon","Emeralds",40,"Woman",1,"27",61,"0",1
92,"tycoon","GlobalLearn","39","A tycoon","Emeralds",40,"Woman",1,"28",78,"0",0
92,"tycoon","GlobalLearn","39","A tycoon","Emeralds",40,"Woman",1,"29",16,"1",0
92,"tycoon","GlobalLearn","39","A tycoon","Emeralds",40,"Woman",1,"30",29,"1",1
92,"tycoon","GlobalLearn","39","A tycoon","Emeralds",40,"Woman",1,"31",28,"1",0
92,"tycoon","GlobalLearn","39","A tycoon","Emeralds",40,"Woman",1,"32",64,"0",1
92,"tycoon","GlobalLearn","39","A tycoon","Emeralds",40,"Woman",1,"33",72,"0",0
92,"tycoon","GlobalLearn","39","A tycoon","Emeralds",40,"Woman",1,"34",83,"1",0
92,"tycoon","GlobalLearn","39","A tycoon","Emeralds",40,"Woman",1,"35",77,"1",0
92,"tycoon","GlobalLearn","39","A tycoon","Emeralds",40,"Woman",1,"36",27,"0",1
92,"tycoon","GlobalLearn","39","A tycoon","Emeralds",40,"Woman",1,"37",33,"0",1
92,"tycoon","GlobalLearn","39","A tycoon","Emeralds",40,"Woman",1,"38",32,"0",1
92,"tycoon","GlobalLearn","39","A tycoon","Emeralds",40,"Woman",1,"39",35,"0",1
92,"tycoon","GlobalLearn","39","A tycoon","Emeralds",40,"Woman",1,"40",32,"0",1
92,"tycoon","GlobalLearn","39","A tycoon","Emeralds",40,"Woman",1,"41",33,"0",1
92,"tycoon","GlobalLearn","39","A tycoon","Emeralds",40,"Woman",1,"42",32,"0",1
92,"tycoon","GlobalLearn","39","A tycoon","Emeralds",40,"Woman",1,"43",37,"0",1
92,"tycoon","GlobalLearn","39","A tycoon","Emeralds",40,"Woman",1,"44",35,"0",1
92,"tycoon","GlobalLearn","39","A tycoon","Emeralds",40,"Woman",1,"45",28,"0",1
92,"tycoon","GlobalLearn","39","A tycoon","Emeralds",40,"Woman",1,"46",36,"0",1
92,"tycoon","GlobalLearn","39","A tycoon","Emeralds",40,"Woman",1,"47",69,"0",0
92,"tycoon","GlobalLearn","39","A tycoon","Emeralds",40,"Woman",1,"48",74,"1",0
92,"tycoon","GlobalLearn","39","A tycoon","Emeralds",40,"Woman",1,"49",81,"1",0
92,"tycoon","GlobalLearn","39","A tycoon","Emeralds",40,"Woman",1,"50",70,"0",0
93,"tycoon","GlobalLearn","39","A tycoon","Emeralds",30,"Man",1,"1",66,"1",1
93,"tycoon","GlobalLearn","39","A tycoon","Emeralds",30,"Man",1,"2",73,"1",0
93,"tycoon","GlobalLearn","39","A tycoon","Emeralds",30,"Man",1,"3",76,"1",1
93,"tycoon","GlobalLearn","39","A tycoon","Emeralds",30,"Man",1,"4",55,"1",1
93,"tycoon","GlobalLearn","39","A tycoon","Emeralds",30,"Man",1,"5",49,"1",0
93,"tycoon","GlobalLearn","39","A tycoon","Emeralds",30,"Man",1,"6",67,"1",0
93,"tycoon","GlobalLearn","39","A tycoon","Emeralds",30,"Man",1,"7",54,"1",1
93,"tycoon","GlobalLearn","39","A tycoon","Emeralds",30,"Man",1,"8",33,"1",1
93,"tycoon","GlobalLearn","39","A tycoon","Emeralds",30,"Man",1,"9",39,"1",0
93,"tycoon","GlobalLearn","39","A tycoon","Emeralds",30,"Man",1,"10",74,"0",1
93,"tycoon","GlobalLearn","39","A tycoon","Emeralds",30,"Man",1,"11",59,"0",1
93,"tycoon","GlobalLearn","39","A tycoon","Emeralds",30,"Man",1,"12",47,"0",0
93,"tycoon","GlobalLearn","39","A tycoon","Emeralds",30,"Man",1,"13",60,"0",1
93,"tycoon","GlobalLearn","39","A tycoon","Emeralds",30,"Man",1,"14",49,"1",1
93,"tycoon","GlobalLearn","39","A tycoon","Emeralds",30,"Man",1,"15",35,"1",0
93,"tycoon","GlobalLearn","39","A tycoon","Emeralds",30,"Man",1,"16",64,"0",1
93,"tycoon","GlobalLearn","39","A tycoon","Emeralds",30,"Man",1,"17",59,"0",1
93,"tycoon","GlobalLearn","39","A tycoon","Emeralds",30,"Man",1,"18",57,"0",0
93,"tycoon","GlobalLearn","39","A tycoon","Emeralds",30,"Man",1,"19",21,"1",0
93,"tycoon","GlobalLearn","39","A tycoon","Emeralds",30,"Man",1,"20",31,"1",1
93,"tycoon","GlobalLearn","39","A tycoon","Emeralds",30,"Man",1,"21",36,"1",1
93,"tycoon","GlobalLearn","39","A tycoon","Emeralds",30,"Man",1,"22",27,"1",0
93,"tycoon","GlobalLearn","39","A tycoon","Emeralds",30,"Man",1,"23",10,"0",1
93,"tycoon","GlobalLearn","39","A tycoon","Emeralds",30,"Man",1,"24",2,"0",1
93,"tycoon","GlobalLearn","39","A tycoon","Emeralds",30,"Man",1,"25",2,"0",1
93,"tycoon","GlobalLearn","39","A tycoon","Emeralds",30,"Man",1,"26",14,"0",1
93,"tycoon","GlobalLearn","39","A tycoon","Emeralds",30,"Man",1,"27",2,"0",1
93,"tycoon","GlobalLearn","39","A tycoon","Emeralds",30,"Man",1,"28",6,"0",0
93,"tycoon","GlobalLearn","39","A tycoon","Emeralds",30,"Man",1,"29",3,"1",0
93,"tycoon","GlobalLearn","39","A tycoon","Emeralds",30,"Man",1,"30",10,"1",1
93,"tycoon","GlobalLearn","39","A tycoon","Emeralds",30,"Man",1,"31",5,"1",0
93,"tycoon","GlobalLearn","39","A tycoon","Emeralds",30,"Man",1,"32",4,"0",1
93,"tycoon","GlobalLearn","39","A tycoon","Emeralds",30,"Man",1,"33",7,"0",0
93,"tycoon","GlobalLearn","39","A tycoon","Emeralds",30,"Man",1,"34",5,"1",0
93,"tycoon","GlobalLearn","39","A tycoon","Emeralds",30,"Man",1,"35",4,"1",0
93,"tycoon","GlobalLearn","39","A tycoon","Emeralds",30,"Man",1,"36",2,"0",1
93,"tycoon","GlobalLearn","39","A tycoon","Emeralds",30,"Man",1,"37",3,"0",1
93,"tycoon","GlobalLearn","39","A tycoon","Emeralds",30,"Man",1,"38",0,"0",1
93,"tycoon","GlobalLearn","39","A tycoon","Emeralds",30,"Man",1,"39",0,"0",1
93,"tycoon","GlobalLearn","39","A tycoon","Emeralds",30,"Man",1,"40",0,"0",1
93,"tycoon","GlobalLearn","39","A tycoon","Emeralds",30,"Man",1,"41",0,"0",1
93,"tycoon","GlobalLearn","39","A tycoon","Emeralds",30,"Man",1,"42",0,"0",1
93,"tycoon","GlobalLearn","39","A tycoon","Emeralds",30,"Man",1,"43",0,"0",1
93,"tycoon","GlobalLearn","39","A tycoon","Emeralds",30,"Man",1,"44",0,"0",1
93,"tycoon","GlobalLearn","39","A tycoon","Emeralds",30,"Man",1,"45",0,"0",1
93,"tycoon","GlobalLearn","39","A tycoon","Emeralds",30,"Man",1,"46",0,"0",1
93,"tycoon","GlobalLearn","39","A tycoon","Emeralds",30,"Man",1,"47",0,"0",0
93,"tycoon","GlobalLearn","39","A tycoon","Emeralds",30,"Man",1,"48",9,"1",0
93,"tycoon","GlobalLearn","39","A tycoon","Emeralds",30,"Man",1,"49",4,"1",0
93,"tycoon","GlobalLearn","39","A tycoon","Emeralds",30,"Man",1,"50",1,"0",0
94,"bandit","GlobalLearn","61","A bandit","Emeralds",56,"Woman",1,"1",100,"1",0
94,"bandit","GlobalLearn","61","A bandit","Emeralds",56,"Woman",1,"2",100,"1",0
94,"bandit","GlobalLearn","61","A bandit","Emeralds",56,"Woman",1,"3",100,"1",1
94,"bandit","GlobalLearn","61","A bandit","Emeralds",56,"Woman",1,"4",100,"1",0
94,"bandit","GlobalLearn","61","A bandit","Emeralds",56,"Woman",1,"5",100,"1",1
94,"bandit","GlobalLearn","61","A bandit","Emeralds",56,"Woman",1,"6",100,"1",1
94,"bandit","GlobalLearn","61","A bandit","Emeralds",56,"Woman",1,"7",100,"1",1
94,"bandit","GlobalLearn","61","A bandit","Emeralds",56,"Woman",1,"8",100,"1",0
94,"bandit","GlobalLearn","61","A bandit","Emeralds",56,"Woman",1,"9",100,"1",0
94,"bandit","GlobalLearn","61","A bandit","Emeralds",56,"Woman",1,"10",89,"1",0
94,"bandit","GlobalLearn","61","A bandit","Emeralds",56,"Woman",1,"11",100,"0",0
94,"bandit","GlobalLearn","61","A bandit","Emeralds",56,"Woman",1,"12",100,"0",1
94,"bandit","GlobalLearn","61","A bandit","Emeralds",56,"Woman",1,"13",100,"0",1
94,"bandit","GlobalLearn","61","A bandit","Emeralds",56,"Woman",1,"14",100,"0",0
94,"bandit","GlobalLearn","61","A bandit","Emeralds",56,"Woman",1,"15",100,"0",0
94,"bandit","GlobalLearn","61","A bandit","Emeralds",56,"Woman",1,"16",100,"0",1
94,"bandit","GlobalLearn","61","A bandit","Emeralds",56,"Woman",1,"17",100,"0",1
94,"bandit","GlobalLearn","61","A bandit","Emeralds",56,"Woman",1,"18",100,"0",1
94,"bandit","GlobalLearn","61","A bandit","Emeralds",56,"Woman",1,"19",100,"0",0
94,"bandit","GlobalLearn","61","A bandit","Emeralds",56,"Woman",1,"20",100,"0",1
94,"bandit","GlobalLearn","61","A bandit","Emeralds",56,"Woman",1,"21",100,"0",1
94,"bandit","GlobalLearn","61","A bandit","Emeralds",56,"Woman",1,"22",100,"0",0
94,"bandit","GlobalLearn","61","A bandit","Emeralds",56,"Woman",1,"23",100,"0",0
94,"bandit","GlobalLearn","61","A bandit","Emeralds",56,"Woman",1,"24",100,"0",0
94,"bandit","GlobalLearn","61","A bandit","Emeralds",56,"Woman",1,"25",100,"0",0
94,"bandit","GlobalLearn","61","A bandit","Emeralds",56,"Woman",1,"26",100,"0",0
94,"bandit","GlobalLearn","61","A bandit","Emeralds",56,"Woman",1,"27",100,"1",1
94,"bandit","GlobalLearn","61","A bandit","Emeralds",56,"Woman",1,"28",100,"1",1
94,"bandit","GlobalLearn","61","A bandit","Emeralds",56,"Woman",1,"29",100,"1",1
94,"bandit","GlobalLearn","61","A bandit","Emeralds",56,"Woman",1,"30",100,"1",0
94,"bandit","GlobalLearn","61","A bandit","Emeralds",56,"Woman",1,"31",100,"1",0
94,"bandit","GlobalLearn","61","A bandit","Emeralds",56,"Woman",1,"32",68,"1",0
94,"bandit","GlobalLearn","61","A bandit","Emeralds",56,"Woman",1,"33",73,"1",0
94,"bandit","GlobalLearn","61","A bandit","Emeralds",56,"Woman",1,"34",78,"0",1
94,"bandit","GlobalLearn","61","A bandit","Emeralds",56,"Woman",1,"35",76,"0",1
94,"bandit","GlobalLearn","61","A bandit","Emeralds",56,"Woman",1,"36",74,"0",1
94,"bandit","GlobalLearn","61","A bandit","Emeralds",56,"Woman",1,"37",77,"0",0
94,"bandit","GlobalLearn","61","A bandit","Emeralds",56,"Woman",1,"38",76,"0",1
94,"bandit","GlobalLearn","61","A bandit","Emeralds",56,"Woman",1,"39",75,"0",1
94,"bandit","GlobalLearn","61","A bandit","Emeralds",56,"Woman",1,"40",74,"0",0
94,"bandit","GlobalLearn","61","A bandit","Emeralds",56,"Woman",1,"41",78,"0",1
94,"bandit","GlobalLearn","61","A bandit","Emeralds",56,"Woman",1,"42",43,"0",0
94,"bandit","GlobalLearn","61","A bandit","Emeralds",56,"Woman",1,"43",69,"0",0
94,"bandit","GlobalLearn","61","A bandit","Emeralds",56,"Woman",1,"44",66,"0",1
94,"bandit","GlobalLearn","61","A bandit","Emeralds",56,"Woman",1,"45",70,"0",0
94,"bandit","GlobalLearn","61","A bandit","Emeralds",56,"Woman",1,"46",60,"0",0
94,"bandit","GlobalLearn","61","A bandit","Emeralds",56,"Woman",1,"47",60,"0",1
94,"bandit","GlobalLearn","61","A bandit","Emeralds",56,"Woman",1,"48",65,"0",0
94,"bandit","GlobalLearn","61","A bandit","Emeralds",56,"Woman",1,"49",63,"0",0
94,"bandit","GlobalLearn","61","A bandit","Emeralds",56,"Woman",1,"50",63,"0",1
95,"sheriff","GlobalLearn","66","A sheriff","Emeralds",70,"Woman",1,"1",97,"0",1
95,"sheriff","GlobalLearn","66","A sheriff","Emeralds",70,"Woman",1,"2",90,"0",0
95,"sheriff","GlobalLearn","66","A sheriff","Emeralds",70,"Woman",1,"3",58,"0",1
95,"sheriff","GlobalLearn","66","A sheriff","Emeralds",70,"Woman",1,"4",33,"0",0
95,"sheriff","GlobalLearn","66","A sheriff","Emeralds",70,"Woman",1,"5",23,"0",1
95,"sheriff","GlobalLearn","66","A sheriff","Emeralds",70,"Woman",1,"6",7,"0",0
95,"sheriff","GlobalLearn","66","A sheriff","Emeralds",70,"Woman",1,"7",7,"0",1
95,"sheriff","GlobalLearn","66","A sheriff","Emeralds",70,"Woman",1,"8",11,"0",1
95,"sheriff","GlobalLearn","66","A sheriff","Emeralds",70,"Woman",1,"9",16,"0",1
95,"sheriff","GlobalLearn","66","A sheriff","Emeralds",70,"Woman",1,"10",14,"0",1
95,"sheriff","GlobalLearn","66","A sheriff","Emeralds",70,"Woman",1,"11",11,"0",1
95,"sheriff","GlobalLearn","66","A sheriff","Emeralds",70,"Woman",1,"12",0,"0",1
95,"sheriff","GlobalLearn","66","A sheriff","Emeralds",70,"Woman",1,"13",0,"0",1
95,"sheriff","GlobalLearn","66","A sheriff","Emeralds",70,"Woman",1,"14",0,"0",1
95,"sheriff","GlobalLearn","66","A sheriff","Emeralds",70,"Woman",1,"15",6,"0",1
95,"sheriff","GlobalLearn","66","A sheriff","Emeralds",70,"Woman",1,"16",98,"0",0
95,"sheriff","GlobalLearn","66","A sheriff","Emeralds",70,"Woman",1,"17",73,"0",1
95,"sheriff","GlobalLearn","66","A sheriff","Emeralds",70,"Woman",1,"18",84,"0",0
95,"sheriff","GlobalLearn","66","A sheriff","Emeralds",70,"Woman",1,"19",100,"1",0
95,"sheriff","GlobalLearn","66","A sheriff","Emeralds",70,"Woman",1,"20",97,"1",1
95,"sheriff","GlobalLearn","66","A sheriff","Emeralds",70,"Woman",1,"21",76,"1",1
95,"sheriff","GlobalLearn","66","A sheriff","Emeralds",70,"Woman",1,"22",68,"1",1
95,"sheriff","GlobalLearn","66","A sheriff","Emeralds",70,"Woman",1,"23",9,"1",0
95,"sheriff","GlobalLearn","66","A sheriff","Emeralds",70,"Woman",1,"24",2,"1",0
95,"sheriff","GlobalLearn","66","A sheriff","Emeralds",70,"Woman",1,"25",93,"1",1
95,"sheriff","GlobalLearn","66","A sheriff","Emeralds",70,"Woman",1,"26",89,"1",1
95,"sheriff","GlobalLearn","66","A sheriff","Emeralds",70,"Woman",1,"27",85,"1",1
95,"sheriff","GlobalLearn","66","A sheriff","Emeralds",70,"Woman",1,"28",70,"1",1
95,"sheriff","GlobalLearn","66","A sheriff","Emeralds",70,"Woman",1,"29",69,"1",1
95,"sheriff","GlobalLearn","66","A sheriff","Emeralds",70,"Woman",1,"30",69,"1",1
95,"sheriff","GlobalLearn","66","A sheriff","Emeralds",70,"Woman",1,"31",46,"1",1
95,"sheriff","GlobalLearn","66","A sheriff","Emeralds",70,"Woman",1,"32",69,"1",0
95,"sheriff","GlobalLearn","66","A sheriff","Emeralds",70,"Woman",1,"33",69,"1",0
95,"sheriff","GlobalLearn","66","A sheriff","Emeralds",70,"Woman",1,"34",53,"1",0
95,"sheriff","GlobalLearn","66","A sheriff","Emeralds",70,"Woman",1,"35",72,"1",1
95,"sheriff","GlobalLearn","66","A sheriff","Emeralds",70,"Woman",1,"36",73,"1",0
95,"sheriff","GlobalLearn","66","A sheriff","Emeralds",70,"Woman",1,"37",90,"0",1
95,"sheriff","GlobalLearn","66","A sheriff","Emeralds",70,"Woman",1,"38",77,"0",1
95,"sheriff","GlobalLearn","66","A sheriff","Emeralds",70,"Woman",1,"39",76,"0",0
95,"sheriff","GlobalLearn","66","A sheriff","Emeralds",70,"Woman",1,"40",0,"0",1
95,"sheriff","GlobalLearn","66","A sheriff","Emeralds",70,"Woman",1,"41",77,"0",1
95,"sheriff","GlobalLearn","66","A sheriff","Emeralds",70,"Woman",1,"42",75,"0",0
95,"sheriff","GlobalLearn","66","A sheriff","Emeralds",70,"Woman",1,"43",81,"0",1
95,"sheriff","GlobalLearn","66","A sheriff","Emeralds",70,"Woman",1,"44",0,"0",0
95,"sheriff","GlobalLearn","66","A sheriff","Emeralds",70,"Woman",1,"45",55,"0",0
95,"sheriff","GlobalLearn","66","A sheriff","Emeralds",70,"Woman",1,"46",0,"1",1
95,"sheriff","GlobalLearn","66","A sheriff","Emeralds",70,"Woman",1,"47",2,"0",0
95,"sheriff","GlobalLearn","66","A sheriff","Emeralds",70,"Woman",1,"48",30,"1",0
95,"sheriff","GlobalLearn","66","A sheriff","Emeralds",70,"Woman",1,"49",83,"1",1
95,"sheriff","GlobalLearn","66","A sheriff","Emeralds",70,"Woman",1,"50",35,"1",0
96,"bandit","GlobalLearn","22","A bandit","Emeralds",32,"Man",1,"1",71,"1",1
96,"bandit","GlobalLearn","22","A bandit","Emeralds",32,"Man",1,"2",50,"1",0
96,"bandit","GlobalLearn","22","A bandit","Emeralds",32,"Man",1,"3",76,"1",1
96,"bandit","GlobalLearn","22","A bandit","Emeralds",32,"Man",1,"4",76,"1",1
96,"bandit","GlobalLearn","22","A bandit","Emeralds",32,"Man",1,"5",74,"1",0
96,"bandit","GlobalLearn","22","A bandit","Emeralds",32,"Man",1,"6",72,"1",1
96,"bandit","GlobalLearn","22","A bandit","Emeralds",32,"Man",1,"7",83,"1",0
96,"bandit","GlobalLearn","22","A bandit","Emeralds",32,"Man",1,"8",90,"1",0
96,"bandit","GlobalLearn","22","A bandit","Emeralds",32,"Man",1,"9",93,"1",0
96,"bandit","GlobalLearn","22","A bandit","Emeralds",32,"Man",1,"10",93,"1",0
96,"bandit","GlobalLearn","22","A bandit","Emeralds",32,"Man",1,"11",50,"0",0
96,"bandit","GlobalLearn","22","A bandit","Emeralds",32,"Man",1,"12",92,"1",0
96,"bandit","GlobalLearn","22","A bandit","Emeralds",32,"Man",1,"13",34,"1",1
96,"bandit","GlobalLearn","22","A bandit","Emeralds",32,"Man",1,"14",40,"1",1
96,"bandit","GlobalLearn","22","A bandit","Emeralds",32,"Man",1,"15",95,"1",0
96,"bandit","GlobalLearn","22","A bandit","Emeralds",32,"Man",1,"16",88,"0",0
96,"bandit","GlobalLearn","22","A bandit","Emeralds",32,"Man",1,"17",43,"1",1
96,"bandit","GlobalLearn","22","A bandit","Emeralds",32,"Man",1,"18",40,"1",1
96,"bandit","GlobalLearn","22","A bandit","Emeralds",32,"Man",1,"19",94,"1",0
96,"bandit","GlobalLearn","22","A bandit","Emeralds",32,"Man",1,"20",36,"1",1
96,"bandit","GlobalLearn","22","A bandit","Emeralds",32,"Man",1,"21",76,"1",0
96,"bandit","GlobalLearn","22","A bandit","Emeralds",32,"Man",1,"22",50,"1",1
96,"bandit","GlobalLearn","22","A bandit","Emeralds",32,"Man",1,"23",71,"1",0
96,"bandit","GlobalLearn","22","A bandit","Emeralds",32,"Man",1,"24",75,"1",0
96,"bandit","GlobalLearn","22","A bandit","Emeralds",32,"Man",1,"25",60,"1",1
96,"bandit","GlobalLearn","22","A bandit","Emeralds",32,"Man",1,"26",68,"1",0
96,"bandit","GlobalLearn","22","A bandit","Emeralds",32,"Man",1,"27",69,"1",0
96,"bandit","GlobalLearn","22","A bandit","Emeralds",32,"Man",1,"28",73,"1",1
96,"bandit","GlobalLearn","22","A bandit","Emeralds",32,"Man",1,"29",70,"1",1
96,"bandit","GlobalLearn","22","A bandit","Emeralds",32,"Man",1,"30",72,"1",0
96,"bandit","GlobalLearn","22","A bandit","Emeralds",32,"Man",1,"31",72,"1",1
96,"bandit","GlobalLearn","22","A bandit","Emeralds",32,"Man",1,"32",72,"1",1
96,"bandit","GlobalLearn","22","A bandit","Emeralds",32,"Man",1,"33",69,"1",0
96,"bandit","GlobalLearn","22","A bandit","Emeralds",32,"Man",1,"34",69,"1",0
96,"bandit","GlobalLearn","22","A bandit","Emeralds",32,"Man",1,"35",59,"1",1
96,"bandit","GlobalLearn","22","A bandit","Emeralds",32,"Man",1,"36",54,"1",0
96,"bandit","GlobalLearn","22","A bandit","Emeralds",32,"Man",1,"37",55,"1",0
96,"bandit","GlobalLearn","22","A bandit","Emeralds",32,"Man",1,"38",96,"0",1
96,"bandit","GlobalLearn","22","A bandit","Emeralds",32,"Man",1,"39",89,"0",0
96,"bandit","GlobalLearn","22","A bandit","Emeralds",32,"Man",1,"40",91,"0",1
96,"bandit","GlobalLearn","22","A bandit","Emeralds",32,"Man",1,"41",73,"0",0
96,"bandit","GlobalLearn","22","A bandit","Emeralds",32,"Man",1,"42",88,"0",1
96,"bandit","GlobalLearn","22","A bandit","Emeralds",32,"Man",1,"43",92,"0",1
96,"bandit","GlobalLearn","22","A bandit","Emeralds",32,"Man",1,"44",19,"0",0
96,"bandit","GlobalLearn","22","A bandit","Emeralds",32,"Man",1,"45",72,"0",1
96,"bandit","GlobalLearn","22","A bandit","Emeralds",32,"Man",1,"46",85,"0",0
96,"bandit","GlobalLearn","22","A bandit","Emeralds",32,"Man",1,"47",71,"0",0
96,"bandit","GlobalLearn","22","A bandit","Emeralds",32,"Man",1,"48",72,"0",0
96,"bandit","GlobalLearn","22","A bandit","Emeralds",32,"Man",1,"49",89,"1",1
96,"bandit","GlobalLearn","22","A bandit","Emeralds",32,"Man",1,"50",89,"1",1
97,"sheriff","GlobalLearn","23","A sheriff","Emeralds",61,"Non-binary",1,"1",100,"0",1
97,"sheriff","GlobalLearn","23","A sheriff","Emeralds",61,"Non-binary",1,"2",100,"1",1
97,"sheriff","GlobalLearn","23","A sheriff","Emeralds",61,"Non-binary",1,"3",100,"0",0
97,"sheriff","GlobalLearn","23","A sheriff","Emeralds",61,"Non-binary",1,"4",100,"0",0
97,"sheriff","GlobalLearn","23","A sheriff","Emeralds",61,"Non-binary",1,"5",100,"0",0
97,"sheriff","GlobalLearn","23","A sheriff","Emeralds",61,"Non-binary",1,"6",100,"1",1
97,"sheriff","GlobalLearn","23","A sheriff","Emeralds",61,"Non-binary",1,"7",100,"1",0
97,"sheriff","GlobalLearn","23","A sheriff","Emeralds",61,"Non-binary",1,"8",100,"1",1
97,"sheriff","GlobalLearn","23","A sheriff","Emeralds",61,"Non-binary",1,"9",98,"1",1
97,"sheriff","GlobalLearn","23","A sheriff","Emeralds",61,"Non-binary",1,"10",100,"1",1
97,"sheriff","GlobalLearn","23","A sheriff","Emeralds",61,"Non-binary",1,"11",100,"1",1
97,"sheriff","GlobalLearn","23","A sheriff","Emeralds",61,"Non-binary",1,"12",100,"1",0
97,"sheriff","GlobalLearn","23","A sheriff","Emeralds",61,"Non-binary",1,"13",100,"1",1
97,"sheriff","GlobalLearn","23","A sheriff","Emeralds",61,"Non-binary",1,"14",100,"1",0
97,"sheriff","GlobalLearn","23","A sheriff","Emeralds",61,"Non-binary",1,"15",100,"1",1
97,"sheriff","GlobalLearn","23","A sheriff","Emeralds",61,"Non-binary",1,"16",100,"1",0
97,"sheriff","GlobalLearn","23","A sheriff","Emeralds",61,"Non-binary",1,"17",20,"1",1
97,"sheriff","GlobalLearn","23","A sheriff","Emeralds",61,"Non-binary",1,"18",31,"1",1
97,"sheriff","GlobalLearn","23","A sheriff","Emeralds",61,"Non-binary",1,"19",100,"1",0
97,"sheriff","GlobalLearn","23","A sheriff","Emeralds",61,"Non-binary",1,"20",99,"1",0
97,"sheriff","GlobalLearn","23","A sheriff","Emeralds",61,"Non-binary",1,"21",29,"1",1
97,"sheriff","GlobalLearn","23","A sheriff","Emeralds",61,"Non-binary",1,"22",31,"1",1
97,"sheriff","GlobalLearn","23","A sheriff","Emeralds",61,"Non-binary",1,"23",100,"1",0
97,"sheriff","GlobalLearn","23","A sheriff","Emeralds",61,"Non-binary",1,"24",100,"1",0
97,"sheriff","GlobalLearn","23","A sheriff","Emeralds",61,"Non-binary",1,"25",98,"1",0
97,"sheriff","GlobalLearn","23","A sheriff","Emeralds",61,"Non-binary",1,"26",100,"0",0
97,"sheriff","GlobalLearn","23","A sheriff","Emeralds",61,"Non-binary",1,"27",22,"0",1
97,"sheriff","GlobalLearn","23","A sheriff","Emeralds",61,"Non-binary",1,"28",100,"0",0
97,"sheriff","GlobalLearn","23","A sheriff","Emeralds",61,"Non-binary",1,"29",0,"0",1
97,"sheriff","GlobalLearn","23","A sheriff","Emeralds",61,"Non-binary",1,"30",100,"0",0
97,"sheriff","GlobalLearn","23","A sheriff","Emeralds",61,"Non-binary",1,"31",11,"0",1
97,"sheriff","GlobalLearn","23","A sheriff","Emeralds",61,"Non-binary",1,"32",100,"1",0
97,"sheriff","GlobalLearn","23","A sheriff","Emeralds",61,"Non-binary",1,"33",0,"1",1
97,"sheriff","GlobalLearn","23","A sheriff","Emeralds",61,"Non-binary",1,"34",0,"1",1
97,"sheriff","GlobalLearn","23","A sheriff","Emeralds",61,"Non-binary",1,"35",0,"1",1
97,"sheriff","GlobalLearn","23","A sheriff","Emeralds",61,"Non-binary",1,"36",100,"1",0
97,"sheriff","GlobalLearn","23","A sheriff","Emeralds",61,"Non-binary",1,"37",2,"1",1
97,"sheriff","GlobalLearn","23","A sheriff","Emeralds",61,"Non-binary",1,"38",100,"1",0
97,"sheriff","GlobalLearn","23","A sheriff","Emeralds",61,"Non-binary",1,"39",100,"1",0
97,"sheriff","GlobalLearn","23","A sheriff","Emeralds",61,"Non-binary",1,"40",100,"1",0
97,"sheriff","GlobalLearn","23","A sheriff","Emeralds",61,"Non-binary",1,"41",100,"1",0
97,"sheriff","GlobalLearn","23","A sheriff","Emeralds",61,"Non-binary",1,"42",0,"1",1
97,"sheriff","GlobalLearn","23","A sheriff","Emeralds",61,"Non-binary",1,"43",1,"1",1
97,"sheriff","GlobalLearn","23","A sheriff","Emeralds",61,"Non-binary",1,"44",1,"1",1
97,"sheriff","GlobalLearn","23","A sheriff","Emeralds",61,"Non-binary",1,"45",98,"1",0
97,"sheriff","GlobalLearn","23","A sheriff","Emeralds",61,"Non-binary",1,"46",0,"1",1
97,"sheriff","GlobalLearn","23","A sheriff","Emeralds",61,"Non-binary",1,"47",1,"1",1
97,"sheriff","GlobalLearn","23","A sheriff","Emeralds",61,"Non-binary",1,"48",100,"1",0
97,"sheriff","GlobalLearn","23","A sheriff","Emeralds",61,"Non-binary",1,"49",0,"1",1
97,"sheriff","GlobalLearn","23","A sheriff","Emeralds",61,"Non-binary",1,"50",0,"1",1
98,"tycoon","GlobalLearn","55","A tycoon","Emeralds",55,"Woman",1,"1",89,"0",1
98,"tycoon","GlobalLearn","55","A tycoon","Emeralds",55,"Woman",1,"2",84,"1",1
98,"tycoon","GlobalLearn","55","A tycoon","Emeralds",55,"Woman",1,"3",29,"1",1
98,"tycoon","GlobalLearn","55","A tycoon","Emeralds",55,"Woman",1,"4",34,"1",1
98,"tycoon","GlobalLearn","55","A tycoon","Emeralds",55,"Woman",1,"5",80,"1",1
98,"tycoon","GlobalLearn","55","A tycoon","Emeralds",55,"Woman",1,"6",71,"1",0
98,"tycoon","GlobalLearn","55","A tycoon","Emeralds",55,"Woman",1,"7",79,"0",0
98,"tycoon","GlobalLearn","55","A tycoon","Emeralds",55,"Woman",1,"8",87,"1",0
98,"tycoon","GlobalLearn","55","A tycoon","Emeralds",55,"Woman",1,"9",60,"1",1
98,"tycoon","GlobalLearn","55","A tycoon","Emeralds",55,"Woman",1,"10",93,"1",0
98,"tycoon","GlobalLearn","55","A tycoon","Emeralds",55,"Woman",1,"11",63,"0",1
98,"tycoon","GlobalLearn","55","A tycoon","Emeralds",55,"Woman",1,"12",50,"0",1
98,"tycoon","GlobalLearn","55","A tycoon","Emeralds",55,"Woman",1,"13",63,"1",1
98,"tycoon","GlobalLearn","55","A tycoon","Emeralds",55,"Woman",1,"14",52,"0",1
98,"tycoon","GlobalLearn","55","A tycoon","Emeralds",55,"Woman",1,"15",93,"1",0
98,"tycoon","GlobalLearn","55","A tycoon","Emeralds",55,"Woman",1,"16",41,"0",1
98,"tycoon","GlobalLearn","55","A tycoon","Emeralds",55,"Woman",1,"17",36,"0",1
98,"tycoon","GlobalLearn","55","A tycoon","Emeralds",55,"Woman",1,"18",41,"0",1
98,"tycoon","GlobalLearn","55","A tycoon","Emeralds",55,"Woman",1,"19",27,"0",1
98,"tycoon","GlobalLearn","55","A tycoon","Emeralds",55,"Woman",1,"20",82,"0",0
98,"tycoon","GlobalLearn","55","A tycoon","Emeralds",55,"Woman",1,"21",69,"1",1
98,"tycoon","GlobalLearn","55","A tycoon","Emeralds",55,"Woman",1,"22",68,"1",1
98,"tycoon","GlobalLearn","55","A tycoon","Emeralds",55,"Woman",1,"23",89,"1",0
98,"tycoon","GlobalLearn","55","A tycoon","Emeralds",55,"Woman",1,"24",31,"0",1
98,"tycoon","GlobalLearn","55","A tycoon","Emeralds",55,"Woman",1,"25",21,"0",1
98,"tycoon","GlobalLearn","55","A tycoon","Emeralds",55,"Woman",1,"26",14,"0",1
98,"tycoon","GlobalLearn","55","A tycoon","Emeralds",55,"Woman",1,"27",42,"0",0
98,"tycoon","GlobalLearn","55","A tycoon","Emeralds",55,"Woman",1,"28",94,"1",0
98,"tycoon","GlobalLearn","55","A tycoon","Emeralds",55,"Woman",1,"29",27,"0",1
98,"tycoon","GlobalLearn","55","A tycoon","Emeralds",55,"Woman",1,"30",27,"0",1
98,"tycoon","GlobalLearn","55","A tycoon","Emeralds",55,"Woman",1,"31",25,"0",1
98,"tycoon","GlobalLearn","55","A tycoon","Emeralds",55,"Woman",1,"32",16,"0",1
98,"tycoon","GlobalLearn","55","A tycoon","Emeralds",55,"Woman",1,"33",72,"1",1
98,"tycoon","GlobalLearn","55","A tycoon","Emeralds",55,"Woman",1,"34",16,"0",1
98,"tycoon","GlobalLearn","55","A tycoon","Emeralds",55,"Woman",1,"35",62,"1",1
98,"tycoon","GlobalLearn","55","A tycoon","Emeralds",55,"Woman",1,"36",89,"1",0
98,"tycoon","GlobalLearn","55","A tycoon","Emeralds",55,"Woman",1,"37",12,"0",1
98,"tycoon","GlobalLearn","55","A tycoon","Emeralds",55,"Woman",1,"38",31,"0",1
98,"tycoon","GlobalLearn","55","A tycoon","Emeralds",55,"Woman",1,"39",97,"1",0
98,"tycoon","GlobalLearn","55","A tycoon","Emeralds",55,"Woman",1,"40",14,"0",1
98,"tycoon","GlobalLearn","55","A tycoon","Emeralds",55,"Woman",1,"41",20,"0",1
98,"tycoon","GlobalLearn","55","A tycoon","Emeralds",55,"Woman",1,"42",12,"0",1
98,"tycoon","GlobalLearn","55","A tycoon","Emeralds",55,"Woman",1,"43",92,"1",0
98,"tycoon","GlobalLearn","55","A tycoon","Emeralds",55,"Woman",1,"44",32,"0",0
98,"tycoon","GlobalLearn","55","A tycoon","Emeralds",55,"Woman",1,"45",16,"0",1
98,"tycoon","GlobalLearn","55","A tycoon","Emeralds",55,"Woman",1,"46",18,"0",1
98,"tycoon","GlobalLearn","55","A tycoon","Emeralds",55,"Woman",1,"47",17,"0",1
98,"tycoon","GlobalLearn","55","A tycoon","Emeralds",55,"Woman",1,"48",23,"0",1
98,"tycoon","GlobalLearn","55","A tycoon","Emeralds",55,"Woman",1,"49",41,"0",0
98,"tycoon","GlobalLearn","55","A tycoon","Emeralds",55,"Woman",1,"50",42,"0",0
99,"tycoon","GlobalLearn","6","A tycoon","Emeralds",38,"Man",1,"1",74,"1",1
99,"tycoon","GlobalLearn","6","A tycoon","Emeralds",38,"Man",1,"2",78,"1",1
99,"tycoon","GlobalLearn","6","A tycoon","Emeralds",38,"Man",1,"3",99,"1",1
99,"tycoon","GlobalLearn","6","A tycoon","Emeralds",38,"Man",1,"4",100,"1",1
99,"tycoon","GlobalLearn","6","A tycoon","Emeralds",38,"Man",1,"5",100,"1",0
99,"tycoon","GlobalLearn","6","A tycoon","Emeralds",38,"Man",1,"6",41,"1",0
99,"tycoon","GlobalLearn","6","A tycoon","Emeralds",38,"Man",1,"7",100,"0",1
99,"tycoon","GlobalLearn","6","A tycoon","Emeralds",38,"Man",1,"8",100,"0",1
99,"tycoon","GlobalLearn","6","A tycoon","Emeralds",38,"Man",1,"9",100,"0",1
99,"tycoon","GlobalLearn","6","A tycoon","Emeralds",38,"Man",1,"10",100,"0",1
99,"tycoon","GlobalLearn","6","A tycoon","Emeralds",38,"Man",1,"11",100,"0",1
99,"tycoon","GlobalLearn","6","A tycoon","Emeralds",38,"Man",1,"12",47,"0",0
99,"tycoon","GlobalLearn","6","A tycoon","Emeralds",38,"Man",1,"13",100,"1",1
99,"tycoon","GlobalLearn","6","A tycoon","Emeralds",38,"Man",1,"14",100,"1",1
99,"tycoon","GlobalLearn","6","A tycoon","Emeralds",38,"Man",1,"15",100,"1",1
99,"tycoon","GlobalLearn","6","A tycoon","Emeralds",38,"Man",1,"16",100,"1",1
99,"tycoon","GlobalLearn","6","A tycoon","Emeralds",38,"Man",1,"17",49,"1",0
99,"tycoon","GlobalLearn","6","A tycoon","Emeralds",38,"Man",1,"18",50,"0",0
99,"tycoon","GlobalLearn","6","A tycoon","Emeralds",38,"Man",1,"19",50,"1",0
99,"tycoon","GlobalLearn","6","A tycoon","Emeralds",38,"Man",1,"20",100,"1",1
99,"tycoon","GlobalLearn","6","A tycoon","Emeralds",38,"Man",1,"21",100,"1",1
99,"tycoon","GlobalLearn","6","A tycoon","Emeralds",38,"Man",1,"22",100,"1",1
99,"tycoon","GlobalLearn","6","A tycoon","Emeralds",38,"Man",1,"23",50,"1",0
99,"tycoon","GlobalLearn","6","A tycoon","Emeralds",38,"Man",1,"24",100,"0",1
99,"tycoon","GlobalLearn","6","A tycoon","Emeralds",38,"Man",1,"25",100,"0",1
99,"tycoon","GlobalLearn","6","A tycoon","Emeralds",38,"Man",1,"26",50,"0",0
99,"tycoon","GlobalLearn","6","A tycoon","Emeralds",38,"Man",1,"27",100,"0",1
99,"tycoon","GlobalLearn","6","A tycoon","Emeralds",38,"Man",1,"28",100,"0",1
99,"tycoon","GlobalLearn","6","A tycoon","Emeralds",38,"Man",1,"29",100,"0",1
99,"tycoon","GlobalLearn","6","A tycoon","Emeralds",38,"Man",1,"30",100,"0",1
99,"tycoon","GlobalLearn","6","A tycoon","Emeralds",38,"Man",1,"31",85,"0",1
99,"tycoon","GlobalLearn","6","A tycoon","Emeralds",38,"Man",1,"32",50,"0",1
99,"tycoon","GlobalLearn","6","A tycoon","Emeralds",38,"Man",1,"33",50,"0",1
99,"tycoon","GlobalLearn","6","A tycoon","Emeralds",38,"Man",1,"34",50,"0",1
99,"tycoon","GlobalLearn","6","A tycoon","Emeralds",38,"Man",1,"35",50,"0",1
99,"tycoon","GlobalLearn","6","A tycoon","Emeralds",38,"Man",1,"36",50,"0",0
99,"tycoon","GlobalLearn","6","A tycoon","Emeralds",38,"Man",1,"37",50,"0",1
99,"tycoon","GlobalLearn","6","A tycoon","Emeralds",38,"Man",1,"38",50,"0",0
99,"tycoon","GlobalLearn","6","A tycoon","Emeralds",38,"Man",1,"39",50,"0",1
99,"tycoon","GlobalLearn","6","A tycoon","Emeralds",38,"Man",1,"40",50,"0",1
99,"tycoon","GlobalLearn","6","A tycoon","Emeralds",38,"Man",1,"41",50,"0",1
99,"tycoon","GlobalLearn","6","A tycoon","Emeralds",38,"Man",1,"42",50,"0",1
99,"tycoon","GlobalLearn","6","A tycoon","Emeralds",38,"Man",1,"43",50,"0",1
99,"tycoon","GlobalLearn","6","A tycoon","Emeralds",38,"Man",1,"44",50,"0",0
99,"tycoon","GlobalLearn","6","A tycoon","Emeralds",38,"Man",1,"45",50,"0",1
99,"tycoon","GlobalLearn","6","A tycoon","Emeralds",38,"Man",1,"46",50,"0",1
99,"tycoon","GlobalLearn","6","A tycoon","Emeralds",38,"Man",1,"47",50,"0",1
99,"tycoon","GlobalLearn","6","A tycoon","Emeralds",38,"Man",1,"48",50,"0",1
99,"tycoon","GlobalLearn","6","A tycoon","Emeralds",38,"Man",1,"49",50,"0",1
99,"tycoon","GlobalLearn","6","A tycoon","Emeralds",38,"Man",1,"50",50,"0",1
100,"bandit","GlobalLearn","26","A bandit","Emeralds",28,"Man",1,"1",82,"0",0
100,"bandit","GlobalLearn","26","A bandit","Emeralds",28,"Man",1,"2",18,"0",1
100,"bandit","GlobalLearn","26","A bandit","Emeralds",28,"Man",1,"3",0,"0",1
100,"bandit","GlobalLearn","26","A bandit","Emeralds",28,"Man",1,"4",20,"0",0
100,"bandit","GlobalLearn","26","A bandit","Emeralds",28,"Man",1,"5",0,"0",1
100,"bandit","GlobalLearn","26","A bandit","Emeralds",28,"Man",1,"6",76,"0",0
100,"bandit","GlobalLearn","26","A bandit","Emeralds",28,"Man",1,"7",5,"0",0
100,"bandit","GlobalLearn","26","A bandit","Emeralds",28,"Man",1,"8",91,"1",0
100,"bandit","GlobalLearn","26","A bandit","Emeralds",28,"Man",1,"9",75,"1",0
100,"bandit","GlobalLearn","26","A bandit","Emeralds",28,"Man",1,"10",7,"1",1
100,"bandit","GlobalLearn","26","A bandit","Emeralds",28,"Man",1,"11",54,"1",0
100,"bandit","GlobalLearn","26","A bandit","Emeralds",28,"Man",1,"12",19,"1",1
100,"bandit","GlobalLearn","26","A bandit","Emeralds",28,"Man",1,"13",86,"1",0
100,"bandit","GlobalLearn","26","A bandit","Emeralds",28,"Man",1,"14",9,"0",1
100,"bandit","GlobalLearn","26","A bandit","Emeralds",28,"Man",1,"15",73,"0",0
100,"bandit","GlobalLearn","26","A bandit","Emeralds",28,"Man",1,"16",2,"0",1
100,"bandit","GlobalLearn","26","A bandit","Emeralds",28,"Man",1,"17",6,"0",1
100,"bandit","GlobalLearn","26","A bandit","Emeralds",28,"Man",1,"18",61,"0",0
100,"bandit","GlobalLearn","26","A bandit","Emeralds",28,"Man",1,"19",6,"0",1
100,"bandit","GlobalLearn","26","A bandit","Emeralds",28,"Man",1,"20",17,"0",1
100,"bandit","GlobalLearn","26","A bandit","Emeralds",28,"Man",1,"21",87,"0",0
100,"bandit","GlobalLearn","26","A bandit","Emeralds",28,"Man",1,"22",11,"0",1
100,"bandit","GlobalLearn","26","A bandit","Emeralds",28,"Man",1,"23",49,"0",0
100,"bandit","GlobalLearn","26","A bandit","Emeralds",28,"Man",1,"24",0,"0",1
100,"bandit","GlobalLearn","26","A bandit","Emeralds",28,"Man",1,"25",6,"0",1
100,"bandit","GlobalLearn","26","A bandit","Emeralds",28,"Man",1,"26",62,"0",0
100,"bandit","GlobalLearn","26","A bandit","Emeralds",28,"Man",1,"27",8,"0",1
100,"bandit","GlobalLearn","26","A bandit","Emeralds",28,"Man",1,"28",7,"0",1
100,"bandit","GlobalLearn","26","A bandit","Emeralds",28,"Man",1,"29",30,"0",0
100,"bandit","GlobalLearn","26","A bandit","Emeralds",28,"Man",1,"30",71,"0",0
100,"bandit","GlobalLearn","26","A bandit","Emeralds",28,"Man",1,"31",15,"0",1
100,"bandit","GlobalLearn","26","A bandit","Emeralds",28,"Man",1,"32",5,"0",1
100,"bandit","GlobalLearn","26","A bandit","Emeralds",28,"Man",1,"33",23,"0",0
100,"bandit","GlobalLearn","26","A bandit","Emeralds",28,"Man",1,"34",71,"0",0
100,"bandit","GlobalLearn","26","A bandit","Emeralds",28,"Man",1,"35",94,"0",0
100,"bandit","GlobalLearn","26","A bandit","Emeralds",28,"Man",1,"36",47,"1",1
100,"bandit","GlobalLearn","26","A bandit","Emeralds",28,"Man",1,"37",74,"1",0
100,"bandit","GlobalLearn","26","A bandit","Emeralds",28,"Man",1,"38",66,"1",0
100,"bandit","GlobalLearn","26","A bandit","Emeralds",28,"Man",1,"39",86,"1",0
100,"bandit","GlobalLearn","26","A bandit","Emeralds",28,"Man",1,"40",48,"0",0
100,"bandit","GlobalLearn","26","A bandit","Emeralds",28,"Man",1,"41",80,"0",0
100,"bandit","GlobalLearn","26","A bandit","Emeralds",28,"Man",1,"42",16,"0",1
100,"bandit","GlobalLearn","26","A bandit","Emeralds",28,"Man",1,"43",0,"0",1
100,"bandit","GlobalLearn","26","A bandit","Emeralds",28,"Man",1,"44",24,"0",0
100,"bandit","GlobalLearn","26","A bandit","Emeralds",28,"Man",1,"45",65,"0",0
100,"bandit","GlobalLearn","26","A bandit","Emeralds",28,"Man",1,"46",11,"0",1
100,"bandit","GlobalLearn","26","A bandit","Emeralds",28,"Man",1,"47",65,"0",0
100,"bandit","GlobalLearn","26","A bandit","Emeralds",28,"Man",1,"48",12,"0",1
100,"bandit","GlobalLearn","26","A bandit","Emeralds",28,"Man",1,"49",8,"0",1
100,"bandit","GlobalLearn","26","A bandit","Emeralds",28,"Man",1,"50",0,"0",1
101,"tycoon","GlobalLearn","38","A tycoon","Emeralds",25,"Woman",1,"1",2,"0",0
101,"tycoon","GlobalLearn","38","A tycoon","Emeralds",25,"Woman",1,"2",91,"0",1
101,"tycoon","GlobalLearn","38","A tycoon","Emeralds",25,"Woman",1,"3",2,"1",0
101,"tycoon","GlobalLearn","38","A tycoon","Emeralds",25,"Woman",1,"4",7,"1",0
101,"tycoon","GlobalLearn","38","A tycoon","Emeralds",25,"Woman",1,"5",4,"1",0
101,"tycoon","GlobalLearn","38","A tycoon","Emeralds",25,"Woman",1,"6",100,"1",1
101,"tycoon","GlobalLearn","38","A tycoon","Emeralds",25,"Woman",1,"7",0,"1",0
101,"tycoon","GlobalLearn","38","A tycoon","Emeralds",25,"Woman",1,"8",0,"0",0
101,"tycoon","GlobalLearn","38","A tycoon","Emeralds",25,"Woman",1,"9",4,"0",0
101,"tycoon","GlobalLearn","38","A tycoon","Emeralds",25,"Woman",1,"10",1,"0",0
101,"tycoon","GlobalLearn","38","A tycoon","Emeralds",25,"Woman",1,"11",3,"0",0
101,"tycoon","GlobalLearn","38","A tycoon","Emeralds",25,"Woman",1,"12",100,"0",1
101,"tycoon","GlobalLearn","38","A tycoon","Emeralds",25,"Woman",1,"13",0,"0",0
101,"tycoon","GlobalLearn","38","A tycoon","Emeralds",25,"Woman",1,"14",0,"0",0
101,"tycoon","GlobalLearn","38","A tycoon","Emeralds",25,"Woman",1,"15",90,"0",1
101,"tycoon","GlobalLearn","38","A tycoon","Emeralds",25,"Woman",1,"16",84,"1",1
101,"tycoon","GlobalLearn","38","A tycoon","Emeralds",25,"Woman",1,"17",100,"1",1
101,"tycoon","GlobalLearn","38","A tycoon","Emeralds",25,"Woman",1,"18",59,"1",1
101,"tycoon","GlobalLearn","38","A tycoon","Emeralds",25,"Woman",1,"19",66,"1",1
101,"tycoon","GlobalLearn","38","A tycoon","Emeralds",25,"Woman",1,"20",59,"1",1
101,"tycoon","GlobalLearn","38","A tycoon","Emeralds",25,"Woman",1,"21",33,"1",1
101,"tycoon","GlobalLearn","38","A tycoon","Emeralds",25,"Woman",1,"22",27,"1",1
101,"tycoon","GlobalLearn","38","A tycoon","Emeralds",25,"Woman",1,"23",0,"1",0
101,"tycoon","GlobalLearn","38","A tycoon","Emeralds",25,"Woman",1,"24",58,"1",1
101,"tycoon","GlobalLearn","38","A tycoon","Emeralds",25,"Woman",1,"25",50,"1",1
101,"tycoon","GlobalLearn","38","A tycoon","Emeralds",25,"Woman",1,"26",57,"1",1
101,"tycoon","GlobalLearn","38","A tycoon","Emeralds",25,"Woman",1,"27",47,"1",1
101,"tycoon","GlobalLearn","38","A tycoon","Emeralds",25,"Woman",1,"28",0,"1",0
101,"tycoon","GlobalLearn","38","A tycoon","Emeralds",25,"Woman",1,"29",0,"1",0
101,"tycoon","GlobalLearn","38","A tycoon","Emeralds",25,"Woman",1,"30",100,"1",1
101,"tycoon","GlobalLearn","38","A tycoon","Emeralds",25,"Woman",1,"31",89,"1",1
101,"tycoon","GlobalLearn","38","A tycoon","Emeralds",25,"Woman",1,"32",59,"1",1
101,"tycoon","GlobalLearn","38","A tycoon","Emeralds",25,"Woman",1,"33",61,"1",1
101,"tycoon","GlobalLearn","38","A tycoon","Emeralds",25,"Woman",1,"34",60,"1",1
101,"tycoon","GlobalLearn","38","A tycoon","Emeralds",25,"Woman",1,"35",95,"1",1
101,"tycoon","GlobalLearn","38","A tycoon","Emeralds",25,"Woman",1,"36",61,"1",1
101,"tycoon","GlobalLearn","38","A tycoon","Emeralds",25,"Woman",1,"37",74,"1",1
101,"tycoon","GlobalLearn","38","A tycoon","Emeralds",25,"Woman",1,"38",26,"1",1
101,"tycoon","GlobalLearn","38","A tycoon","Emeralds",25,"Woman",1,"39",55,"1",1
101,"tycoon","GlobalLearn","38","A tycoon","Emeralds",25,"Woman",1,"40",49,"1",1
101,"tycoon","GlobalLearn","38","A tycoon","Emeralds",25,"Woman",1,"41",42,"1",1
101,"tycoon","GlobalLearn","38","A tycoon","Emeralds",25,"Woman",1,"42",0,"1",0
101,"tycoon","GlobalLearn","38","A tycoon","Emeralds",25,"Woman",1,"43",56,"1",1
101,"tycoon","GlobalLearn","38","A tycoon","Emeralds",25,"Woman",1,"44",61,"1",1
101,"tycoon","GlobalLearn","38","A tycoon","Emeralds",25,"Woman",1,"45",61,"1",1
101,"tycoon","GlobalLearn","38","A tycoon","Emeralds",25,"Woman",1,"46",0,"1",0
101,"tycoon","GlobalLearn","38","A tycoon","Emeralds",25,"Woman",1,"47",58,"1",1
101,"tycoon","GlobalLearn","38","A tycoon","Emeralds",25,"Woman",1,"48",0,"1",0
101,"tycoon","GlobalLearn","38","A tycoon","Emeralds",25,"Woman",1,"49",59,"1",1
101,"tycoon","GlobalLearn","38","A tycoon","Emeralds",25,"Woman",1,"50",60,"1",1
102,"sheriff","GlobalLearn","54","A sheriff","Emeralds",23,"Woman",1,"1",65,"0",1
102,"sheriff","GlobalLearn","54","A sheriff","Emeralds",23,"Woman",1,"2",34,"0",0
102,"sheriff","GlobalLearn","54","A sheriff","Emeralds",23,"Woman",1,"3",71,"1",0
102,"sheriff","GlobalLearn","54","A sheriff","Emeralds",23,"Woman",1,"4",85,"1",0
102,"sheriff","GlobalLearn","54","A sheriff","Emeralds",23,"Woman",1,"5",100,"1",0
102,"sheriff","GlobalLearn","54","A sheriff","Emeralds",23,"Woman",1,"6",86,"0",0
102,"sheriff","GlobalLearn","54","A sheriff","Emeralds",23,"Woman",1,"7",28,"0",1
102,"sheriff","GlobalLearn","54","A sheriff","Emeralds",23,"Woman",1,"8",30,"0",1
102,"sheriff","GlobalLearn","54","A sheriff","Emeralds",23,"Woman",1,"9",19,"0",1
102,"sheriff","GlobalLearn","54","A sheriff","Emeralds",23,"Woman",1,"10",39,"0",0
102,"sheriff","GlobalLearn","54","A sheriff","Emeralds",23,"Woman",1,"11",80,"0",1
102,"sheriff","GlobalLearn","54","A sheriff","Emeralds",23,"Woman",1,"12",52,"0",0
102,"sheriff","GlobalLearn","54","A sheriff","Emeralds",23,"Woman",1,"13",28,"1",0
102,"sheriff","GlobalLearn","54","A sheriff","Emeralds",23,"Woman",1,"14",100,"1",1
102,"sheriff","GlobalLearn","54","A sheriff","Emeralds",23,"Woman",1,"15",38,"1",0
102,"sheriff","GlobalLearn","54","A sheriff","Emeralds",23,"Woman",1,"16",32,"1",0
102,"sheriff","GlobalLearn","54","A sheriff","Emeralds",23,"Woman",1,"17",79,"0",1
102,"sheriff","GlobalLearn","54","A sheriff","Emeralds",23,"Woman",1,"18",70,"0",1
102,"sheriff","GlobalLearn","54","A sheriff","Emeralds",23,"Woman",1,"19",23,"0",0
102,"sheriff","GlobalLearn","54","A sheriff","Emeralds",23,"Woman",1,"20",58,"0",0
102,"sheriff","GlobalLearn","54","A sheriff","Emeralds",23,"Woman",1,"21",72,"0",1
102,"sheriff","GlobalLearn","54","A sheriff","Emeralds",23,"Woman",1,"22",72,"0",1
102,"sheriff","GlobalLearn","54","A sheriff","Emeralds",23,"Woman",1,"23",71,"0",1
102,"sheriff","GlobalLearn","54","A sheriff","Emeralds",23,"Woman",1,"24",70,"0",1
102,"sheriff","GlobalLearn","54","A sheriff","Emeralds",23,"Woman",1,"25",68,"0",1
102,"sheriff","GlobalLearn","54","A sheriff","Emeralds",23,"Woman",1,"26",78,"0",1
102,"sheriff","GlobalLearn","54","A sheriff","Emeralds",23,"Woman",1,"27",87,"0",1
102,"sheriff","GlobalLearn","54","A sheriff","Emeralds",23,"Woman",1,"28",96,"0",1
102,"sheriff","GlobalLearn","54","A sheriff","Emeralds",23,"Woman",1,"29",50,"0",0
102,"sheriff","GlobalLearn","54","A sheriff","Emeralds",23,"Woman",1,"30",93,"0",1
102,"sheriff","GlobalLearn","54","A sheriff","Emeralds",23,"Woman",1,"31",100,"0",1
102,"sheriff","GlobalLearn","54","A sheriff","Emeralds",23,"Woman",1,"32",99,"0",1
102,"sheriff","GlobalLearn","54","A sheriff","Emeralds",23,"Woman",1,"33",35,"0",0
102,"sheriff","GlobalLearn","54","A sheriff","Emeralds",23,"Woman",1,"34",21,"0",0
102,"sheriff","GlobalLearn","54","A sheriff","Emeralds",23,"Woman",1,"35",70,"0",1
102,"sheriff","GlobalLearn","54","A sheriff","Emeralds",23,"Woman",1,"36",82,"0",1
102,"sheriff","GlobalLearn","54","A sheriff","Emeralds",23,"Woman",1,"37",31,"0",0
102,"sheriff","GlobalLearn","54","A sheriff","Emeralds",23,"Woman",1,"38",82,"0",1
102,"sheriff","GlobalLearn","54","A sheriff","Emeralds",23,"Woman",1,"39",84,"0",1
102,"sheriff","GlobalLearn","54","A sheriff","Emeralds",23,"Woman",1,"40",36,"0",0
102,"sheriff","GlobalLearn","54","A sheriff","Emeralds",23,"Woman",1,"41",79,"0",1
102,"sheriff","GlobalLearn","54","A sheriff","Emeralds",23,"Woman",1,"42",94,"0",1
102,"sheriff","GlobalLearn","54","A sheriff","Emeralds",23,"Woman",1,"43",38,"0",0
102,"sheriff","GlobalLearn","54","A sheriff","Emeralds",23,"Woman",1,"44",76,"0",1
102,"sheriff","GlobalLearn","54","A sheriff","Emeralds",23,"Woman",1,"45",74,"0",1
102,"sheriff","GlobalLearn","54","A sheriff","Emeralds",23,"Woman",1,"46",35,"0",0
102,"sheriff","GlobalLearn","54","A sheriff","Emeralds",23,"Woman",1,"47",84,"0",1
102,"sheriff","GlobalLearn","54","A sheriff","Emeralds",23,"Woman",1,"48",88,"0",0
102,"sheriff","GlobalLearn","54","A sheriff","Emeralds",23,"Woman",1,"49",82,"0",1
102,"sheriff","GlobalLearn","54","A sheriff","Emeralds",23,"Woman",1,"50",86,"0",1
103,"sheriff","GlobalLearn","37","A sheriff","Emeralds",26,"Woman",1,"1",20,"0",0
103,"sheriff","GlobalLearn","37","A sheriff","Emeralds",26,"Woman",1,"2",62,"1",0
103,"sheriff","GlobalLearn","37","A sheriff","Emeralds",26,"Woman",1,"3",50,"1",0
103,"sheriff","GlobalLearn","37","A sheriff","Emeralds",26,"Woman",1,"4",30,"0",1
103,"sheriff","GlobalLearn","37","A sheriff","Emeralds",26,"Woman",1,"5",28,"0",1
103,"sheriff","GlobalLearn","37","A sheriff","Emeralds",26,"Woman",1,"6",76,"0",1
103,"sheriff","GlobalLearn","37","A sheriff","Emeralds",26,"Woman",1,"7",72,"0",0
103,"sheriff","GlobalLearn","37","A sheriff","Emeralds",26,"Woman",1,"8",79,"0",0
103,"sheriff","GlobalLearn","37","A sheriff","Emeralds",26,"Woman",1,"9",78,"0",1
103,"sheriff","GlobalLearn","37","A sheriff","Emeralds",26,"Woman",1,"10",78,"0",0
103,"sheriff","GlobalLearn","37","A sheriff","Emeralds",26,"Woman",1,"11",78,"0",1
103,"sheriff","GlobalLearn","37","A sheriff","Emeralds",26,"Woman",1,"12",77,"0",0
103,"sheriff","GlobalLearn","37","A sheriff","Emeralds",26,"Woman",1,"13",75,"0",1
103,"sheriff","GlobalLearn","37","A sheriff","Emeralds",26,"Woman",1,"14",77,"0",1
103,"sheriff","GlobalLearn","37","A sheriff","Emeralds",26,"Woman",1,"15",76,"0",0
103,"sheriff","GlobalLearn","37","A sheriff","Emeralds",26,"Woman",1,"16",80,"0",1
103,"sheriff","GlobalLearn","37","A sheriff","Emeralds",26,"Woman",1,"17",80,"0",1
103,"sheriff","GlobalLearn","37","A sheriff","Emeralds",26,"Woman",1,"18",82,"0",0
103,"sheriff","GlobalLearn","37","A sheriff","Emeralds",26,"Woman",1,"19",84,"0",1
103,"sheriff","GlobalLearn","37","A sheriff","Emeralds",26,"Woman",1,"20",77,"0",1
103,"sheriff","GlobalLearn","37","A sheriff","Emeralds",26,"Woman",1,"21",80,"0",0
103,"sheriff","GlobalLearn","37","A sheriff","Emeralds",26,"Woman",1,"22",81,"0",1
103,"sheriff","GlobalLearn","37","A sheriff","Emeralds",26,"Woman",1,"23",83,"0",1
103,"sheriff","GlobalLearn","37","A sheriff","Emeralds",26,"Woman",1,"24",84,"0",1
103,"sheriff","GlobalLearn","37","A sheriff","Emeralds",26,"Woman",1,"25",83,"0",0
103,"sheriff","GlobalLearn","37","A sheriff","Emeralds",26,"Woman",1,"26",84,"0",0
103,"sheriff","GlobalLearn","37","A sheriff","Emeralds",26,"Woman",1,"27",89,"0",1
103,"sheriff","GlobalLearn","37","A sheriff","Emeralds",26,"Woman",1,"28",89,"0",1
103,"sheriff","GlobalLearn","37","A sheriff","Emeralds",26,"Woman",1,"29",81,"0",1
103,"sheriff","GlobalLearn","37","A sheriff","Emeralds",26,"Woman",1,"30",81,"0",1
103,"sheriff","GlobalLearn","37","A sheriff","Emeralds",26,"Woman",1,"31",84,"1",0
103,"sheriff","GlobalLearn","37","A sheriff","Emeralds",26,"Woman",1,"32",82,"0",0
103,"sheriff","GlobalLearn","37","A sheriff","Emeralds",26,"Woman",1,"33",78,"0",1
103,"sheriff","GlobalLearn","37","A sheriff","Emeralds",26,"Woman",1,"34",81,"0",0
103,"sheriff","GlobalLearn","37","A sheriff","Emeralds",26,"Woman",1,"35",80,"0",1
103,"sheriff","GlobalLearn","37","A sheriff","Emeralds",26,"Woman",1,"36",84,"0",1
103,"sheriff","GlobalLearn","37","A sheriff","Emeralds",26,"Woman",1,"37",78,"0",1
103,"sheriff","GlobalLearn","37","A sheriff","Emeralds",26,"Woman",1,"38",82,"0",0
103,"sheriff","GlobalLearn","37","A sheriff","Emeralds",26,"Woman",1,"39",80,"0",0
103,"sheriff","GlobalLearn","37","A sheriff","Emeralds",26,"Woman",1,"40",80,"0",0
103,"sheriff","GlobalLearn","37","A sheriff","Emeralds",26,"Woman",1,"41",79,"0",0
103,"sheriff","GlobalLearn","37","A sheriff","Emeralds",26,"Woman",1,"42",79,"0",1
103,"sheriff","GlobalLearn","37","A sheriff","Emeralds",26,"Woman",1,"43",78,"0",0
103,"sheriff","GlobalLearn","37","A sheriff","Emeralds",26,"Woman",1,"44",78,"0",0
103,"sheriff","GlobalLearn","37","A sheriff","Emeralds",26,"Woman",1,"45",79,"0",0
103,"sheriff","GlobalLearn","37","A sheriff","Emeralds",26,"Woman",1,"46",82,"0",1
103,"sheriff","GlobalLearn","37","A sheriff","Emeralds",26,"Woman",1,"47",78,"0",1
103,"sheriff","GlobalLearn","37","A sheriff","Emeralds",26,"Woman",1,"48",78,"0",0
103,"sheriff","GlobalLearn","37","A sheriff","Emeralds",26,"Woman",1,"49",78,"0",0
103,"sheriff","GlobalLearn","37","A sheriff","Emeralds",26,"Woman",1,"50",82,"0",0
104,"sheriff","GlobalLearn","48","A sheriff","Emeralds",23,"Man",1,"1",50,"0",1
104,"sheriff","GlobalLearn","48","A sheriff","Emeralds",23,"Man",1,"2",50,"0",1
104,"sheriff","GlobalLearn","48","A sheriff","Emeralds",23,"Man",1,"3",49,"0",1
104,"sheriff","GlobalLearn","48","A sheriff","Emeralds",23,"Man",1,"4",51,"0",1
104,"sheriff","GlobalLearn","48","A sheriff","Emeralds",23,"Man",1,"5",100,"0",0
104,"sheriff","GlobalLearn","48","A sheriff","Emeralds",23,"Man",1,"6",100,"0",0
104,"sheriff","GlobalLearn","48","A sheriff","Emeralds",23,"Man",1,"7",43,"1",0
104,"sheriff","GlobalLearn","48","A sheriff","Emeralds",23,"Man",1,"8",100,"0",0
104,"sheriff","GlobalLearn","48","A sheriff","Emeralds",23,"Man",1,"9",47,"0",1
104,"sheriff","GlobalLearn","48","A sheriff","Emeralds",23,"Man",1,"10",100,"0",0
104,"sheriff","GlobalLearn","48","A sheriff","Emeralds",23,"Man",1,"11",45,"1",0
104,"sheriff","GlobalLearn","48","A sheriff","Emeralds",23,"Man",1,"12",48,"0",1
104,"sheriff","GlobalLearn","48","A sheriff","Emeralds",23,"Man",1,"13",100,"0",0
104,"sheriff","GlobalLearn","48","A sheriff","Emeralds",23,"Man",1,"14",100,"0",0
104,"sheriff","GlobalLearn","48","A sheriff","Emeralds",23,"Man",1,"15",84,"1",1
104,"sheriff","GlobalLearn","48","A sheriff","Emeralds",23,"Man",1,"16",45,"1",0
104,"sheriff","GlobalLearn","48","A sheriff","Emeralds",23,"Man",1,"17",46,"0",1
104,"sheriff","GlobalLearn","48","A sheriff","Emeralds",23,"Man",1,"18",100,"0",0
104,"sheriff","GlobalLearn","48","A sheriff","Emeralds",23,"Man",1,"19",49,"1",0
104,"sheriff","GlobalLearn","48","A sheriff","Emeralds",23,"Man",1,"20",100,"0",0
104,"sheriff","GlobalLearn","48","A sheriff","Emeralds",23,"Man",1,"21",46,"1",0
104,"sheriff","GlobalLearn","48","A sheriff","Emeralds",23,"Man",1,"22",48,"1",0
104,"sheriff","GlobalLearn","48","A sheriff","Emeralds",23,"Man",1,"23",48,"0",1
104,"sheriff","GlobalLearn","48","A sheriff","Emeralds",23,"Man",1,"24",47,"0",1
104,"sheriff","GlobalLearn","48","A sheriff","Emeralds",23,"Man",1,"25",100,"0",0
104,"sheriff","GlobalLearn","48","A sheriff","Emeralds",23,"Man",1,"26",90,"1",1
104,"sheriff","GlobalLearn","48","A sheriff","Emeralds",23,"Man",1,"27",47,"0",1
104,"sheriff","GlobalLearn","48","A sheriff","Emeralds",23,"Man",1,"28",48,"0",1
104,"sheriff","GlobalLearn","48","A sheriff","Emeralds",23,"Man",1,"29",47,"0",1
104,"sheriff","GlobalLearn","48","A sheriff","Emeralds",23,"Man",1,"30",47,"0",1
104,"sheriff","GlobalLearn","48","A sheriff","Emeralds",23,"Man",1,"31",48,"0",1
104,"sheriff","GlobalLearn","48","A sheriff","Emeralds",23,"Man",1,"32",47,"0",1
104,"sheriff","GlobalLearn","48","A sheriff","Emeralds",23,"Man",1,"33",100,"0",0
104,"sheriff","GlobalLearn","48","A sheriff","Emeralds",23,"Man",1,"34",47,"1",0
104,"sheriff","GlobalLearn","48","A sheriff","Emeralds",23,"Man",1,"35",47,"0",1
104,"sheriff","GlobalLearn","48","A sheriff","Emeralds",23,"Man",1,"36",47,"0",1
104,"sheriff","GlobalLearn","48","A sheriff","Emeralds",23,"Man",1,"37",47,"0",0
104,"sheriff","GlobalLearn","48","A sheriff","Emeralds",23,"Man",1,"38",100,"0",0
104,"sheriff","GlobalLearn","48","A sheriff","Emeralds",23,"Man",1,"39",48,"0",1
104,"sheriff","GlobalLearn","48","A sheriff","Emeralds",23,"Man",1,"40",46,"0",1
104,"sheriff","GlobalLearn","48","A sheriff","Emeralds",23,"Man",1,"41",100,"0",0
104,"sheriff","GlobalLearn","48","A sheriff","Emeralds",23,"Man",1,"42",47,"0",1
104,"sheriff","GlobalLearn","48","A sheriff","Emeralds",23,"Man",1,"43",100,"0",0
104,"sheriff","GlobalLearn","48","A sheriff","Emeralds",23,"Man",1,"44",46,"0",1
104,"sheriff","GlobalLearn","48","A sheriff","Emeralds",23,"Man",1,"45",100,"0",0
104,"sheriff","GlobalLearn","48","A sheriff","Emeralds",23,"Man",1,"46",47,"0",1
104,"sheriff","GlobalLearn","48","A sheriff","Emeralds",23,"Man",1,"47",48,"0",1
104,"sheriff","GlobalLearn","48","A sheriff","Emeralds",23,"Man",1,"48",46,"0",1
104,"sheriff","GlobalLearn","48","A sheriff","Emeralds",23,"Man",1,"49",47,"0",1
104,"sheriff","GlobalLearn","48","A sheriff","Emeralds",23,"Man",1,"50",47,"0",1
105,"sheriff","GlobalLearn","46","A sheriff","Emeralds",61,"Woman",1,"1",65,"0",0
105,"sheriff","GlobalLearn","46","A sheriff","Emeralds",61,"Woman",1,"2",36,"0",0
105,"sheriff","GlobalLearn","46","A sheriff","Emeralds",61,"Woman",1,"3",100,"0",1
105,"sheriff","GlobalLearn","46","A sheriff","Emeralds",61,"Woman",1,"4",100,"0",1
105,"sheriff","GlobalLearn","46","A sheriff","Emeralds",61,"Woman",1,"5",100,"0",1
105,"sheriff","GlobalLearn","46","A sheriff","Emeralds",61,"Woman",1,"6",100,"0",1
105,"sheriff","GlobalLearn","46","A sheriff","Emeralds",61,"Woman",1,"7",74,"0",1
105,"sheriff","GlobalLearn","46","A sheriff","Emeralds",61,"Woman",1,"8",69,"0",1
105,"sheriff","GlobalLearn","46","A sheriff","Emeralds",61,"Woman",1,"9",68,"0",1
105,"sheriff","GlobalLearn","46","A sheriff","Emeralds",61,"Woman",1,"10",100,"0",0
105,"sheriff","GlobalLearn","46","A sheriff","Emeralds",61,"Woman",1,"11",0,"1",0
105,"sheriff","GlobalLearn","46","A sheriff","Emeralds",61,"Woman",1,"12",0,"1",0
105,"sheriff","GlobalLearn","46","A sheriff","Emeralds",61,"Woman",1,"13",99,"1",1
105,"sheriff","GlobalLearn","46","A sheriff","Emeralds",61,"Woman",1,"14",2,"1",0
105,"sheriff","GlobalLearn","46","A sheriff","Emeralds",61,"Woman",1,"15",0,"1",0
105,"sheriff","GlobalLearn","46","A sheriff","Emeralds",61,"Woman",1,"16",16,"1",0
105,"sheriff","GlobalLearn","46","A sheriff","Emeralds",61,"Woman",1,"17",0,"0",0
105,"sheriff","GlobalLearn","46","A sheriff","Emeralds",61,"Woman",1,"18",0,"0",0
105,"sheriff","GlobalLearn","46","A sheriff","Emeralds",61,"Woman",1,"19",0,"0",0
105,"sheriff","GlobalLearn","46","A sheriff","Emeralds",61,"Woman",1,"20",100,"0",1
105,"sheriff","GlobalLearn","46","A sheriff","Emeralds",61,"Woman",1,"21",98,"0",1
105,"sheriff","GlobalLearn","46","A sheriff","Emeralds",61,"Woman",1,"22",0,"0",0
105,"sheriff","GlobalLearn","46","A sheriff","Emeralds",61,"Woman",1,"23",100,"0",1
105,"sheriff","GlobalLearn","46","A sheriff","Emeralds",61,"Woman",1,"24",99,"0",1
105,"sheriff","GlobalLearn","46","A sheriff","Emeralds",61,"Woman",1,"25",99,"0",1
105,"sheriff","GlobalLearn","46","A sheriff","Emeralds",61,"Woman",1,"26",0,"0",0
105,"sheriff","GlobalLearn","46","A sheriff","Emeralds",61,"Woman",1,"27",0,"0",0
105,"sheriff","GlobalLearn","46","A sheriff","Emeralds",61,"Woman",1,"28",100,"0",1
105,"sheriff","GlobalLearn","46","A sheriff","Emeralds",61,"Woman",1,"29",2,"0",0
105,"sheriff","GlobalLearn","46","A sheriff","Emeralds",61,"Woman",1,"30",100,"0",1
105,"sheriff","GlobalLearn","46","A sheriff","Emeralds",61,"Woman",1,"31",99,"0",1
105,"sheriff","GlobalLearn","46","A sheriff","Emeralds",61,"Woman",1,"32",0,"0",0
105,"sheriff","GlobalLearn","46","A sheriff","Emeralds",61,"Woman",1,"33",100,"0",1
105,"sheriff","GlobalLearn","46","A sheriff","Emeralds",61,"Woman",1,"34",100,"0",1
105,"sheriff","GlobalLearn","46","A sheriff","Emeralds",61,"Woman",1,"35",0,"0",0
105,"sheriff","GlobalLearn","46","A sheriff","Emeralds",61,"Woman",1,"36",99,"0",1
105,"sheriff","GlobalLearn","46","A sheriff","Emeralds",61,"Woman",1,"37",100,"0",1
105,"sheriff","GlobalLearn","46","A sheriff","Emeralds",61,"Woman",1,"38",0,"0",0
105,"sheriff","GlobalLearn","46","A sheriff","Emeralds",61,"Woman",1,"39",0,"0",0
105,"sheriff","GlobalLearn","46","A sheriff","Emeralds",61,"Woman",1,"40",0,"1",0
105,"sheriff","GlobalLearn","46","A sheriff","Emeralds",61,"Woman",1,"41",0,"1",0
105,"sheriff","GlobalLearn","46","A sheriff","Emeralds",61,"Woman",1,"42",0,"1",0
105,"sheriff","GlobalLearn","46","A sheriff","Emeralds",61,"Woman",1,"43",0,"1",0
105,"sheriff","GlobalLearn","46","A sheriff","Emeralds",61,"Woman",1,"44",0,"1",0
105,"sheriff","GlobalLearn","46","A sheriff","Emeralds",61,"Woman",1,"45",5,"1",0
105,"sheriff","GlobalLearn","46","A sheriff","Emeralds",61,"Woman",1,"46",81,"0",1
105,"sheriff","GlobalLearn","46","A sheriff","Emeralds",61,"Woman",1,"47",74,"0",1
105,"sheriff","GlobalLearn","46","A sheriff","Emeralds",61,"Woman",1,"48",16,"0",0
105,"sheriff","GlobalLearn","46","A sheriff","Emeralds",61,"Woman",1,"49",82,"0",1
105,"sheriff","GlobalLearn","46","A sheriff","Emeralds",61,"Woman",1,"50",80,"0",1
106,"sheriff","GlobalLearn","47","A sheriff","Emeralds",66,"Man",1,"1",100,"1",1
106,"sheriff","GlobalLearn","47","A sheriff","Emeralds",66,"Man",1,"2",98,"1",0
106,"sheriff","GlobalLearn","47","A sheriff","Emeralds",66,"Man",1,"3",100,"1",0
106,"sheriff","GlobalLearn","47","A sheriff","Emeralds",66,"Man",1,"4",100,"1",0
106,"sheriff","GlobalLearn","47","A sheriff","Emeralds",66,"Man",1,"5",100,"1",0
106,"sheriff","GlobalLearn","47","A sheriff","Emeralds",66,"Man",1,"6",100,"0",0
106,"sheriff","GlobalLearn","47","A sheriff","Emeralds",66,"Man",1,"7",100,"0",0
106,"sheriff","GlobalLearn","47","A sheriff","Emeralds",66,"Man",1,"8",0,"0",0
106,"sheriff","GlobalLearn","47","A sheriff","Emeralds",66,"Man",1,"9",100,"0",1
106,"sheriff","GlobalLearn","47","A sheriff","Emeralds",66,"Man",1,"10",0,"0",0
106,"sheriff","GlobalLearn","47","A sheriff","Emeralds",66,"Man",1,"11",100,"0",1
106,"sheriff","GlobalLearn","47","A sheriff","Emeralds",66,"Man",1,"12",0,"0",0
106,"sheriff","GlobalLearn","47","A sheriff","Emeralds",66,"Man",1,"13",100,"1",1
106,"sheriff","GlobalLearn","47","A sheriff","Emeralds",66,"Man",1,"14",0,"1",0
106,"sheriff","GlobalLearn","47","A sheriff","Emeralds",66,"Man",1,"15",96,"1",1
106,"sheriff","GlobalLearn","47","A sheriff","Emeralds",66,"Man",1,"16",100,"1",1
106,"sheriff","GlobalLearn","47","A sheriff","Emeralds",66,"Man",1,"17",100,"1",1
106,"sheriff","GlobalLearn","47","A sheriff","Emeralds",66,"Man",1,"18",100,"1",1
106,"sheriff","GlobalLearn","47","A sheriff","Emeralds",66,"Man",1,"19",100,"1",1
106,"sheriff","GlobalLearn","47","A sheriff","Emeralds",66,"Man",1,"20",100,"1",1
106,"sheriff","GlobalLearn","47","A sheriff","Emeralds",66,"Man",1,"21",100,"1",1
106,"sheriff","GlobalLearn","47","A sheriff","Emeralds",66,"Man",1,"22",100,"1",1
106,"sheriff","GlobalLearn","47","A sheriff","Emeralds",66,"Man",1,"23",0,"1",0
106,"sheriff","GlobalLearn","47","A sheriff","Emeralds",66,"Man",1,"24",100,"1",1
106,"sheriff","GlobalLearn","47","A sheriff","Emeralds",66,"Man",1,"25",100,"1",1
106,"sheriff","GlobalLearn","47","A sheriff","Emeralds",66,"Man",1,"26",100,"1",1
106,"sheriff","GlobalLearn","47","A sheriff","Emeralds",66,"Man",1,"27",100,"1",1
106,"sheriff","GlobalLearn","47","A sheriff","Emeralds",66,"Man",1,"28",0,"1",0
106,"sheriff","GlobalLearn","47","A sheriff","Emeralds",66,"Man",1,"29",100,"1",1
106,"sheriff","GlobalLearn","47","A sheriff","Emeralds",66,"Man",1,"30",100,"1",1
106,"sheriff","GlobalLearn","47","A sheriff","Emeralds",66,"Man",1,"31",0,"1",0
106,"sheriff","GlobalLearn","47","A sheriff","Emeralds",66,"Man",1,"32",100,"1",1
106,"sheriff","GlobalLearn","47","A sheriff","Emeralds",66,"Man",1,"33",99,"1",1
106,"sheriff","GlobalLearn","47","A sheriff","Emeralds",66,"Man",1,"34",100,"1",1
106,"sheriff","GlobalLearn","47","A sheriff","Emeralds",66,"Man",1,"35",0,"1",0
106,"sheriff","GlobalLearn","47","A sheriff","Emeralds",66,"Man",1,"36",99,"1",1
106,"sheriff","GlobalLearn","47","A sheriff","Emeralds",66,"Man",1,"37",100,"1",1
106,"sheriff","GlobalLearn","47","A sheriff","Emeralds",66,"Man",1,"38",100,"1",1
106,"sheriff","GlobalLearn","47","A sheriff","Emeralds",66,"Man",1,"39",98,"1",1
106,"sheriff","GlobalLearn","47","A sheriff","Emeralds",66,"Man",1,"40",100,"1",1
106,"sheriff","GlobalLearn","47","A sheriff","Emeralds",66,"Man",1,"41",0,"1",0
106,"sheriff","GlobalLearn","47","A sheriff","Emeralds",66,"Man",1,"42",100,"1",1
106,"sheriff","GlobalLearn","47","A sheriff","Emeralds",66,"Man",1,"43",0,"1",0
106,"sheriff","GlobalLearn","47","A sheriff","Emeralds",66,"Man",1,"44",100,"1",1
106,"sheriff","GlobalLearn","47","A sheriff","Emeralds",66,"Man",1,"45",98,"1",1
106,"sheriff","GlobalLearn","47","A sheriff","Emeralds",66,"Man",1,"46",95,"1",1
106,"sheriff","GlobalLearn","47","A sheriff","Emeralds",66,"Man",1,"47",100,"1",1
106,"sheriff","GlobalLearn","47","A sheriff","Emeralds",66,"Man",1,"48",100,"1",1
106,"sheriff","GlobalLearn","47","A sheriff","Emeralds",66,"Man",1,"49",100,"1",1
106,"sheriff","GlobalLearn","47","A sheriff","Emeralds",66,"Man",1,"50",100,"1",1
107,"tycoon","GlobalLearn","5","A tycoon","Emeralds",23,"Woman",1,"1",100,"1",1
107,"tycoon","GlobalLearn","5","A tycoon","Emeralds",23,"Woman",1,"2",100,"1",1
107,"tycoon","GlobalLearn","5","A tycoon","Emeralds",23,"Woman",1,"3",100,"1",1
107,"tycoon","GlobalLearn","5","A tycoon","Emeralds",23,"Woman",1,"4",100,"1",1
107,"tycoon","GlobalLearn","5","A tycoon","Emeralds",23,"Woman",1,"5",100,"1",1
107,"tycoon","GlobalLearn","5","A tycoon","Emeralds",23,"Woman",1,"6",100,"1",1
107,"tycoon","GlobalLearn","5","A tycoon","Emeralds",23,"Woman",1,"7",100,"1",1
107,"tycoon","GlobalLearn","5","A tycoon","Emeralds",23,"Woman",1,"8",77,"1",1
107,"tycoon","GlobalLearn","5","A tycoon","Emeralds",23,"Woman",1,"9",0,"1",0
107,"tycoon","GlobalLearn","5","A tycoon","Emeralds",23,"Woman",1,"10",0,"1",0
107,"tycoon","GlobalLearn","5","A tycoon","Emeralds",23,"Woman",1,"11",0,"1",0
107,"tycoon","GlobalLearn","5","A tycoon","Emeralds",23,"Woman",1,"12",0,"0",0
107,"tycoon","GlobalLearn","5","A tycoon","Emeralds",23,"Woman",1,"13",0,"0",0
107,"tycoon","GlobalLearn","5","A tycoon","Emeralds",23,"Woman",1,"14",100,"1",1
107,"tycoon","GlobalLearn","5","A tycoon","Emeralds",23,"Woman",1,"15",100,"1",1
107,"tycoon","GlobalLearn","5","A tycoon","Emeralds",23,"Woman",1,"16",98,"1",1
107,"tycoon","GlobalLearn","5","A tycoon","Emeralds",23,"Woman",1,"17",97,"1",1
107,"tycoon","GlobalLearn","5","A tycoon","Emeralds",23,"Woman",1,"18",79,"1",1
107,"tycoon","GlobalLearn","5","A tycoon","Emeralds",23,"Woman",1,"19",79,"1",1
107,"tycoon","GlobalLearn","5","A tycoon","Emeralds",23,"Woman",1,"20",75,"1",1
107,"tycoon","GlobalLearn","5","A tycoon","Emeralds",23,"Woman",1,"21",0,"1",0
107,"tycoon","GlobalLearn","5","A tycoon","Emeralds",23,"Woman",1,"22",100,"0",1
107,"tycoon","GlobalLearn","5","A tycoon","Emeralds",23,"Woman",1,"23",0,"0",0
107,"tycoon","GlobalLearn","5","A tycoon","Emeralds",23,"Woman",1,"24",74,"0",1
107,"tycoon","GlobalLearn","5","A tycoon","Emeralds",23,"Woman",1,"25",73,"0",1
107,"tycoon","GlobalLearn","5","A tycoon","Emeralds",23,"Woman",1,"26",0,"0",0
107,"tycoon","GlobalLearn","5","A tycoon","Emeralds",23,"Woman",1,"27",0,"0",0
107,"tycoon","GlobalLearn","5","A tycoon","Emeralds",23,"Woman",1,"28",87,"1",1
107,"tycoon","GlobalLearn","5","A tycoon","Emeralds",23,"Woman",1,"29",85,"1",1
107,"tycoon","GlobalLearn","5","A tycoon","Emeralds",23,"Woman",1,"30",0,"1",0
107,"tycoon","GlobalLearn","5","A tycoon","Emeralds",23,"Woman",1,"31",80,"1",1
107,"tycoon","GlobalLearn","5","A tycoon","Emeralds",23,"Woman",1,"32",74,"1",1
107,"tycoon","GlobalLearn","5","A tycoon","Emeralds",23,"Woman",1,"33",75,"1",1
107,"tycoon","GlobalLearn","5","A tycoon","Emeralds",23,"Woman",1,"34",0,"1",0
107,"tycoon","GlobalLearn","5","A tycoon","Emeralds",23,"Woman",1,"35",96,"0",1
107,"tycoon","GlobalLearn","5","A tycoon","Emeralds",23,"Woman",1,"36",94,"0",1
107,"tycoon","GlobalLearn","5","A tycoon","Emeralds",23,"Woman",1,"37",0,"0",0
107,"tycoon","GlobalLearn","5","A tycoon","Emeralds",23,"Woman",1,"38",85,"0",1
107,"tycoon","GlobalLearn","5","A tycoon","Emeralds",23,"Woman",1,"39",0,"0",0
107,"tycoon","GlobalLearn","5","A tycoon","Emeralds",23,"Woman",1,"40",3,"1",0
107,"tycoon","GlobalLearn","5","A tycoon","Emeralds",23,"Woman",1,"41",94,"1",1
107,"tycoon","GlobalLearn","5","A tycoon","Emeralds",23,"Woman",1,"42",84,"1",1
107,"tycoon","GlobalLearn","5","A tycoon","Emeralds",23,"Woman",1,"43",68,"1",1
107,"tycoon","GlobalLearn","5","A tycoon","Emeralds",23,"Woman",1,"44",50,"1",1
107,"tycoon","GlobalLearn","5","A tycoon","Emeralds",23,"Woman",1,"45",50,"1",1
107,"tycoon","GlobalLearn","5","A tycoon","Emeralds",23,"Woman",1,"46",0,"1",0
107,"tycoon","GlobalLearn","5","A tycoon","Emeralds",23,"Woman",1,"47",41,"1",1
107,"tycoon","GlobalLearn","5","A tycoon","Emeralds",23,"Woman",1,"48",50,"1",1
107,"tycoon","GlobalLearn","5","A tycoon","Emeralds",23,"Woman",1,"49",50,"1",1
107,"tycoon","GlobalLearn","5","A tycoon","Emeralds",23,"Woman",1,"50",50,"1",1
108,"bandit","GlobalLearn","43","A bandit","Emeralds",30,"Woman",1,"1",63,"1",0
108,"bandit","GlobalLearn","43","A bandit","Emeralds",30,"Woman",1,"2",65,"1",0
108,"bandit","GlobalLearn","43","A bandit","Emeralds",30,"Woman",1,"3",75,"1",0
108,"bandit","GlobalLearn","43","A bandit","Emeralds",30,"Woman",1,"4",79,"0",0
108,"bandit","GlobalLearn","43","A bandit","Emeralds",30,"Woman",1,"5",34,"1",1
108,"bandit","GlobalLearn","43","A bandit","Emeralds",30,"Woman",1,"6",31,"1",1
108,"bandit","GlobalLearn","43","A bandit","Emeralds",30,"Woman",1,"7",73,"1",0
108,"bandit","GlobalLearn","43","A bandit","Emeralds",30,"Woman",1,"8",32,"0",1
108,"bandit","GlobalLearn","43","A bandit","Emeralds",30,"Woman",1,"9",75,"0",0
108,"bandit","GlobalLearn","43","A bandit","Emeralds",30,"Woman",1,"10",23,"1",1
108,"bandit","GlobalLearn","43","A bandit","Emeralds",30,"Woman",1,"11",77,"0",0
108,"bandit","GlobalLearn","43","A bandit","Emeralds",30,"Woman",1,"12",72,"1",0
108,"bandit","GlobalLearn","43","A bandit","Emeralds",30,"Woman",1,"13",27,"0",1
108,"bandit","GlobalLearn","43","A bandit","Emeralds",30,"Woman",1,"14",78,"1",0
108,"bandit","GlobalLearn","43","A bandit","Emeralds",30,"Woman",1,"15",24,"0",1
108,"bandit","GlobalLearn","43","A bandit","Emeralds",30,"Woman",1,"16",78,"0",0
108,"bandit","GlobalLearn","43","A bandit","Emeralds",30,"Woman",1,"17",18,"1",1
108,"bandit","GlobalLearn","43","A bandit","Emeralds",30,"Woman",1,"18",37,"1",1
108,"bandit","GlobalLearn","43","A bandit","Emeralds",30,"Woman",1,"19",78,"0",0
108,"bandit","GlobalLearn","43","A bandit","Emeralds",30,"Woman",1,"20",22,"1",1
108,"bandit","GlobalLearn","43","A bandit","Emeralds",30,"Woman",1,"21",77,"1",0
108,"bandit","GlobalLearn","43","A bandit","Emeralds",30,"Woman",1,"22",31,"0",1
108,"bandit","GlobalLearn","43","A bandit","Emeralds",30,"Woman",1,"23",79,"1",0
108,"bandit","GlobalLearn","43","A bandit","Emeralds",30,"Woman",1,"24",16,"0",1
108,"bandit","GlobalLearn","43","A bandit","Emeralds",30,"Woman",1,"25",81,"0",0
108,"bandit","GlobalLearn","43","A bandit","Emeralds",30,"Woman",1,"26",21,"1",1
108,"bandit","GlobalLearn","43","A bandit","Emeralds",30,"Woman",1,"27",85,"0",0
108,"bandit","GlobalLearn","43","A bandit","Emeralds",30,"Woman",1,"28",74,"0",0
108,"bandit","GlobalLearn","43","A bandit","Emeralds",30,"Woman",1,"29",23,"1",1
108,"bandit","GlobalLearn","43","A bandit","Emeralds",30,"Woman",1,"30",26,"1",1
108,"bandit","GlobalLearn","43","A bandit","Emeralds",30,"Woman",1,"31",74,"0",0
108,"bandit","GlobalLearn","43","A bandit","Emeralds",30,"Woman",1,"32",72,"1",0
108,"bandit","GlobalLearn","43","A bandit","Emeralds",30,"Woman",1,"33",79,"1",0
108,"bandit","GlobalLearn","43","A bandit","Emeralds",30,"Woman",1,"34",21,"1",1
108,"bandit","GlobalLearn","43","A bandit","Emeralds",30,"Woman",1,"35",73,"0",0
108,"bandit","GlobalLearn","43","A bandit","Emeralds",30,"Woman",1,"36",78,"0",0
108,"bandit","GlobalLearn","43","A bandit","Emeralds",30,"Woman",1,"37",81,"0",0
108,"bandit","GlobalLearn","43","A bandit","Emeralds",30,"Woman",1,"38",75,"0",0
108,"bandit","GlobalLearn","43","A bandit","Emeralds",30,"Woman",1,"39",76,"1",0
108,"bandit","GlobalLearn","43","A bandit","Emeralds",30,"Woman",1,"40",83,"1",0
108,"bandit","GlobalLearn","43","A bandit","Emeralds",30,"Woman",1,"41",78,"0",0
108,"bandit","GlobalLearn","43","A bandit","Emeralds",30,"Woman",1,"42",21,"1",1
108,"bandit","GlobalLearn","43","A bandit","Emeralds",30,"Woman",1,"43",26,"1",1
108,"bandit","GlobalLearn","43","A bandit","Emeralds",30,"Woman",1,"44",78,"1",0
108,"bandit","GlobalLearn","43","A bandit","Emeralds",30,"Woman",1,"45",70,"1",0
108,"bandit","GlobalLearn","43","A bandit","Emeralds",30,"Woman",1,"46",73,"1",0
108,"bandit","GlobalLearn","43","A bandit","Emeralds",30,"Woman",1,"47",80,"1",0
108,"bandit","GlobalLearn","43","A bandit","Emeralds",30,"Woman",1,"48",30,"1",1
108,"bandit","GlobalLearn","43","A bandit","Emeralds",30,"Woman",1,"49",72,"1",0
108,"bandit","GlobalLearn","43","A bandit","Emeralds",30,"Woman",1,"50",66,"1",0
109,"bandit","GlobalLearn","63","A bandit","Emeralds",45,"Woman",1,"1",80,"0",1
109,"bandit","GlobalLearn","63","A bandit","Emeralds",45,"Woman",1,"2",16,"0",0
109,"bandit","GlobalLearn","63","A bandit","Emeralds",45,"Woman",1,"3",100,"0",1
109,"bandit","GlobalLearn","63","A bandit","Emeralds",45,"Woman",1,"4",16,"0",0
109,"bandit","GlobalLearn","63","A bandit","Emeralds",45,"Woman",1,"5",12,"0",0
109,"bandit","GlobalLearn","63","A bandit","Emeralds",45,"Woman",1,"6",11,"0",0
109,"bandit","GlobalLearn","63","A bandit","Emeralds",45,"Woman",1,"7",0,"1",0
109,"bandit","GlobalLearn","63","A bandit","Emeralds",45,"Woman",1,"8",100,"0",1
109,"bandit","GlobalLearn","63","A bandit","Emeralds",45,"Woman",1,"9",9,"0",0
109,"bandit","GlobalLearn","63","A bandit","Emeralds",45,"Woman",1,"10",10,"1",0
109,"bandit","GlobalLearn","63","A bandit","Emeralds",45,"Woman",1,"11",10,"1",0
109,"bandit","GlobalLearn","63","A bandit","Emeralds",45,"Woman",1,"12",10,"1",0
109,"bandit","GlobalLearn","63","A bandit","Emeralds",45,"Woman",1,"13",1,"0",0
109,"bandit","GlobalLearn","63","A bandit","Emeralds",45,"Woman",1,"14",0,"0",0
109,"bandit","GlobalLearn","63","A bandit","Emeralds",45,"Woman",1,"15",0,"0",0
109,"bandit","GlobalLearn","63","A bandit","Emeralds",45,"Woman",1,"16",100,"1",1
109,"bandit","GlobalLearn","63","A bandit","Emeralds",45,"Woman",1,"17",11,"1",0
109,"bandit","GlobalLearn","63","A bandit","Emeralds",45,"Woman",1,"18",90,"1",1
109,"bandit","GlobalLearn","63","A bandit","Emeralds",45,"Woman",1,"19",100,"1",1
109,"bandit","GlobalLearn","63","A bandit","Emeralds",45,"Woman",1,"20",100,"1",1
109,"bandit","GlobalLearn","63","A bandit","Emeralds",45,"Woman",1,"21",100,"1",1
109,"bandit","GlobalLearn","63","A bandit","Emeralds",45,"Woman",1,"22",100,"1",1
109,"bandit","GlobalLearn","63","A bandit","Emeralds",45,"Woman",1,"23",50,"1",0
109,"bandit","GlobalLearn","63","A bandit","Emeralds",45,"Woman",1,"24",100,"1",1
109,"bandit","GlobalLearn","63","A bandit","Emeralds",45,"Woman",1,"25",100,"1",1
109,"bandit","GlobalLearn","63","A bandit","Emeralds",45,"Woman",1,"26",99,"1",1
109,"bandit","GlobalLearn","63","A bandit","Emeralds",45,"Woman",1,"27",37,"1",0
109,"bandit","GlobalLearn","63","A bandit","Emeralds",45,"Woman",1,"28",100,"1",1
109,"bandit","GlobalLearn","63","A bandit","Emeralds",45,"Woman",1,"29",41,"1",0
109,"bandit","GlobalLearn","63","A bandit","Emeralds",45,"Woman",1,"30",11,"1",0
109,"bandit","GlobalLearn","63","A bandit","Emeralds",45,"Woman",1,"31",3,"1",0
109,"bandit","GlobalLearn","63","A bandit","Emeralds",45,"Woman",1,"32",12,"0",0
109,"bandit","GlobalLearn","63","A bandit","Emeralds",45,"Woman",1,"33",78,"0",1
109,"bandit","GlobalLearn","63","A bandit","Emeralds",45,"Woman",1,"34",22,"0",0
109,"bandit","GlobalLearn","63","A bandit","Emeralds",45,"Woman",1,"35",100,"1",1
109,"bandit","GlobalLearn","63","A bandit","Emeralds",45,"Woman",1,"36",24,"1",0
109,"bandit","GlobalLearn","63","A bandit","Emeralds",45,"Woman",1,"37",20,"1",0
109,"bandit","GlobalLearn","63","A bandit","Emeralds",45,"Woman",1,"38",20,"1",0
109,"bandit","GlobalLearn","63","A bandit","Emeralds",45,"Woman",1,"39",20,"1",0
109,"bandit","GlobalLearn","63","A bandit","Emeralds",45,"Woman",1,"40",17,"1",0
109,"bandit","GlobalLearn","63","A bandit","Emeralds",45,"Woman",1,"41",23,"0",0
109,"bandit","GlobalLearn","63","A bandit","Emeralds",45,"Woman",1,"42",100,"1",1
109,"bandit","GlobalLearn","63","A bandit","Emeralds",45,"Woman",1,"43",63,"1",0
109,"bandit","GlobalLearn","63","A bandit","Emeralds",45,"Woman",1,"44",66,"1",0
109,"bandit","GlobalLearn","63","A bandit","Emeralds",45,"Woman",1,"45",100,"1",1
109,"bandit","GlobalLearn","63","A bandit","Emeralds",45,"Woman",1,"46",29,"1",0
109,"bandit","GlobalLearn","63","A bandit","Emeralds",45,"Woman",1,"47",95,"1",1
109,"bandit","GlobalLearn","63","A bandit","Emeralds",45,"Woman",1,"48",28,"1",0
109,"bandit","GlobalLearn","63","A bandit","Emeralds",45,"Woman",1,"49",23,"0",0
109,"bandit","GlobalLearn","63","A bandit","Emeralds",45,"Woman",1,"50",19,"0",0
110,"sheriff","GlobalLearn","28","A sheriff","Emeralds",54,"Woman",1,"1",100,"0",1
110,"sheriff","GlobalLearn","28","A sheriff","Emeralds",54,"Woman",1,"2",100,"0",1
110,"sheriff","GlobalLearn","28","A sheriff","Emeralds",54,"Woman",1,"3",50,"0",0
110,"sheriff","GlobalLearn","28","A sheriff","Emeralds",54,"Woman",1,"4",100,"0",1
110,"sheriff","GlobalLearn","28","A sheriff","Emeralds",54,"Woman",1,"5",100,"0",1
110,"sheriff","GlobalLearn","28","A sheriff","Emeralds",54,"Woman",1,"6",100,"0",1
110,"sheriff","GlobalLearn","28","A sheriff","Emeralds",54,"Woman",1,"7",100,"0",1
110,"sheriff","GlobalLearn","28","A sheriff","Emeralds",54,"Woman",1,"8",100,"0",1
110,"sheriff","GlobalLearn","28","A sheriff","Emeralds",54,"Woman",1,"9",100,"0",1
110,"sheriff","GlobalLearn","28","A sheriff","Emeralds",54,"Woman",1,"10",50,"0",0
110,"sheriff","GlobalLearn","28","A sheriff","Emeralds",54,"Woman",1,"11",50,"0",0
110,"sheriff","GlobalLearn","28","A sheriff","Emeralds",54,"Woman",1,"12",100,"0",1
110,"sheriff","GlobalLearn","28","A sheriff","Emeralds",54,"Woman",1,"13",100,"0",1
110,"sheriff","GlobalLearn","28","A sheriff","Emeralds",54,"Woman",1,"14",50,"0",0
110,"sheriff","GlobalLearn","28","A sheriff","Emeralds",54,"Woman",1,"15",100,"0",1
110,"sheriff","GlobalLearn","28","A sheriff","Emeralds",54,"Woman",1,"16",50,"0",0
110,"sheriff","GlobalLearn","28","A sheriff","Emeralds",54,"Woman",1,"17",100,"0",1
110,"sheriff","GlobalLearn","28","A sheriff","Emeralds",54,"Woman",1,"18",100,"0",1
110,"sheriff","GlobalLearn","28","A sheriff","Emeralds",54,"Woman",1,"19",50,"0",0
110,"sheriff","GlobalLearn","28","A sheriff","Emeralds",54,"Woman",1,"20",100,"1",1
110,"sheriff","GlobalLearn","28","A sheriff","Emeralds",54,"Woman",1,"21",50,"1",0
110,"sheriff","GlobalLearn","28","A sheriff","Emeralds",54,"Woman",1,"22",100,"1",1
110,"sheriff","GlobalLearn","28","A sheriff","Emeralds",54,"Woman",1,"23",50,"1",0
110,"sheriff","GlobalLearn","28","A sheriff","Emeralds",54,"Woman",1,"24",50,"1",0
110,"sheriff","GlobalLearn","28","A sheriff","Emeralds",54,"Woman",1,"25",50,"1",0
110,"sheriff","GlobalLearn","28","A sheriff","Emeralds",54,"Woman",1,"26",100,"0",1
110,"sheriff","GlobalLearn","28","A sheriff","Emeralds",54,"Woman",1,"27",50,"0",0
110,"sheriff","GlobalLearn","28","A sheriff","Emeralds",54,"Woman",1,"28",50,"0",0
110,"sheriff","GlobalLearn","28","A sheriff","Emeralds",54,"Woman",1,"29",100,"0",1
110,"sheriff","GlobalLearn","28","A sheriff","Emeralds",54,"Woman",1,"30",100,"0",1
110,"sheriff","GlobalLearn","28","A sheriff","Emeralds",54,"Woman",1,"31",100,"0",1
110,"sheriff","GlobalLearn","28","A sheriff","Emeralds",54,"Woman",1,"32",100,"0",1
110,"sheriff","GlobalLearn","28","A sheriff","Emeralds",54,"Woman",1,"33",100,"0",1
110,"sheriff","GlobalLearn","28","A sheriff","Emeralds",54,"Woman",1,"34",100,"0",1
110,"sheriff","GlobalLearn","28","A sheriff","Emeralds",54,"Woman",1,"35",100,"0",1
110,"sheriff","GlobalLearn","28","A sheriff","Emeralds",54,"Woman",1,"36",50,"0",0
110,"sheriff","GlobalLearn","28","A sheriff","Emeralds",54,"Woman",1,"37",100,"0",1
110,"sheriff","GlobalLearn","28","A sheriff","Emeralds",54,"Woman",1,"38",100,"0",1
110,"sheriff","GlobalLearn","28","A sheriff","Emeralds",54,"Woman",1,"39",100,"0",1
110,"sheriff","GlobalLearn","28","A sheriff","Emeralds",54,"Woman",1,"40",100,"0",1
110,"sheriff","GlobalLearn","28","A sheriff","Emeralds",54,"Woman",1,"41",100,"0",1
110,"sheriff","GlobalLearn","28","A sheriff","Emeralds",54,"Woman",1,"42",100,"0",1
110,"sheriff","GlobalLearn","28","A sheriff","Emeralds",54,"Woman",1,"43",100,"0",1
110,"sheriff","GlobalLearn","28","A sheriff","Emeralds",54,"Woman",1,"44",50,"0",0
110,"sheriff","GlobalLearn","28","A sheriff","Emeralds",54,"Woman",1,"45",100,"0",1
110,"sheriff","GlobalLearn","28","A sheriff","Emeralds",54,"Woman",1,"46",100,"0",1
110,"sheriff","GlobalLearn","28","A sheriff","Emeralds",54,"Woman",1,"47",50,"0",0
110,"sheriff","GlobalLearn","28","A sheriff","Emeralds",54,"Woman",1,"48",50,"0",0
110,"sheriff","GlobalLearn","28","A sheriff","Emeralds",54,"Woman",1,"49",100,"0",1
110,"sheriff","GlobalLearn","28","A sheriff","Emeralds",54,"Woman",1,"50",100,"0",1
111,"bandit","GlobalLearn","24","A bandit","Emeralds",40,"Woman",1,"1",79,"0",1
111,"bandit","GlobalLearn","24","A bandit","Emeralds",40,"Woman",1,"2",74,"0",0
111,"bandit","GlobalLearn","24","A bandit","Emeralds",40,"Woman",1,"3",74,"0",0
111,"bandit","GlobalLearn","24","A bandit","Emeralds",40,"Woman",1,"4",76,"1",1
111,"bandit","GlobalLearn","24","A bandit","Emeralds",40,"Woman",1,"5",55,"1",1
111,"bandit","GlobalLearn","24","A bandit","Emeralds",40,"Woman",1,"6",77,"1",0
111,"bandit","GlobalLearn","24","A bandit","Emeralds",40,"Woman",1,"7",76,"1",0
111,"bandit","GlobalLearn","24","A bandit","Emeralds",40,"Woman",1,"8",56,"1",1
111,"bandit","GlobalLearn","24","A bandit","Emeralds",40,"Woman",1,"9",56,"1",1
111,"bandit","GlobalLearn","24","A bandit","Emeralds",40,"Woman",1,"10",54,"1",1
111,"bandit","GlobalLearn","24","A bandit","Emeralds",40,"Woman",1,"11",55,"1",1
111,"bandit","GlobalLearn","24","A bandit","Emeralds",40,"Woman",1,"12",77,"1",0
111,"bandit","GlobalLearn","24","A bandit","Emeralds",40,"Woman",1,"13",58,"1",1
111,"bandit","GlobalLearn","24","A bandit","Emeralds",40,"Woman",1,"14",57,"1",1
111,"bandit","GlobalLearn","24","A bandit","Emeralds",40,"Woman",1,"15",72,"1",0
111,"bandit","GlobalLearn","24","A bandit","Emeralds",40,"Woman",1,"16",58,"1",1
111,"bandit","GlobalLearn","24","A bandit","Emeralds",40,"Woman",1,"17",57,"1",1
111,"bandit","GlobalLearn","24","A bandit","Emeralds",40,"Woman",1,"18",63,"1",1
111,"bandit","GlobalLearn","24","A bandit","Emeralds",40,"Woman",1,"19",95,"1",0
111,"bandit","GlobalLearn","24","A bandit","Emeralds",40,"Woman",1,"20",94,"1",0
111,"bandit","GlobalLearn","24","A bandit","Emeralds",40,"Woman",1,"21",67,"1",1
111,"bandit","GlobalLearn","24","A bandit","Emeralds",40,"Woman",1,"22",56,"1",1
111,"bandit","GlobalLearn","24","A bandit","Emeralds",40,"Woman",1,"23",59,"1",1
111,"bandit","GlobalLearn","24","A bandit","Emeralds",40,"Woman",1,"24",95,"1",0
111,"bandit","GlobalLearn","24","A bandit","Emeralds",40,"Woman",1,"25",95,"1",0
111,"bandit","GlobalLearn","24","A bandit","Emeralds",40,"Woman",1,"26",57,"1",1
111,"bandit","GlobalLearn","24","A bandit","Emeralds",40,"Woman",1,"27",55,"1",1
111,"bandit","GlobalLearn","24","A bandit","Emeralds",40,"Woman",1,"28",53,"1",1
111,"bandit","GlobalLearn","24","A bandit","Emeralds",40,"Woman",1,"29",97,"1",0
111,"bandit","GlobalLearn","24","A bandit","Emeralds",40,"Woman",1,"30",98,"1",0
111,"bandit","GlobalLearn","24","A bandit","Emeralds",40,"Woman",1,"31",54,"1",1
111,"bandit","GlobalLearn","24","A bandit","Emeralds",40,"Woman",1,"32",94,"1",0
111,"bandit","GlobalLearn","24","A bandit","Emeralds",40,"Woman",1,"33",99,"1",0
111,"bandit","GlobalLearn","24","A bandit","Emeralds",40,"Woman",1,"34",55,"1",1
111,"bandit","GlobalLearn","24","A bandit","Emeralds",40,"Woman",1,"35",54,"1",1
111,"bandit","GlobalLearn","24","A bandit","Emeralds",40,"Woman",1,"36",93,"1",0
111,"bandit","GlobalLearn","24","A bandit","Emeralds",40,"Woman",1,"37",54,"1",1
111,"bandit","GlobalLearn","24","A bandit","Emeralds",40,"Woman",1,"38",92,"1",0
111,"bandit","GlobalLearn","24","A bandit","Emeralds",40,"Woman",1,"39",93,"1",0
111,"bandit","GlobalLearn","24","A bandit","Emeralds",40,"Woman",1,"40",54,"1",1
111,"bandit","GlobalLearn","24","A bandit","Emeralds",40,"Woman",1,"41",95,"1",0
111,"bandit","GlobalLearn","24","A bandit","Emeralds",40,"Woman",1,"42",97,"1",0
111,"bandit","GlobalLearn","24","A bandit","Emeralds",40,"Woman",1,"43",58,"1",1
111,"bandit","GlobalLearn","24","A bandit","Emeralds",40,"Woman",1,"44",96,"1",0
111,"bandit","GlobalLearn","24","A bandit","Emeralds",40,"Woman",1,"45",60,"1",1
111,"bandit","GlobalLearn","24","A bandit","Emeralds",40,"Woman",1,"46",93,"1",0
111,"bandit","GlobalLearn","24","A bandit","Emeralds",40,"Woman",1,"47",54,"1",1
111,"bandit","GlobalLearn","24","A bandit","Emeralds",40,"Woman",1,"48",93,"1",0
111,"bandit","GlobalLearn","24","A bandit","Emeralds",40,"Woman",1,"49",100,"1",0
111,"bandit","GlobalLearn","24","A bandit","Emeralds",40,"Woman",1,"50",100,"1",0
112,"sheriff","GlobalLearn","2","A sheriff","Emeralds",42,"Woman",1,"1",100,"0",0
112,"sheriff","GlobalLearn","2","A sheriff","Emeralds",42,"Woman",1,"2",100,"1",0
112,"sheriff","GlobalLearn","2","A sheriff","Emeralds",42,"Woman",1,"3",0,"0",0
112,"sheriff","GlobalLearn","2","A sheriff","Emeralds",42,"Woman",1,"4",100,"1",1
112,"sheriff","GlobalLearn","2","A sheriff","Emeralds",42,"Woman",1,"5",100,"1",1
112,"sheriff","GlobalLearn","2","A sheriff","Emeralds",42,"Woman",1,"6",0,"1",0
112,"sheriff","GlobalLearn","2","A sheriff","Emeralds",42,"Woman",1,"7",0,"0",0
112,"sheriff","GlobalLearn","2","A sheriff","Emeralds",42,"Woman",1,"8",100,"1",1
112,"sheriff","GlobalLearn","2","A sheriff","Emeralds",42,"Woman",1,"9",100,"1",0
112,"sheriff","GlobalLearn","2","A sheriff","Emeralds",42,"Woman",1,"10",100,"1",1
112,"sheriff","GlobalLearn","2","A sheriff","Emeralds",42,"Woman",1,"11",100,"1",1
112,"sheriff","GlobalLearn","2","A sheriff","Emeralds",42,"Woman",1,"12",100,"1",1
112,"sheriff","GlobalLearn","2","A sheriff","Emeralds",42,"Woman",1,"13",100,"1",1
112,"sheriff","GlobalLearn","2","A sheriff","Emeralds",42,"Woman",1,"14",100,"1",1
112,"sheriff","GlobalLearn","2","A sheriff","Emeralds",42,"Woman",1,"15",100,"1",1
112,"sheriff","GlobalLearn","2","A sheriff","Emeralds",42,"Woman",1,"16",100,"1",1
112,"sheriff","GlobalLearn","2","A sheriff","Emeralds",42,"Woman",1,"17",100,"1",1
112,"sheriff","GlobalLearn","2","A sheriff","Emeralds",42,"Woman",1,"18",100,"1",1
112,"sheriff","GlobalLearn","2","A sheriff","Emeralds",42,"Woman",1,"19",100,"1",0
112,"sheriff","GlobalLearn","2","A sheriff","Emeralds",42,"Woman",1,"20",100,"1",1
112,"sheriff","GlobalLearn","2","A sheriff","Emeralds",42,"Woman",1,"21",100,"1",0
112,"sheriff","GlobalLearn","2","A sheriff","Emeralds",42,"Woman",1,"22",100,"1",1
112,"sheriff","GlobalLearn","2","A sheriff","Emeralds",42,"Woman",1,"23",100,"1",1
112,"sheriff","GlobalLearn","2","A sheriff","Emeralds",42,"Woman",1,"24",100,"1",0
112,"sheriff","GlobalLearn","2","A sheriff","Emeralds",42,"Woman",1,"25",100,"1",0
112,"sheriff","GlobalLearn","2","A sheriff","Emeralds",42,"Woman",1,"26",100,"1",1
112,"sheriff","GlobalLearn","2","A sheriff","Emeralds",42,"Woman",1,"27",100,"1",0
112,"sheriff","GlobalLearn","2","A sheriff","Emeralds",42,"Woman",1,"28",100,"1",1
112,"sheriff","GlobalLearn","2","A sheriff","Emeralds",42,"Woman",1,"29",100,"1",1
112,"sheriff","GlobalLearn","2","A sheriff","Emeralds",42,"Woman",1,"30",100,"1",1
112,"sheriff","GlobalLearn","2","A sheriff","Emeralds",42,"Woman",1,"31",100,"1",1
112,"sheriff","GlobalLearn","2","A sheriff","Emeralds",42,"Woman",1,"32",100,"1",1
112,"sheriff","GlobalLearn","2","A sheriff","Emeralds",42,"Woman",1,"33",100,"1",1
112,"sheriff","GlobalLearn","2","A sheriff","Emeralds",42,"Woman",1,"34",100,"1",0
112,"sheriff","GlobalLearn","2","A sheriff","Emeralds",42,"Woman",1,"35",100,"1",1
112,"sheriff","GlobalLearn","2","A sheriff","Emeralds",42,"Woman",1,"36",100,"1",0
112,"sheriff","GlobalLearn","2","A sheriff","Emeralds",42,"Woman",1,"37",100,"1",0
112,"sheriff","GlobalLearn","2","A sheriff","Emeralds",42,"Woman",1,"38",100,"1",1
112,"sheriff","GlobalLearn","2","A sheriff","Emeralds",42,"Woman",1,"39",100,"1",1
112,"sheriff","GlobalLearn","2","A sheriff","Emeralds",42,"Woman",1,"40",100,"1",1
112,"sheriff","GlobalLearn","2","A sheriff","Emeralds",42,"Woman",1,"41",100,"1",1
112,"sheriff","GlobalLearn","2","A sheriff","Emeralds",42,"Woman",1,"42",100,"1",1
112,"sheriff","GlobalLearn","2","A sheriff","Emeralds",42,"Woman",1,"43",100,"1",1
112,"sheriff","GlobalLearn","2","A sheriff","Emeralds",42,"Woman",1,"44",100,"1",1
112,"sheriff","GlobalLearn","2","A sheriff","Emeralds",42,"Woman",1,"45",100,"1",0
112,"sheriff","GlobalLearn","2","A sheriff","Emeralds",42,"Woman",1,"46",100,"0",1
112,"sheriff","GlobalLearn","2","A sheriff","Emeralds",42,"Woman",1,"47",100,"1",1
112,"sheriff","GlobalLearn","2","A sheriff","Emeralds",42,"Woman",1,"48",100,"1",0
112,"sheriff","GlobalLearn","2","A sheriff","Emeralds",42,"Woman",1,"49",100,"1",0
112,"sheriff","GlobalLearn","2","A sheriff","Emeralds",42,"Woman",1,"50",100,"0",1
113,"bandit","GlobalLearn","36","A bandit","Emeralds",24,"Woman",1,"1",74,"0",0
113,"bandit","GlobalLearn","36","A bandit","Emeralds",24,"Woman",1,"2",87,"0",0
113,"bandit","GlobalLearn","36","A bandit","Emeralds",24,"Woman",1,"3",64,"0",1
113,"bandit","GlobalLearn","36","A bandit","Emeralds",24,"Woman",1,"4",69,"0",1
113,"bandit","GlobalLearn","36","A bandit","Emeralds",24,"Woman",1,"5",37,"0",1
113,"bandit","GlobalLearn","36","A bandit","Emeralds",24,"Woman",1,"6",31,"0",1
113,"bandit","GlobalLearn","36","A bandit","Emeralds",24,"Woman",1,"7",18,"0",0
113,"bandit","GlobalLearn","36","A bandit","Emeralds",24,"Woman",1,"8",13,"0",0
113,"bandit","GlobalLearn","36","A bandit","Emeralds",24,"Woman",1,"9",16,"0",0
113,"bandit","GlobalLearn","36","A bandit","Emeralds",24,"Woman",1,"10",65,"1",0
113,"bandit","GlobalLearn","36","A bandit","Emeralds",24,"Woman",1,"11",61,"1",0
113,"bandit","GlobalLearn","36","A bandit","Emeralds",24,"Woman",1,"12",32,"1",0
113,"bandit","GlobalLearn","36","A bandit","Emeralds",24,"Woman",1,"13",41,"1",1
113,"bandit","GlobalLearn","36","A bandit","Emeralds",24,"Woman",1,"14",40,"1",0
113,"bandit","GlobalLearn","36","A bandit","Emeralds",24,"Woman",1,"15",8,"0",1
113,"bandit","GlobalLearn","36","A bandit","Emeralds",24,"Woman",1,"16",34,"0",0
113,"bandit","GlobalLearn","36","A bandit","Emeralds",24,"Woman",1,"17",12,"0",1
113,"bandit","GlobalLearn","36","A bandit","Emeralds",24,"Woman",1,"18",25,"0",0
113,"bandit","GlobalLearn","36","A bandit","Emeralds",24,"Woman",1,"19",64,"0",0
113,"bandit","GlobalLearn","36","A bandit","Emeralds",24,"Woman",1,"20",42,"0",1
113,"bandit","GlobalLearn","36","A bandit","Emeralds",24,"Woman",1,"21",13,"0",1
113,"bandit","GlobalLearn","36","A bandit","Emeralds",24,"Woman",1,"22",38,"0",0
113,"bandit","GlobalLearn","36","A bandit","Emeralds",24,"Woman",1,"23",9,"0",1
113,"bandit","GlobalLearn","36","A bandit","Emeralds",24,"Woman",1,"24",8,"0",1
113,"bandit","GlobalLearn","36","A bandit","Emeralds",24,"Woman",1,"25",36,"0",0
113,"bandit","GlobalLearn","36","A bandit","Emeralds",24,"Woman",1,"26",11,"0",1
113,"bandit","GlobalLearn","36","A bandit","Emeralds",24,"Woman",1,"27",31,"0",0
113,"bandit","GlobalLearn","36","A bandit","Emeralds",24,"Woman",1,"28",39,"0",0
113,"bandit","GlobalLearn","36","A bandit","Emeralds",24,"Woman",1,"29",5,"0",1
113,"bandit","GlobalLearn","36","A bandit","Emeralds",24,"Woman",1,"30",34,"1",0
113,"bandit","GlobalLearn","36","A bandit","Emeralds",24,"Woman",1,"31",26,"1",0
113,"bandit","GlobalLearn","36","A bandit","Emeralds",24,"Woman",1,"32",65,"0",0
113,"bandit","GlobalLearn","36","A bandit","Emeralds",24,"Woman",1,"33",63,"0",1
113,"bandit","GlobalLearn","36","A bandit","Emeralds",24,"Woman",1,"34",27,"0",0
113,"bandit","GlobalLearn","36","A bandit","Emeralds",24,"Woman",1,"35",25,"0",0
113,"bandit","GlobalLearn","36","A bandit","Emeralds",24,"Woman",1,"36",23,"0",1
113,"bandit","GlobalLearn","36","A bandit","Emeralds",24,"Woman",1,"37",23,"0",1
113,"bandit","GlobalLearn","36","A bandit","Emeralds",24,"Woman",1,"38",26,"0",0
113,"bandit","GlobalLearn","36","A bandit","Emeralds",24,"Woman",1,"39",26,"0",0
113,"bandit","GlobalLearn","36","A bandit","Emeralds",24,"Woman",1,"40",66,"0",0
113,"bandit","GlobalLearn","36","A bandit","Emeralds",24,"Woman",1,"41",71,"0",0
113,"bandit","GlobalLearn","36","A bandit","Emeralds",24,"Woman",1,"42",25,"1",1
113,"bandit","GlobalLearn","36","A bandit","Emeralds",24,"Woman",1,"43",18,"1",1
113,"bandit","GlobalLearn","36","A bandit","Emeralds",24,"Woman",1,"44",58,"1",0
113,"bandit","GlobalLearn","36","A bandit","Emeralds",24,"Woman",1,"45",68,"1",0
113,"bandit","GlobalLearn","36","A bandit","Emeralds",24,"Woman",1,"46",76,"1",0
113,"bandit","GlobalLearn","36","A bandit","Emeralds",24,"Woman",1,"47",28,"0",1
113,"bandit","GlobalLearn","36","A bandit","Emeralds",24,"Woman",1,"48",28,"0",1
113,"bandit","GlobalLearn","36","A bandit","Emeralds",24,"Woman",1,"49",70,"0",0
113,"bandit","GlobalLearn","36","A bandit","Emeralds",24,"Woman",1,"50",66,"0",0
114,"sheriff","GlobalLearn","56","A sheriff","Emeralds",27,"Woman",1,"1",70,"0",0
114,"sheriff","GlobalLearn","56","A sheriff","Emeralds",27,"Woman",1,"2",36,"1",0
114,"sheriff","GlobalLearn","56","A sheriff","Emeralds",27,"Woman",1,"3",68,"0",0
114,"sheriff","GlobalLearn","56","A sheriff","Emeralds",27,"Woman",1,"4",99,"0",1
114,"sheriff","GlobalLearn","56","A sheriff","Emeralds",27,"Woman",1,"5",92,"0",1
114,"sheriff","GlobalLearn","56","A sheriff","Emeralds",27,"Woman",1,"6",28,"0",0
114,"sheriff","GlobalLearn","56","A sheriff","Emeralds",27,"Woman",1,"7",91,"0",1
114,"sheriff","GlobalLearn","56","A sheriff","Emeralds",27,"Woman",1,"8",22,"0",0
114,"sheriff","GlobalLearn","56","A sheriff","Emeralds",27,"Woman",1,"9",97,"1",1
114,"sheriff","GlobalLearn","56","A sheriff","Emeralds",27,"Woman",1,"10",59,"1",0
114,"sheriff","GlobalLearn","56","A sheriff","Emeralds",27,"Woman",1,"11",82,"1",0
114,"sheriff","GlobalLearn","56","A sheriff","Emeralds",27,"Woman",1,"12",94,"0",1
114,"sheriff","GlobalLearn","56","A sheriff","Emeralds",27,"Woman",1,"13",94,"0",1
114,"sheriff","GlobalLearn","56","A sheriff","Emeralds",27,"Woman",1,"14",91,"0",1
114,"sheriff","GlobalLearn","56","A sheriff","Emeralds",27,"Woman",1,"15",94,"0",1
114,"sheriff","GlobalLearn","56","A sheriff","Emeralds",27,"Woman",1,"16",16,"0",1
114,"sheriff","GlobalLearn","56","A sheriff","Emeralds",27,"Woman",1,"17",79,"0",0
114,"sheriff","GlobalLearn","56","A sheriff","Emeralds",27,"Woman",1,"18",25,"0",1
114,"sheriff","GlobalLearn","56","A sheriff","Emeralds",27,"Woman",1,"19",21,"0",1
114,"sheriff","GlobalLearn","56","A sheriff","Emeralds",27,"Woman",1,"20",9,"0",1
114,"sheriff","GlobalLearn","56","A sheriff","Emeralds",27,"Woman",1,"21",4,"0",1
114,"sheriff","GlobalLearn","56","A sheriff","Emeralds",27,"Woman",1,"22",90,"0",0
114,"sheriff","GlobalLearn","56","A sheriff","Emeralds",27,"Woman",1,"23",91,"0",0
114,"sheriff","GlobalLearn","56","A sheriff","Emeralds",27,"Woman",1,"24",14,"1",0
114,"sheriff","GlobalLearn","56","A sheriff","Emeralds",27,"Woman",1,"25",18,"1",0
114,"sheriff","GlobalLearn","56","A sheriff","Emeralds",27,"Woman",1,"26",24,"0",1
114,"sheriff","GlobalLearn","56","A sheriff","Emeralds",27,"Woman",1,"27",9,"0",1
114,"sheriff","GlobalLearn","56","A sheriff","Emeralds",27,"Woman",1,"28",20,"0",1
114,"sheriff","GlobalLearn","56","A sheriff","Emeralds",27,"Woman",1,"29",16,"0",1
114,"sheriff","GlobalLearn","56","A sheriff","Emeralds",27,"Woman",1,"30",92,"0",0
114,"sheriff","GlobalLearn","56","A sheriff","Emeralds",27,"Woman",1,"31",93,"0",0
114,"sheriff","GlobalLearn","56","A sheriff","Emeralds",27,"Woman",1,"32",93,"0",0
114,"sheriff","GlobalLearn","56","A sheriff","Emeralds",27,"Woman",1,"33",3,"0",1
114,"sheriff","GlobalLearn","56","A sheriff","Emeralds",27,"Woman",1,"34",4,"0",1
114,"sheriff","GlobalLearn","56","A sheriff","Emeralds",27,"Woman",1,"35",3,"0",1
114,"sheriff","GlobalLearn","56","A sheriff","Emeralds",27,"Woman",1,"36",0,"0",1
114,"sheriff","GlobalLearn","56","A sheriff","Emeralds",27,"Woman",1,"37",0,"0",1
114,"sheriff","GlobalLearn","56","A sheriff","Emeralds",27,"Woman",1,"38",0,"0",1
114,"sheriff","GlobalLearn","56","A sheriff","Emeralds",27,"Woman",1,"39",0,"0",1
114,"sheriff","GlobalLearn","56","A sheriff","Emeralds",27,"Woman",1,"40",72,"0",0
114,"sheriff","GlobalLearn","56","A sheriff","Emeralds",27,"Woman",1,"41",37,"0",0
114,"sheriff","GlobalLearn","56","A sheriff","Emeralds",27,"Woman",1,"42",37,"0",0
114,"sheriff","GlobalLearn","56","A sheriff","Emeralds",27,"Woman",1,"43",0,"0",1
114,"sheriff","GlobalLearn","56","A sheriff","Emeralds",27,"Woman",1,"44",11,"0",1
114,"sheriff","GlobalLearn","56","A sheriff","Emeralds",27,"Woman",1,"45",8,"0",1
114,"sheriff","GlobalLearn","56","A sheriff","Emeralds",27,"Woman",1,"46",9,"0",1
114,"sheriff","GlobalLearn","56","A sheriff","Emeralds",27,"Woman",1,"47",56,"0",0
114,"sheriff","GlobalLearn","56","A sheriff","Emeralds",27,"Woman",1,"48",57,"0",0
114,"sheriff","GlobalLearn","56","A sheriff","Emeralds",27,"Woman",1,"49",6,"0",1
114,"sheriff","GlobalLearn","56","A sheriff","Emeralds",27,"Woman",1,"50",5,"0",1
115,"tycoon","GlobalLearn","61","A tycoon","Emeralds",55,"Woman",1,"1",100,"1",1
115,"tycoon","GlobalLearn","61","A tycoon","Emeralds",55,"Woman",1,"2",93,"1",0
115,"tycoon","GlobalLearn","61","A tycoon","Emeralds",55,"Woman",1,"3",97,"1",1
115,"tycoon","GlobalLearn","61","A tycoon","Emeralds",55,"Woman",1,"4",100,"1",1
115,"tycoon","GlobalLearn","61","A tycoon","Emeralds",55,"Woman",1,"5",98,"1",1
115,"tycoon","GlobalLearn","61","A tycoon","Emeralds",55,"Woman",1,"6",99,"1",1
115,"tycoon","GlobalLearn","61","A tycoon","Emeralds",55,"Woman",1,"7",95,"1",0
115,"tycoon","GlobalLearn","61","A tycoon","Emeralds",55,"Woman",1,"8",95,"1",0
115,"tycoon","GlobalLearn","61","A tycoon","Emeralds",55,"Woman",1,"9",96,"0",0
115,"tycoon","GlobalLearn","61","A tycoon","Emeralds",55,"Woman",1,"10",92,"0",0
115,"tycoon","GlobalLearn","61","A tycoon","Emeralds",55,"Woman",1,"11",100,"1",1
115,"tycoon","GlobalLearn","61","A tycoon","Emeralds",55,"Woman",1,"12",100,"1",1
115,"tycoon","GlobalLearn","61","A tycoon","Emeralds",55,"Woman",1,"13",97,"1",1
115,"tycoon","GlobalLearn","61","A tycoon","Emeralds",55,"Woman",1,"14",99,"1",1
115,"tycoon","GlobalLearn","61","A tycoon","Emeralds",55,"Woman",1,"15",98,"1",1
115,"tycoon","GlobalLearn","61","A tycoon","Emeralds",55,"Woman",1,"16",96,"1",1
115,"tycoon","GlobalLearn","61","A tycoon","Emeralds",55,"Woman",1,"17",100,"1",1
115,"tycoon","GlobalLearn","61","A tycoon","Emeralds",55,"Woman",1,"18",99,"1",1
115,"tycoon","GlobalLearn","61","A tycoon","Emeralds",55,"Woman",1,"19",100,"1",1
115,"tycoon","GlobalLearn","61","A tycoon","Emeralds",55,"Woman",1,"20",100,"1",1
115,"tycoon","GlobalLearn","61","A tycoon","Emeralds",55,"Woman",1,"21",99,"1",1
115,"tycoon","GlobalLearn","61","A tycoon","Emeralds",55,"Woman",1,"22",100,"1",1
115,"tycoon","GlobalLearn","61","A tycoon","Emeralds",55,"Woman",1,"23",100,"1",0
115,"tycoon","GlobalLearn","61","A tycoon","Emeralds",55,"Woman",1,"24",100,"1",1
115,"tycoon","GlobalLearn","61","A tycoon","Emeralds",55,"Woman",1,"25",100,"1",1
115,"tycoon","GlobalLearn","61","A tycoon","Emeralds",55,"Woman",1,"26",100,"1",1
115,"tycoon","GlobalLearn","61","A tycoon","Emeralds",55,"Woman",1,"27",100,"1",1
115,"tycoon","GlobalLearn","61","A tycoon","Emeralds",55,"Woman",1,"28",100,"1",1
115,"tycoon","GlobalLearn","61","A tycoon","Emeralds",55,"Woman",1,"29",100,"1",1
115,"tycoon","GlobalLearn","61","A tycoon","Emeralds",55,"Woman",1,"30",100,"1",1
115,"tycoon","GlobalLearn","61","A tycoon","Emeralds",55,"Woman",1,"31",99,"1",0
115,"tycoon","GlobalLearn","61","A tycoon","Emeralds",55,"Woman",1,"32",100,"1",1
115,"tycoon","GlobalLearn","61","A tycoon","Emeralds",55,"Woman",1,"33",100,"1",1
115,"tycoon","GlobalLearn","61","A tycoon","Emeralds",55,"Woman",1,"34",100,"1",1
115,"tycoon","GlobalLearn","61","A tycoon","Emeralds",55,"Woman",1,"35",100,"1",1
115,"tycoon","GlobalLearn","61","A tycoon","Emeralds",55,"Woman",1,"36",100,"1",0
115,"tycoon","GlobalLearn","61","A tycoon","Emeralds",55,"Woman",1,"37",96,"1",1
115,"tycoon","GlobalLearn","61","A tycoon","Emeralds",55,"Woman",1,"38",96,"1",1
115,"tycoon","GlobalLearn","61","A tycoon","Emeralds",55,"Woman",1,"39",95,"1",1
115,"tycoon","GlobalLearn","61","A tycoon","Emeralds",55,"Woman",1,"40",99,"1",0
115,"tycoon","GlobalLearn","61","A tycoon","Emeralds",55,"Woman",1,"41",100,"1",1
115,"tycoon","GlobalLearn","61","A tycoon","Emeralds",55,"Woman",1,"42",96,"1",1
115,"tycoon","GlobalLearn","61","A tycoon","Emeralds",55,"Woman",1,"43",98,"1",1
115,"tycoon","GlobalLearn","61","A tycoon","Emeralds",55,"Woman",1,"44",95,"1",0
115,"tycoon","GlobalLearn","61","A tycoon","Emeralds",55,"Woman",1,"45",98,"1",1
115,"tycoon","GlobalLearn","61","A tycoon","Emeralds",55,"Woman",1,"46",100,"1",1
115,"tycoon","GlobalLearn","61","A tycoon","Emeralds",55,"Woman",1,"47",99,"1",1
115,"tycoon","GlobalLearn","61","A tycoon","Emeralds",55,"Woman",1,"48",99,"1",1
115,"tycoon","GlobalLearn","61","A tycoon","Emeralds",55,"Woman",1,"49",98,"1",1
115,"tycoon","GlobalLearn","61","A tycoon","Emeralds",55,"Woman",1,"50",99,"1",1
116,"sheriff","GlobalLearn","66","A sheriff","Emeralds",29,"Man",1,"1",76,"0",1
116,"sheriff","GlobalLearn","66","A sheriff","Emeralds",29,"Man",1,"2",73,"0",0
116,"sheriff","GlobalLearn","66","A sheriff","Emeralds",29,"Man",1,"3",72,"0",1
116,"sheriff","GlobalLearn","66","A sheriff","Emeralds",29,"Man",1,"4",70,"0",0
116,"sheriff","GlobalLearn","66","A sheriff","Emeralds",29,"Man",1,"5",71,"0",1
116,"sheriff","GlobalLearn","66","A sheriff","Emeralds",29,"Man",1,"6",69,"0",0
116,"sheriff","GlobalLearn","66","A sheriff","Emeralds",29,"Man",1,"7",69,"0",1
116,"sheriff","GlobalLearn","66","A sheriff","Emeralds",29,"Man",1,"8",75,"0",1
116,"sheriff","GlobalLearn","66","A sheriff","Emeralds",29,"Man",1,"9",79,"0",1
116,"sheriff","GlobalLearn","66","A sheriff","Emeralds",29,"Man",1,"10",78,"0",1
116,"sheriff","GlobalLearn","66","A sheriff","Emeralds",29,"Man",1,"11",77,"0",1
116,"sheriff","GlobalLearn","66","A sheriff","Emeralds",29,"Man",1,"12",83,"0",1
116,"sheriff","GlobalLearn","66","A sheriff","Emeralds",29,"Man",1,"13",74,"0",1
116,"sheriff","GlobalLearn","66","A sheriff","Emeralds",29,"Man",1,"14",76,"0",1
116,"sheriff","GlobalLearn","66","A sheriff","Emeralds",29,"Man",1,"15",75,"0",1
116,"sheriff","GlobalLearn","66","A sheriff","Emeralds",29,"Man",1,"16",67,"0",0
116,"sheriff","GlobalLearn","66","A sheriff","Emeralds",29,"Man",1,"17",77,"0",1
116,"sheriff","GlobalLearn","66","A sheriff","Emeralds",29,"Man",1,"18",77,"0",0
116,"sheriff","GlobalLearn","66","A sheriff","Emeralds",29,"Man",1,"19",94,"1",0
116,"sheriff","GlobalLearn","66","A sheriff","Emeralds",29,"Man",1,"20",50,"1",1
116,"sheriff","GlobalLearn","66","A sheriff","Emeralds",29,"Man",1,"21",61,"1",1
116,"sheriff","GlobalLearn","66","A sheriff","Emeralds",29,"Man",1,"22",87,"1",1
116,"sheriff","GlobalLearn","66","A sheriff","Emeralds",29,"Man",1,"23",61,"1",0
116,"sheriff","GlobalLearn","66","A sheriff","Emeralds",29,"Man",1,"24",77,"1",0
116,"sheriff","GlobalLearn","66","A sheriff","Emeralds",29,"Man",1,"25",85,"1",1
116,"sheriff","GlobalLearn","66","A sheriff","Emeralds",29,"Man",1,"26",82,"1",1
116,"sheriff","GlobalLearn","66","A sheriff","Emeralds",29,"Man",1,"27",85,"1",1
116,"sheriff","GlobalLearn","66","A sheriff","Emeralds",29,"Man",1,"28",81,"1",1
116,"sheriff","GlobalLearn","66","A sheriff","Emeralds",29,"Man",1,"29",84,"1",1
116,"sheriff","GlobalLearn","66","A sheriff","Emeralds",29,"Man",1,"30",87,"1",1
116,"sheriff","GlobalLearn","66","A sheriff","Emeralds",29,"Man",1,"31",78,"1",1
116,"sheriff","GlobalLearn","66","A sheriff","Emeralds",29,"Man",1,"32",71,"1",0
116,"sheriff","GlobalLearn","66","A sheriff","Emeralds",29,"Man",1,"33",77,"1",0
116,"sheriff","GlobalLearn","66","A sheriff","Emeralds",29,"Man",1,"34",74,"1",0
116,"sheriff","GlobalLearn","66","A sheriff","Emeralds",29,"Man",1,"35",76,"1",1
116,"sheriff","GlobalLearn","66","A sheriff","Emeralds",29,"Man",1,"36",59,"1",0
116,"sheriff","GlobalLearn","66","A sheriff","Emeralds",29,"Man",1,"37",76,"0",1
116,"sheriff","GlobalLearn","66","A sheriff","Emeralds",29,"Man",1,"38",82,"0",1
116,"sheriff","GlobalLearn","66","A sheriff","Emeralds",29,"Man",1,"39",53,"0",0
116,"sheriff","GlobalLearn","66","A sheriff","Emeralds",29,"Man",1,"40",81,"0",1
116,"sheriff","GlobalLearn","66","A sheriff","Emeralds",29,"Man",1,"41",83,"0",1
116,"sheriff","GlobalLearn","66","A sheriff","Emeralds",29,"Man",1,"42",46,"0",0
116,"sheriff","GlobalLearn","66","A sheriff","Emeralds",29,"Man",1,"43",80,"0",1
116,"sheriff","GlobalLearn","66","A sheriff","Emeralds",29,"Man",1,"44",47,"0",0
116,"sheriff","GlobalLearn","66","A sheriff","Emeralds",29,"Man",1,"45",47,"0",0
116,"sheriff","GlobalLearn","66","A sheriff","Emeralds",29,"Man",1,"46",89,"1",1
116,"sheriff","GlobalLearn","66","A sheriff","Emeralds",29,"Man",1,"47",48,"0",0
116,"sheriff","GlobalLearn","66","A sheriff","Emeralds",29,"Man",1,"48",45,"1",0
116,"sheriff","GlobalLearn","66","A sheriff","Emeralds",29,"Man",1,"49",81,"1",1
116,"sheriff","GlobalLearn","66","A sheriff","Emeralds",29,"Man",1,"50",47,"1",0
117,"sheriff","GlobalLearn","26","A sheriff","Emeralds",31,"Man",1,"1",99,"0",1
117,"sheriff","GlobalLearn","26","A sheriff","Emeralds",31,"Man",1,"2",79,"0",1
117,"sheriff","GlobalLearn","26","A sheriff","Emeralds",31,"Man",1,"3",99,"0",0
117,"sheriff","GlobalLearn","26","A sheriff","Emeralds",31,"Man",1,"4",76,"0",1
117,"sheriff","GlobalLearn","26","A sheriff","Emeralds",31,"Man",1,"5",98,"0",0
117,"sheriff","GlobalLearn","26","A sheriff","Emeralds",31,"Man",1,"6",86,"0",1
117,"sheriff","GlobalLearn","26","A sheriff","Emeralds",31,"Man",1,"7",41,"0",1
117,"sheriff","GlobalLearn","26","A sheriff","Emeralds",31,"Man",1,"8",43,"0",1
117,"sheriff","GlobalLearn","26","A sheriff","Emeralds",31,"Man",1,"9",17,"0",1
117,"sheriff","GlobalLearn","26","A sheriff","Emeralds",31,"Man",1,"10",21,"0",1
117,"sheriff","GlobalLearn","26","A sheriff","Emeralds",31,"Man",1,"11",93,"0",0
117,"sheriff","GlobalLearn","26","A sheriff","Emeralds",31,"Man",1,"12",33,"0",1
117,"sheriff","GlobalLearn","26","A sheriff","Emeralds",31,"Man",1,"13",87,"0",0
117,"sheriff","GlobalLearn","26","A sheriff","Emeralds",31,"Man",1,"14",46,"0",1
117,"sheriff","GlobalLearn","26","A sheriff","Emeralds",31,"Man",1,"15",42,"0",1
117,"sheriff","GlobalLearn","26","A sheriff","Emeralds",31,"Man",1,"16",71,"0",0
117,"sheriff","GlobalLearn","26","A sheriff","Emeralds",31,"Man",1,"17",96,"1",1
117,"sheriff","GlobalLearn","26","A sheriff","Emeralds",31,"Man",1,"18",93,"1",1
117,"sheriff","GlobalLearn","26","A sheriff","Emeralds",31,"Man",1,"19",96,"1",0
117,"sheriff","GlobalLearn","26","A sheriff","Emeralds",31,"Man",1,"20",58,"1",0
117,"sheriff","GlobalLearn","26","A sheriff","Emeralds",31,"Man",1,"21",60,"1",0
117,"sheriff","GlobalLearn","26","A sheriff","Emeralds",31,"Man",1,"22",66,"0",1
117,"sheriff","GlobalLearn","26","A sheriff","Emeralds",31,"Man",1,"23",67,"0",0
117,"sheriff","GlobalLearn","26","A sheriff","Emeralds",31,"Man",1,"24",81,"0",0
117,"sheriff","GlobalLearn","26","A sheriff","Emeralds",31,"Man",1,"25",35,"0",1
117,"sheriff","GlobalLearn","26","A sheriff","Emeralds",31,"Man",1,"26",74,"0",1
117,"sheriff","GlobalLearn","26","A sheriff","Emeralds",31,"Man",1,"27",33,"0",0
117,"sheriff","GlobalLearn","26","A sheriff","Emeralds",31,"Man",1,"28",75,"0",1
117,"sheriff","GlobalLearn","26","A sheriff","Emeralds",31,"Man",1,"29",37,"0",1
117,"sheriff","GlobalLearn","26","A sheriff","Emeralds",31,"Man",1,"30",64,"0",0
117,"sheriff","GlobalLearn","26","A sheriff","Emeralds",31,"Man",1,"31",37,"0",1
117,"sheriff","GlobalLearn","26","A sheriff","Emeralds",31,"Man",1,"32",40,"0",0
117,"sheriff","GlobalLearn","26","A sheriff","Emeralds",31,"Man",1,"33",74,"0",1
117,"sheriff","GlobalLearn","26","A sheriff","Emeralds",31,"Man",1,"34",90,"0",0
117,"sheriff","GlobalLearn","26","A sheriff","Emeralds",31,"Man",1,"35",35,"0",0
117,"sheriff","GlobalLearn","26","A sheriff","Emeralds",31,"Man",1,"36",80,"1",0
117,"sheriff","GlobalLearn","26","A sheriff","Emeralds",31,"Man",1,"37",33,"1",1
117,"sheriff","GlobalLearn","26","A sheriff","Emeralds",31,"Man",1,"38",74,"1",1
117,"sheriff","GlobalLearn","26","A sheriff","Emeralds",31,"Man",1,"39",72,"1",0
117,"sheriff","GlobalLearn","26","A sheriff","Emeralds",31,"Man",1,"40",71,"1",1
117,"sheriff","GlobalLearn","26","A sheriff","Emeralds",31,"Man",1,"41",98,"1",0
117,"sheriff","GlobalLearn","26","A sheriff","Emeralds",31,"Man",1,"42",90,"1",1
117,"sheriff","GlobalLearn","26","A sheriff","Emeralds",31,"Man",1,"43",72,"1",0
117,"sheriff","GlobalLearn","26","A sheriff","Emeralds",31,"Man",1,"44",20,"0",1
117,"sheriff","GlobalLearn","26","A sheriff","Emeralds",31,"Man",1,"45",71,"0",0
117,"sheriff","GlobalLearn","26","A sheriff","Emeralds",31,"Man",1,"46",65,"0",1
117,"sheriff","GlobalLearn","26","A sheriff","Emeralds",31,"Man",1,"47",72,"0",1
117,"sheriff","GlobalLearn","26","A sheriff","Emeralds",31,"Man",1,"48",77,"0",1
117,"sheriff","GlobalLearn","26","A sheriff","Emeralds",31,"Man",1,"49",70,"0",1
117,"sheriff","GlobalLearn","26","A sheriff","Emeralds",31,"Man",1,"50",75,"0",1
118,"tycoon","GlobalLearn","55","A tycoon","Emeralds",37,"Woman",1,"1",96,"0",1
118,"tycoon","GlobalLearn","55","A tycoon","Emeralds",37,"Woman",1,"2",97,"1",1
118,"tycoon","GlobalLearn","55","A tycoon","Emeralds",37,"Woman",1,"3",94,"1",1
118,"tycoon","GlobalLearn","55","A tycoon","Emeralds",37,"Woman",1,"4",95,"1",1
118,"tycoon","GlobalLearn","55","A tycoon","Emeralds",37,"Woman",1,"5",90,"1",1
118,"tycoon","GlobalLearn","55","A tycoon","Emeralds",37,"Woman",1,"6",15,"1",0
118,"tycoon","GlobalLearn","55","A tycoon","Emeralds",37,"Woman",1,"7",8,"0",0
118,"tycoon","GlobalLearn","55","A tycoon","Emeralds",37,"Woman",1,"8",7,"1",0
118,"tycoon","GlobalLearn","55","A tycoon","Emeralds",37,"Woman",1,"9",94,"1",1
118,"tycoon","GlobalLearn","55","A tycoon","Emeralds",37,"Woman",1,"10",5,"1",0
118,"tycoon","GlobalLearn","55","A tycoon","Emeralds",37,"Woman",1,"11",92,"0",1
118,"tycoon","GlobalLearn","55","A tycoon","Emeralds",37,"Woman",1,"12",92,"0",1
118,"tycoon","GlobalLearn","55","A tycoon","Emeralds",37,"Woman",1,"13",94,"1",1
118,"tycoon","GlobalLearn","55","A tycoon","Emeralds",37,"Woman",1,"14",93,"0",1
118,"tycoon","GlobalLearn","55","A tycoon","Emeralds",37,"Woman",1,"15",6,"1",0
118,"tycoon","GlobalLearn","55","A tycoon","Emeralds",37,"Woman",1,"16",94,"0",1
118,"tycoon","GlobalLearn","55","A tycoon","Emeralds",37,"Woman",1,"17",92,"0",1
118,"tycoon","GlobalLearn","55","A tycoon","Emeralds",37,"Woman",1,"18",94,"0",1
118,"tycoon","GlobalLearn","55","A tycoon","Emeralds",37,"Woman",1,"19",90,"0",1
118,"tycoon","GlobalLearn","55","A tycoon","Emeralds",37,"Woman",1,"20",9,"0",0
118,"tycoon","GlobalLearn","55","A tycoon","Emeralds",37,"Woman",1,"21",89,"1",1
118,"tycoon","GlobalLearn","55","A tycoon","Emeralds",37,"Woman",1,"22",90,"1",1
118,"tycoon","GlobalLearn","55","A tycoon","Emeralds",37,"Woman",1,"23",8,"1",0
118,"tycoon","GlobalLearn","55","A tycoon","Emeralds",37,"Woman",1,"24",93,"0",1
118,"tycoon","GlobalLearn","55","A tycoon","Emeralds",37,"Woman",1,"25",89,"0",1
118,"tycoon","GlobalLearn","55","A tycoon","Emeralds",37,"Woman",1,"26",92,"0",1
118,"tycoon","GlobalLearn","55","A tycoon","Emeralds",37,"Woman",1,"27",9,"0",0
118,"tycoon","GlobalLearn","55","A tycoon","Emeralds",37,"Woman",1,"28",7,"1",0
118,"tycoon","GlobalLearn","55","A tycoon","Emeralds",37,"Woman",1,"29",91,"0",1
118,"tycoon","GlobalLearn","55","A tycoon","Emeralds",37,"Woman",1,"30",92,"0",1
118,"tycoon","GlobalLearn","55","A tycoon","Emeralds",37,"Woman",1,"31",92,"0",1
118,"tycoon","GlobalLearn","55","A tycoon","Emeralds",37,"Woman",1,"32",93,"0",1
118,"tycoon","GlobalLearn","55","A tycoon","Emeralds",37,"Woman",1,"33",89,"1",1
118,"tycoon","GlobalLearn","55","A tycoon","Emeralds",37,"Woman",1,"34",92,"0",1
118,"tycoon","GlobalLearn","55","A tycoon","Emeralds",37,"Woman",1,"35",90,"1",1
118,"tycoon","GlobalLearn","55","A tycoon","Emeralds",37,"Woman",1,"36",7,"1",0
118,"tycoon","GlobalLearn","55","A tycoon","Emeralds",37,"Woman",1,"37",87,"0",1
118,"tycoon","GlobalLearn","55","A tycoon","Emeralds",37,"Woman",1,"38",87,"0",1
118,"tycoon","GlobalLearn","55","A tycoon","Emeralds",37,"Woman",1,"39",12,"1",0
118,"tycoon","GlobalLearn","55","A tycoon","Emeralds",37,"Woman",1,"40",89,"0",1
118,"tycoon","GlobalLearn","55","A tycoon","Emeralds",37,"Woman",1,"41",90,"0",1
118,"tycoon","GlobalLearn","55","A tycoon","Emeralds",37,"Woman",1,"42",92,"0",1
118,"tycoon","GlobalLearn","55","A tycoon","Emeralds",37,"Woman",1,"43",7,"1",0
118,"tycoon","GlobalLearn","55","A tycoon","Emeralds",37,"Woman",1,"44",11,"0",0
118,"tycoon","GlobalLearn","55","A tycoon","Emeralds",37,"Woman",1,"45",89,"0",1
118,"tycoon","GlobalLearn","55","A tycoon","Emeralds",37,"Woman",1,"46",91,"0",1
118,"tycoon","GlobalLearn","55","A tycoon","Emeralds",37,"Woman",1,"47",89,"0",1
118,"tycoon","GlobalLearn","55","A tycoon","Emeralds",37,"Woman",1,"48",90,"0",1
118,"tycoon","GlobalLearn","55","A tycoon","Emeralds",37,"Woman",1,"49",7,"0",0
118,"tycoon","GlobalLearn","55","A tycoon","Emeralds",37,"Woman",1,"50",7,"0",0
119,"tycoon","GlobalLearn","30","A tycoon","Emeralds",42,"Woman",1,"1",77,"0",0
119,"tycoon","GlobalLearn","30","A tycoon","Emeralds",42,"Woman",1,"2",100,"1",1
119,"tycoon","GlobalLearn","30","A tycoon","Emeralds",42,"Woman",1,"3",0,"1",0
119,"tycoon","GlobalLearn","30","A tycoon","Emeralds",42,"Woman",1,"4",0,"1",0
119,"tycoon","GlobalLearn","30","A tycoon","Emeralds",42,"Woman",1,"5",100,"0",1
119,"tycoon","GlobalLearn","30","A tycoon","Emeralds",42,"Woman",1,"6",0,"0",0
119,"tycoon","GlobalLearn","30","A tycoon","Emeralds",42,"Woman",1,"7",18,"0",0
119,"tycoon","GlobalLearn","30","A tycoon","Emeralds",42,"Woman",1,"8",100,"0",1
119,"tycoon","GlobalLearn","30","A tycoon","Emeralds",42,"Woman",1,"9",100,"0",1
119,"tycoon","GlobalLearn","30","A tycoon","Emeralds",42,"Woman",1,"10",100,"0",1
119,"tycoon","GlobalLearn","30","A tycoon","Emeralds",42,"Woman",1,"11",50,"0",0
119,"tycoon","GlobalLearn","30","A tycoon","Emeralds",42,"Woman",1,"12",82,"0",1
119,"tycoon","GlobalLearn","30","A tycoon","Emeralds",42,"Woman",1,"13",50,"0",0
119,"tycoon","GlobalLearn","30","A tycoon","Emeralds",42,"Woman",1,"14",82,"0",1
119,"tycoon","GlobalLearn","30","A tycoon","Emeralds",42,"Woman",1,"15",21,"0",0
119,"tycoon","GlobalLearn","30","A tycoon","Emeralds",42,"Woman",1,"16",20,"0",0
119,"tycoon","GlobalLearn","30","A tycoon","Emeralds",42,"Woman",1,"17",0,"1",0
119,"tycoon","GlobalLearn","30","A tycoon","Emeralds",42,"Woman",1,"18",50,"0",0
119,"tycoon","GlobalLearn","30","A tycoon","Emeralds",42,"Woman",1,"19",24,"0",0
119,"tycoon","GlobalLearn","30","A tycoon","Emeralds",42,"Woman",1,"20",77,"0",1
119,"tycoon","GlobalLearn","30","A tycoon","Emeralds",42,"Woman",1,"21",100,"0",1
119,"tycoon","GlobalLearn","30","A tycoon","Emeralds",42,"Woman",1,"22",100,"0",1
119,"tycoon","GlobalLearn","30","A tycoon","Emeralds",42,"Woman",1,"23",50,"0",0
119,"tycoon","GlobalLearn","30","A tycoon","Emeralds",42,"Woman",1,"24",82,"0",1
119,"tycoon","GlobalLearn","30","A tycoon","Emeralds",42,"Woman",1,"25",78,"0",1
119,"tycoon","GlobalLearn","30","A tycoon","Emeralds",42,"Woman",1,"26",24,"0",1
119,"tycoon","GlobalLearn","30","A tycoon","Emeralds",42,"Woman",1,"27",13,"0",1
119,"tycoon","GlobalLearn","30","A tycoon","Emeralds",42,"Woman",1,"28",5,"0",1
119,"tycoon","GlobalLearn","30","A tycoon","Emeralds",42,"Woman",1,"29",0,"0",1
119,"tycoon","GlobalLearn","30","A tycoon","Emeralds",42,"Woman",1,"30",0,"0",1
119,"tycoon","GlobalLearn","30","A tycoon","Emeralds",42,"Woman",1,"31",0,"0",1
119,"tycoon","GlobalLearn","30","A tycoon","Emeralds",42,"Woman",1,"32",0,"0",1
119,"tycoon","GlobalLearn","30","A tycoon","Emeralds",42,"Woman",1,"33",0,"0",1
119,"tycoon","GlobalLearn","30","A tycoon","Emeralds",42,"Woman",1,"34",0,"0",1
119,"tycoon","GlobalLearn","30","A tycoon","Emeralds",42,"Woman",1,"35",0,"0",1
119,"tycoon","GlobalLearn","30","A tycoon","Emeralds",42,"Woman",1,"36",0,"0",1
119,"tycoon","GlobalLearn","30","A tycoon","Emeralds",42,"Woman",1,"37",0,"0",1
119,"tycoon","GlobalLearn","30","A tycoon","Emeralds",42,"Woman",1,"38",0,"0",1
119,"tycoon","GlobalLearn","30","A tycoon","Emeralds",42,"Woman",1,"39",0,"0",1
119,"tycoon","GlobalLearn","30","A tycoon","Emeralds",42,"Woman",1,"40",0,"0",1
119,"tycoon","GlobalLearn","30","A tycoon","Emeralds",42,"Woman",1,"41",0,"0",1
119,"tycoon","GlobalLearn","30","A tycoon","Emeralds",42,"Woman",1,"42",0,"0",1
119,"tycoon","GlobalLearn","30","A tycoon","Emeralds",42,"Woman",1,"43",0,"0",1
119,"tycoon","GlobalLearn","30","A tycoon","Emeralds",42,"Woman",1,"44",0,"0",1
119,"tycoon","GlobalLearn","30","A tycoon","Emeralds",42,"Woman",1,"45",0,"0",1
119,"tycoon","GlobalLearn","30","A tycoon","Emeralds",42,"Woman",1,"46",0,"0",1
119,"tycoon","GlobalLearn","30","A tycoon","Emeralds",42,"Woman",1,"47",0,"0",1
119,"tycoon","GlobalLearn","30","A tycoon","Emeralds",42,"Woman",1,"48",0,"0",1
119,"tycoon","GlobalLearn","30","A tycoon","Emeralds",42,"Woman",1,"49",49,"0",1
119,"tycoon","GlobalLearn","30","A tycoon","Emeralds",42,"Woman",1,"50",0,"0",1
120,"sheriff","GlobalLearn","67","A sheriff","Emeralds",24,"Woman",1,"1",88,"1",0
120,"sheriff","GlobalLearn","67","A sheriff","Emeralds",24,"Woman",1,"2",84,"1",0
120,"sheriff","GlobalLearn","67","A sheriff","Emeralds",24,"Woman",1,"3",85,"1",1
120,"sheriff","GlobalLearn","67","A sheriff","Emeralds",24,"Woman",1,"4",78,"1",1
120,"sheriff","GlobalLearn","67","A sheriff","Emeralds",24,"Woman",1,"5",82,"1",0
120,"sheriff","GlobalLearn","67","A sheriff","Emeralds",24,"Woman",1,"6",65,"1",1
120,"sheriff","GlobalLearn","67","A sheriff","Emeralds",24,"Woman",1,"7",75,"1",0
120,"sheriff","GlobalLearn","67","A sheriff","Emeralds",24,"Woman",1,"8",77,"0",1
120,"sheriff","GlobalLearn","67","A sheriff","Emeralds",24,"Woman",1,"9",77,"0",1
120,"sheriff","GlobalLearn","67","A sheriff","Emeralds",24,"Woman",1,"10",67,"0",1
120,"sheriff","GlobalLearn","67","A sheriff","Emeralds",24,"Woman",1,"11",38,"0",1
120,"sheriff","GlobalLearn","67","A sheriff","Emeralds",24,"Woman",1,"12",32,"0",1
120,"sheriff","GlobalLearn","67","A sheriff","Emeralds",24,"Woman",1,"13",20,"0",1
120,"sheriff","GlobalLearn","67","A sheriff","Emeralds",24,"Woman",1,"14",90,"0",0
120,"sheriff","GlobalLearn","67","A sheriff","Emeralds",24,"Woman",1,"15",12,"0",1
120,"sheriff","GlobalLearn","67","A sheriff","Emeralds",24,"Woman",1,"16",94,"0",0
120,"sheriff","GlobalLearn","67","A sheriff","Emeralds",24,"Woman",1,"17",93,"0",0
120,"sheriff","GlobalLearn","67","A sheriff","Emeralds",24,"Woman",1,"18",14,"0",1
120,"sheriff","GlobalLearn","67","A sheriff","Emeralds",24,"Woman",1,"19",10,"0",1
120,"sheriff","GlobalLearn","67","A sheriff","Emeralds",24,"Woman",1,"20",10,"0",1
120,"sheriff","GlobalLearn","67","A sheriff","Emeralds",24,"Woman",1,"21",92,"0",0
120,"sheriff","GlobalLearn","67","A sheriff","Emeralds",24,"Woman",1,"22",93,"0",0
120,"sheriff","GlobalLearn","67","A sheriff","Emeralds",24,"Woman",1,"23",18,"0",1
120,"sheriff","GlobalLearn","67","A sheriff","Emeralds",24,"Woman",1,"24",15,"0",1
120,"sheriff","GlobalLearn","67","A sheriff","Emeralds",24,"Woman",1,"25",82,"0",0
120,"sheriff","GlobalLearn","67","A sheriff","Emeralds",24,"Woman",1,"26",91,"1",0
120,"sheriff","GlobalLearn","67","A sheriff","Emeralds",24,"Woman",1,"27",88,"0",0
120,"sheriff","GlobalLearn","67","A sheriff","Emeralds",24,"Woman",1,"28",14,"0",1
120,"sheriff","GlobalLearn","67","A sheriff","Emeralds",24,"Woman",1,"29",92,"0",0
120,"sheriff","GlobalLearn","67","A sheriff","Emeralds",24,"Woman",1,"30",91,"0",0
120,"sheriff","GlobalLearn","67","A sheriff","Emeralds",24,"Woman",1,"31",26,"0",1
120,"sheriff","GlobalLearn","67","A sheriff","Emeralds",24,"Woman",1,"32",19,"0",1
120,"sheriff","GlobalLearn","67","A sheriff","Emeralds",24,"Woman",1,"33",12,"0",1
120,"sheriff","GlobalLearn","67","A sheriff","Emeralds",24,"Woman",1,"34",8,"0",1
120,"sheriff","GlobalLearn","67","A sheriff","Emeralds",24,"Woman",1,"35",85,"0",0
120,"sheriff","GlobalLearn","67","A sheriff","Emeralds",24,"Woman",1,"36",8,"0",1
120,"sheriff","GlobalLearn","67","A sheriff","Emeralds",24,"Woman",1,"37",10,"0",1
120,"sheriff","GlobalLearn","67","A sheriff","Emeralds",24,"Woman",1,"38",91,"0",0
120,"sheriff","GlobalLearn","67","A sheriff","Emeralds",24,"Woman",1,"39",83,"0",0
120,"sheriff","GlobalLearn","67","A sheriff","Emeralds",24,"Woman",1,"40",16,"0",1
120,"sheriff","GlobalLearn","67","A sheriff","Emeralds",24,"Woman",1,"41",7,"0",1
120,"sheriff","GlobalLearn","67","A sheriff","Emeralds",24,"Woman",1,"42",5,"0",1
120,"sheriff","GlobalLearn","67","A sheriff","Emeralds",24,"Woman",1,"43",6,"0",1
120,"sheriff","GlobalLearn","67","A sheriff","Emeralds",24,"Woman",1,"44",4,"0",1
120,"sheriff","GlobalLearn","67","A sheriff","Emeralds",24,"Woman",1,"45",2,"0",1
120,"sheriff","GlobalLearn","67","A sheriff","Emeralds",24,"Woman",1,"46",88,"0",0
120,"sheriff","GlobalLearn","67","A sheriff","Emeralds",24,"Woman",1,"47",3,"0",1
120,"sheriff","GlobalLearn","67","A sheriff","Emeralds",24,"Woman",1,"48",2,"0",1
120,"sheriff","GlobalLearn","67","A sheriff","Emeralds",24,"Woman",1,"49",71,"0",0
120,"sheriff","GlobalLearn","67","A sheriff","Emeralds",24,"Woman",1,"50",70,"0",0
121,"bandit","GlobalLearn","50","A bandit","Emeralds",24,"Man",1,"1",0,"0",1
121,"bandit","GlobalLearn","50","A bandit","Emeralds",24,"Man",1,"2",10,"0",1
121,"bandit","GlobalLearn","50","A bandit","Emeralds",24,"Man",1,"3",21,"0",0
121,"bandit","GlobalLearn","50","A bandit","Emeralds",24,"Man",1,"4",36,"0",0
121,"bandit","GlobalLearn","50","A bandit","Emeralds",24,"Man",1,"5",29,"0",1
121,"bandit","GlobalLearn","50","A bandit","Emeralds",24,"Man",1,"6",0,"0",1
121,"bandit","GlobalLearn","50","A bandit","Emeralds",24,"Man",1,"7",0,"0",1
121,"bandit","GlobalLearn","50","A bandit","Emeralds",24,"Man",1,"8",64,"0",0
121,"bandit","GlobalLearn","50","A bandit","Emeralds",24,"Man",1,"9",24,"0",1
121,"bandit","GlobalLearn","50","A bandit","Emeralds",24,"Man",1,"10",31,"0",0
121,"bandit","GlobalLearn","50","A bandit","Emeralds",24,"Man",1,"11",24,"1",1
121,"bandit","GlobalLearn","50","A bandit","Emeralds",24,"Man",1,"12",40,"1",0
121,"bandit","GlobalLearn","50","A bandit","Emeralds",24,"Man",1,"13",30,"1",1
121,"bandit","GlobalLearn","50","A bandit","Emeralds",24,"Man",1,"14",30,"1",0
121,"bandit","GlobalLearn","50","A bandit","Emeralds",24,"Man",1,"15",66,"1",0
121,"bandit","GlobalLearn","50","A bandit","Emeralds",24,"Man",1,"16",86,"1",0
121,"bandit","GlobalLearn","50","A bandit","Emeralds",24,"Man",1,"17",33,"0",1
121,"bandit","GlobalLearn","50","A bandit","Emeralds",24,"Man",1,"18",31,"0",0
121,"bandit","GlobalLearn","50","A bandit","Emeralds",24,"Man",1,"19",55,"0",0
121,"bandit","GlobalLearn","50","A bandit","Emeralds",24,"Man",1,"20",69,"0",0
121,"bandit","GlobalLearn","50","A bandit","Emeralds",24,"Man",1,"21",100,"0",0
121,"bandit","GlobalLearn","50","A bandit","Emeralds",24,"Man",1,"22",57,"1",0
121,"bandit","GlobalLearn","50","A bandit","Emeralds",24,"Man",1,"23",71,"1",0
121,"bandit","GlobalLearn","50","A bandit","Emeralds",24,"Man",1,"24",86,"1",0
121,"bandit","GlobalLearn","50","A bandit","Emeralds",24,"Man",1,"25",100,"1",0
121,"bandit","GlobalLearn","50","A bandit","Emeralds",24,"Man",1,"26",100,"1",0
121,"bandit","GlobalLearn","50","A bandit","Emeralds",24,"Man",1,"27",100,"1",0
121,"bandit","GlobalLearn","50","A bandit","Emeralds",24,"Man",1,"28",73,"1",0
121,"bandit","GlobalLearn","50","A bandit","Emeralds",24,"Man",1,"29",58,"0",0
121,"bandit","GlobalLearn","50","A bandit","Emeralds",24,"Man",1,"30",33,"0",1
121,"bandit","GlobalLearn","50","A bandit","Emeralds",24,"Man",1,"31",30,"0",1
121,"bandit","GlobalLearn","50","A bandit","Emeralds",24,"Man",1,"32",39,"0",0
121,"bandit","GlobalLearn","50","A bandit","Emeralds",24,"Man",1,"33",22,"0",0
121,"bandit","GlobalLearn","50","A bandit","Emeralds",24,"Man",1,"34",30,"0",0
121,"bandit","GlobalLearn","50","A bandit","Emeralds",24,"Man",1,"35",32,"0",1
121,"bandit","GlobalLearn","50","A bandit","Emeralds",24,"Man",1,"36",32,"0",0
121,"bandit","GlobalLearn","50","A bandit","Emeralds",24,"Man",1,"37",22,"0",1
121,"bandit","GlobalLearn","50","A bandit","Emeralds",24,"Man",1,"38",60,"0",0
121,"bandit","GlobalLearn","50","A bandit","Emeralds",24,"Man",1,"39",61,"0",0
121,"bandit","GlobalLearn","50","A bandit","Emeralds",24,"Man",1,"40",26,"1",0
121,"bandit","GlobalLearn","50","A bandit","Emeralds",24,"Man",1,"41",10,"1",0
121,"bandit","GlobalLearn","50","A bandit","Emeralds",24,"Man",1,"42",5,"1",0
121,"bandit","GlobalLearn","50","A bandit","Emeralds",24,"Man",1,"43",6,"0",0
121,"bandit","GlobalLearn","50","A bandit","Emeralds",24,"Man",1,"44",4,"0",1
121,"bandit","GlobalLearn","50","A bandit","Emeralds",24,"Man",1,"45",11,"0",0
121,"bandit","GlobalLearn","50","A bandit","Emeralds",24,"Man",1,"46",28,"0",0
121,"bandit","GlobalLearn","50","A bandit","Emeralds",24,"Man",1,"47",40,"0",0
121,"bandit","GlobalLearn","50","A bandit","Emeralds",24,"Man",1,"48",52,"0",0
121,"bandit","GlobalLearn","50","A bandit","Emeralds",24,"Man",1,"49",69,"0",0
121,"bandit","GlobalLearn","50","A bandit","Emeralds",24,"Man",1,"50",51,"0",1
122,"sheriff","GlobalLearn","51","A sheriff","Emeralds",52,"Man",1,"1",99,"0",1
122,"sheriff","GlobalLearn","51","A sheriff","Emeralds",52,"Man",1,"2",100,"0",0
122,"sheriff","GlobalLearn","51","A sheriff","Emeralds",52,"Man",1,"3",71,"0",0
122,"sheriff","GlobalLearn","51","A sheriff","Emeralds",52,"Man",1,"4",73,"0",1
122,"sheriff","GlobalLearn","51","A sheriff","Emeralds",52,"Man",1,"5",100,"1",0
122,"sheriff","GlobalLearn","51","A sheriff","Emeralds",52,"Man",1,"6",75,"1",0
122,"sheriff","GlobalLearn","51","A sheriff","Emeralds",52,"Man",1,"7",55,"1",0
122,"sheriff","GlobalLearn","51","A sheriff","Emeralds",52,"Man",1,"8",28,"0",0
122,"sheriff","GlobalLearn","51","A sheriff","Emeralds",52,"Man",1,"9",40,"0",1
122,"sheriff","GlobalLearn","51","A sheriff","Emeralds",52,"Man",1,"10",15,"0",0
122,"sheriff","GlobalLearn","51","A sheriff","Emeralds",52,"Man",1,"11",29,"0",1
122,"sheriff","GlobalLearn","51","A sheriff","Emeralds",52,"Man",1,"12",46,"0",1
122,"sheriff","GlobalLearn","51","A sheriff","Emeralds",52,"Man",1,"13",60,"0",1
122,"sheriff","GlobalLearn","51","A sheriff","Emeralds",52,"Man",1,"14",35,"0",1
122,"sheriff","GlobalLearn","51","A sheriff","Emeralds",52,"Man",1,"15",25,"0",1
122,"sheriff","GlobalLearn","51","A sheriff","Emeralds",52,"Man",1,"16",10,"0",0
122,"sheriff","GlobalLearn","51","A sheriff","Emeralds",52,"Man",1,"17",12,"0",1
122,"sheriff","GlobalLearn","51","A sheriff","Emeralds",52,"Man",1,"18",8,"0",1
122,"sheriff","GlobalLearn","51","A sheriff","Emeralds",52,"Man",1,"19",15,"0",0
122,"sheriff","GlobalLearn","51","A sheriff","Emeralds",52,"Man",1,"20",9,"0",1
122,"sheriff","GlobalLearn","51","A sheriff","Emeralds",52,"Man",1,"21",11,"0",1
122,"sheriff","GlobalLearn","51","A sheriff","Emeralds",52,"Man",1,"22",11,"0",0
122,"sheriff","GlobalLearn","51","A sheriff","Emeralds",52,"Man",1,"23",12,"0",1
122,"sheriff","GlobalLearn","51","A sheriff","Emeralds",52,"Man",1,"24",9,"0",1
122,"sheriff","GlobalLearn","51","A sheriff","Emeralds",52,"Man",1,"25",13,"0",1
122,"sheriff","GlobalLearn","51","A sheriff","Emeralds",52,"Man",1,"26",8,"0",0
122,"sheriff","GlobalLearn","51","A sheriff","Emeralds",52,"Man",1,"27",6,"0",1
122,"sheriff","GlobalLearn","51","A sheriff","Emeralds",52,"Man",1,"28",7,"0",1
122,"sheriff","GlobalLearn","51","A sheriff","Emeralds",52,"Man",1,"29",7,"0",1
122,"sheriff","GlobalLearn","51","A sheriff","Emeralds",52,"Man",1,"30",6,"0",1
122,"sheriff","GlobalLearn","51","A sheriff","Emeralds",52,"Man",1,"31",9,"0",1
122,"sheriff","GlobalLearn","51","A sheriff","Emeralds",52,"Man",1,"32",8,"0",1
122,"sheriff","GlobalLearn","51","A sheriff","Emeralds",52,"Man",1,"33",12,"0",1
122,"sheriff","GlobalLearn","51","A sheriff","Emeralds",52,"Man",1,"34",11,"0",0
122,"sheriff","GlobalLearn","51","A sheriff","Emeralds",52,"Man",1,"35",8,"0",0
122,"sheriff","GlobalLearn","51","A sheriff","Emeralds",52,"Man",1,"36",10,"0",1
122,"sheriff","GlobalLearn","51","A sheriff","Emeralds",52,"Man",1,"37",9,"0",1
122,"sheriff","GlobalLearn","51","A sheriff","Emeralds",52,"Man",1,"38",0,"0",0
122,"sheriff","GlobalLearn","51","A sheriff","Emeralds",52,"Man",1,"39",3,"0",1
122,"sheriff","GlobalLearn","51","A sheriff","Emeralds",52,"Man",1,"40",3,"0",1
122,"sheriff","GlobalLearn","51","A sheriff","Emeralds",52,"Man",1,"41",9,"0",1
122,"sheriff","GlobalLearn","51","A sheriff","Emeralds",52,"Man",1,"42",7,"0",1
122,"sheriff","GlobalLearn","51","A sheriff","Emeralds",52,"Man",1,"43",10,"0",1
122,"sheriff","GlobalLearn","51","A sheriff","Emeralds",52,"Man",1,"44",7,"0",1
122,"sheriff","GlobalLearn","51","A sheriff","Emeralds",52,"Man",1,"45",2,"0",0
122,"sheriff","GlobalLearn","51","A sheriff","Emeralds",52,"Man",1,"46",6,"0",0
122,"sheriff","GlobalLearn","51","A sheriff","Emeralds",52,"Man",1,"47",2,"0",1
122,"sheriff","GlobalLearn","51","A sheriff","Emeralds",52,"Man",1,"48",1,"0",1
122,"sheriff","GlobalLearn","51","A sheriff","Emeralds",52,"Man",1,"49",4,"0",0
122,"sheriff","GlobalLearn","51","A sheriff","Emeralds",52,"Man",1,"50",5,"0",0
123,"tycoon","GlobalLearn","4","A tycoon","Emeralds",33,"Woman",1,"1",100,"0",1
123,"tycoon","GlobalLearn","4","A tycoon","Emeralds",33,"Woman",1,"2",0,"0",0
123,"tycoon","GlobalLearn","4","A tycoon","Emeralds",33,"Woman",1,"3",100,"0",1
123,"tycoon","GlobalLearn","4","A tycoon","Emeralds",33,"Woman",1,"4",100,"0",1
123,"tycoon","GlobalLearn","4","A tycoon","Emeralds",33,"Woman",1,"5",100,"0",1
123,"tycoon","GlobalLearn","4","A tycoon","Emeralds",33,"Woman",1,"6",100,"0",1
123,"tycoon","GlobalLearn","4","A tycoon","Emeralds",33,"Woman",1,"7",0,"0",1
123,"tycoon","GlobalLearn","4","A tycoon","Emeralds",33,"Woman",1,"8",50,"0",1
123,"tycoon","GlobalLearn","4","A tycoon","Emeralds",33,"Woman",1,"9",50,"0",1
123,"tycoon","GlobalLearn","4","A tycoon","Emeralds",33,"Woman",1,"10",50,"0",0
123,"tycoon","GlobalLearn","4","A tycoon","Emeralds",33,"Woman",1,"11",50,"0",1
123,"tycoon","GlobalLearn","4","A tycoon","Emeralds",33,"Woman",1,"12",50,"0",1
123,"tycoon","GlobalLearn","4","A tycoon","Emeralds",33,"Woman",1,"13",50,"0",1
123,"tycoon","GlobalLearn","4","A tycoon","Emeralds",33,"Woman",1,"14",50,"0",1
123,"tycoon","GlobalLearn","4","A tycoon","Emeralds",33,"Woman",1,"15",50,"0",1
123,"tycoon","GlobalLearn","4","A tycoon","Emeralds",33,"Woman",1,"16",50,"0",1
123,"tycoon","GlobalLearn","4","A tycoon","Emeralds",33,"Woman",1,"17",50,"0",1
123,"tycoon","GlobalLearn","4","A tycoon","Emeralds",33,"Woman",1,"18",50,"0",1
123,"tycoon","GlobalLearn","4","A tycoon","Emeralds",33,"Woman",1,"19",0,"0",0
123,"tycoon","GlobalLearn","4","A tycoon","Emeralds",33,"Woman",1,"20",50,"0",1
123,"tycoon","GlobalLearn","4","A tycoon","Emeralds",33,"Woman",1,"21",50,"0",1
123,"tycoon","GlobalLearn","4","A tycoon","Emeralds",33,"Woman",1,"22",50,"0",1
123,"tycoon","GlobalLearn","4","A tycoon","Emeralds",33,"Woman",1,"23",50,"0",1
123,"tycoon","GlobalLearn","4","A tycoon","Emeralds",33,"Woman",1,"24",50,"0",1
123,"tycoon","GlobalLearn","4","A tycoon","Emeralds",33,"Woman",1,"25",50,"0",1
123,"tycoon","GlobalLearn","4","A tycoon","Emeralds",33,"Woman",1,"26",50,"0",1
123,"tycoon","GlobalLearn","4","A tycoon","Emeralds",33,"Woman",1,"27",50,"0",1
123,"tycoon","GlobalLearn","4","A tycoon","Emeralds",33,"Woman",1,"28",0,"0",0
123,"tycoon","GlobalLearn","4","A tycoon","Emeralds",33,"Woman",1,"29",50,"0",1
123,"tycoon","GlobalLearn","4","A tycoon","Emeralds",33,"Woman",1,"30",0,"0",1
123,"tycoon","GlobalLearn","4","A tycoon","Emeralds",33,"Woman",1,"31",0,"0",1
123,"tycoon","GlobalLearn","4","A tycoon","Emeralds",33,"Woman",1,"32",0,"0",1
123,"tycoon","GlobalLearn","4","A tycoon","Emeralds",33,"Woman",1,"33",0,"0",1
123,"tycoon","GlobalLearn","4","A tycoon","Emeralds",33,"Woman",1,"34",0,"0",1
123,"tycoon","GlobalLearn","4","A tycoon","Emeralds",33,"Woman",1,"35",0,"0",0
123,"tycoon","GlobalLearn","4","A tycoon","Emeralds",33,"Woman",1,"36",0,"0",0
123,"tycoon","GlobalLearn","4","A tycoon","Emeralds",33,"Woman",1,"37",0,"0",0
123,"tycoon","GlobalLearn","4","A tycoon","Emeralds",33,"Woman",1,"38",0,"0",0
123,"tycoon","GlobalLearn","4","A tycoon","Emeralds",33,"Woman",1,"39",0,"0",1
123,"tycoon","GlobalLearn","4","A tycoon","Emeralds",33,"Woman",1,"40",0,"0",1
123,"tycoon","GlobalLearn","4","A tycoon","Emeralds",33,"Woman",1,"41",0,"0",1
123,"tycoon","GlobalLearn","4","A tycoon","Emeralds",33,"Woman",1,"42",0,"0",1
123,"tycoon","GlobalLearn","4","A tycoon","Emeralds",33,"Woman",1,"43",0,"0",1
123,"tycoon","GlobalLearn","4","A tycoon","Emeralds",33,"Woman",1,"44",0,"0",1
123,"tycoon","GlobalLearn","4","A tycoon","Emeralds",33,"Woman",1,"45",0,"0",1
123,"tycoon","GlobalLearn","4","A tycoon","Emeralds",33,"Woman",1,"46",0,"0",0
123,"tycoon","GlobalLearn","4","A tycoon","Emeralds",33,"Woman",1,"47",0,"0",1
123,"tycoon","GlobalLearn","4","A tycoon","Emeralds",33,"Woman",1,"48",0,"0",1
123,"tycoon","GlobalLearn","4","A tycoon","Emeralds",33,"Woman",1,"49",0,"0",1
123,"tycoon","GlobalLearn","4","A tycoon","Emeralds",33,"Woman",1,"50",0,"0",1
124,"tycoon","GlobalLearn","40","A tycoon","Emeralds",23,"Woman",1,"1",81,"0",1
124,"tycoon","GlobalLearn","40","A tycoon","Emeralds",23,"Woman",1,"2",63,"0",1
124,"tycoon","GlobalLearn","40","A tycoon","Emeralds",23,"Woman",1,"3",26,"0",0
124,"tycoon","GlobalLearn","40","A tycoon","Emeralds",23,"Woman",1,"4",84,"1",1
124,"tycoon","GlobalLearn","40","A tycoon","Emeralds",23,"Woman",1,"5",67,"1",1
124,"tycoon","GlobalLearn","40","A tycoon","Emeralds",23,"Woman",1,"6",17,"1",0
124,"tycoon","GlobalLearn","40","A tycoon","Emeralds",23,"Woman",1,"7",60,"1",1
124,"tycoon","GlobalLearn","40","A tycoon","Emeralds",23,"Woman",1,"8",26,"1",0
124,"tycoon","GlobalLearn","40","A tycoon","Emeralds",23,"Woman",1,"9",11,"1",0
124,"tycoon","GlobalLearn","40","A tycoon","Emeralds",23,"Woman",1,"10",80,"0",1
124,"tycoon","GlobalLearn","40","A tycoon","Emeralds",23,"Woman",1,"11",75,"0",1
124,"tycoon","GlobalLearn","40","A tycoon","Emeralds",23,"Woman",1,"12",4,"0",0
124,"tycoon","GlobalLearn","40","A tycoon","Emeralds",23,"Woman",1,"13",68,"0",1
124,"tycoon","GlobalLearn","40","A tycoon","Emeralds",23,"Woman",1,"14",0,"0",0
124,"tycoon","GlobalLearn","40","A tycoon","Emeralds",23,"Woman",1,"15",83,"0",1
124,"tycoon","GlobalLearn","40","A tycoon","Emeralds",23,"Woman",1,"16",62,"0",1
124,"tycoon","GlobalLearn","40","A tycoon","Emeralds",23,"Woman",1,"17",23,"0",0
124,"tycoon","GlobalLearn","40","A tycoon","Emeralds",23,"Woman",1,"18",82,"0",1
124,"tycoon","GlobalLearn","40","A tycoon","Emeralds",23,"Woman",1,"19",23,"0",0
124,"tycoon","GlobalLearn","40","A tycoon","Emeralds",23,"Woman",1,"20",87,"0",1
124,"tycoon","GlobalLearn","40","A tycoon","Emeralds",23,"Woman",1,"21",86,"0",1
124,"tycoon","GlobalLearn","40","A tycoon","Emeralds",23,"Woman",1,"22",69,"0",1
124,"tycoon","GlobalLearn","40","A tycoon","Emeralds",23,"Woman",1,"23",100,"0",1
124,"tycoon","GlobalLearn","40","A tycoon","Emeralds",23,"Woman",1,"24",62,"0",1
124,"tycoon","GlobalLearn","40","A tycoon","Emeralds",23,"Woman",1,"25",65,"0",1
124,"tycoon","GlobalLearn","40","A tycoon","Emeralds",23,"Woman",1,"26",85,"0",1
124,"tycoon","GlobalLearn","40","A tycoon","Emeralds",23,"Woman",1,"27",31,"0",0
124,"tycoon","GlobalLearn","40","A tycoon","Emeralds",23,"Woman",1,"28",23,"0",0
124,"tycoon","GlobalLearn","40","A tycoon","Emeralds",23,"Woman",1,"29",89,"0",1
124,"tycoon","GlobalLearn","40","A tycoon","Emeralds",23,"Woman",1,"30",89,"0",1
124,"tycoon","GlobalLearn","40","A tycoon","Emeralds",23,"Woman",1,"31",87,"0",1
124,"tycoon","GlobalLearn","40","A tycoon","Emeralds",23,"Woman",1,"32",100,"0",1
124,"tycoon","GlobalLearn","40","A tycoon","Emeralds",23,"Woman",1,"33",100,"0",1
124,"tycoon","GlobalLearn","40","A tycoon","Emeralds",23,"Woman",1,"34",100,"0",1
124,"tycoon","GlobalLearn","40","A tycoon","Emeralds",23,"Woman",1,"35",0,"0",0
124,"tycoon","GlobalLearn","40","A tycoon","Emeralds",23,"Woman",1,"36",85,"0",1
124,"tycoon","GlobalLearn","40","A tycoon","Emeralds",23,"Woman",1,"37",89,"0",1
124,"tycoon","GlobalLearn","40","A tycoon","Emeralds",23,"Woman",1,"38",71,"0",1
124,"tycoon","GlobalLearn","40","A tycoon","Emeralds",23,"Woman",1,"39",76,"0",1
124,"tycoon","GlobalLearn","40","A tycoon","Emeralds",23,"Woman",1,"40",73,"0",1
124,"tycoon","GlobalLearn","40","A tycoon","Emeralds",23,"Woman",1,"41",13,"0",0
124,"tycoon","GlobalLearn","40","A tycoon","Emeralds",23,"Woman",1,"42",80,"0",1
124,"tycoon","GlobalLearn","40","A tycoon","Emeralds",23,"Woman",1,"43",72,"0",1
124,"tycoon","GlobalLearn","40","A tycoon","Emeralds",23,"Woman",1,"44",6,"0",0
124,"tycoon","GlobalLearn","40","A tycoon","Emeralds",23,"Woman",1,"45",4,"0",0
124,"tycoon","GlobalLearn","40","A tycoon","Emeralds",23,"Woman",1,"46",70,"0",1
124,"tycoon","GlobalLearn","40","A tycoon","Emeralds",23,"Woman",1,"47",5,"0",0
124,"tycoon","GlobalLearn","40","A tycoon","Emeralds",23,"Woman",1,"48",70,"0",1
124,"tycoon","GlobalLearn","40","A tycoon","Emeralds",23,"Woman",1,"49",64,"0",1
124,"tycoon","GlobalLearn","40","A tycoon","Emeralds",23,"Woman",1,"50",62,"0",1
125,"tycoon","GlobalLearn","18","A tycoon","Emeralds",42,"Woman",1,"1",100,"0",1
125,"tycoon","GlobalLearn","18","A tycoon","Emeralds",42,"Woman",1,"2",100,"0",1
125,"tycoon","GlobalLearn","18","A tycoon","Emeralds",42,"Woman",1,"3",100,"0",1
125,"tycoon","GlobalLearn","18","A tycoon","Emeralds",42,"Woman",1,"4",100,"0",1
125,"tycoon","GlobalLearn","18","A tycoon","Emeralds",42,"Woman",1,"5",100,"0",1
125,"tycoon","GlobalLearn","18","A tycoon","Emeralds",42,"Woman",1,"6",100,"0",1
125,"tycoon","GlobalLearn","18","A tycoon","Emeralds",42,"Woman",1,"7",0,"0",0
125,"tycoon","GlobalLearn","18","A tycoon","Emeralds",42,"Woman",1,"8",100,"0",1
125,"tycoon","GlobalLearn","18","A tycoon","Emeralds",42,"Woman",1,"9",100,"0",1
125,"tycoon","GlobalLearn","18","A tycoon","Emeralds",42,"Woman",1,"10",100,"0",1
125,"tycoon","GlobalLearn","18","A tycoon","Emeralds",42,"Woman",1,"11",0,"0",0
125,"tycoon","GlobalLearn","18","A tycoon","Emeralds",42,"Woman",1,"12",100,"0",1
125,"tycoon","GlobalLearn","18","A tycoon","Emeralds",42,"Woman",1,"13",100,"0",1
125,"tycoon","GlobalLearn","18","A tycoon","Emeralds",42,"Woman",1,"14",100,"0",1
125,"tycoon","GlobalLearn","18","A tycoon","Emeralds",42,"Woman",1,"15",0,"0",0
125,"tycoon","GlobalLearn","18","A tycoon","Emeralds",42,"Woman",1,"16",100,"1",1
125,"tycoon","GlobalLearn","18","A tycoon","Emeralds",42,"Woman",1,"17",0,"1",0
125,"tycoon","GlobalLearn","18","A tycoon","Emeralds",42,"Woman",1,"18",0,"1",0
125,"tycoon","GlobalLearn","18","A tycoon","Emeralds",42,"Woman",1,"19",100,"0",1
125,"tycoon","GlobalLearn","18","A tycoon","Emeralds",42,"Woman",1,"20",0,"0",0
125,"tycoon","GlobalLearn","18","A tycoon","Emeralds",42,"Woman",1,"21",100,"0",1
125,"tycoon","GlobalLearn","18","A tycoon","Emeralds",42,"Woman",1,"22",0,"0",0
125,"tycoon","GlobalLearn","18","A tycoon","Emeralds",42,"Woman",1,"23",100,"0",1
125,"tycoon","GlobalLearn","18","A tycoon","Emeralds",42,"Woman",1,"24",100,"0",1
125,"tycoon","GlobalLearn","18","A tycoon","Emeralds",42,"Woman",1,"25",0,"0",0
125,"tycoon","GlobalLearn","18","A tycoon","Emeralds",42,"Woman",1,"26",0,"1",0
125,"tycoon","GlobalLearn","18","A tycoon","Emeralds",42,"Woman",1,"27",100,"1",1
125,"tycoon","GlobalLearn","18","A tycoon","Emeralds",42,"Woman",1,"28",0,"0",0
125,"tycoon","GlobalLearn","18","A tycoon","Emeralds",42,"Woman",1,"29",100,"0",1
125,"tycoon","GlobalLearn","18","A tycoon","Emeralds",42,"Woman",1,"30",0,"1",0
125,"tycoon","GlobalLearn","18","A tycoon","Emeralds",42,"Woman",1,"31",100,"0",1
125,"tycoon","GlobalLearn","18","A tycoon","Emeralds",42,"Woman",1,"32",100,"0",1
125,"tycoon","GlobalLearn","18","A tycoon","Emeralds",42,"Woman",1,"33",0,"0",0
125,"tycoon","GlobalLearn","18","A tycoon","Emeralds",42,"Woman",1,"34",0,"1",0
125,"tycoon","GlobalLearn","18","A tycoon","Emeralds",42,"Woman",1,"35",100,"0",1
125,"tycoon","GlobalLearn","18","A tycoon","Emeralds",42,"Woman",1,"36",100,"0",1
125,"tycoon","GlobalLearn","18","A tycoon","Emeralds",42,"Woman",1,"37",100,"0",1
125,"tycoon","GlobalLearn","18","A tycoon","Emeralds",42,"Woman",1,"38",0,"0",0
125,"tycoon","GlobalLearn","18","A tycoon","Emeralds",42,"Woman",1,"39",100,"1",1
125,"tycoon","GlobalLearn","18","A tycoon","Emeralds",42,"Woman",1,"40",0,"1",0
125,"tycoon","GlobalLearn","18","A tycoon","Emeralds",42,"Woman",1,"41",0,"0",0
125,"tycoon","GlobalLearn","18","A tycoon","Emeralds",42,"Woman",1,"42",100,"0",1
125,"tycoon","GlobalLearn","18","A tycoon","Emeralds",42,"Woman",1,"43",0,"0",0
125,"tycoon","GlobalLearn","18","A tycoon","Emeralds",42,"Woman",1,"44",100,"0",1
125,"tycoon","GlobalLearn","18","A tycoon","Emeralds",42,"Woman",1,"45",100,"0",1
125,"tycoon","GlobalLearn","18","A tycoon","Emeralds",42,"Woman",1,"46",100,"0",1
125,"tycoon","GlobalLearn","18","A tycoon","Emeralds",42,"Woman",1,"47",100,"0",1
125,"tycoon","GlobalLearn","18","A tycoon","Emeralds",42,"Woman",1,"48",100,"0",1
125,"tycoon","GlobalLearn","18","A tycoon","Emeralds",42,"Woman",1,"49",0,"0",0
125,"tycoon","GlobalLearn","18","A tycoon","Emeralds",42,"Woman",1,"50",100,"0",1
126,"tycoon","GlobalLearn","66","A tycoon","Emeralds",22,"Man",1,"1",25,"0",1
126,"tycoon","GlobalLearn","66","A tycoon","Emeralds",22,"Man",1,"2",7,"0",0
126,"tycoon","GlobalLearn","66","A tycoon","Emeralds",22,"Man",1,"3",27,"1",1
126,"tycoon","GlobalLearn","66","A tycoon","Emeralds",22,"Man",1,"4",52,"1",1
126,"tycoon","GlobalLearn","66","A tycoon","Emeralds",22,"Man",1,"5",83,"1",1
126,"tycoon","GlobalLearn","66","A tycoon","Emeralds",22,"Man",1,"6",24,"1",1
126,"tycoon","GlobalLearn","66","A tycoon","Emeralds",22,"Man",1,"7",4,"1",1
126,"tycoon","GlobalLearn","66","A tycoon","Emeralds",22,"Man",1,"8",0,"1",0
126,"tycoon","GlobalLearn","66","A tycoon","Emeralds",22,"Man",1,"9",13,"1",0
126,"tycoon","GlobalLearn","66","A tycoon","Emeralds",22,"Man",1,"10",53,"0",1
126,"tycoon","GlobalLearn","66","A tycoon","Emeralds",22,"Man",1,"11",61,"0",1
126,"tycoon","GlobalLearn","66","A tycoon","Emeralds",22,"Man",1,"12",78,"0",1
126,"tycoon","GlobalLearn","66","A tycoon","Emeralds",22,"Man",1,"13",100,"0",1
126,"tycoon","GlobalLearn","66","A tycoon","Emeralds",22,"Man",1,"14",100,"0",1
126,"tycoon","GlobalLearn","66","A tycoon","Emeralds",22,"Man",1,"15",77,"0",0
126,"tycoon","GlobalLearn","66","A tycoon","Emeralds",22,"Man",1,"16",31,"0",1
126,"tycoon","GlobalLearn","66","A tycoon","Emeralds",22,"Man",1,"17",70,"0",1
126,"tycoon","GlobalLearn","66","A tycoon","Emeralds",22,"Man",1,"18",3,"0",0
126,"tycoon","GlobalLearn","66","A tycoon","Emeralds",22,"Man",1,"19",80,"1",0
126,"tycoon","GlobalLearn","66","A tycoon","Emeralds",22,"Man",1,"20",84,"1",0
126,"tycoon","GlobalLearn","66","A tycoon","Emeralds",22,"Man",1,"21",77,"0",1
126,"tycoon","GlobalLearn","66","A tycoon","Emeralds",22,"Man",1,"22",17,"0",0
126,"tycoon","GlobalLearn","66","A tycoon","Emeralds",22,"Man",1,"23",7,"0",0
126,"tycoon","GlobalLearn","66","A tycoon","Emeralds",22,"Man",1,"24",17,"0",0
126,"tycoon","GlobalLearn","66","A tycoon","Emeralds",22,"Man",1,"25",92,"1",0
126,"tycoon","GlobalLearn","66","A tycoon","Emeralds",22,"Man",1,"26",87,"0",1
126,"tycoon","GlobalLearn","66","A tycoon","Emeralds",22,"Man",1,"27",10,"0",0
126,"tycoon","GlobalLearn","66","A tycoon","Emeralds",22,"Man",1,"28",85,"1",1
126,"tycoon","GlobalLearn","66","A tycoon","Emeralds",22,"Man",1,"29",84,"1",1
126,"tycoon","GlobalLearn","66","A tycoon","Emeralds",22,"Man",1,"30",100,"1",1
126,"tycoon","GlobalLearn","66","A tycoon","Emeralds",22,"Man",1,"31",24,"1",0
126,"tycoon","GlobalLearn","66","A tycoon","Emeralds",22,"Man",1,"32",91,"1",1
126,"tycoon","GlobalLearn","66","A tycoon","Emeralds",22,"Man",1,"33",82,"1",0
126,"tycoon","GlobalLearn","66","A tycoon","Emeralds",22,"Man",1,"34",100,"0",1
126,"tycoon","GlobalLearn","66","A tycoon","Emeralds",22,"Man",1,"35",100,"0",1
126,"tycoon","GlobalLearn","66","A tycoon","Emeralds",22,"Man",1,"36",9,"0",1
126,"tycoon","GlobalLearn","66","A tycoon","Emeralds",22,"Man",1,"37",3,"0",1
126,"tycoon","GlobalLearn","66","A tycoon","Emeralds",22,"Man",1,"38",14,"0",1
126,"tycoon","GlobalLearn","66","A tycoon","Emeralds",22,"Man",1,"39",3,"0",1
126,"tycoon","GlobalLearn","66","A tycoon","Emeralds",22,"Man",1,"40",0,"0",1
126,"tycoon","GlobalLearn","66","A tycoon","Emeralds",22,"Man",1,"41",0,"0",1
126,"tycoon","GlobalLearn","66","A tycoon","Emeralds",22,"Man",1,"42",9,"0",0
126,"tycoon","GlobalLearn","66","A tycoon","Emeralds",22,"Man",1,"43",0,"0",1
126,"tycoon","GlobalLearn","66","A tycoon","Emeralds",22,"Man",1,"44",0,"0",1
126,"tycoon","GlobalLearn","66","A tycoon","Emeralds",22,"Man",1,"45",92,"0",1
126,"tycoon","GlobalLearn","66","A tycoon","Emeralds",22,"Man",1,"46",79,"0",1
126,"tycoon","GlobalLearn","66","A tycoon","Emeralds",22,"Man",1,"47",18,"0",0
126,"tycoon","GlobalLearn","66","A tycoon","Emeralds",22,"Man",1,"48",100,"0",0
126,"tycoon","GlobalLearn","66","A tycoon","Emeralds",22,"Man",1,"49",27,"0",1
126,"tycoon","GlobalLearn","66","A tycoon","Emeralds",22,"Man",1,"50",76,"0",1
127,"tycoon","GlobalLearn","39","A tycoon","Emeralds",21,"Man",1,"1",62,"1",1
127,"tycoon","GlobalLearn","39","A tycoon","Emeralds",21,"Man",1,"2",77,"1",0
127,"tycoon","GlobalLearn","39","A tycoon","Emeralds",21,"Man",1,"3",71,"1",1
127,"tycoon","GlobalLearn","39","A tycoon","Emeralds",21,"Man",1,"4",29,"1",1
127,"tycoon","GlobalLearn","39","A tycoon","Emeralds",21,"Man",1,"5",32,"1",0
127,"tycoon","GlobalLearn","39","A tycoon","Emeralds",21,"Man",1,"6",20,"1",0
127,"tycoon","GlobalLearn","39","A tycoon","Emeralds",21,"Man",1,"7",75,"1",1
127,"tycoon","GlobalLearn","39","A tycoon","Emeralds",21,"Man",1,"8",74,"1",1
127,"tycoon","GlobalLearn","39","A tycoon","Emeralds",21,"Man",1,"9",30,"1",0
127,"tycoon","GlobalLearn","39","A tycoon","Emeralds",21,"Man",1,"10",71,"0",1
127,"tycoon","GlobalLearn","39","A tycoon","Emeralds",21,"Man",1,"11",78,"0",1
127,"tycoon","GlobalLearn","39","A tycoon","Emeralds",21,"Man",1,"12",80,"0",0
127,"tycoon","GlobalLearn","39","A tycoon","Emeralds",21,"Man",1,"13",69,"0",1
127,"tycoon","GlobalLearn","39","A tycoon","Emeralds",21,"Man",1,"14",36,"1",1
127,"tycoon","GlobalLearn","39","A tycoon","Emeralds",21,"Man",1,"15",63,"1",0
127,"tycoon","GlobalLearn","39","A tycoon","Emeralds",21,"Man",1,"16",73,"0",1
127,"tycoon","GlobalLearn","39","A tycoon","Emeralds",21,"Man",1,"17",66,"0",1
127,"tycoon","GlobalLearn","39","A tycoon","Emeralds",21,"Man",1,"18",57,"0",0
127,"tycoon","GlobalLearn","39","A tycoon","Emeralds",21,"Man",1,"19",38,"1",0
127,"tycoon","GlobalLearn","39","A tycoon","Emeralds",21,"Man",1,"20",62,"1",1
127,"tycoon","GlobalLearn","39","A tycoon","Emeralds",21,"Man",1,"21",77,"1",1
127,"tycoon","GlobalLearn","39","A tycoon","Emeralds",21,"Man",1,"22",57,"1",0
127,"tycoon","GlobalLearn","39","A tycoon","Emeralds",21,"Man",1,"23",65,"0",1
127,"tycoon","GlobalLearn","39","A tycoon","Emeralds",21,"Man",1,"24",74,"0",1
127,"tycoon","GlobalLearn","39","A tycoon","Emeralds",21,"Man",1,"25",60,"0",1
127,"tycoon","GlobalLearn","39","A tycoon","Emeralds",21,"Man",1,"26",62,"0",1
127,"tycoon","GlobalLearn","39","A tycoon","Emeralds",21,"Man",1,"27",62,"0",1
127,"tycoon","GlobalLearn","39","A tycoon","Emeralds",21,"Man",1,"28",57,"0",0
127,"tycoon","GlobalLearn","39","A tycoon","Emeralds",21,"Man",1,"29",40,"1",0
127,"tycoon","GlobalLearn","39","A tycoon","Emeralds",21,"Man",1,"30",75,"1",1
127,"tycoon","GlobalLearn","39","A tycoon","Emeralds",21,"Man",1,"31",66,"1",0
127,"tycoon","GlobalLearn","39","A tycoon","Emeralds",21,"Man",1,"32",68,"0",1
127,"tycoon","GlobalLearn","39","A tycoon","Emeralds",21,"Man",1,"33",41,"0",0
127,"tycoon","GlobalLearn","39","A tycoon","Emeralds",21,"Man",1,"34",38,"1",0
127,"tycoon","GlobalLearn","39","A tycoon","Emeralds",21,"Man",1,"35",38,"1",0
127,"tycoon","GlobalLearn","39","A tycoon","Emeralds",21,"Man",1,"36",65,"0",1
127,"tycoon","GlobalLearn","39","A tycoon","Emeralds",21,"Man",1,"37",58,"0",1
127,"tycoon","GlobalLearn","39","A tycoon","Emeralds",21,"Man",1,"38",60,"0",1
127,"tycoon","GlobalLearn","39","A tycoon","Emeralds",21,"Man",1,"39",61,"0",1
127,"tycoon","GlobalLearn","39","A tycoon","Emeralds",21,"Man",1,"40",63,"0",1
127,"tycoon","GlobalLearn","39","A tycoon","Emeralds",21,"Man",1,"41",69,"0",1
127,"tycoon","GlobalLearn","39","A tycoon","Emeralds",21,"Man",1,"42",61,"0",1
127,"tycoon","GlobalLearn","39","A tycoon","Emeralds",21,"Man",1,"43",61,"0",1
127,"tycoon","GlobalLearn","39","A tycoon","Emeralds",21,"Man",1,"44",66,"0",1
127,"tycoon","GlobalLearn","39","A tycoon","Emeralds",21,"Man",1,"45",63,"0",1
127,"tycoon","GlobalLearn","39","A tycoon","Emeralds",21,"Man",1,"46",63,"0",1
127,"tycoon","GlobalLearn","39","A tycoon","Emeralds",21,"Man",1,"47",44,"0",0
127,"tycoon","GlobalLearn","39","A tycoon","Emeralds",21,"Man",1,"48",39,"1",0
127,"tycoon","GlobalLearn","39","A tycoon","Emeralds",21,"Man",1,"49",38,"1",0
127,"tycoon","GlobalLearn","39","A tycoon","Emeralds",21,"Man",1,"50",42,"0",0
128,"tycoon","GlobalLearn","72","A tycoon","Emeralds",43,"Man",1,"1",84,"0",1
128,"tycoon","GlobalLearn","72","A tycoon","Emeralds",43,"Man",1,"2",79,"0",1
128,"tycoon","GlobalLearn","72","A tycoon","Emeralds",43,"Man",1,"3",100,"0",1
128,"tycoon","GlobalLearn","72","A tycoon","Emeralds",43,"Man",1,"4",100,"0",1
128,"tycoon","GlobalLearn","72","A tycoon","Emeralds",43,"Man",1,"5",100,"0",1
128,"tycoon","GlobalLearn","72","A tycoon","Emeralds",43,"Man",1,"6",100,"0",1
128,"tycoon","GlobalLearn","72","A tycoon","Emeralds",43,"Man",1,"7",100,"0",1
128,"tycoon","GlobalLearn","72","A tycoon","Emeralds",43,"Man",1,"8",100,"0",0
128,"tycoon","GlobalLearn","72","A tycoon","Emeralds",43,"Man",1,"9",20,"0",1
128,"tycoon","GlobalLearn","72","A tycoon","Emeralds",43,"Man",1,"10",21,"0",1
128,"tycoon","GlobalLearn","72","A tycoon","Emeralds",43,"Man",1,"11",24,"0",1
128,"tycoon","GlobalLearn","72","A tycoon","Emeralds",43,"Man",1,"12",79,"0",1
128,"tycoon","GlobalLearn","72","A tycoon","Emeralds",43,"Man",1,"13",79,"0",0
128,"tycoon","GlobalLearn","72","A tycoon","Emeralds",43,"Man",1,"14",27,"0",0
128,"tycoon","GlobalLearn","72","A tycoon","Emeralds",43,"Man",1,"15",24,"0",0
128,"tycoon","GlobalLearn","72","A tycoon","Emeralds",43,"Man",1,"16",86,"1",1
128,"tycoon","GlobalLearn","72","A tycoon","Emeralds",43,"Man",1,"17",88,"1",1
128,"tycoon","GlobalLearn","72","A tycoon","Emeralds",43,"Man",1,"18",100,"1",0
128,"tycoon","GlobalLearn","72","A tycoon","Emeralds",43,"Man",1,"19",78,"1",1
128,"tycoon","GlobalLearn","72","A tycoon","Emeralds",43,"Man",1,"20",100,"1",0
128,"tycoon","GlobalLearn","72","A tycoon","Emeralds",43,"Man",1,"21",34,"1",1
128,"tycoon","GlobalLearn","72","A tycoon","Emeralds",43,"Man",1,"22",87,"1",1
128,"tycoon","GlobalLearn","72","A tycoon","Emeralds",43,"Man",1,"23",88,"1",0
128,"tycoon","GlobalLearn","72","A tycoon","Emeralds",43,"Man",1,"24",89,"0",1
128,"tycoon","GlobalLearn","72","A tycoon","Emeralds",43,"Man",1,"25",24,"0",1
128,"tycoon","GlobalLearn","72","A tycoon","Emeralds",43,"Man",1,"26",84,"0",1
128,"tycoon","GlobalLearn","72","A tycoon","Emeralds",43,"Man",1,"27",82,"0",1
128,"tycoon","GlobalLearn","72","A tycoon","Emeralds",43,"Man",1,"28",79,"0",1
128,"tycoon","GlobalLearn","72","A tycoon","Emeralds",43,"Man",1,"29",100,"0",1
128,"tycoon","GlobalLearn","72","A tycoon","Emeralds",43,"Man",1,"30",15,"0",0
128,"tycoon","GlobalLearn","72","A tycoon","Emeralds",43,"Man",1,"31",100,"0",1
128,"tycoon","GlobalLearn","72","A tycoon","Emeralds",43,"Man",1,"32",100,"0",1
128,"tycoon","GlobalLearn","72","A tycoon","Emeralds",43,"Man",1,"33",100,"0",1
128,"tycoon","GlobalLearn","72","A tycoon","Emeralds",43,"Man",1,"34",100,"0",1
128,"tycoon","GlobalLearn","72","A tycoon","Emeralds",43,"Man",1,"35",100,"0",0
128,"tycoon","GlobalLearn","72","A tycoon","Emeralds",43,"Man",1,"36",100,"0",1
128,"tycoon","GlobalLearn","72","A tycoon","Emeralds",43,"Man",1,"37",100,"0",1
128,"tycoon","GlobalLearn","72","A tycoon","Emeralds",43,"Man",1,"38",100,"0",0
128,"tycoon","GlobalLearn","72","A tycoon","Emeralds",43,"Man",1,"39",100,"0",1
128,"tycoon","GlobalLearn","72","A tycoon","Emeralds",43,"Man",1,"40",100,"0",1
128,"tycoon","GlobalLearn","72","A tycoon","Emeralds",43,"Man",1,"41",100,"0",1
128,"tycoon","GlobalLearn","72","A tycoon","Emeralds",43,"Man",1,"42",100,"0",1
128,"tycoon","GlobalLearn","72","A tycoon","Emeralds",43,"Man",1,"43",76,"0",1
128,"tycoon","GlobalLearn","72","A tycoon","Emeralds",43,"Man",1,"44",93,"0",1
128,"tycoon","GlobalLearn","72","A tycoon","Emeralds",43,"Man",1,"45",94,"0",1
128,"tycoon","GlobalLearn","72","A tycoon","Emeralds",43,"Man",1,"46",93,"0",1
128,"tycoon","GlobalLearn","72","A tycoon","Emeralds",43,"Man",1,"47",97,"0",1
128,"tycoon","GlobalLearn","72","A tycoon","Emeralds",43,"Man",1,"48",91,"0",1
128,"tycoon","GlobalLearn","72","A tycoon","Emeralds",43,"Man",1,"49",82,"0",1
128,"tycoon","GlobalLearn","72","A tycoon","Emeralds",43,"Man",1,"50",9,"0",0
129,"sheriff","GlobalLearn","41","A sheriff","Emeralds",39,"Man",1,"1",73,"1",0
129,"sheriff","GlobalLearn","41","A sheriff","Emeralds",39,"Man",1,"2",80,"1",0
129,"sheriff","GlobalLearn","41","A sheriff","Emeralds",39,"Man",1,"3",79,"0",1
129,"sheriff","GlobalLearn","41","A sheriff","Emeralds",39,"Man",1,"4",75,"0",1
129,"sheriff","GlobalLearn","41","A sheriff","Emeralds",39,"Man",1,"5",77,"0",1
129,"sheriff","GlobalLearn","41","A sheriff","Emeralds",39,"Man",1,"6",79,"0",0
129,"sheriff","GlobalLearn","41","A sheriff","Emeralds",39,"Man",1,"7",79,"1",1
129,"sheriff","GlobalLearn","41","A sheriff","Emeralds",39,"Man",1,"8",78,"1",0
129,"sheriff","GlobalLearn","41","A sheriff","Emeralds",39,"Man",1,"9",80,"0",1
129,"sheriff","GlobalLearn","41","A sheriff","Emeralds",39,"Man",1,"10",77,"0",1
129,"sheriff","GlobalLearn","41","A sheriff","Emeralds",39,"Man",1,"11",76,"0",1
129,"sheriff","GlobalLearn","41","A sheriff","Emeralds",39,"Man",1,"12",72,"0",1
129,"sheriff","GlobalLearn","41","A sheriff","Emeralds",39,"Man",1,"13",63,"0",1
129,"sheriff","GlobalLearn","41","A sheriff","Emeralds",39,"Man",1,"14",80,"0",0
129,"sheriff","GlobalLearn","41","A sheriff","Emeralds",39,"Man",1,"15",86,"1",1
129,"sheriff","GlobalLearn","41","A sheriff","Emeralds",39,"Man",1,"16",84,"1",1
129,"sheriff","GlobalLearn","41","A sheriff","Emeralds",39,"Man",1,"17",76,"1",0
129,"sheriff","GlobalLearn","41","A sheriff","Emeralds",39,"Man",1,"18",67,"0",0
129,"sheriff","GlobalLearn","41","A sheriff","Emeralds",39,"Man",1,"19",70,"1",0
129,"sheriff","GlobalLearn","41","A sheriff","Emeralds",39,"Man",1,"20",72,"0",0
129,"sheriff","GlobalLearn","41","A sheriff","Emeralds",39,"Man",1,"21",73,"1",1
129,"sheriff","GlobalLearn","41","A sheriff","Emeralds",39,"Man",1,"22",73,"1",0
129,"sheriff","GlobalLearn","41","A sheriff","Emeralds",39,"Man",1,"23",70,"0",1
129,"sheriff","GlobalLearn","41","A sheriff","Emeralds",39,"Man",1,"24",69,"0",1
129,"sheriff","GlobalLearn","41","A sheriff","Emeralds",39,"Man",1,"25",68,"0",0
129,"sheriff","GlobalLearn","41","A sheriff","Emeralds",39,"Man",1,"26",68,"0",0
129,"sheriff","GlobalLearn","41","A sheriff","Emeralds",39,"Man",1,"27",73,"1",0
129,"sheriff","GlobalLearn","41","A sheriff","Emeralds",39,"Man",1,"28",73,"1",0
129,"sheriff","GlobalLearn","41","A sheriff","Emeralds",39,"Man",1,"29",66,"0",1
129,"sheriff","GlobalLearn","41","A sheriff","Emeralds",39,"Man",1,"30",68,"0",1
129,"sheriff","GlobalLearn","41","A sheriff","Emeralds",39,"Man",1,"31",65,"0",0
129,"sheriff","GlobalLearn","41","A sheriff","Emeralds",39,"Man",1,"32",36,"0",1
129,"sheriff","GlobalLearn","41","A sheriff","Emeralds",39,"Man",1,"33",31,"0",1
129,"sheriff","GlobalLearn","41","A sheriff","Emeralds",39,"Man",1,"34",36,"0",1
129,"sheriff","GlobalLearn","41","A sheriff","Emeralds",39,"Man",1,"35",34,"0",1
129,"sheriff","GlobalLearn","41","A sheriff","Emeralds",39,"Man",1,"36",33,"0",0
129,"sheriff","GlobalLearn","41","A sheriff","Emeralds",39,"Man",1,"37",30,"0",1
129,"sheriff","GlobalLearn","41","A sheriff","Emeralds",39,"Man",1,"38",29,"0",1
129,"sheriff","GlobalLearn","41","A sheriff","Emeralds",39,"Man",1,"39",29,"0",1
129,"sheriff","GlobalLearn","41","A sheriff","Emeralds",39,"Man",1,"40",34,"0",0
129,"sheriff","GlobalLearn","41","A sheriff","Emeralds",39,"Man",1,"41",27,"0",0
129,"sheriff","GlobalLearn","41","A sheriff","Emeralds",39,"Man",1,"42",32,"0",1
129,"sheriff","GlobalLearn","41","A sheriff","Emeralds",39,"Man",1,"43",28,"0",0
129,"sheriff","GlobalLearn","41","A sheriff","Emeralds",39,"Man",1,"44",27,"0",0
129,"sheriff","GlobalLearn","41","A sheriff","Emeralds",39,"Man",1,"45",24,"0",1
129,"sheriff","GlobalLearn","41","A sheriff","Emeralds",39,"Man",1,"46",28,"0",0
129,"sheriff","GlobalLearn","41","A sheriff","Emeralds",39,"Man",1,"47",26,"0",1
129,"sheriff","GlobalLearn","41","A sheriff","Emeralds",39,"Man",1,"48",32,"0",1
129,"sheriff","GlobalLearn","41","A sheriff","Emeralds",39,"Man",1,"49",29,"0",0
129,"sheriff","GlobalLearn","41","A sheriff","Emeralds",39,"Man",1,"50",34,"0",1
130,"tycoon","GlobalLearn","25","A tycoon","Emeralds",55,"Woman",1,"1",85,"0",0
130,"tycoon","GlobalLearn","25","A tycoon","Emeralds",55,"Woman",1,"2",100,"1",1
130,"tycoon","GlobalLearn","25","A tycoon","Emeralds",55,"Woman",1,"3",100,"1",0
130,"tycoon","GlobalLearn","25","A tycoon","Emeralds",55,"Woman",1,"4",91,"1",0
130,"tycoon","GlobalLearn","25","A tycoon","Emeralds",55,"Woman",1,"5",92,"0",0
130,"tycoon","GlobalLearn","25","A tycoon","Emeralds",55,"Woman",1,"6",0,"0",0
130,"tycoon","GlobalLearn","25","A tycoon","Emeralds",55,"Woman",1,"7",92,"1",1
130,"tycoon","GlobalLearn","25","A tycoon","Emeralds",55,"Woman",1,"8",95,"1",1
130,"tycoon","GlobalLearn","25","A tycoon","Emeralds",55,"Woman",1,"9",90,"1",0
130,"tycoon","GlobalLearn","25","A tycoon","Emeralds",55,"Woman",1,"10",100,"0",1
130,"tycoon","GlobalLearn","25","A tycoon","Emeralds",55,"Woman",1,"11",1,"0",0
130,"tycoon","GlobalLearn","25","A tycoon","Emeralds",55,"Woman",1,"12",100,"0",1
130,"tycoon","GlobalLearn","25","A tycoon","Emeralds",55,"Woman",1,"13",100,"0",1
130,"tycoon","GlobalLearn","25","A tycoon","Emeralds",55,"Woman",1,"14",0,"0",0
130,"tycoon","GlobalLearn","25","A tycoon","Emeralds",55,"Woman",1,"15",1,"1",0
130,"tycoon","GlobalLearn","25","A tycoon","Emeralds",55,"Woman",1,"16",100,"1",1
130,"tycoon","GlobalLearn","25","A tycoon","Emeralds",55,"Woman",1,"17",100,"1",1
130,"tycoon","GlobalLearn","25","A tycoon","Emeralds",55,"Woman",1,"18",0,"1",0
130,"tycoon","GlobalLearn","25","A tycoon","Emeralds",55,"Woman",1,"19",0,"1",0
130,"tycoon","GlobalLearn","25","A tycoon","Emeralds",55,"Woman",1,"20",100,"1",1
130,"tycoon","GlobalLearn","25","A tycoon","Emeralds",55,"Woman",1,"21",95,"1",1
130,"tycoon","GlobalLearn","25","A tycoon","Emeralds",55,"Woman",1,"22",96,"1",1
130,"tycoon","GlobalLearn","25","A tycoon","Emeralds",55,"Woman",1,"23",88,"1",1
130,"tycoon","GlobalLearn","25","A tycoon","Emeralds",55,"Woman",1,"24",94,"1",1
130,"tycoon","GlobalLearn","25","A tycoon","Emeralds",55,"Woman",1,"25",89,"1",1
130,"tycoon","GlobalLearn","25","A tycoon","Emeralds",55,"Woman",1,"26",87,"1",1
130,"tycoon","GlobalLearn","25","A tycoon","Emeralds",55,"Woman",1,"27",0,"1",0
130,"tycoon","GlobalLearn","25","A tycoon","Emeralds",55,"Woman",1,"28",0,"1",0
130,"tycoon","GlobalLearn","25","A tycoon","Emeralds",55,"Woman",1,"29",0,"0",0
130,"tycoon","GlobalLearn","25","A tycoon","Emeralds",55,"Woman",1,"30",0,"0",0
130,"tycoon","GlobalLearn","25","A tycoon","Emeralds",55,"Woman",1,"31",94,"1",1
130,"tycoon","GlobalLearn","25","A tycoon","Emeralds",55,"Woman",1,"32",94,"1",1
130,"tycoon","GlobalLearn","25","A tycoon","Emeralds",55,"Woman",1,"33",0,"1",0
130,"tycoon","GlobalLearn","25","A tycoon","Emeralds",55,"Woman",1,"34",95,"1",1
130,"tycoon","GlobalLearn","25","A tycoon","Emeralds",55,"Woman",1,"35",79,"1",1
130,"tycoon","GlobalLearn","25","A tycoon","Emeralds",55,"Woman",1,"36",72,"1",1
130,"tycoon","GlobalLearn","25","A tycoon","Emeralds",55,"Woman",1,"37",70,"1",1
130,"tycoon","GlobalLearn","25","A tycoon","Emeralds",55,"Woman",1,"38",82,"1",1
130,"tycoon","GlobalLearn","25","A tycoon","Emeralds",55,"Woman",1,"39",66,"1",1
130,"tycoon","GlobalLearn","25","A tycoon","Emeralds",55,"Woman",1,"40",75,"1",1
130,"tycoon","GlobalLearn","25","A tycoon","Emeralds",55,"Woman",1,"41",57,"1",1
130,"tycoon","GlobalLearn","25","A tycoon","Emeralds",55,"Woman",1,"42",50,"1",1
130,"tycoon","GlobalLearn","25","A tycoon","Emeralds",55,"Woman",1,"43",0,"1",0
130,"tycoon","GlobalLearn","25","A tycoon","Emeralds",55,"Woman",1,"44",41,"1",1
130,"tycoon","GlobalLearn","25","A tycoon","Emeralds",55,"Woman",1,"45",56,"1",1
130,"tycoon","GlobalLearn","25","A tycoon","Emeralds",55,"Woman",1,"46",35,"1",1
130,"tycoon","GlobalLearn","25","A tycoon","Emeralds",55,"Woman",1,"47",34,"1",1
130,"tycoon","GlobalLearn","25","A tycoon","Emeralds",55,"Woman",1,"48",31,"1",1
130,"tycoon","GlobalLearn","25","A tycoon","Emeralds",55,"Woman",1,"49",39,"1",1
130,"tycoon","GlobalLearn","25","A tycoon","Emeralds",55,"Woman",1,"50",36,"1",1
131,"sheriff","GlobalLearn","17","A sheriff","Emeralds",39,"Woman",1,"1",88,"1",0
131,"sheriff","GlobalLearn","17","A sheriff","Emeralds",39,"Woman",1,"2",75,"0",1
131,"sheriff","GlobalLearn","17","A sheriff","Emeralds",39,"Woman",1,"3",41,"0",1
131,"sheriff","GlobalLearn","17","A sheriff","Emeralds",39,"Woman",1,"4",59,"0",1
131,"sheriff","GlobalLearn","17","A sheriff","Emeralds",39,"Woman",1,"5",42,"0",1
131,"sheriff","GlobalLearn","17","A sheriff","Emeralds",39,"Woman",1,"6",63,"0",0
131,"sheriff","GlobalLearn","17","A sheriff","Emeralds",39,"Woman",1,"7",37,"0",0
131,"sheriff","GlobalLearn","17","A sheriff","Emeralds",39,"Woman",1,"8",57,"0",1
131,"sheriff","GlobalLearn","17","A sheriff","Emeralds",39,"Woman",1,"9",57,"0",1
131,"sheriff","GlobalLearn","17","A sheriff","Emeralds",39,"Woman",1,"10",35,"0",0
131,"sheriff","GlobalLearn","17","A sheriff","Emeralds",39,"Woman",1,"11",38,"0",1
131,"sheriff","GlobalLearn","17","A sheriff","Emeralds",39,"Woman",1,"12",41,"0",1
131,"sheriff","GlobalLearn","17","A sheriff","Emeralds",39,"Woman",1,"13",58,"0",0
131,"sheriff","GlobalLearn","17","A sheriff","Emeralds",39,"Woman",1,"14",41,"0",1
131,"sheriff","GlobalLearn","17","A sheriff","Emeralds",39,"Woman",1,"15",58,"0",1
131,"sheriff","GlobalLearn","17","A sheriff","Emeralds",39,"Woman",1,"16",62,"0",0
131,"sheriff","GlobalLearn","17","A sheriff","Emeralds",39,"Woman",1,"17",60,"0",1
131,"sheriff","GlobalLearn","17","A sheriff","Emeralds",39,"Woman",1,"18",61,"0",0
131,"sheriff","GlobalLearn","17","A sheriff","Emeralds",39,"Woman",1,"19",61,"0",1
131,"sheriff","GlobalLearn","17","A sheriff","Emeralds",39,"Woman",1,"20",31,"0",0
131,"sheriff","GlobalLearn","17","A sheriff","Emeralds",39,"Woman",1,"21",33,"0",0
131,"sheriff","GlobalLearn","17","A sheriff","Emeralds",39,"Woman",1,"22",37,"0",0
131,"sheriff","GlobalLearn","17","A sheriff","Emeralds",39,"Woman",1,"23",34,"0",0
131,"sheriff","GlobalLearn","17","A sheriff","Emeralds",39,"Woman",1,"24",70,"0",1
131,"sheriff","GlobalLearn","17","A sheriff","Emeralds",39,"Woman",1,"25",65,"0",1
131,"sheriff","GlobalLearn","17","A sheriff","Emeralds",39,"Woman",1,"26",65,"0",1
131,"sheriff","GlobalLearn","17","A sheriff","Emeralds",39,"Woman",1,"27",64,"0",1
131,"sheriff","GlobalLearn","17","A sheriff","Emeralds",39,"Woman",1,"28",64,"0",0
131,"sheriff","GlobalLearn","17","A sheriff","Emeralds",39,"Woman",1,"29",34,"0",0
131,"sheriff","GlobalLearn","17","A sheriff","Emeralds",39,"Woman",1,"30",35,"0",1
131,"sheriff","GlobalLearn","17","A sheriff","Emeralds",39,"Woman",1,"31",35,"0",1
131,"sheriff","GlobalLearn","17","A sheriff","Emeralds",39,"Woman",1,"32",33,"0",1
131,"sheriff","GlobalLearn","17","A sheriff","Emeralds",39,"Woman",1,"33",38,"0",1
131,"sheriff","GlobalLearn","17","A sheriff","Emeralds",39,"Woman",1,"34",71,"0",1
131,"sheriff","GlobalLearn","17","A sheriff","Emeralds",39,"Woman",1,"35",71,"0",1
131,"sheriff","GlobalLearn","17","A sheriff","Emeralds",39,"Woman",1,"36",71,"0",0
131,"sheriff","GlobalLearn","17","A sheriff","Emeralds",39,"Woman",1,"37",67,"0",1
131,"sheriff","GlobalLearn","17","A sheriff","Emeralds",39,"Woman",1,"38",67,"0",0
131,"sheriff","GlobalLearn","17","A sheriff","Emeralds",39,"Woman",1,"39",32,"0",0
131,"sheriff","GlobalLearn","17","A sheriff","Emeralds",39,"Woman",1,"40",33,"0",0
131,"sheriff","GlobalLearn","17","A sheriff","Emeralds",39,"Woman",1,"41",61,"0",1
131,"sheriff","GlobalLearn","17","A sheriff","Emeralds",39,"Woman",1,"42",33,"0",1
131,"sheriff","GlobalLearn","17","A sheriff","Emeralds",39,"Woman",1,"43",37,"0",1
131,"sheriff","GlobalLearn","17","A sheriff","Emeralds",39,"Woman",1,"44",38,"0",1
131,"sheriff","GlobalLearn","17","A sheriff","Emeralds",39,"Woman",1,"45",64,"0",1
131,"sheriff","GlobalLearn","17","A sheriff","Emeralds",39,"Woman",1,"46",67,"0",1
131,"sheriff","GlobalLearn","17","A sheriff","Emeralds",39,"Woman",1,"47",72,"0",1
131,"sheriff","GlobalLearn","17","A sheriff","Emeralds",39,"Woman",1,"48",71,"0",0
131,"sheriff","GlobalLearn","17","A sheriff","Emeralds",39,"Woman",1,"49",28,"0",0
131,"sheriff","GlobalLearn","17","A sheriff","Emeralds",39,"Woman",1,"50",29,"0",0
132,"sheriff","GlobalLearn","66","A sheriff","Emeralds",34,"Woman",1,"1",61,"0",1
132,"sheriff","GlobalLearn","66","A sheriff","Emeralds",34,"Woman",1,"2",75,"0",0
132,"sheriff","GlobalLearn","66","A sheriff","Emeralds",34,"Woman",1,"3",64,"0",1
132,"sheriff","GlobalLearn","66","A sheriff","Emeralds",34,"Woman",1,"4",88,"0",0
132,"sheriff","GlobalLearn","66","A sheriff","Emeralds",34,"Woman",1,"5",82,"0",1
132,"sheriff","GlobalLearn","66","A sheriff","Emeralds",34,"Woman",1,"6",84,"0",0
132,"sheriff","GlobalLearn","66","A sheriff","Emeralds",34,"Woman",1,"7",96,"0",1
132,"sheriff","GlobalLearn","66","A sheriff","Emeralds",34,"Woman",1,"8",85,"0",1
132,"sheriff","GlobalLearn","66","A sheriff","Emeralds",34,"Woman",1,"9",82,"0",1
132,"sheriff","GlobalLearn","66","A sheriff","Emeralds",34,"Woman",1,"10",78,"0",1
132,"sheriff","GlobalLearn","66","A sheriff","Emeralds",34,"Woman",1,"11",76,"0",1
132,"sheriff","GlobalLearn","66","A sheriff","Emeralds",34,"Woman",1,"12",73,"0",1
132,"sheriff","GlobalLearn","66","A sheriff","Emeralds",34,"Woman",1,"13",68,"0",1
132,"sheriff","GlobalLearn","66","A sheriff","Emeralds",34,"Woman",1,"14",74,"0",1
132,"sheriff","GlobalLearn","66","A sheriff","Emeralds",34,"Woman",1,"15",70,"0",1
132,"sheriff","GlobalLearn","66","A sheriff","Emeralds",34,"Woman",1,"16",60,"0",0
132,"sheriff","GlobalLearn","66","A sheriff","Emeralds",34,"Woman",1,"17",68,"0",1
132,"sheriff","GlobalLearn","66","A sheriff","Emeralds",34,"Woman",1,"18",60,"0",0
132,"sheriff","GlobalLearn","66","A sheriff","Emeralds",34,"Woman",1,"19",61,"1",0
132,"sheriff","GlobalLearn","66","A sheriff","Emeralds",34,"Woman",1,"20",61,"1",1
132,"sheriff","GlobalLearn","66","A sheriff","Emeralds",34,"Woman",1,"21",64,"1",1
132,"sheriff","GlobalLearn","66","A sheriff","Emeralds",34,"Woman",1,"22",61,"1",1
132,"sheriff","GlobalLearn","66","A sheriff","Emeralds",34,"Woman",1,"23",63,"1",0
132,"sheriff","GlobalLearn","66","A sheriff","Emeralds",34,"Woman",1,"24",57,"1",0
132,"sheriff","GlobalLearn","66","A sheriff","Emeralds",34,"Woman",1,"25",75,"1",1
132,"sheriff","GlobalLearn","66","A sheriff","Emeralds",34,"Woman",1,"26",64,"1",1
132,"sheriff","GlobalLearn","66","A sheriff","Emeralds",34,"Woman",1,"27",60,"1",1
132,"sheriff","GlobalLearn","66","A sheriff","Emeralds",34,"Woman",1,"28",58,"1",1
132,"sheriff","GlobalLearn","66","A sheriff","Emeralds",34,"Woman",1,"29",59,"1",1
132,"sheriff","GlobalLearn","66","A sheriff","Emeralds",34,"Woman",1,"30",62,"1",1
132,"sheriff","GlobalLearn","66","A sheriff","Emeralds",34,"Woman",1,"31",58,"1",1
132,"sheriff","GlobalLearn","66","A sheriff","Emeralds",34,"Woman",1,"32",55,"1",0
132,"sheriff","GlobalLearn","66","A sheriff","Emeralds",34,"Woman",1,"33",58,"1",0
132,"sheriff","GlobalLearn","66","A sheriff","Emeralds",34,"Woman",1,"34",41,"1",0
132,"sheriff","GlobalLearn","66","A sheriff","Emeralds",34,"Woman",1,"35",60,"1",1
132,"sheriff","GlobalLearn","66","A sheriff","Emeralds",34,"Woman",1,"36",58,"1",0
132,"sheriff","GlobalLearn","66","A sheriff","Emeralds",34,"Woman",1,"37",58,"0",1
132,"sheriff","GlobalLearn","66","A sheriff","Emeralds",34,"Woman",1,"38",42,"0",1
132,"sheriff","GlobalLearn","66","A sheriff","Emeralds",34,"Woman",1,"39",59,"0",0
132,"sheriff","GlobalLearn","66","A sheriff","Emeralds",34,"Woman",1,"40",44,"0",1
132,"sheriff","GlobalLearn","66","A sheriff","Emeralds",34,"Woman",1,"41",47,"0",1
132,"sheriff","GlobalLearn","66","A sheriff","Emeralds",34,"Woman",1,"42",59,"0",0
132,"sheriff","GlobalLearn","66","A sheriff","Emeralds",34,"Woman",1,"43",42,"0",1
132,"sheriff","GlobalLearn","66","A sheriff","Emeralds",34,"Woman",1,"44",56,"0",0
132,"sheriff","GlobalLearn","66","A sheriff","Emeralds",34,"Woman",1,"45",67,"0",0
132,"sheriff","GlobalLearn","66","A sheriff","Emeralds",34,"Woman",1,"46",35,"1",1
132,"sheriff","GlobalLearn","66","A sheriff","Emeralds",34,"Woman",1,"47",63,"0",0
132,"sheriff","GlobalLearn","66","A sheriff","Emeralds",34,"Woman",1,"48",43,"1",0
132,"sheriff","GlobalLearn","66","A sheriff","Emeralds",34,"Woman",1,"49",66,"1",1
132,"sheriff","GlobalLearn","66","A sheriff","Emeralds",34,"Woman",1,"50",32,"1",0
133,"bandit","GlobalLearn","36","A bandit","Emeralds",32,"Man",1,"1",77,"0",0
133,"bandit","GlobalLearn","36","A bandit","Emeralds",32,"Man",1,"2",32,"0",0
133,"bandit","GlobalLearn","36","A bandit","Emeralds",32,"Man",1,"3",8,"0",1
133,"bandit","GlobalLearn","36","A bandit","Emeralds",32,"Man",1,"4",13,"0",1
133,"bandit","GlobalLearn","36","A bandit","Emeralds",32,"Man",1,"5",12,"0",1
133,"bandit","GlobalLearn","36","A bandit","Emeralds",32,"Man",1,"6",4,"0",1
133,"bandit","GlobalLearn","36","A bandit","Emeralds",32,"Man",1,"7",53,"0",0
133,"bandit","GlobalLearn","36","A bandit","Emeralds",32,"Man",1,"8",59,"0",0
133,"bandit","GlobalLearn","36","A bandit","Emeralds",32,"Man",1,"9",57,"0",0
133,"bandit","GlobalLearn","36","A bandit","Emeralds",32,"Man",1,"10",81,"1",0
133,"bandit","GlobalLearn","36","A bandit","Emeralds",32,"Man",1,"11",74,"1",0
133,"bandit","GlobalLearn","36","A bandit","Emeralds",32,"Man",1,"12",82,"1",0
133,"bandit","GlobalLearn","36","A bandit","Emeralds",32,"Man",1,"13",27,"1",1
133,"bandit","GlobalLearn","36","A bandit","Emeralds",32,"Man",1,"14",59,"1",0
133,"bandit","GlobalLearn","36","A bandit","Emeralds",32,"Man",1,"15",19,"0",1
133,"bandit","GlobalLearn","36","A bandit","Emeralds",32,"Man",1,"16",66,"0",0
133,"bandit","GlobalLearn","36","A bandit","Emeralds",32,"Man",1,"17",16,"0",1
133,"bandit","GlobalLearn","36","A bandit","Emeralds",32,"Man",1,"18",70,"0",0
133,"bandit","GlobalLearn","36","A bandit","Emeralds",32,"Man",1,"19",77,"0",0
133,"bandit","GlobalLearn","36","A bandit","Emeralds",32,"Man",1,"20",15,"0",1
133,"bandit","GlobalLearn","36","A bandit","Emeralds",32,"Man",1,"21",24,"0",1
133,"bandit","GlobalLearn","36","A bandit","Emeralds",32,"Man",1,"22",68,"0",0
133,"bandit","GlobalLearn","36","A bandit","Emeralds",32,"Man",1,"23",14,"0",1
133,"bandit","GlobalLearn","36","A bandit","Emeralds",32,"Man",1,"24",11,"0",1
133,"bandit","GlobalLearn","36","A bandit","Emeralds",32,"Man",1,"25",66,"0",0
133,"bandit","GlobalLearn","36","A bandit","Emeralds",32,"Man",1,"26",12,"0",1
133,"bandit","GlobalLearn","36","A bandit","Emeralds",32,"Man",1,"27",71,"0",0
133,"bandit","GlobalLearn","36","A bandit","Emeralds",32,"Man",1,"28",76,"0",0
133,"bandit","GlobalLearn","36","A bandit","Emeralds",32,"Man",1,"29",20,"0",1
133,"bandit","GlobalLearn","36","A bandit","Emeralds",32,"Man",1,"30",76,"1",0
133,"bandit","GlobalLearn","36","A bandit","Emeralds",32,"Man",1,"31",73,"1",0
133,"bandit","GlobalLearn","36","A bandit","Emeralds",32,"Man",1,"32",74,"0",0
133,"bandit","GlobalLearn","36","A bandit","Emeralds",32,"Man",1,"33",18,"0",1
133,"bandit","GlobalLearn","36","A bandit","Emeralds",32,"Man",1,"34",79,"0",0
133,"bandit","GlobalLearn","36","A bandit","Emeralds",32,"Man",1,"35",78,"0",0
133,"bandit","GlobalLearn","36","A bandit","Emeralds",32,"Man",1,"36",14,"0",1
133,"bandit","GlobalLearn","36","A bandit","Emeralds",32,"Man",1,"37",17,"0",1
133,"bandit","GlobalLearn","36","A bandit","Emeralds",32,"Man",1,"38",81,"0",0
133,"bandit","GlobalLearn","36","A bandit","Emeralds",32,"Man",1,"39",80,"0",0
133,"bandit","GlobalLearn","36","A bandit","Emeralds",32,"Man",1,"40",81,"0",0
133,"bandit","GlobalLearn","36","A bandit","Emeralds",32,"Man",1,"41",77,"0",0
133,"bandit","GlobalLearn","36","A bandit","Emeralds",32,"Man",1,"42",19,"1",1
133,"bandit","GlobalLearn","36","A bandit","Emeralds",32,"Man",1,"43",22,"1",1
133,"bandit","GlobalLearn","36","A bandit","Emeralds",32,"Man",1,"44",75,"1",0
133,"bandit","GlobalLearn","36","A bandit","Emeralds",32,"Man",1,"45",76,"1",0
133,"bandit","GlobalLearn","36","A bandit","Emeralds",32,"Man",1,"46",74,"1",0
133,"bandit","GlobalLearn","36","A bandit","Emeralds",32,"Man",1,"47",25,"0",1
133,"bandit","GlobalLearn","36","A bandit","Emeralds",32,"Man",1,"48",23,"0",1
133,"bandit","GlobalLearn","36","A bandit","Emeralds",32,"Man",1,"49",80,"0",0
133,"bandit","GlobalLearn","36","A bandit","Emeralds",32,"Man",1,"50",76,"0",0
134,"bandit","GlobalLearn","61","A bandit","Emeralds",34,"Woman",1,"1",50,"1",0
134,"bandit","GlobalLearn","61","A bandit","Emeralds",34,"Woman",1,"2",68,"1",0
134,"bandit","GlobalLearn","61","A bandit","Emeralds",34,"Woman",1,"3",36,"1",1
134,"bandit","GlobalLearn","61","A bandit","Emeralds",34,"Woman",1,"4",72,"1",0
134,"bandit","GlobalLearn","61","A bandit","Emeralds",34,"Woman",1,"5",50,"1",1
134,"bandit","GlobalLearn","61","A bandit","Emeralds",34,"Woman",1,"6",43,"1",1
134,"bandit","GlobalLearn","61","A bandit","Emeralds",34,"Woman",1,"7",37,"1",1
134,"bandit","GlobalLearn","61","A bandit","Emeralds",34,"Woman",1,"8",71,"1",0
134,"bandit","GlobalLearn","61","A bandit","Emeralds",34,"Woman",1,"9",91,"1",0
134,"bandit","GlobalLearn","61","A bandit","Emeralds",34,"Woman",1,"10",100,"1",0
134,"bandit","GlobalLearn","61","A bandit","Emeralds",34,"Woman",1,"11",70,"0",0
134,"bandit","GlobalLearn","61","A bandit","Emeralds",34,"Woman",1,"12",30,"0",1
134,"bandit","GlobalLearn","61","A bandit","Emeralds",34,"Woman",1,"13",15,"0",1
134,"bandit","GlobalLearn","61","A bandit","Emeralds",34,"Woman",1,"14",67,"0",0
134,"bandit","GlobalLearn","61","A bandit","Emeralds",34,"Woman",1,"15",75,"0",0
134,"bandit","GlobalLearn","61","A bandit","Emeralds",34,"Woman",1,"16",50,"0",1
134,"bandit","GlobalLearn","61","A bandit","Emeralds",34,"Woman",1,"17",33,"0",1
134,"bandit","GlobalLearn","61","A bandit","Emeralds",34,"Woman",1,"18",17,"0",1
134,"bandit","GlobalLearn","61","A bandit","Emeralds",34,"Woman",1,"19",71,"0",0
134,"bandit","GlobalLearn","61","A bandit","Emeralds",34,"Woman",1,"20",27,"0",1
134,"bandit","GlobalLearn","61","A bandit","Emeralds",34,"Woman",1,"21",7,"0",1
134,"bandit","GlobalLearn","61","A bandit","Emeralds",34,"Woman",1,"22",69,"0",0
134,"bandit","GlobalLearn","61","A bandit","Emeralds",34,"Woman",1,"23",74,"0",0
134,"bandit","GlobalLearn","61","A bandit","Emeralds",34,"Woman",1,"24",88,"0",0
134,"bandit","GlobalLearn","61","A bandit","Emeralds",34,"Woman",1,"25",100,"0",0
134,"bandit","GlobalLearn","61","A bandit","Emeralds",34,"Woman",1,"26",100,"0",0
134,"bandit","GlobalLearn","61","A bandit","Emeralds",34,"Woman",1,"27",0,"1",1
134,"bandit","GlobalLearn","61","A bandit","Emeralds",34,"Woman",1,"28",0,"1",1
134,"bandit","GlobalLearn","61","A bandit","Emeralds",34,"Woman",1,"29",0,"1",1
134,"bandit","GlobalLearn","61","A bandit","Emeralds",34,"Woman",1,"30",58,"1",0
134,"bandit","GlobalLearn","61","A bandit","Emeralds",34,"Woman",1,"31",78,"1",0
134,"bandit","GlobalLearn","61","A bandit","Emeralds",34,"Woman",1,"32",86,"1",0
134,"bandit","GlobalLearn","61","A bandit","Emeralds",34,"Woman",1,"33",100,"1",0
134,"bandit","GlobalLearn","61","A bandit","Emeralds",34,"Woman",1,"34",4,"0",1
134,"bandit","GlobalLearn","61","A bandit","Emeralds",34,"Woman",1,"35",0,"0",1
134,"bandit","GlobalLearn","61","A bandit","Emeralds",34,"Woman",1,"36",0,"0",1
134,"bandit","GlobalLearn","61","A bandit","Emeralds",34,"Woman",1,"37",63,"0",0
134,"bandit","GlobalLearn","61","A bandit","Emeralds",34,"Woman",1,"38",18,"0",1
134,"bandit","GlobalLearn","61","A bandit","Emeralds",34,"Woman",1,"39",0,"0",1
134,"bandit","GlobalLearn","61","A bandit","Emeralds",34,"Woman",1,"40",68,"0",0
134,"bandit","GlobalLearn","61","A bandit","Emeralds",34,"Woman",1,"41",0,"0",1
134,"bandit","GlobalLearn","61","A bandit","Emeralds",34,"Woman",1,"42",76,"0",0
134,"bandit","GlobalLearn","61","A bandit","Emeralds",34,"Woman",1,"43",82,"0",0
134,"bandit","GlobalLearn","61","A bandit","Emeralds",34,"Woman",1,"44",17,"0",1
134,"bandit","GlobalLearn","61","A bandit","Emeralds",34,"Woman",1,"45",71,"0",0
134,"bandit","GlobalLearn","61","A bandit","Emeralds",34,"Woman",1,"46",84,"0",0
134,"bandit","GlobalLearn","61","A bandit","Emeralds",34,"Woman",1,"47",7,"0",1
134,"bandit","GlobalLearn","61","A bandit","Emeralds",34,"Woman",1,"48",79,"0",0
134,"bandit","GlobalLearn","61","A bandit","Emeralds",34,"Woman",1,"49",100,"0",0
134,"bandit","GlobalLearn","61","A bandit","Emeralds",34,"Woman",1,"50",16,"0",1
135,"sheriff","GlobalLearn","20","A sheriff","Emeralds",24,"Man",1,"1",0,"0",1
135,"sheriff","GlobalLearn","20","A sheriff","Emeralds",24,"Man",1,"2",25,"0",1
135,"sheriff","GlobalLearn","20","A sheriff","Emeralds",24,"Man",1,"3",81,"0",0
135,"sheriff","GlobalLearn","20","A sheriff","Emeralds",24,"Man",1,"4",82,"0",0
135,"sheriff","GlobalLearn","20","A sheriff","Emeralds",24,"Man",1,"5",11,"1",1
135,"sheriff","GlobalLearn","20","A sheriff","Emeralds",24,"Man",1,"6",18,"1",0
135,"sheriff","GlobalLearn","20","A sheriff","Emeralds",24,"Man",1,"7",0,"0",1
135,"sheriff","GlobalLearn","20","A sheriff","Emeralds",24,"Man",1,"8",45,"1",1
135,"sheriff","GlobalLearn","20","A sheriff","Emeralds",24,"Man",1,"9",1,"0",1
135,"sheriff","GlobalLearn","20","A sheriff","Emeralds",24,"Man",1,"10",41,"1",0
135,"sheriff","GlobalLearn","20","A sheriff","Emeralds",24,"Man",1,"11",16,"1",0
135,"sheriff","GlobalLearn","20","A sheriff","Emeralds",24,"Man",1,"12",0,"0",1
135,"sheriff","GlobalLearn","20","A sheriff","Emeralds",24,"Man",1,"13",0,"0",1
135,"sheriff","GlobalLearn","20","A sheriff","Emeralds",24,"Man",1,"14",0,"0",1
135,"sheriff","GlobalLearn","20","A sheriff","Emeralds",24,"Man",1,"15",0,"0",1
135,"sheriff","GlobalLearn","20","A sheriff","Emeralds",24,"Man",1,"16",0,"0",1
135,"sheriff","GlobalLearn","20","A sheriff","Emeralds",24,"Man",1,"17",0,"0",1
135,"sheriff","GlobalLearn","20","A sheriff","Emeralds",24,"Man",1,"18",66,"0",0
135,"sheriff","GlobalLearn","20","A sheriff","Emeralds",24,"Man",1,"19",23,"1",1
135,"sheriff","GlobalLearn","20","A sheriff","Emeralds",24,"Man",1,"20",3,"1",1
135,"sheriff","GlobalLearn","20","A sheriff","Emeralds",24,"Man",1,"21",40,"1",0
135,"sheriff","GlobalLearn","20","A sheriff","Emeralds",24,"Man",1,"22",0,"0",1
135,"sheriff","GlobalLearn","20","A sheriff","Emeralds",24,"Man",1,"23",0,"0",1
135,"sheriff","GlobalLearn","20","A sheriff","Emeralds",24,"Man",1,"24",0,"0",1
135,"sheriff","GlobalLearn","20","A sheriff","Emeralds",24,"Man",1,"25",0,"0",1
135,"sheriff","GlobalLearn","20","A sheriff","Emeralds",24,"Man",1,"26",0,"0",1
135,"sheriff","GlobalLearn","20","A sheriff","Emeralds",24,"Man",1,"27",0,"0",1
135,"sheriff","GlobalLearn","20","A sheriff","Emeralds",24,"Man",1,"28",0,"0",1
135,"sheriff","GlobalLearn","20","A sheriff","Emeralds",24,"Man",1,"29",65,"0",0
135,"sheriff","GlobalLearn","20","A sheriff","Emeralds",24,"Man",1,"30",12,"1",1
135,"sheriff","GlobalLearn","20","A sheriff","Emeralds",24,"Man",1,"31",0,"1",1
135,"sheriff","GlobalLearn","20","A sheriff","Emeralds",24,"Man",1,"32",71,"1",0
135,"sheriff","GlobalLearn","20","A sheriff","Emeralds",24,"Man",1,"33",12,"0",1
135,"sheriff","GlobalLearn","20","A sheriff","Emeralds",24,"Man",1,"34",0,"0",1
135,"sheriff","GlobalLearn","20","A sheriff","Emeralds",24,"Man",1,"35",0,"0",1
135,"sheriff","GlobalLearn","20","A sheriff","Emeralds",24,"Man",1,"36",81,"0",0
135,"sheriff","GlobalLearn","20","A sheriff","Emeralds",24,"Man",1,"37",79,"1",0
135,"sheriff","GlobalLearn","20","A sheriff","Emeralds",24,"Man",1,"38",0,"0",1
135,"sheriff","GlobalLearn","20","A sheriff","Emeralds",24,"Man",1,"39",93,"0",0
135,"sheriff","GlobalLearn","20","A sheriff","Emeralds",24,"Man",1,"40",92,"1",0
135,"sheriff","GlobalLearn","20","A sheriff","Emeralds",24,"Man",1,"41",100,"0",0
135,"sheriff","GlobalLearn","20","A sheriff","Emeralds",24,"Man",1,"42",27,"1",1
135,"sheriff","GlobalLearn","20","A sheriff","Emeralds",24,"Man",1,"43",100,"0",0
135,"sheriff","GlobalLearn","20","A sheriff","Emeralds",24,"Man",1,"44",100,"1",0
135,"sheriff","GlobalLearn","20","A sheriff","Emeralds",24,"Man",1,"45",98,"0",0
135,"sheriff","GlobalLearn","20","A sheriff","Emeralds",24,"Man",1,"46",78,"1",0
135,"sheriff","GlobalLearn","20","A sheriff","Emeralds",24,"Man",1,"47",0,"0",1
135,"sheriff","GlobalLearn","20","A sheriff","Emeralds",24,"Man",1,"48",100,"0",0
135,"sheriff","GlobalLearn","20","A sheriff","Emeralds",24,"Man",1,"49",0,"0",1
135,"sheriff","GlobalLearn","20","A sheriff","Emeralds",24,"Man",1,"50",100,"1",0
136,"tycoon","GlobalLearn","69","A tycoon","Emeralds",29,"Woman",1,"1",83,"0",1
136,"tycoon","GlobalLearn","69","A tycoon","Emeralds",29,"Woman",1,"2",73,"0",1
136,"tycoon","GlobalLearn","69","A tycoon","Emeralds",29,"Woman",1,"3",50,"0",1
136,"tycoon","GlobalLearn","69","A tycoon","Emeralds",29,"Woman",1,"4",39,"0",1
136,"tycoon","GlobalLearn","69","A tycoon","Emeralds",29,"Woman",1,"5",18,"0",0
136,"tycoon","GlobalLearn","69","A tycoon","Emeralds",29,"Woman",1,"6",38,"0",1
136,"tycoon","GlobalLearn","69","A tycoon","Emeralds",29,"Woman",1,"7",27,"0",1
136,"tycoon","GlobalLearn","69","A tycoon","Emeralds",29,"Woman",1,"8",15,"0",0
136,"tycoon","GlobalLearn","69","A tycoon","Emeralds",29,"Woman",1,"9",12,"0",0
136,"tycoon","GlobalLearn","69","A tycoon","Emeralds",29,"Woman",1,"10",16,"0",0
136,"tycoon","GlobalLearn","69","A tycoon","Emeralds",29,"Woman",1,"11",17,"0",0
136,"tycoon","GlobalLearn","69","A tycoon","Emeralds",29,"Woman",1,"12",24,"0",0
136,"tycoon","GlobalLearn","69","A tycoon","Emeralds",29,"Woman",1,"13",78,"1",1
136,"tycoon","GlobalLearn","69","A tycoon","Emeralds",29,"Woman",1,"14",70,"1",1
136,"tycoon","GlobalLearn","69","A tycoon","Emeralds",29,"Woman",1,"15",66,"1",1
136,"tycoon","GlobalLearn","69","A tycoon","Emeralds",29,"Woman",1,"16",85,"1",1
136,"tycoon","GlobalLearn","69","A tycoon","Emeralds",29,"Woman",1,"17",81,"1",1
136,"tycoon","GlobalLearn","69","A tycoon","Emeralds",29,"Woman",1,"18",25,"1",0
136,"tycoon","GlobalLearn","69","A tycoon","Emeralds",29,"Woman",1,"19",73,"1",1
136,"tycoon","GlobalLearn","69","A tycoon","Emeralds",29,"Woman",1,"20",79,"1",1
136,"tycoon","GlobalLearn","69","A tycoon","Emeralds",29,"Woman",1,"21",21,"1",0
136,"tycoon","GlobalLearn","69","A tycoon","Emeralds",29,"Woman",1,"22",25,"1",0
136,"tycoon","GlobalLearn","69","A tycoon","Emeralds",29,"Woman",1,"23",23,"1",0
136,"tycoon","GlobalLearn","69","A tycoon","Emeralds",29,"Woman",1,"24",87,"1",1
136,"tycoon","GlobalLearn","69","A tycoon","Emeralds",29,"Woman",1,"25",78,"1",1
136,"tycoon","GlobalLearn","69","A tycoon","Emeralds",29,"Woman",1,"26",77,"1",1
136,"tycoon","GlobalLearn","69","A tycoon","Emeralds",29,"Woman",1,"27",72,"1",1
136,"tycoon","GlobalLearn","69","A tycoon","Emeralds",29,"Woman",1,"28",57,"1",1
136,"tycoon","GlobalLearn","69","A tycoon","Emeralds",29,"Woman",1,"29",54,"1",1
136,"tycoon","GlobalLearn","69","A tycoon","Emeralds",29,"Woman",1,"30",45,"1",1
136,"tycoon","GlobalLearn","69","A tycoon","Emeralds",29,"Woman",1,"31",44,"1",1
136,"tycoon","GlobalLearn","69","A tycoon","Emeralds",29,"Woman",1,"32",58,"1",1
136,"tycoon","GlobalLearn","69","A tycoon","Emeralds",29,"Woman",1,"33",25,"1",0
136,"tycoon","GlobalLearn","69","A tycoon","Emeralds",29,"Woman",1,"34",24,"1",0
136,"tycoon","GlobalLearn","69","A tycoon","Emeralds",29,"Woman",1,"35",21,"1",0
136,"tycoon","GlobalLearn","69","A tycoon","Emeralds",29,"Woman",1,"36",80,"1",1
136,"tycoon","GlobalLearn","69","A tycoon","Emeralds",29,"Woman",1,"37",74,"1",1
136,"tycoon","GlobalLearn","69","A tycoon","Emeralds",29,"Woman",1,"38",82,"1",1
136,"tycoon","GlobalLearn","69","A tycoon","Emeralds",29,"Woman",1,"39",60,"1",1
136,"tycoon","GlobalLearn","69","A tycoon","Emeralds",29,"Woman",1,"40",50,"1",1
136,"tycoon","GlobalLearn","69","A tycoon","Emeralds",29,"Woman",1,"41",55,"1",1
136,"tycoon","GlobalLearn","69","A tycoon","Emeralds",29,"Woman",1,"42",24,"1",0
136,"tycoon","GlobalLearn","69","A tycoon","Emeralds",29,"Woman",1,"43",66,"1",1
136,"tycoon","GlobalLearn","69","A tycoon","Emeralds",29,"Woman",1,"44",72,"1",1
136,"tycoon","GlobalLearn","69","A tycoon","Emeralds",29,"Woman",1,"45",71,"1",1
136,"tycoon","GlobalLearn","69","A tycoon","Emeralds",29,"Woman",1,"46",62,"1",1
136,"tycoon","GlobalLearn","69","A tycoon","Emeralds",29,"Woman",1,"47",50,"1",1
136,"tycoon","GlobalLearn","69","A tycoon","Emeralds",29,"Woman",1,"48",46,"1",1
136,"tycoon","GlobalLearn","69","A tycoon","Emeralds",29,"Woman",1,"49",53,"1",1
136,"tycoon","GlobalLearn","69","A tycoon","Emeralds",29,"Woman",1,"50",62,"1",1
137,"sheriff","GlobalLearn","48","A sheriff","Emeralds",24,"Woman",1,"1",97,"0",1
137,"sheriff","GlobalLearn","48","A sheriff","Emeralds",24,"Woman",1,"2",70,"0",1
137,"sheriff","GlobalLearn","48","A sheriff","Emeralds",24,"Woman",1,"3",19,"0",1
137,"sheriff","GlobalLearn","48","A sheriff","Emeralds",24,"Woman",1,"4",20,"0",1
137,"sheriff","GlobalLearn","48","A sheriff","Emeralds",24,"Woman",1,"5",96,"0",0
137,"sheriff","GlobalLearn","48","A sheriff","Emeralds",24,"Woman",1,"6",97,"0",0
137,"sheriff","GlobalLearn","48","A sheriff","Emeralds",24,"Woman",1,"7",69,"1",0
137,"sheriff","GlobalLearn","48","A sheriff","Emeralds",24,"Woman",1,"8",61,"0",0
137,"sheriff","GlobalLearn","48","A sheriff","Emeralds",24,"Woman",1,"9",71,"0",1
137,"sheriff","GlobalLearn","48","A sheriff","Emeralds",24,"Woman",1,"10",73,"0",0
137,"sheriff","GlobalLearn","48","A sheriff","Emeralds",24,"Woman",1,"11",67,"1",0
137,"sheriff","GlobalLearn","48","A sheriff","Emeralds",24,"Woman",1,"12",79,"0",1
137,"sheriff","GlobalLearn","48","A sheriff","Emeralds",24,"Woman",1,"13",66,"0",0
137,"sheriff","GlobalLearn","48","A sheriff","Emeralds",24,"Woman",1,"14",57,"0",0
137,"sheriff","GlobalLearn","48","A sheriff","Emeralds",24,"Woman",1,"15",83,"1",1
137,"sheriff","GlobalLearn","48","A sheriff","Emeralds",24,"Woman",1,"16",82,"1",0
137,"sheriff","GlobalLearn","48","A sheriff","Emeralds",24,"Woman",1,"17",68,"0",1
137,"sheriff","GlobalLearn","48","A sheriff","Emeralds",24,"Woman",1,"18",82,"0",0
137,"sheriff","GlobalLearn","48","A sheriff","Emeralds",24,"Woman",1,"19",67,"1",0
137,"sheriff","GlobalLearn","48","A sheriff","Emeralds",24,"Woman",1,"20",69,"0",0
137,"sheriff","GlobalLearn","48","A sheriff","Emeralds",24,"Woman",1,"21",74,"1",0
137,"sheriff","GlobalLearn","48","A sheriff","Emeralds",24,"Woman",1,"22",28,"1",0
137,"sheriff","GlobalLearn","48","A sheriff","Emeralds",24,"Woman",1,"23",56,"0",1
137,"sheriff","GlobalLearn","48","A sheriff","Emeralds",24,"Woman",1,"24",41,"0",1
137,"sheriff","GlobalLearn","48","A sheriff","Emeralds",24,"Woman",1,"25",65,"0",0
137,"sheriff","GlobalLearn","48","A sheriff","Emeralds",24,"Woman",1,"26",62,"1",1
137,"sheriff","GlobalLearn","48","A sheriff","Emeralds",24,"Woman",1,"27",58,"0",1
137,"sheriff","GlobalLearn","48","A sheriff","Emeralds",24,"Woman",1,"28",61,"0",1
137,"sheriff","GlobalLearn","48","A sheriff","Emeralds",24,"Woman",1,"29",68,"0",1
137,"sheriff","GlobalLearn","48","A sheriff","Emeralds",24,"Woman",1,"30",61,"0",1
137,"sheriff","GlobalLearn","48","A sheriff","Emeralds",24,"Woman",1,"31",71,"0",1
137,"sheriff","GlobalLearn","48","A sheriff","Emeralds",24,"Woman",1,"32",45,"0",1
137,"sheriff","GlobalLearn","48","A sheriff","Emeralds",24,"Woman",1,"33",65,"0",0
137,"sheriff","GlobalLearn","48","A sheriff","Emeralds",24,"Woman",1,"34",67,"1",0
137,"sheriff","GlobalLearn","48","A sheriff","Emeralds",24,"Woman",1,"35",56,"0",1
137,"sheriff","GlobalLearn","48","A sheriff","Emeralds",24,"Woman",1,"36",56,"0",1
137,"sheriff","GlobalLearn","48","A sheriff","Emeralds",24,"Woman",1,"37",58,"0",0
137,"sheriff","GlobalLearn","48","A sheriff","Emeralds",24,"Woman",1,"38",58,"0",0
137,"sheriff","GlobalLearn","48","A sheriff","Emeralds",24,"Woman",1,"39",58,"0",1
137,"sheriff","GlobalLearn","48","A sheriff","Emeralds",24,"Woman",1,"40",60,"0",1
137,"sheriff","GlobalLearn","48","A sheriff","Emeralds",24,"Woman",1,"41",63,"0",0
137,"sheriff","GlobalLearn","48","A sheriff","Emeralds",24,"Woman",1,"42",71,"0",1
137,"sheriff","GlobalLearn","48","A sheriff","Emeralds",24,"Woman",1,"43",72,"0",0
137,"sheriff","GlobalLearn","48","A sheriff","Emeralds",24,"Woman",1,"44",62,"0",1
137,"sheriff","GlobalLearn","48","A sheriff","Emeralds",24,"Woman",1,"45",63,"0",0
137,"sheriff","GlobalLearn","48","A sheriff","Emeralds",24,"Woman",1,"46",63,"0",1
137,"sheriff","GlobalLearn","48","A sheriff","Emeralds",24,"Woman",1,"47",62,"0",1
137,"sheriff","GlobalLearn","48","A sheriff","Emeralds",24,"Woman",1,"48",61,"0",1
137,"sheriff","GlobalLearn","48","A sheriff","Emeralds",24,"Woman",1,"49",60,"0",1
137,"sheriff","GlobalLearn","48","A sheriff","Emeralds",24,"Woman",1,"50",59,"0",1
138,"sheriff","GlobalLearn","17","A sheriff","Emeralds",45,"Man",1,"1",18,"1",0
138,"sheriff","GlobalLearn","17","A sheriff","Emeralds",45,"Man",1,"2",73,"0",1
138,"sheriff","GlobalLearn","17","A sheriff","Emeralds",45,"Man",1,"3",80,"0",1
138,"sheriff","GlobalLearn","17","A sheriff","Emeralds",45,"Man",1,"4",100,"0",1
138,"sheriff","GlobalLearn","17","A sheriff","Emeralds",45,"Man",1,"5",100,"0",1
138,"sheriff","GlobalLearn","17","A sheriff","Emeralds",45,"Man",1,"6",51,"0",0
138,"sheriff","GlobalLearn","17","A sheriff","Emeralds",45,"Man",1,"7",29,"0",0
138,"sheriff","GlobalLearn","17","A sheriff","Emeralds",45,"Man",1,"8",64,"0",1
138,"sheriff","GlobalLearn","17","A sheriff","Emeralds",45,"Man",1,"9",50,"0",1
138,"sheriff","GlobalLearn","17","A sheriff","Emeralds",45,"Man",1,"10",38,"0",0
138,"sheriff","GlobalLearn","17","A sheriff","Emeralds",45,"Man",1,"11",74,"0",1
138,"sheriff","GlobalLearn","17","A sheriff","Emeralds",45,"Man",1,"12",71,"0",1
138,"sheriff","GlobalLearn","17","A sheriff","Emeralds",45,"Man",1,"13",32,"0",0
138,"sheriff","GlobalLearn","17","A sheriff","Emeralds",45,"Man",1,"14",59,"0",1
138,"sheriff","GlobalLearn","17","A sheriff","Emeralds",45,"Man",1,"15",65,"0",1
138,"sheriff","GlobalLearn","17","A sheriff","Emeralds",45,"Man",1,"16",32,"0",0
138,"sheriff","GlobalLearn","17","A sheriff","Emeralds",45,"Man",1,"17",67,"0",1
138,"sheriff","GlobalLearn","17","A sheriff","Emeralds",45,"Man",1,"18",74,"0",0
138,"sheriff","GlobalLearn","17","A sheriff","Emeralds",45,"Man",1,"19",100,"0",1
138,"sheriff","GlobalLearn","17","A sheriff","Emeralds",45,"Man",1,"20",13,"0",0
138,"sheriff","GlobalLearn","17","A sheriff","Emeralds",45,"Man",1,"21",29,"0",0
138,"sheriff","GlobalLearn","17","A sheriff","Emeralds",45,"Man",1,"22",82,"0",0
138,"sheriff","GlobalLearn","17","A sheriff","Emeralds",45,"Man",1,"23",100,"0",0
138,"sheriff","GlobalLearn","17","A sheriff","Emeralds",45,"Man",1,"24",39,"0",1
138,"sheriff","GlobalLearn","17","A sheriff","Emeralds",45,"Man",1,"25",76,"0",1
138,"sheriff","GlobalLearn","17","A sheriff","Emeralds",45,"Man",1,"26",84,"0",1
138,"sheriff","GlobalLearn","17","A sheriff","Emeralds",45,"Man",1,"27",83,"0",1
138,"sheriff","GlobalLearn","17","A sheriff","Emeralds",45,"Man",1,"28",51,"0",0
138,"sheriff","GlobalLearn","17","A sheriff","Emeralds",45,"Man",1,"29",37,"0",0
138,"sheriff","GlobalLearn","17","A sheriff","Emeralds",45,"Man",1,"30",77,"0",1
138,"sheriff","GlobalLearn","17","A sheriff","Emeralds",45,"Man",1,"31",36,"0",1
138,"sheriff","GlobalLearn","17","A sheriff","Emeralds",45,"Man",1,"32",94,"0",1
138,"sheriff","GlobalLearn","17","A sheriff","Emeralds",45,"Man",1,"33",100,"0",1
138,"sheriff","GlobalLearn","17","A sheriff","Emeralds",45,"Man",1,"34",86,"0",1
138,"sheriff","GlobalLearn","17","A sheriff","Emeralds",45,"Man",1,"35",87,"0",1
138,"sheriff","GlobalLearn","17","A sheriff","Emeralds",45,"Man",1,"36",35,"0",0
138,"sheriff","GlobalLearn","17","A sheriff","Emeralds",45,"Man",1,"37",77,"0",1
138,"sheriff","GlobalLearn","17","A sheriff","Emeralds",45,"Man",1,"38",26,"0",0
138,"sheriff","GlobalLearn","17","A sheriff","Emeralds",45,"Man",1,"39",45,"0",0
138,"sheriff","GlobalLearn","17","A sheriff","Emeralds",45,"Man",1,"40",80,"0",0
138,"sheriff","GlobalLearn","17","A sheriff","Emeralds",45,"Man",1,"41",100,"0",1
138,"sheriff","GlobalLearn","17","A sheriff","Emeralds",45,"Man",1,"42",100,"0",1
138,"sheriff","GlobalLearn","17","A sheriff","Emeralds",45,"Man",1,"43",85,"0",1
138,"sheriff","GlobalLearn","17","A sheriff","Emeralds",45,"Man",1,"44",83,"0",1
138,"sheriff","GlobalLearn","17","A sheriff","Emeralds",45,"Man",1,"45",86,"0",1
138,"sheriff","GlobalLearn","17","A sheriff","Emeralds",45,"Man",1,"46",51,"0",1
138,"sheriff","GlobalLearn","17","A sheriff","Emeralds",45,"Man",1,"47",80,"0",1
138,"sheriff","GlobalLearn","17","A sheriff","Emeralds",45,"Man",1,"48",22,"0",0
138,"sheriff","GlobalLearn","17","A sheriff","Emeralds",45,"Man",1,"49",67,"0",0
138,"sheriff","GlobalLearn","17","A sheriff","Emeralds",45,"Man",1,"50",63,"0",0
139,"bandit","GlobalLearn","45","A bandit","Emeralds",28,"Man",1,"1",71,"1",0
139,"bandit","GlobalLearn","45","A bandit","Emeralds",28,"Man",1,"2",77,"0",0
139,"bandit","GlobalLearn","45","A bandit","Emeralds",28,"Man",1,"3",18,"0",1
139,"bandit","GlobalLearn","45","A bandit","Emeralds",28,"Man",1,"4",19,"0",1
139,"bandit","GlobalLearn","45","A bandit","Emeralds",28,"Man",1,"5",35,"0",0
139,"bandit","GlobalLearn","45","A bandit","Emeralds",28,"Man",1,"6",27,"0",0
139,"bandit","GlobalLearn","45","A bandit","Emeralds",28,"Man",1,"7",13,"0",1
139,"bandit","GlobalLearn","45","A bandit","Emeralds",28,"Man",1,"8",53,"0",0
139,"bandit","GlobalLearn","45","A bandit","Emeralds",28,"Man",1,"9",32,"1",1
139,"bandit","GlobalLearn","45","A bandit","Emeralds",28,"Man",1,"10",76,"1",0
139,"bandit","GlobalLearn","45","A bandit","Emeralds",28,"Man",1,"11",59,"1",0
139,"bandit","GlobalLearn","45","A bandit","Emeralds",28,"Man",1,"12",29,"0",1
139,"bandit","GlobalLearn","45","A bandit","Emeralds",28,"Man",1,"13",41,"0",0
139,"bandit","GlobalLearn","45","A bandit","Emeralds",28,"Man",1,"14",57,"0",0
139,"bandit","GlobalLearn","45","A bandit","Emeralds",28,"Man",1,"15",72,"0",0
139,"bandit","GlobalLearn","45","A bandit","Emeralds",28,"Man",1,"16",65,"1",0
139,"bandit","GlobalLearn","45","A bandit","Emeralds",28,"Man",1,"17",83,"0",0
139,"bandit","GlobalLearn","45","A bandit","Emeralds",28,"Man",1,"18",13,"0",1
139,"bandit","GlobalLearn","45","A bandit","Emeralds",28,"Man",1,"19",24,"0",1
139,"bandit","GlobalLearn","45","A bandit","Emeralds",28,"Man",1,"20",56,"0",0
139,"bandit","GlobalLearn","45","A bandit","Emeralds",28,"Man",1,"21",64,"0",0
139,"bandit","GlobalLearn","45","A bandit","Emeralds",28,"Man",1,"22",21,"0",1
139,"bandit","GlobalLearn","45","A bandit","Emeralds",28,"Man",1,"23",20,"0",0
139,"bandit","GlobalLearn","45","A bandit","Emeralds",28,"Man",1,"24",66,"1",0
139,"bandit","GlobalLearn","45","A bandit","Emeralds",28,"Man",1,"25",11,"0",1
139,"bandit","GlobalLearn","45","A bandit","Emeralds",28,"Man",1,"26",19,"0",0
139,"bandit","GlobalLearn","45","A bandit","Emeralds",28,"Man",1,"27",17,"0",0
139,"bandit","GlobalLearn","45","A bandit","Emeralds",28,"Man",1,"28",19,"0",1
139,"bandit","GlobalLearn","45","A bandit","Emeralds",28,"Man",1,"29",15,"0",1
139,"bandit","GlobalLearn","45","A bandit","Emeralds",28,"Man",1,"30",9,"0",1
139,"bandit","GlobalLearn","45","A bandit","Emeralds",28,"Man",1,"31",96,"0",0
139,"bandit","GlobalLearn","45","A bandit","Emeralds",28,"Man",1,"32",12,"0",1
139,"bandit","GlobalLearn","45","A bandit","Emeralds",28,"Man",1,"33",72,"0",0
139,"bandit","GlobalLearn","45","A bandit","Emeralds",28,"Man",1,"34",82,"0",0
139,"bandit","GlobalLearn","45","A bandit","Emeralds",28,"Man",1,"35",59,"0",0
139,"bandit","GlobalLearn","45","A bandit","Emeralds",28,"Man",1,"36",4,"0",1
139,"bandit","GlobalLearn","45","A bandit","Emeralds",28,"Man",1,"37",11,"0",1
139,"bandit","GlobalLearn","45","A bandit","Emeralds",28,"Man",1,"38",16,"0",1
139,"bandit","GlobalLearn","45","A bandit","Emeralds",28,"Man",1,"39",8,"0",1
139,"bandit","GlobalLearn","45","A bandit","Emeralds",28,"Man",1,"40",9,"0",1
139,"bandit","GlobalLearn","45","A bandit","Emeralds",28,"Man",1,"41",88,"0",0
139,"bandit","GlobalLearn","45","A bandit","Emeralds",28,"Man",1,"42",14,"0",0
139,"bandit","GlobalLearn","45","A bandit","Emeralds",28,"Man",1,"43",84,"0",0
139,"bandit","GlobalLearn","45","A bandit","Emeralds",28,"Man",1,"44",74,"0",0
139,"bandit","GlobalLearn","45","A bandit","Emeralds",28,"Man",1,"45",18,"0",1
139,"bandit","GlobalLearn","45","A bandit","Emeralds",28,"Man",1,"46",72,"0",0
139,"bandit","GlobalLearn","45","A bandit","Emeralds",28,"Man",1,"47",60,"0",0
139,"bandit","GlobalLearn","45","A bandit","Emeralds",28,"Man",1,"48",14,"0",1
139,"bandit","GlobalLearn","45","A bandit","Emeralds",28,"Man",1,"49",72,"0",0
139,"bandit","GlobalLearn","45","A bandit","Emeralds",28,"Man",1,"50",88,"0",0
140,"bandit","GlobalLearn","34","A bandit","Emeralds",25,"Woman",1,"1",77,"0",0
140,"bandit","GlobalLearn","34","A bandit","Emeralds",25,"Woman",1,"2",0,"1",1
140,"bandit","GlobalLearn","34","A bandit","Emeralds",25,"Woman",1,"3",98,"1",0
140,"bandit","GlobalLearn","34","A bandit","Emeralds",25,"Woman",1,"4",100,"1",0
140,"bandit","GlobalLearn","34","A bandit","Emeralds",25,"Woman",1,"5",86,"0",0
140,"bandit","GlobalLearn","34","A bandit","Emeralds",25,"Woman",1,"6",100,"1",0
140,"bandit","GlobalLearn","34","A bandit","Emeralds",25,"Woman",1,"7",96,"0",0
140,"bandit","GlobalLearn","34","A bandit","Emeralds",25,"Woman",1,"8",0,"0",1
140,"bandit","GlobalLearn","34","A bandit","Emeralds",25,"Woman",1,"9",0,"0",1
140,"bandit","GlobalLearn","34","A bandit","Emeralds",25,"Woman",1,"10",0,"0",1
140,"bandit","GlobalLearn","34","A bandit","Emeralds",25,"Woman",1,"11",0,"0",1
140,"bandit","GlobalLearn","34","A bandit","Emeralds",25,"Woman",1,"12",0,"0",1
140,"bandit","GlobalLearn","34","A bandit","Emeralds",25,"Woman",1,"13",1,"0",1
140,"bandit","GlobalLearn","34","A bandit","Emeralds",25,"Woman",1,"14",0,"0",1
140,"bandit","GlobalLearn","34","A bandit","Emeralds",25,"Woman",1,"15",85,"0",0
140,"bandit","GlobalLearn","34","A bandit","Emeralds",25,"Woman",1,"16",91,"0",0
140,"bandit","GlobalLearn","34","A bandit","Emeralds",25,"Woman",1,"17",19,"1",0
140,"bandit","GlobalLearn","34","A bandit","Emeralds",25,"Woman",1,"18",0,"0",1
140,"bandit","GlobalLearn","34","A bandit","Emeralds",25,"Woman",1,"19",92,"0",0
140,"bandit","GlobalLearn","34","A bandit","Emeralds",25,"Woman",1,"20",0,"0",1
140,"bandit","GlobalLearn","34","A bandit","Emeralds",25,"Woman",1,"21",0,"0",1
140,"bandit","GlobalLearn","34","A bandit","Emeralds",25,"Woman",1,"22",93,"0",0
140,"bandit","GlobalLearn","34","A bandit","Emeralds",25,"Woman",1,"23",71,"0",0
140,"bandit","GlobalLearn","34","A bandit","Emeralds",25,"Woman",1,"24",74,"1",0
140,"bandit","GlobalLearn","34","A bandit","Emeralds",25,"Woman",1,"25",0,"1",1
140,"bandit","GlobalLearn","34","A bandit","Emeralds",25,"Woman",1,"26",86,"1",0
140,"bandit","GlobalLearn","34","A bandit","Emeralds",25,"Woman",1,"27",0,"0",1
140,"bandit","GlobalLearn","34","A bandit","Emeralds",25,"Woman",1,"28",88,"0",0
140,"bandit","GlobalLearn","34","A bandit","Emeralds",25,"Woman",1,"29",79,"0",0
140,"bandit","GlobalLearn","34","A bandit","Emeralds",25,"Woman",1,"30",88,"0",0
140,"bandit","GlobalLearn","34","A bandit","Emeralds",25,"Woman",1,"31",100,"0",0
140,"bandit","GlobalLearn","34","A bandit","Emeralds",25,"Woman",1,"32",100,"0",0
140,"bandit","GlobalLearn","34","A bandit","Emeralds",25,"Woman",1,"33",99,"0",0
140,"bandit","GlobalLearn","34","A bandit","Emeralds",25,"Woman",1,"34",85,"1",0
140,"bandit","GlobalLearn","34","A bandit","Emeralds",25,"Woman",1,"35",76,"1",0
140,"bandit","GlobalLearn","34","A bandit","Emeralds",25,"Woman",1,"36",86,"1",0
140,"bandit","GlobalLearn","34","A bandit","Emeralds",25,"Woman",1,"37",89,"0",0
140,"bandit","GlobalLearn","34","A bandit","Emeralds",25,"Woman",1,"38",0,"1",1
140,"bandit","GlobalLearn","34","A bandit","Emeralds",25,"Woman",1,"39",87,"1",0
140,"bandit","GlobalLearn","34","A bandit","Emeralds",25,"Woman",1,"40",91,"1",0
140,"bandit","GlobalLearn","34","A bandit","Emeralds",25,"Woman",1,"41",76,"1",0
140,"bandit","GlobalLearn","34","A bandit","Emeralds",25,"Woman",1,"42",60,"1",0
140,"bandit","GlobalLearn","34","A bandit","Emeralds",25,"Woman",1,"43",61,"1",0
140,"bandit","GlobalLearn","34","A bandit","Emeralds",25,"Woman",1,"44",76,"0",0
140,"bandit","GlobalLearn","34","A bandit","Emeralds",25,"Woman",1,"45",0,"0",1
140,"bandit","GlobalLearn","34","A bandit","Emeralds",25,"Woman",1,"46",87,"0",0
140,"bandit","GlobalLearn","34","A bandit","Emeralds",25,"Woman",1,"47",0,"0",1
140,"bandit","GlobalLearn","34","A bandit","Emeralds",25,"Woman",1,"48",75,"0",0
140,"bandit","GlobalLearn","34","A bandit","Emeralds",25,"Woman",1,"49",0,"0",1
140,"bandit","GlobalLearn","34","A bandit","Emeralds",25,"Woman",1,"50",66,"0",0
141,"bandit","GlobalLearn","29","A bandit","Emeralds",24,"Man",1,"1",28,"1",0
141,"bandit","GlobalLearn","29","A bandit","Emeralds",24,"Man",1,"2",48,"0",0
141,"bandit","GlobalLearn","29","A bandit","Emeralds",24,"Man",1,"3",77,"0",0
141,"bandit","GlobalLearn","29","A bandit","Emeralds",24,"Man",1,"4",14,"0",0
141,"bandit","GlobalLearn","29","A bandit","Emeralds",24,"Man",1,"5",76,"1",0
141,"bandit","GlobalLearn","29","A bandit","Emeralds",24,"Man",1,"6",11,"1",0
141,"bandit","GlobalLearn","29","A bandit","Emeralds",24,"Man",1,"7",0,"1",0
141,"bandit","GlobalLearn","29","A bandit","Emeralds",24,"Man",1,"8",18,"1",1
141,"bandit","GlobalLearn","29","A bandit","Emeralds",24,"Man",1,"9",0,"1",0
141,"bandit","GlobalLearn","29","A bandit","Emeralds",24,"Man",1,"10",0,"0",0
141,"bandit","GlobalLearn","29","A bandit","Emeralds",24,"Man",1,"11",0,"0",0
141,"bandit","GlobalLearn","29","A bandit","Emeralds",24,"Man",1,"12",0,"0",0
141,"bandit","GlobalLearn","29","A bandit","Emeralds",24,"Man",1,"13",0,"0",0
141,"bandit","GlobalLearn","29","A bandit","Emeralds",24,"Man",1,"14",0,"1",1
141,"bandit","GlobalLearn","29","A bandit","Emeralds",24,"Man",1,"15",13,"1",0
141,"bandit","GlobalLearn","29","A bandit","Emeralds",24,"Man",1,"16",0,"1",1
141,"bandit","GlobalLearn","29","A bandit","Emeralds",24,"Man",1,"17",0,"1",1
141,"bandit","GlobalLearn","29","A bandit","Emeralds",24,"Man",1,"18",0,"1",1
141,"bandit","GlobalLearn","29","A bandit","Emeralds",24,"Man",1,"19",3,"1",0
141,"bandit","GlobalLearn","29","A bandit","Emeralds",24,"Man",1,"20",0,"1",1
141,"bandit","GlobalLearn","29","A bandit","Emeralds",24,"Man",1,"21",0,"1",1
141,"bandit","GlobalLearn","29","A bandit","Emeralds",24,"Man",1,"22",0,"1",1
141,"bandit","GlobalLearn","29","A bandit","Emeralds",24,"Man",1,"23",0,"1",1
141,"bandit","GlobalLearn","29","A bandit","Emeralds",24,"Man",1,"24",0,"1",1
141,"bandit","GlobalLearn","29","A bandit","Emeralds",24,"Man",1,"25",0,"1",1
141,"bandit","GlobalLearn","29","A bandit","Emeralds",24,"Man",1,"26",0,"1",1
141,"bandit","GlobalLearn","29","A bandit","Emeralds",24,"Man",1,"27",6,"1",0
141,"bandit","GlobalLearn","29","A bandit","Emeralds",24,"Man",1,"28",5,"1",0
141,"bandit","GlobalLearn","29","A bandit","Emeralds",24,"Man",1,"29",28,"1",0
141,"bandit","GlobalLearn","29","A bandit","Emeralds",24,"Man",1,"30",0,"1",1
141,"bandit","GlobalLearn","29","A bandit","Emeralds",24,"Man",1,"31",0,"1",1
141,"bandit","GlobalLearn","29","A bandit","Emeralds",24,"Man",1,"32",13,"1",0
141,"bandit","GlobalLearn","29","A bandit","Emeralds",24,"Man",1,"33",0,"1",1
141,"bandit","GlobalLearn","29","A bandit","Emeralds",24,"Man",1,"34",8,"1",0
141,"bandit","GlobalLearn","29","A bandit","Emeralds",24,"Man",1,"35",8,"1",0
141,"bandit","GlobalLearn","29","A bandit","Emeralds",24,"Man",1,"36",8,"1",0
141,"bandit","GlobalLearn","29","A bandit","Emeralds",24,"Man",1,"37",8,"1",1
141,"bandit","GlobalLearn","29","A bandit","Emeralds",24,"Man",1,"38",0,"1",1
141,"bandit","GlobalLearn","29","A bandit","Emeralds",24,"Man",1,"39",0,"1",1
141,"bandit","GlobalLearn","29","A bandit","Emeralds",24,"Man",1,"40",5,"1",0
141,"bandit","GlobalLearn","29","A bandit","Emeralds",24,"Man",1,"41",4,"0",0
141,"bandit","GlobalLearn","29","A bandit","Emeralds",24,"Man",1,"42",3,"1",0
141,"bandit","GlobalLearn","29","A bandit","Emeralds",24,"Man",1,"43",3,"1",0
141,"bandit","GlobalLearn","29","A bandit","Emeralds",24,"Man",1,"44",0,"1",1
141,"bandit","GlobalLearn","29","A bandit","Emeralds",24,"Man",1,"45",0,"1",1
141,"bandit","GlobalLearn","29","A bandit","Emeralds",24,"Man",1,"46",2,"1",0
141,"bandit","GlobalLearn","29","A bandit","Emeralds",24,"Man",1,"47",0,"1",1
141,"bandit","GlobalLearn","29","A bandit","Emeralds",24,"Man",1,"48",0,"1",1
141,"bandit","GlobalLearn","29","A bandit","Emeralds",24,"Man",1,"49",1,"1",0
141,"bandit","GlobalLearn","29","A bandit","Emeralds",24,"Man",1,"50",2,"1",0
142,"bandit","GlobalLearn","34","A bandit","Emeralds",47,"Man",1,"1",72,"0",0
142,"bandit","GlobalLearn","34","A bandit","Emeralds",47,"Man",1,"2",80,"1",1
142,"bandit","GlobalLearn","34","A bandit","Emeralds",47,"Man",1,"3",81,"1",0
142,"bandit","GlobalLearn","34","A bandit","Emeralds",47,"Man",1,"4",78,"1",0
142,"bandit","GlobalLearn","34","A bandit","Emeralds",47,"Man",1,"5",79,"0",0
142,"bandit","GlobalLearn","34","A bandit","Emeralds",47,"Man",1,"6",80,"1",0
142,"bandit","GlobalLearn","34","A bandit","Emeralds",47,"Man",1,"7",85,"0",0
142,"bandit","GlobalLearn","34","A bandit","Emeralds",47,"Man",1,"8",95,"0",1
142,"bandit","GlobalLearn","34","A bandit","Emeralds",47,"Man",1,"9",89,"0",1
142,"bandit","GlobalLearn","34","A bandit","Emeralds",47,"Man",1,"10",79,"0",1
142,"bandit","GlobalLearn","34","A bandit","Emeralds",47,"Man",1,"11",93,"0",1
142,"bandit","GlobalLearn","34","A bandit","Emeralds",47,"Man",1,"12",93,"0",1
142,"bandit","GlobalLearn","34","A bandit","Emeralds",47,"Man",1,"13",92,"0",1
142,"bandit","GlobalLearn","34","A bandit","Emeralds",47,"Man",1,"14",96,"0",1
142,"bandit","GlobalLearn","34","A bandit","Emeralds",47,"Man",1,"15",100,"0",0
142,"bandit","GlobalLearn","34","A bandit","Emeralds",47,"Man",1,"16",100,"0",0
142,"bandit","GlobalLearn","34","A bandit","Emeralds",47,"Man",1,"17",100,"1",0
142,"bandit","GlobalLearn","34","A bandit","Emeralds",47,"Man",1,"18",100,"0",1
142,"bandit","GlobalLearn","34","A bandit","Emeralds",47,"Man",1,"19",86,"0",0
142,"bandit","GlobalLearn","34","A bandit","Emeralds",47,"Man",1,"20",100,"0",1
142,"bandit","GlobalLearn","34","A bandit","Emeralds",47,"Man",1,"21",88,"0",1
142,"bandit","GlobalLearn","34","A bandit","Emeralds",47,"Man",1,"22",100,"0",0
142,"bandit","GlobalLearn","34","A bandit","Emeralds",47,"Man",1,"23",59,"0",0
142,"bandit","GlobalLearn","34","A bandit","Emeralds",47,"Man",1,"24",77,"1",0
142,"bandit","GlobalLearn","34","A bandit","Emeralds",47,"Man",1,"25",100,"1",1
142,"bandit","GlobalLearn","34","A bandit","Emeralds",47,"Man",1,"26",89,"1",0
142,"bandit","GlobalLearn","34","A bandit","Emeralds",47,"Man",1,"27",100,"0",1
142,"bandit","GlobalLearn","34","A bandit","Emeralds",47,"Man",1,"28",61,"0",0
142,"bandit","GlobalLearn","34","A bandit","Emeralds",47,"Man",1,"29",60,"0",0
142,"bandit","GlobalLearn","34","A bandit","Emeralds",47,"Man",1,"30",92,"0",0
142,"bandit","GlobalLearn","34","A bandit","Emeralds",47,"Man",1,"31",62,"0",0
142,"bandit","GlobalLearn","34","A bandit","Emeralds",47,"Man",1,"32",76,"0",0
142,"bandit","GlobalLearn","34","A bandit","Emeralds",47,"Man",1,"33",62,"0",0
142,"bandit","GlobalLearn","34","A bandit","Emeralds",47,"Man",1,"34",100,"1",0
142,"bandit","GlobalLearn","34","A bandit","Emeralds",47,"Man",1,"35",100,"1",0
142,"bandit","GlobalLearn","34","A bandit","Emeralds",47,"Man",1,"36",75,"1",0
142,"bandit","GlobalLearn","34","A bandit","Emeralds",47,"Man",1,"37",76,"0",0
142,"bandit","GlobalLearn","34","A bandit","Emeralds",47,"Man",1,"38",30,"1",1
142,"bandit","GlobalLearn","34","A bandit","Emeralds",47,"Man",1,"39",68,"1",0
142,"bandit","GlobalLearn","34","A bandit","Emeralds",47,"Man",1,"40",76,"1",0
142,"bandit","GlobalLearn","34","A bandit","Emeralds",47,"Man",1,"41",82,"1",0
142,"bandit","GlobalLearn","34","A bandit","Emeralds",47,"Man",1,"42",72,"1",0
142,"bandit","GlobalLearn","34","A bandit","Emeralds",47,"Man",1,"43",100,"1",0
142,"bandit","GlobalLearn","34","A bandit","Emeralds",47,"Man",1,"44",63,"0",0
142,"bandit","GlobalLearn","34","A bandit","Emeralds",47,"Man",1,"45",95,"0",1
142,"bandit","GlobalLearn","34","A bandit","Emeralds",47,"Man",1,"46",80,"0",0
142,"bandit","GlobalLearn","34","A bandit","Emeralds",47,"Man",1,"47",97,"0",1
142,"bandit","GlobalLearn","34","A bandit","Emeralds",47,"Man",1,"48",79,"0",0
142,"bandit","GlobalLearn","34","A bandit","Emeralds",47,"Man",1,"49",78,"0",1
142,"bandit","GlobalLearn","34","A bandit","Emeralds",47,"Man",1,"50",88,"0",0
143,"bandit","GlobalLearn","32","A bandit","Emeralds",54,"Man",1,"1",22,"1",1
143,"bandit","GlobalLearn","32","A bandit","Emeralds",54,"Man",1,"2",21,"1",1
143,"bandit","GlobalLearn","32","A bandit","Emeralds",54,"Man",1,"3",17,"1",1
143,"bandit","GlobalLearn","32","A bandit","Emeralds",54,"Man",1,"4",16,"1",1
143,"bandit","GlobalLearn","32","A bandit","Emeralds",54,"Man",1,"5",18,"1",1
143,"bandit","GlobalLearn","32","A bandit","Emeralds",54,"Man",1,"6",79,"1",0
143,"bandit","GlobalLearn","32","A bandit","Emeralds",54,"Man",1,"7",80,"1",0
143,"bandit","GlobalLearn","32","A bandit","Emeralds",54,"Man",1,"8",17,"1",1
143,"bandit","GlobalLearn","32","A bandit","Emeralds",54,"Man",1,"9",91,"1",0
143,"bandit","GlobalLearn","32","A bandit","Emeralds",54,"Man",1,"10",13,"1",1
143,"bandit","GlobalLearn","32","A bandit","Emeralds",54,"Man",1,"11",91,"1",0
143,"bandit","GlobalLearn","32","A bandit","Emeralds",54,"Man",1,"12",85,"0",0
143,"bandit","GlobalLearn","32","A bandit","Emeralds",54,"Man",1,"13",88,"0",0
143,"bandit","GlobalLearn","32","A bandit","Emeralds",54,"Man",1,"14",88,"0",0
143,"bandit","GlobalLearn","32","A bandit","Emeralds",54,"Man",1,"15",16,"0",1
143,"bandit","GlobalLearn","32","A bandit","Emeralds",54,"Man",1,"16",89,"0",0
143,"bandit","GlobalLearn","32","A bandit","Emeralds",54,"Man",1,"17",17,"0",1
143,"bandit","GlobalLearn","32","A bandit","Emeralds",54,"Man",1,"18",21,"0",0
143,"bandit","GlobalLearn","32","A bandit","Emeralds",54,"Man",1,"19",19,"0",1
143,"bandit","GlobalLearn","32","A bandit","Emeralds",54,"Man",1,"20",85,"0",0
143,"bandit","GlobalLearn","32","A bandit","Emeralds",54,"Man",1,"21",19,"1",1
143,"bandit","GlobalLearn","32","A bandit","Emeralds",54,"Man",1,"22",88,"1",0
143,"bandit","GlobalLearn","32","A bandit","Emeralds",54,"Man",1,"23",88,"1",0
143,"bandit","GlobalLearn","32","A bandit","Emeralds",54,"Man",1,"24",18,"1",1
143,"bandit","GlobalLearn","32","A bandit","Emeralds",54,"Man",1,"25",15,"1",1
143,"bandit","GlobalLearn","32","A bandit","Emeralds",54,"Man",1,"26",16,"1",1
143,"bandit","GlobalLearn","32","A bandit","Emeralds",54,"Man",1,"27",87,"1",0
143,"bandit","GlobalLearn","32","A bandit","Emeralds",54,"Man",1,"28",84,"0",0
143,"bandit","GlobalLearn","32","A bandit","Emeralds",54,"Man",1,"29",88,"0",0
143,"bandit","GlobalLearn","32","A bandit","Emeralds",54,"Man",1,"30",87,"0",0
143,"bandit","GlobalLearn","32","A bandit","Emeralds",54,"Man",1,"31",16,"1",1
143,"bandit","GlobalLearn","32","A bandit","Emeralds",54,"Man",1,"32",18,"1",1
143,"bandit","GlobalLearn","32","A bandit","Emeralds",54,"Man",1,"33",18,"1",1
143,"bandit","GlobalLearn","32","A bandit","Emeralds",54,"Man",1,"34",88,"1",0
143,"bandit","GlobalLearn","32","A bandit","Emeralds",54,"Man",1,"35",22,"1",1
143,"bandit","GlobalLearn","32","A bandit","Emeralds",54,"Man",1,"36",88,"1",0
143,"bandit","GlobalLearn","32","A bandit","Emeralds",54,"Man",1,"37",86,"1",0
143,"bandit","GlobalLearn","32","A bandit","Emeralds",54,"Man",1,"38",83,"1",0
143,"bandit","GlobalLearn","32","A bandit","Emeralds",54,"Man",1,"39",12,"1",1
143,"bandit","GlobalLearn","32","A bandit","Emeralds",54,"Man",1,"40",87,"1",0
143,"bandit","GlobalLearn","32","A bandit","Emeralds",54,"Man",1,"41",85,"1",0
143,"bandit","GlobalLearn","32","A bandit","Emeralds",54,"Man",1,"42",86,"1",0
143,"bandit","GlobalLearn","32","A bandit","Emeralds",54,"Man",1,"43",12,"1",1
143,"bandit","GlobalLearn","32","A bandit","Emeralds",54,"Man",1,"44",13,"1",1
143,"bandit","GlobalLearn","32","A bandit","Emeralds",54,"Man",1,"45",84,"1",0
143,"bandit","GlobalLearn","32","A bandit","Emeralds",54,"Man",1,"46",85,"1",0
143,"bandit","GlobalLearn","32","A bandit","Emeralds",54,"Man",1,"47",12,"1",1
143,"bandit","GlobalLearn","32","A bandit","Emeralds",54,"Man",1,"48",85,"1",0
143,"bandit","GlobalLearn","32","A bandit","Emeralds",54,"Man",1,"49",16,"1",1
143,"bandit","GlobalLearn","32","A bandit","Emeralds",54,"Man",1,"50",82,"1",0
144,"sheriff","GlobalLearn","38","A sheriff","Emeralds",41,"Woman",1,"1",100,"0",1
144,"sheriff","GlobalLearn","38","A sheriff","Emeralds",41,"Woman",1,"2",100,"1",1
144,"sheriff","GlobalLearn","38","A sheriff","Emeralds",41,"Woman",1,"3",100,"1",0
144,"sheriff","GlobalLearn","38","A sheriff","Emeralds",41,"Woman",1,"4",100,"0",1
144,"sheriff","GlobalLearn","38","A sheriff","Emeralds",41,"Woman",1,"5",100,"0",1
144,"sheriff","GlobalLearn","38","A sheriff","Emeralds",41,"Woman",1,"6",100,"0",0
144,"sheriff","GlobalLearn","38","A sheriff","Emeralds",41,"Woman",1,"7",100,"0",1
144,"sheriff","GlobalLearn","38","A sheriff","Emeralds",41,"Woman",1,"8",100,"1",0
144,"sheriff","GlobalLearn","38","A sheriff","Emeralds",41,"Woman",1,"9",100,"1",1
144,"sheriff","GlobalLearn","38","A sheriff","Emeralds",41,"Woman",1,"10",100,"1",1
144,"sheriff","GlobalLearn","38","A sheriff","Emeralds",41,"Woman",1,"11",100,"1",1
144,"sheriff","GlobalLearn","38","A sheriff","Emeralds",41,"Woman",1,"12",100,"1",1
144,"sheriff","GlobalLearn","38","A sheriff","Emeralds",41,"Woman",1,"13",100,"1",1
144,"sheriff","GlobalLearn","38","A sheriff","Emeralds",41,"Woman",1,"14",60,"1",1
144,"sheriff","GlobalLearn","38","A sheriff","Emeralds",41,"Woman",1,"15",60,"1",1
144,"sheriff","GlobalLearn","38","A sheriff","Emeralds",41,"Woman",1,"16",100,"1",0
144,"sheriff","GlobalLearn","38","A sheriff","Emeralds",41,"Woman",1,"17",100,"1",0
144,"sheriff","GlobalLearn","38","A sheriff","Emeralds",41,"Woman",1,"18",100,"1",1
144,"sheriff","GlobalLearn","38","A sheriff","Emeralds",41,"Woman",1,"19",78,"1",0
144,"sheriff","GlobalLearn","38","A sheriff","Emeralds",41,"Woman",1,"20",64,"1",0
144,"sheriff","GlobalLearn","38","A sheriff","Emeralds",41,"Woman",1,"21",100,"1",1
144,"sheriff","GlobalLearn","38","A sheriff","Emeralds",41,"Woman",1,"22",100,"1",1
144,"sheriff","GlobalLearn","38","A sheriff","Emeralds",41,"Woman",1,"23",100,"1",0
144,"sheriff","GlobalLearn","38","A sheriff","Emeralds",41,"Woman",1,"24",100,"1",0
144,"sheriff","GlobalLearn","38","A sheriff","Emeralds",41,"Woman",1,"25",100,"0",0
144,"sheriff","GlobalLearn","38","A sheriff","Emeralds",41,"Woman",1,"26",100,"0",1
144,"sheriff","GlobalLearn","38","A sheriff","Emeralds",41,"Woman",1,"27",74,"0",1
144,"sheriff","GlobalLearn","38","A sheriff","Emeralds",41,"Woman",1,"28",80,"0",0
144,"sheriff","GlobalLearn","38","A sheriff","Emeralds",41,"Woman",1,"29",100,"0",0
144,"sheriff","GlobalLearn","38","A sheriff","Emeralds",41,"Woman",1,"30",100,"0",0
144,"sheriff","GlobalLearn","38","A sheriff","Emeralds",41,"Woman",1,"31",80,"0",0
144,"sheriff","GlobalLearn","38","A sheriff","Emeralds",41,"Woman",1,"32",68,"1",0
144,"sheriff","GlobalLearn","38","A sheriff","Emeralds",41,"Woman",1,"33",81,"1",1
144,"sheriff","GlobalLearn","38","A sheriff","Emeralds",41,"Woman",1,"34",81,"1",1
144,"sheriff","GlobalLearn","38","A sheriff","Emeralds",41,"Woman",1,"35",69,"1",0
144,"sheriff","GlobalLearn","38","A sheriff","Emeralds",41,"Woman",1,"36",82,"1",0
144,"sheriff","GlobalLearn","38","A sheriff","Emeralds",41,"Woman",1,"37",67,"1",0
144,"sheriff","GlobalLearn","38","A sheriff","Emeralds",41,"Woman",1,"38",75,"1",0
144,"sheriff","GlobalLearn","38","A sheriff","Emeralds",41,"Woman",1,"39",71,"1",1
144,"sheriff","GlobalLearn","38","A sheriff","Emeralds",41,"Woman",1,"40",73,"1",0
144,"sheriff","GlobalLearn","38","A sheriff","Emeralds",41,"Woman",1,"41",81,"1",1
144,"sheriff","GlobalLearn","38","A sheriff","Emeralds",41,"Woman",1,"42",75,"1",1
144,"sheriff","GlobalLearn","38","A sheriff","Emeralds",41,"Woman",1,"43",72,"1",1
144,"sheriff","GlobalLearn","38","A sheriff","Emeralds",41,"Woman",1,"44",100,"1",0
144,"sheriff","GlobalLearn","38","A sheriff","Emeralds",41,"Woman",1,"45",100,"1",0
144,"sheriff","GlobalLearn","38","A sheriff","Emeralds",41,"Woman",1,"46",88,"1",1
144,"sheriff","GlobalLearn","38","A sheriff","Emeralds",41,"Woman",1,"47",100,"1",0
144,"sheriff","GlobalLearn","38","A sheriff","Emeralds",41,"Woman",1,"48",77,"1",0
144,"sheriff","GlobalLearn","38","A sheriff","Emeralds",41,"Woman",1,"49",100,"0",1
144,"sheriff","GlobalLearn","38","A sheriff","Emeralds",41,"Woman",1,"50",100,"0",1
145,"sheriff","GlobalLearn","48","A sheriff","Emeralds",33,"Man",1,"1",74,"0",1
145,"sheriff","GlobalLearn","48","A sheriff","Emeralds",33,"Man",1,"2",71,"0",1
145,"sheriff","GlobalLearn","48","A sheriff","Emeralds",33,"Man",1,"3",75,"0",1
145,"sheriff","GlobalLearn","48","A sheriff","Emeralds",33,"Man",1,"4",75,"0",1
145,"sheriff","GlobalLearn","48","A sheriff","Emeralds",33,"Man",1,"5",98,"0",0
145,"sheriff","GlobalLearn","48","A sheriff","Emeralds",33,"Man",1,"6",88,"0",0
145,"sheriff","GlobalLearn","48","A sheriff","Emeralds",33,"Man",1,"7",61,"1",0
145,"sheriff","GlobalLearn","48","A sheriff","Emeralds",33,"Man",1,"8",73,"0",0
145,"sheriff","GlobalLearn","48","A sheriff","Emeralds",33,"Man",1,"9",56,"0",1
145,"sheriff","GlobalLearn","48","A sheriff","Emeralds",33,"Man",1,"10",63,"0",0
145,"sheriff","GlobalLearn","48","A sheriff","Emeralds",33,"Man",1,"11",63,"1",0
145,"sheriff","GlobalLearn","48","A sheriff","Emeralds",33,"Man",1,"12",73,"0",1
145,"sheriff","GlobalLearn","48","A sheriff","Emeralds",33,"Man",1,"13",64,"0",0
145,"sheriff","GlobalLearn","48","A sheriff","Emeralds",33,"Man",1,"14",61,"0",0
145,"sheriff","GlobalLearn","48","A sheriff","Emeralds",33,"Man",1,"15",84,"1",1
145,"sheriff","GlobalLearn","48","A sheriff","Emeralds",33,"Man",1,"16",57,"1",0
145,"sheriff","GlobalLearn","48","A sheriff","Emeralds",33,"Man",1,"17",60,"0",1
145,"sheriff","GlobalLearn","48","A sheriff","Emeralds",33,"Man",1,"18",50,"0",0
145,"sheriff","GlobalLearn","48","A sheriff","Emeralds",33,"Man",1,"19",50,"1",0
145,"sheriff","GlobalLearn","48","A sheriff","Emeralds",33,"Man",1,"20",56,"0",0
145,"sheriff","GlobalLearn","48","A sheriff","Emeralds",33,"Man",1,"21",50,"1",0
145,"sheriff","GlobalLearn","48","A sheriff","Emeralds",33,"Man",1,"22",50,"1",0
145,"sheriff","GlobalLearn","48","A sheriff","Emeralds",33,"Man",1,"23",50,"0",1
145,"sheriff","GlobalLearn","48","A sheriff","Emeralds",33,"Man",1,"24",50,"0",1
145,"sheriff","GlobalLearn","48","A sheriff","Emeralds",33,"Man",1,"25",50,"0",0
145,"sheriff","GlobalLearn","48","A sheriff","Emeralds",33,"Man",1,"26",50,"1",1
145,"sheriff","GlobalLearn","48","A sheriff","Emeralds",33,"Man",1,"27",50,"0",1
145,"sheriff","GlobalLearn","48","A sheriff","Emeralds",33,"Man",1,"28",50,"0",1
145,"sheriff","GlobalLearn","48","A sheriff","Emeralds",33,"Man",1,"29",50,"0",1
145,"sheriff","GlobalLearn","48","A sheriff","Emeralds",33,"Man",1,"30",50,"0",1
145,"sheriff","GlobalLearn","48","A sheriff","Emeralds",33,"Man",1,"31",50,"0",1
145,"sheriff","GlobalLearn","48","A sheriff","Emeralds",33,"Man",1,"32",50,"0",1
145,"sheriff","GlobalLearn","48","A sheriff","Emeralds",33,"Man",1,"33",50,"0",0
145,"sheriff","GlobalLearn","48","A sheriff","Emeralds",33,"Man",1,"34",50,"1",0
145,"sheriff","GlobalLearn","48","A sheriff","Emeralds",33,"Man",1,"35",50,"0",1
145,"sheriff","GlobalLearn","48","A sheriff","Emeralds",33,"Man",1,"36",50,"0",1
145,"sheriff","GlobalLearn","48","A sheriff","Emeralds",33,"Man",1,"37",50,"0",0
145,"sheriff","GlobalLearn","48","A sheriff","Emeralds",33,"Man",1,"38",50,"0",0
145,"sheriff","GlobalLearn","48","A sheriff","Emeralds",33,"Man",1,"39",50,"0",1
145,"sheriff","GlobalLearn","48","A sheriff","Emeralds",33,"Man",1,"40",50,"0",1
145,"sheriff","GlobalLearn","48","A sheriff","Emeralds",33,"Man",1,"41",50,"0",0
145,"sheriff","GlobalLearn","48","A sheriff","Emeralds",33,"Man",1,"42",50,"0",1
145,"sheriff","GlobalLearn","48","A sheriff","Emeralds",33,"Man",1,"43",50,"0",0
145,"sheriff","GlobalLearn","48","A sheriff","Emeralds",33,"Man",1,"44",50,"0",1
145,"sheriff","GlobalLearn","48","A sheriff","Emeralds",33,"Man",1,"45",50,"0",0
145,"sheriff","GlobalLearn","48","A sheriff","Emeralds",33,"Man",1,"46",50,"0",1
145,"sheriff","GlobalLearn","48","A sheriff","Emeralds",33,"Man",1,"47",50,"0",1
145,"sheriff","GlobalLearn","48","A sheriff","Emeralds",33,"Man",1,"48",50,"0",1
145,"sheriff","GlobalLearn","48","A sheriff","Emeralds",33,"Man",1,"49",50,"0",1
145,"sheriff","GlobalLearn","48","A sheriff","Emeralds",33,"Man",1,"50",50,"0",1
146,"bandit","GlobalLearn","24","A bandit","Emeralds",31,"Woman",1,"1",9,"0",1
146,"bandit","GlobalLearn","24","A bandit","Emeralds",31,"Woman",1,"2",71,"0",0
146,"bandit","GlobalLearn","24","A bandit","Emeralds",31,"Woman",1,"3",85,"0",0
146,"bandit","GlobalLearn","24","A bandit","Emeralds",31,"Woman",1,"4",15,"1",1
146,"bandit","GlobalLearn","24","A bandit","Emeralds",31,"Woman",1,"5",15,"1",1
146,"bandit","GlobalLearn","24","A bandit","Emeralds",31,"Woman",1,"6",75,"1",0
146,"bandit","GlobalLearn","24","A bandit","Emeralds",31,"Woman",1,"7",88,"1",0
146,"bandit","GlobalLearn","24","A bandit","Emeralds",31,"Woman",1,"8",15,"1",1
146,"bandit","GlobalLearn","24","A bandit","Emeralds",31,"Woman",1,"9",35,"1",1
146,"bandit","GlobalLearn","24","A bandit","Emeralds",31,"Woman",1,"10",45,"1",1
146,"bandit","GlobalLearn","24","A bandit","Emeralds",31,"Woman",1,"11",12,"1",1
146,"bandit","GlobalLearn","24","A bandit","Emeralds",31,"Woman",1,"12",85,"1",0
146,"bandit","GlobalLearn","24","A bandit","Emeralds",31,"Woman",1,"13",20,"1",1
146,"bandit","GlobalLearn","24","A bandit","Emeralds",31,"Woman",1,"14",13,"1",1
146,"bandit","GlobalLearn","24","A bandit","Emeralds",31,"Woman",1,"15",93,"1",0
146,"bandit","GlobalLearn","24","A bandit","Emeralds",31,"Woman",1,"16",11,"1",1
146,"bandit","GlobalLearn","24","A bandit","Emeralds",31,"Woman",1,"17",4,"1",1
146,"bandit","GlobalLearn","24","A bandit","Emeralds",31,"Woman",1,"18",5,"1",1
146,"bandit","GlobalLearn","24","A bandit","Emeralds",31,"Woman",1,"19",100,"1",0
146,"bandit","GlobalLearn","24","A bandit","Emeralds",31,"Woman",1,"20",100,"1",0
146,"bandit","GlobalLearn","24","A bandit","Emeralds",31,"Woman",1,"21",0,"1",1
146,"bandit","GlobalLearn","24","A bandit","Emeralds",31,"Woman",1,"22",0,"1",1
146,"bandit","GlobalLearn","24","A bandit","Emeralds",31,"Woman",1,"23",7,"1",1
146,"bandit","GlobalLearn","24","A bandit","Emeralds",31,"Woman",1,"24",94,"1",0
146,"bandit","GlobalLearn","24","A bandit","Emeralds",31,"Woman",1,"25",93,"1",0
146,"bandit","GlobalLearn","24","A bandit","Emeralds",31,"Woman",1,"26",8,"1",1
146,"bandit","GlobalLearn","24","A bandit","Emeralds",31,"Woman",1,"27",0,"1",1
146,"bandit","GlobalLearn","24","A bandit","Emeralds",31,"Woman",1,"28",6,"1",1
146,"bandit","GlobalLearn","24","A bandit","Emeralds",31,"Woman",1,"29",92,"1",0
146,"bandit","GlobalLearn","24","A bandit","Emeralds",31,"Woman",1,"30",100,"1",0
146,"bandit","GlobalLearn","24","A bandit","Emeralds",31,"Woman",1,"31",4,"1",1
146,"bandit","GlobalLearn","24","A bandit","Emeralds",31,"Woman",1,"32",100,"1",0
146,"bandit","GlobalLearn","24","A bandit","Emeralds",31,"Woman",1,"33",95,"1",0
146,"bandit","GlobalLearn","24","A bandit","Emeralds",31,"Woman",1,"34",6,"1",1
146,"bandit","GlobalLearn","24","A bandit","Emeralds",31,"Woman",1,"35",5,"1",1
146,"bandit","GlobalLearn","24","A bandit","Emeralds",31,"Woman",1,"36",100,"1",0
146,"bandit","GlobalLearn","24","A bandit","Emeralds",31,"Woman",1,"37",1,"1",1
146,"bandit","GlobalLearn","24","A bandit","Emeralds",31,"Woman",1,"38",96,"1",0
146,"bandit","GlobalLearn","24","A bandit","Emeralds",31,"Woman",1,"39",100,"1",0
146,"bandit","GlobalLearn","24","A bandit","Emeralds",31,"Woman",1,"40",0,"1",1
146,"bandit","GlobalLearn","24","A bandit","Emeralds",31,"Woman",1,"41",100,"1",0
146,"bandit","GlobalLearn","24","A bandit","Emeralds",31,"Woman",1,"42",97,"1",0
146,"bandit","GlobalLearn","24","A bandit","Emeralds",31,"Woman",1,"43",3,"1",1
146,"bandit","GlobalLearn","24","A bandit","Emeralds",31,"Woman",1,"44",93,"1",0
146,"bandit","GlobalLearn","24","A bandit","Emeralds",31,"Woman",1,"45",0,"1",1
146,"bandit","GlobalLearn","24","A bandit","Emeralds",31,"Woman",1,"46",100,"1",0
146,"bandit","GlobalLearn","24","A bandit","Emeralds",31,"Woman",1,"47",1,"1",1
146,"bandit","GlobalLearn","24","A bandit","Emeralds",31,"Woman",1,"48",97,"1",0
146,"bandit","GlobalLearn","24","A bandit","Emeralds",31,"Woman",1,"49",99,"1",0
146,"bandit","GlobalLearn","24","A bandit","Emeralds",31,"Woman",1,"50",97,"1",0
147,"sheriff","GlobalLearn","46","A sheriff","Emeralds",29,"Man",1,"1",27,"0",0
147,"sheriff","GlobalLearn","46","A sheriff","Emeralds",29,"Man",1,"2",63,"0",0
147,"sheriff","GlobalLearn","46","A sheriff","Emeralds",29,"Man",1,"3",72,"0",1
147,"sheriff","GlobalLearn","46","A sheriff","Emeralds",29,"Man",1,"4",74,"0",1
147,"sheriff","GlobalLearn","46","A sheriff","Emeralds",29,"Man",1,"5",48,"0",1
147,"sheriff","GlobalLearn","46","A sheriff","Emeralds",29,"Man",1,"6",51,"0",1
147,"sheriff","GlobalLearn","46","A sheriff","Emeralds",29,"Man",1,"7",56,"0",1
147,"sheriff","GlobalLearn","46","A sheriff","Emeralds",29,"Man",1,"8",57,"0",1
147,"sheriff","GlobalLearn","46","A sheriff","Emeralds",29,"Man",1,"9",27,"0",1
147,"sheriff","GlobalLearn","46","A sheriff","Emeralds",29,"Man",1,"10",73,"0",0
147,"sheriff","GlobalLearn","46","A sheriff","Emeralds",29,"Man",1,"11",33,"1",0
147,"sheriff","GlobalLearn","46","A sheriff","Emeralds",29,"Man",1,"12",38,"1",0
147,"sheriff","GlobalLearn","46","A sheriff","Emeralds",29,"Man",1,"13",59,"1",1
147,"sheriff","GlobalLearn","46","A sheriff","Emeralds",29,"Man",1,"14",53,"1",0
147,"sheriff","GlobalLearn","46","A sheriff","Emeralds",29,"Man",1,"15",50,"1",0
147,"sheriff","GlobalLearn","46","A sheriff","Emeralds",29,"Man",1,"16",45,"1",0
147,"sheriff","GlobalLearn","46","A sheriff","Emeralds",29,"Man",1,"17",58,"0",0
147,"sheriff","GlobalLearn","46","A sheriff","Emeralds",29,"Man",1,"18",23,"0",0
147,"sheriff","GlobalLearn","46","A sheriff","Emeralds",29,"Man",1,"19",61,"0",0
147,"sheriff","GlobalLearn","46","A sheriff","Emeralds",29,"Man",1,"20",16,"0",1
147,"sheriff","GlobalLearn","46","A sheriff","Emeralds",29,"Man",1,"21",16,"0",1
147,"sheriff","GlobalLearn","46","A sheriff","Emeralds",29,"Man",1,"22",20,"0",0
147,"sheriff","GlobalLearn","46","A sheriff","Emeralds",29,"Man",1,"23",22,"0",1
147,"sheriff","GlobalLearn","46","A sheriff","Emeralds",29,"Man",1,"24",16,"0",1
147,"sheriff","GlobalLearn","46","A sheriff","Emeralds",29,"Man",1,"25",23,"0",1
147,"sheriff","GlobalLearn","46","A sheriff","Emeralds",29,"Man",1,"26",15,"0",0
147,"sheriff","GlobalLearn","46","A sheriff","Emeralds",29,"Man",1,"27",58,"0",0
147,"sheriff","GlobalLearn","46","A sheriff","Emeralds",29,"Man",1,"28",14,"0",1
147,"sheriff","GlobalLearn","46","A sheriff","Emeralds",29,"Man",1,"29",46,"0",0
147,"sheriff","GlobalLearn","46","A sheriff","Emeralds",29,"Man",1,"30",51,"0",1
147,"sheriff","GlobalLearn","46","A sheriff","Emeralds",29,"Man",1,"31",21,"0",1
147,"sheriff","GlobalLearn","46","A sheriff","Emeralds",29,"Man",1,"32",14,"0",0
147,"sheriff","GlobalLearn","46","A sheriff","Emeralds",29,"Man",1,"33",46,"0",1
147,"sheriff","GlobalLearn","46","A sheriff","Emeralds",29,"Man",1,"34",50,"0",1
147,"sheriff","GlobalLearn","46","A sheriff","Emeralds",29,"Man",1,"35",70,"0",0
147,"sheriff","GlobalLearn","46","A sheriff","Emeralds",29,"Man",1,"36",56,"0",1
147,"sheriff","GlobalLearn","46","A sheriff","Emeralds",29,"Man",1,"37",14,"0",1
147,"sheriff","GlobalLearn","46","A sheriff","Emeralds",29,"Man",1,"38",13,"0",0
147,"sheriff","GlobalLearn","46","A sheriff","Emeralds",29,"Man",1,"39",9,"0",0
147,"sheriff","GlobalLearn","46","A sheriff","Emeralds",29,"Man",1,"40",17,"1",0
147,"sheriff","GlobalLearn","46","A sheriff","Emeralds",29,"Man",1,"41",47,"1",0
147,"sheriff","GlobalLearn","46","A sheriff","Emeralds",29,"Man",1,"42",27,"1",0
147,"sheriff","GlobalLearn","46","A sheriff","Emeralds",29,"Man",1,"43",27,"1",0
147,"sheriff","GlobalLearn","46","A sheriff","Emeralds",29,"Man",1,"44",24,"1",0
147,"sheriff","GlobalLearn","46","A sheriff","Emeralds",29,"Man",1,"45",22,"1",0
147,"sheriff","GlobalLearn","46","A sheriff","Emeralds",29,"Man",1,"46",9,"0",1
147,"sheriff","GlobalLearn","46","A sheriff","Emeralds",29,"Man",1,"47",23,"0",1
147,"sheriff","GlobalLearn","46","A sheriff","Emeralds",29,"Man",1,"48",19,"0",0
147,"sheriff","GlobalLearn","46","A sheriff","Emeralds",29,"Man",1,"49",19,"0",1
147,"sheriff","GlobalLearn","46","A sheriff","Emeralds",29,"Man",1,"50",16,"0",1
148,"tycoon","GlobalLearn","63","A tycoon","Emeralds",29,"Man",1,"1",100,"1",0
148,"tycoon","GlobalLearn","63","A tycoon","Emeralds",29,"Man",1,"2",100,"0",1
148,"tycoon","GlobalLearn","63","A tycoon","Emeralds",29,"Man",1,"3",100,"0",1
148,"tycoon","GlobalLearn","63","A tycoon","Emeralds",29,"Man",1,"4",100,"0",1
148,"tycoon","GlobalLearn","63","A tycoon","Emeralds",29,"Man",1,"5",89,"0",0
148,"tycoon","GlobalLearn","63","A tycoon","Emeralds",29,"Man",1,"6",100,"0",1
148,"tycoon","GlobalLearn","63","A tycoon","Emeralds",29,"Man",1,"7",64,"1",0
148,"tycoon","GlobalLearn","63","A tycoon","Emeralds",29,"Man",1,"8",46,"0",1
148,"tycoon","GlobalLearn","63","A tycoon","Emeralds",29,"Man",1,"9",16,"0",1
148,"tycoon","GlobalLearn","63","A tycoon","Emeralds",29,"Man",1,"10",32,"0",1
148,"tycoon","GlobalLearn","63","A tycoon","Emeralds",29,"Man",1,"11",38,"0",1
148,"tycoon","GlobalLearn","63","A tycoon","Emeralds",29,"Man",1,"12",27,"0",1
148,"tycoon","GlobalLearn","63","A tycoon","Emeralds",29,"Man",1,"13",39,"0",1
148,"tycoon","GlobalLearn","63","A tycoon","Emeralds",29,"Man",1,"14",31,"0",1
148,"tycoon","GlobalLearn","63","A tycoon","Emeralds",29,"Man",1,"15",24,"0",1
148,"tycoon","GlobalLearn","63","A tycoon","Emeralds",29,"Man",1,"16",61,"0",0
148,"tycoon","GlobalLearn","63","A tycoon","Emeralds",29,"Man",1,"17",70,"1",0
148,"tycoon","GlobalLearn","63","A tycoon","Emeralds",29,"Man",1,"18",94,"1",1
148,"tycoon","GlobalLearn","63","A tycoon","Emeralds",29,"Man",1,"19",61,"1",0
148,"tycoon","GlobalLearn","63","A tycoon","Emeralds",29,"Man",1,"20",21,"0",1
148,"tycoon","GlobalLearn","63","A tycoon","Emeralds",29,"Man",1,"21",32,"0",1
148,"tycoon","GlobalLearn","63","A tycoon","Emeralds",29,"Man",1,"22",33,"0",1
148,"tycoon","GlobalLearn","63","A tycoon","Emeralds",29,"Man",1,"23",29,"0",1
148,"tycoon","GlobalLearn","63","A tycoon","Emeralds",29,"Man",1,"24",30,"0",1
148,"tycoon","GlobalLearn","63","A tycoon","Emeralds",29,"Man",1,"25",19,"0",1
148,"tycoon","GlobalLearn","63","A tycoon","Emeralds",29,"Man",1,"26",20,"0",1
148,"tycoon","GlobalLearn","63","A tycoon","Emeralds",29,"Man",1,"27",28,"0",1
148,"tycoon","GlobalLearn","63","A tycoon","Emeralds",29,"Man",1,"28",23,"0",1
148,"tycoon","GlobalLearn","63","A tycoon","Emeralds",29,"Man",1,"29",25,"0",1
148,"tycoon","GlobalLearn","63","A tycoon","Emeralds",29,"Man",1,"30",67,"0",0
148,"tycoon","GlobalLearn","63","A tycoon","Emeralds",29,"Man",1,"31",96,"1",1
148,"tycoon","GlobalLearn","63","A tycoon","Emeralds",29,"Man",1,"32",55,"1",0
148,"tycoon","GlobalLearn","63","A tycoon","Emeralds",29,"Man",1,"33",16,"0",1
148,"tycoon","GlobalLearn","63","A tycoon","Emeralds",29,"Man",1,"34",28,"0",1
148,"tycoon","GlobalLearn","63","A tycoon","Emeralds",29,"Man",1,"35",20,"0",1
148,"tycoon","GlobalLearn","63","A tycoon","Emeralds",29,"Man",1,"36",37,"0",1
148,"tycoon","GlobalLearn","63","A tycoon","Emeralds",29,"Man",1,"37",5,"0",1
148,"tycoon","GlobalLearn","63","A tycoon","Emeralds",29,"Man",1,"38",68,"0",0
148,"tycoon","GlobalLearn","63","A tycoon","Emeralds",29,"Man",1,"39",0,"0",1
148,"tycoon","GlobalLearn","63","A tycoon","Emeralds",29,"Man",1,"40",2,"0",1
148,"tycoon","GlobalLearn","63","A tycoon","Emeralds",29,"Man",1,"41",0,"0",1
148,"tycoon","GlobalLearn","63","A tycoon","Emeralds",29,"Man",1,"42",0,"0",1
148,"tycoon","GlobalLearn","63","A tycoon","Emeralds",29,"Man",1,"43",0,"0",1
148,"tycoon","GlobalLearn","63","A tycoon","Emeralds",29,"Man",1,"44",90,"0",0
148,"tycoon","GlobalLearn","63","A tycoon","Emeralds",29,"Man",1,"45",0,"0",1
148,"tycoon","GlobalLearn","63","A tycoon","Emeralds",29,"Man",1,"46",0,"0",1
148,"tycoon","GlobalLearn","63","A tycoon","Emeralds",29,"Man",1,"47",0,"0",1
148,"tycoon","GlobalLearn","63","A tycoon","Emeralds",29,"Man",1,"48",89,"0",0
148,"tycoon","GlobalLearn","63","A tycoon","Emeralds",29,"Man",1,"49",0,"0",1
148,"tycoon","GlobalLearn","63","A tycoon","Emeralds",29,"Man",1,"50",82,"1",0
149,"bandit","GlobalLearn","16","A bandit","Emeralds",29,"Woman",1,"1",4,"0",1
149,"bandit","GlobalLearn","16","A bandit","Emeralds",29,"Woman",1,"2",7,"0",1
149,"bandit","GlobalLearn","16","A bandit","Emeralds",29,"Woman",1,"3",4,"0",1
149,"bandit","GlobalLearn","16","A bandit","Emeralds",29,"Woman",1,"4",46,"0",1
149,"bandit","GlobalLearn","16","A bandit","Emeralds",29,"Woman",1,"5",90,"0",1
149,"bandit","GlobalLearn","16","A bandit","Emeralds",29,"Woman",1,"6",91,"0",1
149,"bandit","GlobalLearn","16","A bandit","Emeralds",29,"Woman",1,"7",14,"0",0
149,"bandit","GlobalLearn","16","A bandit","Emeralds",29,"Woman",1,"8",89,"0",1
149,"bandit","GlobalLearn","16","A bandit","Emeralds",29,"Woman",1,"9",19,"0",0
149,"bandit","GlobalLearn","16","A bandit","Emeralds",29,"Woman",1,"10",12,"0",0
149,"bandit","GlobalLearn","16","A bandit","Emeralds",29,"Woman",1,"11",10,"0",1
149,"bandit","GlobalLearn","16","A bandit","Emeralds",29,"Woman",1,"12",14,"0",1
149,"bandit","GlobalLearn","16","A bandit","Emeralds",29,"Woman",1,"13",90,"0",0
149,"bandit","GlobalLearn","16","A bandit","Emeralds",29,"Woman",1,"14",15,"0",1
149,"bandit","GlobalLearn","16","A bandit","Emeralds",29,"Woman",1,"15",16,"0",1
149,"bandit","GlobalLearn","16","A bandit","Emeralds",29,"Woman",1,"16",93,"0",0
149,"bandit","GlobalLearn","16","A bandit","Emeralds",29,"Woman",1,"17",88,"0",0
149,"bandit","GlobalLearn","16","A bandit","Emeralds",29,"Woman",1,"18",90,"0",0
149,"bandit","GlobalLearn","16","A bandit","Emeralds",29,"Woman",1,"19",11,"0",1
149,"bandit","GlobalLearn","16","A bandit","Emeralds",29,"Woman",1,"20",14,"0",1
149,"bandit","GlobalLearn","16","A bandit","Emeralds",29,"Woman",1,"21",93,"0",0
149,"bandit","GlobalLearn","16","A bandit","Emeralds",29,"Woman",1,"22",8,"0",1
149,"bandit","GlobalLearn","16","A bandit","Emeralds",29,"Woman",1,"23",90,"0",0
149,"bandit","GlobalLearn","16","A bandit","Emeralds",29,"Woman",1,"24",90,"0",0
149,"bandit","GlobalLearn","16","A bandit","Emeralds",29,"Woman",1,"25",12,"0",1
149,"bandit","GlobalLearn","16","A bandit","Emeralds",29,"Woman",1,"26",12,"0",1
149,"bandit","GlobalLearn","16","A bandit","Emeralds",29,"Woman",1,"27",85,"0",0
149,"bandit","GlobalLearn","16","A bandit","Emeralds",29,"Woman",1,"28",90,"0",0
149,"bandit","GlobalLearn","16","A bandit","Emeralds",29,"Woman",1,"29",89,"0",0
149,"bandit","GlobalLearn","16","A bandit","Emeralds",29,"Woman",1,"30",9,"0",1
149,"bandit","GlobalLearn","16","A bandit","Emeralds",29,"Woman",1,"31",8,"0",1
149,"bandit","GlobalLearn","16","A bandit","Emeralds",29,"Woman",1,"32",11,"0",1
149,"bandit","GlobalLearn","16","A bandit","Emeralds",29,"Woman",1,"33",8,"0",1
149,"bandit","GlobalLearn","16","A bandit","Emeralds",29,"Woman",1,"34",91,"0",0
149,"bandit","GlobalLearn","16","A bandit","Emeralds",29,"Woman",1,"35",91,"0",0
149,"bandit","GlobalLearn","16","A bandit","Emeralds",29,"Woman",1,"36",91,"0",0
149,"bandit","GlobalLearn","16","A bandit","Emeralds",29,"Woman",1,"37",90,"0",0
149,"bandit","GlobalLearn","16","A bandit","Emeralds",29,"Woman",1,"38",93,"0",0
149,"bandit","GlobalLearn","16","A bandit","Emeralds",29,"Woman",1,"39",88,"0",0
149,"bandit","GlobalLearn","16","A bandit","Emeralds",29,"Woman",1,"40",91,"1",0
149,"bandit","GlobalLearn","16","A bandit","Emeralds",29,"Woman",1,"41",12,"0",1
149,"bandit","GlobalLearn","16","A bandit","Emeralds",29,"Woman",1,"42",94,"0",0
149,"bandit","GlobalLearn","16","A bandit","Emeralds",29,"Woman",1,"43",90,"0",0
149,"bandit","GlobalLearn","16","A bandit","Emeralds",29,"Woman",1,"44",90,"0",0
149,"bandit","GlobalLearn","16","A bandit","Emeralds",29,"Woman",1,"45",8,"0",1
149,"bandit","GlobalLearn","16","A bandit","Emeralds",29,"Woman",1,"46",93,"0",0
149,"bandit","GlobalLearn","16","A bandit","Emeralds",29,"Woman",1,"47",9,"0",1
149,"bandit","GlobalLearn","16","A bandit","Emeralds",29,"Woman",1,"48",87,"0",0
149,"bandit","GlobalLearn","16","A bandit","Emeralds",29,"Woman",1,"49",94,"0",0
149,"bandit","GlobalLearn","16","A bandit","Emeralds",29,"Woman",1,"50",7,"0",1
150,"bandit","GlobalLearn","24","A bandit","Emeralds",37,"Man",1,"1",13,"0",1
150,"bandit","GlobalLearn","24","A bandit","Emeralds",37,"Man",1,"2",79,"0",0
150,"bandit","GlobalLearn","24","A bandit","Emeralds",37,"Man",1,"3",85,"0",0
150,"bandit","GlobalLearn","24","A bandit","Emeralds",37,"Man",1,"4",0,"1",1
150,"bandit","GlobalLearn","24","A bandit","Emeralds",37,"Man",1,"5",8,"1",1
150,"bandit","GlobalLearn","24","A bandit","Emeralds",37,"Man",1,"6",90,"1",0
150,"bandit","GlobalLearn","24","A bandit","Emeralds",37,"Man",1,"7",91,"1",0
150,"bandit","GlobalLearn","24","A bandit","Emeralds",37,"Man",1,"8",15,"1",1
150,"bandit","GlobalLearn","24","A bandit","Emeralds",37,"Man",1,"9",0,"1",1
150,"bandit","GlobalLearn","24","A bandit","Emeralds",37,"Man",1,"10",0,"1",1
150,"bandit","GlobalLearn","24","A bandit","Emeralds",37,"Man",1,"11",6,"1",1
150,"bandit","GlobalLearn","24","A bandit","Emeralds",37,"Man",1,"12",91,"1",0
150,"bandit","GlobalLearn","24","A bandit","Emeralds",37,"Man",1,"13",5,"1",1
150,"bandit","GlobalLearn","24","A bandit","Emeralds",37,"Man",1,"14",6,"1",1
150,"bandit","GlobalLearn","24","A bandit","Emeralds",37,"Man",1,"15",86,"1",0
150,"bandit","GlobalLearn","24","A bandit","Emeralds",37,"Man",1,"16",7,"1",1
150,"bandit","GlobalLearn","24","A bandit","Emeralds",37,"Man",1,"17",9,"1",1
150,"bandit","GlobalLearn","24","A bandit","Emeralds",37,"Man",1,"18",13,"1",1
150,"bandit","GlobalLearn","24","A bandit","Emeralds",37,"Man",1,"19",88,"1",0
150,"bandit","GlobalLearn","24","A bandit","Emeralds",37,"Man",1,"20",89,"1",0
150,"bandit","GlobalLearn","24","A bandit","Emeralds",37,"Man",1,"21",0,"1",1
150,"bandit","GlobalLearn","24","A bandit","Emeralds",37,"Man",1,"22",9,"1",1
150,"bandit","GlobalLearn","24","A bandit","Emeralds",37,"Man",1,"23",2,"1",1
150,"bandit","GlobalLearn","24","A bandit","Emeralds",37,"Man",1,"24",96,"1",0
150,"bandit","GlobalLearn","24","A bandit","Emeralds",37,"Man",1,"25",94,"1",0
150,"bandit","GlobalLearn","24","A bandit","Emeralds",37,"Man",1,"26",14,"1",1
150,"bandit","GlobalLearn","24","A bandit","Emeralds",37,"Man",1,"27",4,"1",1
150,"bandit","GlobalLearn","24","A bandit","Emeralds",37,"Man",1,"28",0,"1",1
150,"bandit","GlobalLearn","24","A bandit","Emeralds",37,"Man",1,"29",89,"1",0
150,"bandit","GlobalLearn","24","A bandit","Emeralds",37,"Man",1,"30",89,"1",0
150,"bandit","GlobalLearn","24","A bandit","Emeralds",37,"Man",1,"31",15,"1",1
150,"bandit","GlobalLearn","24","A bandit","Emeralds",37,"Man",1,"32",88,"1",0
150,"bandit","GlobalLearn","24","A bandit","Emeralds",37,"Man",1,"33",100,"1",0
150,"bandit","GlobalLearn","24","A bandit","Emeralds",37,"Man",1,"34",6,"1",1
150,"bandit","GlobalLearn","24","A bandit","Emeralds",37,"Man",1,"35",5,"1",1
150,"bandit","GlobalLearn","24","A bandit","Emeralds",37,"Man",1,"36",95,"1",0
150,"bandit","GlobalLearn","24","A bandit","Emeralds",37,"Man",1,"37",5,"1",1
150,"bandit","GlobalLearn","24","A bandit","Emeralds",37,"Man",1,"38",92,"1",0
150,"bandit","GlobalLearn","24","A bandit","Emeralds",37,"Man",1,"39",89,"1",0
150,"bandit","GlobalLearn","24","A bandit","Emeralds",37,"Man",1,"40",6,"1",1
150,"bandit","GlobalLearn","24","A bandit","Emeralds",37,"Man",1,"41",87,"1",0
150,"bandit","GlobalLearn","24","A bandit","Emeralds",37,"Man",1,"42",91,"1",0
150,"bandit","GlobalLearn","24","A bandit","Emeralds",37,"Man",1,"43",0,"1",1
150,"bandit","GlobalLearn","24","A bandit","Emeralds",37,"Man",1,"44",100,"1",0
150,"bandit","GlobalLearn","24","A bandit","Emeralds",37,"Man",1,"45",0,"1",1
150,"bandit","GlobalLearn","24","A bandit","Emeralds",37,"Man",1,"46",100,"1",0
150,"bandit","GlobalLearn","24","A bandit","Emeralds",37,"Man",1,"47",0,"1",1
150,"bandit","GlobalLearn","24","A bandit","Emeralds",37,"Man",1,"48",95,"1",0
150,"bandit","GlobalLearn","24","A bandit","Emeralds",37,"Man",1,"49",96,"1",0
150,"bandit","GlobalLearn","24","A bandit","Emeralds",37,"Man",1,"50",97,"1",0
151,"tycoon","GlobalLearn","66","A tycoon","Emeralds",39,"Man",1,"1",33,"0",1
151,"tycoon","GlobalLearn","66","A tycoon","Emeralds",39,"Man",1,"2",32,"0",0
151,"tycoon","GlobalLearn","66","A tycoon","Emeralds",39,"Man",1,"3",28,"1",1
151,"tycoon","GlobalLearn","66","A tycoon","Emeralds",39,"Man",1,"4",29,"1",1
151,"tycoon","GlobalLearn","66","A tycoon","Emeralds",39,"Man",1,"5",39,"1",1
151,"tycoon","GlobalLearn","66","A tycoon","Emeralds",39,"Man",1,"6",50,"1",1
151,"tycoon","GlobalLearn","66","A tycoon","Emeralds",39,"Man",1,"7",40,"1",1
151,"tycoon","GlobalLearn","66","A tycoon","Emeralds",39,"Man",1,"8",0,"1",0
151,"tycoon","GlobalLearn","66","A tycoon","Emeralds",39,"Man",1,"9",0,"1",0
151,"tycoon","GlobalLearn","66","A tycoon","Emeralds",39,"Man",1,"10",65,"0",1
151,"tycoon","GlobalLearn","66","A tycoon","Emeralds",39,"Man",1,"11",69,"0",1
151,"tycoon","GlobalLearn","66","A tycoon","Emeralds",39,"Man",1,"12",66,"0",1
151,"tycoon","GlobalLearn","66","A tycoon","Emeralds",39,"Man",1,"13",72,"0",1
151,"tycoon","GlobalLearn","66","A tycoon","Emeralds",39,"Man",1,"14",83,"0",1
151,"tycoon","GlobalLearn","66","A tycoon","Emeralds",39,"Man",1,"15",0,"0",0
151,"tycoon","GlobalLearn","66","A tycoon","Emeralds",39,"Man",1,"16",82,"0",1
151,"tycoon","GlobalLearn","66","A tycoon","Emeralds",39,"Man",1,"17",80,"0",1
151,"tycoon","GlobalLearn","66","A tycoon","Emeralds",39,"Man",1,"18",2,"0",0
151,"tycoon","GlobalLearn","66","A tycoon","Emeralds",39,"Man",1,"19",2,"1",0
151,"tycoon","GlobalLearn","66","A tycoon","Emeralds",39,"Man",1,"20",0,"1",0
151,"tycoon","GlobalLearn","66","A tycoon","Emeralds",39,"Man",1,"21",71,"0",1
151,"tycoon","GlobalLearn","66","A tycoon","Emeralds",39,"Man",1,"22",0,"0",0
151,"tycoon","GlobalLearn","66","A tycoon","Emeralds",39,"Man",1,"23",3,"0",0
151,"tycoon","GlobalLearn","66","A tycoon","Emeralds",39,"Man",1,"24",0,"0",0
151,"tycoon","GlobalLearn","66","A tycoon","Emeralds",39,"Man",1,"25",0,"1",0
151,"tycoon","GlobalLearn","66","A tycoon","Emeralds",39,"Man",1,"26",76,"0",1
151,"tycoon","GlobalLearn","66","A tycoon","Emeralds",39,"Man",1,"27",0,"0",0
151,"tycoon","GlobalLearn","66","A tycoon","Emeralds",39,"Man",1,"28",90,"1",1
151,"tycoon","GlobalLearn","66","A tycoon","Emeralds",39,"Man",1,"29",100,"1",1
151,"tycoon","GlobalLearn","66","A tycoon","Emeralds",39,"Man",1,"30",100,"1",1
151,"tycoon","GlobalLearn","66","A tycoon","Emeralds",39,"Man",1,"31",0,"1",0
151,"tycoon","GlobalLearn","66","A tycoon","Emeralds",39,"Man",1,"32",100,"1",1
151,"tycoon","GlobalLearn","66","A tycoon","Emeralds",39,"Man",1,"33",0,"1",0
151,"tycoon","GlobalLearn","66","A tycoon","Emeralds",39,"Man",1,"34",92,"0",1
151,"tycoon","GlobalLearn","66","A tycoon","Emeralds",39,"Man",1,"35",91,"0",1
151,"tycoon","GlobalLearn","66","A tycoon","Emeralds",39,"Man",1,"36",94,"0",1
151,"tycoon","GlobalLearn","66","A tycoon","Emeralds",39,"Man",1,"37",94,"0",1
151,"tycoon","GlobalLearn","66","A tycoon","Emeralds",39,"Man",1,"38",94,"0",1
151,"tycoon","GlobalLearn","66","A tycoon","Emeralds",39,"Man",1,"39",92,"0",1
151,"tycoon","GlobalLearn","66","A tycoon","Emeralds",39,"Man",1,"40",93,"0",1
151,"tycoon","GlobalLearn","66","A tycoon","Emeralds",39,"Man",1,"41",93,"0",1
151,"tycoon","GlobalLearn","66","A tycoon","Emeralds",39,"Man",1,"42",2,"0",0
151,"tycoon","GlobalLearn","66","A tycoon","Emeralds",39,"Man",1,"43",92,"0",1
151,"tycoon","GlobalLearn","66","A tycoon","Emeralds",39,"Man",1,"44",95,"0",1
151,"tycoon","GlobalLearn","66","A tycoon","Emeralds",39,"Man",1,"45",98,"0",1
151,"tycoon","GlobalLearn","66","A tycoon","Emeralds",39,"Man",1,"46",93,"0",1
151,"tycoon","GlobalLearn","66","A tycoon","Emeralds",39,"Man",1,"47",1,"0",0
151,"tycoon","GlobalLearn","66","A tycoon","Emeralds",39,"Man",1,"48",0,"0",0
151,"tycoon","GlobalLearn","66","A tycoon","Emeralds",39,"Man",1,"49",94,"0",1
151,"tycoon","GlobalLearn","66","A tycoon","Emeralds",39,"Man",1,"50",96,"0",1
152,"bandit","GlobalLearn","24","A bandit","Emeralds",31,"Man",1,"1",0,"0",1
152,"bandit","GlobalLearn","24","A bandit","Emeralds",31,"Man",1,"2",77,"0",0
152,"bandit","GlobalLearn","24","A bandit","Emeralds",31,"Man",1,"3",99,"0",0
152,"bandit","GlobalLearn","24","A bandit","Emeralds",31,"Man",1,"4",0,"1",1
152,"bandit","GlobalLearn","24","A bandit","Emeralds",31,"Man",1,"5",0,"1",1
152,"bandit","GlobalLearn","24","A bandit","Emeralds",31,"Man",1,"6",59,"1",0
152,"bandit","GlobalLearn","24","A bandit","Emeralds",31,"Man",1,"7",76,"1",0
152,"bandit","GlobalLearn","24","A bandit","Emeralds",31,"Man",1,"8",0,"1",1
152,"bandit","GlobalLearn","24","A bandit","Emeralds",31,"Man",1,"9",0,"1",1
152,"bandit","GlobalLearn","24","A bandit","Emeralds",31,"Man",1,"10",0,"1",1
152,"bandit","GlobalLearn","24","A bandit","Emeralds",31,"Man",1,"11",0,"1",1
152,"bandit","GlobalLearn","24","A bandit","Emeralds",31,"Man",1,"12",84,"1",0
152,"bandit","GlobalLearn","24","A bandit","Emeralds",31,"Man",1,"13",0,"1",1
152,"bandit","GlobalLearn","24","A bandit","Emeralds",31,"Man",1,"14",0,"1",1
152,"bandit","GlobalLearn","24","A bandit","Emeralds",31,"Man",1,"15",92,"1",0
152,"bandit","GlobalLearn","24","A bandit","Emeralds",31,"Man",1,"16",0,"1",1
152,"bandit","GlobalLearn","24","A bandit","Emeralds",31,"Man",1,"17",0,"1",1
152,"bandit","GlobalLearn","24","A bandit","Emeralds",31,"Man",1,"18",0,"1",1
152,"bandit","GlobalLearn","24","A bandit","Emeralds",31,"Man",1,"19",88,"1",0
152,"bandit","GlobalLearn","24","A bandit","Emeralds",31,"Man",1,"20",81,"1",0
152,"bandit","GlobalLearn","24","A bandit","Emeralds",31,"Man",1,"21",0,"1",1
152,"bandit","GlobalLearn","24","A bandit","Emeralds",31,"Man",1,"22",0,"1",1
152,"bandit","GlobalLearn","24","A bandit","Emeralds",31,"Man",1,"23",0,"1",1
152,"bandit","GlobalLearn","24","A bandit","Emeralds",31,"Man",1,"24",78,"1",0
152,"bandit","GlobalLearn","24","A bandit","Emeralds",31,"Man",1,"25",94,"1",0
152,"bandit","GlobalLearn","24","A bandit","Emeralds",31,"Man",1,"26",0,"1",1
152,"bandit","GlobalLearn","24","A bandit","Emeralds",31,"Man",1,"27",0,"1",1
152,"bandit","GlobalLearn","24","A bandit","Emeralds",31,"Man",1,"28",0,"1",1
152,"bandit","GlobalLearn","24","A bandit","Emeralds",31,"Man",1,"29",79,"1",0
152,"bandit","GlobalLearn","24","A bandit","Emeralds",31,"Man",1,"30",92,"1",0
152,"bandit","GlobalLearn","24","A bandit","Emeralds",31,"Man",1,"31",0,"1",1
152,"bandit","GlobalLearn","24","A bandit","Emeralds",31,"Man",1,"32",71,"1",0
152,"bandit","GlobalLearn","24","A bandit","Emeralds",31,"Man",1,"33",85,"1",0
152,"bandit","GlobalLearn","24","A bandit","Emeralds",31,"Man",1,"34",0,"1",1
152,"bandit","GlobalLearn","24","A bandit","Emeralds",31,"Man",1,"35",0,"1",1
152,"bandit","GlobalLearn","24","A bandit","Emeralds",31,"Man",1,"36",71,"1",0
152,"bandit","GlobalLearn","24","A bandit","Emeralds",31,"Man",1,"37",0,"1",1
152,"bandit","GlobalLearn","24","A bandit","Emeralds",31,"Man",1,"38",69,"1",0
152,"bandit","GlobalLearn","24","A bandit","Emeralds",31,"Man",1,"39",79,"1",0
152,"bandit","GlobalLearn","24","A bandit","Emeralds",31,"Man",1,"40",0,"1",1
152,"bandit","GlobalLearn","24","A bandit","Emeralds",31,"Man",1,"41",63,"1",0
152,"bandit","GlobalLearn","24","A bandit","Emeralds",31,"Man",1,"42",78,"1",0
152,"bandit","GlobalLearn","24","A bandit","Emeralds",31,"Man",1,"43",0,"1",1
152,"bandit","GlobalLearn","24","A bandit","Emeralds",31,"Man",1,"44",69,"1",0
152,"bandit","GlobalLearn","24","A bandit","Emeralds",31,"Man",1,"45",0,"1",1
152,"bandit","GlobalLearn","24","A bandit","Emeralds",31,"Man",1,"46",61,"1",0
152,"bandit","GlobalLearn","24","A bandit","Emeralds",31,"Man",1,"47",0,"1",1
152,"bandit","GlobalLearn","24","A bandit","Emeralds",31,"Man",1,"48",66,"1",0
152,"bandit","GlobalLearn","24","A bandit","Emeralds",31,"Man",1,"49",78,"1",0
152,"bandit","GlobalLearn","24","A bandit","Emeralds",31,"Man",1,"50",97,"1",0
153,"bandit","GlobalLearn","32","A bandit","Emeralds",23,"Man",1,"1",5,"1",1
153,"bandit","GlobalLearn","32","A bandit","Emeralds",23,"Man",1,"2",7,"1",1
153,"bandit","GlobalLearn","32","A bandit","Emeralds",23,"Man",1,"3",0,"1",1
153,"bandit","GlobalLearn","32","A bandit","Emeralds",23,"Man",1,"4",0,"1",1
153,"bandit","GlobalLearn","32","A bandit","Emeralds",23,"Man",1,"5",0,"1",1
153,"bandit","GlobalLearn","32","A bandit","Emeralds",23,"Man",1,"6",79,"1",0
153,"bandit","GlobalLearn","32","A bandit","Emeralds",23,"Man",1,"7",76,"1",0
153,"bandit","GlobalLearn","32","A bandit","Emeralds",23,"Man",1,"8",73,"1",1
153,"bandit","GlobalLearn","32","A bandit","Emeralds",23,"Man",1,"9",78,"1",0
153,"bandit","GlobalLearn","32","A bandit","Emeralds",23,"Man",1,"10",21,"1",1
153,"bandit","GlobalLearn","32","A bandit","Emeralds",23,"Man",1,"11",72,"1",0
153,"bandit","GlobalLearn","32","A bandit","Emeralds",23,"Man",1,"12",68,"0",0
153,"bandit","GlobalLearn","32","A bandit","Emeralds",23,"Man",1,"13",41,"0",0
153,"bandit","GlobalLearn","32","A bandit","Emeralds",23,"Man",1,"14",36,"0",0
153,"bandit","GlobalLearn","32","A bandit","Emeralds",23,"Man",1,"15",65,"0",1
153,"bandit","GlobalLearn","32","A bandit","Emeralds",23,"Man",1,"16",80,"0",0
153,"bandit","GlobalLearn","32","A bandit","Emeralds",23,"Man",1,"17",89,"0",1
153,"bandit","GlobalLearn","32","A bandit","Emeralds",23,"Man",1,"18",91,"0",0
153,"bandit","GlobalLearn","32","A bandit","Emeralds",23,"Man",1,"19",82,"0",1
153,"bandit","GlobalLearn","32","A bandit","Emeralds",23,"Man",1,"20",41,"0",0
153,"bandit","GlobalLearn","32","A bandit","Emeralds",23,"Man",1,"21",44,"1",1
153,"bandit","GlobalLearn","32","A bandit","Emeralds",23,"Man",1,"22",82,"1",0
153,"bandit","GlobalLearn","32","A bandit","Emeralds",23,"Man",1,"23",79,"1",0
153,"bandit","GlobalLearn","32","A bandit","Emeralds",23,"Man",1,"24",83,"1",1
153,"bandit","GlobalLearn","32","A bandit","Emeralds",23,"Man",1,"25",72,"1",1
153,"bandit","GlobalLearn","32","A bandit","Emeralds",23,"Man",1,"26",34,"1",1
153,"bandit","GlobalLearn","32","A bandit","Emeralds",23,"Man",1,"27",52,"1",0
153,"bandit","GlobalLearn","32","A bandit","Emeralds",23,"Man",1,"28",26,"0",0
153,"bandit","GlobalLearn","32","A bandit","Emeralds",23,"Man",1,"29",24,"0",0
153,"bandit","GlobalLearn","32","A bandit","Emeralds",23,"Man",1,"30",24,"0",0
153,"bandit","GlobalLearn","32","A bandit","Emeralds",23,"Man",1,"31",27,"1",1
153,"bandit","GlobalLearn","32","A bandit","Emeralds",23,"Man",1,"32",18,"1",1
153,"bandit","GlobalLearn","32","A bandit","Emeralds",23,"Man",1,"33",10,"1",1
153,"bandit","GlobalLearn","32","A bandit","Emeralds",23,"Man",1,"34",10,"1",0
153,"bandit","GlobalLearn","32","A bandit","Emeralds",23,"Man",1,"35",10,"1",1
153,"bandit","GlobalLearn","32","A bandit","Emeralds",23,"Man",1,"36",13,"1",0
153,"bandit","GlobalLearn","32","A bandit","Emeralds",23,"Man",1,"37",0,"1",0
153,"bandit","GlobalLearn","32","A bandit","Emeralds",23,"Man",1,"38",24,"1",0
153,"bandit","GlobalLearn","32","A bandit","Emeralds",23,"Man",1,"39",17,"1",1
153,"bandit","GlobalLearn","32","A bandit","Emeralds",23,"Man",1,"40",62,"1",0
153,"bandit","GlobalLearn","32","A bandit","Emeralds",23,"Man",1,"41",59,"1",0
153,"bandit","GlobalLearn","32","A bandit","Emeralds",23,"Man",1,"42",57,"1",0
153,"bandit","GlobalLearn","32","A bandit","Emeralds",23,"Man",1,"43",32,"1",1
153,"bandit","GlobalLearn","32","A bandit","Emeralds",23,"Man",1,"44",30,"1",1
153,"bandit","GlobalLearn","32","A bandit","Emeralds",23,"Man",1,"45",41,"1",0
153,"bandit","GlobalLearn","32","A bandit","Emeralds",23,"Man",1,"46",30,"1",0
153,"bandit","GlobalLearn","32","A bandit","Emeralds",23,"Man",1,"47",27,"1",1
153,"bandit","GlobalLearn","32","A bandit","Emeralds",23,"Man",1,"48",31,"1",0
153,"bandit","GlobalLearn","32","A bandit","Emeralds",23,"Man",1,"49",21,"1",1
153,"bandit","GlobalLearn","32","A bandit","Emeralds",23,"Man",1,"50",16,"1",0
154,"sheriff","GlobalLearn","25","A sheriff","Emeralds",22,"Man",1,"1",100,"0",1
154,"sheriff","GlobalLearn","25","A sheriff","Emeralds",22,"Man",1,"2",100,"0",1
154,"sheriff","GlobalLearn","25","A sheriff","Emeralds",22,"Man",1,"3",100,"0",0
154,"sheriff","GlobalLearn","25","A sheriff","Emeralds",22,"Man",1,"4",79,"0",1
154,"sheriff","GlobalLearn","25","A sheriff","Emeralds",22,"Man",1,"5",100,"0",1
154,"sheriff","GlobalLearn","25","A sheriff","Emeralds",22,"Man",1,"6",100,"0",1
154,"sheriff","GlobalLearn","25","A sheriff","Emeralds",22,"Man",1,"7",78,"0",0
154,"sheriff","GlobalLearn","25","A sheriff","Emeralds",22,"Man",1,"8",77,"0",1
154,"sheriff","GlobalLearn","25","A sheriff","Emeralds",22,"Man",1,"9",100,"0",1
154,"sheriff","GlobalLearn","25","A sheriff","Emeralds",22,"Man",1,"10",100,"0",1
154,"sheriff","GlobalLearn","25","A sheriff","Emeralds",22,"Man",1,"11",100,"0",1
154,"sheriff","GlobalLearn","25","A sheriff","Emeralds",22,"Man",1,"12",58,"0",1
154,"sheriff","GlobalLearn","25","A sheriff","Emeralds",22,"Man",1,"13",32,"0",1
154,"sheriff","GlobalLearn","25","A sheriff","Emeralds",22,"Man",1,"14",51,"0",0
154,"sheriff","GlobalLearn","25","A sheriff","Emeralds",22,"Man",1,"15",30,"0",1
154,"sheriff","GlobalLearn","25","A sheriff","Emeralds",22,"Man",1,"16",21,"0",1
154,"sheriff","GlobalLearn","25","A sheriff","Emeralds",22,"Man",1,"17",20,"0",1
154,"sheriff","GlobalLearn","25","A sheriff","Emeralds",22,"Man",1,"18",22,"0",1
154,"sheriff","GlobalLearn","25","A sheriff","Emeralds",22,"Man",1,"19",0,"0",1
154,"sheriff","GlobalLearn","25","A sheriff","Emeralds",22,"Man",1,"20",0,"0",1
154,"sheriff","GlobalLearn","25","A sheriff","Emeralds",22,"Man",1,"21",100,"1",0
154,"sheriff","GlobalLearn","25","A sheriff","Emeralds",22,"Man",1,"22",0,"0",1
154,"sheriff","GlobalLearn","25","A sheriff","Emeralds",22,"Man",1,"23",68,"0",0
154,"sheriff","GlobalLearn","25","A sheriff","Emeralds",22,"Man",1,"24",67,"0",0
154,"sheriff","GlobalLearn","25","A sheriff","Emeralds",22,"Man",1,"25",50,"0",1
154,"sheriff","GlobalLearn","25","A sheriff","Emeralds",22,"Man",1,"26",50,"0",1
154,"sheriff","GlobalLearn","25","A sheriff","Emeralds",22,"Man",1,"27",71,"0",1
154,"sheriff","GlobalLearn","25","A sheriff","Emeralds",22,"Man",1,"28",76,"0",1
154,"sheriff","GlobalLearn","25","A sheriff","Emeralds",22,"Man",1,"29",76,"0",1
154,"sheriff","GlobalLearn","25","A sheriff","Emeralds",22,"Man",1,"30",76,"0",1
154,"sheriff","GlobalLearn","25","A sheriff","Emeralds",22,"Man",1,"31",77,"0",0
154,"sheriff","GlobalLearn","25","A sheriff","Emeralds",22,"Man",1,"32",74,"0",0
154,"sheriff","GlobalLearn","25","A sheriff","Emeralds",22,"Man",1,"33",78,"0",0
154,"sheriff","GlobalLearn","25","A sheriff","Emeralds",22,"Man",1,"34",100,"1",0
154,"sheriff","GlobalLearn","25","A sheriff","Emeralds",22,"Man",1,"35",100,"1",1
154,"sheriff","GlobalLearn","25","A sheriff","Emeralds",22,"Man",1,"36",100,"1",0
154,"sheriff","GlobalLearn","25","A sheriff","Emeralds",22,"Man",1,"37",100,"1",1
154,"sheriff","GlobalLearn","25","A sheriff","Emeralds",22,"Man",1,"38",100,"1",0
154,"sheriff","GlobalLearn","25","A sheriff","Emeralds",22,"Man",1,"39",67,"0",0
154,"sheriff","GlobalLearn","25","A sheriff","Emeralds",22,"Man",1,"40",70,"0",0
154,"sheriff","GlobalLearn","25","A sheriff","Emeralds",22,"Man",1,"41",65,"1",0
154,"sheriff","GlobalLearn","25","A sheriff","Emeralds",22,"Man",1,"42",71,"0",0
154,"sheriff","GlobalLearn","25","A sheriff","Emeralds",22,"Man",1,"43",51,"1",0
154,"sheriff","GlobalLearn","25","A sheriff","Emeralds",22,"Man",1,"44",41,"1",0
154,"sheriff","GlobalLearn","25","A sheriff","Emeralds",22,"Man",1,"45",38,"0",0
154,"sheriff","GlobalLearn","25","A sheriff","Emeralds",22,"Man",1,"46",36,"0",1
154,"sheriff","GlobalLearn","25","A sheriff","Emeralds",22,"Man",1,"47",28,"0",0
154,"sheriff","GlobalLearn","25","A sheriff","Emeralds",22,"Man",1,"48",62,"0",1
154,"sheriff","GlobalLearn","25","A sheriff","Emeralds",22,"Man",1,"49",32,"0",0
154,"sheriff","GlobalLearn","25","A sheriff","Emeralds",22,"Man",1,"50",74,"0",1
155,"tycoon","GlobalLearn","39","A tycoon","Emeralds",21,"Man",1,"1",49,"1",1
155,"tycoon","GlobalLearn","39","A tycoon","Emeralds",21,"Man",1,"2",0,"1",0
155,"tycoon","GlobalLearn","39","A tycoon","Emeralds",21,"Man",1,"3",79,"1",1
155,"tycoon","GlobalLearn","39","A tycoon","Emeralds",21,"Man",1,"4",97,"1",1
155,"tycoon","GlobalLearn","39","A tycoon","Emeralds",21,"Man",1,"5",0,"1",0
155,"tycoon","GlobalLearn","39","A tycoon","Emeralds",21,"Man",1,"6",0,"1",0
155,"tycoon","GlobalLearn","39","A tycoon","Emeralds",21,"Man",1,"7",100,"1",1
155,"tycoon","GlobalLearn","39","A tycoon","Emeralds",21,"Man",1,"8",77,"1",1
155,"tycoon","GlobalLearn","39","A tycoon","Emeralds",21,"Man",1,"9",0,"1",0
155,"tycoon","GlobalLearn","39","A tycoon","Emeralds",21,"Man",1,"10",50,"0",1
155,"tycoon","GlobalLearn","39","A tycoon","Emeralds",21,"Man",1,"11",64,"0",1
155,"tycoon","GlobalLearn","39","A tycoon","Emeralds",21,"Man",1,"12",0,"0",0
155,"tycoon","GlobalLearn","39","A tycoon","Emeralds",21,"Man",1,"13",75,"0",1
155,"tycoon","GlobalLearn","39","A tycoon","Emeralds",21,"Man",1,"14",100,"1",1
155,"tycoon","GlobalLearn","39","A tycoon","Emeralds",21,"Man",1,"15",0,"1",0
155,"tycoon","GlobalLearn","39","A tycoon","Emeralds",21,"Man",1,"16",80,"0",1
155,"tycoon","GlobalLearn","39","A tycoon","Emeralds",21,"Man",1,"17",100,"0",1
155,"tycoon","GlobalLearn","39","A tycoon","Emeralds",21,"Man",1,"18",0,"0",0
155,"tycoon","GlobalLearn","39","A tycoon","Emeralds",21,"Man",1,"19",0,"1",0
155,"tycoon","GlobalLearn","39","A tycoon","Emeralds",21,"Man",1,"20",100,"1",1
155,"tycoon","GlobalLearn","39","A tycoon","Emeralds",21,"Man",1,"21",77,"1",1
155,"tycoon","GlobalLearn","39","A tycoon","Emeralds",21,"Man",1,"22",0,"1",0
155,"tycoon","GlobalLearn","39","A tycoon","Emeralds",21,"Man",1,"23",52,"0",1
155,"tycoon","GlobalLearn","39","A tycoon","Emeralds",21,"Man",1,"24",74,"0",1
155,"tycoon","GlobalLearn","39","A tycoon","Emeralds",21,"Man",1,"25",84,"0",1
155,"tycoon","GlobalLearn","39","A tycoon","Emeralds",21,"Man",1,"26",90,"0",1
155,"tycoon","GlobalLearn","39","A tycoon","Emeralds",21,"Man",1,"27",74,"0",1
155,"tycoon","GlobalLearn","39","A tycoon","Emeralds",21,"Man",1,"28",0,"0",0
155,"tycoon","GlobalLearn","39","A tycoon","Emeralds",21,"Man",1,"29",0,"1",0
155,"tycoon","GlobalLearn","39","A tycoon","Emeralds",21,"Man",1,"30",78,"1",1
155,"tycoon","GlobalLearn","39","A tycoon","Emeralds",21,"Man",1,"31",0,"1",0
155,"tycoon","GlobalLearn","39","A tycoon","Emeralds",21,"Man",1,"32",66,"0",1
155,"tycoon","GlobalLearn","39","A tycoon","Emeralds",21,"Man",1,"33",0,"0",0
155,"tycoon","GlobalLearn","39","A tycoon","Emeralds",21,"Man",1,"34",0,"1",0
155,"tycoon","GlobalLearn","39","A tycoon","Emeralds",21,"Man",1,"35",0,"1",0
155,"tycoon","GlobalLearn","39","A tycoon","Emeralds",21,"Man",1,"36",73,"0",1
155,"tycoon","GlobalLearn","39","A tycoon","Emeralds",21,"Man",1,"37",69,"0",1
155,"tycoon","GlobalLearn","39","A tycoon","Emeralds",21,"Man",1,"38",58,"0",1
155,"tycoon","GlobalLearn","39","A tycoon","Emeralds",21,"Man",1,"39",50,"0",1
155,"tycoon","GlobalLearn","39","A tycoon","Emeralds",21,"Man",1,"40",40,"0",1
155,"tycoon","GlobalLearn","39","A tycoon","Emeralds",21,"Man",1,"41",30,"0",1
155,"tycoon","GlobalLearn","39","A tycoon","Emeralds",21,"Man",1,"42",17,"0",1
155,"tycoon","GlobalLearn","39","A tycoon","Emeralds",21,"Man",1,"43",5,"0",1
155,"tycoon","GlobalLearn","39","A tycoon","Emeralds",21,"Man",1,"44",0,"0",1
155,"tycoon","GlobalLearn","39","A tycoon","Emeralds",21,"Man",1,"45",0,"0",1
155,"tycoon","GlobalLearn","39","A tycoon","Emeralds",21,"Man",1,"46",0,"0",1
155,"tycoon","GlobalLearn","39","A tycoon","Emeralds",21,"Man",1,"47",0,"0",0
155,"tycoon","GlobalLearn","39","A tycoon","Emeralds",21,"Man",1,"48",0,"1",0
155,"tycoon","GlobalLearn","39","A tycoon","Emeralds",21,"Man",1,"49",0,"1",0
155,"tycoon","GlobalLearn","39","A tycoon","Emeralds",21,"Man",1,"50",0,"0",0
156,"bandit","GlobalLearn","34","A bandit","Emeralds",84,"Woman",1,"1",11,"0",0
156,"bandit","GlobalLearn","34","A bandit","Emeralds",84,"Woman",1,"2",0,"1",1
156,"bandit","GlobalLearn","34","A bandit","Emeralds",84,"Woman",1,"3",76,"1",0
156,"bandit","GlobalLearn","34","A bandit","Emeralds",84,"Woman",1,"4",79,"1",0
156,"bandit","GlobalLearn","34","A bandit","Emeralds",84,"Woman",1,"5",50,"0",0
156,"bandit","GlobalLearn","34","A bandit","Emeralds",84,"Woman",1,"6",77,"1",0
156,"bandit","GlobalLearn","34","A bandit","Emeralds",84,"Woman",1,"7",78,"0",0
156,"bandit","GlobalLearn","34","A bandit","Emeralds",84,"Woman",1,"8",0,"0",1
156,"bandit","GlobalLearn","34","A bandit","Emeralds",84,"Woman",1,"9",0,"0",1
156,"bandit","GlobalLearn","34","A bandit","Emeralds",84,"Woman",1,"10",0,"0",1
156,"bandit","GlobalLearn","34","A bandit","Emeralds",84,"Woman",1,"11",0,"0",1
156,"bandit","GlobalLearn","34","A bandit","Emeralds",84,"Woman",1,"12",0,"0",1
156,"bandit","GlobalLearn","34","A bandit","Emeralds",84,"Woman",1,"13",0,"0",1
156,"bandit","GlobalLearn","34","A bandit","Emeralds",84,"Woman",1,"14",0,"0",1
156,"bandit","GlobalLearn","34","A bandit","Emeralds",84,"Woman",1,"15",18,"0",0
156,"bandit","GlobalLearn","34","A bandit","Emeralds",84,"Woman",1,"16",20,"0",0
156,"bandit","GlobalLearn","34","A bandit","Emeralds",84,"Woman",1,"17",78,"1",0
156,"bandit","GlobalLearn","34","A bandit","Emeralds",84,"Woman",1,"18",0,"0",1
156,"bandit","GlobalLearn","34","A bandit","Emeralds",84,"Woman",1,"19",78,"0",0
156,"bandit","GlobalLearn","34","A bandit","Emeralds",84,"Woman",1,"20",0,"0",1
156,"bandit","GlobalLearn","34","A bandit","Emeralds",84,"Woman",1,"21",0,"0",1
156,"bandit","GlobalLearn","34","A bandit","Emeralds",84,"Woman",1,"22",50,"0",0
156,"bandit","GlobalLearn","34","A bandit","Emeralds",84,"Woman",1,"23",73,"0",0
156,"bandit","GlobalLearn","34","A bandit","Emeralds",84,"Woman",1,"24",53,"1",0
156,"bandit","GlobalLearn","34","A bandit","Emeralds",84,"Woman",1,"25",0,"1",1
156,"bandit","GlobalLearn","34","A bandit","Emeralds",84,"Woman",1,"26",50,"1",0
156,"bandit","GlobalLearn","34","A bandit","Emeralds",84,"Woman",1,"27",0,"0",1
156,"bandit","GlobalLearn","34","A bandit","Emeralds",84,"Woman",1,"28",72,"0",0
156,"bandit","GlobalLearn","34","A bandit","Emeralds",84,"Woman",1,"29",72,"0",0
156,"bandit","GlobalLearn","34","A bandit","Emeralds",84,"Woman",1,"30",72,"0",0
156,"bandit","GlobalLearn","34","A bandit","Emeralds",84,"Woman",1,"31",73,"0",0
156,"bandit","GlobalLearn","34","A bandit","Emeralds",84,"Woman",1,"32",77,"0",0
156,"bandit","GlobalLearn","34","A bandit","Emeralds",84,"Woman",1,"33",72,"0",0
156,"bandit","GlobalLearn","34","A bandit","Emeralds",84,"Woman",1,"34",75,"1",0
156,"bandit","GlobalLearn","34","A bandit","Emeralds",84,"Woman",1,"35",76,"1",0
156,"bandit","GlobalLearn","34","A bandit","Emeralds",84,"Woman",1,"36",31,"1",0
156,"bandit","GlobalLearn","34","A bandit","Emeralds",84,"Woman",1,"37",73,"0",0
156,"bandit","GlobalLearn","34","A bandit","Emeralds",84,"Woman",1,"38",0,"1",1
156,"bandit","GlobalLearn","34","A bandit","Emeralds",84,"Woman",1,"39",22,"1",0
156,"bandit","GlobalLearn","34","A bandit","Emeralds",84,"Woman",1,"40",21,"1",0
156,"bandit","GlobalLearn","34","A bandit","Emeralds",84,"Woman",1,"41",20,"1",0
156,"bandit","GlobalLearn","34","A bandit","Emeralds",84,"Woman",1,"42",22,"1",0
156,"bandit","GlobalLearn","34","A bandit","Emeralds",84,"Woman",1,"43",61,"1",0
156,"bandit","GlobalLearn","34","A bandit","Emeralds",84,"Woman",1,"44",75,"0",0
156,"bandit","GlobalLearn","34","A bandit","Emeralds",84,"Woman",1,"45",0,"0",1
156,"bandit","GlobalLearn","34","A bandit","Emeralds",84,"Woman",1,"46",46,"0",0
156,"bandit","GlobalLearn","34","A bandit","Emeralds",84,"Woman",1,"47",0,"0",1
156,"bandit","GlobalLearn","34","A bandit","Emeralds",84,"Woman",1,"48",24,"0",0
156,"bandit","GlobalLearn","34","A bandit","Emeralds",84,"Woman",1,"49",0,"0",1
156,"bandit","GlobalLearn","34","A bandit","Emeralds",84,"Woman",1,"50",24,"0",0
157,"tycoon","GlobalLearn","33","A tycoon","Emeralds",34,"Man",1,"1",0,"0",0
157,"tycoon","GlobalLearn","33","A tycoon","Emeralds",34,"Man",1,"2",51,"1",1
157,"tycoon","GlobalLearn","33","A tycoon","Emeralds",34,"Man",1,"3",0,"0",0
157,"tycoon","GlobalLearn","33","A tycoon","Emeralds",34,"Man",1,"4",50,"1",1
157,"tycoon","GlobalLearn","33","A tycoon","Emeralds",34,"Man",1,"5",49,"1",1
157,"tycoon","GlobalLearn","33","A tycoon","Emeralds",34,"Man",1,"6",50,"1",1
157,"tycoon","GlobalLearn","33","A tycoon","Emeralds",34,"Man",1,"7",50,"1",0
157,"tycoon","GlobalLearn","33","A tycoon","Emeralds",34,"Man",1,"8",50,"1",1
157,"tycoon","GlobalLearn","33","A tycoon","Emeralds",34,"Man",1,"9",50,"1",1
157,"tycoon","GlobalLearn","33","A tycoon","Emeralds",34,"Man",1,"10",50,"1",1
157,"tycoon","GlobalLearn","33","A tycoon","Emeralds",34,"Man",1,"11",50,"1",1
157,"tycoon","GlobalLearn","33","A tycoon","Emeralds",34,"Man",1,"12",51,"1",1
157,"tycoon","GlobalLearn","33","A tycoon","Emeralds",34,"Man",1,"13",50,"1",1
157,"tycoon","GlobalLearn","33","A tycoon","Emeralds",34,"Man",1,"14",51,"1",1
157,"tycoon","GlobalLearn","33","A tycoon","Emeralds",34,"Man",1,"15",50,"1",1
157,"tycoon","GlobalLearn","33","A tycoon","Emeralds",34,"Man",1,"16",51,"1",1
157,"tycoon","GlobalLearn","33","A tycoon","Emeralds",34,"Man",1,"17",49,"1",0
157,"tycoon","GlobalLearn","33","A tycoon","Emeralds",34,"Man",1,"18",51,"1",1
157,"tycoon","GlobalLearn","33","A tycoon","Emeralds",34,"Man",1,"19",50,"1",1
157,"tycoon","GlobalLearn","33","A tycoon","Emeralds",34,"Man",1,"20",49,"1",1
157,"tycoon","GlobalLearn","33","A tycoon","Emeralds",34,"Man",1,"21",50,"1",1
157,"tycoon","GlobalLearn","33","A tycoon","Emeralds",34,"Man",1,"22",49,"1",0
157,"tycoon","GlobalLearn","33","A tycoon","Emeralds",34,"Man",1,"23",52,"1",1
157,"tycoon","GlobalLearn","33","A tycoon","Emeralds",34,"Man",1,"24",51,"1",0
157,"tycoon","GlobalLearn","33","A tycoon","Emeralds",34,"Man",1,"25",50,"1",1
157,"tycoon","GlobalLearn","33","A tycoon","Emeralds",34,"Man",1,"26",50,"1",1
157,"tycoon","GlobalLearn","33","A tycoon","Emeralds",34,"Man",1,"27",50,"1",1
157,"tycoon","GlobalLearn","33","A tycoon","Emeralds",34,"Man",1,"28",49,"1",0
157,"tycoon","GlobalLearn","33","A tycoon","Emeralds",34,"Man",1,"29",49,"1",0
157,"tycoon","GlobalLearn","33","A tycoon","Emeralds",34,"Man",1,"30",51,"1",1
157,"tycoon","GlobalLearn","33","A tycoon","Emeralds",34,"Man",1,"31",51,"1",1
157,"tycoon","GlobalLearn","33","A tycoon","Emeralds",34,"Man",1,"32",49,"1",1
157,"tycoon","GlobalLearn","33","A tycoon","Emeralds",34,"Man",1,"33",50,"1",1
157,"tycoon","GlobalLearn","33","A tycoon","Emeralds",34,"Man",1,"34",50,"1",1
157,"tycoon","GlobalLearn","33","A tycoon","Emeralds",34,"Man",1,"35",50,"1",1
157,"tycoon","GlobalLearn","33","A tycoon","Emeralds",34,"Man",1,"36",52,"1",1
157,"tycoon","GlobalLearn","33","A tycoon","Emeralds",34,"Man",1,"37",51,"1",1
157,"tycoon","GlobalLearn","33","A tycoon","Emeralds",34,"Man",1,"38",51,"1",1
157,"tycoon","GlobalLearn","33","A tycoon","Emeralds",34,"Man",1,"39",49,"1",0
157,"tycoon","GlobalLearn","33","A tycoon","Emeralds",34,"Man",1,"40",51,"1",1
157,"tycoon","GlobalLearn","33","A tycoon","Emeralds",34,"Man",1,"41",51,"1",1
157,"tycoon","GlobalLearn","33","A tycoon","Emeralds",34,"Man",1,"42",51,"1",1
157,"tycoon","GlobalLearn","33","A tycoon","Emeralds",34,"Man",1,"43",51,"1",1
157,"tycoon","GlobalLearn","33","A tycoon","Emeralds",34,"Man",1,"44",52,"1",1
157,"tycoon","GlobalLearn","33","A tycoon","Emeralds",34,"Man",1,"45",52,"1",1
157,"tycoon","GlobalLearn","33","A tycoon","Emeralds",34,"Man",1,"46",50,"1",1
157,"tycoon","GlobalLearn","33","A tycoon","Emeralds",34,"Man",1,"47",53,"1",1
157,"tycoon","GlobalLearn","33","A tycoon","Emeralds",34,"Man",1,"48",51,"1",1
157,"tycoon","GlobalLearn","33","A tycoon","Emeralds",34,"Man",1,"49",50,"1",0
157,"tycoon","GlobalLearn","33","A tycoon","Emeralds",34,"Man",1,"50",51,"1",1
158,"bandit","GlobalLearn","65","A bandit","Emeralds",36,"Woman",1,"1",49,"0",0
158,"bandit","GlobalLearn","65","A bandit","Emeralds",36,"Woman",1,"2",0,"0",1
158,"bandit","GlobalLearn","65","A bandit","Emeralds",36,"Woman",1,"3",0,"0",1
158,"bandit","GlobalLearn","65","A bandit","Emeralds",36,"Woman",1,"4",59,"0",0
158,"bandit","GlobalLearn","65","A bandit","Emeralds",36,"Woman",1,"5",0,"1",1
158,"bandit","GlobalLearn","65","A bandit","Emeralds",36,"Woman",1,"6",50,"1",0
158,"bandit","GlobalLearn","65","A bandit","Emeralds",36,"Woman",1,"7",65,"1",0
158,"bandit","GlobalLearn","65","A bandit","Emeralds",36,"Woman",1,"8",0,"1",1
158,"bandit","GlobalLearn","65","A bandit","Emeralds",36,"Woman",1,"9",57,"1",0
158,"bandit","GlobalLearn","65","A bandit","Emeralds",36,"Woman",1,"10",0,"1",1
158,"bandit","GlobalLearn","65","A bandit","Emeralds",36,"Woman",1,"11",79,"0",0
158,"bandit","GlobalLearn","65","A bandit","Emeralds",36,"Woman",1,"12",80,"0",0
158,"bandit","GlobalLearn","65","A bandit","Emeralds",36,"Woman",1,"13",75,"0",0
158,"bandit","GlobalLearn","65","A bandit","Emeralds",36,"Woman",1,"14",76,"0",0
158,"bandit","GlobalLearn","65","A bandit","Emeralds",36,"Woman",1,"15",0,"1",1
158,"bandit","GlobalLearn","65","A bandit","Emeralds",36,"Woman",1,"16",0,"1",1
158,"bandit","GlobalLearn","65","A bandit","Emeralds",36,"Woman",1,"17",63,"1",0
158,"bandit","GlobalLearn","65","A bandit","Emeralds",36,"Woman",1,"18",0,"1",1
158,"bandit","GlobalLearn","65","A bandit","Emeralds",36,"Woman",1,"19",79,"1",0
158,"bandit","GlobalLearn","65","A bandit","Emeralds",36,"Woman",1,"20",68,"1",0
158,"bandit","GlobalLearn","65","A bandit","Emeralds",36,"Woman",1,"21",77,"1",0
158,"bandit","GlobalLearn","65","A bandit","Emeralds",36,"Woman",1,"22",83,"1",0
158,"bandit","GlobalLearn","65","A bandit","Emeralds",36,"Woman",1,"23",0,"1",1
158,"bandit","GlobalLearn","65","A bandit","Emeralds",36,"Woman",1,"24",75,"1",0
158,"bandit","GlobalLearn","65","A bandit","Emeralds",36,"Woman",1,"25",0,"1",1
158,"bandit","GlobalLearn","65","A bandit","Emeralds",36,"Woman",1,"26",73,"1",0
158,"bandit","GlobalLearn","65","A bandit","Emeralds",36,"Woman",1,"27",76,"1",0
158,"bandit","GlobalLearn","65","A bandit","Emeralds",36,"Woman",1,"28",77,"1",0
158,"bandit","GlobalLearn","65","A bandit","Emeralds",36,"Woman",1,"29",75,"1",0
158,"bandit","GlobalLearn","65","A bandit","Emeralds",36,"Woman",1,"30",0,"1",1
158,"bandit","GlobalLearn","65","A bandit","Emeralds",36,"Woman",1,"31",79,"1",0
158,"bandit","GlobalLearn","65","A bandit","Emeralds",36,"Woman",1,"32",0,"1",1
158,"bandit","GlobalLearn","65","A bandit","Emeralds",36,"Woman",1,"33",0,"1",1
158,"bandit","GlobalLearn","65","A bandit","Emeralds",36,"Woman",1,"34",75,"1",0
158,"bandit","GlobalLearn","65","A bandit","Emeralds",36,"Woman",1,"35",0,"1",1
158,"bandit","GlobalLearn","65","A bandit","Emeralds",36,"Woman",1,"36",0,"1",1
158,"bandit","GlobalLearn","65","A bandit","Emeralds",36,"Woman",1,"37",0,"1",1
158,"bandit","GlobalLearn","65","A bandit","Emeralds",36,"Woman",1,"38",77,"1",0
158,"bandit","GlobalLearn","65","A bandit","Emeralds",36,"Woman",1,"39",0,"1",1
158,"bandit","GlobalLearn","65","A bandit","Emeralds",36,"Woman",1,"40",0,"1",1
158,"bandit","GlobalLearn","65","A bandit","Emeralds",36,"Woman",1,"41",73,"1",0
158,"bandit","GlobalLearn","65","A bandit","Emeralds",36,"Woman",1,"42",72,"1",0
158,"bandit","GlobalLearn","65","A bandit","Emeralds",36,"Woman",1,"43",0,"1",1
158,"bandit","GlobalLearn","65","A bandit","Emeralds",36,"Woman",1,"44",0,"1",1
158,"bandit","GlobalLearn","65","A bandit","Emeralds",36,"Woman",1,"45",0,"1",1
158,"bandit","GlobalLearn","65","A bandit","Emeralds",36,"Woman",1,"46",0,"1",1
158,"bandit","GlobalLearn","65","A bandit","Emeralds",36,"Woman",1,"47",73,"1",0
158,"bandit","GlobalLearn","65","A bandit","Emeralds",36,"Woman",1,"48",68,"1",0
158,"bandit","GlobalLearn","65","A bandit","Emeralds",36,"Woman",1,"49",63,"1",0
158,"bandit","GlobalLearn","65","A bandit","Emeralds",36,"Woman",1,"50",0,"1",1
159,"tycoon","GlobalLearn","1","A tycoon","Emeralds",34,"Woman",1,"1",39,"1",1
159,"tycoon","GlobalLearn","1","A tycoon","Emeralds",34,"Woman",1,"2",34,"1",1
159,"tycoon","GlobalLearn","1","A tycoon","Emeralds",34,"Woman",1,"3",34,"1",1
159,"tycoon","GlobalLearn","1","A tycoon","Emeralds",34,"Woman",1,"4",57,"0",1
159,"tycoon","GlobalLearn","1","A tycoon","Emeralds",34,"Woman",1,"5",30,"0",0
159,"tycoon","GlobalLearn","1","A tycoon","Emeralds",34,"Woman",1,"6",28,"1",1
159,"tycoon","GlobalLearn","1","A tycoon","Emeralds",34,"Woman",1,"7",28,"1",1
159,"tycoon","GlobalLearn","1","A tycoon","Emeralds",34,"Woman",1,"8",33,"1",1
159,"tycoon","GlobalLearn","1","A tycoon","Emeralds",34,"Woman",1,"9",29,"1",1
159,"tycoon","GlobalLearn","1","A tycoon","Emeralds",34,"Woman",1,"10",61,"1",0
159,"tycoon","GlobalLearn","1","A tycoon","Emeralds",34,"Woman",1,"11",31,"1",1
159,"tycoon","GlobalLearn","1","A tycoon","Emeralds",34,"Woman",1,"12",57,"0",1
159,"tycoon","GlobalLearn","1","A tycoon","Emeralds",34,"Woman",1,"13",53,"0",1
159,"tycoon","GlobalLearn","1","A tycoon","Emeralds",34,"Woman",1,"14",50,"0",1
159,"tycoon","GlobalLearn","1","A tycoon","Emeralds",34,"Woman",1,"15",56,"0",0
159,"tycoon","GlobalLearn","1","A tycoon","Emeralds",34,"Woman",1,"16",35,"0",0
159,"tycoon","GlobalLearn","1","A tycoon","Emeralds",34,"Woman",1,"17",41,"1",1
159,"tycoon","GlobalLearn","1","A tycoon","Emeralds",34,"Woman",1,"18",31,"1",1
159,"tycoon","GlobalLearn","1","A tycoon","Emeralds",34,"Woman",1,"19",31,"1",1
159,"tycoon","GlobalLearn","1","A tycoon","Emeralds",34,"Woman",1,"20",37,"1",1
159,"tycoon","GlobalLearn","1","A tycoon","Emeralds",34,"Woman",1,"21",60,"1",0
159,"tycoon","GlobalLearn","1","A tycoon","Emeralds",34,"Woman",1,"22",42,"1",1
159,"tycoon","GlobalLearn","1","A tycoon","Emeralds",34,"Woman",1,"23",57,"1",0
159,"tycoon","GlobalLearn","1","A tycoon","Emeralds",34,"Woman",1,"24",42,"1",1
159,"tycoon","GlobalLearn","1","A tycoon","Emeralds",34,"Woman",1,"25",34,"0",0
159,"tycoon","GlobalLearn","1","A tycoon","Emeralds",34,"Woman",1,"26",57,"0",1
159,"tycoon","GlobalLearn","1","A tycoon","Emeralds",34,"Woman",1,"27",56,"0",1
159,"tycoon","GlobalLearn","1","A tycoon","Emeralds",34,"Woman",1,"28",53,"0",1
159,"tycoon","GlobalLearn","1","A tycoon","Emeralds",34,"Woman",1,"29",40,"0",0
159,"tycoon","GlobalLearn","1","A tycoon","Emeralds",34,"Woman",1,"30",57,"0",1
159,"tycoon","GlobalLearn","1","A tycoon","Emeralds",34,"Woman",1,"31",53,"0",1
159,"tycoon","GlobalLearn","1","A tycoon","Emeralds",34,"Woman",1,"32",54,"0",1
159,"tycoon","GlobalLearn","1","A tycoon","Emeralds",34,"Woman",1,"33",50,"0",1
159,"tycoon","GlobalLearn","1","A tycoon","Emeralds",34,"Woman",1,"34",47,"0",1
159,"tycoon","GlobalLearn","1","A tycoon","Emeralds",34,"Woman",1,"35",55,"0",0
159,"tycoon","GlobalLearn","1","A tycoon","Emeralds",34,"Woman",1,"36",45,"1",1
159,"tycoon","GlobalLearn","1","A tycoon","Emeralds",34,"Woman",1,"37",43,"1",1
159,"tycoon","GlobalLearn","1","A tycoon","Emeralds",34,"Woman",1,"38",55,"1",0
159,"tycoon","GlobalLearn","1","A tycoon","Emeralds",34,"Woman",1,"39",45,"1",1
159,"tycoon","GlobalLearn","1","A tycoon","Emeralds",34,"Woman",1,"40",45,"1",1
159,"tycoon","GlobalLearn","1","A tycoon","Emeralds",34,"Woman",1,"41",43,"1",1
159,"tycoon","GlobalLearn","1","A tycoon","Emeralds",34,"Woman",1,"42",39,"1",1
159,"tycoon","GlobalLearn","1","A tycoon","Emeralds",34,"Woman",1,"43",52,"0",1
159,"tycoon","GlobalLearn","1","A tycoon","Emeralds",34,"Woman",1,"44",53,"0",1
159,"tycoon","GlobalLearn","1","A tycoon","Emeralds",34,"Woman",1,"45",54,"0",1
159,"tycoon","GlobalLearn","1","A tycoon","Emeralds",34,"Woman",1,"46",44,"0",0
159,"tycoon","GlobalLearn","1","A tycoon","Emeralds",34,"Woman",1,"47",44,"1",1
159,"tycoon","GlobalLearn","1","A tycoon","Emeralds",34,"Woman",1,"48",43,"1",1
159,"tycoon","GlobalLearn","1","A tycoon","Emeralds",34,"Woman",1,"49",52,"1",0
159,"tycoon","GlobalLearn","1","A tycoon","Emeralds",34,"Woman",1,"50",46,"1",1
160,"tycoon","GlobalLearn","38","A tycoon","Emeralds",43,"Man",1,"1",100,"0",0
160,"tycoon","GlobalLearn","38","A tycoon","Emeralds",43,"Man",1,"2",100,"0",1
160,"tycoon","GlobalLearn","38","A tycoon","Emeralds",43,"Man",1,"3",26,"1",0
160,"tycoon","GlobalLearn","38","A tycoon","Emeralds",43,"Man",1,"4",21,"1",0
160,"tycoon","GlobalLearn","38","A tycoon","Emeralds",43,"Man",1,"5",10,"1",0
160,"tycoon","GlobalLearn","38","A tycoon","Emeralds",43,"Man",1,"6",100,"1",1
160,"tycoon","GlobalLearn","38","A tycoon","Emeralds",43,"Man",1,"7",11,"1",0
160,"tycoon","GlobalLearn","38","A tycoon","Emeralds",43,"Man",1,"8",26,"0",0
160,"tycoon","GlobalLearn","38","A tycoon","Emeralds",43,"Man",1,"9",16,"0",0
160,"tycoon","GlobalLearn","38","A tycoon","Emeralds",43,"Man",1,"10",33,"0",0
160,"tycoon","GlobalLearn","38","A tycoon","Emeralds",43,"Man",1,"11",27,"0",0
160,"tycoon","GlobalLearn","38","A tycoon","Emeralds",43,"Man",1,"12",96,"0",1
160,"tycoon","GlobalLearn","38","A tycoon","Emeralds",43,"Man",1,"13",37,"0",0
160,"tycoon","GlobalLearn","38","A tycoon","Emeralds",43,"Man",1,"14",22,"0",0
160,"tycoon","GlobalLearn","38","A tycoon","Emeralds",43,"Man",1,"15",89,"0",1
160,"tycoon","GlobalLearn","38","A tycoon","Emeralds",43,"Man",1,"16",90,"1",1
160,"tycoon","GlobalLearn","38","A tycoon","Emeralds",43,"Man",1,"17",100,"1",1
160,"tycoon","GlobalLearn","38","A tycoon","Emeralds",43,"Man",1,"18",87,"1",1
160,"tycoon","GlobalLearn","38","A tycoon","Emeralds",43,"Man",1,"19",85,"1",1
160,"tycoon","GlobalLearn","38","A tycoon","Emeralds",43,"Man",1,"20",85,"1",1
160,"tycoon","GlobalLearn","38","A tycoon","Emeralds",43,"Man",1,"21",90,"1",1
160,"tycoon","GlobalLearn","38","A tycoon","Emeralds",43,"Man",1,"22",100,"1",1
160,"tycoon","GlobalLearn","38","A tycoon","Emeralds",43,"Man",1,"23",14,"1",0
160,"tycoon","GlobalLearn","38","A tycoon","Emeralds",43,"Man",1,"24",100,"1",1
160,"tycoon","GlobalLearn","38","A tycoon","Emeralds",43,"Man",1,"25",100,"1",1
160,"tycoon","GlobalLearn","38","A tycoon","Emeralds",43,"Man",1,"26",90,"1",1
160,"tycoon","GlobalLearn","38","A tycoon","Emeralds",43,"Man",1,"27",97,"1",1
160,"tycoon","GlobalLearn","38","A tycoon","Emeralds",43,"Man",1,"28",0,"1",0
160,"tycoon","GlobalLearn","38","A tycoon","Emeralds",43,"Man",1,"29",3,"1",0
160,"tycoon","GlobalLearn","38","A tycoon","Emeralds",43,"Man",1,"30",100,"1",1
160,"tycoon","GlobalLearn","38","A tycoon","Emeralds",43,"Man",1,"31",92,"1",1
160,"tycoon","GlobalLearn","38","A tycoon","Emeralds",43,"Man",1,"32",93,"1",1
160,"tycoon","GlobalLearn","38","A tycoon","Emeralds",43,"Man",1,"33",90,"1",1
160,"tycoon","GlobalLearn","38","A tycoon","Emeralds",43,"Man",1,"34",100,"1",1
160,"tycoon","GlobalLearn","38","A tycoon","Emeralds",43,"Man",1,"35",100,"1",1
160,"tycoon","GlobalLearn","38","A tycoon","Emeralds",43,"Man",1,"36",97,"1",1
160,"tycoon","GlobalLearn","38","A tycoon","Emeralds",43,"Man",1,"37",92,"1",1
160,"tycoon","GlobalLearn","38","A tycoon","Emeralds",43,"Man",1,"38",97,"1",1
160,"tycoon","GlobalLearn","38","A tycoon","Emeralds",43,"Man",1,"39",96,"1",1
160,"tycoon","GlobalLearn","38","A tycoon","Emeralds",43,"Man",1,"40",91,"1",1
160,"tycoon","GlobalLearn","38","A tycoon","Emeralds",43,"Man",1,"41",84,"1",1
160,"tycoon","GlobalLearn","38","A tycoon","Emeralds",43,"Man",1,"42",4,"1",0
160,"tycoon","GlobalLearn","38","A tycoon","Emeralds",43,"Man",1,"43",4,"1",1
160,"tycoon","GlobalLearn","38","A tycoon","Emeralds",43,"Man",1,"44",97,"1",1
160,"tycoon","GlobalLearn","38","A tycoon","Emeralds",43,"Man",1,"45",96,"1",1
160,"tycoon","GlobalLearn","38","A tycoon","Emeralds",43,"Man",1,"46",19,"1",0
160,"tycoon","GlobalLearn","38","A tycoon","Emeralds",43,"Man",1,"47",85,"1",1
160,"tycoon","GlobalLearn","38","A tycoon","Emeralds",43,"Man",1,"48",8,"1",0
160,"tycoon","GlobalLearn","38","A tycoon","Emeralds",43,"Man",1,"49",87,"1",1
160,"tycoon","GlobalLearn","38","A tycoon","Emeralds",43,"Man",1,"50",85,"1",1
161,"sheriff","GlobalLearn","20","A sheriff","Emeralds",21,"Man",1,"1",79,"0",1
161,"sheriff","GlobalLearn","20","A sheriff","Emeralds",21,"Man",1,"2",22,"0",1
161,"sheriff","GlobalLearn","20","A sheriff","Emeralds",21,"Man",1,"3",100,"0",0
161,"sheriff","GlobalLearn","20","A sheriff","Emeralds",21,"Man",1,"4",83,"0",0
161,"sheriff","GlobalLearn","20","A sheriff","Emeralds",21,"Man",1,"5",69,"1",1
161,"sheriff","GlobalLearn","20","A sheriff","Emeralds",21,"Man",1,"6",35,"1",0
161,"sheriff","GlobalLearn","20","A sheriff","Emeralds",21,"Man",1,"7",32,"0",1
161,"sheriff","GlobalLearn","20","A sheriff","Emeralds",21,"Man",1,"8",67,"1",1
161,"sheriff","GlobalLearn","20","A sheriff","Emeralds",21,"Man",1,"9",74,"0",1
161,"sheriff","GlobalLearn","20","A sheriff","Emeralds",21,"Man",1,"10",31,"1",0
161,"sheriff","GlobalLearn","20","A sheriff","Emeralds",21,"Man",1,"11",27,"1",0
161,"sheriff","GlobalLearn","20","A sheriff","Emeralds",21,"Man",1,"12",16,"0",1
161,"sheriff","GlobalLearn","20","A sheriff","Emeralds",21,"Man",1,"13",12,"0",1
161,"sheriff","GlobalLearn","20","A sheriff","Emeralds",21,"Man",1,"14",9,"0",1
161,"sheriff","GlobalLearn","20","A sheriff","Emeralds",21,"Man",1,"15",4,"0",1
161,"sheriff","GlobalLearn","20","A sheriff","Emeralds",21,"Man",1,"16",4,"0",1
161,"sheriff","GlobalLearn","20","A sheriff","Emeralds",21,"Man",1,"17",0,"0",1
161,"sheriff","GlobalLearn","20","A sheriff","Emeralds",21,"Man",1,"18",84,"0",0
161,"sheriff","GlobalLearn","20","A sheriff","Emeralds",21,"Man",1,"19",100,"1",1
161,"sheriff","GlobalLearn","20","A sheriff","Emeralds",21,"Man",1,"20",95,"1",1
161,"sheriff","GlobalLearn","20","A sheriff","Emeralds",21,"Man",1,"21",68,"1",0
161,"sheriff","GlobalLearn","20","A sheriff","Emeralds",21,"Man",1,"22",22,"0",1
161,"sheriff","GlobalLearn","20","A sheriff","Emeralds",21,"Man",1,"23",11,"0",1
161,"sheriff","GlobalLearn","20","A sheriff","Emeralds",21,"Man",1,"24",3,"0",1
161,"sheriff","GlobalLearn","20","A sheriff","Emeralds",21,"Man",1,"25",0,"0",1
161,"sheriff","GlobalLearn","20","A sheriff","Emeralds",21,"Man",1,"26",3,"0",1
161,"sheriff","GlobalLearn","20","A sheriff","Emeralds",21,"Man",1,"27",0,"0",1
161,"sheriff","GlobalLearn","20","A sheriff","Emeralds",21,"Man",1,"28",0,"0",1
161,"sheriff","GlobalLearn","20","A sheriff","Emeralds",21,"Man",1,"29",84,"0",0
161,"sheriff","GlobalLearn","20","A sheriff","Emeralds",21,"Man",1,"30",91,"1",1
161,"sheriff","GlobalLearn","20","A sheriff","Emeralds",21,"Man",1,"31",73,"1",1
161,"sheriff","GlobalLearn","20","A sheriff","Emeralds",21,"Man",1,"32",22,"1",0
161,"sheriff","GlobalLearn","20","A sheriff","Emeralds",21,"Man",1,"33",8,"0",1
161,"sheriff","GlobalLearn","20","A sheriff","Emeralds",21,"Man",1,"34",0,"0",1
161,"sheriff","GlobalLearn","20","A sheriff","Emeralds",21,"Man",1,"35",6,"0",1
161,"sheriff","GlobalLearn","20","A sheriff","Emeralds",21,"Man",1,"36",67,"0",0
161,"sheriff","GlobalLearn","20","A sheriff","Emeralds",21,"Man",1,"37",23,"1",0
161,"sheriff","GlobalLearn","20","A sheriff","Emeralds",21,"Man",1,"38",6,"0",1
161,"sheriff","GlobalLearn","20","A sheriff","Emeralds",21,"Man",1,"39",73,"0",0
161,"sheriff","GlobalLearn","20","A sheriff","Emeralds",21,"Man",1,"40",17,"1",0
161,"sheriff","GlobalLearn","20","A sheriff","Emeralds",21,"Man",1,"41",23,"0",0
161,"sheriff","GlobalLearn","20","A sheriff","Emeralds",21,"Man",1,"42",0,"1",1
161,"sheriff","GlobalLearn","20","A sheriff","Emeralds",21,"Man",1,"43",0,"0",0
161,"sheriff","GlobalLearn","20","A sheriff","Emeralds",21,"Man",1,"44",0,"1",0
161,"sheriff","GlobalLearn","20","A sheriff","Emeralds",21,"Man",1,"45",7,"0",0
161,"sheriff","GlobalLearn","20","A sheriff","Emeralds",21,"Man",1,"46",0,"1",0
161,"sheriff","GlobalLearn","20","A sheriff","Emeralds",21,"Man",1,"47",4,"0",1
161,"sheriff","GlobalLearn","20","A sheriff","Emeralds",21,"Man",1,"48",1,"0",0
161,"sheriff","GlobalLearn","20","A sheriff","Emeralds",21,"Man",1,"49",0,"0",1
161,"sheriff","GlobalLearn","20","A sheriff","Emeralds",21,"Man",1,"50",0,"1",0
162,"tycoon","GlobalLearn","66","A tycoon","Emeralds",32,"Man",1,"1",72,"0",1
162,"tycoon","GlobalLearn","66","A tycoon","Emeralds",32,"Man",1,"2",0,"0",0
162,"tycoon","GlobalLearn","66","A tycoon","Emeralds",32,"Man",1,"3",85,"1",1
162,"tycoon","GlobalLearn","66","A tycoon","Emeralds",32,"Man",1,"4",64,"1",1
162,"tycoon","GlobalLearn","66","A tycoon","Emeralds",32,"Man",1,"5",49,"1",1
162,"tycoon","GlobalLearn","66","A tycoon","Emeralds",32,"Man",1,"6",41,"1",1
162,"tycoon","GlobalLearn","66","A tycoon","Emeralds",32,"Man",1,"7",34,"1",1
162,"tycoon","GlobalLearn","66","A tycoon","Emeralds",32,"Man",1,"8",47,"1",0
162,"tycoon","GlobalLearn","66","A tycoon","Emeralds",32,"Man",1,"9",60,"1",0
162,"tycoon","GlobalLearn","66","A tycoon","Emeralds",32,"Man",1,"10",88,"0",1
162,"tycoon","GlobalLearn","66","A tycoon","Emeralds",32,"Man",1,"11",78,"0",1
162,"tycoon","GlobalLearn","66","A tycoon","Emeralds",32,"Man",1,"12",60,"0",1
162,"tycoon","GlobalLearn","66","A tycoon","Emeralds",32,"Man",1,"13",37,"0",1
162,"tycoon","GlobalLearn","66","A tycoon","Emeralds",32,"Man",1,"14",27,"0",1
162,"tycoon","GlobalLearn","66","A tycoon","Emeralds",32,"Man",1,"15",45,"0",0
162,"tycoon","GlobalLearn","66","A tycoon","Emeralds",32,"Man",1,"16",62,"0",1
162,"tycoon","GlobalLearn","66","A tycoon","Emeralds",32,"Man",1,"17",46,"0",1
162,"tycoon","GlobalLearn","66","A tycoon","Emeralds",32,"Man",1,"18",65,"0",0
162,"tycoon","GlobalLearn","66","A tycoon","Emeralds",32,"Man",1,"19",58,"1",0
162,"tycoon","GlobalLearn","66","A tycoon","Emeralds",32,"Man",1,"20",4,"1",0
162,"tycoon","GlobalLearn","66","A tycoon","Emeralds",32,"Man",1,"21",61,"0",1
162,"tycoon","GlobalLearn","66","A tycoon","Emeralds",32,"Man",1,"22",0,"0",0
162,"tycoon","GlobalLearn","66","A tycoon","Emeralds",32,"Man",1,"23",0,"0",0
162,"tycoon","GlobalLearn","66","A tycoon","Emeralds",32,"Man",1,"24",0,"0",0
162,"tycoon","GlobalLearn","66","A tycoon","Emeralds",32,"Man",1,"25",0,"1",0
162,"tycoon","GlobalLearn","66","A tycoon","Emeralds",32,"Man",1,"26",63,"0",1
162,"tycoon","GlobalLearn","66","A tycoon","Emeralds",32,"Man",1,"27",0,"0",0
162,"tycoon","GlobalLearn","66","A tycoon","Emeralds",32,"Man",1,"28",68,"1",1
162,"tycoon","GlobalLearn","66","A tycoon","Emeralds",32,"Man",1,"29",56,"1",1
162,"tycoon","GlobalLearn","66","A tycoon","Emeralds",32,"Man",1,"30",39,"1",1
162,"tycoon","GlobalLearn","66","A tycoon","Emeralds",32,"Man",1,"31",67,"1",0
162,"tycoon","GlobalLearn","66","A tycoon","Emeralds",32,"Man",1,"32",65,"1",1
162,"tycoon","GlobalLearn","66","A tycoon","Emeralds",32,"Man",1,"33",0,"1",0
162,"tycoon","GlobalLearn","66","A tycoon","Emeralds",32,"Man",1,"34",70,"0",1
162,"tycoon","GlobalLearn","66","A tycoon","Emeralds",32,"Man",1,"35",66,"0",1
162,"tycoon","GlobalLearn","66","A tycoon","Emeralds",32,"Man",1,"36",62,"0",1
162,"tycoon","GlobalLearn","66","A tycoon","Emeralds",32,"Man",1,"37",71,"0",1
162,"tycoon","GlobalLearn","66","A tycoon","Emeralds",32,"Man",1,"38",54,"0",1
162,"tycoon","GlobalLearn","66","A tycoon","Emeralds",32,"Man",1,"39",56,"0",1
162,"tycoon","GlobalLearn","66","A tycoon","Emeralds",32,"Man",1,"40",63,"0",1
162,"tycoon","GlobalLearn","66","A tycoon","Emeralds",32,"Man",1,"41",43,"0",1
162,"tycoon","GlobalLearn","66","A tycoon","Emeralds",32,"Man",1,"42",0,"0",0
162,"tycoon","GlobalLearn","66","A tycoon","Emeralds",32,"Man",1,"43",58,"0",1
162,"tycoon","GlobalLearn","66","A tycoon","Emeralds",32,"Man",1,"44",55,"0",1
162,"tycoon","GlobalLearn","66","A tycoon","Emeralds",32,"Man",1,"45",58,"0",1
162,"tycoon","GlobalLearn","66","A tycoon","Emeralds",32,"Man",1,"46",52,"0",1
162,"tycoon","GlobalLearn","66","A tycoon","Emeralds",32,"Man",1,"47",0,"0",0
162,"tycoon","GlobalLearn","66","A tycoon","Emeralds",32,"Man",1,"48",0,"0",0
162,"tycoon","GlobalLearn","66","A tycoon","Emeralds",32,"Man",1,"49",56,"0",1
162,"tycoon","GlobalLearn","66","A tycoon","Emeralds",32,"Man",1,"50",55,"0",1
163,"bandit","GlobalLearn","61","A bandit","Emeralds",35,"Man",1,"1",100,"1",0
163,"bandit","GlobalLearn","61","A bandit","Emeralds",35,"Man",1,"2",100,"1",0
163,"bandit","GlobalLearn","61","A bandit","Emeralds",35,"Man",1,"3",0,"1",1
163,"bandit","GlobalLearn","61","A bandit","Emeralds",35,"Man",1,"4",100,"1",0
163,"bandit","GlobalLearn","61","A bandit","Emeralds",35,"Man",1,"5",0,"1",1
163,"bandit","GlobalLearn","61","A bandit","Emeralds",35,"Man",1,"6",0,"1",1
163,"bandit","GlobalLearn","61","A bandit","Emeralds",35,"Man",1,"7",0,"1",1
163,"bandit","GlobalLearn","61","A bandit","Emeralds",35,"Man",1,"8",100,"1",0
163,"bandit","GlobalLearn","61","A bandit","Emeralds",35,"Man",1,"9",100,"1",0
163,"bandit","GlobalLearn","61","A bandit","Emeralds",35,"Man",1,"10",100,"1",0
163,"bandit","GlobalLearn","61","A bandit","Emeralds",35,"Man",1,"11",100,"0",0
163,"bandit","GlobalLearn","61","A bandit","Emeralds",35,"Man",1,"12",0,"0",1
163,"bandit","GlobalLearn","61","A bandit","Emeralds",35,"Man",1,"13",0,"0",1
163,"bandit","GlobalLearn","61","A bandit","Emeralds",35,"Man",1,"14",100,"0",0
163,"bandit","GlobalLearn","61","A bandit","Emeralds",35,"Man",1,"15",100,"0",0
163,"bandit","GlobalLearn","61","A bandit","Emeralds",35,"Man",1,"16",0,"0",1
163,"bandit","GlobalLearn","61","A bandit","Emeralds",35,"Man",1,"17",0,"0",1
163,"bandit","GlobalLearn","61","A bandit","Emeralds",35,"Man",1,"18",0,"0",1
163,"bandit","GlobalLearn","61","A bandit","Emeralds",35,"Man",1,"19",100,"0",0
163,"bandit","GlobalLearn","61","A bandit","Emeralds",35,"Man",1,"20",0,"0",1
163,"bandit","GlobalLearn","61","A bandit","Emeralds",35,"Man",1,"21",0,"0",1
163,"bandit","GlobalLearn","61","A bandit","Emeralds",35,"Man",1,"22",100,"0",0
163,"bandit","GlobalLearn","61","A bandit","Emeralds",35,"Man",1,"23",100,"0",0
163,"bandit","GlobalLearn","61","A bandit","Emeralds",35,"Man",1,"24",100,"0",0
163,"bandit","GlobalLearn","61","A bandit","Emeralds",35,"Man",1,"25",100,"0",0
163,"bandit","GlobalLearn","61","A bandit","Emeralds",35,"Man",1,"26",100,"0",0
163,"bandit","GlobalLearn","61","A bandit","Emeralds",35,"Man",1,"27",0,"1",1
163,"bandit","GlobalLearn","61","A bandit","Emeralds",35,"Man",1,"28",0,"1",1
163,"bandit","GlobalLearn","61","A bandit","Emeralds",35,"Man",1,"29",0,"1",1
163,"bandit","GlobalLearn","61","A bandit","Emeralds",35,"Man",1,"30",0,"1",0
163,"bandit","GlobalLearn","61","A bandit","Emeralds",35,"Man",1,"31",100,"1",0
163,"bandit","GlobalLearn","61","A bandit","Emeralds",35,"Man",1,"32",100,"1",0
163,"bandit","GlobalLearn","61","A bandit","Emeralds",35,"Man",1,"33",100,"1",0
163,"bandit","GlobalLearn","61","A bandit","Emeralds",35,"Man",1,"34",0,"0",1
163,"bandit","GlobalLearn","61","A bandit","Emeralds",35,"Man",1,"35",0,"0",1
163,"bandit","GlobalLearn","61","A bandit","Emeralds",35,"Man",1,"36",0,"0",1
163,"bandit","GlobalLearn","61","A bandit","Emeralds",35,"Man",1,"37",100,"0",0
163,"bandit","GlobalLearn","61","A bandit","Emeralds",35,"Man",1,"38",0,"0",1
163,"bandit","GlobalLearn","61","A bandit","Emeralds",35,"Man",1,"39",0,"0",1
163,"bandit","GlobalLearn","61","A bandit","Emeralds",35,"Man",1,"40",100,"0",0
163,"bandit","GlobalLearn","61","A bandit","Emeralds",35,"Man",1,"41",0,"0",1
163,"bandit","GlobalLearn","61","A bandit","Emeralds",35,"Man",1,"42",100,"0",0
163,"bandit","GlobalLearn","61","A bandit","Emeralds",35,"Man",1,"43",100,"0",0
163,"bandit","GlobalLearn","61","A bandit","Emeralds",35,"Man",1,"44",0,"0",1
163,"bandit","GlobalLearn","61","A bandit","Emeralds",35,"Man",1,"45",100,"0",0
163,"bandit","GlobalLearn","61","A bandit","Emeralds",35,"Man",1,"46",100,"0",0
163,"bandit","GlobalLearn","61","A bandit","Emeralds",35,"Man",1,"47",0,"0",1
163,"bandit","GlobalLearn","61","A bandit","Emeralds",35,"Man",1,"48",100,"0",0
163,"bandit","GlobalLearn","61","A bandit","Emeralds",35,"Man",1,"49",100,"0",0
163,"bandit","GlobalLearn","61","A bandit","Emeralds",35,"Man",1,"50",0,"0",1
164,"tycoon","GlobalLearn","14","A tycoon","Emeralds",42,"Man",1,"1",100,"0",0
164,"tycoon","GlobalLearn","14","A tycoon","Emeralds",42,"Man",1,"2",100,"0",0
164,"tycoon","GlobalLearn","14","A tycoon","Emeralds",42,"Man",1,"3",99,"1",1
164,"tycoon","GlobalLearn","14","A tycoon","Emeralds",42,"Man",1,"4",100,"1",1
164,"tycoon","GlobalLearn","14","A tycoon","Emeralds",42,"Man",1,"5",100,"1",1
164,"tycoon","GlobalLearn","14","A tycoon","Emeralds",42,"Man",1,"6",100,"1",1
164,"tycoon","GlobalLearn","14","A tycoon","Emeralds",42,"Man",1,"7",69,"1",1
164,"tycoon","GlobalLearn","14","A tycoon","Emeralds",42,"Man",1,"8",48,"1",1
164,"tycoon","GlobalLearn","14","A tycoon","Emeralds",42,"Man",1,"9",24,"1",1
164,"tycoon","GlobalLearn","14","A tycoon","Emeralds",42,"Man",1,"10",16,"1",1
164,"tycoon","GlobalLearn","14","A tycoon","Emeralds",42,"Man",1,"11",0,"1",1
164,"tycoon","GlobalLearn","14","A tycoon","Emeralds",42,"Man",1,"12",0,"1",1
164,"tycoon","GlobalLearn","14","A tycoon","Emeralds",42,"Man",1,"13",0,"1",0
164,"tycoon","GlobalLearn","14","A tycoon","Emeralds",42,"Man",1,"14",0,"1",1
164,"tycoon","GlobalLearn","14","A tycoon","Emeralds",42,"Man",1,"15",0,"1",0
164,"tycoon","GlobalLearn","14","A tycoon","Emeralds",42,"Man",1,"16",10,"1",1
164,"tycoon","GlobalLearn","14","A tycoon","Emeralds",42,"Man",1,"17",13,"1",1
164,"tycoon","GlobalLearn","14","A tycoon","Emeralds",42,"Man",1,"18",0,"1",0
164,"tycoon","GlobalLearn","14","A tycoon","Emeralds",42,"Man",1,"19",9,"1",1
164,"tycoon","GlobalLearn","14","A tycoon","Emeralds",42,"Man",1,"20",12,"1",1
164,"tycoon","GlobalLearn","14","A tycoon","Emeralds",42,"Man",1,"21",23,"1",1
164,"tycoon","GlobalLearn","14","A tycoon","Emeralds",42,"Man",1,"22",29,"1",1
164,"tycoon","GlobalLearn","14","A tycoon","Emeralds",42,"Man",1,"23",4,"1",1
164,"tycoon","GlobalLearn","14","A tycoon","Emeralds",42,"Man",1,"24",5,"1",1
164,"tycoon","GlobalLearn","14","A tycoon","Emeralds",42,"Man",1,"25",0,"1",1
164,"tycoon","GlobalLearn","14","A tycoon","Emeralds",42,"Man",1,"26",0,"1",1
164,"tycoon","GlobalLearn","14","A tycoon","Emeralds",42,"Man",1,"27",0,"1",1
164,"tycoon","GlobalLearn","14","A tycoon","Emeralds",42,"Man",1,"28",0,"1",1
164,"tycoon","GlobalLearn","14","A tycoon","Emeralds",42,"Man",1,"29",0,"1",0
164,"tycoon","GlobalLearn","14","A tycoon","Emeralds",42,"Man",1,"30",8,"1",1
164,"tycoon","GlobalLearn","14","A tycoon","Emeralds",42,"Man",1,"31",6,"1",1
164,"tycoon","GlobalLearn","14","A tycoon","Emeralds",42,"Man",1,"32",0,"1",1
164,"tycoon","GlobalLearn","14","A tycoon","Emeralds",42,"Man",1,"33",0,"1",1
164,"tycoon","GlobalLearn","14","A tycoon","Emeralds",42,"Man",1,"34",0,"1",1
164,"tycoon","GlobalLearn","14","A tycoon","Emeralds",42,"Man",1,"35",0,"1",1
164,"tycoon","GlobalLearn","14","A tycoon","Emeralds",42,"Man",1,"36",0,"1",1
164,"tycoon","GlobalLearn","14","A tycoon","Emeralds",42,"Man",1,"37",0,"1",1
164,"tycoon","GlobalLearn","14","A tycoon","Emeralds",42,"Man",1,"38",0,"1",1
164,"tycoon","GlobalLearn","14","A tycoon","Emeralds",42,"Man",1,"39",0,"1",1
164,"tycoon","GlobalLearn","14","A tycoon","Emeralds",42,"Man",1,"40",0,"1",1
164,"tycoon","GlobalLearn","14","A tycoon","Emeralds",42,"Man",1,"41",0,"1",0
164,"tycoon","GlobalLearn","14","A tycoon","Emeralds",42,"Man",1,"42",12,"1",1
164,"tycoon","GlobalLearn","14","A tycoon","Emeralds",42,"Man",1,"43",12,"1",1
164,"tycoon","GlobalLearn","14","A tycoon","Emeralds",42,"Man",1,"44",8,"1",1
164,"tycoon","GlobalLearn","14","A tycoon","Emeralds",42,"Man",1,"45",0,"1",1
164,"tycoon","GlobalLearn","14","A tycoon","Emeralds",42,"Man",1,"46",0,"1",1
164,"tycoon","GlobalLearn","14","A tycoon","Emeralds",42,"Man",1,"47",0,"1",1
164,"tycoon","GlobalLearn","14","A tycoon","Emeralds",42,"Man",1,"48",0,"1",1
164,"tycoon","GlobalLearn","14","A tycoon","Emeralds",42,"Man",1,"49",0,"1",1
164,"tycoon","GlobalLearn","14","A tycoon","Emeralds",42,"Man",1,"50",0,"1",1
165,"bandit","GlobalLearn","27","A bandit","Emeralds",32,"Non-binary",1,"1",14,"1",0
165,"bandit","GlobalLearn","27","A bandit","Emeralds",32,"Non-binary",1,"2",38,"1",0
165,"bandit","GlobalLearn","27","A bandit","Emeralds",32,"Non-binary",1,"3",0,"0",1
165,"bandit","GlobalLearn","27","A bandit","Emeralds",32,"Non-binary",1,"4",100,"0",0
165,"bandit","GlobalLearn","27","A bandit","Emeralds",32,"Non-binary",1,"5",83,"0",0
165,"bandit","GlobalLearn","27","A bandit","Emeralds",32,"Non-binary",1,"6",90,"0",0
165,"bandit","GlobalLearn","27","A bandit","Emeralds",32,"Non-binary",1,"7",74,"1",0
165,"bandit","GlobalLearn","27","A bandit","Emeralds",32,"Non-binary",1,"8",71,"0",0
165,"bandit","GlobalLearn","27","A bandit","Emeralds",32,"Non-binary",1,"9",78,"1",0
165,"bandit","GlobalLearn","27","A bandit","Emeralds",32,"Non-binary",1,"10",76,"1",0
165,"bandit","GlobalLearn","27","A bandit","Emeralds",32,"Non-binary",1,"11",69,"0",0
165,"bandit","GlobalLearn","27","A bandit","Emeralds",32,"Non-binary",1,"12",0,"0",1
165,"bandit","GlobalLearn","27","A bandit","Emeralds",32,"Non-binary",1,"13",0,"0",1
165,"bandit","GlobalLearn","27","A bandit","Emeralds",32,"Non-binary",1,"14",74,"0",0
165,"bandit","GlobalLearn","27","A bandit","Emeralds",32,"Non-binary",1,"15",79,"0",0
165,"bandit","GlobalLearn","27","A bandit","Emeralds",32,"Non-binary",1,"16",0,"0",1
165,"bandit","GlobalLearn","27","A bandit","Emeralds",32,"Non-binary",1,"17",0,"0",1
165,"bandit","GlobalLearn","27","A bandit","Emeralds",32,"Non-binary",1,"18",58,"0",0
165,"bandit","GlobalLearn","27","A bandit","Emeralds",32,"Non-binary",1,"19",59,"0",0
165,"bandit","GlobalLearn","27","A bandit","Emeralds",32,"Non-binary",1,"20",60,"0",0
165,"bandit","GlobalLearn","27","A bandit","Emeralds",32,"Non-binary",1,"21",1,"0",1
165,"bandit","GlobalLearn","27","A bandit","Emeralds",32,"Non-binary",1,"22",10,"0",0
165,"bandit","GlobalLearn","27","A bandit","Emeralds",32,"Non-binary",1,"23",67,"0",0
165,"bandit","GlobalLearn","27","A bandit","Emeralds",32,"Non-binary",1,"24",13,"0",1
165,"bandit","GlobalLearn","27","A bandit","Emeralds",32,"Non-binary",1,"25",11,"0",1
165,"bandit","GlobalLearn","27","A bandit","Emeralds",32,"Non-binary",1,"26",28,"0",1
165,"bandit","GlobalLearn","27","A bandit","Emeralds",32,"Non-binary",1,"27",61,"0",0
165,"bandit","GlobalLearn","27","A bandit","Emeralds",32,"Non-binary",1,"28",61,"0",0
165,"bandit","GlobalLearn","27","A bandit","Emeralds",32,"Non-binary",1,"29",61,"0",0
165,"bandit","GlobalLearn","27","A bandit","Emeralds",32,"Non-binary",1,"30",63,"0",0
165,"bandit","GlobalLearn","27","A bandit","Emeralds",32,"Non-binary",1,"31",68,"0",0
165,"bandit","GlobalLearn","27","A bandit","Emeralds",32,"Non-binary",1,"32",10,"0",1
165,"bandit","GlobalLearn","27","A bandit","Emeralds",32,"Non-binary",1,"33",17,"0",1
165,"bandit","GlobalLearn","27","A bandit","Emeralds",32,"Non-binary",1,"34",21,"0",1
165,"bandit","GlobalLearn","27","A bandit","Emeralds",32,"Non-binary",1,"35",19,"0",0
165,"bandit","GlobalLearn","27","A bandit","Emeralds",32,"Non-binary",1,"36",16,"0",1
165,"bandit","GlobalLearn","27","A bandit","Emeralds",32,"Non-binary",1,"37",69,"0",0
165,"bandit","GlobalLearn","27","A bandit","Emeralds",32,"Non-binary",1,"38",17,"0",1
165,"bandit","GlobalLearn","27","A bandit","Emeralds",32,"Non-binary",1,"39",16,"0",0
165,"bandit","GlobalLearn","27","A bandit","Emeralds",32,"Non-binary",1,"40",20,"0",1
165,"bandit","GlobalLearn","27","A bandit","Emeralds",32,"Non-binary",1,"41",63,"0",0
165,"bandit","GlobalLearn","27","A bandit","Emeralds",32,"Non-binary",1,"42",22,"0",1
165,"bandit","GlobalLearn","27","A bandit","Emeralds",32,"Non-binary",1,"43",8,"0",1
165,"bandit","GlobalLearn","27","A bandit","Emeralds",32,"Non-binary",1,"44",2,"0",1
165,"bandit","GlobalLearn","27","A bandit","Emeralds",32,"Non-binary",1,"45",29,"0",1
165,"bandit","GlobalLearn","27","A bandit","Emeralds",32,"Non-binary",1,"46",67,"0",0
165,"bandit","GlobalLearn","27","A bandit","Emeralds",32,"Non-binary",1,"47",77,"0",0
165,"bandit","GlobalLearn","27","A bandit","Emeralds",32,"Non-binary",1,"48",20,"0",1
165,"bandit","GlobalLearn","27","A bandit","Emeralds",32,"Non-binary",1,"49",21,"0",1
165,"bandit","GlobalLearn","27","A bandit","Emeralds",32,"Non-binary",1,"50",76,"0",0
166,"sheriff","GlobalLearn","17","A sheriff","Emeralds",23,"Woman",1,"1",100,"1",0
166,"sheriff","GlobalLearn","17","A sheriff","Emeralds",23,"Woman",1,"2",82,"0",1
166,"sheriff","GlobalLearn","17","A sheriff","Emeralds",23,"Woman",1,"3",73,"0",1
166,"sheriff","GlobalLearn","17","A sheriff","Emeralds",23,"Woman",1,"4",87,"0",1
166,"sheriff","GlobalLearn","17","A sheriff","Emeralds",23,"Woman",1,"5",90,"0",1
166,"sheriff","GlobalLearn","17","A sheriff","Emeralds",23,"Woman",1,"6",100,"0",0
166,"sheriff","GlobalLearn","17","A sheriff","Emeralds",23,"Woman",1,"7",100,"0",0
166,"sheriff","GlobalLearn","17","A sheriff","Emeralds",23,"Woman",1,"8",100,"0",1
166,"sheriff","GlobalLearn","17","A sheriff","Emeralds",23,"Woman",1,"9",100,"0",1
166,"sheriff","GlobalLearn","17","A sheriff","Emeralds",23,"Woman",1,"10",89,"0",0
166,"sheriff","GlobalLearn","17","A sheriff","Emeralds",23,"Woman",1,"11",99,"0",1
166,"sheriff","GlobalLearn","17","A sheriff","Emeralds",23,"Woman",1,"12",100,"0",1
166,"sheriff","GlobalLearn","17","A sheriff","Emeralds",23,"Woman",1,"13",100,"0",0
166,"sheriff","GlobalLearn","17","A sheriff","Emeralds",23,"Woman",1,"14",100,"0",1
166,"sheriff","GlobalLearn","17","A sheriff","Emeralds",23,"Woman",1,"15",98,"0",1
166,"sheriff","GlobalLearn","17","A sheriff","Emeralds",23,"Woman",1,"16",91,"0",0
166,"sheriff","GlobalLearn","17","A sheriff","Emeralds",23,"Woman",1,"17",81,"0",1
166,"sheriff","GlobalLearn","17","A sheriff","Emeralds",23,"Woman",1,"18",95,"0",0
166,"sheriff","GlobalLearn","17","A sheriff","Emeralds",23,"Woman",1,"19",95,"0",1
166,"sheriff","GlobalLearn","17","A sheriff","Emeralds",23,"Woman",1,"20",100,"0",0
166,"sheriff","GlobalLearn","17","A sheriff","Emeralds",23,"Woman",1,"21",91,"0",0
166,"sheriff","GlobalLearn","17","A sheriff","Emeralds",23,"Woman",1,"22",90,"0",0
166,"sheriff","GlobalLearn","17","A sheriff","Emeralds",23,"Woman",1,"23",83,"0",0
166,"sheriff","GlobalLearn","17","A sheriff","Emeralds",23,"Woman",1,"24",99,"0",1
166,"sheriff","GlobalLearn","17","A sheriff","Emeralds",23,"Woman",1,"25",100,"0",1
166,"sheriff","GlobalLearn","17","A sheriff","Emeralds",23,"Woman",1,"26",100,"0",1
166,"sheriff","GlobalLearn","17","A sheriff","Emeralds",23,"Woman",1,"27",100,"0",1
166,"sheriff","GlobalLearn","17","A sheriff","Emeralds",23,"Woman",1,"28",100,"0",0
166,"sheriff","GlobalLearn","17","A sheriff","Emeralds",23,"Woman",1,"29",100,"0",0
166,"sheriff","GlobalLearn","17","A sheriff","Emeralds",23,"Woman",1,"30",100,"0",1
166,"sheriff","GlobalLearn","17","A sheriff","Emeralds",23,"Woman",1,"31",100,"0",1
166,"sheriff","GlobalLearn","17","A sheriff","Emeralds",23,"Woman",1,"32",100,"0",1
166,"sheriff","GlobalLearn","17","A sheriff","Emeralds",23,"Woman",1,"33",99,"0",1
166,"sheriff","GlobalLearn","17","A sheriff","Emeralds",23,"Woman",1,"34",100,"0",1
166,"sheriff","GlobalLearn","17","A sheriff","Emeralds",23,"Woman",1,"35",100,"0",1
166,"sheriff","GlobalLearn","17","A sheriff","Emeralds",23,"Woman",1,"36",100,"0",0
166,"sheriff","GlobalLearn","17","A sheriff","Emeralds",23,"Woman",1,"37",100,"0",1
166,"sheriff","GlobalLearn","17","A sheriff","Emeralds",23,"Woman",1,"38",100,"0",0
166,"sheriff","GlobalLearn","17","A sheriff","Emeralds",23,"Woman",1,"39",94,"0",0
166,"sheriff","GlobalLearn","17","A sheriff","Emeralds",23,"Woman",1,"40",99,"0",0
166,"sheriff","GlobalLearn","17","A sheriff","Emeralds",23,"Woman",1,"41",89,"0",1
166,"sheriff","GlobalLearn","17","A sheriff","Emeralds",23,"Woman",1,"42",100,"0",1
166,"sheriff","GlobalLearn","17","A sheriff","Emeralds",23,"Woman",1,"43",91,"0",1
166,"sheriff","GlobalLearn","17","A sheriff","Emeralds",23,"Woman",1,"44",100,"0",1
166,"sheriff","GlobalLearn","17","A sheriff","Emeralds",23,"Woman",1,"45",84,"0",1
166,"sheriff","GlobalLearn","17","A sheriff","Emeralds",23,"Woman",1,"46",79,"0",1
166,"sheriff","GlobalLearn","17","A sheriff","Emeralds",23,"Woman",1,"47",76,"0",1
166,"sheriff","GlobalLearn","17","A sheriff","Emeralds",23,"Woman",1,"48",100,"0",0
166,"sheriff","GlobalLearn","17","A sheriff","Emeralds",23,"Woman",1,"49",87,"0",0
166,"sheriff","GlobalLearn","17","A sheriff","Emeralds",23,"Woman",1,"50",91,"0",0
167,"tycoon","GlobalLearn","48","A tycoon","Emeralds",32,"Man",1,"1",35,"0",1
167,"tycoon","GlobalLearn","48","A tycoon","Emeralds",32,"Man",1,"2",39,"0",1
167,"tycoon","GlobalLearn","48","A tycoon","Emeralds",32,"Man",1,"3",55,"0",1
167,"tycoon","GlobalLearn","48","A tycoon","Emeralds",32,"Man",1,"4",58,"0",1
167,"tycoon","GlobalLearn","48","A tycoon","Emeralds",32,"Man",1,"5",66,"0",1
167,"tycoon","GlobalLearn","48","A tycoon","Emeralds",32,"Man",1,"6",64,"0",1
167,"tycoon","GlobalLearn","48","A tycoon","Emeralds",32,"Man",1,"7",0,"0",0
167,"tycoon","GlobalLearn","48","A tycoon","Emeralds",32,"Man",1,"8",4,"0",0
167,"tycoon","GlobalLearn","48","A tycoon","Emeralds",32,"Man",1,"9",81,"0",1
167,"tycoon","GlobalLearn","48","A tycoon","Emeralds",32,"Man",1,"10",83,"0",1
167,"tycoon","GlobalLearn","48","A tycoon","Emeralds",32,"Man",1,"11",82,"0",1
167,"tycoon","GlobalLearn","48","A tycoon","Emeralds",32,"Man",1,"12",83,"0",1
167,"tycoon","GlobalLearn","48","A tycoon","Emeralds",32,"Man",1,"13",0,"0",0
167,"tycoon","GlobalLearn","48","A tycoon","Emeralds",32,"Man",1,"14",91,"0",1
167,"tycoon","GlobalLearn","48","A tycoon","Emeralds",32,"Man",1,"15",86,"0",1
167,"tycoon","GlobalLearn","48","A tycoon","Emeralds",32,"Man",1,"16",0,"0",0
167,"tycoon","GlobalLearn","48","A tycoon","Emeralds",32,"Man",1,"17",93,"0",1
167,"tycoon","GlobalLearn","48","A tycoon","Emeralds",32,"Man",1,"18",2,"0",0
167,"tycoon","GlobalLearn","48","A tycoon","Emeralds",32,"Man",1,"19",86,"0",1
167,"tycoon","GlobalLearn","48","A tycoon","Emeralds",32,"Man",1,"20",15,"1",0
167,"tycoon","GlobalLearn","48","A tycoon","Emeralds",32,"Man",1,"21",14,"1",0
167,"tycoon","GlobalLearn","48","A tycoon","Emeralds",32,"Man",1,"22",91,"0",1
167,"tycoon","GlobalLearn","48","A tycoon","Emeralds",32,"Man",1,"23",89,"0",1
167,"tycoon","GlobalLearn","48","A tycoon","Emeralds",32,"Man",1,"24",93,"0",1
167,"tycoon","GlobalLearn","48","A tycoon","Emeralds",32,"Man",1,"25",90,"0",1
167,"tycoon","GlobalLearn","48","A tycoon","Emeralds",32,"Man",1,"26",3,"0",0
167,"tycoon","GlobalLearn","48","A tycoon","Emeralds",32,"Man",1,"27",94,"0",1
167,"tycoon","GlobalLearn","48","A tycoon","Emeralds",32,"Man",1,"28",92,"0",1
167,"tycoon","GlobalLearn","48","A tycoon","Emeralds",32,"Man",1,"29",93,"0",1
167,"tycoon","GlobalLearn","48","A tycoon","Emeralds",32,"Man",1,"30",91,"0",1
167,"tycoon","GlobalLearn","48","A tycoon","Emeralds",32,"Man",1,"31",2,"0",0
167,"tycoon","GlobalLearn","48","A tycoon","Emeralds",32,"Man",1,"32",94,"0",1
167,"tycoon","GlobalLearn","48","A tycoon","Emeralds",32,"Man",1,"33",3,"0",0
167,"tycoon","GlobalLearn","48","A tycoon","Emeralds",32,"Man",1,"34",96,"0",1
167,"tycoon","GlobalLearn","48","A tycoon","Emeralds",32,"Man",1,"35",93,"0",1
167,"tycoon","GlobalLearn","48","A tycoon","Emeralds",32,"Man",1,"36",96,"0",1
167,"tycoon","GlobalLearn","48","A tycoon","Emeralds",32,"Man",1,"37",93,"0",1
167,"tycoon","GlobalLearn","48","A tycoon","Emeralds",32,"Man",1,"38",4,"0",0
167,"tycoon","GlobalLearn","48","A tycoon","Emeralds",32,"Man",1,"39",95,"0",1
167,"tycoon","GlobalLearn","48","A tycoon","Emeralds",32,"Man",1,"40",95,"0",1
167,"tycoon","GlobalLearn","48","A tycoon","Emeralds",32,"Man",1,"41",94,"0",1
167,"tycoon","GlobalLearn","48","A tycoon","Emeralds",32,"Man",1,"42",94,"0",1
167,"tycoon","GlobalLearn","48","A tycoon","Emeralds",32,"Man",1,"43",93,"0",1
167,"tycoon","GlobalLearn","48","A tycoon","Emeralds",32,"Man",1,"44",4,"0",0
167,"tycoon","GlobalLearn","48","A tycoon","Emeralds",32,"Man",1,"45",3,"0",0
167,"tycoon","GlobalLearn","48","A tycoon","Emeralds",32,"Man",1,"46",95,"0",1
167,"tycoon","GlobalLearn","48","A tycoon","Emeralds",32,"Man",1,"47",95,"0",1
167,"tycoon","GlobalLearn","48","A tycoon","Emeralds",32,"Man",1,"48",93,"0",1
167,"tycoon","GlobalLearn","48","A tycoon","Emeralds",32,"Man",1,"49",94,"0",1
167,"tycoon","GlobalLearn","48","A tycoon","Emeralds",32,"Man",1,"50",94,"0",1
168,"sheriff","GlobalLearn","60","A sheriff","Emeralds",52,"Man",1,"1",50,"0",1
168,"sheriff","GlobalLearn","60","A sheriff","Emeralds",52,"Man",1,"2",49,"1",1
168,"sheriff","GlobalLearn","60","A sheriff","Emeralds",52,"Man",1,"3",62,"1",1
168,"sheriff","GlobalLearn","60","A sheriff","Emeralds",52,"Man",1,"4",49,"1",0
168,"sheriff","GlobalLearn","60","A sheriff","Emeralds",52,"Man",1,"5",52,"1",0
168,"sheriff","GlobalLearn","60","A sheriff","Emeralds",52,"Man",1,"6",23,"0",0
168,"sheriff","GlobalLearn","60","A sheriff","Emeralds",52,"Man",1,"7",50,"1",1
168,"sheriff","GlobalLearn","60","A sheriff","Emeralds",52,"Man",1,"8",57,"1",1
168,"sheriff","GlobalLearn","60","A sheriff","Emeralds",52,"Man",1,"9",0,"1",0
168,"sheriff","GlobalLearn","60","A sheriff","Emeralds",52,"Man",1,"10",91,"1",0
168,"sheriff","GlobalLearn","60","A sheriff","Emeralds",52,"Man",1,"11",100,"0",0
168,"sheriff","GlobalLearn","60","A sheriff","Emeralds",52,"Man",1,"12",100,"1",0
168,"sheriff","GlobalLearn","60","A sheriff","Emeralds",52,"Man",1,"13",100,"1",0
168,"sheriff","GlobalLearn","60","A sheriff","Emeralds",52,"Man",1,"14",100,"1",1
168,"sheriff","GlobalLearn","60","A sheriff","Emeralds",52,"Man",1,"15",88,"1",1
168,"sheriff","GlobalLearn","60","A sheriff","Emeralds",52,"Man",1,"16",100,"1",0
168,"sheriff","GlobalLearn","60","A sheriff","Emeralds",52,"Man",1,"17",92,"0",0
168,"sheriff","GlobalLearn","60","A sheriff","Emeralds",52,"Man",1,"18",16,"1",1
168,"sheriff","GlobalLearn","60","A sheriff","Emeralds",52,"Man",1,"19",93,"1",1
168,"sheriff","GlobalLearn","60","A sheriff","Emeralds",52,"Man",1,"20",90,"1",0
168,"sheriff","GlobalLearn","60","A sheriff","Emeralds",52,"Man",1,"21",91,"1",1
168,"sheriff","GlobalLearn","60","A sheriff","Emeralds",52,"Man",1,"22",90,"1",1
168,"sheriff","GlobalLearn","60","A sheriff","Emeralds",52,"Man",1,"23",100,"0",0
168,"sheriff","GlobalLearn","60","A sheriff","Emeralds",52,"Man",1,"24",100,"1",1
168,"sheriff","GlobalLearn","60","A sheriff","Emeralds",52,"Man",1,"25",92,"1",1
168,"sheriff","GlobalLearn","60","A sheriff","Emeralds",52,"Man",1,"26",90,"1",1
168,"sheriff","GlobalLearn","60","A sheriff","Emeralds",52,"Man",1,"27",100,"1",0
168,"sheriff","GlobalLearn","60","A sheriff","Emeralds",52,"Man",1,"28",100,"1",1
168,"sheriff","GlobalLearn","60","A sheriff","Emeralds",52,"Man",1,"29",100,"1",0
168,"sheriff","GlobalLearn","60","A sheriff","Emeralds",52,"Man",1,"30",100,"1",1
168,"sheriff","GlobalLearn","60","A sheriff","Emeralds",52,"Man",1,"31",99,"1",0
168,"sheriff","GlobalLearn","60","A sheriff","Emeralds",52,"Man",1,"32",100,"1",1
168,"sheriff","GlobalLearn","60","A sheriff","Emeralds",52,"Man",1,"33",91,"1",0
168,"sheriff","GlobalLearn","60","A sheriff","Emeralds",52,"Man",1,"34",85,"0",0
168,"sheriff","GlobalLearn","60","A sheriff","Emeralds",52,"Man",1,"35",96,"1",1
168,"sheriff","GlobalLearn","60","A sheriff","Emeralds",52,"Man",1,"36",20,"1",1
168,"sheriff","GlobalLearn","60","A sheriff","Emeralds",52,"Man",1,"37",83,"1",1
168,"sheriff","GlobalLearn","60","A sheriff","Emeralds",52,"Man",1,"38",91,"1",1
168,"sheriff","GlobalLearn","60","A sheriff","Emeralds",52,"Man",1,"39",100,"1",1
168,"sheriff","GlobalLearn","60","A sheriff","Emeralds",52,"Man",1,"40",100,"1",1
168,"sheriff","GlobalLearn","60","A sheriff","Emeralds",52,"Man",1,"41",100,"1",0
168,"sheriff","GlobalLearn","60","A sheriff","Emeralds",52,"Man",1,"42",100,"0",0
168,"sheriff","GlobalLearn","60","A sheriff","Emeralds",52,"Man",1,"43",100,"1",1
168,"sheriff","GlobalLearn","60","A sheriff","Emeralds",52,"Man",1,"44",89,"1",0
168,"sheriff","GlobalLearn","60","A sheriff","Emeralds",52,"Man",1,"45",86,"1",0
168,"sheriff","GlobalLearn","60","A sheriff","Emeralds",52,"Man",1,"46",100,"0",1
168,"sheriff","GlobalLearn","60","A sheriff","Emeralds",52,"Man",1,"47",100,"0",1
168,"sheriff","GlobalLearn","60","A sheriff","Emeralds",52,"Man",1,"48",100,"0",0
168,"sheriff","GlobalLearn","60","A sheriff","Emeralds",52,"Man",1,"49",0,"1",1
168,"sheriff","GlobalLearn","60","A sheriff","Emeralds",52,"Man",1,"50",13,"1",1
169,"bandit","GlobalLearn","35","A bandit","Emeralds",37,"Woman",1,"1",100,"0",0
169,"bandit","GlobalLearn","35","A bandit","Emeralds",37,"Woman",1,"2",100,"1",0
169,"bandit","GlobalLearn","35","A bandit","Emeralds",37,"Woman",1,"3",100,"1",0
169,"bandit","GlobalLearn","35","A bandit","Emeralds",37,"Woman",1,"4",99,"0",0
169,"bandit","GlobalLearn","35","A bandit","Emeralds",37,"Woman",1,"5",90,"0",1
169,"bandit","GlobalLearn","35","A bandit","Emeralds",37,"Woman",1,"6",91,"0",1
169,"bandit","GlobalLearn","35","A bandit","Emeralds",37,"Woman",1,"7",87,"0",1
169,"bandit","GlobalLearn","35","A bandit","Emeralds",37,"Woman",1,"8",88,"0",1
169,"bandit","GlobalLearn","35","A bandit","Emeralds",37,"Woman",1,"9",83,"0",1
169,"bandit","GlobalLearn","35","A bandit","Emeralds",37,"Woman",1,"10",99,"0",0
169,"bandit","GlobalLearn","35","A bandit","Emeralds",37,"Woman",1,"11",100,"0",0
169,"bandit","GlobalLearn","35","A bandit","Emeralds",37,"Woman",1,"12",97,"0",1
169,"bandit","GlobalLearn","35","A bandit","Emeralds",37,"Woman",1,"13",98,"0",0
169,"bandit","GlobalLearn","35","A bandit","Emeralds",37,"Woman",1,"14",92,"0",1
169,"bandit","GlobalLearn","35","A bandit","Emeralds",37,"Woman",1,"15",100,"0",0
169,"bandit","GlobalLearn","35","A bandit","Emeralds",37,"Woman",1,"16",98,"0",1
169,"bandit","GlobalLearn","35","A bandit","Emeralds",37,"Woman",1,"17",100,"0",1
169,"bandit","GlobalLearn","35","A bandit","Emeralds",37,"Woman",1,"18",91,"0",0
169,"bandit","GlobalLearn","35","A bandit","Emeralds",37,"Woman",1,"19",95,"0",1
169,"bandit","GlobalLearn","35","A bandit","Emeralds",37,"Woman",1,"20",96,"0",0
169,"bandit","GlobalLearn","35","A bandit","Emeralds",37,"Woman",1,"21",92,"0",0
169,"bandit","GlobalLearn","35","A bandit","Emeralds",37,"Woman",1,"22",95,"0",0
169,"bandit","GlobalLearn","35","A bandit","Emeralds",37,"Woman",1,"23",95,"0",0
169,"bandit","GlobalLearn","35","A bandit","Emeralds",37,"Woman",1,"24",99,"0",0
169,"bandit","GlobalLearn","35","A bandit","Emeralds",37,"Woman",1,"25",74,"0",1
169,"bandit","GlobalLearn","35","A bandit","Emeralds",37,"Woman",1,"26",100,"0",0
169,"bandit","GlobalLearn","35","A bandit","Emeralds",37,"Woman",1,"27",80,"0",1
169,"bandit","GlobalLearn","35","A bandit","Emeralds",37,"Woman",1,"28",80,"0",1
169,"bandit","GlobalLearn","35","A bandit","Emeralds",37,"Woman",1,"29",70,"0",1
169,"bandit","GlobalLearn","35","A bandit","Emeralds",37,"Woman",1,"30",97,"0",0
169,"bandit","GlobalLearn","35","A bandit","Emeralds",37,"Woman",1,"31",96,"0",0
169,"bandit","GlobalLearn","35","A bandit","Emeralds",37,"Woman",1,"32",69,"0",1
169,"bandit","GlobalLearn","35","A bandit","Emeralds",37,"Woman",1,"33",62,"0",1
169,"bandit","GlobalLearn","35","A bandit","Emeralds",37,"Woman",1,"34",29,"0",1
169,"bandit","GlobalLearn","35","A bandit","Emeralds",37,"Woman",1,"35",94,"0",0
169,"bandit","GlobalLearn","35","A bandit","Emeralds",37,"Woman",1,"36",99,"0",0
169,"bandit","GlobalLearn","35","A bandit","Emeralds",37,"Woman",1,"37",10,"0",1
169,"bandit","GlobalLearn","35","A bandit","Emeralds",37,"Woman",1,"38",97,"0",0
169,"bandit","GlobalLearn","35","A bandit","Emeralds",37,"Woman",1,"39",31,"0",1
169,"bandit","GlobalLearn","35","A bandit","Emeralds",37,"Woman",1,"40",98,"0",0
169,"bandit","GlobalLearn","35","A bandit","Emeralds",37,"Woman",1,"41",9,"0",1
169,"bandit","GlobalLearn","35","A bandit","Emeralds",37,"Woman",1,"42",98,"0",0
169,"bandit","GlobalLearn","35","A bandit","Emeralds",37,"Woman",1,"43",13,"0",1
169,"bandit","GlobalLearn","35","A bandit","Emeralds",37,"Woman",1,"44",100,"0",0
169,"bandit","GlobalLearn","35","A bandit","Emeralds",37,"Woman",1,"45",99,"0",0
169,"bandit","GlobalLearn","35","A bandit","Emeralds",37,"Woman",1,"46",100,"0",0
169,"bandit","GlobalLearn","35","A bandit","Emeralds",37,"Woman",1,"47",98,"0",0
169,"bandit","GlobalLearn","35","A bandit","Emeralds",37,"Woman",1,"48",6,"1",1
169,"bandit","GlobalLearn","35","A bandit","Emeralds",37,"Woman",1,"49",100,"1",0
169,"bandit","GlobalLearn","35","A bandit","Emeralds",37,"Woman",1,"50",100,"1",0
170,"tycoon","GlobalLearn","55","A tycoon","Emeralds",26,"Man",1,"1",100,"0",1
170,"tycoon","GlobalLearn","55","A tycoon","Emeralds",26,"Man",1,"2",100,"1",1
170,"tycoon","GlobalLearn","55","A tycoon","Emeralds",26,"Man",1,"3",100,"1",1
170,"tycoon","GlobalLearn","55","A tycoon","Emeralds",26,"Man",1,"4",100,"1",1
170,"tycoon","GlobalLearn","55","A tycoon","Emeralds",26,"Man",1,"5",48,"1",1
170,"tycoon","GlobalLearn","55","A tycoon","Emeralds",26,"Man",1,"6",0,"1",0
170,"tycoon","GlobalLearn","55","A tycoon","Emeralds",26,"Man",1,"7",0,"0",0
170,"tycoon","GlobalLearn","55","A tycoon","Emeralds",26,"Man",1,"8",0,"1",0
170,"tycoon","GlobalLearn","55","A tycoon","Emeralds",26,"Man",1,"9",56,"1",1
170,"tycoon","GlobalLearn","55","A tycoon","Emeralds",26,"Man",1,"10",0,"1",0
170,"tycoon","GlobalLearn","55","A tycoon","Emeralds",26,"Man",1,"11",100,"0",1
170,"tycoon","GlobalLearn","55","A tycoon","Emeralds",26,"Man",1,"12",100,"0",1
170,"tycoon","GlobalLearn","55","A tycoon","Emeralds",26,"Man",1,"13",56,"1",1
170,"tycoon","GlobalLearn","55","A tycoon","Emeralds",26,"Man",1,"14",100,"0",1
170,"tycoon","GlobalLearn","55","A tycoon","Emeralds",26,"Man",1,"15",0,"1",0
170,"tycoon","GlobalLearn","55","A tycoon","Emeralds",26,"Man",1,"16",100,"0",1
170,"tycoon","GlobalLearn","55","A tycoon","Emeralds",26,"Man",1,"17",100,"0",1
170,"tycoon","GlobalLearn","55","A tycoon","Emeralds",26,"Man",1,"18",63,"0",1
170,"tycoon","GlobalLearn","55","A tycoon","Emeralds",26,"Man",1,"19",50,"0",1
170,"tycoon","GlobalLearn","55","A tycoon","Emeralds",26,"Man",1,"20",0,"0",0
170,"tycoon","GlobalLearn","55","A tycoon","Emeralds",26,"Man",1,"21",50,"1",1
170,"tycoon","GlobalLearn","55","A tycoon","Emeralds",26,"Man",1,"22",48,"1",1
170,"tycoon","GlobalLearn","55","A tycoon","Emeralds",26,"Man",1,"23",0,"1",0
170,"tycoon","GlobalLearn","55","A tycoon","Emeralds",26,"Man",1,"24",44,"0",1
170,"tycoon","GlobalLearn","55","A tycoon","Emeralds",26,"Man",1,"25",46,"0",1
170,"tycoon","GlobalLearn","55","A tycoon","Emeralds",26,"Man",1,"26",45,"0",1
170,"tycoon","GlobalLearn","55","A tycoon","Emeralds",26,"Man",1,"27",0,"0",0
170,"tycoon","GlobalLearn","55","A tycoon","Emeralds",26,"Man",1,"28",0,"1",0
170,"tycoon","GlobalLearn","55","A tycoon","Emeralds",26,"Man",1,"29",47,"0",1
170,"tycoon","GlobalLearn","55","A tycoon","Emeralds",26,"Man",1,"30",41,"0",1
170,"tycoon","GlobalLearn","55","A tycoon","Emeralds",26,"Man",1,"31",44,"0",1
170,"tycoon","GlobalLearn","55","A tycoon","Emeralds",26,"Man",1,"32",38,"0",1
170,"tycoon","GlobalLearn","55","A tycoon","Emeralds",26,"Man",1,"33",45,"1",1
170,"tycoon","GlobalLearn","55","A tycoon","Emeralds",26,"Man",1,"34",42,"0",1
170,"tycoon","GlobalLearn","55","A tycoon","Emeralds",26,"Man",1,"35",42,"1",1
170,"tycoon","GlobalLearn","55","A tycoon","Emeralds",26,"Man",1,"36",0,"1",0
170,"tycoon","GlobalLearn","55","A tycoon","Emeralds",26,"Man",1,"37",33,"0",1
170,"tycoon","GlobalLearn","55","A tycoon","Emeralds",26,"Man",1,"38",41,"0",1
170,"tycoon","GlobalLearn","55","A tycoon","Emeralds",26,"Man",1,"39",0,"1",0
170,"tycoon","GlobalLearn","55","A tycoon","Emeralds",26,"Man",1,"40",22,"0",1
170,"tycoon","GlobalLearn","55","A tycoon","Emeralds",26,"Man",1,"41",22,"0",1
170,"tycoon","GlobalLearn","55","A tycoon","Emeralds",26,"Man",1,"42",31,"0",1
170,"tycoon","GlobalLearn","55","A tycoon","Emeralds",26,"Man",1,"43",0,"1",0
170,"tycoon","GlobalLearn","55","A tycoon","Emeralds",26,"Man",1,"44",0,"0",0
170,"tycoon","GlobalLearn","55","A tycoon","Emeralds",26,"Man",1,"45",27,"0",1
170,"tycoon","GlobalLearn","55","A tycoon","Emeralds",26,"Man",1,"46",35,"0",1
170,"tycoon","GlobalLearn","55","A tycoon","Emeralds",26,"Man",1,"47",38,"0",1
170,"tycoon","GlobalLearn","55","A tycoon","Emeralds",26,"Man",1,"48",31,"0",1
170,"tycoon","GlobalLearn","55","A tycoon","Emeralds",26,"Man",1,"49",0,"0",0
170,"tycoon","GlobalLearn","55","A tycoon","Emeralds",26,"Man",1,"50",0,"0",0
171,"tycoon","GlobalLearn","37","A tycoon","Emeralds",37,"Woman",1,"1",65,"0",1
171,"tycoon","GlobalLearn","37","A tycoon","Emeralds",37,"Woman",1,"2",57,"0",1
171,"tycoon","GlobalLearn","37","A tycoon","Emeralds",37,"Woman",1,"3",53,"0",1
171,"tycoon","GlobalLearn","37","A tycoon","Emeralds",37,"Woman",1,"4",20,"0",0
171,"tycoon","GlobalLearn","37","A tycoon","Emeralds",37,"Woman",1,"5",29,"1",0
171,"tycoon","GlobalLearn","37","A tycoon","Emeralds",37,"Woman",1,"6",62,"0",1
171,"tycoon","GlobalLearn","37","A tycoon","Emeralds",37,"Woman",1,"7",60,"0",1
171,"tycoon","GlobalLearn","37","A tycoon","Emeralds",37,"Woman",1,"8",30,"0",0
171,"tycoon","GlobalLearn","37","A tycoon","Emeralds",37,"Woman",1,"9",30,"0",0
171,"tycoon","GlobalLearn","37","A tycoon","Emeralds",37,"Woman",1,"10",63,"0",1
171,"tycoon","GlobalLearn","37","A tycoon","Emeralds",37,"Woman",1,"11",29,"0",0
171,"tycoon","GlobalLearn","37","A tycoon","Emeralds",37,"Woman",1,"12",60,"0",1
171,"tycoon","GlobalLearn","37","A tycoon","Emeralds",37,"Woman",1,"13",27,"0",0
171,"tycoon","GlobalLearn","37","A tycoon","Emeralds",37,"Woman",1,"14",62,"1",1
171,"tycoon","GlobalLearn","37","A tycoon","Emeralds",37,"Woman",1,"15",62,"1",1
171,"tycoon","GlobalLearn","37","A tycoon","Emeralds",37,"Woman",1,"16",73,"1",1
171,"tycoon","GlobalLearn","37","A tycoon","Emeralds",37,"Woman",1,"17",77,"1",1
171,"tycoon","GlobalLearn","37","A tycoon","Emeralds",37,"Woman",1,"18",30,"1",0
171,"tycoon","GlobalLearn","37","A tycoon","Emeralds",37,"Woman",1,"19",66,"1",1
171,"tycoon","GlobalLearn","37","A tycoon","Emeralds",37,"Woman",1,"20",69,"1",1
171,"tycoon","GlobalLearn","37","A tycoon","Emeralds",37,"Woman",1,"21",73,"1",1
171,"tycoon","GlobalLearn","37","A tycoon","Emeralds",37,"Woman",1,"22",72,"1",1
171,"tycoon","GlobalLearn","37","A tycoon","Emeralds",37,"Woman",1,"23",68,"1",1
171,"tycoon","GlobalLearn","37","A tycoon","Emeralds",37,"Woman",1,"24",72,"1",1
171,"tycoon","GlobalLearn","37","A tycoon","Emeralds",37,"Woman",1,"25",71,"1",1
171,"tycoon","GlobalLearn","37","A tycoon","Emeralds",37,"Woman",1,"26",28,"1",0
171,"tycoon","GlobalLearn","37","A tycoon","Emeralds",37,"Woman",1,"27",59,"1",1
171,"tycoon","GlobalLearn","37","A tycoon","Emeralds",37,"Woman",1,"28",66,"1",1
171,"tycoon","GlobalLearn","37","A tycoon","Emeralds",37,"Woman",1,"29",76,"1",1
171,"tycoon","GlobalLearn","37","A tycoon","Emeralds",37,"Woman",1,"30",74,"1",0
171,"tycoon","GlobalLearn","37","A tycoon","Emeralds",37,"Woman",1,"31",67,"1",1
171,"tycoon","GlobalLearn","37","A tycoon","Emeralds",37,"Woman",1,"32",67,"1",1
171,"tycoon","GlobalLearn","37","A tycoon","Emeralds",37,"Woman",1,"33",68,"1",1
171,"tycoon","GlobalLearn","37","A tycoon","Emeralds",37,"Woman",1,"34",70,"1",1
171,"tycoon","GlobalLearn","37","A tycoon","Emeralds",37,"Woman",1,"35",70,"1",1
171,"tycoon","GlobalLearn","37","A tycoon","Emeralds",37,"Woman",1,"36",72,"1",1
171,"tycoon","GlobalLearn","37","A tycoon","Emeralds",37,"Woman",1,"37",25,"1",0
171,"tycoon","GlobalLearn","37","A tycoon","Emeralds",37,"Woman",1,"38",72,"1",1
171,"tycoon","GlobalLearn","37","A tycoon","Emeralds",37,"Woman",1,"39",72,"1",1
171,"tycoon","GlobalLearn","37","A tycoon","Emeralds",37,"Woman",1,"40",76,"1",1
171,"tycoon","GlobalLearn","37","A tycoon","Emeralds",37,"Woman",1,"41",21,"1",0
171,"tycoon","GlobalLearn","37","A tycoon","Emeralds",37,"Woman",1,"42",72,"1",1
171,"tycoon","GlobalLearn","37","A tycoon","Emeralds",37,"Woman",1,"43",27,"1",0
171,"tycoon","GlobalLearn","37","A tycoon","Emeralds",37,"Woman",1,"44",74,"1",1
171,"tycoon","GlobalLearn","37","A tycoon","Emeralds",37,"Woman",1,"45",24,"1",0
171,"tycoon","GlobalLearn","37","A tycoon","Emeralds",37,"Woman",1,"46",76,"1",1
171,"tycoon","GlobalLearn","37","A tycoon","Emeralds",37,"Woman",1,"47",24,"1",0
171,"tycoon","GlobalLearn","37","A tycoon","Emeralds",37,"Woman",1,"48",75,"1",1
171,"tycoon","GlobalLearn","37","A tycoon","Emeralds",37,"Woman",1,"49",74,"1",1
171,"tycoon","GlobalLearn","37","A tycoon","Emeralds",37,"Woman",1,"50",27,"1",0
172,"tycoon","GlobalLearn","61","A tycoon","Emeralds",51,"Woman",1,"1",50,"1",1
172,"tycoon","GlobalLearn","61","A tycoon","Emeralds",51,"Woman",1,"2",56,"1",0
172,"tycoon","GlobalLearn","61","A tycoon","Emeralds",51,"Woman",1,"3",74,"1",1
172,"tycoon","GlobalLearn","61","A tycoon","Emeralds",51,"Woman",1,"4",67,"1",1
172,"tycoon","GlobalLearn","61","A tycoon","Emeralds",51,"Woman",1,"5",87,"1",1
172,"tycoon","GlobalLearn","61","A tycoon","Emeralds",51,"Woman",1,"6",79,"1",1
172,"tycoon","GlobalLearn","61","A tycoon","Emeralds",51,"Woman",1,"7",63,"1",0
172,"tycoon","GlobalLearn","61","A tycoon","Emeralds",51,"Woman",1,"8",72,"1",0
172,"tycoon","GlobalLearn","61","A tycoon","Emeralds",51,"Woman",1,"9",66,"0",0
172,"tycoon","GlobalLearn","61","A tycoon","Emeralds",51,"Woman",1,"10",35,"0",0
172,"tycoon","GlobalLearn","61","A tycoon","Emeralds",51,"Woman",1,"11",71,"1",1
172,"tycoon","GlobalLearn","61","A tycoon","Emeralds",51,"Woman",1,"12",76,"1",1
172,"tycoon","GlobalLearn","61","A tycoon","Emeralds",51,"Woman",1,"13",73,"1",1
172,"tycoon","GlobalLearn","61","A tycoon","Emeralds",51,"Woman",1,"14",36,"1",1
172,"tycoon","GlobalLearn","61","A tycoon","Emeralds",51,"Woman",1,"15",39,"1",1
172,"tycoon","GlobalLearn","61","A tycoon","Emeralds",51,"Woman",1,"16",30,"1",1
172,"tycoon","GlobalLearn","61","A tycoon","Emeralds",51,"Woman",1,"17",27,"1",1
172,"tycoon","GlobalLearn","61","A tycoon","Emeralds",51,"Woman",1,"18",30,"1",1
172,"tycoon","GlobalLearn","61","A tycoon","Emeralds",51,"Woman",1,"19",23,"1",1
172,"tycoon","GlobalLearn","61","A tycoon","Emeralds",51,"Woman",1,"20",20,"1",1
172,"tycoon","GlobalLearn","61","A tycoon","Emeralds",51,"Woman",1,"21",23,"1",1
172,"tycoon","GlobalLearn","61","A tycoon","Emeralds",51,"Woman",1,"22",20,"1",1
172,"tycoon","GlobalLearn","61","A tycoon","Emeralds",51,"Woman",1,"23",24,"1",0
172,"tycoon","GlobalLearn","61","A tycoon","Emeralds",51,"Woman",1,"24",21,"1",1
172,"tycoon","GlobalLearn","61","A tycoon","Emeralds",51,"Woman",1,"25",24,"1",1
172,"tycoon","GlobalLearn","61","A tycoon","Emeralds",51,"Woman",1,"26",25,"1",1
172,"tycoon","GlobalLearn","61","A tycoon","Emeralds",51,"Woman",1,"27",17,"1",1
172,"tycoon","GlobalLearn","61","A tycoon","Emeralds",51,"Woman",1,"28",13,"1",1
172,"tycoon","GlobalLearn","61","A tycoon","Emeralds",51,"Woman",1,"29",21,"1",1
172,"tycoon","GlobalLearn","61","A tycoon","Emeralds",51,"Woman",1,"30",26,"1",1
172,"tycoon","GlobalLearn","61","A tycoon","Emeralds",51,"Woman",1,"31",27,"1",0
172,"tycoon","GlobalLearn","61","A tycoon","Emeralds",51,"Woman",1,"32",12,"1",1
172,"tycoon","GlobalLearn","61","A tycoon","Emeralds",51,"Woman",1,"33",14,"1",1
172,"tycoon","GlobalLearn","61","A tycoon","Emeralds",51,"Woman",1,"34",7,"1",1
172,"tycoon","GlobalLearn","61","A tycoon","Emeralds",51,"Woman",1,"35",0,"1",1
172,"tycoon","GlobalLearn","61","A tycoon","Emeralds",51,"Woman",1,"36",8,"1",0
172,"tycoon","GlobalLearn","61","A tycoon","Emeralds",51,"Woman",1,"37",0,"1",1
172,"tycoon","GlobalLearn","61","A tycoon","Emeralds",51,"Woman",1,"38",2,"1",1
172,"tycoon","GlobalLearn","61","A tycoon","Emeralds",51,"Woman",1,"39",0,"1",1
172,"tycoon","GlobalLearn","61","A tycoon","Emeralds",51,"Woman",1,"40",12,"1",0
172,"tycoon","GlobalLearn","61","A tycoon","Emeralds",51,"Woman",1,"41",3,"1",1
172,"tycoon","GlobalLearn","61","A tycoon","Emeralds",51,"Woman",1,"42",6,"1",1
172,"tycoon","GlobalLearn","61","A tycoon","Emeralds",51,"Woman",1,"43",1,"1",1
172,"tycoon","GlobalLearn","61","A tycoon","Emeralds",51,"Woman",1,"44",19,"1",0
172,"tycoon","GlobalLearn","61","A tycoon","Emeralds",51,"Woman",1,"45",20,"1",1
172,"tycoon","GlobalLearn","61","A tycoon","Emeralds",51,"Woman",1,"46",14,"1",1
172,"tycoon","GlobalLearn","61","A tycoon","Emeralds",51,"Woman",1,"47",12,"1",1
172,"tycoon","GlobalLearn","61","A tycoon","Emeralds",51,"Woman",1,"48",7,"1",1
172,"tycoon","GlobalLearn","61","A tycoon","Emeralds",51,"Woman",1,"49",2,"1",1
172,"tycoon","GlobalLearn","61","A tycoon","Emeralds",51,"Woman",1,"50",0,"1",1
173,"tycoon","GlobalLearn","7","A tycoon","Emeralds",60,"Man",1,"1",0,"1",0
173,"tycoon","GlobalLearn","7","A tycoon","Emeralds",60,"Man",1,"2",75,"0",1
173,"tycoon","GlobalLearn","7","A tycoon","Emeralds",60,"Man",1,"3",64,"0",1
173,"tycoon","GlobalLearn","7","A tycoon","Emeralds",60,"Man",1,"4",12,"0",1
173,"tycoon","GlobalLearn","7","A tycoon","Emeralds",60,"Man",1,"5",0,"0",0
173,"tycoon","GlobalLearn","7","A tycoon","Emeralds",60,"Man",1,"6",0,"1",0
173,"tycoon","GlobalLearn","7","A tycoon","Emeralds",60,"Man",1,"7",0,"0",0
173,"tycoon","GlobalLearn","7","A tycoon","Emeralds",60,"Man",1,"8",70,"0",1
173,"tycoon","GlobalLearn","7","A tycoon","Emeralds",60,"Man",1,"9",91,"1",1
173,"tycoon","GlobalLearn","7","A tycoon","Emeralds",60,"Man",1,"10",69,"0",1
173,"tycoon","GlobalLearn","7","A tycoon","Emeralds",60,"Man",1,"11",89,"1",1
173,"tycoon","GlobalLearn","7","A tycoon","Emeralds",60,"Man",1,"12",31,"0",1
173,"tycoon","GlobalLearn","7","A tycoon","Emeralds",60,"Man",1,"13",0,"1",0
173,"tycoon","GlobalLearn","7","A tycoon","Emeralds",60,"Man",1,"14",21,"0",1
173,"tycoon","GlobalLearn","7","A tycoon","Emeralds",60,"Man",1,"15",7,"0",1
173,"tycoon","GlobalLearn","7","A tycoon","Emeralds",60,"Man",1,"16",6,"0",1
173,"tycoon","GlobalLearn","7","A tycoon","Emeralds",60,"Man",1,"17",0,"0",1
173,"tycoon","GlobalLearn","7","A tycoon","Emeralds",60,"Man",1,"18",70,"1",1
173,"tycoon","GlobalLearn","7","A tycoon","Emeralds",60,"Man",1,"19",0,"0",1
173,"tycoon","GlobalLearn","7","A tycoon","Emeralds",60,"Man",1,"20",65,"1",1
173,"tycoon","GlobalLearn","7","A tycoon","Emeralds",60,"Man",1,"21",0,"1",0
173,"tycoon","GlobalLearn","7","A tycoon","Emeralds",60,"Man",1,"22",0,"0",1
173,"tycoon","GlobalLearn","7","A tycoon","Emeralds",60,"Man",1,"23",0,"0",1
173,"tycoon","GlobalLearn","7","A tycoon","Emeralds",60,"Man",1,"24",0,"0",1
173,"tycoon","GlobalLearn","7","A tycoon","Emeralds",60,"Man",1,"25",0,"1",0
173,"tycoon","GlobalLearn","7","A tycoon","Emeralds",60,"Man",1,"26",0,"0",0
173,"tycoon","GlobalLearn","7","A tycoon","Emeralds",60,"Man",1,"27",0,"1",0
173,"tycoon","GlobalLearn","7","A tycoon","Emeralds",60,"Man",1,"28",0,"0",0
173,"tycoon","GlobalLearn","7","A tycoon","Emeralds",60,"Man",1,"29",0,"1",0
173,"tycoon","GlobalLearn","7","A tycoon","Emeralds",60,"Man",1,"30",66,"0",1
173,"tycoon","GlobalLearn","7","A tycoon","Emeralds",60,"Man",1,"31",31,"0",1
173,"tycoon","GlobalLearn","7","A tycoon","Emeralds",60,"Man",1,"32",0,"0",0
173,"tycoon","GlobalLearn","7","A tycoon","Emeralds",60,"Man",1,"33",29,"0",1
173,"tycoon","GlobalLearn","7","A tycoon","Emeralds",60,"Man",1,"34",21,"0",1
173,"tycoon","GlobalLearn","7","A tycoon","Emeralds",60,"Man",1,"35",8,"0",1
173,"tycoon","GlobalLearn","7","A tycoon","Emeralds",60,"Man",1,"36",9,"0",1
173,"tycoon","GlobalLearn","7","A tycoon","Emeralds",60,"Man",1,"37",0,"0",0
173,"tycoon","GlobalLearn","7","A tycoon","Emeralds",60,"Man",1,"38",10,"0",1
173,"tycoon","GlobalLearn","7","A tycoon","Emeralds",60,"Man",1,"39",0,"0",1
173,"tycoon","GlobalLearn","7","A tycoon","Emeralds",60,"Man",1,"40",0,"0",1
173,"tycoon","GlobalLearn","7","A tycoon","Emeralds",60,"Man",1,"41",0,"0",1
173,"tycoon","GlobalLearn","7","A tycoon","Emeralds",60,"Man",1,"42",0,"0",0
173,"tycoon","GlobalLearn","7","A tycoon","Emeralds",60,"Man",1,"43",0,"0",1
173,"tycoon","GlobalLearn","7","A tycoon","Emeralds",60,"Man",1,"44",0,"0",1
173,"tycoon","GlobalLearn","7","A tycoon","Emeralds",60,"Man",1,"45",0,"0",1
173,"tycoon","GlobalLearn","7","A tycoon","Emeralds",60,"Man",1,"46",0,"0",0
173,"tycoon","GlobalLearn","7","A tycoon","Emeralds",60,"Man",1,"47",8,"0",1
173,"tycoon","GlobalLearn","7","A tycoon","Emeralds",60,"Man",1,"48",0,"0",0
173,"tycoon","GlobalLearn","7","A tycoon","Emeralds",60,"Man",1,"49",7,"0",1
173,"tycoon","GlobalLearn","7","A tycoon","Emeralds",60,"Man",1,"50",5,"0",1
174,"tycoon","GlobalLearn","24","A bandit","Emeralds",29,"Man",0,"1",42,"0",1
174,"tycoon","GlobalLearn","24","A bandit","Emeralds",29,"Man",0,"2",39,"0",1
174,"tycoon","GlobalLearn","24","A bandit","Emeralds",29,"Man",0,"3",37,"0",1
174,"tycoon","GlobalLearn","24","A bandit","Emeralds",29,"Man",0,"4",35,"0",1
174,"tycoon","GlobalLearn","24","A bandit","Emeralds",29,"Man",0,"5",31,"0",1
174,"tycoon","GlobalLearn","24","A bandit","Emeralds",29,"Man",0,"6",32,"0",1
174,"tycoon","GlobalLearn","24","A bandit","Emeralds",29,"Man",0,"7",34,"0",1
174,"tycoon","GlobalLearn","24","A bandit","Emeralds",29,"Man",0,"8",35,"0",1
174,"tycoon","GlobalLearn","24","A bandit","Emeralds",29,"Man",0,"9",31,"0",1
174,"tycoon","GlobalLearn","24","A bandit","Emeralds",29,"Man",0,"10",12,"0",1
174,"tycoon","GlobalLearn","24","A bandit","Emeralds",29,"Man",0,"11",37,"0",1
174,"tycoon","GlobalLearn","24","A bandit","Emeralds",29,"Man",0,"12",47,"0",0
174,"tycoon","GlobalLearn","24","A bandit","Emeralds",29,"Man",0,"13",45,"0",1
174,"tycoon","GlobalLearn","24","A bandit","Emeralds",29,"Man",0,"14",29,"0",1
174,"tycoon","GlobalLearn","24","A bandit","Emeralds",29,"Man",0,"15",44,"0",1
174,"tycoon","GlobalLearn","24","A bandit","Emeralds",29,"Man",0,"16",45,"0",1
174,"tycoon","GlobalLearn","24","A bandit","Emeralds",29,"Man",0,"17",36,"0",0
174,"tycoon","GlobalLearn","24","A bandit","Emeralds",29,"Man",0,"18",37,"0",1
174,"tycoon","GlobalLearn","24","A bandit","Emeralds",29,"Man",0,"19",17,"0",0
174,"tycoon","GlobalLearn","24","A bandit","Emeralds",29,"Man",0,"20",18,"0",0
174,"tycoon","GlobalLearn","24","A bandit","Emeralds",29,"Man",0,"21",18,"0",1
174,"tycoon","GlobalLearn","24","A bandit","Emeralds",29,"Man",0,"22",18,"0",1
174,"tycoon","GlobalLearn","24","A bandit","Emeralds",29,"Man",0,"23",23,"0",1
174,"tycoon","GlobalLearn","24","A bandit","Emeralds",29,"Man",0,"24",22,"0",0
174,"tycoon","GlobalLearn","24","A bandit","Emeralds",29,"Man",0,"25",17,"0",1
174,"tycoon","GlobalLearn","24","A bandit","Emeralds",29,"Man",0,"26",24,"0",1
174,"tycoon","GlobalLearn","24","A bandit","Emeralds",29,"Man",0,"27",12,"0",1
174,"tycoon","GlobalLearn","24","A bandit","Emeralds",29,"Man",0,"28",24,"0",1
174,"tycoon","GlobalLearn","24","A bandit","Emeralds",29,"Man",0,"29",29,"0",1
174,"tycoon","GlobalLearn","24","A bandit","Emeralds",29,"Man",0,"30",19,"0",1
174,"tycoon","GlobalLearn","24","A bandit","Emeralds",29,"Man",0,"31",21,"0",1
174,"tycoon","GlobalLearn","24","A bandit","Emeralds",29,"Man",0,"32",28,"0",1
174,"tycoon","GlobalLearn","24","A bandit","Emeralds",29,"Man",0,"33",25,"0",1
174,"tycoon","GlobalLearn","24","A bandit","Emeralds",29,"Man",0,"34",25,"0",0
174,"tycoon","GlobalLearn","24","A bandit","Emeralds",29,"Man",0,"35",16,"0",0
174,"tycoon","GlobalLearn","24","A bandit","Emeralds",29,"Man",0,"36",16,"0",1
174,"tycoon","GlobalLearn","24","A bandit","Emeralds",29,"Man",0,"37",17,"0",1
174,"tycoon","GlobalLearn","24","A bandit","Emeralds",29,"Man",0,"38",27,"0",0
174,"tycoon","GlobalLearn","24","A bandit","Emeralds",29,"Man",0,"39",32,"0",1
174,"tycoon","GlobalLearn","24","A bandit","Emeralds",29,"Man",0,"40",16,"0",0
174,"tycoon","GlobalLearn","24","A bandit","Emeralds",29,"Man",0,"41",33,"0",1
174,"tycoon","GlobalLearn","24","A bandit","Emeralds",29,"Man",0,"42",12,"0",1
174,"tycoon","GlobalLearn","24","A bandit","Emeralds",29,"Man",0,"43",15,"0",1
174,"tycoon","GlobalLearn","24","A bandit","Emeralds",29,"Man",0,"44",17,"0",1
174,"tycoon","GlobalLearn","24","A bandit","Emeralds",29,"Man",0,"45",19,"0",1
174,"tycoon","GlobalLearn","24","A bandit","Emeralds",29,"Man",0,"46",22,"0",0
174,"tycoon","GlobalLearn","24","A bandit","Emeralds",29,"Man",0,"47",21,"0",1
174,"tycoon","GlobalLearn","24","A bandit","Emeralds",29,"Man",0,"48",63,"0",1
174,"tycoon","GlobalLearn","24","A bandit","Emeralds",29,"Man",0,"49",65,"0",1
174,"tycoon","GlobalLearn","24","A bandit","Emeralds",29,"Man",0,"50",63,"0",1
175,"bandit","GlobalLearn","72","A bandit","Emeralds",49,"Woman",1,"1",68,"0",0
175,"bandit","GlobalLearn","72","A bandit","Emeralds",49,"Woman",1,"2",71,"0",0
175,"bandit","GlobalLearn","72","A bandit","Emeralds",49,"Woman",1,"3",0,"0",1
175,"bandit","GlobalLearn","72","A bandit","Emeralds",49,"Woman",1,"4",67,"0",0
175,"bandit","GlobalLearn","72","A bandit","Emeralds",49,"Woman",1,"5",66,"1",0
175,"bandit","GlobalLearn","72","A bandit","Emeralds",49,"Woman",1,"6",25,"1",0
175,"bandit","GlobalLearn","72","A bandit","Emeralds",49,"Woman",1,"7",0,"1",1
175,"bandit","GlobalLearn","72","A bandit","Emeralds",49,"Woman",1,"8",20,"1",0
175,"bandit","GlobalLearn","72","A bandit","Emeralds",49,"Woman",1,"9",21,"1",0
175,"bandit","GlobalLearn","72","A bandit","Emeralds",49,"Woman",1,"10",0,"1",1
175,"bandit","GlobalLearn","72","A bandit","Emeralds",49,"Woman",1,"11",0,"1",1
175,"bandit","GlobalLearn","72","A bandit","Emeralds",49,"Woman",1,"12",0,"1",1
175,"bandit","GlobalLearn","72","A bandit","Emeralds",49,"Woman",1,"13",0,"1",1
175,"bandit","GlobalLearn","72","A bandit","Emeralds",49,"Woman",1,"14",67,"1",0
175,"bandit","GlobalLearn","72","A bandit","Emeralds",49,"Woman",1,"15",66,"1",0
175,"bandit","GlobalLearn","72","A bandit","Emeralds",49,"Woman",1,"16",0,"1",1
175,"bandit","GlobalLearn","72","A bandit","Emeralds",49,"Woman",1,"17",0,"1",1
175,"bandit","GlobalLearn","72","A bandit","Emeralds",49,"Woman",1,"18",93,"1",0
175,"bandit","GlobalLearn","72","A bandit","Emeralds",49,"Woman",1,"19",67,"1",0
175,"bandit","GlobalLearn","72","A bandit","Emeralds",49,"Woman",1,"20",0,"1",1
175,"bandit","GlobalLearn","72","A bandit","Emeralds",49,"Woman",1,"21",0,"1",1
175,"bandit","GlobalLearn","72","A bandit","Emeralds",49,"Woman",1,"22",0,"1",1
175,"bandit","GlobalLearn","72","A bandit","Emeralds",49,"Woman",1,"23",1,"1",1
175,"bandit","GlobalLearn","72","A bandit","Emeralds",49,"Woman",1,"24",0,"1",1
175,"bandit","GlobalLearn","72","A bandit","Emeralds",49,"Woman",1,"25",87,"1",0
175,"bandit","GlobalLearn","72","A bandit","Emeralds",49,"Woman",1,"26",0,"1",1
175,"bandit","GlobalLearn","72","A bandit","Emeralds",49,"Woman",1,"27",84,"1",0
175,"bandit","GlobalLearn","72","A bandit","Emeralds",49,"Woman",1,"28",0,"1",1
175,"bandit","GlobalLearn","72","A bandit","Emeralds",49,"Woman",1,"29",95,"1",0
175,"bandit","GlobalLearn","72","A bandit","Emeralds",49,"Woman",1,"30",88,"1",0
175,"bandit","GlobalLearn","72","A bandit","Emeralds",49,"Woman",1,"31",0,"1",1
175,"bandit","GlobalLearn","72","A bandit","Emeralds",49,"Woman",1,"32",0,"1",1
175,"bandit","GlobalLearn","72","A bandit","Emeralds",49,"Woman",1,"33",0,"1",1
175,"bandit","GlobalLearn","72","A bandit","Emeralds",49,"Woman",1,"34",0,"1",1
175,"bandit","GlobalLearn","72","A bandit","Emeralds",49,"Woman",1,"35",0,"1",1
175,"bandit","GlobalLearn","72","A bandit","Emeralds",49,"Woman",1,"36",89,"1",0
175,"bandit","GlobalLearn","72","A bandit","Emeralds",49,"Woman",1,"37",80,"1",0
175,"bandit","GlobalLearn","72","A bandit","Emeralds",49,"Woman",1,"38",84,"1",0
175,"bandit","GlobalLearn","72","A bandit","Emeralds",49,"Woman",1,"39",0,"1",0
175,"bandit","GlobalLearn","72","A bandit","Emeralds",49,"Woman",1,"40",23,"1",0
175,"bandit","GlobalLearn","72","A bandit","Emeralds",49,"Woman",1,"41",0,"1",1
175,"bandit","GlobalLearn","72","A bandit","Emeralds",49,"Woman",1,"42",0,"1",1
175,"bandit","GlobalLearn","72","A bandit","Emeralds",49,"Woman",1,"43",0,"1",1
175,"bandit","GlobalLearn","72","A bandit","Emeralds",49,"Woman",1,"44",54,"1",0
175,"bandit","GlobalLearn","72","A bandit","Emeralds",49,"Woman",1,"45",0,"1",1
175,"bandit","GlobalLearn","72","A bandit","Emeralds",49,"Woman",1,"46",0,"1",1
175,"bandit","GlobalLearn","72","A bandit","Emeralds",49,"Woman",1,"47",76,"1",0
175,"bandit","GlobalLearn","72","A bandit","Emeralds",49,"Woman",1,"48",73,"1",0
175,"bandit","GlobalLearn","72","A bandit","Emeralds",49,"Woman",1,"49",0,"1",1
175,"bandit","GlobalLearn","72","A bandit","Emeralds",49,"Woman",1,"50",0,"1",1
176,"sheriff","GlobalLearn","26","A sheriff","Emeralds",24,"Woman",1,"1",52,"0",1
176,"sheriff","GlobalLearn","26","A sheriff","Emeralds",24,"Woman",1,"2",38,"0",1
176,"sheriff","GlobalLearn","26","A sheriff","Emeralds",24,"Woman",1,"3",94,"0",0
176,"sheriff","GlobalLearn","26","A sheriff","Emeralds",24,"Woman",1,"4",46,"0",1
176,"sheriff","GlobalLearn","26","A sheriff","Emeralds",24,"Woman",1,"5",77,"0",0
176,"sheriff","GlobalLearn","26","A sheriff","Emeralds",24,"Woman",1,"6",38,"0",1
176,"sheriff","GlobalLearn","26","A sheriff","Emeralds",24,"Woman",1,"7",38,"0",1
176,"sheriff","GlobalLearn","26","A sheriff","Emeralds",24,"Woman",1,"8",34,"0",1
176,"sheriff","GlobalLearn","26","A sheriff","Emeralds",24,"Woman",1,"9",30,"0",1
176,"sheriff","GlobalLearn","26","A sheriff","Emeralds",24,"Woman",1,"10",13,"0",1
176,"sheriff","GlobalLearn","26","A sheriff","Emeralds",24,"Woman",1,"11",93,"0",0
176,"sheriff","GlobalLearn","26","A sheriff","Emeralds",24,"Woman",1,"12",11,"0",1
176,"sheriff","GlobalLearn","26","A sheriff","Emeralds",24,"Woman",1,"13",86,"0",0
176,"sheriff","GlobalLearn","26","A sheriff","Emeralds",24,"Woman",1,"14",18,"0",1
176,"sheriff","GlobalLearn","26","A sheriff","Emeralds",24,"Woman",1,"15",9,"0",1
176,"sheriff","GlobalLearn","26","A sheriff","Emeralds",24,"Woman",1,"16",98,"0",0
176,"sheriff","GlobalLearn","26","A sheriff","Emeralds",24,"Woman",1,"17",99,"1",1
176,"sheriff","GlobalLearn","26","A sheriff","Emeralds",24,"Woman",1,"18",87,"1",1
176,"sheriff","GlobalLearn","26","A sheriff","Emeralds",24,"Woman",1,"19",76,"1",0
176,"sheriff","GlobalLearn","26","A sheriff","Emeralds",24,"Woman",1,"20",56,"1",0
176,"sheriff","GlobalLearn","26","A sheriff","Emeralds",24,"Woman",1,"21",50,"1",0
176,"sheriff","GlobalLearn","26","A sheriff","Emeralds",24,"Woman",1,"22",35,"0",1
176,"sheriff","GlobalLearn","26","A sheriff","Emeralds",24,"Woman",1,"23",72,"0",0
176,"sheriff","GlobalLearn","26","A sheriff","Emeralds",24,"Woman",1,"24",71,"0",0
176,"sheriff","GlobalLearn","26","A sheriff","Emeralds",24,"Woman",1,"25",43,"0",1
176,"sheriff","GlobalLearn","26","A sheriff","Emeralds",24,"Woman",1,"26",32,"0",1
176,"sheriff","GlobalLearn","26","A sheriff","Emeralds",24,"Woman",1,"27",71,"0",0
176,"sheriff","GlobalLearn","26","A sheriff","Emeralds",24,"Woman",1,"28",42,"0",1
176,"sheriff","GlobalLearn","26","A sheriff","Emeralds",24,"Woman",1,"29",27,"0",1
176,"sheriff","GlobalLearn","26","A sheriff","Emeralds",24,"Woman",1,"30",76,"0",0
176,"sheriff","GlobalLearn","26","A sheriff","Emeralds",24,"Woman",1,"31",39,"0",1
176,"sheriff","GlobalLearn","26","A sheriff","Emeralds",24,"Woman",1,"32",65,"0",0
176,"sheriff","GlobalLearn","26","A sheriff","Emeralds",24,"Woman",1,"33",27,"0",1
176,"sheriff","GlobalLearn","26","A sheriff","Emeralds",24,"Woman",1,"34",81,"0",0
176,"sheriff","GlobalLearn","26","A sheriff","Emeralds",24,"Woman",1,"35",67,"0",0
176,"sheriff","GlobalLearn","26","A sheriff","Emeralds",24,"Woman",1,"36",57,"1",0
176,"sheriff","GlobalLearn","26","A sheriff","Emeralds",24,"Woman",1,"37",72,"1",1
176,"sheriff","GlobalLearn","26","A sheriff","Emeralds",24,"Woman",1,"38",74,"1",1
176,"sheriff","GlobalLearn","26","A sheriff","Emeralds",24,"Woman",1,"39",61,"1",0
176,"sheriff","GlobalLearn","26","A sheriff","Emeralds",24,"Woman",1,"40",75,"1",1
176,"sheriff","GlobalLearn","26","A sheriff","Emeralds",24,"Woman",1,"41",45,"1",0
176,"sheriff","GlobalLearn","26","A sheriff","Emeralds",24,"Woman",1,"42",61,"1",1
176,"sheriff","GlobalLearn","26","A sheriff","Emeralds",24,"Woman",1,"43",38,"1",0
176,"sheriff","GlobalLearn","26","A sheriff","Emeralds",24,"Woman",1,"44",20,"0",1
176,"sheriff","GlobalLearn","26","A sheriff","Emeralds",24,"Woman",1,"45",79,"0",0
176,"sheriff","GlobalLearn","26","A sheriff","Emeralds",24,"Woman",1,"46",29,"0",1
176,"sheriff","GlobalLearn","26","A sheriff","Emeralds",24,"Woman",1,"47",21,"0",1
176,"sheriff","GlobalLearn","26","A sheriff","Emeralds",24,"Woman",1,"48",14,"0",1
176,"sheriff","GlobalLearn","26","A sheriff","Emeralds",24,"Woman",1,"49",20,"0",1
176,"sheriff","GlobalLearn","26","A sheriff","Emeralds",24,"Woman",1,"50",20,"0",1
177,"bandit","GlobalLearn","47","A bandit","Emeralds",27,"Man",1,"1",24,"0",0
177,"bandit","GlobalLearn","47","A bandit","Emeralds",27,"Man",1,"2",67,"0",0
177,"bandit","GlobalLearn","47","A bandit","Emeralds",27,"Man",1,"3",2,"0",1
177,"bandit","GlobalLearn","47","A bandit","Emeralds",27,"Man",1,"4",37,"1",0
177,"bandit","GlobalLearn","47","A bandit","Emeralds",27,"Man",1,"5",38,"1",0
177,"bandit","GlobalLearn","47","A bandit","Emeralds",27,"Man",1,"6",33,"1",0
177,"bandit","GlobalLearn","47","A bandit","Emeralds",27,"Man",1,"7",80,"1",0
177,"bandit","GlobalLearn","47","A bandit","Emeralds",27,"Man",1,"8",69,"0",0
177,"bandit","GlobalLearn","47","A bandit","Emeralds",27,"Man",1,"9",4,"0",1
177,"bandit","GlobalLearn","47","A bandit","Emeralds",27,"Man",1,"10",6,"0",1
177,"bandit","GlobalLearn","47","A bandit","Emeralds",27,"Man",1,"11",4,"0",1
177,"bandit","GlobalLearn","47","A bandit","Emeralds",27,"Man",1,"12",1,"0",1
177,"bandit","GlobalLearn","47","A bandit","Emeralds",27,"Man",1,"13",14,"0",0
177,"bandit","GlobalLearn","47","A bandit","Emeralds",27,"Man",1,"14",19,"0",0
177,"bandit","GlobalLearn","47","A bandit","Emeralds",27,"Man",1,"15",5,"0",1
177,"bandit","GlobalLearn","47","A bandit","Emeralds",27,"Man",1,"16",61,"0",0
177,"bandit","GlobalLearn","47","A bandit","Emeralds",27,"Man",1,"17",59,"0",0
177,"bandit","GlobalLearn","47","A bandit","Emeralds",27,"Man",1,"18",10,"0",1
177,"bandit","GlobalLearn","47","A bandit","Emeralds",27,"Man",1,"19",10,"0",1
177,"bandit","GlobalLearn","47","A bandit","Emeralds",27,"Man",1,"20",64,"0",0
177,"bandit","GlobalLearn","47","A bandit","Emeralds",27,"Man",1,"21",62,"0",0
177,"bandit","GlobalLearn","47","A bandit","Emeralds",27,"Man",1,"22",67,"0",0
177,"bandit","GlobalLearn","47","A bandit","Emeralds",27,"Man",1,"23",26,"0",1
177,"bandit","GlobalLearn","47","A bandit","Emeralds",27,"Man",1,"24",87,"0",0
177,"bandit","GlobalLearn","47","A bandit","Emeralds",27,"Man",1,"25",7,"0",1
177,"bandit","GlobalLearn","47","A bandit","Emeralds",27,"Man",1,"26",80,"0",0
177,"bandit","GlobalLearn","47","A bandit","Emeralds",27,"Man",1,"27",83,"0",0
177,"bandit","GlobalLearn","47","A bandit","Emeralds",27,"Man",1,"28",16,"0",1
177,"bandit","GlobalLearn","47","A bandit","Emeralds",27,"Man",1,"29",6,"0",1
177,"bandit","GlobalLearn","47","A bandit","Emeralds",27,"Man",1,"30",6,"0",1
177,"bandit","GlobalLearn","47","A bandit","Emeralds",27,"Man",1,"31",88,"0",0
177,"bandit","GlobalLearn","47","A bandit","Emeralds",27,"Man",1,"32",7,"0",1
177,"bandit","GlobalLearn","47","A bandit","Emeralds",27,"Man",1,"33",5,"0",1
177,"bandit","GlobalLearn","47","A bandit","Emeralds",27,"Man",1,"34",7,"0",1
177,"bandit","GlobalLearn","47","A bandit","Emeralds",27,"Man",1,"35",0,"0",1
177,"bandit","GlobalLearn","47","A bandit","Emeralds",27,"Man",1,"36",94,"0",0
177,"bandit","GlobalLearn","47","A bandit","Emeralds",27,"Man",1,"37",93,"0",0
177,"bandit","GlobalLearn","47","A bandit","Emeralds",27,"Man",1,"38",78,"0",0
177,"bandit","GlobalLearn","47","A bandit","Emeralds",27,"Man",1,"39",73,"0",0
177,"bandit","GlobalLearn","47","A bandit","Emeralds",27,"Man",1,"40",81,"0",0
177,"bandit","GlobalLearn","47","A bandit","Emeralds",27,"Man",1,"41",3,"0",1
177,"bandit","GlobalLearn","47","A bandit","Emeralds",27,"Man",1,"42",16,"0",1
177,"bandit","GlobalLearn","47","A bandit","Emeralds",27,"Man",1,"43",10,"0",1
177,"bandit","GlobalLearn","47","A bandit","Emeralds",27,"Man",1,"44",87,"0",0
177,"bandit","GlobalLearn","47","A bandit","Emeralds",27,"Man",1,"45",14,"0",1
177,"bandit","GlobalLearn","47","A bandit","Emeralds",27,"Man",1,"46",12,"0",1
177,"bandit","GlobalLearn","47","A bandit","Emeralds",27,"Man",1,"47",74,"0",0
177,"bandit","GlobalLearn","47","A bandit","Emeralds",27,"Man",1,"48",78,"0",0
177,"bandit","GlobalLearn","47","A bandit","Emeralds",27,"Man",1,"49",74,"0",0
177,"bandit","GlobalLearn","47","A bandit","Emeralds",27,"Man",1,"50",77,"0",0
178,"tycoon","GlobalLearn","45","A tycoon","Emeralds",23,"Man",1,"1",0,"0",0
178,"tycoon","GlobalLearn","45","A tycoon","Emeralds",23,"Man",1,"2",0,"1",0
178,"tycoon","GlobalLearn","45","A tycoon","Emeralds",23,"Man",1,"3",62,"1",1
178,"tycoon","GlobalLearn","45","A tycoon","Emeralds",23,"Man",1,"4",0,"1",0
178,"tycoon","GlobalLearn","45","A tycoon","Emeralds",23,"Man",1,"5",0,"1",0
178,"tycoon","GlobalLearn","45","A tycoon","Emeralds",23,"Man",1,"6",0,"0",0
178,"tycoon","GlobalLearn","45","A tycoon","Emeralds",23,"Man",1,"7",0,"0",0
178,"tycoon","GlobalLearn","45","A tycoon","Emeralds",23,"Man",1,"8",0,"0",0
178,"tycoon","GlobalLearn","45","A tycoon","Emeralds",23,"Man",1,"9",73,"0",1
178,"tycoon","GlobalLearn","45","A tycoon","Emeralds",23,"Man",1,"10",89,"0",1
178,"tycoon","GlobalLearn","45","A tycoon","Emeralds",23,"Man",1,"11",0,"0",0
178,"tycoon","GlobalLearn","45","A tycoon","Emeralds",23,"Man",1,"12",70,"1",1
178,"tycoon","GlobalLearn","45","A tycoon","Emeralds",23,"Man",1,"13",77,"1",1
178,"tycoon","GlobalLearn","45","A tycoon","Emeralds",23,"Man",1,"14",100,"1",1
178,"tycoon","GlobalLearn","45","A tycoon","Emeralds",23,"Man",1,"15",0,"1",0
178,"tycoon","GlobalLearn","45","A tycoon","Emeralds",23,"Man",1,"16",100,"1",1
178,"tycoon","GlobalLearn","45","A tycoon","Emeralds",23,"Man",1,"17",100,"1",1
178,"tycoon","GlobalLearn","45","A tycoon","Emeralds",23,"Man",1,"18",100,"1",1
178,"tycoon","GlobalLearn","45","A tycoon","Emeralds",23,"Man",1,"19",100,"1",1
178,"tycoon","GlobalLearn","45","A tycoon","Emeralds",23,"Man",1,"20",100,"1",1
178,"tycoon","GlobalLearn","45","A tycoon","Emeralds",23,"Man",1,"21",100,"1",1
178,"tycoon","GlobalLearn","45","A tycoon","Emeralds",23,"Man",1,"22",100,"1",1
178,"tycoon","GlobalLearn","45","A tycoon","Emeralds",23,"Man",1,"23",22,"1",0
178,"tycoon","GlobalLearn","45","A tycoon","Emeralds",23,"Man",1,"24",80,"1",1
178,"tycoon","GlobalLearn","45","A tycoon","Emeralds",23,"Man",1,"25",10,"1",0
178,"tycoon","GlobalLearn","45","A tycoon","Emeralds",23,"Man",1,"26",15,"1",0
178,"tycoon","GlobalLearn","45","A tycoon","Emeralds",23,"Man",1,"27",76,"1",1
178,"tycoon","GlobalLearn","45","A tycoon","Emeralds",23,"Man",1,"28",88,"1",1
178,"tycoon","GlobalLearn","45","A tycoon","Emeralds",23,"Man",1,"29",100,"1",1
178,"tycoon","GlobalLearn","45","A tycoon","Emeralds",23,"Man",1,"30",56,"1",1
178,"tycoon","GlobalLearn","45","A tycoon","Emeralds",23,"Man",1,"31",65,"1",1
178,"tycoon","GlobalLearn","45","A tycoon","Emeralds",23,"Man",1,"32",65,"1",1
178,"tycoon","GlobalLearn","45","A tycoon","Emeralds",23,"Man",1,"33",62,"1",1
178,"tycoon","GlobalLearn","45","A tycoon","Emeralds",23,"Man",1,"34",66,"1",1
178,"tycoon","GlobalLearn","45","A tycoon","Emeralds",23,"Man",1,"35",64,"1",1
178,"tycoon","GlobalLearn","45","A tycoon","Emeralds",23,"Man",1,"36",67,"1",1
178,"tycoon","GlobalLearn","45","A tycoon","Emeralds",23,"Man",1,"37",63,"1",1
178,"tycoon","GlobalLearn","45","A tycoon","Emeralds",23,"Man",1,"38",64,"1",1
178,"tycoon","GlobalLearn","45","A tycoon","Emeralds",23,"Man",1,"39",66,"1",1
178,"tycoon","GlobalLearn","45","A tycoon","Emeralds",23,"Man",1,"40",64,"1",1
178,"tycoon","GlobalLearn","45","A tycoon","Emeralds",23,"Man",1,"41",65,"1",1
178,"tycoon","GlobalLearn","45","A tycoon","Emeralds",23,"Man",1,"42",0,"1",0
178,"tycoon","GlobalLearn","45","A tycoon","Emeralds",23,"Man",1,"43",66,"1",1
178,"tycoon","GlobalLearn","45","A tycoon","Emeralds",23,"Man",1,"44",66,"1",1
178,"tycoon","GlobalLearn","45","A tycoon","Emeralds",23,"Man",1,"45",64,"1",1
178,"tycoon","GlobalLearn","45","A tycoon","Emeralds",23,"Man",1,"46",67,"1",1
178,"tycoon","GlobalLearn","45","A tycoon","Emeralds",23,"Man",1,"47",63,"1",1
178,"tycoon","GlobalLearn","45","A tycoon","Emeralds",23,"Man",1,"48",62,"1",1
178,"tycoon","GlobalLearn","45","A tycoon","Emeralds",23,"Man",1,"49",37,"1",1
178,"tycoon","GlobalLearn","45","A tycoon","Emeralds",23,"Man",1,"50",0,"1",0
