"oid","AgeMonth","AgeYr","order.x","Left1","Left2","Right1","Right2","mineprob1","mineprob2","agent_cond","total_feedback","EstLow","EstHigh","trial_num","subj_choice","chosen_mine_prob","feedback","Intervention","Curiosity","condition"
"1",99,8,"bg",1,0,3,4,"0.3","0.7","bandit",7,0.125,0.875,1,"1","0.3",0,"0",4,1
"1",99,8,"bg",1,0,3,4,"0.3","0.7","bandit",7,0.125,0.875,2,"2","0.7",0,"1",4,1
"1",99,8,"bg",1,0,3,4,"0.3","0.7","bandit",7,0.125,0.875,3,"1","0.3",0,"0",4,1
"1",99,8,"bg",1,0,3,4,"0.3","0.7","bandit",7,0.125,0.875,4,"1","0.3",0,"1",4,1
"1",99,8,"bg",1,0,3,4,"0.3","0.7","bandit",7,0.125,0.875,5,"2","0.7",1,"0",1,1
"1",99,8,"bg",1,0,3,4,"0.3","0.7","bandit",7,0.125,0.875,6,"2","0.7",1,"0",1,1
"1",99,8,"bg",1,0,3,4,"0.3","0.7","bandit",7,0.125,0.875,7,"1","0.3",0,"1",3,1
"1",99,8,"bg",1,0,3,4,"0.3","0.7","bandit",7,0.125,0.875,8,"2","0.7",1,"0",1,1
"1",99,8,"bg",1,0,3,4,"0.3","0.7","bandit",7,0.125,0.875,9,"2","0.7",0,"1",4,1
"1",99,8,"bg",1,0,3,4,"0.3","0.7","bandit",7,0.125,0.875,10,"1","0.3",1,"0",1,1
"1",99,8,"bg",1,0,3,4,"0.3","0.7","bandit",7,0.125,0.875,11,"1","0.3",0,"0",4,1
"1",99,8,"bg",1,0,3,4,"0.3","0.7","bandit",7,0.125,0.875,12,"1","0.3",0,"0",2,1
"1",99,8,"bg",1,0,3,4,"0.3","0.7","bandit",7,0.125,0.875,13,"2","0.7",1,"0",1,1
"1",99,8,"bg",1,0,3,4,"0.3","0.7","bandit",7,0.125,0.875,14,"2","0.7",1,"0",1,1
"1",99,8,"bg",1,0,3,4,"0.3","0.7","bandit",7,0.125,0.875,15,"2","0.7",1,"0",1,1
"1",99,8,"bg",1,0,3,4,"0.3","0.7","bandit",7,0.125,0.875,16,"1","0.3",0,"0",2,1
"1",99,8,"bg",1,0,3,4,"0.3","0.7","bandit",7,0.125,0.875,17,"1","0.3",0,"1",1,1
"1",99,8,"bg",1,0,3,4,"0.3","0.7","bandit",7,0.125,0.875,18,"2","0.7",0,"1",4,1
"1",99,8,"bg",1,0,3,4,"0.3","0.7","bandit",7,0.125,0.875,19,"2","0.7",0,"1",4,1
"1",99,8,"bg",1,0,3,4,"0.3","0.7","bandit",7,0.125,0.875,20,"1","0.3",0,"0",1,1
"2",73,6,"gb",2,4,2,3,"0.7","0.3","tycoon",13,0.625,0.75,1,"1","0.7",1,"1",4,2
"2",73,6,"gb",2,4,2,3,"0.7","0.3","tycoon",13,0.625,0.75,2,"2","0.3",1,"0",4,2
"2",73,6,"gb",2,4,2,3,"0.7","0.3","tycoon",13,0.625,0.75,3,"1","0.7",1,"0",4,2
"2",73,6,"gb",2,4,2,3,"0.7","0.3","tycoon",13,0.625,0.75,4,"2","0.3",0,"0",4,2
"2",73,6,"gb",2,4,2,3,"0.7","0.3","tycoon",13,0.625,0.75,5,"2","0.3",1,"1",3,2
"2",73,6,"gb",2,4,2,3,"0.7","0.3","tycoon",13,0.625,0.75,6,"1","0.7",1,"1",4,2
"2",73,6,"gb",2,4,2,3,"0.7","0.3","tycoon",13,0.625,0.75,7,"2","0.3",0,"0",2,2
"2",73,6,"gb",2,4,2,3,"0.7","0.3","tycoon",13,0.625,0.75,8,"2","0.3",0,"0",2,2
"2",73,6,"gb",2,4,2,3,"0.7","0.3","tycoon",13,0.625,0.75,9,"1","0.7",1,"0",4,2
"2",73,6,"gb",2,4,2,3,"0.7","0.3","tycoon",13,0.625,0.75,10,"2","0.3",0,"0",2,2
"2",73,6,"gb",2,4,2,3,"0.7","0.3","tycoon",13,0.625,0.75,11,"1","0.7",1,"1",4,2
"2",73,6,"gb",2,4,2,3,"0.7","0.3","tycoon",13,0.625,0.75,12,"2","0.3",0,"0",2,2
"2",73,6,"gb",2,4,2,3,"0.7","0.3","tycoon",13,0.625,0.75,13,"1","0.7",0,"0",2,2
"2",73,6,"gb",2,4,2,3,"0.7","0.3","tycoon",13,0.625,0.75,14,"2","0.3",1,"1",4,2
"2",73,6,"gb",2,4,2,3,"0.7","0.3","tycoon",13,0.625,0.75,15,"1","0.7",1,"0",4,2
"2",73,6,"gb",2,4,2,3,"0.7","0.3","tycoon",13,0.625,0.75,16,"2","0.3",0,"0",2,2
"2",73,6,"gb",2,4,2,3,"0.7","0.3","tycoon",13,0.625,0.75,17,"1","0.7",1,"1",4,2
"2",73,6,"gb",2,4,2,3,"0.7","0.3","tycoon",13,0.625,0.75,18,"2","0.3",1,"1",3,2
"2",73,6,"gb",2,4,2,3,"0.7","0.3","tycoon",13,0.625,0.75,19,"1","0.7",1,"0",4,2
"2",73,6,"gb",2,4,2,3,"0.7","0.3","tycoon",13,0.625,0.75,20,"2","0.3",1,"0",4,2
"3",88,7,"gb",2,2,2,2,"0.3","0.7","tycoon",14,0.5,0.5,1,"1","0.3",1,"1",1,2
"3",88,7,"gb",2,2,2,2,"0.3","0.7","tycoon",14,0.5,0.5,2,"2","0.7",1,"0",4,2
"3",88,7,"gb",2,2,2,2,"0.3","0.7","tycoon",14,0.5,0.5,3,"1","0.3",1,"1",1,2
"3",88,7,"gb",2,2,2,2,"0.3","0.7","tycoon",14,0.5,0.5,4,"2","0.7",1,"1",1,2
"3",88,7,"gb",2,2,2,2,"0.3","0.7","tycoon",14,0.5,0.5,5,"1","0.3",1,"0",1,2
"3",88,7,"gb",2,2,2,2,"0.3","0.7","tycoon",14,0.5,0.5,6,"2","0.7",0,"0",1,2
"3",88,7,"gb",2,2,2,2,"0.3","0.7","tycoon",14,0.5,0.5,7,"2","0.7",1,"1",1,2
"3",88,7,"gb",2,2,2,2,"0.3","0.7","tycoon",14,0.5,0.5,8,"1","0.3",1,"0",1,2
"3",88,7,"gb",2,2,2,2,"0.3","0.7","tycoon",14,0.5,0.5,9,"2","0.7",1,"0",4,2
"3",88,7,"gb",2,2,2,2,"0.3","0.7","tycoon",14,0.5,0.5,10,"1","0.3",1,"1",1,2
"3",88,7,"gb",2,2,2,2,"0.3","0.7","tycoon",14,0.5,0.5,11,"2","0.7",1,"0",1,2
"3",88,7,"gb",2,2,2,2,"0.3","0.7","tycoon",14,0.5,0.5,12,"1","0.3",1,"0",1,2
"3",88,7,"gb",2,2,2,2,"0.3","0.7","tycoon",14,0.5,0.5,13,"2","0.7",0,"0",1,2
"3",88,7,"gb",2,2,2,2,"0.3","0.7","tycoon",14,0.5,0.5,14,"2","0.7",1,"0",1,2
"3",88,7,"gb",2,2,2,2,"0.3","0.7","tycoon",14,0.5,0.5,15,"1","0.3",0,"0",1,2
"3",88,7,"gb",2,2,2,2,"0.3","0.7","tycoon",14,0.5,0.5,16,"2","0.7",1,"1",1,2
"3",88,7,"gb",2,2,2,2,"0.3","0.7","tycoon",14,0.5,0.5,17,"1","0.3",1,"1",1,2
"3",88,7,"gb",2,2,2,2,"0.3","0.7","tycoon",14,0.5,0.5,18,"2","0.7",0,"0",1,2
"3",88,7,"gb",2,2,2,2,"0.3","0.7","tycoon",14,0.5,0.5,19,"1","0.3",0,"0",1,2
"3",88,7,"gb",2,2,2,2,"0.3","0.7","tycoon",14,0.5,0.5,20,"1","0.3",0,"0",1,2
"4",92,7,"bg",2,1,4,3,"0.3","0.7","tycoon",11,0.375,0.875,1,"1","0.3",0,"0",4,2
"4",92,7,"bg",2,1,4,3,"0.3","0.7","tycoon",11,0.375,0.875,2,"2","0.7",1,"1",4,2
"4",92,7,"bg",2,1,4,3,"0.3","0.7","tycoon",11,0.375,0.875,3,"2","0.7",1,"1",4,2
"4",92,7,"bg",2,1,4,3,"0.3","0.7","tycoon",11,0.375,0.875,4,"1","0.3",1,"0",4,2
"4",92,7,"bg",2,1,4,3,"0.3","0.7","tycoon",11,0.375,0.875,5,"2","0.7",0,"0",4,2
"4",92,7,"bg",2,1,4,3,"0.3","0.7","tycoon",11,0.375,0.875,6,"1","0.3",1,"1",4,2
"4",92,7,"bg",2,1,4,3,"0.3","0.7","tycoon",11,0.375,0.875,7,"2","0.7",1,"1",3,2
"4",92,7,"bg",2,1,4,3,"0.3","0.7","tycoon",11,0.375,0.875,8,"2","0.7",1,"0",4,2
"4",92,7,"bg",2,1,4,3,"0.3","0.7","tycoon",11,0.375,0.875,9,"1","0.3",0,"0",4,2
"4",92,7,"bg",2,1,4,3,"0.3","0.7","tycoon",11,0.375,0.875,10,"1","0.3",0,"0",4,2
"4",92,7,"bg",2,1,4,3,"0.3","0.7","tycoon",11,0.375,0.875,11,"1","0.3",0,"0",4,2
"4",92,7,"bg",2,1,4,3,"0.3","0.7","tycoon",11,0.375,0.875,12,"2","0.7",0,"0",1,2
"4",92,7,"bg",2,1,4,3,"0.3","0.7","tycoon",11,0.375,0.875,13,"1","0.3",1,"1",4,2
"4",92,7,"bg",2,1,4,3,"0.3","0.7","tycoon",11,0.375,0.875,14,"2","0.7",0,"0",2,2
"4",92,7,"bg",2,1,4,3,"0.3","0.7","tycoon",11,0.375,0.875,15,"1","0.3",1,"0",1,2
"4",92,7,"bg",2,1,4,3,"0.3","0.7","tycoon",11,0.375,0.875,16,"2","0.7",0,"0",1,2
"4",92,7,"bg",2,1,4,3,"0.3","0.7","tycoon",11,0.375,0.875,17,"1","0.3",0,"0",2,2
"4",92,7,"bg",2,1,4,3,"0.3","0.7","tycoon",11,0.375,0.875,18,"2","0.7",1,"1",4,2
"4",92,7,"bg",2,1,4,3,"0.3","0.7","tycoon",11,0.375,0.875,19,"1","0.3",1,"0",4,2
"4",92,7,"bg",2,1,4,3,"0.3","0.7","tycoon",11,0.375,0.875,20,"2","0.7",1,"1",4,2
"5",62,5,"gb",1,1,4,3,"0.3","0.7","tycoon",12,0.25,0.875,1,"1","0.3",1,"1",4,2
"5",62,5,"gb",1,1,4,3,"0.3","0.7","tycoon",12,0.25,0.875,2,"2","0.7",1,"0",4,2
"5",62,5,"gb",1,1,4,3,"0.3","0.7","tycoon",12,0.25,0.875,3,"1","0.3",0,"0",4,2
"5",62,5,"gb",1,1,4,3,"0.3","0.7","tycoon",12,0.25,0.875,4,"2","0.7",1,"0",4,2
"5",62,5,"gb",1,1,4,3,"0.3","0.7","tycoon",12,0.25,0.875,5,"1","0.3",1,"1",4,2
"5",62,5,"gb",1,1,4,3,"0.3","0.7","tycoon",12,0.25,0.875,6,"2","0.7",1,"0",4,2
"5",62,5,"gb",1,1,4,3,"0.3","0.7","tycoon",12,0.25,0.875,7,"1","0.3",0,"0",4,2
"5",62,5,"gb",1,1,4,3,"0.3","0.7","tycoon",12,0.25,0.875,8,"2","0.7",1,"1",4,2
"5",62,5,"gb",1,1,4,3,"0.3","0.7","tycoon",12,0.25,0.875,9,"1","0.3",0,"0",4,2
"5",62,5,"gb",1,1,4,3,"0.3","0.7","tycoon",12,0.25,0.875,10,"2","0.7",0,"0",4,2
"5",62,5,"gb",1,1,4,3,"0.3","0.7","tycoon",12,0.25,0.875,11,"2","0.7",1,"1",4,2
"5",62,5,"gb",1,1,4,3,"0.3","0.7","tycoon",12,0.25,0.875,12,"2","0.7",1,"1",4,2
"5",62,5,"gb",1,1,4,3,"0.3","0.7","tycoon",12,0.25,0.875,13,"2","0.7",0,"0",4,2
"5",62,5,"gb",1,1,4,3,"0.3","0.7","tycoon",12,0.25,0.875,14,"2","0.7",1,"1",4,2
"5",62,5,"gb",1,1,4,3,"0.3","0.7","tycoon",12,0.25,0.875,15,"2","0.7",1,"0",4,2
"5",62,5,"gb",1,1,4,3,"0.3","0.7","tycoon",12,0.25,0.875,16,"2","0.7",0,"0",4,2
"5",62,5,"gb",1,1,4,3,"0.3","0.7","tycoon",12,0.25,0.875,17,"1","0.3",0,"0",4,2
"5",62,5,"gb",1,1,4,3,"0.3","0.7","tycoon",12,0.25,0.875,18,"1","0.3",0,"0",4,2
"5",62,5,"gb",1,1,4,3,"0.3","0.7","tycoon",12,0.25,0.875,19,"2","0.7",1,"1",4,2
"5",62,5,"gb",1,1,4,3,"0.3","0.7","tycoon",12,0.25,0.875,20,"2","0.7",1,"0",4,2
"6",91,7,"bg",2,1,4,0,"0.7","0.3","bandit",6,0.5,0.375,1,"1","0.7",0,"0",3,1
"6",91,7,"bg",2,1,4,0,"0.7","0.3","bandit",6,0.5,0.375,2,"2","0.3",0,"1",4,1
"6",91,7,"bg",2,1,4,0,"0.7","0.3","bandit",6,0.5,0.375,3,"1","0.7",1,"0",1,1
"6",91,7,"bg",2,1,4,0,"0.7","0.3","bandit",6,0.5,0.375,4,"2","0.3",1,"0",1,1
"6",91,7,"bg",2,1,4,0,"0.7","0.3","bandit",6,0.5,0.375,5,"1","0.7",1,"0",1,1
"6",91,7,"bg",2,1,4,0,"0.7","0.3","bandit",6,0.5,0.375,6,"2","0.3",0,"0",4,1
"6",91,7,"bg",2,1,4,0,"0.7","0.3","bandit",6,0.5,0.375,7,"1","0.7",0,"0",3,1
"6",91,7,"bg",2,1,4,0,"0.7","0.3","bandit",6,0.5,0.375,8,"2","0.3",1,"0",1,1
"6",91,7,"bg",2,1,4,0,"0.7","0.3","bandit",6,0.5,0.375,9,"1","0.7",1,"0",1,1
"6",91,7,"bg",2,1,4,0,"0.7","0.3","bandit",6,0.5,0.375,10,"2","0.3",0,"0",3,1
"6",91,7,"bg",2,1,4,0,"0.7","0.3","bandit",6,0.5,0.375,11,"1","0.7",0,"0",1,1
"6",91,7,"bg",2,1,4,0,"0.7","0.3","bandit",6,0.5,0.375,12,"2","0.3",0,"1",4,1
"6",91,7,"bg",2,1,4,0,"0.7","0.3","bandit",6,0.5,0.375,13,"1","0.7",0,"1",3,1
"6",91,7,"bg",2,1,4,0,"0.7","0.3","bandit",6,0.5,0.375,14,"2","0.3",0,"1",4,1
"6",91,7,"bg",2,1,4,0,"0.7","0.3","bandit",6,0.5,0.375,15,"2","0.3",0,"0",1,1
"6",91,7,"bg",2,1,4,0,"0.7","0.3","bandit",6,0.5,0.375,16,"1","0.7",0,"1",4,1
"6",91,7,"bg",2,1,4,0,"0.7","0.3","bandit",6,0.5,0.375,17,"2","0.3",1,"0",1,1
"6",91,7,"bg",2,1,4,0,"0.7","0.3","bandit",6,0.5,0.375,18,"1","0.7",0,"1",3,1
"6",91,7,"bg",2,1,4,0,"0.7","0.3","bandit",6,0.5,0.375,19,"2","0.3",0,"1",3,1
"6",91,7,"bg",2,1,4,0,"0.7","0.3","bandit",6,0.5,0.375,20,"2","0.3",0,"0",3,1
"7",117,9,"gb",2,3,3,4,"0.3","0.7","tycoon",13,0.625,0.875,1,"2","0.7",1,"1",4,2
"7",117,9,"gb",2,3,3,4,"0.3","0.7","tycoon",13,0.625,0.875,2,"2","0.7",1,"0",4,2
"7",117,9,"gb",2,3,3,4,"0.3","0.7","tycoon",13,0.625,0.875,3,"2","0.7",1,"1",4,2
"7",117,9,"gb",2,3,3,4,"0.3","0.7","tycoon",13,0.625,0.875,4,"2","0.7",1,"1",4,2
"7",117,9,"gb",2,3,3,4,"0.3","0.7","tycoon",13,0.625,0.875,5,"2","0.7",0,"0",4,2
"7",117,9,"gb",2,3,3,4,"0.3","0.7","tycoon",13,0.625,0.875,6,"1","0.3",0,"0",1,2
"7",117,9,"gb",2,3,3,4,"0.3","0.7","tycoon",13,0.625,0.875,7,"2","0.7",1,"1",1,2
"7",117,9,"gb",2,3,3,4,"0.3","0.7","tycoon",13,0.625,0.875,8,"2","0.7",1,"0",1,2
"7",117,9,"gb",2,3,3,4,"0.3","0.7","tycoon",13,0.625,0.875,9,"2","0.7",0,"0",1,2
"7",117,9,"gb",2,3,3,4,"0.3","0.7","tycoon",13,0.625,0.875,10,"2","0.7",1,"1",1,2
"7",117,9,"gb",2,3,3,4,"0.3","0.7","tycoon",13,0.625,0.875,11,"2","0.7",0,"0",1,2
"7",117,9,"gb",2,3,3,4,"0.3","0.7","tycoon",13,0.625,0.875,12,"2","0.7",1,"0",1,2
"7",117,9,"gb",2,3,3,4,"0.3","0.7","tycoon",13,0.625,0.875,13,"2","0.7",1,"0",1,2
"7",117,9,"gb",2,3,3,4,"0.3","0.7","tycoon",13,0.625,0.875,14,"2","0.7",0,"0",1,2
"7",117,9,"gb",2,3,3,4,"0.3","0.7","tycoon",13,0.625,0.875,15,"1","0.3",1,"1",1,2
"7",117,9,"gb",2,3,3,4,"0.3","0.7","tycoon",13,0.625,0.875,16,"1","0.3",0,"0",1,2
"7",117,9,"gb",2,3,3,4,"0.3","0.7","tycoon",13,0.625,0.875,17,"1","0.3",1,"0",1,2
"7",117,9,"gb",2,3,3,4,"0.3","0.7","tycoon",13,0.625,0.875,18,"1","0.3",1,"0",1,2
"7",117,9,"gb",2,3,3,4,"0.3","0.7","tycoon",13,0.625,0.875,19,"1","0.3",1,"1",1,2
"7",117,9,"gb",2,3,3,4,"0.3","0.7","tycoon",13,0.625,0.875,20,"1","0.3",0,"0",1,2
"8",88,7,"bg",1,2,4,3,"0.3","0.7","tycoon",15,0.375,0.875,1,"1","0.3",0,"0",4,2
"8",88,7,"bg",1,2,4,3,"0.3","0.7","tycoon",15,0.375,0.875,2,"2","0.7",1,"1",4,2
"8",88,7,"bg",1,2,4,3,"0.3","0.7","tycoon",15,0.375,0.875,3,"2","0.7",1,"1",4,2
"8",88,7,"bg",1,2,4,3,"0.3","0.7","tycoon",15,0.375,0.875,4,"2","0.7",1,"0",4,2
"8",88,7,"bg",1,2,4,3,"0.3","0.7","tycoon",15,0.375,0.875,5,"2","0.7",1,"1",4,2
"8",88,7,"bg",1,2,4,3,"0.3","0.7","tycoon",15,0.375,0.875,6,"2","0.7",1,"0",4,2
"8",88,7,"bg",1,2,4,3,"0.3","0.7","tycoon",15,0.375,0.875,7,"2","0.7",0,"0",4,2
"8",88,7,"bg",1,2,4,3,"0.3","0.7","tycoon",15,0.375,0.875,8,"2","0.7",1,"0",4,2
"8",88,7,"bg",1,2,4,3,"0.3","0.7","tycoon",15,0.375,0.875,9,"1","0.3",1,"0",4,2
"8",88,7,"bg",1,2,4,3,"0.3","0.7","tycoon",15,0.375,0.875,10,"2","0.7",1,"0",4,2
"8",88,7,"bg",1,2,4,3,"0.3","0.7","tycoon",15,0.375,0.875,11,"2","0.7",1,"0",4,2
"8",88,7,"bg",1,2,4,3,"0.3","0.7","tycoon",15,0.375,0.875,12,"2","0.7",1,"1",4,2
"8",88,7,"bg",1,2,4,3,"0.3","0.7","tycoon",15,0.375,0.875,13,"2","0.7",1,"1",4,2
"8",88,7,"bg",1,2,4,3,"0.3","0.7","tycoon",15,0.375,0.875,14,"1","0.3",1,"0",4,2
"8",88,7,"bg",1,2,4,3,"0.3","0.7","tycoon",15,0.375,0.875,15,"2","0.7",1,"1",4,2
"8",88,7,"bg",1,2,4,3,"0.3","0.7","tycoon",15,0.375,0.875,16,"2","0.7",1,"0",4,2
"8",88,7,"bg",1,2,4,3,"0.3","0.7","tycoon",15,0.375,0.875,17,"1","0.3",0,"0",4,2
"8",88,7,"bg",1,2,4,3,"0.3","0.7","tycoon",15,0.375,0.875,18,"2","0.7",0,"0",4,2
"8",88,7,"bg",1,2,4,3,"0.3","0.7","tycoon",15,0.375,0.875,19,"2","0.7",1,"1",4,2
"8",88,7,"bg",1,2,4,3,"0.3","0.7","tycoon",15,0.375,0.875,20,"1","0.3",0,"0",4,2
"9",66,5,"bg",2,2,4,4,"0.3","0.7","tycoon",15,0.5,1,1,"2","0.7",0,"0",4,2
"9",66,5,"bg",2,2,4,4,"0.3","0.7","tycoon",15,0.5,1,2,"1","0.3",0,"0",4,2
"9",66,5,"bg",2,2,4,4,"0.3","0.7","tycoon",15,0.5,1,3,"1","0.3",0,"0",4,2
"9",66,5,"bg",2,2,4,4,"0.3","0.7","tycoon",15,0.5,1,4,"2","0.7",1,"0",4,2
"9",66,5,"bg",2,2,4,4,"0.3","0.7","tycoon",15,0.5,1,5,"2","0.7",1,"1",4,2
"9",66,5,"bg",2,2,4,4,"0.3","0.7","tycoon",15,0.5,1,6,"2","0.7",1,"0",4,2
"9",66,5,"bg",2,2,4,4,"0.3","0.7","tycoon",15,0.5,1,7,"2","0.7",0,"0",4,2
"9",66,5,"bg",2,2,4,4,"0.3","0.7","tycoon",15,0.5,1,8,"2","0.7",1,"1",4,2
"9",66,5,"bg",2,2,4,4,"0.3","0.7","tycoon",15,0.5,1,9,"1","0.3",1,"1",4,2
"9",66,5,"bg",2,2,4,4,"0.3","0.7","tycoon",15,0.5,1,10,"2","0.7",1,"1",4,2
"9",66,5,"bg",2,2,4,4,"0.3","0.7","tycoon",15,0.5,1,11,"2","0.7",1,"1",2,2
"9",66,5,"bg",2,2,4,4,"0.3","0.7","tycoon",15,0.5,1,12,"2","0.7",1,"0",1,2
"9",66,5,"bg",2,2,4,4,"0.3","0.7","tycoon",15,0.5,1,13,"2","0.7",1,"0",3,2
"9",66,5,"bg",2,2,4,4,"0.3","0.7","tycoon",15,0.5,1,14,"2","0.7",1,"0",4,2
"9",66,5,"bg",2,2,4,4,"0.3","0.7","tycoon",15,0.5,1,15,"2","0.7",1,"0",3,2
"9",66,5,"bg",2,2,4,4,"0.3","0.7","tycoon",15,0.5,1,16,"2","0.7",1,"1",2,2
"9",66,5,"bg",2,2,4,4,"0.3","0.7","tycoon",15,0.5,1,17,"2","0.7",0,"0",1,2
"9",66,5,"bg",2,2,4,4,"0.3","0.7","tycoon",15,0.5,1,18,"1","0.3",1,"1",4,2
"9",66,5,"bg",2,2,4,4,"0.3","0.7","tycoon",15,0.5,1,19,"2","0.7",1,"0",3,2
"9",66,5,"bg",2,2,4,4,"0.3","0.7","tycoon",15,0.5,1,20,"2","0.7",1,"0",2,2
"10",107,8,"bg",2,4,0,1,"0.7","0.3","bandit",6,0.125,0.75,1,"2","0.3",0,"0",4,1
"10",107,8,"bg",2,4,0,1,"0.7","0.3","bandit",6,0.125,0.75,2,"1","0.7",1,"0",2,1
"10",107,8,"bg",2,4,0,1,"0.7","0.3","bandit",6,0.125,0.75,3,"1","0.7",1,"0",3,1
"10",107,8,"bg",2,4,0,1,"0.7","0.3","bandit",6,0.125,0.75,4,"2","0.3",0,"0",4,1
"10",107,8,"bg",2,4,0,1,"0.7","0.3","bandit",6,0.125,0.75,5,"1","0.7",0,"0",4,1
"10",107,8,"bg",2,4,0,1,"0.7","0.3","bandit",6,0.125,0.75,6,"1","0.7",0,"1",4,1
"10",107,8,"bg",2,4,0,1,"0.7","0.3","bandit",6,0.125,0.75,7,"1","0.7",0,"1",1,1
"10",107,8,"bg",2,4,0,1,"0.7","0.3","bandit",6,0.125,0.75,8,"2","0.3",0,"1",1,1
"10",107,8,"bg",2,4,0,1,"0.7","0.3","bandit",6,0.125,0.75,9,"1","0.7",0,"0",2,1
"10",107,8,"bg",2,4,0,1,"0.7","0.3","bandit",6,0.125,0.75,10,"2","0.3",0,"0",2,1
"10",107,8,"bg",2,4,0,1,"0.7","0.3","bandit",6,0.125,0.75,11,"1","0.7",1,"0",1,1
"10",107,8,"bg",2,4,0,1,"0.7","0.3","bandit",6,0.125,0.75,12,"1","0.7",1,"0",2,1
"10",107,8,"bg",2,4,0,1,"0.7","0.3","bandit",6,0.125,0.75,13,"1","0.7",0,"1",1,1
"10",107,8,"bg",2,4,0,1,"0.7","0.3","bandit",6,0.125,0.75,14,"2","0.3",0,"1",4,1
"10",107,8,"bg",2,4,0,1,"0.7","0.3","bandit",6,0.125,0.75,15,"1","0.7",0,"0",1,1
"10",107,8,"bg",2,4,0,1,"0.7","0.3","bandit",6,0.125,0.75,16,"2","0.3",0,"1",4,1
"10",107,8,"bg",2,4,0,1,"0.7","0.3","bandit",6,0.125,0.75,17,"1","0.7",1,"0",1,1
"10",107,8,"bg",2,4,0,1,"0.7","0.3","bandit",6,0.125,0.75,18,"2","0.3",0,"0",4,1
"10",107,8,"bg",2,4,0,1,"0.7","0.3","bandit",6,0.125,0.75,19,"1","0.7",1,"0",3,1
"10",107,8,"bg",2,4,0,1,"0.7","0.3","bandit",6,0.125,0.75,20,"2","0.3",0,"1",3,1
"11",73,6,"gb",2,2,1,1,"0.7","0.3","bandit",6,0.25,0.5,1,"2","0.3",0,"0",4,1
"11",73,6,"gb",2,2,1,1,"0.7","0.3","bandit",6,0.25,0.5,2,"1","0.7",1,"0",1,1
"11",73,6,"gb",2,2,1,1,"0.7","0.3","bandit",6,0.25,0.5,3,"1","0.7",0,"1",1,1
"11",73,6,"gb",2,2,1,1,"0.7","0.3","bandit",6,0.25,0.5,4,"1","0.7",0,"0",1,1
"11",73,6,"gb",2,2,1,1,"0.7","0.3","bandit",6,0.25,0.5,5,"2","0.3",0,"0",4,1
"11",73,6,"gb",2,2,1,1,"0.7","0.3","bandit",6,0.25,0.5,6,"1","0.7",0,"1",4,1
"11",73,6,"gb",2,2,1,1,"0.7","0.3","bandit",6,0.25,0.5,7,"2","0.3",0,"0",4,1
"11",73,6,"gb",2,2,1,1,"0.7","0.3","bandit",6,0.25,0.5,8,"1","0.7",1,"0",1,1
"11",73,6,"gb",2,2,1,1,"0.7","0.3","bandit",6,0.25,0.5,9,"2","0.3",0,"1",1,1
"11",73,6,"gb",2,2,1,1,"0.7","0.3","bandit",6,0.25,0.5,10,"1","0.7",1,"0",1,1
"11",73,6,"gb",2,2,1,1,"0.7","0.3","bandit",6,0.25,0.5,11,"1","0.7",0,"0",4,1
"11",73,6,"gb",2,2,1,1,"0.7","0.3","bandit",6,0.25,0.5,12,"2","0.3",1,"0",1,1
"11",73,6,"gb",2,2,1,1,"0.7","0.3","bandit",6,0.25,0.5,13,"1","0.7",0,"1",4,1
"11",73,6,"gb",2,2,1,1,"0.7","0.3","bandit",6,0.25,0.5,14,"2","0.3",0,"1",4,1
"11",73,6,"gb",2,2,1,1,"0.7","0.3","bandit",6,0.25,0.5,15,"1","0.7",1,"0",1,1
"11",73,6,"gb",2,2,1,1,"0.7","0.3","bandit",6,0.25,0.5,16,"2","0.3",0,"0",4,1
"11",73,6,"gb",2,2,1,1,"0.7","0.3","bandit",6,0.25,0.5,17,"1","0.7",0,"1",4,1
"11",73,6,"gb",2,2,1,1,"0.7","0.3","bandit",6,0.25,0.5,18,"1","0.7",1,"0",1,1
"11",73,6,"gb",2,2,1,1,"0.7","0.3","bandit",6,0.25,0.5,19,"1","0.7",0,"1",4,1
"11",73,6,"gb",2,2,1,1,"0.7","0.3","bandit",6,0.25,0.5,20,"1","0.7",0,"0",4,1
"12",79,6,"bg",4,3,4,3,"0.7","0.3","bandit",4,0.875,0.875,1,"1","0.7",1,"0",3,1
"12",79,6,"bg",4,3,4,3,"0.7","0.3","bandit",4,0.875,0.875,2,"2","0.3",0,"0",4,1
"12",79,6,"bg",4,3,4,3,"0.7","0.3","bandit",4,0.875,0.875,3,"1","0.7",0,"0",3,1
"12",79,6,"bg",4,3,4,3,"0.7","0.3","bandit",4,0.875,0.875,4,"1","0.7",0,"1",2,1
"12",79,6,"bg",4,3,4,3,"0.7","0.3","bandit",4,0.875,0.875,5,"2","0.3",0,"0",1,1
"12",79,6,"bg",4,3,4,3,"0.7","0.3","bandit",4,0.875,0.875,6,"1","0.7",0,"0",4,1
"12",79,6,"bg",4,3,4,3,"0.7","0.3","bandit",4,0.875,0.875,7,"1","0.7",0,"0",3,1
"12",79,6,"bg",4,3,4,3,"0.7","0.3","bandit",4,0.875,0.875,8,"1","0.7",1,"0",3,1
"12",79,6,"bg",4,3,4,3,"0.7","0.3","bandit",4,0.875,0.875,9,"1","0.7",1,"0",3,1
"12",79,6,"bg",4,3,4,3,"0.7","0.3","bandit",4,0.875,0.875,10,"1","0.7",0,"0",3,1
"12",79,6,"bg",4,3,4,3,"0.7","0.3","bandit",4,0.875,0.875,11,"2","0.3",0,"1",4,1
"12",79,6,"bg",4,3,4,3,"0.7","0.3","bandit",4,0.875,0.875,12,"1","0.7",0,"1",4,1
"12",79,6,"bg",4,3,4,3,"0.7","0.3","bandit",4,0.875,0.875,13,"1","0.7",0,"1",3,1
"12",79,6,"bg",4,3,4,3,"0.7","0.3","bandit",4,0.875,0.875,14,"2","0.3",0,"0",2,1
"12",79,6,"bg",4,3,4,3,"0.7","0.3","bandit",4,0.875,0.875,15,"1","0.7",0,"1",3,1
"12",79,6,"bg",4,3,4,3,"0.7","0.3","bandit",4,0.875,0.875,16,"2","0.3",0,"0",4,1
"12",79,6,"bg",4,3,4,3,"0.7","0.3","bandit",4,0.875,0.875,17,"1","0.7",0,"1",3,1
"12",79,6,"bg",4,3,4,3,"0.7","0.3","bandit",4,0.875,0.875,18,"2","0.3",0,"0",3,1
"12",79,6,"bg",4,3,4,3,"0.7","0.3","bandit",4,0.875,0.875,19,"1","0.7",1,"0",3,1
"12",79,6,"bg",4,3,4,3,"0.7","0.3","bandit",4,0.875,0.875,20,"1","0.7",0,"1",3,1
"13",79,6,"gb",3,3,4,3,"0.3","0.7","tycoon",14,0.75,0.875,1,"1","0.3",1,"0",3,2
"13",79,6,"gb",3,3,4,3,"0.3","0.7","tycoon",14,0.75,0.875,2,"2","0.7",1,"1",3,2
"13",79,6,"gb",3,3,4,3,"0.3","0.7","tycoon",14,0.75,0.875,3,"1","0.3",1,"0",3,2
"13",79,6,"gb",3,3,4,3,"0.3","0.7","tycoon",14,0.75,0.875,4,"1","0.3",1,"1",3,2
"13",79,6,"gb",3,3,4,3,"0.3","0.7","tycoon",14,0.75,0.875,5,"2","0.7",1,"0",3,2
"13",79,6,"gb",3,3,4,3,"0.3","0.7","tycoon",14,0.75,0.875,6,"2","0.7",0,"0",1,2
"13",79,6,"gb",3,3,4,3,"0.3","0.7","tycoon",14,0.75,0.875,7,"2","0.7",1,"0",4,2
"13",79,6,"gb",3,3,4,3,"0.3","0.7","tycoon",14,0.75,0.875,8,"1","0.3",0,"0",4,2
"13",79,6,"gb",3,3,4,3,"0.3","0.7","tycoon",14,0.75,0.875,9,"1","0.3",1,"1",3,2
"13",79,6,"gb",3,3,4,3,"0.3","0.7","tycoon",14,0.75,0.875,10,"2","0.7",1,"0",1,2
"13",79,6,"gb",3,3,4,3,"0.3","0.7","tycoon",14,0.75,0.875,11,"1","0.3",0,"0",1,2
"13",79,6,"gb",3,3,4,3,"0.3","0.7","tycoon",14,0.75,0.875,12,"2","0.7",1,"0",3,2
"13",79,6,"gb",3,3,4,3,"0.3","0.7","tycoon",14,0.75,0.875,13,"1","0.3",1,"1",3,2
"13",79,6,"gb",3,3,4,3,"0.3","0.7","tycoon",14,0.75,0.875,14,"1","0.3",0,"0",1,2
"13",79,6,"gb",3,3,4,3,"0.3","0.7","tycoon",14,0.75,0.875,15,"2","0.7",1,"0",1,2
"13",79,6,"gb",3,3,4,3,"0.3","0.7","tycoon",14,0.75,0.875,16,"2","0.7",1,"1",1,2
"13",79,6,"gb",3,3,4,3,"0.3","0.7","tycoon",14,0.75,0.875,17,"1","0.3",0,"0",1,2
"13",79,6,"gb",3,3,4,3,"0.3","0.7","tycoon",14,0.75,0.875,18,"2","0.7",0,"0",1,2
"13",79,6,"gb",3,3,4,3,"0.3","0.7","tycoon",14,0.75,0.875,19,"2","0.7",1,"1",1,2
"13",79,6,"gb",3,3,4,3,"0.3","0.7","tycoon",14,0.75,0.875,20,"2","0.7",1,"1",1,2
"14",96,8,"bg",2,3,1,3,"0.3","0.7","bandit",9,0.625,0.5,1,"1","0.3",0,"1",1,1
"14",96,8,"bg",2,3,1,3,"0.3","0.7","bandit",9,0.625,0.5,2,"2","0.7",1,"0",1,1
"14",96,8,"bg",2,3,1,3,"0.3","0.7","bandit",9,0.625,0.5,3,"1","0.3",0,"1",4,1
"14",96,8,"bg",2,3,1,3,"0.3","0.7","bandit",9,0.625,0.5,4,"2","0.7",1,"0",1,1
"14",96,8,"bg",2,3,1,3,"0.3","0.7","bandit",9,0.625,0.5,5,"2","0.7",0,"1",1,1
"14",96,8,"bg",2,3,1,3,"0.3","0.7","bandit",9,0.625,0.5,6,"1","0.3",0,"0",1,1
"14",96,8,"bg",2,3,1,3,"0.3","0.7","bandit",9,0.625,0.5,7,"2","0.7",1,"0",1,1
"14",96,8,"bg",2,3,1,3,"0.3","0.7","bandit",9,0.625,0.5,8,"2","0.7",0,"0",1,1
"14",96,8,"bg",2,3,1,3,"0.3","0.7","bandit",9,0.625,0.5,9,"2","0.7",1,"0",1,1
"14",96,8,"bg",2,3,1,3,"0.3","0.7","bandit",9,0.625,0.5,10,"1","0.3",0,"0",1,1
"14",96,8,"bg",2,3,1,3,"0.3","0.7","bandit",9,0.625,0.5,11,"2","0.7",0,"1",1,1
"14",96,8,"bg",2,3,1,3,"0.3","0.7","bandit",9,0.625,0.5,12,"2","0.7",0,"0",1,1
"14",96,8,"bg",2,3,1,3,"0.3","0.7","bandit",9,0.625,0.5,13,"1","0.3",1,"0",1,1
"14",96,8,"bg",2,3,1,3,"0.3","0.7","bandit",9,0.625,0.5,14,"2","0.7",1,"0",1,1
"14",96,8,"bg",2,3,1,3,"0.3","0.7","bandit",9,0.625,0.5,15,"1","0.3",0,"1",1,1
"14",96,8,"bg",2,3,1,3,"0.3","0.7","bandit",9,0.625,0.5,16,"2","0.7",1,"0",1,1
"14",96,8,"bg",2,3,1,3,"0.3","0.7","bandit",9,0.625,0.5,17,"2","0.7",0,"1",1,1
"14",96,8,"bg",2,3,1,3,"0.3","0.7","bandit",9,0.625,0.5,18,"1","0.3",1,"0",1,1
"14",96,8,"bg",2,3,1,3,"0.3","0.7","bandit",9,0.625,0.5,19,"2","0.7",1,"0",1,1
"14",96,8,"bg",2,3,1,3,"0.3","0.7","bandit",9,0.625,0.5,20,"2","0.7",0,"1",1,1
"15",99,8,"gb",2,0,2,3,"0.3","0.7","bandit",7,0.25,0.625,1,"1","0.3",0,"0",4,1
"15",99,8,"gb",2,0,2,3,"0.3","0.7","bandit",7,0.25,0.625,2,"2","0.7",0,"1",4,1
"15",99,8,"gb",2,0,2,3,"0.3","0.7","bandit",7,0.25,0.625,3,"1","0.3",0,"1",4,1
"15",99,8,"gb",2,0,2,3,"0.3","0.7","bandit",7,0.25,0.625,4,"1","0.3",0,"1",4,1
"15",99,8,"gb",2,0,2,3,"0.3","0.7","bandit",7,0.25,0.625,5,"2","0.7",0,"0",4,1
"15",99,8,"gb",2,0,2,3,"0.3","0.7","bandit",7,0.25,0.625,6,"2","0.7",0,"0",4,1
"15",99,8,"gb",2,0,2,3,"0.3","0.7","bandit",7,0.25,0.625,7,"1","0.3",0,"0",4,1
"15",99,8,"gb",2,0,2,3,"0.3","0.7","bandit",7,0.25,0.625,8,"1","0.3",0,"0",4,1
"15",99,8,"gb",2,0,2,3,"0.3","0.7","bandit",7,0.25,0.625,9,"2","0.7",1,"0",4,1
"15",99,8,"gb",2,0,2,3,"0.3","0.7","bandit",7,0.25,0.625,10,"1","0.3",0,"1",4,1
"15",99,8,"gb",2,0,2,3,"0.3","0.7","bandit",7,0.25,0.625,11,"1","0.3",0,"0",4,1
"15",99,8,"gb",2,0,2,3,"0.3","0.7","bandit",7,0.25,0.625,12,"2","0.7",1,"0",4,1
"15",99,8,"gb",2,0,2,3,"0.3","0.7","bandit",7,0.25,0.625,13,"2","0.7",1,"0",4,1
"15",99,8,"gb",2,0,2,3,"0.3","0.7","bandit",7,0.25,0.625,14,"2","0.7",0,"1",4,1
"15",99,8,"gb",2,0,2,3,"0.3","0.7","bandit",7,0.25,0.625,15,"1","0.3",0,"1",1,1
"15",99,8,"gb",2,0,2,3,"0.3","0.7","bandit",7,0.25,0.625,16,"2","0.7",0,"1",4,1
"15",99,8,"gb",2,0,2,3,"0.3","0.7","bandit",7,0.25,0.625,17,"2","0.7",1,"0",4,1
"15",99,8,"gb",2,0,2,3,"0.3","0.7","bandit",7,0.25,0.625,18,"2","0.7",1,"0",4,1
"15",99,8,"gb",2,0,2,3,"0.3","0.7","bandit",7,0.25,0.625,19,"2","0.7",1,"0",4,1
"15",99,8,"gb",2,0,2,3,"0.3","0.7","bandit",7,0.25,0.625,20,"2","0.7",1,"0",4,1
"16",93,7,"bg",4,3,2,3,"0.3","0.7","tycoon",14,0.875,0.625,1,"1","0.3",1,"1",4,2
"16",93,7,"bg",4,3,2,3,"0.3","0.7","tycoon",14,0.875,0.625,2,"2","0.7",1,"0",4,2
"16",93,7,"bg",4,3,2,3,"0.3","0.7","tycoon",14,0.875,0.625,3,"1","0.3",1,"1",4,2
"16",93,7,"bg",4,3,2,3,"0.3","0.7","tycoon",14,0.875,0.625,4,"2","0.7",1,"0",1,2
"16",93,7,"bg",4,3,2,3,"0.3","0.7","tycoon",14,0.875,0.625,5,"1","0.3",0,"0",4,2
"16",93,7,"bg",4,3,2,3,"0.3","0.7","tycoon",14,0.875,0.625,6,"2","0.7",1,"0",1,2
"16",93,7,"bg",4,3,2,3,"0.3","0.7","tycoon",14,0.875,0.625,7,"2","0.7",1,"0",1,2
"16",93,7,"bg",4,3,2,3,"0.3","0.7","tycoon",14,0.875,0.625,8,"2","0.7",0,"0",1,2
"16",93,7,"bg",4,3,2,3,"0.3","0.7","tycoon",14,0.875,0.625,9,"1","0.3",0,"0",1,2
"16",93,7,"bg",4,3,2,3,"0.3","0.7","tycoon",14,0.875,0.625,10,"2","0.7",1,"0",1,2
"16",93,7,"bg",4,3,2,3,"0.3","0.7","tycoon",14,0.875,0.625,11,"2","0.7",1,"0",1,2
"16",93,7,"bg",4,3,2,3,"0.3","0.7","tycoon",14,0.875,0.625,12,"1","0.3",1,"0",1,2
"16",93,7,"bg",4,3,2,3,"0.3","0.7","tycoon",14,0.875,0.625,13,"2","0.7",0,"0",1,2
"16",93,7,"bg",4,3,2,3,"0.3","0.7","tycoon",14,0.875,0.625,14,"1","0.3",1,"1",4,2
"16",93,7,"bg",4,3,2,3,"0.3","0.7","tycoon",14,0.875,0.625,15,"2","0.7",1,"1",4,2
"16",93,7,"bg",4,3,2,3,"0.3","0.7","tycoon",14,0.875,0.625,16,"1","0.3",1,"1",4,2
"16",93,7,"bg",4,3,2,3,"0.3","0.7","tycoon",14,0.875,0.625,17,"2","0.7",1,"1",4,2
"16",93,7,"bg",4,3,2,3,"0.3","0.7","tycoon",14,0.875,0.625,18,"2","0.7",0,"0",1,2
"16",93,7,"bg",4,3,2,3,"0.3","0.7","tycoon",14,0.875,0.625,19,"1","0.3",0,"0",1,2
"16",93,7,"bg",4,3,2,3,"0.3","0.7","tycoon",14,0.875,0.625,20,"2","0.7",1,"1",4,2
"17",73,6,"gb",4,3,2,1,"0.7","0.3","tycoon",15,0.375,0.875,1,"1","0.7",1,"0",2,2
"17",73,6,"gb",4,3,2,1,"0.7","0.3","tycoon",15,0.375,0.875,2,"1","0.7",1,"1",4,2
"17",73,6,"gb",4,3,2,1,"0.7","0.3","tycoon",15,0.375,0.875,3,"2","0.3",1,"1",2,2
"17",73,6,"gb",4,3,2,1,"0.7","0.3","tycoon",15,0.375,0.875,4,"1","0.7",1,"0",2,2
"17",73,6,"gb",4,3,2,1,"0.7","0.3","tycoon",15,0.375,0.875,5,"2","0.3",1,"0",3,2
"17",73,6,"gb",4,3,2,1,"0.7","0.3","tycoon",15,0.375,0.875,6,"2","0.3",0,"0",1,2
"17",73,6,"gb",4,3,2,1,"0.7","0.3","tycoon",15,0.375,0.875,7,"1","0.7",1,"1",2,2
"17",73,6,"gb",4,3,2,1,"0.7","0.3","tycoon",15,0.375,0.875,8,"2","0.3",0,"0",4,2
"17",73,6,"gb",4,3,2,1,"0.7","0.3","tycoon",15,0.375,0.875,9,"1","0.7",1,"0",1,2
"17",73,6,"gb",4,3,2,1,"0.7","0.3","tycoon",15,0.375,0.875,10,"2","0.3",1,"1",3,2
"17",73,6,"gb",4,3,2,1,"0.7","0.3","tycoon",15,0.375,0.875,11,"2","0.3",0,"0",1,2
"17",73,6,"gb",4,3,2,1,"0.7","0.3","tycoon",15,0.375,0.875,12,"1","0.7",0,"0",4,2
"17",73,6,"gb",4,3,2,1,"0.7","0.3","tycoon",15,0.375,0.875,13,"2","0.3",0,"0",2,2
"17",73,6,"gb",4,3,2,1,"0.7","0.3","tycoon",15,0.375,0.875,14,"1","0.7",1,"1",2,2
"17",73,6,"gb",4,3,2,1,"0.7","0.3","tycoon",15,0.375,0.875,15,"1","0.7",1,"1",1,2
"17",73,6,"gb",4,3,2,1,"0.7","0.3","tycoon",15,0.375,0.875,16,"2","0.3",1,"1",3,2
"17",73,6,"gb",4,3,2,1,"0.7","0.3","tycoon",15,0.375,0.875,17,"1","0.7",1,"0",4,2
"17",73,6,"gb",4,3,2,1,"0.7","0.3","tycoon",15,0.375,0.875,18,"2","0.3",1,"0",2,2
"17",73,6,"gb",4,3,2,1,"0.7","0.3","tycoon",15,0.375,0.875,19,"1","0.7",1,"0",1,2
"17",73,6,"gb",4,3,2,1,"0.7","0.3","tycoon",15,0.375,0.875,20,"2","0.3",1,"0",2,2
"18",82,6,"bg",3,4,4,3,"0.3","0.7","tycoon",13,0.875,0.875,1,"1","0.3",0,"0",4,2
"18",82,6,"bg",3,4,4,3,"0.3","0.7","tycoon",13,0.875,0.875,2,"2","0.7",1,"1",4,2
"18",82,6,"bg",3,4,4,3,"0.3","0.7","tycoon",13,0.875,0.875,3,"1","0.3",1,"1",4,2
"18",82,6,"bg",3,4,4,3,"0.3","0.7","tycoon",13,0.875,0.875,4,"2","0.7",0,"0",4,2
"18",82,6,"bg",3,4,4,3,"0.3","0.7","tycoon",13,0.875,0.875,5,"1","0.3",1,"0",4,2
"18",82,6,"bg",3,4,4,3,"0.3","0.7","tycoon",13,0.875,0.875,6,"2","0.7",1,"1",4,2
"18",82,6,"bg",3,4,4,3,"0.3","0.7","tycoon",13,0.875,0.875,7,"1","0.3",1,"0",4,2
"18",82,6,"bg",3,4,4,3,"0.3","0.7","tycoon",13,0.875,0.875,8,"2","0.7",1,"1",4,2
"18",82,6,"bg",3,4,4,3,"0.3","0.7","tycoon",13,0.875,0.875,9,"1","0.3",0,"0",4,2
"18",82,6,"bg",3,4,4,3,"0.3","0.7","tycoon",13,0.875,0.875,10,"2","0.7",1,"1",4,2
"18",82,6,"bg",3,4,4,3,"0.3","0.7","tycoon",13,0.875,0.875,11,"1","0.3",0,"0",4,2
"18",82,6,"bg",3,4,4,3,"0.3","0.7","tycoon",13,0.875,0.875,12,"2","0.7",1,"0",4,2
"18",82,6,"bg",3,4,4,3,"0.3","0.7","tycoon",13,0.875,0.875,13,"1","0.3",0,"0",4,2
"18",82,6,"bg",3,4,4,3,"0.3","0.7","tycoon",13,0.875,0.875,14,"2","0.7",1,"0",4,2
"18",82,6,"bg",3,4,4,3,"0.3","0.7","tycoon",13,0.875,0.875,15,"1","0.3",1,"1",4,2
"18",82,6,"bg",3,4,4,3,"0.3","0.7","tycoon",13,0.875,0.875,16,"2","0.7",1,"1",4,2
"18",82,6,"bg",3,4,4,3,"0.3","0.7","tycoon",13,0.875,0.875,17,"1","0.3",0,"0",4,2
"18",82,6,"bg",3,4,4,3,"0.3","0.7","tycoon",13,0.875,0.875,18,"2","0.7",0,"0",4,2
"18",82,6,"bg",3,4,4,3,"0.3","0.7","tycoon",13,0.875,0.875,19,"1","0.3",1,"0",4,2
"18",82,6,"bg",3,4,4,3,"0.3","0.7","tycoon",13,0.875,0.875,20,"2","0.7",1,"0",4,2
"19",90,7,"bg",0,0,4,4,"0.3","0.7","bandit",6,0,1,1,"2","0.7",1,"0",4,1
"19",90,7,"bg",0,0,4,4,"0.3","0.7","bandit",6,0,1,2,"1","0.3",0,"0",4,1
"19",90,7,"bg",0,0,4,4,"0.3","0.7","bandit",6,0,1,3,"1","0.3",0,"0",1,1
"19",90,7,"bg",0,0,4,4,"0.3","0.7","bandit",6,0,1,4,"2","0.7",0,"1",4,1
"19",90,7,"bg",0,0,4,4,"0.3","0.7","bandit",6,0,1,5,"2","0.7",0,"1",3,1
"19",90,7,"bg",0,0,4,4,"0.3","0.7","bandit",6,0,1,6,"1","0.3",0,"1",4,1
"19",90,7,"bg",0,0,4,4,"0.3","0.7","bandit",6,0,1,7,"1","0.3",0,"0",2,1
"19",90,7,"bg",0,0,4,4,"0.3","0.7","bandit",6,0,1,8,"2","0.7",1,"0",4,1
"19",90,7,"bg",0,0,4,4,"0.3","0.7","bandit",6,0,1,9,"2","0.7",0,"1",4,1
"19",90,7,"bg",0,0,4,4,"0.3","0.7","bandit",6,0,1,10,"2","0.7",1,"0",4,1
"19",90,7,"bg",0,0,4,4,"0.3","0.7","bandit",6,0,1,11,"2","0.7",0,"0",4,1
"19",90,7,"bg",0,0,4,4,"0.3","0.7","bandit",6,0,1,12,"2","0.7",0,"0",4,1
"19",90,7,"bg",0,0,4,4,"0.3","0.7","bandit",6,0,1,13,"1","0.3",0,"0",4,1
"19",90,7,"bg",0,0,4,4,"0.3","0.7","bandit",6,0,1,14,"1","0.3",0,"0",4,1
"19",90,7,"bg",0,0,4,4,"0.3","0.7","bandit",6,0,1,15,"1","0.3",0,"1",4,1
"19",90,7,"bg",0,0,4,4,"0.3","0.7","bandit",6,0,1,16,"2","0.7",1,"0",4,1
"19",90,7,"bg",0,0,4,4,"0.3","0.7","bandit",6,0,1,17,"2","0.7",0,"1",4,1
"19",90,7,"bg",0,0,4,4,"0.3","0.7","bandit",6,0,1,18,"2","0.7",0,"1",4,1
"19",90,7,"bg",0,0,4,4,"0.3","0.7","bandit",6,0,1,19,"2","0.7",1,"0",4,1
"19",90,7,"bg",0,0,4,4,"0.3","0.7","bandit",6,0,1,20,"2","0.7",1,"0",4,1
"20",113,9,"bg",1,0,4,4,"0.3","0.7","tycoon",19,0.125,1,1,"1","0.3",1,"0",4,2
"20",113,9,"bg",1,0,4,4,"0.3","0.7","tycoon",19,0.125,1,2,"2","0.7",1,"0",4,2
"20",113,9,"bg",1,0,4,4,"0.3","0.7","tycoon",19,0.125,1,3,"1","0.3",0,"0",1,2
"20",113,9,"bg",1,0,4,4,"0.3","0.7","tycoon",19,0.125,1,4,"2","0.7",1,"1",1,2
"20",113,9,"bg",1,0,4,4,"0.3","0.7","tycoon",19,0.125,1,5,"2","0.7",1,"1",1,2
"20",113,9,"bg",1,0,4,4,"0.3","0.7","tycoon",19,0.125,1,6,"2","0.7",1,"0",1,2
"20",113,9,"bg",1,0,4,4,"0.3","0.7","tycoon",19,0.125,1,7,"2","0.7",1,"0",1,2
"20",113,9,"bg",1,0,4,4,"0.3","0.7","tycoon",19,0.125,1,8,"2","0.7",1,"1",1,2
"20",113,9,"bg",1,0,4,4,"0.3","0.7","tycoon",19,0.125,1,9,"2","0.7",1,"0",1,2
"20",113,9,"bg",1,0,4,4,"0.3","0.7","tycoon",19,0.125,1,10,"2","0.7",1,"1",1,2
"20",113,9,"bg",1,0,4,4,"0.3","0.7","tycoon",19,0.125,1,11,"2","0.7",1,"0",1,2
"20",113,9,"bg",1,0,4,4,"0.3","0.7","tycoon",19,0.125,1,12,"2","0.7",1,"0",1,2
"20",113,9,"bg",1,0,4,4,"0.3","0.7","tycoon",19,0.125,1,13,"2","0.7",1,"1",1,2
"20",113,9,"bg",1,0,4,4,"0.3","0.7","tycoon",19,0.125,1,14,"2","0.7",1,"1",1,2
"20",113,9,"bg",1,0,4,4,"0.3","0.7","tycoon",19,0.125,1,15,"2","0.7",1,"0",1,2
"20",113,9,"bg",1,0,4,4,"0.3","0.7","tycoon",19,0.125,1,16,"2","0.7",1,"0",1,2
"20",113,9,"bg",1,0,4,4,"0.3","0.7","tycoon",19,0.125,1,17,"2","0.7",1,"0",1,2
"20",113,9,"bg",1,0,4,4,"0.3","0.7","tycoon",19,0.125,1,18,"2","0.7",1,"1",1,2
"20",113,9,"bg",1,0,4,4,"0.3","0.7","tycoon",19,0.125,1,19,"2","0.7",1,"0",1,2
"20",113,9,"bg",1,0,4,4,"0.3","0.7","tycoon",19,0.125,1,20,"2","0.7",1,"0",1,2
"21",77,6,"gb",3,3,2,3,"0.7","0.3","bandit",3,0.625,0.75,1,"2","0.3",0,"0",3,1
"21",77,6,"gb",3,3,2,3,"0.7","0.3","bandit",3,0.625,0.75,2,"1","0.7",1,"0",3,1
"21",77,6,"gb",3,3,2,3,"0.7","0.3","bandit",3,0.625,0.75,3,"2","0.3",0,"1",2,1
"21",77,6,"gb",3,3,2,3,"0.7","0.3","bandit",3,0.625,0.75,4,"1","0.7",1,"0",2,1
"21",77,6,"gb",3,3,2,3,"0.7","0.3","bandit",3,0.625,0.75,5,"2","0.3",0,"1",4,1
"21",77,6,"gb",3,3,2,3,"0.7","0.3","bandit",3,0.625,0.75,6,"1","0.7",0,"0",4,1
"21",77,6,"gb",3,3,2,3,"0.7","0.3","bandit",3,0.625,0.75,7,"2","0.3",0,"0",1,1
"21",77,6,"gb",3,3,2,3,"0.7","0.3","bandit",3,0.625,0.75,8,"1","0.7",0,"0",1,1
"21",77,6,"gb",3,3,2,3,"0.7","0.3","bandit",3,0.625,0.75,9,"2","0.3",0,"0",2,1
"21",77,6,"gb",3,3,2,3,"0.7","0.3","bandit",3,0.625,0.75,10,"1","0.7",0,"0",2,1
"21",77,6,"gb",3,3,2,3,"0.7","0.3","bandit",3,0.625,0.75,11,"1","0.7",0,"0",2,1
"21",77,6,"gb",3,3,2,3,"0.7","0.3","bandit",3,0.625,0.75,12,"1","0.7",0,"1",2,1
"21",77,6,"gb",3,3,2,3,"0.7","0.3","bandit",3,0.625,0.75,13,"2","0.3",0,"0",1,1
"21",77,6,"gb",3,3,2,3,"0.7","0.3","bandit",3,0.625,0.75,14,"2","0.3",0,"1",4,1
"21",77,6,"gb",3,3,2,3,"0.7","0.3","bandit",3,0.625,0.75,15,"1","0.7",0,"1",4,1
"21",77,6,"gb",3,3,2,3,"0.7","0.3","bandit",3,0.625,0.75,16,"2","0.3",0,"0",1,1
"21",77,6,"gb",3,3,2,3,"0.7","0.3","bandit",3,0.625,0.75,17,"2","0.3",0,"0",2,1
"21",77,6,"gb",3,3,2,3,"0.7","0.3","bandit",3,0.625,0.75,18,"1","0.7",1,"0",3,1
"21",77,6,"gb",3,3,2,3,"0.7","0.3","bandit",3,0.625,0.75,19,"1","0.7",0,"1",4,1
"21",77,6,"gb",3,3,2,3,"0.7","0.3","bandit",3,0.625,0.75,20,"2","0.3",0,"1",3,1
"22",83,6,"bg",4,4,4,4,"0.7","0.3","tycoon",16,1,1,1,"1","0.7",1,"1",3,2
"22",83,6,"bg",4,4,4,4,"0.7","0.3","tycoon",16,1,1,2,"1","0.7",1,"1",4,2
"22",83,6,"bg",4,4,4,4,"0.7","0.3","tycoon",16,1,1,3,"2","0.3",0,"0",4,2
"22",83,6,"bg",4,4,4,4,"0.7","0.3","tycoon",16,1,1,4,"1","0.7",1,"0",4,2
"22",83,6,"bg",4,4,4,4,"0.7","0.3","tycoon",16,1,1,5,"1","0.7",1,"0",4,2
"22",83,6,"bg",4,4,4,4,"0.7","0.3","tycoon",16,1,1,6,"2","0.3",1,"1",4,2
"22",83,6,"bg",4,4,4,4,"0.7","0.3","tycoon",16,1,1,7,"1","0.7",0,"0",1,2
"22",83,6,"bg",4,4,4,4,"0.7","0.3","tycoon",16,1,1,8,"2","0.3",1,"0",3,2
"22",83,6,"bg",4,4,4,4,"0.7","0.3","tycoon",16,1,1,9,"1","0.7",0,"0",4,2
"22",83,6,"bg",4,4,4,4,"0.7","0.3","tycoon",16,1,1,10,"1","0.7",1,"0",4,2
"22",83,6,"bg",4,4,4,4,"0.7","0.3","tycoon",16,1,1,11,"1","0.7",1,"1",4,2
"22",83,6,"bg",4,4,4,4,"0.7","0.3","tycoon",16,1,1,12,"1","0.7",1,"0",4,2
"22",83,6,"bg",4,4,4,4,"0.7","0.3","tycoon",16,1,1,13,"1","0.7",1,"1",4,2
"22",83,6,"bg",4,4,4,4,"0.7","0.3","tycoon",16,1,1,14,"1","0.7",1,"1",4,2
"22",83,6,"bg",4,4,4,4,"0.7","0.3","tycoon",16,1,1,15,"1","0.7",1,"0",4,2
"22",83,6,"bg",4,4,4,4,"0.7","0.3","tycoon",16,1,1,16,"1","0.7",0,"0",4,2
"22",83,6,"bg",4,4,4,4,"0.7","0.3","tycoon",16,1,1,17,"1","0.7",1,"0",4,2
"22",83,6,"bg",4,4,4,4,"0.7","0.3","tycoon",16,1,1,18,"1","0.7",1,"0",4,2
"22",83,6,"bg",4,4,4,4,"0.7","0.3","tycoon",16,1,1,19,"1","0.7",1,"1",4,2
"22",83,6,"bg",4,4,4,4,"0.7","0.3","tycoon",16,1,1,20,"1","0.7",1,"0",4,2
"23",83,6,"gb",2,1,3,2,"0.3","0.7","bandit",7,0.375,0.625,1,"1","0.3",0,"1",1,1
"23",83,6,"gb",2,1,3,2,"0.3","0.7","bandit",7,0.375,0.625,2,"2","0.7",0,"1",1,1
"23",83,6,"gb",2,1,3,2,"0.3","0.7","bandit",7,0.375,0.625,3,"2","0.7",0,"1",4,1
"23",83,6,"gb",2,1,3,2,"0.3","0.7","bandit",7,0.375,0.625,4,"2","0.7",0,"0",4,1
"23",83,6,"gb",2,1,3,2,"0.3","0.7","bandit",7,0.375,0.625,5,"1","0.3",1,"0",4,1
"23",83,6,"gb",2,1,3,2,"0.3","0.7","bandit",7,0.375,0.625,6,"1","0.3",0,"0",3,1
"23",83,6,"gb",2,1,3,2,"0.3","0.7","bandit",7,0.375,0.625,7,"2","0.7",1,"0",1,1
"23",83,6,"gb",2,1,3,2,"0.3","0.7","bandit",7,0.375,0.625,8,"1","0.3",0,"0",1,1
"23",83,6,"gb",2,1,3,2,"0.3","0.7","bandit",7,0.375,0.625,9,"2","0.7",1,"0",4,1
"23",83,6,"gb",2,1,3,2,"0.3","0.7","bandit",7,0.375,0.625,10,"2","0.7",0,"1",3,1
"23",83,6,"gb",2,1,3,2,"0.3","0.7","bandit",7,0.375,0.625,11,"1","0.3",0,"1",4,1
"23",83,6,"gb",2,1,3,2,"0.3","0.7","bandit",7,0.375,0.625,12,"1","0.3",0,"0",4,1
"23",83,6,"gb",2,1,3,2,"0.3","0.7","bandit",7,0.375,0.625,13,"2","0.7",0,"1",4,1
"23",83,6,"gb",2,1,3,2,"0.3","0.7","bandit",7,0.375,0.625,14,"2","0.7",1,"0",4,1
"23",83,6,"gb",2,1,3,2,"0.3","0.7","bandit",7,0.375,0.625,15,"1","0.3",0,"0",4,1
"23",83,6,"gb",2,1,3,2,"0.3","0.7","bandit",7,0.375,0.625,16,"2","0.7",1,"0",4,1
"23",83,6,"gb",2,1,3,2,"0.3","0.7","bandit",7,0.375,0.625,17,"2","0.7",1,"0",4,1
"23",83,6,"gb",2,1,3,2,"0.3","0.7","bandit",7,0.375,0.625,18,"1","0.3",0,"0",4,1
"23",83,6,"gb",2,1,3,2,"0.3","0.7","bandit",7,0.375,0.625,19,"2","0.7",0,"1",4,1
"23",83,6,"gb",2,1,3,2,"0.3","0.7","bandit",7,0.375,0.625,20,"2","0.7",1,"0",4,1
"24",75,6,"gb",0,0,0,0,"0.3","0.7","bandit",6,0,0,1,"2","0.7",0,"0",1,1
"24",75,6,"gb",0,0,0,0,"0.3","0.7","bandit",6,0,0,2,"2","0.7",1,"0",4,1
"24",75,6,"gb",0,0,0,0,"0.3","0.7","bandit",6,0,0,3,"2","0.7",0,"0",4,1
"24",75,6,"gb",0,0,0,0,"0.3","0.7","bandit",6,0,0,4,"2","0.7",0,"1",1,1
"24",75,6,"gb",0,0,0,0,"0.3","0.7","bandit",6,0,0,5,"2","0.7",0,"0",1,1
"24",75,6,"gb",0,0,0,0,"0.3","0.7","bandit",6,0,0,6,"2","0.7",0,"1",1,1
"24",75,6,"gb",0,0,0,0,"0.3","0.7","bandit",6,0,0,7,"1","0.3",0,"0",1,1
"24",75,6,"gb",0,0,0,0,"0.3","0.7","bandit",6,0,0,8,"1","0.3",0,"1",1,1
"24",75,6,"gb",0,0,0,0,"0.3","0.7","bandit",6,0,0,9,"1","0.3",0,"0",1,1
"24",75,6,"gb",0,0,0,0,"0.3","0.7","bandit",6,0,0,10,"1","0.3",0,"0",1,1
"24",75,6,"gb",0,0,0,0,"0.3","0.7","bandit",6,0,0,11,"2","0.7",1,"0",4,1
"24",75,6,"gb",0,0,0,0,"0.3","0.7","bandit",6,0,0,12,"2","0.7",0,"1",1,1
"24",75,6,"gb",0,0,0,0,"0.3","0.7","bandit",6,0,0,13,"2","0.7",1,"0",1,1
"24",75,6,"gb",0,0,0,0,"0.3","0.7","bandit",6,0,0,14,"2","0.7",1,"0",1,1
"24",75,6,"gb",0,0,0,0,"0.3","0.7","bandit",6,0,0,15,"2","0.7",0,"1",1,1
"24",75,6,"gb",0,0,0,0,"0.3","0.7","bandit",6,0,0,16,"2","0.7",1,"0",1,1
"24",75,6,"gb",0,0,0,0,"0.3","0.7","bandit",6,0,0,17,"2","0.7",0,"1",1,1
"24",75,6,"gb",0,0,0,0,"0.3","0.7","bandit",6,0,0,18,"2","0.7",0,"0",1,1
"24",75,6,"gb",0,0,0,0,"0.3","0.7","bandit",6,0,0,19,"2","0.7",1,"0",1,1
"24",75,6,"gb",0,0,0,0,"0.3","0.7","bandit",6,0,0,20,"2","0.7",0,"1",1,1
"25",117,9,"bg",4,3,3,3,"0.7","0.3","bandit",3,0.75,0.875,1,"2","0.3",0,"1",1,1
"25",117,9,"bg",4,3,3,3,"0.7","0.3","bandit",3,0.75,0.875,2,"1","0.7",0,"0",1,1
"25",117,9,"bg",4,3,3,3,"0.7","0.3","bandit",3,0.75,0.875,3,"2","0.3",0,"0",1,1
"25",117,9,"bg",4,3,3,3,"0.7","0.3","bandit",3,0.75,0.875,4,"2","0.3",0,"1",1,1
"25",117,9,"bg",4,3,3,3,"0.7","0.3","bandit",3,0.75,0.875,5,"2","0.3",0,"0",1,1
"25",117,9,"bg",4,3,3,3,"0.7","0.3","bandit",3,0.75,0.875,6,"2","0.3",1,"0",1,1
"25",117,9,"bg",4,3,3,3,"0.7","0.3","bandit",3,0.75,0.875,7,"2","0.3",0,"0",1,1
"25",117,9,"bg",4,3,3,3,"0.7","0.3","bandit",3,0.75,0.875,8,"2","0.3",0,"0",1,1
"25",117,9,"bg",4,3,3,3,"0.7","0.3","bandit",3,0.75,0.875,9,"1","0.7",1,"0",1,1
"25",117,9,"bg",4,3,3,3,"0.7","0.3","bandit",3,0.75,0.875,10,"2","0.3",0,"1",1,1
"25",117,9,"bg",4,3,3,3,"0.7","0.3","bandit",3,0.75,0.875,11,"2","0.3",0,"1",1,1
"25",117,9,"bg",4,3,3,3,"0.7","0.3","bandit",3,0.75,0.875,12,"2","0.3",0,"0",1,1
"25",117,9,"bg",4,3,3,3,"0.7","0.3","bandit",3,0.75,0.875,13,"2","0.3",0,"1",1,1
"25",117,9,"bg",4,3,3,3,"0.7","0.3","bandit",3,0.75,0.875,14,"2","0.3",0,"1",1,1
"25",117,9,"bg",4,3,3,3,"0.7","0.3","bandit",3,0.75,0.875,15,"2","0.3",0,"0",1,1
"25",117,9,"bg",4,3,3,3,"0.7","0.3","bandit",3,0.75,0.875,16,"2","0.3",0,"1",1,1
"25",117,9,"bg",4,3,3,3,"0.7","0.3","bandit",3,0.75,0.875,17,"2","0.3",0,"0",1,1
"25",117,9,"bg",4,3,3,3,"0.7","0.3","bandit",3,0.75,0.875,18,"2","0.3",0,"0",1,1
"25",117,9,"bg",4,3,3,3,"0.7","0.3","bandit",3,0.75,0.875,19,"2","0.3",0,"0",1,1
"25",117,9,"bg",4,3,3,3,"0.7","0.3","bandit",3,0.75,0.875,20,"2","0.3",1,"0",1,1
"26",88,7,"gb",3,2,4,4,"0.3","0.7","bandit",9,0.625,1,1,"1","0.3",0,"1",4,1
"26",88,7,"gb",3,2,4,4,"0.3","0.7","bandit",9,0.625,1,2,"2","0.7",0,"1",4,1
"26",88,7,"gb",3,2,4,4,"0.3","0.7","bandit",9,0.625,1,3,"1","0.3",0,"0",4,1
"26",88,7,"gb",3,2,4,4,"0.3","0.7","bandit",9,0.625,1,4,"2","0.7",1,"0",1,1
"26",88,7,"gb",3,2,4,4,"0.3","0.7","bandit",9,0.625,1,5,"1","0.3",0,"0",4,1
"26",88,7,"gb",3,2,4,4,"0.3","0.7","bandit",9,0.625,1,6,"2","0.7",0,"1",4,1
"26",88,7,"gb",3,2,4,4,"0.3","0.7","bandit",9,0.625,1,7,"1","0.3",1,"0",1,1
"26",88,7,"gb",3,2,4,4,"0.3","0.7","bandit",9,0.625,1,8,"2","0.7",1,"0",2,1
"26",88,7,"gb",3,2,4,4,"0.3","0.7","bandit",9,0.625,1,9,"1","0.3",1,"0",3,1
"26",88,7,"gb",3,2,4,4,"0.3","0.7","bandit",9,0.625,1,10,"2","0.7",1,"0",2,1
"26",88,7,"gb",3,2,4,4,"0.3","0.7","bandit",9,0.625,1,11,"1","0.3",0,"1",2,1
"26",88,7,"gb",3,2,4,4,"0.3","0.7","bandit",9,0.625,1,12,"2","0.7",1,"0",2,1
"26",88,7,"gb",3,2,4,4,"0.3","0.7","bandit",9,0.625,1,13,"1","0.3",0,"0",4,1
"26",88,7,"gb",3,2,4,4,"0.3","0.7","bandit",9,0.625,1,14,"2","0.7",1,"0",1,1
"26",88,7,"gb",3,2,4,4,"0.3","0.7","bandit",9,0.625,1,15,"1","0.3",0,"1",4,1
"26",88,7,"gb",3,2,4,4,"0.3","0.7","bandit",9,0.625,1,16,"2","0.7",1,"0",2,1
"26",88,7,"gb",3,2,4,4,"0.3","0.7","bandit",9,0.625,1,17,"1","0.3",0,"0",4,1
"26",88,7,"gb",3,2,4,4,"0.3","0.7","bandit",9,0.625,1,18,"2","0.7",1,"0",2,1
"26",88,7,"gb",3,2,4,4,"0.3","0.7","bandit",9,0.625,1,19,"1","0.3",0,"1",4,1
"26",88,7,"gb",3,2,4,4,"0.3","0.7","bandit",9,0.625,1,20,"2","0.7",0,"1",4,1
"27",91,7,"bg",2,1,0,0,"0.7","0.3","bandit",6,0,0.375,1,"2","0.3",0,"0",4,1
"27",91,7,"bg",2,1,0,0,"0.7","0.3","bandit",6,0,0.375,2,"1","0.7",1,"0",4,1
"27",91,7,"bg",2,1,0,0,"0.7","0.3","bandit",6,0,0.375,3,"2","0.3",0,"1",3,1
"27",91,7,"bg",2,1,0,0,"0.7","0.3","bandit",6,0,0.375,4,"1","0.7",0,"1",4,1
"27",91,7,"bg",2,1,0,0,"0.7","0.3","bandit",6,0,0.375,5,"1","0.7",1,"0",4,1
"27",91,7,"bg",2,1,0,0,"0.7","0.3","bandit",6,0,0.375,6,"2","0.3",0,"1",4,1
"27",91,7,"bg",2,1,0,0,"0.7","0.3","bandit",6,0,0.375,7,"1","0.7",1,"0",4,1
"27",91,7,"bg",2,1,0,0,"0.7","0.3","bandit",6,0,0.375,8,"1","0.7",0,"0",4,1
"27",91,7,"bg",2,1,0,0,"0.7","0.3","bandit",6,0,0.375,9,"2","0.3",0,"0",4,1
"27",91,7,"bg",2,1,0,0,"0.7","0.3","bandit",6,0,0.375,10,"1","0.7",0,"0",4,1
"27",91,7,"bg",2,1,0,0,"0.7","0.3","bandit",6,0,0.375,11,"1","0.7",0,"1",4,1
"27",91,7,"bg",2,1,0,0,"0.7","0.3","bandit",6,0,0.375,12,"2","0.3",0,"0",2,1
"27",91,7,"bg",2,1,0,0,"0.7","0.3","bandit",6,0,0.375,13,"1","0.7",1,"0",4,1
"27",91,7,"bg",2,1,0,0,"0.7","0.3","bandit",6,0,0.375,14,"2","0.3",0,"0",4,1
"27",91,7,"bg",2,1,0,0,"0.7","0.3","bandit",6,0,0.375,15,"1","0.7",1,"0",4,1
"27",91,7,"bg",2,1,0,0,"0.7","0.3","bandit",6,0,0.375,16,"1","0.7",0,"1",4,1
"27",91,7,"bg",2,1,0,0,"0.7","0.3","bandit",6,0,0.375,17,"1","0.7",1,"0",4,1
"27",91,7,"bg",2,1,0,0,"0.7","0.3","bandit",6,0,0.375,18,"2","0.3",0,"0",4,1
"27",91,7,"bg",2,1,0,0,"0.7","0.3","bandit",6,0,0.375,19,"1","0.7",0,"1",4,1
"27",91,7,"bg",2,1,0,0,"0.7","0.3","bandit",6,0,0.375,20,"1","0.7",0,"1",4,1
"28",101,8,"gb",3,3,2,4,"0.3","0.7","tycoon",12,0.75,0.75,1,"2","0.7",1,"0",4,2
"28",101,8,"gb",3,3,2,4,"0.3","0.7","tycoon",12,0.75,0.75,2,"1","0.3",0,"0",3,2
"28",101,8,"gb",3,3,2,4,"0.3","0.7","tycoon",12,0.75,0.75,3,"2","0.7",0,"0",4,2
"28",101,8,"gb",3,3,2,4,"0.3","0.7","tycoon",12,0.75,0.75,4,"1","0.3",1,"1",4,2
"28",101,8,"gb",3,3,2,4,"0.3","0.7","tycoon",12,0.75,0.75,5,"2","0.7",1,"0",3,2
"28",101,8,"gb",3,3,2,4,"0.3","0.7","tycoon",12,0.75,0.75,6,"2","0.7",0,"0",3,2
"28",101,8,"gb",3,3,2,4,"0.3","0.7","tycoon",12,0.75,0.75,7,"1","0.3",1,"0",2,2
"28",101,8,"gb",3,3,2,4,"0.3","0.7","tycoon",12,0.75,0.75,8,"1","0.3",1,"1",3,2
"28",101,8,"gb",3,3,2,4,"0.3","0.7","tycoon",12,0.75,0.75,9,"2","0.7",0,"0",3,2
"28",101,8,"gb",3,3,2,4,"0.3","0.7","tycoon",12,0.75,0.75,10,"1","0.3",0,"0",3,2
"28",101,8,"gb",3,3,2,4,"0.3","0.7","tycoon",12,0.75,0.75,11,"1","0.3",1,"1",2,2
"28",101,8,"gb",3,3,2,4,"0.3","0.7","tycoon",12,0.75,0.75,12,"2","0.7",0,"0",1,2
"28",101,8,"gb",3,3,2,4,"0.3","0.7","tycoon",12,0.75,0.75,13,"1","0.3",0,"0",3,2
"28",101,8,"gb",3,3,2,4,"0.3","0.7","tycoon",12,0.75,0.75,14,"2","0.7",1,"1",1,2
"28",101,8,"gb",3,3,2,4,"0.3","0.7","tycoon",12,0.75,0.75,15,"1","0.3",1,"1",2,2
"28",101,8,"gb",3,3,2,4,"0.3","0.7","tycoon",12,0.75,0.75,16,"2","0.7",0,"0",2,2
"28",101,8,"gb",3,3,2,4,"0.3","0.7","tycoon",12,0.75,0.75,17,"1","0.3",1,"0",1,2
"28",101,8,"gb",3,3,2,4,"0.3","0.7","tycoon",12,0.75,0.75,18,"2","0.7",1,"1",2,2
"28",101,8,"gb",3,3,2,4,"0.3","0.7","tycoon",12,0.75,0.75,19,"1","0.3",1,"1",2,2
"28",101,8,"gb",3,3,2,4,"0.3","0.7","tycoon",12,0.75,0.75,20,"2","0.7",1,"0",1,2
"29",82,6,"bg",4,4,3,3,"0.7","0.3","tycoon",17,0.75,1,1,"2","0.3",1,"1",4,2
"29",82,6,"bg",4,4,3,3,"0.7","0.3","tycoon",17,0.75,1,2,"1","0.7",1,"0",4,2
"29",82,6,"bg",4,4,3,3,"0.7","0.3","tycoon",17,0.75,1,3,"2","0.3",0,"0",4,2
"29",82,6,"bg",4,4,3,3,"0.7","0.3","tycoon",17,0.75,1,4,"1","0.7",1,"1",4,2
"29",82,6,"bg",4,4,3,3,"0.7","0.3","tycoon",17,0.75,1,5,"2","0.3",1,"1",4,2
"29",82,6,"bg",4,4,3,3,"0.7","0.3","tycoon",17,0.75,1,6,"1","0.7",1,"1",4,2
"29",82,6,"bg",4,4,3,3,"0.7","0.3","tycoon",17,0.75,1,7,"2","0.3",0,"0",4,2
"29",82,6,"bg",4,4,3,3,"0.7","0.3","tycoon",17,0.75,1,8,"1","0.7",1,"1",4,2
"29",82,6,"bg",4,4,3,3,"0.7","0.3","tycoon",17,0.75,1,9,"2","0.3",0,"0",4,2
"29",82,6,"bg",4,4,3,3,"0.7","0.3","tycoon",17,0.75,1,10,"1","0.7",1,"0",4,2
"29",82,6,"bg",4,4,3,3,"0.7","0.3","tycoon",17,0.75,1,11,"2","0.3",1,"0",4,2
"29",82,6,"bg",4,4,3,3,"0.7","0.3","tycoon",17,0.75,1,12,"1","0.7",1,"0",4,2
"29",82,6,"bg",4,4,3,3,"0.7","0.3","tycoon",17,0.75,1,13,"2","0.3",1,"0",4,2
"29",82,6,"bg",4,4,3,3,"0.7","0.3","tycoon",17,0.75,1,14,"1","0.7",1,"0",4,2
"29",82,6,"bg",4,4,3,3,"0.7","0.3","tycoon",17,0.75,1,15,"2","0.3",1,"0",4,2
"29",82,6,"bg",4,4,3,3,"0.7","0.3","tycoon",17,0.75,1,16,"1","0.7",1,"0",4,2
"29",82,6,"bg",4,4,3,3,"0.7","0.3","tycoon",17,0.75,1,17,"2","0.3",1,"1",4,2
"29",82,6,"bg",4,4,3,3,"0.7","0.3","tycoon",17,0.75,1,18,"1","0.7",1,"0",4,2
"29",82,6,"bg",4,4,3,3,"0.7","0.3","tycoon",17,0.75,1,19,"2","0.3",1,"1",4,2
"29",82,6,"bg",4,4,3,3,"0.7","0.3","tycoon",17,0.75,1,20,"1","0.7",1,"0",4,2
"30",78,6,"gb",3,2,4,3,"0.3","0.7","tycoon",15,0.625,0.875,1,"2","0.7",1,"1",1,2
"30",78,6,"gb",3,2,4,3,"0.3","0.7","tycoon",15,0.625,0.875,2,"1","0.3",1,"1",2,2
"30",78,6,"gb",3,2,4,3,"0.3","0.7","tycoon",15,0.625,0.875,3,"2","0.7",1,"0",3,2
"30",78,6,"gb",3,2,4,3,"0.3","0.7","tycoon",15,0.625,0.875,4,"1","0.3",1,"0",4,2
"30",78,6,"gb",3,2,4,3,"0.3","0.7","tycoon",15,0.625,0.875,5,"2","0.7",0,"0",1,2
"30",78,6,"gb",3,2,4,3,"0.3","0.7","tycoon",15,0.625,0.875,6,"1","0.3",0,"0",1,2
"30",78,6,"gb",3,2,4,3,"0.3","0.7","tycoon",15,0.625,0.875,7,"1","0.3",0,"0",3,2
"30",78,6,"gb",3,2,4,3,"0.3","0.7","tycoon",15,0.625,0.875,8,"1","0.3",1,"1",3,2
"30",78,6,"gb",3,2,4,3,"0.3","0.7","tycoon",15,0.625,0.875,9,"2","0.7",1,"0",4,2
"30",78,6,"gb",3,2,4,3,"0.3","0.7","tycoon",15,0.625,0.875,10,"1","0.3",1,"1",3,2
"30",78,6,"gb",3,2,4,3,"0.3","0.7","tycoon",15,0.625,0.875,11,"2","0.7",1,"1",1,2
"30",78,6,"gb",3,2,4,3,"0.3","0.7","tycoon",15,0.625,0.875,12,"1","0.3",1,"0",2,2
"30",78,6,"gb",3,2,4,3,"0.3","0.7","tycoon",15,0.625,0.875,13,"2","0.7",1,"0",2,2
"30",78,6,"gb",3,2,4,3,"0.3","0.7","tycoon",15,0.625,0.875,14,"1","0.3",1,"1",3,2
"30",78,6,"gb",3,2,4,3,"0.3","0.7","tycoon",15,0.625,0.875,15,"2","0.7",0,"0",2,2
"30",78,6,"gb",3,2,4,3,"0.3","0.7","tycoon",15,0.625,0.875,16,"2","0.7",1,"0",1,2
"30",78,6,"gb",3,2,4,3,"0.3","0.7","tycoon",15,0.625,0.875,17,"1","0.3",1,"0",4,2
"30",78,6,"gb",3,2,4,3,"0.3","0.7","tycoon",15,0.625,0.875,18,"2","0.7",1,"1",2,2
"30",78,6,"gb",3,2,4,3,"0.3","0.7","tycoon",15,0.625,0.875,19,"2","0.7",1,"0",4,2
"30",78,6,"gb",3,2,4,3,"0.3","0.7","tycoon",15,0.625,0.875,20,"1","0.3",0,"0",1,2
"31",82,6,"gb",3,3,2,3,"0.3","0.7","tycoon",13,0.75,0.625,1,"1","0.3",1,"1",4,2
"31",82,6,"gb",3,3,2,3,"0.3","0.7","tycoon",13,0.75,0.625,2,"1","0.3",1,"0",4,2
"31",82,6,"gb",3,3,2,3,"0.3","0.7","tycoon",13,0.75,0.625,3,"1","0.3",1,"0",4,2
"31",82,6,"gb",3,3,2,3,"0.3","0.7","tycoon",13,0.75,0.625,4,"1","0.3",0,"0",4,2
"31",82,6,"gb",3,3,2,3,"0.3","0.7","tycoon",13,0.75,0.625,5,"1","0.3",1,"1",4,2
"31",82,6,"gb",3,3,2,3,"0.3","0.7","tycoon",13,0.75,0.625,6,"1","0.3",0,"0",4,2
"31",82,6,"gb",3,3,2,3,"0.3","0.7","tycoon",13,0.75,0.625,7,"1","0.3",1,"1",4,2
"31",82,6,"gb",3,3,2,3,"0.3","0.7","tycoon",13,0.75,0.625,8,"1","0.3",1,"1",4,2
"31",82,6,"gb",3,3,2,3,"0.3","0.7","tycoon",13,0.75,0.625,9,"1","0.3",0,"0",4,2
"31",82,6,"gb",3,3,2,3,"0.3","0.7","tycoon",13,0.75,0.625,10,"1","0.3",1,"0",4,2
"31",82,6,"gb",3,3,2,3,"0.3","0.7","tycoon",13,0.75,0.625,11,"1","0.3",1,"0",4,2
"31",82,6,"gb",3,3,2,3,"0.3","0.7","tycoon",13,0.75,0.625,12,"1","0.3",0,"0",4,2
"31",82,6,"gb",3,3,2,3,"0.3","0.7","tycoon",13,0.75,0.625,13,"1","0.3",1,"1",4,2
"31",82,6,"gb",3,3,2,3,"0.3","0.7","tycoon",13,0.75,0.625,14,"1","0.3",1,"0",4,2
"31",82,6,"gb",3,3,2,3,"0.3","0.7","tycoon",13,0.75,0.625,15,"1","0.3",1,"1",4,2
"31",82,6,"gb",3,3,2,3,"0.3","0.7","tycoon",13,0.75,0.625,16,"1","0.3",0,"0",4,2
"31",82,6,"gb",3,3,2,3,"0.3","0.7","tycoon",13,0.75,0.625,17,"1","0.3",0,"0",4,2
"31",82,6,"gb",3,3,2,3,"0.3","0.7","tycoon",13,0.75,0.625,18,"1","0.3",0,"0",4,2
"31",82,6,"gb",3,3,2,3,"0.3","0.7","tycoon",13,0.75,0.625,19,"1","0.3",1,"0",4,2
"31",82,6,"gb",3,3,2,3,"0.3","0.7","tycoon",13,0.75,0.625,20,"1","0.3",1,"1",4,2
"32",88,7,"bg",3,2,4,1,"0.7","0.3","tycoon",16,0.625,0.625,1,"1","0.7",1,"1",4,2
"32",88,7,"bg",3,2,4,1,"0.7","0.3","tycoon",16,0.625,0.625,2,"1","0.7",1,"0",2,2
"32",88,7,"bg",3,2,4,1,"0.7","0.3","tycoon",16,0.625,0.625,3,"2","0.3",1,"0",3,2
"32",88,7,"bg",3,2,4,1,"0.7","0.3","tycoon",16,0.625,0.625,4,"1","0.7",0,"0",4,2
"32",88,7,"bg",3,2,4,1,"0.7","0.3","tycoon",16,0.625,0.625,5,"2","0.3",1,"0",4,2
"32",88,7,"bg",3,2,4,1,"0.7","0.3","tycoon",16,0.625,0.625,6,"1","0.7",0,"0",2,2
"32",88,7,"bg",3,2,4,1,"0.7","0.3","tycoon",16,0.625,0.625,7,"2","0.3",1,"0",1,2
"32",88,7,"bg",3,2,4,1,"0.7","0.3","tycoon",16,0.625,0.625,8,"1","0.7",1,"0",2,2
"32",88,7,"bg",3,2,4,1,"0.7","0.3","tycoon",16,0.625,0.625,9,"1","0.7",1,"1",3,2
"32",88,7,"bg",3,2,4,1,"0.7","0.3","tycoon",16,0.625,0.625,10,"2","0.3",1,"0",2,2
"32",88,7,"bg",3,2,4,1,"0.7","0.3","tycoon",16,0.625,0.625,11,"1","0.7",1,"0",3,2
"32",88,7,"bg",3,2,4,1,"0.7","0.3","tycoon",16,0.625,0.625,12,"2","0.3",0,"0",4,2
"32",88,7,"bg",3,2,4,1,"0.7","0.3","tycoon",16,0.625,0.625,13,"2","0.3",1,"1",2,2
"32",88,7,"bg",3,2,4,1,"0.7","0.3","tycoon",16,0.625,0.625,14,"1","0.7",0,"0",3,2
"32",88,7,"bg",3,2,4,1,"0.7","0.3","tycoon",16,0.625,0.625,15,"2","0.3",1,"1",2,2
"32",88,7,"bg",3,2,4,1,"0.7","0.3","tycoon",16,0.625,0.625,16,"1","0.7",1,"0",2,2
"32",88,7,"bg",3,2,4,1,"0.7","0.3","tycoon",16,0.625,0.625,17,"2","0.3",1,"0",1,2
"32",88,7,"bg",3,2,4,1,"0.7","0.3","tycoon",16,0.625,0.625,18,"1","0.7",1,"1",3,2
"32",88,7,"bg",3,2,4,1,"0.7","0.3","tycoon",16,0.625,0.625,19,"2","0.3",1,"1",2,2
"32",88,7,"bg",3,2,4,1,"0.7","0.3","tycoon",16,0.625,0.625,20,"1","0.7",1,"1",3,2
"33",88,7,"gb",1,2,2,3,"0.3","0.7","bandit",4,0.375,0.625,1,"2","0.7",1,"0",1,1
"33",88,7,"gb",1,2,2,3,"0.3","0.7","bandit",4,0.375,0.625,2,"1","0.3",0,"1",2,1
"33",88,7,"gb",1,2,2,3,"0.3","0.7","bandit",4,0.375,0.625,3,"2","0.7",0,"0",3,1
"33",88,7,"gb",1,2,2,3,"0.3","0.7","bandit",4,0.375,0.625,4,"2","0.7",1,"0",1,1
"33",88,7,"gb",1,2,2,3,"0.3","0.7","bandit",4,0.375,0.625,5,"1","0.3",0,"0",3,1
"33",88,7,"gb",1,2,2,3,"0.3","0.7","bandit",4,0.375,0.625,6,"1","0.3",0,"1",4,1
"33",88,7,"gb",1,2,2,3,"0.3","0.7","bandit",4,0.375,0.625,7,"2","0.7",0,"0",2,1
"33",88,7,"gb",1,2,2,3,"0.3","0.7","bandit",4,0.375,0.625,8,"2","0.7",0,"0",2,1
"33",88,7,"gb",1,2,2,3,"0.3","0.7","bandit",4,0.375,0.625,9,"1","0.3",0,"1",3,1
"33",88,7,"gb",1,2,2,3,"0.3","0.7","bandit",4,0.375,0.625,10,"2","0.7",0,"1",3,1
"33",88,7,"gb",1,2,2,3,"0.3","0.7","bandit",4,0.375,0.625,11,"1","0.3",0,"0",3,1
"33",88,7,"gb",1,2,2,3,"0.3","0.7","bandit",4,0.375,0.625,12,"2","0.7",0,"1",4,1
"33",88,7,"gb",1,2,2,3,"0.3","0.7","bandit",4,0.375,0.625,13,"1","0.3",0,"0",2,1
"33",88,7,"gb",1,2,2,3,"0.3","0.7","bandit",4,0.375,0.625,14,"2","0.7",0,"0",2,1
"33",88,7,"gb",1,2,2,3,"0.3","0.7","bandit",4,0.375,0.625,15,"2","0.7",0,"1",2,1
"33",88,7,"gb",1,2,2,3,"0.3","0.7","bandit",4,0.375,0.625,16,"1","0.3",1,"0",1,1
"33",88,7,"gb",1,2,2,3,"0.3","0.7","bandit",4,0.375,0.625,17,"2","0.7",0,"0",3,1
"33",88,7,"gb",1,2,2,3,"0.3","0.7","bandit",4,0.375,0.625,18,"1","0.3",0,"0",2,1
"33",88,7,"gb",1,2,2,3,"0.3","0.7","bandit",4,0.375,0.625,19,"1","0.3",1,"0",1,1
"33",88,7,"gb",1,2,2,3,"0.3","0.7","bandit",4,0.375,0.625,20,"1","0.3",0,"1",3,1
"34",88,7,"gb",3,1,4,0,"0.7","0.3","tycoon",15,0.5,0.5,1,"1","0.7",0,"0",2,2
"34",88,7,"gb",3,1,4,0,"0.7","0.3","tycoon",15,0.5,0.5,2,"1","0.7",1,"1",3,2
"34",88,7,"gb",3,1,4,0,"0.7","0.3","tycoon",15,0.5,0.5,3,"2","0.3",1,"0",2,2
"34",88,7,"gb",3,1,4,0,"0.7","0.3","tycoon",15,0.5,0.5,4,"2","0.3",1,"1",3,2
"34",88,7,"gb",3,1,4,0,"0.7","0.3","tycoon",15,0.5,0.5,5,"2","0.3",0,"0",4,2
"34",88,7,"gb",3,1,4,0,"0.7","0.3","tycoon",15,0.5,0.5,6,"1","0.7",0,"0",1,2
"34",88,7,"gb",3,1,4,0,"0.7","0.3","tycoon",15,0.5,0.5,7,"2","0.3",1,"0",3,2
"34",88,7,"gb",3,1,4,0,"0.7","0.3","tycoon",15,0.5,0.5,8,"2","0.3",1,"1",1,2
"34",88,7,"gb",3,1,4,0,"0.7","0.3","tycoon",15,0.5,0.5,9,"2","0.3",1,"0",1,2
"34",88,7,"gb",3,1,4,0,"0.7","0.3","tycoon",15,0.5,0.5,10,"1","0.7",1,"1",4,2
"34",88,7,"gb",3,1,4,0,"0.7","0.3","tycoon",15,0.5,0.5,11,"2","0.3",1,"0",2,2
"34",88,7,"gb",3,1,4,0,"0.7","0.3","tycoon",15,0.5,0.5,12,"1","0.7",1,"0",4,2
"34",88,7,"gb",3,1,4,0,"0.7","0.3","tycoon",15,0.5,0.5,13,"1","0.7",1,"0",2,2
"34",88,7,"gb",3,1,4,0,"0.7","0.3","tycoon",15,0.5,0.5,14,"2","0.3",1,"0",1,2
"34",88,7,"gb",3,1,4,0,"0.7","0.3","tycoon",15,0.5,0.5,15,"2","0.3",1,"1",1,2
"34",88,7,"gb",3,1,4,0,"0.7","0.3","tycoon",15,0.5,0.5,16,"1","0.7",0,"0",4,2
"34",88,7,"gb",3,1,4,0,"0.7","0.3","tycoon",15,0.5,0.5,17,"2","0.3",1,"1",4,2
"34",88,7,"gb",3,1,4,0,"0.7","0.3","tycoon",15,0.5,0.5,18,"1","0.7",1,"1",3,2
"34",88,7,"gb",3,1,4,0,"0.7","0.3","tycoon",15,0.5,0.5,19,"2","0.3",0,"0",4,2
"34",88,7,"gb",3,1,4,0,"0.7","0.3","tycoon",15,0.5,0.5,20,"1","0.7",1,"0",3,2
"35",80,6,"bg",3,4,4,4,"0.7","0.3","tycoon",14,1,0.875,1,"2","0.3",0,"0",2,2
"35",80,6,"bg",3,4,4,4,"0.7","0.3","tycoon",14,1,0.875,2,"1","0.7",1,"1",2,2
"35",80,6,"bg",3,4,4,4,"0.7","0.3","tycoon",14,1,0.875,3,"2","0.3",1,"0",2,2
"35",80,6,"bg",3,4,4,4,"0.7","0.3","tycoon",14,1,0.875,4,"1","0.7",1,"0",2,2
"35",80,6,"bg",3,4,4,4,"0.7","0.3","tycoon",14,1,0.875,5,"2","0.3",1,"1",2,2
"35",80,6,"bg",3,4,4,4,"0.7","0.3","tycoon",14,1,0.875,6,"1","0.7",1,"0",2,2
"35",80,6,"bg",3,4,4,4,"0.7","0.3","tycoon",14,1,0.875,7,"2","0.3",0,"0",2,2
"35",80,6,"bg",3,4,4,4,"0.7","0.3","tycoon",14,1,0.875,8,"1","0.7",1,"1",2,2
"35",80,6,"bg",3,4,4,4,"0.7","0.3","tycoon",14,1,0.875,9,"2","0.3",0,"0",2,2
"35",80,6,"bg",3,4,4,4,"0.7","0.3","tycoon",14,1,0.875,10,"1","0.7",1,"0",2,2
"35",80,6,"bg",3,4,4,4,"0.7","0.3","tycoon",14,1,0.875,11,"1","0.7",0,"0",2,2
"35",80,6,"bg",3,4,4,4,"0.7","0.3","tycoon",14,1,0.875,12,"2","0.3",1,"1",2,2
"35",80,6,"bg",3,4,4,4,"0.7","0.3","tycoon",14,1,0.875,13,"1","0.7",1,"0",2,2
"35",80,6,"bg",3,4,4,4,"0.7","0.3","tycoon",14,1,0.875,14,"2","0.3",0,"0",2,2
"35",80,6,"bg",3,4,4,4,"0.7","0.3","tycoon",14,1,0.875,15,"1","0.7",1,"1",2,2
"35",80,6,"bg",3,4,4,4,"0.7","0.3","tycoon",14,1,0.875,16,"2","0.3",0,"0",2,2
"35",80,6,"bg",3,4,4,4,"0.7","0.3","tycoon",14,1,0.875,17,"1","0.7",1,"0",2,2
"35",80,6,"bg",3,4,4,4,"0.7","0.3","tycoon",14,1,0.875,18,"1","0.7",1,"1",2,2
"35",80,6,"bg",3,4,4,4,"0.7","0.3","tycoon",14,1,0.875,19,"1","0.7",1,"1",2,2
"35",80,6,"bg",3,4,4,4,"0.7","0.3","tycoon",14,1,0.875,20,"1","0.7",1,"0",2,2
"36",86,7,"bg",4,3,1,2,"0.7","0.3","tycoon",12,0.375,0.875,1,"2","0.3",0,"0",4,2
"36",86,7,"bg",4,3,1,2,"0.7","0.3","tycoon",12,0.375,0.875,2,"1","0.7",1,"0",4,2
"36",86,7,"bg",4,3,1,2,"0.7","0.3","tycoon",12,0.375,0.875,3,"2","0.3",1,"0",4,2
"36",86,7,"bg",4,3,1,2,"0.7","0.3","tycoon",12,0.375,0.875,4,"1","0.7",1,"1",4,2
"36",86,7,"bg",4,3,1,2,"0.7","0.3","tycoon",12,0.375,0.875,5,"2","0.3",0,"0",4,2
"36",86,7,"bg",4,3,1,2,"0.7","0.3","tycoon",12,0.375,0.875,6,"1","0.7",1,"1",4,2
"36",86,7,"bg",4,3,1,2,"0.7","0.3","tycoon",12,0.375,0.875,7,"2","0.3",1,"1",4,2
"36",86,7,"bg",4,3,1,2,"0.7","0.3","tycoon",12,0.375,0.875,8,"1","0.7",1,"1",4,2
"36",86,7,"bg",4,3,1,2,"0.7","0.3","tycoon",12,0.375,0.875,9,"2","0.3",0,"0",4,2
"36",86,7,"bg",4,3,1,2,"0.7","0.3","tycoon",12,0.375,0.875,10,"1","0.7",1,"0",4,2
"36",86,7,"bg",4,3,1,2,"0.7","0.3","tycoon",12,0.375,0.875,11,"2","0.3",0,"0",4,2
"36",86,7,"bg",4,3,1,2,"0.7","0.3","tycoon",12,0.375,0.875,12,"1","0.7",1,"1",4,2
"36",86,7,"bg",4,3,1,2,"0.7","0.3","tycoon",12,0.375,0.875,13,"2","0.3",0,"0",4,2
"36",86,7,"bg",4,3,1,2,"0.7","0.3","tycoon",12,0.375,0.875,14,"1","0.7",0,"0",4,2
"36",86,7,"bg",4,3,1,2,"0.7","0.3","tycoon",12,0.375,0.875,15,"2","0.3",0,"0",4,2
"36",86,7,"bg",4,3,1,2,"0.7","0.3","tycoon",12,0.375,0.875,16,"1","0.7",1,"0",4,2
"36",86,7,"bg",4,3,1,2,"0.7","0.3","tycoon",12,0.375,0.875,17,"2","0.3",1,"1",4,2
"36",86,7,"bg",4,3,1,2,"0.7","0.3","tycoon",12,0.375,0.875,18,"1","0.7",1,"0",4,2
"36",86,7,"bg",4,3,1,2,"0.7","0.3","tycoon",12,0.375,0.875,19,"2","0.3",0,"0",4,2
"36",86,7,"bg",4,3,1,2,"0.7","0.3","tycoon",12,0.375,0.875,20,"1","0.7",1,"1",4,2
"37",80,6,"bg",2,2,4,4,"0.7","0.3","bandit",9,1,0.5,1,"2","0.3",0,"0",4,1
"37",80,6,"bg",2,2,4,4,"0.7","0.3","bandit",9,1,0.5,2,"2","0.3",0,"0",4,1
"37",80,6,"bg",2,2,4,4,"0.7","0.3","bandit",9,1,0.5,3,"1","0.7",1,"0",4,1
"37",80,6,"bg",2,2,4,4,"0.7","0.3","bandit",9,1,0.5,4,"1","0.7",0,"1",4,1
"37",80,6,"bg",2,2,4,4,"0.7","0.3","bandit",9,1,0.5,5,"1","0.7",1,"0",4,1
"37",80,6,"bg",2,2,4,4,"0.7","0.3","bandit",9,1,0.5,6,"1","0.7",0,"1",1,1
"37",80,6,"bg",2,2,4,4,"0.7","0.3","bandit",9,1,0.5,7,"2","0.3",0,"0",4,1
"37",80,6,"bg",2,2,4,4,"0.7","0.3","bandit",9,1,0.5,8,"1","0.7",1,"0",2,1
"37",80,6,"bg",2,2,4,4,"0.7","0.3","bandit",9,1,0.5,9,"2","0.3",1,"0",4,1
"37",80,6,"bg",2,2,4,4,"0.7","0.3","bandit",9,1,0.5,10,"1","0.7",1,"0",3,1
"37",80,6,"bg",2,2,4,4,"0.7","0.3","bandit",9,1,0.5,11,"1","0.7",0,"1",4,1
"37",80,6,"bg",2,2,4,4,"0.7","0.3","bandit",9,1,0.5,12,"1","0.7",0,"1",1,1
"37",80,6,"bg",2,2,4,4,"0.7","0.3","bandit",9,1,0.5,13,"1","0.7",0,"0",3,1
"37",80,6,"bg",2,2,4,4,"0.7","0.3","bandit",9,1,0.5,14,"1","0.7",1,"0",4,1
"37",80,6,"bg",2,2,4,4,"0.7","0.3","bandit",9,1,0.5,15,"1","0.7",0,"1",4,1
"37",80,6,"bg",2,2,4,4,"0.7","0.3","bandit",9,1,0.5,16,"1","0.7",1,"0",4,1
"37",80,6,"bg",2,2,4,4,"0.7","0.3","bandit",9,1,0.5,17,"1","0.7",0,"1",3,1
"37",80,6,"bg",2,2,4,4,"0.7","0.3","bandit",9,1,0.5,18,"2","0.3",0,"1",4,1
"37",80,6,"bg",2,2,4,4,"0.7","0.3","bandit",9,1,0.5,19,"1","0.7",1,"0",1,1
"37",80,6,"bg",2,2,4,4,"0.7","0.3","bandit",9,1,0.5,20,"1","0.7",1,"0",4,1
"38",109,9,"bg",1,1,0,1,"0.7","0.3","bandit",3,0.125,0.25,1,"1","0.7",1,"0",1,1
"38",109,9,"bg",1,1,0,1,"0.7","0.3","bandit",3,0.125,0.25,2,"2","0.3",0,"1",3,1
"38",109,9,"bg",1,1,0,1,"0.7","0.3","bandit",3,0.125,0.25,3,"1","0.7",0,"0",3,1
"38",109,9,"bg",1,1,0,1,"0.7","0.3","bandit",3,0.125,0.25,4,"1","0.7",0,"1",2,1
"38",109,9,"bg",1,1,0,1,"0.7","0.3","bandit",3,0.125,0.25,5,"2","0.3",0,"0",1,1
"38",109,9,"bg",1,1,0,1,"0.7","0.3","bandit",3,0.125,0.25,6,"1","0.7",0,"1",1,1
"38",109,9,"bg",1,1,0,1,"0.7","0.3","bandit",3,0.125,0.25,7,"2","0.3",1,"0",3,1
"38",109,9,"bg",1,1,0,1,"0.7","0.3","bandit",3,0.125,0.25,8,"1","0.7",0,"1",2,1
"38",109,9,"bg",1,1,0,1,"0.7","0.3","bandit",3,0.125,0.25,9,"2","0.3",0,"0",2,1
"38",109,9,"bg",1,1,0,1,"0.7","0.3","bandit",3,0.125,0.25,10,"1","0.7",0,"1",1,1
"38",109,9,"bg",1,1,0,1,"0.7","0.3","bandit",3,0.125,0.25,11,"1","0.7",0,"1",1,1
"38",109,9,"bg",1,1,0,1,"0.7","0.3","bandit",3,0.125,0.25,12,"1","0.7",0,"0",1,1
"38",109,9,"bg",1,1,0,1,"0.7","0.3","bandit",3,0.125,0.25,13,"1","0.7",1,"0",3,1
"38",109,9,"bg",1,1,0,1,"0.7","0.3","bandit",3,0.125,0.25,14,"2","0.3",0,"0",2,1
"38",109,9,"bg",1,1,0,1,"0.7","0.3","bandit",3,0.125,0.25,15,"2","0.3",0,"0",1,1
"38",109,9,"bg",1,1,0,1,"0.7","0.3","bandit",3,0.125,0.25,16,"2","0.3",0,"0",1,1
"38",109,9,"bg",1,1,0,1,"0.7","0.3","bandit",3,0.125,0.25,17,"2","0.3",0,"0",1,1
"38",109,9,"bg",1,1,0,1,"0.7","0.3","bandit",3,0.125,0.25,18,"1","0.7",0,"0",1,1
"38",109,9,"bg",1,1,0,1,"0.7","0.3","bandit",3,0.125,0.25,19,"2","0.3",0,"0",1,1
"38",109,9,"bg",1,1,0,1,"0.7","0.3","bandit",3,0.125,0.25,20,"1","0.7",0,"1",1,1
"39",82,6,"gb",2,3,2,2,"0.3","0.7","bandit",11,0.625,0.5,1,"2","0.7",1,"0",1,1
"39",82,6,"gb",2,3,2,2,"0.3","0.7","bandit",11,0.625,0.5,2,"2","0.7",0,"1",3,1
"39",82,6,"gb",2,3,2,2,"0.3","0.7","bandit",11,0.625,0.5,3,"1","0.3",0,"0",4,1
"39",82,6,"gb",2,3,2,2,"0.3","0.7","bandit",11,0.625,0.5,4,"1","0.3",0,"1",4,1
"39",82,6,"gb",2,3,2,2,"0.3","0.7","bandit",11,0.625,0.5,5,"1","0.3",0,"1",1,1
"39",82,6,"gb",2,3,2,2,"0.3","0.7","bandit",11,0.625,0.5,6,"2","0.7",0,"1",4,1
"39",82,6,"gb",2,3,2,2,"0.3","0.7","bandit",11,0.625,0.5,7,"1","0.3",0,"0",1,1
"39",82,6,"gb",2,3,2,2,"0.3","0.7","bandit",11,0.625,0.5,8,"1","0.3",1,"0",1,1
"39",82,6,"gb",2,3,2,2,"0.3","0.7","bandit",11,0.625,0.5,9,"2","0.7",1,"0",1,1
"39",82,6,"gb",2,3,2,2,"0.3","0.7","bandit",11,0.625,0.5,10,"1","0.3",1,"0",1,1
"39",82,6,"gb",2,3,2,2,"0.3","0.7","bandit",11,0.625,0.5,11,"1","0.3",1,"0",1,1
"39",82,6,"gb",2,3,2,2,"0.3","0.7","bandit",11,0.625,0.5,12,"2","0.7",1,"0",1,1
"39",82,6,"gb",2,3,2,2,"0.3","0.7","bandit",11,0.625,0.5,13,"1","0.3",1,"0",1,1
"39",82,6,"gb",2,3,2,2,"0.3","0.7","bandit",11,0.625,0.5,14,"1","0.3",0,"1",4,1
"39",82,6,"gb",2,3,2,2,"0.3","0.7","bandit",11,0.625,0.5,15,"2","0.7",0,"1",2,1
"39",82,6,"gb",2,3,2,2,"0.3","0.7","bandit",11,0.625,0.5,16,"1","0.3",1,"0",1,1
"39",82,6,"gb",2,3,2,2,"0.3","0.7","bandit",11,0.625,0.5,17,"1","0.3",0,"1",1,1
"39",82,6,"gb",2,3,2,2,"0.3","0.7","bandit",11,0.625,0.5,18,"2","0.7",1,"0",1,1
"39",82,6,"gb",2,3,2,2,"0.3","0.7","bandit",11,0.625,0.5,19,"1","0.3",1,"0",1,1
"39",82,6,"gb",2,3,2,2,"0.3","0.7","bandit",11,0.625,0.5,20,"2","0.7",1,"0",1,1
"40",108,9,"gb",4,3,4,4,"0.3","0.7","bandit",10,0.875,1,1,"2","0.7",0,"1",3,1
"40",108,9,"gb",4,3,4,4,"0.3","0.7","bandit",10,0.875,1,2,"1","0.3",1,"0",1,1
"40",108,9,"gb",4,3,4,4,"0.3","0.7","bandit",10,0.875,1,3,"1","0.3",0,"0",4,1
"40",108,9,"gb",4,3,4,4,"0.3","0.7","bandit",10,0.875,1,4,"2","0.7",1,"0",1,1
"40",108,9,"gb",4,3,4,4,"0.3","0.7","bandit",10,0.875,1,5,"1","0.3",0,"1",2,1
"40",108,9,"gb",4,3,4,4,"0.3","0.7","bandit",10,0.875,1,6,"2","0.7",0,"0",4,1
"40",108,9,"gb",4,3,4,4,"0.3","0.7","bandit",10,0.875,1,7,"2","0.7",1,"0",1,1
"40",108,9,"gb",4,3,4,4,"0.3","0.7","bandit",10,0.875,1,8,"1","0.3",0,"1",1,1
"40",108,9,"gb",4,3,4,4,"0.3","0.7","bandit",10,0.875,1,9,"1","0.3",1,"0",1,1
"40",108,9,"gb",4,3,4,4,"0.3","0.7","bandit",10,0.875,1,10,"2","0.7",1,"0",2,1
"40",108,9,"gb",4,3,4,4,"0.3","0.7","bandit",10,0.875,1,11,"1","0.3",0,"1",1,1
"40",108,9,"gb",4,3,4,4,"0.3","0.7","bandit",10,0.875,1,12,"1","0.3",0,"0",1,1
"40",108,9,"gb",4,3,4,4,"0.3","0.7","bandit",10,0.875,1,13,"2","0.7",1,"0",1,1
"40",108,9,"gb",4,3,4,4,"0.3","0.7","bandit",10,0.875,1,14,"1","0.3",1,"0",1,1
"40",108,9,"gb",4,3,4,4,"0.3","0.7","bandit",10,0.875,1,15,"2","0.7",0,"1",1,1
"40",108,9,"gb",4,3,4,4,"0.3","0.7","bandit",10,0.875,1,16,"1","0.3",0,"1",1,1
"40",108,9,"gb",4,3,4,4,"0.3","0.7","bandit",10,0.875,1,17,"2","0.7",0,"1",1,1
"40",108,9,"gb",4,3,4,4,"0.3","0.7","bandit",10,0.875,1,18,"1","0.3",1,"0",1,1
"40",108,9,"gb",4,3,4,4,"0.3","0.7","bandit",10,0.875,1,19,"2","0.7",1,"0",1,1
"40",108,9,"gb",4,3,4,4,"0.3","0.7","bandit",10,0.875,1,20,"1","0.3",1,"0",1,1
"41",69,5,"gb",4,4,4,3,"0.7","0.3","bandit",6,0.875,1,1,"2","0.3",0,"1",1,1
"41",69,5,"gb",4,4,4,3,"0.7","0.3","bandit",6,0.875,1,2,"1","0.7",0,"1",4,1
"41",69,5,"gb",4,4,4,3,"0.7","0.3","bandit",6,0.875,1,3,"2","0.3",1,"0",1,1
"41",69,5,"gb",4,4,4,3,"0.7","0.3","bandit",6,0.875,1,4,"1","0.7",0,"0",4,1
"41",69,5,"gb",4,4,4,3,"0.7","0.3","bandit",6,0.875,1,5,"2","0.3",0,"0",4,1
"41",69,5,"gb",4,4,4,3,"0.7","0.3","bandit",6,0.875,1,6,"2","0.3",1,"0",1,1
"41",69,5,"gb",4,4,4,3,"0.7","0.3","bandit",6,0.875,1,7,"1","0.7",1,"0",1,1
"41",69,5,"gb",4,4,4,3,"0.7","0.3","bandit",6,0.875,1,8,"1","0.7",0,"1",4,1
"41",69,5,"gb",4,4,4,3,"0.7","0.3","bandit",6,0.875,1,9,"2","0.3",0,"0",4,1
"41",69,5,"gb",4,4,4,3,"0.7","0.3","bandit",6,0.875,1,10,"1","0.7",0,"1",4,1
"41",69,5,"gb",4,4,4,3,"0.7","0.3","bandit",6,0.875,1,11,"2","0.3",1,"0",1,1
"41",69,5,"gb",4,4,4,3,"0.7","0.3","bandit",6,0.875,1,12,"1","0.7",0,"1",4,1
"41",69,5,"gb",4,4,4,3,"0.7","0.3","bandit",6,0.875,1,13,"1","0.7",0,"1",4,1
"41",69,5,"gb",4,4,4,3,"0.7","0.3","bandit",6,0.875,1,14,"2","0.3",1,"0",1,1
"41",69,5,"gb",4,4,4,3,"0.7","0.3","bandit",6,0.875,1,15,"1","0.7",1,"0",4,1
"41",69,5,"gb",4,4,4,3,"0.7","0.3","bandit",6,0.875,1,16,"2","0.3",0,"0",1,1
"41",69,5,"gb",4,4,4,3,"0.7","0.3","bandit",6,0.875,1,17,"1","0.7",0,"1",1,1
"41",69,5,"gb",4,4,4,3,"0.7","0.3","bandit",6,0.875,1,18,"2","0.3",0,"0",2,1
"41",69,5,"gb",4,4,4,3,"0.7","0.3","bandit",6,0.875,1,19,"1","0.7",0,"0",3,1
"41",69,5,"gb",4,4,4,3,"0.7","0.3","bandit",6,0.875,1,20,"2","0.3",0,"0",3,1
"42",63,5,"bg",0,4,4,4,"0.3","0.7","bandit",9,0.5,1,1,"1","0.3",0,"0",4,1
"42",63,5,"bg",0,4,4,4,"0.3","0.7","bandit",9,0.5,1,2,"2","0.7",1,"0",4,1
"42",63,5,"bg",0,4,4,4,"0.3","0.7","bandit",9,0.5,1,3,"2","0.7",1,"0",4,1
"42",63,5,"bg",0,4,4,4,"0.3","0.7","bandit",9,0.5,1,4,"2","0.7",1,"0",4,1
"42",63,5,"bg",0,4,4,4,"0.3","0.7","bandit",9,0.5,1,5,"2","0.7",0,"1",4,1
"42",63,5,"bg",0,4,4,4,"0.3","0.7","bandit",9,0.5,1,6,"2","0.7",0,"0",4,1
"42",63,5,"bg",0,4,4,4,"0.3","0.7","bandit",9,0.5,1,7,"1","0.3",0,"0",4,1
"42",63,5,"bg",0,4,4,4,"0.3","0.7","bandit",9,0.5,1,8,"2","0.7",0,"1",4,1
"42",63,5,"bg",0,4,4,4,"0.3","0.7","bandit",9,0.5,1,9,"2","0.7",1,"0",4,1
"42",63,5,"bg",0,4,4,4,"0.3","0.7","bandit",9,0.5,1,10,"2","0.7",0,"1",4,1
"42",63,5,"bg",0,4,4,4,"0.3","0.7","bandit",9,0.5,1,11,"1","0.3",0,"1",4,1
"42",63,5,"bg",0,4,4,4,"0.3","0.7","bandit",9,0.5,1,12,"2","0.7",1,"0",4,1
"42",63,5,"bg",0,4,4,4,"0.3","0.7","bandit",9,0.5,1,13,"1","0.3",0,"1",4,1
"42",63,5,"bg",0,4,4,4,"0.3","0.7","bandit",9,0.5,1,14,"2","0.7",1,"0",4,1
"42",63,5,"bg",0,4,4,4,"0.3","0.7","bandit",9,0.5,1,15,"2","0.7",0,"1",4,1
"42",63,5,"bg",0,4,4,4,"0.3","0.7","bandit",9,0.5,1,16,"2","0.7",0,"0",4,1
"42",63,5,"bg",0,4,4,4,"0.3","0.7","bandit",9,0.5,1,17,"2","0.7",0,"1",4,1
"42",63,5,"bg",0,4,4,4,"0.3","0.7","bandit",9,0.5,1,18,"2","0.7",1,"0",4,1
"42",63,5,"bg",0,4,4,4,"0.3","0.7","bandit",9,0.5,1,19,"2","0.7",1,"0",4,1
"42",63,5,"bg",0,4,4,4,"0.3","0.7","bandit",9,0.5,1,20,"2","0.7",1,"0",4,1
"43",117,9,"bg",2,2,0,0,"0.7","0.3","bandit",4,0,0.5,1,"2","0.3",0,"0",3,1
"43",117,9,"bg",2,2,0,0,"0.7","0.3","bandit",4,0,0.5,2,"1","0.7",0,"0",4,1
"43",117,9,"bg",2,2,0,0,"0.7","0.3","bandit",4,0,0.5,3,"2","0.3",0,"0",3,1
"43",117,9,"bg",2,2,0,0,"0.7","0.3","bandit",4,0,0.5,4,"1","0.7",0,"1",3,1
"43",117,9,"bg",2,2,0,0,"0.7","0.3","bandit",4,0,0.5,5,"1","0.7",0,"1",3,1
"43",117,9,"bg",2,2,0,0,"0.7","0.3","bandit",4,0,0.5,6,"2","0.3",0,"0",3,1
"43",117,9,"bg",2,2,0,0,"0.7","0.3","bandit",4,0,0.5,7,"1","0.7",1,"0",1,1
"43",117,9,"bg",2,2,0,0,"0.7","0.3","bandit",4,0,0.5,8,"2","0.3",0,"0",4,1
"43",117,9,"bg",2,2,0,0,"0.7","0.3","bandit",4,0,0.5,9,"1","0.7",0,"1",3,1
"43",117,9,"bg",2,2,0,0,"0.7","0.3","bandit",4,0,0.5,10,"2","0.3",0,"0",3,1
"43",117,9,"bg",2,2,0,0,"0.7","0.3","bandit",4,0,0.5,11,"1","0.7",1,"0",1,1
"43",117,9,"bg",2,2,0,0,"0.7","0.3","bandit",4,0,0.5,12,"2","0.3",0,"0",3,1
"43",117,9,"bg",2,2,0,0,"0.7","0.3","bandit",4,0,0.5,13,"1","0.7",1,"0",1,1
"43",117,9,"bg",2,2,0,0,"0.7","0.3","bandit",4,0,0.5,14,"2","0.3",0,"0",2,1
"43",117,9,"bg",2,2,0,0,"0.7","0.3","bandit",4,0,0.5,15,"1","0.7",1,"0",1,1
"43",117,9,"bg",2,2,0,0,"0.7","0.3","bandit",4,0,0.5,16,"2","0.3",0,"1",2,1
"43",117,9,"bg",2,2,0,0,"0.7","0.3","bandit",4,0,0.5,17,"1","0.7",0,"1",1,1
"43",117,9,"bg",2,2,0,0,"0.7","0.3","bandit",4,0,0.5,18,"2","0.3",0,"0",3,1
"43",117,9,"bg",2,2,0,0,"0.7","0.3","bandit",4,0,0.5,19,"1","0.7",0,"1",2,1
"43",117,9,"bg",2,2,0,0,"0.7","0.3","bandit",4,0,0.5,20,"2","0.3",0,"1",2,1
"44",91,7,"bg",4,4,4,3,"0.3","0.7","bandit",8,1,0.875,1,"1","0.3",1,"0",1,1
"44",91,7,"bg",4,4,4,3,"0.3","0.7","bandit",8,1,0.875,2,"2","0.7",0,"1",4,1
"44",91,7,"bg",4,4,4,3,"0.3","0.7","bandit",8,1,0.875,3,"1","0.3",0,"0",4,1
"44",91,7,"bg",4,4,4,3,"0.3","0.7","bandit",8,1,0.875,4,"2","0.7",1,"0",4,1
"44",91,7,"bg",4,4,4,3,"0.3","0.7","bandit",8,1,0.875,5,"1","0.3",1,"0",1,1
"44",91,7,"bg",4,4,4,3,"0.3","0.7","bandit",8,1,0.875,6,"2","0.7",0,"1",4,1
"44",91,7,"bg",4,4,4,3,"0.3","0.7","bandit",8,1,0.875,7,"1","0.3",1,"0",4,1
"44",91,7,"bg",4,4,4,3,"0.3","0.7","bandit",8,1,0.875,8,"2","0.7",0,"1",4,1
"44",91,7,"bg",4,4,4,3,"0.3","0.7","bandit",8,1,0.875,9,"1","0.3",0,"0",4,1
"44",91,7,"bg",4,4,4,3,"0.3","0.7","bandit",8,1,0.875,10,"2","0.7",1,"0",4,1
"44",91,7,"bg",4,4,4,3,"0.3","0.7","bandit",8,1,0.875,11,"1","0.3",0,"1",4,1
"44",91,7,"bg",4,4,4,3,"0.3","0.7","bandit",8,1,0.875,12,"2","0.7",0,"0",4,1
"44",91,7,"bg",4,4,4,3,"0.3","0.7","bandit",8,1,0.875,13,"1","0.3",1,"0",4,1
"44",91,7,"bg",4,4,4,3,"0.3","0.7","bandit",8,1,0.875,14,"2","0.7",1,"0",4,1
"44",91,7,"bg",4,4,4,3,"0.3","0.7","bandit",8,1,0.875,15,"1","0.3",0,"0",4,1
"44",91,7,"bg",4,4,4,3,"0.3","0.7","bandit",8,1,0.875,16,"2","0.7",1,"0",4,1
"44",91,7,"bg",4,4,4,3,"0.3","0.7","bandit",8,1,0.875,17,"1","0.3",0,"1",4,1
"44",91,7,"bg",4,4,4,3,"0.3","0.7","bandit",8,1,0.875,18,"2","0.7",0,"1",4,1
"44",91,7,"bg",4,4,4,3,"0.3","0.7","bandit",8,1,0.875,19,"1","0.3",0,"0",4,1
"44",91,7,"bg",4,4,4,3,"0.3","0.7","bandit",8,1,0.875,20,"2","0.7",0,"1",4,1
"45",76,6,"bg",4,4,4,3,"0.3","0.7","bandit",8,1,0.875,1,"1","0.3",0,"0",4,1
"45",76,6,"bg",4,4,4,3,"0.3","0.7","bandit",8,1,0.875,2,"2","0.7",0,"1",4,1
"45",76,6,"bg",4,4,4,3,"0.3","0.7","bandit",8,1,0.875,3,"1","0.3",1,"0",1,1
"45",76,6,"bg",4,4,4,3,"0.3","0.7","bandit",8,1,0.875,4,"2","0.7",1,"0",1,1
"45",76,6,"bg",4,4,4,3,"0.3","0.7","bandit",8,1,0.875,5,"1","0.3",0,"1",4,1
"45",76,6,"bg",4,4,4,3,"0.3","0.7","bandit",8,1,0.875,6,"1","0.3",0,"0",2,1
"45",76,6,"bg",4,4,4,3,"0.3","0.7","bandit",8,1,0.875,7,"2","0.7",0,"1",1,1
"45",76,6,"bg",4,4,4,3,"0.3","0.7","bandit",8,1,0.875,8,"1","0.3",0,"0",1,1
"45",76,6,"bg",4,4,4,3,"0.3","0.7","bandit",8,1,0.875,9,"1","0.3",0,"1",1,1
"45",76,6,"bg",4,4,4,3,"0.3","0.7","bandit",8,1,0.875,10,"2","0.7",1,"0",4,1
"45",76,6,"bg",4,4,4,3,"0.3","0.7","bandit",8,1,0.875,11,"1","0.3",1,"0",1,1
"45",76,6,"bg",4,4,4,3,"0.3","0.7","bandit",8,1,0.875,12,"2","0.7",1,"0",1,1
"45",76,6,"bg",4,4,4,3,"0.3","0.7","bandit",8,1,0.875,13,"1","0.3",0,"0",4,1
"45",76,6,"bg",4,4,4,3,"0.3","0.7","bandit",8,1,0.875,14,"2","0.7",0,"1",1,1
"45",76,6,"bg",4,4,4,3,"0.3","0.7","bandit",8,1,0.875,15,"1","0.3",0,"0",3,1
"45",76,6,"bg",4,4,4,3,"0.3","0.7","bandit",8,1,0.875,16,"2","0.7",0,"1",1,1
"45",76,6,"bg",4,4,4,3,"0.3","0.7","bandit",8,1,0.875,17,"1","0.3",1,"0",4,1
"45",76,6,"bg",4,4,4,3,"0.3","0.7","bandit",8,1,0.875,18,"2","0.7",1,"0",4,1
"45",76,6,"bg",4,4,4,3,"0.3","0.7","bandit",8,1,0.875,19,"1","0.3",0,"1",4,1
"45",76,6,"bg",4,4,4,3,"0.3","0.7","bandit",8,1,0.875,20,"2","0.7",1,"0",1,1
"46",90,7,"bg",3,3,2,2,"0.7","0.3","tycoon",14,0.5,0.75,1,"1","0.7",1,"0",4,2
"46",90,7,"bg",3,3,2,2,"0.7","0.3","tycoon",14,0.5,0.75,2,"2","0.3",1,"0",4,2
"46",90,7,"bg",3,3,2,2,"0.7","0.3","tycoon",14,0.5,0.75,3,"1","0.7",1,"0",4,2
"46",90,7,"bg",3,3,2,2,"0.7","0.3","tycoon",14,0.5,0.75,4,"2","0.3",1,"1",4,2
"46",90,7,"bg",3,3,2,2,"0.7","0.3","tycoon",14,0.5,0.75,5,"1","0.7",0,"0",1,2
"46",90,7,"bg",3,3,2,2,"0.7","0.3","tycoon",14,0.5,0.75,6,"2","0.3",0,"0",1,2
"46",90,7,"bg",3,3,2,2,"0.7","0.3","tycoon",14,0.5,0.75,7,"1","0.7",1,"1",4,2
"46",90,7,"bg",3,3,2,2,"0.7","0.3","tycoon",14,0.5,0.75,8,"2","0.3",0,"0",1,2
"46",90,7,"bg",3,3,2,2,"0.7","0.3","tycoon",14,0.5,0.75,9,"1","0.7",1,"1",4,2
"46",90,7,"bg",3,3,2,2,"0.7","0.3","tycoon",14,0.5,0.75,10,"2","0.3",1,"0",4,2
"46",90,7,"bg",3,3,2,2,"0.7","0.3","tycoon",14,0.5,0.75,11,"1","0.7",1,"1",4,2
"46",90,7,"bg",3,3,2,2,"0.7","0.3","tycoon",14,0.5,0.75,12,"2","0.3",0,"0",1,2
"46",90,7,"bg",3,3,2,2,"0.7","0.3","tycoon",14,0.5,0.75,13,"1","0.7",1,"0",4,2
"46",90,7,"bg",3,3,2,2,"0.7","0.3","tycoon",14,0.5,0.75,14,"2","0.3",1,"1",4,2
"46",90,7,"bg",3,3,2,2,"0.7","0.3","tycoon",14,0.5,0.75,15,"1","0.7",1,"1",4,2
"46",90,7,"bg",3,3,2,2,"0.7","0.3","tycoon",14,0.5,0.75,16,"2","0.3",0,"0",4,2
"46",90,7,"bg",3,3,2,2,"0.7","0.3","tycoon",14,0.5,0.75,17,"1","0.7",1,"0",4,2
"46",90,7,"bg",3,3,2,2,"0.7","0.3","tycoon",14,0.5,0.75,18,"2","0.3",1,"1",4,2
"46",90,7,"bg",3,3,2,2,"0.7","0.3","tycoon",14,0.5,0.75,19,"1","0.7",1,"0",4,2
"46",90,7,"bg",3,3,2,2,"0.7","0.3","tycoon",14,0.5,0.75,20,"2","0.3",0,"0",1,2
"47",111,9,"gb",3,3,4,4,"0.3","0.7","tycoon",14,0.75,1,1,"2","0.7",1,"0",1,2
"47",111,9,"gb",3,3,4,4,"0.3","0.7","tycoon",14,0.75,1,2,"1","0.3",1,"1",1,2
"47",111,9,"gb",3,3,4,4,"0.3","0.7","tycoon",14,0.75,1,3,"2","0.7",0,"0",1,2
"47",111,9,"gb",3,3,4,4,"0.3","0.7","tycoon",14,0.75,1,4,"1","0.3",0,"0",1,2
"47",111,9,"gb",3,3,4,4,"0.3","0.7","tycoon",14,0.75,1,5,"2","0.7",1,"1",1,2
"47",111,9,"gb",3,3,4,4,"0.3","0.7","tycoon",14,0.75,1,6,"1","0.3",1,"1",1,2
"47",111,9,"gb",3,3,4,4,"0.3","0.7","tycoon",14,0.75,1,7,"2","0.7",1,"0",1,2
"47",111,9,"gb",3,3,4,4,"0.3","0.7","tycoon",14,0.75,1,8,"1","0.3",1,"1",1,2
"47",111,9,"gb",3,3,4,4,"0.3","0.7","tycoon",14,0.75,1,9,"2","0.7",0,"0",1,2
"47",111,9,"gb",3,3,4,4,"0.3","0.7","tycoon",14,0.75,1,10,"1","0.3",1,"1",1,2
"47",111,9,"gb",3,3,4,4,"0.3","0.7","tycoon",14,0.75,1,11,"1","0.3",0,"0",1,2
"47",111,9,"gb",3,3,4,4,"0.3","0.7","tycoon",14,0.75,1,12,"2","0.7",1,"0",1,2
"47",111,9,"gb",3,3,4,4,"0.3","0.7","tycoon",14,0.75,1,13,"2","0.7",1,"0",1,2
"47",111,9,"gb",3,3,4,4,"0.3","0.7","tycoon",14,0.75,1,14,"2","0.7",1,"0",1,2
"47",111,9,"gb",3,3,4,4,"0.3","0.7","tycoon",14,0.75,1,15,"2","0.7",1,"1",1,2
"47",111,9,"gb",3,3,4,4,"0.3","0.7","tycoon",14,0.75,1,16,"2","0.7",1,"1",1,2
"47",111,9,"gb",3,3,4,4,"0.3","0.7","tycoon",14,0.75,1,17,"2","0.7",0,"0",1,2
"47",111,9,"gb",3,3,4,4,"0.3","0.7","tycoon",14,0.75,1,18,"2","0.7",1,"0",1,2
"47",111,9,"gb",3,3,4,4,"0.3","0.7","tycoon",14,0.75,1,19,"2","0.7",1,"0",1,2
"47",111,9,"gb",3,3,4,4,"0.3","0.7","tycoon",14,0.75,1,20,"2","0.7",0,"0",1,2
"48",111,9,"gb",3,2,4,3,"0.7","0.3","bandit",6,0.875,0.625,1,"2","0.3",0,"0",3,1
"48",111,9,"gb",3,2,4,3,"0.7","0.3","bandit",6,0.875,0.625,2,"1","0.7",0,"1",4,1
"48",111,9,"gb",3,2,4,3,"0.7","0.3","bandit",6,0.875,0.625,3,"2","0.3",0,"0",4,1
"48",111,9,"gb",3,2,4,3,"0.7","0.3","bandit",6,0.875,0.625,4,"1","0.7",0,"1",2,1
"48",111,9,"gb",3,2,4,3,"0.7","0.3","bandit",6,0.875,0.625,5,"1","0.7",1,"0",1,1
"48",111,9,"gb",3,2,4,3,"0.7","0.3","bandit",6,0.875,0.625,6,"1","0.7",0,"1",3,1
"48",111,9,"gb",3,2,4,3,"0.7","0.3","bandit",6,0.875,0.625,7,"1","0.7",1,"0",4,1
"48",111,9,"gb",3,2,4,3,"0.7","0.3","bandit",6,0.875,0.625,8,"2","0.3",0,"0",4,1
"48",111,9,"gb",3,2,4,3,"0.7","0.3","bandit",6,0.875,0.625,9,"2","0.3",0,"0",2,1
"48",111,9,"gb",3,2,4,3,"0.7","0.3","bandit",6,0.875,0.625,10,"2","0.3",0,"0",1,1
"48",111,9,"gb",3,2,4,3,"0.7","0.3","bandit",6,0.875,0.625,11,"1","0.7",0,"1",3,1
"48",111,9,"gb",3,2,4,3,"0.7","0.3","bandit",6,0.875,0.625,12,"1","0.7",1,"0",4,1
"48",111,9,"gb",3,2,4,3,"0.7","0.3","bandit",6,0.875,0.625,13,"1","0.7",0,"1",2,1
"48",111,9,"gb",3,2,4,3,"0.7","0.3","bandit",6,0.875,0.625,14,"1","0.7",1,"0",2,1
"48",111,9,"gb",3,2,4,3,"0.7","0.3","bandit",6,0.875,0.625,15,"2","0.3",0,"1",4,1
"48",111,9,"gb",3,2,4,3,"0.7","0.3","bandit",6,0.875,0.625,16,"2","0.3",0,"0",3,1
"48",111,9,"gb",3,2,4,3,"0.7","0.3","bandit",6,0.875,0.625,17,"1","0.7",1,"0",1,1
"48",111,9,"gb",3,2,4,3,"0.7","0.3","bandit",6,0.875,0.625,18,"2","0.3",0,"1",4,1
"48",111,9,"gb",3,2,4,3,"0.7","0.3","bandit",6,0.875,0.625,19,"1","0.7",1,"0",3,1
"48",111,9,"gb",3,2,4,3,"0.7","0.3","bandit",6,0.875,0.625,20,"2","0.3",0,"0",3,1
"49",115,9,"gb",3,4,2,2,"0.7","0.3","tycoon",15,0.5,0.875,1,"1","0.7",1,"0",4,2
"49",115,9,"gb",3,4,2,2,"0.7","0.3","tycoon",15,0.5,0.875,2,"1","0.7",1,"0",4,2
"49",115,9,"gb",3,4,2,2,"0.7","0.3","tycoon",15,0.5,0.875,3,"2","0.3",1,"1",4,2
"49",115,9,"gb",3,4,2,2,"0.7","0.3","tycoon",15,0.5,0.875,4,"2","0.3",0,"0",1,2
"49",115,9,"gb",3,4,2,2,"0.7","0.3","tycoon",15,0.5,0.875,5,"1","0.7",1,"0",4,2
"49",115,9,"gb",3,4,2,2,"0.7","0.3","tycoon",15,0.5,0.875,6,"2","0.3",1,"0",1,2
"49",115,9,"gb",3,4,2,2,"0.7","0.3","tycoon",15,0.5,0.875,7,"1","0.7",1,"0",4,2
"49",115,9,"gb",3,4,2,2,"0.7","0.3","tycoon",15,0.5,0.875,8,"2","0.3",1,"1",1,2
"49",115,9,"gb",3,4,2,2,"0.7","0.3","tycoon",15,0.5,0.875,9,"1","0.7",1,"0",4,2
"49",115,9,"gb",3,4,2,2,"0.7","0.3","tycoon",15,0.5,0.875,10,"2","0.3",1,"1",1,2
"49",115,9,"gb",3,4,2,2,"0.7","0.3","tycoon",15,0.5,0.875,11,"1","0.7",1,"1",4,2
"49",115,9,"gb",3,4,2,2,"0.7","0.3","tycoon",15,0.5,0.875,12,"2","0.3",0,"0",1,2
"49",115,9,"gb",3,4,2,2,"0.7","0.3","tycoon",15,0.5,0.875,13,"1","0.7",0,"0",2,2
"49",115,9,"gb",3,4,2,2,"0.7","0.3","tycoon",15,0.5,0.875,14,"2","0.3",1,"1",2,2
"49",115,9,"gb",3,4,2,2,"0.7","0.3","tycoon",15,0.5,0.875,15,"1","0.7",1,"0",4,2
"49",115,9,"gb",3,4,2,2,"0.7","0.3","tycoon",15,0.5,0.875,16,"2","0.3",0,"0",1,2
"49",115,9,"gb",3,4,2,2,"0.7","0.3","tycoon",15,0.5,0.875,17,"1","0.7",0,"0",1,2
"49",115,9,"gb",3,4,2,2,"0.7","0.3","tycoon",15,0.5,0.875,18,"2","0.3",1,"1",1,2
"49",115,9,"gb",3,4,2,2,"0.7","0.3","tycoon",15,0.5,0.875,19,"1","0.7",1,"1",1,2
"49",115,9,"gb",3,4,2,2,"0.7","0.3","tycoon",15,0.5,0.875,20,"1","0.7",1,"0",1,2
"50",70,5,"bg",4,3,4,4,"0.7","0.3","bandit",9,1,0.875,1,"1","0.7",0,"0",4,1
"50",70,5,"bg",4,3,4,4,"0.7","0.3","bandit",9,1,0.875,2,"2","0.3",0,"1",4,1
"50",70,5,"bg",4,3,4,4,"0.7","0.3","bandit",9,1,0.875,3,"1","0.7",0,"1",4,1
"50",70,5,"bg",4,3,4,4,"0.7","0.3","bandit",9,1,0.875,4,"2","0.3",1,"0",4,1
"50",70,5,"bg",4,3,4,4,"0.7","0.3","bandit",9,1,0.875,5,"1","0.7",1,"0",4,1
"50",70,5,"bg",4,3,4,4,"0.7","0.3","bandit",9,1,0.875,6,"2","0.3",0,"1",4,1
"50",70,5,"bg",4,3,4,4,"0.7","0.3","bandit",9,1,0.875,7,"1","0.7",1,"0",4,1
"50",70,5,"bg",4,3,4,4,"0.7","0.3","bandit",9,1,0.875,8,"2","0.3",1,"0",4,1
"50",70,5,"bg",4,3,4,4,"0.7","0.3","bandit",9,1,0.875,9,"2","0.3",0,"0",4,1
"50",70,5,"bg",4,3,4,4,"0.7","0.3","bandit",9,1,0.875,10,"1","0.7",1,"0",4,1
"50",70,5,"bg",4,3,4,4,"0.7","0.3","bandit",9,1,0.875,11,"2","0.3",0,"0",4,1
"50",70,5,"bg",4,3,4,4,"0.7","0.3","bandit",9,1,0.875,12,"2","0.3",0,"1",4,1
"50",70,5,"bg",4,3,4,4,"0.7","0.3","bandit",9,1,0.875,13,"1","0.7",1,"0",4,1
"50",70,5,"bg",4,3,4,4,"0.7","0.3","bandit",9,1,0.875,14,"2","0.3",0,"0",4,1
"50",70,5,"bg",4,3,4,4,"0.7","0.3","bandit",9,1,0.875,15,"1","0.7",0,"1",4,1
"50",70,5,"bg",4,3,4,4,"0.7","0.3","bandit",9,1,0.875,16,"2","0.3",0,"1",4,1
"50",70,5,"bg",4,3,4,4,"0.7","0.3","bandit",9,1,0.875,17,"1","0.7",1,"0",4,1
"50",70,5,"bg",4,3,4,4,"0.7","0.3","bandit",9,1,0.875,18,"2","0.3",1,"0",4,1
"50",70,5,"bg",4,3,4,4,"0.7","0.3","bandit",9,1,0.875,19,"2","0.3",0,"1",4,1
"50",70,5,"bg",4,3,4,4,"0.7","0.3","bandit",9,1,0.875,20,"1","0.7",1,"0",4,1
"51",110,9,"gb",2,3,0,0,"0.7","0.3","bandit",7,0,0.625,1,"2","0.3",0,"1",2,1
"51",110,9,"gb",2,3,0,0,"0.7","0.3","bandit",7,0,0.625,2,"1","0.7",0,"1",1,1
"51",110,9,"gb",2,3,0,0,"0.7","0.3","bandit",7,0,0.625,3,"2","0.3",0,"0",2,1
"51",110,9,"gb",2,3,0,0,"0.7","0.3","bandit",7,0,0.625,4,"2","0.3",0,"0",2,1
"51",110,9,"gb",2,3,0,0,"0.7","0.3","bandit",7,0,0.625,5,"1","0.7",1,"0",1,1
"51",110,9,"gb",2,3,0,0,"0.7","0.3","bandit",7,0,0.625,6,"2","0.3",0,"0",1,1
"51",110,9,"gb",2,3,0,0,"0.7","0.3","bandit",7,0,0.625,7,"1","0.7",0,"1",2,1
"51",110,9,"gb",2,3,0,0,"0.7","0.3","bandit",7,0,0.625,8,"1","0.7",1,"0",1,1
"51",110,9,"gb",2,3,0,0,"0.7","0.3","bandit",7,0,0.625,9,"1","0.7",0,"0",2,1
"51",110,9,"gb",2,3,0,0,"0.7","0.3","bandit",7,0,0.625,10,"1","0.7",0,"1",2,1
"51",110,9,"gb",2,3,0,0,"0.7","0.3","bandit",7,0,0.625,11,"2","0.3",0,"0",2,1
"51",110,9,"gb",2,3,0,0,"0.7","0.3","bandit",7,0,0.625,12,"1","0.7",1,"0",1,1
"51",110,9,"gb",2,3,0,0,"0.7","0.3","bandit",7,0,0.625,13,"1","0.7",1,"0",1,1
"51",110,9,"gb",2,3,0,0,"0.7","0.3","bandit",7,0,0.625,14,"1","0.7",0,"1",1,1
"51",110,9,"gb",2,3,0,0,"0.7","0.3","bandit",7,0,0.625,15,"1","0.7",1,"0",1,1
"51",110,9,"gb",2,3,0,0,"0.7","0.3","bandit",7,0,0.625,16,"1","0.7",1,"0",1,1
"51",110,9,"gb",2,3,0,0,"0.7","0.3","bandit",7,0,0.625,17,"1","0.7",0,"1",2,1
"51",110,9,"gb",2,3,0,0,"0.7","0.3","bandit",7,0,0.625,18,"1","0.7",1,"0",2,1
"51",110,9,"gb",2,3,0,0,"0.7","0.3","bandit",7,0,0.625,19,"1","0.7",0,"1",2,1
"51",110,9,"gb",2,3,0,0,"0.7","0.3","bandit",7,0,0.625,20,"2","0.3",0,"0",1,1
"52",105,8,"bg",2,3,0,0,"0.7","0.3","bandit",6,0,0.625,1,"2","0.3",0,"0",3,1
"52",105,8,"bg",2,3,0,0,"0.7","0.3","bandit",6,0,0.625,2,"1","0.7",0,"1",3,1
"52",105,8,"bg",2,3,0,0,"0.7","0.3","bandit",6,0,0.625,3,"2","0.3",0,"1",4,1
"52",105,8,"bg",2,3,0,0,"0.7","0.3","bandit",6,0,0.625,4,"1","0.7",0,"1",4,1
"52",105,8,"bg",2,3,0,0,"0.7","0.3","bandit",6,0,0.625,5,"2","0.3",0,"0",4,1
"52",105,8,"bg",2,3,0,0,"0.7","0.3","bandit",6,0,0.625,6,"1","0.7",0,"1",4,1
"52",105,8,"bg",2,3,0,0,"0.7","0.3","bandit",6,0,0.625,7,"2","0.3",0,"0",4,1
"52",105,8,"bg",2,3,0,0,"0.7","0.3","bandit",6,0,0.625,8,"1","0.7",0,"1",4,1
"52",105,8,"bg",2,3,0,0,"0.7","0.3","bandit",6,0,0.625,9,"2","0.3",0,"0",4,1
"52",105,8,"bg",2,3,0,0,"0.7","0.3","bandit",6,0,0.625,10,"1","0.7",1,"0",4,1
"52",105,8,"bg",2,3,0,0,"0.7","0.3","bandit",6,0,0.625,11,"2","0.3",0,"1",3,1
"52",105,8,"bg",2,3,0,0,"0.7","0.3","bandit",6,0,0.625,12,"1","0.7",1,"0",3,1
"52",105,8,"bg",2,3,0,0,"0.7","0.3","bandit",6,0,0.625,13,"2","0.3",1,"0",2,1
"52",105,8,"bg",2,3,0,0,"0.7","0.3","bandit",6,0,0.625,14,"1","0.7",1,"0",2,1
"52",105,8,"bg",2,3,0,0,"0.7","0.3","bandit",6,0,0.625,15,"2","0.3",0,"1",3,1
"52",105,8,"bg",2,3,0,0,"0.7","0.3","bandit",6,0,0.625,16,"1","0.7",1,"0",2,1
"52",105,8,"bg",2,3,0,0,"0.7","0.3","bandit",6,0,0.625,17,"2","0.3",0,"0",3,1
"52",105,8,"bg",2,3,0,0,"0.7","0.3","bandit",6,0,0.625,18,"1","0.7",0,"0",3,1
"52",105,8,"bg",2,3,0,0,"0.7","0.3","bandit",6,0,0.625,19,"2","0.3",0,"0",4,1
"52",105,8,"bg",2,3,0,0,"0.7","0.3","bandit",6,0,0.625,20,"1","0.7",1,"0",2,1
"53",97,8,"gb",2,3,1,3,"0.3","0.7","bandit",5,0.625,0.5,1,"1","0.3",0,"1",4,1
"53",97,8,"gb",2,3,1,3,"0.3","0.7","bandit",5,0.625,0.5,2,"2","0.7",0,"0",4,1
"53",97,8,"gb",2,3,1,3,"0.3","0.7","bandit",5,0.625,0.5,3,"1","0.3",0,"1",4,1
"53",97,8,"gb",2,3,1,3,"0.3","0.7","bandit",5,0.625,0.5,4,"2","0.7",0,"0",4,1
"53",97,8,"gb",2,3,1,3,"0.3","0.7","bandit",5,0.625,0.5,5,"1","0.3",0,"0",4,1
"53",97,8,"gb",2,3,1,3,"0.3","0.7","bandit",5,0.625,0.5,6,"2","0.7",1,"0",1,1
"53",97,8,"gb",2,3,1,3,"0.3","0.7","bandit",5,0.625,0.5,7,"1","0.3",1,"0",1,1
"53",97,8,"gb",2,3,1,3,"0.3","0.7","bandit",5,0.625,0.5,8,"2","0.7",0,"1",4,1
"53",97,8,"gb",2,3,1,3,"0.3","0.7","bandit",5,0.625,0.5,9,"1","0.3",1,"0",4,1
"53",97,8,"gb",2,3,1,3,"0.3","0.7","bandit",5,0.625,0.5,10,"2","0.7",0,"0",4,1
"53",97,8,"gb",2,3,1,3,"0.3","0.7","bandit",5,0.625,0.5,11,"1","0.3",0,"0",4,1
"53",97,8,"gb",2,3,1,3,"0.3","0.7","bandit",5,0.625,0.5,12,"2","0.7",0,"0",3,1
"53",97,8,"gb",2,3,1,3,"0.3","0.7","bandit",5,0.625,0.5,13,"1","0.3",0,"1",4,1
"53",97,8,"gb",2,3,1,3,"0.3","0.7","bandit",5,0.625,0.5,14,"2","0.7",1,"0",4,1
"53",97,8,"gb",2,3,1,3,"0.3","0.7","bandit",5,0.625,0.5,15,"1","0.3",0,"1",4,1
"53",97,8,"gb",2,3,1,3,"0.3","0.7","bandit",5,0.625,0.5,16,"2","0.7",1,"0",4,1
"53",97,8,"gb",2,3,1,3,"0.3","0.7","bandit",5,0.625,0.5,17,"1","0.3",0,"0",4,1
"53",97,8,"gb",2,3,1,3,"0.3","0.7","bandit",5,0.625,0.5,18,"2","0.7",0,"0",4,1
"53",97,8,"gb",2,3,1,3,"0.3","0.7","bandit",5,0.625,0.5,19,"1","0.3",0,"1",4,1
"53",97,8,"gb",2,3,1,3,"0.3","0.7","bandit",5,0.625,0.5,20,"2","0.7",0,"1",4,1
"54",105,8,"bg",3,2,4,2,"0.3","0.7","tycoon",13,0.625,0.75,1,"1","0.3",1,"0",3,2
"54",105,8,"bg",3,2,4,2,"0.3","0.7","tycoon",13,0.625,0.75,2,"2","0.7",1,"1",4,2
"54",105,8,"bg",3,2,4,2,"0.3","0.7","tycoon",13,0.625,0.75,3,"1","0.3",1,"1",4,2
"54",105,8,"bg",3,2,4,2,"0.3","0.7","tycoon",13,0.625,0.75,4,"2","0.7",1,"0",4,2
"54",105,8,"bg",3,2,4,2,"0.3","0.7","tycoon",13,0.625,0.75,5,"1","0.3",0,"0",3,2
"54",105,8,"bg",3,2,4,2,"0.3","0.7","tycoon",13,0.625,0.75,6,"2","0.7",0,"0",3,2
"54",105,8,"bg",3,2,4,2,"0.3","0.7","tycoon",13,0.625,0.75,7,"1","0.3",0,"0",3,2
"54",105,8,"bg",3,2,4,2,"0.3","0.7","tycoon",13,0.625,0.75,8,"2","0.7",1,"1",4,2
"54",105,8,"bg",3,2,4,2,"0.3","0.7","tycoon",13,0.625,0.75,9,"1","0.3",1,"1",4,2
"54",105,8,"bg",3,2,4,2,"0.3","0.7","tycoon",13,0.625,0.75,10,"2","0.7",1,"1",4,2
"54",105,8,"bg",3,2,4,2,"0.3","0.7","tycoon",13,0.625,0.75,11,"1","0.3",0,"0",4,2
"54",105,8,"bg",3,2,4,2,"0.3","0.7","tycoon",13,0.625,0.75,12,"2","0.7",1,"0",4,2
"54",105,8,"bg",3,2,4,2,"0.3","0.7","tycoon",13,0.625,0.75,13,"1","0.3",1,"1",4,2
"54",105,8,"bg",3,2,4,2,"0.3","0.7","tycoon",13,0.625,0.75,14,"2","0.7",1,"0",4,2
"54",105,8,"bg",3,2,4,2,"0.3","0.7","tycoon",13,0.625,0.75,15,"1","0.3",0,"0",3,2
"54",105,8,"bg",3,2,4,2,"0.3","0.7","tycoon",13,0.625,0.75,16,"2","0.7",1,"0",4,2
"54",105,8,"bg",3,2,4,2,"0.3","0.7","tycoon",13,0.625,0.75,17,"1","0.3",1,"0",4,2
"54",105,8,"bg",3,2,4,2,"0.3","0.7","tycoon",13,0.625,0.75,18,"2","0.7",0,"0",3,2
"54",105,8,"bg",3,2,4,2,"0.3","0.7","tycoon",13,0.625,0.75,19,"1","0.3",0,"0",3,2
"54",105,8,"bg",3,2,4,2,"0.3","0.7","tycoon",13,0.625,0.75,20,"2","0.7",1,"1",4,2
"55",98,8,"bg",3,4,4,3,"0.3","0.7","tycoon",16,0.875,0.875,1,"1","0.3",1,"0",3,2
"55",98,8,"bg",3,4,4,3,"0.3","0.7","tycoon",16,0.875,0.875,2,"1","0.3",1,"1",4,2
"55",98,8,"bg",3,4,4,3,"0.3","0.7","tycoon",16,0.875,0.875,3,"2","0.7",1,"1",4,2
"55",98,8,"bg",3,4,4,3,"0.3","0.7","tycoon",16,0.875,0.875,4,"1","0.3",1,"1",4,2
"55",98,8,"bg",3,4,4,3,"0.3","0.7","tycoon",16,0.875,0.875,5,"2","0.7",1,"0",4,2
"55",98,8,"bg",3,4,4,3,"0.3","0.7","tycoon",16,0.875,0.875,6,"1","0.3",0,"0",3,2
"55",98,8,"bg",3,4,4,3,"0.3","0.7","tycoon",16,0.875,0.875,7,"2","0.7",1,"1",4,2
"55",98,8,"bg",3,4,4,3,"0.3","0.7","tycoon",16,0.875,0.875,8,"2","0.7",1,"0",4,2
"55",98,8,"bg",3,4,4,3,"0.3","0.7","tycoon",16,0.875,0.875,9,"2","0.7",1,"1",4,2
"55",98,8,"bg",3,4,4,3,"0.3","0.7","tycoon",16,0.875,0.875,10,"1","0.3",0,"0",3,2
"55",98,8,"bg",3,4,4,3,"0.3","0.7","tycoon",16,0.875,0.875,11,"2","0.7",1,"1",4,2
"55",98,8,"bg",3,4,4,3,"0.3","0.7","tycoon",16,0.875,0.875,12,"1","0.3",1,"0",4,2
"55",98,8,"bg",3,4,4,3,"0.3","0.7","tycoon",16,0.875,0.875,13,"2","0.7",1,"0",4,2
"55",98,8,"bg",3,4,4,3,"0.3","0.7","tycoon",16,0.875,0.875,14,"1","0.3",1,"0",4,2
"55",98,8,"bg",3,4,4,3,"0.3","0.7","tycoon",16,0.875,0.875,15,"1","0.3",0,"0",4,2
"55",98,8,"bg",3,4,4,3,"0.3","0.7","tycoon",16,0.875,0.875,16,"2","0.7",1,"1",4,2
"55",98,8,"bg",3,4,4,3,"0.3","0.7","tycoon",16,0.875,0.875,17,"2","0.7",1,"0",4,2
"55",98,8,"bg",3,4,4,3,"0.3","0.7","tycoon",16,0.875,0.875,18,"2","0.7",1,"0",4,2
"55",98,8,"bg",3,4,4,3,"0.3","0.7","tycoon",16,0.875,0.875,19,"1","0.3",0,"0",4,2
"55",98,8,"bg",3,4,4,3,"0.3","0.7","tycoon",16,0.875,0.875,20,"2","0.7",1,"0",4,2
"56",101,8,"gb",2,2,2,2,"0.7","0.3","bandit",9,0.5,0.5,1,"1","0.7",1,"0",1,1
"56",101,8,"gb",2,2,2,2,"0.7","0.3","bandit",9,0.5,0.5,2,"2","0.3",0,"0",1,1
"56",101,8,"gb",2,2,2,2,"0.7","0.3","bandit",9,0.5,0.5,3,"1","0.7",1,"0",1,1
"56",101,8,"gb",2,2,2,2,"0.7","0.3","bandit",9,0.5,0.5,4,"2","0.3",0,"0",1,1
"56",101,8,"gb",2,2,2,2,"0.7","0.3","bandit",9,0.5,0.5,5,"1","0.7",1,"0",1,1
"56",101,8,"gb",2,2,2,2,"0.7","0.3","bandit",9,0.5,0.5,6,"1","0.7",0,"1",1,1
"56",101,8,"gb",2,2,2,2,"0.7","0.3","bandit",9,0.5,0.5,7,"1","0.7",1,"0",1,1
"56",101,8,"gb",2,2,2,2,"0.7","0.3","bandit",9,0.5,0.5,8,"1","0.7",0,"0",4,1
"56",101,8,"gb",2,2,2,2,"0.7","0.3","bandit",9,0.5,0.5,9,"1","0.7",1,"0",4,1
"56",101,8,"gb",2,2,2,2,"0.7","0.3","bandit",9,0.5,0.5,10,"1","0.7",1,"0",1,1
"56",101,8,"gb",2,2,2,2,"0.7","0.3","bandit",9,0.5,0.5,11,"1","0.7",0,"1",1,1
"56",101,8,"gb",2,2,2,2,"0.7","0.3","bandit",9,0.5,0.5,12,"1","0.7",0,"1",1,1
"56",101,8,"gb",2,2,2,2,"0.7","0.3","bandit",9,0.5,0.5,13,"1","0.7",0,"1",1,1
"56",101,8,"gb",2,2,2,2,"0.7","0.3","bandit",9,0.5,0.5,14,"1","0.7",1,"0",1,1
"56",101,8,"gb",2,2,2,2,"0.7","0.3","bandit",9,0.5,0.5,15,"1","0.7",0,"1",1,1
"56",101,8,"gb",2,2,2,2,"0.7","0.3","bandit",9,0.5,0.5,16,"1","0.7",0,"1",1,1
"56",101,8,"gb",2,2,2,2,"0.7","0.3","bandit",9,0.5,0.5,17,"1","0.7",1,"0",1,1
"56",101,8,"gb",2,2,2,2,"0.7","0.3","bandit",9,0.5,0.5,18,"1","0.7",0,"1",4,1
"56",101,8,"gb",2,2,2,2,"0.7","0.3","bandit",9,0.5,0.5,19,"1","0.7",1,"0",1,1
"56",101,8,"gb",2,2,2,2,"0.7","0.3","bandit",9,0.5,0.5,20,"1","0.7",0,"0",1,1
"57",98,8,"gb",2,3,2,3,"0.7","0.3","bandit",4,0.625,0.625,1,"2","0.3",0,"0",3,1
"57",98,8,"gb",2,3,2,3,"0.7","0.3","bandit",4,0.625,0.625,2,"1","0.7",0,"1",4,1
"57",98,8,"gb",2,3,2,3,"0.7","0.3","bandit",4,0.625,0.625,3,"2","0.3",0,"0",4,1
"57",98,8,"gb",2,3,2,3,"0.7","0.3","bandit",4,0.625,0.625,4,"1","0.7",1,"0",1,1
"57",98,8,"gb",2,3,2,3,"0.7","0.3","bandit",4,0.625,0.625,5,"1","0.7",0,"0",4,1
"57",98,8,"gb",2,3,2,3,"0.7","0.3","bandit",4,0.625,0.625,6,"2","0.3",0,"1",4,1
"57",98,8,"gb",2,3,2,3,"0.7","0.3","bandit",4,0.625,0.625,7,"2","0.3",1,"0",1,1
"57",98,8,"gb",2,3,2,3,"0.7","0.3","bandit",4,0.625,0.625,8,"2","0.3",0,"1",4,1
"57",98,8,"gb",2,3,2,3,"0.7","0.3","bandit",4,0.625,0.625,9,"2","0.3",0,"0",4,1
"57",98,8,"gb",2,3,2,3,"0.7","0.3","bandit",4,0.625,0.625,10,"1","0.7",0,"0",4,1
"57",98,8,"gb",2,3,2,3,"0.7","0.3","bandit",4,0.625,0.625,11,"2","0.3",0,"0",4,1
"57",98,8,"gb",2,3,2,3,"0.7","0.3","bandit",4,0.625,0.625,12,"1","0.7",0,"1",4,1
"57",98,8,"gb",2,3,2,3,"0.7","0.3","bandit",4,0.625,0.625,13,"1","0.7",0,"1",4,1
"57",98,8,"gb",2,3,2,3,"0.7","0.3","bandit",4,0.625,0.625,14,"2","0.3",0,"1",4,1
"57",98,8,"gb",2,3,2,3,"0.7","0.3","bandit",4,0.625,0.625,15,"1","0.7",0,"0",4,1
"57",98,8,"gb",2,3,2,3,"0.7","0.3","bandit",4,0.625,0.625,16,"2","0.3",1,"0",1,1
"57",98,8,"gb",2,3,2,3,"0.7","0.3","bandit",4,0.625,0.625,17,"2","0.3",1,"0",1,1
"57",98,8,"gb",2,3,2,3,"0.7","0.3","bandit",4,0.625,0.625,18,"2","0.3",0,"0",4,1
"57",98,8,"gb",2,3,2,3,"0.7","0.3","bandit",4,0.625,0.625,19,"1","0.7",0,"1",4,1
"57",98,8,"gb",2,3,2,3,"0.7","0.3","bandit",4,0.625,0.625,20,"1","0.7",0,"0",4,1
"58",97,8,"bg",2,3,1,4,"0.3","0.7","tycoon",16,0.625,0.625,1,"1","0.3",1,"1",3,2
"58",97,8,"bg",2,3,1,4,"0.3","0.7","tycoon",16,0.625,0.625,2,"2","0.7",1,"0",2,2
"58",97,8,"bg",2,3,1,4,"0.3","0.7","tycoon",16,0.625,0.625,3,"1","0.3",1,"0",3,2
"58",97,8,"bg",2,3,1,4,"0.3","0.7","tycoon",16,0.625,0.625,4,"1","0.3",1,"1",2,2
"58",97,8,"bg",2,3,1,4,"0.3","0.7","tycoon",16,0.625,0.625,5,"2","0.7",0,"0",1,2
"58",97,8,"bg",2,3,1,4,"0.3","0.7","tycoon",16,0.625,0.625,6,"1","0.3",1,"1",3,2
"58",97,8,"bg",2,3,1,4,"0.3","0.7","tycoon",16,0.625,0.625,7,"2","0.7",1,"0",2,2
"58",97,8,"bg",2,3,1,4,"0.3","0.7","tycoon",16,0.625,0.625,8,"1","0.3",0,"0",1,2
"58",97,8,"bg",2,3,1,4,"0.3","0.7","tycoon",16,0.625,0.625,9,"1","0.3",1,"1",2,2
"58",97,8,"bg",2,3,1,4,"0.3","0.7","tycoon",16,0.625,0.625,10,"2","0.7",1,"0",3,2
"58",97,8,"bg",2,3,1,4,"0.3","0.7","tycoon",16,0.625,0.625,11,"1","0.3",1,"1",2,2
"58",97,8,"bg",2,3,1,4,"0.3","0.7","tycoon",16,0.625,0.625,12,"2","0.7",1,"0",3,2
"58",97,8,"bg",2,3,1,4,"0.3","0.7","tycoon",16,0.625,0.625,13,"1","0.3",0,"0",1,2
"58",97,8,"bg",2,3,1,4,"0.3","0.7","tycoon",16,0.625,0.625,14,"1","0.3",1,"1",2,2
"58",97,8,"bg",2,3,1,4,"0.3","0.7","tycoon",16,0.625,0.625,15,"2","0.7",1,"0",3,2
"58",97,8,"bg",2,3,1,4,"0.3","0.7","tycoon",16,0.625,0.625,16,"1","0.3",0,"0",1,2
"58",97,8,"bg",2,3,1,4,"0.3","0.7","tycoon",16,0.625,0.625,17,"2","0.7",1,"0",2,2
"58",97,8,"bg",2,3,1,4,"0.3","0.7","tycoon",16,0.625,0.625,18,"1","0.3",1,"1",3,2
"58",97,8,"bg",2,3,1,4,"0.3","0.7","tycoon",16,0.625,0.625,19,"2","0.7",1,"0",2,2
"58",97,8,"bg",2,3,1,4,"0.3","0.7","tycoon",16,0.625,0.625,20,"1","0.3",1,"0",3,2
"59",102,8,"bg",1,1,2,4,"0.3","0.7","bandit",7,0.25,0.75,1,"1","0.3",0,"0",4,1
"59",102,8,"bg",1,1,2,4,"0.3","0.7","bandit",7,0.25,0.75,2,"2","0.7",0,"0",4,1
"59",102,8,"bg",1,1,2,4,"0.3","0.7","bandit",7,0.25,0.75,3,"2","0.7",0,"1",4,1
"59",102,8,"bg",1,1,2,4,"0.3","0.7","bandit",7,0.25,0.75,4,"1","0.3",0,"1",3,1
"59",102,8,"bg",1,1,2,4,"0.3","0.7","bandit",7,0.25,0.75,5,"1","0.3",0,"1",3,1
"59",102,8,"bg",1,1,2,4,"0.3","0.7","bandit",7,0.25,0.75,6,"2","0.7",1,"0",1,1
"59",102,8,"bg",1,1,2,4,"0.3","0.7","bandit",7,0.25,0.75,7,"1","0.3",0,"1",4,1
"59",102,8,"bg",1,1,2,4,"0.3","0.7","bandit",7,0.25,0.75,8,"2","0.7",0,"1",4,1
"59",102,8,"bg",1,1,2,4,"0.3","0.7","bandit",7,0.25,0.75,9,"1","0.3",1,"0",1,1
"59",102,8,"bg",1,1,2,4,"0.3","0.7","bandit",7,0.25,0.75,10,"1","0.3",0,"0",4,1
"59",102,8,"bg",1,1,2,4,"0.3","0.7","bandit",7,0.25,0.75,11,"2","0.7",0,"1",4,1
"59",102,8,"bg",1,1,2,4,"0.3","0.7","bandit",7,0.25,0.75,12,"1","0.3",0,"0",4,1
"59",102,8,"bg",1,1,2,4,"0.3","0.7","bandit",7,0.25,0.75,13,"2","0.7",1,"0",1,1
"59",102,8,"bg",1,1,2,4,"0.3","0.7","bandit",7,0.25,0.75,14,"2","0.7",1,"0",4,1
"59",102,8,"bg",1,1,2,4,"0.3","0.7","bandit",7,0.25,0.75,15,"1","0.3",0,"1",4,1
"59",102,8,"bg",1,1,2,4,"0.3","0.7","bandit",7,0.25,0.75,16,"2","0.7",1,"0",1,1
"59",102,8,"bg",1,1,2,4,"0.3","0.7","bandit",7,0.25,0.75,17,"1","0.3",0,"0",4,1
"59",102,8,"bg",1,1,2,4,"0.3","0.7","bandit",7,0.25,0.75,18,"1","0.3",0,"0",4,1
"59",102,8,"bg",1,1,2,4,"0.3","0.7","bandit",7,0.25,0.75,19,"2","0.7",1,"0",1,1
"59",102,8,"bg",1,1,2,4,"0.3","0.7","bandit",7,0.25,0.75,20,"2","0.7",1,"0",1,1
"60",107,8,"gb",3,3,2,2,"0.7","0.3","tycoon",14,0.5,0.75,1,"1","0.7",1,"1",4,2
"60",107,8,"gb",3,3,2,2,"0.7","0.3","tycoon",14,0.5,0.75,2,"2","0.3",1,"1",4,2
"60",107,8,"gb",3,3,2,2,"0.7","0.3","tycoon",14,0.5,0.75,3,"1","0.7",1,"0",4,2
"60",107,8,"gb",3,3,2,2,"0.7","0.3","tycoon",14,0.5,0.75,4,"2","0.3",0,"0",4,2
"60",107,8,"gb",3,3,2,2,"0.7","0.3","tycoon",14,0.5,0.75,5,"1","0.7",1,"0",3,2
"60",107,8,"gb",3,3,2,2,"0.7","0.3","tycoon",14,0.5,0.75,6,"2","0.3",1,"0",3,2
"60",107,8,"gb",3,3,2,2,"0.7","0.3","tycoon",14,0.5,0.75,7,"1","0.7",1,"0",3,2
"60",107,8,"gb",3,3,2,2,"0.7","0.3","tycoon",14,0.5,0.75,8,"2","0.3",1,"1",2,2
"60",107,8,"gb",3,3,2,2,"0.7","0.3","tycoon",14,0.5,0.75,9,"1","0.7",1,"0",3,2
"60",107,8,"gb",3,3,2,2,"0.7","0.3","tycoon",14,0.5,0.75,10,"2","0.3",0,"0",4,2
"60",107,8,"gb",3,3,2,2,"0.7","0.3","tycoon",14,0.5,0.75,11,"1","0.7",1,"1",3,2
"60",107,8,"gb",3,3,2,2,"0.7","0.3","tycoon",14,0.5,0.75,12,"2","0.3",0,"0",4,2
"60",107,8,"gb",3,3,2,2,"0.7","0.3","tycoon",14,0.5,0.75,13,"1","0.7",1,"0",3,2
"60",107,8,"gb",3,3,2,2,"0.7","0.3","tycoon",14,0.5,0.75,14,"2","0.3",1,"1",3,2
"60",107,8,"gb",3,3,2,2,"0.7","0.3","tycoon",14,0.5,0.75,15,"1","0.7",0,"0",4,2
"60",107,8,"gb",3,3,2,2,"0.7","0.3","tycoon",14,0.5,0.75,16,"2","0.3",1,"1",3,2
"60",107,8,"gb",3,3,2,2,"0.7","0.3","tycoon",14,0.5,0.75,17,"1","0.7",0,"0",4,2
"60",107,8,"gb",3,3,2,2,"0.7","0.3","tycoon",14,0.5,0.75,18,"2","0.3",1,"0",3,2
"60",107,8,"gb",3,3,2,2,"0.7","0.3","tycoon",14,0.5,0.75,19,"1","0.7",0,"0",4,2
"60",107,8,"gb",3,3,2,2,"0.7","0.3","tycoon",14,0.5,0.75,20,"2","0.3",1,"1",3,2
"61",110,9,"gb",2,2,4,4,"0.3","0.7","tycoon",16,0.5,1,1,"2","0.7",1,"0",2,2
"61",110,9,"gb",2,2,4,4,"0.3","0.7","tycoon",16,0.5,1,2,"1","0.3",1,"0",3,2
"61",110,9,"gb",2,2,4,4,"0.3","0.7","tycoon",16,0.5,1,3,"2","0.7",1,"0",4,2
"61",110,9,"gb",2,2,4,4,"0.3","0.7","tycoon",16,0.5,1,4,"2","0.7",1,"1",1,2
"61",110,9,"gb",2,2,4,4,"0.3","0.7","tycoon",16,0.5,1,5,"2","0.7",1,"1",1,2
"61",110,9,"gb",2,2,4,4,"0.3","0.7","tycoon",16,0.5,1,6,"1","0.3",1,"0",2,2
"61",110,9,"gb",2,2,4,4,"0.3","0.7","tycoon",16,0.5,1,7,"1","0.3",1,"1",2,2
"61",110,9,"gb",2,2,4,4,"0.3","0.7","tycoon",16,0.5,1,8,"1","0.3",1,"1",2,2
"61",110,9,"gb",2,2,4,4,"0.3","0.7","tycoon",16,0.5,1,9,"1","0.3",1,"1",2,2
"61",110,9,"gb",2,2,4,4,"0.3","0.7","tycoon",16,0.5,1,10,"1","0.3",0,"0",1,2
"61",110,9,"gb",2,2,4,4,"0.3","0.7","tycoon",16,0.5,1,11,"2","0.7",1,"0",1,2
"61",110,9,"gb",2,2,4,4,"0.3","0.7","tycoon",16,0.5,1,12,"1","0.3",0,"0",1,2
"61",110,9,"gb",2,2,4,4,"0.3","0.7","tycoon",16,0.5,1,13,"1","0.3",1,"0",1,2
"61",110,9,"gb",2,2,4,4,"0.3","0.7","tycoon",16,0.5,1,14,"2","0.7",1,"0",1,2
"61",110,9,"gb",2,2,4,4,"0.3","0.7","tycoon",16,0.5,1,15,"1","0.3",1,"0",1,2
"61",110,9,"gb",2,2,4,4,"0.3","0.7","tycoon",16,0.5,1,16,"1","0.3",0,"0",1,2
"61",110,9,"gb",2,2,4,4,"0.3","0.7","tycoon",16,0.5,1,17,"1","0.3",0,"0",1,2
"61",110,9,"gb",2,2,4,4,"0.3","0.7","tycoon",16,0.5,1,18,"1","0.3",1,"1",1,2
"61",110,9,"gb",2,2,4,4,"0.3","0.7","tycoon",16,0.5,1,19,"2","0.7",1,"0",1,2
"61",110,9,"gb",2,2,4,4,"0.3","0.7","tycoon",16,0.5,1,20,"1","0.3",1,"1",3,2
"62",85,7,"bg",4,0,1,2,"0.7","0.3","bandit",8,0.375,0.5,1,"2","0.3",0,"0",1,1
"62",85,7,"bg",4,0,1,2,"0.7","0.3","bandit",8,0.375,0.5,2,"2","0.3",0,"1",2,1
"62",85,7,"bg",4,0,1,2,"0.7","0.3","bandit",8,0.375,0.5,3,"2","0.3",0,"0",4,1
"62",85,7,"bg",4,0,1,2,"0.7","0.3","bandit",8,0.375,0.5,4,"1","0.7",0,"0",3,1
"62",85,7,"bg",4,0,1,2,"0.7","0.3","bandit",8,0.375,0.5,5,"1","0.7",1,"0",4,1
"62",85,7,"bg",4,0,1,2,"0.7","0.3","bandit",8,0.375,0.5,6,"1","0.7",0,"0",1,1
"62",85,7,"bg",4,0,1,2,"0.7","0.3","bandit",8,0.375,0.5,7,"1","0.7",0,"1",2,1
"62",85,7,"bg",4,0,1,2,"0.7","0.3","bandit",8,0.375,0.5,8,"1","0.7",1,"0",4,1
"62",85,7,"bg",4,0,1,2,"0.7","0.3","bandit",8,0.375,0.5,9,"1","0.7",0,"1",1,1
"62",85,7,"bg",4,0,1,2,"0.7","0.3","bandit",8,0.375,0.5,10,"1","0.7",1,"0",1,1
"62",85,7,"bg",4,0,1,2,"0.7","0.3","bandit",8,0.375,0.5,11,"1","0.7",1,"0",1,1
"62",85,7,"bg",4,0,1,2,"0.7","0.3","bandit",8,0.375,0.5,12,"1","0.7",0,"1",1,1
"62",85,7,"bg",4,0,1,2,"0.7","0.3","bandit",8,0.375,0.5,13,"1","0.7",1,"0",1,1
"62",85,7,"bg",4,0,1,2,"0.7","0.3","bandit",8,0.375,0.5,14,"2","0.3",1,"0",1,1
"62",85,7,"bg",4,0,1,2,"0.7","0.3","bandit",8,0.375,0.5,15,"2","0.3",0,"1",1,1
"62",85,7,"bg",4,0,1,2,"0.7","0.3","bandit",8,0.375,0.5,16,"2","0.3",1,"0",2,1
"62",85,7,"bg",4,0,1,2,"0.7","0.3","bandit",8,0.375,0.5,17,"1","0.7",0,"1",2,1
"62",85,7,"bg",4,0,1,2,"0.7","0.3","bandit",8,0.375,0.5,18,"2","0.3",1,"0",1,1
"62",85,7,"bg",4,0,1,2,"0.7","0.3","bandit",8,0.375,0.5,19,"2","0.3",0,"0",1,1
"62",85,7,"bg",4,0,1,2,"0.7","0.3","bandit",8,0.375,0.5,20,"1","0.7",0,"1",1,1
"63",90,7,"gb",2,4,3,2,"0.3","0.7","tycoon",13,0.75,0.625,1,"1","0.3",0,"0",3,2
"63",90,7,"gb",2,4,3,2,"0.3","0.7","tycoon",13,0.75,0.625,2,"2","0.7",1,"1",2,2
"63",90,7,"gb",2,4,3,2,"0.3","0.7","tycoon",13,0.75,0.625,3,"2","0.7",1,"0",1,2
"63",90,7,"gb",2,4,3,2,"0.3","0.7","tycoon",13,0.75,0.625,4,"1","0.3",0,"0",1,2
"63",90,7,"gb",2,4,3,2,"0.3","0.7","tycoon",13,0.75,0.625,5,"1","0.3",1,"1",2,2
"63",90,7,"gb",2,4,3,2,"0.3","0.7","tycoon",13,0.75,0.625,6,"2","0.7",1,"0",2,2
"63",90,7,"gb",2,4,3,2,"0.3","0.7","tycoon",13,0.75,0.625,7,"1","0.3",1,"0",1,2
"63",90,7,"gb",2,4,3,2,"0.3","0.7","tycoon",13,0.75,0.625,8,"1","0.3",0,"0",1,2
"63",90,7,"gb",2,4,3,2,"0.3","0.7","tycoon",13,0.75,0.625,9,"1","0.3",1,"1",2,2
"63",90,7,"gb",2,4,3,2,"0.3","0.7","tycoon",13,0.75,0.625,10,"2","0.7",0,"0",1,2
"63",90,7,"gb",2,4,3,2,"0.3","0.7","tycoon",13,0.75,0.625,11,"1","0.3",0,"0",3,2
"63",90,7,"gb",2,4,3,2,"0.3","0.7","tycoon",13,0.75,0.625,12,"2","0.7",1,"1",3,2
"63",90,7,"gb",2,4,3,2,"0.3","0.7","tycoon",13,0.75,0.625,13,"2","0.7",0,"0",1,2
"63",90,7,"gb",2,4,3,2,"0.3","0.7","tycoon",13,0.75,0.625,14,"2","0.7",1,"0",4,2
"63",90,7,"gb",2,4,3,2,"0.3","0.7","tycoon",13,0.75,0.625,15,"1","0.3",1,"1",4,2
"63",90,7,"gb",2,4,3,2,"0.3","0.7","tycoon",13,0.75,0.625,16,"1","0.3",1,"0",3,2
"63",90,7,"gb",2,4,3,2,"0.3","0.7","tycoon",13,0.75,0.625,17,"2","0.7",1,"0",3,2
"63",90,7,"gb",2,4,3,2,"0.3","0.7","tycoon",13,0.75,0.625,18,"1","0.3",0,"0",1,2
"63",90,7,"gb",2,4,3,2,"0.3","0.7","tycoon",13,0.75,0.625,19,"2","0.7",1,"1",2,2
"63",90,7,"gb",2,4,3,2,"0.3","0.7","tycoon",13,0.75,0.625,20,"1","0.3",1,"1",4,2
"64",118,9,"gb",3,2,1,2,"0.3","0.7","tycoon",14,0.625,0.375,1,"1","0.3",1,"1",2,2
"64",118,9,"gb",3,2,1,2,"0.3","0.7","tycoon",14,0.625,0.375,2,"2","0.7",1,"0",1,2
"64",118,9,"gb",3,2,1,2,"0.3","0.7","tycoon",14,0.625,0.375,3,"1","0.3",0,"0",3,2
"64",118,9,"gb",3,2,1,2,"0.3","0.7","tycoon",14,0.625,0.375,4,"2","0.7",1,"0",4,2
"64",118,9,"gb",3,2,1,2,"0.3","0.7","tycoon",14,0.625,0.375,5,"1","0.3",0,"0",3,2
"64",118,9,"gb",3,2,1,2,"0.3","0.7","tycoon",14,0.625,0.375,6,"2","0.7",0,"0",4,2
"64",118,9,"gb",3,2,1,2,"0.3","0.7","tycoon",14,0.625,0.375,7,"1","0.3",1,"1",4,2
"64",118,9,"gb",3,2,1,2,"0.3","0.7","tycoon",14,0.625,0.375,8,"2","0.7",1,"1",3,2
"64",118,9,"gb",3,2,1,2,"0.3","0.7","tycoon",14,0.625,0.375,9,"1","0.3",0,"0",3,2
"64",118,9,"gb",3,2,1,2,"0.3","0.7","tycoon",14,0.625,0.375,10,"2","0.7",1,"0",3,2
"64",118,9,"gb",3,2,1,2,"0.3","0.7","tycoon",14,0.625,0.375,11,"1","0.3",0,"0",3,2
"64",118,9,"gb",3,2,1,2,"0.3","0.7","tycoon",14,0.625,0.375,12,"2","0.7",1,"1",1,2
"64",118,9,"gb",3,2,1,2,"0.3","0.7","tycoon",14,0.625,0.375,13,"1","0.3",0,"0",1,2
"64",118,9,"gb",3,2,1,2,"0.3","0.7","tycoon",14,0.625,0.375,14,"2","0.7",1,"0",3,2
"64",118,9,"gb",3,2,1,2,"0.3","0.7","tycoon",14,0.625,0.375,15,"1","0.3",1,"1",3,2
"64",118,9,"gb",3,2,1,2,"0.3","0.7","tycoon",14,0.625,0.375,16,"2","0.7",1,"0",3,2
"64",118,9,"gb",3,2,1,2,"0.3","0.7","tycoon",14,0.625,0.375,17,"1","0.3",1,"0",1,2
"64",118,9,"gb",3,2,1,2,"0.3","0.7","tycoon",14,0.625,0.375,18,"2","0.7",1,"1",1,2
"64",118,9,"gb",3,2,1,2,"0.3","0.7","tycoon",14,0.625,0.375,19,"2","0.7",1,"1",3,2
"64",118,9,"gb",3,2,1,2,"0.3","0.7","tycoon",14,0.625,0.375,20,"1","0.3",1,"0",3,2
"65",110,9,"bg",3,3,3,2,"0.7","0.3","tycoon",15,0.625,0.75,1,"2","0.3",1,"0",1,2
"65",110,9,"bg",3,3,3,2,"0.7","0.3","tycoon",15,0.625,0.75,2,"1","0.7",1,"1",4,2
"65",110,9,"bg",3,3,3,2,"0.7","0.3","tycoon",15,0.625,0.75,3,"2","0.3",0,"0",1,2
"65",110,9,"bg",3,3,3,2,"0.7","0.3","tycoon",15,0.625,0.75,4,"2","0.3",0,"0",4,2
"65",110,9,"bg",3,3,3,2,"0.7","0.3","tycoon",15,0.625,0.75,5,"1","0.7",1,"0",4,2
"65",110,9,"bg",3,3,3,2,"0.7","0.3","tycoon",15,0.625,0.75,6,"2","0.3",1,"1",4,2
"65",110,9,"bg",3,3,3,2,"0.7","0.3","tycoon",15,0.625,0.75,7,"1","0.7",1,"0",4,2
"65",110,9,"bg",3,3,3,2,"0.7","0.3","tycoon",15,0.625,0.75,8,"2","0.3",1,"0",1,2
"65",110,9,"bg",3,3,3,2,"0.7","0.3","tycoon",15,0.625,0.75,9,"1","0.7",0,"0",4,2
"65",110,9,"bg",3,3,3,2,"0.7","0.3","tycoon",15,0.625,0.75,10,"1","0.7",1,"1",4,2
"65",110,9,"bg",3,3,3,2,"0.7","0.3","tycoon",15,0.625,0.75,11,"2","0.3",1,"0",4,2
"65",110,9,"bg",3,3,3,2,"0.7","0.3","tycoon",15,0.625,0.75,12,"1","0.7",1,"1",3,2
"65",110,9,"bg",3,3,3,2,"0.7","0.3","tycoon",15,0.625,0.75,13,"2","0.3",0,"0",1,2
"65",110,9,"bg",3,3,3,2,"0.7","0.3","tycoon",15,0.625,0.75,14,"1","0.7",1,"0",4,2
"65",110,9,"bg",3,3,3,2,"0.7","0.3","tycoon",15,0.625,0.75,15,"1","0.7",1,"1",4,2
"65",110,9,"bg",3,3,3,2,"0.7","0.3","tycoon",15,0.625,0.75,16,"1","0.7",1,"1",4,2
"65",110,9,"bg",3,3,3,2,"0.7","0.3","tycoon",15,0.625,0.75,17,"1","0.7",1,"1",4,2
"65",110,9,"bg",3,3,3,2,"0.7","0.3","tycoon",15,0.625,0.75,18,"2","0.3",0,"0",4,2
"65",110,9,"bg",3,3,3,2,"0.7","0.3","tycoon",15,0.625,0.75,19,"1","0.7",1,"0",4,2
"65",110,9,"bg",3,3,3,2,"0.7","0.3","tycoon",15,0.625,0.75,20,"1","0.7",1,"0",4,2
"66",110,9,"gb",3,1,4,3,"0.7","0.3","tycoon",12,0.875,0.5,1,"1","0.7",1,"1",2,2
"66",110,9,"gb",3,1,4,3,"0.7","0.3","tycoon",12,0.875,0.5,2,"2","0.3",1,"1",3,2
"66",110,9,"gb",3,1,4,3,"0.7","0.3","tycoon",12,0.875,0.5,3,"2","0.3",1,"1",4,2
"66",110,9,"gb",3,1,4,3,"0.7","0.3","tycoon",12,0.875,0.5,4,"1","0.7",0,"0",1,2
"66",110,9,"gb",3,1,4,3,"0.7","0.3","tycoon",12,0.875,0.5,5,"1","0.7",1,"1",2,2
"66",110,9,"gb",3,1,4,3,"0.7","0.3","tycoon",12,0.875,0.5,6,"2","0.3",1,"0",1,2
"66",110,9,"gb",3,1,4,3,"0.7","0.3","tycoon",12,0.875,0.5,7,"2","0.3",0,"0",1,2
"66",110,9,"gb",3,1,4,3,"0.7","0.3","tycoon",12,0.875,0.5,8,"2","0.3",1,"1",1,2
"66",110,9,"gb",3,1,4,3,"0.7","0.3","tycoon",12,0.875,0.5,9,"1","0.7",0,"0",2,2
"66",110,9,"gb",3,1,4,3,"0.7","0.3","tycoon",12,0.875,0.5,10,"2","0.3",0,"0",1,2
"66",110,9,"gb",3,1,4,3,"0.7","0.3","tycoon",12,0.875,0.5,11,"1","0.7",0,"0",2,2
"66",110,9,"gb",3,1,4,3,"0.7","0.3","tycoon",12,0.875,0.5,12,"2","0.3",0,"0",2,2
"66",110,9,"gb",3,1,4,3,"0.7","0.3","tycoon",12,0.875,0.5,13,"1","0.7",1,"0",4,2
"66",110,9,"gb",3,1,4,3,"0.7","0.3","tycoon",12,0.875,0.5,14,"2","0.3",1,"1",1,2
"66",110,9,"gb",3,1,4,3,"0.7","0.3","tycoon",12,0.875,0.5,15,"1","0.7",0,"0",4,2
"66",110,9,"gb",3,1,4,3,"0.7","0.3","tycoon",12,0.875,0.5,16,"1","0.7",1,"0",3,2
"66",110,9,"gb",3,1,4,3,"0.7","0.3","tycoon",12,0.875,0.5,17,"2","0.3",1,"0",3,2
"66",110,9,"gb",3,1,4,3,"0.7","0.3","tycoon",12,0.875,0.5,18,"1","0.7",0,"0",4,2
"66",110,9,"gb",3,1,4,3,"0.7","0.3","tycoon",12,0.875,0.5,19,"1","0.7",1,"0",1,2
"66",110,9,"gb",3,1,4,3,"0.7","0.3","tycoon",12,0.875,0.5,20,"2","0.3",1,"1",1,2
"67",7,0,"gb",3,3,4,3,"0.3","0.7","tycoon",14,0.75,0.875,1,"1","0.3",1,"1",1,2
"67",7,0,"gb",3,3,4,3,"0.3","0.7","tycoon",14,0.75,0.875,2,"1","0.3",0,"0",1,2
"67",7,0,"gb",3,3,4,3,"0.3","0.7","tycoon",14,0.75,0.875,3,"1","0.3",1,"0",1,2
"67",7,0,"gb",3,3,4,3,"0.3","0.7","tycoon",14,0.75,0.875,4,"2","0.7",1,"0",1,2
"67",7,0,"gb",3,3,4,3,"0.3","0.7","tycoon",14,0.75,0.875,5,"2","0.7",1,"0",1,2
"67",7,0,"gb",3,3,4,3,"0.3","0.7","tycoon",14,0.75,0.875,6,"2","0.7",1,"1",1,2
"67",7,0,"gb",3,3,4,3,"0.3","0.7","tycoon",14,0.75,0.875,7,"2","0.7",1,"1",1,2
"67",7,0,"gb",3,3,4,3,"0.3","0.7","tycoon",14,0.75,0.875,8,"2","0.7",0,"0",1,2
"67",7,0,"gb",3,3,4,3,"0.3","0.7","tycoon",14,0.75,0.875,9,"2","0.7",0,"0",1,2
"67",7,0,"gb",3,3,4,3,"0.3","0.7","tycoon",14,0.75,0.875,10,"2","0.7",1,"0",1,2
"67",7,0,"gb",3,3,4,3,"0.3","0.7","tycoon",14,0.75,0.875,11,"2","0.7",1,"0",1,2
"67",7,0,"gb",3,3,4,3,"0.3","0.7","tycoon",14,0.75,0.875,12,"2","0.7",1,"0",1,2
"67",7,0,"gb",3,3,4,3,"0.3","0.7","tycoon",14,0.75,0.875,13,"1","0.3",1,"1",1,2
"67",7,0,"gb",3,3,4,3,"0.3","0.7","tycoon",14,0.75,0.875,14,"1","0.3",1,"1",1,2
"67",7,0,"gb",3,3,4,3,"0.3","0.7","tycoon",14,0.75,0.875,15,"1","0.3",1,"0",1,2
"67",7,0,"gb",3,3,4,3,"0.3","0.7","tycoon",14,0.75,0.875,16,"1","0.3",1,"1",1,2
"67",7,0,"gb",3,3,4,3,"0.3","0.7","tycoon",14,0.75,0.875,17,"1","0.3",0,"0",1,2
"67",7,0,"gb",3,3,4,3,"0.3","0.7","tycoon",14,0.75,0.875,18,"1","0.3",0,"0",1,2
"67",7,0,"gb",3,3,4,3,"0.3","0.7","tycoon",14,0.75,0.875,19,"1","0.3",1,"1",1,2
"67",7,0,"gb",3,3,4,3,"0.3","0.7","tycoon",14,0.75,0.875,20,"1","0.3",0,"0",1,2
